inat_taxon_id,genus_cell_id,photo_cell_162,in_250km_cohort,original_scientific_name,original_genus
49673,Ceanothus|128,128,False,Ceanothus cuneatus,Ceanothus
51093,Phacelia|128,128,True,Phacelia divaricata,Phacelia
51646,Rubus|128,128,False,Rubus parviflorus,Rubus
53077,Pseudognaphalium|111,111,True,Pseudognaphalium californicum,Pseudognaphalium
53089,Pseudognaphalium|111,111,True,Pseudognaphalium stramineum,Pseudognaphalium
53096,Antennaria|147,147,True,Antennaria rosea,Antennaria
53170,Phacelia|128,128,True,Phacelia californica,Phacelia
53201,Sanicula|128,128,True,Sanicula crassicaulis,Sanicula
53901,Trifolium|128,128,False,Trifolium fucatum,Trifolium
55342,Viola|128,128,False,Viola sempervirens,Viola
55466,Sanicula|128,128,True,Sanicula arctopoides,Sanicula
56841,Sanicula|128,128,True,Sanicula laciniata,Sanicula
56968,Lessingia|128,128,True,Lessingia hololeuca,Lessingia
57074,Trifolium|128,128,False,Trifolium barbigerum,Trifolium
57076,Trifolium|118,118,True,Trifolium campestre,Trifolium
57079,Trifolium|128,128,False,Trifolium microdon,Trifolium
57080,Trifolium|128,128,False,Trifolium variegatum,Trifolium
58058,Heliotropium|119,119,True,Heliotropium curassavicum,Heliotropium
58208,Eucalyptus|70,70,True,Eucalyptus tereticornis,Eucalyptus
58829,Pseudognaphalium|111,111,True,Pseudognaphalium biolettii,Pseudognaphalium
58886,Sedum|128,128,False,Sedum spathulifolium,Sedum
58911,Trifolium|128,128,False,Trifolium microcephalum,Trifolium
58923,Phacelia|128,128,True,Phacelia malvifolia,Phacelia
58965,Leptosiphon|111,111,True,Leptosiphon parviflorus,Leptosiphon
59971,Dichelostemma|128,128,False,Dichelostemma volubile,Dichelostemma
60105,Lampranthus|45,45,True,Lampranthus aureus,Lampranthus
60508,Lessingia|128,128,True,Lessingia nemaclada,Lessingia
61020,Trifolium|128,128,False,Trifolium macraei,Trifolium
61410,Osteospermum|45,45,False,Osteospermum amplectens,Osteospermum
61782,Viola|128,128,False,Viola ocellata,Viola
62228,Ceanothus|128,128,False,Ceanothus cordulatus,Ceanothus
62262,Dichelostemma|128,128,False,Dichelostemma multiflorum,Dichelostemma
62377,Rubus|131,131,True,Rubus odoratus,Rubus
63002,Lessingia|128,128,True,Lessingia micradenia,Lessingia
69713,Rubus|131,131,True,Rubus hispidus,Rubus
75469,Antennaria|147,147,True,Antennaria racemosa,Antennaria
75574,Arnica|145,145,False,Arnica longifolia,Arnica
75727,Baccharis|24,24,False,Baccharis glutinosa,Baccharis
76173,Ceanothus|128,128,False,Ceanothus dentatus,Ceanothus
76212,Centaurea|118,118,True,Centaurea iberica,Centaurea
76343,Cirsium|111,111,True,Cirsium arizonicum,Cirsium
76353,Cirsium|111,111,True,Cirsium ochrocentrum,Cirsium
76596,Cytisus|134,134,False,Cytisus multiflorus,Cytisus
76598,Cytisus|134,134,False,Cytisus striatus,Cytisus
76649,Dichelostemma|128,128,False,Dichelostemma ida-maia,Dichelostemma
76912,Erigeron|147,147,False,Erigeron compositus,Erigeron
76932,Erigeron|147,147,False,Erigeron nivalis,Erigeron
77056,Erodium|118,118,True,Erodium malacoides,Erodium
77540,Ixia|27,27,True,Ixia maculata,Ixia
77683,Leptosiphon|129,129,False,Leptosiphon breviculus,Leptosiphon
77687,Leptosiphon|111,111,True,Leptosiphon floribundus,Leptosiphon
77696,Leptosiphon|129,129,False,Leptosiphon nuttallii,Leptosiphon
77715,Lessingia|128,128,True,Lessingia pectinata,Lessingia
77797,Lobelia|28,28,False,Lobelia erinus,Lobelia
78301,Oxalis|27,27,True,Oxalis purpurea,Oxalis
78327,Packera|146,146,False,Packera pauciflora,Packera
78329,Packera|146,146,False,Packera streptanthifolia,Packera
78891,Rubus|128,128,False,Rubus laciniatus,Rubus
78892,Rubus|128,128,False,Rubus lasiococcus,Rubus
79030,Sedum|128,128,False,Sedum oreganum,Sedum
79031,Sedum|128,128,False,Sedum oregonense,Sedum
79414,Trifolium|128,128,False,Trifolium cernuum,Trifolium
79416,Trifolium|128,128,False,Trifolium grayi,Trifolium
79512,Viola|128,128,False,Viola lobata,Viola
79515,Viola|128,128,False,Viola pinetorum,Viola
82110,Rubus|131,131,True,Rubus allegheniensis,Rubus
82740,Lathyrus|157,157,True,Lathyrus sylvestris,Lathyrus
82834,Valeriana|155,155,False,Valeriana tuberosa,Valeriana
82989,Stachys|137,137,False,Stachys germanica,Stachys
83009,Viola|5,5,False,Viola reichei,Viola
83373,Bossiaea|52,52,False,Bossiaea obcordata,Bossiaea
83423,Evolvulus|61,61,False,Evolvulus latifolius,Evolvulus
83641,Ziziphus|102,102,True,Ziziphus rugosa,Ziziphus
83886,Drosera|60,60,False,Drosera montana,Drosera
84547,Cipura|60,60,True,Cipura paludosa,Cipura
84578,Encyclia|78,78,True,Encyclia chloroleuca,Encyclia
117262,Jacksonia|50,50,True,Jacksonia alata,Jacksonia
117481,Monochaetum|77,77,False,Monochaetum bonplandii,Monochaetum
118975,Utricularia|102,102,True,Utricularia graminifolia,Utricularia
119182,Moraea|27,27,True,Moraea ochroleuca,Moraea
119193,Lobelia|27,27,True,Lobelia pinifolia,Lobelia
119205,Serruria|27,27,True,Serruria glomerata,Serruria
119206,Babiana|27,27,True,Babiana ambigua,Babiana
119221,Syncarpha|27,27,True,Syncarpha speciosissima,Syncarpha
119242,Oxalis|27,27,True,Oxalis luteola,Oxalis
119255,Serruria|45,45,True,Serruria aitonii,Serruria
119260,Serruria|27,27,True,Serruria acrocarpa,Serruria
119356,Moraea|27,27,True,Moraea gawleri,Moraea
119358,Moraea|27,27,True,Moraea lugubris,Moraea
119485,Helichrysum|27,27,True,Helichrysum revolutum,Helichrysum
119488,Lachenalia|27,27,True,Lachenalia unifolia,Lachenalia
119490,Arctotis|45,45,False,Arctotis hirsuta,Arctotis
119497,Zaluzianskya|45,45,False,Zaluzianskya affinis,Zaluzianskya
119519,Moraea|27,27,True,Moraea fugax,Moraea
119544,Senecio|45,45,True,Senecio sarcoides,Senecio
119565,Felicia|45,45,False,Felicia elongata,Felicia
119771,Ixia|45,45,False,Ixia rapunculoides,Ixia
120059,Diascia|45,45,True,Diascia veronicoides,Diascia
120062,Gazania|45,45,False,Gazania rigida,Gazania
120076,Moraea|45,45,False,Moraea ciliata,Moraea
120079,Geissorhiza|45,45,False,Geissorhiza splendidissima,Geissorhiza
120184,Romulea|45,45,False,Romulea hirta,Romulea
120196,Gladiolus|45,45,False,Gladiolus watermeyeri,Gladiolus
120229,Geissorhiza|45,45,False,Geissorhiza inaequalis,Geissorhiza
120427,Oxalis|27,27,True,Oxalis bifida,Oxalis
120430,Oxalis|27,27,True,Oxalis lanata,Oxalis
120432,Ixia|27,27,True,Ixia capillaris,Ixia
120465,Ixia|27,27,True,Ixia scillaris,Ixia
121615,Thysanotus|32,32,False,Thysanotus multiflorus,Thysanotus
121645,Bossiaea|32,32,False,Bossiaea linophylla,Bossiaea
122249,Symphyotrichum|113,113,True,Symphyotrichum lateriflorum,Symphyotrichum
123171,Levenhookia|50,50,False,Levenhookia leptantha,Levenhookia
123195,Levenhookia|50,50,False,Levenhookia stipitata,Levenhookia
123196,Levenhookia|50,50,False,Levenhookia murfetii,Levenhookia
125787,Lathyrus|157,157,True,Lathyrus pratensis,Lathyrus
126658,Solidago|132,132,False,Solidago puberula,Solidago
127298,Pelargonium|27,27,True,Pelargonium graveolens,Pelargonium
127634,Trichostema|112,112,False,Trichostema dichotomum,Trichostema
128017,Drymonia|94,94,True,Drymonia rubra,Drymonia
128551,Solidago|132,132,False,Solidago rugosa,Solidago
128840,Lobelia|93,93,False,Lobelia fenestralis,Lobelia
129325,Lobelia|112,112,False,Lobelia feayana,Lobelia
129461,Moraea|27,27,True,Moraea collina,Moraea
130738,Melaleuca|32,32,False,Melaleuca nesophila,Melaleuca
131565,Alysicarpus|120,120,True,Alysicarpus ovalifolius,Alysicarpus
132845,Disa|27,27,True,Disa uniflora,Disa
133720,Viola|158,158,False,Viola rupestris,Viola
135330,Melaleuca|32,32,False,Melaleuca incana,Melaleuca
135358,Sannantha|53,53,False,Sannantha virgata,Sannantha
135368,Banksia|33,33,True,Banksia speciosa,Banksia
135416,Syringa|140,140,True,Syringa reticulata,Syringa
138362,Astragalus|158,158,False,Astragalus mongholicus,Astragalus
139006,Indigofera|28,28,False,Indigofera filifolia,Indigofera
139120,Gompholobium|32,32,False,Gompholobium viscidulum,Gompholobium
139293,Daviesia|50,50,False,Daviesia nudiflora,Daviesia
139294,Cyclopia|28,28,False,Cyclopia sessiliflora,Cyclopia
139634,Astragalus|147,147,False,Astragalus crassicarpus,Astragalus
139660,Astragalus|140,140,True,Astragalus hancockii,Astragalus
139842,Acacia|70,70,False,Acacia longipedunculata,Acacia
140883,Caladenia|32,32,False,Caladenia brownii,Caladenia
140891,Caladenia|50,50,False,Caladenia radialis,Caladenia
141301,Tillandsia|41,41,False,Tillandsia reichenbachii,Tillandsia
141713,Rorippa|135,135,False,Rorippa islandica,Rorippa
143360,Drosera|32,32,True,Drosera glanduligera,Drosera
143667,Erigeron|147,147,False,Erigeron aureus,Erigeron
143679,Antennaria|147,147,True,Antennaria lanata,Antennaria
144086,Banksia|50,50,False,Banksia sessilis,Banksia
145403,Hibbertia|32,32,False,Hibbertia hypericoides,Hibbertia
145418,Acacia|32,32,False,Acacia alata,Acacia
145425,Bossiaea|32,32,False,Bossiaea ornata,Bossiaea
145430,Hakea|50,50,False,Hakea lissocarpha,Hakea
145483,Symphyotrichum|113,113,True,Symphyotrichum tenuifolium,Symphyotrichum
145502,Stylidium|32,32,False,Stylidium schoenoides,Stylidium
145505,Boronia|32,32,False,Boronia spathulata,Boronia
145663,Stylidium|32,32,False,Stylidium adnatum,Stylidium
145667,Stylidium|51,51,True,Stylidium albomontis,Stylidium
145674,Stylidium|51,51,True,Stylidium breviscapum,Stylidium
145678,Stylidium|32,32,False,Stylidium caricifolium,Stylidium
145679,Stylidium|32,32,False,Stylidium carnosum,Stylidium
145681,Stylidium|32,32,False,Stylidium ciliatum,Stylidium
146883,Begonia|93,93,False,Begonia gracilis,Begonia
148245,Caladenia|50,50,False,Caladenia macrostylis,Caladenia
148256,Drosera|32,32,True,Drosera microphylla,Drosera
148276,Stylidium|32,32,False,Stylidium scandens,Stylidium
148283,Hakea|50,50,False,Hakea amplexicaulis,Hakea
148287,Hakea|32,32,True,Hakea cucullata,Hakea
148391,Stylidium|32,32,False,Stylidium spathulatum,Stylidium
153108,Leucopogon|32,32,True,Leucopogon verticillatus,Leucopogon
153172,Stylidium|32,32,False,Stylidium pritzelianum,Stylidium
157286,Melaleuca|70,70,True,Melaleuca leucadendra,Melaleuca
157897,Acalypha|112,112,False,Acalypha monostachya,Acalypha
157900,Acalypha|112,112,False,Acalypha phleoides,Acalypha
157902,Acalypha|112,112,False,Acalypha radians,Acalypha
158687,Arnica|145,145,False,Arnica lessingii,Arnica
158845,Astragalus|147,147,False,Astragalus bourgovii,Astragalus
158988,Astragalus|147,147,False,Astragalus robbinsii,Astragalus
159034,Astragalus|147,147,False,Astragalus vexilliflexus,Astragalus
160538,Chrysactinia|111,111,True,Chrysactinia mexicana,Chrysactinia
161424,Cyperus|123,123,True,Cyperus compressus,Cyperus
161473,Cyperus|123,123,True,Cyperus pilosus,Cyperus
161494,Cyperus|123,123,True,Cyperus sphacelatus,Cyperus
161939,Diplacus|111,111,True,Diplacus calycinus,Diplacus
161945,Diplacus|111,111,True,Diplacus longiflorus,Diplacus
161947,Diplacus|111,111,True,Diplacus puniceus,Diplacus
162001,Draba|151,151,False,Draba alpina,Draba
162017,Draba|151,151,False,Draba crassifolia,Draba
162044,Draba|151,151,False,Draba nivalis,Draba
162477,Erigeron|147,147,False,Erigeron glabellus,Erigeron
162690,Erodium|118,118,True,Erodium gruinum,Erodium
162691,Erodium|118,118,True,Erodium laciniatum,Erodium
163638,Helichrysum|28,28,False,Helichrysum foetidum,Helichrysum
164103,Ipomoea|93,93,False,Ipomoea trifida,Ipomoea
164213,Jacquemontia|61,61,True,Jacquemontia pentanthos,Jacquemontia
165009,Lysimachia|123,123,True,Lysimachia mauritiana,Lysimachia
166039,Packera|146,146,False,Packera hyperborealis,Packera
166270,Pediomelum|112,112,False,Pediomelum hypogaeum,Pediomelum
166271,Pediomelum|112,112,False,Pediomelum latestipulatum,Pediomelum
167340,Potentilla|120,120,True,Potentilla atrosanguinea,Potentilla
167366,Potentilla|149,149,True,Potentilla nivea,Potentilla
167384,Potentilla|149,149,True,Potentilla subvahliana,Potentilla
167957,Rorippa|135,135,False,Rorippa amphibia,Rorippa
167973,Rorippa|135,135,False,Rorippa sylvestris,Rorippa
168215,Ruellia|112,112,False,Ruellia drummondiana,Ruellia
168218,Ruellia|112,112,False,Ruellia metziae,Ruellia
168220,Ruellia|112,112,False,Ruellia nudiflora,Ruellia
168221,Ruellia|112,112,False,Ruellia occidentalis,Ruellia
168224,Ruellia|112,112,False,Ruellia yucatana,Ruellia
168320,Salix|147,147,False,Salix barrattiana,Salix
168353,Salix|147,147,False,Salix pyrifolia,Salix
168820,Senecio|24,24,False,Senecio madagascariensis,Senecio
169109,Solidago|132,132,False,Solidago hispida,Solidago
169114,Solidago|132,132,False,Solidago macrophylla,Solidago
169388,Stevia|111,111,False,Stevia salicifolia,Stevia
169456,Symphyotrichum|113,113,True,Symphyotrichum concolor,Symphyotrichum
169974,Trifolium|118,118,True,Trifolium purpureum,Trifolium
170188,Veronica|118,118,True,Veronica cymbalaria,Veronica
170214,Vicia|118,118,True,Vicia peregrina,Vicia
185033,Phylica|28,28,False,Phylica abietina,Phylica
189191,Alysicarpus|120,120,True,Alysicarpus bupleurifolius,Alysicarpus
192324,Euphorbia|101,101,False,Euphorbia spiralis,Euphorbia
193195,Gynoxys|77,77,False,Gynoxys hallii,Gynoxys
194547,Eugenia|42,42,False,Eugenia brasiliensis,Eugenia
200012,Adenanthos|32,32,True,Adenanthos sericeus,Adenanthos
204377,Persicaria|123,123,True,Persicaria nepalensis,Persicaria
204423,Syringa|140,140,True,Syringa villosa,Syringa
204749,Opuntia|94,94,True,Opuntia lasiacantha,Opuntia
205799,Opuntia|94,94,True,Opuntia hyptiacantha,Opuntia
207816,Androsace|134,134,False,Androsace villosa,Androsace
208830,Rhododendron|141,141,False,Rhododendron indicum,Rhododendron
209397,Tricoryne|52,52,False,Tricoryne elatior,Tricoryne
210124,Xerochrysum|34,34,False,Xerochrysum viscosum,Xerochrysum
210349,Hibbertia|33,33,True,Hibbertia riparia,Hibbertia
224056,Lobelia|112,112,False,Lobelia floridana,Lobelia
224068,Lobelia|112,112,False,Lobelia paludosa,Lobelia
244734,Ruellia|61,61,False,Ruellia inundata,Ruellia
273836,Pinguicula|94,94,False,Pinguicula moranensis,Pinguicula
273994,Stevia|111,111,False,Stevia lucida,Stevia
274164,Ipomoea|93,93,False,Ipomoea funis,Ipomoea
274369,Opuntia|94,94,True,Opuntia depressa,Opuntia
274374,Opuntia|94,94,True,Opuntia huajuapensis,Opuntia
275384,Euphorbia|118,118,True,Euphorbia hypericifolia,Euphorbia
276497,Bletia|93,93,True,Bletia adenocarpa,Bletia
276500,Bletia|93,93,True,Bletia macristhmochila,Bletia
276846,Lepanthes|94,94,False,Lepanthes scopula,Lepanthes
276963,Oncidium|77,77,False,Oncidium ornithorhynchum,Oncidium
277001,Philodendron|94,94,True,Philodendron tripartitum,Philodendron
277480,Gonolobus|93,93,False,Gonolobus sororius,Gonolobus
277624,Begonia|93,93,False,Begonia balmisiana,Begonia
277748,Ipomoea|61,61,False,Ipomoea asarifolia,Ipomoea
277750,Ipomoea|93,93,False,Ipomoea chamelana,Ipomoea
277777,Ipomoea|93,93,False,Ipomoea microsepala,Ipomoea
277916,Salvia|93,93,False,Salvia lasiocephala,Salvia
277982,Pinguicula|94,94,False,Pinguicula hemiepiphytica,Pinguicula
277986,Pinguicula|94,94,False,Pinguicula orchidioides,Pinguicula
278120,Henriettea|78,78,True,Henriettea succosa,Henriettea
278674,Turnera|61,61,False,Turnera pumilea,Turnera
279337,Mimosa|61,61,False,Mimosa somnians,Mimosa
281779,Ipomoea|93,93,False,Ipomoea pauciflora,Ipomoea
283340,Bletia|93,93,True,Bletia amabilis,Bletia
283341,Bletia|93,93,True,Bletia campanulata,Bletia
284363,Gonolobus|93,93,False,Gonolobus barbatus,Gonolobus
284371,Gonolobus|93,93,False,Gonolobus jaliscensis,Gonolobus
284655,Begonia|93,93,False,Begonia palmeri,Begonia
284858,Ipomoea|93,93,False,Ipomoea bracteata,Ipomoea
284860,Ipomoea|93,93,False,Ipomoea clavata,Ipomoea
284882,Ipomoea|93,93,False,Ipomoea meyeri,Ipomoea
284890,Ipomoea|61,61,False,Ipomoea ramosissima,Ipomoea
284898,Ipomoea|93,93,False,Ipomoea suaveolens,Ipomoea
285258,Pinguicula|94,94,False,Pinguicula heterophylla,Pinguicula
285592,Miconia|78,78,True,Miconia mirabilis,Miconia
286995,Salvia|93,93,False,Salvia longispicata,Salvia
287591,Salvia|93,93,False,Salvia reptans,Salvia
287691,Mimosa|61,61,False,Mimosa ursina,Mimosa
288345,Chrysactinia|111,111,True,Chrysactinia acerosa,Chrysactinia
289391,Chrysactinia|111,111,True,Chrysactinia pinnata,Chrysactinia
289764,Stevia|111,111,False,Stevia trifida,Stevia
290515,Cyperus|123,123,True,Cyperus diffusus,Cyperus
290955,Ruellia|78,78,True,Ruellia geminiflora,Ruellia
291819,Trichocentrum|93,93,False,Trichocentrum cavendishianum,Trichocentrum
316719,Tigridia|93,93,False,Tigridia meleagris,Tigridia
316722,Tigridia|93,93,False,Tigridia mortonii,Tigridia
319183,Nicotiana|59,59,False,Nicotiana tomentosa,Nicotiana
319972,Cumulopuntia|41,41,False,Cumulopuntia boliviana,Cumulopuntia
320042,Protea|27,27,True,Protea compacta,Protea
320052,Austrocylindropuntia|59,59,False,Austrocylindropuntia subulata,Austrocylindropuntia
320082,Erica|27,27,True,Erica cerinthoides,Erica
320587,Roella|27,27,True,Roella ciliata,Roella
320592,Struthiola|27,27,True,Struthiola ciliata,Struthiola
320839,Daviesia|34,34,False,Daviesia alata,Daviesia
321066,Baeckea|52,52,False,Baeckea linifolia,Baeckea
321067,Baeckea|52,52,False,Baeckea imbricata,Baeckea
321139,Hakea|52,52,False,Hakea teretifolia,Hakea
321199,Scaevola|52,52,False,Scaevola ramosissima,Scaevola
321215,Pultenaea|33,33,True,Pultenaea daphnoides,Pultenaea
321333,Cumulopuntia|41,41,False,Cumulopuntia chichensis,Cumulopuntia
322569,Haplopappus|41,41,True,Haplopappus velutinus,Haplopappus
322764,Pelargonium|28,28,False,Pelargonium fragrans,Pelargonium
323196,Sprengelia|52,52,False,Sprengelia incarnata,Sprengelia
323230,Daviesia|34,34,False,Daviesia latifolia,Daviesia
323238,Scaevola|52,52,False,Scaevola hookeri,Scaevola
323330,Ranunculus|34,34,True,Ranunculus pimpinellifolius,Ranunculus
323356,Pimelea|34,34,False,Pimelea drupacea,Pimelea
323438,Pterostylis|34,34,False,Pterostylis parviflora,Pterostylis
323858,Pultenaea|33,33,True,Pultenaea tenuifolia,Pultenaea
323860,Pultenaea|33,33,True,Pultenaea pedunculata,Pultenaea
323889,Pimelea|34,34,False,Pimelea humilis,Pimelea
323894,Stylidium|32,32,False,Stylidium perpusillum,Stylidium
328096,Euphrasia|35,35,False,Euphrasia cuneata,Euphrasia
332369,Astragalus|158,158,False,Astragalus frigidus,Astragalus
333095,Salvia|93,93,False,Salvia languidula,Salvia
333429,Hedyotis|122,122,True,Hedyotis shiuyingiae,Hedyotis
334743,Lathyrus|118,118,True,Lathyrus annuus,Lathyrus
335634,Austrocylindropuntia|59,59,False,Austrocylindropuntia floccosa,Austrocylindropuntia
336086,Centropogon|94,94,False,Centropogon solanifolius,Centropogon
336638,Espeletia|77,77,True,Espeletia incana,Espeletia
336647,Espeletia|77,77,True,Espeletia boyacensis,Espeletia
336651,Espeletia|77,77,True,Espeletia arbelaezii,Espeletia
336677,Solanum|46,46,True,Solanum chenopodioides,Solanum
337708,Lotus|118,118,False,Lotus creticus,Lotus
338346,Convolvulus|118,118,True,Convolvulus siculus,Convolvulus
340798,Conospermum|32,32,True,Conospermum coerulescens,Conospermum
342003,Astragalus|118,118,True,Astragalus boeticus,Astragalus
342438,Helichrysum|28,28,False,Helichrysum cymosum,Helichrysum
343121,Euphorbia|101,101,False,Euphorbia schimperi,Euphorbia
343769,Cyanotis|102,102,False,Cyanotis cristata,Cyanotis
346359,Ruellia|78,78,True,Ruellia longifolia,Ruellia
347798,Ipomoea|46,46,False,Ipomoea crassipes,Ipomoea
348985,Rhododendron|141,141,False,Rhododendron quinquefolium,Rhododendron
349196,Syringa|140,140,True,Syringa pubescens,Syringa
353827,Hakea|52,52,False,Hakea dactyloides,Hakea
353873,Leptospermum|52,52,False,Leptospermum juniperinum,Leptospermum
353890,Veronica|52,52,False,Veronica derwentiana,Veronica
353921,Bossiaea|52,52,False,Bossiaea ensata,Bossiaea
355849,Protea|27,27,True,Protea repens,Protea
358048,Hydrangea|141,141,True,Hydrangea scandens,Hydrangea
359565,Draba|151,151,False,Draba arctica,Draba
360091,Lobelia|93,93,False,Lobelia cordifolia,Lobelia
362550,Androsace|135,135,True,Androsace obtusifolia,Androsace
362586,Androsace|134,134,False,Androsace vitaliana,Androsace
363595,Senecio|28,28,False,Senecio angulatus,Senecio
363811,Diuris|32,32,True,Diuris longifolia,Diuris
366712,Pittosporum|35,35,False,Pittosporum anomalum,Pittosporum
367272,Leucocoryne|41,41,False,Leucocoryne ixioides,Leucocoryne
367718,Gladiolus|27,27,True,Gladiolus cardinalis,Gladiolus
369514,Acacia|70,70,False,Acacia simsii,Acacia
369907,Melicope|70,70,True,Melicope elleryana,Melicope
369918,Persicaria|123,123,True,Persicaria dichotoma,Persicaria
369993,Acacia|70,70,False,Acacia umbellata,Acacia
370453,Melicope|70,70,True,Melicope vitiflora,Melicope
370606,Pimelea|70,70,True,Pimelea latifolia,Pimelea
372163,Eupatorium|123,123,False,Eupatorium chinense,Eupatorium
380834,Helichrysum|35,35,True,Helichrysum depressum,Helichrysum
380978,Senecio|24,24,False,Senecio crassiflorus,Senecio
401777,Euphrasia|35,35,False,Euphrasia cockayneana,Euphrasia
401796,Euphrasia|35,35,False,Euphrasia wettsteiniana,Euphrasia
401803,Euphrasia|35,35,False,Euphrasia laingii,Euphrasia
401812,Euphrasia|35,35,False,Euphrasia townsonii,Euphrasia
401813,Euphrasia|35,35,False,Euphrasia monroi,Euphrasia
402569,Hydrocotyle|35,35,True,Hydrocotyle elongata,Hydrocotyle
402583,Hydrocotyle|35,35,True,Hydrocotyle novae-zeelandiae,Hydrocotyle
402592,Hydrocotyle|35,35,True,Hydrocotyle sulcata,Hydrocotyle
402603,Hydrocotyle|52,52,True,Hydrocotyle tripartita,Hydrocotyle
402918,Kelleria|35,35,False,Kelleria childii,Kelleria
402922,Kelleria|35,35,False,Kelleria dieffenbachii,Kelleria
402924,Kelleria|35,35,False,Kelleria multiflora,Kelleria
402978,Lampranthus|45,45,True,Lampranthus glaucus,Lampranthus
403364,Leptinella|35,35,False,Leptinella pectinata,Leptinella
403372,Leptinella|35,35,False,Leptinella minor,Leptinella
404430,Oxalis|27,27,True,Oxalis polyphylla,Oxalis
404911,Pittosporum|35,35,False,Pittosporum colensoi,Pittosporum
404917,Pittosporum|35,35,False,Pittosporum dallii,Pittosporum
404922,Pittosporum|35,35,False,Pittosporum rigidum,Pittosporum
405065,Podalyria|45,45,True,Podalyria sericea,Podalyria
407635,Helichrysum|35,35,True,Helichrysum parvifolium,Helichrysum
409238,Leptinella|35,35,False,Leptinella pyrethrifolia,Leptinella
410876,Phylica|27,27,True,Phylica pubescens,Phylica
411078,Daphne|121,121,False,Daphne bholua,Daphne
416522,Petrophile|32,32,False,Petrophile divaricata,Petrophile
416527,Rhododendron|141,141,False,Rhododendron dilatatum,Rhododendron
416532,Banksia|33,33,True,Banksia coccinea,Banksia
416629,Nicotiana|59,59,False,Nicotiana otophora,Nicotiana
416788,Caladenia|32,32,False,Caladenia polychroma,Caladenia
417779,Dillwynia|52,52,False,Dillwynia tenuifolia,Dillwynia
417793,Dillwynia|52,52,False,Dillwynia sieberi,Dillwynia
418450,Felicia|45,45,False,Felicia tenella,Felicia
418548,Gazania|45,45,False,Gazania leiopoda,Gazania
418553,Oxalis|27,27,True,Oxalis tomentosa,Oxalis
418573,Romulea|45,45,False,Romulea sabulosa,Romulea
418613,Gladiolus|45,45,False,Gladiolus scullyi,Gladiolus
418700,Leucospermum|45,45,True,Leucospermum reflexum,Leucospermum
421590,Scaevola|52,52,False,Scaevola calendulacea,Scaevola
424094,Senecio|24,24,False,Senecio bonariensis,Senecio
424659,Conostylis|50,50,False,Conostylis candicans,Conostylis
424920,Viola|123,123,True,Viola mandshurica,Viola
425533,Burmannia|104,104,False,Burmannia coelestis,Burmannia
426047,Rhododendron|86,86,True,Rhododendron ericoides,Rhododendron
426196,Leucadendron|45,45,True,Leucadendron pubescens,Leucadendron
426201,Leucadendron|45,45,True,Leucadendron rubrum,Leucadendron
426219,Helichrysum|28,28,False,Helichrysum teretifolium,Helichrysum
427009,Leptospermum|52,52,False,Leptospermum liversidgei,Leptospermum
429510,Grevillea|32,32,False,Grevillea fasciculata,Grevillea
430456,Chresta|60,60,True,Chresta speciosa,Chresta
430752,Brunia|28,28,False,Brunia noduliflora,Brunia
430980,Erica|28,28,False,Erica chloroloma,Erica
431586,Salvia|45,45,True,Salvia lanceolata,Salvia
431626,Solanum|24,24,False,Solanum bonariense,Solanum
436077,Cyanotis|102,102,False,Cyanotis axillaris,Cyanotis
436080,Cyanotis|102,102,False,Cyanotis fasciculata,Cyanotis
436132,Cyperus|46,46,True,Cyperus sphaerospermus,Cyperus
436300,Eriocaulon|102,102,True,Eriocaulon cuspidatum,Eriocaulon
436308,Eriocaulon|102,102,True,Eriocaulon heterolepis,Eriocaulon
436339,Eriocaulon|102,102,True,Eriocaulon sedgwickii,Eriocaulon
437341,Austrocylindropuntia|59,59,False,Austrocylindropuntia shaferi,Austrocylindropuntia
437343,Austrocylindropuntia|59,59,False,Austrocylindropuntia vestita,Austrocylindropuntia
438437,Cumulopuntia|41,41,False,Cumulopuntia rossiana,Cumulopuntia
439821,Lotus|118,118,False,Lotus palustris,Lotus
444554,Utricularia|102,102,True,Utricularia reticulata,Utricularia
447656,Aspalathus|45,45,True,Aspalathus linearis,Aspalathus
448245,Viola|123,123,True,Viola inconspicua,Viola
450916,Lathyrus|157,157,True,Lathyrus pannonicus,Lathyrus
451999,Cynorkis|65,65,False,Cynorkis lowiana,Cynorkis
452292,Hydrangea|141,141,True,Hydrangea involucrata,Hydrangea
460162,Leucospermum|27,27,True,Leucospermum calligerum,Leucospermum
460168,Leucospermum|27,27,True,Leucospermum truncatum,Leucospermum
460478,Erica|27,27,True,Erica perspicua,Erica
460482,Erica|27,27,True,Erica pillansii,Erica
461684,Corydalis|123,123,True,Corydalis pallida,Corydalis
461857,Centropogon|94,94,False,Centropogon costaricae,Centropogon
465912,Melaleuca|32,32,False,Melaleuca lanceolata,Melaleuca
465914,Olearia|33,33,True,Olearia ramulosa,Olearia
465993,Clusia|78,78,True,Clusia palmicida,Clusia
466411,Anthurium|95,95,True,Anthurium clavigerum,Anthurium
466485,Salvia|93,93,False,Salvia clinopodioides,Salvia
467308,Pericallis|116,116,True,Pericallis steetzii,Pericallis
467317,Pericallis|116,116,True,Pericallis papyracea,Pericallis
467636,Salvia|93,93,False,Salvia uruapana,Salvia
469621,Cyrtanthus|46,46,False,Cyrtanthus breviflorus,Cyrtanthus
470089,Bossiaea|52,52,False,Bossiaea stephensonii,Bossiaea
470408,Phylica|27,27,True,Phylica ericoides,Phylica
471897,Diuris|32,32,True,Diuris laxiflora,Diuris
472317,Helichrysum|116,116,True,Helichrysum melaleucum,Helichrysum
472816,Solanum|45,45,False,Solanum tomentosum,Solanum
473139,Psychotria|65,65,True,Psychotria parkeri,Psychotria
473147,Psychotria|65,65,True,Psychotria imerinensis,Psychotria
473149,Psychotria|65,65,True,Psychotria bullulata,Psychotria
473152,Psychotria|65,65,True,Psychotria andevorantensis,Psychotria
473623,Pogostemon|102,102,True,Pogostemon purpurascens,Pogostemon
475003,Disa|27,27,True,Disa cylindrica,Disa
475490,Viola|5,5,False,Viola maculata,Viola
482356,Helichrysum|116,116,True,Helichrysum obconicum,Helichrysum
482842,Ipomoea|61,61,False,Ipomoea aristolochiifolia,Ipomoea
485873,Echium|118,118,True,Echium angustifolium,Echium
487707,Turnera|61,61,False,Turnera melochioides,Turnera
488825,Melicope|70,70,True,Melicope rubra,Melicope
489414,Heliotropium|119,119,True,Heliotropium lasiocarpum,Heliotropium
489457,Veronica|118,118,True,Veronica syriaca,Veronica
489726,Erodium|118,118,True,Erodium acaule,Erodium
489788,Salvia|118,118,False,Salvia hierosolymitana,Salvia
490034,Tribulus|119,119,True,Tribulus pentandrus,Tribulus
490212,Sannantha|53,53,False,Sannantha pinifolia,Sannantha
490494,Limonium|116,116,False,Limonium pectinatum,Limonium
490847,Salvia|118,118,False,Salvia fruticosa,Salvia
492107,Trifolium|118,118,True,Trifolium clypeatum,Trifolium
492121,Euphorbia|118,118,True,Euphorbia hierosolymitana,Euphorbia
492815,Convolvulus|118,118,True,Convolvulus pentapetaloides,Convolvulus
492838,Echium|118,118,True,Echium judaeum,Echium
492839,Echium|118,118,True,Echium glomeratum,Echium
492910,Lotus|118,118,False,Lotus peregrinus,Lotus
493068,Trifolium|118,118,True,Trifolium eriosphaerum,Trifolium
493072,Trifolium|118,118,True,Trifolium pilulare,Trifolium
493074,Trigonella|118,118,True,Trigonella hierosolymitana,Trigonella
493084,Verbascum|118,118,False,Verbascum caesareum,Verbascum
493489,Searsia|28,28,False,Searsia laevigata,Searsia
494579,Astragalus|140,140,True,Astragalus laxmannii,Astragalus
495944,Lathyrus|118,118,True,Lathyrus hierosolymitanus,Lathyrus
495952,Erodium|118,118,True,Erodium crassifolium,Erodium
495970,Trigonella|118,118,True,Trigonella stellata,Trigonella
496016,Trigonella|118,118,True,Trigonella arabica,Trigonella
496023,Lotus|118,118,False,Lotus lanuginosus,Lotus
496059,Astragalus|118,118,True,Astragalus aleppicus,Astragalus
497820,Andryala|116,116,False,Andryala laxiflora,Andryala
498223,Cynorkis|65,65,False,Cynorkis ampullacea,Cynorkis
498745,Verbascum|118,118,False,Verbascum gaillardotii,Verbascum
499344,Rhododendron|141,141,False,Rhododendron brachycarpum,Rhododendron
501400,Androsace|135,135,True,Androsace alpina,Androsace
503253,Orobanche|137,137,True,Orobanche lutea,Orobanche
505800,Asparagus|27,27,True,Asparagus lignosus,Asparagus
506940,Spermacoce|99,99,True,Spermacoce stachydea,Spermacoce
506942,Spermacoce|99,99,True,Spermacoce radiata,Spermacoce
506945,Spermacoce|99,99,True,Spermacoce filifolia,Spermacoce
507753,Anemone|138,138,False,Anemone biflora,Anemone
507768,Cyperus|46,46,True,Cyperus erectus,Cyperus
508360,Utricularia|32,32,True,Utricularia tenella,Utricularia
509797,Diuris|34,34,False,Diuris punctata,Diuris
511213,Trachymene|50,50,False,Trachymene coerulea,Trachymene
511217,Thysanotus|32,32,False,Thysanotus arenarius,Thysanotus
511233,Thysanotus|32,32,False,Thysanotus sparteus,Thysanotus
511323,Drosera|32,32,True,Drosera pallida,Drosera
511884,Pedicularis|139,139,False,Pedicularis anthemifolia,Pedicularis
511932,Pedicularis|139,139,False,Pedicularis compacta,Pedicularis
512222,Verbascum|136,136,False,Verbascum xanthophoeniceum,Verbascum
512299,Verbascum|136,136,False,Verbascum euboicum,Verbascum
512309,Verbascum|136,136,False,Verbascum lasianthum,Verbascum
512310,Verbascum|136,136,False,Verbascum undulatum,Verbascum
512313,Verbascum|136,136,False,Verbascum pinnatifidum,Verbascum
514694,Trifolium|118,118,True,Trifolium boissieri,Trifolium
516250,Caladenia|33,33,True,Caladenia pusilla,Caladenia
516278,Jamesbrittenia|45,45,False,Jamesbrittenia glutinosa,Jamesbrittenia
518258,Drymonia|94,94,True,Drymonia conchocalyx,Drymonia
518357,Banksia|50,50,False,Banksia prionotes,Banksia
520037,Centaurea|116,116,False,Centaurea pubescens,Centaurea
520339,Dillwynia|52,52,False,Dillwynia phylicoides,Dillwynia
521000,Leucadendron|27,27,True,Leucadendron xanthoconus,Leucadendron
521488,Pelargonium|28,28,False,Pelargonium papilionaceum,Pelargonium
522101,Ornithogalum|28,28,True,Ornithogalum dubium,Ornithogalum
523978,Rhododendron|86,86,True,Rhododendron crassifolium,Rhododendron
524455,Euryops|28,28,False,Euryops tenuissimus,Euryops
524456,Euryops|28,28,False,Euryops rehmannii,Euryops
524508,Oedera|28,28,True,Oedera genistifolia,Oedera
524673,Drosanthemum|28,28,False,Drosanthemum bicolor,Drosanthemum
524689,Crassula|28,28,False,Crassula rubricaulis,Crassula
525123,Pimelea|32,32,False,Pimelea lehmanniana,Pimelea
525127,Banksia|33,33,True,Banksia media,Banksia
525347,Jacksonia|50,50,True,Jacksonia sternbergiana,Jacksonia
525356,Adenanthos|32,32,True,Adenanthos cuneatus,Adenanthos
525364,Jacksonia|32,32,True,Jacksonia spinosa,Jacksonia
525445,Daviesia|32,32,False,Daviesia striata,Daviesia
526815,Pediomelum|112,112,False,Pediomelum tenuiflorum,Pediomelum
526999,Kalanchoe|46,46,True,Kalanchoe rotundifolia,Kalanchoe
527452,Athanasia|28,28,True,Athanasia trifurcata,Athanasia
527497,Osteospermum|28,28,False,Osteospermum subulatum,Osteospermum
527592,Metalasia|27,27,True,Metalasia muricata,Metalasia
528595,Pelargonium|27,27,True,Pelargonium ovale,Pelargonium
528599,Oxalis|27,27,True,Oxalis depressa,Oxalis
528611,Gladiolus|27,27,True,Gladiolus hirsutus,Gladiolus
531579,Crassula|28,28,False,Crassula cotyledonis,Crassula
532008,Melaleuca|32,32,False,Melaleuca pulchella,Melaleuca
532137,Struthiola|27,27,True,Struthiola myrsinites,Struthiola
532694,Grevillea|32,32,False,Grevillea nudiflora,Grevillea
532778,Cephalophyllum|45,45,True,Cephalophyllum ebracteatum,Cephalophyllum
533085,Helichrysum|27,27,True,Helichrysum indicum,Helichrysum
533400,Kalanchoe|46,46,True,Kalanchoe thyrsiflora,Kalanchoe
533454,Cyclopia|28,28,False,Cyclopia intermedia,Cyclopia
534359,Hydrocotyle|52,52,True,Hydrocotyle pedicellosa,Hydrocotyle
537718,Vellozia|42,42,False,Vellozia compacta,Vellozia
537955,Melicope|123,123,True,Melicope pteleifolia,Melicope
538032,Eucalyptus|70,70,True,Eucalyptus tindaliae,Eucalyptus
538174,Ranunculus|123,123,True,Ranunculus cantoniensis,Ranunculus
538208,Heliotropium|119,119,True,Heliotropium digynum,Heliotropium
538474,Monochaetum|77,77,False,Monochaetum myrtoideum,Monochaetum
541372,Craspedia|34,34,True,Craspedia aurantia,Craspedia
541558,Trifolium|118,118,True,Trifolium glanduliferum,Trifolium
542119,Boronia|32,32,False,Boronia heterophylla,Boronia
543460,Ranunculus|123,123,True,Ranunculus silerifolius,Ranunculus
543863,Potentilla|149,149,True,Potentilla arenosa,Potentilla
544357,Ziziphus|102,102,True,Ziziphus xylopyrus,Ziziphus
544439,Viburnum|123,123,True,Viburnum foetidum,Viburnum
544767,Baccharis|24,24,False,Baccharis spicata,Baccharis
545095,Gompholobium|32,32,False,Gompholobium tomentosum,Gompholobium
545386,Caladenia|32,32,False,Caladenia reptans,Caladenia
545388,Sphaerolobium|32,32,True,Sphaerolobium macranthum,Sphaerolobium
545668,Ageratina|77,77,True,Ageratina tinifolia,Ageratina
545832,Ageratina|77,77,True,Ageratina popayanensis,Ageratina
546090,Lomandra|32,32,True,Lomandra purpurea,Lomandra
546416,Struthiola|27,27,True,Struthiola dodecandra,Struthiola
546605,Leptosiphon|111,111,True,Leptosiphon melingii,Leptosiphon
546661,Euphorbia|118,118,True,Euphorbia antilibanotica,Euphorbia
546751,Dichaea|78,78,True,Dichaea pendula,Dichaea
547505,Drosera|32,32,True,Drosera tubaestylis,Drosera
548412,Ranunculus|34,34,True,Ranunculus graniticola,Ranunculus
548643,Kalanchoe|46,46,True,Kalanchoe sexangularis,Kalanchoe
549179,Noticastrum|24,24,True,Noticastrum diffusum,Noticastrum
549238,Drosera|60,60,False,Drosera tentaculata,Drosera
550000,Banksia|33,33,True,Banksia occidentalis,Banksia
550016,Acacia|32,32,False,Acacia pentadenia,Acacia
550363,Adenanthos|32,32,True,Adenanthos obovatus,Adenanthos
550367,Corydalis|140,140,False,Corydalis caudata,Corydalis
550415,Potentilla|120,120,True,Potentilla nepalensis,Potentilla
550641,Melaleuca|32,32,False,Melaleuca suberosa,Melaleuca
550645,Scaevola|32,32,False,Scaevola nitida,Scaevola
551381,Convolvulus|118,118,True,Convolvulus libanoticus,Convolvulus
552337,Boronia|50,50,True,Boronia cymosa,Boronia
552338,Boronia|50,50,True,Boronia fastigiata,Boronia
552380,Drosera|32,32,True,Drosera subhirtella,Drosera
552421,Hibbertia|32,32,False,Hibbertia cuneiformis,Hibbertia
552443,Banksia|50,50,False,Banksia blechnifolia,Banksia
552558,Hibbertia|33,33,True,Hibbertia exutiacies,Hibbertia
552999,Pimelea|34,34,False,Pimelea flava,Pimelea
553046,Calea|77,77,False,Calea peruviana,Calea
553092,Diuris|34,34,False,Diuris chryseopsis,Diuris
553155,Hibbertia|33,33,True,Hibbertia crinita,Hibbertia
553368,Disa|28,28,True,Disa racemosa,Disa
553430,Syncarpha|27,27,True,Syncarpha vestita,Syncarpha
553609,Olearia|33,33,True,Olearia pannosa,Olearia
553846,Jamesbrittenia|45,45,False,Jamesbrittenia fruticosa,Jamesbrittenia
554061,Daviesia|50,50,False,Daviesia divaricata,Daviesia
554215,Stylidium|32,32,False,Stylidium guttatum,Stylidium
555556,Hibbertia|33,33,True,Hibbertia virgata,Hibbertia
555941,Logania|33,33,True,Logania saxatilis,Logania
556266,Acacia|32,32,False,Acacia drummondii,Acacia
556312,Mutisia|41,41,True,Mutisia subspinosa,Mutisia
556456,Pterostylis|34,34,False,Pterostylis atrans,Pterostylis
556460,Anthurium|95,95,True,Anthurium ochranthum,Anthurium
556462,Daviesia|50,50,False,Daviesia triflora,Daviesia
556463,Leucocoryne|41,41,False,Leucocoryne coquimbensis,Leucocoryne
556799,Spatalla|27,27,True,Spatalla setacea,Spatalla
556801,Spatalla|27,27,True,Spatalla racemosa,Spatalla
556805,Spatalla|27,27,True,Spatalla squamata,Spatalla
556923,Bupleurum|157,157,False,Bupleurum aureum,Bupleurum
557749,Pavonia|24,24,False,Pavonia missionum,Pavonia
557887,Hakea|50,50,False,Hakea undulata,Hakea
558208,Spyridium|33,33,True,Spyridium thymifolium,Spyridium
559053,Pterostylis|34,34,False,Pterostylis crassicaulis,Pterostylis
559124,Diuris|34,34,False,Diuris monticola,Diuris
559363,Babiana|27,27,True,Babiana angustifolia,Babiana
559392,Salvia|118,118,False,Salvia palaestina,Salvia
559449,Caladenia|50,50,False,Caladenia discoidea,Caladenia
560256,Trachyandra|45,45,True,Trachyandra muricata,Trachyandra
560258,Gladiolus|45,45,False,Gladiolus caeruleus,Gladiolus
560613,Hakea|52,52,False,Hakea actites,Hakea
560746,Cynorkis|65,65,False,Cynorkis hologlossa,Cynorkis
563409,Zephyranthes|24,24,False,Zephyranthes minima,Zephyranthes
563521,Cyperus|46,46,True,Cyperus sphaerocephalus,Cyperus
563595,Moraea|45,45,False,Moraea galaxia,Moraea
563782,Gompholobium|32,32,False,Gompholobium venustum,Gompholobium
564192,Gompholobium|32,32,False,Gompholobium polymorphum,Gompholobium
564312,Daviesia|50,50,False,Daviesia horrida,Daviesia
564641,Xerochrysum|34,34,False,Xerochrysum papillosum,Xerochrysum
564896,Pultenaea|33,33,True,Pultenaea acerosa,Pultenaea
564916,Hakea|52,52,False,Hakea laevipes,Hakea
565079,Melaleuca|32,32,False,Melaleuca spathulata,Melaleuca
565911,Erica|27,27,True,Erica cruenta,Erica
566080,Serruria|27,27,True,Serruria villosa,Serruria
566160,Gastrolobium|50,50,True,Gastrolobium ebracteolatum,Gastrolobium
566311,Erica|27,27,True,Erica massonii,Erica
566312,Moraea|27,27,True,Moraea tricuspidata,Moraea
566480,Acacia|32,32,False,Acacia browniana,Acacia
566489,Taxandria|32,32,False,Taxandria spathulata,Taxandria
566585,Zaluzianskya|45,45,False,Zaluzianskya divaricata,Zaluzianskya
566623,Protea|45,45,True,Protea scolymocephala,Protea
566663,Orobanche|137,137,True,Orobanche gamosepala,Orobanche
566705,Sphaerolobium|32,32,True,Sphaerolobium medium,Sphaerolobium
566742,Phylica|28,28,False,Phylica keetii,Phylica
566744,Phylica|28,28,False,Phylica pinea,Phylica
566745,Phylica|28,28,False,Phylica purpurea,Phylica
566803,Acacia|32,32,False,Acacia leioderma,Acacia
567141,Oedera|28,28,True,Oedera imbricata,Oedera
567314,Lobelia|28,28,False,Lobelia neglecta,Lobelia
567393,Carpobrotus|28,28,False,Carpobrotus deliciosus,Carpobrotus
567550,Roella|27,27,True,Roella prostrata,Roella
567551,Roella|27,27,True,Roella spicata,Roella
567568,Helichrysum|28,28,False,Helichrysum felinum,Helichrysum
567612,Moraea|27,27,True,Moraea versicolor,Moraea
567758,Cyclopia|28,28,False,Cyclopia pubescens,Cyclopia
567800,Stylidium|32,32,False,Stylidium rhynchocarpum,Stylidium
567827,Serruria|27,27,True,Serruria phylicoides,Serruria
567837,Erica|27,27,True,Erica holosericea,Erica
567844,Helichrysum|28,28,False,Helichrysum appendiculatum,Helichrysum
567909,Acacia|32,32,False,Acacia extensa,Acacia
567914,Cullumia|28,28,True,Cullumia carlinoides,Cullumia
567934,Boronia|32,32,False,Boronia gracilipes,Boronia
567952,Erica|28,28,False,Erica lasciva,Erica
568096,Senecio|28,28,False,Senecio lanceus,Senecio
568317,Senecio|28,28,False,Senecio ilicifolius,Senecio
568345,Othonna|28,28,True,Othonna quinquedentata,Othonna
568447,Isopogon|32,32,True,Isopogon teretifolius,Isopogon
568502,Prismatocarpus|27,27,True,Prismatocarpus sessilis,Prismatocarpus
568505,Agathosma|45,45,True,Agathosma imbricata,Agathosma
568532,Erica|28,28,False,Erica setacea,Erica
568546,Crassula|27,27,True,Crassula capensis,Crassula
568565,Moraea|27,27,True,Moraea fugacissima,Moraea
568586,Leucadendron|27,27,True,Leucadendron gandogeri,Leucadendron
568655,Muraltia|28,28,True,Muraltia saturejoides,Muraltia
568974,Rubus|123,123,True,Rubus pectinellus,Rubus
569123,Felicia|46,46,False,Felicia muricata,Felicia
569207,Geissorhiza|45,45,False,Geissorhiza tenella,Geissorhiza
569327,Erica|27,27,True,Erica bergiana,Erica
569345,Helichrysum|27,27,True,Helichrysum fruticans,Helichrysum
569351,Protea|45,45,True,Protea nana,Protea
569496,Senecio|27,27,True,Senecio burchellii,Senecio
569516,Podalyria|45,45,True,Podalyria biflora,Podalyria
569519,Pelargonium|28,28,False,Pelargonium laevigatum,Pelargonium
569570,Hakea|50,50,False,Hakea cristata,Hakea
569574,Kunzea|50,50,False,Kunzea micrantha,Kunzea
569575,Leucopogon|32,32,True,Leucopogon glabellus,Leucopogon
569578,Petrophile|32,32,False,Petrophile serruriae,Petrophile
569597,Hibbertia|32,32,False,Hibbertia gracilipes,Hibbertia
569606,Rubus|123,123,True,Rubus croceacanthus,Rubus
569783,Erica|28,28,False,Erica seriphiifolia,Erica
569790,Erica|27,27,True,Erica transparens,Erica
569835,Pimelea|32,32,False,Pimelea rosea,Pimelea
569836,Pimelea|32,32,False,Pimelea longiflora,Pimelea
569839,Pimelea|32,32,False,Pimelea sylvestris,Pimelea
569865,Delosperma|28,28,False,Delosperma inconspicuum,Delosperma
569875,Erica|27,27,True,Erica articularis,Erica
570161,Agathosma|28,28,True,Agathosma capensis,Agathosma
570185,Erica|28,28,False,Erica glandulosa,Erica
570338,Hedyotis|122,122,True,Hedyotis acutangula,Hedyotis
570483,Disa|27,27,True,Disa purpurascens,Disa
570554,Agathosma|28,28,True,Agathosma planifolia,Agathosma
570559,Osteospermum|28,28,False,Osteospermum junceum,Osteospermum
570823,Daviesia|32,32,False,Daviesia flexuosa,Daviesia
570824,Grevillea|32,32,False,Grevillea pulchella,Grevillea
570826,Conostylis|50,50,False,Conostylis aculeata,Conostylis
570829,Stylidium|32,32,False,Stylidium caespitosum,Stylidium
570830,Acacia|32,32,False,Acacia hastulata,Acacia
570865,Agathosma|28,28,True,Agathosma recurvifolia,Agathosma
571183,Serruria|45,45,True,Serruria triternata,Serruria
571184,Gladiolus|27,27,True,Gladiolus cunonius,Gladiolus
571209,Lachenalia|27,27,True,Lachenalia fistulosa,Lachenalia
571303,Leucadendron|27,27,True,Leucadendron levisanus,Leucadendron
571325,Erica|27,27,True,Erica tegulifolia,Erica
571465,Pelargonium|27,27,True,Pelargonium incarnatum,Pelargonium
571481,Cipura|60,60,True,Cipura xanthomelas,Cipura
574080,Selago|28,28,False,Selago corymbosa,Selago
574122,Pelargonium|27,27,True,Pelargonium betulinum,Pelargonium
574618,Erica|27,27,True,Erica bruniades,Erica
574685,Jacksonia|32,32,True,Jacksonia condensata,Jacksonia
574777,Serruria|45,45,True,Serruria fasciflora,Serruria
574852,Aristea|28,28,True,Aristea bakeri,Aristea
575123,Moraea|27,27,True,Moraea ramosissima,Moraea
577581,Aristea|28,28,True,Aristea racemosa,Aristea
578692,Eulophia|46,46,False,Eulophia ensata,Eulophia
578703,Pauridia|45,45,True,Pauridia affinis,Pauridia
579231,Agathosma|45,45,True,Agathosma capitata,Agathosma
579276,Agathosma|45,45,True,Agathosma latipetala,Agathosma
579299,Agathosma|28,28,True,Agathosma pilifera,Agathosma
579980,Antimima|45,45,False,Antimima compacta,Antimima
579999,Antimima|45,45,False,Antimima granitica,Antimima
580055,Antimima|45,45,False,Antimima solida,Antimima
580124,Arctotis|45,45,False,Arctotis angustifolia,Arctotis
580163,Arctotis|45,45,False,Arctotis sulcocarpa,Arctotis
580227,Aristea|46,46,False,Aristea abyssinica,Aristea
580232,Aristea|28,28,True,Aristea cistiflora,Aristea
580241,Aristea|27,27,True,Aristea glauca,Aristea
580247,Aristea|46,46,False,Aristea montana,Aristea
580263,Aristea|27,27,True,Aristea spiralis,Aristea
580264,Aristea|27,27,True,Aristea teretifolia,Aristea
580265,Aristea|46,46,False,Aristea torulosa,Aristea
580396,Aspalathus|45,45,True,Aspalathus aculeata,Aspalathus
580400,Aspalathus|27,27,True,Aspalathus albens,Aspalathus
580434,Aspalathus|27,27,True,Aspalathus capensis,Aspalathus
580435,Aspalathus|27,27,True,Aspalathus cephalotes,Aspalathus
580452,Aspalathus|45,45,True,Aspalathus crewiana,Aspalathus
580513,Aspalathus|27,27,True,Aspalathus lebeckioides,Aspalathus
580639,Asparagus|27,27,True,Asparagus declinatus,Asparagus
580674,Asparagus|27,27,True,Asparagus ovatus,Asparagus
580806,Athanasia|28,28,True,Athanasia linifolia,Athanasia
580813,Athanasia|28,28,True,Athanasia pinnata,Athanasia
580900,Babiana|45,45,True,Babiana mucronata,Babiana
580902,Babiana|45,45,True,Babiana noctiflora,Babiana
580914,Babiana|45,45,True,Babiana regia,Babiana
580919,Babiana|45,45,True,Babiana secunda,Babiana
580932,Babiana|45,45,True,Babiana villosa,Babiana
581053,Berkheya|27,27,True,Berkheya armata,Berkheya
581054,Berkheya|27,27,True,Berkheya barbata,Berkheya
581084,Berkheya|27,27,True,Berkheya herbacea,Berkheya
581401,Brunia|28,28,False,Brunia bullata,Brunia
581402,Brunia|28,28,False,Brunia callunoides,Brunia
581404,Brunia|28,28,False,Brunia cordata,Brunia
581574,Bulbophyllum|81,81,False,Bulbophyllum sandersonii,Bulbophyllum
581788,Carpobrotus|28,28,False,Carpobrotus mellei,Carpobrotus
581789,Carpobrotus|28,28,False,Carpobrotus muirii,Carpobrotus
581900,Cephalophyllum|45,45,True,Cephalophyllum herrei,Cephalophyllum
581901,Cephalophyllum|45,45,True,Cephalophyllum inaequale,Cephalophyllum
581908,Cephalophyllum|45,45,True,Cephalophyllum pillansii,Cephalophyllum
581994,Chaenostoma|28,28,False,Chaenostoma aethiopicum,Chaenostoma
582000,Chaenostoma|28,28,False,Chaenostoma campanulatum,Chaenostoma
582011,Chaenostoma|28,28,False,Chaenostoma integrifolium,Chaenostoma
582027,Chaenostoma|28,28,False,Chaenostoma revolutum,Chaenostoma
582934,Crassula|28,28,False,Crassula mollis,Crassula
582942,Crassula|27,27,True,Crassula oblanceolata,Crassula
582959,Crassula|27,27,True,Crassula saxifraga,Crassula
582961,Crassula|28,28,False,Crassula sebaeoides,Crassula
582972,Crassula|28,28,False,Crassula subulata,Crassula
583115,Cullumia|28,28,True,Cullumia decurrens,Cullumia
583122,Cullumia|28,28,True,Cullumia sulcata,Cullumia
583175,Cyclopia|28,28,False,Cyclopia longifolia,Cyclopia
583222,Cynorkis|64,64,True,Cynorkis kassneriana,Cynorkis
583361,Cyrtanthus|46,46,False,Cyrtanthus brachyscyphus,Cyrtanthus
583373,Cyrtanthus|46,46,False,Cyrtanthus flanaganii,Cyrtanthus
583535,Delosperma|28,28,False,Delosperma maxwelliae,Delosperma
583548,Delosperma|28,28,False,Delosperma patersoniae,Delosperma
583579,Delosperma|28,28,False,Delosperma uncinatum,Delosperma
583642,Diascia|45,45,True,Diascia capensis,Diascia
583854,Diosma|28,28,True,Diosma arenicola,Diosma
583862,Diosma|28,28,True,Diosma guthriei,Diosma
583866,Diosma|28,28,True,Diosma passerinoides,Diosma
583945,Disa|28,28,True,Disa aurata,Disa
583954,Disa|28,28,True,Disa cardinalis,Disa
584193,Drosanthemum|45,45,False,Drosanthemum ambiguum,Drosanthemum
584235,Drosanthemum|45,45,False,Drosanthemum hallii,Drosanthemum
584239,Drosanthemum|28,28,False,Drosanthemum intermedium,Drosanthemum
584262,Drosanthemum|45,45,False,Drosanthemum parvifolium,Drosanthemum
584264,Drosanthemum|28,28,False,Drosanthemum praecultum,Drosanthemum
584272,Drosanthemum|45,45,False,Drosanthemum schoenlandianum,Drosanthemum
584654,Erica|28,28,False,Erica aneimena,Erica
584656,Erica|27,27,True,Erica anguligera,Erica
584658,Erica|27,27,True,Erica annectens,Erica
584662,Erica|28,28,False,Erica ardens,Erica
584692,Erica|45,45,True,Erica bicolor,Erica
584696,Erica|28,28,False,Erica blenna,Erica
584717,Erica|27,27,True,Erica calcareophila,Erica
584731,Erica|27,27,True,Erica ceraria,Erica
584764,Erica|27,27,True,Erica cristata,Erica
584767,Erica|28,28,False,Erica cubica,Erica
584773,Erica|27,27,True,Erica curvirostris,Erica
584789,Erica|28,28,False,Erica diaphana,Erica
584795,Erica|27,27,True,Erica dodii,Erica
584811,Erica|27,27,True,Erica empetrina,Erica
584817,Erica|27,27,True,Erica eriocephala,Erica
584834,Erica|45,45,True,Erica ferrea,Erica
584877,Erica|27,27,True,Erica gysbertii,Erica
584896,Erica|27,27,True,Erica hirta,Erica
584897,Erica|28,28,False,Erica hispidula,Erica
584918,Erica|27,27,True,Erica interrupta,Erica
584928,Erica|28,28,False,Erica ixanthera,Erica
584949,Erica|27,27,True,Erica laeta,Erica
584986,Erica|27,27,True,Erica lucida,Erica
584989,Erica|28,28,False,Erica macilenta,Erica
585009,Erica|27,27,True,Erica melastoma,Erica
585022,Erica|27,27,True,Erica multumbellifera,Erica
585073,Erica|45,45,True,Erica paniculata,Erica
585083,Erica|28,28,False,Erica pectinifolia,Erica
585093,Erica|27,27,True,Erica petrusiana,Erica
585105,Erica|45,45,True,Erica pinea,Erica
585111,Erica|45,45,True,Erica plumosa,Erica
585130,Erica|27,27,True,Erica pulchella,Erica
585141,Erica|28,28,False,Erica radicans,Erica
585148,Erica|27,27,True,Erica retorta,Erica
585194,Erica|27,27,True,Erica sitiens,Erica
585204,Erica|28,28,False,Erica steinbergiana,Erica
585213,Erica|27,27,True,Erica subdivaricata,Erica
585220,Erica|27,27,True,Erica taxifolia,Erica
585238,Erica|45,45,True,Erica totta,Erica
585243,Erica|28,28,False,Erica triceps,Erica
585263,Erica|28,28,False,Erica unicolor,Erica
585530,Eulophia|46,46,False,Eulophia angolensis,Eulophia
585541,Eulophia|63,63,True,Eulophia longisepala,Eulophia
585686,Euryops|28,28,False,Euryops algoensis,Euryops
585709,Euryops|28,28,False,Euryops ericoides,Euryops
585760,Euryops|28,28,False,Euryops ursinoides,Euryops
585813,Felicia|46,46,False,Felicia clavipilosa,Felicia
585820,Felicia|45,45,False,Felicia dregei,Felicia
585833,Felicia|45,45,False,Felicia hyssopifolia,Felicia
585846,Felicia|46,46,False,Felicia mossamedensis,Felicia
585909,Ficinia|27,27,True,Ficinia ecklonea,Ficinia
585924,Ficinia|27,27,True,Ficinia lateralis,Ficinia
585926,Ficinia|27,27,True,Ficinia levynsiae,Ficinia
585934,Ficinia|27,27,True,Ficinia oligantha,Ficinia
585936,Ficinia|27,27,True,Ficinia pallens,Ficinia
586174,Gazania|45,45,False,Gazania serrata,Gazania
586217,Geissorhiza|27,27,True,Geissorhiza erosa,Geissorhiza
586220,Geissorhiza|45,45,False,Geissorhiza eurystigma,Geissorhiza
586238,Geissorhiza|27,27,True,Geissorhiza lewisiae,Geissorhiza
586245,Geissorhiza|45,45,False,Geissorhiza monanthos,Geissorhiza
586268,Geissorhiza|27,27,True,Geissorhiza setacea,Geissorhiza
586409,Gladiolus|45,45,False,Gladiolus griseus,Gladiolus
586450,Gladiolus|45,45,False,Gladiolus phoenix,Gladiolus
586452,Gladiolus|27,27,True,Gladiolus priorii,Gladiolus
586456,Gladiolus|45,45,False,Gladiolus quadrangulus,Gladiolus
586457,Gladiolus|45,45,False,Gladiolus recurvus,Gladiolus
586482,Gladiolus|45,45,False,Gladiolus trichonemifolius,Gladiolus
586491,Gladiolus|45,45,False,Gladiolus violaceolineatus,Gladiolus
586714,Habenaria|64,64,True,Habenaria malacophylla,Habenaria
586719,Habenaria|64,64,True,Habenaria rautaneniana,Habenaria
586724,Habenaria|64,64,True,Habenaria trilobulata,Habenaria
586928,Helichrysum|28,28,False,Helichrysum herbaceum,Helichrysum
586969,Helichrysum|28,28,False,Helichrysum moeserianum,Helichrysum
587001,Helichrysum|28,28,False,Helichrysum plebeium,Helichrysum
587013,Helichrysum|28,28,False,Helichrysum rosum,Helichrysum
587218,Hermannia|28,28,False,Hermannia decipiens,Hermannia
587219,Hermannia|28,28,False,Hermannia decumbens,Hermannia
587232,Hermannia|28,28,False,Hermannia flammea,Hermannia
587253,Hermannia|28,28,False,Hermannia joubertiana,Hermannia
587278,Hermannia|28,28,False,Hermannia odorata,Hermannia
587296,Hermannia|28,28,False,Hermannia salviifolia,Hermannia
587759,Indigofera|28,28,False,Indigofera candicans,Indigofera
587800,Indigofera|27,27,True,Indigofera frutescens,Indigofera
587806,Indigofera|28,28,False,Indigofera glaucescens,Indigofera
587851,Indigofera|28,28,False,Indigofera nigromontana,Indigofera
587862,Indigofera|27,27,True,Indigofera pilgeriana,Indigofera
587866,Indigofera|28,28,False,Indigofera poliotes,Indigofera
587938,Ipomoea|46,46,False,Ipomoea ommanneyi,Ipomoea
587943,Ipomoea|46,46,False,Ipomoea simplex,Ipomoea
587944,Ipomoea|46,46,False,Ipomoea sinensis,Ipomoea
588034,Ixia|45,45,False,Ixia latifolia,Ixia
588041,Ixia|45,45,False,Ixia marginifolia,Ixia
588048,Ixia|45,45,False,Ixia namaquana,Ixia
588051,Ixia|27,27,True,Ixia patens,Ixia
588073,Ixia|45,45,False,Ixia tenuifolia,Ixia
588079,Ixia|27,27,True,Ixia versicolor,Ixia
588096,Jamesbrittenia|46,46,False,Jamesbrittenia aurantiaca,Jamesbrittenia
588101,Jamesbrittenia|46,46,False,Jamesbrittenia breviflora,Jamesbrittenia
588102,Jamesbrittenia|46,46,False,Jamesbrittenia burkeana,Jamesbrittenia
588116,Jamesbrittenia|46,46,False,Jamesbrittenia grandiflora,Jamesbrittenia
588139,Jamesbrittenia|46,46,False,Jamesbrittenia pristisepala,Jamesbrittenia
588147,Jamesbrittenia|45,45,False,Jamesbrittenia thunbergii,Jamesbrittenia
588238,Kalanchoe|46,46,True,Kalanchoe waterbergensis,Kalanchoe
588362,Lachenalia|27,27,True,Lachenalia corymbosa,Lachenalia
588364,Lachenalia|28,28,True,Lachenalia dehoopensis,Lachenalia
588384,Lachenalia|28,28,True,Lachenalia leomontana,Lachenalia
588389,Lachenalia|27,27,True,Lachenalia lutzeyeri,Lachenalia
588400,Lachenalia|27,27,True,Lachenalia montana,Lachenalia
588406,Lachenalia|28,28,True,Lachenalia nervosa,Lachenalia
588420,Lachenalia|27,27,True,Lachenalia rosea,Lachenalia
588425,Lachenalia|28,28,True,Lachenalia sessiliflora,Lachenalia
588436,Lachenalia|27,27,True,Lachenalia variegata,Lachenalia
588501,Lampranthus|45,45,True,Lampranthus antonii,Lampranthus
588517,Lampranthus|28,28,False,Lampranthus ceriseus,Lampranthus
588525,Lampranthus|27,27,True,Lampranthus debilis,Lampranthus
588540,Lampranthus|45,45,True,Lampranthus emarginatoides,Lampranthus
588545,Lampranthus|27,27,True,Lampranthus explanatus,Lampranthus
588546,Lampranthus|27,27,True,Lampranthus falcatus,Lampranthus
588547,Lampranthus|28,28,False,Lampranthus fergusoniae,Lampranthus
588557,Lampranthus|27,27,True,Lampranthus glomeratus,Lampranthus
588574,Lampranthus|28,28,False,Lampranthus lavisii,Lampranthus
588578,Lampranthus|45,45,True,Lampranthus leptaleon,Lampranthus
588625,Lampranthus|45,45,True,Lampranthus reptans,Lampranthus
588633,Lampranthus|45,45,True,Lampranthus scaber,Lampranthus
588646,Lampranthus|27,27,True,Lampranthus stipulaceus,Lampranthus
589049,Leucadendron|27,27,True,Leucadendron burchellii,Leucadendron
589052,Leucadendron|45,45,True,Leucadendron cinereum,Leucadendron
589097,Leucadendron|45,45,True,Leucadendron thymifolium,Leucadendron
589119,Leucospermum|27,27,True,Leucospermum gracile,Leucospermum
589120,Leucospermum|45,45,True,Leucospermum grandiflorum,Leucospermum
589127,Leucospermum|45,45,True,Leucospermum parile,Leucospermum
589130,Leucospermum|27,27,True,Leucospermum prostratum,Leucospermum
589135,Leucospermum|45,45,True,Leucospermum tomentosum,Leucospermum
589138,Leucospermum|45,45,True,Leucospermum vestitum,Leucospermum
589311,Lobelia|27,27,True,Lobelia capillifolia,Lobelia
589313,Lobelia|27,27,True,Lobelia chamaepitys,Lobelia
589317,Lobelia|27,27,True,Lobelia coronopifolia,Lobelia
589322,Lobelia|28,28,False,Lobelia dichroma,Lobelia
589331,Lobelia|28,28,False,Lobelia hypsibata,Lobelia
589336,Lobelia|28,28,False,Lobelia muscoides,Lobelia
589650,Marasmodes|45,45,True,Marasmodes fasciculata,Marasmodes
589652,Marasmodes|45,45,True,Marasmodes oligocephala,Marasmodes
589657,Marasmodes|45,45,True,Marasmodes spinosa,Marasmodes
589658,Marasmodes|45,45,True,Marasmodes trifida,Marasmodes
589711,Melaleuca|32,32,False,Melaleuca glauca,Melaleuca
589910,Metalasia|27,27,True,Metalasia brevifolia,Metalasia
589930,Metalasia|27,27,True,Metalasia lichtensteinii,Metalasia
590095,Monsonia|45,45,False,Monsonia luederitziana,Monsonia
590100,Monsonia|45,45,False,Monsonia parvifolia,Monsonia
590107,Monsonia|45,45,False,Monsonia spinosa,Monsonia
590130,Moraea|27,27,True,Moraea barnardii,Moraea
590150,Moraea|45,45,False,Moraea cooperi,Moraea
590174,Moraea|45,45,False,Moraea fragrans,Moraea
590196,Moraea|45,45,False,Moraea knersvlaktensis,Moraea
590206,Moraea|45,45,False,Moraea luteoalba,Moraea
590231,Moraea|45,45,False,Moraea papilionacea,Moraea
590234,Moraea|45,45,False,Moraea pendula,Moraea
590251,Moraea|45,45,False,Moraea schlechteri,Moraea
590328,Muraltia|28,28,True,Muraltia depressa,Muraltia
590348,Muraltia|28,28,True,Muraltia knysnaensis,Muraltia
590375,Muraltia|28,28,True,Muraltia pappeana,Muraltia
590862,Ornithogalum|28,28,True,Ornithogalum juncifolium,Ornithogalum
590870,Ornithogalum|28,28,True,Ornithogalum neopatersonia,Ornithogalum
590976,Osteospermum|45,45,False,Osteospermum calcicola,Osteospermum
590983,Osteospermum|28,28,False,Osteospermum glabrum,Osteospermum
590992,Osteospermum|28,28,False,Osteospermum imbricatum,Osteospermum
591001,Osteospermum|45,45,False,Osteospermum oppositifolium,Osteospermum
591004,Osteospermum|45,45,False,Osteospermum polygaloides,Osteospermum
591020,Osteospermum|28,28,False,Osteospermum triquetrum,Osteospermum
591098,Othonna|28,28,True,Othonna membranifolia,Othonna
591126,Othonna|28,28,True,Othonna rufibarbis,Othonna
591164,Oxalis|28,28,True,Oxalis capillacea,Oxalis
591167,Oxalis|27,27,True,Oxalis commutata,Oxalis
591177,Oxalis|28,28,True,Oxalis dilatata,Oxalis
591179,Oxalis|27,27,True,Oxalis duriuscula,Oxalis
591187,Oxalis|28,28,True,Oxalis fibrosa,Oxalis
591209,Oxalis|28,28,True,Oxalis ioeides,Oxalis
591223,Oxalis|27,27,True,Oxalis livida,Oxalis
591281,Oxalis|27,27,True,Oxalis stellata,Oxalis
591292,Oxalis|27,27,True,Oxalis tenuifolia,Oxalis
591455,Pauridia|45,45,True,Pauridia pusilla,Pauridia
591456,Pauridia|45,45,True,Pauridia pygmaea,Pauridia
591553,Pelargonium|28,28,False,Pelargonium candicans,Pelargonium
591579,Pelargonium|28,28,False,Pelargonium elegans,Pelargonium
591622,Pelargonium|27,27,True,Pelargonium longifolium,Pelargonium
591695,Pelargonium|28,28,False,Pelargonium ternatum,Pelargonium
591969,Phylica|28,28,False,Phylica axillaris,Phylica
591976,Phylica|27,27,True,Phylica calcarata,Phylica
591977,Phylica|27,27,True,Phylica callosa,Phylica
591978,Phylica|45,45,True,Phylica cephalantha,Phylica
591999,Phylica|28,28,False,Phylica floribunda,Phylica
592014,Phylica|28,28,False,Phylica karroica,Phylica
592019,Phylica|28,28,False,Phylica lanata,Phylica
592022,Phylica|45,45,True,Phylica leipoldtii,Phylica
592025,Phylica|28,28,False,Phylica litoralis,Phylica
592033,Phylica|27,27,True,Phylica minutiflora,Phylica
592037,Phylica|45,45,True,Phylica nervosa,Phylica
592068,Phylica|45,45,True,Phylica stenopetala,Phylica
592291,Podalyria|45,45,True,Podalyria variabilis,Podalyria
592473,Prismatocarpus|27,27,True,Prismatocarpus cordifolius,Prismatocarpus
592488,Prismatocarpus|27,27,True,Prismatocarpus pedunculatus,Prismatocarpus
592520,Protea|27,27,True,Protea lepidocarpodendron,Protea
592521,Protea|27,27,True,Protea longifolia,Protea
592522,Protea|27,27,True,Protea lorea,Protea
592538,Protea|45,45,True,Protea scabriuscula,Protea
592624,Psoralea|45,45,True,Psoralea filifolia,Psoralea
593229,Roella|27,27,True,Roella dunantii,Roella
593239,Roella|27,27,True,Roella triflora,Roella
593275,Romulea|45,45,False,Romulea barkerae,Romulea
593279,Romulea|45,45,False,Romulea citrina,Romulea
593281,Romulea|45,45,False,Romulea cruciata,Romulea
593287,Romulea|45,45,False,Romulea eximia,Romulea
593328,Romulea|45,45,False,Romulea tabularis,Romulea
593330,Romulea|45,45,False,Romulea triflora,Romulea
593697,Salvia|45,45,True,Salvia albicaulis,Salvia
593871,Searsia|28,28,False,Searsia crenata,Searsia
593905,Searsia|28,28,False,Searsia pallens,Searsia
593914,Searsia|28,28,False,Searsia rehmanniana,Searsia
594012,Selago|28,28,False,Selago canescens,Selago
594038,Selago|27,27,True,Selago dolosa,Selago
594076,Selago|27,27,True,Selago levynsiae,Selago
594119,Selago|27,27,True,Selago prostrata,Selago
594129,Selago|28,28,False,Selago rotundifolia,Selago
594156,Selago|28,28,False,Selago villicaulis,Selago
594169,Senecio|45,45,True,Senecio abbreviatus,Senecio
594180,Senecio|45,45,True,Senecio aloides,Senecio
594258,Senecio|45,45,True,Senecio hastatus,Senecio
594282,Senecio|28,28,False,Senecio junceus,Senecio
594296,Senecio|28,28,False,Senecio litorosus,Senecio
594297,Senecio|45,45,True,Senecio littoreus,Senecio
594298,Senecio|28,28,False,Senecio lycopodioides,Senecio
594341,Senecio|27,27,True,Senecio pinifolius,Senecio
594362,Senecio|28,28,False,Senecio rhomboideus,Senecio
594364,Senecio|27,27,True,Senecio rigidus,Senecio
594366,Senecio|27,27,True,Senecio rosmarinifolius,Senecio
594410,Senecio|27,27,True,Senecio verbascifolius,Senecio
594449,Serruria|45,45,True,Serruria brownii,Serruria
594451,Serruria|45,45,True,Serruria candicans,Serruria
594452,Serruria|27,27,True,Serruria collina,Serruria
594458,Serruria|45,45,True,Serruria effusa,Serruria
594462,Serruria|27,27,True,Serruria gremialis,Serruria
594464,Serruria|27,27,True,Serruria hirsuta,Serruria
594467,Serruria|27,27,True,Serruria kraussii,Serruria
594470,Serruria|45,45,True,Serruria linearis,Serruria
594482,Serruria|27,27,True,Serruria rubricaulis,Serruria
594485,Serruria|27,27,True,Serruria trilopha,Serruria
594568,Solanum|46,46,True,Solanum campylacanthum,Solanum
594576,Solanum|45,45,False,Solanum guineense,Solanum
594577,Solanum|46,46,True,Solanum lichtensteinii,Solanum
594630,Spatalla|27,27,True,Spatalla curvifolia,Spatalla
594633,Spatalla|27,27,True,Spatalla propinqua,Spatalla
595007,Struthiola|27,27,True,Struthiola tomentosa,Struthiola
595051,Syncarpha|27,27,True,Syncarpha staehelina,Syncarpha
595566,Trachyandra|45,45,True,Trachyandra hirsuta,Trachyandra
595581,Trachyandra|45,45,True,Trachyandra revoluta,Trachyandra
595894,Ursinia|28,28,True,Ursinia chrysanthemoides,Ursinia
595903,Ursinia|28,28,True,Ursinia heterodonta,Ursinia
595913,Ursinia|28,28,True,Ursinia paleacea,Ursinia
595921,Ursinia|28,28,True,Ursinia scariosa,Ursinia
596088,Wahlenbergia|28,28,True,Wahlenbergia desmantha,Wahlenbergia
596156,Wahlenbergia|28,28,True,Wahlenbergia procumbens,Wahlenbergia
596191,Wahlenbergia|28,28,True,Wahlenbergia tenella,Wahlenbergia
596197,Wahlenbergia|28,28,True,Wahlenbergia thunbergii,Wahlenbergia
596409,Zaluzianskya|45,45,False,Zaluzianskya pilosissima,Zaluzianskya
596413,Zaluzianskya|45,45,False,Zaluzianskya regalis,Zaluzianskya
596633,Erica|45,45,True,Erica grandiflora,Erica
603380,Elatostema|123,123,True,Elatostema platyphyllum,Elatostema
603607,Helichrysum|64,64,False,Helichrysum nitens,Helichrysum
604293,Viburnum|123,123,True,Viburnum luzonicum,Viburnum
604580,Encyclia|78,78,True,Encyclia granitica,Encyclia
604584,Lepanthes|77,77,False,Lepanthes monoptera,Lepanthes
606314,Viola|123,123,True,Viola formosana,Viola
606845,Ranunculus|34,34,True,Ranunculus anemoneus,Ranunculus
622606,Stylidium|32,32,False,Stylidium repens,Stylidium
623016,Verticordia|50,50,False,Verticordia nobilis,Verticordia
623587,Polycarpaea|116,116,False,Polycarpaea nivea,Polycarpaea
624183,Chuquiraga|23,23,False,Chuquiraga erinacea,Chuquiraga
624337,Centropogon|94,94,False,Centropogon gutierrezii,Centropogon
625478,Andryala|116,116,False,Andryala glandulosa,Andryala
625502,Helichrysum|116,116,True,Helichrysum devium,Helichrysum
627208,Hedyotis|122,122,True,Hedyotis uncinella,Hedyotis
628885,Barbacenia|42,42,True,Barbacenia tomentosa,Barbacenia
630591,Peixotoa|60,60,True,Peixotoa tomentosa,Peixotoa
631402,Conospermum|50,50,True,Conospermum crassinervium,Conospermum
635200,Thalictrum|121,121,True,Thalictrum reniforme,Thalictrum
635239,Drosera|32,32,True,Drosera platypoda,Drosera
635249,Drosera|32,32,True,Drosera erythrogyne,Drosera
635251,Drosera|32,32,True,Drosera modesta,Drosera
635282,Drosera|32,32,True,Drosera huegelii,Drosera
636301,Chuquiraga|23,23,False,Chuquiraga oppositifolia,Chuquiraga
637560,Pimelea|50,50,True,Pimelea ciliata,Pimelea
638157,Lepanthes|77,77,False,Lepanthes troxis,Lepanthes
699263,Micromeria|116,116,True,Micromeria hyssopifolia,Micromeria
699383,Convolvulus|118,118,True,Convolvulus stachydifolius,Convolvulus
699908,Hydrocotyle|52,52,True,Hydrocotyle acutiloba,Hydrocotyle
700633,Oxalis|28,28,True,Oxalis confertifolia,Oxalis
701042,Pogostemon|102,102,True,Pogostemon deccanensis,Pogostemon
701246,Eupatorium|123,123,False,Eupatorium tashiroi,Eupatorium
701306,Leptospermum|52,52,False,Leptospermum grandifolium,Leptospermum
701928,Sedum|123,123,True,Sedum morrisonense,Sedum
702017,Polycarpaea|116,116,False,Polycarpaea latifolia,Polycarpaea
702383,Pericallis|116,116,True,Pericallis lanata,Pericallis
702397,Andryala|116,116,False,Andryala pinnatifida,Andryala
702875,Melicope|123,123,True,Melicope semecarpifolia,Melicope
703644,Trifolium|118,118,True,Trifolium erubescens,Trifolium
703843,Eulophia|63,63,True,Eulophia milnei,Eulophia
703869,Streptocarpus|64,64,False,Streptocarpus eylesii,Streptocarpus
704167,Vicia|118,118,True,Vicia cuspidata,Vicia
705062,Veronica|118,118,True,Veronica panormitana,Veronica
705119,Banksia|50,50,False,Banksia fraseri,Banksia
705275,Sedum|123,123,True,Sedum actinocarpum,Sedum
705287,Haplopappus|41,41,True,Haplopappus foliosus,Haplopappus
705904,Hypericum|123,123,True,Hypericum geminiflorum,Hypericum
707256,Daphne|121,121,False,Daphne papyracea,Daphne
707582,Hakea|32,32,True,Hakea tuberculata,Hakea
708335,Rhododendron|86,86,True,Rhododendron rugosum,Rhododendron
708831,Sipanea|78,78,True,Sipanea pratensis,Sipanea
708905,Viburnum|123,123,True,Viburnum taitoense,Viburnum
709077,Eupatorium|123,123,False,Eupatorium amabile,Eupatorium
709081,Eupatorium|123,123,False,Eupatorium kiirunense,Eupatorium
709146,Viola|158,158,False,Viola uniflora,Viola
710098,Acacia|32,32,False,Acacia biflora,Acacia
711445,Viola|158,158,False,Viola dissecta,Viola
711664,Elatostema|123,123,True,Elatostema parvum,Elatostema
715288,Monochaetum|77,77,False,Monochaetum lineatum,Monochaetum
716934,Eremurus|138,138,False,Eremurus stenophyllus,Eremurus
735326,Chaetanthera|41,41,False,Chaetanthera lanata,Chaetanthera
736907,Hypericum|123,123,True,Hypericum sampsonii,Hypericum
736977,Rubus|123,123,True,Rubus parviaraliifolius,Rubus
737126,Lepidagathis|102,102,True,Lepidagathis cristata,Lepidagathis
737471,Daviesia|50,50,False,Daviesia hakeoides,Daviesia
738163,Torenia|122,122,True,Torenia fordii,Torenia
738830,Veronica|118,118,True,Veronica orientalis,Veronica
739319,Corydalis|123,123,True,Corydalis ophiocarpa,Corydalis
739801,Cytisus|134,134,False,Cytisus oromediterraneus,Cytisus
740971,Ranunculus|123,123,True,Ranunculus formosa-montanus,Ranunculus
741410,Hypericum|123,123,True,Hypericum nagasawae,Hypericum
746904,Mutisia|41,41,True,Mutisia rosea,Mutisia
747528,Leucocoryne|41,41,False,Leucocoryne vittata,Leucocoryne
751501,Euphorbia|118,118,True,Euphorbia reuteriana,Euphorbia
752167,Corydalis|123,123,True,Corydalis formosana,Corydalis
752465,Bistorta|121,121,False,Bistorta amplexicaulis,Bistorta
765237,Melaleuca|70,70,True,Melaleuca nervosa,Melaleuca
769050,Salvia|93,93,False,Salvia vazquezii,Salvia
769293,Bothriospermum|140,140,True,Bothriospermum chinense,Bothriospermum
769295,Bothriospermum|140,140,True,Bothriospermum kusnetzowii,Bothriospermum
769296,Bothriospermum|140,140,True,Bothriospermum secundum,Bothriospermum
769976,Heliotropium|119,119,True,Heliotropium brevilimbe,Heliotropium
770066,Heliotropium|119,119,True,Heliotropium kotschyi,Heliotropium
771814,Diplacus|111,111,True,Diplacus brevipes,Diplacus
774023,Corydalis|140,140,False,Corydalis raddeana,Corydalis
774024,Corydalis|140,140,False,Corydalis bungeana,Corydalis
774563,Lysimachia|123,123,True,Lysimachia capillipes,Lysimachia
774566,Lysimachia|123,123,True,Lysimachia remota,Lysimachia
774718,Rubus|123,123,True,Rubus taiwanicola,Rubus
774793,Elatostema|123,123,True,Elatostema microcephalanthum,Elatostema
776973,Hibbertia|70,70,True,Hibbertia melhanioides,Hibbertia
778116,Valeriana|155,155,False,Valeriana wolgensis,Valeriana
780290,Ceropegia|102,102,True,Ceropegia santapaui,Ceropegia
780507,Taxandria|32,32,False,Taxandria parviceps,Taxandria
780541,Utricularia|102,102,True,Utricularia arcuata,Utricularia
781125,Corydalis|140,140,False,Corydalis edulis,Corydalis
781155,Melaleuca|32,32,False,Melaleuca transversa,Melaleuca
781158,Melaleuca|32,32,False,Melaleuca anisandra,Melaleuca
781164,Melaleuca|32,32,False,Melaleuca jonesii,Melaleuca
781622,Ceropegia|102,102,True,Ceropegia huberi,Ceropegia
781701,Drosera|32,32,True,Drosera marchantii,Drosera
782137,Lepanthes|94,94,False,Lepanthes falx-bellica,Lepanthes
782301,Conostylis|50,50,False,Conostylis juncea,Conostylis
784808,Taxandria|32,32,False,Taxandria linearifolia,Taxandria
785419,Viola|5,5,False,Viola tridentata,Viola
786063,Senecio|24,24,False,Senecio brasiliensis,Senecio
787329,Rubus|123,123,True,Rubus taitoensis,Rubus
787918,Ptilotus|69,69,False,Ptilotus fusiformis,Ptilotus
789749,Sprengelia|52,52,False,Sprengelia monticola,Sprengelia
790139,Grevillea|32,32,False,Grevillea quercifolia,Grevillea
790259,Prostanthera|52,52,False,Prostanthera linearis,Prostanthera
790303,Senecio|24,24,False,Senecio selloi,Senecio
790526,Caladenia|33,33,True,Caladenia reticulata,Caladenia
790654,Tigridia|93,93,False,Tigridia longispatha,Tigridia
792590,Olearia|33,33,True,Olearia tubuliflora,Olearia
794147,Mutisia|41,41,True,Mutisia linifolia,Mutisia
794157,Mutisia|41,41,True,Mutisia retrorsa,Mutisia
794602,Soroseris|121,121,False,Soroseris depressa,Soroseris
794605,Soroseris|121,121,False,Soroseris hookeriana,Soroseris
794607,Soroseris|121,121,False,Soroseris teres,Soroseris
794717,Melicope|123,123,True,Melicope triphylla,Melicope
796084,Lathyrus|157,157,True,Lathyrus gmelinii,Lathyrus
803026,Tricoryne|52,52,False,Tricoryne anceps,Tricoryne
803056,Ceropegia|102,102,True,Ceropegia sahyadrica,Ceropegia
803892,Hibbertia|32,32,False,Hibbertia pilosa,Hibbertia
803966,Clusia|78,78,True,Clusia nemorosa,Clusia
804412,Verticordia|50,50,False,Verticordia grandis,Verticordia
804469,Veronica|52,52,False,Veronica gracilis,Veronica
805539,Caladenia|33,33,True,Caladenia stricta,Caladenia
809371,Trachymene|50,50,False,Trachymene anisocarpa,Trachymene
816306,Centaurea|116,116,False,Centaurea involucrata,Centaurea
818673,Eremurus|138,138,False,Eremurus lactiflorus,Eremurus
820857,Onobrychis|138,138,False,Onobrychis chorassanica,Onobrychis
820956,Verbascum|118,118,False,Verbascum eremobium,Verbascum
824441,Tribulus|119,119,True,Tribulus macropterus,Tribulus
825100,Viola|123,123,True,Viola confusa,Viola
828857,Drymonia|94,94,True,Drymonia warszewicziana,Drymonia
829096,Eupatorium|123,123,False,Eupatorium shimadae,Eupatorium
829501,Diuris|32,32,True,Diuris littoralis,Diuris
829536,Chloraea|23,23,False,Chloraea bidentata,Chloraea
829547,Chloraea|23,23,False,Chloraea cylindrostachya,Chloraea
829575,Chloraea|23,23,False,Chloraea lechleri,Chloraea
829582,Chloraea|23,23,False,Chloraea nudilabia,Chloraea
830676,Logania|33,33,True,Logania recurva,Logania
834370,Lathyrus|157,157,True,Lathyrus humilis,Lathyrus
836504,Hibbertia|32,32,False,Hibbertia stellaris,Hibbertia
840324,Drosera|60,60,False,Drosera hirtella,Drosera
841443,Verticordia|50,50,False,Verticordia brachypoda,Verticordia
841591,Pimelea|50,50,True,Pimelea argentea,Pimelea
841603,Pimelea|50,50,True,Pimelea imbricata,Pimelea
842444,Potentilla|120,120,True,Potentilla purpurea,Potentilla
848263,Epidendrum|59,59,True,Epidendrum bambusiforme,Epidendrum
850757,Hakea|32,32,True,Hakea baxteri,Hakea
851018,Lobelia|93,93,False,Lobelia volcanica,Lobelia
851358,Goodenia|32,32,True,Goodenia eatoniana,Goodenia
851421,Goodenia|32,32,True,Goodenia micrantha,Goodenia
851613,Astartea|50,50,True,Astartea affinis,Astartea
851627,Astartea|50,50,True,Astartea leptophylla,Astartea
851635,Astartea|50,50,True,Astartea scoparia,Astartea
852127,Leucheria|41,41,True,Leucheria rosea,Leucheria
852593,Cirsium|137,137,False,Cirsium obvallatum,Cirsium
852594,Cirsium|137,137,False,Cirsium simplex,Cirsium
852606,Peixotoa|60,60,True,Peixotoa goiana,Peixotoa
852858,Arboa|65,65,False,Arboa berneriana,Arboa
852859,Arboa|65,65,False,Arboa integrifolia,Arboa
852861,Arboa|65,65,False,Arboa madagascariensis,Arboa
853102,Turnera|61,61,False,Turnera blanchetiana,Turnera
853113,Turnera|61,61,False,Turnera cearensis,Turnera
853114,Turnera|61,61,False,Turnera chamaedrifolia,Turnera
853154,Turnera|61,61,False,Turnera hermannioides,Turnera
853743,Astragalus|140,140,True,Astragalus davuricus,Astragalus
854272,Leptosiphon|129,129,False,Leptosiphon chrysanthus,Leptosiphon
854354,Craspedia|34,34,True,Craspedia costiniana,Craspedia
854355,Craspedia|34,34,True,Craspedia alba,Craspedia
854402,Xerochrysum|34,34,False,Xerochrysum collierianum,Xerochrysum
854404,Xerochrysum|34,34,False,Xerochrysum milliganii,Xerochrysum
855006,Maxillaria|77,77,True,Maxillaria alticola,Maxillaria
855068,Noticastrum|24,24,True,Noticastrum sericeum,Noticastrum
855270,Polycarpaea|116,116,False,Polycarpaea carnosa,Polycarpaea
856072,Hibbertia|33,33,True,Hibbertia australis,Hibbertia
856543,Daphne|121,121,False,Daphne retusa,Daphne
856746,Stachys|137,137,False,Stachys atherocalyx,Stachys
858248,Bupleurum|157,157,False,Bupleurum bicaule,Bupleurum
858918,Calanthe|53,53,True,Calanthe hololeuca,Calanthe
859182,Thysanotus|32,32,False,Thysanotus thyrsoideus,Thysanotus
859830,Veronica|52,52,False,Veronica arcuata,Veronica
860863,Hibbertia|53,53,True,Hibbertia trachyphylla,Hibbertia
861488,Anemonastrum|158,158,True,Anemonastrum dichotomum,Anemonastrum
861919,Arctotis|45,45,False,Arctotis breviscapa,Arctotis
861967,Pericallis|116,116,True,Pericallis murrayi,Pericallis
862380,Lomandra|32,32,True,Lomandra pauciflora,Lomandra
862393,Lachenalia|27,27,True,Lachenalia liliiflora,Lachenalia
862407,Lomandra|32,32,True,Lomandra integra,Lomandra
862704,Scilla|137,137,False,Scilla siberica,Scilla
862734,Scilla|137,137,False,Scilla rosenii,Scilla
862739,Scilla|137,137,False,Scilla monanthos,Scilla
866081,Vincetoxicum|140,140,True,Vincetoxicum inamoenum,Vincetoxicum
866561,Hydrangea|141,141,True,Hydrangea alternifolia,Hydrangea
866739,Bistorta|121,121,False,Bistorta macrophylla,Bistorta
867284,Tigridia|93,93,False,Tigridia convoluta,Tigridia
867455,Solanum|78,78,False,Solanum subinerme,Solanum
867603,Henriettea|78,78,True,Henriettea caudata,Henriettea
867883,Chamaecrista|61,61,False,Chamaecrista ramosa,Chamaecrista
868078,Bistorta|121,121,False,Bistorta griffithii,Bistorta
868106,Chaetanthera|41,41,False,Chaetanthera incana,Chaetanthera
868701,Limonium|116,116,False,Limonium macrophyllum,Limonium
869031,Bupleurum|157,157,False,Bupleurum martjanovii,Bupleurum
869061,Leucheria|41,41,True,Leucheria salinae,Leucheria
869998,Lobivia|59,59,False,Lobivia cinnabarina,Lobivia
870009,Lobivia|59,59,False,Lobivia ferox,Lobivia
870033,Lobivia|59,59,False,Lobivia pentlandii,Lobivia
870649,Valeriana|155,155,False,Valeriana rossica,Valeriana
871332,Eremurus|138,138,False,Eremurus czatkalicus,Eremurus
871508,Caladenia|32,32,False,Caladenia rhomboidiformis,Caladenia
871509,Caladenia|32,32,False,Caladenia ensata,Caladenia
872528,Anemonastrum|158,158,True,Anemonastrum baicalense,Anemonastrum
873766,Leucheria|41,41,True,Leucheria floribunda,Leucheria
873768,Nicotiana|59,59,False,Nicotiana tabacum,Nicotiana
873915,Convolvulus|118,118,True,Convolvulus secundus,Convolvulus
874868,Rubus|123,123,True,Rubus incanus,Rubus
876995,Pericallis|116,116,True,Pericallis echinata,Pericallis
878445,Tribulus|119,119,True,Tribulus arabicus,Tribulus
883734,Maxillaria|77,77,True,Maxillaria standleyi,Maxillaria
884775,Oedera|28,28,True,Oedera calycina,Oedera
884816,Hydrangea|141,141,True,Hydrangea serrata,Hydrangea
886370,Ipomoea|50,50,False,Ipomoea yardiensis,Ipomoea
887378,Veronica|118,118,True,Veronica polifolia,Veronica
887393,Tillandsia|41,41,False,Tillandsia australis,Tillandsia
888451,Lathyrus|118,118,True,Lathyrus inconspicuus,Lathyrus
890452,Streptocarpus|64,64,False,Streptocarpus goetzei,Streptocarpus
890622,Senecio|24,24,False,Senecio pulcher,Senecio
892006,Petrophile|32,32,False,Petrophile squamata,Petrophile
892007,Taxandria|32,32,False,Taxandria marginata,Taxandria
893921,Spyridium|33,33,True,Spyridium halmaturinum,Spyridium
893925,Logania|33,33,True,Logania ovata,Logania
894977,Helichrysum|64,64,False,Helichrysum kirkii,Helichrysum
895341,Trichocentrum|93,93,False,Trichocentrum pendulum,Trichocentrum
895655,Drosera|32,32,True,Drosera verrucata,Drosera
895673,Drosera|32,32,True,Drosera scorpioides,Drosera
896444,Trachymene|50,50,False,Trachymene ornata,Trachymene
897785,Gastrolobium|50,50,True,Gastrolobium polystachyum,Gastrolobium
898507,Anemone|138,138,False,Anemone bucharica,Anemone
902208,Chresta|60,60,True,Chresta sphaerocephala,Chresta
903837,Eucalyptus|70,70,True,Eucalyptus paedoglauca,Eucalyptus
904096,Lepidagathis|102,102,True,Lepidagathis trinervis,Lepidagathis
904193,Sprengelia|52,52,False,Sprengelia sprengelioides,Sprengelia
905258,Chamaecrista|61,61,False,Chamaecrista duckeana,Chamaecrista
906668,Bossiaea|32,32,False,Bossiaea webbii,Bossiaea
907706,Acacia|32,32,False,Acacia gilbertii,Acacia
908087,Cirsium|137,137,False,Cirsium echinus,Cirsium
909614,Kunzea|50,50,False,Kunzea glabrescens,Kunzea
909630,Sphaerolobium|32,32,True,Sphaerolobium alatum,Sphaerolobium
910405,Hibbertia|70,70,True,Hibbertia longifolia,Hibbertia
910418,Hakea|50,50,False,Hakea invaginata,Hakea
911583,Oxalis|27,27,True,Oxalis dentata,Oxalis
914093,Epidendrum|59,59,True,Epidendrum splendens,Epidendrum
914402,Bistorta|121,121,False,Bistorta vacciniifolia,Bistorta
914404,Persicaria|123,123,True,Persicaria runcinata,Persicaria
914865,Drosera|32,32,True,Drosera australis,Drosera
915306,Persicaria|123,123,True,Persicaria japonica,Persicaria
916935,Pimelea|70,70,True,Pimelea decora,Pimelea
918394,Mimosa|61,61,False,Mimosa sensitiva,Mimosa
919863,Hakea|52,52,False,Hakea propinqua,Hakea
920553,Senna|61,61,True,Senna georgica,Senna
920958,Swertia|82,82,False,Swertia kilimandscharica,Swertia
922632,Hibbertia|32,32,False,Hibbertia grossulariifolia,Hibbertia
924430,Rubus|131,131,True,Rubus repens,Rubus
925179,Baccharis|24,24,False,Baccharis aliena,Baccharis
926535,Orobanche|137,137,True,Orobanche kurdica,Orobanche
926897,Ageratina|77,77,True,Ageratina vacciniifolia,Ageratina
928749,Barbacenia|42,42,True,Barbacenia squamata,Barbacenia
928766,Barbacenia|42,42,True,Barbacenia purpurea,Barbacenia
929137,Vellozia|42,42,False,Vellozia obtecta,Vellozia
929152,Vellozia|42,42,False,Vellozia intermedia,Vellozia
929163,Vellozia|42,42,False,Vellozia graminea,Vellozia
929600,Drosera|32,32,True,Drosera intricata,Drosera
929606,Utricularia|32,32,True,Utricularia benthamii,Utricularia
930767,Torenia|122,122,True,Torenia oblonga,Torenia
930797,Torenia|122,122,True,Torenia biniflora,Torenia
930840,Androsace|135,135,True,Androsace chamaejasme,Androsace
931007,Anemonastrum|158,158,True,Anemonastrum crinitum,Anemonastrum
931094,Dillwynia|52,52,False,Dillwynia brunioides,Dillwynia
931626,Peixotoa|60,60,True,Peixotoa reticulata,Peixotoa
932013,Conospermum|32,32,True,Conospermum caeruleum,Conospermum
932658,Chorizema|32,32,False,Chorizema glycinifolium,Chorizema
933533,Ipomoea|50,50,False,Ipomoea muelleri,Ipomoea
934443,Diascia|45,45,True,Diascia whiteheadii,Diascia
934495,Cheirolophus|116,116,True,Cheirolophus webbianus,Cheirolophus
934497,Cheirolophus|116,116,True,Cheirolophus arbutifolius,Cheirolophus
934499,Cheirolophus|116,116,True,Cheirolophus burchardii,Cheirolophus
934674,Swertia|82,82,False,Swertia uniflora,Swertia
934867,Swertia|82,82,False,Swertia crassiuscula,Swertia
934900,Dorstenia|42,42,False,Dorstenia urceolata,Dorstenia
934918,Dorstenia|42,42,False,Dorstenia romaniucii,Dorstenia
934923,Dorstenia|42,42,False,Dorstenia ramosa,Dorstenia
934948,Dorstenia|42,42,False,Dorstenia hirta,Dorstenia
935866,Strobilanthes|103,103,True,Strobilanthes lupulina,Strobilanthes
936075,Ruellia|61,61,False,Ruellia bahiensis,Ruellia
936553,Espeletia|77,77,True,Espeletia tibamoensis,Espeletia
936711,Philodendron|94,94,True,Philodendron findens,Philodendron
937257,Caladenia|50,50,False,Caladenia saccharata,Caladenia
938910,Salvia|45,45,True,Salvia africana,Salvia
939787,Chresta|60,60,True,Chresta angustifolia,Chresta
940133,Strobilanthes|103,103,True,Strobilanthes cordifolia,Strobilanthes
940755,Strobilanthes|103,103,True,Strobilanthes walkeri,Strobilanthes
941586,Melaleuca|70,70,True,Melaleuca borealis,Melaleuca
949146,Hakea|50,50,False,Hakea anadenia,Hakea
950255,Achyranthemum|28,28,True,Achyranthemum paniculatum,Achyranthemum
950259,Achyranthemum|28,28,True,Achyranthemum striatum,Achyranthemum
950260,Achyranthemum|28,28,True,Achyranthemum affine,Achyranthemum
950587,Anemonoides|155,155,True,Anemonoides uralensis,Anemonoides
950596,Anemonoides|155,155,True,Anemonoides ranunculoides,Anemonoides
950621,Anemonoides|155,155,True,Anemonoides altaica,Anemonoides
952048,Anemone|138,138,False,Anemone baissunensis,Anemone
952501,Tetratheca|50,50,False,Tetratheca hirsuta,Tetratheca
952731,Pultenaea|33,33,True,Pultenaea trinervis,Pultenaea
954781,Daviesia|32,32,False,Daviesia inflata,Daviesia
955074,Leptospermum|52,52,False,Leptospermum arachnoides,Leptospermum
955176,Gastrolobium|32,32,True,Gastrolobium velutinum,Gastrolobium
955269,Chaetanthera|41,41,False,Chaetanthera linearis,Chaetanthera
955272,Chaetanthera|41,41,False,Chaetanthera flabellata,Chaetanthera
955362,Onobrychis|138,138,False,Onobrychis echidna,Onobrychis
955555,Psychotria|53,53,True,Psychotria rupicola,Psychotria
956262,Calanthe|53,53,True,Calanthe ventilabrum,Calanthe
956760,Spyridium|33,33,True,Spyridium phylicoides,Spyridium
958256,Henriettea|78,78,True,Henriettea ininiensis,Henriettea
958945,Dendrobium|53,53,False,Dendrobium poissonianum,Dendrobium
959479,Chamaecrista|61,61,False,Chamaecrista supplex,Chamaecrista
959830,Ageratina|77,77,True,Ageratina gynoxoides,Ageratina
959929,Spyridium|33,33,True,Spyridium waterhousei,Spyridium
961034,Eulophia|63,63,True,Eulophia rolfeana,Eulophia
963570,Scaevola|32,32,False,Scaevola microphylla,Scaevola
963744,Calea|77,77,False,Calea bucaramangensis,Calea
963752,Calea|42,42,False,Calea clematidea,Calea
963760,Calea|42,42,False,Calea cymosa,Calea
963780,Calea|60,60,True,Calea hymenolepis,Calea
963785,Calea|60,60,True,Calea irwinii,Calea
963830,Calea|42,42,False,Calea pinnatifida,Calea
963849,Calea|77,77,False,Calea sessiliflora,Calea
963850,Calea|60,60,True,Calea sickii,Calea
963987,Pelargonium|27,27,True,Pelargonium psammophilum,Pelargonium
964117,Ranunculus|34,34,True,Ranunculus millanii,Ranunculus
964721,Sedum|123,123,True,Sedum sasakii,Sedum
965438,Limonium|116,116,False,Limonium puberulum,Limonium
966576,Eulophia|63,63,True,Eulophia macaulayae,Eulophia
967278,Baccharis|24,24,False,Baccharis punctulata,Baccharis
967411,Limonium|116,116,False,Limonium imbricatum,Limonium
971755,Centaurea|118,118,True,Centaurea cyanoides,Centaurea
971766,Centaurea|118,118,True,Centaurea axillaris,Centaurea
973188,Ptilotus|69,69,False,Ptilotus conicus,Ptilotus
973206,Ptilotus|69,69,False,Ptilotus giganteus,Ptilotus
973220,Alysicarpus|120,120,True,Alysicarpus hamosus,Alysicarpus
973402,Gastrolobium|50,50,True,Gastrolobium villosum,Gastrolobium
974212,Scaevola|32,32,False,Scaevola lanceolata,Scaevola
974964,Hibbertia|32,32,False,Hibbertia inclusa,Hibbertia
976615,Conospermum|50,50,True,Conospermum densiflorum,Conospermum
976778,Rhododendron|86,86,True,Rhododendron retivenium,Rhododendron
977402,Caladenia|50,50,False,Caladenia roei,Caladenia
977801,Baeckea|52,52,False,Baeckea diosmifolia,Baeckea
977896,Conospermum|32,32,True,Conospermum teretifolium,Conospermum
980696,Rhododendron|86,86,True,Rhododendron stenophyllum,Rhododendron
981186,Sannantha|53,53,False,Sannantha leratii,Sannantha
984220,Chamaecrista|61,61,False,Chamaecrista amiciella,Chamaecrista
985283,Euphorbia|101,101,False,Euphorbia hadramautica,Euphorbia
985497,Gynoxys|77,77,False,Gynoxys fuliginosa,Gynoxys
985537,Gynoxys|77,77,False,Gynoxys sodiroi,Gynoxys
985548,Gynoxys|77,77,False,Gynoxys tolimensis,Gynoxys
993965,Argyreia|103,103,False,Argyreia cheliensis,Argyreia
994332,Boronia|32,32,False,Boronia stricta,Boronia
995126,Argyreia|103,103,False,Argyreia siamensis,Argyreia
1006923,Astragalus|118,118,True,Astragalus echinus,Astragalus
1008687,Cipura|60,60,True,Cipura paradisiaca,Cipura
1013134,Stylidium|32,32,False,Stylidium rupestre,Stylidium
1013366,Micromeria|116,116,True,Micromeria lanata,Micromeria
1013520,Ipomoea|61,61,False,Ipomoea megapotamica,Ipomoea
1020943,Astragalus|158,158,False,Astragalus sericeocanus,Astragalus
1020975,Onobrychis|138,138,False,Onobrychis pulchella,Onobrychis
1023146,Oncidium|77,77,False,Oncidium ligiae,Oncidium
1028541,Hakea|32,32,True,Hakea ferruginea,Hakea
1028700,Solanum|45,45,False,Solanum humile,Solanum
1030413,Pancheria|53,53,True,Pancheria hirsuta,Pancheria
1031112,Baccharis|24,24,False,Baccharis oxyodonta,Baccharis
1031724,Noticastrum|24,24,True,Noticastrum acuminatum,Noticastrum
1032224,Limonium|116,116,False,Limonium bollei,Limonium
1032874,Petrophile|32,32,False,Petrophile longifolia,Petrophile
1032913,Petrophile|32,32,False,Petrophile anceps,Petrophile
1033026,Banksia|50,50,False,Banksia carlinoides,Banksia
1033128,Banksia|50,50,False,Banksia grossa,Banksia
1033154,Conospermum|50,50,True,Conospermum acerosum,Conospermum
1033345,Grevillea|32,32,False,Grevillea muelleri,Grevillea
1033354,Grevillea|32,32,False,Grevillea occidentalis,Grevillea
1033451,Hakea|50,50,False,Hakea costata,Hakea
1033455,Hakea|32,32,True,Hakea falcata,Hakea
1033458,Hakea|50,50,False,Hakea gilbertii,Hakea
1033475,Hakea|32,32,True,Hakea marginata,Hakea
1033497,Hakea|50,50,False,Hakea smilacifolia,Hakea
1033600,Isopogon|32,32,True,Isopogon longifolius,Isopogon
1033921,Leucopogon|32,32,True,Leucopogon oppositifolius,Leucopogon
1033950,Leucopogon|32,32,True,Leucopogon gibbosus,Leucopogon
1033961,Leucopogon|32,32,True,Leucopogon obovatus,Leucopogon
1033972,Leucopogon|32,32,True,Leucopogon rubricaulis,Leucopogon
1034000,Leucopogon|32,32,True,Leucopogon distans,Leucopogon
1035185,Leucopogon|32,32,True,Leucopogon interstans,Leucopogon
1035318,Erica|28,28,False,Erica bauera,Erica
1035371,Erica|28,28,False,Erica sparrmanni,Erica
1038696,Baeckea|52,52,False,Baeckea omissa,Baeckea
1038994,Micromeria|116,116,True,Micromeria lachnophylla,Micromeria
1041046,Acacia|32,32,False,Acacia pycnocephala,Acacia
1042371,Besleria|78,78,True,Besleria patrisii,Besleria
1043748,Melaleuca|70,70,True,Melaleuca pyramidalis,Melaleuca
1043839,Utricularia|32,32,True,Utricularia violacea,Utricularia
1044654,Ptilotus|69,69,False,Ptilotus spicatus,Ptilotus
1044700,Pedicularis|139,139,False,Pedicularis tristis,Pedicularis
1048923,Indigofera|27,27,True,Indigofera sp-aff-platypoda,Indigofera
1051083,Hibbertia|32,32,False,Hibbertia furfuracea,Hibbertia
1051326,Pedicularis|139,139,False,Pedicularis brachystachys,Pedicularis
1062114,Pancheria|53,53,True,Pancheria elegans,Pancheria
1062145,Prostanthera|52,52,False,Prostanthera teretifolia,Prostanthera
1062470,Hibbertia|53,53,True,Hibbertia pancheri,Hibbertia
1062471,Hibbertia|53,53,True,Hibbertia lucens,Hibbertia
1062524,Haplopappus|41,41,True,Haplopappus chrysanthemifolius,Haplopappus
1064540,Thalictrum|121,121,True,Thalictrum virgatum,Thalictrum
1066066,Chuquiraga|23,23,False,Chuquiraga rosulata,Chuquiraga
1067819,Mimosa|24,24,False,Mimosa sprengelii,Mimosa
1071571,Babiana|27,27,True,Babiana nervosa,Babiana
1071875,Patersonia|50,50,True,Patersonia babianoides,Patersonia
1071899,Patersonia|50,50,True,Patersonia pygmaea,Patersonia
1071901,Patersonia|50,50,True,Patersonia rudis,Patersonia
1072235,Strobilanthes|103,103,True,Strobilanthes diandra,Strobilanthes
1073562,Solanum|24,24,False,Solanum commersonii,Solanum
1079573,Mimosa|24,24,False,Mimosa rocae,Mimosa
1079977,Gompholobium|32,32,False,Gompholobium capitatum,Gompholobium
1080017,Caladenia|32,32,False,Caladenia straminichila,Caladenia
1081394,Eulophia|46,46,False,Eulophia welwitschii,Eulophia
1085001,Caladenia|32,32,False,Caladenia thinicola,Caladenia
1089993,Tricoryne|52,52,False,Tricoryne muricata,Tricoryne
1091369,Leucocoryne|41,41,False,Leucocoryne violacescens,Leucocoryne
1091443,Gompholobium|32,32,False,Gompholobium cyaninum,Gompholobium
1092289,Sipanea|78,78,True,Sipanea wilson-brownei,Sipanea
1092342,Sipanea|78,78,True,Sipanea ovalifolia,Sipanea
1092440,Clusia|78,78,True,Clusia blattophila,Clusia
1093922,Ruellia|78,78,True,Ruellia fulgens,Ruellia
1094835,Senecio|24,24,False,Senecio ostenii,Senecio
1094924,Stylidium|32,32,False,Stylidium preissii,Stylidium
1095664,Miconia|78,78,True,Miconia ceramicarpa,Miconia
1096643,Arnica|145,145,False,Arnica griscomii,Arnica
1096930,Stachys|137,137,False,Stachys iberica,Stachys
1098120,Clusia|78,78,True,Clusia panapanari,Clusia
1098330,Gompholobium|32,32,False,Gompholobium burtonioides,Gompholobium
1099225,Dillwynia|52,52,False,Dillwynia elegans,Dillwynia
1102161,Lepidagathis|102,102,True,Lepidagathis mitis,Lepidagathis
1103487,Cynorkis|64,64,True,Cynorkis anisoloba,Cynorkis
1105076,Chaetanthera|41,41,False,Chaetanthera schroederi,Chaetanthera
1106121,Oncidium|77,77,False,Oncidium lehmannii,Oncidium
1106380,Ageratina|77,77,True,Ageratina theifolia,Ageratina
1106564,Prostanthera|52,52,False,Prostanthera violacea,Prostanthera
1109811,Bulbophyllum|81,81,False,Bulbophyllum oxychilum,Bulbophyllum
1115379,Daviesia|34,34,False,Daviesia acicularis,Daviesia
1118048,Nothoscordum|24,24,True,Nothoscordum dialystemon,Nothoscordum
1119754,Espeletia|77,77,True,Espeletia corymbosa,Espeletia
1119756,Espeletia|77,77,True,Espeletia muiska,Espeletia
1120064,Besleria|78,78,True,Besleria insolita,Besleria
1120296,Caladenia|50,50,False,Caladenia georgei,Caladenia
1120833,Pancheria|53,53,True,Pancheria billardierei,Pancheria
1124675,Philodendron|94,94,True,Philodendron microstictum,Philodendron
1125100,Strobilanthes|103,103,True,Strobilanthes adenophora,Strobilanthes
1125136,Strobilanthes|103,103,True,Strobilanthes anceps,Strobilanthes
1125809,Anthurium|95,95,True,Anthurium jefense,Anthurium
1129198,Conostylis|50,50,False,Conostylis prolifera,Conostylis
1129536,Hermannia|28,28,False,Hermannia aff-denudata,Hermannia
1136404,Arctotis|45,45,False,Arctotis formosa,Arctotis
1136508,Lepanthes|77,77,False,Lepanthes effusa,Lepanthes
1136569,Stylidium|32,32,False,Stylidium pulchellum,Stylidium
1137850,Indigofera|27,27,True,Indigofera complanata,Indigofera
1142299,Boronia|50,50,True,Boronia ovata,Boronia
1143996,Salix|147,147,False,Salix pseudomyrsinites,Salix
1144182,Besleria|78,78,True,Besleria flavovirens,Besleria
1146036,Maxillaria|77,77,True,Maxillaria frontinoensis,Maxillaria
1146860,Stylidium|32,32,False,Stylidium spinulosum,Stylidium
1147515,Stylidium|32,32,False,Stylidium plantagineum,Stylidium
1149236,Hibbertia|33,33,True,Hibbertia setifera,Hibbertia
1150241,Centaurea|116,116,False,Centaurea maroccana,Centaurea
1150364,Weingartia|59,59,True,Weingartia neocumingii,Weingartia
1151813,Scaevola|32,32,False,Scaevola striata,Scaevola
1154572,Ruellia|61,61,False,Ruellia viscidula,Ruellia
1158673,Centropogon|94,94,False,Centropogon luteynii,Centropogon
1164551,Craspedia|34,34,True,Craspedia gracilis,Craspedia
1164919,Kunzea|50,50,False,Kunzea ciliata,Kunzea
1169162,Ziziphus|102,102,True,Ziziphus oenopolia,Ziziphus
1169181,Solanum|24,24,False,Solanum pilcomayense,Solanum
1180405,Eugenia|42,42,False,Eugenia stigmatosa,Eugenia
1180580,Bossiaea|52,52,False,Bossiaea neoanglica,Bossiaea
1182557,Stylidium|32,32,False,Stylidium imbricatum,Stylidium
1191050,Eugenia|42,42,False,Eugenia catharinae,Eugenia
1198721,Gompholobium|32,32,False,Gompholobium preissii,Gompholobium
1199706,Tillandsia|41,41,False,Tillandsia pedicellata,Tillandsia
1215180,Linochilus|77,77,False,Linochilus alveolatus,Linochilus
1218489,Linochilus|77,77,False,Linochilus eriophorus,Linochilus
1225020,Linochilus|77,77,False,Linochilus glutinosus,Linochilus
1225022,Linochilus|77,77,False,Linochilus heterophyllus,Linochilus
1225042,Linochilus|77,77,False,Linochilus revolutus,Linochilus
1225047,Linochilus|77,77,False,Linochilus rosmarinifolius,Linochilus
1225057,Linochilus|77,77,False,Linochilus tenuifolius,Linochilus
1225148,Mimosa|24,24,False,Mimosa australis,Mimosa
1225419,Clusia|78,78,True,Clusia cuneata,Clusia
1226457,Habenaria|78,78,False,Habenaria schwackei,Habenaria
1227503,Evolvulus|61,61,False,Evolvulus saxifragus,Evolvulus
1230248,Spermacoce|69,69,False,Spermacoce leptoloba,Spermacoce
1231133,Ptilotus|69,69,False,Ptilotus corymbosus,Ptilotus
1232991,Mimosa|24,24,False,Mimosa amphigena,Mimosa
1233701,Mitrasacme|69,69,False,Mitrasacme nummularia,Mitrasacme
1238461,Pogostemon|102,102,True,Pogostemon pubescens,Pogostemon
1239569,Hibbertia|32,32,False,Hibbertia depressa,Hibbertia
1239747,Acacia|32,32,False,Acacia subcaerulea,Acacia
1241172,Taxandria|32,32,False,Taxandria angustifolia,Taxandria
1242446,Spyridium|33,33,True,Spyridium nitidum,Spyridium
1243308,Eugenia|42,42,False,Eugenia paracatuana,Eugenia
1243858,Bossiaea|32,32,False,Bossiaea praetermissa,Bossiaea
1243890,Chorizema|32,32,False,Chorizema trigonum,Chorizema
1244032,Jacksonia|50,50,True,Jacksonia lehmannii,Jacksonia
1244047,Jacksonia|32,32,True,Jacksonia capitata,Jacksonia
1244067,Daviesia|32,32,False,Daviesia trigonophylla,Daviesia
1244068,Daviesia|50,50,False,Daviesia cardiophylla,Daviesia
1244093,Daviesia|32,32,False,Daviesia emarginata,Daviesia
1244096,Daviesia|32,32,False,Daviesia decipiens,Daviesia
1244199,Gastrolobium|50,50,True,Gastrolobium linearifolium,Gastrolobium
1246025,Hibbertia|32,32,False,Hibbertia pulchra,Hibbertia
1248015,Caladenia|50,50,False,Caladenia erythronema,Caladenia
1248030,Caladenia|50,50,False,Caladenia fluvialis,Caladenia
1248991,Stylidium|32,32,False,Stylidium diademum,Stylidium
1249987,Tetratheca|50,50,False,Tetratheca virgata,Tetratheca
1250011,Tetratheca|50,50,False,Tetratheca confertifolia,Tetratheca
1252839,Psychotria|53,53,True,Psychotria coptosperma,Psychotria
1253286,Codia|53,53,False,Codia discolor,Codia
1253289,Pancheria|53,53,True,Pancheria engleriana,Pancheria
1253290,Codia|53,53,False,Codia nitida,Codia
1253299,Pancheria|53,53,True,Pancheria ternata,Pancheria
1253808,Acacia|32,32,False,Acacia subracemosa,Acacia
1253838,Acacia|70,70,False,Acacia jackesiana,Acacia
1253845,Acacia|32,32,False,Acacia uliginosa,Acacia
1254386,Acacia|32,32,False,Acacia luteola,Acacia
1254637,Pavonia|24,24,False,Pavonia betonicifolia,Pavonia
1254856,Acacia|32,32,False,Acacia squamata,Acacia
1259391,Eulophia|63,63,True,Eulophia tricristata,Eulophia
1260432,Jacquemontia|61,61,True,Jacquemontia corymbulosa,Jacquemontia
1261692,Stylidium|51,51,True,Stylidium turleyae,Stylidium
1261962,Pimelea|70,70,True,Pimelea confertiflora,Pimelea
1263317,Baccharis|24,24,False,Baccharis arenaria,Baccharis
1263938,Anemone|138,138,False,Anemone tschernaewii,Anemone
1264600,Zephyranthes|24,24,False,Zephyranthes bifida,Zephyranthes
1264655,Zephyranthes|24,24,False,Zephyranthes estensis,Zephyranthes
1264994,Jacquemontia|61,61,True,Jacquemontia mucronifera,Jacquemontia
1274241,Hibbertia|33,33,True,Hibbertia villifera,Hibbertia
1276012,Psychotria|53,53,True,Psychotria gabriellae,Psychotria
1278453,Pterostylis|34,34,False,Pterostylis unicornis,Pterostylis
1279778,Dendrobium|53,53,False,Dendrobium closterium,Dendrobium
1279779,Dendrobium|53,53,False,Dendrobium virotii,Dendrobium
1284122,Spermacoce|69,69,False,Spermacoce stenophylla,Spermacoce
1284421,Codia|53,53,False,Codia montana,Codia
1287116,Ruellia|78,78,True,Ruellia rubra,Ruellia
1298129,Senna|61,61,True,Senna aversiflora,Senna
1308767,Bulbophyllum|81,81,False,Bulbophyllum comatum,Bulbophyllum
1309448,Baccharis|24,24,False,Baccharis genistifolia,Baccharis
1318581,Stylidium|51,51,True,Stylidium salmoneum,Stylidium
1322241,Styphelia|50,50,False,Styphelia pallida,Styphelia
1327450,Burmannia|104,104,False,Burmannia oblonga,Burmannia
1332737,Psychotria|53,53,True,Psychotria baillonii,Psychotria
1339638,Miconia|78,78,True,Miconia aliquantula,Miconia
1339659,Miconia|78,78,True,Miconia diaphanea,Miconia
1341616,Gastrolobium|50,50,True,Gastrolobium spathulatum,Gastrolobium
1347903,Ipomoea|50,50,False,Ipomoea costata,Ipomoea
1349278,Micromeria|116,116,True,Micromeria lasiophylla,Micromeria
1349529,Salvia|93,93,False,Salvia polystachia,Salvia
1350246,Rudgea|78,78,True,Rudgea stipulacea,Rudgea
1350418,Rudgea|78,78,True,Rudgea pungens,Rudgea
1352574,Lepanthes|77,77,False,Lepanthes matisii,Lepanthes
1352867,Salvia|93,93,False,Salvia chalarothyrsa,Salvia
1353260,Dichaea|78,78,True,Dichaea venezuelensis,Dichaea
1354140,Solanum|78,78,False,Solanum oppositifolium,Solanum
1354142,Solanum|78,78,False,Solanum morii,Solanum
1357978,Rudgea|78,78,True,Rudgea lanceifolia,Rudgea
1358025,Sipanea|78,78,True,Sipanea biflora,Sipanea
1360939,Oncidium|77,77,False,Oncidium tipuloides,Oncidium
1361897,Trichocentrum|93,93,False,Trichocentrum natalieae,Trichocentrum
1362811,Maxillaria|77,77,True,Maxillaria mapiriensis,Maxillaria
1363220,Argyreia|103,103,False,Argyreia ionantha,Argyreia
1364920,Begonia|105,105,False,Begonia sorsogonensis,Begonia
1365717,Hibbertia|69,69,False,Hibbertia cravenii,Hibbertia
1365720,Hibbertia|69,69,False,Hibbertia goyderi,Hibbertia
1365723,Hibbertia|69,69,False,Hibbertia haplostemona,Hibbertia
1368958,Hibbertia|70,70,True,Hibbertia concinna,Hibbertia
1372365,Psychotria|53,53,True,Psychotria calothyrsa,Psychotria
1372889,Habenaria|78,78,False,Habenaria spathulifera,Habenaria
1373319,Indigofera|28,28,False,Indigofera priorii,Indigofera
1375466,Vicia|118,118,True,Vicia orientalis,Vicia
1375909,Habenaria|78,78,False,Habenaria sprucei,Habenaria
1393223,Viola|158,158,False,Viola incisa,Viola
1393413,Micromeria|116,116,True,Micromeria helianthemifolia,Micromeria
1393778,Encyclia|78,78,True,Encyclia guianensis,Encyclia
1394715,Lepidagathis|102,102,True,Lepidagathis mahakassapae,Lepidagathis
1398087,Hibbertia|69,69,False,Hibbertia caudice,Hibbertia
1399912,Begonia|105,105,False,Begonia lagunensis,Begonia
1401891,Bossiaea|52,52,False,Bossiaea concolor,Bossiaea
1405712,Cynorkis|64,64,True,Cynorkis kirkii,Cynorkis
1412019,Tapeinosperma|53,53,True,Tapeinosperma squarrosum,Tapeinosperma
1413563,Mimosa|24,24,False,Mimosa tandilensis,Mimosa
1416060,Romulea|45,45,False,Romulea luteiflora,Romulea
1418536,Styphelia|50,50,False,Styphelia nitens,Styphelia
1418973,Goodenia|32,32,True,Goodenia brendannarum,Goodenia
1419339,Vincetoxicum|140,140,True,Vincetoxicum versicolor,Vincetoxicum
1419468,Sphaerolobium|32,32,True,Sphaerolobium hygrophilum,Sphaerolobium
1420823,Petrophile|32,32,False,Petrophile axillaris,Petrophile
1423442,Dendrophyllanthus|53,53,True,Dendrophyllanthus serpentinus,Dendrophyllanthus
1423443,Dendrophyllanthus|53,53,True,Dendrophyllanthus tiebaghiensis,Dendrophyllanthus
1425348,Mitrasacme|69,69,False,Mitrasacme subvolubilis,Mitrasacme
1428386,Styphelia|50,50,False,Styphelia serratifolia,Styphelia
1431708,Gladiolus|27,27,True,Gladiolus jonquilodorus,Gladiolus
1432906,Levenhookia|50,50,False,Levenhookia aestiva,Levenhookia
1433132,Androsace|134,134,False,Androsace argentea,Androsace
1434174,Psoralea|45,45,True,Psoralea hirta,Psoralea
1434307,Psoralea|45,45,True,Psoralea bolusii,Psoralea
1434378,Myrcia|78,78,True,Myrcia graciliflora,Myrcia
1434888,Hibbertia|70,70,True,Hibbertia bicarpellata,Hibbertia
1447160,Spermacoce|69,69,False,Spermacoce gibba,Spermacoce
1448609,Leichhardtia|53,53,True,Leichhardtia dognyensis,Leichhardtia
1448737,Leichhardtia|53,53,True,Leichhardtia neomicrostoma,Leichhardtia
1449354,Leichhardtia|53,53,True,Leichhardtia nigriflora,Leichhardtia
1452058,Melaleuca|32,32,False,Melaleuca crispii,Melaleuca
1452910,Pimelea|70,70,True,Pimelea plurinervia,Pimelea
1455743,Tapeinosperma|53,53,True,Tapeinosperma minutum,Tapeinosperma
1456861,Tapeinosperma|53,53,True,Tapeinosperma glandulosum,Tapeinosperma
1457093,Streptocarpus|64,64,False,Streptocarpus pumilus,Streptocarpus
1459069,Dendrophyllanthus|53,53,True,Dendrophyllanthus loranthoides,Dendrophyllanthus
1459147,Lachenalia|27,27,True,Lachenalia glaucina,Lachenalia
1463001,Lepanthes|77,77,False,Lepanthes intonsa,Lepanthes
1465428,Chamaecrista|61,61,False,Chamaecrista brevicalyx,Chamaecrista
1466946,Hibbertia|69,69,False,Hibbertia brownii,Hibbertia
1469019,Pavonia|24,24,False,Pavonia orientalis,Pavonia
1469423,Burmannia|104,104,False,Burmannia candida,Burmannia
1470298,Jacquemontia|61,61,True,Jacquemontia multiflora,Jacquemontia
1471096,Styphelia|50,50,False,Styphelia erectifolia,Styphelia
1478465,Styphelia|50,50,False,Styphelia compacta,Styphelia
1478466,Styphelia|50,50,False,Styphelia foliosa,Styphelia
1478473,Styphelia|50,50,False,Styphelia stomarrhena,Styphelia
1478474,Styphelia|50,50,False,Styphelia xerophylla,Styphelia
1483639,Trichostema|112,112,False,Trichostema bridgesii-orzellii,Trichostema
1483641,Trichostema|112,112,False,Trichostema floridanum,Trichostema
1483643,Trichostema|112,112,False,Trichostema gracile,Trichostema
1487402,Thalictrum|121,121,True,Thalictrum elegans,Thalictrum
1490956,Hibbertia|33,33,True,Hibbertia radians,Hibbertia
1491024,Eugenia|42,42,False,Eugenia kleinii,Eugenia
1496322,Gastrolobium|32,32,True,Gastrolobium brownii,Gastrolobium
1501394,Mitrasacme|69,69,False,Mitrasacme scrithicola,Mitrasacme
1501395,Mitrasacme|69,69,False,Mitrasacme exserta,Mitrasacme
1504548,Daviesia|50,50,False,Daviesia audax,Daviesia
1513699,Ipomoea|61,61,False,Ipomoea cynanchifolia,Ipomoea
1517111,Chorizema|32,32,False,Chorizema spathulatum,Chorizema
1518356,Myrcia|78,78,True,Myrcia rupta,Myrcia
1518698,Scaevola|32,32,False,Scaevola filifolia,Scaevola
1529216,Sedum|123,123,True,Sedum brachyrhinchum,Sedum
1533444,Myrcia|78,78,True,Myrcia neomontana,Myrcia
1535261,Isopogon|32,32,True,Isopogon spathulatus,Isopogon
1535482,Eremurus|138,138,False,Eremurus soogdianus,Eremurus
1536674,Hibbertia|69,69,False,Hibbertia brevipedunculata,Hibbertia
1542751,Tapeinosperma|53,53,True,Tapeinosperma golonense,Tapeinosperma
1543110,Gastrolobium|32,32,True,Gastrolobium vestitum,Gastrolobium
1546087,Cirsium|111,111,True,Cirsium townsendii,Cirsium
1557479,Habenaria|78,78,False,Habenaria subfiliformis,Habenaria
1559087,Pinguicula|94,94,False,Pinguicula tlahuica,Pinguicula
1559493,Lysimachia|123,123,True,Lysimachia taiwaniana,Lysimachia
1561847,Helichrysum|64,64,False,Helichrysum densiflorum,Helichrysum
1562177,Helichrysum|64,64,False,Helichrysum whyteanum,Helichrysum
1568859,Gastrolobium|50,50,True,Gastrolobium epacridioides,Gastrolobium
1569026,Onobrychis|138,138,False,Onobrychis tavernierifolia,Onobrychis
1576161,Weingartia|59,59,True,Weingartia canigueralii,Weingartia
1576177,Weingartia|59,59,True,Weingartia cylindrica,Weingartia
1576198,Weingartia|59,59,True,Weingartia tiraquensis,Weingartia
1581159,Tapeinosperma|53,53,True,Tapeinosperma scrobiculatum,Tapeinosperma
1587180,Mitrasacme|69,69,False,Mitrasacme latiflora,Mitrasacme
1590084,Epidendrum|59,59,True,Epidendrum amaruense,Epidendrum
1590416,Evolvulus|61,61,False,Evolvulus flavus,Evolvulus
1598879,Leschenaultia|50,50,True,Leschenaultia stenosepala,Leschenaultia
1598880,Leschenaultia|50,50,True,Leschenaultia floribunda,Leschenaultia
1598897,Leschenaultia|50,50,True,Leschenaultia biloba,Leschenaultia
1603067,Helichrysum|35,35,True,Helichrysum simpsonii,Helichrysum
1613899,Nothoscordum|24,24,True,Nothoscordum vittatum,Nothoscordum
1616083,Dichaea|78,78,True,Dichaea trinitensis,Dichaea
1638659,Vincetoxicum|140,140,True,Vincetoxicum bungei,Vincetoxicum
1640688,Nothoscordum|24,24,True,Nothoscordum hirtellum,Nothoscordum
1642823,Bossiaea|52,52,False,Bossiaea obovata,Bossiaea
1644217,Begonia|105,105,False,Begonia platyphylla,Begonia
1644771,Calanthe|53,53,True,Calanthe tankervilleae,Calanthe
1644775,Calanthe|53,53,True,Calanthe amboinensis,Calanthe
1645175,Nothoscordum|24,24,True,Nothoscordum felipponei,Nothoscordum
1659842,Lepanthes|77,77,False,Lepanthes fonnegrae,Lepanthes
1672236,Senna|61,61,True,Senna gloriosa,Senna
1681533,Lepanthes|94,94,False,Lepanthes barbosae,Lepanthes
1682947,Habenaria|78,78,False,Habenaria montis-wilhelminae,Habenaria
1693295,Cynorkis|65,65,False,Cynorkis volombato,Cynorkis
