species,main__thermal_regime,main__water_balance,main__atmospheric_energy_dryness,main__edaphic_regime,main__terrain_structure,interaction__thermal_regime_x_water_balance,interaction__thermal_regime_x_atmospheric_energy_dryness,interaction__thermal_regime_x_edaphic_regime,interaction__thermal_regime_x_terrain_structure,interaction__water_balance_x_atmospheric_energy_dryness,interaction__water_balance_x_edaphic_regime,interaction__water_balance_x_terrain_structure,interaction__atmospheric_energy_dryness_x_edaphic_regime,interaction__atmospheric_energy_dryness_x_terrain_structure,interaction__edaphic_regime_x_terrain_structure
Acacia linifolia,0.026018071327862595,-0.02872714090100939,-0.028722883806988408,0.10485507855470393,-0.023479768931083174,-0.0015550191499933382,-0.06179630441497974,-0.08853990319167228,0.05648400600470507,-0.005600587690060468,-0.07718828547038824,-0.0689961425167165,-0.002611927275585698,0.010817769725332977,-0.08413433172086895
Acacia ulicifolia,-0.006623884884867314,0.05399981498250532,-0.04696701373416588,0.08667284140237479,0.08235802405383615,0.05146436189519918,-0.019964729175693714,-0.02078682067647737,-0.03350706219307104,0.003461080045045066,0.05009895955558246,0.05067509984168466,0.046713753668166214,-0.020477163093077108,0.10526979881072787
Aciphylla glacialis,-0.03888112737951979,-0.029752793970386677,-0.023064791046238865,-0.05277479740166831,-0.07391188980862945,0.021201688659645605,-0.011833730686818507,-0.00558148941990089,-0.012436122288269206,0.03291995253998986,-0.0467404620072011,-0.007711521172513488,0.0204555415667247,0.014681104809563899,-0.07364904292391562
Aconitum delphiniifolium,-0.10718401171170759,-0.05591771751715317,-0.04735276839699089,0.04239034281736941,-0.052697319020242495,-0.02798744893541278,0.052134468602645846,0.147725970432727,0.07951226350734177,-0.008421216308777763,0.08094097444405335,-0.07546567242837868,0.053548029850302076,0.09797561747471313,0.08860662253788815
Aconitum tauricum,0.04788533274287127,-0.14752125782374675,-0.12010091769920027,-0.1776872380243833,-0.0063114168104220865,-0.026174733502590627,0.06059609706418163,-0.05945602836680674,0.06327369458341116,0.031372728899202534,-0.022977702842856537,0.10132962970999353,-0.03398354633777505,0.0546390370974913,0.03370013577788966
Adoxa moschatellina,-0.017661313907364053,-0.0682186884811079,-0.07718529577308929,0.015766409121806123,-0.07536802614381327,0.01620821319708285,-0.0024242064952830007,-0.10981129955597832,-0.08881896335112835,0.006096259565940286,-0.20325836815587411,0.01989420784465515,-0.10789458656618549,-0.009122346275477677,-0.07072049906768003
Aegopodium podagraria,-0.06299734660471366,-0.03148532574639405,0.05032820258100325,-0.061940616795610234,-0.07918211874599486,-0.0017218948671395371,-0.007339538578148923,0.1168450989162217,-0.01770645411656244,-0.008942068993177014,0.022685535304277978,-0.04983673279300523,0.10352169590283145,0.06663467862220106,0.02277499429182478
Agapanthus praecox,0.030045576555080986,0.006338905514351118,-0.02274247502615607,0.14939215113016632,0.019774691263202197,0.02539634779203069,0.04909402907994688,0.08452350650188357,-0.03134601364244085,-0.12317348023684133,-0.057319428595481156,0.008265267205180305,-0.09514991093989753,-0.013278014253005205,-0.034321813704019294
Ageratina havanensis,0.05825992205464282,0.042142654514436176,-0.08409922501281053,0.07826599650658564,0.04606344977431385,0.09861038400243402,0.00675139840172418,-0.01540788983748949,0.01018582674678286,0.015532217034917271,-0.037937359347049594,0.10013133973688425,-0.08540780022166791,0.05138872723861964,-0.023423462968994717
Agrostemma githago,0.057398507218834736,0.1155243711571353,-0.06162447191141147,-0.07011521755022941,0.06405163334465791,-0.002279278692665292,0.015446631115680147,-0.06513401915994053,-0.08870929869607354,-0.0038983946864474617,0.01170571234497905,-0.011832762668720642,0.01695954402854139,-0.10604424375295399,-0.008041617837045415
Ajuga genevensis,0.08736731130203561,0.08352925831381888,-0.04233280074332519,-0.026698339167142374,0.033067532333116226,-0.007603983710423625,-0.0024715320897691607,-0.02226685457436601,0.006478236308041516,-0.0366078254744294,0.08016929394441114,-0.13429143709778718,0.07438223915863214,-0.04660057033112939,0.010253031338901392
Alchemilla alpina,-0.10509832968703776,0.09616814097471116,0.18826559804764958,0.027314081429786922,0.15584073961186182,-0.11825814596259586,0.04602873010162218,0.009950330574986174,-0.022596016461963034,-0.03688610080338541,-0.07181922420673649,0.008443140915800711,0.14518985555026273,-0.026310227555319192,0.11533914564447079
Allium drummondii,0.06406938879625024,-0.041071612606223114,0.004702052174430469,-0.06872550520601096,0.01887948960220367,-0.08474130596396812,-0.06238103242056842,-0.044403569474279085,-0.027856559385279863,-0.010687224392811149,-0.023913107971823618,0.046366883106387244,-0.11161897828106511,0.01433559747558476,-0.039977238253217945
Allium praecox,0.0013497734594289377,-0.002865380501564594,-0.050112871288798405,-0.04602598192746936,-0.07665031101752671,-0.02205428397470765,-0.01586670570865921,-0.23361599345627218,0.01407974481631887,-0.12426047706128676,-0.2784897087873934,0.011555290134824502,-0.34538279879877953,-0.03703021772242415,-0.33206572794134104
Allium schoenoprasum,0.16852637279884325,0.023160543374266183,0.11261231931421667,0.1865040469139366,-0.04771751975466116,0.0068184899571052775,0.054436095161032275,0.07253409104005967,-0.042180352146143865,0.0780062442012052,-0.038311618018821034,0.008157640705889178,0.02631566917558438,0.07314702677707152,-0.019384809871890243
Allium tuberosum,0.058291413052907734,0.049306105084669385,0.0066998975652264245,-0.049253136400102905,0.019876628454566597,-0.11939048387966242,-0.08692255299752906,-0.11167265198212159,-0.044069242519047494,-0.10045907338262931,-0.06271751783643827,-0.025990444150478263,-0.013473797812684797,-0.03982190160811884,0.07796840814187898
Althaea officinalis,-0.10337634076349173,-0.0941527764286658,-0.06502308818543706,0.054450666579242545,-0.06607031750533812,0.09092436029990313,-0.024703528859380226,0.08149061326921585,0.0563006103442879,-0.026977566194222553,0.026315980850691607,0.06671155639722989,0.023449624046236586,-0.07642554572791625,0.03898749044970072
Alyxia buxifolia,0.25980736090679973,-0.05815461302322876,-0.05999468080369535,-0.15542938289617256,-0.14530934925160385,0.1075858435600394,-0.04084299877643319,0.13120852665053714,-0.08091222343226567,-0.07928082657075075,0.06582226508793937,0.15769447203588285,-0.19913707052490193,-0.15368535538788047,-0.037919862408824674
Amsinckia tessellata,0.018811841709280075,-0.10360563353346298,-0.06660771768628178,-0.06936267906254548,-0.16334970786919434,-0.008332457172145553,0.004873593633185307,0.029322693935902165,-0.05761299436472327,-0.02905591342804042,-0.0037511989559148545,-0.04844847937543779,-0.040991233169797685,-0.029583446532687747,-0.009464810157931249
Anchusa arvensis,0.012444419137930223,0.01758447733291447,0.04261085194930829,0.13056521697044854,0.006961506788394231,-0.031547551384400976,-0.011048041602835105,-0.19914033003314296,0.044687704999254854,-0.11685348362463777,-0.00234719063695991,-0.09241968806022664,0.02021452804498949,-0.05437806926543425,-0.003956954913773303
Andromeda polifolia,-0.021246768162364073,0.1776977576412914,0.05068692265096651,0.10925957757340707,-0.00719562987482012,0.12629944121767678,-0.02098324758797649,0.0411488278591664,0.09323126972912067,0.06593742401298502,0.0280477305897916,0.14918119616574627,-0.018842370671887387,0.01500096811626323,-0.06505341560845714
Androsace villosa,-0.09011938919768814,-0.045246415248921944,0.004701071834174306,-0.024311356526025302,-0.0001228873666398741,-0.0838482036781738,-0.011642298201738698,-0.02309065555028737,-0.08884601164818591,0.022436577136010362,-0.021016593394706167,0.04477819685403401,0.05064389201934386,0.022965560937928658,-0.03899808120965109
Andryala integrifolia,0.05373450921264398,0.061722316868848444,0.04551073750045973,0.021802446778328904,0.07838542518541103,-0.022824072370330725,0.05938097306718031,-0.013402765919330534,0.04802918032798136,-0.007467286550683248,-0.007815062161279833,0.03465980091858712,0.04073777295511862,-0.08603683675103177,-0.032792965894807936
Anemone pavonina,-0.08725494984737539,-0.1354800557987928,-0.04099073730781411,0.1405619869852511,-0.06479386038539765,0.08264705010033846,0.09842035274834902,0.056867188473062935,-0.009996210144892296,0.007971168461854299,0.014841229641729962,-0.0009425891228153605,0.05278952724921356,-0.03620759875520483,0.016171081459428107
Anemonoides blanda,-0.03455297549465228,-0.04375043074449028,0.03634972415497387,-0.12716975232681443,-0.014668287638302996,-0.06879901024055976,0.0001358115163021313,-0.011167677251679779,-0.022069950013591362,-0.010564079001605567,-0.00972780946423984,-0.028569752770574854,-0.06320954174687411,0.08482310810058893,-0.025858102369436867
Anemonoides quinquefolia,-0.09675782825957585,0.16017258666538844,-0.1201045154661278,0.06236589291740811,-0.06978280764608323,0.09179853570097957,-0.09017741376283034,-0.07358108990878859,-0.0416899506326803,-0.017364534741305726,-0.03572539576262172,0.03579583444525846,-0.05940342711134742,-0.03410250099180544,-0.008376820156068939
Antennaria dioica,0.09567535404597224,-0.07473250218339234,-0.03321217793775327,-0.00012830897229284811,-0.06219116211295619,0.07865960768438103,0.07804923141297097,-0.004595311429090854,0.007487619680043666,0.00607379081404916,-0.02648628705920335,0.017372266709047304,-0.07394463489175013,-0.051081084766459145,-0.03683783614436718
Aquilegia coerulea,0.08354795068910748,0.23268295248214946,0.053940434691695446,0.004481035205429877,0.07090737729466856,0.06543031690710487,-0.06772591818650409,0.008633628162386251,0.01235852629540375,-0.06153512738081589,-0.013191834256786026,-0.012751031343196408,-0.13437227544702404,-0.013109791820651348,0.03738419994785531
Asclepias incarnata,0.25946333086480694,0.0017270482082878318,0.19297272786604885,-0.03359249011445204,0.21726814633269945,-0.014840654961855663,0.1911953065305042,0.031306966992185485,0.1416818175414878,0.14545801798730465,0.10370948958985013,0.13783913482114662,0.16102467264110396,0.12047445590341727,0.1907413084678972
Asclepias ovalifolia,-0.043673835318798725,-0.007994723236996138,-0.03623682569156918,-0.13745582536411222,-0.0008206365311479113,0.05483953432578923,-0.06709041220277004,-0.11809263344424835,-0.005453014163317922,-0.02536255458503376,-0.014792839445453424,0.04493714908491696,-0.07758588013200796,-0.07234077251479004,-0.10057659483674328
Asclepias perennis,0.19950997960564684,0.09344473330184572,0.059268832929647755,0.08442942888161291,0.06286742083553157,0.03037903644399936,0.016382159401249183,0.036291969486060026,-0.005484630500303322,0.04351654794899727,-0.036410756861527005,0.016846157067686163,0.0669163541722933,0.027267859254691974,0.03168861799083212
Asclepias quadrifolia,-0.01888274093859359,0.058477825981508885,0.06426125348376686,0.01849345514507533,0.0022795424703763857,0.04124298738351408,-0.03166402984981749,0.015466758871437267,0.050381961410321266,-0.06409290925708254,-0.034305771745826046,-0.003447305316144136,-0.05363484580489324,-0.002348566484904447,-0.025938557222356592
Asclepias viridis,0.007474042136243813,0.007583998920202274,-0.010393046745880112,-0.052209560174798206,0.05248681322234617,0.0031724660257484638,0.03339650393559962,0.06253404206968051,0.016057552274735834,-0.037845144310404935,-0.017029109112604236,0.05075418021198753,-0.07071824188365831,-0.001717099809450267,0.010754340008981513
Astragalus glycyphyllos,-0.009915423836051028,-0.042378825711725576,0.04021020335255202,0.02995929547675549,-0.03146553412551311,0.005952710019394714,0.007690370970650605,0.01847526572335871,-0.0850442918842788,0.05473458762246616,0.04366179687673489,-0.03768537821726808,-0.05866904139561436,0.05579203541687963,0.06617103809954947
Austroflourensia thurifera,0.08027943681755167,-0.016586412121856072,-0.01610671456835345,0.01749760310430745,-0.01632615451216896,0.04514732373703717,0.08823627615472125,-0.020954233761423927,0.036480415507114214,0.06343744024456636,-0.017090283488408804,0.01745322865932774,-0.0036331395288086406,0.10997203019918625,0.047183614060336804
Baptisia australis,0.0764077437869891,-0.011829099268663656,0.11112050704971957,0.10733244345280907,0.08531111687721002,-0.015063840075117133,-0.058743617755504914,0.0396013906681273,-0.018083295901554525,-0.056817781377040626,-0.010624703591157117,0.08787226202173817,0.015008438546436062,-0.08326362641982198,-0.039059007015980605
Baptisia tinctoria,-0.09985729841265902,0.035989929991984304,-0.029727638424202094,0.09731619572618128,0.03211675251615867,-0.043596332738841476,-0.0650176723922457,0.028505473173055046,-0.004015363341013179,-0.044685857804058704,0.05981754042208518,-0.07160860300823033,0.07015040751615785,-0.00912381777725925,0.014227660844135754
Barbarea orthoceras,0.01217256232324933,-0.019564685854608178,-0.038418802318377986,-0.05196040597366186,0.04729092303005166,-0.048586016910023636,-0.09630140593457051,0.04745025324911442,-0.07811705863666057,-0.05617880220467225,-0.016784367074387314,-0.1093557532164298,0.018762972314658833,-0.11316607724065812,-0.12423562099086258
Bellis annua,0.009387939345532843,-0.08255226366559112,0.07413111108016837,0.011337567377962186,-0.036503555232015726,0.04909381756072197,0.0413744313138991,-0.06804406830054993,0.0034516433273618784,-0.045050953621158664,-0.054652101092277375,0.07011537147724102,-0.09601834238044227,0.04500499878830162,0.062284084383195076
Bidens aristosa,0.10410086796359262,0.08893013334907734,0.0627036788412334,0.17996588095519717,0.07498535183476482,-0.033267162050338785,-0.06220464570394505,0.043488883065000546,-0.03202630017420189,-0.0613984594100899,0.10183680473575761,-0.13468182418176203,0.11796431552878317,-0.0672827442108029,0.11924906660763758
Bidens bipinnata,0.12737143719143895,0.2492668757010277,0.08383843709698585,0.13896287505606789,0.08849735101946858,0.05053960822811661,0.08899095521275979,0.1013440974314115,0.15156441717057942,0.04218730263454397,0.10929003049523096,0.13550933970467274,0.10027826063846443,0.03165358149475537,0.14885950088702957
Bidens cernua,0.042457954438294206,0.004364362566092798,-0.061209536820300496,0.09670789802807472,-0.011611534289343138,-0.054442699657757165,-0.07243330980147351,-0.013988811766732504,-0.07553747066674507,0.013369542857521918,-0.06422981200940137,0.013678722678564448,-0.09518190985955072,0.024689918134378715,-0.14841964664145052
Biscutella laevigata,-0.019590350445290103,0.01843003500347806,0.05059358856318867,-0.11419621138126841,-0.11234270264725646,0.10092863447582684,-0.03624728414171509,-0.005196328613075714,0.0013077008087661716,0.04419939517143323,0.06787830116034235,0.04491648412520395,-0.04619970407475492,-0.003658707531497568,0.07649747601907601
Brodiaea coronaria,-0.04789611194007297,-0.024709374570691084,-0.06665552502855819,-0.2232864454888142,0.032690724801839606,0.038376317809641194,0.036000374545093354,0.02372652363395753,0.07288889920650185,0.006151767834201542,-0.04487527100677012,0.01764696056368595,0.14718936251868178,-0.00568414283820682,0.1498059205722047
Bryonia alba,0.11722738037364815,0.126618105730298,0.11425307843266562,-0.0012267755182893726,0.1644422904896855,0.032831767596692735,0.15037506981414672,0.01277395974222192,0.07959073670841364,0.07842378039153539,0.029694884515758135,0.08547032325944794,-0.003063294866015256,0.0011065129636664095,-0.11167711156586195
Buddleja davidii,0.007198922826612608,0.10089495413845534,-0.07826368608025495,-0.21447203904882592,-0.0920799897007293,-0.03789703269716203,0.028164034285607598,0.05156386439943303,-0.05387876335234977,0.051133638513874854,0.09364227096485138,0.08943317843316378,0.014694257315427383,0.0336149223255908,0.1617410543511285
Bursaria spinosa,-0.06758530074688016,0.13085133529278267,-0.029816602322266995,0.053797276396429373,-0.04246808990895346,-0.001998167639703136,0.039236090615567994,-0.06148994948845516,0.04080517084266342,0.009980727977720085,0.13295482257287813,0.07663195282605278,0.03486731116007253,-0.031914398554993034,0.11404342982782086
Calochortus concolor,-0.09511173990681195,-0.03111366217064046,-0.09668313462337991,0.044266161563945,0.036601297660496177,0.05818335505352194,0.019748799604792915,0.0022932568927946555,0.1279938732068576,0.09680750682314221,-0.007404850211678544,0.09665529282377357,-0.05997693431271224,0.0006078011823027529,0.018566547053524646
Calochortus flexuosus,0.0006117248169024755,-0.01842433464031132,0.025237623826686234,-0.08326468375264602,0.04409941796416681,-0.008426476579353023,0.01360113934919726,-0.009606608617616941,-0.12844984009538649,0.03482675702474494,-0.13233382717822206,0.031240214289415664,0.023781797349140828,-0.12001511072638986,-0.02796072507118895
Calochortus leichtlinii,-0.021356489167454498,-0.10999488190857354,0.08859923269454772,-0.09602121768402522,-0.04492909096783829,-0.02012724942900323,0.10040715812767448,-0.01929906629953399,0.02260447542231272,0.04765380840033994,0.005494117256708494,-0.00695436733559115,-0.014372616801012775,-0.04630901706079693,-0.04328388886272744
Calochortus monophyllus,0.004053923019210045,-0.009705475213512773,0.042647478001905104,-0.05185286513510025,0.16070993557799032,-0.04582786647752497,-0.0866404054639144,-0.04509749584180764,-0.002984290060886527,-0.019789189731710576,-0.052915786943588776,0.024647785075804333,-0.01974744955735215,-0.01434980555113087,-0.0439921852858054
Calycadenia multiglandulosa,0.07127351417075692,0.0074494783881078755,0.12121402366322141,0.06496461882773456,-0.023991514174421986,-0.1795349821637622,-0.08059746411545732,-0.1278062926670316,-0.018769999873268474,-0.09115524620609558,-0.15767265219531423,-0.23203811758376752,-0.10134398190135226,-0.0813853034802105,-0.09739318295232614
Calystegia tuguriorum,-0.11526545642771427,-0.03798734642596187,-0.04667269750771698,-0.0033128407500227133,-0.01878309068639745,0.12114654954276158,0.09840236536520318,0.24097884239750628,0.0410728741503317,0.06321256432897888,0.19423760311146326,-0.03589228536177798,0.17175054342114834,0.09581363124343728,0.0697149927392379
Campanula latifolia,0.028289951133980223,-0.003269501800160831,0.02208801886365367,0.06237534542074901,-0.055866003197269566,-0.10510711581775486,-0.05450899644655109,-0.08162309428204963,-0.10914622660889833,-0.0001896602195141373,-0.16990954813317072,-0.08471476681872439,-0.029007022172246013,-0.042566423420947665,-0.0692294722485165
Campanula patula,0.05964366912565688,-0.049182055343303346,0.04467139677724344,-0.11392266227990258,0.025932002967462377,0.027378361373314133,0.05929071532026084,-0.02238453518809802,0.04064534560901627,0.07120124248217147,0.0722188101855974,0.1281279970692787,-0.049730280872133506,-0.01774678998477542,-0.03680808627628719
Cardamine amara,0.05650748459896557,-0.06911922842851334,-0.00917948409825055,-0.010649482912204387,-0.009562027436636747,-0.11908902556708645,-0.01957870241596477,-0.04172913837877091,-0.10916532528536135,-0.08970890282218011,0.04555883777114002,-0.047230583922427995,0.009036526522363766,-0.08993161849171213,-0.014486630378087199
Cardamine concatenata,-0.09341088825971165,-0.07032428905736737,-0.1369436067772275,-0.029342144535449633,-0.057610370833753484,0.12364351891529513,-0.0015828379569232903,-0.08170818937544572,0.021602417758177152,0.03894371520765826,0.026288659497685222,-0.04553512953298331,-0.07195520134425318,-0.10882573378691066,0.09437602100386178
Cardamine hirsuta,0.07950280215015344,-0.032053049744778773,-0.006729896814457074,-0.004101083797149534,0.09965359796399491,-0.00477283006074601,0.029552625651868433,0.018754094274376708,0.08129227845887753,-0.0013141951687448419,0.1458389399810446,0.04178051781225389,0.004329787643615563,0.10668997029447785,0.0485989908055852
Carlina hispanica,0.0342391330746022,-0.0002319164957199268,0.03891534212910757,-0.017227851821020854,0.010542934011914216,-0.011167435258124154,0.0001788230866659904,-0.016738604466059546,-0.07777535063427625,-0.01753020077707053,0.07825852357179967,-0.11872314011412943,0.022967776997413702,-0.01783455305515703,-0.007661992212876154
Carlina vulgaris,-0.07376485735466752,0.010302730511087247,0.11118838321875017,-0.033963823257207544,0.0016913546550015187,-0.014648568266870075,0.10782390435042653,-0.04010998602043339,0.08015359129141314,-0.05831664475193926,-0.12030089215162235,-0.08771409542964721,-0.0504414544508393,0.12124219911115514,-0.17738810113014097
Carthamus mitissimus,0.004535115928728192,0.030622008447435387,-0.011291118484560207,0.03685943270905941,0.00794067825988268,0.0973160060453996,-0.05476783262629177,-0.003591542424102259,-0.015610410609938138,0.020903542469803804,0.04992685651821996,0.049255100594533315,-0.11425733043149137,0.03110947119198742,0.015857906729507536
Castilleja exserta,0.13346458184651017,-0.01374033577129505,0.048201183048038825,0.041220830547384804,0.06906803892232753,0.04422516590415312,0.08438255139316521,-0.04345465290901504,-0.16011662945605315,0.022156292147740744,0.07178692718870362,-0.15274319062335104,-0.11166630762030043,-0.09195310217195392,-0.10923752805011212
Castilleja foliolosa,0.0038457917934699073,-0.09477440229942882,-0.04682324278075153,0.1629443911926756,0.0907010202298561,-0.029721167315142297,-0.046193264603500095,-0.02940272450611189,-0.01843619713039982,0.006968216249322875,-0.01777273331104137,-0.02735382583264328,-0.027474530832707893,0.06341783179931323,0.0469221783435398
Centranthus calcitrapae,-0.05042133409000156,-0.014002324308311071,0.03446803748518457,-0.10601570980528201,-0.024586256401884676,3.171130434897726e-05,-0.006255577563226377,0.013603621905569104,0.04572969297178072,-0.1051537995482414,0.05051707984148627,0.004233412095004869,-0.0430886770079719,0.05949460875450092,-0.1019841195858318
Centrosema virginianum,-0.023657038809658526,-0.0021783861400628515,0.16155753903833492,-0.022395706578060025,0.06766719730259492,-0.019472039893512094,0.06603109125532611,0.03234510985975688,0.013612688593315273,-0.03308516840569342,-0.0767803050340469,0.1065963250171597,-0.04221881845889803,0.08198931409969211,0.038015591930975666
Cerastium fontanum,0.08634840867289385,-0.05146749982661015,0.01705104311327519,-0.018003266000652062,0.006242594863563028,0.13586103265949737,0.0767635996255318,-0.035501180044166365,0.07684588303349521,0.08320273260505616,-0.08535970053895701,-0.01131996181305111,-0.1203042268029545,0.0512380484594985,-0.07956640513146199
Chaenorhinum origanifolium,0.1971600683890604,0.12041761720199295,0.19213005914167705,-0.04070426515973537,0.05206463652805997,0.012366705854916256,0.04607008941158302,0.08456028317488908,0.005147181652404375,0.002320046659530531,-0.0013147564054460628,-0.030578855475675275,-0.052459725025358214,-0.019844501143617757,0.07967913256375178
Chelone lyonii,0.0949247823742962,0.015036495448997569,0.1388869504214122,0.031930988271541456,0.06062723689460792,0.01087632135071468,-0.027189089848102425,0.027117841027449293,-0.05405436492225312,0.10496276246085308,-0.01784337668974976,-0.07278529169979459,0.12757717176275063,0.05943168427816914,-0.12807759868690805
Chondrilla juncea,0.026362997911939468,0.053578689578538674,-0.00039938767654930813,0.00949126843321015,0.08957139592658758,0.0632369450422937,0.04914982301210877,-0.004831156339371333,0.057280721597255085,0.0005668207603793346,-0.022289475352760414,0.1102856756123714,-0.014298980685405884,-0.0028560307235742767,-0.13910902729209787
Cipura campanulata,0.10976705276531135,0.08864613114145103,-0.02486963106086913,0.05180287003113128,-0.005482748763906739,0.01856254638791687,0.07252827820598616,-0.11729211060544834,0.13534242990751505,0.0031570232669474877,-0.11604570546666236,0.09890349155164303,-0.1072212600632295,0.17499471011236295,-0.12442333052204137
Cistus albidus,-0.03938192895791304,-0.0004140085104897543,0.1356137780118745,0.0690432011928601,-0.03193296908918397,0.05380193331434016,0.12688519021560626,-0.04411289299930126,0.06659920572147698,0.07024416505056194,-0.0669043031266752,-0.0062570233511200736,-0.07618022037659525,0.03672074905296397,0.010335384481343225
Cistus crispus,0.09621671130902384,0.056626167552092425,0.06970174847422025,0.012244468578606532,0.0093199638702973,0.013123542411765212,-0.07572644770534455,-0.05349329511341624,-0.049567525151057334,-0.13024709749568988,-0.1206721053725352,0.02857789036845288,-0.053443713621050604,-0.08942254232828924,-0.04582295169711387
Clematis virginiana,0.08945097318894933,0.08276977066950722,-0.08165043677497794,0.27386625882367227,-0.09663383228583977,0.05353470763030764,-0.07538474387749917,0.022891763248024707,-0.1348068124879082,0.019222963462793556,0.022028884123555473,-0.05198511126472608,-0.04086358037609523,-0.06017290205515559,-0.09221225650362151
Clinopodium alpinum,0.01745423410875621,0.13221894734587836,0.08747843212859918,-0.07107909665265907,0.05998767379033369,-0.06607921312824575,-0.08454745817226203,0.040237615169006355,0.06907224558749306,-0.080319212464162,0.0004097707020220705,-0.07895642737531948,-0.05964430468311085,-0.1452387950115033,0.04761364097610311
Cneoridium dumosum,0.0784579579370396,-0.12411131181942572,0.09088572111301448,-0.2781873497840717,0.002435109991985834,-0.014956106328984822,0.03805902847983752,0.04498610753721739,0.0082457912227892,0.010866582880829364,0.059010453438058344,0.0596459108298786,0.12774743240235786,0.027021396964304868,0.0825602752444876
Cochlospermum vitifolium,0.18025159714617522,-0.06409343626053116,-0.04148394802240334,-0.006774738407695113,0.12561385435982514,-0.08222523084505613,0.04477412071178149,-0.07241236521067602,-0.040302355494990394,0.03499773963978,-0.17112591440408198,-0.08525012467236422,0.07482410150307983,0.03711433671552306,-0.09891613756690297
Coleogyne ramosissima,0.004704646409974426,-0.06124934624815892,-0.001299299829570365,0.010526646499889368,-0.08874478599820124,-0.06857750353883416,-0.009033833579022082,0.018835098621496127,-0.014908876110615412,-0.006328947674289819,-0.03356810194240152,-0.029164820905335606,-0.015793451387398186,-0.05753898426518867,-0.052312701670225295
Coleostephus myconis,-0.011215726622209142,0.06663894872738581,-0.03129391258343401,0.07187184671670098,0.08144970085847679,0.0640070612011367,0.05798211970656564,0.004917215790439285,-0.05218444222491601,0.01633375682851082,-0.1181717398866029,-0.019203346240908057,-0.06598922164993237,0.0008501271818730412,-0.044517760916845
Collinsia grandiflora,-0.026542660824649473,0.08757581134767929,-0.009359426543830068,-0.21102472121057536,-0.008581468153086741,0.038152967431819645,-0.09927738338426959,0.016007290487953813,-0.008480468130770321,-0.015625814979336534,0.07213887236864586,-0.009942203479244153,-0.042454014805034156,-0.004639568049786697,-0.05582794437890584
Commelina benghalensis,0.11215477830488964,-0.043163091868600206,-0.0593325796033557,0.008337786831542427,-0.01993358314825758,0.07820391726247226,0.008974618091927802,-0.17603524324895256,-0.009375821353903583,0.02240571438041069,-0.25323583638612296,-0.0421103271753391,-0.18536908337152896,0.06396881811513722,-0.16081972193315341
Commelina communis,-0.07135557492691753,0.09632603342680537,0.05441482061041365,-0.04654668272015094,0.2630230389969493,0.02713055423139707,0.0738453034195832,0.2164304499521956,-0.12098487945043614,0.039506269697393535,0.08550271797898361,-0.08003995912974003,0.059997485856952165,-0.11283144014882089,-0.04377880008919815
Commelina diffusa,-0.10522084095570673,0.07068258029106704,0.06509859734315487,0.034944782334991834,-0.004447309154877551,0.030848392082760908,-0.016624914248053135,-0.07610568140946877,-0.03448685515486821,0.14367362738238165,-0.13201276320258742,0.13627600958005098,-0.1705315327635179,0.03884365359636018,-0.006392906524189559
Conoclinium betonicifolium,0.05793614026953014,0.01851660766689573,0.058370474553615,-0.0444647527614775,0.040973991354064064,0.047542996427877064,0.08015920938650276,-0.11058039154554178,0.12092679983255586,0.06507626139866386,0.028476240577666435,0.06402185876112212,0.05256806648304585,0.10758657508144732,-0.09709598633484459
Conopholis alpina,-0.026115139679752396,0.11728860641753257,-0.10339614043449585,0.17265567326645104,0.006742423169452506,0.024657152070818245,0.02555713712386439,-0.02387508502131716,-0.04541245479576599,-0.043715257002413396,-0.013240628536866425,0.12056725034461044,-0.02572869983599813,-0.0052450314866561085,-0.05396845871236522
Conospermum caeruleum,-0.06307666306950516,-0.03441526775562481,-0.0716808980150855,-0.04944431356879213,-0.05616641222801494,-0.04996692782952983,-0.02401522598433236,0.10286783556720132,-0.03259217902195724,-0.09528950310503898,0.04241546246408379,-0.011996926400880566,-0.002397341685979336,-0.006377409037608671,0.08803745384624259
Convolvulus elegantissimus,-0.05750478500132415,0.024654303813810244,0.04783666748073843,0.2804968775348322,0.04971030462174429,-0.07179771064236225,0.057802219103627275,-0.12865298220655194,0.045057066233600895,-0.0719847135209453,-0.1545968744321914,-0.043087024346106825,0.03578456301885136,0.01319420559501298,-0.23611694746565257
Cornus florida,0.08833956250269213,0.007145840462829098,-0.018570413837816116,-0.14488986671156104,0.11850733817483504,-0.035368897331204234,0.024875386252971077,-0.032309645682394486,-0.0014279900693629124,-0.028559772944879484,-0.03976442468707647,0.06432243708675953,0.078737707900155,-0.014300767329799005,-0.008956027535633012
Cornus sanguinea,0.05579412117360526,-0.05162795814020566,0.12948239012628096,-0.06506500131710853,-0.07118369559044349,-0.011419292886566061,0.019306659997304472,0.05533662407438416,0.009420821707660608,-0.000851134123612648,0.12525922156246205,-0.05179289648876719,0.02428121402066673,0.06763421513932658,-0.04254925693014504
Cornus suecica,0.005132066152666239,-0.03542173526325674,-0.052946038916814854,-0.08374599787903113,-0.04490151086398879,-0.03194125988440845,0.005200722362507933,-0.23481299590560595,0.056585106514731955,-6.216561208748774e-05,-0.12854259512260055,-0.07188573849273056,-0.06236841935016824,0.02752992611957026,-0.19503100973478935
Corydalis aurea,0.08466707754635834,0.07499679490438377,0.05777534672863924,-0.07235949450262372,0.01999314346482283,0.06756901176454644,0.03011260255795074,0.048883532595622364,0.03470463710658275,-0.010379044988750863,0.019299614554154337,0.020649577207189063,-0.0012963318981727855,-0.0450437377464409,-0.009366159447079546
Cotula coronopifolia,-0.055910499464988446,-0.056494783224021496,-0.07241010783300415,0.032794641509656025,-0.08159610358548051,0.01321476950013177,-0.02819243665662661,-0.08528763903285427,0.016514938997878644,-0.04334713923293641,-0.06396330227014893,0.05267462728447345,-0.09585703004637924,0.005015131086165126,0.009012114533233667
Crepis biennis,-0.08232702295242479,-0.009566341538777725,-0.06837324494214984,0.0244061162436835,-0.020017568144281683,0.024139221642067252,-0.02417353047213443,-0.09313782695945551,-0.022821530492337587,0.03362970383185634,-0.17162161407585635,0.07624709946165162,0.025275100961699416,0.03541349835136317,-0.11477528359202935
Crepis sancta,-0.06434815423564286,-0.0967828460540101,-0.18379470381235344,-0.07612352646518726,-0.10681411354018763,-0.22707827070732609,-0.09632997916247694,-0.08197754484430642,-0.07258854417575934,-0.16587252741051595,-0.11111491265750904,-0.058780501661212764,-0.12278545208976308,-0.12135797413449675,-0.033195837692691556
Cryptantha barbigera,-0.06793007125724299,0.029320132514327156,8.263791058679854e-05,-0.05515977697379612,0.12193140229339203,-0.08105645334303055,-0.13445760980258142,-0.026092875872282057,-0.08685264089960122,0.006179939387037966,-0.030260471066649898,-0.08783780065604985,-0.08522245942196428,-0.16795017337121015,-0.0078378775577524
Cylindropuntia echinocarpa,0.02700543922195419,0.0028558289302805795,-0.024077874941469644,-0.17507119847546077,-0.11988077844261634,0.05355750974927067,-0.01340428338078435,-0.03329981811542122,-0.11538553448182498,0.08560530974781683,-0.04702518773437199,0.00734099666912586,0.033192047591930375,-0.08169518761909467,-0.039570051654481915
Cypripedium guttatum,0.07030552417400181,0.09027514799269692,0.07190569808033972,0.1016909562296287,-0.04155607503576885,0.24808807777524336,0.06426563651959562,-0.26376712960573995,0.14304482824449474,0.21943688336759945,-0.12047233190572125,0.18859542592294634,-0.09222790124136343,0.15211623817053987,0.12270226952171477
Dalea candida,-0.060862759770954296,-0.08041779947145324,-0.043226988654693016,0.08284928904456898,-0.0866185641715434,0.05108275949940592,0.03608893883719803,-0.06456718392664593,0.0799024760185852,-0.04756657321273459,0.01934394987974914,0.02875193633846293,-0.08557644415960548,-0.018951115234334487,-0.024188305259067285
Dampiera stricta,-0.01614722903431837,-0.028088784474311845,-0.04211992540058371,0.021098114434251657,-0.03251457438234801,-0.011891843296256293,-0.14885659106119653,-0.05063816473556144,-0.10810499415209042,-0.0027335152197064177,-0.08066390942712726,-0.03857945486142991,-0.07164103988605967,-0.061242865717896854,0.03831735567333531
Delphinium glaucum,0.09817424463921068,0.06478196083508725,0.009652498145821971,-0.01657735330910053,0.07325005228454069,-0.29518763990652974,-0.11142856119050287,-0.1646436248513725,-0.17753505123396718,-0.1258274415294953,-0.20568734343486358,-0.11804521492082527,-0.14583491837962456,-0.04839198325870639,-0.15545236961400155
Delphinium sutherlandii,0.020276617872557662,0.03922586958102541,0.12211699029795726,0.10570823355379158,0.023065779266776054,-0.001580759693438077,0.11961060867800918,-0.015066910773490719,-0.07763661358082206,0.16228704149464201,-0.1266645295880575,-0.1445618905989627,-0.009964160555556378,0.043408488310982776,-0.04421074264352629
Desmanthus illinoensis,0.0496333484277666,0.06718163157029006,0.027701484156620056,0.022861610951257327,-0.05895262297936091,0.06477072418962322,0.06845033337125186,0.11469209804599043,0.05894192982592857,0.003293214576408442,-0.03488335469929929,0.05585116775545899,0.07491529489771452,-0.03691789203112044,-0.05595740120649842
Diplacus mephiticus,0.10589570570474084,0.25282872962469327,0.02499660933594668,0.05497712002973486,0.022752096243821327,0.01098935882953093,-0.01835381872215233,0.021795022792388825,0.09933553898326784,0.010872117306609596,-0.00716254012013855,0.1276047162935233,0.05152394835219438,-0.012439130523545032,0.04981257215946438
Diplotaxis tenuifolia,0.04884297902919756,-0.01698193219702214,-0.016030273521323614,-0.009360549755469669,0.014686920990032555,-0.010957085718602757,-0.016593101713801944,0.07407317305929795,-0.06985022390374741,-0.004493039441268064,0.015054349963712826,-0.07296055701508135,0.016447175796427075,0.011878192379075218,-0.12631555123873117
Disphyma crassifolium,-0.21735894129014635,0.0577866979738546,-0.006036485534028385,-0.07876916544039737,-0.14789830209727717,0.03845162737696885,-0.11690459285721466,0.15895791309464444,0.009643580144008498,0.04604231300703893,0.1802696687448505,0.08472200359227734,0.10020305514614408,-0.028537779000459798,0.09107972777489316
Distimake aegyptius,0.12224996330945839,-0.03067104180178512,0.034399621827149625,0.016278393922910996,0.1003129241848824,0.09191225186861013,-0.025855080941548852,0.060023107380757064,0.05142501317886252,-0.0030825462384105017,0.033452942543989415,-0.11798116706946384,0.0656821500042882,-0.06175062417834912,-0.069223132119246
Distimake dissectus,-0.051384954396709294,0.12489221050473295,0.06764088833478299,-0.22401191147893093,0.29161110991503186,0.008071369319987528,-0.04079707816589833,-0.09066199500015376,0.03381679141059298,-0.005919796200907883,0.062297058704648293,0.02122122732738726,0.032559621637351356,0.006726301636587571,0.07705936722914794
Drosera spatulata,-0.12121796964692691,0.07251543099948847,-0.009304807916498025,0.12196024039995133,-0.09913561039247885,0.010331730115253745,-0.04310678889330353,0.021150842845299885,-0.09822073603456413,0.033844618570209165,-0.005575458232004266,-0.02020466521270914,0.04283608846044104,-0.1775001139329586,0.05395359282676611
Dyssodia pinnata,-0.032336955842906905,0.01917467468902331,-0.02046433809547325,-0.006040793904746661,-0.041092664482937524,0.025790961545103717,-0.03753801641113119,0.02425423848302132,-0.03158145812143625,0.008356135406030212,0.02042006148807914,-0.040671049493565876,0.03339794780896235,0.005363992864479227,-0.03113549240158536
Echium gaditanum,-0.0005897176930012544,-0.05135634783420097,-0.033009220322613726,0.049113245295587034,-0.013866633644219403,0.03107812371313763,-0.0994491983386308,0.031907112252673106,-0.20643619567400145,0.02757905688941348,-0.004085188587689772,-0.0280013006077505,0.18915900672613156,-0.08387955672075068,-0.006470671729094022
Echium rosulatum,0.0727104164884313,0.043334892987784056,0.08720492323816222,0.15979993301025203,-0.04324851484575572,0.08258541135367006,0.032145299087969856,0.14860412347627655,0.09716636443087726,0.07671766206722876,-0.08623877370098898,0.14334498415179542,-0.03150917416984169,0.09930630661848883,0.07492805386540802
Ehretia anacua,-0.0032561162157349706,-0.042077139342482556,0.05131653597635193,0.045766924019326756,0.026031190997211164,0.1598320381769109,0.13620837574791395,0.05356730262822837,0.1376223560176363,0.04037293061034513,0.04874164442395564,0.12324245884706668,-0.05839674037000143,0.0695926781518779,-0.026807472177311602
Elephantopus carolinianus,0.004587758992088139,-0.07518496986771848,0.07627776712668209,0.015480270591086184,0.09215383922413949,0.004510801336308493,0.03846870503580361,0.0029271992785529087,0.09333250414620611,-0.009121927656993704,-0.06952721436439797,0.16864282041984996,0.05243440053742655,0.014116625423411707,-0.08920265560270636
Epacris obtusifolia,-0.047814190536347626,-0.0362085800016918,0.051455906012678736,-0.0350191228889675,-0.0906559274061507,0.018479700705793495,-0.05578555130638126,-0.1495765317718176,0.030217787567392903,0.03633969415639953,-0.11576846949034962,0.12679928757877523,-0.2630768613383637,0.03130917718039447,-0.05124303142793157
Erechtites hieraciifolius,-0.008050841711667832,-0.013302306159235094,-0.01318587669679753,-0.00426956096188981,-0.04849604334485166,-0.10208787855148349,-0.10806259407956526,-0.0036997376443898035,-0.008452873340847945,-0.13255065763708357,-0.13676300855314266,0.16302758806167147,-0.10142300559264561,0.07581520465866448,0.12480266503677363
Erigeron foliosus,0.1280244889135446,-0.011813917338281438,0.05085165248202815,-0.06572328772812032,-0.059704908198356804,0.05820714106131917,0.023375633146981867,-0.0028583980703908657,0.11023183833573776,-0.09740598769259234,-0.18141000015503803,-0.0623014418188048,-0.05907576767448562,0.01941099629228646,-0.026709884505684893
Erigeron linearis,-0.07778036052534514,-0.048724722009729736,-0.057697120979707105,0.06848225036112321,-0.10121394122726876,0.03251293025748268,0.018432737293563598,-0.0158346191132141,0.04689558449236473,0.0014953069708148442,-0.016772353274999676,0.007636237120873056,-0.02426047131703656,0.06851435801209951,-0.033364488121345806
Eriodictyon crassifolium,0.07836835732162423,-0.12247433356973143,-0.16364962076476197,-0.006307303381283296,0.011735546841492877,0.03248357224283811,-0.08887257005279857,-0.006579679970300103,0.011470299150728032,0.017825390937509178,0.014408667217246034,0.0571965743890731,0.012091839930168874,-0.09536269803353693,-0.04826475904376685
Eriogonum jamesii,-0.13257235818865215,-0.03405693255153982,-0.08042943717165978,-0.01260237305157413,-0.10614266108530196,0.10570846400647613,0.08892960487039782,0.045903478437969714,0.14415509459916134,0.028396126297599623,0.13153499465391835,0.0644163348465008,0.04510580042293179,0.050897629516470096,0.03893594990439689
Eriogonum latifolium,0.07246139065959391,-0.01828537279456261,0.09263115254399319,0.25679830623700933,-0.03723083001993031,-0.06262082967062862,0.04291354265121051,-0.008819076038631845,-0.1032398916262728,0.1512905843714036,-0.1068289423807068,-0.026845732320880444,0.1779669465352043,0.04361018978373769,-0.22350915766987328
Eriogonum niveum,-0.10225123910543231,0.12668894418061186,-0.01089427082029305,0.08774078586688001,0.00028870638123392904,-0.12686690635605527,0.08861392920900235,0.004687182024221192,-0.1833805438794018,-0.018228440519087345,0.006147130014717604,-0.15941048404257666,-0.011190601893356338,-0.15321628314130986,0.0721131749251842
Eriophorum vaginatum,-0.10892530005629861,-0.09787503981165876,0.0015298701071029873,-0.04356976722092582,-0.18918374103417387,0.05033329201543994,0.0660864310902936,-0.036813546118977955,0.060890112418166616,0.008850666876631783,-0.03453973924425961,0.04612815417296327,0.11873306191945152,0.0007891386180950938,-0.06111174034193574
Eriophyllum confertiflorum,-0.028697266503141753,0.00032948462698848045,0.007674920491687536,0.09087820243115624,-0.007650641517603118,0.0255115143805824,0.03612715949827909,-0.11373140743342018,-0.13389094153714035,0.007823886940889063,-0.03900605637621556,-0.01831677634113836,0.06646840845176992,-0.04972967632704467,0.0036089023903912608
Eryngium planum,0.10272381181699139,0.10931086762804271,0.009196249910496812,-0.027482945423324537,0.16168600821108225,0.16754502636649257,0.12459134009135207,-0.058016087304688616,-0.02192146257026426,0.09335105917323652,-0.03446270344193102,-0.00542451976613096,0.0032049484934547805,-0.06522230568103825,-0.08105435347310355
Erythranthe dentata,-0.07554409925775474,0.19780106506476008,-0.059294256032233046,0.03642530582999983,0.05540243434569912,0.059501187957879516,0.01813836137125852,-0.11531096695438675,0.047899705290024935,0.0614234502714354,-0.04901513161851958,0.12224364040066428,-0.019061262109351808,0.0011349609586538516,-0.05597908215959568
Erythranthe erubescens,-0.005090425765227888,-0.025879737957829833,-0.03899768719208121,-0.16134120644532088,0.05112491423528117,0.028483470082305905,-0.09062545610255167,-0.02198223651586379,-0.17851489480788144,0.08494864794753623,-0.06301312627134269,-0.11505183021889673,0.0007882198975424169,-0.07463332533370785,-0.04736628195477268
Erythrina humeana,-0.15075385672012867,-0.032196188097635636,-0.06877536022495295,-0.06541669831354632,-0.0882634609435822,0.08684848730234898,-0.06350617230660806,0.1188435363113617,0.06101451220784313,-0.028917847831235154,0.06887478434736875,0.0882299327818453,-0.04990594514055248,-0.02586592722013972,0.01700895253690605
Eschscholzia minutiflora,-0.018601691414928116,0.031962691019137096,-0.04214337003232767,0.032506534965047774,0.03252937597965029,0.012831722441543774,-0.016157227769269828,0.09352573588622155,0.027402254225324055,0.03848423758616964,0.005048013997154977,0.06174316527514117,0.04396316779217231,0.03654558309645242,0.07273900862765101
Euonymus obovatus,-0.03919305952570834,-0.06730592032811518,-0.12267240130875763,-0.09707830309952381,-0.09065739056143933,0.014830014731413986,0.059424387464413,0.07020550481004807,0.07839630914327736,-0.021457659231370184,0.044937844977180744,-0.046756968298168465,0.11591147234130815,0.0222215079439132,0.1501997310341066
Eupatorium altissimum,-0.02073792703372553,-0.056276032379772085,-0.04295173958088629,-0.20532626732851333,-0.006275557216251115,0.029461080229521888,0.11788168278096617,0.1839855858139501,-0.0197342291281665,0.029036729523707755,0.0037928023535637526,-0.0692187487461018,-0.005997980365194929,-0.07638551680242672,-0.17542367193701983
Euphorbia cyparissias,0.05606433725620112,-0.09812934300075517,-0.03013040933872454,-0.04306838152992658,-0.021194297615273493,-0.03298047262939859,-0.014666473454563199,0.04106619467163366,0.021923067196420752,0.009338364802585397,-0.025824951003007534,-0.020853266105908323,0.013541264082809618,0.029690830335862093,-0.008455948619158358
Eurybia divaricata,-0.16373518725596414,0.0033006932054396075,-0.08752756261021748,0.0526952865040485,-0.138286317269348,0.12407750999118354,0.07801726913923679,0.04688066111125118,0.12469468626522544,0.07525508027524912,0.013582525523844553,0.10437306203659334,-0.006223237054858207,0.06219046195148897,0.15449952783450832
Eutrochium fistulosum,0.025918896878881072,-0.020546072597370527,0.04513034861540187,0.14629632670766238,-0.05075200917461709,0.010748037982754094,-0.015837446951850298,0.06711974564375958,0.06537368724299945,-0.10137355811447123,-0.03200192624075251,-0.0010658169566782206,0.03696131731814188,0.038835730698098314,-0.10943776102528721
Eutrochium maculatum,0.054037273883845896,0.04163523696593444,-0.00042672662445881343,-0.027873629866532364,-0.07101318589080911,-0.0877318519438766,-0.07803754038955887,-0.025592683468312467,-0.07878680914887343,-0.09285867344284109,-0.06392570313354864,-0.03587979838374315,0.04442597671021802,0.028743622926778074,0.0025191167256279714
Eysenhardtia texana,-0.07541988303586528,0.04621893636825868,0.017329014309509123,0.033377230398898,-0.033887273963492934,-0.0819753866062719,-0.1359853049941316,-0.06976312068306094,-0.06075964736526011,-0.04625316807407202,0.10891283220892627,-0.02299017684722073,0.08721304813294964,-0.08805725984219409,0.0694078972814577
Falcaria vulgaris,0.06714012022888886,0.18746277141718753,-0.019800915084185203,-0.043487593685554986,-0.09306493132624222,0.04754353762476015,0.06576659137626434,-0.017158478258576398,-0.035987072818416954,-0.006176301269175103,-0.024043858756134812,0.060446826527801756,0.006638530010385102,0.08588335485966563,-0.05576426952445353
Fritillaria pyrenaica,0.03664609100703363,0.038396957167681635,-0.0652101033350134,0.02720562803433072,0.02275791904838114,0.013399357382493066,0.03775318550976323,-0.09799396112718887,0.01975994700431344,0.10699900646892857,-0.07839497298924279,0.02918990859882501,0.029393826233160236,0.14810723022709443,-0.12495130991348438
Galinsoga parviflora,-0.1667079732815277,-0.09123810508720166,-0.13968934541030914,-0.08418323377477673,-0.0015276185743082918,0.04619712163998441,-0.0009563913585366082,0.013798341243401631,-0.034247653471863586,-0.022591448517299523,-0.06370187046881443,-0.06210356629761018,0.12326464424833293,-0.049134512237084475,0.04047442004778473
Gazania rigens,0.10212287771340074,-0.012837096462497826,-0.026612892775031136,-0.12056480518838104,0.01297345839148782,-0.14757832320165387,-0.13917056237094666,-0.11676245511195918,-0.04662094667472749,-0.06568354270337377,-0.1308559196254571,-0.05159767861026287,-0.14637308522774015,-0.05333140447741111,-0.16464940228234307
Gentiana acaulis,-0.06518442750189114,0.061706237653557185,0.019268226719157462,0.12492009068248092,-0.0006804217455669558,-0.0459798750667895,-0.049301431599693274,-0.02539267463795487,0.022298705805379827,-0.0762915144516708,0.025619624780407208,-0.004734906747869529,-0.018571400746607986,-0.006238510431930805,0.02270594166454168
Gentiana parryi,0.0687745106546188,0.03680373542767873,-0.010106512634891597,0.04349461756662224,-0.003265093173392879,0.2188334410705375,-0.09161700142171281,0.1041916254350707,0.07120762202902664,0.08793358034592957,0.19365033353248046,0.09264608178647916,-0.05922866997856425,0.05728630171707308,0.07286976959231892
Geranium macrorrhizum,0.065840203646069,-0.08289185301887574,-0.15358681720803236,0.042163704840016906,-0.14404273417267985,0.060415028461688516,0.011401951251989206,0.03949381939042512,-0.048805632135295166,0.0799319005486224,-0.09472741375793632,-0.03598510758344598,0.08607923096230054,0.04940124155337183,0.057687191792529256
Geranium molle,0.007946489420405928,-0.03401507962251431,0.037391589161634195,-0.1035193074323416,-0.09543399465535046,0.014454309794226067,-0.0634017398471721,0.010304317630548872,0.02903617196934468,-0.08105124690644275,-0.053848746238769674,0.04210995184664044,-0.012434570393766777,0.012692170772630528,-0.022643686229730883
Geranium richardsonii,-0.09152109056959672,-0.03876325469981787,-0.06505360904614084,0.06845318212509491,-0.051808132568972584,-0.10507393443011354,0.019906252990966152,0.04524272529100219,-0.0008418852465758373,-0.10613474088204435,-0.16205263570717107,-0.16600090927603722,-0.01489099724489368,0.04371856096131961,-0.029605278261507283
Geranium yeoi,-0.08267687985154983,-0.026429570566830787,0.07290415156938478,0.08858523393011125,-0.06965920055892863,-0.0038202951494815804,-0.06387978767464629,-0.09435102093788153,0.03916077960527272,-0.0347345692452858,-0.14778799610429602,0.05155889747648991,-0.1011973402203947,0.05139089403066974,-0.011682047976164633
Geum canadense,-0.03819527566024612,-0.016204120699118123,-0.03750993268897802,0.12213825559424418,0.024903987029688622,0.07689435474600756,-0.05034513238902263,0.004298315380153309,0.039566525835570555,-0.006039330269918049,-0.062069323078852344,0.10166949858279081,-0.06713969151636644,0.0013272223418239124,0.04823863621186294
Geum macrophyllum,-0.04139872735449597,0.08416661346790148,-0.037016421081155174,-0.03932873665714253,0.12913905210314852,-0.0004287835596132258,-0.034349136956043566,-0.06704520037215973,0.0036966902171073073,-0.057721176130879535,-0.06161312498152504,-0.06115386496472595,-0.12425298016835205,-0.01720673929896223,0.07280520460417998
Geum urbanum,-0.03405574836624276,0.09758637005113062,-0.08587953314582315,0.07627648896354387,0.03368773852539155,-0.07465150880583044,0.014480153343996422,-0.07793905223558865,-0.030358094466157427,-0.07311243041679498,0.053797633752083795,-0.08302480466110766,-0.11897592820203065,-0.07130464195030306,-0.06289178414359974
Gompholobium huegelii,0.3099290976383239,0.12439597971097159,0.24226681167927397,0.2574181803598064,0.06382942876586989,-0.1427032107257394,-0.036189497269762096,0.07414197277855437,0.10094596538459157,-0.004516406856284566,0.05478018723324752,0.053507126949922705,0.08964846703734565,0.015431903922962325,0.07241557405439633
Goodenia ovata,0.01737741053222126,0.0673413425198328,-0.01581233654548242,0.018260486917026354,-0.08286379601192936,-0.01578052543471787,0.006635029516348533,-0.07424175390981501,0.0021793379997589084,0.025565268536388804,-0.07617195061127666,0.01359181604924963,0.0027955770506498468,-0.011149676377545686,0.03559234661264881
Grevillea alpina,-0.02503726924637564,0.0779800925056862,0.002213402486786748,-0.08119192268169578,-0.01237857922394385,0.009811059516699853,-0.05408192052659168,0.0424377585803844,0.034952087541853694,-0.02223990901953476,0.08663975787068966,-0.03781706801311643,0.0552891777674237,0.12724256240949955,0.01691638841065816
Grevillea lavandulacea,0.12276049031287121,0.12392167355447248,0.08390093118681216,0.10927446019592255,0.018649981137888016,-0.1743565313888717,-0.1346529971623589,-0.2801079702681829,-0.057843681382672284,-0.21446745271475579,-0.14825616463515748,-0.09908631838564433,-0.21126489348394695,-0.08407688415192051,-0.06329640895539894
Guzmania monostachia,0.003012621103668708,-0.02327990256433023,0.01025028191176345,-0.021156506009360074,-0.054639279883429516,0.006314252212832476,0.03816245141936977,-0.07867873215845565,0.033142619794664006,0.07204776328625304,-0.021523429895241874,-0.05623579252899954,-0.07703747307547759,0.07444528665005973,0.0100515767504871
Hedypnois rhagadioloides,-0.0639030664279854,0.05733156027939807,-0.008618843705441716,-0.10300095249529313,0.0002293067384482629,-0.00841321948720844,0.054597215681804846,-0.1498900227130631,0.13431135727213458,0.04758501284420572,-0.16014636189062975,0.07876078398727378,-0.11453378646954612,0.07637675313559325,-0.14286559638928767
Helenium autumnale,0.03171755388467919,-0.05770872026645922,0.006932708082759086,-0.09521048581181749,0.02955251409432716,0.0102610326238796,-0.05943191344751683,-0.0031296088733475964,0.042407605070998236,-0.06630904332907582,-0.011386966257972638,0.03605651799790469,0.0007560359550265914,-0.0021702075312576255,0.023706135653338716
Helianthus divaricatus,0.0391859850913443,0.07569648544946048,0.06910065902249996,-0.024349408499766287,0.09622923997124794,0.0080815267340492,0.14818593754717954,-0.0560239480076276,0.13336350954489812,-0.017940197617225647,-0.0268255739434584,0.09569762410144464,-0.05211818337638991,0.16727000181688073,-0.1415540056343355
Hepatica acutiloba,0.018058169424557565,0.022206675065946167,0.01811947587439909,-0.07355107255978932,-0.03619471739785413,0.0016032507087749164,0.08184544711190953,0.023665707217154098,0.017233061230897666,-0.057363541302113866,-0.0340261234521616,-0.037504400961273464,-0.03654617044703047,-0.07791367869880526,-0.04066112939629204
Hibbertia cuneiformis,-0.04218671832114196,0.20378232175923477,0.053886148757508294,0.20281284505827607,-0.03212180039912337,-0.046220704340022026,-0.06427612871604042,-0.03691774283234045,0.023861518233033917,-0.12964433280460697,-0.06132613703378212,-0.1171114973228994,0.1322992389427196,-0.0705732723344554,-0.03465473858918189
Hibiscus denudatus,0.04467218952461591,-0.11449458632741218,0.047931364344021184,0.024066460646388933,-0.0764053715120695,0.03984362618322425,0.009933049310895118,-0.03183199107645096,0.018018015719747073,-0.028961550382115876,-0.02784811998894368,0.03252304621106738,-0.07336055372538978,-0.08404745201013528,-0.03620946089497741
Hofmeisteria fasciculata,-0.11680774712913222,-0.023531743077132322,-0.008069454047001707,-0.08456945922213131,-0.19005467983552876,0.17543850317671655,0.11102024477635436,-0.055878237165252365,0.07869390755800716,0.062267771358878524,0.1345505708548473,0.10857989016064046,0.17643621686720826,0.02310151772807259,0.013153382000141116
Homogyne alpina,-0.02239769670633696,0.06614724572467587,0.015316825911519996,-0.13191767623526512,0.010743807499230451,-0.04302151489411318,0.012963828556297888,-0.051781934067138345,0.011398356034651946,0.10710174597362182,-0.015699734507179885,-0.0067181639498491395,-0.057361126636035466,0.07278950985756996,-0.02141974419103445
Hyacinthoides non-scripta,-0.014562832053805836,-0.04764999772532403,0.039284565262385204,-0.10769296552860862,-0.008157496155036819,0.017422683517970248,0.055944084318381264,0.07791504230537395,0.019870624607932954,0.030327245558426415,0.09205987947599964,0.053090942010604374,0.09108354969895992,-0.039981693181920894,0.20247681389938876
Hypocalymma robustum,0.10834674965903515,0.040919910940058146,-0.011977944501737883,0.020732760191119342,0.06773495567493552,-0.1110596501460593,-0.033334353313459894,-0.2649203917621715,-0.18867999344730133,-0.006667842919870914,-0.23327345306519498,-0.1500826296380409,0.02135804665982649,-0.08593006949260334,-0.44356004516673164
Iliamna rivularis,-0.041685349860740066,0.05751040308649171,0.0028048195693718115,-0.001839424577946424,-0.00933925568707039,0.05794991072323087,-0.00016211480180997842,0.0406176119044948,0.03062754264784126,-0.03202935951376267,-0.06332698559533075,-0.009282609818441312,-0.0011658608319914526,-0.06703897875338954,-0.024619858055926105
Ipomoea cairica,-0.012433685017074383,-0.11753482226006035,0.026048565907310573,0.08646149943666191,0.021503955947442928,-0.01987321712524714,0.07002784760260018,-0.01682370231699323,-0.04394835251601893,-0.029685237364965714,0.17805418393858952,-0.04391211832190859,0.14725468806127115,-0.04182742665005953,-0.005140060057867526
Ipomoea pes-caprae,-0.09718742980960053,-0.08446809128462128,-0.1411837138068014,0.02566500409118429,-0.041112343873826555,0.03866602243057825,0.03243077273549765,0.25896245457612777,0.05902919659325169,-0.05602914626907075,0.23367257744786016,-0.033470075322540135,0.08228052200667407,0.017828919080142686,0.4859664408954253
Jacobaea adonidifolia,0.1410382719196959,0.05630872839207159,0.06481592754824161,0.10537354969406977,-0.04287220086967473,-0.05086646685953528,0.023929567659121253,-0.08307853300653395,-0.05967224374940112,0.005273743859736574,-0.0182253392150989,-0.059442762867328046,0.01036935705490056,-0.002275191441719949,-0.05927206579347935
Jaumea carnosa,-0.036183627793515374,-0.032029375450971974,0.009503071408458266,0.19744795213017666,0.04238674910608803,-0.07736859173515584,-0.008132449433572376,0.024041440029863075,-0.056795356715591244,-0.030702879087501616,0.25108567056154985,0.0011922016749232424,0.002858685751753896,-0.033987103122091356,0.2944200493337823
Johnstonella angustifolia,0.08380715640872816,-0.059505833282796225,-0.11914000737100089,0.0027885506189396325,0.020030462449575504,0.02065942442216578,-0.05303024998654895,-0.09388612429832681,-0.1364137378196861,-0.057356001384112655,-0.013698874731907697,0.09864367187256988,-0.13031492128818883,0.0688353068369609,-0.05277606476274112
Lachenalia reflexa,-0.06976865944767506,-0.06357288924561079,-0.10113960622106347,-0.21635895994570006,0.16479191727517015,0.12436373100446113,-0.004049031895036135,-0.03602082920659055,0.030860873743869307,0.1332196037177576,-0.014696290401774878,0.14442161408194887,-0.06101468607692783,0.028108494526536854,-0.14048995103791742
Lamprocapnos spectabilis,0.06716747989833359,0.07046976755352555,0.04635625646028568,-0.08145016826660752,0.011296880734655568,0.06092924696028031,0.04275417352845632,-0.00607361282581174,-0.014880852322552507,-0.07963898284956605,-0.05889487196089541,-0.07624324558642785,0.06954116972463956,-0.017471594005625098,0.044104844728723724
Lantana involucrata,-0.03469869657096953,-0.09354153799138153,-0.05475433750243889,0.2616476266096129,0.17615059274805028,-0.08970116186580511,-0.004488386245782137,0.24400997274969055,0.026807428278993593,0.054011212814338454,0.21399813716981614,0.0348690654177049,-0.27440595607613005,-0.008619870857465295,-0.22628139849131806
Lathyrus japonicus,-0.007888266915075489,-0.016218774614641947,0.03688677210321686,0.3157160822085742,-0.04993901926343564,-0.008163601816715915,-0.15713378659825092,-0.21533047778246156,0.05659753511782768,-0.008904259590398532,0.1530239614538931,0.20590422087691967,-0.25254758648592646,0.04303557876144016,0.282826398751568
Lathyrus palustris,0.15322531342908477,-0.014361749922407163,0.06867238036683261,0.0034510652330814852,0.1447498322276224,-0.061902557065594985,-0.029596929860397296,-0.08006519916350299,0.08723772017945312,-0.08075863107655928,-0.179495161242709,0.00383623441604864,-0.12358770704019106,0.009312200002471035,-0.04705775837048452
Lathyrus pratensis,-0.127206506327736,0.004978322868332784,-0.02566494783970838,0.07561008512601759,-0.07725144017078249,0.01649409019078573,0.03449844751642596,-0.005234834824434192,0.016324422015943096,0.023491294961893318,-0.02036796582621635,0.14705272607393674,0.05494093051269897,-0.021821453837975634,0.04370780594950809
Lepidium campestre,-0.022311962448258876,-0.0038566927907242175,0.1619690918365291,0.09031704927432639,0.05022885906871988,0.04855310822198863,-0.0762364904157432,0.09008604080742331,0.038666053261786446,-0.062334477189248894,0.00924758406297138,0.03383445932345378,-0.01125468682686397,-0.05075020362502752,-0.0067509818076616525
Lepidium fremontii,0.03406598695059821,0.0335407210102176,0.02318522485627079,0.040768337391603,-0.05333900741688337,0.0378062888671426,0.016089169819252718,-0.02755391996657102,-0.03151329267164401,0.067201481330757,-0.016379498999157707,-0.08138617756429666,-0.008061398385937038,-0.011035026935594775,-0.020880865057478333
Leucaena leucocephala,-0.008718831121596386,-0.008065659111107303,-0.041410796761194156,0.03247170906238495,0.022664186560755917,-0.015545833476931276,0.029865822249436833,0.028388664357684834,-0.09801860548548073,-0.07309890163479425,-0.4350622853544921,0.021837674199791643,-0.212419698033638,-0.057054836069465424,0.04526054219875752
Leucopogon affinis,-0.06790148255570871,-0.041739548235205204,-0.045553678641129663,0.03744662108771392,-0.015772243257696144,0.012510861835936015,0.043511858459941107,0.03898133231634236,0.046477245287291316,0.046495860771975185,0.00946851816734753,0.05039608175025394,0.018036334554856197,0.02525477426022258,0.02513935935750554
Leucopogon microphyllus,-0.05323074523877722,0.04045260612514047,0.057665602048501574,0.08825431248869452,-0.005303339488611524,0.07316951815759726,0.019925560943187825,0.03492771030261118,0.09680714826630699,0.07380779667406752,0.12826529362549163,0.155243641348162,0.13527857932532736,0.07800706340858132,0.05611183428109036
Ligustrum obtusifolium,0.08447330665326462,-0.0387114798199598,0.01634253392535252,0.011857612677817281,0.19586907576642099,0.026482474475048198,-0.0505951319183029,0.004622800468679406,-0.04581386629844919,-0.007774306579079869,-0.10014554862790978,0.10953617960915361,-0.007339660659399704,-0.05988734101763751,0.036488649951003455
Linum catharticum,0.011884687969995547,0.008354340988786707,0.04823804445484821,-0.028212984532854903,-0.02368570426192356,0.044559307249465975,-0.06786479391770345,0.13320303165287933,0.1251041146792637,-0.009469732535912356,0.09950034174674816,0.12898415742640748,0.10404326994547743,0.06475463192021123,0.1949549787009636
Linum lewisii,0.10379517945214009,0.09842349834265787,0.1267483372180956,0.048067065003749486,0.04939799370495938,0.013960955994154645,0.024225674943131967,-0.06204599336351063,-0.042802644641696946,0.012372030478896767,-0.05415743560836677,-0.11662788986394935,-0.02849330210737302,-0.01827046063580799,-0.06863950706046558
Lithospermum canescens,-0.013879176298143689,-0.10371904182189873,-0.013041957289088982,0.07223107230520436,-0.03309556934506294,0.001773802905737947,-0.012649778410268408,-0.009990205258300128,0.001135317897306674,-0.008185574917240123,-0.02125727556531825,-0.045113203452243233,-0.002418589862467492,-0.025485978844276252,-0.019390145432981853
Lobelia erinus,-0.0038835547360087834,-0.05566235533662956,0.00993817354457272,-0.30197877133762613,-0.08954050426626707,-0.06068187670071285,-0.042749276820909815,0.21319749506653085,-0.00019183191939503252,-0.10554335249567516,0.12262513518214717,0.02502962101543664,0.233069813909291,-0.0149584019243292,0.10781782923474964
Loeselia glandulosa,0.06596677934619848,-0.04778989944094422,-0.10496282332024423,-0.08663401122067967,0.04610797081709911,0.08318273331528586,-0.050654437769864884,0.010113296836173985,0.10175056059954153,-0.042230477718343006,-0.05924269317168445,0.06698828384771756,0.029037353613889226,-0.04632991889164652,-0.03439364152358437
Ludwigia peruviana,0.002390559385908564,-0.0026327088013561573,-0.004944726023267175,0.053885720387343156,-0.06756150503986959,-0.03278614034478073,-0.08482183832815249,0.009793694385057432,0.024989931675800027,-0.015295980448706484,-0.19734662685230028,0.045358898824116096,-0.05994148277915437,-0.08156469765259439,-0.06886386118688564
Lupinus arizonicus,0.19221279933206764,0.021925715025500905,-0.03660918841838823,0.08780467836540018,-0.0978052005975647,0.0001677764167157921,0.042335246715600613,-0.1469708501180884,0.04031545487843849,-0.03649566078154469,-0.09389017784881674,0.01514456524166752,-0.08211078034800241,0.08977170843392898,0.09641919883453766
Lupinus havardii,-0.02768921284871042,-0.02153382386235269,-0.009069129226153515,0.037325504834601064,-0.09716192698803824,-0.10207129951665055,-0.09006188229577951,0.03126963561384165,0.01591116141362719,-0.03295663201662791,-0.010298485306696421,0.06733080127579608,0.009493794103746163,0.03201180528335255,0.0006357801515227525
Lupinus microcarpus,0.13894676006518497,-0.07434475821605957,-0.006814839116004122,0.19347362511729896,0.12781272166025445,-0.018602836903458382,-0.014308686462438753,0.03978806234513132,0.16740280887301484,-0.052218497598721936,0.236609665308734,0.06964624600414815,0.028929537381330684,0.09811706124395007,-0.12651159047571495
Lysimachia loeflingii,-0.01441540442501725,-0.027304699902030324,-0.20676731654995686,-0.08817961941371004,-0.03719698739706501,0.07864190197465201,0.021813493438216532,0.014288764818201096,-0.01923998430689356,0.03842661035802945,-0.03747531109689754,0.030998961287557067,0.006383906741686757,0.03977494879692178,-0.015800543296294295
Lysimachia quadrifolia,-0.0639135789608313,-0.06025929395550695,0.08769609209993538,0.0048838236650109125,0.009095174632628098,0.039391868891365804,-0.009083613557692974,0.05100098816918265,0.05624083480366908,-0.002730250081452694,0.1693120561864337,0.06155746143562005,0.08543212613185135,0.0459252900310381,0.10059788890128431
Malacothrix saxatilis,-0.012341479232506367,-0.0859623048967853,-0.027467293922404976,-0.2442077789549722,-0.09575729044776982,0.04362001821567832,0.08752828592317206,-0.009166067281158848,0.08338275699833575,-0.033116815610433704,0.03599952621383979,-0.053454379611531516,0.05976326127036316,0.06958117052031301,0.04574456892205261
Malva moschata,0.08925326099041735,-0.005138449741424676,0.15748340781542758,-0.09366285306293447,0.08217850093149287,0.10570542071219104,0.07448664105411636,-0.007447330301197296,-0.05960841776507682,0.07222118303105933,0.016951086430176152,-0.08918132138492355,-0.07566181986969714,-0.09692884061725164,-0.02437582568273343
Malva thuringiaca,-0.0699021089917447,-0.18914765833815111,-0.12189296997099762,0.13040266273436,-0.2667747484548493,0.07440868110525937,0.07167806974373958,0.03884781067411006,0.058753406707157674,0.05991625455257814,0.05071387029221578,-0.005963856263984337,0.06948737543372256,0.030165996006502844,0.0689919480513923
Mazus miquelii,-0.04742913339991651,-0.10902855241485268,-0.05578177412201228,0.03380503465933184,0.03186260711728037,0.025469902871677965,0.062019680838965086,-0.22546864396193686,0.06417222698134166,-0.02026728849127181,-0.2239633312306614,0.06112296666166849,-0.0652109247407318,0.014302888126755443,-0.1244854978963407
Mecardonia procumbens,-0.15767248261594738,0.08081675571120718,-0.05355249362355322,-0.020564197800452905,-0.015862832459976668,-0.034257706068690164,-0.05459015907000794,-0.1312126339264597,-0.03782134891299845,0.05289487904235884,-0.014946627887637957,0.0018172781614573426,-0.029380924865521525,-0.04141367109954542,0.005238528336066594
Medicago lupulina,0.03162085523457766,0.1299307126518551,0.08937773068697528,-0.07693442252548827,0.12981794774225347,0.08927554291030056,0.10554231398067232,0.015861633487520385,0.017858235561955035,0.03559560522072283,0.04763768429074776,0.026538310121842504,-0.04454805350765178,-0.018390976978780615,-0.007977066586063978
Medicago marina,0.08804520173492415,0.024430143538869208,-0.07675014637152203,-0.042008554365793774,-0.08720429071018056,-0.053916594130032275,0.02405693397212854,0.06867871305533908,0.033218166532203275,0.008726217210649529,0.12691180169797428,0.07798764858532055,-0.0919683641187557,0.06052850818699158,-0.12365951443507149
Melaleuca citrina,0.031088267032579744,0.018623499017754414,-0.0095982766586176,0.1287954117593672,-0.0028095207601947516,-0.06586705401122082,-0.10499352522395193,-0.08978484978245367,0.11546942406700887,-0.06364336996782206,-0.2011510556893699,0.008497460686777168,-0.05356725811410566,-0.004600789730744003,-0.027841368075758273
Melastoma candidum,-0.061455041903795554,-0.0844605350126719,-0.06790256911650179,-0.09774716869857457,-0.07171573506232161,0.06971744471966736,0.06519088037871312,0.0686057802503222,-0.035462355200239215,0.0765089181294837,0.10524441300884987,0.07090879924780773,-0.005052459170185213,0.016812461676593036,0.003463980743199529
Melastoma malabathricum,-0.09552769037821575,-0.06050299101291833,-0.044252798224416225,0.15213582876254217,-0.12836084497962014,0.13263055416880637,0.04600926287163561,-0.04585719719527065,-0.005514506177017171,0.070485334676731,-0.06572258571913107,0.006944264845950786,0.07620130880269338,-0.007998534309651388,-0.0718825549432036
Melothria pendula,0.018420751048371684,-0.04041378908209388,-0.014225397194750819,0.2449934154861972,-0.0739909963285608,0.08803695913791515,0.0683703114319843,-0.09167339068795671,0.10988722983674512,0.08061261190921319,0.016786367807900344,0.07713738560118609,0.06330180376602766,0.0742788666813108,-9.71644812995214e-05
Micranthes petiolaris,0.019827958965951385,-0.03367799528134689,-0.021720088496680987,0.06469749218233276,0.05925616054927249,0.018153004855445395,-0.02862255515239925,-0.059702708074388114,-0.0306334642645786,0.015682612462662955,0.018351299714021812,-0.07679221392295425,-0.09520606483750345,-0.03710189315810116,-0.03425821572137512
Mitchella repens,0.07070956215018336,0.07477877961283012,-0.12594801129468636,0.0684164851643065,0.12906711697672366,0.02511681425780382,-0.15869690001080386,-0.06253055334457909,-0.23461413926851993,-0.026842668497894663,-0.07638472150705715,-0.1373293811105448,-0.1734491349917437,-0.17214261005553036,-0.06734335121183624
Moraea flaccida,0.09999222421506132,0.05629172546812776,0.1913227891577975,0.09864619381355323,0.015387701126454593,-0.05540535949285638,0.006653721406187967,0.04838100476966824,0.06443823695415075,-0.1483830431336109,-0.031812250911598255,-0.09208250185136656,-0.14239832354719154,-0.12113755067185346,-0.09300518719257092
Muscari armeniacum,0.04940670269162817,0.18742966819792542,0.08986345897377954,-0.047085922851966514,0.06267149482545711,0.01208422308681897,0.08158380482318497,0.006089128958735913,0.04912050746399503,-0.004676202493914109,-0.04368035662560365,-0.01196116859272162,0.06575812284915773,0.02482740460789553,-0.007954818732706698
Muscari botryoides,-0.03940421401067868,0.016626315683408385,-0.05895080985639866,-0.10028983254803003,-0.019572581358234743,0.01405009598193724,0.021556646467007747,-0.016459638573558522,-0.036725723271405795,0.029278705746717815,0.10503959082096825,-0.01247419211002653,-0.02435396391755654,0.02068329090797355,-0.07401781349963714
Myosotis latifolia,0.0697676926729528,0.04599402075876488,0.05232327007951042,-0.09180444283108967,-0.012152803048475398,0.0068981117029862345,-0.04438055287465222,-0.04837902453656767,-0.000181426360399372,-0.011900246292707245,-0.014104383691027653,0.004529051661770389,-0.034078154446883564,-0.008533752367742052,-0.10967881753589735
Myosotis laxa,0.03593175003172524,0.011944839647182067,-0.036014828000901326,0.011756381577857545,0.06490987707600077,0.03736874741106192,0.11298209763805193,0.0868121028619048,0.140559869325611,0.023458050748084127,-0.025934408355236912,-0.07509439837909367,0.032612737790940115,-0.06754893733087165,0.040845780097106724
Myosotis sparsiflora,-0.08893056510803087,0.006392532258864136,-0.04831232857989914,-0.05516385184835895,0.02402467606512305,0.06034775198590145,0.09226400300332459,0.13585660589402582,0.12516381541708405,0.05804176748617922,0.06088109451958665,0.16622065067717118,0.0461640871322685,0.071945475336696,0.1406238382950502
Myrica gale,-0.007223198484855568,-0.14676714780144887,0.04802984554570849,-0.07159467215159449,-0.10835151317015936,-0.07521731700203756,-0.040365163234693524,-0.010527010796513737,0.07999328532218682,-0.11992193425139121,-0.1258155315585534,0.033275549324080986,0.06784483645148301,-0.03841939124138448,-0.08654112536170724
Myrtus communis,-0.04049960395443127,0.046336787872602404,0.030098374253530093,0.07022624325846345,-0.1080856287271657,0.009769445301813322,-0.025736392880153867,0.0443262585934382,0.04494938884152815,0.03510357132806438,0.012244713452910304,0.026685789660655476,-0.058200002140261026,0.007432106131975768,0.06122301249375628
Nama hispida,0.07954226553993,-0.01912343571007604,0.0051450654185667705,-0.09153506332416486,0.07905000180800359,0.06040544716838503,0.03462081337767088,0.0687050847451619,-0.019538757962979797,0.024291578047484892,-0.010821324083545452,0.043202351489377774,0.0847334786206957,-0.018426425511078884,0.07060907929662254
Navarretia heterodoxa,-0.06200409450769923,-0.07041660702764574,-0.11335874121025599,-0.012800968689466714,-0.03933508596240195,0.11315550420908294,-0.0426060265598629,0.30839225488739513,0.10663508489353972,-0.07436379933846174,0.29927760627164396,0.12247797120178079,0.06600113615540908,-0.07907756960802367,0.02662128854491782
Nelumbo nucifera,0.006113347741143721,-0.0009924898809878671,-0.033353727791792166,0.12665942886406495,0.013277831707511765,-0.06812148748798251,-0.021805647421546503,0.13247553676464746,0.042235067986498585,-0.06165602065934305,0.1965645295131366,-0.028655410414460646,0.14660997867894154,0.026318752050009706,0.10917207011014224
Nicandra physalodes,0.11202190794885979,-0.09248912533256162,0.05880339099070123,-0.09864996550773021,0.011564151210961673,0.0833644582985968,0.05066781388632252,0.04967766017642076,-0.12390163270415594,0.038497344323982184,0.22813632727903038,0.03230717040586348,0.005440788004373478,0.007568095290510092,0.10090551130824715
Nicotiana longiflora,-0.015858000139245675,0.018220065990509727,0.14563604420067566,-0.18103591339376135,0.04104795357748595,0.032987733500536846,0.06248465792488814,-0.204218673848546,0.1158983434425176,0.027544133631013296,-0.046460956743393796,0.06471948495328238,0.0064262478620842845,-0.020014677531002365,-0.024190791646798628
Ochna serrulata,0.16945701546397587,0.09097164491681503,0.05251922390786721,0.12811640170899793,0.02863478034730781,-0.16280892895496396,-0.07670679555966116,0.004839054091999137,-0.15151438396155778,-0.07647315337129183,-0.04143160838565196,-0.011972655734339515,0.0302110269798564,-0.06693833095476555,0.021135174203989224
Odontites luteus,-0.03416080092367882,0.09906974998813849,0.04117141993505577,0.07596359785063332,0.07636892095181373,-0.029220593293156096,0.05107746359351507,-0.011657098740327556,-0.043387229966581495,-0.011230124688997409,-0.08125461476043404,-0.055546485010043944,0.025663542944838993,-0.13055931069215784,-0.00944405267056778
Olearia lirata,-0.0566998148315682,-0.08119601500883862,0.018026091625674378,-0.004996817749224248,0.044508264288100334,-0.008491610572737073,0.08755526496964582,0.03722863166412814,0.009077023422934405,-0.020197470996743544,0.0004996238073800264,0.024487751931843882,0.09377256550422958,-0.017811896285406702,-0.010935485612153946
Olsynium biflorum,0.014724181844001632,0.050407174894813354,0.016258863590537027,-0.05646387257974431,-0.06892850380226544,0.1269693529505751,0.09941660615095607,0.21095357226924039,0.022154443792425895,-0.04716386376609947,0.060242680295665166,0.04121084758166798,-0.050288508472600024,-0.053835657583097794,0.1157354595391362
Omphalodes verna,-0.029102915885818734,0.01991116583423991,-0.03295500687296781,-0.024660978630589785,0.041853832200174045,0.09332502190909557,0.008486488392453502,-0.029442175550472707,0.009627369944035808,-0.03894080971868309,-0.037898048067136245,0.03566266268260411,-0.038317531239544574,-0.08048448236669921,-0.020713632752493216
Oreomecon alpina,-0.00850189664280264,-0.040023927525145386,0.024633425408372288,-0.02130967826226316,0.014404309319598942,0.1040978583106196,0.032451587504136466,0.018410540922448836,0.04980332443257328,0.07571163278324204,0.10695322172534119,0.11565346249273947,-0.012636507088050933,0.06362178975689323,0.05267625420648579
Ornithopus compressus,-0.01015387782690162,-0.10509321855885674,-0.030565518663714104,0.0028120495298254965,0.07761459387268112,0.06463949253333945,0.08739150836008557,0.02730517403923416,0.007215178089120815,0.09190352450130043,-0.08382244883713821,-0.002372420212259573,0.1417262193852376,0.006128770816263493,-0.024546890849007068
Oxalis violacea,0.031173570221108702,-0.056934466897820696,0.04089210638125106,-0.04175557158273135,-0.042553731553565136,-0.07037673326629605,-0.08025504935196194,0.004705448737554401,0.037846640162757496,0.08985036451888846,-0.03721240770266984,0.08038274764927134,0.05493241741162059,-0.04122213789225648,0.03969913320705809
Oxytropis campestris,0.025262124468920174,0.04638018045837227,0.1718488182710167,0.052445243809683656,0.0010389956964949028,0.07795727141885199,0.053882413385289915,-0.1945057229056934,-0.19016921577924933,0.04039246226695566,-0.16205998401345081,-0.27512142575235504,0.007714099365701795,-0.04003254138179667,-0.001928843233810697
Papaver dubium,0.0008266793658555121,-0.008217860861671224,-0.15568660062023773,0.022725357275365364,-0.10030397566257786,0.006034084593825171,-0.017738499352617804,0.059553736471864765,-0.07284586260948626,0.0035646889385375588,-0.18985841128783168,-0.027702103116744668,0.0369932592610245,-0.059735242450306585,-0.0862467076138078
Parthenium confertum,0.06164218864692933,0.045143346626983244,0.012453368077761491,0.0766339844311501,0.02432115749661008,-0.025260654014943994,0.06922409443276022,0.005782787992306755,0.021302740532938413,0.05694621053418064,0.02428321990595739,0.0030127382951709103,0.06450184065041807,0.1446989534220714,0.01758932826774627
Passiflora mixta,-0.030292447071375284,-0.10203776003681823,0.13066396040054146,-0.19141388235742088,0.10307079179835217,0.03937398880048778,0.12755422111366943,-0.04511023757074691,-0.026868794071749046,0.11337453055569081,-0.09296818996271008,-0.031419334273864744,0.09244840146348858,0.07734142076181118,-0.028047284618458682
Pectis multiseta,-0.0011946313765457035,-0.06088452679287089,-0.0035687550840775542,-0.07985941845054428,-0.09667046234371152,-0.0634961930145062,-0.05892422293670714,0.048065733794772074,-0.04429582393397468,-0.10959150693563278,-0.022774723604661797,0.045551569185017175,0.014774806900279071,-0.0032520375533929206,-0.04629648589614358
Pectis papposa,0.03729769524338358,0.012015381536645144,0.013405879902156912,0.028962111497621127,0.07551680836220515,0.005448339007411977,0.013978591707474605,-0.006234964041344468,-0.024532251439748326,-0.0044122671312260085,0.0780365752891104,-0.008068736788727927,0.005654251601970958,-0.03795504012649875,-0.03312078427521259
Penstemon speciosus,-0.025718039638679833,-0.08366716836110685,0.05395162132033308,-0.05144932817597748,-0.029186796696940756,4.5343186100069744e-05,0.018541319435138814,0.023021037051686625,-0.013735357372211786,0.0331600561166297,0.063148947863767,-0.07922491438016012,0.03362032569277362,0.003100615084222123,0.036019265867905007
Pentanema squarrosum,0.07948819293226923,-0.08508808132980192,-0.0745917662030342,-0.06349838096427801,-0.00797409281487671,0.05879774523005578,-0.025926408918349672,0.019015862349791048,0.044721711003226,0.05963767660275776,0.058030925964296994,0.08290811533532337,0.11823352969953997,0.026389125249871456,0.039175375626777593
Persicaria nepalensis,-0.06725852014522535,0.0196073701534919,-0.03025741326394689,-0.06129602288249332,0.036507496889931906,-0.09390413023569147,0.014665355257622456,0.03766386340439417,-0.0037496685937928194,-0.038837199987101854,-0.0641020121371071,-0.019124341641316083,-0.005154192315545461,0.03302488956736918,0.0027607705824897323
Persicaria pensylvanica,0.04160207441732542,-0.10205352072767034,-0.008681381084388649,-0.07492871768780564,0.013349096026634573,0.03152403301522265,-0.012960939058831927,0.023609403524835208,-0.03158212814783787,0.09961778574436396,0.06353045415434849,0.052436855796308024,-0.013264267629966532,0.01718198634686232,0.0006931244488797735
Phlomoides tuberosa,0.00965214469062616,0.018082856978301948,0.14000441656766996,0.056705074647768514,0.13932839154906043,-0.06793221364827409,-0.025774563068999473,-0.04649591524392024,-0.08688503006827687,0.012124070469359122,-0.037585828567917146,-0.07343012729615836,0.01539513906545824,-0.10495162170749059,-0.029589205681310467
Phlox diffusa,0.16735697486601062,0.06564030161008998,-0.034444905860943016,0.10341193430271822,0.09566894522710317,0.06333105802470375,-0.03569045614574802,0.07580751309807439,0.06398037395968185,0.041097026878003866,-0.0208597006645691,-0.0053446436866259285,0.01561872533671913,0.0036486119927986267,0.04331897211256236
Phlox longifolia,0.03833877060228847,-0.01849466028166358,0.05865956544192647,0.00797016618664376,-0.03935243090824672,0.006984905349864906,-0.008395796782500223,-0.03844740230818506,0.03548503886631672,0.01806520043104945,-0.07538426896712652,0.07703910705998589,0.06809287716245455,-0.013615285014094229,0.024842323026348593
Phlox roemeriana,0.05135797340753551,-0.0750057914033887,-0.050189698195950275,-0.04015153394948435,-0.027864101736735297,0.0019393010364181808,0.0697681003174999,0.07032995020599295,-0.02851854004176997,0.042355576819101355,0.059765291063079366,0.023900905919104393,0.06152514796567823,0.004255815811077971,0.0026470448804854175
Pimelea serpyllifolia,-0.008649433983038097,0.006331281168825334,0.13248698957239174,0.2284211393825417,0.07138709028682681,0.11630577777368616,0.10138429275643103,0.1489858940957047,0.271400770293457,0.08884416124074936,0.20340839665780477,0.0548126311374763,0.16493712276224481,0.04424977683845199,0.21205128765233525
Pinguicula vulgaris,-0.05236679819170246,0.04606750520930056,-0.06904222322761672,-0.05422534396412311,-0.01808910058981706,0.07156040203050285,-0.14192870192529172,0.020669144889530727,-0.06379685697315249,-0.07324509004469679,-0.045460735732562305,0.025683924046362685,-0.1696156198405864,-0.07076246704204024,-0.06685441733091849
Piqueria trinervia,-0.024506494459049975,-0.02133807485360182,-0.07284583229813182,-0.05532622807096293,0.001566521628193945,0.011077024611642918,-0.04499028527588475,-0.014014748143735344,-0.08505003709683535,-0.03594741467844564,-0.027504051847889788,-0.013949569673232009,-0.07605626997713064,-0.043110101876503513,0.033154644165663896
Pittosporum revolutum,0.05512432934192849,-0.018140274718954772,-0.03583030418697204,-0.10619632263119465,-0.037711116275792274,0.06401596068647343,-0.03191885659856277,0.0009876306606723148,-0.027745931998301002,0.013564690005334518,-0.1301959240017653,0.10490131450576126,-0.05518175049319079,-0.1525690780059099,-0.11904185183179884
Plantago media,0.1354857477559756,0.079717418962476,0.21217454611219544,-0.14148719980486038,0.17551595871022488,-0.06066907099390112,0.013156817299936722,-0.10948792431509471,-0.010360700149897968,0.0028207754655343096,-0.041710678322094234,0.022179320932991797,-0.0709250561707423,0.033350003236777705,-0.06146316994268265
Polycalymma stuartii,0.06275508345549637,0.01841285820481807,0.004424389063633416,-0.029419982463287354,-0.07186321381970245,0.002238909280050581,-0.01840870581071185,-0.05456181831051092,-0.061775843302179334,0.02760925100084363,-0.039000886450794546,-0.0336761872122216,-0.01813197529376859,-0.061924998529635844,-0.07251953825546129
Polygala comosa,0.01633322070627078,0.0803406749908774,-0.013887899236276752,-0.01679469014487744,0.19485857398296763,-0.1158845680258348,0.0341598658229723,-0.09101186640938475,-0.01780311151428878,0.02533455114115446,-0.1493763029135969,-0.04065013907962929,-0.12444677294030788,-0.025978352282826064,-0.020768524453148602
Portulaca suffrutescens,0.017283855637376035,0.07432586744724015,0.02646938165086208,-0.047523780430668426,-0.025846594608597874,0.0946439206222688,-0.07829380683656217,0.13857487083620307,0.010807581504313872,0.07109561589839096,0.0604534887095557,0.02224169686917735,0.06792987698773756,-0.011724341738548957,-0.0012353224758510372
Potentilla concinna,-0.031123226222710465,0.07035387315126942,0.010831344839013518,0.0035786343521839515,0.02499443434767778,0.003991517467125187,0.019342228660466598,-0.041240318045854964,0.054931219619164987,0.0014301997655427607,0.04287720021651002,0.08807822770840068,-0.03624290525939886,-0.0285203199104191,-0.057878794064859414
Potentilla indica,-0.09409282524997993,-0.09200050579264982,0.007798948974874688,-0.1271831949434293,0.21651002015367943,0.1613741088167371,0.09287005091830648,-0.052702683393712556,0.12388483225760637,0.12803584467563398,0.0016693131359875873,0.17213014052456885,0.09769757570974771,0.14034732991624654,0.06414484961682729
Potentilla simplex,-0.04232189475253478,-0.08534198726193275,-0.005529352531129887,-0.07753823428676834,-0.0253202130887439,0.09518429161890937,0.09733406448049249,0.05968390921374644,0.07302044314071247,0.051421920891599346,0.022714292494095005,0.059124995985256834,0.08673732049258517,0.015352880036904068,0.06970751763726583
Primula elatior,0.03046166573627131,0.07521736257390788,0.08171770954775508,-0.17551007558986054,0.058726822803268575,-0.04143755771412567,-0.03125549279530207,-0.011240943716353093,-0.04372009413355427,-0.05100809618165632,0.06295951450790313,-0.15108580888849354,-0.02046318844424286,-0.08835031968245119,0.07025501877175297
Prunus mahaleb,0.03252236413927578,-0.0930590635787364,-0.1380591022356389,0.07139441325068006,-0.13090798022253153,0.028037054657719076,0.04013882856533848,0.06508608567045046,0.027169529067788006,-0.010555209745788132,0.027926285647129002,-0.014460734400588763,0.011130167605416746,0.038708281130708504,-0.047490166990680135
Pseudo-fumaria lutea,0.06158950239454402,0.06337899004672545,0.08731275275793904,0.03275187997981594,-0.01599502092362633,-0.11836419048810683,0.01956529174356933,0.09429307302639961,-0.01643455194960334,-0.02076134362663739,0.010061201378971395,0.06448151628689153,0.09751610673531341,-0.03541597287583642,-0.006404652429410765
Pseudognaphalium affine,0.04300848576540353,0.11709716653509356,0.08760563134161799,0.13590537407512196,0.04064801353193085,0.0579749701107812,0.0947227860947093,0.07713728473408771,0.11046759297037347,0.08193452185922485,0.02527202902496046,0.036550417295343966,0.10378269911461642,0.07583211492610172,0.092053652032108
Pulmonaria obscura,0.020743696284825714,0.09348347540073766,0.20300498576397852,0.043342137339171374,-0.05446858028595299,-0.049898869410981664,-0.03445261582083667,0.09038077620174133,-0.13238130381023364,-0.05784356516804679,-0.02251533751673073,-0.17594011365037604,0.016345644208640025,-0.12135831647455082,-0.024833456897659482
Pultenaea villosa,0.06771156189872027,0.03131777278531485,0.0903432211712186,-0.11588812638791496,0.05879315669735686,-0.009477688513498318,-0.08280131107339009,-0.04641208660990728,0.09364677266528268,-0.03615361405760511,-0.07783519437813843,-0.029232475921314977,-0.11367729255479017,-0.0769972185851243,-0.1463271628347039
Purshia stansburyana,-0.13699893027702909,0.07742141046415586,-0.13735051181968705,-0.03606837678965308,0.12959735085098156,0.035495291201440626,0.0007034570656869658,-0.03444064414827312,0.07210394243893514,0.010054606084100363,0.06737328533951915,0.024156610553628673,-0.026473547466345435,0.0585377826111173,-0.05230682234869945
Pycnanthemum virginianum,-0.02478425635483907,-0.04461288610067221,0.04145830868051656,-0.034456416258539575,0.17520156107169832,-0.032657225869569324,-0.05265542872001027,-0.032584080088174566,-0.0012692473920319766,-0.050588172482665256,0.009929096742998168,0.03950260306172488,0.05831556250247058,0.04819057446621489,0.023992301864961107
Pyrola elliptica,0.006981027292634172,-0.022890628312475052,-0.10107404819106638,-0.07028114387390155,0.0996241496537281,-0.06766284674679439,0.005131240627769043,0.025960372233018975,-0.03941936876755789,0.04051885774076896,0.021452138277541197,0.08211411923238329,0.07184962819615556,0.07949310311412264,0.025391721106451975
Ranunculus kuepferi,-0.11616919174946032,-0.04849410647490778,0.12912054153827793,-0.007107976684807393,-0.09919998422301746,-0.06702295545524821,-0.04941297602632793,0.009191969622902677,-0.044615890487017355,-0.043240437137727517,0.015287797651054813,0.04310720570927538,-0.002894548879848646,0.012973133331308517,0.03264518700472782
Ranunculus lyallii,-0.04962555415742681,-0.010970544559582525,0.06051281087816668,-0.05460830851516074,-0.02908891665793282,0.05889054115293893,-0.016843609809884724,0.06980807209532718,0.0730918069345172,-0.06258144816448791,-0.0532432276116008,0.05963867207220747,-0.012966844782690203,0.04259452438310706,0.07041882615463761
Ranunculus trichophyllus,-0.08227653062906969,0.012961468437162527,-0.02954869338633935,-0.03503809064604862,-0.05446921337209948,0.0324363146987442,0.04739852568920263,0.031083565709374365,-0.03540902556634993,0.04024635645300166,0.09546433689909974,-0.05629219309133085,0.057168915585056365,0.0224622159087376,-0.015833226113326687
Ranunculus uncinatus,0.029878585501338678,-0.03543216267896789,-0.02995051586978268,0.020523745859126127,0.02897002502850613,-0.20662451397932993,-0.07346617233319086,-0.12148122974197238,-0.059302880684291716,-0.06863099542437175,-0.1189836768694932,-0.06131118060590759,-0.06278441106769997,-0.08441663819633434,-0.032427736193279266
Rhododendron canadense,0.0009600586649787451,-0.10105918151030187,-0.12084172293508837,0.2349357357092914,0.10531513203890017,-0.021525335289409173,0.0024517633779237817,-0.05528421326335454,-0.06609377710701267,0.01106435135442102,0.06616380520905782,-0.029794248848579136,-0.01559135061562485,-0.0908145891497327,-0.07437024893154891
Rhododendron catawbiense,0.0797311036791588,0.08602390832584281,0.1094431142860909,0.03456644274959982,0.03058607564467866,0.09299716941034109,-0.011505736329238188,0.09330018371396784,0.06395704737299081,-0.023015820391914982,-0.02893260646041058,0.04118292004384743,-0.0011209086238101907,-0.02183194472934226,0.014629771169965151
Rhododendron pseudochrysanthum,0.019560679075608454,-0.07878720958380563,0.06357330662013917,-0.08976380686283403,-0.16274183380048216,0.023797458327257996,-0.060874375054372154,0.07192988167838302,0.1668978575233563,0.030376615956789192,0.06412762915464337,0.09262555044151302,0.11808141576161368,0.14945513801946317,0.02658256027698059
Rhododendron tomentosum,0.06038508717684623,0.0684024611725765,0.06816009153790026,0.003855672380767445,0.0999452520438668,0.05500221593496798,0.0742077001484512,0.07593520016110912,0.015718751848813963,0.07564484153730516,0.020496061639607332,0.1334568845240448,0.03497317162033959,0.11157655628159008,-0.03239394930505611
Rhynchospora colorata,0.0028327140813733357,-0.10153185096495002,0.03838042819934381,0.1234908039839145,0.003135969211603787,-0.012855817498623115,-0.060424534234998335,-0.14359546085661754,-0.12019737799149527,0.055799815555700225,0.056721342272906324,-0.10461502428049295,0.10485396122483527,-0.17156479378395506,0.046631839438132094
Rorippa palustris,0.06697239782854147,0.02438392827613408,0.1439393844329208,0.04440520511363585,-0.03344925895553284,0.041002472739324586,-0.0485433214049939,0.12639487168068075,0.02450892142878839,-0.018016130777506637,0.08629680496750729,0.059322386524689234,0.12025152269942689,-0.020309501192099635,0.06338050476923532
Rosa blanda,0.11792509308135973,0.03522432464456208,0.1196352821564472,0.19408566339886146,0.2043522334502007,0.026502398076902238,0.05364218548075628,-0.08311824515468519,0.07131448833897783,-0.04966741352771647,0.10828705999437022,-0.012852646661464592,-0.06912558964037553,0.09264848012903298,-0.0445400793527939
Rosa multiflora,0.010258253706049348,-0.027528765337983464,0.023943570534328457,0.10562062783720287,-0.005968836928710537,0.053095965866373135,-0.06551562080734427,-0.002407607022465521,-0.08112278566389222,0.025621814686255427,0.08848000085383102,0.0032737625632113985,0.1653095778996277,0.029099405521963547,0.19266364895327578
Rubus chamaemorus,0.025164216958185257,-0.07762164727448466,0.17340574618352844,0.021845918784398323,-0.14845555621660217,0.06109769728974599,0.024440677471340738,0.000820036303175005,0.02029843508258351,-0.00029673616832366216,0.11681619839846744,0.10150431175632445,0.005564798836968764,-0.014772776496431871,-0.0796075049339998
Rubus odoratus,-0.007291291452175257,-0.012017064530053119,-0.0824449647626856,-0.057395496869664275,-0.052700987052602274,0.1039890445278346,0.03270112561536586,0.20502960047007007,0.02573580606891904,0.08129666986565666,0.02246177527886107,-0.1416160314332245,0.08996661194258837,0.035645255020434,-0.13721028209104952
Rubus trivialis,0.04430490384087069,0.052784825789682174,-0.03661904388918416,0.07487055189515567,-0.04492667734680567,0.023594102193765995,-0.01828461640479208,-0.0013976879733284993,-0.09265273631708475,0.006013313787404493,-0.04159641422785263,0.0030922443908397036,-0.00154331683952178,-0.05150449065588257,-0.06134144121612124
Rudbeckia triloba,0.023903662589266683,0.1122134307186516,0.03526340880076649,0.04734683194574412,0.08543672032806728,-0.009677203762321746,0.050887779972559985,-0.00305359348128509,0.005945873385982691,0.04716594543732974,0.0030357257570413337,0.09149575125418286,0.08719390506809035,0.0675005839914751,-0.032708766539595854
Sagittaria lancifolia,0.004793487448638263,-0.08644125618402933,-0.050743798623562666,0.01673929686888423,-0.03775249440085869,-0.134477603854589,-0.03289542076084253,0.136662117748462,-0.07019257056255919,-0.05953903365902522,0.11372010850937404,0.006650205336495556,0.021635763659852227,-0.06783115673072124,-0.1583734024136171
Sagittaria latifolia,-0.04695082810592309,-0.033546842228663956,-0.002343339295348164,0.09548139995694116,0.1982324545021495,-0.1430463386438172,-0.0025488822658953684,0.09434497434345299,-0.0036423776145205473,0.010013090601931675,0.005279713664194093,0.0024061362725716325,0.09786228530440232,-0.06100582398216777,0.07785212397734867
Sairocarpus pusillus,0.009464650428852622,-0.04449445372092469,-0.06529120081977391,-0.2600303147918135,0.06125453782603425,-0.023641158883648025,-0.025885449024612383,0.24884932645671037,-0.09904580057500136,-0.07911855222315813,0.05605147913882531,0.12349029281323798,0.12445392505184447,0.021311199423659766,-0.06783381034095587
Salvia amarissima,0.04616942957197636,0.0062493891769846875,-0.026359436226560395,0.024491713496723022,-0.08593800780326759,-0.0018976505980654523,0.040630244047171554,0.1209547053670775,-0.04675442931939554,0.07865336859132493,-0.02970813736381158,0.001852920471740238,0.08873522200542021,0.021557339640767767,0.05061656298832129
Salvia hispanica,0.09544194296212608,0.010554670873865418,0.04701751237615554,0.005774058836165518,0.21869184970922123,-0.061223028467276744,-0.015583577908332823,-0.016127640318178215,0.03377153326654696,-0.059926082009310974,-0.11743352000902113,-0.009857128968399898,-0.012000603183266012,0.08817550981220702,-0.028538635184014713
Salvia lavanduloides,0.01903230233484362,0.11803369081212339,0.04974189932760439,-0.06668177455735654,0.04759807043154597,-0.09223535692309924,-0.01766102488816176,-0.0902516938520603,-0.09483423808801208,-0.0628248032608381,-0.029790084782589713,-0.09563305310869365,-0.028853986445224987,-0.017093786168667722,0.0050967465196562756
Salvia polystachia,0.07782161025609108,0.06256232657550098,0.11171119906427622,-0.08683754945929126,-0.011545369136959825,-0.009916724055252985,0.04992272010305452,0.03077184226081723,0.08250767820281318,0.006145094470869188,0.012311217423721028,0.07778870027930182,-0.029282195526351234,0.04169509744414799,0.0010827735445186476
Salvia prunelloides,-0.09247519956673116,0.07779242271306079,0.009664667480370457,0.10623318211890805,-0.043139667324440974,-0.052525540474067434,-0.07295733627178803,0.030098334581838828,0.04274828736844178,0.014739724435737985,-0.03715032772547379,-0.042659890319850804,0.013124232930431846,0.039424729113459525,0.0651944239792345
Salvia verticillata,0.09206462772433818,0.09882934161307078,-0.015616563110899427,0.06263692431007771,0.07765900365976416,-0.026599926983866037,0.11550468401215032,0.004717181010423559,0.030785683035579665,0.04049612885274478,0.13717690105994937,0.024247278430576426,0.03819212311266551,-0.07837199877078176,0.060983928427871245
Sambucus mexicana,-0.0035391466976619234,0.0057520654131229115,0.008019563617823862,0.1564992130210152,-0.05883073843487831,0.056219099228571996,0.10656084812238162,0.10509492106166272,0.04393218620031246,0.08790855062596872,0.12978003383936573,-0.002187750287485931,0.10592600355549894,0.06349070029088935,0.082404007224648
Sanguinaria canadensis,0.08527178973432263,0.059821408975004,-0.02504079750548712,-0.031512364021800035,0.18620319358914164,0.022426311371190187,0.03751161532584033,0.03127183534018275,-0.008537147708297738,0.05820280536085862,0.11857785497402946,-0.03640442071983338,-0.05123441329966787,0.0021420786450136995,-0.054700347196963275
Satureja montana,-0.16121407076850391,-0.101733322419214,-0.10056205870490971,-0.017057585471282034,-0.14725089278014297,0.0019046799588297635,0.07155467048671377,0.11841823963508961,0.01624506387416934,-0.023420618330318187,0.052544572474087614,0.002103021427777738,0.04630060171454232,0.025242746519613283,0.07210710572033376
Saxifraga granulata,-0.05692291748817228,-0.030525736221301416,-0.05547655721758401,-0.06357959305744199,-0.06674233119809744,-0.08480955995705797,-0.1751531322105323,-0.023305744971378148,-0.011930993383978803,-0.06095126028875319,-0.048393246127994095,0.010565432183654766,-0.020998722398013796,-0.1092443439643307,0.07640535024544746
Saxifraga tridactylites,-0.022593001247271826,-0.04878034688235039,-0.0666112434259308,-0.08402611081521921,-0.02895258002144262,-0.02927535580908525,-0.07910233518374576,-0.053642099126122264,-0.08777209696812859,0.062144915216251276,-0.19810142932527788,0.09542207316711326,0.018686456663177052,-0.0038469242290295833,-0.16637353119291315
Scilla bifolia,0.05941221386224603,0.002231790635384404,0.05907282824351251,0.1251854723180571,-0.08309168166555272,0.012659922294193401,0.048320672104963554,0.05131119122872302,0.07942673748650315,0.01997852001090186,0.036484408516803665,0.0352185753635944,0.12102347483015401,0.004939128044336083,0.11163917986634148
Scilla luciliae,-0.07047219367241377,-0.06517396535963066,0.06947248617493298,0.11742328768310155,-0.06449417452283573,-0.039651270163549635,0.010326464427231952,0.05703785570377533,0.002133339129598596,-0.03010080359847145,0.16743493630051198,0.05234507511035588,-0.08097765264477587,-0.030631916039863146,0.06988730117765656
Scilla verna,0.014149825218922116,0.00029617616011917973,0.09013485641222675,-0.040899613556539066,0.08898933406518189,0.015774637901253136,0.07617852075272664,-0.16985284504268092,-0.09737561610861091,-0.02538807832076745,0.003054633000637105,-0.06443305810605277,0.0046408933208677864,0.011182398604741758,-0.2005464615632623
Senecio mohavensis,0.06300463333182185,-0.08866350934023175,-0.0033866146214925723,-0.05478257958315711,0.08077207555323232,-0.050671973598533517,0.03930362939239208,-0.04540688757195177,-0.11336487003985687,0.01813991220599673,-0.04606516175964804,-0.09121915762827935,-0.0351349407462728,-0.017159253024511073,0.008341175967283985
Senecio ovatus,-0.09438148868351351,-0.0733731985028147,-0.061504031590324394,0.099276144953983,-0.025927756627707826,-0.04647503836880453,-0.0042165601226612035,-0.19111309472513838,-0.07254109212464496,0.015022203709508044,-0.020559447572716178,-0.054043626282209344,-0.03170048571905933,-0.008876190751838469,-0.11064691530431896
Senecio triangularis,-0.002451820340604952,-0.05882215900501633,0.002798004724515752,-0.15015950326498811,0.0074610388120566,0.06737793438772705,-0.06868968936007518,-0.017657871294719893,0.01877191324947905,-0.09179754192774846,0.05528490597100416,0.006738062317269221,-0.03821436162311401,0.01327227305420371,-0.04521856275133232
Senecio vernalis,0.02098536251563851,-0.05597683586535398,0.015772574316764584,0.0994769025115626,0.07285476161485685,-0.028128784842237745,-0.07668767953497956,-0.0598002911213265,-0.08986946843361589,-0.0243152952162322,0.010405401880435493,0.0016273953112698923,-0.16221378523588717,-0.18565962315785767,0.0012702789688053338
Senegalia berlandieri,-0.06212006956123801,-0.056874074445199915,0.019046338511388223,0.005475038171988702,0.03584587691808616,-0.012951328082683457,-0.03031507478430675,0.0022930234902744824,-0.009266686944017435,-0.04024567566707244,-0.0075806117977101,-0.03223113068550296,-0.08944468783831738,-0.09164568162873628,-0.02861645490028802
Senna artemisioides,-0.09005815629102067,-0.07211554959272606,-0.07797810762522572,0.02155145616767603,-0.09974305427936364,0.026366566889524094,-0.024699123162754785,0.0869074805961552,-0.03320628198702581,0.036091059686671666,0.07870771383579862,-0.020994646685224796,0.07068837645658899,-0.04254505952574138,0.05510452401028726
Senna hebecarpa,0.053341541033208,0.08556888147281097,-0.005154086388623763,-0.020606898116521482,0.032102679433138256,0.09437719121490225,0.06284881831736522,0.07368556010694058,0.04313092749535865,0.06446260615749552,0.04095620161983478,0.0863328861032799,-0.02885727125118187,0.0032651432155440837,0.2098511530708754
Sericocarpus linifolius,-0.07434415136190987,-0.11037170833004602,-0.013121495293135959,0.0725286083657883,0.009638296284178144,0.054068420260677263,0.07757645132550278,0.1047959962952829,0.06062580914650762,0.0466278420689291,0.04565150364466039,0.034279068841905354,0.08314378431888182,0.03624242080994026,0.12216567082907448
Sesbania drummondii,-0.03552493955310135,-0.07218607138405435,-0.04274904905916254,-0.3543824776451459,0.0766366918670802,0.20469595052508846,0.04330049911420848,-0.07408172534038321,0.030953845324087424,0.011218815244184669,-0.3014092333343274,0.062381684647297354,0.004898508343922423,0.050267070985899366,-0.42085244083313145
Sidalcea candida,-0.015939312508348583,0.006481804381011986,0.1105044132790697,-0.08171250577870938,0.08475609965050787,0.00580819059638513,0.08860729451684576,-0.049866124359124575,0.003138166806863244,0.08594053165859611,-0.07689117272402192,-0.0005377441251824509,-0.04188202263875927,-0.019038103932959474,-0.04404169967356239
Sideranthus spinulosus,-0.04545684830905239,-0.06446491455205856,-0.08999147069854703,0.019896636666861322,-0.027117829894402014,-0.06277285233600881,0.009272682169508188,-0.012082830384603985,-0.04202420666507619,0.06891553673542487,0.05655523402559892,-0.09892934082299025,0.1021205183618777,-0.016076941078165395,-0.02040404748160451
Sisymbrium irio,0.028547598430798998,0.0033800208124138364,0.07417436312570212,-0.0048449977403021765,0.07415563828445532,-0.05666052337152171,0.006714232010919586,0.09224493587742234,-0.04604711352363363,-0.03331067629093902,-0.030425124016593107,-0.017451053658949146,0.06808974342434101,-0.08612881833568735,0.03262869032443899
Sixalix atropurpurea,0.08226754656130814,0.039726644880001195,-0.018925126855746575,0.19827455371097882,0.15784796852752472,0.006944423903768859,-0.03932544626076554,-0.18291698443502274,0.0543717516749894,-0.016912801667426938,-0.11878804101222941,0.03188299250028895,-0.14104543460456107,0.010975775024414488,-0.029856196602403656
Solanum crispum,-0.008138298261624807,-0.048088104957666085,-0.11102656057680266,-0.027278780995181006,-0.01887695503270808,-0.0445404268728104,-0.06876167926491063,-0.18491085710000518,-0.031021667653106367,0.004521390341262333,-0.15796235442633172,-0.03928751800952539,-0.32349588008395774,-0.04123898480782706,-0.1747783550395276
Solanum elaeagnifolium,-0.010967333798394029,0.03904060521064709,0.08829602186643305,-0.10121789121384446,0.038111048751670686,-0.08453705163519142,0.0294414545494958,-0.05264863855113046,-0.018115812661564194,-0.06736524571086325,-0.04274489467151318,0.02739110830529058,-0.10239508014451505,0.003757574049054731,0.04640407374678319
Solanum furcatum,0.021825130182504555,0.003227097157209781,-0.18834204028980014,0.13442603139523102,0.02154210662209361,0.03626421650095133,-0.029603899390157864,-0.11881803137384456,-0.05529234220193149,-0.07514966148114119,-0.09763610062131813,0.09611985762230144,-0.2028072676107275,-0.03914634624532696,0.006398549256262545
Solanum laxum,0.0308059330488487,0.11239286356214218,0.13857597124836518,0.1684089448650152,0.031584586226612435,0.027732205633790905,0.12837168539787025,0.06967468018295919,0.12932004419097573,-0.03492512695587707,0.13274029648798427,0.1122053541141746,0.08128708093492482,0.027746757231322923,0.13842184964644969
Solanum lycopersicum,-0.014525011050288849,0.05530145935153465,-0.04854030470006594,-0.01576201677488919,0.049153638959847284,-0.01505485747945985,-0.04393391997854628,0.2779911507345225,-0.03151905661939103,0.011765452610909574,0.19614203035596273,0.04484448446484008,0.1488293197043766,0.00018429931112698867,0.1425973793994838
Solanum pseudocapsicum,0.1119234147392064,0.1111826588663874,0.06731256147840979,0.005239824508699356,0.08430653611646119,0.007713460919710546,-0.16575545064010913,0.1289567228482179,0.01819650911277391,-0.0705443818448089,0.04430281571825454,0.07168813185739098,-0.02186793646102653,-0.1426252605451495,-0.06633622455307407
Solidago ptarmicoides,-0.05494165027607111,0.010717096163819422,-0.047607391953556365,0.030035295035525933,-0.10513027682277874,0.04125785363336909,-0.03531425526248827,-0.07306748018202683,0.012285111197043067,0.05757425279633687,-0.10210546950043066,0.028885360887912413,0.0137738301985168,0.06278298021038532,0.018360372660163746
Solidago uliginosa,0.08543005854199451,-0.16249880720195448,-0.013617819061116967,-0.14400268016762202,0.14491258334375,-0.047979197668911254,0.00926971274518037,-0.009502719908949783,-0.014994852758261602,0.038872821094173685,0.12323139566544974,-0.02783690297705799,-0.0069468586950220705,-0.01948654433302838,0.16518527465909924
Solidago virgaurea,-0.0031311876074298288,-0.05059902830393474,-0.06943943328783347,0.05075686544467331,-0.02290430622033975,-0.07446287379384156,-0.020302320064489492,0.059970121810959794,-0.08022580388230087,-0.11922575792500809,0.17017507913877938,-0.007547975645404577,0.0526794814865543,-0.0674667470866447,0.11932777861692799
Sparaxis tricolor,-0.018536040823395022,-0.06816346370407135,0.19440868173183679,0.07136500659505238,0.11872889524368219,-0.031041032505503455,-0.109334848945274,0.04089061150356034,-0.019658234126703082,-0.0833553466916211,-0.0016084782806047482,-0.11562354455896609,-0.19626524713525925,-0.06553215189779382,0.08391295036896114
Sphaeralcea ambigua,-0.050180022402455414,0.01573795303731356,0.017459800948614993,0.0056473722187342385,-0.049341342010427454,0.03907838182903657,0.0047979102438523305,0.029179640541937984,0.0030842276347459244,-0.0024135110643854624,0.07279179789795408,-0.05757204804944348,0.003921419783649617,-0.04472352437379009,0.07633049663238047
Sphaeralcea coccinea,0.06293425025968451,0.010477769761355239,0.027253488774818684,0.06676031941061684,0.10634896355121382,0.031534575178964255,0.06619134636957542,-0.049753204767400874,0.030940320309890922,0.06610255130321005,-0.033407751957136106,-0.0576844121533694,0.024836666581042947,0.005925762671885448,-0.03308801676733781
Stachys palustris,0.02700312243411793,-0.09175827598117273,-0.0045024862156211745,-0.0872165231907636,-0.11548941626921393,0.01452102783297941,0.05355503671830301,0.01567478226700322,0.008056615252642651,0.1099104002257051,0.10030528973249449,0.12744663647400375,0.026782488376762496,-0.013276793318603142,0.1437547860013423
Stevia serrata,-0.01543054559485364,-0.029065530694343072,0.049383560683294754,-0.0061912237729581324,-0.10325538090644044,0.005235973116161274,-0.020361882154675486,-0.0500987208859894,-0.012651916060420133,0.08199816213033609,-0.02424584723945001,0.072057034149648,0.01945367233041116,0.014847404927183852,0.003498393521284198
Streptosolen jamesonii,0.027721793596764466,-0.07974374836863243,0.006346315423944554,-0.04750211722567465,0.14078572520348587,-0.04704218281718513,-0.010667337030258461,-0.01859883470918709,-0.01683429376223548,-0.0004676333897242047,-0.0024369087243183295,-0.035237843300319545,0.0046391971703367155,0.027450951766366524,-0.08696451363044101
Stypandra glauca,-0.014647128486583715,0.1600219863611079,0.036358583651025914,-0.08350345620864218,-0.06862349580249244,0.05410469942027382,0.016656063885745954,-0.040282266043123946,0.03338511354723498,-0.09042968361562548,0.012070732868181925,0.06372476207323761,-0.02868884042456674,0.09051996163617644,-0.10492820560603434
Symphyotrichum puniceum,-0.09776115780156155,-0.10054443427668917,-0.03083954532366263,-0.15015372682144687,-0.11767664018724301,-0.0257340052816505,-0.017708834959484204,-0.049189586677271274,0.003970553260257852,-0.049056261124498735,-0.12768695588670506,-0.043333390600719016,-0.09277108706093212,-0.08493785618471635,-0.17657045670365382
Symphyotrichum subulatum,-0.06771528719936754,-0.021064149404142717,0.009332330226582539,-0.029351585022560807,-0.1712758875233068,0.03582819832006657,0.05756363283106499,-0.007111658279392999,-0.015545625462468467,0.08914874305181708,0.028665089079890776,-0.006958182267966663,-0.02503346143970231,0.030824986728406015,0.003271793260165563
Symphytum officinale,0.010062940474576712,-0.07776230217857504,0.09908325148075123,0.02934170148037238,0.04785775451950424,-0.15414343969874383,-0.06282420487446577,0.08644747692786311,-0.043258876254476095,-0.13345412103883497,0.20465338566806213,-0.0038179619082516648,0.12372843613957299,-0.15192033568111973,0.040710881253383464
Symplocos tinctoria,0.06958658169662851,0.1266001495339478,0.1722984911661186,0.0662152592538161,-0.018700478302803445,-0.03445839789042737,-0.048336367120994636,-0.08528591986928778,-0.05222951854781465,-0.07508804637473485,-0.11830377744833077,-0.11128512922787988,-0.05177878330835753,-0.023574897748386385,-0.08861498458638038
Talinum fruticosum,0.020967597884635012,-0.06818982949657873,-0.14381772795721226,0.070164922849473,0.13173695870388422,0.05848957298973171,-0.07723020090781849,-0.14025825663697822,-0.06300128515232517,-0.02182756596045467,-0.10121957030469918,0.06982540509762415,0.19051285829914774,0.05061799967846436,-0.0051969627438513515
Talinum paniculatum,0.11049983798550414,0.07562694190579639,0.040804105820405286,0.05807196032237511,0.13650617153782355,0.08593746969434682,0.05522460123228523,-0.004956624673064313,0.0646685000832082,-0.056947931773295664,-0.014390871968206355,-0.09134845042293022,-0.13174593559406053,-0.04154778984298564,-0.09238708223656363
Tanacetum vulgare,-0.03917989709585461,-0.1082879352951598,-0.01452871841643747,0.010845862957364803,-0.10285894899302157,0.020419613017473415,0.04112207715873219,0.11508463364172633,0.02559863849714059,0.10113185129502458,0.06934052508760362,0.06005781077533719,0.013625259779805422,0.12223168483897275,-0.010246582211201281
Taraxacum erythrospermum,-0.08333534197362744,-0.040950226599400744,-0.11186913806142591,-0.025009289864387416,-0.11848112413054224,0.04962170913727104,0.024365119486465206,-0.016166122803054125,0.05902474669796724,-0.03477260096650721,-0.03422392895070916,0.01820122496862278,-0.06284878202637321,-0.034982921070374116,0.05244444726208976
Telekia speciosa,-0.023979175980405817,-0.007334618665275188,0.0392807436491798,0.07434149742857557,0.008309619265983767,0.09857102120746074,0.06431685073548223,-0.010063066428942688,-0.008559392346330262,0.09530038169446277,-0.007073809256766746,0.08944642270806458,-0.05057455536278418,0.06971469078611749,-0.04723591535228899
Tetratheca thymifolia,0.07759686437607576,0.14836040705837342,0.02342139707227133,0.04875242947661784,-0.02603207644039563,-0.0297647377263855,0.007998963330930201,0.012758243573323716,-0.0315928059276174,0.04135391218489193,-0.040419381070546045,-0.0715245581936308,-0.0029825329280735178,0.027366030283736038,-0.06164926378249867
Thysanocarpus curvipes,0.0486933711262761,0.06881801788995916,0.2018694118182419,0.13856229773310286,-0.1108988657180924,0.014169910554608743,-0.053206283336227775,-0.10024686821913803,0.007171001584009559,-0.010199981908961155,-0.01766970756364388,-0.07460013057462882,-0.00881771868072424,-0.04891099656183043,-0.029111889301047123
Tiarella stolonifera,-0.07504882344363037,0.03129642477683067,0.0247793465581858,0.14867075874938648,-0.024652358081067607,0.042240544731816924,-0.05052889580263825,-0.03464862067298775,-0.036052140592500635,-0.06862794065961324,0.03965985349854041,0.06140085553029458,-0.0046660488194490545,-0.00401807257071451,0.004447716777948344
Tinantia erecta,0.05014185584029248,-0.21710642862925802,0.05246161741075025,0.17902268792542925,0.12227720908491266,0.00534886191862651,0.1540361906001589,0.12033820796921603,0.1407140932560975,0.01939387022384613,-0.21619316628105253,-0.034136858119843086,0.05154359100654484,0.0630654130778696,0.05914047789636979
Tithonia tubaeformis,-0.0015183313850932192,-0.11863071372384106,0.09956770763249606,0.06241459760689821,-0.04860601950878943,-0.0077353201203834805,0.018130241355644002,0.0034388021755612456,0.08627535048213344,0.032944541008660774,0.00547678321264327,0.049666957050153795,0.022365080881471405,0.044475664312287146,0.06511899721893757
Trachymene composita,-0.058199419182245554,0.030256770326536443,0.04186585125082965,0.18174713102530005,0.10215510212521414,0.10169883715312177,0.08016060239927687,-0.2293300326433791,0.12514193264022871,0.06194567773607424,-0.1782498956343067,0.053300459692840585,-0.25301268077396394,0.012702030352773562,-0.23318144611281702
Tragopogon porrifolius,0.0039018088510902184,0.021848152140627637,0.03201103630003743,-0.03764064134355354,-0.016334168177259332,0.002625247321793908,0.12220727737080536,0.06376536053791158,-0.059112723673982605,0.05996829450922094,-0.01452912257877391,-0.07106124573657671,0.08312259526030201,0.09886346248682243,0.17255800388765014
Trifolium incarnatum,-0.176095078759268,-0.13513534084337392,-0.02577095691608959,-0.19703195240799065,0.14909316791713628,-0.1736673114478627,-0.029998380854603046,-0.10123205053995782,-0.1432113544329105,-0.012689538772662887,-0.029239134705158903,-0.06785615711132485,0.04063589465780024,-0.01093201522815263,0.003015570217092259
Trifolium repens,-0.010051017126421402,-0.007953954336675794,0.020081509119070542,-0.05678442019407742,0.0202952066326132,-0.03274828328608947,-0.06146452596624879,-0.05335166799139817,-0.04576091626383962,-0.012948608829864703,0.08815234186306208,-0.09951715391742356,-0.01757171966900752,-0.09842626274032705,-0.024747905257061335
Tripolium pannonicum,-0.006370892478463527,-0.003411702805511075,-0.047395566657273965,-0.23045741323336533,0.04890005730159066,-0.018837300850823954,-0.03035024161699011,0.06962191769998866,-0.054794715177484556,-0.033037637185007095,-0.024829449343840244,-0.026586114739388135,0.12800417083545634,0.018739046764272335,-0.033228354697124346
Triteleia laxa,-0.03235959880881457,0.011679886424655627,0.049337658767851546,-0.05105418220557541,0.003061092263509108,0.044588862583580274,0.14163283789790365,0.02186231535162383,0.01789676820946294,0.06509739467789859,-0.04345046462735951,-0.00988789257059424,0.080317412410593,0.04053623587847861,0.08927493270849775
Trixis inula,0.08913883011456693,0.06979163101160554,0.08701282575055853,0.029459293157645203,0.04883027962322655,0.08880606642314372,0.04829119249130301,-0.015206959625538759,0.12668832874538938,0.04502409597967508,0.00564574062248566,0.08545989885084627,-0.008624326117404095,0.042237032490008465,-0.0015760660423670522
Trollius albiflorus,-0.03409815570285359,-0.07255602405852861,0.0031465539663130637,0.02631123838840744,-0.06964497605475473,-0.12885881677764238,0.0491729571584837,0.005311137731395927,0.011704029386425034,0.02988448906901031,-0.062395963754535384,-0.053452220889363126,0.0025478585994872767,0.06033192850055883,-0.021132066008853805
Turnera subulata,-0.04471296768393518,0.07572794593335755,0.04620037957531327,-0.09445816324581643,-0.00018476074039912925,-0.013877664682349262,0.08827967227490785,0.03305329820480669,0.0447198521735875,0.037603589955625544,-0.010311152475483353,0.004394412661490412,-0.02384764247051076,0.014725262754192284,-0.027214368680056254
Verbascum thapsus,-0.07981329808951901,-0.0973252469363909,-0.12119847623566737,0.04945808103331372,-0.08199188025208706,-0.04668826769259347,-0.038223049335955626,-0.04801958764710708,-0.02444419500853537,-0.05020844920821041,-0.14629574817526644,-0.05272497693810513,-0.018433740810289746,-0.07638774138535014,0.0136615159666043
Verbena rigida,0.04670316859782556,-0.017139454467189966,-0.02372997705538981,0.07823781681211735,-0.048957605638083,-0.0034546221459956093,-0.0736802544150193,-0.07850696583683642,0.05706127180470259,0.01077940119521984,-0.13790493268196868,0.020888337126693426,-0.027974614493625174,-0.07014151104610489,-0.08376916833192455
Veronica cymbalaria,0.05572691560452505,0.04738749610881486,0.08556138560061531,-0.053352508835867306,-0.1662626017180487,-0.0753997105685056,0.07452592369032965,0.08129458741563568,0.012204820024485289,-0.09733880127035417,0.04416931224268758,0.030213483719216887,0.002382813390821549,0.020906349301665253,-0.06906142179017699
Veronica longifolia,-0.012373933025929757,0.11180551331036893,-0.14939063844130623,0.11055576548219857,0.012916002404101503,-0.09313315471829085,-0.022980213526578145,-0.17230762476556782,-0.005524621949635118,-0.08803559080455647,-0.02692360013953911,0.08759442489195997,-0.019823821615741807,-0.005596973273427413,0.1019774645436084
Veronica officinalis,0.11477036232523988,0.17951567935682453,0.24571523039431434,-0.07383995869149153,0.2543593386476482,-0.1476642274953948,0.047450631719434457,0.0440716703622398,-0.0001028180772168976,0.004143440651788908,-0.01604144113487951,-0.056165493118029076,0.02225903020101684,-0.05577901659497745,-0.11849694786025455
Veronica polita,-0.05921426364361783,0.0012534165375139865,0.09664813789125398,0.13154175328921572,0.10513589698026411,0.1766463581571814,0.08938993519356012,0.06040321592776611,0.08441954713727198,0.22684188192865393,0.12609313740222736,0.08675701070365417,0.21102203732226382,0.020277105213444904,0.15200614966497755
Veronica prostrata,0.07145369946361375,-0.058956361806050975,0.013261440897497204,-0.02873559376695157,0.025350150626428564,0.02960271126147402,-0.014813212868518054,0.08290738703128064,0.01747117757914008,-0.028723317601565435,0.09667187259659876,-0.012551977223930012,-0.00878631932888241,-0.04517771832787807,0.0749171880389866
Veronica spicata,0.050612497018064764,-0.1356215283605221,0.006683302975088475,-0.17409691983932893,-0.07383608505418479,0.08874337623989978,0.1604933197467058,0.01970772550973701,0.09394492464220132,0.04948563304952422,0.04373163073129536,-0.05284332908944323,-0.016237671090881575,-0.08703798410745,-0.1289993494829703
Vicia lathyroides,0.044898732534546036,-0.06200629341816718,-0.08430258821724818,0.08534624652130322,-0.01347934538172265,0.02164268770918331,0.0020049980848278024,0.14426867031973417,-0.08908069688775666,0.08247181285588398,-0.009571532679706944,0.014610499490548084,-0.03210049399974029,0.04821666913227074,0.009622039034251153
Viminaria juncea,-0.004591907844889566,-0.10453561102837614,0.0056371484083608805,0.02257752995035276,-0.13962774996405072,0.017846894771483587,0.07077187443311664,-0.0923632031567653,-0.01285685645999693,-0.03797094012636395,-0.03162183036153906,-0.036627070389771706,-0.10496342871918983,0.08957985592888666,-0.11645434160929678
Vincetoxicum hirundinaria,0.009524094373234386,0.03566084189879301,0.10474077351520873,-0.0006527376548978748,0.1459935910745977,0.009194739940924845,-0.008265931337446996,-0.02987143754248931,-0.0195728711331254,0.10013274056000043,-0.0017475844588108478,0.05400435904054433,-0.06684426918934946,0.015082360519986732,0.06154962327938608
Viola blanda,0.01788571962147909,-0.059303213912094865,0.06706207751612743,0.08668246546580341,-0.012742779510088682,-0.11400616316161265,-0.12196083313715171,-0.09129834218859095,-0.10000231226841486,-0.1416552990523042,-0.08357336180811657,-0.06624122997737796,0.011141421593054967,-0.16002681792896103,-0.22084323461587513
Viola cucullata,0.009496760047463448,0.07645959047161574,-0.00798019588250513,-0.009149834993454885,-0.043889174034726086,0.030286993605024123,0.07816316011261176,-0.01715789457749876,0.0058407386973916295,0.13836943485304135,0.0852109609730756,0.06125353738584931,0.1132827942889972,0.022405244476262114,0.05883540466381967
Viola hirta,0.10695910797443413,0.09583646388006341,0.046204037480472325,0.1099104841606226,0.15657209153895243,0.033634857420653363,0.06844107870922916,0.06388645157288085,0.016848042122320554,0.015290777452365014,0.05563239604861952,-0.09976935844397858,0.10460852798801558,0.015026479922479172,0.013882799902369328
Viola lutea,-0.00921029591690389,-0.03906595216701426,-0.06035058026020379,0.11747610114260507,-0.0649762932638184,0.21752957292290348,0.12703936772333113,-0.04289582378828775,0.22092087126857685,0.050276136336796964,-0.07974803016056839,0.15063325780098683,0.03365461228368017,0.13948521056596314,0.013771244915443657
Viola mirabilis,0.05317282713901774,0.08322835191988238,0.007903073677946291,0.03697914416705239,-0.029996221685134338,-0.07049929361552856,0.06436351510787304,-0.14244471870907424,-0.049079912069757876,0.0689762619374172,0.04437172322118172,-0.03583672645519351,0.1447063190270781,0.029409273183370763,-0.07748652688514718
Viola pedunculata,0.06707209847190782,0.038683753332671135,0.009579291699982534,-0.09722749367701111,-0.06796200273140417,0.028470519797820375,0.04797587924443302,-0.022081008107073988,-0.05044865530703327,0.004699417010138392,0.09279001764663969,-0.024365843867038103,-0.06666233949173318,-0.0385907019729023,-0.06806308838704787
Viola rostrata,0.0032325628284842717,0.10114057255058284,-0.0878184762857257,0.14744021722435405,-0.027076455291721882,-0.04618954866903967,0.05242191132085822,-0.074982140757343,0.04320876215209508,-0.003013987236113159,-0.16898677039521853,0.02144663660560302,-0.0644001244269793,0.13070458001972332,-0.11426276576329596
Viola tricolor,-0.04516134622877717,0.05546068489821822,0.10692709484852067,-0.07008303827449608,0.0859582697662414,0.08746555395915694,-0.05818924694485652,-0.13535444511028633,0.005546881978572773,0.08015233592576185,0.05029951430982291,-0.08775364731737145,-0.12720765746713256,0.13231414322736415,-0.03856441696666209
Viscaria vulgaris,-0.09334661257207262,-0.2135838676779095,-0.08118190893600069,0.033137614918177884,-0.17683903614781019,-0.057069258306675634,-0.040386790384234206,0.0055779714283826845,-0.061066276107115014,-0.04036352339927083,0.026873737838404695,-0.09088199526309629,0.013678699693020269,-0.0569636555809365,-0.03844127055671675
Vitex agnus-castus,-0.008852887822552124,0.01917455327982035,-0.028790814928448233,0.01596413418507513,0.04048156464712723,0.060414834565247905,0.05321356370574263,0.011709831724049258,0.1107439100713176,0.09583418512212102,0.058879977442789506,0.052130961408094555,0.17369852613439363,0.04636789390632355,0.03565793606436657
Whipplea modesta,0.05722769067224865,0.15755970322081014,-0.08767445401198212,0.13665469899875418,0.0668871911601776,0.010729639401991831,-0.06304988334540766,-0.008011794383339509,0.03198491540640289,-0.01517758015421262,-0.17093152709035325,0.047586066355079545,-0.03856201901155967,0.02275468389160735,-0.02879753402792557
Wyethia angustifolia,-0.04799997832613217,-0.004874190863578584,-0.09677804174594941,-0.0646285307246035,-0.031188270579416012,0.03806816651016309,0.0063018244238345145,0.00042445969062903527,0.011559783768960042,-0.01354484823067777,-0.006323477374638601,0.04831413224137886,-0.015878436622565453,-0.03516192043793668,-0.031217259327201353
Zanthoxylum americanum,0.010763981808465935,-0.014850771517424678,0.029490037697819195,0.0912308922604991,-0.07509940179876104,-0.006496403781681394,-0.11129683506992813,-0.03061707920008574,-0.08523749789206682,-0.026536402281560338,0.02184289214457946,-0.08523306803201966,-0.17529650319734422,-0.09478354458232985,0.018743595489599522
Zephyranthes atamasco,0.013383497963067474,-0.03088288956229603,0.0522162009951258,-0.014448826879854002,-0.036977715384665474,0.006371571694688293,-0.010793002999250484,0.031209740923507655,0.05298867186728695,-0.012637288471366687,0.010669364653373554,0.11776315871438706,0.11785472948634332,0.007815419038244727,0.07068591005109026
