species,main__terrain_structure,main__thermal_regime,main__water_balance,main__atmospheric_energy_dryness,main__edaphic_regime,interaction__atmospheric_energy_dryness_x_edaphic_regime,interaction__atmospheric_energy_dryness_x_terrain_structure,interaction__edaphic_regime_x_terrain_structure,interaction__thermal_regime_x_atmospheric_energy_dryness,interaction__thermal_regime_x_edaphic_regime,interaction__thermal_regime_x_terrain_structure,interaction__thermal_regime_x_water_balance,interaction__water_balance_x_atmospheric_energy_dryness,interaction__water_balance_x_edaphic_regime,interaction__water_balance_x_terrain_structure,PC1_score,PC2_score,PC3_score,PC4_score,PC5_score
Acacia linifolia,-0.0234797689310831,0.0260180713278625,-0.0287271409010093,-0.0287228838069884,0.1048550785547039,-0.0026119272755856,0.0108177697253329,-0.0841343317208689,-0.0617963044149797,-0.0885399031916722,0.056484006004705,-0.0015550191499933,-0.0056005876900604,-0.0771882854703882,-0.0689961425167165,1.1128410478990922,0.3509021477428949,-0.8420092065117684,0.43692484902351447,0.9792674076997426
Acacia ulicifolia,0.0823580240538361,-0.0066238848848673,0.0539998149825053,-0.0469670137341658,0.0866728414023747,0.0467137536681662,-0.0204771630930771,0.1052697988107278,-0.0199647291756937,-0.0207868206764773,-0.033507062193071,0.0514643618951991,0.003461080045045,0.0500989595555824,0.0506750998416846,-0.5455348823274669,-0.32152933871941813,0.7567616405926679,0.7986959756710399,0.4869051589368458
Aciphylla glacialis,-0.0739118898086294,-0.0388811273795197,-0.0297527939703866,-0.0230647910462388,-0.0527747974016683,0.0204555415667247,0.0146811048095638,-0.0736490429239156,-0.0118337306868185,-0.0055814894199008,-0.0124361222882692,0.0212016886596456,0.0329199525399898,-0.0467404620072011,-0.0077115211725134,0.03286097727998874,-0.6224877838988987,-1.182401888043511,-0.688958897929978,0.1127305934126364
Aconitum delphiniifolium,-0.0526973190202424,-0.1071840117117075,-0.0559177175171531,-0.0473527683969908,0.0423903428173694,0.053548029850302,0.0979756174747131,0.0886066225378881,0.0521344686026458,0.147725970432727,0.0795122635073417,-0.0279874489354127,-0.0084212163087777,0.0809409744440533,-0.0754656724283786,-1.9324938942748255,-1.8296768788680728,0.12045423472015614,-0.028157684574175623,0.8886459656134823
Aconitum tauricum,-0.006311416810422,0.0478853327428712,-0.1475212578237467,-0.1201009176992002,-0.1776872380243833,-0.033983546337775,0.0546390370974913,0.0337001357778896,0.0605960970641816,-0.0594560283668067,0.0632736945834111,-0.0261747335025906,0.0313727288992025,-0.0229777028428565,0.1013296297099935,-1.103522378158239,-0.39506293614508664,-2.0892900968291306,-0.6592644923547933,-1.5698015558552343
Adoxa moschatellina,-0.0753680261438132,-0.017661313907364,-0.0682186884811079,-0.0771852957730892,0.0157664091218061,-0.1078945865661854,-0.0091223462754776,-0.07072049906768,-0.002424206495283,-0.1098112995559783,-0.0888189633511283,0.0162082131970828,0.0060962595659402,-0.2032583681558741,0.0198942078446551,1.7515438310451146,-0.09419368657242809,-2.646671701099986,-0.23126213493743836,0.6217387403474837
Aegopodium podagraria,-0.0791821187459948,-0.0629973466047136,-0.031485325746394,0.0503282025810032,-0.0619406167956102,0.1035216959028314,0.066634678622201,0.0227749942918247,-0.0073395385781489,0.1168450989162217,-0.0177064541165624,-0.0017218948671395,-0.008942068993177,0.0226855353042779,-0.0498367327930052,-0.9018891259494759,-1.5135558482320741,0.45093415680503535,-0.7741227279414545,0.08831973040697154
Agapanthus praecox,0.0197746912632021,0.0300455765550809,0.0063389055143511,-0.022742475026156,0.1493921511301663,-0.0951499109398975,-0.0132780142530052,-0.0343218137040192,0.0490940290799468,0.0845235065018835,-0.0313460136424408,0.0253963477920306,-0.1231734802368413,-0.0573194285954811,0.0082652672051803,0.8664301115752125,0.06697712647361129,0.15740551996991067,1.0855510518385991,0.30813863735815084
Ageratina havanensis,0.0460634497743138,0.0582599220546428,0.0421426545144361,-0.0840992250128105,0.0782659965065856,-0.0854078002216679,0.0513887272386196,-0.0234234629689947,0.0067513984017241,-0.0154078898374894,0.0101858267467828,0.098610384002434,0.0155322170349172,-0.0379373593470495,0.1001313397368842,-0.654364405336426,1.1497345871273212,-1.129438212911464,1.0822369396617606,-0.08618928803112395
Agrostemma githago,0.0640516333446579,0.0573985072188347,0.1155243711571353,-0.0616244719114114,-0.0701152175502294,0.0169595440285413,-0.1060442437529539,-0.0080416178370454,0.0154466311156801,-0.0651340191599405,-0.0887092986960735,-0.0022792786926652,-0.0038983946864474,0.011705712344979,-0.0118327626687206,1.3114819359223773,0.04882967853717345,0.842805053782844,-0.690937980586664,-0.3655430452356276
Ajuga genevensis,0.0330675323331162,0.0873673113020356,0.0835292583138188,-0.0423328007433251,-0.0266983391671423,0.0743822391586321,-0.0466005703311293,0.0102530313389013,-0.0024715320897691,-0.022266854574366,0.0064782363080415,-0.0076039837104236,-0.0366078254744294,0.0801692939444111,-0.1342914370977871,0.7649211130911652,-0.23874795321025383,1.6258663444415884,-0.5941483116341221,0.1388791259016158
Alchemilla alpina,0.1558407396118618,-0.1050983296870377,0.0961681409747111,0.1882655980476495,0.0273140814297869,0.1451898555502627,-0.0263102275553191,0.1153391456444707,0.0460287301016221,0.0099503305749861,-0.022596016461963,-0.1182581459625958,-0.0368861008033854,-0.0718192242067364,0.0084431409158007,0.16821135486754485,0.4972180917620998,2.6782020355293605,-0.2877735384478375,0.29655793277054554
Allium drummondii,0.0188794896022036,0.0640693887962502,-0.0410716126062231,0.0047020521744304,-0.0687255052060109,-0.1116189782810651,0.0143355974755847,-0.0399772382532179,-0.0623810324205684,-0.044403569474279,-0.0278565593852798,-0.0847413059639681,-0.0106872243928111,-0.0239131079718236,0.0463668831063872,1.4138374377573677,0.1657815653274325,-0.4042003573237129,0.34501701791865835,-1.1553622735602196
Allium praecox,-0.0766503110175267,0.0013497734594289,-0.0028653805015645,-0.0501128712887984,-0.0460259819274693,-0.3453827987987795,-0.0370302177224241,-0.332065727941341,-0.0158667057086592,-0.2336159934562721,0.0140797448163188,-0.0220542839747076,-0.1242604770612867,-0.2784897087873934,0.0115552901348245,4.549220058429078,1.917839400009781,-4.217223392854761,0.9902763165334597,-1.1071056694574448
Allium schoenoprasum,-0.0477175197546611,0.1685263727988432,0.0231605433742661,0.1126123193142166,0.1865040469139366,0.0263156691755843,0.0731470267770715,-0.0193848098718902,0.0544360951610322,0.0725340910400596,-0.0421803521461438,0.0068184899571052,0.0780062442012052,-0.038311618018821,0.0081576407058891,-0.8431302851922601,1.7661877542085578,1.141338754729444,-0.24321714278047055,1.671558501051077
Allium tuberosum,0.0198766284545665,0.0582914130529077,0.0493061050846693,0.0066998975652264,-0.0492531364001029,-0.0134737978126847,-0.0398219016081188,0.0779684081418789,-0.086922552997529,-0.1116726519821215,-0.0440692425190474,-0.1193904838796624,-0.1004590733826293,-0.0627175178364382,-0.0259904441504782,2.558386574164616,-0.3166202594312971,0.9538337819290493,0.8742260208272392,-0.6681065146118675
Althaea officinalis,-0.0660703175053381,-0.1033763407634917,-0.0941527764286658,-0.065023088185437,0.0544506665792425,0.0234496240462365,-0.0764255457279162,0.0389874904497007,-0.0247035288593802,0.0814906132692158,0.0563006103442879,0.0909243602999031,-0.0269775661942225,0.0263159808506916,0.0667115563972298,-1.0622662297652092,-2.245946686380171,-0.9118069232960931,1.0109216976343447,0.04247419028676441
Alyxia buxifolia,-0.1453093492516038,0.2598073609067997,-0.0581546130232287,-0.0599946808036953,-0.1554293828961725,-0.1991370705249019,-0.1536853553878804,-0.0379198624088246,-0.0408429987764331,0.1312085266505371,-0.0809122234322656,0.1075858435600394,-0.0792808265707507,0.0658222650879393,0.1576944720358828,0.903319656772159,-1.1420672168852173,-0.2545653988722197,1.003389972063679,-3.094214491610866
Amsinckia tessellata,-0.1633497078691943,0.01881184170928,-0.1036056335334629,-0.0666077176862817,-0.0693626790625454,-0.0409912331697976,-0.0295834465326877,-0.0094648101579312,0.0048735936331853,0.0293226939359021,-0.0576129943647232,-0.0083324571721455,-0.0290559134280404,-0.0037511989559148,-0.0484484793754377,0.7679910459523493,-2.0119519428866126,-1.0103002691622942,-0.6135858025118777,0.008374781305479738
Anchusa arvensis,0.0069615067883942,0.0124444191379302,0.0175844773329144,0.0426108519493082,0.1305652169704485,0.0202145280449894,-0.0543780692654342,-0.0039569549137733,-0.0110480416028351,-0.1991403300331429,0.0446877049992548,-0.0315475513844009,-0.1168534836246377,-0.0023471906369599,-0.0924196880602266,1.8998229955520347,0.40697725583189975,0.5631891083680722,0.9543356497588551,1.0953818082199185
Andromeda polifolia,-0.0071956298748201,-0.021246768162364,0.1776977576412914,0.0506869226509665,0.109259577573407,-0.0188423706718873,0.0150009681162632,-0.0650534156084571,-0.0209832475879764,0.0411488278591664,0.0932312697291206,0.1262994412176767,0.065937424012985,0.0280477305897916,0.1491811961657462,-1.874217236004764,1.6105490358821095,-0.140627799802925,1.8897841962225024,0.054258081289565795
Androsace villosa,-0.0001228873666398,-0.0901193891976881,-0.0452464152489219,0.0047010718341743,-0.0243113565260253,0.0506438920193438,0.0229655609379286,-0.038998081209651,-0.0116422982017386,-0.0230906555502873,-0.0888460116481859,-0.0838482036781738,0.0224365771360103,-0.0210165933947061,0.044778196854034,0.4699159416693803,-0.9836762911620562,-0.4411884088784901,-0.7068788007422624,0.25452980752742765
Andryala integrifolia,0.078385425185411,0.0537345092126439,0.0617223168688484,0.0455107375004597,0.0218024467783289,0.0407377729551186,-0.0860368367510317,-0.0327929658948079,0.0593809730671803,-0.0134027659193305,0.0480291803279813,-0.0228240723703307,-0.0074672865506832,-0.0078150621612798,0.0346598009185871,0.09301561616665167,0.9902778227206088,1.1201637889218363,-0.09164222119586894,-0.28806626739104374
Anemone pavonina,-0.0647938603853976,-0.0872549498473753,-0.1354800557987928,-0.0409907373078141,0.1405619869852511,0.0527895272492135,-0.0362075987552048,0.0161710814594281,0.098420352748349,0.0568671884730629,-0.0099962101448922,0.0826470501003384,0.0079711684618542,0.0148412296417299,-0.0009425891228153,-1.3275404587424824,-1.5976127203769794,-0.8597347470948427,-0.520121092912862,1.69736578147436
Anemonoides blanda,-0.014668287638303,-0.0345529754946522,-0.0437504307444902,0.0363497241549738,-0.1271697523268144,-0.0632095417468741,0.0848231081005889,-0.0258581023694368,0.0001358115163021,-0.0111676772516797,-0.0220699500135913,-0.0687990102405597,-0.0105640790016055,-0.0097278094642398,-0.0285697527705748,0.472458359371577,-0.2728195979566633,-0.581346283269775,-0.6898829186329339,-0.7611117729250244
Anemonoides quinquefolia,-0.0697828076460832,-0.0967578282595758,0.1601725866653884,-0.1201045154661278,0.0623658929174081,-0.0594034271113474,-0.0341025009918054,-0.0083768201560689,-0.0901774137628303,-0.0735810899087885,-0.0416899506326803,0.0917985357009795,-0.0173645347413057,-0.0357253957626217,0.0357958344452584,0.8801718834053951,-0.6667052814496652,-1.3026519311625706,1.8047880764418178,0.6421527917465355
Antennaria dioica,-0.0621911621129561,0.0956753540459722,-0.0747325021833923,-0.0332121779377532,-0.0001283089722928,-0.0739446348917501,-0.0510810847664591,-0.0368378361443671,0.0780492314129709,-0.0045953114290908,0.0074876196800436,0.078659607684381,0.0060737908140491,-0.0264862870592033,0.0173722667090473,-0.17732249602812114,0.1664267367009131,-0.9918929254436653,-0.4398092320493942,-0.08303553312643201
Aquilegia coerulea,0.0709073772946685,0.0835479506891074,0.2326829524821494,0.0539404346916954,0.0044810352054298,-0.134372275447024,-0.0131097918206513,0.0373841999478553,-0.067725918186504,0.0086336281623862,0.0123585262954037,0.0654303169071048,-0.0615351273808158,-0.013191834256786,-0.0127510313431964,1.0325078513749797,1.6790242011602505,1.4278736845073121,1.8347326651411315,-0.9553421607079241
Asclepias incarnata,0.2172681463326994,0.2594633308648069,0.0017270482082878,0.1929727278660488,-0.033592490114452,0.1610246726411039,0.1204744559034172,0.1907413084678972,0.1911953065305042,0.0313069669921854,0.1416818175414878,-0.0148406549618556,0.1454580179873046,0.1037094895898501,0.1378391348211466,-4.613077308558825,3.6896461362248716,3.055532609510448,-1.2509344398099642,-0.9176438520329875
Asclepias ovalifolia,-0.0008206365311479,-0.0436738353187987,-0.0079947232369961,-0.0362368256915691,-0.1374558253641122,-0.0775858801320079,-0.07234077251479,-0.1005765948367432,-0.06709041220277,-0.1180926334442483,-0.0054530141633179,0.0548395343257892,-0.0253625545850337,-0.0147928394454534,0.0449371490849169,1.3163750053784267,-0.40100568261967545,-1.5497552377212351,0.1351356795329384,-1.4408382894168015
Asclepias perennis,0.0628674208355315,0.1995099796056468,0.0934447333018457,0.0592688329296477,0.0844294288816129,0.0669163541722933,0.0272678592546919,0.0316886179908321,0.0163821594012491,0.03629196948606,-0.0054846305003033,0.0303790364439993,0.0435165479489972,-0.036410756861527,0.0168461570676861,-0.6036962460127374,1.9574637383256743,1.7803645960921703,-0.020719495384231623,0.3425446291671898
Asclepias quadrifolia,0.0022795424703763,-0.0188827409385935,0.0584778259815088,0.0642612534837668,0.0184934551450753,-0.0536348458048932,-0.0023485664849044,-0.0259385572223565,-0.0316640298498174,0.0154667588714372,0.0503819614103212,0.041242987383514,-0.0640929092570825,-0.034305771745826,-0.0034473053161441,0.40590118698682454,0.42366862403979944,0.16045481651667579,1.057565363698429,-0.45342117839138246
Asclepias viridis,0.0524868132223461,0.0074740421362438,0.0075839989202022,-0.0103930467458801,-0.0522095601747982,-0.0707182418836583,-0.0017170998094502,0.0107543400089815,0.0333965039355996,0.0625340420696805,0.0160575522747358,0.0031724660257484,-0.0378451443104049,-0.0170291091126042,0.0507541802119875,-0.15574805169026704,0.04742248858561246,-0.007597288170634529,0.292782844361651,-1.1211660658043994
Astragalus glycyphyllos,-0.0314655341255131,-0.009915423836051,-0.0423788257117255,0.040210203352552,0.0299592954767554,-0.0586690413956143,0.0557920354168796,0.0661710380995494,0.0076903709706506,0.0184752657233587,-0.0850442918842788,0.0059527100193947,0.0547345876224661,0.0436617968767348,-0.037685378217268,-0.2891091443721149,-0.4807734399128123,0.09262790888906909,-0.49136185596392057,0.9004524727619324
Austroflourensia thurifera,-0.0163261545121689,0.0802794368175516,-0.016586412121856,-0.0161067145683534,0.0174976031043074,-0.0036331395288086,0.1099720301991862,0.0471836140603368,0.0882362761547212,-0.0209542337614239,0.0364804155071142,0.0451473237370371,0.0634374402445663,-0.0170902834884088,0.0174532286593277,-1.7066037996916839,1.1266437831791603,-0.654129983551821,-0.4289148845335005,0.5198759381335418
Baptisia australis,0.08531111687721,0.0764077437869891,-0.0118290992686636,0.1111205070497195,0.107332443452809,0.015008438546436,-0.0832636264198219,-0.0390590070159806,-0.0587436177555049,0.0396013906681273,-0.0180832959015545,-0.0150638400751171,-0.0568177813770406,-0.0106247035911571,0.0878722620217381,0.9150610021265814,0.42455814906788525,1.5898581364966295,1.0204460525911385,-0.5253427244844081
Baptisia tinctoria,0.0321167525161586,-0.099857298412659,0.0359899299919843,-0.029727638424202,0.0973161957261812,0.0701504075161578,-0.0091238177772592,0.0142276608441357,-0.0650176723922457,0.028505473173055,-0.0040153633410131,-0.0435963327388414,-0.0446858578040587,0.0598175404220851,-0.0716086030082303,0.5747957894642706,-1.447028936237003,0.9486231185273417,0.5995581313561675,0.9443078890309649
Barbarea orthoceras,0.0472909230300516,0.0121725623232493,-0.0195646858546081,-0.0384188023183779,-0.0519604059736618,0.0187629723146588,-0.1131660772406581,-0.1242356209908625,-0.0963014059345705,0.0474502532491144,-0.0781170586366605,-0.0485860169100236,-0.0561788022046722,-0.0167843670743873,-0.1093557532164298,2.686495533378291,-1.4674533216600805,0.7961534042713183,-0.9040838592411959,-0.5261709396963636
Bellis annua,-0.0365035552320157,0.0093879393455328,-0.0825522636655911,0.0741311110801683,0.0113375673779621,-0.0960183423804422,0.0450049987883016,0.062284084383195,0.0413744313138991,-0.0680440683005499,0.0034516433273618,0.0490938175607219,-0.0450509536211586,-0.0546521010922773,0.070115371477241,-0.2986207399749358,0.4692050013510631,-1.003853396467207,0.6909616430839725,-0.25906168552389713
Bidens aristosa,0.0749853518347648,0.1041008679635926,0.0889301333490773,0.0627036788412334,0.1799658809551971,0.1179643155287831,-0.0672827442108029,0.1192490666076375,-0.062204645703945,0.0434888830650005,-0.0320263001742018,-0.0332671620503387,-0.0613984594100899,0.1018368047357576,-0.134681824181762,0.9324555282692932,-0.4001400627054497,3.7579823513514574,0.6459706808860874,1.3555810990191195
Bidens bipinnata,0.0884973510194685,0.1273714371914389,0.2492668757010277,0.0838384370969858,0.1389628750560678,0.1002782606384644,0.0316535814947553,0.1488595008870295,0.0889909552127597,0.1013440974314115,0.1515644171705794,0.0505396082281166,0.0421873026345439,0.1092900304952309,0.1355093397046727,-3.422067704590698,2.4596336933323806,2.940758980264734,1.9057737024583434,0.061477918779791474
Bidens cernua,-0.0116115342893431,0.0424579544382942,0.0043643625660927,-0.0612095368203004,0.0967078980280747,-0.0951819098595507,0.0246899181343787,-0.1484196466414505,-0.0724333098014735,-0.0139888117667325,-0.075537470666745,-0.0544426996577571,0.0133695428575219,-0.0642298120094013,0.0136787226785644,1.8228992364068946,0.24653224525041767,-0.8989896346879572,0.452708895682429,0.5388423393952974
Biscutella laevigata,-0.1123427026472564,-0.0195903504452901,0.018430035003478,0.0505935885631886,-0.1141962113812684,-0.0461997040747549,-0.0036587075314975,0.076497476019076,-0.036247284141715,-0.0051963286130757,0.0013077008087661,0.1009286344758268,0.0441993951714332,0.0678783011603423,0.0449164841252039,-1.0655563465983469,-0.692509002875697,-0.46419523193592555,0.35088813364736043,-0.7006049628628621
Brodiaea coronaria,0.0326907248018396,-0.0478961119400729,-0.024709374570691,-0.0666555250285581,-0.2232864454888142,0.1471893625186817,-0.0056841428382068,0.1498059205722047,0.0360003745450933,0.0237265236339575,0.0728888992065018,0.0383763178096411,0.0061517678342015,-0.0448752710067701,0.0176469605636859,-1.689304200130558,-1.2782111288131444,-0.20149591472506603,-1.0298283452151438,-1.417988558673135
Bryonia alba,0.1644422904896855,0.1172273803736481,0.126618105730298,0.1142530784326656,-0.0012267755182893,-0.0030632948660152,0.0011065129636664,-0.1116771115658619,0.1503750698141467,0.0127739597422219,0.0795907367084136,0.0328317675966927,0.0784237803915353,0.0296948845157581,0.0854703232594479,-1.5670044944870256,3.472707788201405,1.2217043685914166,-0.8413444752038404,-0.7244841230876023
Buddleja davidii,-0.0920799897007293,0.0071989228266126,0.1008949541384553,-0.0782636860802549,-0.2144720390488259,0.0146942573154273,0.0336149223255908,0.1617410543511285,0.0281640342856075,0.051563864399433,-0.0538787633523497,-0.037897032697162,0.0511336385138748,0.0936422709648513,0.0894331784331637,-1.4346592473397335,-1.35897233633019,0.23565684452550664,-0.1495931857623494,-1.2192483786505506
Bursaria spinosa,-0.0424680899089534,-0.0675853007468801,0.1308513352927826,-0.0298166023222669,0.0537972763964293,0.0348673111600725,-0.031914398554993,0.1140434298278208,0.0392360906155679,-0.0614899494884551,0.0408051708426634,-0.0019981676397031,0.00998072797772,0.1329548225728781,0.0766319528260527,-1.246300558464348,-0.48473203738176446,0.5328231690818737,1.3706188082119892,0.6246314880137984
Calochortus concolor,0.0366012976604961,-0.0951117399068119,-0.0311136621706404,-0.0966831346233799,0.044266161563945,-0.0599769343127122,0.0006078011823027,0.0185665470535246,0.0197487996047929,0.0022932568927946,0.1279938732068576,0.0581833550535219,0.0968075068231422,-0.0074048502116785,0.0966552928237735,-1.8413967871405221,-0.05897257510494778,-1.8064062811411834,0.7819469021927686,0.12854255797168535
Calochortus flexuosus,0.0440994179641668,0.0006117248169024,-0.0184243346403113,0.0252376238266862,-0.083264683752646,0.0237817973491408,-0.1200151107263898,-0.0279607250711889,0.0136011393491972,-0.0096066086176169,-0.1284498400953864,-0.008426476579353,0.0348267570247449,-0.132333827178222,0.0312402142894156,1.3562562840521428,-0.32737034041227214,0.04197128169469797,-1.5297204457066833,-0.35355196355402285
Calochortus leichtlinii,-0.0449290909678383,-0.0213564891674544,-0.1099948819085735,0.0885992326945477,-0.0960212176840252,-0.0143726168010127,-0.0463090170607969,-0.0432838888627274,0.1004071581276744,-0.0192990662995339,0.0226044754223127,-0.0201272494290032,0.0476538084003399,0.0054941172567084,-0.0069543673355911,-0.41617701626786685,-0.1658809101485271,-0.5051297235066792,-1.6398938322165744,-0.23159887631697332
Calochortus monophyllus,0.1607099355779903,0.00405392301921,-0.0097054752135127,0.0426474780019051,-0.0518528651351002,-0.0197474495573521,-0.0143498055511308,-0.0439921852858054,-0.0866404054639144,-0.0450974958418076,-0.0029842900608865,-0.0458278664775249,-0.0197891897317105,-0.0529157869435887,0.0246477850758043,1.3455232999192155,0.5399548132561698,0.41575433916105353,0.08288066876339274,-1.220866728875561
Calycadenia multiglandulosa,-0.0239915141744219,0.0712735141707569,0.0074494783881078,0.1212140236632214,0.0649646188277345,-0.1013439819013522,-0.0813853034802105,-0.0973931829523261,-0.0805974641154573,-0.1278062926670316,-0.0187699998732684,-0.1795349821637622,-0.0911552462060955,-0.1576726521953142,-0.2320381175837675,4.812089012764667,0.6868057749608665,0.9960819291619654,-0.11728433591632878,0.9211615137795336
Calystegia tuguriorum,-0.0187830906863974,-0.1152654564277142,-0.0379873464259618,-0.0466726975077169,-0.0033128407500227,0.1717505434211483,0.0958136312434372,0.0697149927392379,0.0984023653652031,0.2409788423975062,0.0410728741503317,0.1211465495427615,0.0632125643289788,0.1942376031114632,-0.0358922853617779,-4.183053514191108,-2.067147431899876,0.6117106450511283,-1.302972137655249,0.7369415783477162
Campanula latifolia,-0.0558660031972695,0.0282899511339802,-0.0032695018001608,0.0220880188636536,0.062375345420749,-0.029007022172246,-0.0425664234209476,-0.0692294722485165,-0.054508996446551,-0.0816230942820496,-0.1091462266088983,-0.1051071158177548,-0.0001896602195141,-0.1699095481331707,-0.0847147668187243,2.9954420939145363,-0.02819878552292305,-0.2217264722903436,-0.4899853180972135,1.2407305381038327
Campanula patula,0.0259320029674623,0.0596436691256568,-0.0491820553433033,0.0446713967772434,-0.1139226622799025,-0.0497302808721335,-0.0177467899847754,-0.0368080862762871,0.0592907153202608,-0.022384535188098,0.0406453456090162,0.0273783613733141,0.0712012424821714,0.0722188101855974,0.1281279970692787,-1.2904769899511055,0.7645853190551766,-0.4620204794742623,-0.5330517982351576,-1.436381227782131
Cardamine amara,-0.0095620274366367,0.0565074845989655,-0.0691192284285133,-0.0091794840982505,-0.0106494829122043,0.0090365265223637,-0.0899316184917121,-0.0144866303780871,-0.0195787024159647,-0.0417291383787709,-0.1091653252853613,-0.1190890255670864,-0.0897089028221801,0.04555883777114,-0.0472305839224279,2.3787412452742744,-1.4924900522535622,1.0407367894653812,-0.45167152455397613,-0.09872390932633485
Cardamine concatenata,-0.0576103708337534,-0.0934108882597116,-0.0703242890573673,-0.1369436067772275,-0.0293421445354496,-0.0719552013442531,-0.1088257337869106,0.0943760210038617,-0.0015828379569232,-0.0817081893754457,0.0216024177581771,0.1236435189152951,0.0389437152076582,0.0262886594976852,-0.0455351295329833,-0.1890800842891276,-1.891047959503278,-1.782214712485389,-0.033479462438355444,0.5346341422635591
Cardamine hirsuta,0.0996535979639949,0.0795028021501534,-0.0320530497447787,-0.006729896814457,-0.0041010837971495,0.0043297876436155,0.1066899702944778,0.0485989908055852,0.0295526256518684,0.0187540942743767,0.0812922784588775,-0.004772830060746,-0.0013141951687448,0.1458389399810446,0.0417805178122538,-1.7365519567281935,0.5891185902083471,0.7210593188129617,0.35264220444731126,-0.7754366071050457
Carlina hispanica,0.0105429340119142,0.0342391330746022,-0.0002319164957199,0.0389153421291075,-0.0172278518210208,0.0229677769974137,-0.017834553055157,-0.0076619922128761,0.0001788230866659,-0.0167386044660595,-0.0777753506342762,-0.0111674352581241,-0.0175302007770705,0.0782585235717996,-0.1187231401141294,0.9400704882801986,-0.5225434404546071,1.2063088507344544,-1.0904629894446867,0.44368989343904536
Carlina vulgaris,0.0016913546550015,-0.0737648573546675,0.0103027305110872,0.1111883832187501,-0.0339638232572075,-0.0504414544508393,0.1212421991111551,-0.1773881011301409,0.1078239043504265,-0.0401099860204333,0.0801535912914131,-0.01464856826687,-0.0583166447519392,-0.1203008921516223,-0.0877140954296472,0.31126177203526467,1.7943309867118689,-1.1677797409655353,-0.9330764830446195,0.04515822625026822
Carthamus mitissimus,0.0079406782598826,0.0045351159287281,0.0306220084474353,-0.0112911184845602,0.0368594327090594,-0.1142573304314913,0.0311094711919874,0.0158579067295075,-0.0547678326262917,-0.0035915424241022,-0.0156104106099381,0.0973160060453996,0.0209035424698038,0.0499268565182199,0.0492551005945333,-0.3626117972967138,0.1909280342130037,-0.5258017270376337,1.1142485623560021,-0.16621600438531203
Castilleja exserta,0.0690680389223275,0.1334645818465101,-0.013740335771295,0.0482011830480388,0.0412208305473848,-0.1116663076203004,-0.0919531021719539,-0.1092375280501121,0.0843825513931652,-0.043454652909015,-0.1601166294560531,0.0442251659041531,0.0221562921477407,0.0717869271887036,-0.152743190623351,1.9248911128109134,0.8959273838587559,1.111302710324551,-2.188417941199658,0.9241046388726364
Castilleja foliolosa,0.0907010202298561,0.0038457917934699,-0.0947744022994288,-0.0468232427807515,0.1629443911926756,-0.0274745308327078,0.0634178317993132,0.0469221783435398,-0.0461932646035,-0.0294027245061118,-0.0184361971303998,-0.0297211673151422,0.0069682162493228,-0.0177727333110413,-0.0273538258326432,0.37543006412447133,-0.198684073419642,-0.15416183744205894,0.5144878002897878,1.2000794433148052
Centranthus calcitrapae,-0.0245862564018846,-0.0504213340900015,-0.014002324308311,0.0344680374851845,-0.106015709805282,-0.0430886770079719,0.0594946087545009,-0.1019841195858318,-0.0062555775632263,0.0136036219055691,0.0457296929717807,3.171130434897726e-05,-0.1051537995482414,0.0505170798414862,0.0042334120950048,0.2088326298514999,-0.3896071302037353,-0.5362570127506905,0.3162905124500241,-1.4432605169549357
Centrosema virginianum,0.0676671973025949,-0.0236570388096585,-0.0021783861400628,0.1615575390383349,-0.02239570657806,-0.042218818458898,0.0819893140996921,0.0380155919309756,0.0660310912553261,0.0323451098597568,0.0136126885933152,-0.019472039893512,-0.0330851684056934,-0.0767803050340469,0.1065963250171597,-0.8249598864720583,1.3314972751151473,0.3054462340993643,0.334083102021785,-0.9007200195611156
Cerastium fontanum,0.006242594863563,0.0863484086728938,-0.0514674998266101,0.0170510431132751,-0.018003266000652,-0.1203042268029545,0.0512380484594985,-0.0795664051314619,0.0767635996255318,-0.0355011800441663,0.0768458830334952,0.1358610326594973,0.0832027326050561,-0.085359700538957,-0.0113199618130511,-0.9994574760234799,2.0419285718853724,-1.761258664155646,-0.8233836644780035,-0.08208771465016043
Chaenorhinum origanifolium,0.0520646365280599,0.1971600683890604,0.1204176172019929,0.192130059141677,-0.0407042651597353,-0.0524597250253582,-0.0198445011436177,0.0796791325637517,0.046070089411583,0.084560283174889,0.0051471816524043,0.0123667058549162,0.0023200466595305,-0.001314756405446,-0.0305788554756752,-0.11654937670871088,2.108731858105107,2.802387793212557,-0.163992239721423,-0.8838867479936641
Chelone lyonii,0.0606272368946079,0.0949247823742962,0.0150364954489975,0.1388869504214122,0.0319309882715414,0.1275771717627506,0.0594316842781691,-0.128077598686908,-0.0271890898481024,0.0271178410274492,-0.0540543649222531,0.0108763213507146,0.104962762460853,-0.0178433766897497,-0.0727852916997945,-0.09417061785742159,1.4660919453515395,1.3519781371726418,-1.9143206830991575,0.8112713394896189
Chondrilla juncea,0.0895713959265875,0.0263629979119394,0.0535786895785386,-0.0003993876765493,0.0094912684332101,-0.0142989806854058,-0.0028560307235742,-0.1391090272920978,0.0491498230121087,-0.0048311563393713,0.057280721597255,0.0632369450422937,0.0005668207603793,-0.0222894753527604,0.1102856756123714,-0.6150072259765867,1.5755994224435872,-0.5261815207403405,0.22300351686231917,-0.8587123918000089
Cipura campanulata,-0.0054827487639067,0.1097670527653113,0.088646131141451,-0.0248696310608691,0.0518028700311312,-0.1072212600632295,0.1749947101123629,-0.1244233305220413,0.0725282782059861,-0.1172921106054483,0.135342429907515,0.0185625463879168,0.0031570232669474,-0.1160457054666623,0.098903491551643,-0.7822891385043991,3.464187716405597,-2.0282315071475,1.2345359799677083,-0.25369658686240354
Cistus albidus,-0.0319329690891839,-0.039381928957913,-0.0004140085104897,0.1356137780118745,0.0690432011928601,-0.0761802203765952,0.0367207490529639,0.0103353844813432,0.1268851902156062,-0.0441128929993012,0.0665992057214769,0.0538019333143401,0.0702441650505619,-0.0669043031266752,-0.00625702335112,-1.254837928420421,1.7176261938177662,-0.7069800118573809,-0.355028801208396,1.1387771529820667
Cistus crispus,0.0093199638702973,0.0962167113090238,0.0566261675520924,0.0697017484742202,0.0122444685786065,-0.0534437136210506,-0.0894225423282892,-0.0458229516971138,-0.0757264477053445,-0.0534932951134162,-0.0495675251510573,0.0131235424117652,-0.1302470974956898,-0.1206721053725352,0.0285778903684528,2.570766149962106,0.6204061277302788,0.6201877443726383,1.1935014640190016,-0.9655127726259789
Clematis virginiana,-0.0966338322858397,0.0894509731889493,0.0827697706695072,-0.0816504367749779,0.2738662588236722,-0.0408635803760952,-0.0601729020551555,-0.0922122565036215,-0.0753847438774991,0.0228917632480247,-0.1348068124879082,0.0535347076303076,0.0192229634627935,0.0220288841235554,-0.051985111264726,1.6240582122844653,-0.4078538700891693,0.3509580794228124,0.9463883398192033,2.4653413420838297
Clinopodium alpinum,0.0599876737903337,0.0174542341087562,0.1322189473458783,0.0874784321285991,-0.071079096652659,-0.0596443046831108,-0.1452387950115033,0.0476136409761031,-0.084547458172262,0.0402376151690063,0.069072245587493,-0.0660792131282457,-0.080319212464162,0.000409770702022,-0.0789564273753194,1.9467045004196661,-0.1515485270389388,2.2671516508847835,1.0408946928418203,-1.3465647875701687
Cneoridium dumosum,0.0024351099919858,0.0784579579370396,-0.1241113118194256,0.0908857211130144,-0.2781873497840717,0.1277474324023578,0.0270213969643048,0.0825602752444876,0.0380590284798375,0.0449861075372173,0.0082457912227892,-0.0149561063289848,0.0108665828808293,0.0590104534380583,0.0596459108298786,-1.5860677501572402,-0.7885151675643942,0.8006266291770058,-1.8040461803868326,-2.3036013602304646
Cochlospermum vitifolium,0.1256138543598251,0.1802515971461752,-0.0640934362605311,-0.0414839480224033,-0.0067747384076951,0.0748241015030798,0.037114336715523,-0.0989161375669029,0.0447741207117814,-0.072412365210676,-0.0403023554949903,-0.0822252308450561,0.03499773963978,-0.1711259144040819,-0.0852501246723642,1.4397406587695236,1.644305469760549,0.09246379631612962,-2.238149720030133,0.35137546500958994
Coleogyne ramosissima,-0.0887447859982012,0.0047046464099744,-0.0612493462481589,-0.0012992998295703,0.0105266464998893,-0.0157934513873981,-0.0575389842651886,-0.0523127016702252,-0.009033833579022,0.0188350986214961,-0.0149088761106154,-0.0685775035388341,-0.0063289476742898,-0.0335681019424015,-0.0291648209053356,1.0833998717890094,-1.045022411668636,-0.25523880544786526,-0.2742060860158781,0.331031624676828
Coleostephus myconis,0.0814497008584767,-0.0112157266222091,0.0666389487273858,-0.031293912583434,0.0718718467167009,-0.0659892216499323,0.000850127181873,-0.044517760916845,0.0579821197065656,0.0049172157904392,-0.052184442224916,0.0640070612011367,0.0163337568285108,-0.1181717398866029,-0.019203346240908,0.44782310517866974,1.0831922077875775,-0.4959757794479455,-0.3899268185323993,0.7250237803818864
Collinsia grandiflora,-0.0085814681530867,-0.0265426608246494,0.0875758113476792,-0.00935942654383,-0.2110247212105753,-0.0424540148050341,-0.0046395680497866,-0.0558279443789058,-0.0992773833842695,0.0160072904879538,-0.0084804681307703,0.0381529674318196,-0.0156258149793365,0.0721388723686458,-0.0099422034792441,0.5541236490291116,-0.7218225742412117,-0.044894057540723585,0.002432472479908855,-1.9360317504423865
Commelina benghalensis,-0.0199335831482575,0.1121547783048896,-0.0431630918686002,-0.0593325796033557,0.0083377868315424,-0.1853690833715289,0.0639688181151372,-0.1608197219331534,0.0089746180919278,-0.1760352432489525,-0.0093758213539035,0.0782039172624722,0.0224057143804106,-0.2532358363861229,-0.0421103271753391,1.8734012492939813,2.3785439199970946,-3.1490363581128618,-0.46503171234466667,0.29437617397519267
Commelina communis,0.2630230389969493,-0.0713555749269175,0.0963260334268053,0.0544148206104136,-0.0465466827201509,0.0599974858569521,-0.1128314401488208,-0.0437788000891981,0.0738453034195832,0.2164304499521956,-0.1209848794504361,0.027130554231397,0.0395062696973935,0.0855027179789836,-0.08003995912974,-0.07380219578580498,-0.3496333289377402,2.9620170305025035,-2.4396278805843306,-0.34953022303746734
Commelina diffusa,-0.0044473091548775,-0.1052208409557067,0.070682580291067,0.0650985973431548,0.0349447823349918,-0.1705315327635179,0.0388436535963601,-0.0063929065241895,-0.0166249142480531,-0.0761056814094687,-0.0344868551548682,0.0308483920827609,0.1436736273823816,-0.1320127632025874,0.1362760095800509,-0.26940628079091683,1.5114645557029116,-1.9252860943824373,0.7544056114695048,0.494234351973118
Conoclinium betonicifolium,0.040973991354064,0.0579361402695301,0.0185166076668957,0.058370474553615,-0.0444647527614775,0.0525680664830458,0.1075865750814473,-0.0970959863348445,0.0801592093865027,-0.1105803915455417,0.1209267998325558,0.047542996427877,0.0650762613986638,0.0284762405776664,0.0640218587611221,-1.8906030147147492,2.3595389821350943,-0.735547160313408,-0.5872447608406228,-0.4094979399223006
Conopholis alpina,0.0067424231694525,-0.0261151396797523,0.1172886064175325,-0.1033961404344958,0.172655673266451,-0.0257286998359981,-0.0052450314866561,-0.0539684587123652,0.0255571371238643,-0.0238750850213171,-0.0454124547957659,0.0246571520708182,-0.0437152570024133,-0.0132406285368664,0.1205672503446104,0.1896778437058992,0.2834207811097245,-0.5752817722892679,1.6553607093910134,0.8432760724214718
Conospermum caeruleum,-0.0561664122280149,-0.0630766630695051,-0.0344152677556248,-0.0716808980150855,-0.0494443135687921,-0.0023973416859793,-0.0063774090376086,0.0880374538462425,-0.0240152259843323,0.1028678355672013,-0.0325921790219572,-0.0499669278295298,-0.0952895031050389,0.0424154624640837,-0.0119969264008805,0.310888281536615,-2.559194791959825,0.26458672014315876,0.5645845311932799,-0.5315720749254169
Convolvulus elegantissimus,0.0497103046217442,-0.0575047850013241,0.0246543038138102,0.0478366674807384,0.2804968775348322,0.0357845630188513,0.0131942055950129,-0.2361169474656525,0.0578022191036272,-0.1286529822065519,0.0450570662336008,-0.0717977106423622,-0.0719847135209453,-0.1545968744321914,-0.0430870243461068,1.8163780644605079,1.8624973827082378,-0.6320585905425897,0.39292673615952417,2.249226838633068
Cornus florida,0.118507338174835,0.0883395625026921,0.007145840462829,-0.0185704138378161,-0.144889866711561,0.078737707900155,-0.014300767329799,-0.008956027535633,0.024875386252971,-0.0323096456823944,-0.0014279900693629,-0.0353688973312042,-0.0285597729448794,-0.0397644246870764,0.0643224370867595,0.18975079838297912,0.5373185147574702,0.5492681008797697,-0.8187480143874366,-1.7188829810086907
Cornus sanguinea,-0.0711836955904434,0.0557941211736052,-0.0516279581402056,0.1294823901262809,-0.0650650013171085,0.0242812140206667,0.0676342151393265,-0.042549256930145,0.0193066599973044,0.0553366240743841,0.0094208217076606,-0.011419292886566,-0.0008511341236126,0.125259221562462,-0.0517928964887671,-0.7304600625713334,-0.15348272353312653,0.927066412739584,-0.8731913957061362,-0.34845126280925737
Cornus suecica,-0.0449015108639887,0.0051320661526662,-0.0354217352632567,-0.0529460389168148,-0.0837459978790311,-0.0623684193501682,0.0275299261195702,-0.1950310097347893,0.0052007223625079,-0.2348129959056059,0.0565851065147319,-0.0319412598844084,-6.216561208748774e-05,-0.1285425951226005,-0.0718857384927305,1.902640024782061,1.1223757151049107,-2.6413638337716834,-0.8776735453138775,-0.002287628924895969
Corydalis aurea,0.0199931434648228,0.0846670775463583,0.0749967949043837,0.0577753467286392,-0.0723594945026237,-0.0012963318981727,-0.0450437377464409,-0.0093661594470795,0.0301126025579507,0.0488835325956223,0.0347046371065827,0.0675690117645464,-0.0103790449887508,0.0192996145541543,0.020649577207189,-0.48396256755833206,0.7604443728809072,0.9435720357337468,-0.10160703942482693,-1.0941893321699245
Cotula coronopifolia,-0.0815961035854805,-0.0559104994649884,-0.0564947832240214,-0.0724101078330041,0.032794641509656,-0.0958570300463792,0.0050151310861651,0.0090121145332336,-0.0281924366566266,-0.0852876390328542,0.0165149389978786,0.0132147695001317,-0.0433471392329364,-0.0639633022701489,0.0526746272844734,0.611236501206266,-0.7739097663695256,-2.000039631575296,1.2744720732758827,0.12294082608600497
Crepis biennis,-0.0200175681442816,-0.0823270229524247,-0.0095663415387777,-0.0683732449421498,0.0244061162436835,0.0252751009616994,0.0354134983513631,-0.1147752835920293,-0.0241735304721344,-0.0931378269594555,-0.0228215304923375,0.0241392216420672,0.0336297038318563,-0.1716216140758563,0.0762470994616516,0.44760073791294,0.21568122794489997,-2.3814075391629683,-0.04453750224810942,0.5113664060944602
Crepis sancta,-0.1068141135401876,-0.0643481542356428,-0.0967828460540101,-0.1837947038123534,-0.0761235264651872,-0.122785452089763,-0.1213579741344967,-0.0331958376926915,-0.0963299791624769,-0.0819775448443064,-0.0725885441757593,-0.227078270707326,-0.1658725274105159,-0.111114912657509,-0.0587805016612127,4.615238938550288,-3.2474290428121404,-1.4585276680454426,0.8035481020460326,-0.6330889129739309
Cryptantha barbigera,0.121931402293392,-0.0679300712572429,0.0293201325143271,8.263791058679854e-05,-0.0551597769737961,-0.0852224594219642,-0.1679501733712101,-0.0078378775577524,-0.1344576098025814,-0.026092875872282,-0.0868526408996012,-0.0810564533430305,0.0061799393870379,-0.0302604710666498,-0.0878378006560498,3.175910847120532,-1.187503905259714,0.9600590963626172,-0.27062705470734805,-0.45230860536705714
Cylindropuntia echinocarpa,-0.1198807784426163,0.0270054392219541,0.0028558289302805,-0.0240778749414696,-0.1750711984754607,0.0331920475919303,-0.0816951876190946,-0.0395700516544819,-0.0134042833807843,-0.0332998181154212,-0.1153855344818249,0.0535575097492706,0.0856053097478168,-0.0470251877343719,0.0073409966691258,0.531076657024664,-0.9662415825627408,-0.8716130264532583,-1.7250314956047557,-0.36455762561372984
Cypripedium guttatum,-0.0415560750357688,0.0703055241740018,0.0902751479926969,0.0719056980803397,0.1016909562296287,-0.0922279012413634,0.1521162381705398,0.1227022695217147,0.0642656365195956,-0.2637671296057399,0.1430448282444947,0.2480880777752433,0.2194368833675994,-0.1204723319057212,0.1885954259229463,-3.6808453715259573,4.399977043932271,-2.8496539978029616,1.4453146053201826,1.2197644451502359
Dalea candida,-0.0866185641715434,-0.0608627597709542,-0.0804177994714532,-0.043226988654693,0.0828492890445689,-0.0855764441596054,-0.0189511152343344,-0.0241883052590672,0.036088938837198,-0.0645671839266459,0.0799024760185852,0.0510827594994059,-0.0475665732127345,0.0193439498797491,0.0287519363384629,-0.24984432852189903,-0.6289580334075673,-1.718235258934839,1.1089018266286337,0.4774077446829986
Dampiera stricta,-0.032514574382348,-0.0161472290343183,-0.0280887844743118,-0.0421199254005837,0.0210981144342516,-0.0716410398860596,-0.0612428657178968,0.0383173556733353,-0.1488565910611965,-0.0506381647355614,-0.1081049941520904,-0.0118918432962562,-0.0027335152197064,-0.0806639094271272,-0.0385794548614299,2.3215233940871713,-1.4044701148082417,-0.46075715161541314,0.5729030875462134,0.3891763424531463
Delphinium glaucum,0.0732500522845406,0.0981742446392106,0.0647819608350872,0.0096524981458219,-0.0165773533091005,-0.1458349183796245,-0.0483919832587063,-0.1554523696140015,-0.1114285611905028,-0.1646436248513725,-0.1775350512339671,-0.2951876399065297,-0.1258274415294953,-0.2056873434348635,-0.1180452149208252,6.568675317859757,0.7871912332595172,0.6589519511781026,-0.11648807079920535,-0.27984022458441127
Delphinium sutherlandii,0.023065779266776,0.0202766178725576,0.0392258695810254,0.1221169902979572,0.1057082335537915,-0.0099641605555563,0.0434084883109827,-0.0442107426435262,0.1196106086780091,-0.0150669107734907,-0.077636613580822,-0.001580759693438,0.162287041494642,-0.1266645295880575,-0.1445618905989627,0.00767424537810013,2.074007499204366,0.34434716510550006,-2.4845027755974436,2.628882801275367
Desmanthus illinoensis,-0.0589526229793609,0.0496333484277666,0.06718163157029,0.02770148415662,0.0228616109512573,0.0749152948977145,-0.0369178920311204,-0.0559574012064984,0.0684503333712518,0.1146920980459904,0.0589419298259285,0.0647707241896232,0.0032932145764084,-0.0348833546992992,0.0558511677554589,-1.2640180636527263,0.4097861233846849,0.40219102211463176,0.016879854822787255,-0.11892271301860037
Diplacus mephiticus,0.0227520962438213,0.1058957057047408,0.2528287296246932,0.0249966093359466,0.0549771200297348,0.0515239483521943,-0.012439130523545,0.0498125721594643,-0.0183538187221523,0.0217950227923888,0.0993355389832678,0.0109893588295309,0.0108721173066095,-0.0071625401201385,0.1276047162935233,-1.0194943202268216,1.8358599373229412,1.5550394386378148,2.0790345230220026,-0.5344703777081663
Diplotaxis tenuifolia,0.0146869209900325,0.0488429790291975,-0.0169819321970221,-0.0160302735213236,-0.0093605497554696,0.016447175796427,0.0118781923790752,-0.1263155512387311,-0.0165931017138019,0.0740731730592979,-0.0698502239037474,-0.0109570857186027,-0.004493039441268,0.0150543499637128,-0.0729605570150813,0.8723277421765128,-0.39245856432080883,0.409974095581286,-1.1417993331967171,0.042798190931019886
Disphyma crassifolium,-0.1478983020972771,-0.2173589412901463,0.0577866979738546,-0.0060364855340283,-0.0787691654403973,0.100203055146144,-0.0285377790004597,0.0910797277748931,-0.1169045928572146,0.1589579130946444,0.0096435801440084,0.0384516273769688,0.0460423130070389,0.1802696687448505,0.0847220035922773,-2.0192583449971737,-3.5439290401450148,0.29946209114748823,1.1110246660891023,-0.36720177991675557
Distimake aegyptius,0.1003129241848824,0.1222499633094583,-0.0306710418017851,0.0343996218271496,0.0162783939229109,0.0656821500042882,-0.0617506241783491,-0.069223132119246,-0.0258550809415488,0.060023107380757,0.0514250131788625,0.0919122518686101,-0.0030825462384105,0.0334529425439894,-0.1179811670694638,0.14160744987156246,0.4183421581764904,1.4380932147975172,-0.9913295039101533,-0.2241220601573334
Distimake dissectus,0.2916111099150318,-0.0513849543967092,0.1248922105047329,0.0676408883347829,-0.2240119114789309,0.0325596216373513,0.0067263016365875,0.0770593672291479,-0.0407970781658983,-0.0906619950001537,0.0338167914105929,0.0080713693199875,-0.0059197962009078,0.0622970587046482,0.0212212273273872,-0.14524622925257444,1.1434540671924687,1.5551655419086838,-0.4237164890419033,-2.4255357741167214
Drosera spatulata,-0.0991356103924788,-0.1212179696469269,0.0725154309994885,-0.009304807916498,0.1219602403999513,0.042836088460441,-0.1775001139329586,0.0539535928267661,-0.0431067888933035,0.0211508428452998,-0.0982207360345641,0.0103317301152537,0.0338446185702091,-0.0055754582320042,-0.0202046652127091,0.9871223954746858,-2.101462240770832,0.6095719651904387,0.4044287538777748,1.853224085613564
Dyssodia pinnata,-0.0410926644829375,-0.0323369558429069,0.0191746746890233,-0.0204643380954732,-0.0060407939047466,0.0333979478089623,0.0053639928644792,-0.0311354924015853,-0.0375380164111311,0.0242542384830213,-0.0315814581214362,0.0257909615451037,0.0083561354060302,0.0204200614880791,-0.0406710494935658,0.14505175765965775,-0.880789451090737,-0.05647669227806103,-0.2569735216022924,0.3570298194036446
Echium gaditanum,-0.0138666336442194,-0.0005897176930012,-0.0513563478342009,-0.0330092203226137,0.049113245295587,0.1891590067261315,-0.0838795567207506,-0.006470671729094,-0.0994491983386308,0.0319071122526731,-0.2064361956740014,0.0310781237131376,0.0275790568894134,-0.0040851885876897,-0.0280013006077505,1.077812484390352,-2.2830178180549754,0.9313367850325072,-1.2825614964210466,1.170025534719511
Echium rosulatum,-0.0432485148457557,0.0727104164884313,0.043334892987784,0.0872049232381622,0.159799933010252,-0.0315091741698416,0.0993063066184888,0.074928053865408,0.0321452990879698,0.1486041234762765,0.0971663644308772,0.08258541135367,0.0767176620672287,-0.0862387737009889,0.1433449841517954,-2.758106361531766,1.6732266325921015,0.01003905195206352,1.6582420995062446,0.496264723527474
Ehretia anacua,0.0260311909972111,-0.0032561162157349,-0.0420771393424825,0.0513165359763519,0.0457669240193267,-0.0583967403700014,0.0695926781518779,-0.0268074721773116,0.1362083757479139,0.0535673026282283,0.1376223560176363,0.1598320381769109,0.0403729306103451,0.0487416444239556,0.1232424588470666,-3.2757601392376303,1.503557454393169,-1.0994524082685513,0.3672607081551164,-0.3802089066294243
Elephantopus carolinianus,0.0921538392241394,0.0045877589920881,-0.0751849698677184,0.076277767126682,0.0154802705910861,0.0524344005374265,0.0141166254234117,-0.0892026556027063,0.0384687050358036,0.0029271992785529,0.0933325041462061,0.0045108013363084,-0.0091219276569937,-0.0695272143643979,0.1686428204198499,-1.0893925989476272,1.1589667769279643,-0.4933238568590203,0.2870495450377695,-1.0871282072487531
Epacris obtusifolia,-0.0906559274061507,-0.0478141905363476,-0.0362085800016918,0.0514559060126787,-0.0350191228889675,-0.2630768613383637,0.0313091771803944,-0.0512430314279315,-0.0557855513063812,-0.1495765317718176,0.0302177875673929,0.0184797007057934,0.0363396941563995,-0.1157684694903496,0.1267992875787752,0.8530222357237923,1.045569144445669,-2.983383916349612,1.5596639410933866,-0.7238498659906796
Erechtites hieraciifolius,-0.0484960433448516,-0.0080508417116678,-0.013302306159235,-0.0131858766967975,-0.0042695609618898,-0.1014230055926456,0.0758152046586644,0.1248026650367736,-0.1080625940795652,-0.0036997376443898,-0.0084528733408479,-0.1020878785514834,-0.1325506576370835,-0.1367630085531426,0.1630275880616714,1.0852489753184789,-0.7301886669267706,-0.7637673053894177,2.9355312808730725,-1.3810479618329403
Erigeron foliosus,-0.0597049081983568,0.1280244889135446,-0.0118139173382814,0.0508516524820281,-0.0657232877281203,-0.0590757676744856,0.0194109962922864,-0.0267098845056848,0.0233756331469818,-0.0028583980703908,0.1102318383357377,0.0582071410613191,-0.0974059876925923,-0.181410000155038,-0.0623014418188048,0.6693976904815141,1.2681144438013223,-0.5913451884355866,0.2605597213040671,-1.0228865391919282
Erigeron linearis,-0.1012139412272687,-0.0777803605253451,-0.0487247220097297,-0.0576971209797071,0.0684822503611232,-0.0242604713170365,0.0685143580120995,-0.0333644881213458,0.0184327372935635,-0.0158346191132141,0.0468955844923647,0.0325129302574826,0.0014953069708148,-0.0167723532749996,0.007636237120873,-0.7235307360873633,-0.6411578163679769,-1.7860794823889568,0.5266443775627907,0.9123411714960702
Eriodictyon crassifolium,0.0117355468414928,0.0783683573216242,-0.1224743335697314,-0.1636496207647619,-0.0063073033812832,0.0120918399301688,-0.0953626980335369,-0.0482647590437668,-0.0888725700527985,-0.0065796799703001,0.011470299150728,0.0324835722428381,0.0178253909375091,0.014408667217246,0.0571965743890731,0.5150539863633682,-1.4680392308672188,-0.9829887515444593,0.1920419492612277,-0.6786050907471273
Eriogonum jamesii,-0.1061426610853019,-0.1325723581886521,-0.0340569325515398,-0.0804294371716597,-0.0126023730515741,0.0451058004229317,0.05089762951647,0.0389359499043968,0.0889296048703978,0.0459034784379697,0.1441550945991613,0.1057084640064761,0.0283961262975996,0.1315349946539183,0.0644163348465008,-3.3516242857788368,-1.3456159538089787,-1.5422101605376526,0.4648957792603837,0.1949299099337642
Eriogonum latifolium,-0.0372308300199303,0.0724613906595939,-0.0182853727945626,0.0926311525439931,0.2567983062370093,0.1779669465352043,0.0436101897837376,-0.2235091576698732,0.0429135426512105,-0.0088190760386318,-0.1032398916262728,-0.0626208296706286,0.1512905843714036,-0.1068289423807068,-0.0268457323208804,0.23274176260739576,1.5297534482364012,0.3358995461963173,-1.963231857541368,3.2966746911996716
Eriogonum niveum,0.0002887063812339,-0.1022512391054323,0.1266889441806118,-0.010894270820293,0.08774078586688,-0.0111906018933563,-0.1532162831413098,0.0721131749251842,0.0886139292090023,0.0046871820242211,-0.1833805438794018,-0.1268669063560552,-0.0182284405190873,0.0061471300147176,-0.1594104840425766,2.406205076518538,-1.4868399045810605,1.9280148938398343,-1.1163742332280076,2.245727038067608
Eriophorum vaginatum,-0.1891837410341738,-0.1089253000562986,-0.0978750398116587,0.0015298701071029,-0.0435697672209258,0.1187330619194515,0.000789138618095,-0.0611117403419357,0.0660864310902936,-0.0368135461189779,0.0608901124181666,0.0503332920154399,0.0088506668766317,-0.0345397392442596,0.0461281541729632,-1.37949508103655,-1.3281921292556897,-1.9999286943126375,-0.6440593314140992,0.49376512323963584
Eriophyllum confertiflorum,-0.0076506415176031,-0.0286972665031417,0.0003294846269884,0.0076749204916875,0.0908782024311562,0.0664684084517699,-0.0497296763270446,0.0036089023903912,0.036127159498279,-0.1137314074334201,-0.1338909415371403,0.0255115143805824,0.007823886940889,-0.0390060563762155,-0.0183167763411383,0.8874255744140761,-0.2933287717143418,-0.015760763974885204,-0.8001041594658103,1.6587193203503345
Eryngium planum,0.1616860082110822,0.1027238118169913,0.1093108676280427,0.0091962499104968,-0.0274829454233245,0.0032049484934547,-0.0652223056810382,-0.0810543534731035,0.124591340091352,-0.0580160873046886,-0.0219214625702642,0.1675450263664925,0.0933510591732365,-0.034462703441931,-0.0054245197661309,-0.6673007433936855,2.6228703077276134,0.27446483498603663,-1.8411562150399228,-0.027064915440392072
Erythranthe dentata,0.0554024343456991,-0.0755440992577547,0.19780106506476,-0.059294256032233,0.0364253058299998,-0.0190612621093518,0.0011349609586538,-0.0559790821595956,0.0181383613712585,-0.1153109669543867,0.0478997052900249,0.0595011879578795,0.0614234502714354,-0.0490151316185195,0.1222436404006642,-0.6084011279509186,1.6375319368737968,-1.1546153150974592,1.0695585674399766,0.19495702369338724
Erythranthe erubescens,0.0511249142352811,-0.0050904257652278,-0.0258797379578298,-0.0389976871920812,-0.1613412064453208,0.0007882198975424,-0.0746333253337078,-0.0473662819547726,-0.0906254561025516,-0.0219822365158637,-0.1785148948078814,0.0284834700823059,0.0849486479475362,-0.0630131262713426,-0.1150518302188967,2.0284664321593224,-1.140128145883467,-0.16852273942410753,-2.4551871450809224,-0.20545826651046178
Erythrina humeana,-0.0882634609435822,-0.1507538567201286,-0.0321961880976356,-0.0687753602249529,-0.0654166983135463,-0.0499059451405524,-0.0258659272201397,0.017008952536906,-0.063506172306608,0.1188435363113617,0.0610145122078431,0.0868484873023489,-0.0289178478312351,0.0688747843473687,0.0882299327818453,-1.188483071364485,-2.427570259104085,-1.303540120656642,1.3674988776631984,-1.1178022561194318
Eschscholzia minutiflora,0.0325293759796502,-0.0186016914149281,0.031962691019137,-0.0421433700323276,0.0325065349650477,0.0439631677921723,0.0365455830964524,0.072739008627651,-0.0161572277692698,0.0935257358862215,0.027402254225324,0.0128317224415437,0.0384842375861696,0.0050480139971549,0.0617431652751411,-1.3678764087446194,-0.4450244506238762,0.29783025093881044,0.5871374678863162,0.014699250526128454
Euonymus obovatus,-0.0906573905614393,-0.0391930595257083,-0.0673059203281151,-0.1226724013087576,-0.0970783030995238,0.1159114723413081,0.0222215079439132,0.1501997310341066,0.059424387464413,0.070205504810048,0.0783963091432773,0.0148300147314139,-0.0214576592313701,0.0449378449771807,-0.0467569682981684,-1.8312630417482776,-2.3387014945201545,-0.3280541080534714,-0.4926131730913367,-0.06678544777000801
Eupatorium altissimum,-0.0062755572162511,-0.0207379270337255,-0.056276032379772,-0.0429517395808862,-0.2053262673285133,-0.0059979803651949,-0.0763855168024267,-0.1754236719370198,0.1178816827809661,0.1839855858139501,-0.0197342291281665,0.0294610802295218,0.0290367295237077,0.0037928023535637,-0.0692187487461018,-0.22929296146531025,-1.0946746378867829,-0.4419717037182687,-2.9472147853217154,-1.245368066674959
Euphorbia cyparissias,-0.0211942976152734,0.0560643372562011,-0.0981293430007551,-0.0301304093387245,-0.0430683815299265,0.0135412640828096,0.029690830335862,-0.0084559486191583,-0.0146664734545631,0.0410661946716336,0.0219230671964207,-0.0329804726293985,0.0093383648025853,-0.0258249510030075,-0.0208532661059083,-0.03744593609079679,-0.6366666337490138,-0.3229845462132669,-0.5401523810482395,-0.34640636264299485
Eurybia divaricata,-0.138286317269348,-0.1637351872559641,0.0033006932054396,-0.0875275626102174,0.0526952865040485,-0.0062232370548582,0.0621904619514889,0.1544995278345083,0.0780172691392367,0.0468806611112511,0.1246946862652254,0.1240775099911835,0.0752550802752491,0.0135825255238445,0.1043730620365933,-3.5983183102778646,-1.1198904037727564,-2.1100784466109213,1.2880657290079451,0.9797221438759633
Eutrochium fistulosum,-0.050752009174617,0.025918896878881,-0.0205460725973705,0.0451303486154018,0.1462963267076623,0.0369613173181418,0.0388357306980983,-0.1094377610252872,-0.0158374469518502,0.0671197456437595,0.0653736872429994,0.010748037982754,-0.1013735581144712,-0.0320019262407525,-0.0010658169566782,0.1543378143143581,0.1049180933954653,0.1522519399644729,1.122862806294465,0.40915677117193744
Eutrochium maculatum,-0.0710131858908091,0.0540372738838458,0.0416352369659344,-0.0004267266244588,-0.0278736298665323,0.044425976710218,0.028743622926778,0.0025191167256279,-0.0780375403895588,-0.0255926834683124,-0.0787868091488734,-0.0877318519438766,-0.092858673442841,-0.0639257031335486,-0.0358797983837431,1.902805154423727,-0.7275668344570989,0.5771809484395245,0.40589715451909636,-0.14463872946580877
Eysenhardtia texana,-0.0338872739634929,-0.0754198830358652,0.0462189363682586,0.0173290143095091,0.033377230398898,0.0872130481329496,-0.088057259842194,0.0694078972814577,-0.1359853049941316,-0.0697631206830609,-0.0607596473652601,-0.0819753866062719,-0.046253168074072,0.1089128322089262,-0.0229901768472207,1.5156171183469347,-2.122714335432428,1.4526781244155709,1.0101467635342969,0.49270125430216327
Falcaria vulgaris,-0.0930649313262422,0.0671401202288888,0.1874627714171875,-0.0198009150841852,-0.0434875936855549,0.0066385300103851,0.0858833548596656,-0.0557642695244535,0.0657665913762643,-0.0171584782585763,-0.0359870728184169,0.0475435376247601,-0.0061763012691751,-0.0240438587561348,0.0604468265278017,-0.5975050571493192,1.3055692542675406,-0.3679668711955006,0.21248786441810688,-0.12538682340990143
Fritillaria pyrenaica,0.0227579190483811,0.0366460910070336,0.0383969571676816,-0.0652101033350134,0.0272056280343307,0.0293938262331602,0.1481072302270944,-0.1249513099134843,0.0377531855097632,-0.0979939611271888,0.0197599470043134,0.013399357382493,0.1069990064689285,-0.0783949729892427,0.029189908598825,-0.8302405720645453,1.9133533043613782,-1.7067226615024396,-0.7757994585217837,0.8143508430449296
Galinsoga parviflora,-0.0015276185743082,-0.1667079732815277,-0.0912381050872016,-0.1396893454103091,-0.0841832337747767,0.1232646442483329,-0.0491345122370844,0.0404744200477847,-0.0009563913585366,0.0137983412434016,-0.0342476534718635,0.0461971216399844,-0.0225914485172995,-0.0637018704688144,-0.0621035662976101,0.006571788573535463,-2.8257271379165374,-1.2041713667646237,-1.2718695244011073,0.2830861244523937
Gazania rigens,0.0129734583914878,0.1021228777134007,-0.0128370964624978,-0.0266128927750311,-0.120564805188381,-0.1463730852277401,-0.0533314044774111,-0.164649402282343,-0.1391705623709466,-0.1167624551119591,-0.0466209466747274,-0.1475783232016538,-0.0656835427033737,-0.1308559196254571,-0.0515976786102628,4.327741906918972,0.27615504475991703,-0.6730571539151142,0.07552947385214065,-1.5298654287671254
Gentiana acaulis,-0.0006804217455669,-0.0651844275018911,0.0617062376535571,0.0192682267191574,0.1249200906824809,-0.0185714007466079,-0.0062385104319308,0.0227059416645416,-0.0493014315996932,-0.0253926746379548,0.0222987058053798,-0.0459798750667895,-0.0762915144516708,0.0256196247804072,-0.0047349067478695,0.8083555046459577,-0.43656879560798634,0.596842761827381,1.7088905332161448,0.6418715928301282
Gentiana parryi,-0.0032650931733928,0.0687745106546188,0.0368037354276787,-0.0101065126348915,0.0434946175666222,-0.0592286699785642,0.057286301717073,0.0728697695923189,-0.0916170014217128,0.1041916254350707,0.0712076220290266,0.2188334410705375,0.0879335803459295,0.1936503335324804,0.0926460817864791,-2.9197820696778116,0.09074601662801132,0.16577721247380114,1.6588649753318951,-0.5798529092675149
Geranium macrorrhizum,-0.1440427341726798,0.065840203646069,-0.0828918530188757,-0.1535868172080323,0.0421637048400169,0.0860792309623005,0.0494012415533718,0.0576871917925292,0.0114019512519892,0.0394938193904251,-0.0488056321352951,0.0604150284616885,0.0799319005486224,-0.0947274137579363,-0.0359851075834459,-0.9095225030464603,-1.3192361353245408,-1.4149208360499332,-0.9016428259177424,1.546512894717659
Geranium molle,-0.0954339946553504,0.0079464894204059,-0.0340150796225143,0.0373915891616341,-0.1035193074323416,-0.0124345703937667,0.0126921707726305,-0.0226436862297308,-0.0634017398471721,0.0103043176305488,0.0290361719693446,0.014454309794226,-0.0810512469064427,-0.0538487462387696,0.0421099518466404,0.4640233628958729,-0.7167979058663427,-0.6570219598496891,0.7231590281777637,-1.3781681519062559
Geranium richardsonii,-0.0518081325689726,-0.0915210905695967,-0.0387632546998178,-0.0650536090461408,0.0684531821250949,-0.0148909972448936,0.0437185609613196,-0.0296052782615072,0.0199062529909661,0.0452427252910021,-0.0008418852465758,-0.1050739344301135,-0.1061347408820443,-0.162052635707171,-0.1660009092760372,1.8355174289817162,-1.2411106799767955,-0.6623347792385389,-0.21396960045142474,1.2490207303122187
Geranium yeoi,-0.0696592005589286,-0.0826768798515498,-0.0264295705668307,0.0729041515693847,0.0885852339301112,-0.1011973402203947,0.0513908940306697,-0.0116820479761646,-0.0638797876746462,-0.0943510209378815,0.0391607796052727,-0.0038202951494815,-0.0347345692452858,-0.147787996104296,0.0515588974764899,0.831750843621374,0.45059942367844164,-1.6556654485239606,1.7077651151951336,0.45762572080572983
Geum canadense,0.0249039870296886,-0.0381952756602461,-0.0162041206991181,-0.037509932688978,0.1221382555942441,-0.0671396915163664,0.0013272223418239,0.0482386362118629,-0.0503451323890226,0.0042983153801533,0.0395665258355705,0.0768943547460075,-0.006039330269918,-0.0620693230788523,0.1016694985827908,-0.4699645180138059,-0.05441182727123518,-0.9787637475853125,1.8334709345649705,0.18222632312888712
Geum macrophyllum,0.1291390521031485,-0.0413987273544959,0.0841666134679014,-0.0370164210811551,-0.0393287366571425,-0.124252980168352,-0.0172067392989622,0.0728052046041799,-0.0343491369560435,-0.0670452003721597,0.0036966902171073,-0.0004287835596132,-0.0577211761308795,-0.061613124981525,-0.0611538649647259,1.495508872077717,0.35375805809696154,0.08418999330833771,0.6963514157840726,-0.5866552292717098
Geum urbanum,0.0336877385253915,-0.0340557483662427,0.0975863700511306,-0.0858795331458231,0.0762764889635438,-0.1189759282020306,-0.071304641950303,-0.0628917841435997,0.0144801533439964,-0.0779390522355886,-0.0303580944661574,-0.0746515088058304,-0.0731124304167949,0.0537976337520837,-0.0830248046611076,2.266869689726119,-0.25234819798563046,0.21668120768925708,0.6456120883564008,0.6538389491951584
Gompholobium huegelii,0.0638294287658698,0.3099290976383239,0.1243959797109715,0.2422668116792739,0.2574181803598064,0.0896484670373456,0.0154319039229623,0.0724155740543963,-0.036189497269762,0.0741419727785543,0.1009459653845915,-0.1427032107257394,-0.0045164068562845,0.0547801872332475,0.0535071269499227,-0.3217355075063636,2.914598802337594,4.6594876591872945,2.063473728574265,0.5293935336520065
Goodenia ovata,-0.0828637960119293,0.0173774105322212,0.0673413425198328,-0.0158123365454824,0.0182604869170263,0.0027955770506498,-0.0111496763775456,0.0355923466126488,0.0066350295163485,-0.074241753909815,0.0021793379997589,-0.0157805254347178,0.0255652685363888,-0.0761719506112766,0.0135918160492496,0.2951945863809698,0.23799092468493782,-0.4614460887681451,0.3926122936096634,0.6644221003987292
Grevillea alpina,-0.0123785792239438,-0.0250372692463756,0.0779800925056862,0.0022134024867867,-0.0811919226816957,0.0552891777674237,0.1272425624094995,0.0169163884106581,-0.0540819205265916,0.0424377585803844,0.0349520875418536,0.0098110595166998,-0.0222399090195347,0.0866397578706896,-0.0378170680131164,-0.896848881800633,-0.39452650519495586,0.49235058464205744,0.28940567591682315,-0.5716384834919204
Grevillea lavandulacea,0.018649981137888,0.1227604903128712,0.1239216735544724,0.0839009311868121,0.1092744601959225,-0.2112648934839469,-0.0840768841519205,-0.0632964089553989,-0.1346529971623589,-0.2801079702681829,-0.0578436813826722,-0.1743565313888717,-0.2144674527147557,-0.1482561646351574,-0.0990863183856443,6.218501893141812,1.6854845555695437,0.8643645556943148,2.470397424005721,-0.009932062334747275
Guzmania monostachia,-0.0546392798834295,0.0030126211036687,-0.0232799025643302,0.0102502819117634,-0.02115650600936,-0.0770374730754775,0.0744452866500597,0.0100515767504871,0.0381624514193697,-0.0786787321584556,0.033142619794664,0.0063142522128324,0.072047763286253,-0.0215234298952418,-0.0562357925289995,-0.39043243307995606,0.6454319469222197,-1.1542226156976303,-0.5487760623490908,0.6746591197309993
Hedypnois rhagadioloides,0.0002293067384482,-0.0639030664279854,0.057331560279398,-0.0086188437054417,-0.1030009524952931,-0.1145337864695461,0.0763767531355932,-0.1428655963892876,0.0545972156818048,-0.1498900227130631,0.1343113572721345,-0.0084132194872084,0.0475850128442057,-0.1601463618906297,0.0787607839872737,-0.128231363803213,2.249903982556225,-2.891653080457907,0.15335663799686522,-0.8456002934002459
Helenium autumnale,0.0295525140943271,0.0317175538846791,-0.0577087202664592,0.006932708082759,-0.0952104858118174,0.0007560359550265,-0.0021702075312576,0.0237061356533387,-0.0594319134475168,-0.0031296088733475,0.0424076050709982,0.0102610326238796,-0.0663090433290758,-0.0113869662579726,0.0360565179979046,0.2452600123468991,-0.5252583144880937,-0.03657804030130167,0.4912584624105615,-1.566910378139007
Helianthus divaricatus,0.0962292399712479,0.0391859850913443,0.0756964854494604,0.0691006590224999,-0.0243494084997662,-0.0521181833763899,0.1672700018168807,-0.1415540056343355,0.1481859375471795,-0.0560239480076276,0.1333635095448981,0.0080815267340492,-0.0179401976172256,-0.0268255739434584,0.0956976241014446,-1.583047423599656,3.3977974682948924,-0.8474972858233655,0.09042707869115452,-0.9945382262738225
Hepatica acutiloba,-0.0361947173978541,0.0180581694245575,0.0222066750659461,0.018119475874399,-0.0735510725597893,-0.0365461704470304,-0.0779136786988052,-0.040661129396292,0.0818454471119095,0.023665707217154,0.0172330612308976,0.0016032507087749,-0.0573635413021138,-0.0340261234521616,-0.0375044009612734,0.6329952060353333,-0.10471394783508808,0.1271977218453738,-0.565308876298811,-0.5852468738907701
Hibbertia cuneiformis,-0.0321218003991233,-0.0421867183211419,0.2037823217592347,0.0538861487575082,0.202812845058276,0.1322992389427196,-0.0705732723344554,-0.0346547385891818,-0.0642761287160404,-0.0369177428323404,0.0238615182330339,-0.046220704340022,-0.1296443328046069,-0.0613261370337821,-0.1171114973228994,2.0430624212596684,-0.0006775487015261753,1.9731489798821948,1.5575954407147086,1.7751927970949832
Hibiscus denudatus,-0.0764053715120695,0.0446721895246159,-0.1144945863274121,0.0479313643440211,0.0240664606463889,-0.0733605537253897,-0.0840474520101352,-0.0362094608949774,0.0099330493108951,-0.0318319910764509,0.018018015719747,0.0398436261832242,-0.0289615503821158,-0.0278481199889436,0.0325230462110673,0.5685565081082276,-0.3174042971552929,-0.7407260383049923,0.2720414871169287,-0.19781433321111053
Hofmeisteria fasciculata,-0.1900546798355287,-0.1168077471291322,-0.0235317430771323,-0.0080694540470017,-0.0845694592221313,0.1764362168672082,0.0231015177280725,0.0131533820001411,0.1110202447763543,-0.0558782371652523,0.0786939075580071,0.1754385031767165,0.0622677713588785,0.1345505708548473,0.1085798901606404,-3.785791646902531,-1.176906988127381,-1.6904225322474893,-0.601819606759125,0.34424213212369287
Homogyne alpina,0.0107438074992304,-0.0223976967063369,0.0661472457246758,0.0153168259115199,-0.1319176762352651,-0.0573611266360354,0.0727895098575699,-0.0214197441910344,0.0129638285562978,-0.0517819340671383,0.0113983560346519,-0.0430215148941131,0.1071017459736218,-0.0156997345071798,-0.0067181639498491,-0.31420649812246193,0.910711152556556,-0.6800758183881784,-0.8830901882396003,-0.38158631827284273
Hyacinthoides non-scripta,-0.0081574961550368,-0.0145628320538058,-0.047649997725324,0.0392845652623852,-0.1076929655286086,0.0910835496989599,-0.0399816931819208,0.2024768138993887,0.0559440843183812,0.0779150423053739,0.0198706246079329,0.0174226835179702,0.0303272455584264,0.0920598794759996,0.0530909420106043,-2.107348580335589,-1.4732436027344236,1.1589766503086714,-0.49828747449277716,-0.6916951907101492
Hypocalymma robustum,0.0677349556749355,0.1083467496590351,0.0409199109400581,-0.0119779445017378,0.0207327601911193,0.0213580466598264,-0.0859300694926033,-0.4435600451667316,-0.0333343533134598,-0.2649203917621715,-0.1886799934473013,-0.1110596501460593,-0.0066678429198709,-0.2332734530651949,-0.1500826296380409,5.736536062302937,2.1349194961566442,-0.9407588974323832,-2.7949129681713374,1.1084623437919985
Iliamna rivularis,-0.0093392556870703,-0.04168534986074,0.0575104030864917,0.0028048195693718,-0.0018394245779464,-0.0011658608319914,-0.0670389787533895,-0.0246198580559261,-0.0001621148018099,0.0406176119044948,0.0306275426478412,0.0579499107232308,-0.0320293595137626,-0.0633269855953307,-0.0092826098184413,0.2560914272200819,-0.25273519392419086,-0.051634528705576936,0.3009384542637045,-0.17245580338224759
Ipomoea cairica,0.0215039559474429,-0.0124336850170743,-0.1175348222600603,0.0260485659073105,0.0864614994366619,0.1472546880612711,-0.0418274266500595,-0.0051400600578675,0.0700278476026001,-0.0168237023169932,-0.0439483525160189,-0.0198732171252471,-0.0296852373649657,0.1780541839385895,-0.0439121183219085,-0.48724888629407603,-1.442732893960963,1.3016314624833125,-1.1560360386010173,1.1277918997635294
Ipomoea pes-caprae,-0.0411123438738265,-0.0971874298096005,-0.0844680912846212,-0.1411837138068014,0.0256650040911842,0.082280522006674,0.0178289190801426,0.4859664408954253,0.0324307727354976,0.2589624545761277,0.0590291965932516,0.0386660224305782,-0.0560291462690707,0.2336725774478601,-0.0334700753225401,-3.6515835454798853,-4.654671425414876,1.9126611462819925,1.3907218213603678,0.3669778402055592
Jacobaea adonidifolia,-0.0428722008696747,0.1410382719196959,0.0563087283920715,0.0648159275482416,0.1053735496940697,0.0103693570549005,-0.0022751914417199,-0.0592720657934793,0.0239295676591212,-0.0830785330065339,-0.0596722437494011,-0.0508664668595352,0.0052737438597365,-0.0182253392150989,-0.059442762867328,1.3087180151073292,1.286283872197568,0.969637852300818,-0.3335062498875627,1.2798862425736939
Jaumea carnosa,0.042386749106088,-0.0361836277935153,-0.0320293754509719,0.0095030714084582,0.1974479521301766,0.0028586857517538,-0.0339871031220913,0.2944200493337823,-0.0081324494335723,0.024041440029863,-0.0567953567155912,-0.0773685917351558,-0.0307028790875016,0.2510856705615498,0.0011922016749232,-0.6878245746652742,-2.1642476159938164,2.621105625992301,1.6246922814879985,1.517937455882656
Johnstonella angustifolia,0.0200304624495755,0.0838071564087281,-0.0595058332827962,-0.1191400073710008,0.0027885506189396,-0.1303149212881888,0.0688353068369609,-0.0527760647627411,-0.0530302499865489,-0.0938861242983268,-0.1364137378196861,0.0206594244221657,-0.0573560013841126,-0.0136988747319076,0.0986436718725698,1.4003807804197737,-0.06725253647445747,-1.6001152447801332,0.7261907864337539,-0.6950228118599691
Lachenalia reflexa,0.1647919172751701,-0.069768659447675,-0.0635728892456107,-0.1011396062210634,-0.2163589599457,-0.0610146860769278,0.0281084945265368,-0.1404899510379174,-0.0040490318950361,-0.0360208292065905,0.0308608737438693,0.1243637310044611,0.1332196037177576,-0.0146962904017748,0.1444216140819488,-1.427076239487657,0.6290562952660448,-2.699593188937052,-1.3734404164628897,-2.1995773482078445
Lamprocapnos spectabilis,0.0112968807346555,0.0671674798983335,0.0704697675535255,0.0463562564602856,-0.0814501682666075,0.0695411697246395,-0.017471594005625,0.0441048447287237,0.0427541735284563,-0.0060736128258117,-0.0148808523225525,0.0609292469602803,-0.079638982849566,-0.0588948719608954,-0.0762432455864278,0.368867834570615,0.36187697240086064,1.0631696038510974,-0.6782001525424379,-0.4693347657981287
Lantana involucrata,0.1761505927480502,-0.0346986965709695,-0.0935415379913815,-0.0547543375024388,0.2616476266096129,-0.27440595607613,-0.0086198708574652,-0.226281398491318,-0.0044883862457821,0.2440099727496905,0.0268074282789935,-0.0897011618658051,0.0540112128143384,0.2139981371698161,0.0348690654177049,0.12216772510782502,-0.1706218321733952,0.33876088357081946,0.9784867890323392,0.3633621099972054
Lathyrus japonicus,-0.0499390192634356,-0.0078882669150754,-0.0162187746146419,0.0368867721032168,0.3157160822085742,-0.2525475864859264,0.0430355787614401,0.282826398751568,-0.1571337865982509,-0.2153304777824615,0.0565975351178276,-0.0081636018167159,-0.0089042595903985,0.1530239614538931,0.2059042208769196,-0.30475393685090446,0.13042429017959656,-0.48047442875327107,5.601987091414164,1.1700296288799825
Lathyrus palustris,0.1447498322276224,0.1532253134290847,-0.0143617499224071,0.0686723803668326,0.0034510652330814,-0.123587707040191,0.009312200002471,-0.0470577583704845,-0.0295969298603972,-0.0800651991635029,0.0872377201794531,-0.0619025570655949,-0.0807586310765592,-0.179495161242709,0.0038362344160486,1.9750410055513916,2.486135994486739,0.1537965469267577,0.8414257861753427,-1.3856250503094287
Lathyrus pratensis,-0.0772514401707824,-0.127206506327736,0.0049783228683327,-0.0256649478397083,0.0756100851260175,0.0549409305126989,-0.0218214538379756,0.043707805949508,0.0344984475164259,-0.0052348348244341,0.016324422015943,0.0164940901907857,0.0234912949618933,-0.0203679658262163,0.1470527260739367,-1.3417170160560925,-0.9815627439827047,-1.0284734644811615,0.9835623341749717,0.7102465159406198
Lepidium campestre,0.0502288590687198,-0.0223119624482588,-0.0038566927907242,0.1619690918365291,0.0903170492743263,-0.0112546868268639,-0.0507502036250275,-0.0067509818076616,-0.0762364904157432,0.0900860408074233,0.0386660532617864,0.0485531082219886,-0.0623344771892488,0.0092475840629713,0.0338344593234537,0.1385155198223188,0.003338076065078601,1.3888441913190335,1.3250241021581226,-0.46730152744306785
Lepidium fremontii,-0.0533390074168833,0.0340659869505982,0.0335407210102176,0.0231852248562707,0.040768337391603,-0.008061398385937,-0.0110350269355947,-0.0208808650574783,0.0160891698192527,-0.027553919966571,-0.031513292671644,0.0378062888671426,0.067201481330757,-0.0163794989991577,-0.0813861775642966,0.21169806041051878,0.35637495504310307,0.025147151264906128,-0.7675292610688561,1.2146130971080054
Leucaena leucocephala,0.0226641865607559,-0.0087188311215963,-0.0080656591111073,-0.0414107967611941,0.0324717090623849,-0.212419698033638,-0.0570548360694654,0.0452605421987575,0.0298658222494368,0.0283886643576848,-0.0980186054854807,-0.0155458334769312,-0.0730989016347942,-0.4350622853544921,0.0218376741997916,2.8077136369405578,0.5727185185433232,-1.7815296953315263,0.5064222564812288,-0.06684452208222233
Leucopogon affinis,-0.0157722432576961,-0.0679014825557087,-0.0417395482352052,-0.0455536786411296,0.0374466210877139,0.0180363345548561,0.0252547742602225,0.0251393593575055,0.0435118584599411,0.0389813323163423,0.0464772452872913,0.012510861835936,0.0464958607719751,0.0094685181673475,0.0503960817502539,-1.4493791364483992,-0.6387953469933222,-0.7940953821240313,0.07139875390133377,0.47118990269301275
Leucopogon microphyllus,-0.0053033394886115,-0.0532307452387772,0.0404526061251404,0.0576656020485015,0.0882543124886945,0.1352785793253273,0.0780070634085813,0.0561118342810903,0.0199255609431878,0.0349277103026111,0.0968071482663069,0.0731695181575972,0.0738077966740675,0.1282652936254916,0.155243641348162,-3.4777927048702395,0.2562072476041321,0.37263267475306916,1.0450634456483368,0.4126003244872223
Ligustrum obtusifolium,0.1958690757664209,0.0844733066532646,-0.0387114798199598,0.0163425339253525,0.0118576126778172,-0.0073396606593997,-0.0598873410176375,0.0364886499510034,-0.0505951319183029,0.0046228004686794,-0.0458138662984491,0.0264824744750481,-0.0077743065790798,-0.1001455486279097,0.1095361796091536,0.6411155341547613,0.7203010596748513,0.6712848015975824,0.2678483505750595,-1.1655904877487524
Linum catharticum,-0.0236857042619235,0.0118846879699955,0.0083543409887867,0.0482380444548482,-0.0282129845328549,0.1040432699454774,0.0647546319202112,0.1949549787009636,-0.0678647939177034,0.1332030316528793,0.1251041146792637,0.0445593072494659,-0.0094697325359123,0.0995003417467481,0.1289841574264074,-2.9208855827489195,-0.9592697363790552,1.2091133003657641,1.8741754860638742,-1.229248144225864
Linum lewisii,0.0493979937049593,0.10379517945214,0.0984234983426578,0.1267483372180956,0.0480670650037494,-0.028493302107373,-0.0182704606358079,-0.0686395070604655,0.0242256749431319,-0.0620459933635106,-0.0428026446416969,0.0139609559941546,0.0123720304788967,-0.0541574356083667,-0.1166278898639493,1.4072223186820627,2.045687583700483,1.3017016337805274,-0.8651760810780362,0.7671415357738536
Lithospermum canescens,-0.0330955693450629,-0.0138791762981436,-0.1037190418218987,-0.0130419572890889,0.0722310723052043,-0.0024185898624674,-0.0254859788442762,-0.0193901454329818,-0.0126497784102684,-0.0099902052583001,0.0011353178973066,0.0017738029057379,-0.0081855749172401,-0.0212572755653182,-0.0451132034522432,0.5008029427066346,-0.9023288130388736,-0.4963296431341065,-0.1466838111740882,0.7986043192773771
Lobelia erinus,-0.089540504266267,-0.0038835547360087,-0.0556623553366295,0.0099381735445727,-0.3019787713376261,0.233069813909291,-0.0149584019243292,0.1078178292347496,-0.0427492768209098,0.2131974950665308,-0.000191831919395,-0.0606818767007128,-0.1055433524956751,0.1226251351821471,0.0250296210154366,-1.1709947047243934,-3.637649031811089,1.9115787641883084,-0.8209720614478158,-2.704488521779654
Loeselia glandulosa,0.0461079708170991,0.0659667793461984,-0.0477898994409442,-0.1049628233202442,-0.0866340112206796,0.0290373536138892,-0.0463299188916465,-0.0343936415235843,-0.0506544377698648,0.0101132968361739,0.1017505605995415,0.0831827333152858,-0.042230477718343,-0.0592426931716844,0.0669882838477175,-0.22612439212630717,-0.3047726324737043,-0.9152610719363996,0.4991243754755739,-1.7537056407114249
Ludwigia peruviana,-0.0675615050398695,0.0023905593859085,-0.0026327088013561,-0.0049447260232671,0.0538857203873431,-0.0599414827791543,-0.0815646976525943,-0.0688638611868856,-0.0848218383281524,0.0097936943850574,0.0249899316758,-0.0327861403447807,-0.0152959804487064,-0.1973466268523002,0.045358898824116,1.716906253878917,-0.16211051187583664,-0.9901771261786261,1.133002247291581,-0.06399962148682531
Lupinus arizonicus,-0.0978052005975647,0.1922127993320676,0.0219257150255009,-0.0366091884183882,0.0878046783654001,-0.0821107803480024,0.0897717084339289,0.0964191988345376,0.0423352467156006,-0.1469708501180884,0.0403154548784384,0.0001677764167157,-0.0364956607815446,-0.0938901778488167,0.0151445652416675,0.20922626910331427,1.674425059858404,-0.7894540054296548,1.3551303484001063,0.6801267626076499
Lupinus havardii,-0.0971619269880382,-0.0276892128487104,-0.0215338238623527,-0.0090691292261535,0.037325504834601,0.0094937941037461,0.0320118052833525,0.0006357801515227,-0.0900618822957795,0.0312696356138416,0.0159111614136271,-0.1020712995166505,-0.0329566320166279,-0.0102984853066964,0.067330801275796,0.434474617118684,-1.255088152534331,-0.24878696872229733,1.4336344297032315,-0.08214591743441942
Lupinus microcarpus,0.1278127216602544,0.1389467600651849,-0.0743447582160595,-0.0068148391160041,0.1934736251172989,0.0289295373813306,0.09811706124395,-0.1265115904757149,-0.0143086864624387,0.0397880623451313,0.1674028088730148,-0.0186028369034583,-0.0522184975987219,0.236609665308734,0.0696462460041481,-1.516065018032444,1.0746510347447609,1.1053808636999782,1.5847335262652342,-0.3680232774061095
Lysimachia loeflingii,-0.037196987397065,-0.0144154044250172,-0.0273046999020303,-0.2067673165499568,-0.08817961941371,0.0063839067416867,0.0397749487969217,-0.0158005432962942,0.0218134934382165,0.014288764818201,-0.0192399843068935,0.078641901974652,0.0384266103580294,-0.0374753110968975,0.030998961287557,-0.8363373118707724,-1.094013187861547,-2.1095073138037086,-0.644765930070306,-0.2656059423810376
Lysimachia quadrifolia,0.009095174632628,-0.0639135789608313,-0.0602592939555069,0.0876960920999353,0.0048838236650109,0.0854321261318513,0.0459252900310381,0.1005978889012843,-0.0090836135576929,0.0510009881691826,0.056240834803669,0.0393918688913658,-0.0027302500814526,0.1693120561864337,0.06155746143562,-2.2430311831665297,-1.0598241490732043,0.9288489794281483,0.5397457413574518,-0.2933585917796265
Malacothrix saxatilis,-0.0957572904477698,-0.0123414792325063,-0.0859623048967853,-0.0274672939224049,-0.2442077789549722,0.0597632612703631,0.069581170520313,0.0457445689220526,0.087528285923172,-0.0091660672811588,0.0833827569983357,0.0436200182156783,-0.0331168156104337,0.0359995262138397,-0.0534543796115315,-1.5403329405146247,-1.0718995542848886,-1.0482197014396495,-1.4314785566125423,-1.26623298628688
Malva moschata,0.0821785009314928,0.0892532609904173,-0.0051384497414246,0.1574834078154275,-0.0936628530629344,-0.0756618198696971,-0.0969288406172516,-0.0243758256827334,0.0744866410541163,-0.0074473303011972,-0.0596084177650768,0.105705420712191,0.0722211830310593,0.0169510864301761,-0.0891813213849235,0.2923103561690313,1.3514550482672134,1.133504479935326,-2.197905735499503,-0.3750369226899535
Malva thuringiaca,-0.2667747484548493,-0.0699021089917447,-0.1891476583381511,-0.1218929699709976,0.13040266273436,0.0694873754337225,0.0301659960065028,0.0689919480513923,0.0716780697437395,0.03884781067411,0.0587534067071576,0.0744086811052593,0.0599162545525781,0.0507138702922157,-0.0059638562639843,-2.4542320893911596,-2.681598843070503,-2.2309744218825522,-0.01846218760537051,2.3326414172386776
Mazus miquelii,0.0318626071172803,-0.0474291333999165,-0.1090285524148526,-0.0557817741220122,0.0338050346593318,-0.0652109247407318,0.0143028881267554,-0.1244854978963407,0.062019680838965,-0.2254686439619368,0.0641722269813416,0.0254699028716779,-0.0202672884912718,-0.2239633312306614,0.0611229666616684,0.9241396665867505,1.3848908591731601,-3.3445258478718265,-0.07129401270465519,0.25329308851829296
Mecardonia procumbens,-0.0158628324599766,-0.1576724826159473,0.0808167557112071,-0.0535524936235532,-0.0205641978004529,-0.0293809248655215,-0.0414136710995454,0.0052385283360665,-0.0545901590700079,-0.1312126339264597,-0.0378213489129984,-0.0342577060686901,0.0528948790423588,-0.0149466278876379,0.0018172781614573,0.9858491141056686,-0.802977769541562,-1.0386670599096066,0.2762239235082304,0.684533705411049
Medicago lupulina,0.1298179477422534,0.0316208552345776,0.1299307126518551,0.0893777306869752,-0.0769344225254882,-0.0445480535076517,-0.0183909769787806,-0.0079770665860639,0.1055423139806723,0.0158616334875203,0.017858235561955,0.0892755429103005,0.0355956052207228,0.0476376842907477,0.0265383101218425,-1.098721459617053,1.932370641710912,1.0488895157758333,-0.7147485943237077,-0.9247828425340585
Medicago marina,-0.0872042907101805,0.0880452017349241,0.0244301435388692,-0.076750146371522,-0.0420085543657937,-0.0919683641187557,0.0605285081869915,-0.1236595144350714,0.0240569339721285,0.068678713055339,0.0332181665322032,-0.0539165941300322,0.0087262172106495,0.1269118016979742,0.0779876485853205,-0.5473993967707907,-0.020784849845145684,-0.5835333651527922,0.5187297477025873,-0.9449921224745096
Melaleuca citrina,-0.0028095207601947,0.0310882670325797,0.0186234990177544,-0.0095982766586176,0.1287954117593672,-0.0535672581141056,-0.004600789730744,-0.0278413680757582,-0.1049935252239519,-0.0897848497824536,0.1154694240670088,-0.0658670540112208,-0.063643369967822,-0.2011510556893699,0.0084974606867771,1.8376203679627752,0.9122043598683377,-0.783122030153581,2.1667786656300403,0.2510003732651492
Melastoma candidum,-0.0717157350623216,-0.0614550419037955,-0.0844605350126719,-0.0679025691165017,-0.0977471686985745,-0.0050524591701852,0.016812461676593,0.0034639807431995,0.0651908803787131,0.0686057802503222,-0.0354623552002392,0.0697174447196673,0.0765089181294837,0.1052444130088498,0.0709087992478077,-1.9504526740310404,-1.5785217197957395,-1.266074270330689,-1.0363421324054927,-0.3058424644656971
Melastoma malabathricum,-0.1283608449796201,-0.0955276903782157,-0.0605029910129183,-0.0442527982244162,0.1521358287625421,0.0762013088026933,-0.0079985343096513,-0.0718825549432036,0.0460092628716356,-0.0458571971952706,-0.0055145061770171,0.1326305541688063,0.070485334676731,-0.065722585719131,0.0069442648459507,-1.0740623308162607,-0.6113302641444552,-2.064058180103763,-0.42795318133502935,2.3200036018822803
Melothria pendula,-0.0739909963285608,0.0184207510483716,-0.0404137890820938,-0.0142253971947508,0.2449934154861972,0.0633018037660276,0.0742788666813108,-9.71644812995214e-05,0.0683703114319843,-0.0916733906879567,0.1098872298367451,0.0880369591379151,0.0806126119092131,0.0167863678079003,0.077137385601186,-2.396922543507707,1.0785639059980439,-1.269659092379035,0.9551995196958148,2.265323266714609
Micranthes petiolaris,0.0592561605492724,0.0198279589659513,-0.0336779952813468,-0.0217200884966809,0.0646974921823327,-0.0952060648375034,-0.0371018931581011,-0.0342582157213751,-0.0286225551523992,-0.0597027080743881,-0.0306334642645786,0.0181530048554453,0.0156826124626629,0.0183512997140218,-0.0767922139229542,1.235662744921662,0.0742129455264296,-0.1343163082812619,-0.17965831805537374,0.6172916569075821
Mitchella repens,0.1290671169767236,0.0707095621501833,0.0747787796128301,-0.1259480112946863,0.0684164851643065,-0.1734491349917437,-0.1721426100555303,-0.0673433512118362,-0.1586969000108038,-0.062530553344579,-0.2346141392685199,0.0251168142578038,-0.0268426684978946,-0.0763847215070571,-0.1373293811105448,4.844103439919921,-0.573970981430869,0.5116419028525353,-0.0874816122439455,0.5010290256067016
Moraea flaccida,0.0153877011264545,0.0999922242150613,0.0562917254681277,0.1913227891577975,0.0986461938135532,-0.1423983235471915,-0.1211375506718534,-0.0930051871925709,0.0066537214061879,0.0483810047696682,0.0644382369541507,-0.0554053594928563,-0.1483830431336109,-0.0318122509115982,-0.0920825018513665,2.5146455707359023,1.2791518918812848,2.0965527880374566,1.1475678322522556,-0.4564129512040485
Muscari armeniacum,0.0626714948254571,0.0494067026916281,0.1874296681979254,0.0898634589737795,-0.0470859228519665,0.0657581228491577,0.0248274046078955,-0.0079548187327066,0.0815838048231849,0.0060891289587359,0.049120507463995,0.0120842230868189,-0.0046762024939141,-0.0436803566256036,-0.0119611685927216,-0.6127680391960686,2.0081435078672025,1.4030861506177141,-0.380363157458373,-0.35983005257905604
Muscari botryoides,-0.0195725813582347,-0.0394042140106786,0.0166263156834083,-0.0589508098563986,-0.10028983254803,-0.0243539639175565,0.0206832909079735,-0.0740178134996371,0.0215566464670077,-0.0164596385735585,-0.0367257232714057,0.0140500959819372,0.0292787057467178,0.1050395908209682,-0.0124741921100265,-0.1952449137684852,-0.6707994914271083,-0.6518599011863017,-0.8736423354995488,-0.34651783957740395
Myosotis latifolia,-0.0121528030484754,0.0697676926729528,0.0459940207587648,0.0523232700795104,-0.0918044428310896,-0.0340781544468835,-0.008533752367742,-0.1096788175358973,-0.0443805528746522,-0.0483790245365676,-0.0001814263603993,0.0068981117029862,-0.0119002462927072,-0.0141043836910276,0.0045290516617703,1.006814478849215,0.7903527519788036,-0.04279989377971106,-0.13110845981434635,-1.0572668108608878
Myosotis laxa,0.0649098770760007,0.0359317500317252,0.011944839647182,-0.0360148280009013,0.0117563815778575,0.0326127377909401,-0.0675489373308716,0.0408457800971067,0.1129820976380519,0.0868121028619048,0.140559869325611,0.0373687474110619,0.0234580507480841,-0.0259344083552369,-0.0750943983790936,-1.2149567064791909,0.3566714691218217,0.6559704203126316,-0.7089527365522581,0.15676208539388825
Myosotis sparsiflora,0.024024676065123,-0.0889305651080308,0.0063925322588641,-0.0483123285798991,-0.0551638518483589,0.0461640871322685,0.071945475336696,0.1406238382950502,0.0922640030033245,0.1358566058940258,0.125163815417084,0.0603477519859014,0.0580417674861792,0.0608810945195866,0.1662206506771711,-3.966212839228176,-0.5322451621291208,-0.47829386091703563,0.6338908543099299,-0.8862032819030815
Myrica gale,-0.1083515131701593,-0.0072231984848555,-0.1467671478014488,0.0480298455457084,-0.0715946721515944,0.067844836451483,-0.0384193912413844,-0.0865411253617072,-0.0403651632346935,-0.0105270107965137,0.0799932853221868,-0.0752173170020375,-0.1199219342513912,-0.1258155315585534,0.0332755493240809,1.1525240845935898,-1.2051070231374315,-0.896079507813145,0.2814930655434854,-1.1486179701301318
Myrtus communis,-0.1080856287271657,-0.0404996039544312,0.0463367878726024,0.03009837425353,0.0702262432584634,-0.058200002140261,0.0074321061319757,0.0612230124937562,-0.0257363928801538,0.0443262585934382,0.0449493888415281,0.0097694453018133,0.0351035713280643,0.0122447134529103,0.0266857896606554,-0.6973910285392062,-0.42058373890990775,-0.163507830514662,1.3094674006683753,0.6504252265147067
Nama hispida,0.0790500018080035,0.07954226553993,-0.019123435710076,0.0051450654185667,-0.0915350633241648,0.0847334786206957,-0.0184264255110788,0.0706090792966225,0.0346208133776708,0.0687050847451619,-0.0195387579629797,0.060405447168385,0.0242915780474848,-0.0108213240835454,0.0432023514893777,-1.1153436320291426,-0.035189010643643034,0.8592784288598253,-0.9939135899061219,-0.9645866612561222
Navarretia heterodoxa,-0.0393350859624019,-0.0620040945076992,-0.0704166070276457,-0.1133587412102559,-0.0128009686894667,0.066001136155409,-0.0790775696080236,0.0266212885449178,-0.0426060265598629,0.3083922548873951,0.1066350848935397,0.1131555042090829,-0.0743637993384617,0.2992776062716439,0.1224779712017807,-2.8745266777164415,-3.7170807159440837,0.8589385473121018,1.6094037665012506,-1.7640112762149307
Nelumbo nucifera,0.0132778317075117,0.0061133477411437,-0.0009924898809878,-0.0333537277917921,0.1266594288640649,0.1466099786789415,0.0263187520500097,0.1091720701101422,-0.0218056474215465,0.1324755367646474,0.0422350679864985,-0.0681214874879825,-0.061656020659343,0.1965645295131366,-0.0286554104144606,-1.1999411048359527,-1.8995106815025082,2.3850291664808276,0.9755829722754904,0.6811096046743207
Nicandra physalodes,0.0115641512109616,0.1120219079488597,-0.0924891253325616,0.0588033909907012,-0.0986499655077302,0.0054407880043734,0.00756809529051,0.1009055113082471,0.0506678138863225,0.0496776601764207,-0.1239016327041559,0.0833644582985968,0.0384973443239821,0.2281363272790303,0.0323071704058634,-1.5240317335034523,-0.8552271551123469,1.3620950395867595,-1.348999203621387,-0.7401339705739617
Nicotiana longiflora,0.0410479535774859,-0.0158580001392456,0.0182200659905097,0.1456360442006756,-0.1810359133937613,0.0064262478620842,-0.0200146775310023,-0.0241907916467986,0.0624846579248881,-0.204218673848546,0.1158983434425176,0.0329877335005368,0.0275441336310132,-0.0464609567433937,0.0647194849532823,-0.535321205857211,1.9658339823578344,-0.7382658817162923,-0.6348571125297777,-1.434369259685139
Ochna serrulata,0.0286347803473078,0.1694570154639758,0.090971644916815,0.0525192239078672,0.1281164017089979,0.0302110269798564,-0.0669383309547655,0.0211351742039892,-0.0767067955596611,0.0048390540919991,-0.1515143839615577,-0.1628089289549639,-0.0764731533712918,-0.0414316083856519,-0.0119726557343395,2.9635962775489912,0.1458069111384569,2.7992615618325503,0.7577404480857051,0.5329925161785152
Odontites luteus,0.0763689209518137,-0.0341608009236788,0.0990697499881384,0.0411714199350557,0.0759635978506333,0.0256635429448389,-0.1305593106921578,-0.0094440526705677,0.051077463593515,-0.0116570987403275,-0.0433872299665814,-0.029220593293156,-0.0112301246889974,-0.081254614760434,-0.0555464850100439,1.369838472718576,0.3402312644797014,1.2567825070465903,-0.48632280254155197,0.9343388776064377
Olearia lirata,0.0445082642881003,-0.0566998148315682,-0.0811960150088386,0.0180260916256743,-0.0049968177492242,0.0937725655042295,-0.0178118962854067,-0.0109354856121539,0.0875552649696458,0.0372286316641281,0.0090770234229344,-0.008491610572737,-0.0201974709967435,0.00049962380738,0.0244877519318438,-0.8071875271286078,-0.6811320235102712,0.13446614252337086,-0.9720968769164162,0.01968641228119193
Olsynium biflorum,-0.0689285038022654,0.0147241818440016,0.0504071748948133,0.016258863590537,-0.0564638725797443,-0.0502885084726,-0.0538356575830977,0.1157354595391362,0.099416606150956,0.2109535722692403,0.0221544437924258,0.1269693529505751,-0.0471638637660994,0.0602426802956651,0.0412108475816679,-1.895448122469218,-0.9421612711425087,0.8299310044437219,0.4323244206024272,-0.9605041777566662
Omphalodes verna,0.041853832200174,-0.0291029158858187,0.0199111658342399,-0.0329550068729678,-0.0246609786305897,-0.0383175312395445,-0.0804844823666992,-0.0207136327524932,0.0084864883924535,-0.0294421755504727,0.0096273699440358,0.0933250219090955,-0.038940809718683,-0.0378980480671362,0.0356626626826041,0.32776480034628136,-0.10281047832166634,-0.5995136237008198,0.303404923915908,-0.6280599917847476
Oreomecon alpina,0.0144043093195989,-0.0085018966428026,-0.0400239275251453,0.0246334254083722,-0.0213096782622631,-0.0126365070880509,0.0636217897568932,0.0526762542064857,0.0324515875041364,0.0184105409224488,0.0498033244325732,0.1040978583106196,0.075711632783242,0.1069532217253411,0.1156534624927394,-2.630869535506629,0.22320048973385795,-0.534228087061255,0.23062914834134077,-0.4782442274440995
Ornithopus compressus,0.0776145938726811,-0.0101538778269016,-0.1050932185588567,-0.0305655186637141,0.0028120495298254,0.1417262193852376,0.0061287708162634,-0.024546890849007,0.0873915083600855,0.0273051740392341,0.0072151780891208,0.0646394925333394,0.0919035245013004,-0.0838224488371382,-0.0023724202122595,-1.5058419869655764,0.047568398408790236,-0.5985272397551248,-2.1170443102773593,0.6863936583143895
Oxalis violacea,-0.0425537315535651,0.0311735702211087,-0.0569344668978206,0.040892106381251,-0.0417555715827313,0.0549324174116205,-0.0412221378922564,0.039699133207058,-0.0802550493519619,0.0047054487375544,0.0378466401627574,-0.070376733266296,0.0898503645188884,-0.0372124077026698,0.0803827476492713,-0.250217995302784,-0.5762534087719238,0.08526174777589739,0.1322345293026767,-0.40545074309446566
Oxytropis campestris,0.0010389956964949,0.0252621244689201,0.0463801804583722,0.1718488182710167,0.0524452438096836,0.0077140993657017,-0.0400325413817966,-0.0019288432338106,0.0538824133852899,-0.1945057229056934,-0.1901692157792493,0.0779572714188519,0.0403924622669556,-0.1620599840134508,-0.275121425752355,2.579352406212024,1.5164516628178497,0.724993046976535,-2.787463235768026,2.758090579582157
Papaver dubium,-0.1003039756625778,0.0008266793658555,-0.0082178608616712,-0.1556866006202377,0.0227253572753653,0.0369932592610245,-0.0597352424503065,-0.0862467076138078,-0.0177384993526178,0.0595537364718647,-0.0728458626094862,0.0060340845938251,0.0035646889385375,-0.1898584112878316,-0.0277021031167446,1.3369740540040154,-1.350564129317002,-1.4283524418674378,-0.604183213961518,0.7837889496374028
Parthenium confertum,0.02432115749661,0.0616421886469293,0.0451433466269832,0.0124533680777614,0.0766339844311501,0.064501840650418,0.1446989534220714,0.0175893282677462,0.0692240944327602,0.0057827879923067,0.0213027405329384,-0.0252606540149439,0.0569462105341806,0.0242832199059573,0.0030127382951709,-1.5636793491250682,1.2764527839441404,0.47308310171606865,-0.31515462963814206,0.9922490303857765
Passiflora mixta,0.1030707917983521,-0.0302924470713752,-0.1020377600368182,0.1306639604005414,-0.1914138823574208,0.0924484014634885,0.0773414207618111,-0.0280472846184586,0.1275542211136694,-0.0451102375707469,-0.026868794071749,0.0393739888004877,0.1133745305556908,-0.09296818996271,-0.0314193342738647,-1.390679549702853,1.2371771360160297,-0.5265741407752111,-3.552466225741781,-0.3926871421765869
Pectis multiseta,-0.0966704623437115,-0.0011946313765457,-0.0608845267928708,-0.0035687550840775,-0.0798594184505442,0.014774806900279,-0.0032520375533929,-0.0462964858961435,-0.0589242229367071,0.048065733794772,-0.0442958239339746,-0.0634961930145062,-0.1095915069356327,-0.0227747236046617,0.0455515691850171,1.1509313078902574,-1.711375271902015,-0.25228430063785123,0.4529714953090474,-1.1575985736338381
Pectis papposa,0.0755168083622051,0.0372976952433835,0.0120153815366451,0.0134058799021569,0.0289621114976211,0.0056542516019709,-0.0379550401264987,-0.0331207842752125,0.0139785917074746,-0.0062349640413444,-0.0245322514397483,0.0054483390074119,-0.004412267131226,0.0780365752891104,-0.0080687367887279,0.24686715469271767,0.13999460326028554,0.9259344910832192,-0.2971034573661712,-0.009489387437341037
Penstemon speciosus,-0.0291867966969407,-0.0257180396386798,-0.0836671683611068,0.053951621320333,-0.0514493281759774,0.0336203256927736,0.0031006150842221,0.036019265867905,0.0185413194351388,0.0230210370516866,-0.0137353573722117,4.5343186100069744e-05,0.0331600561166297,0.063148947863767,-0.0792249143801601,-0.45113692204060984,-1.0434996333622861,0.38673231489025267,-1.2445592447913838,0.32017239047698937
Pentanema squarrosum,-0.0079740928148767,0.0794881929322692,-0.0850880813298019,-0.0745917662030342,-0.063498380964278,0.1182335296995399,0.0263891252498714,0.0391753756267775,-0.0259264089183496,0.019015862349791,0.044721711003226,0.0587977452300557,0.0596376766027577,0.0580309259642969,0.0829081153353233,-1.8420781180044425,-0.7542661523368824,-0.35616644803315994,-0.31965446944869025,-0.6923277078481598
Persicaria nepalensis,0.0365074968899319,-0.0672585201452253,0.0196073701534919,-0.0302574132639468,-0.0612960228824933,-0.0051541923155454,0.0330248895673691,0.0027607705824897,0.0146653552576224,0.0376638634043941,-0.0037496685937928,-0.0939041302356914,-0.0388371999871018,-0.0641020121371071,-0.019124341641316,0.5966804545481117,-0.5699638531561629,-0.05535490961000385,-0.22644775348705892,-0.4158525722570014
Persicaria pensylvanica,0.0133490960266345,0.0416020744173254,-0.1020535207276703,-0.0086813810843886,-0.0749287176878056,-0.0132642676299665,0.0171819863468623,0.0006931244488797,-0.0129609390588319,0.0236094035248352,-0.0315821281478378,0.0315240330152226,0.0996177857443639,0.0635304541543484,0.052436855796308,-0.9857578678352877,-0.4699989874092776,-0.46188230923169754,-0.9601428205949588,-0.5386318262511651
Phlomoides tuberosa,0.1393283915490604,0.0096521446906261,0.0180828569783019,0.1400044165676699,0.0567050746477685,0.0153951390654582,-0.1049516217074905,-0.0295892056813104,-0.0257745630689994,-0.0464959152439202,-0.0868850300682768,-0.067932213648274,0.0121240704693591,-0.0375858285679171,-0.0734301272961583,2.0665846277427335,0.620222017143083,1.9482103662445998,-0.9472882699135539,0.5766575555319893
Phlox diffusa,0.0956689452271031,0.1673569748660106,0.0656403016100899,-0.034444905860943,0.1034119343027182,0.0156187253367191,0.0036486119927986,0.0433189721125623,-0.035690456145748,0.0758075130980743,0.0639803739596818,0.0633310580247037,0.0410970268780038,-0.0208597006645691,-0.0053446436866259,-0.6819760474767654,1.24250177478654,1.2287836346763816,0.6878150033761865,0.10860415640165261
Phlox longifolia,-0.0393524309082467,0.0383387706022884,-0.0184946602816635,0.0586595654419264,0.0079701661866437,0.0680928771624545,-0.0136152850140942,0.0248423230263485,-0.0083957967825002,-0.038447402308185,0.0354850388663167,0.0069849053498649,0.0180652004310494,-0.0753842689671265,0.0770391070599858,-0.43527790369694935,0.3290350089232538,-0.10967990241269585,0.3001076664455694,-0.0658647627090334
Phlox roemeriana,-0.0278641017367353,0.0513579734075355,-0.0750057914033887,-0.0501896981959502,-0.0401515339494843,0.0615251479656782,0.0042558158110779,0.0026470448804854,0.0697681003174999,0.0703299502059929,-0.0285185400417699,0.0019393010364181,0.0423555768191013,0.0597652910630793,0.0239009059191043,-1.1499243965364168,-0.8968642559082032,0.03050476141541033,-1.2051287813506542,-0.026747115192730833
Pimelea serpyllifolia,0.0713870902868268,-0.008649433983038,0.0063312811688253,0.1324869895723917,0.2284211393825417,0.1649371227622448,0.0442497768384519,0.2120512876523352,0.101384292756431,0.1489858940957047,0.271400770293457,0.1163057777736861,0.0888441612407493,0.2034083966578047,0.0548126311374763,-5.516746901980805,0.7594300572686257,2.390819007418923,1.3303751487837674,1.3100298340618386
Pinguicula vulgaris,-0.018089100589817,-0.0523667981917024,0.0460675052093005,-0.0690422232276167,-0.0542253439641231,-0.1696156198405864,-0.0707624670420402,-0.0668544173309184,-0.1419287019252917,0.0206691448895307,-0.0637968569731524,0.0715604020305028,-0.0732450900446967,-0.0454607357325623,0.0256839240463626,2.1054106312755185,-1.1541577939385068,-1.100555285738037,1.4233627482176385,-1.2741129568885499
Piqueria trinervia,0.0015665216281939,-0.0245064944590499,-0.0213380748536017,-0.0728458322981318,-0.0553262280709629,-0.0760562699771306,-0.0431101018765035,0.0331546441656638,-0.0449902852758847,-0.0140147481437353,-0.0850500370968353,0.0110770246116429,-0.0359474146784456,-0.0275040518478897,-0.013949569673232,1.3169776377267455,-1.2897820337122958,-0.5412565472098125,0.055173272351504314,-0.41342355566756345
Pittosporum revolutum,-0.0377111162757922,0.0551243293419284,-0.0181402747189547,-0.035830304186972,-0.1061963226311946,-0.0551817504931907,-0.1525690780059099,-0.1190418518317988,-0.0319188565985627,0.0009876306606723,-0.027745931998301,0.0640159606864734,0.0135646900053345,-0.1301959240017653,0.1049013145057612,1.1939393161449534,-0.17443184355526795,-1.281134791050564,-0.22559766447625643,-1.4667692646328687
Plantago media,0.1755159587102248,0.1354857477559756,0.079717418962476,0.2121745461121954,-0.1414871998048603,-0.0709250561707423,0.0333500032367777,-0.0614631699426826,0.0131568172999367,-0.1094879243150947,-0.0103607001498979,-0.0606690709939011,0.0028207754655343,-0.0417106783220942,0.0221793209329917,1.1644697035490013,3.24564755749942,1.4774344108222428,-0.7963432900149237,-1.868275292736215
Polycalymma stuartii,-0.0718632138197024,0.0627550834554963,0.018412858204818,0.0044243890636334,-0.0294199824632873,-0.0181319752937685,-0.0619249985296358,-0.0725195382554612,-0.0184087058107118,-0.0545618183105109,-0.0617758433021793,0.0022389092800505,0.0276092510008436,-0.0390008864507945,-0.0336761872122216,1.3125989584742788,-0.013936005490231433,-0.23761396986284442,-0.6669300802750275,0.24547340569788256
Polygala comosa,0.1948585739829676,0.0163332207062707,0.0803406749908773,-0.0138878992362767,-0.0167946901448774,-0.1244467729403078,-0.025978352282826,-0.0207685244531486,0.0341598658229723,-0.0910118664093847,-0.0178031115142887,-0.1158845680258348,0.0253345511411544,-0.1493763029135969,-0.0406501390796292,2.065556505738178,1.8542008758572082,0.14931213866197435,-0.5431134048449099,-0.1786831324223835
Portulaca suffrutescens,-0.0258465946085978,0.017283855637376,0.0743258674472401,0.026469381650862,-0.0475237804306684,0.0679298769877375,-0.0117243417385489,-0.001235322475851,-0.0782938068365621,0.138574870836203,0.0108075815043138,0.0946439206222688,0.0710956158983909,0.0604534887095557,0.0222416968691773,-1.2989627643545905,-0.5636826008410378,0.8646612484935239,0.02552448228519709,-0.5176214804296015
Potentilla concinna,0.0249944343476777,-0.0311232262227104,0.0703538731512694,0.0108313448390135,0.0035786343521839,-0.0362429052593988,-0.0285203199104191,-0.0578787940648594,0.0193422286604665,-0.0412403180458549,0.0549312196191649,0.0039915174671251,0.0014301997655427,0.04287720021651,0.0880782277084006,-0.29423074445500347,0.594516994831621,-0.2283971291111696,0.78404034960106,-0.5046038938332267
Potentilla indica,0.2165100201536794,-0.0940928252499799,-0.0920005057926498,0.0077989489748746,-0.1271831949434293,0.0976975757097477,0.1403473299162465,0.0641448496168272,0.0928700509183064,-0.0527026833937125,0.1238848322576063,0.1613741088167371,0.1280358446756339,0.0016693131359875,0.1721301405245688,-4.330913310161564,1.4347942009138228,-1.6338573433072974,-1.1177722641639283,-1.2794610477747521
Potentilla simplex,-0.0253202130887439,-0.0423218947525347,-0.0853419872619327,-0.0055293525311298,-0.0775382342867683,0.0867373204925851,0.015352880036904,0.0697075176372658,0.0973340644804924,0.0596839092137464,0.0730204431407124,0.0951842916189093,0.0514219208915993,0.022714292494095,0.0591249959852568,-2.7508458889459875,-0.7102398077640261,-0.688368885989285,-0.8987533494309925,-0.3330889186360491
Primula elatior,0.0587268228032685,0.0304616657362713,0.0752173625739078,0.081717709547755,-0.1755100755898605,-0.0204631884442428,-0.0883503196824511,0.0702550187717529,-0.031255492795302,-0.011240943716353,-0.0437200941335542,-0.0414375577141256,-0.0510080961816563,0.0629595145079031,-0.1510858088884935,1.7287161333505185,-0.5485199180708773,2.1832134335356828,-0.9736290212642953,-1.1101266241588004
Prunus mahaleb,-0.1309079802225315,0.0325223641392757,-0.0930590635787364,-0.1380591022356389,0.07139441325068,0.0111301676054167,0.0387082811307085,-0.0474901669906801,0.0401388285653384,0.0650860856704504,0.027169529067788,0.028037054657719,-0.0105552097457881,0.027926285647129,-0.0144607344005887,-0.7800699465304445,-1.3583929105747325,-1.3099570705392944,0.018952835338895673,0.824853011525295
Pseudo-fumaria lutea,-0.0159950209236263,0.061589502394544,0.0633789900467254,0.087312752757939,0.0327518799798159,0.0975161067353134,-0.0354159728758364,-0.0064046524294107,0.0195652917435693,0.0942930730263996,-0.0164345519496033,-0.1183641904881068,-0.0207613436266373,0.0100612013789713,0.0644815162868915,0.07073194567519407,-0.043639624335678466,2.0028232450631562,0.199191736355933,-0.15675018092321044
Pseudognaphalium affine,0.0406480135319308,0.0430084857654035,0.1170971665350935,0.0876056313416179,0.1359053740751219,0.1037826991146164,0.0758321149261017,0.092053652032108,0.0947227860947093,0.0771372847340877,0.1104675929703734,0.0579749701107812,0.0819345218592248,0.0252720290249604,0.0365504172953439,-3.0144735831856657,1.7854135132847022,1.4674562618618734,0.39827112429157757,1.1385785354775784
Pulmonaria obscura,-0.0544685802859529,0.0207436962848257,0.0934834754007376,0.2030049857639785,0.0433421373391713,0.01634564420864,-0.1213583164745508,-0.0248334568976594,-0.0344526158208366,0.0903807762017413,-0.1323813038102336,-0.0498988694109816,-0.0578435651680467,-0.0225153375167307,-0.175940113650376,2.56857587757582,-0.5313594493069551,2.937038614892862,-0.7924096483339643,0.9276424053937776
Pultenaea villosa,0.0587931566973568,0.0677115618987202,0.0313177727853148,0.0903432211712186,-0.1158881263879149,-0.1136772925547901,-0.0769972185851243,-0.1463271628347039,-0.08280131107339,-0.0464120866099072,0.0936467726652826,-0.0094776885134983,-0.0361536140576051,-0.0778351943781384,-0.0292324759213149,1.9963060927690308,1.3419425105822953,0.007842538256240261,0.26274852954906064,-1.9296929776178675
Purshia stansburyana,0.1295973508509815,-0.136998930277029,0.0774214104641558,-0.137350511819687,-0.036068376789653,-0.0264735474663454,0.0585377826111173,-0.0523068223486994,0.0007034570656869,-0.0344406441482731,0.0721039424389351,0.0354952912014406,0.0100546060841003,0.0673732853395191,0.0241566105536286,-0.8195854761084509,-0.04512103968709877,-1.1343826291807126,0.3977409153146743,-0.48771583014260045
Pycnanthemum virginianum,0.1752015610716983,-0.024784256354839,-0.0446128861006722,0.0414583086805165,-0.0344564162585395,0.0583155625024705,0.0481905744662148,0.0239923018649611,-0.0526554287200102,-0.0325840800881745,-0.0012692473920319,-0.0326572258695693,-0.0505881724826652,0.0099290967429981,0.0395026030617248,0.16548443530382245,0.046640910245871005,0.7392353409030902,0.08402787406490822,-1.026223131533085
Pyrola elliptica,0.0996241496537281,0.0069810272926341,-0.022890628312475,-0.1010740481910663,-0.0702811438739015,0.0718496281961555,0.0794931031141226,0.0253917211064519,0.005131240627769,0.0259603722330189,-0.0394193687675578,-0.0676628467467943,0.0405188577407689,0.0214521382775411,0.0821141192323832,-0.8145742883106647,-0.4919200757484607,-0.07863636724127401,-0.6239445332311719,-0.6642715098910398
Ranunculus kuepferi,-0.0991999842230174,-0.1161691917494603,-0.0484941064749077,0.1291205415382779,-0.0071079766848073,-0.0028945488798486,0.0129731333313085,0.0326451870047278,-0.0494129760263279,0.0091919696229026,-0.0446158904870173,-0.0670229554552482,-0.0432404371377275,0.0152877976510548,0.0431072057092753,0.3956362268995884,-1.4331351050112322,0.12341662076399286,0.6569107695735306,0.006523376371111882
Ranunculus lyallii,-0.0290889166579328,-0.0496255541574268,-0.0109705445595825,0.0605128108781666,-0.0546083085151607,-0.0129668447826902,0.042594524383107,0.0704188261546376,-0.0168436098098847,0.0698080720953271,0.0730918069345172,0.0588905411529389,-0.0625814481644879,-0.0532432276116008,0.0596386720722074,-0.9939266103783783,-0.3750265204099464,-0.3026893866013588,1.0547819861564947,-1.0945199721558347
Ranunculus trichophyllus,-0.0544692133720994,-0.0822765306290696,0.0129614684371625,-0.0295486933863393,-0.0350380906460486,0.0571689155850563,0.0224622159087376,-0.0158332261133266,0.0473985256892026,0.0310835657093743,-0.0354090255663499,0.0324363146987442,0.0402463564530016,0.0954643368990997,-0.0562921930913308,-0.9226769857486148,-1.1874170552549173,-0.13494129596035082,-1.128540645381753,0.7364126660493597
Ranunculus uncinatus,0.0289700250285061,0.0298785855013386,-0.0354321626789678,-0.0299505158697826,0.0205237458591261,-0.0627844110676999,-0.0844166381963343,-0.0324277361932792,-0.0734661723331908,-0.1214812297419723,-0.0593028806842917,-0.2066245139793299,-0.0686309954243717,-0.1189836768694932,-0.0613111806059075,3.8144132281258454,-0.5321809681368537,0.17152861571882982,0.21624735312991597,0.13973530281159385
Rhododendron canadense,0.1053151320389001,0.0009600586649787,-0.1010591815103018,-0.1208417229350883,0.2349357357092914,-0.0155913506156248,-0.0908145891497327,-0.0743702489315489,0.0024517633779237,-0.0552842132633545,-0.0660937771070126,-0.0215253352894091,0.011064351354421,0.0661638052090578,-0.0297942488485791,1.2427740675013272,-0.8066558656290934,-0.0548379226008717,-0.10589586431374895,1.8495468083259128
Rhododendron catawbiense,0.0305860756446786,0.0797311036791588,0.0860239083258428,0.1094431142860909,0.0345664427495998,-0.0011209086238101,-0.0218319447293422,0.0146297711699651,-0.0115057363292381,0.0933001837139678,0.0639570473729908,0.092997169410341,-0.0230158203919149,-0.0289326064604105,0.0411829200438474,-0.7325508819591594,1.168884712488915,1.261797426433291,0.9431942491959844,-0.6910053710072254
Rhododendron pseudochrysanthum,-0.1627418338004821,0.0195606790756084,-0.0787872095838056,0.0635733066201391,-0.089763806862834,0.1180814157616136,0.1494551380194631,0.0265825602769805,-0.0608743750543721,0.071929881678383,0.1668978575233563,0.0237974583272579,0.0303766159567891,0.0641276291546433,0.092625550441513,-2.9245336989396207,-0.6588693388486836,-0.6524970485883536,0.8165421897114171,-1.0200169678742563
Rhododendron tomentosum,0.0999452520438668,0.0603850871768462,0.0684024611725765,0.0681600915379002,0.0038556723807674,0.0349731716203395,0.11157655628159,-0.0323939493050561,0.0742077001484512,0.0759352001611091,0.0157187518488139,0.0550022159349679,0.0756448415373051,0.0204960616396073,0.1334568845240448,-2.367271967872463,1.992732830842024,0.48504995004675283,-0.2724346120832422,-0.5596948874703852
Rhynchospora colorata,0.0031359692116037,0.0028327140813733,-0.10153185096495,0.0383804281993438,0.1234908039839145,0.1048539612248352,-0.171564793783955,0.046631839438132,-0.0604245342349983,-0.1435954608566175,-0.1201973779914952,-0.0128558174986231,0.0557998155557002,0.0567213422729063,-0.1046150242804929,1.7334636737594233,-1.5248941491205228,1.1544072808822432,-1.127172479937926,2.144029504054191
Rorippa palustris,-0.0334492589555328,0.0669723978285414,0.024383928276134,0.1439393844329208,0.0444052051136358,0.1202515226994268,-0.0203095011920996,0.0633805047692353,-0.0485433214049939,0.1263948716806807,0.0245089214287883,0.0410024727393245,-0.0180161307775066,0.0862968049675072,0.0593223865246892,-1.2912725564866305,-0.3955200744691502,2.234921131119713,0.8106335781500688,-0.35718885518493615
Rosa blanda,0.2043522334502007,0.1179250930813597,0.035224324644562,0.1196352821564472,0.1940856633988614,-0.0691255896403755,0.0926484801290329,-0.0445400793527939,0.0536421854807562,-0.0831182451546851,0.0713144883389778,0.0265023980769022,-0.0496674135277164,0.1082870599943702,-0.0128526466614645,-0.3211007985379218,3.0678831424975175,1.5489433209289345,0.9187134631789036,0.4070481976629039
Rosa multiflora,-0.0059688369287105,0.0102582537060493,-0.0275287653379834,0.0239435705343284,0.1056206278372028,0.1653095778996277,0.0290994055219635,0.1926636489532757,-0.0655156208073442,-0.0024076070224655,-0.0811227856638922,0.0530959658663731,0.0256218146862554,0.088480000853831,0.0032737625632113,-1.1584866595380439,-1.3913902635864288,1.4819778403304003,0.2925661661494859,1.3576343004872289
Rubus chamaemorus,-0.1484555562166021,0.0251642169581852,-0.0776216472744846,0.1734057461835284,0.0218459187843983,0.0055647988369687,-0.0147727764964318,-0.0796075049339998,0.0244406774713407,0.000820036303175,0.0202984350825835,0.0610976972897459,-0.0002967361683236,0.1168161983984674,0.1015043117563244,-1.1384497673960423,-0.059881354174225326,-0.03861650863574397,0.31935433059419166,-0.19460961804063842
Rubus odoratus,-0.0527009870526022,-0.0072912914521752,-0.0120170645300531,-0.0824449647626856,-0.0573954968696642,0.0899666119425883,0.035645255020434,-0.1372102820910495,0.0327011256153658,0.20502960047007,0.025735806068919,0.1039890445278346,0.0812966698656566,0.022461775278861,-0.1416160314332245,-1.4168399738821793,-1.0243772274568148,-0.35109942885166423,-2.201340625689316,0.4667451310228421
Rubus trivialis,-0.0449266773468056,0.0443049038408706,0.0527848257896821,-0.0366190438891841,0.0748705518951556,-0.0015433168395217,-0.0515044906558825,-0.0613414412161212,-0.018284616404792,-0.0013976879733284,-0.0926527363170847,0.0235941021937659,0.0060133137874044,-0.0415964142278526,0.0030922443908397,1.0575063629185504,-0.17709687424549092,-0.00784282658309069,0.022533308788344572,0.7865776382902719
Rudbeckia triloba,0.0854367203280672,0.0239036625892666,0.1122134307186516,0.0352634088007664,0.0473468319457441,0.0871939050680903,0.0675005839914751,-0.0327087665395958,0.0508877799725599,-0.003053593481285,0.0059458733859826,-0.0096772037623217,0.0471659454373297,0.0030357257570413,0.0914957512541828,-1.2129202698139676,1.5626508038372495,0.7140702372791184,-0.029870436820263233,0.19686069434585637
Sagittaria lancifolia,-0.0377524944008586,0.0047934874486382,-0.0864412561840293,-0.0507437986235626,0.0167392968688842,0.0216357636598522,-0.0678311567307212,-0.1583734024136171,-0.0328954207608425,0.136662117748462,-0.0701925705625591,-0.134477603854589,-0.0595390336590252,0.113720108509374,0.0066502053364955,1.3717065155882777,-2.2971399850532874,0.7202101463049211,-0.34427225227335245,-0.3852723906782135
Sagittaria latifolia,0.1982324545021495,-0.046950828105923,-0.0335468422286639,-0.0023433392953481,0.0954813999569411,0.0978622853044023,-0.0610058239821677,0.0778521239773486,-0.0025488822658953,0.0943449743434529,-0.0036423776145205,-0.1430463386438172,0.0100130906019316,0.005279713664194,0.0024061362725716,0.19791662376505273,-0.8707050348394124,2.0884840353772156,-0.2429614325852126,0.3921247710648358
Sairocarpus pusillus,0.0612545378260342,0.0094646504288526,-0.0444944537209246,-0.0652912008197739,-0.2600303147918135,0.1244539250518444,0.0213111994236597,-0.0678338103409558,-0.0258854490246123,0.2488493264567103,-0.0990458005750013,-0.023641158883648,-0.0791185522231581,0.0560514791388253,0.1234902928132379,-0.60047595466282,-2.2880210655861126,0.7796366228739395,-1.164071985746466,-3.188472461705796
Salvia amarissima,-0.0859380078032675,0.0461694295719763,0.0062493891769846,-0.0263594362265603,0.024491713496723,0.0887352220054202,0.0215573396407677,0.0506165629883212,0.0406302440471715,0.1209547053670775,-0.0467544293193955,-0.0018976505980654,0.0786533685913249,-0.0297081373638115,0.0018529204717402,-1.1728765906020042,-0.7245513909848948,0.3911636396421011,-0.8295494345998075,0.935521440757458
Salvia hispanica,0.2186918497092212,0.095441942962126,0.0105546708738654,0.0470175123761555,0.0057740588361655,-0.012000603183266,0.088175509812207,-0.0285386351840147,-0.0155835779083328,-0.0161276403181782,0.0337715332665469,-0.0612230284672767,-0.0599260820093109,-0.1174335200090211,-0.0098571289683998,0.9222190070422299,2.0402645446435566,0.8816015365711004,0.048237013084164636,-0.9897675534782757
Salvia lavanduloides,0.0475980704315459,0.0190323023348436,0.1180336908121233,0.0497418993276043,-0.0666817745573565,-0.0288539864452249,-0.0170937861686677,0.0050967465196562,-0.0176610248881617,-0.0902516938520603,-0.094834238088012,-0.0922353569230992,-0.0628248032608381,-0.0297900847825897,-0.0956330531086936,2.4141329964532057,0.3877816185956435,1.260273622795893,-0.4082631676820236,-0.1486285541190586
Salvia polystachia,-0.0115453691369598,0.077821610256091,0.0625623265755009,0.1117111990642762,-0.0868375494592912,-0.0292821955263512,0.0416950974441479,0.0010827735445186,0.0499227201030545,0.0307718422608172,0.0825076782028131,-0.0099167240552529,0.0061450944708691,0.012311217423721,0.0777887002793018,-1.1051393658512592,1.4214391011110048,0.5790315467813805,0.32093803690825556,-1.3193906481707443
Salvia prunelloides,-0.0431396673244409,-0.0924751995667311,0.0777924227130607,0.0096646674803704,0.106233182118908,0.0131242329304318,0.0394247291134595,0.0651944239792345,-0.072957336271788,0.0300983345818388,0.0427482873684417,-0.0525255404740674,0.0147397244357379,-0.0371503277254737,-0.0426598903198508,0.06383501047330498,-0.5900322303516369,0.30726696949396876,1.2561034178150017,1.2161325695716452
Salvia verticillata,0.0776590036597641,0.0920646277243381,0.0988293416130707,-0.0156165631108994,0.0626369243100777,0.0381921231126655,-0.0783719987707817,0.0609839284278712,0.1155046840121503,0.0047171810104235,0.0307856830355796,-0.026599926983866,0.0404961288527447,0.1371769010599493,0.0242472784305764,-1.0174966453405088,0.7101305361624013,1.9161084133466297,-0.14506456310370675,0.4126853392105047
Sambucus mexicana,-0.0588307384348783,-0.0035391466976619,0.0057520654131229,0.0080195636178238,0.1564992130210152,0.1059260035554989,0.0634907002908893,0.082404007224648,0.1065608481223816,0.1050949210616627,0.0439321862003124,0.0562190992285719,0.0879085506259687,0.1297800338393657,-0.0021877502874859,-3.0975444705791184,-0.3004256344775241,0.8038881808949213,-0.2108673057399,1.9638875470940296
Sanguinaria canadensis,0.1862031935891416,0.0852717897343226,0.059821408975004,-0.0250407975054871,-0.0315123640218,-0.0512344132996678,0.0021420786450136,-0.0547003471969632,0.0375116153258403,0.0312718353401827,-0.0085371477082977,0.0224263113711901,0.0582028053608586,0.1185778549740294,-0.0364044207198333,-0.2877447740336237,1.1843815001079698,1.1705434183098666,-1.0190550370843527,-0.5952106069417848
Satureja montana,-0.1472508927801429,-0.1612140707685039,-0.101733322419214,-0.1005620587049097,-0.017057585471282,0.0463006017145423,0.0252427465196132,0.0721071057203337,0.0715546704867137,0.1184182396350896,0.0162450638741693,0.0019046799588297,-0.0234206183303181,0.0525445724740876,0.0021030214277777,-1.6445561703289555,-3.075030851441847,-1.2016829155808557,-0.1748243794687352,0.5989421558856596
Saxifraga granulata,-0.0667423311980974,-0.0569229174881722,-0.0305257362213014,-0.055476557217584,-0.0635795930574419,-0.0209987223980137,-0.1092443439643307,0.0764053502454474,-0.1751531322105323,-0.0233057449713781,-0.0119309933839788,-0.0848095599570579,-0.0609512602887531,-0.048393246127994,0.0105654321836547,2.1411743438533657,-2.5360334162684572,-0.16421105541559072,1.4115328410207892,-0.8209213945851147
Saxifraga tridactylites,-0.0289525800214426,-0.0225930012472718,-0.0487803468823503,-0.0666112434259308,-0.0840261108152192,0.018686456663177,-0.0038469242290295,-0.1663735311929131,-0.0791023351837457,-0.0536420991261222,-0.0877720969681285,-0.0292753558090852,0.0621449152162512,-0.1981014293252778,0.0954220731671132,1.4249791178566535,-0.25059307472727693,-2.257306207697877,-0.8324765474047122,-0.4905574272577135
Scilla bifolia,-0.0830916816655527,0.059412213862246,0.0022317906353844,0.0590728282435125,0.1251854723180571,0.121023474830154,0.004939128044336,0.1116391798663414,0.0483206721049635,0.051311191228723,0.0794267374865031,0.0126599222941934,0.0199785200109018,0.0364844085168036,0.0352185753635944,-1.9156354864881706,-0.09141340248319385,1.1364737317955345,0.6896272070274465,1.089125835841955
Scilla luciliae,-0.0644941745228357,-0.0704721936724137,-0.0651739653596306,0.0694724861749329,0.1174232876831015,-0.0809776526447758,-0.0306319160398631,0.0698873011776565,0.0103264644272319,0.0570378557037753,0.0021333391295985,-0.0396512701635496,-0.0301008035984714,0.1674349363005119,0.0523450751103558,-0.5557910624780337,-1.4881113583392627,0.6704768574792771,1.3633294390391102,0.5259078527307
Scilla verna,0.0889893340651818,0.0141498252189221,0.0002961761601191,0.0901348564122267,-0.040899613556539,0.0046408933208677,0.0111823986047417,-0.2005464615632623,0.0761785207527266,-0.1698528450426809,-0.0973756161086109,0.0157746379012531,-0.0253880783207674,0.0030546330006371,-0.0644330581060527,1.5387904521255713,1.5879009615843025,-0.1575799350089103,-2.0347859610604386,0.1645871616026655
Senecio mohavensis,0.0807720755532323,0.0630046333318218,-0.0886635093402317,-0.0033866146214925,-0.0547825795831571,-0.0351349407462728,-0.017159253024511,0.0083411759672839,0.039303629392392,-0.0454068875719517,-0.1133648700398568,-0.0506719735985335,0.0181399122059967,-0.046065161759648,-0.0912191576282793,1.4362319586206025,-0.07714524615546259,0.2661099692926221,-1.9340758971336134,0.1716181143279644
Senecio ovatus,-0.0259277566277078,-0.0943814886835135,-0.0733731985028147,-0.0615040315903243,0.099276144953983,-0.0317004857190593,-0.0088761907518384,-0.1106469153043189,-0.0042165601226612,-0.1911130947251383,-0.0725410921246449,-0.0464750383688045,0.015022203709508,-0.0205594475727161,-0.0540436262822093,1.7666543350150903,-0.5488675301071576,-1.7288652977544072,-0.5288889427494072,1.7907636262410331
Senecio triangularis,0.0074610388120566,-0.0024518203406049,-0.0588221590050163,0.0027980047245157,-0.1501595032649881,-0.038214361623114,0.0132722730542037,-0.0452185627513323,-0.0686896893600751,-0.0176578712947198,0.018771913249479,0.067377934387727,-0.0917975419277484,0.0552849059710041,0.0067380623172692,0.4186808325389922,-0.8278179062656401,-0.5524910240697201,0.23000269856786693,-1.939235518554419
Senecio vernalis,0.0728547616148568,0.0209853625156385,-0.0559768358653539,0.0157725743167645,0.0994769025115626,-0.1622137852358871,-0.1856596231578576,0.0012702789688053,-0.0766876795349795,-0.0598002911213265,-0.0898694684336158,-0.0281287848422377,-0.0243152952162322,0.0104054018804354,0.0016273953112698,2.736597753116606,-0.6684785626583007,0.5450401287743799,0.7846415732617329,0.12311304871051462
Senegalia berlandieri,0.0358458769180861,-0.062120069561238,-0.0568740744451999,0.0190463385113882,0.0054750381719887,-0.0894446878383173,-0.0916456816287362,-0.028616454900288,-0.0303150747843067,0.0022930234902744,-0.0092666869440174,-0.0129513280826834,-0.0402456756670724,-0.0075806117977101,-0.0322311306855029,1.3827260865233888,-0.9040258135585192,-0.08042436490766318,0.1434803154663602,-0.2635812336070466
Senna artemisioides,-0.0997430542793636,-0.0900581562910206,-0.072115549592726,-0.0779781076252257,0.021551456167676,0.0706883764565889,-0.0425450595257413,0.0551045240102872,-0.0246991231627547,0.0869074805961552,-0.0332062819870258,0.026366566889524,0.0360910596866716,0.0787077138357986,-0.0209946466852247,-0.7979383892286972,-2.7838098496179415,-0.24484897035160386,-0.28956870106244076,0.8883491788437526
Senna hebecarpa,0.0321026794331382,0.053341541033208,0.085568881472811,-0.0051540863886237,-0.0206068981165214,-0.0288572712511818,0.003265143215544,0.2098511530708754,0.0628488183173652,0.0736855601069405,0.0431309274953586,0.0943771912149022,0.0644626061574955,0.0409562016198347,0.0863328861032799,-2.4338629930568736,0.46295484431595035,0.7775427054101917,0.688245020577805,-0.4246861240982613
Sericocarpus linifolius,0.0096382962841781,-0.0743441513619098,-0.110371708330046,-0.0131214952931359,0.0725286083657883,0.0831437843188818,0.0362424208099402,0.1221656708290744,0.0775764513255027,0.1047959962952829,0.0606258091465076,0.0540684202606772,0.0466278420689291,0.0456515036446603,0.0342790688419053,-2.731155339897608,-1.1684285996011512,-0.0685231660246384,-0.23938757090424678,0.8152754455921353
Sesbania drummondii,0.0766366918670802,-0.0355249395531013,-0.0721860713840543,-0.0427490490591625,-0.3543824776451459,0.0048985083439224,0.0502670709858993,-0.4208524408331314,0.0433004991142084,-0.0740817253403832,0.0309538453240874,0.2046959505250884,0.0112188152441846,-0.3014092333343274,0.0623816846472973,0.38366129668697035,1.9795736193686222,-4.508090873066476,-3.1249000031070167,-3.0780694386803464
Sidalcea candida,0.0847560996505078,-0.0159393125083485,0.0064818043810119,0.1105044132790697,-0.0817125057787093,-0.0418820226387592,-0.0190381039329594,-0.0440416996735623,0.0886072945168457,-0.0498661243591245,0.0031381668068632,0.0058081905963851,0.0859405316585961,-0.0768911727240219,-0.0005377441251824,-0.15578830395270601,1.5887908958373174,-0.18119785753268844,-1.6062987993567928,-0.24416174232205162
Sideranthus spinulosus,-0.027117829894402,-0.0454568483090523,-0.0644649145520585,-0.089991470698547,0.0198966366668613,0.1021205183618777,-0.0160769410781653,-0.0204040474816045,0.0092726821695081,-0.0120828303846039,-0.0420242066650761,-0.0627728523360088,0.0689155367354248,0.0565552340255989,-0.0989293408229902,0.1386762206175589,-1.6769709666467627,-0.07233964140437446,-1.5463379703532596,1.4494378925498772
Sisymbrium irio,0.0741556382844553,0.0285475984307989,0.0033800208124138,0.0741743631257021,-0.0048449977403021,0.068089743424341,-0.0861288183356873,0.0326286903244389,0.0067142320109195,0.0922449358774223,-0.0460471135236336,-0.0566605233715217,-0.033310676290939,-0.0304251240165931,-0.0174510536589491,0.7260365722761674,-0.5065715996976021,1.9696423491292836,-0.5932841204680867,-0.31537072792784543
Sixalix atropurpurea,0.1578479685275247,0.0822675465613081,0.0397266448800011,-0.0189251268557465,0.1982745537109788,-0.141045434604561,0.0109757750244144,-0.0298561966024036,-0.0393254462607655,-0.1829169844350227,0.0543717516749894,0.0069444239037688,-0.0169128016674269,-0.1187880410122294,0.0318829925002889,1.5287344101978857,2.6291600254731198,-0.623568392360373,1.790824574220261,0.6295412990626887
Solanum crispum,-0.018876955032708,-0.0081382982616248,-0.048088104957666,-0.1110265605768026,-0.027278780995181,-0.3234958800839577,-0.041238984807827,-0.1747783550395276,-0.0687616792649106,-0.1849108571000051,-0.0310216676531063,-0.0445404268728104,0.0045213903412623,-0.1579623544263317,-0.0392875180095253,3.661919207520245,0.5959970978380332,-3.2784791942458895,0.3989036101303045,-0.25987847227629274
Solanum elaeagnifolium,0.0381110487516706,-0.010967333798394,0.039040605210647,0.088296021866433,-0.1012178912138444,-0.102395080144515,0.0037575740490547,0.0464040737467831,0.0294414545494958,-0.0526486385511304,-0.0181158126615641,-0.0845370516351914,-0.0673652457108632,-0.0427448946715131,0.0273911083052905,1.095069643343005,0.541380530473179,0.3813328310023169,0.30655629678753743,-1.1805874115724955
Solanum furcatum,0.0215421066220936,0.0218251301825045,0.0032270971572097,-0.1883420402898001,0.134426031395231,-0.2028072676107275,-0.0391463462453269,0.0063985492562625,-0.0296038993901578,-0.1188180313738445,-0.0552923422019314,0.0362642165009513,-0.0751496614811411,-0.0976361006213181,0.0961198576223014,1.8367713420511638,-0.012141738577496187,-2.071438631002588,2.177899916260036,0.2186856063387501
Solanum laxum,0.0315845862266124,0.0308059330488487,0.1123928635621421,0.1385759712483651,0.1684089448650152,0.0812870809349248,0.0277467572313229,0.1384218496464496,0.1283716853978702,0.0696746801829591,0.1293200441909757,0.0277322056337909,-0.034925126955877,0.1327402964879842,0.1122053541141746,-2.9964746866752523,1.2998826538154378,2.3480664391154407,1.741962518177074,0.49213243568820947
Solanum lycopersicum,0.0491536389598472,-0.0145250110502888,0.0553014593515346,-0.0485403047000659,-0.0157620167748891,0.1488293197043766,0.0001842993111269,0.1425973793994838,-0.0439339199785462,0.2779911507345225,-0.031519056619391,-0.0150548574794598,0.0117654526109095,0.1961420303559627,0.04484448446484,-2.0877188263084356,-2.488392559257092,2.7184011426803103,0.2894515469624207,-0.5900912174479566
Solanum pseudocapsicum,0.0843065361164611,0.1119234147392064,0.1111826588663873,0.0673125614784097,0.0052398245086993,-0.0218679364610265,-0.1426252605451495,-0.066336224553074,-0.1657554506401091,0.1289567228482179,0.0181965091127739,0.0077134609197105,-0.0705443818448089,0.0443028157182545,0.0716881318573909,1.4616443573476563,-0.011043030425224644,2.3659468362601688,1.8114392547871807,-1.998407661269265
Solidago ptarmicoides,-0.1051302768227787,-0.0549416502760711,0.0107170961638194,-0.0476073919535563,0.0300352950355259,0.0137738301985168,0.0627829802103853,0.0183603726601637,-0.0353142552624882,-0.0730674801820268,0.012285111197043,0.041257853633369,0.0575742527963368,-0.1021054695004306,0.0288853608879124,-0.45498582219596384,-0.17948154652618117,-1.806274356723713,0.47241676780297986,0.9640866559887317
Solidago uliginosa,0.14491258334375,0.0854300585419945,-0.1624988072019544,-0.0136178190611169,-0.144002680167622,-0.006946858695022,-0.0194865443330283,0.1651852746590992,0.0092697127451803,-0.0095027199089497,-0.0149948527582616,-0.0479791976689112,0.0388728210941736,0.1232313956654497,-0.0278369029770579,-0.45212787204103766,-0.979821877961853,1.133730872461162,-1.382766576301057,-1.2426186309680103
Solidago virgaurea,-0.0229043062203397,-0.0031311876074298,-0.0505990283039347,-0.0694394332878334,0.0507568654446733,0.0526794814865543,-0.0674667470866447,0.1193277786169279,-0.0203023200644894,0.0599701218109597,-0.0802258038823008,-0.0744628737938415,-0.119225757925008,0.1701750791387793,-0.0075479756454045,0.6177510780581554,-2.925049519142474,1.6654719577974042,0.7634529904235937,0.11235715290829777
Sparaxis tricolor,0.1187288952436821,-0.018536040823395,-0.0681634637040713,0.1944086817318367,0.0713650065950523,-0.1962652471352592,-0.0655321518977938,0.0839129503689611,-0.109334848945274,0.0408906115035603,-0.019658234126703,-0.0310410325055034,-0.0833553466916211,-0.0016084782806047,-0.115623544558966,2.3026332343084395,-0.1819345834039765,1.8419066028661006,1.0223288259842453,-0.33524530788754264
Sphaeralcea ambigua,-0.0493413420104274,-0.0501800224024554,0.0157379530373135,0.0174598009486149,0.0056473722187342,0.0039214197836496,-0.04472352437379,0.0763304966323804,0.0047979102438523,0.0291796405419379,0.0030842276347459,0.0390783818290365,-0.0024135110643854,0.072791797897954,-0.0575720480494434,-0.3589760132088022,-1.1763368517052504,0.5780536347621404,0.05908090421538003,0.4942342437185962
Sphaeralcea coccinea,0.1063489635512138,0.0629342502596845,0.0104777697613552,0.0272534887748186,0.0667603194106168,0.0248366665810429,0.0059257626718854,-0.0330880167673378,0.0661913463695754,-0.0497532047674008,0.0309403203098909,0.0315345751789642,0.06610255130321,-0.0334077519571361,-0.0576844121533694,-0.3299988605049252,1.625792584818053,0.38563301702297625,-1.0636970779203374,0.8745800811134995
Stachys palustris,-0.1154894162692139,0.0270031224341179,-0.0917582759811727,-0.0045024862156211,-0.0872165231907636,0.0267824883767624,-0.0132767933186031,0.1437547860013423,0.053555036718303,0.0156747822670032,0.0080566152526426,0.0145210278329794,0.1099104002257051,0.1003052897324944,0.1274466364740037,-2.3740895622999534,-1.2214741562058375,-0.43633986794563717,-0.33321405963215633,-0.30122817281039027
Stevia serrata,-0.1032553809064404,-0.0154305455948536,-0.029065530694343,0.0493835606832947,-0.0061912237729581,0.0194536723304111,0.0148474049271838,0.0034983935212841,-0.0203618821546754,-0.0500987208859894,-0.0126519160604201,0.0052359731161612,0.081998162130336,-0.02424584723945,0.072057034149648,-0.5909337880012056,-0.16755386460586752,-0.8568025428601,-0.025638996602659198,0.4310958605904916
Streptosolen jamesonii,0.1407857252034858,0.0277217935967644,-0.0797437483686324,0.0063463154239445,-0.0475021172256746,0.0046391971703367,0.0274509517663665,-0.086964513630441,-0.0106673370302584,-0.018598834709187,-0.0168342937622354,-0.0470421828171851,-0.0004676333897242,-0.0024369087243183,-0.0352378433003195,0.7686106355012748,0.30463042873056495,0.1740686827340417,-1.1835785693351069,-0.6321770569242863
Stypandra glauca,-0.0686234958024924,-0.0146471284865837,0.1600219863611079,0.0363585836510259,-0.0835034562086421,-0.0286888404245667,0.0905199616361764,-0.1049282056060343,0.0166560638857459,-0.0402822660431239,0.0333851135472349,0.0541046994202738,-0.0904296836156254,0.0120707328681819,0.0637247620732376,-0.2123891963147959,1.0657608428073375,-0.6147588256343327,1.026208552403848,-1.1430662192790673
Symphyotrichum puniceum,-0.117676640187243,-0.0977611578015615,-0.1005444342766891,-0.0308395453236626,-0.1501537268214468,-0.0927710870609321,-0.0849378561847163,-0.1765704567036538,-0.0177088349594842,-0.0491895866772712,0.0039705532602578,-0.0257340052816505,-0.0490562611244987,-0.127686955886705,-0.043333390600719,2.1863743044628974,-1.3617074607313437,-2.4368088536165327,-0.8379892647181852,-0.8802441298405949
Symphyotrichum subulatum,-0.1712758875233068,-0.0677152871993675,-0.0210641494041427,0.0093323302265825,-0.0293515850225608,-0.0250334614397023,0.030824986728406,0.0032717932601655,0.0575636328310649,-0.0071116582793929,-0.0155456254624684,0.0358281983200665,0.089148743051817,0.0286650890798907,-0.0069581822679666,-1.144929750334778,-0.7748063304947695,-1.32440103127486,-0.7065560671235066,0.9900296450356532
Symphytum officinale,0.0478577545195042,0.0100629404745767,-0.077762302178575,0.0990832514807512,0.0293417014803723,0.1237284361395729,-0.1519203356811197,0.0407108812533834,-0.0628242048744657,0.0864474769278631,-0.043258876254476,-0.1541434396987438,-0.1334541210388349,0.2046533856680621,-0.0038179619082516,1.3382167416447255,-2.6139073628137326,3.470076916808995,0.39813661493817815,-0.7071307031484682
Symplocos tinctoria,-0.0187004783028034,0.0695865816966285,0.1266001495339478,0.1722984911661186,0.0662152592538161,-0.0517787833083575,-0.0235748977483863,-0.0886149845863803,-0.0483363671209946,-0.0852859198692877,-0.0522295185478146,-0.0344583978904273,-0.0750880463747348,-0.1183037774483307,-0.1112851292278798,2.8544984560407123,1.7028244906620156,1.2387731973593756,0.32914152967815397,0.5916376088999027
Talinum fruticosum,0.1317369587038842,0.020967597884635,-0.0681898294965787,-0.1438177279572122,0.070164922849473,0.1905128582991477,0.0506179996784643,-0.0051969627438513,-0.0772302009078184,-0.1402582566369782,-0.0630012851523251,0.0584895729897317,-0.0218275659604546,-0.1012195703046991,0.0698254050976241,0.2546316190183603,-0.2509516115119194,-0.947251671814963,-0.08425678658844472,0.4408125034918994
Talinum paniculatum,0.1365061715378235,0.1104998379855041,0.0756269419057964,0.0408041058204052,0.0580719603223751,-0.1317459355940605,-0.0415477898429856,-0.0923870822365636,0.0552246012322852,-0.0049566246730643,0.0646685000832082,0.0859374696943468,-0.0569479317732956,-0.0143908719682063,-0.0913484504229302,0.8960909310796238,2.2148811149258716,0.781537024213272,0.09548499999187765,-0.3608845135855414
Tanacetum vulgare,-0.1028589489930215,-0.0391798970958546,-0.1082879352951598,-0.0145287184164374,0.0108458629573648,0.0136252597798054,0.1222316848389727,-0.0102465822112012,0.0411220771587321,0.1150846336417263,0.0255986384971405,0.0204196130174734,0.1011318512950245,0.0693405250876036,0.0600578107753371,-2.5567630945848845,-0.9045236818889396,-1.179701573301631,-0.4806710465313196,0.5041641918391174
Taraxacum erythrospermum,-0.1184811241305422,-0.0833353419736274,-0.0409502265994007,-0.1118691380614259,-0.0250092898643874,-0.0628487820263732,-0.0349829210703741,0.0524444472620897,0.0243651194864652,-0.0161661228030541,0.0590247466979672,0.049621709137271,-0.0347726009665072,-0.0342239289507091,0.0182012249686227,-0.32437513182020267,-1.5519623440462587,-1.8790370110219614,0.7948808999949003,0.006519172883073854
Telekia speciosa,0.0083096192659837,-0.0239791759804058,-0.0073346186652751,0.0392807436491798,0.0743414974285755,-0.0505745553627841,0.0697146907861174,-0.0472359153522889,0.0643168507354822,-0.0100630664289426,-0.0085593923463302,0.0985710212074607,0.0953003816944627,-0.0070738092567667,0.0894464227080645,-1.6364630887238416,1.2134882998152352,-1.163391631854163,-0.1644203875055809,0.7037739151466961
Tetratheca thymifolia,-0.0260320764403956,0.0775968643760757,0.1483604070583734,0.0234213970722713,0.0487524294766178,-0.0029825329280735,0.027366030283736,-0.0616492637824986,0.0079989633309302,0.0127582435733237,-0.0315928059276174,-0.0297647377263855,0.0413539121848919,-0.040419381070546,-0.0715245581936308,0.6800485514039638,1.2057581606951697,0.8240125858432461,-0.3088593387342522,0.9129901560746224
Thysanocarpus curvipes,-0.1108988657180924,0.0486933711262761,0.0688180178899591,0.2018694118182419,0.1385622977331028,-0.0088177186807242,-0.0489109965618304,-0.0291118893010471,-0.0532062833362277,-0.100246868219138,0.0071710015840095,0.0141699105546087,-0.0101999819089611,-0.0176697075636438,-0.0746001305746288,1.2905987801325605,1.053801505045206,1.097688294535549,0.8208671545868631,1.443347801571004
Tiarella stolonifera,-0.0246523580810676,-0.0750488234436303,0.0312964247768306,0.0247793465581858,0.1486707587493864,-0.004666048819449,-0.0040180725707145,0.0044477167779483,-0.0505288958026382,-0.0346486206729877,-0.0360521405925006,0.0422405447318169,-0.0686279406596132,0.0396598534985404,0.0614008555302945,0.2903913952185296,-0.6059145844435149,0.026340816965178444,1.721351609160933,0.7640013091672169
Tinantia erecta,0.1222772090849126,0.0501418558402924,-0.217106428629258,0.0524616174107502,0.1790226879254292,0.0515435910065448,0.0630654130778696,0.0591404778963697,0.1540361906001589,0.120338207969216,0.1407140932560975,0.0053488619186265,0.0193938702238461,-0.2161931662810525,-0.034136858119843,-1.798234814752502,1.2076205488394902,-0.18551442500962023,-0.9693489187908884,1.1984728260261832
Tithonia tubaeformis,-0.0486060195087894,-0.0015183313850932,-0.118630713723841,0.099567707632496,0.0624145976068982,0.0223650808814714,0.0444756643122871,0.0651189972189375,0.018130241355644,0.0034388021755612,0.0862753504821334,-0.0077353201203834,0.0329445410086607,0.0054767832126432,0.0496669570501537,-1.4674922878180434,-0.038287259415611875,-0.1688808326186947,0.40294044172776866,0.40798771097385034
Trachymene composita,0.1021551021252141,-0.0581994191822455,0.0302567703265364,0.0418658512508296,0.1817471310253,-0.2530126807739639,0.0127020303527735,-0.233181446112817,0.0801606023992768,-0.2293300326433791,0.1251419326402287,0.1016988371531217,0.0619456777360742,-0.1782498956343067,0.0533004596928405,0.6739954257306929,4.03363646526087,-3.2171365345443,0.8505340484488204,1.0201992694222062
Tragopogon porrifolius,-0.0163341681772593,0.0039018088510902,0.0218481521406276,0.0320110363000374,-0.0376406413435535,0.083122595260302,0.0988634624868224,0.1725580038876501,0.1222072773708053,0.0637653605379115,-0.0591127236739826,0.0026252473217939,0.0599682945092209,-0.0145291225787739,-0.0710612457365767,-1.7416769497195883,-0.13453037559139316,0.8940430519226539,-1.613077333615429,1.0616377525996383
Trifolium incarnatum,0.1490931679171362,-0.176095078759268,-0.1351353408433739,-0.0257709569160895,-0.1970319524079906,0.0406358946578002,-0.0109320152281526,0.0030155702170922,-0.029998380854603,-0.1012320505399578,-0.1432113544329105,-0.1736673114478627,-0.0126895387726628,-0.0292391347051589,-0.0678561571113248,2.198812769392207,-2.0971857062860706,-0.3044840630184996,-2.356700508315499,-0.6698469342172657
Trifolium repens,0.0202952066326132,-0.0100510171264214,-0.0079539543366757,0.0200815091190705,-0.0567844201940774,-0.0175717196690075,-0.098426262740327,-0.0247479052570613,-0.0614645259662487,-0.0533516679913981,-0.0457609162638396,-0.0327482832860894,-0.0129486088298647,0.088152341863062,-0.0995171539174235,1.7063409124100617,-1.0801767386092203,0.8731339183673548,-0.6113592227377058,-0.1529615215501366
Tripolium pannonicum,0.0489000573015906,-0.0063708924784635,-0.003411702805511,-0.0473955666572739,-0.2304574132333653,0.1280041708354563,0.0187390467642723,-0.0332283546971243,-0.0303502416169901,0.0696219176999886,-0.0547947151774845,-0.0188373008508239,-0.033037637185007,-0.0248294493438402,-0.0265861147393881,0.2845665375402599,-1.2879064607773945,0.3591036511464915,-1.6631255549046136,-1.6919346542054328
Triteleia laxa,0.0030610922635091,-0.0323595988088145,0.0116798864246556,0.0493376587678515,-0.0510541822055754,0.080317412410593,0.0405362358784786,0.0892749327084977,0.1416328378979036,0.0218623153516238,0.0178967682094629,0.0445888625835802,0.0650973946778985,-0.0434504646273595,-0.0098878925705942,-1.9885090454859233,0.44562500766133306,0.08471227118507435,-1.4679091788461804,0.5381656258243845
Trixis inula,0.0488302796232265,0.0891388301145669,0.0697916310116055,0.0870128257505585,0.0294592931576452,-0.008624326117404,0.0422370324900084,-0.001576066042367,0.048291192491303,-0.0152069596255387,0.1266883287453893,0.0888060664231437,0.045024095979675,0.0056457406224856,0.0854598988508462,-1.8627324635194349,2.3180748721207403,0.26114293270496186,0.6930236793515264,-0.4808676162645903
Trollius albiflorus,-0.0696449760547547,-0.0340981557028535,-0.0725560240585286,0.003146553966313,0.0263112383884074,0.0025478585994872,0.0603319285005588,-0.0211320660088538,0.0491729571584837,0.0053111377313959,0.011704029386425,-0.1288588167776423,0.0298844890690103,-0.0623959637545353,-0.0534522208893631,0.22723252563676968,-0.45188937481152497,-0.6040316861836688,-0.7557946497356846,1.0299561048959938
Turnera subulata,-0.0001847607403991,-0.0447129676839351,0.0757279459333575,0.0462003795753132,-0.0944581632458164,-0.0238476424705107,0.0147252627541922,-0.0272143686800562,0.0882796722749078,0.0330532982048066,0.0447198521735875,-0.0138776646823492,0.0376035899556255,-0.0103111524754833,0.0043944126614904,-0.7950824758959852,0.6349976602336173,-0.04874665990017197,-0.7116763279011497,-0.4552366161840324
Verbascum thapsus,-0.081991880252087,-0.079813298089519,-0.0973252469363909,-0.1211984762356673,0.0494580810333137,-0.0184337408102897,-0.0763877413853501,0.0136615159666043,-0.0382230493359556,-0.048019587647107,-0.0244441950085353,-0.0466882676925934,-0.0502084492082104,-0.1462957481752664,-0.0527249769381051,1.8752467881623593,-2.0443580148750833,-1.5686980497162843,0.2429688296460307,0.9313272408711958
Verbena rigida,-0.048957605638083,0.0467031685978255,-0.0171394544671899,-0.0237299770553898,0.0782378168121173,-0.0279746144936251,-0.0701415110461048,-0.0837691683319245,-0.0736802544150193,-0.0785069658368364,0.0570612718047025,-0.0034546221459956,0.0107794011952198,-0.1379049326819686,0.0208883371266934,1.3618359481480917,0.3886636281059988,-1.08756367938567,0.8665028351247765,0.34728981281568694
Veronica cymbalaria,-0.1662626017180487,0.055726915604525,0.0473874961088148,0.0855613856006153,-0.0533525088358673,0.0023828133908215,0.0209063493016652,-0.0690614217901769,0.0745259236903296,0.0812945874156356,0.0122048200244852,-0.0753997105685056,-0.0973388012703541,0.0441693122426875,0.0302134837192168,0.017155526586070873,-0.24170900321270744,0.6788238702643694,0.29989577226652314,-0.7075074647567607
Veronica longifolia,0.0129160024041015,-0.0123739330259297,0.1118055133103689,-0.1493906384413062,0.1105557654821985,-0.0198238216157418,-0.0055969732734274,0.1019774645436084,-0.0229802135265781,-0.1723076247655678,-0.0055246219496351,-0.0931331547182908,-0.0880355908045564,-0.0269236001395391,0.0875944248919599,1.2375211503266723,-0.1932685283373496,-0.3878441939276672,2.389386384014991,0.5523149612212086
Veronica officinalis,0.2543593386476482,0.1147703623252398,0.1795156793568245,0.2457152303943143,-0.0738399586914915,0.0222590302010168,-0.0557790165949774,-0.1184969478602545,0.0474506317194344,0.0440716703622398,-0.0001028180772168,-0.1476642274953948,0.0041434406517889,-0.0160414411348795,-0.056165493118029,1.5340037640073538,3.1029760189556,3.833010016881266,-1.465483625258804,-1.3135086002176426
Veronica polita,0.1051358969802641,-0.0592142636436178,0.0012534165375139,0.0966481378912539,0.1315417532892157,0.2110220373222638,0.0202771052134449,0.1520061496649775,0.0893899351935601,0.0604032159277661,0.0844195471372719,0.1766463581571814,0.2268418819286539,0.1260931374022273,0.0867570107036541,-5.066477572702015,0.7222737992042502,1.1580201903672331,-0.8864494832963052,1.7366734371311854
Veronica prostrata,0.0253501506264285,0.0714536994636137,-0.0589563618060509,0.0132614408974972,-0.0287355937669515,-0.0087863193288824,-0.045177718327878,0.0749171880389866,-0.014813212868518,0.0829073870312806,0.01747117757914,0.029602711261474,-0.0287233176015654,0.0966718725965987,-0.01255197722393,-0.4046555639131063,-0.9409648570830278,1.1709477421390955,0.10592932051431898,-0.7998394725352235
Veronica spicata,-0.0738360850541847,0.0506124970180647,-0.1356215283605221,0.0066833029750884,-0.1740969198393289,-0.0162376710908815,-0.08703798410745,-0.1289993494829703,0.1604933197467058,0.019707725509737,0.0939449246422013,0.0887433762398997,0.0494856330495242,0.0437316307312953,-0.0528433290894432,-1.1485684249810517,-0.12868361646360463,-1.195831991998159,-2.545473800685662,-0.8911273769948764
Vicia lathyroides,-0.0134793453817226,0.044898732534546,-0.0620062934181671,-0.0843025882172481,0.0853462465213032,-0.0321004939997402,0.0482166691322707,0.0096220390342511,0.0020049980848278,0.1442686703197341,-0.0890806968877566,0.0216426877091833,0.0824718128558839,-0.0095715326797069,0.014610499490548,-0.7084368677085063,-0.8036414491057475,-0.32271848549153176,-0.4785824291624687,0.8856697967409373
Viminaria juncea,-0.1396277499640507,-0.0045919078448895,-0.1045356110283761,0.0056371484083608,0.0225775299503527,-0.1049634287191898,0.0895798559288866,-0.1164543416092967,0.0707718744331166,-0.0923632031567653,-0.0128568564599969,0.0178468947714835,-0.0379709401263639,-0.031621830361539,-0.0366270703897717,0.46192440850429106,0.17256553036975045,-2.2006970940066988,-0.3799677109399351,0.7215008019495216
Vincetoxicum hirundinaria,0.1459935910745977,0.0095240943732343,0.035660841898793,0.1047407735152087,-0.0006527376548978,-0.0668442691893494,0.0150823605199867,0.061549623279386,-0.0082659313374469,-0.0298714375424893,-0.0195728711331254,0.0091947399409248,0.1001327405600004,-0.0017475844588108,0.0540043590405443,-0.47804459965168095,1.4843541153682593,0.7188932311539221,-0.13882928718731988,-0.2263644624813623
Viola blanda,-0.0127427795100886,0.017885719621479,-0.0593032139120948,0.0670620775161274,0.0866824654658034,0.0111414215930549,-0.160026817928961,-0.2208432346158751,-0.1219608331371517,-0.0912983421885909,-0.1000023122684148,-0.1140061631616126,-0.1416552990523042,-0.0835733618081165,-0.0662412299773779,4.630786823471522,-0.8787988024566474,0.5812806181701425,0.13609322430172116,0.20221699212293162
Viola cucullata,-0.043889174034726,0.0094967600474634,0.0764595904716157,-0.0079801958825051,-0.0091498349934548,0.1132827942889972,0.0224052444762621,0.0588354046638196,0.0781631601126117,-0.0171578945774987,0.0058407386973916,0.0302869936050241,0.1383694348530413,0.0852109609730756,0.0612535373858493,-2.3455290021843522,0.25777111334564967,0.26341367832066975,-0.7718889647327654,0.8611890175606568
Viola hirta,0.1565720915389524,0.1069591079744341,0.0958364638800634,0.0462040374804723,0.1099104841606226,0.1046085279880155,0.0150264799224791,0.0138827999023693,0.0684410787092291,0.0638864515728808,0.0168480421223205,0.0336348574206533,0.015290777452365,0.0556323960486195,-0.0997693584439785,-0.7696547302654745,1.4534170560551427,2.5598293966371815,-0.8473348256472513,0.9089711080516658
Viola lutea,-0.0649762932638183,-0.0092102959169038,-0.0390659521670142,-0.0603505802602037,0.117476101142605,0.0336546122836801,0.1394852105659631,0.0137712449154436,0.1270393677233311,-0.0428958237882877,0.2209208712685768,0.2175295729229034,0.0502761363367969,-0.0797480301605683,0.1506332578009868,-4.182860172949989,1.7124993560571926,-2.9443199358548053,1.211821658867259,0.6724653675105857
Viola mirabilis,-0.0299962216851343,0.0531728271390177,0.0832283519198823,0.0079030736779462,0.0369791441670523,0.1447063190270781,0.0294092731833707,-0.0774865268851471,0.064363515107873,-0.1424447187090742,-0.0490799120697578,-0.0704992936155285,0.0689762619374172,0.0443717232211817,-0.0358367264551935,0.11044133607734216,0.9060531948414003,0.5358182840803517,-1.355619860785597,1.5469042583056534
Viola pedunculata,-0.0679620027314041,0.0670720984719078,0.0386837533326711,0.0095792916999825,-0.0972274936770111,-0.0666623394917331,-0.0385907019729023,-0.0680630883870478,0.047975879244433,-0.0220810081070739,-0.0504486553070332,0.0284705197978203,0.0046994170101383,0.0927900176466396,-0.0243658438670381,0.40629876332484266,0.005173296304854987,0.0659924313066922,-0.8073643891180301,-0.505253645543251
Viola rostrata,-0.0270764552917218,0.0032325628284842,0.1011405725505828,-0.0878184762857257,0.147440217224354,-0.0644001244269793,0.1307045800197233,-0.1142627657632959,0.0524219113208582,-0.074982140757343,0.043208762152095,-0.0461895486690396,-0.0030139872361131,-0.1689867703952185,0.021446636605603,0.43253199768213546,1.9005913855682368,-1.8359156998024355,0.9501246243125145,1.3309518575842052
Viola tricolor,0.0859582697662414,-0.0451613462287771,0.0554606848982182,0.1069270948485206,-0.070083038274496,-0.1272076574671325,0.1323141432273641,-0.038564416966662,-0.0581892469448565,-0.1353544451102863,0.0055468819785727,0.0874655539591569,0.0801523359257618,0.0502995143098229,-0.0877536473173714,-0.04782261037946518,1.8098270388461537,-0.6156547277572687,-0.45177769293519243,-0.060450639657610106
Viscaria vulgaris,-0.1768390361478101,-0.0933466125720726,-0.2135838676779095,-0.0811819089360006,0.0331376149181778,0.0136786996930202,-0.0569636555809365,-0.0384412705567167,-0.0403867903842342,0.0055779714283826,-0.061066276107115,-0.0570692583066756,-0.0403635233992708,0.0268737378384046,-0.0908819952630962,1.325251970982597,-3.555789892923912,-1.3222039130208714,-0.5964441334753879,1.1778216256781642
Vitex agnus-castus,0.0404815646471272,-0.0088528878225521,0.0191745532798203,-0.0287908149284482,0.0159641341850751,0.1736985261343936,0.0463678939063235,0.0356579360643665,0.0532135637057426,0.0117098317240492,0.1107439100713176,0.0604148345652479,0.095834185122121,0.0588799774427895,0.0521309614080945,-2.879887989076104,0.3069707151861476,0.13856513501674356,-0.45895374956451984,0.43378947227652637
Whipplea modesta,0.0668871911601776,0.0572276906722486,0.1575597032208101,-0.0876744540119821,0.1366546989987541,-0.0385620190115596,0.0227546838916073,-0.0287975340279255,-0.0630498833454076,-0.0080117943833395,0.0319849154064028,0.0107296394019918,-0.0151775801542126,-0.1709315270903532,0.0475860663550795,0.8907930127041176,1.5118370558040828,-0.2936617999597027,1.8085343711283646,0.3544481465205783
Wyethia angustifolia,-0.031188270579416,-0.0479999783261321,-0.0048741908635785,-0.0967780417459494,-0.0646285307246035,-0.0158784366225654,-0.0351619204379366,-0.0312172593272013,0.0063018244238345,0.000424459690629,0.01155978376896,0.038068166510163,-0.0135448482306777,-0.0063234773746386,0.0483141322413788,-0.11399565865777021,-0.9923111881627007,-1.1913635971947365,0.11773220891868166,-0.6075992890409555
Zanthoxylum americanum,-0.075099401798761,0.0107639818084659,-0.0148507715174246,0.0294900376978191,0.0912308922604991,-0.1752965031973442,-0.0947835445823298,0.0187435954895995,-0.1112968350699281,-0.0306170792000857,-0.0852374978920668,-0.0064964037816813,-0.0265364022815603,0.0218428921445794,-0.0852330680320196,2.4981822110692904,-1.0732169322514975,0.24049553911028543,1.0525269176430534,0.7651113387267238
Zephyranthes atamasco,-0.0369777153846654,0.0133834979630674,-0.030882889562296,0.0522162009951258,-0.014448826879854,0.1178547294863433,0.0078154190382447,0.0706859100510902,-0.0107930029992504,0.0312097409235076,0.0529886718672869,0.0063715716946882,-0.0126372884713666,0.0106693646533735,0.117763158714387,-1.4354438298906917,-0.5402590952949712,0.43513151294394986,0.6714255345780398,-0.6050982484325416
