image_id,image_sha256,trimap_sha256,estimator_admitted,failure_reasons,foreground_pixels,background_pixels,scored_weight,soft_precision,soft_recall,soft_iou,colour_delta_e
image_0001,b0210a5e492374329026c86cd6b0646a390b8da78651120810e386bbe7a20840,2c501008b19446515ee67f9c3ba17ab71509b739a51818ebb8c99e18d931f11c,True,,29188.0,64765.0,23065.579520394193,0.9818343181084117,0.7758865814780587,0.7649061379236259,1.0841329186066955
image_0002,66f641e7128e90ac13338dec8bbd5db9da54218429a2373c41d5d7df4dc3b81e,5be0899c79efd75e54a5c122f254ae1bad35b4aa1bfea27d7dfd4594842def77,True,,19887.0,89386.0,14107.49639515865,0.9939584837307193,0.7050970848377573,0.7020881121676665,2.2330458942440505
image_0003,8a626f7d3287818adba5fe1c85cf9da311af37677b86b6bad35c956d8c2aff06,d9476bab93dac9e321db96ddf7f17e851561dd735c30f67fddf88003f929b2d6,True,,36178.0,65047.0,27022.71395057469,0.9857448022903658,0.7362900055436551,0.7285327741110832,0.9556922001898254
image_0004,480417ff3ef2273948307956e79372ac4f02b3052f0e7359f3dc4f1ae74debea,6298566b73fb2b34b666ee83ecacca0df44690a939571dde56e0a99a317e13db,True,,38985.0,67508.0,28604.70142346935,0.999156776068446,0.7331173850115204,0.732664082937629,0.8553015632172133
image_0005,e7c1e3758d865b9b263174f24baf2ea4d3adb76ee85e3eb0bf8c49cac7fa812d,96a502ba13a3e4dbc04d0f7b71ce0eaca54f4004c30f2683d3fb96769e37fcc2,True,,38761.0,52955.0,23218.336599442642,0.9932396072549141,0.5949632755899695,0.5925636523162356,1.529226253744778
image_0006,06a2b3111a96d270183e90d704782cf8184ebc40488c13282ba380dbe163d972,caab02b4f39e4a4f683a511337aab93dd2421c19c92013d84d2fe234babd65b5,True,,36466.0,63312.0,26968.408842329925,0.998931914632282,0.7387595096652991,0.7381764227026305,0.08403457280450448
image_0007,667ffedc34a49021e9b4e15b759d0ee2968ae4452afa2fab1a6cc91e9425832a,f3526eea563669a7afc1c278cddce9e90da99398fd2bd840c7bde18fd1db08e6,True,,28576.0,73953.0,24026.561481503828,0.9902280816294273,0.8325789433084065,0.8257940694968999,0.764951447583573
image_0008,78b5c5d92c5d9e67ef78c23f036a6c10d7a71950ec55458713202cd075e06121,6d4633771fb39f21eca604f293a884b69644119d5646cd0bfef927571a2eb5c9,True,,40502.0,68963.0,28037.841649089707,0.997347423573441,0.6904219330225603,0.6891564572216474,0.40961561151868914
image_0009,bbc4ccde61b1e78fedfdd0c8e7f6942e8df8d756865e4706b08513860ea2ce02,1b2e04285e17dc0587bfdcbd33d64126ee54cfbe4cd0729d90814b686f07a07b,True,,32861.0,75388.0,23519.881787498,0.9988138624360606,0.714889503429915,0.7142831025882171,0.2434772295410825
image_0010,4470ed2950f9ca035e38f6d56cc13c98f4ff279dff5320450aadae8f09f06fcb,7cc77dd79c9bfaad41c19c08b046b24ca804fb517cf02a438104b1f6df7e8638,True,,37883.0,65078.0,27057.305437308707,0.9939649213325887,0.7099229857842931,0.7068760284715448,3.418902636384079
image_0011,58d3c9fe48a88aa8560c5d243867b319aa64c8559cf868b1dbc1c1f0921709bd,a557da135f741b3c219dcaea239d8a4de07935fb46efe4dd8bd8e8249cd1126a,True,,22304.0,87955.0,15733.260602757306,0.9953044253983634,0.7020885896641889,0.6997707653223751,0.909957285713214
image_0012,bf27957ab81a4d9a03acd82e0ebc1c319b42a69cefdb82d85ccfdda8c776ea87,a92b10b9057bbf3efc1d4c0a45d081e3a2a7d558c587b21154a783fd95ea502d,True,,40195.0,65511.0,30525.714459779134,0.9884008812358571,0.7506317470431606,0.7440772880878013,0.47994364735047085
image_0013,ba201ab5ead9db37204461883b1bc118a68eedd3c17e096555b6b31d89d9b1a6,337ea583e02b2b26a93794d0cc511d39b1dbba6de4e51eae377d77f06102076a,True,,43099.0,52695.0,14748.76010517672,0.9957020243179917,0.3407357547252812,0.3402353381445433,7.902087514101683
image_0014,79f7ad9e98ad70739b318ed7e9c29485d49ba8862539fe31d87806ad8df45136,5e5e98d72a85bc417001acb29e1c1308c8fea7a4db74d0ebb8bfcaeabd13e3fa,True,,27802.0,84047.0,21294.74266258259,0.9763079594554263,0.747796085031092,0.73446788098796,1.6807466040862986
image_0015,8cb0dc5830f17b82b3847f178dc50353a563e60c1e94c03eca5b334007b1654b,5fd2b947bddd70c570c5c5b3a174bbd7d63366250d38cbb30a699045a5ff0512,True,,28085.0,79985.0,22984.882804418467,0.9971261851156052,0.8160522879152238,0.8141374835637077,0.4281892623540295
image_0016,229c7c3ddc05616a0c9b182e454307f9f0bf1f51b8ccac37d440a905386b8e4b,79aa3c2262e59d3f4e5b7fd5c74899a94527a97f8c09753284d1b07fa2dafe83,True,,38564.0,71977.0,23802.9611357909,0.9950137505067849,0.6141550055204477,0.6122706347927543,0.5579557590645314
image_0017,76ff1dd4de4bf6cfbf53c08eb78e67764fc7a0b47f3c04e4e3d68af06888d6a6,fa2f0ea65f2b6769834ca3d077d0065209abe5efbfe6cee19a697e015b54a549,True,,50367.0,60805.0,41447.83465614205,0.9889555765502672,0.8138278479783411,0.8064978805839261,1.250101875384579
image_0018,7315371ddd9e82fa36fafc1102ee57afbd5ac7a4f480b9114ac902a720cd07c2,dcb609a1a5bf7b378b8040372f4e44f699d6384ae4348c3633c88f7cd3af68f7,True,,27837.0,82883.0,22772.897163553524,0.9908484858042483,0.8105934788907883,0.8045699276487368,0.4542293360292701
image_0019,72318c2625ed6c26c429de28e077ed02f355ead5b6a03e7a24e6a5a28a7efbb4,163c431cde684b3b38799595f03f7fbb970ea070e9f4ba66279a12630da44f40,True,,50674.0,57456.0,32626.035266946164,0.996909090259545,0.6418516623267777,0.6405768780568709,0.6770982930383952
image_0020,84f24510404c9d80e6ec6ca37ed377cce6823d0a55670be27bdbedd3485a03aa,ca77d3cd0acddf285a7ca0d1f71db7f293d70e3bc0773bb0edce8de29358cb76,True,,42956.0,65655.0,34912.94177067101,0.9733486322600373,0.7910993602909244,0.7743265338280358,0.49165789352759653
image_0021,64d205047db6a3e336319a35344fc1f7802e34f377f673f41c4dce53db52af1f,ff329469302a12c580e21c76f1ccef8d33f4725faffa8cf35ab1ea2619c11f97,True,,40497.0,53372.0,30347.53230435905,0.9915536894181478,0.7430478213478441,0.7383743008702841,0.904970911153139
image_0022,f8b0617f6c1d4a05726a6872d43ee43d535ff2994328499cdf32c46a4704bc65,50686ea80566627706f0b39bc98107f74a446867d6f169845c9dce65d2bdf6be,True,,53788.0,49745.0,47182.25988811549,0.9644566899831243,0.846011121395393,0.8204315327773808,2.632372950073047
image_0023,27a8a9ec3ec176c796285f321df9db91e67a08303b028c559ea4016c4e87c218,fc935253783a461edcfc0241e6257eb30391d9b46ce419310dabfb260d4bbc64,True,,46424.0,58898.0,38212.313779074975,0.9899559267604502,0.8148480635194142,0.8081666008397526,0.8089787362060947
image_0024,5f17adbabbd0196558eff75ba98477a5f108a421a6d4667f736883d79b8708a8,452533518a37394014c11fca957d2a4d780e277ac247d14c48c6059f2cc6f3ee,True,,43831.0,46818.0,27525.0326893618,0.9985466616410974,0.6270682736767198,0.6264964898818877,0.2470963205577167
image_0025,b3427f8fb526378431e3a3c1a723a25100f12f09129c2e66c74c05eaeee610e1,f344992e81e51fe07272af6209b0208a337f5910c9ba4abae2dfb7c8696a9c25,True,,41195.0,64918.0,31081.83519140529,0.9972591001343832,0.7524370188980712,0.7508841733320095,0.45228980017487574
image_0026,7e1db39fbcdaa53a2a6e3a1d460f895d12c610e92be20250628d8d7fca66a95b,fba4b5ff3b46187197f8246344fd8a60a62cc154d794d7ddb05accf2b78a9528,True,,48973.0,59412.0,31870.70099272745,0.9961408582857366,0.6482696065395952,0.6466455843826726,2.150153110117798
image_0027,210b80a9c0c1f109e7a74455cb467a9392b6550330b425c775c565386ed61740,cd9d5931dc45cd92a8bd35ef11011143a038e86084438ea3a4b23fe7fc6df5c3,True,,26194.0,83586.0,19788.210473855026,0.997844219958291,0.7538196321544763,0.7525939725282134,0.36452918362736275
image_0028,3a3a91a603eb7d88ce4b96daa30ada2d13936dd244248f81ece160342693a563,e19309f1d27baf3c3574603974ae6c4ec73a378281fc12e5a185c3052c529519,True,,34760.0,70742.0,21586.40701516875,0.9970187891042765,0.6191614897403799,0.6180173108432626,6.230144646240593
image_0029,fd92e51317dea453550c5fc98562e434137fd5ccaf983a377dcb778e3e2e21ce,00e4e4ca227b7641c69e14d2511ca710a4c71818539e87030090cf75e349582a,True,,36112.0,72636.0,22337.09803542844,0.9995644173087612,0.6182811359700848,0.6181145974034581,1.798933944541911
image_0030,fedc44fcb6d64c9193375ad27e4d44e1439d029a01e230329e8418d374ecdb86,12b119c9f9f0ffd24cdfab2275e1fb9ad7920d294b4f56ce6c2b0e050361a6e9,True,,49683.0,53457.0,30755.342884906364,0.9990740218670303,0.6184583078703572,0.6181040046908807,1.2842715531794717
image_0031,825db64f49b3b33d7fdb4d740cc0e03eb59484cad7dba2961179b45181345838,e6e3ea5627151c15298a33cea36326a3e9101add9ac1388faf269cf327d91185,True,,57247.0,47053.0,44993.36023708799,0.9986148634160342,0.7848627576604547,0.7840092459571824,2.198115602590041
image_0032,6f503e73d5ccd3cd6425b69627a9efa5fe5898b2fd2038785026d279908295d6,fd5c593dc5e1fc02d357d2506e755448aa98e4f015c5606038a62dc7aa74bbb3,True,,29594.0,78518.0,21675.630635851427,0.9960912972802719,0.7295704210121393,0.7274877226202203,0.4396437317782362
image_0033,ba3d456add77a682abd0571a95e5af5ba47d0b5581fa08d2eef156ced7c6b406,f83ee74a216ee9f328f4cadfebc1e9926585108205d1d4b274cfbbecf47186f0,True,,32336.0,76011.0,25779.170262274165,0.9929155992783437,0.7915802910027341,0.787134645942392,1.3065484274880828
image_0034,7486dec416c0dca14e9f64a30f4601d0b717910bbe5fb1469a95f8ddc3bc4467,3a759ee697f1c37fb582d254200ee3caa40acb6cd9e29b6aa4ba40fa97b7a39c,True,,26301.0,80680.0,20608.67525063258,0.9988539436201723,0.7826720104513819,0.7819697895167915,0.2732195462079088
image_0036,5992cb96575683544795db67d5555ecfc367e6df8a1a9b8dfde7340850a0aebe,4f519e6a1c55786f33d3e595056f77b31803a28d3a8fd3667dd860eeb0491d67,True,,49273.0,63145.0,36640.73199840519,0.992007563352524,0.7376835847054327,0.7333251462668314,0.7841567608201253
image_0037,45b8e89163fd68f5c52b872ba12fbc3b5c1eb741c43cf820c52b03abb064917f,6f810d2ecb9f6e3be5ac151e354cdc379169d433b65a552ed23759077be798cc,True,,47116.0,55478.0,26061.45475907127,0.9880563452959825,0.5465274162141215,0.5429405124141331,1.176538887090798
image_0038,84c45974f783192e63c83198f0b4074ccb14fafba788f9edaebbdd52c9f3d11b,21aaf1dc0affc41d24e61138d36e27c1d7e99399a3249f7dfc76c91b519b657d,True,,30204.0,79723.0,26362.379476043945,0.9936391553107952,0.8672590542497335,0.8624707765913097,0.4707893048806983
image_0039,7b37908feb1bc5834101c70d6e29603bab1b6c2eedaacb49481b4120b563f127,13ec8a067bd4c2d7a461d65c4729787a4b7524d68a015e5fe405728bdc16b2b1,True,,34189.0,74455.0,27833.26988779963,0.9949523659435076,0.8099908662672329,0.8066760089821398,0.5337179215263337
image_0040,ef25d3875ce0b45089e1b70ac435d95b28d4b76aa98c9779a19a90ab0f1e070a,b21bb6834a8d91f8a5779dd69ffa7e80a082cadffa8db5120cfd812fd9975541,True,,43615.0,59006.0,37022.40259565068,0.9689996423708788,0.8225311217447255,0.8014415727193085,1.3517713017764021
image_0041,1283535ef1663327f8b3d935283d3571df2c022394b237ea2d9569e4d122e28e,3324321338c357677a78f74f0f229f6768788c279f95c4ebbcddd7d74c799a8d,True,,18096.0,86017.0,11153.247092054196,0.9672558549910685,0.5961562528708847,0.5843629603301332,2.1511097013093297
image_0043,ed18c3fac73146dc18b66918153932fe2c6fb439590543f35cdd5f85cd7353a1,5e3e9ca78ea70ab53da7d2804c5f94c31dc8d3379b69b6897fcbf4e57d995b8f,True,,16056.0,100601.0,13890.70589387363,0.9888131043326777,0.8554628809350652,0.8472628646256538,0.6738207528603962
image_0044,48cdc20e42abef0688a5d4abd0ec4d5ec4d9343161a8982bcf45b18a8f224fec,48af6a907f3389bcd113d0da8efdc061aece26f39a713b0bba16de8c4fdcd2d9,True,,17624.0,86989.0,8074.094582584912,0.9672925350470228,0.44314635820460696,0.43660415398911423,1.4986085531509703
image_0045,bfe3f9a29ef14f3e3c36a210c5443270c398c041f61766c48f7d3df50ed9d499,d0cf352a3cfab3e3dd11f1de8c282b6cb634d6f838837ede2f5f05109a8ff519,False,prompt_colour_instability,16205.0,93646.0,7453.854217364387,0.946635427927694,0.4354262558941921,0.42499424716603434,2.6534359136997057
image_0046,b2314d68de602e2e2465e139b91be4d9c4f697a9ea780569595857ff3b162b0c,ab9a4f4e13818f06b628e41437b16e461c8a8cbba7c8a7e47060da811eefa197,True,,32318.0,79712.0,25912.41030705373,0.9908317258504831,0.7944439082085493,0.7886465076133243,1.2323666270724105
image_0047,f9cc308e587414c3297caa9fbd30e29e48424ea9776ba0c4f288690e10eea917,e6897e403462bc8e5ae494a8c73c46aeab7447564661a21704b743d4e1c30643,True,,19114.0,92539.0,15028.95288903567,0.9431746205251242,0.7415991910644653,0.7098812357700977,3.6532546140270803
image_0048,80e08e30aeac16638dcd5fabe36e7873b27d1faa14a0e6643e48f2668cc242ab,2c543ad6e4a5474d41ccbf198c2bd9cf0100bef22e0d2f84790697ed579065f0,True,,28065.0,86499.0,21403.325188005547,0.9821592033012612,0.7490280710724868,0.7389735967533057,1.2264356474991354
image_0049,5d620a5402de9919e37dce8db810c6fe9d91c06c1229947c18d7c723edcd18dc,5cf0cdc355004768a519356215ff1d3bb330eb825243c89b35327b16166b6e6a,True,,32986.0,75410.0,24168.402750823065,0.9981137801599399,0.731304669558355,0.7302953953714774,1.4569467307187585
image_0050,d4e0af4273a305fb686afb8f120e28fb5f33a2b49c01e3884d38a22d263f0dcc,c56c076b0dc81e54ec96141ff5907793e6b594fa1cc36112b4bcc04e560465de,True,,8756.0,106809.0,8235.921881806096,0.962144528810726,0.9049962515180762,0.8738800243042668,2.2121151855569106
image_0051,d535c721f2af3d2b92e868afb82ee6b4f82521b84dd7f36ad9e66e6b489a42c5,640930997bb090780b32d39e11060bf1f5b65302aa812e515eb4c2080ae06482,True,,33195.0,75182.0,21082.04011227761,0.9957971106046122,0.6324276134796378,0.6307440051917484,5.7449004309399525
image_0052,8ca9c06c4c59244b2beebd282ae0f0b256b423b4a19dda5b6c1563a387bc924e,c5f48f61f644e9331b95407eaadf432e0a9a4c2218892cfb11371302c15fac93,True,,15423.0,96397.0,13012.214652981487,0.9230138238072773,0.7787365624748445,0.7312407321502905,4.558515083649646
image_0053,c4a8a5c3caa06f83605097558fad6f6b7d44eb6b6a23fe2381105872f32aebf2,36c5197f87f6e4cbac757782d5cb720018ebe9f62793d922087055586fba55eb,True,,17515.0,95125.0,13123.664366817706,0.983266825635317,0.7367435799408603,0.7276207747665204,1.4805371014872166
image_0055,2d29dc6d4490491a593593e35909ef83ba1d2de1d4bf3db55d9d4bd470170c0a,d18f3cc2388f17796cfad74f47ee99b82110d93d8f63fde87f46fd97b0766748,True,,28995.0,74883.0,17053.343464355177,0.9322293681546141,0.5482885877806327,0.5272719784049076,3.8606114484408236
image_0056,1c00bf523655cf7bc8ea6f2cf307e39e6c4fb855456e2844c4e843ef54fd88c9,7f4e0d229b50c4784f24a5ed779c0dcd5644004f4361d7f1d95b6c3dbceeabcf,True,,18754.0,98108.0,13290.51861596707,0.9976175838332288,0.7069881129119984,0.7057964727618885,1.2527976073438551
image_0057,a76844311b1c26962b157515591e8c6eafca298fbc55dc9e19e482c455b236d4,3ca21b4321e55a588d9891dbd1e9fdf2af1b55c3fe90c9d8cc3b45b5dd6a81a0,True,,20648.0,93401.0,16505.387469691523,0.9778470660520517,0.7816614060097905,0.7680602976291389,1.309463576083657
image_0058,d9a48807401e7088afadebb1c77a3bf8995d7bb22a7faf578a86e85601d7b61b,3e628b9077c5e34f7755c0988b028dd784d4f8c6b5d55c87fbcd851ec55f88b9,True,,31964.0,80680.0,20411.117549305072,0.9922112803883525,0.6335921999046789,0.6304565548490949,1.221593976122222
image_0059,e8d2d0345602a7584fe9eba88c10f65bf5da7ed136e43c57e5889df62bcde269,6a25a5a2b38c012ee314c18b15dc14d1549deb7019616dd3f3ec679988cc54b0,True,,34622.0,73236.0,17897.547248563013,0.9791213711843212,0.50614843171536,0.5007438884680925,1.2769628679027019
image_0060,bc494c5153510fdcee45d17634885c6c8a847487fb63a449b2d1b64afcd62d8b,f0535ed432b3ad3b6e21250c84085e12a73b3107f4f7fe9d3aa0af723258f568,True,,25263.0,78921.0,19317.504101570597,0.9444134476113276,0.7221513932553636,0.6927081187708304,3.2375068447485766
image_0061,5be3b486144d8662dc149b55f7236c797e4b9ebfba485d8b428eccd7ca318c63,fcccf950a8d560309dd17630188dd234528815d446a471b54513500755ca0f4f,True,,29497.0,80784.0,20872.08819937572,0.9968913867300998,0.7054007169891384,0.7038524837142879,1.6259254214909966
image_0062,ebf5c30e8aa4b26c9592aefd146f8f5b71e06dc797f850ba5e1910e574d20018,0c398a80c9441d2359ad027403fe28ed4ffde22b67c8edff7bf3dfc82dfd3020,False,prompt_colour_instability,28360.0,60415.0,11760.741136393539,0.9988239619408725,0.41420698368172054,0.41400507476176535,3.760360370365483
image_0063,e2be5f213b4dc7fde8aa6c655a6dab993741c0104421302bc439e80636053834,fe15d7254dd816be2fcff852d2392212a38b888d91505fe81c21716691cb1d29,True,,56590.0,51569.0,44744.70283892407,0.9977971773059622,0.7889404168947254,0.787568682858724,2.0353633037511876
image_0064,63b46e17abee9a91fd393507c982acbd134acefafe8ef19fa98d46a3adbfceae,2a9a4c631c63a4ac8f819d26ca317db61dc82cb9c0ce15da4dacafd559af3b77,True,,45593.0,65158.0,32671.65076732945,0.9469224722733929,0.6785585576262254,0.6536952488780019,2.247620320422291
image_0065,a167bda13571eb36bc87be9d7b9c556bd185cbb68ae1b1389a8456ba2364f41b,44ab7ea35e09e89583f95be00dbad74b3ac85943204432739df2eedea65f6e8e,True,,72034.0,39723.0,45652.238005452426,0.99925646004526,0.6332883602531038,0.6329900791398756,5.24375980243359
image_0066,85903f6711602018e19f5b1e700ea344773753a839e07c98c7b99d7f50bfc061,08de29dee9ae0be70cdba3fe69fe5276dcd493087854ccff88c9678925837cd0,True,,22839.0,87821.0,14264.063729087095,0.9909173964310386,0.6188759968892419,0.6153852078981152,2.160208155173672
image_0067,0b35218908681d9a1e0795e644121cd3d7a97d1e109a363298133519553a190a,a6bba11360a2c5b01325ab917379c74e25783fab4f8dd6f9c7fc5d2c4b1b6bdc,True,,27045.0,84854.0,20620.154574503973,0.9841788279470439,0.7503760237094544,0.7414323669127336,0.8166148148326945
image_0068,3443eeacebbe4b36311cc38c19bd1836600b4a86d01f6f9ea9ffa2cf66149c8c,7e6f2d6c6a1b98cd89c55e499b9ff45aa65f6fcd492979bd641434dde50be5ec,True,,9069.0,108395.0,8703.16211332674,0.9618461423309298,0.923045860048961,0.8904425255802275,1.7994054478732362
image_0069,7537d3cb50e2a3027d866a47f2330d69f5e6b016d0cf4d6749ac6deece6a7e4f,2b96f7faa9e855c42c87f44d47838a2126fda9184014e1670849975b05b8df81,True,,6252.0,109096.0,5962.676265250135,0.9247140396140341,0.8819210582453894,0.8228395702357681,4.765694794634735
image_0070,43430340393c0bef6c3c22074c951d7f63f9fa370072963b2a48f813b4b83c53,639ae76f9671ebf7fb4900bbbcc29298121eb885291e58af9e6278469c8d4066,True,,4265.0,115260.0,2911.6338684458824,0.9672452819155738,0.6603198410128652,0.6458773649100837,1.8449238274775654
image_0072,9006a515eb28900b0b98881e2747c194a59193b726f9f49fabba363976c70d82,235585903b370d373bb2da3f9c2a60226993fa6660e4c6826cd8618c888ede10,True,,13399.0,92826.0,10944.329011567585,0.9787762013856046,0.7994662867868042,0.785843192426025,1.1838576691880554
image_0074,a1645b486d9f79252feb0b41f069967c8c6173ee99d54ffd6389dd64d539de22,6ee38d13ad12e3b8a05f217837f6d82d95db061f12596b9e3578e7a633488dc6,True,,23569.0,77064.0,18560.297669528234,0.9417703859853256,0.741632597913961,0.7091160088830157,3.543245328821526
image_0078,56d71e3ef70702eb260149bc10647df38dce51401abc5080969bf38f0a1e1d11,0fdc670df191d085758a7f6c84220ee20dc3a93e93d43a0b47a916705a8299b1,True,,11339.0,101123.0,9007.18690392717,0.9135521969427881,0.725684397597405,0.6790536409689422,4.950239685940697
image_0079,96e1eac55bf2a4106aa08d14f64f8eb100fe851115b6cd350e1a2438e19fd6d6,6e690fb094d46caae8de4e5b59bd43622aa33f7ba6015972a5f7fb582e829ce3,False,prompt_colour_instability,10611.0,104519.0,6467.830455089221,0.9925585762682068,0.6050042963007732,0.6022724807863887,1.1406784244174692
image_0081,8a275c18b0f169db71a694c74d721bb4d12014a5af2659255c8b21da47b9a36f,d40636d8ab79ca5a3fc6810c1926a24d3dea792b04af53cf72cb45d6a1232ce9,False,prompt_colour_instability,7551.0,103165.0,5924.984513321027,0.8888146857057908,0.6974193150601387,0.6414567565696286,4.473893905370542
image_0083,b7d322cf0b2d09331dfb7c844f83afd940fa7d474d586c956512ba5b8e791412,8e06db02cfcd4a20ff06c33d14188cb0ee1c6be550f4919ec00db80cd02d14ee,True,,14257.0,93827.0,8137.844207428116,0.9352399104682614,0.5338315696121014,0.5148020033091412,1.4732190312923235
image_0084,1798e17f3baa6a3d0171fc9e4bcaaba6755315a61184823dc447c631d01551e7,edd3f1739328dc9f6aee34ee9195329e47a59d50d7c665facd9d614c500cd2bd,True,,9640.0,109272.0,8893.685265583114,0.8604395988509637,0.7938256205627656,0.7032748743977884,6.600371192158804
image_0086,7c173e8d44e1bcd73a7163579d348312ce4c7f20f1194cf6d3bb008cd48a03a7,23b6910683ca6b334a734faa7be23f841a4844f0152e55fb027439ef756002e9,False,reflection_colour_instability,11137.0,100850.0,3024.0893422337626,0.9583878430929479,0.2602361912565132,0.2573285912059282,2.477471883401732
image_0088,1823430529286c5f7a7aa7bed2739678dfc50ec22ff69d8436eddda91afec4a2,2861828e1a0893f3e42d180785f7e6724808190e935351ac8546681c8f4e65c9,True,,7395.0,102537.0,3280.1725566659297,0.9744399219172866,0.43222868018834004,0.4273831855155786,0.2746639571035642
image_0089,c4dc5792c3eb05255134b8bf2cda4ca400eaacc27bf8046fd8805608cba50ed6,84f83d855c9878823fa7fa3bd4143d9c54dbed9e5ea89d84de0494efe43465fd,True,,13699.0,88359.0,5225.04048669427,0.995688189654397,0.3797730566514014,0.37914950714425955,0.3477750592175745
image_0090,109c1ac080d5b2c8d4e589b7489bcfb91fca879217eb134a1cdc79370d223e85,208cfc4c63af5cc4050ab4f89fa810223500ef19d1fc31891056fdb508d67e20,True,,10312.0,100828.0,6068.0364361271495,0.999294601058679,0.5880290971343297,0.5877851146424125,0.48385289226848666
image_0091,9c70f92fe37756336365eee1a5cb111e2a1d6298f77a15291511fbd22f1e7c7d,1ee746d46fb34a41b8de24e04e7825ba6597fb2e1b2f0543a251f56afbff9221,True,,12899.0,101697.0,8959.443154827179,0.9680090216748517,0.6723638889104352,0.6577484345772237,1.4465570326655095
image_0092,3ac3753bf7e4e5d33aef7c1c68c5c1c9d1ae208f503391cb77ccac68033acb60,d3c0553af2f922feaf5e67cd94f48ac22b855678c9cc39e9f10de21bcf8e8359,False,prompt_colour_instability,31601.0,55725.0,12775.206881714577,0.9231218089251546,0.37318667403061434,0.36193792156571447,3.858968223865293
image_0093,e102f8306d8bd019fe605c773a78442b2ab603cac0e0676a7a857db462b6ca4d,8eca1267fe171a1e446640856ea701ec96c98e394de4ec9fc6682654536f5e88,True,,13575.0,92580.0,4615.31422577519,0.999037815717299,0.3396591854856296,0.33954810928628315,0.35917220730333055
image_0094,6a29b3adfb195ea7cf150546acfa3b3fb0cae309f4fdea3fcfdb4a5ab59cb17a,15c8ca957c76d6a26bd693331eccee9244b8e8970532bee1228526e5210fcdac,True,,10795.0,97811.0,1836.6046057680433,0.9999342233921263,0.17012355721603248,0.17012165340389906,2.8537742059122873
image_0095,7aff3572558b96f83c1c3618f4bbade160b72a10948ff42602702f4de65be595,7b710b93f0bcbbb13d645e3399ed72e7cd2f8973f6c3f91483b61a6cb33e7c3a,True,,13232.0,89052.0,9639.537320274616,0.976223760831161,0.7111808778318333,0.6990722228801839,1.0546941163514956
image_0096,831c98671a35432d45bd9c3bd3e129f8c2cc6a945db5d49a30f7401f1feb5349,28d8e1b1a00d900bba99b0da323e889c68fb87d10e6e746af85c47102ee09b0a,True,,13752.0,83834.0,5382.0646408252815,0.91152794659804,0.3567410071632771,0.34480224666487275,4.874783155409611
image_0097,10e7301f0e80e40fba7ddf3f42c8d3509afeef923e2592a8a484b6c15e298373,87858d777594f3b9b87a939f209cf14344bdb7da9ac7a65229e2ebfe9dad9c43,True,,20146.0,89696.0,6833.9119251332595,0.9983181198807073,0.3386487692112271,0.3384556713868805,0.2957604623221498
image_0098,345db488286eccc85b925b9a0993f2c699f2d369ed957d796940284e406a81ec,73839c973022045950adb8429ab76f661bd60f3b1855b5fd6fd2b4bd23618830,True,,18778.0,90898.0,11473.011144529515,0.9944069390039518,0.6075642716684323,0.6054951391915632,0.09502690014748699
image_0100,6def4c9ee8354c2ee7c3097bcc974e5dfff38b54f9ba2584f1c6fbd01985a957,90156e9bbcfa9501be32a27ec2ca5239adcdca147b3300dfa58aae31f1696ad7,True,,10305.0,101117.0,6074.423330602876,0.999071013168174,0.5889160864937224,0.5885937701870765,0.17533409923213703
image_0102,946aa5b46f505e7b14bfbe673b422d11cd6d64f422a96cf8dddf046cdbc6b8ec,d1064040d77cbb7dabafaa37b507c50876e3f4b5d1e574b1a1f22c49c98cd821,True,,12152.0,85895.0,4699.367073973401,0.9993307580966243,0.38645671993154657,0.3863567284013807,2.8983866829139
image_0104,828a74e38b38137c928a4c2dae9f8e8ff906d14b2e401672dc58382d2ad9105e,18f9dbb537b790d255f2fc43d5c2f8d7b3667b821dd17de790ef6e47f8b07ca2,False,prompt_colour_instability,5712.0,107689.0,3906.656973034871,0.9873845110315457,0.675310326521011,0.669533445208502,0.9125801977586566
image_0105,b5c05d8bf5b0baa13bb2cd4023dd0fac54ec019bea5d20804b3f9cf095c00952,8863585b4f2616ca207c126128f270feb2298493d45a88cc06c848c0b3bd831d,True,,23281.0,45787.0,11244.023111990069,0.9258292092130618,0.4471476751920947,0.43168378545027747,1.1141261208578175
image_0106,e25f1f98e132f5c0fe21bcb67ffe435c60adc889c53b64fccaf51b4b2101893a,baf74d6e19f6e3aa2973362710f8851edfe55b701b4f2c3cf24175e10112f0db,False,insufficient_valid_positive_prompts;prompt_colour_instability;reflection_mask_instability,14484.0,84086.0,1533.5868849952967,0.9974869904609048,0.10561536637146315,0.10558727159541327,3.9440808136276706
image_0108,8a80a8c1e2a212848eb548f603096afd45df72447637c1766bcbc5976b96d2c1,0d096e2f9b966763e4002326323b540dbd490b04da2087d4f4b9136f3bfa9e51,False,insufficient_valid_positive_prompts;prompt_colour_instability,13315.0,91881.0,2295.43798080142,0.980654429294836,0.16905981397255032,0.16849786053838478,0.45982171845398206
image_0109,6644e3cf4b679a2de107b9578aa9abe03223c0056a05091d00fe091ba84e4db3,760bbb1388ad8153d18933d835a504083d9119c9af11c7d3a2ae3550c2a60315,True,,5419.0,104325.0,2908.9944137702596,0.8911947237789768,0.47840569718667153,0.4520049118267994,5.510893268266047
image_0110,d8631da1e8fd8c34191739df67992a62bad628cd8c4fee85f31a701e139b5f96,4ba0df7920c4c8f3b421cbd360c1d8e848fd785d2de95aa6838d3ab4b5268ae8,False,insufficient_valid_positive_prompts;prompt_colour_instability,19155.0,83542.0,4933.622887454532,0.9201060497383374,0.23698544849253145,0.2322071499898818,2.5649526176957926
image_0111,f144c71cb703f401a0cd7b0111fb19c822085d12b20cde41ec83ca6a3ae15bdd,d986c247bc27055e932b8bf865529c4b56dbedcc797f9da3057744775efc11d2,True,,25062.0,81631.0,9195.953084589215,0.9852596693013784,0.3615194994427165,0.3595746886258484,1.6279938806314598
image_0112,bf36799da0b5cf490aed1ec9e88c5b28d50e8e7cd2ce4cb8703a65b89a550056,93762050837ef76da629583ecd4c5e7673606dab21735178c95f0ac82fd711c8,True,,18494.0,91752.0,11153.764854324807,0.9844123493415942,0.59370086861953,0.5881715034243644,0.5870877433948318
image_0113,15ff3f5df790128b089fa673e3d5f5c7ba34cfaca9564b1531680245f69032b2,75c2fb2303aafe7c56b169149ea7023919f756743795f37f878feee40e14cf8b,False,prompt_colour_instability,6651.0,104278.0,3723.9974819762137,0.9719087371112726,0.5441866921835906,0.5357598691295662,3.2136317493939686
image_0115,d8129b4fe2d438deeb097b0eba53079cad68b48c475c2a8230c56908524f9622,53abc0b0414c5004edc1dfe6d74b1f62c062f3f25c56abccadc77d7a147229ed,True,,3966.0,112704.0,1927.1549367857078,0.927740319935376,0.4508066912805375,0.43551474309695937,4.2053746646719254
image_0116,4eb2f94abbbd3dd356c4f7024d73b1e32f828d9061436e87115c79e0d2309c31,00bc609321672b6d3075889e27b088185dda1f6670316c87039935fc35a80699,False,insufficient_valid_positive_prompts;prompt_colour_instability,3559.0,106920.0,732.6863630469743,0.9004470978289121,0.18537378736287402,0.18165088569653606,4.800028501866004
image_0118,0ae2d02a3a0129853f6cc7a974f380a9eb69c0ca8e2cd1683b6f2568fe7b7a43,85f9697a946eb114f65400c842f6136e16fd33a4e61a8656ade521bc88f00c05,True,,8634.0,102762.0,7137.192397013936,0.7664013937011741,0.633536506854865,0.5309996813653612,9.431034109062004
image_0119,6eea8d14c40a077236107ee01c12bda99f70a6247ae92e7a34ea9c23176e011f,bf35ee06bec214bb3df1f987eae1b8bd5917d004a0bddd0a7d8902555fb0c4fa,True,,2828.0,111809.0,2550.0128031937165,0.721388942548188,0.6504777367681244,0.5198730868019087,13.785566564284311
image_0124,1d8aca68185c7e8fbb58404e05fe5ef50c99c4c9b9a8911a640dfdfa5a60c423,9fc641d8e1ca5e53e2271f3a1334a867c2784084098093f73691e4ad1a9e5685,True,,4173.0,107441.0,2968.511892433904,0.9049951245969478,0.6437787658664611,0.6030246596183451,5.177653412489917
image_0127,e9a9c6ee1b2a102468cf34358fbd89ef3dad2a5f474d9bf94ff9e17020cd38b7,f248f5435cfc25182dbc37ee91027f8b838f149192de1ffbcff529428c16d2b0,False,prompt_colour_instability,6228.0,105091.0,4116.740867212116,0.831414068260705,0.5495690867668478,0.49446751098532954,8.411089316484665
image_0129,9f96e7312e74436710b662b60869c7e2feb1eee4290becb5d7d6da112de738f1,a4290f0e729259c1151cd1a8551fe5ea6bfc31b41ba438883c4efa96c2f20289,True,,3426.0,117479.0,2879.6024876536467,0.9679944225583789,0.8136132945808415,0.7922995260650542,0.939120154427667
image_0130,77da6c4ea37bef0e00149608b3be448b72e3b7b47f51bf7e924d3f48fe313ac2,5e68ba54c703a52f6288dc5b1322fb22a654ad72b559dab6a22c0a24a9695937,False,insufficient_valid_positive_prompts;prompt_colour_instability;reflection_colour_instability;reflection_mask_instability,9762.0,102070.0,429.9263592295465,0.9917969612786994,0.04367953868648625,0.043663764346184485,1.8439853004621554
image_0134,899a79ff520e1c8793ad53d60f0664ec64e02da2f2d8606b8e0146ad1098b7f9,9c93fdd23f262d9cb8e3df5c933f5b6a853c87d37409c5b0a3016c44e5685396,True,,18921.0,79595.0,3483.7347566991357,0.9114016658580575,0.16780728611929638,0.16511382939704355,5.263688365897378
image_0135,804c0cb7da47374ea75ea1e1737a42672e7eada1a40560ab66fdaae473f55a93,052296347805ec5334f9ecec432cec0304a007c77866073c5bc771ab9e7fbc3b,True,,4516.0,112994.0,3483.2578603887523,0.9863021522273947,0.7607494961170098,0.752795940967613,0.9355287107748194
image_0136,2a3a23acfd6da872b185b00b20dddb6246c3981ccbcd5a205e3e4ef118ca6172,cc2a6671abf2e6b1c5f911e3dfe097f79552fa27b88ad1283837b88c6a58c112,True,,4109.0,112420.0,7452.783953768066,0.4183278441670565,0.7587508017577578,0.36921821981182096,17.468639153993777
image_0138,7639a38f29c22aadffb31115262b0f3159f639aa3beb6930310d5e806e904671,273baddb3403a1943c4563a52cedb01cc06e623b7d04476a41719920713700e4,True,,5443.0,110266.0,1335.235443929385,0.9783988183774617,0.24001337141212856,0.23874823546195084,1.744779025365089
image_0140,019463ad3d2b27a45217fd118098a9a9448aa17b6bdde9a7cf9e5fc363c8c769,aa44e66beca1d33609d6cad8a897364487940ee19ff50a9efea5cdfbc034c601,True,,3245.0,114565.0,2520.1225049464083,0.9534781388860117,0.7404874316736688,0.7146667554341193,1.7560484881592522
image_0141,f699c6c1c918a5f377b127463137118e6c7e5ee5dee2c2d7ae028efa2722807e,4f223333e4088aec3fc63a3c5a437028674e735d809766bd441a4686ab3e5200,True,,7374.0,75816.0,1409.0622824258462,0.9889386873543548,0.18897154922467418,0.18857297136679907,2.8439713480135396
image_0143,6d813eddc34ae22b96f80740a53c6ba33298483e956e19f06e53ad9a2a4d4657,7d1d2b7ebbf7a95c8c9023cbeda35fffd590e5fe6bd17d631279c53716295c0f,True,,3410.0,94742.0,2101.076324085152,0.9542015996640143,0.5879326655302753,0.5717972620242937,1.5078302164010549
image_0144,88f8b95ca8c8ff25b5ee463d0a279e86a04a4b6d46a13d86bc0371a2f5359baa,42b615642205136a88839aafcfc9eec22cca3d11931f85f763edc475bf345adc,True,,7226.0,101463.0,3819.878375622531,0.990232556370356,0.5234663615993,0.5207773998744591,0.5011620756065267
image_0145,fc9cb02c77719026d7fdecd7ccde8465a4e1e6418496de1f9957a258e544a6be,0ebc981bbb14af893100cca4219b9a230637c83da47ce9f8c070bd4b96d08575,False,prompt_colour_instability,5521.0,101288.0,2411.833389927132,0.6692360078203445,0.2923538760012031,0.25544393307479274,22.459806487283196
image_0146,2e231d195d6f9c391eab5f8291d3f35df68f34f27732f23f60750847a10c75bb,c04b00ac1dc585d31c177cc4f6fbe34b808033b39851074910da32857c8eaea4,True,,4482.0,109440.0,2623.2711901384373,0.8619340851011233,0.5044816718527686,0.4667631733217077,7.880883013276201
image_0149,6ee53bffb2811afab7d9322537fb27335511caf1f11c6226c07507708e94897f,858b0ec5917821b2f593cd0f637f5789617f753a39b7d4eb8d804d20cdac685d,False,prompt_colour_instability,5699.0,99454.0,2575.245105921327,0.7306266745345531,0.33015314403416074,0.29432666630596516,14.086975895065475
image_0150,f9a4ad02ae03fd6239d31bc56320b813b2e8fd8a89786b1512c3ec097d8c2fc6,ebde34ca2d4b10cf5e9ace0e10f6df7e06347c36d27a7509f2f822a4f6c7ea22,True,,3405.0,99706.0,2831.8739506658167,0.9978786210841113,0.8299167321510778,0.828455080047785,0.10170345787599477
image_0153,a1e7c7225be0931ff6c46fbeafd709843e2168e6baa37d8b387bc617ba1dd788,fd220ea3312982ff06b47d62e1a13c62c6cdee4cc5fe0000d8f86170dedbef36,False,prompt_colour_instability,4084.0,114032.0,3970.002165594062,0.7740799483710544,0.7524728382409466,0.6169762818600828,10.798329762176909
image_0154,d1e8e0663e04eef5ad0d8ff9a77afccca5898d2101861d960f1151216f56408e,8f45e5b80948178dbfe0ad039850fff1d0981b9d0b28e3abd015a01aaa73ff08,True,,1801.0,109758.0,1728.0967251416314,0.8663847998092604,0.831314122855564,0.7368456827209323,6.2097868626553225
image_0155,72146559f1ee0239d071a68edfd8b29992a53263785fa9d894843e670ce6491d,b75173414a95fcdaec5f01144ae488c598fdb6dfc707148830de733f11810a28,True,,9232.0,102728.0,6293.621860206678,0.84388566116615,0.575292162546604,0.519955401206944,4.487180020420285
image_0158,82b2ce610a523a0e8ac47ca4f00a41dbe52d89fb48547a31932badf96521f230,42959bd065d22fbe8ba541009896a3d8af65662f31ae9963ec2bc8017581ded6,False,prompt_colour_instability,4681.0,110245.0,3323.5441723376844,0.7609375116329787,0.5402711882719344,0.46187442001033624,12.36092958278205
image_0161,b8ffce75ca798a881ccbc735fc69e970eb0ae0ce30c48667dc66c16fde6de3dd,1ec1eda2a64a22ce4c900ceb18131f777f34ca982b479766a18406e6268f064c,True,,15021.0,97564.0,13617.734565968965,0.8225685557417319,0.7457240033555258,0.6423916145237545,9.19717951397936
image_0162,6dcd6decbf2f5f1e2d189c14c86c6dcd9188cf5d127db8c2c9a60b85b75fffe2,cd21b029af73d55ce9b58b01066ebf294197b8d6a82416179f97f123376c81aa,True,,23897.0,87656.0,18923.674485654235,0.9902702261670692,0.7841800817182415,0.7781842797008676,0.29055848813314894
image_0163,5eaecc345c4729fb7459a678f48b9709df4f0c1370b75e8a6aefc60b08645384,fec9d1ee808c694e29e31d96e5150b4d3b6bfe2efcc7708dcd080056a5751cd9,True,,31623.0,73090.0,28095.193018184626,0.9769157178137777,0.8679326962804437,0.8504899638138419,1.4619736712038593
image_0164,6c7b473d9081d1399e93b9112aeec0168e052bbcbb84cde9cb0f50ca430fee86,5169cbf8921557b1d9588a8dadc6054ef496b2e0f5922d8faf028f64ad24fe91,True,,19831.0,82471.0,16269.12519386061,0.8659600998872595,0.7104237445390481,0.6400416892505705,4.842049777995372
image_0166,664d7ef4ac76379ed84a77ce69822a571fa8d57cf7eec242f31dbc8d960efc6c,57f1e1c745c89b70cf392d311677ec52f0f6c325b6f8c1b990eca1e8f8203562,True,,32872.0,71978.0,18350.777636078958,0.9982784220128651,0.557288432138412,0.5567533531630535,0.4303681046018739
image_0168,607c5ad9579abac689a44af8f4db1e7d28d125239eee437f75fc526d504cf9dd,c6a154e6757c835ed3f21e7a7d930658afc9387f7f4e74a53f0dc656bb029049,True,,4424.0,108551.0,5138.333858661514,0.6721688276888165,0.7807024968468044,0.5654128585483421,18.683489427815395
image_0169,e46c2e74dc67f91c5b5d6c9240f4db35920336e09e6557247f0ba97f2305601a,870bee35bbb3019f5e5b87e325b89b3773f2a589cfdc8fa65b8517512d7dd904,True,,7860.0,93870.0,7478.988966803474,0.9674293390073505,0.9205335054195868,0.8928620944404456,0.9624308176711662
image_0170,e35dc9b8fcdf16bedcc9b29d27fa8972baf232d5d6f0b6d10c971b1a131dfe01,f27862bb0c9c24b46dd526c7925f2b9e4dffefb65cd17fd8fce659bf35e8004d,True,,11702.0,98987.0,11378.790412993068,0.9565590929604324,0.9301389024474034,0.8924412317799604,1.2641658125373547
image_0171,1e068cb6dd5c621579b40b47609cc2f6a1bccf6e0e0918e462674cc951fa613f,70e6e17c8c4d77ee40a03bdcf1efdf396efbb22753cde416d7fab4a4f83f68d3,False,prompt_colour_instability,8253.0,106670.0,8184.527644411257,0.796196417479864,0.7895906445226164,0.6568357934604896,10.074553088393166
image_0172,64f661ef3d8c6cdb6d5296cc794784c49324c504aa4900068b39228a38330935,65611d7845860b8132cb1be25d829b77c4ef7e892d56c29cfa46e917cbde4009,True,,5039.0,106913.0,3773.4479448178063,0.8321026162083154,0.6231188543379217,0.5535243900947181,7.999989262875268
image_0173,ceffb7503aae6af60fa5396c822c9770ab51094b459b54edbe79d9f3b1ff3f40,007fdc29af8bcbe35794ea69e444e2e88075c1c1d599377d242abb94afaef578,True,,3027.0,114356.0,2174.4313118685823,0.9053855283466187,0.6503794655267815,0.6089890019642993,3.5029895292752355
image_0175,bce9046f422f68df775a1b0b5834e0a49b6267c7d3e4cc6156c07d339338c095,6a651021d7f3cfb881e4a2df1785ff58b4cb587cad531a52e1a84545ba87e6a6,True,,11095.0,92875.0,10001.041955267912,0.7842962817685606,0.7069653014265884,0.5918823561776875,12.3045124356765
image_0176,07c94725f556594e4835d0396c270394cf8827332933c09ea1ee4db6dc155829,c4ddc4e8c9de3ada1b1ae9ca4b9dae0156212c55098bc702ae53d2a71dd2b55c,True,,8302.0,100996.0,7364.730722062188,0.8239078877072677,0.7308913192901805,0.6321430655231701,7.219171799625173
image_0177,cecc97862dbd302cbe3a9305c3f131a55c7039b30ad6aa37d7d233188f987ef3,f6b169e46e8afbb025043bc40d192817a85b68823e46c1887c6d4f6a80694c8f,False,prompt_colour_instability,8249.0,104398.0,7980.922415606833,0.7610130719341697,0.736281523138469,0.5980095780493956,11.578684317408362
image_0180,71d4a592c7a2011fd8dd425a0927a3cffa1cba898f534baa324456ad6e9cc65f,9c9df4001d4d71aa2a5e980f9b067353f3ba413dc013a78d52eff44d8d19cbab,False,prompt_colour_instability,6004.0,109151.0,5456.191189377605,0.7812442544991852,0.7099630276732728,0.5922298970422971,10.692665161509423
image_0181,b025e89ca940447fef12031c93ec002db21518672591c96b5f05af034599008f,3bccd577be728fff7a212570f9b6742647a0f7b5a12766bdf8da76e441c9bd8c,True,,12407.0,93947.0,11197.782688240226,0.7821003262118754,0.7058748684873356,0.5898695701106791,11.728009248144327
image_0183,1cc5b1633b80d751238b5e64ba04a8f24ec7b3b41122a0e975f6a7f601471b90,0fb6bb9c2a25465d7db2741e59b79c2fbb59ff4bc1a32d90f017f7d3d04bfc44,True,,6294.0,109550.0,3400.8666913701045,0.9711694260230553,0.5247565542800813,0.5167072067652837,1.5316390485813063
image_0242,eb9a5d715b034dd54699d0da2ba1c832372a9eeb352f58ee1330f939618687b8,f422c11a30bbfc2d92d0523962a79b86d0183787f383535ea0935de751e79372,False,prompt_colour_instability,17396.0,72086.0,16307.481539927117,0.6952100283943529,0.6517087091522831,0.5068829397558244,18.500110736934925
image_0243,544ffd72d55d3bc1ba14b3e6b90fad6d560b12d4de3824ce00c7929d01f114b9,bb5ff78ec2e07928a8d00e660498f0ca9ac9e979da1a411b91162e0a722a18cb,False,prompt_colour_instability,19303.0,65519.0,14848.611970117905,0.7970400854897182,0.613113969541855,0.5303182488516113,13.979502038687459
image_0244,087f74219f246704b6d5d98a6e925d2f1e8932ec1973e15d9505bb169aaaaf69,d80fa8e98258b03ffc6e041737249c41b3cad0fbd6f81f07f701264c3e74e11d,False,prompt_colour_instability,22045.0,63527.0,13905.758150876545,0.755477014943638,0.4765470926900601,0.41286563533995213,12.396213509196068
image_0245,6e551aa71cfd83eda86b9022459928425339c7463f2dd4fb2d126e8d5f83c205,1d6a499e695feda01a71b59949192712fc8034199cb52ccd8c01e825789012bd,False,prompt_colour_instability,20152.0,80112.0,14230.711437875441,0.8264905774808993,0.5836417682738047,0.5199356532614949,9.5935798265413
image_0246,b820b2d52ce19266f8c98637e8ff17b97fba0eaf5389eac93b95077f6a3d0f81,6def81228361f53a0e316152af246b5219f5f71844374c74f893a21a04456051,False,prompt_colour_instability,18224.0,81756.0,8064.585776679107,0.8861150669974173,0.39212856484901365,0.3733146298479355,4.39170276020039
image_0249,4e8ca7bed40bfde2f909491c514e16e5e9d5ee56e9ad95bc9b17cc9c500da9c5,8e3911ef76e17ab11fc3fa3f4ec40e025db48b014249133f31680e93f30b7d19,False,prompt_colour_instability,41060.0,65181.0,29160.921594962456,0.802740642899367,0.5701085472157378,0.5000539308566919,9.904491710693193
image_0250,f93915d3eb5c17ad155d78f06c883a26a04f1434686d17ce7e964ba1406eb823,b0bbf790c71930fe8156468c7c89bc104ca5f2d95dd449c5cda771a6e5846d00,True,,48694.0,50768.0,26318.912838883454,0.9632235823339056,0.5206185055202518,0.5104716026112978,2.449072499922885
image_0251,e99057d3c8588b0fdcb81f8213cd90aa9b280529a97f042965cbe0e4f211b34e,4fed81b3287bcc8ed4fe3a36a3cfaaa21809f746118f4ecd1d523ccaf512b6e9,False,prompt_colour_instability,38533.0,56575.0,22218.791519658313,0.9201564708454429,0.5305780705156475,0.5072258226562326,5.067044207092794
image_0255,4ffd64f27b510ec228a795fc74987f03e7421b4ece6a3a31b5bdf99bd1e68637,1d42f102a2ebadb4728ca161ae4263d399d130570a9129837d995e949cb500bd,True,,9077.0,97638.0,10601.813623405877,0.7645995323852401,0.8930419454546218,0.7004555058489702,11.511835340485534
image_0257,5170f98f4a94698774458c490e8e2aad74ae435e3db87cf9144150c6a48b8cf3,9450e4933ce079146cdb51772e9c3cda7aa2de2744b97e303b6ed13f60e6c1cc,True,,13499.0,89242.0,10550.464322953456,0.8869251078482573,0.6931974003618553,0.636909638630806,8.938907915435188
image_0259,cf7b32eaadbc98fbb7fd112b532ea015d593ae235eb6a17e7457c5a666ecc9ef,d3f32672fefa0acb7b4ccf2631096550027dfeedd60d99fff7caf5204a998922,False,prompt_colour_instability,26471.0,78229.0,10286.546981843429,0.8952010725810339,0.3478723089910254,0.3342597375622301,7.983151823251057
image_0261,8b1a1b09f6aadd1301e2072bd8e5d9823e8b79b029f66544191a42a1c0287db1,feb1e711dfa0e381984edf9960a7f0dc22e88bcca902dc37ca167725e45e197a,True,,28156.0,69956.0,13683.253118370696,0.985071567903204,0.47872508890928495,0.4752769925610632,0.33596208758957463
image_0263,453a364de6d80af08a508a60f2d41a093a4811efc7d9d0b2fe94dc1824d2038d,c74327bad95a963727e60837bfd20a378ec3532ff458fee4b7decd821596a831,False,prompt_colour_instability,17968.0,86732.0,12900.575049178338,0.6864913888003626,0.4928836643941309,0.4023240100469636,13.382373405327028
image_0264,95bffc6d93e3f838ca4c7de41260e39d382b37c1acccaf929b1c1daaf5158ee5,b94a7eee43a0f98638aa61dc91f57ac2818daddade1515c5b033226dc739551a,False,prompt_colour_instability,26501.0,67505.0,12795.892932560979,0.8017773075338172,0.3871346961608898,0.3533182633425086,8.043093481400051
image_0265,fda118d299109a550021ab7838c30e25f1420a677a9ec14179c5c0c1cadb775e,226f527933fcc85f32fd2330d7880a301c8edfd9bd15b94b15695673c17f76ce,False,prompt_colour_instability,13891.0,87546.0,10297.417505419377,0.9047802625625874,0.6707148595687803,0.6264929037984204,6.118596926939641
image_0266,1de0be6677aebd817cdc0a77ba54c9325224ba871ce5f7107eb1d041bde5a300,60775efb49a3e571d41d675d795263f1c2fdde2cfab3debe841d6bb6c4b26051,True,,26395.0,79269.0,16820.56970276586,0.9494568409517364,0.6050541759043971,0.5861739186163399,3.4637625351019508
image_0270,62685e35bd3f2111d340d9b48c39d636ffc8574bb9665c1de68f9cb2f58d93d8,b2d7d85b4a5088dd37d296edbd32919f24c9252896cfddabde55b40cd1e5a9f5,False,prompt_colour_instability,34757.0,58420.0,16103.735865599441,0.8809263222912513,0.4081538916256362,0.3868135298090729,6.390809229229158
image_0272,c17735eb6dffcacf2a7080918add48c9803b11a83a333d3e7ee601b2438a3fd2,e73e88619ff6b1a624f565dc3d3a40ed6f7febd809174d042f7923abd58bdc40,False,prompt_colour_instability,7747.0,99537.0,4933.045574794158,0.6726261055606539,0.42830711675835964,0.35442350285719487,11.70869937728011
image_0275,44217cde792e7f7457695f37f9745d6955644d3f08085ce95d9d133c3043ae61,72c1f6338860966799e938772b8db8102b3c7a830444f0ab2d4ecca53e55d237,True,,9783.0,97902.0,8991.811802069684,0.7818001009167341,0.7185729708966943,0.5985348604357947,13.818799645405713
image_0276,9beff0c617b8aee6b2f9195a398af24b89c7f1ec1b6844605c6a33ed6002da10,6ff408a014eb4d4e57c38d8c68f3622ff8e2b74b3d38cb35583522bee62cec97,False,prompt_colour_instability,8481.0,98773.0,5336.642246883945,0.8624704672751633,0.5427067954663806,0.499481643738258,7.685218584118856
image_0277,4da284faac483122ba5afa41df44aa689c0b118956ff4d5905f7e0762442f143,a36693a3a2cbd7b7316c511aea98c9af23c2bd4005aa5a96e48072f6943126bf,True,,15124.0,89184.0,11831.020720932107,0.8392714052336886,0.6565351352688162,0.5832068828631288,6.811284284938969
image_0281,448cc28f04a22d0b73bfc93a83f8f551d35f9dcf1d87c8e0fefbfb36b8c52be7,d1338fb81c369d7c8d2d33301d1492fb83e5866bbaa155f809d5d9a677efb2aa,True,,10683.0,101919.0,10171.229479050318,0.8753516198605854,0.8334177853094107,0.7450030021278137,7.5067337727023995
image_0285,d3c5584e220f151a5573ff60a0de783b0545e6cfc7ef9b34564e471e603d01ab,7f94e794db777bc375ce0f05efcb736f92d836bcdfc51e201eb1f921d31fa1c2,False,prompt_colour_instability,6956.0,102883.0,4203.548134761768,0.9432891650429363,0.570034705327375,0.5511465482876564,3.122998277273186
image_0289,786f5ad94ec5a5a9a856cd5d43ccd51139fe865ae97fb92587fc494cb0f5a3cd,20825c44fdf91cf9645f7df7ebfd26819a6d813dfc6532744539f40a10ddb734,True,,7402.0,96652.0,3472.0599764075414,0.8486732010961656,0.39808757829987373,0.37170300612098484,6.344714099237607
image_0290,675fcb4356ffea480718394ed17fa0471b1c14af3b6b402c27c136e85f0094f5,d52b659eb96846e132f11046a176c6cbc454fe82b652a01555339e19f0beb596,True,,3925.0,109897.0,2025.1012050347454,0.8279074331441283,0.42715830331653426,0.39232348942388595,8.720005589719179
image_0294,384e58142ef3ae8c3fe75d4bc3374d539f224ebc8ca6ca77c94fda540de54e87,8ad086dbb84c6bab88c0fe2c8c42853a9cf1b26970ee1d2dd2eff9da1a7e2109,True,,16640.0,83712.0,17419.183014480965,0.7764009433513399,0.8127566180800876,0.6585988554002312,15.74611983167567
image_0300,6f5bdc8de6a2d89398e4731a43ee84910309bb826ded3edacbf4b10999a21084,2796e73e554313f42fd1a72ec75e01d0ff8f05bbdd3e5306be9b862827522e42,True,,31795.0,60488.0,14170.302966340754,0.9312714739891425,0.41504635729947703,0.40271102493503336,3.6150465848517688
image_0315,c496858cc4737b0e42eccd6cbd592e92af5965c26f88ff1716b486b3c7fbc363,0e57e419fc8bedfd5cc266396dc4cb95257623d8071bdbb47dd882079d23b7c2,True,,11429.0,95728.0,6494.653070167446,0.8312177135822496,0.47234847103810673,0.4310093462423782,8.331195623224165
image_0322,16a0b08ae7b364d53526d95dc7c9fd8ecc566d6c0ff4cf0c591facf218664d45,eaf986dd8514a1a3a932bd81d827992f3487052e3572cd1195a3625494c0d0b2,True,,20470.0,88259.0,12770.094278999764,0.966827121069856,0.6031496574282355,0.5909207222049337,1.7113422772909048
image_0323,5aeb8e84da6aa0753aba4be13775e670bb93d7c8c7fbe72bddcf7910ea94a230,acb83666160fff520b197d3ad273933795149cf8d5104a7f767927397d43538d,True,,22869.0,82945.0,14626.905289110146,0.9997610149009498,0.6394424625781989,0.6393447363376911,1.94775013566936
image_0324,09c5451f13c16f9d975c921ba87eefa3c281bb86a2bdd0a00aaab00ab72d1765,7b0de977345a1472a4301bb30dbc2df1d33b9410bb5ba7d0af65753fb40893ee,True,,79751.0,24645.0,24932.848353588444,0.9925684450416574,0.3103103223881924,0.3095910327154533,2.0597592390615675
image_0325,6aa39d32aca2eb8342331b823eb4e3ec601837120f24c5d6b738e82ddfb27cd6,0c8797dc545f793ab2e41c075a8c22c3860272e7a40f06993e946b1debdad2a1,True,,25964.0,67493.0,20504.91921901703,1.0,0.7897442312054009,0.7897442312054009,0.1802471019103095
image_0326,fd77cff4554ccdd62f030042bf398f2fdb226ec5847cd06a7a42d257e12954a8,88391f6a4c677e707c3e00e211acba0b0337ccb986a4f2bb20ecc3d0c928c1fa,True,,18929.0,82375.0,11761.403765650652,0.957593292182156,0.5949939961240961,0.5797189152923985,2.9983931584882595
image_0327,bbaa01c3a603bd34a696718040922757e960d9e50e753437bd75bfa91a6c9958,6d7470b1b86f5b1964ff1e90eb67d12f1e272346e7f294f3010578efd5d2ef61,True,,31538.0,78583.0,23168.009245925892,0.9799740981511101,0.7198950144819839,0.7094580697137619,1.751484613506376
image_0328,e473921d9d16c8a82bf8c08ac20b8e993939223b713d967302e0e686290436a8,69893b4c9cc99701e26618f67f72b086761e57d94d0fb6ad15af5efa7fa20df7,True,,32817.0,63431.0,19092.171396098245,0.998493960529825,0.5809006866076842,0.5803921592310846,2.530608932980517
image_0329,baf3cc1e5a7dbad1d862af5d9f673e4f9b31cde0604cb4be77ddd7b908f7aa67,c54b40804b47eb7cd0fc6ebf902096fe09f19452e49755f8423200b253b11a88,True,,17963.0,79735.0,11387.90952064842,1.0,0.6339647898818916,0.6339647898818916,0.26587143758120774
image_0330,84f78b3cc1b52a229f21f76bfdb8c9653eeb6a8bf0f50ec1eb12ff459c9ed9ff,bc114086924ce53a0e8813b38e0dfe7602e2ac4ad1f12c6f98faf9fdbbe20f12,False,prompt_colour_instability,65317.0,29700.0,12583.31329605286,0.9999694542207567,0.19264401195619468,0.19264287832197358,6.914284633743332
image_0331,05b899b52dbbab875c1023f5d83e16d15d8d10d63b9b0452d18c3d7fd65a7d38,59111bc54690de18aa2eae61efea8bf4635678d87cf344a151d4be23135982b6,True,,17392.0,88130.0,14073.862284749746,1.0,0.809214712784599,0.809214712784599,0.14750927917695653
image_0332,5a0cc0216578669b4f87a694797284d73e5b2036b87d1cd9788fd019389a2804,18f22c169a1167a6fd640c0a69fed6024b3241bc46838751c82bc793bc2c31fb,False,prompt_colour_instability,37967.0,50750.0,5819.352061493948,1.0,0.15327395004856711,0.15327395004856711,8.995828610411147
image_0333,0dd05033144bff0abbe5d1c222aea2a8f09718697544bebc5be628e8838a98b5,1fba36fc0dab92c0d7d8740996957d97aed70e0d021be20ec702204915d6c335,True,,30563.0,52578.0,12345.35963384196,0.9993076023709526,0.40365185800156234,0.4035389957148249,2.7237982836005155
image_0335,31aec6e11220834df68c9ed067c3035923cafb418b08fea5224afdce79cf7f37,594c4c651bd9bd3753c9f0865421e34398a68ee8f83e7319a5a871c757712381,True,,24261.0,73170.0,13630.68578705202,0.9960991966384792,0.5596436734724065,0.5584198355582897,1.1509197514259728
image_0336,a22c5897d764572abb2df3503ea388a8eeda9d87ddc99998010ee37bbb4c8240,80a83ae849896499090589be61a2936354e5b71811adca02b035c006f394614b,True,,54490.0,52475.0,19463.876099210163,0.9929757145782457,0.3546918017631795,0.35380407868821323,2.650958519554761
image_0337,d9d72e010b870ff48891cf349c5bd6c6997928f8a0dbb7d1466d96e76ef0e57d,9586215ff137f91a7794318c98f429959c77d4aa50c4de3f46718d2fed87955c,True,,33327.0,82377.0,24054.391363643575,0.999840865254394,0.7216540184893094,0.7215711399057547,0.8432102450577462
image_0338,e7dcf2cfd5303b2947c9c71314fc7033f49bb6f3d5717f4c465e52aa8ff29f98,e3bf329c517fcb87f4846ead4bd104fc24f9e0bd5a1dc217207f96274079e0f7,True,,13453.0,86022.0,9021.489105042536,0.9973266107415841,0.6688003533021779,0.6676035028389264,0.261141413034596
image_0339,7b42df2630b022f7fbeb623ee6057c4fb7de25d25deeaa97e1708ebcc52a3f65,54f58a43ff25932e52ad7db9a86f97560e1bb873b3ff0e055538b93f5eacf518,True,,11211.0,80688.0,10145.98114657402,1.0,0.9050023322249594,0.9050023322249594,0.06584441987350931
image_0340,e1389f0e1e068171c1730701e7f1f0f202d793d71e55403d8ce51df30d682162,ede919f5b1bb481e22f909575b439f3fb77aff3f2320c5fbaeab261b7733d7c8,True,,19759.0,81313.0,13224.794456413947,0.9998202783258271,0.6691845576301254,0.6691040720464123,0.8354211599474758
image_0341,d421d45820ff03075340fc7909a5fb8b990888c45bd8d908a675bc34ce3e6688,96a0470f5c98a4522a29206b23a52fb0c3ee7b6e873355f997ad117b4c9e98a3,True,,60894.0,32646.0,14421.55973564447,0.9912463166403273,0.23475741400082165,0.23427173596983217,0.9293597980787972
image_0342,fd012c9f009050eba28c4b8f855332d76a713d23ab7329510729defd72b12d81,d1f01b23a32dde729a6988cf7dca195cd09e63bff3bc15290c1b0aecd97c380f,True,,49049.0,64716.0,40071.34864537591,0.9994248253442041,0.8164957618139316,0.8161122723365994,0.23761254635112766
image_0343,cc237800254992491b09ef1600e96489fe9160415b66f27d0614577f551ffc75,b9f44eb57c7925efee2632a073328926736804565d8dd54f7f85ed9f9944fa8c,False,prompt_colour_instability,38688.0,57150.0,14315.067469112895,0.9923189164414993,0.3671710152951061,0.36613043537360646,3.1024221497787825
image_0344,e877526940f6f3a94d6a8834180a1f7ac249d93f4c96c5eff59ff08194330785,2e604a78fe1666276a09819951727327f16c318e6f9bef88cf2733345452c4a1,True,,50846.0,46412.0,32094.235675036907,1.0,0.6312047294779709,0.6312047294779709,0.49929100297105794
image_0345,f4d4f3e3598a6f772754885696df3479cef8dbf1673658c0e7fa034a618ab1af,0ae32d9c2e73136c376ca4acbd92230fca8aed4c835797e3e4106946c3d11906,False,prompt_colour_instability;reflection_colour_instability;reflection_mask_instability,31879.0,63349.0,1171.658389123515,1.0,0.0367532980684311,0.0367532980684311,23.0130608296565
image_0347,2f1234ab4038f291bf9d76c8dd596d9e9fc45fd38e098bc27c2fb0ed1e054f9e,a6c928eebaf3195ba290aafb5fed31fd4cfdf607b447ba6bf6ae6bfc81c12407,False,reflection_colour_instability;reflection_mask_instability,77808.0,33191.0,1082.3378998091448,1.0,0.013910367826048027,0.013910367826048027,109.5748116574762
image_0348,c1cc37e6d7da00683a871a511e3d42fd01fcbe66a2c92a18973d338f12545ee2,67d4e21b49bda1d6ed48ab1593e26c04b2d33cd467db830b5ef07d6d0f5a0ac0,True,,10455.0,91484.0,7520.445979660275,0.9991199216957207,0.7186826779832685,0.7182280007525288,0.2905969382696186
image_0349,ae84a9697331966f729342773a51a894ef9197d95793a271e15d48e61224c06e,d4b79f94f8b61f78755dbe3823e57b57468692a68739300848913840679f77d0,True,,38720.0,61293.0,22.47526024396757,0.7059208459646242,0.0004097560621047694,0.000409686128666531,75.31977726269777
image_0350,62c5850128a6bd532a4a918f6296edf754d4f0e3ae539637fcc35bbef9a07719,4210bc3048d1451c1c25d798ed9a7fb41102bcf317a8d20e3ca3d7c3565a6f7f,True,,21082.0,87466.0,7640.167369141884,0.9985506675878284,0.3618771571454023,0.3616871840109094,0.766685843844082
image_0351,bb35f3ada8b3345ad0814418c9b24e090ff43d66915613fc205502aef501bd0d,c2445da563a668cd53e9694e4b118dd882452285deae2d897f6de513ee0bfec3,True,,15542.0,88854.0,11500.590092564613,0.9908551523472823,0.733201579478301,0.7282734267525123,0.8857589863422627
image_0352,365a79bb66d6f2c4a6aafd09475e2602182bf25de1e39ede52f0e9cfeefd2185,e443a60853ac5587141eaf2e6fbe047c4c5c8ea0780a0bc03c558fc0a366b1ee,True,,9636.0,104429.0,5749.865903174039,0.9916592971248968,0.5917297613225381,0.5887993344663693,0.6669273762723242
image_0353,4fd5c3d7ba5b920e2788430afa309c7e917628a5d874cad057461576982854e6,8c930afc0abab4e7902ebdceaa321ffc8afaf8df3be292350c922d8bb39d00a7,True,,7374.0,110084.0,4881.005676811517,0.9978143492969971,0.6604743020508046,0.6595201556662015,1.0841805989412931
image_0354,4d747e7a650638e52ee7516ec1ad1d93355facba8e07fe29ce04f485a4f3b719,f513f497e6399d13a997856f6166b69051240eb3bf75a6b672793a11d7e93758,True,,7589.0,103318.0,6143.052691972,0.9959899212258441,0.8062219748008171,0.8036134211526441,0.17311691232491486
image_0355,aa018dffb6928437777a8b2979bfbdbae9813d9bb66639f09b71edd777f8672f,d96083bc73ad16320100c5ba1bf20fa93e3243c5ed292f7aea6e0af2865555ca,True,,26551.0,82629.0,11623.600223505859,0.996348808267394,0.4361854630886474,0.43548936254572707,1.3196851674539685
image_0357,b7f3df409184644a2c9f42b901c633d02704e6815dab08f08f23154afbc96bce,b4c81542d39cdeca80f3ed041429e5f57bc553ea0daca0fb8c984e67ce2a2752,True,,31711.0,77341.0,11437.432555433907,0.9971683968298753,0.3596558381997368,0.3592888984194223,1.6383683268858933
image_0358,3dc28712f134adb6ed3e3dc5402cff861586d34f729a8a102d4abe5ce0ab4b6e,cfbdda96fa212e264afe7177b9978a35029f35da65302b08a426000f2d93f165,True,,11898.0,91944.0,8575.812016479496,0.999445790115581,0.7203781489908425,0.7200905001443714,2.0296045992754803
image_0359,c91b4391401d0a2c15c35d272beb5d33de4e8bdbdc5ecf7c089d2ea2a8a3b946,73081a53192ebe343dedfd8a3ab42c7d7a2bb478fd6cbc0abe8ced0f5cb5ca78,False,prompt_colour_instability,7918.0,101573.0,7069.348069841364,0.9521455858682488,0.8500945389827835,0.8152621584730338,3.7174931184070945
image_0360,e5a44d0b1b4cfd15ba76f8ad99a5d3437b4b9b9fca71c0ccad8b8112902b5eed,b612e869e23425eec96d36d09f4039d36c52a83da638bcb9de07ee57a654d78a,True,,21085.0,92759.0,19471.99513910573,0.9316418205595527,0.8603711169705109,0.8092821306240703,5.045139642701447
image_0363,443633cfab69de5da51f30caf47ddec6534f0368b6c4d50d4336b108cdb6923a,e16ad0db40f0860bc73efcf600b481ed2a96110f48903029d3717314dba6ff5d,True,,18085.0,95597.0,10066.018933869447,0.9849651859867042,0.5482266083132101,0.54367695593108,0.5444873079634729
image_0364,6e7e4f064875072da6ae5fc444d92ca8d7c3cb44778135e1337e11531cfe59a5,6d3c119a8fa278a975bc35195c87794c7a1118e4874e9e1cfc597dc2faa85241,True,,31379.0,61815.0,21864.998466302728,0.9765111955233428,0.6804364636363597,0.6694790450428857,1.0355108855786226
image_0365,6aa1c9d3499148ead79570b860abe25f9470d8f9c40c0f12ae60b1c835ba2bb9,ff1f58ee2789261f800d1b6feed7501d88e67bcd739a464ae1483f2f5073f37a,False,prompt_colour_instability,63771.0,34195.0,4270.583783262363,0.9985487292308686,0.06687030170219359,0.06686380334553327,3.754866605741393
image_0366,7a58f5afbc30893dc0db781a0159f4664d5c530cdb63e9e7bbbc6f438c9df8d4,4baab56ef91efaa574c25a36ffe748be2ebdfcfffa1cf918910419f66f62336f,True,,35476.0,70925.0,19801.08516466836,0.9760517623565929,0.5447875767151747,0.5376015567057787,1.5094032201928238
image_0368,bc0d7f7c05e0f5c6859a65eab0ac4e5402a4a206f9724717ca0b99b904146a97,03fcf18d90504ec81ed84c08b005cd29f0963a9bc41ae77db231c26a951261c4,True,,51561.0,46433.0,34121.90544136886,0.976876072260358,0.6464745246524262,0.6367307027179944,1.135185592259498
image_0372,63609c51c94915c369909b63b7e3a810af4713751658316670cd8791dd8c7d4d,4b323c3e8ae000c7eb0fa237f2a543f33989b8d588bbcc457c2e3f48cc71f06b,True,,53925.0,49180.0,19304.231033798176,0.993695347517724,0.3557260002910062,0.3549249495343922,0.6384704431633165
image_0374,1df20c83eb21ead7e7f40a50a092b4d0d6b9acbd9bbf756dce354e5c0fb99354,003274c90c662fa94675e2185369fb7102376aa1c7054bc106697b508263ae48,True,,39285.0,66210.0,23961.934948402326,0.9771552651255879,0.5960170776995842,0.587826204701685,0.5932478154363053
image_0375,eb47d754b37c34277113029f56b2614042b0ff161e2841deeb983236e7d733de,2ac9e01390729a15e59cdcf73d7fc7e5e866673be30f63b2f3970e518e590592,True,,8242.0,104244.0,5928.097225033212,0.9997730612276402,0.719091471721249,0.7189741158926368,0.2193382155758562
image_0377,f591b615460de9696b388525c82a0d57541d3dcf23825a15eb3de41103e076e1,aaa71d3ac5303f02b9e4b970104d9e02ebd0d8e30c8f9b54673605cef64aef95,True,,18413.0,78789.0,4722.745980079781,0.9907658714460147,0.25412130215455964,0.25352084831035676,0.6065168712669473
image_0381,b4afefb51bf63c1c433ff237bc96d6175cc04609d7f495ded26c9da97a35606d,fb701cb52b329b2e20a54e528d98dd9f69b1d8a83bd54e24248a946acc789d33,False,prompt_colour_instability,14247.0,102200.0,6075.933444366397,0.997736235223451,0.4255056475223124,0.42509524773058766,2.005411692244804
image_0382,2ed3219fd148216ace2099651bee91ebdf4e11fcdbaa7a5f56ed645b61002542,756b138f16babd91c03029937c0edb4fe0338176fc596872e3e43bbecb478a4e,True,,3812.0,116806.0,3522.4049203367467,0.995698028459141,0.9200555179994954,0.9164126369586507,0.08324689904761497
image_0387,bb9a1205a93379efaf6f05050c50ef711d354e253f6bee545c39915cc882c493,abb4271608a751c0611924bd02800eaba1c2e84efc4e3dd05a1a5f4a31f7713f,True,,6332.0,111559.0,3332.050438581855,0.949626433647223,0.4997162310049198,0.4868119274613062,3.633192499550319
image_0388,a82f96b69b8110c26107efe88c7e9c253a98e949374f296fb365b7180cbfe6d3,2d052039c499093b0d6ae321ef18be0717a76c5a12c962bfb7b1207ea923dbc7,True,,5378.0,111532.0,4221.551198782483,0.8992034112679597,0.7058447822215607,0.6540917534768635,1.9881133231309793
image_0390,d542dbc1e9ed35734965f0b5a2d9a2569ef3b0339da86b77778bdc829286e3a0,ec87506386c94fccf8f0740ac2b2292f7dde16ded5086b45e626ae38ffdf5b46,True,,10126.0,105561.0,6924.054833183196,0.9886779341617614,0.6760478203134823,0.670854126451438,1.0578257284209822
image_0401,09f40bfe0086d8cc7e73efed1d61e6ba080f37e6337cc9dadf0a35f5241d8651,09d2a5845f0dc71ce7a22e1db7969ce6738994fad11e3f8127ff33c912bb16d3,True,,43360.0,44535.0,30785.30138953701,0.9598944493844145,0.6815184484880737,0.6626497198750694,1.9288493996395748
image_0402,9027cb93e247dfee208f16309b61f57ca889b8d3a66ffda6a6ebee68c72af34b,e6ed31642b36149a6ac5ed27d465d5fb3307463bf33e2dd84c3918e1d5263e9d,True,,35502.0,59091.0,10996.745491518677,0.9972518909811118,0.3088988010831789,0.30863608176493657,8.784102263341584
image_0403,b3f4f1c814c05bc3abf4c0a17f2e896f8d3a0e09087afe323e78d6ea41da7a6d,2b051ef26ae96237313a13a158e486e37a2aa8f6a0dbbbebe0f9901dd336ee38,True,,43733.0,45754.0,28414.971761723224,0.9999447942283833,0.6497016690206858,0.6496783655370797,1.2344496269617486
image_0404,d4729f389e97a699fbb5e2a834b20d77ad9feb6ff3998eec8873a751f2e7b57f,338cabba21ec5300c0700495509f1cc22cbe50db8e25a81a3f4e74df52753875,True,,41052.0,66219.0,27303.65060982053,0.9764783347309652,0.6494549176545272,0.6394511899300617,2.5724957453941317
image_0405,63e89a4f9a39e5516136f06aab1ba190b0713ba8f561c7373c51ce493a4c8e39,9cd67d6f726df526e4b970e6d3a51558c564b6565c0c1e4276ec4da4b803106c,True,,45315.0,64019.0,33232.51097646739,0.9732344437153715,0.7137377101058638,0.6999974825677038,1.2131577938560325
image_0406,2e54e6c9e98fc71fc70a679decc0d1a71cfbe0dc19e0b9c4c24b7f3bb8fc953e,e0f1cb0ea6eb2a963ce2d5be84900d491dcbd8d2f8d17c8b0cd3a2f4f7ea9521,True,,47546.0,61048.0,39495.23031840106,0.9835314044768914,0.81699405512967,0.8059683790028063,0.8301651575746679
image_0407,3a86482b7109d85f9d56398f131826ebf893a9982ba36f662402759700b6e80d,0227e652f32a41dc318988d6f8ad5cfa43ba1ddd52751115931ccdc60e7f0b1c,True,,42462.0,57401.0,24424.87968988558,0.9987872097092646,0.5745197454887971,0.574119229560852,1.9303925910295303
image_0408,022aed930463af7c8e740071985f66dd8b4153b570aa9c9987bd2f9ecfca62aa,dafe2eee3e68aa52dccbe94987ea5c240847f7d530f943b86f9d3cbe183efc61,True,,44822.0,46644.0,35885.04160211942,0.997698792180586,0.7987698599746692,0.7973009325608051,0.43335518029017944
image_0409,321718e5c608a6bf6363b27c2dc93d677b21256e4ef9532d8949fa2dc34848e5,34d18dad954a12cf1adcfceedc1178d36165e6146787e1e185fcd0aeb6deca52,True,,39379.0,68134.0,19967.699009695047,0.9906108914409832,0.5023037689128532,0.4999236896761331,0.14692043350484535
image_0410,5ec107f040fd62c7a2e53db43d12389ae5bb2fb27761f5897af2773c2aa28776,11f0a03378273b1ec973cd150f9c45c178eef47b29503281a8fdfc91a46ce31c,False,prompt_colour_instability,56410.0,51861.0,33461.06203046154,0.9916590882469924,0.5882284393707418,0.5853324315161077,2.2622281438530822
image_0411,a38cac548d90531f125cdeb857b5c1aa7bcb8edbd578cb39f26254c8b4216309,564788d01e110ef9ba3ee09525a9dc062d238e472e764bee379f36ea4c26e09b,True,,44586.0,63754.0,41330.824963153624,0.9968385796672186,0.92406048653713,0.9213603400964318,0.2506406873819967
image_0412,e2733fb1cb7a9de215a5361ad2298a57eb870283468e8bee09b95ee750459872,d5691d5a3a8f8caa3bbd1806fe28ec20f102dfdc42eea1b396ef7aabf73407fc,True,,54525.0,38228.0,41385.99884886149,0.9973779317278489,0.7570377246101533,0.7555340433048114,1.6757953415494953
image_0413,24e239a1ee8e1ccaaf78af018704a49a21579b7fc4de2828512169f2e581f465,2ae8fd447b3d09d6387b79e175c96c6088bd11f56fdf80bfcd43b157ec8caa9e,True,,39928.0,57361.0,28976.55242926302,0.9987831997121167,0.7248370504890109,0.7241975431882672,0.32467063826328935
image_0414,65e1b7e58b807d410c0bce94184eea253669e6543b39ce6c333e54b1bb154315,77dffc4cb147d812f9a09e4b12bf809ad9fe1e2292ef83385b1a56ab502cba02,True,,47962.0,42832.0,29772.659289815965,0.9984948027566369,0.6198208074126463,0.6192422128993716,2.3310303137551105
image_0415,86761613b0a39fd7528dcb572c9af3614c5921b8c47f25b0c21c34a4fd84c4cb,405d34a115d1fec5fa8050c25e98fac371629e656c81db0ef0815e62b33df463,True,,42471.0,65415.0,31483.109410560282,0.9947684693746917,0.7374068083986486,0.7345581518800535,2.3958586358428393
image_0416,b0a97944336c00f0d73cc51f5e4db91d22c99d1dc2cd2faaa78ab81fc46fb58e,48fa9b7632efd78f41cbdcc44d1986931f352051e239d7c301d63d59cdb35dd7,True,,52187.0,41107.0,44830.447460828815,0.9998735936629546,0.858926181006327,0.8588329225391915,0.25230209134599946
image_0417,89eb7283a9d190d9ed351a16a3bcd2fd21bc36d884dc0c4120614e05217c7dc9,65977051a10da9a290b26afe89860af3e1e57a62c08618633c743d00d8613bf8,True,,54406.0,51206.0,44423.44441299524,0.9514108946244848,0.7768435281268403,0.7471992576996443,4.039779938620679
image_0418,cef34476ed1b6fb8874708cb02b4c8c08b3a733e6ea2e8b8a464ebb25c7a959a,b8c5eebdb417544a55033da8fc0807b3d89a3435d5927d55e023df530f749053,True,,58296.0,33310.0,46212.423764906875,0.9935548560996668,0.7876111232976339,0.7836075184801726,0.3334567421720579
image_0419,d9220c9adade28b6b3f43b10b1b5b9e136ed02421fb0d7270f48716cc196d873,87c47cab8fb16d9ee084ff6cfb698c842cf03c1bc782744ffbec2e162d2c3c5b,True,,46741.0,62088.0,38766.15704648064,0.9967163863463169,0.826658906824886,0.8244137224247324,0.17618375304170114
image_0420,7ba0e5f7ad122c00c781d8b50e3b6d6516b1a885afb7b1cd1b5f162b0b72e280,ae5a3eefb7df65c656af1476f90102ab5a928e0565ad8d57993a1c07ccc453c0,True,,52582.0,43972.0,39288.76617589473,0.9904076590507628,0.7400231055353673,0.7347568787569729,2.0627237043357365
image_0421,51d061784c0dc51411df2ff3b6f794478d997074e41759199f51b0e200abe349,5ed97c56e8c1382418f78a288a8f98b019e8ce1754d0506bdbd4b04d18896040,True,,39336.0,69748.0,34217.80420528547,0.9287285560702254,0.8078872252254542,0.7607238853923147,2.8059679075756208
image_0422,c63da8872373e2f09fe8fdd4c72b062dbe5784f05b6ef6cdc5786f4d3e1141c8,efc70194e39e486beea63f79fd7070045924758459945a54e4cee58319fed23a,True,,49988.0,59836.0,42530.93452705623,0.9915517049714326,0.8436348852590817,0.8376141126925254,0.4753221521442185
image_0423,3e8f197d13335ac89daf303557ddb3fa7e57d6d5b4419e1557e5334cb7f3a374,4ab6b640d0e971f639fef3725b1b90a84960a7886383804cc1b2c8fe0279c227,True,,48211.0,58419.0,29459.716303844165,0.9948053507683238,0.6078837487540396,0.6059602902889191,0.64541508621986
image_0424,b97bb71b757b05b7ef3cd4b6ebdd3452ee8304c8184f3726e7502aa64638de2f,04efcd3500771c60784bde5fb76611ff4a70a8b5a23ae189a47b95b837ea3acc,False,prompt_colour_instability,55111.0,47838.0,36013.879770574305,0.9945433864956014,0.6499131924275081,0.6476039776926396,4.775281151962012
image_0425,313a3df45ac8254679f55828587e0747f68ea17785a4fd96b7ca776aa490ac04,8bac4f624d1629b0ce018acaa4f53ab0f621ce4854f260e26ee1402619d33d7e,True,,49256.0,57249.0,29718.122278652998,0.9961202803561765,0.6009993563397548,0.5995958280496246,0.8196884427219189
image_0426,35648ccbc03c2e02f8ae435348d2d5d8a04c729207651418684fb2d168b3dc24,9f8dd6a8c8a7dd89f2f7f0818e368a3103b641d49a835d4d8c71cea3b6638c3c,True,,47174.0,59847.0,32064.265710647585,0.9942085026629549,0.6757655827610561,0.67311586702363,1.9543866175563898
image_0427,2ad3d1e6ff9286c00428d17f240cd643a31624ba27f88cbe8a00f5cd4ef673e1,c6359c094a12b19b4979f2bfeadf051137d3054b114d5862c1142b07711accd8,False,prompt_colour_instability,44451.0,62594.0,25770.883252150204,0.9908541076662384,0.5744569419941081,0.5714269979522677,10.628310536853455
image_0428,a1d9d620deedd342db24381458dd5f5ec6cf875acfa339b9f61ac54da1cea2d9,e1420ec9abadf84e109863cab1b0bbac3ca28a96c8489e5b3782f906ce73b23a,True,,22397.0,72459.0,19524.415050567466,0.9810997266318875,0.8552662530142096,0.8414031515634248,0.9550503389054892
image_0429,0f118b8d77783f5914dc8492c929495c38eecf3d158aa487990d692be0095942,1723e0eb43ec6a3863d26b1819520fca17611af21c7e3882673ba6da6026543e,True,,47894.0,61199.0,37165.27769038653,0.9889534647490628,0.7674182599129077,0.7608958577271515,0.7299609353814136
image_0430,6dfbf7140feb0376648f05b9c3f062964d462d682ae3df024cd5d13425e9ba37,12512cc17d22d71ebfee130f0a8ebd32e5480e290191dbca24c313c6d9f68817,True,,50486.0,54023.0,38086.73105948693,0.9910558974681304,0.747654387984533,0.7426434404586286,0.7627350478695553
image_0431,f54c7535a0fb56b9fbc4db48d283834eec51c6ebd3522c218eb91f20ea1b7ea9,d3d665fff190c0a3bd23a6b5c0c191b66d9e95415023fb3f33447af344545002,True,,50856.0,57286.0,30979.88993382142,0.9956374422552866,0.6065112941454354,0.6049037417700875,1.031253035451261
image_0432,42b83f4568d608baaad749907a04414590a7d2012ac9f81a5ed62e6ae464c8fe,78dce8e74b609bb7b3530afe2a0a295cfa6fc46c1d50852d59e6270ba0b03b0e,True,,55400.0,50976.0,48330.93335787387,0.9949323093080339,0.8679784681726018,0.8641579817302062,0.1987808792260795
image_0433,21d8d89fc32f5dd7f0bb9fe2c81053ce9e607f67d7b863a1d9a3dd93bae4f6bc,a346a3f5ff24b4e02bddc4119717e4262321a0d1e7ff6e931f13e696a2cf43cf,True,,51943.0,56226.0,45526.07111542683,0.9935654183611249,0.8708224379442346,0.8659388313214126,0.3169227936734641
image_0434,6cc7b92f2ab32010258b352a2bf3aa2366cc4e7da377bb8356d16f78512c8b28,5686475894c55154da870d157fe1b20d0a28966b188b75aaaf7b69bad357381b,True,,45929.0,61811.0,35254.9624880763,0.9919123554728867,0.7613889456259885,0.756691366536334,0.9991755073373745
image_0435,2340ab9ca415b253e425ecf519da2b0eb6fa93c75a2b48d00af37be9f8bfb030,323d594853d890e6bac9381f5a271751ea24261ee4c6a7d6be3c4eded530c0ba,True,,20045.0,93332.0,17304.652401055602,0.9916191822150213,0.856055139059614,0.8499060028323981,0.5046550608449646
image_0436,409c9e287de68bd7d83ce78a0c1dbad32d35005028183a9009ed283df2ad517e,2d2104232c50325347d253555503766d5b184f3e5fbe86f0b68c500a84822f9b,True,,50891.0,55950.0,40655.151807064234,0.989167729569252,0.7902136764513765,0.7834341927909417,0.6448449403868284
image_0437,1d95b047ccc684e0653f94b78d5c1029c6f123bc2c05e0379db5308fcf396ca2,c9765e5f9e956e20bba65341bccd56311e449f59598bc8a6ec21aa15e213f567,True,,54229.0,56589.0,39597.31517872255,0.9930939735143088,0.7251443890047029,0.7215060566781023,0.38953355777595206
image_0438,39a2c11376057a5f3e51489054edead1c49b60a061706db962528df77c1ed4b4,fa46f9d092f29ebf8a24baf29b026c5fd86ca3f4ae4764d0864ff788f370410e,True,,40303.0,68806.0,23366.340296335668,0.9805442447037062,0.5684869736089182,0.562146078005197,2.0951238498218334
image_0439,fe015ae950809774b457ca38554da5df5897f7a7a44e51479830f7e8415b57e0,297f8497be40e62619e5ccb2a7805797dcf24ffcbb94f71ce800359785db7610,True,,46504.0,60230.0,21247.802451063493,0.9951195697351953,0.4546728030474955,0.45366119226110646,2.056577703276172
image_0440,c0333632edf5dce8e40e1541d7d2f8781ac27d24d09e229cfcb44303790d815f,977fef059475728e1a6ac2098b94fd1c8dc68a3af8b4bf1a453707c560e00dbf,True,,37022.0,56351.0,30765.29524449484,0.9703337085831043,0.8063476589661503,0.7869472846027417,1.73565088069351
image_0441,63e47cc40ed7e06ccc8b22665c4de1b7228d6d5e6418520824e6c95dba8be294,8f315936153e9c5a9f01642440814fd4aaecfb86e9a1bef3fd417d0b58768858,True,,44946.0,45663.0,37598.81361938955,0.9906918628625739,0.8287464670052006,0.8223432386045829,0.723898145387668
image_0442,3b620cd1e485e58efc95b45539002625460b42e991fc564133b82b22baa90b5e,51810a40346b05d12520768aefc7433318cef6e3d9097143fdca1fc4a8a14b37,True,,36146.0,60662.0,30873.360363860324,0.9980318366367981,0.8524483081694584,0.8510176911426742,1.285741208715393
image_0443,3e4e2b65b013a8a7adc208f8fd7e1118901abc9cd103d95ef1515d0d44b1ad8a,b67f437801d0498dcb129486b526681a6fafd17bb064c117d97135491cd9ad76,False,prompt_colour_instability,54909.0,45246.0,35816.82722070004,0.9964368858498001,0.6499700919123405,0.6484629349955437,4.801927233108041
image_0444,1a1c80e3d41504352d37ac871c4b862b6af07c46c748a820ee4637c66e389f34,43d80dd2855a25d411b476d1ff2b7ac37fe27a0db32f468f1e6c224e21f20571,True,,44333.0,63453.0,27990.89865675693,0.9957447050551436,0.6286916997992656,0.6270071189460416,0.4070029889282928
image_0445,76a55af819a5866f85c2e2dc14f719669a3418f9c3cbc04992d2652409887ba4,58d11fddbf96e54deb688c6dc4f5048e7b3a9346040d1109532456261da3fd51,True,,31326.0,66841.0,24918.71533741099,0.9293602725371883,0.7392729386852102,0.6999422175439961,2.611016928909444
image_0446,54f9d4f890d126abd83907386045a42960307d2b713dd8f033594bdab2bae5a6,a188ef5d0224e81d8f2726d7f9717119488c9688e7739043b24d08f84ea2b276,True,,50464.0,30613.0,40166.57836248737,0.9929721977329047,0.7903514503806678,0.7859550180730379,0.43486073809876247
image_0447,ad625e876b1390fb66c401fa5da4ccf322ab81086fb5dd2e0a43f214676bd27d,f46a47d73c7f63743bbb7374893736c1f04360ef5c44dbdfed9658459cc49ec2,True,,39861.0,69612.0,34661.60507141393,0.9299370233107623,0.8086377623061111,0.7622013379304452,2.764917002964083
image_0448,8582c896b92f0511c0d65657cc6cabd2eefcd86a81e212362893e4d430e0282a,6e70e07932c9b62b8d3e97c865ebf4916059b2c3060e43bdb5d0692cbd6398ca,True,,38210.0,67173.0,31322.531612592567,0.983005302378024,0.805815615259926,0.7947437603184336,0.5283012624715623
image_0449,2f7f52b3cc3e1961b847a0a389c875e40331cec17881fc8de9909e464df762c1,6cd213e637ec5c87465a2c815a7877d50fd34f806adaea9d107fdc3bc11de103,True,,46047.0,61911.0,35335.599010680526,0.986990090976584,0.7573975738324682,0.7499107953715118,0.45978750403808727
image_0450,d521ebe2712ae6a4df90234af7361cf4d366e014639b8c41b906dcc83c754971,a634de485ce782c1a853fa09b97e71addfe59c34824d052cd8a11bbbca3ed4f9,True,,32093.0,60680.0,28302.083889792855,0.9920024842148655,0.8748243394862442,0.8686975662220845,0.5993738240367414
image_0451,f719c4bfea59d70c21313228dd6971c0ba6b87b18bd50e9c2a5d429a12e47a14,16b24c78e1446191f786b323d8143bd90b7db0d5d9d606891f3bcdd6bb746892,False,prompt_colour_instability,34153.0,77981.0,23292.024259666865,0.9650389473817719,0.658147470908547,0.6428206288867542,3.127062445977514
image_0452,3bafd4581ba03bd715cc3fc370e28a49467dada7982eb2a7f1cb674b55cf7c1e,b8abc4765c7da0ba679f0498f069a63cd398ed881cfb92a07969a5f80b6eaae3,False,prompt_colour_instability,35986.0,67353.0,17466.365681037307,0.9922343965758119,0.48159642116091045,0.47978802496357537,1.6514187793911612
image_0453,25c792d6008bf66d776da3d125780b17bd297921a5fb4ebef696f2df1d1450d7,46014511a0fab0d30d7a56f42d31ef5f6cfd65dfd6f580bf7da81266d03bc3d8,True,,46724.0,60774.0,21322.714465559733,0.995182991703681,0.45415638158289295,0.45316021574255794,2.0320899304336035
image_0454,8409b8c7deed8ac899541614a29de26f678f700b99c6c8d3781aab7192f9790d,e74d2ef1b9ba94a2ffad3fdf9ebb851c4422941fc6b974ac9ab2e5b02df24b45,True,,55704.0,47226.0,42473.10002898784,0.9728906720409295,0.7418081794999211,0.7267853243758605,1.1171269949839608
image_0455,33cca4e4d365c4abee8bea5057c19f69faedbe6d739d694a5938afb2e71850eb,88234fbfc9717bc73d3c6434a4473025aa588b90b2bd485797c00c0830f02893,False,prompt_colour_instability,55861.0,51885.0,33039.886133331354,0.9931816894497524,0.5874332706025578,0.5850737854240192,2.1821744102065654
image_0456,4100fc3c5bbd701d9f2c9103c70bb689d5bd3f136b07b2988f0eaf4aed0903bf,ceeefb009fc56f756fee10b42407e7cae6317de683f9e61293a1357fb21f4be6,True,,42356.0,65672.0,30773.255510212068,0.9936515387681856,0.7219258827705347,0.7186113596473575,0.3211744715891103
image_0457,bd04024bcd46fb3da4c9a2625a1cb81f58b30d3f0d5308fb83f57e4528ffc15a,6aba746e9b99c472a368d97f966d97db128dac62f244c6f2433dc4113742e00a,True,,42383.0,47079.0,32120.484909278115,0.9941055185152957,0.7533952600264411,0.7500446558329468,0.39157462423787637
image_0458,c5e4d8419c3f8f5fddfa7f2fbcdd9c38f9a22099a7e9c211ad1fd75e1c1f8d55,6ce9cd60ebf14d561ad599c5a66cd4ff2f9d5e9a35cc9de5afcf2df399c6ade5,True,,54266.0,53468.0,36606.56068143588,0.9737600330276548,0.6568754973313651,0.6454504680730467,1.09883098097675
image_0459,a24cfb235a938bdef87024ad94fac5af3b22eddcb1868afc6c09c740d9d2c46f,46470e51d17181ed7b4da1486d728ebe4168303ce3ea5dc59ceb10139cc1fe36,False,prompt_colour_instability,44460.0,62670.0,25802.731434498113,0.9908639857202286,0.5750561698527987,0.5720232101208265,10.58237079435854
image_0460,8bf96e9f5496b167111aac7f1d611203c64d89a871dc52f5c64e70af1b98b519,60ed353561f2d35015dab93aa41592d59c8b427c64b52e541df6a9863e54c1ee,True,,47894.0,61200.0,37211.87904942631,0.9890044627184847,0.7684201454466761,0.7619110414026614,0.7253979579016427
image_0461,772e5b4628a50c8502b22d5a33ffa9961ca05a2083157f8da6d61b5af86dcef6,ad150154de829398d7f5305710f1c9290ef41791ff6e414df4661a5a1550d858,True,,34985.0,76824.0,27687.582405267567,0.9944301784404025,0.7870049310233979,0.7835510154500933,0.664233373786997
image_0462,75c8483fea5030503e8a73f683131d3df262b02aba0cb4a4e844544a8bfeea01,f89e754ef9ea3bbbdd3eb62287e5b13c38aefd6fb83fca1c7cccc26026da1258,True,,47602.0,59094.0,40663.77241383862,0.9912111426313936,0.8467372025970321,0.8404274099056189,0.4659841359546231
image_0463,1ec3e147687ca15f22321315f377c299f9156c1aa3d15cac98608291fd43e007,e840c40c98bcd9d3bacc8184abd6c3eb87a82b200a504fa719d1f0a3515e6d0b,True,,45093.0,63261.0,26162.202739996173,0.963689229580389,0.5591163374056474,0.5475805132998064,1.59171489571667
image_0464,3487394ab9847e8fbc7021ac8cdb1ff4330df3ee231225b91671b44754de5796,444013b71f898e30757dcfb7dfdec70e7cde81870fc32dec038066a0b355dca6,True,,54972.0,54432.0,33755.575692699116,0.9940962720751481,0.6104251611340805,0.6082202494895809,2.316491869598255
image_0465,444f0c8dad10a0c57608c8b1093766995dffb2062d3422ee1a6cae75aa8de511,7c3903ffa839c127b579c114e9f9d818794050aa048cfea86c4dc845c2683253,True,,46518.0,56018.0,38854.23013333933,0.9961464491737001,0.8320328342298412,0.8293633754546793,0.31495337913449417
image_0466,628f31573f2d607854b73cc5e400612d5b3f34f437420ae803a8f8906c66bc13,e80648b8a1cf5cd7f04545dd2840746cee4483e12419f7662e2d02946cb46de7,True,,38749.0,70209.0,30818.264759631198,0.9987556656870544,0.7943409258387403,0.7935555778994271,0.5257570119209555
image_0467,210c7133c55e776166da63a54edfe916af550f385d386cbc934e0cb76729c05f,40c419325d8c56c27ff8c6b1416e16c37649271cbb1e2515619573c6116f7d57,True,,45931.0,61827.0,35255.68463623383,0.9917372104831492,0.7612369496595364,0.7564393494571118,1.0130056819294155
image_0468,24fa3144f5a4bbb147010ea129dfa270c59edfb4c8a8b24e01efcdde10371415,e869e85b8a8886107fcc715b7a0f5951d9092817d6c046aec7c13b79049d2dad,True,,44574.0,62783.0,41357.991408659494,0.9968496529912663,0.9249270737232016,0.9222313455165219,0.25248295552582434
image_0469,49b664bd1addead4c4a73388897faab554dc0b2a7b54a5c9a05e50167773bc50,39c53f8a76e4257164902c202e3b19f7b464aeec4bfdc3c4d7970814f309668c,True,,50056.0,59808.0,42555.01386386226,0.9921288485712408,0.8434564668708417,0.8378498733558402,0.44547457247367156
image_0470,c6b2518478fcd47abb1737295c4f3c48e4632c6e839f309f64947e80c9aa4f0d,3fd1352d00d507122d769107992fd2e67381e6dca2400646880cf21d9f75f794,True,,52086.0,56197.0,45660.088407975156,0.9935796063460745,0.8710005119633474,0.8661256949178662,0.3163177869533561
image_0471,53cd13ee34360cbb6925d2a91bfa8ccc04381b3953eee3f16253300829ef1dc7,632492c793d0e88ac1aa26362d8734a40cca283ef1960f981533c53cb8ac75bd,True,,50900.0,55957.0,40662.62040108761,0.9891685921118099,0.7902197833736894,0.7834407364445916,0.6442195344080418
image_0472,55f147c7549a6e3104c55adb80d83248510bf319a6e12e23660b8fe3b6af2eb5,6c67da911e997fd14039e5dacae02d717e2d22e76ac452ed0f9bc50de46ade22,True,,41487.0,64041.0,12465.886531505881,0.9932558601937936,0.29845047484583365,0.29784690047854595,8.826862537273863
image_0473,c46208f7f7877b938a701415c287bb4888a2192f4c7efb1655a36c0c5ad2ec4e,3a15a0ec3ff8f11790c086b77ca277d0121542b74168229a0139e6175b402e72,True,,47907.0,60773.0,38413.17421904665,0.997826178576276,0.800084973761163,0.7986928274875068,0.24523844011858525
image_0474,af2cfc4266eaaf32bc4cbda23a81597735d2d30108e21add8d0854766d97ea80,e6e838333e8b0bb6d41891529eedca900b9d5a8f02bfec13fd4ee2f3275c3e21,True,,54348.0,56591.0,39660.26893901955,0.9934383443552252,0.7249582673044555,0.7215034591133215,0.3548943114608156
image_0475,e40f46549baec0d99d3b764cc24eed6fd61ac3b8f30f059ce80eb40ad011b448,1a440d92953d4477a1d2e0416232af328a837a6e695bc9f6b5aaa23c90988d35,True,,49374.0,60150.0,32150.443866211364,0.9962499436912484,0.648719526296466,0.6471392820706315,1.3834367971005144
image_0476,dc9988355079c66d692fee3a0536a1699f1ea2e75569627dc1b24c3559d6e5d5,cd50d99c565b3b1ec4ec1205ca2b519bcff4385605c1c04c537884e288e372f9,True,,46187.0,64060.0,33753.18327425262,0.9730770540997556,0.711118889449388,0.6973975044290623,1.193163091303459
image_0477,c63c1667fab22fc3118a6573510fb011df4a4c0073ae9ec4ae9c3024ab9771c3,e8fa0ff0b88168be7cf218532b2492773a48ead0adf513174583fd57f8e05031,True,,40627.0,67102.0,29994.090365066768,0.984517645843536,0.7268494162855691,0.7186351945568684,2.187374674928744
image_0480,39fc4579ebe9da109a28382d9f7f7b1533bee1e9e842f3d804bcd765afa53801,f7ee9f43b1d0cdb4ab9f7d072158525f5825938de4258cf090e21cf70881d41d,True,,32062.0,50073.0,23207.64386013639,0.9991203971016049,0.7231997489031281,0.7227395888256163,0.17327863263436424
image_0481,f6b9fa600bc47ccb2409b1572a14c7cb54db99ee2432b89156de315e205b76aa,8c6ce250b698e8e9b5df320b6ee0e8322c30103db3230fc48bf1bfde3aacf88f,False,prompt_colour_instability,18075.0,76272.0,16195.90329742121,0.9552182927275324,0.8559127577838397,0.8228932192483656,2.6177854317242804
image_0482,56b5c1f798b92bc77bf9b6b1735d1ae21539c4bd7724317725ac77f871ab8843,3bda99af8fed2db262757cb9d560450fce223ff86170eb815bdd4715c8a17156,True,,32600.0,60166.0,31876.4946877004,0.8970366488816697,0.8771283427223655,0.7968980476066159,6.539079496259951
image_0483,dc6226af9c845572a1d82950542c10fb92377fabb981b1f41514c00c288f4d1e,cef8084322eef53059ce799ebae5e3acf99ed4fd443e3f3a1753795b628d9305,True,,22005.0,58176.0,18876.60943729143,0.9632351868038617,0.8262946792798431,0.8010316933301143,2.224151174829364
image_0484,9957cf6d95308922ee6af423ec31a50a5c9f19827014734a7f09f9b6dc0d007a,f3926c3fc058f4275dee697c3fa0d8c637c34d7b6ec7a414c599a1c128cf4d53,True,,24418.0,72736.0,24460.585384252227,0.9327881401819096,0.9344149376827519,0.8754703273894385,2.689414755262665
image_0485,bded284d1387b64aca29e42b9a1ef112b0fd32325058ca9f8af35bb1d6bd80b5,6e9ff658da3d1a6367878ebd077b2b96e2739335e5028eae1e512918ea30270f,True,,34966.0,68530.0,22879.344777923347,0.9671506821724899,0.6328368675178219,0.6195206832856023,1.2793501370240772
image_0486,333d776f9c066888f87d9970e55eb5cbda267b02a46d23b15f58ec0b9ea0a46b,c7f8a81042850d58e3c46e5cd825fb68a9d7fa0dcf336c83b631a7e2e715f229,True,,30191.0,60337.0,24837.32750997233,0.9567774832804244,0.787115223291808,0.7600880082167089,2.4244842387056242
image_0487,2ac0b62d155c0189e2f793358c1761d5316ff445e787d46650f9239ef1f7e38d,3e4e497cface1e291348479d47016de0103822d343d58a2ad3b8389d2957a3a7,False,prompt_colour_instability,37864.0,35556.0,22109.448334843255,0.9833017326369958,0.5741669885722458,0.5686226849301026,0.2692867227284018
image_0488,7ed35227cd3d4ab98226776fd968afcba36b4af78c74640c46ba9bc785e20c9a,cf2bc17dd07f670bc077e05003de60ddc770df296334880ad47be95fbb4ccfde,True,,24909.0,80071.0,23897.153110092353,0.9752790876843181,0.9356615554001901,0.9139848456423011,1.1645530756491276
image_0489,c7cc9e72130c40f541553f3e39af9cd4d25c428dde7f193de6ff326ad20931c1,ad2aba5e66faed48c40cdfaa44fe12fbf67db97a73c37fe447619a3787d30021,False,prompt_colour_instability,17607.0,78364.0,15934.055017196131,0.9384312551621392,0.8492653631856618,0.8044428264934642,3.8994143085092157
image_0490,3221dcd613a190fbd91b6b1046c8f83fda47e38a15ae91754d172afc983e1b82,b61527fb790e6e4dff51b305756ff86f623e7748a6156f3cbe66615b056c188a,True,,24087.0,79243.0,21201.454521881,0.9868839963224827,0.8686584533733256,0.8587444645627147,0.5310373921211067
image_0491,a471da6ac1dbefbd0618f5f4ec039cc3e2a6355b41e94ebdbd52f053c43153f9,93b63244e0abf5ccb290d40eb22e71a56ec28a9b79e7f40ba9939a9b34d8668f,True,,25505.0,63643.0,21740.70993916045,0.9805532803129781,0.8358331482915798,0.8222038266155732,0.6970606981086168
image_0492,caf2509c21b078acf62f675b556e422c34cb3c73a42a991ba0b236f07649b875,c4ef77484a5dd9068ea8ad4d85e851e604807eadf9670c5ee67c5224371ac485,True,,12800.0,85971.0,12741.180363449275,0.8586864023051604,0.8547404943290167,0.7493357625927488,7.984259067400414
image_0493,7a21f3d0376a14d46f58d79674292c6a4cae82387622b84cff28e118bcdf983e,798e98e06e713a7f6138dce82a8e80cd39e6862265b53aed9082a9e2f57afcb2,True,,24593.0,64852.0,22824.180443038815,0.9858762457746211,0.9149683783217026,0.9031302182605118,0.5269798749798987
image_0494,783bb5cd1d56f1ed2c1f0e0be77024f2a45bbabbef2892d820b3a94d3ba54fd1,9eb9af019b9607fe301fc5c61cf96873d8286f00a28ceffaa5aa9cabb7e1a8a8,True,,23645.0,71492.0,23009.136929538916,0.9905706584510359,0.9639321598089833,0.9551677629644345,0.4734641308030373
image_0495,b6bb99d7aa1457bc0a5ee2637aee66763a5fff3aa076d634ebb4e3a055eda13d,e7bbad67cb72770ca0273acfc6b8c3e42668731c39c8968f9685ed5d27dd3638,False,prompt_colour_instability,24046.0,68231.0,22415.10438913016,0.922871974556011,0.860279117003895,0.8025763679949993,4.528919791203756
image_0496,87efe3f30f25c433c9688cbb3d2a1663637aef6a12aa17cbf8858a4e3116f341,2168f9b85ffb18822c2697c6428b438f4aaa64c4eaa8a63ab1d0c32991209fd3,True,,31660.0,71145.0,29374.667048271047,0.9897391979120178,0.9182962540520646,0.909636387928374,0.5204890407680768
image_0497,b7423eea101dbcf717e195e281427c9fb3b94b908aeaed0ee463cbe8376789de,f143e1288fd45842a18befbb4ad8ef2f826bb889d6d6fdf3b5bd41ae458cce36,True,,40645.0,65908.0,36139.49031354797,0.9863049307891916,0.8769727516905054,0.8664223553177514,0.9395881910988028
image_0498,dd8a685bfaf97b2ae1b363e49813ae76fa704a01dc59982ba6dfec45080587d6,c5d7e51008ff45541f6951b834feba30dce5df3b6ab5d8e1d97a9b7087081709,True,,24434.0,73528.0,25024.070147984818,0.9268218285830762,0.9492041603153989,0.8830254707447279,3.0937453090240448
image_0500,8815876f37cd418d44962d195f261a69a7c2f0dbd969d4befde80ace310b1e02,abff234e06d3670d4c1046b76e64e06d1453c159200e2b8ad51cc3b1ab9cdbc3,True,,47797.0,55464.0,38771.771329044976,0.9980557350900904,0.809598693109502,0.8083238526550516,0.30695093714453897
image_0501,972d9f7748ce08346db01c06200294a25fd0365aab2e5b92dddc8c630543439a,557cf450351fcf5e9affb745ebe2d8dfd7cb600ad8e48716956e077c171c9b8b,True,,29204.0,77179.0,27006.59279013037,0.9906865818934854,0.9161439905438811,0.9083209445251229,0.2630121768679928
image_0502,7549487a14f4549fb51fc57ebae9631094c21cbeff7e26f5ffc148a680947d3c,34726d7851ae4d7bcd8b4a746ef9b475deb6180cb29b08910e1bcbf6e6196ac8,True,,30564.0,76695.0,26499.542820316434,0.9690367752597114,0.8401724748218844,0.8182071492242842,2.2727313982084625
image_0503,b7eb2ddba56c3fc36972808fe09bad82e533d5721e07012a6cbe98e9b90581a0,b1b21a419803899165677a1ccc624b977c47d50a23288343a058ad69e1dd0711,False,prompt_colour_instability,19393.0,84233.0,15581.056091772756,0.8624469059285633,0.692921859302264,0.6239642831267064,6.876985778972939
image_0504,c227fa08d3a1459762f49b7f40b7a5ac73532228c02364abcc335c77b0248ff9,84d7481b14a1601828223da0691ce01a6141c67df6ab12a703ab2989ebe06dd6,True,,32579.0,68491.0,27960.15339172419,0.9773278151932466,0.8387683976427099,0.8227592595210745,1.0632516453122722
image_0506,a5e9eba0e5c50341304ff4b3de2115614640c48fd90caf6b504709c115b7fd17,437b0f92c0ffd453d5acb9943d144b3b1364f6ff8b017f53628be17591b0a8de,True,,25326.0,65012.0,26067.891843478574,0.9151161505844457,0.9419232740131005,0.8662395677468594,4.0635693294016475
image_0507,6cdaa8ac1efec9586595fa467c8641f915ba5a46d3f7b330bc3f10d6d43dadbb,48e8c42abf7665011b3e3fecc86241e6ffd61b2a657c077e4e881bcbf0a703aa,True,,20644.0,88590.0,19355.364342622808,0.9854982156881704,0.9239816423003883,0.9115871952052126,0.7217685035472416
image_0508,40fff725a03aaa148bb790059b27d4622a75a2ccc335283cbe19e885616d8b15,4bcb439869afc4fb468977a1f80f0ed9c4dfc9651dd671948d9c0373f78e7da6,False,prompt_colour_instability,16283.0,84185.0,13788.511015757464,0.9365392097301503,0.7930652342966877,0.752620280783033,3.201046269028883
image_0509,4bf115232a43d04ca86fe76704a811ed04f90b7965091e3613936bb313ad8c19,6127e316a92ef3a97c95487fa2a6c83fc8b5b9303706e26a34eca7fd4daf2957,True,,19625.0,82876.0,17494.960129677347,0.9355096452869188,0.8339721755527767,0.7886330607475105,3.149249324434038
image_0510,0b3bc7363b2a0e59e051efd1e0b95093e5c357e7ba1acac561239990906169c9,55421061c830a92a1418edfa48bc3b90d830766cddb2fd2a844a2379df60ab2a,True,,13368.0,96396.0,12212.232054266477,0.9979708772513995,0.911688505116246,0.9100016448511666,0.08119274262713931
image_0511,a450da31a2f3415cbd1c62ab6df5a0042fcb8392d407548174bffda94d13d797,cc64468409baa96c9e61686f9a46ee12ce8ede70c3398f4fb348bb6b9925f48b,True,,15169.0,84278.0,13475.464027261769,0.9798553861069678,0.8704598857804163,0.8551563684458646,1.2171250458327514
image_0512,ff28a4f01d73606309600184caeeaf168cd343c30fe039059bd35685e710ceee,a6b0653e29310f65fac167a2877dce3512d44edd329883022fe2d668d61765b6,True,,8025.0,99082.0,8373.986044961754,0.8608614053824152,0.8982979931861069,0.7844100033396482,8.02506812879727
image_0513,1042c7a1e357981f0f342ebe6894759a4630d8c9742e4a42c95ac72bfcf2681e,abb4b0cb915efd145f991c5e67e4c86cc05dfb3ed377bc0598fbaf0ee87d410c,False,prompt_colour_instability,10153.0,88379.0,8962.92833598605,0.9638827092481238,0.8509023586414863,0.8246106012016059,1.8653258492805274
image_0514,be84376df0968b8c659ec290a66e80c8322f052e7a5df1f2fb5cc015db87928b,1c1c3b7dfca8ab33a1025d9854df63e78b54cbec76c54c7e964d1cb285c5bc0f,True,,13508.0,84303.0,12883.961525046634,0.9053741379311576,0.8635479389159978,0.7920609780784048,4.497248761219863
image_0515,927eb71eb7e35af1d2a9816c48e3a45452f8888a2d0032363d387e1ee7e2a5c1,ad716ea58a88499e1b8dd8ee0f206013b8645d6674daacea818c38080746d59c,True,,23267.0,80016.0,21720.772063664903,0.9760019454119121,0.9111409201867734,0.8911756938419262,1.179683650902602
image_0517,06cbd0b38a3f672dbc3005d2af13554d83c3268b8e1fd7654a5649c202012190,0a89da1bc069310007d5e489d93e811bda3407ec403c3e4adb4b30ba6dae2eaa,True,,13093.0,90038.0,12626.72800589237,0.965324502938676,0.9309470660681212,0.9008229847328157,1.5275257074057924
image_0518,758221650058e08302239fc1b3f9c586ce2c27370161813e2493c7cb8bff06a6,3a0aae3be9f381cc7a3fba572e80da027d711e7b49840cd26d649551aed80bd7,True,,21118.0,64907.0,17321.652074987636,0.967735234854964,0.7937670725856679,0.773301959702306,1.4657728332244748
image_0521,ab97a7a13845c442e7e048ffb5a64cf68798d160106a47e8e99b5c6e2914eeb5,25057cbd8643c78c5810b3dcc67ebb14e0c5ed1aef38d7ac0b6c39316a4d5668,True,,18861.0,78097.0,16365.28741567677,0.9825668743428518,0.852552319799795,0.839848476699637,0.7453265125002301
image_0522,87354efc20168205658a8ab4b48e73d0276b4c16e62e56196ec2d5195591e0a3,ea780d35245c68fc76113569d6ffcd118712b7e3bb915dc94cf8201b49f5f752,True,,13788.0,90107.0,14011.492391857457,0.9535094351687101,0.96896505631206,0.9252523072362422,2.6579829504465673
image_0524,b342581200e107a7561595b4b3128136aaba832545b812e8765848bf8876098d,a6f738e5c32ebc3a6443842b38f29776cd7eb7d3080947ba15bae2731a98b798,True,,16437.0,94219.0,14920.867890018406,0.966140912121373,0.8770250601025058,0.8508726715697884,1.3954767664713355
image_0525,72e3d003cf3d7189dc71cac909aa63996748ae59950fe7b6abe7e5149591a676,56db0ef013eaf516939553210e7277ba69da5470455311422b6555c07a54e196,False,prompt_colour_instability,15419.0,71684.0,14015.855215910535,0.8476266182133535,0.770491728259306,0.6767561028445964,6.235547686515454
image_0526,67195e73750637550d135ac5db79d02b0f0386a05c2e5a006640932df9e34eb3,f457c84408daa6c53fd3c213d7d24fb94b7354a88189cdb8c83817b8ee37a31e,False,prompt_colour_instability,9398.0,81161.0,1718.8852513094662,0.9350801925701581,0.17102527684618643,0.16901839118079376,6.936403773291009
image_0527,b3893fb98f2905a8ddd63e777963deef093a20ec055c2ab370f206013b72015f,3f02d0075afd71470161e4ac6dcf34971e90f93e67735f2015480d1c6bed0ff3,True,,19769.0,83648.0,16592.253438283402,0.9348929361460342,0.7846618713235823,0.7440058272322185,3.4876771953747845
image_0528,eb9b3d619af46db99c39f3842c30bfcb1dd7c84bd1edcadfd9e69a81a52f3f92,faa9fbff0e940b40507468927b0d97f9307e3c9a8a62b63388e2c930978055a6,True,,24861.0,87372.0,23539.439953825116,0.98870932734891,0.9361515563700772,0.926249501336241,0.9001581042037323
image_0529,d1c3aec770a0f68ba2e51f6c02b9757e3368abff2bb43517ffb39e6731e78dfd,d2cf7f3fca636e9b3e839e5f9cabda59fc746620696d0a0273a08f550eb58bef,False,prompt_colour_instability,19553.0,70334.0,16220.040397266057,0.9763399439457334,0.8099152729639582,0.7943250417999935,0.6347122801009832
image_0530,0676ee91c79b24b33d91ea7981dffb8ce963a95f3648ce46972f8a2984be1ba9,6fa3c63c4c00598282bf7906d1775bcbbdd0bd15292da614ad149958a0baff0e,True,,16322.0,85673.0,15015.279669992393,0.9988324158021457,0.9188670546944827,0.9178811505051192,0.14954494682141448
image_0546,24e0345449275b1f2f03b1f4f55925df6a8ebd5f7023b8a941b6e1ecd11b5031,5ff797ef65acc6c7774fa78ceb9e4829c1677da2acb14712967d8682aa1f9793,True,,7576.0,92492.0,6408.353483657789,0.9695238798781213,0.8200965856792998,0.799486615310688,1.2686808559840268
image_0549,6f72d3c5d570433eab4abb681a540ae2589b9d6b9d5c0d2bb3b898708bb0406e,9644e556b2519b1b77b1dd2b56db3fba80257d5fdf847de8c3e29bb3d5876c71,False,prompt_colour_instability,10366.0,91138.0,4534.272558163717,0.9527388216666227,0.41674488656957387,0.4083040660071835,2.621848968266888
image_0553,caa196cf0cc2e44064753c13044e00be42790df328a1e266868cbbb8931622a4,499236acbf4691d1cab96dc1de93e2bc991aed666c86fe6c436849ac5e7e3938,True,,6275.0,109703.0,5608.944099652188,0.9603388948206137,0.8584043311188183,0.8290146810562783,1.263511415062835
image_0554,556b8a92de7216edf8bf68fed2bf5964c8719d7eaa3fdbdd7a87bcda65ad5e36,2817c768b40800096d5c1fbea4f027c3374cd703e25d5504d2a2c34fa31cc746,True,,7044.0,102337.0,6165.011783081594,0.9209982607540096,0.80607114278054,0.7539410378279062,3.8385580951268805
image_0555,df4950067629bae129adb46f5d1b2e82080b46e98f6cb68a68da662677523ebb,9616ec84b51489a4dd2a4a34bc379f651e01f7c32836764a748e9c2731a177bf,True,,7830.0,99734.0,7150.460336501408,0.8962902043556703,0.8185041578850527,0.7476909688031002,5.000921765104431
image_0561,acd62a87bbd318ceb84fc56058f46efee4d97a30126a4b523f76e1a28d6256d3,30e21f71d11cd91ac370d806e29c83d26f2a12c9f9910fc9f60d1a67d158860b,True,,22582.0,87765.0,17851.049766256663,0.9960155302128175,0.7873493400847367,0.784877196977975,0.5919444876582419
image_0562,3e9e56200f9f77de0e09dda54a5c8bd47b251808e6713cfae5a5b3f14517a87a,2af302475c7bf9adf70225f769a2d85fd80557977e674977f21f67e7b5f210fb,True,,19745.0,93164.0,13978.842542880215,0.9954126006898779,0.7047209931751178,0.7024396551416245,0.18250196721995
image_0563,c686ed5361fa9f424f28c12f17aaddb86744b9282ca63cf004b48e7330d7871b,88a30b490f095635b504cb170080e3fc2a35dbb240bd5f385f60aa54bf9012db,True,,29325.0,78331.0,15532.947208017002,0.9904033883975696,0.5245996094329278,0.5219464721035268,2.22243881788842
image_0564,2822d1f3a1c47442e8d52c9c5bb77764580d9d4905fce47e196aeb539ab4984c,2735003755c861ff7129dd171cd7d2887546dcea57db31ff59724d8e52a35d85,True,,19591.0,83322.0,9730.812126723678,0.9953624733313623,0.49439463151337315,0.49325843507412476,0.5925061490277175
image_0565,e1093dcb23cfc001285e70a054a3157cc7faecf0fea88017924de1aac6e387ee,d9830a956791b96f1b6b88d152444360000325e09bd16eb52265f50dff2b3e77,True,,25656.0,88956.0,23684.876300227872,0.9685562989310659,0.8941431294819466,0.8689201886789794,2.219319793034438
image_0566,e350d0827520cfb5432e18dfc9d8993eaafecc97b562a941f444dff944d6ec3c,9c5a479eecfe7cb36c5f05408f71c8cafc9df142635b9af8c58316d161b51f0f,True,,18367.0,93693.0,8785.66975254027,0.9839989406709864,0.47068599823513657,0.46711075780096506,0.720966467164768
image_0567,756d206e4078a99274e0ae826ba0100f85e0e9e678629e5dca834e5ff23bd068,dc9b7900aff7b706c68535acefcd2368ff0bc9b650870bc4102a3a41614e36a6,True,,21765.0,90807.0,19332.15354747301,0.9783359756265161,0.8689796141432862,0.8525739891953018,1.4073126069525137
image_0568,cf72f6fb4b48ded1bbeb9ebd31798f1fa312b2aebc51f89a773de8e222d7de4f,27cdcbfb098d85ea7d3484a2186bfe5e03ab730566181f1076486cf4fc77bf62,True,,40262.0,65554.0,28650.76505998893,0.9926213109504529,0.7063573586403965,0.7026678361472829,1.2062849805171512
image_0569,2f9fe584933851b81b02cfddd5432c5803778b556e45dee3d5acee8500c85724,ae2bfdf2a0de24eebb2872e3457ab7a754a62fd1e48b9155ee1dee3220202727,True,,17080.0,97251.0,13534.362936058495,0.9884787997645401,0.7832804935955959,0.776194217334254,1.3740713282494048
image_0571,3c003ba3bb2ce12d45886c419d0855935eedb6b9b8142cfc51682d04c6ea8209,71bbfb4e28619514e55847f6707fc1d58c6814b13c06f749457e8e69d6867e8d,True,,19556.0,95425.0,15442.829757749409,0.9891370335398192,0.7810940282287121,0.7744506490363736,0.6259059884328023
image_0572,b386d30a6f735421d28ba3a24a7231edd768abd8d19af1f13b025f4a6774ca58,74a301f1f0f7eb09a84ae191583bef3e32b16a4e8bab2e6c19b43a1bb15f4a73,True,,25739.0,87606.0,21674.914491972726,0.9953659947774541,0.8382016715885888,0.8349434598120671,0.13967676087046738
image_0573,c310718bb150253861c26c9a633b9f0813e946add883d7c8c3f841d7de6d8908,5f8a343516457e97def3156f3da75e302e309451229d9caec7c9c9725b7ae5db,True,,26338.0,83519.0,18565.781470507158,0.9888725769061643,0.6970609828011667,0.6916359471125826,0.6803946625136467
image_0574,023d472fb242d45d36daae23c1ed65713d3d545ea5fdeb4ed2bbebbb3748468d,a75ef7f0fb52024dbe5912273fcd027b99aa1b39356ab15dde4c8a61315d4654,True,,25281.0,88235.0,19665.375103254646,0.9951077306938831,0.7740661679618575,0.7711315820248379,0.3743795893371619
image_0575,ca6e94e5c8b79b63777d2f0a8b3871ce03389cf38a01712dfe49a1b9496f58bd,ebe524fa09ada067fdc8e11abecada153055a09f61ca2c78922fa88e77d5a0e6,True,,32205.0,79133.0,21548.67901206433,0.9729601499659711,0.6510171080002076,0.6394478172289448,2.2460528069861914
image_0576,b473a34cf0dfb58100a680d6e72748f390c37c04c49bbe8f3616de4f87c19200,b31b9dae5bda6e678e8d0944b5f231c70de8707a0e7607ff63f53c7aee1d6ad7,True,,32853.0,81445.0,21282.40655571551,0.9984321190855411,0.6467914125548062,0.6461351431802212,0.7795852265944285
image_0577,57fe7eb9f2d3597ce627bf0f9882ea8f46f59886748a3cd767c5b20652920486,4305f37247321b37939c5d98bb024aba1fb3509090977323b7679547e7de580f,True,,12355.0,103499.0,11727.01788129902,0.9902267253639352,0.939895306748931,0.9312564901708468,0.3790501269401264
image_0578,016028cff5eb8252e711afd5ddeb08914214e8b9fa162cc4c7003fe75a73b374,22ea1d4777f9b4a0e99673f5bc61ab9c6a54609c7857adfee65ce9d71195c553,True,,12073.0,97820.0,9702.206538358063,0.988774394011795,0.7946072550768052,0.7875030197750456,1.035423122026118
image_0579,b318f12ff2e4450e47c1fa426b1af3e2c4fd17f2d0729f333e548b3378b59af6,aed8e9d807eee53c9f91d680044c8a6ca6340b11f8755f042afc897ac0958aa9,True,,19461.0,95412.0,15710.800859831572,0.9907365982259809,0.7998183751747262,0.7938814805190356,0.2134418857366174
image_0580,88f16fa84539056a4fb079b44af5e473c94ca4a4c938da23f8bec16619db954e,1920ee428d4db5e75ad4243d7906bad819be5c5016ded21c99797000b4942e44,True,,40016.0,60110.0,24576.76128509484,0.9788167195839985,0.6011631562144029,0.5934423486720662,2.498866632129442
image_0581,c5362937558d2baad1c55de329c9c52460779ce225419a754bb22b7022b20e01,926e3f84e947d89581a8221045ca20b4e3bf9d1a1061bce2746fbea94dab7012,True,,22846.0,90387.0,13951.265039331818,0.9955169702851795,0.6079279131402064,0.6062681741172906,0.21164871734598267
image_0582,6d8adf704a7caf859e5618e3181acb99e2ee0ff78501ee50ef8770116c408ef4,8de8d1dd066cc961ad19316a731deb6f2bdbe1e2c4fc254764c9038050631301,True,,23019.0,87929.0,17277.940575059867,0.9736341732550016,0.730804699915177,0.7166227000175334,1.6743394428985658
image_0583,06cc9c98ae36b1ab1d983fc22bc6fd86e1f8d21a0fc8809f0d7f78be14c90ce8,69372cd79112dcac5a4d8c3c8387100f9190ad271686f471e291c889a80c9c15,True,,38438.0,74396.0,27575.785388455464,0.9984346761652361,0.7162864965483267,0.7154830247448203,0.9274774451887708
image_0584,97844d8d7cbc67bda35ac8cf95a77d870bad9c00a5fdab84daa122c0d3600cef,2a157b995cb72583b990a8ef5f00bc5281f2062559395bca3c0fbc820a096cd0,True,,23669.0,86696.0,16788.317416313694,0.9790271921378051,0.6944196738692723,0.6842409599432567,1.83836312031104
image_0585,6900e6add76d906fcbc8364c58668ecae263eed9fa86c218b074f59fcb3623ea,a917605075015712f127c30077a34e9e432c465f2c31da0280b3d1076111da81,True,,22441.0,87105.0,16832.88988685816,0.9804417039741637,0.735424769104794,0.7247916501282271,1.441416097021283
image_0586,d81d38cc9f58579ac09fe03bb3f1d1bee9f42a26490dcc49671025c757ac237d,d141baae65f627665360f08338ba02e6c2b8d89d3f92599cffe140be658d6e7c,True,,26265.0,82904.0,18788.213309564795,0.9789848021929708,0.7002998397267707,0.689928246271324,1.429258598233232
image_0587,23aa327219bc755a8be71878a26f1657e25ee0494074b38e4b24567beda493aa,8f9b99e30ac4d16b860c49fe8bd60532047d8b7a2ec044ff58a2985ecf8b2576,True,,14968.0,96133.0,10453.043503174911,0.9740194355197789,0.6802156288365927,0.6680938860745648,1.9088701111689677
image_0589,bad07ea2098c22341eb905f3c082ed97d58969134a38c9a99ec0c9bbe123a031,dd934b1e7abcc65fec2e0c3ad784def459bcc6127e0bb5e776f9919bf3ef6695,True,,5242.0,112081.0,4099.154063301736,0.9812798192187265,0.7673439828665463,0.756273008036527,1.9865697208222606
image_0590,030b9fb6b2001a8189485bb0c6cfe7a8955582856e75273e74b1ae93173392a2,e1ba32a4aa77587ee1b5786a2271578a7de4dc8ec7d8b0c77bd2dfd381229013,True,,18368.0,94608.0,14551.93947293524,0.995607598999148,0.7887642377738449,0.7860289719157927,0.08337458646812536
image_0591,f82c3302deb816fefe362866a008ce5786f089d80a000d9487ad2c1fb4bcd79f,fde63f4925eba6418c789814d07c5b6c931c0f3675f1d26d1533fd24b9b86952,True,,11634.0,105715.0,3758.096417244291,0.9853134194179879,0.31828286327810396,0.31678000746386537,1.6477538449653868
image_0592,8c3cff908c3fb9d875fcde7cc91ded5cd9ae4d8504bbb7abfd080761498d8a16,71303524f8d7c9f35644bf92e71cc9506f289ff2e0cf19d59898f10160be4b27,True,,15919.0,92874.0,10748.05283852806,0.9692989247771431,0.6544428707728607,0.6411527446757754,1.741178069165205
image_0593,8398990b9cb9a97ff56891913b1e73777ed91b3fb89c0e9652369ea40b20e0d8,a591a0d85383238cfd042f51ec5330a08dcf91471f19b3cc77aaf73a01946d4e,True,,32710.0,78759.0,23653.067698758514,0.9588417887275438,0.693352177963048,0.6733129766827912,4.213141209470878
image_0594,25da80463b7ec4ee6808916350f497a709178d4cbb0a32fdb9ed2385e3e85bce,45807d3457d34b4793746ad28987c281f07a33f78f5256764e3bc4ac283d1e59,True,,21530.0,87462.0,9876.34154942588,0.9565697278379421,0.4388021062688748,0.4302308172954797,2.0980204198793992
image_0595,e3f36ea48adc7997a56b57c256a1754c45d94d039a2f8adb15b0c1c9a9119ba8,bd53ec3faeb69dc1df1e895e79a746dddf2f0437c9207fc8dd8036187a7bbea0,True,,38761.0,63793.0,14271.556443605114,0.9659719492932464,0.35566479701962855,0.35126384244864906,43.08842994806967
image_0596,1037b1a748bf9298787fb28922345b0e5e3a5b9d1d752aa0b2da3c83625f0615,8887b593a39b10d5226fcc10e4d225cf5f4e5b4bb8f7d7899b239c9c28d8b30f,True,,15521.0,100110.0,12747.761639421951,0.9611955023912709,0.7894524291842249,0.7650688845052296,1.6609015835699
image_0597,ab8e68d408d2551cc8f1b431c0db6388c310023032702329a3123541363ef4e1,eaa596cdadb0cc02fef531abf067e5a6c24042d233479ac8db5edcaf588d7364,True,,12748.0,103387.0,8560.94021349177,0.9879108345412043,0.6634331338851592,0.6580904275377994,0.19603736975259312
image_0598,625fac5e1244a6f0fad71103d082902ee2eaa1ca2892d428699f74c226e90474,eb9533f1d98d3bba5d8c111f50f5f691ad062e41651ae8fe78f9de52a6ba446d,False,prompt_colour_instability,16718.0,95825.0,7552.175394264512,0.9865035307326275,0.4456422832368713,0.44294171905246926,1.1621274420328773
image_0599,b66f9479707aae0c2162bb52b428274a430f3352041c4923f410cd238429e423,bdee3ab4ba3ac082eab76981a985c0edcf5d06cced54ccb498d7fc05a8348cb5,True,,6531.0,111974.0,5780.698708087504,0.9495648591081742,0.8404759384921017,0.8045595956998894,1.866933361356306
image_0604,5e708eb5320bc73a682f5e120f9890fb94d04dc661b0d95c3feeb4ada36bfa3f,214800e047f959785f620c28c0b0c75fd2ed173ef1e7dda7747885e38a001b91,True,,5110.0,111955.0,4127.335000462888,0.997195565148822,0.8054325163101963,0.8036122257745286,0.2708528909367101
image_0608,cae495ecf6ec89e4c4a717103bb4563a7f27ff241a81b7f2aba3e8cfd9a1929a,efe33845ad3d2dcbf4b8e4dd9799260b3f4ebaf5f6f2749307765c6ab6fcc719,False,prompt_colour_instability,4349.0,107581.0,3184.9340287919804,0.8226656779433918,0.6024685932400857,0.5332200977178765,14.821526307498505
image_0609,0b8a975ca20e23166839a36db1ce409c164c74e467772cdaf219b5cb85a9ac57,8f78e0f4e6e23c9988a6cf42b492eeee9e4b1f33f242f13eb994949d1f0c53c5,True,,9474.0,106460.0,7753.347942428023,0.9810796923744174,0.8028976371362789,0.790655107398677,1.1323158108399358
image_0634,a027c1f636fc4cc1c54276d8a1e5fb1308bc33b62aa500c0cfb30544710a2d47,b95181057e93f110ad8bd88b7f4fdac82ffb9ea320ac3581936bbda1035fed45,True,,3983.0,115546.0,3385.7933830163674,0.9869383238896756,0.8389578826188622,0.8297450385608119,1.0195524819438575
image_0641,1134c0eee7949f2a4f91974f8c202c1c295ec70603e71170bf437a8e9590f557,40b9bc1c50b3b19e56ff935401c47b3d507a9bc2c378600d3de40bd965c0fd50,True,,43937.0,67923.0,39289.99603581504,0.9988285668906586,0.8931873007622914,0.8922526337435502,0.1791443815495114
image_0642,e35279aa59fb384dfb41098ee3871afd85c9a368f6fe3c5ce22ba58386ac0f13,2445322c820ea606399fda89f0f0fca2f8a40be18c50ff5629e09356472324c7,True,,36992.0,74337.0,32882.44030863678,0.9970317803092376,0.8862683283367313,0.8839360888972837,0.09046428581247919
image_0643,920fc497580db9b3c81d53a0a80fc1d4344991addc2e6e494b7ae7b844013de3,33f00d86a2c33ff1245e36c7e2369c76e5e37d38b4265a44c98e99cbb45e47f7,True,,48185.0,59751.0,37311.59582202485,0.9857893640554644,0.7633366051113085,0.7550283706235893,1.7455189793575996
image_0644,845a26e19522f23084a9d4e903629eb13149eefe3625857eb8ba731e30da224b,61abf5d0babe343601ce9d161d06cd099073f30101795fed29ca168c6bced8a9,True,,43241.0,68384.0,40172.41569235324,0.9983646250525557,0.9275159855265062,0.9261089287219734,0.10259107104559075
image_0645,053595b2409e197768e92a21f1ff7ee8f4eaf801133b7b274b6d4fc1dc577019,875501c0f2a1f5e235d3c3f65c44edef2ff7a2a4d383b7f99133d8595eed0da9,True,,30445.0,80640.0,27052.309055739068,0.9955218784776473,0.884584185525611,0.8810782918746438,0.2684957363071533
image_0646,a0f3c5e12ea8fc120ed8f83a1aa4804c95387a262a5d148a2a05e728dd552cdb,52f72e05f1367fc0aa96394e9eac10d49125c3d3ce1f64a2cfb3fbc32508f871,True,,27390.0,84727.0,20852.835272485856,0.9992734348850999,0.76077708396605,0.7603564882175685,0.11615220710316
image_0647,10b6ff6805732bb0295f0acc4f8d49bcf19274a43aafb538475eeca27bed605c,fd52c1df206806ff246427cdf1164c30209ef2497368bd17cc63402eace17a7d,True,,25166.0,88062.0,22867.430745786958,0.9902788241063777,0.8998304231610879,0.8919515655187231,0.20126582809811408
image_0648,115f456f4a00813fad181a711f07d3b1a741e44961847b1e4930950b0ddae50e,d585e16582573bbc5c4fc0115e1eb3e0f8e0ff977aca6c2e3757fed7f329d171,True,,37670.0,65633.0,27481.62217479005,0.9901353526464102,0.7223394123528312,0.7171781568071729,0.4429383896903489
image_0649,181d49dda78a51c5977b11b2d7d62db0a94e5476a6a1546ab67a3af2f642b41a,f1249f0feb60c5a97463d53b9114c95d6829e80a95e6005925280923aa8cda16,True,,14461.0,103929.0,13594.10388457292,0.9960564273228977,0.936345657141555,0.9328872885152162,0.5928910560976827
image_0650,72cbd14cf0a01968a29253f7b8069471021fbe6180b188f0cc6ae0bd8b3c939e,f72859ac638265c6bafa002d5751210e3e3bde8863cb779ed4426584908cc60f,True,,24265.0,89070.0,22913.132397866462,0.9985983132798834,0.9429637487932453,0.9417172964601636,0.06890485477725379
image_0651,91d24156a3fc2c440c5841beff6ed28bd8ca5001d80054e07e4a96828c226adb,b46cd2f35963f3a9d9323cf931321f7461bd5879d323a692f4874865a0841cd3,True,,42414.0,62695.0,36708.93923172213,0.9799759561577653,0.8481604617141556,0.8337117111889872,0.42967623765281415
image_0652,41c51e5aa09775a11f0f32c37ecc3c70e35697c4db5a5a28c69cb0197a27d019,f26e1a59a91ce2159ebf46af64bc2dfcd17980ed88390253c6ce0d83dc372614,True,,18191.0,99371.0,16783.38071490772,0.9938810705880005,0.9169745694584401,0.9118268992504971,0.2851827560735976
image_0653,ecd26b6fdc1cbfc07798c1a4d91376773618a2f9b9758ac0aca875e1e653a643,21f04122e1a42f89ec0efa8f287dc5277f1cd8d1580cf5efc41fac1bbe76a128,True,,15946.0,100230.0,13916.137266579355,0.9829541257702608,0.8578279531524806,0.8452539537667071,0.6840913637796997
image_0654,3bc3d0f5cf8685200f00928075d7e842954919c3a3d67707a06f554812ef260f,167c354f9a999f4c9ebb93c5ea2678140bad90fc0545ae99f2178ee49d1027ee,True,,38818.0,74541.0,35252.58466014684,0.9946577646747982,0.9032989091934343,0.8989376650342624,0.1358125055831832
image_0655,eb82fdcc428fb0fed99b86806320b1a7eb689087c27f58152f901e534ef56b04,2b41f36616258c45118890c2b0b39c9fe5c89ef1f93845af1fc40333c99e9ccf,True,,33882.0,75488.0,15078.571434266796,0.9938711925801488,0.4423044027442213,0.4411012923884218,0.44220748205135596
image_0656,89e48b9c179bc956a069c1f223a21fc0c2515ca6bd423841aaef1f84f48837d9,fca76fe2fac31d7dc3b463f7b501b577b0958868e0c33bf4f680108364d67c56,True,,21223.0,94541.0,20196.795012760616,0.9996805592179822,0.9513425685703004,0.9510534533397812,0.027370385053658342
image_0657,0542781dd5faa9f31bdebd7a30b648d7b66e197f8e050f8f88b0db4e2ceea8ee,f08ead8c855e942ef5d30860e74a7d8d86ff084fda5be45405ef8d62fa2e0e3b,True,,21919.0,77241.0,18737.836039961643,0.9850731432703067,0.8421068044148297,0.8314965085997371,0.59417679351999
image_0658,9b5ddbc3f7884be3d4d0b2de4a5632355f77a6f2b128019a182c209a8598adb3,12dba729b55ed6fa58eca02764a7ab7f1c02b7a8e78d49a6984d6adfdd97cd26,True,,24888.0,88581.0,21378.057156186314,0.990021220253544,0.850398996802378,0.8431717692333014,0.35602168441759935
image_0659,f98ecaf166bd7ac798c0a5921bb12b032efc35942f7f7f3c5598718fe1306108,6a69e5167d489e3f8d9cef6acf4ad22f239e96496d8e10afa0f8f2e64a73de9b,True,,34734.0,74243.0,31362.339752472973,0.982699557142756,0.8873080378221869,0.8736605225895928,0.757503471005018
image_0660,9c4ffb897f64af33df4fbd1ea82d90acf78b8e9beb071bd83ccb4b3237609c6d,295e88e8de12237e2c929a7abfc76400b7e7edaeadf9cb43544bbeb609c058cf,True,,45781.0,63664.0,34278.227138569826,0.9914949607284335,0.742375428029021,0.7376778269850341,0.5213543530302406
image_0662,a64c34daa410f57f480329064e1f1770a886a0cbcdf7552245fb86bb268bafd3,4c2bbb3047243c4db040095304e13a785965bc16b7b1b35354583b88fe017cda,True,,34530.0,67130.0,26265.32827298343,1.0,0.7606524260927724,0.7606524260927724,1.0139655937794838
image_0663,69c249aefc8a57d205bda3db4b2b73233b5d6f19f0c311141a4bf10e2e7e5f2f,eeb373b93fb6b4ef35ab745716b8e8de9533191d303982e99cda2520f919fe0b,True,,24748.0,86379.0,21947.789998477558,0.9990123050426617,0.8859751202913908,0.8851997399196697,0.1660151755369357
image_0664,8784895c683a059896b15e6eabbc5ea5a815b66de29f92f1882fcb14e779a380,b99cecd3ec38c6d88922983bee5e77b8cb6f3f56e4dd6946f0b2c9f4a9a7bcc6,True,,29372.0,64953.0,17801.443285043326,0.9973441697217075,0.6044588612613918,0.603487478757237,1.6471292407168943
image_0665,3339399d40befce01d63eb2cccecf4c2e4d9b4b858a8c5d9547188ad70e49079,de5ac5180435d415b0a5adb8a77f29304de9b0ace3714420735d8d630f393a66,True,,27026.0,81801.0,22726.967228530943,0.9777289637003538,0.8222013659588345,0.8070859560422661,0.6014028143101415
image_0666,ca95849db5a2c84db6b5461e073c3aa563d971c0c09f3580df5b8fabdd37af3a,0442b3974412420a769a9bfa2db3d48e4e8bdb5efc935b71a4fab805d0f68e8d,True,,26389.0,89976.0,24289.928084376334,0.9952421552126944,0.9160771676325763,0.9120828018490761,0.25846549816264397
image_0667,5504ce44f1e5fbeba78144c1e87dc9a4bdfca439cf4871f5bc6e22b6e182ad3d,48ba3e44e0bbec9bed2cfdf725f7031c97d31012a477808b6f552bcab86e01fa,True,,31455.0,83562.0,30375.16279658662,0.9797072661884689,0.9460743189786542,0.9278912756078985,0.5864533148121989
image_0668,be08c9ab597836b18fda77b61b9720acb495a097d3c6202f5a696e0c6f343c62,1600e1bb3a63c0bf6eca45365b7d16bf784a6e15299ae8204fd9a952983a800e,True,,37991.0,73875.0,32781.59214186334,0.9952997284735544,0.8588220830651309,0.8553529765424427,0.1501163956377941
image_0669,a64b84a0f2a209e861f6b9d09dd442ea58b74fd7d753a066cb430c39aee025ba,383140928255f91a32f42b9f8bff1270615b21e131101fca3cc4b387bdf58113,True,,44102.0,70789.0,42385.65193423197,0.9872116853055026,0.9487916847028611,0.9372720275653024,0.3961890785646867
image_0670,61a3f3481fb5c2d00e946ae762edbb5098dce48fe81194d2c824054793eaa763,047f589abe27e4a3699c1e6775f2bb5ce847077ecaaa25ca65639cf204a6222f,True,,45249.0,64441.0,39799.475444008815,0.9946996945275393,0.8749038888486347,0.8708440420329311,0.2023311630948507
image_0671,23a16d0011343de6194eb68b22d0d7ab7a39ca3e33a0a83696e9d383977c5790,757cd9c7f2066f7aabb9a6e7e7182f1aa6db4b27a868d720b945f88d650bf262,True,,53658.0,54388.0,45415.162704269394,0.9953399003354162,0.8424377263368782,0.8391280172673429,1.697449917219971
image_0672,b6e87ca8f066f5c844a7baa6ce18935bdf028459edde46fffe2a69b08143b653,6f7a796855c81a986673ad40294dcf2797ae12b2104759e4dd4575f6db61d445,True,,60317.0,51357.0,50051.08833937914,0.9980840804480876,0.8282108606302573,0.8268962350560355,0.43148906517589997
image_0673,ee64e6d3dd0bf88c911111521417e798dc4fa59777cdada6cf74a5fa08329f8b,f6d4d7aa92e511069954e8ebc9ac0bf88f058f604a583974b7be6488c9a3a483,True,,36345.0,74098.0,24727.405840002633,0.9911243334875883,0.6743137606837174,0.6702663036585315,0.559875629003572
image_0674,102062ba5f53cc5094baf2d0e2fd885bb789c71c4803f9e24dab28e74fc8b4a7,5c7a627f7f60408115655dc22694310c6151acb93ea3f8dae11dc71acb7082eb,True,,43875.0,67916.0,35096.02789444187,0.9974083787296901,0.797836405288826,0.7961858623215918,0.09120084651719046
image_0675,851f6a8c1bc3205f563d5cabba5bc40743a39c8973523955f2fc7a8a9ca9db9c,240fb68fdbcfda1648ed2af7f596337fbede6731aec0590678139b8612a4d28b,True,,38328.0,74571.0,32693.126785278124,0.9911809695057123,0.8454603710917643,0.8391478963219992,0.4612296461153859
image_0676,5d9bdc3a35014adc16cbcf9f9a6b651cfb90e2e752a502bf63aa71bb9808b52c,d29ae426645b30a0971239e1210a69b0c423573e6509786bcb527ba53d40b1de,True,,59636.0,50298.0,53509.45875113112,0.9978740315395745,0.8953601738797333,0.8936554698520454,0.32225469396232853
image_0677,f9eddd15962875296e47a0476082fee08d80082349eb6a2c1b93d8e54f6faf6c,926d2eceb569ab99e9ebfb44341409ec394640bec6a3e9af1e82ffd84ef6e01d,True,,49088.0,60844.0,44384.50128561466,0.9966592700738953,0.9011616821609063,0.8984478047520291,0.1617411210908226
image_0678,8b6ee3466d0026c6d54721ceaf5656bf0d88279d996a61585ec395b20edaa588,d465cd9271ec5aa7038203eb6f57b9e5216ff5b50dcf1126422f25f27f2920e8,True,,36544.0,74994.0,26250.393041303007,0.9986354490063332,0.7173427386546178,0.7166402962469421,0.3039046337973886
image_0679,197c6bec78c52225061fcd3f27f0070b9509c79ca6f6fc3214ca5c5e7ed633ab,97b24866c1a9a0b6d5317ebdd99ca1fda1c756e9c8394c85b09378be04f26cfd,True,,26157.0,87789.0,13296.966211424777,0.9984995908291765,0.5075893765101894,0.5072025148056808,0.41025794652392933
image_0680,a22ffa271516ef6ab758af647db67d18b6ab65a0eef8e9f7f09636b08d9c0f73,13ead6e1d7f07e165000f7c6582abd5652c6d7aeb5af876c2131a66760dd0035,True,,33883.0,68302.0,29148.467291926558,0.992734126346557,0.8540175961807368,0.8487126329786386,0.2494804305311605
image_0681,2182928d32670b74319b4849aff1bb8657c87b4794813ee6bdd645bd3f11efac,76eb6d7377ee53c17831ea6fd9e87e583d6b68c11103c8d5a20e19f380355e2d,True,,15675.0,101257.0,14722.01244627118,0.985802810956615,0.925869298403343,0.9136861637404519,0.7719759148801514
image_0682,476b814ab84077a3f97e17eb8bc92fb7ea89e8d58475e185985de557343b2598,be39369edbe806e318eb09f06d6cab4f64737d382f8c5ba8264adbcda7afac89,True,,22326.0,94335.0,20423.964401763806,0.9933311293274784,0.9087055282875686,0.9031953820101875,0.20381844659598716
image_0684,42cff9401118ba906bc2d25cb914217378bc9391e9fe0fa5289ab16a792b282c,b195aac164dc08045269b87bf0261087470c651110c068332045738b083daf30,True,,31603.0,69680.0,21071.33496196659,0.9983516240517888,0.6656520419016733,0.6649212558906825,0.2050552520871981
image_0685,7bdd29785fb60cbf3f28391e3b8d1a1e132b3d1087c98d0f4a3db32d23fc800d,514f58bb7a42575bff80090aae2136d9ba3cc27d4ee86d79e02a5c5078a284f1,True,,22231.0,92256.0,20549.003276044357,0.9956678240515412,0.920335629449286,0.9166649330367771,0.1423211235176184
image_0686,5ce40298d63a71a6db71e901b88ec624aa50e900dc4c4d711ca218f5f7f8de27,b6f52ce54ca9ba592df9f988dcc0d08d323adb5607fac9710bcf5f9ba446cd0d,True,,12082.0,93456.0,8939.046001017094,1.0,0.7398647575746643,0.7398647575746643,0.1640437692365568
image_0687,2c08263163de15951deba3f845215e97f16f309e725b5d1ad296625a12bad6d5,bc605a6c8b273df5207efe0dccdee32f3d918ebdd80926ee8cba86edc39ec21f,True,,14972.0,98985.0,14225.507078383525,0.9990118875116492,0.9492018886712698,0.948311570217423,0.1740788412440427
image_0688,93bdf80a8238ad2f9ac996d7c99edcea4062da605771a8bafa67066ac2b0612e,3fe4201424127ec436a7cd7f529eb33ce357442efd74f0d120140d0540ecafaa,True,,18892.0,96089.0,17020.919745401698,0.9918518745085287,0.8936179946716019,0.8871056386340426,0.2701591608282909
image_0689,b0df97007c0a34450ead47b0cde6e34e160cf1a0fad1dacc426862d507bb3829,ba4dd2eb1377932aba94651009243e8a82eee8b8ad8262162b669e2e213a31ad,True,,31123.0,85577.0,30117.718782143646,0.9914130492331836,0.9593901427803411,0.9514837033498634,0.2913389448857855
image_0690,15922a4b280ec4e6d53f0985b98f27039a89c60d10be7ded5828ffc3d69e22c2,3403de7bac341142c641b26b17b55d29b8b2823c48c47861ce7da17366644f3d,False,prompt_colour_instability,19876.0,86260.0,8150.918193562138,0.9947288956015393,0.4079268390430952,0.4070469585728824,4.754810891556452
image_0691,8a157b04651f758d45a9ae992d03254e0a28045711488cfa291c0931782f0df1,ef2af714c175129f5d1f25de380e77e819e09d5da0f2e611d99cf8addea153b7,True,,15765.0,100677.0,15049.650698605314,0.9727838125331445,0.9286429802652317,0.9051266745886595,1.1813241614707135
image_0692,2df31158a3f42eb7bc2ce6b29b77d5297c4ccb6dd59569f0a286b251c850b9cf,1b49e11f6a6444435e9849318c432f3c32fa046627e578b1ab94e6b40fbe27d1,True,,16324.0,93289.0,14809.84598237276,0.9999997422686066,0.9072434553669761,0.9072432432306613,0.267846231353104
image_0693,873059c84fcd1b208c7c578df8f14c504df899ed607c9a2c513ed698c3ef8449,55112f49fc88b605b34fb3d862edf2734b83f1e9d9f664378b7a2843a4bb0352,True,,38264.0,72301.0,32725.9904640279,0.9965759839938337,0.8523399578941413,0.8498512088037194,0.7682859909999668
image_0694,d12dcd36a2bbc51508c912c97764e4ad1bca5d6aa986f367d5abf441be45bbce,69e6b210006afe5b12bf68155636518efd3b7e45e8b8e0c2660f6fe8b3806fd8,True,,21296.0,79595.0,16088.250441549491,0.9911448445900664,0.748769087322297,0.7437933293590508,0.47220746957636267
image_0695,a119b881bed074b684c0779f855f5761dc252e93bd6e66e83176dafb7e6be701,54985622883537079dd2f33036e4746feaa2ee6de9d2859a77ac998a27d8e519,True,,44323.0,68668.0,39152.34968967188,0.9978056318901177,0.8814032223018727,0.879698036182822,0.2727711248770762
image_0696,d6aad33552c77ed444c2548a7f60e1e1e315c174dd2fe04926b9da011830e8a5,a8d7be9e8e48192af784a51114103f1a2fb5a16339ec6f6ee8e77cf86ea7b67b,True,,33084.0,80116.0,19930.65245150661,0.9972784944523552,0.6007862129818539,0.5998028332776577,0.8438610414598757
image_0697,31f55cb2ac4b07088433a9f47cc71f3a3772a90c1af2bf139538451a09a9b319,8e9ac6aded66ec356f2fdaea88012faf127d8ddf1c4dc70956784170a618495b,True,,41858.0,65804.0,21771.52842174674,0.9542247291042903,0.49631924149332607,0.4847771760419098,3.4780711532330364
image_0698,4329ea743f7017f7934cbb6e2a63d42f5ca746954c3885ee2302df82cab44caf,0b5cef2a5f2f9eb3e79eb3427497e7fcf656e588c5f001907d06ca55c35e95e5,True,,23481.0,92565.0,18385.30476003466,0.9975843827683978,0.7810950513627215,0.7796204806523687,0.15335995654281734
image_0699,e96b6b6ac88221fe212591025c9fc77fdf9164e7c06a9cc6f4c54d580bf2f499,94ab3c81bc897768909ef51ade227fa084863051aaa1ae3eb46d1f64282cb3ed,True,,15835.0,100318.0,14935.141142359003,0.9998891601608887,0.9430682496822027,0.94296967057635,0.4348580864951148
image_0700,094f67bcf690bcae8afaeeb9387bf3cc74c907f249b165619af13e1ed48e3368,9efe82f410df0023ff00e274c7fdb329d21b81cbcdf41964f7fd6d8aa5316d98,False,prompt_colour_instability,20058.0,80268.0,10772.68545881172,0.9975551663806406,0.5357636870690613,0.5350611179542438,0.7620089204257144
image_0703,ea490be7b5d669a34f1c1189762234435f201a40997077dde12334403ef03969,5d4aa5ede281bf64f8e552ad083ba1169be46129c266a58e2a258328475647a9,True,,24030.0,89939.0,16177.999145434485,0.9955474174356479,0.6702440810867009,0.6682409190344599,1.055041955273315
image_0704,a721cf282bee414b6ebbaa28a7f9722dc6c6e4dcf2ed62502377c590b3cb0d48,86019a242743ec30d9b9437b52a95d9ad2e887192b810aa3358c3236b5dbaccf,True,,19768.0,95451.0,16799.951604481226,0.9967109925684625,0.8470607263660774,0.8446996368082662,0.33042841857281946
image_0705,aa1f7e3ede8ed3fdeae3a4dea4cc077a5e069fb11095428b4fb5d0b1fe90c923,5f869c8a834c5ba498a8ddffa122fb785ab0eed85c915ff77f646c8d79962a7b,True,,50096.0,61670.0,46210.12178322126,0.9993045992316729,0.9217899079572963,0.921198996126748,0.27588045484666734
image_0709,c59ed54d4082c4850721fcedb2f3988b3665c97f5904102d51cdff46d8e7dd21,1e46320d969ebdeb213f6ea10a5354658044072348a89b780b340a74c7dd0a0d,True,,14783.0,100883.0,11878.774427009643,0.9941240562010898,0.7988213093469934,0.7950673410031401,0.5798185922579088
image_0711,ba18f3c1c582667a9d340c00c7d29f2ba28e9785e7d0ef8e99c79bed98b20f44,7e4433e96e26c95cd3740041c2b28eea9e5f8da6cffa29f064c557949ef7b117,True,,12501.0,104375.0,11869.932474834844,0.9991020148127239,0.948665982825252,0.9478577884027486,0.5051770543619356
image_0714,a7e09edd677d72f435f79acd7381e204bc1b541ce680a42b7e79e4c2a38e7738,4feea8ca03f64e8881e2580ded4bdac0676f2d1a0453082cef7af23761cb07a2,True,,13914.0,92432.0,10873.489483098621,0.9772479117774148,0.7636980660551824,0.7503565289459238,0.9193042410108776
image_0718,85594bf7198bde600baa23c28cd35d131bed0ac1003532e9c6beaefdb8ab17ca,b163c819515e5f70816c9aa8f0796a88a1f0dad0498378058a081cb0f2fd88e8,True,,18731.0,91572.0,10714.61631703822,0.9962293196413688,0.5698689297817146,0.5686424098071308,0.9539644488017767
image_0721,b3f4809d1e2f982111b00f57fb06b50bbeb22fcbd57de87805acaac56566319a,507de4227b70edfff00ca85f24b64ce876bf7d23385666b89fecdf01cbf12d22,True,,52293.0,42025.0,37041.04124440006,0.986680779625124,0.6989020223194505,0.6923698656702912,4.564829529912466
image_0722,ded25fc036aefa829f326123e7dc164db8e766a8f6db6f53eeebd81d63147f77,c1b0344f7989a2ef0da88d58dac31e74fd650c3bd2ffe7d5d407f13db334b8b0,True,,42439.0,64821.0,24643.36108003572,0.9849765100850684,0.5719534341850605,0.5670069795193898,2.056993484991587
image_0723,d70176493cf5805e0846562174a89c8e237afa41b5e82ad1937fe3969ea2e112,349af7ef1734ec9736c05af02d7088a7644886a7b08ad746fdfba8e7fdc3accf,False,prompt_colour_instability,48235.0,61128.0,24230.58179189911,0.9941397685347058,0.4994005384898898,0.4979346912493138,6.891554773238556
image_0724,559c5d74934dc13b4fd8b2c1bd6bacc0b716f82800b5a9b6a67c661827997499,980b9cc5be910a50d9131573fd77bf5abead8b8089925e0c55e75f3db204f999,True,,41781.0,65394.0,23813.683907516854,0.97757226092059,0.5571814178291453,0.5501488575279949,1.5749292507012562
image_0725,dc7375954f7414520eb29ef824fc067bacf3c13c17969552e4191e228a356c0f,7f6fa33f3325bf8f05ffc35239b4bbb78fb0efe4d0f8b4700ebdf1d202956dd3,False,prompt_colour_instability,35918.0,66026.0,17248.070134761765,0.9949012445082381,0.4777584064379936,0.47659149247903665,2.873566466897523
image_0726,1031c9a5b79036b5333f14c801d56947a7130812b9536ec4ffbfe7bcf6d2eca1,28e2600552f9dbb3396d63de5a116712c593c96a86eac3196adb432e8d3859c0,False,prompt_colour_instability,45825.0,61313.0,30990.835930658795,0.9858217895162809,0.6666981197112386,0.6603661758310597,8.416423224918857
image_0727,19a8b8b0124fbc23905d87da3e7f62bebd8d2605330b34a47622b5fba9cefd1a,414125bda9e64fbe349c5f26a69619141f27c7872601a641cd18857037497edb,True,,57993.0,42893.0,36963.739396735145,0.9806868134026604,0.6250728846659177,0.6174718722903714,3.043910531793406
image_0728,8cdbbea081ef6413c91004ef99d931d9b30daf305e8ac23ef35a8d932a45fc9e,a9dfe58ebd34189617948e4c0584804994302e2b5b78c7903b150d7a773bfb7c,True,,46700.0,51709.0,32599.63393103952,0.986082575748152,0.6883497001106275,0.6817265451852897,3.503270735361996
image_0729,eab7e3a726b15e047c2401d903224843d90879c073195829688f719af41db198,791e1a17f357baf522b4fb3f5703287f6883484293ab4a66bf7f35c14bc2a07a,True,,56094.0,39468.0,41990.32691616127,0.9971844952598133,0.7464631324506512,0.7448931922378588,3.3811579278676955
image_0730,f4268716c441b3f6a58f8b5a1bccd0c6ff5c3e5b0b4bf3f1443e84f0d38f5882,a12ab19a7a1f0aac7c7d3835c14f0eca484107274bbf25b4655d4433ae09ccf8,False,prompt_colour_instability,52544.0,56171.0,30908.67395727962,0.9977796889565954,0.5869375587537166,0.5861719690082146,5.751051652736956
image_0731,24bec46cd063dffb3024275a27d402d0abd742b9c5630c43821f7fc9feb1fbb4,444cacd4e7514148c4df0661cd8d5f26c436696b441eb67f3ef82a9351ed7781,True,,58929.0,35317.0,44993.912959563226,0.976107983398261,0.7452853034016552,0.7319332223345999,4.153922464472278
image_0732,45b5c03bedd0faeacbd316b86bb03e65fcbf384aa93ea2a260df32cb3b9b7b20,abcf92c74bfff01ce89eaf727d79ac2d618fc7c1c711fa8b52bd208b774eee04,True,,33569.0,76879.0,25418.535669621455,0.9900270336749533,0.7496510908682511,0.7440324874984855,2.319037525864679
image_0733,c663140931335fded20b54da8dda0a4d87155ac030ef328f785a8db1ba6c4dfb,31afb920dbf3495d03c9811ad7350f4c96b6045eb7956b8952b80f3d1e65972b,True,,42980.0,48311.0,40507.574883092355,0.9298394116393076,0.8763503861384316,0.8219962155855769,4.604036834442506
image_0734,f295a0ee82280b7bfbe338f55fcd62f7d38fcbd8f0f367684ff632a19ad81c89,c4a6ba1e17da4778070ea161edd95eb1ea90a076e8bd4e5afd8bab10169d841c,True,,55138.0,37353.0,31787.586031117396,0.9957932037649798,0.5740843362813542,0.5726954019515247,2.780461031644802
image_0735,c5e9e53a6bf910e1a08bd51edc06da0a3a733e1671ea94424e93cb5e7bd4c3f0,5452dfc09c01590dacd9ddd694843f2c373f92e534ccb9bd18e050043d573681,True,,53876.0,38969.0,36252.69498234753,0.9944755859933444,0.6691740308561889,0.6666957026123698,1.576242332928303
image_0736,48d9c45710fe1894fa22b7bde071ff9bf8802a6d51754adb942d7fc9b4291e0e,000539ae6d3798aae060747ec42f33f91ed351c4fdb4c5e2c85242463862a4e7,True,,56164.0,22016.0,37924.60944478372,0.9935253155066747,0.6708756421212192,0.6679553310351091,4.367336255461223
image_0737,a1eda4928477c063fa8cb7d752767a7c1bdf9a36774a0a96577a8388b9182568,78ed6150cdd5d7d8165312b76de0027b5ab0e51aa7ae264b48f78221560c583a,False,prompt_colour_instability,66520.0,21034.0,32406.29512312817,0.9934826329829358,0.48399115159572226,0.48245932352318743,2.874031350486343
image_0738,efbc1ed799fa02642dd03d66c0178b4d93e5c29ae1050885654b90f09d8fa7ac,c51dab2b7378fe2b77986d6c6e5f2eb5a79a47a4a6928a2845780f3fa9f94faf,True,,49087.0,56061.0,36872.31891746738,0.9878776670871011,0.742056764362851,0.7353606852669206,2.934793908975052
image_0739,66d69667c52d56c980533fb6d7cc6da475e0c4dd47fdf1a1ea2ec240b623ff6a,8001b9b6deb67bbce0a20a83f9669d0863a26c4f8c231743fa9a6312ba96130c,True,,56788.0,44467.0,50861.56403757671,0.9778501504706437,0.8758010151320115,0.8587646062656317,2.0334168246958995
image_0740,5d71d4d63559a080f674664559acd5d54453d42600af670809c9f70f1ec877c7,a5b2995a262f3b5ed31ee11b92eb3e705f26fab872adec45cf5a09cc7aad36dd,False,prompt_colour_instability,51993.0,36409.0,26388.97739161652,0.9953121352745259,0.505169338860251,0.5039702326825201,4.037332232845391
image_0741,bfc2b15a12670963117c75f6540d2827e6e39416030ccbc1b95907da4dd3a84f,acb6988e81844e413285d09eeb75ba964f9e2a8a287f65a2d55e65be0ead897b,True,,56730.0,47811.0,44754.48597897738,0.9869812351107068,0.7786327842107509,0.7707170980398959,2.6948369809870663
image_0743,6416f43d1f6cc0e0c96b3f0b9e574b9699395b219940e759020eaef58d56cbbc,5d99ae62d2d11912ca3c247eddc25afa0e2d1e1d316509f1f42797b61b242a98,False,prompt_colour_instability,42449.0,66368.0,22212.00512047309,0.9886286790773249,0.5173131353368062,0.5142532282162069,2.039446275547551
image_0744,dd58ff3284163d5edd92d38b19b158af0d393715de7e1f55286b09e4eecd20f3,5e5c4d35b2e0365c9728f43f857efdcbbdd3af180b5627e782d84c399507d595,False,prompt_colour_instability,36254.0,51092.0,12207.647841236227,0.9887408843581532,0.3329343113167321,0.33167684749528337,1.9593556373639935
image_0745,37461b6d077e03b3052ed474c1bb0d589efc3bec21671d478a3f57d73d3ef19b,2e065653bf468ac5f2eb4fdd95faddcda5f4d72245c4834aa32e699efed7a205,True,,41862.0,66191.0,24681.25828568689,0.9872038586987761,0.5820417901001204,0.5776834982156519,2.1280528093102284
image_0746,c91149900ecb58e09d230a8319d4dedcb4188e714e3b40ec0c4f83d72295d3ef,6ee6f3ede568f7ff7390759eadcc8a57971eef392c0f8c3460fd2abd2af02675,False,prompt_colour_instability,68056.0,31855.0,42435.51087003121,0.99197667457164,0.6185352791319243,0.6154562442777813,4.92687144917406
image_0747,6afb3a66d0f2ce1618831f7bfb204a28a5ba82cf123a1aa93e9522b65885969c,7d3795d273bee3f4dfda4a85d169ff543db1c2055255b083b9cf5d7fe1381849,False,prompt_colour_instability,51617.0,36439.0,30750.255039964773,0.9820673624085318,0.5850557347480068,0.5788715516257463,8.051011704449694
image_0748,d1c8d2c5aada1483fe24be3a839be1ebc1eea45790f840141bcd570424cef863,2d6e780cf31cb549739df5712682c85a7ae9c0073609eb39832a567ada84d131,True,,39133.0,63832.0,30773.89029944699,0.9754193201138109,0.7670622531659619,0.7525160740662115,3.22402122435495
image_0749,c25df0df266b3ed369d6223e42f5b94649af21b525fecbb8c5517a17163ff88f,1ed68ef60f70ee8be584e8483c73179e6581a1ec442e9d53007db33a233f0562,True,,59005.0,47679.0,37964.58995147764,0.9944198494631316,0.6398227578082859,0.6375337934824105,2.05632443023547
image_0750,a79300a41b1964944795b4476137d06613ba00ee3667922eff28c0116fb31e64,09fab801426c56c071a0eb9d842935a13ccea6cff74b71788c5c68fda820d2eb,True,,50367.0,53125.0,38703.59821302327,0.9943395586897936,0.7640820133588391,0.7607729080446032,1.6959146922856374
image_0751,34c4c12937a6b1819773c4f94440941bd516573c1292578cd31d8ecf4e4cc6a8,9b1c944cba50e9ff9c2fa578c8e33f93b8e356e77f7b5663c686f7c90c4cc565,True,,54631.0,51452.0,39298.18783906403,0.9922543736386871,0.7137668861889027,0.7098120066616709,2.198933740071062
image_0752,f3ff1251de21566858b1f46f35c26546e7ccdf430a8ce987a6d87b90bc9e49d3,e6cd17d2ef0bc654c2e4a20f553b35b61e064d98f694ec2489ba4fb6f85ea06d,False,prompt_colour_instability,61622.0,36944.0,44147.01611917045,0.9916647610353906,0.7104449740391856,0.7062277333424987,5.467011367191186
image_0753,4c9311be20a63a40b06bffbcb48b187b639c7d45e22be99c837c606559d0aa53,0c07f976c023ab13720816074af0988d5b15d27606c7d9552a6347b6dc3cdc08,True,,50940.0,57024.0,44975.025931786266,0.9951611469014641,0.8786297288613959,0.8748919865383867,1.2010938915466383
image_0754,42d602ba8d7fc9bc4a56aa9e89ed73cdd6c566e21a7c15ba94e168e905046e55,678f8a7c022fb1ceb5ad2707fc326d03d0860a94e4ac15eea673c03e9dcd3e28,True,,50795.0,41696.0,42106.250416561714,0.9815387436417686,0.81364142402476,0.8013776515596187,1.456907780366102
image_0755,03029077a4e2ec0cadd513e2c429ff254183ef5920d176ea224a6461c86ec61a,be4f338cadcaed76bb7bb070fe85f928a4e28c5bb335f3af7e1bac68dc4e587f,True,,50293.0,55573.0,39263.363571329995,0.989085061209775,0.7721712039697488,0.7656469654589647,2.681354155985665
image_0756,2436fb30155145a7f297892b5b9c1ae5dcfc559714fd4c35e6d1bb05ad986f08,02facb122032f9a72f36bc1960fb354923f19e49056773c84db0a1d513842f4b,False,prompt_colour_instability,37385.0,66637.0,22893.1434802578,0.9928625875962745,0.607991057216037,0.6053452877354584,5.071100078338934
image_0757,71c53a9dea0c75b5b28b328e228403528fd74f2eaa70162179e4a39bd22d14d8,7f8db7745c32181b5e51b8229b3513ed38e6e66b5000e34db23774617c1800b8,False,prompt_colour_instability,58048.0,32901.0,37390.13550320732,0.990402898176826,0.6379427123346328,0.6340233525256584,2.058960994326813
image_0758,9f33cc03950b372df61aa628ac41b033cb5f7c306d121af998a68256f709eb44,9b40c8073ea3b84c0a205ef327f2fe58701252a15a5062d92a016c0e4d650e17,False,prompt_colour_instability,32660.0,78688.0,24127.811793341163,0.9879475604775094,0.7298534231748893,0.7234122852788537,3.376529230770166
image_0759,3bc892d77f628acb572eca0b557123f51f4985a255d05579982d657f0593c8ed,69c9ca24d0b2f74c2e3d53b55f6d5595d3ecca8cf0d170be01564a0a2b25a93e,True,,41860.0,66519.0,33255.30927278589,0.988557392882755,0.7853507366033188,0.7782758366837076,3.2169689647118735
image_0760,4dc215be319cca5f48f0b1634f1fd5d177b610d8cf420355e153a36895c25157,cbc7ec511faebb40ed21aab3fafb92f13b36fc82e6316190d492503a7d1c8f1d,True,,36597.0,55879.0,20929.05345567169,0.9920238098362438,0.5673175218012906,0.5647415013601449,2.1679448767038734
image_0761,572abd37b06aa9aeda9dfd6cc2e193063966183c0319a18a5975fc10c71d0706,9f4e5885d7cca39a98af998b717a508fa73933649c9992849fba04121de1ac24,False,prompt_colour_instability,60655.0,36846.0,43503.7302930085,0.9911749009957191,0.7109027378800951,0.7064312774028978,5.8241509799666025
image_0762,f765dbd1d8c9a6ba056b3682ba09bf024baa61793b2b0639c20afd924337352f,0635e56a88eadc6d899ba5cb721027a6951d896b03b8828ea5104d7c14139322,True,,54453.0,55903.0,39657.10705956724,0.9951797232094363,0.7247708818031533,0.722235461268045,1.6758455718130243
image_0763,795fe8d6f740675d34fa62c40fac0176b4399bf9812849336e7cca5a20de14e8,78b8d7934de218b3ee93120be99ef5be5a570c5f3d25e4c2bf36017848287d15,False,prompt_colour_instability,61678.0,46155.0,31694.19371815902,0.9978563593271306,0.5127639150979436,0.5121997051513298,9.224662200127112
image_0764,8b7aa962242f69e0385df249ad46738e8b782d58d001907986d820d0f1bc33bb,8b5bd70ab24fad145e4410fc4b53ccb182159b7bd0303a65326af9b33f78f2e1,False,prompt_colour_instability,62051.0,36142.0,39161.53455254267,0.9974698461157842,0.6295216812586856,0.6285180467063289,5.227043295561257
image_0766,63af587e38588a60b383b2ad9fef59964fb4a96e7b54d84e703b4b5a8878cb8c,1ddf048d42ee879f80192e6102c8a7f686b88e6bb6db10bc0f2a93969ad77fd6,False,prompt_colour_instability,52318.0,42264.0,42770.85875683598,0.9810037743006637,0.8019873441365627,0.7897231497195775,5.310227578828408
image_0767,76edaf3dd521de1d11c3983a7180c61389a1f686597ca0c65f7bf61af4acc3d9,9d5ee7b64471ac113e7c0c7facbe760ad5a5dae2bb297af7ab55a9bc43e507d4,False,prompt_colour_instability,57496.0,43684.0,23399.080067959447,0.9904022523929848,0.40306284964572897,0.40149461803110836,3.459963970697596
image_0768,7aa70821fa0e4cd9d16c245ea3e981f8460d752f29aecb456aede9f3d67d69d3,5b5dfdefe9753290e230d219a9f6e4e5f6167f43d4dfcf7927c48add35eea81a,False,prompt_colour_instability,81880.0,15838.0,33801.040862863236,0.9969910505846382,0.411569800204205,0.4110592111372009,4.4535988445841435
image_0769,fc4325cee18922bd9bbdaf2ee6dd90a53d66ebfea956183104b10df509f20737,f0cc3ef3bda99e4b98ff5589b6eef26c3ea8bdc0b2894b3d1f00c7dfbd8bc8e4,False,prompt_colour_instability,58052.0,41794.0,26631.496258233867,0.9659009405620735,0.4431094068146392,0.4362845953324274,6.235060937576761
image_0770,df42e18cb1272720fb7977f5ad6808189cd3ae9bd2a6a62933c4d56660b88d4f,fff735d614564d61ed8654d3d96bf5517726a239b33efb64c05fb902de016897,False,prompt_colour_instability;reflection_colour_instability,40434.0,66082.0,8695.145060887922,0.9993692690691318,0.2149097483293672,0.21488060283220617,11.39981437783065
image_0771,ddfb7a8507b29a5bce3a90d3df05dca7ae9c498eb26bdc1e161342d8b608b32f,ba3c8438d5973a9e8a7fed18bacfe9dc429e0b1ccb22aff62fe35de587f6ea09,True,,47682.0,64012.0,38476.44644580737,0.9885686432270471,0.7977141994700292,0.7904230189557679,2.2127287531637263
image_0772,5401c00066e5acdd564c5526d3c831c1623bcbbda449297b7df695c1d26b6d88,da1be4dc3867c7903b7445241ea5b0692c20f161f9a6709c4c051cfae9223483,False,prompt_colour_instability,68771.0,39721.0,46290.51172966932,0.98870969174566,0.6655112995738061,0.6604918063051776,5.306690624440599
image_0773,9eb9646b0357cc0f3bf98b30dac5457e5036feb8918e13bab2bdb052b5fdf8f5,015c0501b265512b936536936bf7ef0ed06c8af9b8e62aef91105f9d94fdb95b,True,,47570.0,63454.0,34314.99087203467,0.9945563597179436,0.7174309944386225,0.714624796913916,3.6006846107326416
image_0774,891addfc1a25d83f0cbe0880c68340148fe1ce8feae0fd74b81db5cb50c7115b,c6cfb23f18432e71d8560d99fd10b157ce641027a5cf65a05be3a35266230ebb,True,,41777.0,67414.0,31997.484027690385,0.9940864895472943,0.7613822574965257,0.7579493339991041,1.4020330992512413
image_0775,53456c48e63733a66ba35e374f36544fb71fa056cc10d33389604cfae4df7d77,fa067e732ddcc0ac75d4877e81165034b15f7846d279323e03768038eb947c0c,True,,40798.0,38972.0,30485.93343143011,0.9730978226427361,0.7271384735368409,0.7128092912724002,4.214118117221884
image_0776,41ec592ee9cd13a92f9ef528be74c7e59a99a742c5a3076d51433d3343fa2f15,8300c667110ebb77090d1d5a6fc191bbed7aa8197b9cdcfb0020a0387f9472fa,False,prompt_colour_instability,90431.0,15883.0,36698.5625383807,0.9971676596585715,0.40466897103018656,0.40420437214315363,14.40906675164193
image_0777,e60fc8cfdda54e22ac0f3cab33b4b2a558ea27965bdac8ee8a87397fb5eb47c9,6c047116a91972bdaafaa5a30b2f0a720d068aa8c787eea10643bceac72b411c,False,prompt_colour_instability,37776.0,65990.0,23084.794965369714,0.9929232244107553,0.6067722641856224,0.6041595187473535,5.002820729792548
image_0778,ef11355cda6c3a8a3f6194fd643f3ac9bb62f733bfbf1760caa7bf90002ca3da,9235e151a119f926ed1792774e0ad418abce523aab948f8173acba0cef466019,True,,75095.0,24787.0,47483.09705603524,0.9957947025457373,0.6296479993190623,0.6279781807327425,1.9354770948045277
image_0779,fea8ee77b851be6ec72ae698e27bb44c35c8fd820d0e7cd69cd84aab552fcfc8,20abc04b0755dc87a9c219c725ff3eaea5177490cf59f8cbb422b5168ec81718,True,,18583.0,93726.0,15950.260467564047,0.9713971239784804,0.8337748019641268,0.8137956513412473,2.899649931197663
image_0780,b20b29edb3a60c77092447a2c0663dddaba22f1cb016575fa7bb54fd667cf3a4,1e3d6ed85d6dfb68b0046ada1f2a456c9c3ad3f94c82485034ae56b5b1f017b8,False,prompt_colour_instability,30889.0,80956.0,13609.763802569127,0.99951233048454,0.4403874109116515,0.4402928059449298,2.402811829172031
image_0781,d9bbd6a8864f49edb854eb0806ceb6f6c9327cc58832d4ebc5dcc55d7c1f9e2d,69dac264aef2df261025d58d528c0981ddb7929c684cd0c62bb2c02d668e1922,False,prompt_colour_instability,43011.0,67671.0,18967.89248239866,0.9968676148775235,0.4396195796001502,0.4390131335041544,4.4820787399579585
image_0782,0ab2a069db6120d87c2d33caab50cb9008dc7b15b2ef9864021edfc3f2f151dd,659543183323d96c8b951d7380f549b78fe4adbab44b64c0bd946eebd72b7ea6,False,prompt_colour_instability,21096.0,88555.0,13870.379002651389,0.9758175148693727,0.6415888684425297,0.631547448600663,5.000105402019169
image_0783,3ec4ee0a68e08f9ec844354725aeb8328d63bc925e98e4a88fdd6b8f2017d534,a34504b9d605c2f183e0ae1b0bd84bc254cd484479a27659e111f7a900db9f37,True,,27244.0,85721.0,22616.397683826042,0.975542336993899,0.8098389902680614,0.7937237460781875,2.437804366032322
image_0784,897d657283c73d14ea212690082a62aab686babb9137931a7d4a922be8eef463,e897d9e9193ae86e736d8682834a1d501bcd1b3307dab0baaa6a836fcbce1891,True,,27493.0,83657.0,18606.069158564045,0.9866419401514164,0.6677164432108923,0.6617342628111477,2.0503969881470296
image_0785,09876b5685481f626bb7755c92ec75259e5b7443d697a4caf064f527c7c28a3a,52c1097714a9c7e92b2beb7e9d7ffd81455e970f6e2b74cb5eef5c42b31b6bb2,True,,25985.0,87984.0,15599.658790887162,0.987831077638791,0.5930278142851455,0.5887269236848365,1.5580314264689423
image_0787,190051be4aed0fc5d423df773062328c14ede08f6c57d22fdec431c6d24c672d,e577a427837ddeb3458969444247d72e33f461c951e64470a4c65b5f84513897,False,prompt_colour_instability,44331.0,64353.0,23422.44669055859,0.9953991414004558,0.5259227927472868,0.5246474375003976,10.961871060308436
image_0789,d26d0f3846d72ee2d7ef2f04e0fc98ab00286090f2b8ca6e349ee14d438053b3,dedf9730a136764c8e283e63fbdcb89472c92596601af4b4dd4099dafade1067,False,prompt_colour_instability,57633.0,46616.0,37655.04102226491,0.9875578644096356,0.6452298491524847,0.6400269537839974,6.9485817954723705
image_0790,1b55f2151ee3fb64a68dabb592c140f3f73bc1103a45b3f8833bd47502bf6e4c,26a8479bba7c20d4be89e10ddb930ae17ec7bfe22583359d4aa877cdfde3ac58,True,,22306.0,92188.0,10391.71086309621,0.9943661893081545,0.46324602937905185,0.46203336409728063,0.22674900855352778
image_0795,fb72089b402b8fd32d6ab51951611c967456ac0395c1ce37cff5399998792875,86eb598ecfef0274fd0c4d4c7140e0785317b6ac3e980229134b692807fda3ea,False,prompt_colour_instability,29699.0,79592.0,12985.483562131578,0.9877081091833275,0.4318619285492495,0.4295533106158053,4.598387789837507
image_0796,3d948169ee9747596066050e6880de9996c685d82d3f1bc5abb726717b2ee040,0d3eeb4a032f8576048218d58d513fae77a0fd67e4dd85cc561f6c9ded20a123,False,prompt_colour_instability,38802.0,71279.0,24855.99812580076,0.9964872309843157,0.6383352596703917,0.6369020842220336,3.509876117471214
image_0797,76cd63dae953f272cfc346ef45c7d25fdcb32889906c87b353ca5d8e4c1a0541,88c43a9a2c4050228ab751f75ae091f8cefe1fb9bcdd482e94314fc9432610cf,False,prompt_colour_instability,29146.0,82687.0,19335.535170314834,0.9923852158278584,0.6583510342118999,0.6550419793444329,9.191552779847454
image_0798,64eb340b053a8cff1320209386b5ea37952f595bf3f4528a28ab92efdf9b12b3,3c89f1d8e8b72acab0d3e3ba8daf96de2f7c8536c6de6911b419734f22c1e1f4,False,prompt_colour_instability,21734.0,86869.0,16091.082754162526,0.9812785899631542,0.7265038647273871,0.7165717022684834,4.916513723182486
image_0799,dc227d668e8b84e674b5b57b10c90900825665b2e46267b0744e02f167de8b8a,8ed4afa8759ae07bde994cccd049ef8564c0c63b0f20480f53090e61e655fd45,False,prompt_colour_instability,32291.0,75172.0,21567.062438864028,0.9931097920771905,0.6632950634658585,0.6602565960929746,5.106324227425335
image_0801,f6ce970d2d17b59b54ab3fa16eb9846106f5d685ac19f08afa2c77dda2af74bc,d9106c406686789fa40313fcadb4d01470ba6ef9cd08a2cb6aa824ad6c9f96eb,True,,28740.0,73107.0,21837.01441954056,0.9809006285995058,0.7453006670446697,0.7346396185987535,2.6911559968523187
image_0802,7a414058dfb9b902dcecbb30900752a6e72754ed2629dbea82707e97acdcb9eb,d632679c999e3dde4826dc9dba6d52c77dc432ac564f20fee79d16f022086ca7,True,,37399.0,71430.0,24498.39195670629,0.9939927408281397,0.651119649373741,0.6485674821421152,1.775911284096872
image_0803,40fbc13d9d5c2fa34733e80bb3180ba9c5567c8681529a72df2965d3f5934c86,ff2080ef6df700e8033f8f3f9092614e0c9103e0bd793c7602ccba4393e20744,False,prompt_colour_instability;reflection_colour_instability,26199.0,70519.0,4932.834426059717,0.9993060622571164,0.1881526526230802,0.18812807239331103,23.532185537175792
image_0804,3ed44128b0f63e43c889e42d0ed582a799a88494d2a514f0d31339ecca07ecf0,dc08a508ee4d39c3cf8aa287c49a9e0dc403a76892a0cd19515f861773ad6a01,True,,24158.0,83067.0,13860.544411660696,0.999723650569883,0.5735869715254335,0.5734960412912562,8.497810327857085
image_0805,ff1bb8c1cdf32965247093e45ecf55ebfbbbdd5e78f3b65a42acd000955a4f0f,519b17dc691fa84b166bd1f4afb2daac4b564034215bb4c757baa85e46bb5591,True,,43962.0,61237.0,19927.507075004047,0.9954052502759194,0.4512066140614521,0.45026881615064107,3.4413127497727425
image_0806,37c6337bcb32afb51e10b6653ea8f5178d318a6872fafdc40a7c4d2ba5b696a5,704b129e7f94acf68245f3f012541c6431ef5889be0c85028bd62879edaf3891,True,,42453.0,65374.0,31190.62711346487,0.9946599784293262,0.7307862457747656,0.7279303093524067,1.800166183310013
image_0807,c1f67bdd0c556f3ec991d5df62530d98664d8ed415de6c98a27f30dea0da5da1,956b7cfd011548a6ebf3514ff4ca309d11170b7bf699c2e544873bd1bb88dca4,True,,37710.0,61011.0,22582.54180461142,0.9892664807245367,0.592419826488005,0.5886362247513899,6.44972808503299
image_0808,5ddb121b4a0aa402b7074a040ad114124d3c9512f2377df527fcd008b1bcb02b,cb39d458b19a48e8c03b2b33074fee824d2488d7e2ec3cf5c488dc9eb9f820c5,True,,43190.0,66750.0,32499.630633559456,0.9970526052680863,0.750262593041004,0.7486023002535013,1.588291217295612
image_0810,3690256aa2aa853489a0e74d93cbf8cbaa5b5d44582da20772e9da232e5b2d9d,82910db03323b4db49155c857d28cf638bfdceaf541845547ca49e92722e6d68,False,prompt_colour_instability;reflection_colour_instability,35796.0,51949.0,8402.723885779506,0.994929605050147,0.23354896516437704,0.23327132088397645,31.51765666559718
image_0811,c06da960ad9417e005207f141afb40dcc8a267c597d5e243d292090601f1193d,bd0471ebefeeefd72066fa74a70c5e9c5f11079cb2a77573ada2740c5c2a9eb4,True,,47747.0,59984.0,32448.16634470193,0.9947993564528473,0.67605116547185,0.6736702251432191,3.4415504305765054
image_0812,fba96f69e653fb7f080f81f13fc99f96cd42b24c29cc36bb825db5166e46dc59,0d195a20d0d64fbaa02d3a3fc00559f732ac7151aa5f07b998f9ae4307235685,False,prompt_colour_instability;reflection_colour_instability,28945.0,75955.0,8768.829758486958,0.999091343513449,0.302672720830798,0.3025894253263965,25.195009248144768
image_0813,52b728b02af65055cb3dad0ddf8745739facd4c84b0b38d470cd62bb17179351,5e4bc7f9cbb219f775b26eedf7f507de56043d2991e82ba57a18c7b488e5bf00,True,,48543.0,61945.0,22872.92868847493,0.9980876166761966,0.470287927838917,0.4698645357119227,7.918362880687085
image_0814,fd19b30bd356a986a001a7224aa359911dc254ef081644aa278857a886f3c575,68d043080b3a16faf227112d95624af9f606ce23b5624fecf6e3c39873cef5b4,True,,34061.0,72694.0,21677.22355749049,0.9932355817805822,0.6321185447142424,0.6294089171332504,2.7512593973998314
image_0815,274da2bba0be5e772869aa6c8bbc90ed7e87b5c2dc2681e408543d76005e6895,e6d09158dd131a295c6103032ba0226a09fe77f604f46ae876d0ce096802b491,True,,42754.0,55418.0,23835.782448037236,0.985805147998737,0.5495962259403342,0.5452809965078272,2.0053425189090017
image_0816,c61be0383621072c270d02c40e0a3609cf7e0d6a67cf4a3d31e5f2a90814d20e,09701e26918f1d6fc2c2b478103a6a2c9534ebca2bac0bac7259c7ee25679cd5,True,,24619.0,78049.0,11678.886074694014,0.9920857724820052,0.4706306800902614,0.46887035725943615,2.9091563489106353
image_0817,92e572de306ad4c4a8ffa6309dc9248d2697f329f385ccf52eb5018f96bc93a2,baa9900bd929bd02626ca487474372f83321dcdf34b3f2aa2f3f6e2257934b81,True,,36171.0,73238.0,24807.866120820632,0.9911258104979961,0.679763247234639,0.6756509924796542,3.991736249216089
image_0818,afaba076ba86cc6f96ec56c07a771c3793d5a7d220d9d19571d2966bcedd0059,a817756f18965d063b2d274c2149c75624b7e926bf933839f44947ce5b021fbc,True,,43010.0,64909.0,28127.510332450358,0.995181066376019,0.650824592586618,0.6487799837323635,2.915478947617124
image_0819,15a07da0142f89926fa59a0b43206639d4595ff5c079c479a496f5106d4d92bf,716993dc6846ae2bbb218f6c27616062c5bde0fe4a6c7a5cd5ad2fecb78162db,True,,28771.0,75706.0,17457.990415125852,0.9962052936135741,0.6044886332558275,0.6030999386256277,3.2389948934781323
image_0820,1cd7291d83dc1ec9754d95254e76ce06a33d3af0653cb233363d3deb4609cccc,8a17f06296ec8982990cffc7f96f7fb1ecc6a6c3a47bb790127902828db7e461,True,,34828.0,64320.0,25153.771637531056,0.995135463161449,0.7187151196959856,0.7161988932638176,2.398986329374038
image_0821,087385a75d2807e296ddcd708087412111ddb41c1d1d8bf02eed010e781f57ce,b3e91e2bc5a27f355520294233d803a01959a0df90398dd65f88477b613c028c,False,prompt_colour_instability,27510.0,70697.0,12783.507201313201,0.985498855781069,0.4579473544079686,0.4548821418996756,7.970066096428851
image_0822,72f5541cc81a48ae4dcaaf29c5ad623eed324e32d7a3fa2585ce1882278ad640,64ead1c7ea35b5a4012ab8d693f3389a8481ebbd5f7b755d37be4788cfecedc5,False,prompt_colour_instability;reflection_colour_instability,50021.0,55900.0,12824.572258677072,0.999930781332934,0.2563660174502636,0.25636146792060316,32.06908532227645
image_0823,c42af14fcdee0a9e6f99b7892874df70566b9b817470a5c3ab867d382c587506,991092bb0336437c17a06546101c66ed5a65dd0f99b4e227530d7bfd6ad2a14d,True,,26388.0,65494.0,10690.310777219975,0.9890210691015567,0.4006723735756402,0.3988981598291174,13.875117569077954
image_0824,944d50379c92ac34e70314c85e033e11ccdad8c31baab1761abf409e96addada,1236a598bb06767e4fb340c4a75b5ca04d6614b8036f06feea62a152677a336c,False,prompt_colour_instability,44975.0,60358.0,13366.467084723141,0.9987444124476735,0.29682455397516355,0.296713832909647,12.379019978070083
image_0825,3ff5410843bd07ca8287d2cfe9f1ecbd7d0df0ccc87daf751eb3cc0534492630,683bcaa3659f7686d0adebb7be639f7b5450955cbd998a20f4b9d60479082ae8,True,,42495.0,66116.0,34321.08553524882,0.9928133501407164,0.8018456738608416,0.7972183811615284,1.2263794767939515
image_0826,bd18661c4a670f8402ea83430164722002803e9e4af85023b0033a329a1b8603,620b4f2b0a230e2896c732f8eba41693300b984b83d074923b78b92fc805474b,True,,31173.0,65790.0,18124.163371387374,0.9724444903535466,0.5653848783489948,0.5564697140894618,4.737990322555225
image_0827,54030f813bec0b8aa3c107451f555999d5630fba0b151101aeee6a9c166889cd,9d9ba3ed5f0fd87eebcbe54e1959c8cefe87a6af8e6b360635060ea0be09deed,True,,26928.0,76107.0,17423.859885260637,0.8561446484509355,0.5539714942114092,0.5067976879602715,9.147864682780337
image_0828,c5ac5437131bb9c84a007c9b8570e363a66fb64d2c3d0c29b06490301195c8a2,a09565f848a6f98796939b79f23fb7512a7beb831229178a37675796507e3803,False,reflection_colour_instability,46215.0,53058.0,21089.949022893405,0.9908559586689322,0.4521714087927719,0.45029241483148563,8.528098728181734
image_0829,da85f7b4386f128a9597dc5e713a4e8dbe856437c007ec02f9b726b2edf2ff74,d2e63b8518159a423db5156fdc9faddd509d87f227f654c28cd3decfe834a6f9,True,,50447.0,52299.0,31928.412869855234,0.988965205220427,0.6259260092017147,0.6215848405217026,5.173432658675737
image_0830,fbad3c1e5693e0b41973d9913047fe1e07c9e311f878b720a55ec82c7f5876c0,08298c28ea8035ef69cb15f3c7e38ae2370f93a5fa39d1a447b95c5c81b29ad0,True,,47576.0,53778.0,23443.73935112499,0.9949993307759598,0.49029983532149407,0.4890946329311335,4.816861113817951
image_0831,76beb7f8dbb378189c443ac9546fabcd34f4bdea1d274ed0f5e840788b8737df,1c719e710de338ab3da8e40351cafb8d9d855ed42b5ae374089b85d1e825e7c9,True,,40104.0,62649.0,29190.014691921504,0.9950850246594037,0.72428053285256,0.7216987250836621,3.835639692852743
image_0832,e353da250b33fc731ef27f67fbb2694f3ed1b6e517bc22244235dd62a1caaf6e,2fb240b0f48d48ee7ddf8f526f80e169d11281a227749059ac5e5b8612a2cf69,True,,37702.0,70572.0,25607.264868281723,0.993771286642491,0.6749712098972837,0.6721277378167786,2.1106543321298523
image_0833,bf0e1727cbd99bf202b3ea48e38480759e7f18755c2a7e2027fd8744a2375d12,dd3b8e5542b526ede58ebfa9b9e78fbc8311a399fd231fcf2f1329005165a56e,True,,37373.0,67650.0,18484.742047880893,0.996014778117146,0.49263040829938104,0.4916612963204394,3.1615101364126694
image_0834,e370753309a53fb7b237891194a8cc0612104147bea6f6a9a35e8a7dd3807601,e24b3659069377adfc002525748d165a4c68b9cc1f4f70eab5c19d6e66b5a25b,True,,41008.0,63011.0,29685.89536733931,0.9789439287355405,0.7086623838991253,0.6980227066067264,2.89086751590314
image_0835,d4e1053be7ac24f474c0bbeaef584700e520232a2ce739474a50b8a446ff4231,be314950c0c6dedc8209f3856e59733d3eb2cf4cf7c150c63587b30c06368425,True,,29909.0,74544.0,20666.18105240655,0.9845548316651305,0.6802965129965308,0.6731129659665143,1.4791047978319656
image_0836,15c57d687c28395d25113b171ab2c4457ef64c6848eeb7508a3ea6fcbcd41b36,8462d093236ffa0d887d4c63499eaad98a6de0a7a817da8bd5fdb755b7c4f5f7,True,,32978.0,77359.0,21557.683264516825,0.9901567573840319,0.6472644113623018,0.643126204767368,2.328195090815605
image_0837,36294a785f48062dbef63cf936a5f5003e0903205988d4156c6b0636d525a55e,29a2f417d29f986ac13a2710ba8ae38f46c18e0700e622497d6ca5195af20d9a,True,,40190.0,71235.0,31444.63763237768,0.9952777056501707,0.7787048220391607,0.7758383159662333,1.5519836150129198
image_0838,c97bb212425514cd4758c4c273504e5360f484827e09aace5ec01286976deac2,39f9888244a17ea123e1b6fca80775fc325d7271cefd1f4ee195c40493dada83,False,prompt_colour_instability,29873.0,75639.0,10645.038147969932,0.9875812764923706,0.35191779742517076,0.3503673076125072,2.708414638913832
image_0839,76656e92ca8a6afe547b500d69414af8fa086797eddc6de4f9ee09f871da6912,7b76a5da81c42254bb536b9a0c5fc4cb74dcec5a815934d439d91d2670e7229b,True,,42261.0,64701.0,28829.418481198707,0.9983627532149895,0.6810586026946035,0.6802987840363068,2.96766745909616
image_0840,79d03fe9a43acf08be028011886794267075ad018c3803f1b4fb53ea26e825c9,2a1673d7521850babbc459e8339b60c05999fdacfb15c9ee37bdb25d1cdaf029,True,,37303.0,68074.0,23389.98855011568,0.9966579041708971,0.6249314255405617,0.623624567653502,4.256100282244184
image_0841,ada919bcb2566cf491ef2296584d64a53d62aeb89fb4ce96b77033e6444a1d7b,aa5ec12604663caa90470d3ba307efdf1f9b1e47d0438cc3871191aae45571e6,True,,37442.0,71443.0,24520.876341603805,0.9936182114613833,0.6507235001872261,0.6480151518641879,1.7796383672200942
image_0842,ed64d23734dbe3d33a5ab784955a203285d5765df661710f7cf7ecbb47f23fd4,d1af95677343e66989425b3213c1dea31bb5479decc732317f42281437f5ef1e,True,,19800.0,92744.0,9459.666530479619,0.9953517371793821,0.47554017748740135,0.4744864577029503,3.069120669587102
image_0843,bdf1492c98dbe93ea6f6f0c37650c6c5163bf67af05ed02910385aa1a78eb588,e566c8a0a369720a6fdd8f9591f72cb9d22ccf196096100b86de5f0fc4605113,True,,13462.0,96159.0,9783.234733463541,0.9675922193408267,0.7031779682130627,0.6869980004684304,3.326139395804039
image_0844,cf72ee9c75fd18ade678fd15b3b8da3f94d0dcb67b0486f682843126858ae8be,2aeef1fdc7857e4897e74a69f971e5d0852a79d14d135d6e7f5b253dd98cbf27,True,,22157.0,90437.0,14288.728912496357,0.9955858864427835,0.6420389421170878,0.6402165030962805,2.781044824237793
image_0845,8bcf6d64bb124d21baa6bbc91e7ebf4ce5e57d8d39d1c089df140b85d027655a,2a077033881d06bd70fcf3e830bac8254cb84c9a83d5a2d0d83d3d38740aaa81,False,prompt_colour_instability,10404.0,97383.0,7116.611597801355,0.9625786620989428,0.6584293031996779,0.6419960116217501,6.836223275235272
image_0848,c30faf85d1f80185e855cd5a059bfbb7fc1f27ef879a50e81b4487ae15b70c42,4a2c91422a083f2d1f8e7455ff895a82b1e2e82d982e5e251bc7b4e92ed434f8,False,reflection_colour_instability,46069.0,53058.0,21253.000164913665,0.9906242521661811,0.45700443670701174,0.4550362631766857,8.309189878126379
image_0849,acfefb028decafbea3fa9665f93c24a98d1a0a2854ce8cc2021244d593427852,8fd8226ad029aaa0280b918a4b2052d574507a05ce7526c33a6b8f6ea8b612fd,True,,34877.0,59359.0,21764.175439538376,0.9749212846038348,0.6083768064299677,0.5990025452072317,5.935242083156022
image_0850,f71e2e9523c926bbf744bb5304144699473289a178e9a2de09c267db7c597821,12c370015d980b7344631b16b42aef4f790793a66f53f89376fde7a4a46ce6a9,True,,24339.0,65165.0,9444.162684877861,0.9892405494320887,0.38385096689735015,0.38225507275377957,15.032087591015742
image_0851,3536d3ee8437c6373f7c58d52184e2892fd08163aa2d7c40f21dd10d815dd827,42628bcdc81fdab9ce524c6d226e8c6233a562b0499930ff950bf8149f06841c,True,,10357.0,101576.0,8598.460167607387,0.9317956256553375,0.7735838149607245,0.73212795516046,5.182909761029311
image_0852,b3477ea3e1387694945cd7890ca5f1da5129b8b8b21a54e3c9398242051f3b6b,d01dba12210eddf06e99a089c8ccc320685fc15e6168e5084b30d9e54f43f181,True,,30313.0,74229.0,9642.360672023286,0.9961547141467852,0.31687009002538713,0.31648298086951593,7.085286646140842
image_0853,4e51a72ee41ce50b12110fe9630eb9ae8ca5ec04743e8b7f5985de11f73063e9,02693aa7d4f655e476df1e494cf38a8d4895fb10049bc4b47d201116daae87e8,True,,37635.0,71435.0,25595.31826853729,0.9937896892565544,0.6758698920821651,0.6730272994519555,2.0953910211520648
image_0854,43643fd207da0d60b1793b866931cb7e840bdf3682d6ea0e49234d97afbb97fb,b42a5ca69e6cfba2957a3f38149a7e1adc9db63b69c0ec652b12b4276161209a,True,,50625.0,44195.0,18217.71957317753,0.9976141963937022,0.35899764290610015,0.35868969123696814,5.26343092590745
image_0855,a3a464bebc0ed831f9963ed732c1b8eb13367bbc46ece93c9ea54e8437ecc472,fbcff6a7276e00afb5937685acf692131827fdc24e72867a4658f585608eb1ea,True,,35133.0,63643.0,25294.58771293884,0.9962028708164689,0.717232826566153,0.7152773967035888,2.3797810510680844
image_0862,e1c6fa397bc20e0ad819c55671b98577970f7ccfa82c45c7635e56bd22df2a03,8d751dff776bcebe0ac11d1acbad45e48b92c10d937720b51f665e5caf815a4b,True,,32914.0,77358.0,21450.369474727726,0.990112414696078,0.6452657567219332,0.6411343930105347,2.3142264301597155
image_0865,86efb50bda5df693b7134a995e8b85f3e9659ca5331df5befd032fd0169f27fe,b7e08bf3bdc576f14e1a593c003f98d5e0c37b73db57210cffbd7fd335a5223d,True,,29957.0,78585.0,22973.415855958487,0.9722196127139267,0.7455755071000414,0.730022940900237,2.2510952091358605
image_0866,f7afc1e63289955de9fb7d7d7fb4e3b36a293709fece2f034285218da90fb06d,47a685a13c0833dd761d0a0f200604f2eba505741b61a44154dd45e864f1ddcc,False,prompt_colour_instability,30034.0,77532.0,10709.926093794831,0.9848647590460228,0.35119627028587463,0.3493109944894813,2.7297513458463
image_0867,1f834f91e37b74fc01b24518e20af7d6bdea3ff10f8eb0194733abecf92b0fca,541a5386765667a4e4f4b3c72fa729c4d8332eb2c2f8fda0b578f891acaccaac,True,,41281.0,66935.0,30471.507344711783,0.9848622397553471,0.7269745638970557,0.7189411765207067,1.5207149419870154
image_0873,fe0abaf8a58e589dcd74170e25b8a0af81a0dff91a11f5eeb582fdd7917b57a5,bf4bb83233055efa94466562b43e238ab8f6fff527c2d6ea16ce0f687e815fb6,True,,15900.0,92094.0,10857.292319571774,0.9917716378887657,0.6772298482275984,0.6734459404632792,2.1907660400226394
image_0881,3debc392e2c3cf801eb1d7d9730b8a1e4df373342628133a4d14cea7611dfef6,7c9dd7dbe14ca17a5a7293ae8b21f181efb315f68067833ae55e5a71c7e2775d,True,,41575.0,57647.0,33162.04922878092,0.9885922865567289,0.7885447041247705,0.7814342044302527,1.0933518177096884
image_0883,7412230a11fe74facee8711e6ae303fe0b00a3eb036149c66eb60c54d8d0d7de,078cc194613474647730fee14e1037f5cae54f0519a7a8bf5ba512a5353a2f08,True,,27532.0,83408.0,24625.428560526285,0.9815178202549806,0.8778983351580888,0.8636217998918932,1.3744820793073504
image_0884,092a3b034ee884294f4e4a450c934d543a4943a45a6dc6872e5c8b7f0de2fce7,02f5cddd69ef9cba2cbc11dbd75707e34c56c8ea64fa824c4105428a636879a8,True,,27334.0,73165.0,22958.285711587218,0.9950584122230829,0.83576627378122,0.8323117450941862,0.43407318315396426
image_0885,e8e38974b369f9bd4586bf1146ed60eb2f53421be03aa79f82786f3d7f05453e,6333723763b377db331a3709d2a60ddaf07ef7adfb95de1b987d1944f8949352,True,,44231.0,58829.0,35281.32483919613,0.9856529346576235,0.7862164854143603,0.7773207579659012,1.379123133983404
image_0888,3ea866e14726d66da0f8a2c4de87c903082dac38dbacf387b90cc8fcc3bd6a72,415760ada5a2ab544c6aba48b091ec20ed9da13e1eae03aaaf76846fce2f06da,True,,33761.0,75498.0,24896.217104371484,0.9964790315678878,0.7348288945785959,0.7329258881565051,0.15672513728395726
image_0890,8d724d39fe2ca965e31103bfbcde67537821548967565b0ee182d27e3195392e,e08f4b7787ee2e5fd802d5a009ad339ac353a26fce275cc2b8a405dd900ba75f,True,,70041.0,33934.0,50449.56262400482,0.9973196150507332,0.718355511424028,0.716971294972886,0.41179820748623613
image_0891,cdedfeea171ed271c206937ea30c3372ab763bcac85fab6519461452355d78b6,a2dd06621aaa3cc0170d19f3c6eaf3b6afe8df5eabd475d73ed17163d92b0b43,True,,34031.0,71979.0,28629.546278129194,0.9928713372236195,0.835281240553367,0.8303017629293491,0.4657115146741459
image_0892,1236bb8ec44df63e650a9aef551646765ecc20ab3b6a420415a3bf7fdb03213f,fad902bc4cb94d1834fac2d1240e32e0e94f1bd299c38df3dc059bb0aa80b76d,True,,27559.0,82836.0,24398.044404379405,0.9763792319393635,0.864390720141168,0.846685245665742,2.117773061748179
image_0893,a75d40c2cd25fe4c2a3497e2eb0558cf6be22c351f5712e188d89cc5ea96e81f,ef2ebbdfa6b5d206ef8d08a230590d385f552c3dedb2dd55498e9c8ee79f4f51,True,,20751.0,92490.0,17019.47137835808,0.9902631524142873,0.8121900332300905,0.8057553289208562,0.6636754210901545
image_0894,5a4691b10ab65f679549376549bb24d1f89b663b44e72abf01766af6d6cd6735,cfd25c2fc0efc1db6296ee5cd7d47c82cba13f05d092c407fef05399ccabf39d,True,,36465.0,67534.0,30574.546695016972,0.9658188548887726,0.809803199718212,0.787241167568811,2.594618380923294
image_0895,c0fd73cb4f539cab01c13e886bde0593671ad2df10dbcf3bacab39827862ada8,e358de8be7a1dd072f508b18b340b12f0a821c76d20708e25ef9c33a69dff7c4,True,,44946.0,63611.0,33216.9860144675,0.9753223517339253,0.7208042743991311,0.7078938334615883,1.0690923242060846
image_0896,0e77e283938c47d1871e14097600a5bc58573931ca3992f0cf82283e9f0e7a81,9007d273cc4007fd92c90a51d612ffbf1d00b5255e7eda615957a87f834d3528,True,,42489.0,63675.0,38141.16473618,0.988765130145485,0.8875862861980607,0.878724157489376,0.6382018343071553
image_0897,a769a63afcd59c9c04a7f5bc2c827a09d46f1431932df61e8874b58102993fa8,858eda0b9e514a1fcf838d11a32712f5e1080ffa601b6d172debc082ba8cfb6a,True,,57269.0,37694.0,41332.59429215358,0.9901091391665698,0.7145886841768716,0.709523746662311,1.010043866899984
image_0898,a1ee86d75a23044df29a70a6821f35dd3daf98095dc9d591cdbb53f5c15a30b0,561f5a27855e93ba03c1ee7f87eaed3704121425e611000cce56b3ed6b7b34b2,True,,29833.0,83879.0,23363.406033397172,0.9950858642798143,0.7792912239889804,0.7763036545651727,0.4170809585450987
image_0900,1dc856bf5f77ea9dd55cdad358b7ef4919970ddb968120be8f5e465b3f8288b3,fafb511685e84b16c8173e867c0386837352ad2c78215de3c12389eeb8d1fa6e,True,,24745.0,86619.0,22170.705362592966,0.9748615635780087,0.8734438672622639,0.8542044400425586,2.3238133851137555
image_0901,495e4e9788ad19afa8e23857f4c8a470d4794b4535aa23f29bc6d196f77df0f5,a4e0e08b3dcda2053ba1383f4833d2f2f61afb098fd2a44c4a2d8999cba61d50,True,,32191.0,82974.0,25216.321861764867,0.9958154842333162,0.7800566545107807,0.7775080796759046,0.40085206567203097
image_0902,bdc080fb3c88bfd46106ea97b0a063b0b65d0376c1387fae5406aa5d0f0ebf3c,e641df6a08b3245f0f9161e68590ae4a986a8a10c0beebcfb43b008eedf0a023,True,,31180.0,79954.0,26413.00558348046,0.9802034835084326,0.8303438127920213,0.816648695348082,1.1297838967925673
image_0903,f8a77b48be689d3c5cf29a763ee0ecf9106f28fc1bcc4ee1fb4bae7934f41526,75239423046c182fbc203af05cf7c3db7b1749965ac10e3b1ed14dba8c1f9150,True,,49268.0,60422.0,39543.809545828495,0.9936095800924888,0.7974975237088577,0.7934279355919335,0.5428913975477911
image_0904,d7f5b49c16762bbd75b900041514679479b45fbab63e307ca3c0f16fdf90fee4,34b3782ebf7f7b1492df049d7d6f8a21fb86d8d0f8b30cdf03a33cb4bef93c65,True,,57521.0,36853.0,41945.03149945352,0.9876651815721267,0.7202177839737893,0.7137973880167606,0.9023252442615024
image_0905,5bf9dda223465e4c12331dda72f7c874bac6c50f0d107a8e51efde7f21a7cd30,a1dd1de6b613c57e4ffe710ffb29e05589b4e2218eb038f44cdd358f9a75f16c,True,,24785.0,84005.0,20516.66642439576,0.9532824655539086,0.7891135103488031,0.7597330361957698,3.7987191561108293
image_0906,159161f5838bfd6d763af9016846f631c8cd61d32315b3a78dc280e52b5fc5b0,4ae309b7ee1b0f56e2a86f56d28e74b843a526a4bfbe5eeb31b1c5e06e679767,True,,46018.0,65532.0,34789.05901684685,0.9916202551469655,0.7496530831111415,0.7449339362046529,0.8050060247639894
image_0909,467da5f04e0d9d5c98e06d8376c846c823bedf0848ec93bd10a23b992a6afb14,fa8c53e18d99ddf79e6e01f29479b77473e5f1bcf941746bc333baa756bde10d,False,prompt_colour_instability,63677.0,34663.0,32539.69809837215,0.9961256193601645,0.5090319412351983,0.5080261235771739,1.5659905668874596
image_0910,6b1c75f07c81c7c7327c738743b6aea0ea49a4ad9259f1dfd70c0a1607f16f5f,4c880985bd7767118cea1e112268011504897036577e16c019662c9aa84265cb,True,,52340.0,59649.0,49311.835865149485,0.9844597343606942,0.9275031875552774,0.9141194065923697,1.1064683741288819
image_0911,a908f7d526de1b44c4886a7067abec52f9bbd1135fea1e3c693fad8bf5e20b05,6e552ce1d5e23d7b24d540e2fb872162dee3fb28542ba90f8d5d3398b757e79e,True,,56476.0,52931.0,42167.90855807014,0.9977680800120826,0.7449853594466802,0.7437459312948189,0.6176559931141992
image_0912,813b33ef80b1ab321bc88b0dd29dc519d8def03ec2ab89098c56bb61dbe0903a,7887a4665ad07f79fbdeb6ce9eb077704fecf4b2655d32d4e1403dfb5a6657f6,True,,42521.0,53452.0,33714.98510062447,0.9875679392010575,0.7830445745870998,0.7754011311151437,0.953528228327244
image_0913,e234c159162d7ad5b5b31d4147e9b0ca9fd46f6b7a19e10536efcd49aed5416f,6497974a3003e27dc7787e0e14cb1892ed1e400919cae05314462d15cd66848b,True,,41398.0,70427.0,32826.22363720261,0.9955182493998919,0.7893884895337285,0.7865931189419624,0.5631329443449928
image_0914,1e34900e600794ef7d5efa82050d1630c54f54edcf551bc812ea97d895558fb4,acf202fb3517ae8828d065af4646268550f13d628e16327592f0ddd8f779809a,True,,34182.0,76927.0,28531.431505322624,0.9950676010040291,0.8305746621383231,0.8271691797617147,0.324219153810927
image_0915,7c253ac24287300ac1127f7c412a267c51708817c440b113bf01b716f1df985b,41aaac71c94a77568377149a7424c74ab5278a3b751947ec521c84bed76dda3f,True,,41692.0,65794.0,28886.850227298404,0.9901075569590154,0.6860090354694283,0.6813390631327298,1.0061516358195406
image_0917,b2f7b27222ad7ca9d2e820838041784389c72eb213369bc2c17e71cd14d85d95,c88c403900ef34d28c111eca3858e426bce3e6dba4218c9d382b78b05220fde8,True,,63205.0,44391.0,47556.79202992977,0.9894894687554664,0.7445130113346952,0.7386713411571598,0.9952886060555235
image_0918,c7a70d9f280c8c6cccc4418c4fc04db841764b241179e010321108c975745ad0,d45d3214100976527ed0abab197b2501ae44d4c1ebb806776127b7da3b08f8f0,True,,40961.0,52323.0,32696.41027663242,0.9964745002443658,0.7954185466710295,0.793186385938248,0.41228166420753876
image_0919,5d887c3f1ca0ac994d41f3c75e77d37b93442be4bd622b2d8da9ae046c6043b2,458e85dcea3b9f1c82aca82f99a0889c9b529fa081c3c5eb9e3498f836965118,True,,53123.0,53309.0,43099.381711125425,0.9927880430127133,0.8054618681935534,0.8007764016484309,0.6165491197125308
image_0920,c5041ea0f8800d90ec8f7d82fb22dbfac12a981af5fa341d16d3079360e79397,c1fdfc544a44f05dc55ba65fd0b62bc9d59cdba633ccec8d566c78e7e0ada6f9,True,,52119.0,53412.0,37349.658993215984,0.9963669418350636,0.7140191774526198,0.7121650330100783,0.9005474204481774
image_0926,c5b15774d8f009b25473bf2f8c19549f60ffae4b955ab28a7376a95bcefe034d,94304c5537968e2c508a7f4614ff742c6919e877e182d9573cc7a93b7d83be81,True,,44105.0,64621.0,33303.68694212992,0.9930806694355443,0.7498752459621851,0.7459776717180384,0.5588403042208161
image_0927,9b619c461aff204cd79f9c24d2641905fd38ea94d19a946f394f32c0676545e0,2fb77ec6b0c25da2e022d7acc9edda1c0f30826bd529bf4330ef3bf3339fcbbb,True,,44993.0,64898.0,37717.72553652412,0.9966967039513435,0.8355329211831842,0.8332255862585728,0.4392128390864291
image_0928,89b1e811ee7328858544695d3e91bd29294df56eaaf299fbcb0f130640cf3294,dedbba7d966deb01db8972b235f79ca9508212245042afaaee46c324462f80c6,True,,23842.0,88541.0,17296.43231508306,0.9927442083679532,0.7201968377748098,0.7164257223899165,0.9435069331115706
image_0929,9972300264ae5b848569b10d22591c3286f2cbad8b3fdc7fe9f3fa9657aa2604,2078ae64f67343cf5eaefbd51a0853e8b0fd776b6d6248ca9ee2d05ac79e0a0a,True,,20177.0,91990.0,16534.065823240016,0.9896589059771462,0.8109771271240441,0.8041626357606364,0.7119248891840905
image_0930,c62f0e020f73f7e9a64131c8afa24972f61dc65a7fb3c58f467e581a26f918d9,1e3fd121c7fdd52342a27e6c67badc749021773fee001575e6931ca12a444aa0,True,,15878.0,93037.0,11806.44716171392,0.9710906510527063,0.7220764870190293,0.7068812251692714,2.3050908803820556
image_0933,c66ccd653d302fe6a569494803f84d0684f51a86fb86e7befb5f3bb2bab2e065,6855f6f79bb3563cbe4a94e53bc5c9a81bed3b4d61694296815d90a696cf7be2,True,,23805.0,91637.0,17415.0301112311,0.9974664048397472,0.7297167601439037,0.7283667303131914,0.1297655094360585
image_0934,f302a2f7d1741285d68791a2007e601c2b0fe8f63b34a0a298627ae9a45472b5,5023cfde7ffff41d5415a1d95322dbf2804d22b94adf8ddd149a312e9b31c20e,True,,20960.0,87247.0,19165.200976843364,0.90282249020114,0.825514049194611,0.7581478887347569,8.217137532917736
image_0935,160a5c6296eb5c49cea5d42e94a574a71b6a58899b10216ea061d7c75c5b8c65,c8d5b219e1cbeddc453ff6403a714c82d1334f0878b3d83101715a253e26509f,False,prompt_colour_instability,61138.0,35507.0,31858.16153703723,0.9871876731753129,0.5144097674014694,0.5109981773297495,1.9674703114558894
image_0941,de09956bc8fb717ca55a385ca79c6be5cedd76db681c8eaf19d368c3c8dbb987,7dd350c8fb76054d4e6d397f2d6ba9b3800b0661d52b845480bed1a6dd3ebb44,True,,9646.0,104392.0,9334.761561046893,0.8997828384607618,0.8707503891512736,0.7937679561999167,5.805978843985503
image_0943,9e4f0b65fa56cabc9e3d0f1d66a89463bd2f430b7b6d15259c12baeac01bfaca,559e09081e63c4f3f9d45907a12ce6b7e57462ef1ed4417055a124534cc76e61,True,,9390.0,109408.0,6147.972104612568,0.9796833633059308,0.6414340776312973,0.633013706677384,1.6288600812008576
image_0950,c4bae143fc479726a5d07781308e3b353de4f3c6f5280cdf7916c731495cdbd7,173ad5dcbcd42a13c62961da4c774defe45704a66138ea6b551df6de8cfc6453,True,,7233.0,111891.0,4322.824570146091,0.9803336853395827,0.5858994251248189,0.5790929787216598,1.2838166309278054
image_0961,02200ee9a4b8790024f74a81dc6d92c9059667dea6e8aa0315fbdbd65118eb70,edc7601477e0218322f251670b35c848fb7f6cf1e6a9b8fe58ba45dd30f7b95e,True,,58530.0,53006.0,49830.20627452026,0.9973584054311079,0.8491128493466378,0.8472075196971801,0.3826212250899644
image_0962,8c5dd580d139f2d6aeedcd70b49680ac08974cb22c31a7f0ecc5a29198aa4671,3980208487f47e15c1640e5bda07db20a9580418cb25b140ad485050cf6e4de0,True,,35655.0,73474.0,32969.60965563047,0.9902639441690225,0.9156812703771622,0.9075111512220118,0.6506903198597256
image_0963,30a143b7393beaff3253f9598ec6f2c1d150a8b9b0ac2caa2f96bb12ce473848,256a0a1082d39d1853560e47dd11e34eff325b8ce8201c70a3fe055e06bc76e9,True,,38228.0,67563.0,34424.91430507309,0.9789882711911735,0.8815943115367741,0.8652230865685973,1.771684340310493
image_0964,138c44fbec18247873e831c577a870360daade3abcc2a7ffdd787ba95e010712,34732fc43122ae29041fe7bf08d84ec1acf0b1a7cc93757305012c08024d2290,True,,36186.0,73096.0,32592.865252032734,0.9882172860747556,0.8900909977550432,0.8807438966983825,0.8796491060610975
image_0965,1ffbef13948fcab266bfef091a67e821e192621ae4c4494c5e2f2cf0258309e3,882b7a3d2acac52647cdb891efadd2de63fd83a7db1a1ebd6eaa519268e4e832,True,,15491.0,94455.0,14299.362633634752,0.9151438149995648,0.8447468383323692,0.7833853120747297,4.436118967350445
image_0966,1f0a41b9047b4470da9bc7d17b7234e3c3f032abb3b93b7d40f2aec8d1d2e9d6,1225816534bf7b7026ab18d49cfdc2d7d52743235d720ff05c2fb3346def926b,True,,34364.0,67920.0,29017.34059354753,0.9300219575696641,0.7853207979943183,0.7415050910249912,5.243874714219987
image_0967,ab4f6262fd2531ea4f76f524f7dc4576900f078025cbd50f18a03943073573b0,056838428bcd6587788254789a378db3896b45a9a27cb9fb38eeeb8c00f5d2da,True,,43272.0,60551.0,40359.732010929845,0.985223957769664,0.9189169649272347,0.9064249844488265,1.5812556791622707
image_0968,3e3bddf991783ed9e63e0db3b03564bb56d1c21b50aa8c68ffe1aed96e3e297d,7f6df5e7d379ea30fd1331a68171dfe4f4af921b94fe83e8d2f9c7c3473f0cd8,True,,34469.0,72843.0,30862.166658131253,0.9795537837495145,0.8770533559047428,0.8612860286957997,1.2772633394968274
image_0969,433f8203d669241887a1ec3d8e967dea98b7f84789d84369a87480bf7c9b91c4,3ebbfc97ad9dd59a7e629c108d1925207f826cb5e946ef827047169349e1ad9a,True,,41107.0,65424.0,37996.54584635334,0.9764836815660067,0.9025958346471081,0.883393593790351,1.5942644588990118
image_0970,633edba5ff25958b26cfb738e5f9174aa62542fc7635815e215be81b28e04f21,4917be3bfe36140092cb6d06d73038d9139d6b0dd8723d7166d2f7dbd16a46e4,True,,30395.0,74282.0,26415.390113381585,0.9615985184952738,0.8356966605857027,0.808707202069153,2.1951544901260798
image_0971,6b0f3039c69faf4e2d63cd3fc3059a206a896f45f18d9a5b6fc9ab7e72893ec1,6058f603051a3deb6238aa01fa20fe77ba25d233ba0bcb2d9bc7b03c81bd60f2,True,,42968.0,59760.0,30083.577283269642,0.9726529004310419,0.6809923361551299,0.6681984906958096,1.6902783350622128
image_0972,9db81f02fc2f2732b6e26e015b9731877706043b3b5e8849c58a63b3c1515b7f,859cc6411687010430f43fc5e5e423bb359cb5a883bee093efcf3327d996c40f,True,,21551.0,92449.0,19354.431286150473,0.9962905228315546,0.8947443953963274,0.891773548463352,0.15612166863946553
image_0973,5296b7452ec975f4460cab1ef88aa68f8a6a5c3c9aac12739f3dd5a6e2f82546,0121352c80bf8e77efb36409778356333dc0f2221ac1f3624ce5ca26abbe61fe,True,,34686.0,73747.0,18906.55622446877,0.9817547941622585,0.5351323938900566,0.5298628809587314,1.3053975617791171
image_0974,daa43ead4f5550a502b3d13a3cdd6e668af4f2047d8ebad0d8184b464dfef371,e241656ab01863a9c9b8acf4e00585a9ed10a98d2f7487f88e690b7b21c8b2d1,True,,73321.0,33170.0,65448.96459524013,0.9943046684147718,0.8875521479516153,0.8830627821277267,0.3703305071949419
image_0975,845a278a8f69e2ac50424b087a35771f47d713b2388bcf0e1a32eaa50c3b6e50,de943d0df14b1962bc473570cb07be8988c2f9502aab8c6c3ea0392722a07f0f,True,,46719.0,56930.0,41532.56314705513,0.9699408855346636,0.8622644122814912,0.8398225491592588,1.745604707301602
image_0976,55c9205353181d19c2b445a60e263a6261acba235321ce5d5f4a6bbb845f4d72,8ee3fab3498b5bfe36f16737c99de3c858597a1520eea6502b182b460169e4dd,True,,35913.0,72917.0,32864.68874143202,0.9908332329907804,0.9067308717430678,0.8991878654770036,0.35529494817594226
image_0977,d25efccba9d43ee389d111597952dccbfc68605912900acfeee0dbdc085394cb,41dbdc7e13c6b2e4b7efc01eee62b1bdf889db57068d87f9e3115fe18ed65a5f,True,,26222.0,78503.0,23164.799322189945,0.9419963142777903,0.8321697651776212,0.7916069651244501,3.2538378799530485
image_0978,116b23023efcc0b9995a4a3488bf75a804ee5fb9f7c7a692c13d6cadc5bf31da,c6ece9548ef8e54c40cc690f9037fdfa7494a4a25af5ae1e4c7a3c934342781f,True,,56848.0,45814.0,46783.29022195589,0.9825832780183457,0.8086208602373529,0.7971945421980124,0.25947043729446695
image_0979,06a3c59032d8c6671e2b8132908c7e8193516a2d5943c7129a50596866516abd,80f5224b37743203135df592e9e12522e6df1d529e192cc064db54795e236f72,True,,37487.0,55687.0,30066.950390082053,0.987440015129644,0.7919894883048757,0.784090634468439,0.941265307168618
image_0980,658795cb35031e61452992e150a407e200f625e81a9b5107cd7a754497915efe,ed440607fdc880550544e5d2dec424520959f01489b5e3f25cea7cffa0fbb5f9,True,,30741.0,80951.0,27754.90907407181,0.989165992202581,0.8930812977049106,0.8844301347319274,0.5640321217485917
image_0981,ed3753f37abd00ced86ef1e15731876b92c472ce895bdb0638b589d339077155,78d5f5b8df131f0bf81b464e26a2eb6ec842fa6a6ef6bb663fb4ab048114de2c,True,,55113.0,42963.0,46195.16983122495,0.9664449153554199,0.8100645400788823,0.7879043067295125,2.0437403135879193
image_0982,7379c7ceaf5a4704a20cc73505b7f6e5263df9e8cf1b2ca51fc9ac43269d9c80,7a75f6d26e47511e990fd0d7bbdfc52f1cd8ed7bb867d77c66cffeb5fc53f2fa,True,,40938.0,66995.0,38979.31454750445,0.9857169205128959,0.9385551296953836,0.9259623170446304,0.8080435494217189
image_0983,fd5600b6cb36bd014478bfdcbab010f59a70d1271ad1585a57ba1864e742b2a9,6bd2988da64af157530763a989af8251221b5b626638464ec2f505cef22bc2a8,True,,33294.0,71267.0,29581.89908629713,0.9859088921324215,0.8759853834127559,0.8651536377558126,0.9008133917826265
image_0984,ff76263f0a7bd8e4df684d6161145d3bbd04ad44ee4ca7cd46259e6aa0117f2c,005124eefc3a66b67bd0aa21ddd7f1bf162d4e16cba967f9e02fa55fb6fda356,True,,48331.0,58400.0,45321.295937285686,0.9838785738365482,0.922609753806062,0.9088699122756668,1.1275833882132926
image_0985,a4e5e31ab437e030dfdb7badd9a8ab9b322dbc8b2c4255211a9ac184e6c3d6c2,a42f4d2073373027806d449674888a37b3622cb84bd10e058c726fb4a605a2bd,True,,55375.0,44397.0,52090.073408698445,0.9874299023428843,0.9288541056250073,0.9179992955293728,0.7799909343987685
image_0986,38695e35cd467ed0843a740eb6dfa6ffb74af74e69e1a998444fbaf2a95f2870,1add07fd32a1cb67f74db1ba61edfa06f9fb03497512839ca1af08c76c1a7f81,True,,41641.0,56910.0,37751.04604458237,0.9642691741561077,0.8741905812285641,0.846761454934383,2.765222013342761
image_0987,fcfb53e5e6a6a8b8cba329d9da55dec40c91bf48acf04884e01c300c10c6b89a,70298c42ca3334fad59f4639428a0dbd12c16fc15a659c1e0d682074945a5824,True,,65166.0,34200.0,52614.46688367206,0.9896212912758472,0.7990117032994175,0.7923718805048685,0.9547565667808328
image_0988,cd255e8a31fb2ac16aca6da7a6931f37ff996d87ebf87a5699d9f74af048dd39,9e9717dd2991a661095409a709a843f08c6fff83393074d32908e82535b13e1d,True,,30808.0,79320.0,27065.57548835728,0.9870624086697455,0.8671582749146572,0.857412929939811,0.7246434339621878
image_0989,61891cd0eea89a51606fde52d470701fe4244475a729e0ac525dd9c3f5835163,ad753001ec1a91467461b05bc8a9e0206e7e76726316e391c229a4133a0a5d73,True,,49304.0,60812.0,44666.9071922909,0.9989104641597234,0.904961889421357,0.9040695150814674,0.324393216284915
image_0990,d589b40d7bc7ab195a034c167b33fdf787067e96fa7b515c347546aeca15fb64,abc0e6cf176e5640ebbdf3154dede0b739b4d2ec3ba547a25bca4a55d6e52f0a,True,,48933.0,61396.0,40911.71789693613,0.9924556952463262,0.8297686107356039,0.824567557004765,0.5137528430147144
image_0991,63e4bdb5d93f25d4b15c311c4e8d1baa8438b955dfa5b41da8ee5c85d0e16cf3,296237ca31279c0095538bb83016912524112febfa4b178757b0b21ff7125ee1,True,,44270.0,56852.0,40278.106995029426,0.9872491330263388,0.8982273822178657,0.8879264568494404,0.6599760223355924
image_0992,a5747a4fcada449d9ef81ba417d7a50573e3bce6ffe30f06495420ae47c95370,55163224055f405c8327aa3d18664549dd2f582ae60a4d13451f5d2bf510d659,True,,37808.0,58451.0,34981.995468035384,0.974341432299735,0.9015131075176798,0.8806068947451106,1.4257418126280628
image_0993,550e9f09508d937406b5b321da310d58d45e68f20a2b1192836104b98816e5e2,4e15968b6f10a5d3d805a23f3e77e601c170051e49f60c14ad210952243cf52a,True,,58807.0,47569.0,54270.61833324896,0.992301407956016,0.9157551138933547,0.9092948274867028,0.5316647311796514
image_0994,7451e54be7e7758520ce6f26ba820c2173dc78793fd52ca5aed107ec48d1d627,9089bf624f2c5dd6d2f40b08f32d27c145e6b508a2d3ea3480216f6ecb50420c,True,,50972.0,47344.0,42821.65268134529,0.972233938977977,0.8167751718577098,0.7981571124370782,1.7360377960929925
image_0995,41b64a955610bd2b294f824554b2a205c99f5e8f27739143b7fadbfd41eedfb5,33b4a37c2b47484e6a4ef80f6263840f72542c74c166d39864b906a10bbd95ca,True,,60378.0,42904.0,46434.77751692057,0.9841656498409868,0.7568901419417963,0.7477838623749511,1.0921117499507154
image_0996,9632e36bff2503022e975cc8e4f170cc6b5be86cb809355cffb8139113b81d17,71676649925ce8acb771a771783cce082bdc6eb43bf34a5776a475c94fa29435,True,,60708.0,42199.0,56571.90434594379,0.9780042473260614,0.9113718575748945,0.8930665296291438,1.785220768869731
image_0997,701737339834cbdc894490d30a590cc2d7942c3ca071bf3541be2a2508ca29df,a3769e28c182aac961ccab07b215ffc61f9cdaa349a2fae9e55a4b68149eca7b,True,,41251.0,53315.0,38090.20959767533,0.956820623949464,0.8835058086740583,0.8496303442164653,3.8281525285566396
image_0999,c04cfc5bb82320d447171eec5407b3ce1c0f409cefd085f5ae1df84e1c084ea2,c88e330055eef5b13c891ccd7c38c8185c8c9649c50227c284cf78f3bde104e6,True,,25115.0,82682.0,22495.359852602272,0.9722537888306074,0.8708420803424445,0.8497246217046587,1.9672227329833725
image_1000,e12d93c6c697bdbf9bed09fff4e79950c71b4fe072c2660c63fbe6be9f5149a8,62ce3765da9e16e11723f954ded110a6b9921275bcc1c7b206bb9af1072eb942,True,,22632.0,91196.0,20370.055390911977,0.9900929790924046,0.8911386013726288,0.8832626644692539,0.6247038128208526
image_1001,d812c7be4e95aa6a92f7bdc460de2c60de5fea8e37d3b41725b99ca4593bac0b,d81a67c8ca9b47a3125ac7a304fad60599c0c04cd5953a83ff966085ad4de6f8,False,prompt_colour_instability,25414.0,83665.0,19858.30192423919,0.914385875759552,0.7144940110212106,0.6696927633940853,6.17133430587662
image_1002,e0dc6f5da5111ce8f10d6aecf0b5f13c23a154192458bc7420d80c27a69027ca,4d641c3b926f5b798186af79133fa11f9c77915c7df84cf55df34289693e6076,True,,35276.0,73759.0,32689.801146523365,0.9885767807569178,0.91610098596819,0.9065049550333725,0.7635455735945806
image_1003,315442824627a5f81e03fe492cb805c3dcd3583bebfb34b4f57d2e772b216d58,297b0bd978f04ccf117ffe8ec40b54ea98982bcb98a6b15c5b69fa826cae267e,True,,54455.0,52552.0,50077.842709147684,0.9914549686989739,0.9117606459592352,0.9046517373859038,0.4959729414293808
image_1004,c42a2a3ef37ca7c906b73e71017923df8ee85e37ed4643d00e6d6bef055f718d,0c46807870fa25be0bcf21778662c7a084c20524941f55f4fd22d1655b9cf261,True,,19607.0,92283.0,15602.13213568303,0.9836496741917986,0.7827322992789312,0.7726792350983832,1.5620050192661143
image_1006,bb3fe48dc9a1f953be0fc45d80d634b726b784e8800a8b34f93b85cbdc7030d1,2a4df4fa874f15cebfdc4b07779731d8835bfe82951ab31ddd7062131e04d0da,True,,35125.0,68924.0,34311.25285358034,0.9784871208073176,0.9558183349748524,0.9361457135350294,1.7383688018550942
image_1007,e07d1c96c8128299468d783374d67bb36ea55bdbf2980b36e9a9fb15c97bdde2,d0ec191ceae19d7078702be0808986c9a3b080fc2a929bdeec3fe82aa0ea3cfc,True,,41298.0,56928.0,37500.71220459874,0.9640102212669893,0.8753709591269534,0.8476686609406723,2.797076141651302
image_1008,ee1109a9dda0f000b4b4fa1b5b9190243ae6bb50c19e76dfbce1dc86ff9de02d,432368072a5ef1a18ab79fdc8a05b76690170b88cdabba9b7a3434ff3110f63c,True,,30140.0,79576.0,26602.60398925565,0.9848928844009349,0.8693004437808167,0.8578616635973041,0.8762709753779343
image_1009,47c91bc15bd6a7b049fe14e81baa18a1fd2b05a6cffb18ce6766873a4fad6fbf,41e2189fd62cfc08e5d2f2d03f82b32fd20b35fa266e3f802b842ea6dcc0b61c,True,,55068.0,48254.0,45778.29037793001,0.9672352015959044,0.8040672245662269,0.7827471241093332,2.6156177637393747
image_1012,dda492ecb8a2b97b353b269a7c28d6a32614cd7541b2ca3119aabf82356ef32f,fe5894203cf29b987a01fd1ecaf4b9484b5e4f66a239873cecd64e6775fd6b29,True,,34193.0,67650.0,28803.118508504027,0.9352837881546568,0.7878539405521936,0.7471245065446622,4.98737730511385
image_1013,f7aa05c87d7f69838d46d5580d5a68c526735185de605a64269a8a258c9a4ddb,c4f5416fca0c9be22377ac334801c65af35bf5bb1b7a7e30d60f9aa00ef48ca7,True,,44482.0,57375.0,19356.84846890415,0.9852106629937469,0.42872563089606025,0.42598410442492096,1.164695879570937
image_1016,ddc17700c293dff104b9d3b5098b2b6cee18484bf3a507196839018b32117637,a60d0021fbdb9577adecaea2704e9a9c05e9fa578d28d5ca7782fc7495886e05,True,,26759.0,80697.0,17829.32510405226,0.9776401302486369,0.6513944361512367,0.6418322796108862,1.4947878508988206
image_1018,5972f2387d1c55e83d060fd7e0f6ef537538d5b7c4598e47e47aacb2391edf99,3bfd110fe9c2d79c9535383e11e08255940c874cdc7b7895c3a0616ee929e717,True,,57574.0,47982.0,53333.24252590281,0.9907228305570328,0.917748653872358,0.9099288741352437,0.6823465857251594
image_1019,e6d47dc0da08e1dbb9b5af791ef857ba3cfab3c721d5151dfdf9f0bf03fa7dee,19d0462c795f8e144087fb01cc6a70b2a21c12d556e1f85d7faadabbd3ace250,True,,28269.0,78249.0,25412.886254232097,0.9854250689792806,0.885864204253397,0.874407389944451,0.30097055237106035
image_1032,7d4a6a6d55f0270d046206c25d66a67ab01debb5e1ff4f2a220845b72ce81860,89d5f33f41b7089b6bf109e3a4882c115953f6c2d7abdad131cdfd2310a53a6f,True,,15587.0,101295.0,13635.395458664338,0.993850988493404,0.8694136944307451,0.8647620433877343,0.22005655996455983
image_1033,3e47a31ebbab09c23a9cf33a30d51cf65ea19c500ff7551b64930ecdd000929f,9cc5e2a89cf6beb26d8f4cd6fa661430116dad96ead7c73b2205228b286787a4,True,,29664.0,76696.0,26298.628090232305,0.9884357164406885,0.8762979806423943,0.8674050671438545,1.158159218896263
image_1035,6405b55b15f9acace55febfa982138be13346424434bdf5b1465811ccb205d5b,7422f14f9ab29ac92b19b1769c99a0d47a88cacf8db2b4c3c13fec1d9d61a083,True,,23657.0,90033.0,22353.074700561752,0.9855076301856912,0.9311884717214499,0.9186094200236009,0.9852731466981383
image_1121,125030d3a7e41c6aca662566bad538541bede8c63779a7b291ba386364e88552,540a682adc12d5cf8224180283f5d3b6cf4e20fbc4031019dfa6b2f3353955b8,True,,61937.0,47475.0,45645.73208900968,0.9953014847094566,0.7335076758454788,0.7309765478979348,0.14473008748443833
image_1122,0730534c69d9947d0fb04ad19460677e8c807ef0b0b428f442ea6474ed56b16f,1846ad548cc3b187b2bf3de4028ae563b467d3a55e4832d650db3f073ff02ca4,True,,56704.0,41699.0,43229.99686331494,0.9998753113480829,0.7622849635525478,0.7622125075268524,0.23615219090546308
image_1123,40e4a00b19b77043a53b07cf6dac1f4899ddab6ca662deea24ea3a900e3d70f3,6f1bec7b5f5ff3c215d24f2d2584dd08725f01846806f6e85ecf4850195e83e4,True,,36280.0,78891.0,30721.267606660986,0.9959810571225924,0.8433792885068431,0.8405188596604437,0.17071141827240183
image_1124,af2ba686cf885b30e8a76994f7d852232e6a36a3581d8732e32fcf1e7d7593d0,ae08855a48668b06de0bdc7691176d85a7ef2006ba1df60c0567aeab00dd4fb5,True,,53252.0,50324.0,37784.618170554015,0.9983762499011197,0.7083915231928083,0.7075763092691959,0.522483061360365
image_1125,65df20ee29282c9ba80050eb909ad49cc6fa7e0ccdc78550dd34fd4482324043,0db0c76350e930c911fd7a608974cb53be2f1f9b5dc8274f9294a635217dd632,True,,44349.0,70561.0,35038.05460634036,0.9976352238332459,0.7881845689841452,0.7867147512377549,0.13814535286059318
image_1126,32f59519c1e662c828cf573291ad4b94eae8f467371539c1a334e21a088c4ae9,e2e3391370f172e7dd9b9c4fa675937e2925d3e9020d9729d8630f4bbeba5088,True,,29685.0,83070.0,26011.962110616994,0.9902166145407902,0.8676933487868779,0.8603179718724768,0.6541204284807728
image_1127,6d430df22e094cacb7a784a7aefdbd0efad4e5657f97e8e13d430ad00d0d6c16,09604369752dd7b5f98701ccc4ee6f6892265509eff22051036d677ad980716f,True,,37429.0,60274.0,29569.167589318968,0.9468575149552203,0.7480239531624409,0.7178850366968413,2.7852544118428746
image_1128,9ead723551539b37fe10fc0a309c33ad5b93ba4106dabaef6b1eae5c2317b8e7,19fbe62b20c2eef0f2e38156071a91540c25c98d14c1b337a63e39b70d159b6d,True,,58932.0,54738.0,42593.836145728696,0.9985770387958621,0.7217339776243453,0.7209924636151865,0.18255181285100888
image_1129,6192bc669536d0575e1022dd6b85b28d8c92473b5c08628177cacfdfdb2ffb13,ac5871291378602c1affffd523c85cf0e72db479954b4b1fc1b37241ebf7ba4c,True,,26753.0,82784.0,22096.48537745272,0.9753667665470405,0.8055985308062654,0.7895349089807419,1.126902863614992
image_1130,2c45d52056c2f50b3320429425c4ad3a84d71ac4885c1c1208d8423fac88698d,beb56a83bff31f705caf2c0d9d9d858d70ea8052f04a3832d5dff9fd7fb8a76c,True,,47929.0,66447.0,35785.38208057737,0.9997174375987296,0.7464222178031318,0.7462647779747559,0.8663876220848487
image_1131,fd983066a4fd22b011a0d9a125d9aea01649e5ceb2cb704565fdca4c0989c189,2806d9365939047a43f96ec03623a14d4c206b881ea876303295b5b80b152502,True,,58417.0,54583.0,50901.01188887435,0.9987750028008447,0.8702716382538699,0.8693437113245734,0.047653162417240665
image_1132,12a9adcb39321e09959d0b2d018298ba51c608c847dd5b725845024b1e4261bb,7b068e396c76f64f7df58f7dde91118370637ce67a7bdf7e45dd7690aa1c1cc4,True,,44125.0,70015.0,33110.361798430735,0.9979028099301606,0.7488027892681762,0.7476262632119612,0.2124698567434017
image_1133,c41846f8fce97b9dd2aad38502fb380306f134f5003b752236e7aeef3b164083,358291aa351c2cdec3fb9e103e9914876e9c4f92be3cb730b57b69ebaa181da5,True,,37007.0,78736.0,31922.706698121445,0.9980905064341286,0.8609655063927414,0.8595496962537854,0.1301984885691249
image_1134,bc171ebe92556d15507d32941f591e13468978ae77fc88bbcb6158d4d82283a6,f9451822387d8e5add36254775258a64f5e4e0e1a39e0484be67081861f60ab7,True,,48732.0,63219.0,38363.05577758033,0.9981625327519655,0.7857786448135621,0.7846436574325955,0.7118393340038603
image_1135,a6e1731e64129df0931f91503c5a3538e6bb55e1d6cc1b62738f19f12a8fcbf9,a8ea1659a7a584c15d63c06dd85e79ccda5db90f013f56dfc928c001bf4e8b99,True,,41542.0,73247.0,36171.218499097566,0.9988777384246207,0.869737252189143,0.8688882012803465,0.16746871895553947
image_1136,d30c7d595197f6d468f914c7f2fe3dac29f612b21c2635fcd5ff425d51c93440,d4dae38d8129010547bc2920fcbe7746f9afcdfffd72889173676b99de06c979,True,,41606.0,69775.0,30983.368013988522,0.9864074031519324,0.734562889573116,0.7272020023674328,1.0903015517796395
image_1137,341e5e824fb4377b855c0531d10b107604ad56ce125a3ef1a0002e52277adfc3,a6895803b3ab24895f2ccdbd43144c9045c8b5f256fce83fd14903c5a8a4c9aa,True,,46036.0,69752.0,39811.44018390155,0.998815795156664,0.8637652116520894,0.8628815452950747,0.2838171428347177
image_1138,d6d1f13bb67b5a13002e3ac6c9fd3af55204f6d4a90c4a898c708e01c8651941,5664d3f4e5e3ad88db9879273f0fe8775e5f0e086078416284b2fcb88ad246a5,True,,54727.0,57133.0,44809.847552416686,0.998771112762846,0.8177824712237233,0.8169604464829776,0.26446756938990973
image_1139,bfaaf568293ab654267d34d27d06dd035385a4bbea2573f7d9c96cb790ff525c,2217a43db92ee890ba95aa733cf3935d5f286bb645044b9e781a74e5e5b37c2b,True,,34344.0,80268.0,28992.32995401483,0.9951149784815622,0.8400507162333979,0.8366007331536852,0.3619938672103747
image_1140,6b012f5547ee82eed76e79b01bfaf007a3c47a149c2070a577e145153e799726,52373111de09df628b46580619cd6f1ffcd435bd804eedf5b36cf33218f97e0e,True,,48220.0,64606.0,39219.1271679759,0.9978912248480257,0.8116222075305258,0.8102325407529078,0.2961816147296545
image_1141,688cdd0b87f0502fcfe972ce67b60a2b14dc2cc22444d4f8bb63c96c0ac395fa,b81fb36e68ade1c3844567da5c50c9ff384e51d882a0446e4459015a258a7104,True,,50618.0,59317.0,42120.42468453536,0.9942637616308998,0.8273501894254442,0.8234197939365278,0.6009103773466873
image_1142,ef9598eb476b062016978ca90dce59d4d517bdaebfc10ea410db6b8312aac758,65d63dddaba0b302b53b65c46c92372f3716cecf961cfa12a38b36a8f64f1613,True,,58350.0,52647.0,51001.46090876276,0.9963962540169318,0.8709111328000376,0.8681764690240008,0.4026968356127203
image_1143,eb248116734cc793e50418ed3b0acc0e554fdd2928a43664b9769a957b34b439,d50e2a2b9a9606f5b5a235d60dbd3de6d7588fc6d6b6399ca1cfb88230e19d66,True,,34920.0,80554.0,31303.224535982867,0.99906176164475,0.8955857574478867,0.8948331472692722,0.08487193145077336
image_1144,5072739943993381687a98cb60ee2883b8a7c95ffcc3747b4170b904f3c1a8e7,753ffb7f7fb12bd23927fc2b0486bde30680f0a4c4d5cb523a1d590e7b3e0f8a,True,,47844.0,64327.0,38165.50798788923,0.9977451832709564,0.7959086147062471,0.7944795971560271,0.26114793942018916
image_1145,b020dc4da3cf726ed8cff5f0ff684b0673df76703d158af438ff6078c83e9a79,3cb22ee8ae101bdfbee3ab9694e909d9f571383636d8b4c0c4dd178b3312c109,True,,37450.0,74592.0,31586.2667770053,0.9886775440265774,0.8338753714835214,0.8259874862074876,0.6016842733078959
image_1146,b8f34e721c46d28f20c4d0c6af22823c282f1584bf86d47cbc52ab087c660eba,c90da8077de4a2daf29c452c9e71c7379e4ac7f40cd5da8e4b6c69d72dd8c24f,True,,39680.0,67172.0,23477.4387015127,0.9974663701624131,0.5901702510662407,0.5892868681828897,2.072932340663975
image_1147,3d346fe7ed56e8a79514203dcfabd092eecb9c37a6bcdf011ebd8ea0c095fcb5,49d3189617bd4202df41a0af0b325e3bae87ff0af7e397ea85ea478af658c1a4,True,,34705.0,78034.0,29784.95858694968,0.9977655526157793,0.85631481527578,0.8546758245202257,0.1399881574989567
image_1148,9402b15335cac9033d760415616770a651384e007ea49368f13ca9e262beaa36,0e9a95fd477a6c41aa6377a74e1148a175e248969a9be35dbf231e9302b7b1f2,True,,69182.0,45565.0,58282.581043892336,0.9991728835181325,0.8417561585456499,0.8411700256083933,0.0934593972940361
image_1149,dc2a86a393fa27c7ba3b50daeebce6748e1daa4d0501a8a22bc950b60ab02c5a,9d373ba8a585503b7babc48090173d56be9dd359262609f1adb2824fb8173e5c,True,,56819.0,54517.0,50001.13413688744,0.996499900011035,0.8769271752027786,0.8742344339194021,0.3961684733476953
image_1150,e68ccdd3ea73002392463af94edf314020fc01a488b6bddcf78a66ce46ef38c9,b621f8f3d6225982fbf371d4448bf0063f55c9f4cdbc7675527c1f3b9037df0a,True,,38212.0,69072.0,28473.530416755413,0.9979443168924766,0.7436145153686312,0.7424772001818007,0.2001260832970167
image_1151,61556ffa63014e43c75eada0ec9b0608b20ae84ffe28feac7edfcb77ded28d8b,b8d43ffe0523384781a28af7d77227f44bda4486791edafca3cf0fdccc62d54d,True,,66126.0,45237.0,49633.17560205306,0.9987864790204493,0.7496740268907577,0.7489918073318177,0.48263843047913363
image_1152,729df2a869244ef2643098f3f5b5f233df41e86a12b5fcf51f19a437a451549c,e28a61f53d78679cd39b8eacb1336cea831a537518595ff5240703be29fc85a2,True,,21327.0,93811.0,17635.031480794773,0.9914067367200882,0.8197819202105674,0.813997925511054,0.8468401551695375
image_1153,00f22e914464f701045a50dcd6fa296ed5d6738a4da8a4fc59a35de5cd93f619,8eac13b025fd9c4ec462d0e628270ffbfdfce41b9efd5764fe3a49a959b9a8c4,True,,50877.0,58813.0,36553.62379005959,0.9899487426780224,0.711248971269826,0.7061494901962032,0.5255840078466911
image_1154,881432d13ac4b6f7b6992a4257275ff3df004586a9d5586a2bf753028fd14d17,8c847fb9f2f87df2fb8a9c433412c1e9b2540bb3db8c831c032468a1ff606c57,True,,41803.0,68213.0,32934.038585804956,0.9900254172595373,0.779980750016823,0.7738991667663877,1.090593068228805
image_1155,75269d8b590606ab5f966a5ec81a7a2a20e6cd2f83068b368df5ded4b31aab16,6b972c21d284909d4f907b7de4f5a25a5b40a3fd1a6e18770ab9dacb402945a0,True,,61470.0,49761.0,50264.43521517224,0.9960456338500627,0.8144732590533862,0.8118481383753109,0.30647559343965997
image_1156,dadec9e4200075822287ed03158fb5e34f960bf58c32e75665d876e450731bab,0e651c115308be37c6ca2f54a304bfeab33caa90bb1692770242ab47715d212f,True,,64989.0,47468.0,56042.521901988395,0.9993486442164247,0.8617768896462692,0.8612931105901487,0.10060694188965803
image_1157,d270c68053edfc75133cf9373fe3f314d8cfeaaaca86c7e36f34401f7263793e,764c500a37350d86d604a08be6cb00c027ff916147c9c456167cd879425fc715,True,,57799.0,47930.0,45652.269103286315,0.9968634007340412,0.7873678823081298,0.7854220555421552,0.5679666957956452
image_1158,e4778801ba34eeea88c9a208f445ebc08cf69367d51319b43652729081e3311c,abc1a605fb6c42c5486d87c88db6be0b3fbfac0736b9184db316cfafef0c1585,True,,63319.0,44648.0,53894.357944931166,0.9987720486673057,0.8501109982196179,0.8492234082893105,0.0639236816628887
image_1159,00fab1b750cc3cbe4cf7f21dbf19044078a2472bdd3a12482224465a4ef0b107,6b0039f19c65c603cfb2f36cefdef48e51b2587f18a030ef4d63327423046692,True,,49347.0,61771.0,30785.19275299213,0.9787330294989244,0.610583925402645,0.6025891174699337,1.3975418950991323
image_1160,cf5c5ddd8904edf9c317132a7fc7bfaea04bae0e00de551290d15e66fc74c2c3,ac93a242b1460d3278e71934e9b07f12861385761253b70ede1fa0d14571a55a,True,,65428.0,44669.0,47029.70820061185,0.9945506727586962,0.7148839629908248,0.7120947011714801,0.10260561933443511
image_1161,5a1d03c3d8e78fda4a443b5ec5c834e4bbde9992c72661ca140e82d814a9d1c4,f4d195f36fe35907c6443b9287dbb966c000d6adde7c0031ad5907730fc416af,True,,27200.0,82088.0,23046.84179098053,0.9983483756260816,0.8459109215197318,0.8447287755974318,0.06697157036672327
image_1162,e3ee487a99a0e84d0db4c8d45a99c5c64caebe52aefeee357751064284497534,512bea57b2046d5fc9fe3041917409c51f181a4d116dcdf4b56f55064d773278,True,,29272.0,81246.0,26046.018775321078,0.9995319168565366,0.8893764373113562,0.8890061688434797,0.07098728406930858
image_1164,d3fd1d982de5d83d822f15090824c5df9d04b4f78b8d1588c9ecf296bc49de4f,f1dd2944265698692d934d98193451c403b862ea339a4613ef5d68fb561d8865,True,,26186.0,89732.0,23138.46734606433,0.9969588122908951,0.8809325182755655,0.8785715736604217,0.5976638946664908
image_1166,bf3422cdca81fbe7187874007636df756f45e03b980ef8380ea977f27936ff3a,45fe7b9a45ec578e962ce1b4c1e4370f7b2d5da18520775929dfbf00f586c74e,True,,22541.0,94289.0,17858.034326813882,0.9997008797263842,0.7920097877955639,0.7918221441046233,0.42573692108447786
image_1168,bfbaa088cd00f7ca0482be1fc9d886402cfd5e6cdacaedec73aaef06180e84cb,9be091b5c852ae995e889d9eacef59832cf93be50faf0c46077268ec6a29e094,True,,36612.0,69072.0,27256.14302523795,0.9978514334446933,0.7428597560337394,0.7416734343174087,0.18911238788032814
image_1170,cb04ffe97b49c0d63b11f0f2ec6b2a97889bd132606f1ccdf15c40b8c02ce19c,fcc55eb9679163d988696c9eaa61a34f26d0f4bf0e0f3ea0142ed266b58046fe,True,,66127.0,45265.0,49618.51176457049,0.9988186842397613,0.7494653717032892,0.7488016321570604,0.47859523788021957
image_1173,e117bafa49e81935e79384ae65da39d98be8bc92553b1dcf72a3832447c4f22a,b7ad632714e6ec5a55c99792902e15290bfaf69279c80c7e13633a76285f2946,True,,41774.0,68220.0,32917.18654116169,0.9899984787262658,0.7801016086488912,0.774001681985445,1.0909973180118244
image_1174,8041c19a1aaac043481083caab929fe54d87d9740961c70c68822157033dc815,1ede1d73f91d37833b4a3b575a0fa84bb7207b68fa616c6db0568bc6ab46ba3c,True,,19943.0,95291.0,15651.447073364747,0.9969312480571142,0.78240067516168,0.7805208809059143,0.4715858518957837
image_1177,968a415046e604f04f5a52f29b77199bf7e45577ee84709d3e0b5adca7f55e8e,1b6b20e86ce48ab9a56e4c170ad80962bdfeb3803decb06e5e7af0569a571250,True,,36331.0,78892.0,30733.399903042082,0.9960366598785138,0.842575018197591,0.8397595569503373,0.1652431626142043
image_1185,3482882dee9b50d95aadf30e4c92a35aec952cf1c884f37b08d15209ff39e77a,abfb582b02ed6e8b5747e4f35c1994ca456fd9b640bb22e7d54a483deb3c00ab,True,,11117.0,108104.0,9332.567299992603,0.9983154059546863,0.8380719360161505,0.8368884139992455,0.4029963086723823
image_1187,a418cf04b5407bd14a804ca9dcc89263d27b13fa8efc33f13dcc663a6ef0fb35,b71c209eac4fcbb51b13a4e6a914cf1621b7f6f20d7e41606bf326b4029477d3,True,,8748.0,110923.0,7809.220134135336,0.9999027783412516,0.8925995551897992,0.8925220945832343,0.2771266866341509
image_1188,76459765a85104987ecf61073099bfd54604a11c5ea0585c96a68319e206673a,676b175e2350c84fe5520550f37e8c58986feeb5db9ba64b36eb25e8de35ac4d,True,,5576.0,114521.0,4616.687989086844,0.9988509291577313,0.8270055752386536,0.8262195255172392,0.16146665060101065
image_1189,0d78773324f2aa6da089e0d950704fd4981608b250eb97ebddb6f1f7995dd74b,063b83343d8a57b2dca7411afbe5270e6b63bfdb3ec30ab29612fbf0236585b4,True,,13331.0,104831.0,12376.368248183357,0.9964805843529734,0.9251226962806494,0.9221098033784845,0.23878558909278066
image_1190,5a7f3a46a80dba77adbde62f86142cf65ef7b74864c867f5bff7987af051dc36,f3ce1f08f71c1a3a89dc1fc4542868235ba9fccfffb56505f59739ff4b54a41a,True,,13641.0,105769.0,12982.409870606607,0.979359999517185,0.9320763085264412,0.9141197987724032,1.0117316273865664
image_1201,059c5d649a3ef54ab8cd6462b670099f73b7b4c6259d6c09e404082887714524,d161f20128d04f735ecb796526d7015ac31eceb6c6c69f4f8653f37cdfd4a6f0,True,,51422.0,60115.0,29495.186980405,0.9983391096646426,0.57263814533487,0.572093128547972,3.4862312196706986
image_1202,e3d3b02860970b442eaca55c0fa0bd0ba3ce7f0139fd759a05d49731fce57a55,4b721d08403549c3eb7e42ea9738677b1736834d9eae6d282e00c96cac4ac44a,True,,49697.0,53907.0,20477.655610389746,0.99950230834913,0.41184506211970673,0.41176062075821784,3.0789880350841794
image_1203,a970763a6353f343443e237a5460a6d23d106131286734bd134ad3aa4fd9dce0,fa735bea40230e536fc1452bb42c17c14128ded84dbcd978252eaa6ea603be40,True,,41573.0,70777.0,18655.551163922602,0.9998041670448722,0.44865412147809,0.44861469790394826,6.533528449614209
image_1204,1d2f05a362f5662c691e04234b3e5be197305af06c168a083e73c88a297e2f5f,ac0e2a2453a10bef6b3964758bdd2fb53525a771d24898fe46de877aace5442a,True,,43858.0,67154.0,24117.361441113186,0.9963916530689859,0.5479122995570475,0.5468272753573644,2.858256755328908
image_1205,07cb6b5fcfe1ef8ef52500badc94b849bed244020a8ff4997afca7a3feba0808,a6388816ad19d1786de8c9b5567741d2e1d51e179b48d5b334f107a5deb2252e,True,,35349.0,73925.0,22652.608310805575,0.9944356508177196,0.6372616280029089,0.6349973623422643,1.7205407311340581
image_1206,6519cf2a8d382c91107dfab1cb26f216dc8ce24a6d36e720ad318b9a59025208,1d1bc61be45720051eec431d99c0f4fef7f2f174d50940e1edacfa999a125fe5,True,,37456.0,73025.0,26055.793391190506,0.9964693117166813,0.6931812928970433,0.6914829563245714,1.917144048344627
image_1207,12cfc0e067ea355d2af2806f3d9968b13e547a3d05e5c1dec83ae223738a9f58,3071260b9b57da95f8562c95b0c198f5b184f8f1428cb378aa656c0f4364a570,False,prompt_colour_instability,47870.0,64133.0,13694.427578260693,0.9997339853014415,0.2859992617346257,0.285977498775136,13.556779003549593
image_1208,fb3240bdc7a7a207542e321040b2154dc29eea1bb432750e41d26bee434d17cf,3bd6f8ff7c775985954a3c0f2f8b91f6fd4f8b0361cf6bbb65f1434e56a2e209,True,,56727.0,52418.0,28669.284849972944,0.9994013464463735,0.5050879101788844,0.5049351401348826,1.8176650481982202
image_1209,187458980cf1b9036bd51a0901a8de688f193f231f56c700c7efd96043b123d1,4533a4839a6596ca8fad0b761ba2eba4efd41403d777a207bf14cf4a899524f7,True,,31402.0,70909.0,11006.56637034093,0.9987423201871671,0.3500644428383016,0.3499101942376101,2.16060028259161
image_1210,9735baa60f248c114d78981faeba6ef2abdf4dce3ce27db4e8db73afb23b0cd9,35c3ea90248feabaeb43dc24c9347ddc8a24e1c3a5df26381945db9e4437ed65,True,,50734.0,57732.0,16484.970845698524,0.9995135899667162,0.32477140360469875,0.3247200819380586,5.936917211309399
image_1211,8daf17e9a975ea8cc7e9513abbf4398d6c49caf5680c35e339cb3cf80f8e21e9,969ebd68fedd47118367f7cdf96bd9c41bc0a05d44765a278e8258d79c3ada70,False,prompt_colour_instability,58583.0,48532.0,21305.302820293997,0.9983375825657915,0.3630726407566094,0.36285326571084003,6.944975830392803
image_1212,4dd2d41afe04f3e2e407d654bf3ecd5e11f6317b64f8a5cea6bf97d4e5a2d0d5,fa53e03314b430f2200f56547b17becf9ed4f16fd4a5752281da69a042e7114a,True,,42702.0,62959.0,19119.40822953923,0.9985164148954678,0.44707608449914327,0.4467793064717337,1.7556869996485176
image_1213,3cd621d4b05a83d495e536eae0638d37e981878ef825f3f2cd786b28c017fbe4,33c5c6eff3150ede93a6ab31e76eb85ac3e4ef08f5d596de7335e0bafbdb7336,False,prompt_colour_instability,37700.0,73532.0,19184.227209053275,0.9994799632342998,0.5086008144716981,0.508466259686439,4.771183172812108
image_1214,e249d9de26208cef36f6b893dc85d13fec417a3228d22e5f5524aa9a8de6f225,0d15d6c5e651c0e16f636bb5b2fe155f5c0f0a83a1ed3ddda6a01d1566127373,True,,40649.0,71471.0,29243.79962677711,0.9982765756254162,0.7181824927967447,0.7172931425224992,0.7516508112256024
image_1215,b975bfd717b704c3024de1088333949e9dc45bd81da7359518dfac95d4d4c98c,1fa71484054b291a05f00d45bf67582bb3a39a9ed5b6e3585a3c1bc605f304c5,True,,50258.0,59210.0,23443.624182686843,0.9999489928748851,0.46644172849725435,0.46643063068283785,4.925362467622231
image_1216,6f6699f4452e4d2f0aff37186563ca56ba2e1330b2ea32d2d630e241fb1da926,41f17859375350d9ee3cc178451332204f7fce147b0c0a33e0626056017c8f65,False,prompt_colour_instability,52408.0,57053.0,19116.438756827745,0.9999793256533662,0.3647543034831797,0.364751552814095,3.2084724204954926
image_1217,85961dc443e6a7c04c03af821d44998fed94444fb3cca902f1cac9e4842254f0,26e10bbbf0d9efe35b9bb7b43eaf82779946137cac6d35789b3326c668bd61dc,True,,54112.0,55206.0,26181.55787025139,0.9983665405622761,0.48304981071581005,0.48266834187673907,1.2866678675189391
image_1218,137bb29f69aa1d2f3abc36ed86a0bae17bd4f3929d06eb2a59b161702a2bf48e,79c6989d805b9a1d43232a05c9454b2650461ad2a3fbf2727a509206febca2a1,True,,43845.0,55698.0,25016.686160288373,0.994351566698642,0.5673481828507464,0.565525588704046,2.1786757523869866
image_1219,5d3eeb6350432178d1c46572bcaa9989d11f3b8f2b76dbca49006409be2309d5,7361fa44d7df1fe35a153b31445c2efbcd5d6a5c3bea0001bcd561e729d8f67f,False,prompt_colour_instability,42287.0,63692.0,13729.406651208628,0.9988344079285439,0.32429360710549776,0.3241709294285077,3.5452049588587786
image_1220,41971fa90188844a6489441175199b06fab7feb119b1bf36111a0ac0ed7a016d,ffb34cd4ac7831b6af3a38d60b4019c3f46f8d0e2fc98388444b472719a49c5a,True,,23748.0,90740.0,13724.8894884129,0.9976949781953741,0.5766065908234811,0.5758394796812702,2.7558070286046252
image_1221,71ee28d95c95cfa86d4c72f37bbc3b444cef1f404a086bc32fa71cd0ec907357,cfa2e96ae6285dfadc9ce2698798f09c4fd98c37bed398e49f7dff1a739d3a39,False,prompt_colour_instability,41039.0,72309.0,11548.69587639808,0.9999324160283272,0.28138880990431325,0.2813834583683507,19.622705510471782
image_1222,feb7deb4aac8a9ac8f83a354d9417455837edf38beab37528dbd95fee650f75a,c02ffc253253d46d02758039cdb150a16bb2a5b932ef3aacd329e90a2d3da3c1,True,,39099.0,71412.0,24541.042755131763,0.9977269478355161,0.626237491618162,0.6253453030446738,1.6973895693823373
image_1223,634518058d18afc699054560b832e95f9f0177253d1b1a4c1e492a228e438cbd,7b4859f935ee83ff274e8e445c6eff6e5e2fa4b956cbe8ee7a58addeb4328631,False,prompt_colour_instability,37323.0,74547.0,15287.255698196357,0.9993330415028059,0.409320251134948,0.40920846282210843,5.5896367664549285
image_1224,0382dfb66607bd8a5ef4209ab557926afde33d9c3e0fba1d90a2a3d40f9137d2,1f7e1c59a9496f6aaefbbe157c50a5b73bf88cd6b3b6f232e271c0bc7e2e38e3,False,prompt_colour_instability,31500.0,61657.0,11725.42306238698,0.9983044553439022,0.3716045106023195,0.37137012325615987,3.7139067886472232
image_1225,0a3d5b5b8b2044b17a1ce80faae89bae25ec85f76050f67728780a75a0889a51,ebb0ec282853c72043ef1f90dec8135ad2f9df43e191651e2eaa9172b35c0be5,False,prompt_colour_instability,46337.0,56834.0,20348.450589867534,0.9990508737556607,0.43872364074888426,0.4385408570437769,3.553657974373753
image_1226,241d6ce4c40625426431dbf1f8bcb39e6530a13cceef2f0ff7735cb72589a651,c70a903c5445389a10bdbbad7f269c78fbe9ec522f66fa8baee174d62ffc7b66,False,prompt_colour_instability,44648.0,64392.0,16987.58185590292,0.9962692645770094,0.3790585397447176,0.37852124293588835,7.154773806461806
image_1227,50df3ee003d66f24771c7ef44b8293dcd12525f54d2bc0fd1028716eda47f4a2,31f0d1ae4a9c767f9e12a8775103fa61dcc33b783e3c65459ee71afbdd4f9b0b,False,prompt_colour_instability,26058.0,86251.0,13284.937084785168,0.9955888505661706,0.5075729235584142,0.5064340040004907,4.353114372395058
image_1228,61ed0374787f3f89376d00c6bc9a61b701a460e72c9839c2e1af68fd4fc48d3e,d2ba26ab85bcfe89be0ed88291f702fc155a1d2c9e73a64da41b538af8b9fa2c,True,,36296.0,74315.0,22180.7449683842,0.997086881022402,0.6093269180978492,0.6082441050182321,0.7801693320894235
image_1229,d1454ae31f7b2cf18481e5a8772f50bd704a971199eb2747260dd68444e2f675,2fad278c5832afe355c6eb26f0edfaab94d9c74720c1a4d7f5bb4a483969ce1b,False,prompt_colour_instability,35184.0,59671.0,10016.944313616346,0.999979634960608,0.2846958935354369,0.28469424288927353,5.7220633967180445
image_1230,1667c1716d34d2afc53188be1614ffbe3233b8c4585729a0df432063323c99c4,828f9015d85314b273cc621f5c673bedeb073faedebdc7bb76f78c8bc881682a,True,,41442.0,62370.0,22034.934751942797,0.9981235396799403,0.5307076654414766,0.5301786934001241,1.3256474040727282
image_1231,5f47acbfab907a8abdcefeadba9acbd31917f55d7ce3310c2837faf719ea2a6e,030c2cebbcb4f964c3e3843a034544b7233f48fb3c306300f8e5e52a3129dc8b,False,prompt_colour_instability,32233.0,81355.0,13842.215001613979,0.9992957885808706,0.42913992354865504,0.42901018306091837,5.708087123656797
image_1232,f6ca012b7c8cb95908d21f7d02ebac31e29fc7a724ec49b53f2049ba16f7b951,e21451b86c7a96a49c98edec0f79dc00e603d1e1d248cba35483f52e607978a8,True,,33118.0,72459.0,11755.444683843138,0.9976392139694918,0.3541183825789936,0.35382188832377337,5.665916128857694
image_1233,82fc2b7b1080198c364ded02f19146d02ea49cbe7e6d6d68d6438e12a101499a,f54bfb4d947a6fd9b5cd5c9ca7b8484622acfd1757d4b2f75cc0a503f1fc4ca7,False,prompt_colour_instability,42197.0,69597.0,12640.203282862647,0.999903698525298,0.2995233313421801,0.29951469114707174,10.047805449818151
image_1234,6d9606d3470d0edd7b3d671dae3b9cb65e992fcf26ef98ea570a5432cd4069a3,0fe12dbfa4af03edea6b7319dce8c90f632629b2ce5c8953ff8ac9da249f1960,True,,56892.0,53535.0,33003.9589703808,0.9995098658087102,0.5798316565007644,0.5796668371148557,3.301729570459848
image_1235,22e7ae972b1105d3c2f5a5e0cb2e69e7dd33cbe89c7e4bbfbd81dd8817b88985,14ddf860aae0e2856aec95b592e7c351fbe7a2a150b329c13ddb9e474e833b48,True,,45017.0,67223.0,26493.832770733694,0.9987160652418341,0.5877738724917767,0.587330066224679,1.3130776242435553
image_1236,7cf67aa4fda295b039f998e4db952c60be8b3a71bacefec5db4847f43edf0a91,21d7f13993f37a0b4b6cba333ce388cf217bfe7acfd32a3e99018a8c7b049e9c,True,,25282.0,88585.0,19639.903574531447,0.9938254232421233,0.7720368436988057,0.7683513558806159,0.46156318463146845
image_1237,981860fe9ae9a1b9c7df13a1433eec1aa8d96d50c51455cce395edb52ba93aad,d84cd2380fbad6744f3a980aa70c3ef3c8ed4ed97ad5e1302b98a0d90c3304a8,True,,20412.0,93013.0,12793.263227921658,0.9934158201439377,0.6226254204332291,0.6200666235268414,2.063763223186066
image_1238,4c0d46f3627b8cbcd92bc8712ee6339a287f630009f36d2b7840e36574f098b3,d09a7b52bed812c17dbd55e29a43acdd781cf116dce372169689afbbc4eac8f8,True,,38060.0,72633.0,22183.03359626711,0.9973914984953229,0.5813234135510494,0.580440940845075,1.0273158637664952
image_1239,14ae44cfd9768d07fb8c588c867a872d863cfec844dc029ba4e92dbdf5a9e704,1ca151e48029f4d091d26bb6b37cf2d63f8dc55df6c075b7d6339011fe897675,True,,26531.0,83362.0,15344.325817156547,0.9840520690877569,0.5691310379981752,0.5639295999717595,2.6527713346469737
image_1240,f2c4865daf493fbc8f616faaa674faaeba43f3046782db15e34c459054e3ad27,2d47c53344b001feb5674ab5b17e33be29263ca7607e92a126b08836a8cb77f6,False,prompt_colour_instability,39867.0,73174.0,17027.725958197785,0.9990113315237207,0.42669102722352303,0.42651092298197624,3.9251096876719593
image_1241,7fd456e0aacccc3e9880fb0318c44e8f5dbbd468444420c58b0a45e027b0d800,d1959275255a43ef6b89ec97583d74cc627aae7b88f1e5df9aef34869f47f818,False,prompt_colour_instability,59308.0,48597.0,18801.985832756403,0.9986391068849378,0.31659132561690007,0.31645479622954475,10.987134730203685
image_1242,45e42396613717237fbd14f49d6530a40076c2c87bd0b24f3691e46dd0398061,e1fe886a5c3803f7a5e6863dca8ebe0a0a65b06414c278ba1e134933c87c4ca9,True,,23516.0,88703.0,16186.560212903598,0.9923226933900242,0.6830366995742602,0.6794461983915981,1.9439506076763888
image_1243,4354356600f524a7013093f60830c4ca098528d6b51176908e395974afd738b7,43df61a9d8f3fe16ddb574b9afb7390923d5c4d011c8605a388c0f4d35ba767d,False,prompt_colour_instability,33304.0,74550.0,12326.10812088821,0.998903463292425,0.36970310145544427,0.3695531227411904,3.611242647970118
image_1244,ac7850cf748d29dad13fae36c8c6850eea47c331c3144ae6a9a16857a4fadb8d,e04caa696bacfb72d4cd961d30fa9d6b8e649f157f9fdf616bc745a092cb2990,True,,18131.0,96801.0,15477.276649330714,0.9861443679779243,0.841808460612968,0.8319682166928833,1.0907103698237766
image_1245,541ddcf43e4f56e7c29291a97aabb1e600699ac40f168275c737d2fa11445d9f,562f4cfdb1a693ae9d57d37165c57a10e8a161d1930b3a8ea9cea3a1fb3847b6,True,,40649.0,71471.0,29221.649020506113,0.9982821795362624,0.7176425366880989,0.7167574112581048,0.7559801175002876
image_1246,8b8eef733e6fe2ccdabd92f4d11c5bb676b2cd5f940a03c483d433449ee0bfcb,d6326587ce813811018a2c7803878e3203db130e4ed6d16131036dc34b22bb40,False,prompt_colour_instability,26950.0,87308.0,11930.71955893081,0.9976338043309694,0.44165080304200555,0.44118865314844546,4.741359364995631
image_1247,eaf967bc51e7e173614403419b3d0304ec9f6441ac82af83e747431b29bc7fce,a1ac7faa10ae4f9aae2ac33b7648a5da2dbbcbbc1cdeb1bde55834c6ff005dca,True,,23394.0,91345.0,11947.79177553131,0.985479107234822,0.5033042306735978,0.499599145765843,0.8787439141942823
image_1248,7763b9583244329fbcddfe550975fd640269c58ee084bae9114fa46a4a060509,07acf884462f2761e4f5df7c40ce4b7839e7e558619175ea9fb842aed0ad2e8d,False,prompt_colour_instability,44648.0,64392.0,16970.391462998894,0.9962748592805413,0.3786770822149911,0.378141671481085,7.1777802438010125
image_1249,4d82eb7e0cd6edc4f115187b976e0eb13450b9d05733ac1cc230988047559c90,c7a14c854ebc6bbdeedb3a75832da007d13aa18f87a3fc41004bf330d10aec79,True,,14845.0,101368.0,12760.838963835457,0.9888034827696237,0.8499806002359592,0.8418778756851976,1.444199894489374
image_1250,2e12e5c8b3a9d8df04df333d4eac018f2cf0dae099091e576a340d42698dd4b5,107fde9b77c3832e55e905c1c7c41a7321b0f718991d8f74263a416be6fde60e,True,,41488.0,72429.0,26519.436152591566,0.9957221740768769,0.636472971007313,0.6347373338552661,1.35068334557731
image_1251,5b25b871fa34abed75790096f3c49cf61838f4926fc71752a3704ac97507f57f,7a480716fe81a611ebdb71339b0cc63b9c6c5860131540e561cee5f687301cab,True,,40849.0,68771.0,19991.649739177068,0.9994335673341787,0.4891264367725315,0.48899088154931153,1.2137715121878867
image_1252,c5da007dc4b05db1edab50a93d36ae654a359120335172ccaccfa5eddfcfc403,47c0b49f02ab87aeb3a7cc1bb591d8c4a0baa3cda049a10466c7f85e3a7168e5,True,,24150.0,89826.0,18986.041581104386,0.9937795003551205,0.7812811145420894,0.7774789474362543,1.2955953159311653
image_1254,2b13f3499ccbe9eea90c506130c0e78acfcbb87cb010c613ef273bb365363f23,11b7f798ce0df51bc669415d396004db577ce626e381a6cc21f77f67a932fbf0,True,,30369.0,82280.0,14879.966806438846,0.9977653822687417,0.48887733441248127,0.48834264773284813,0.6063646285654594
image_1255,03b1b8d6f84c7ae874e73884b523aafeb5987aa9d59d170c59353d336203038f,14ed309cc00dc96285148809ed9c8c5cfd6155cd0b6d5d7f56d558eed2b2165b,False,prompt_colour_instability,15601.0,97783.0,6803.61503706441,0.9984055594724698,0.435405876387129,0.4351033327454923,5.821727099021404
image_1267,f81d36345814441aaef31743617c2aa80ad97f52ca439c721427e1bf4fb20ee6,0bfe05e979756a02714a0a37d074a6307ccaabb5b51a46e000a8dce937139305,True,,15908.0,95369.0,11690.742445946846,0.9801676865402765,0.7203223520984369,0.709974677860823,1.783262474667582
image_1268,25da4ddd9219e5cafa51ae9825b5b2e878ffd4d91c116586d2c08e4ba128f6de,ef3febe436f91aba0755aec6328af47ae973f9ec9046bac90f98becc649001f8,True,,13923.0,103129.0,11179.292976098572,0.9933435819409698,0.7975923959236716,0.7933521785266504,0.8726946420870493
image_1269,2e37debbebdbe200571765cf10e9127d5b7e737d1a44bbcbe1b72d7a79d9a868,c0091b806fb8d5f32a94fdc73e0a6fa1e0f591de02948e9ddcb3a102917ebe0c,True,,13923.0,103129.0,6846.785284752405,0.29470731933305405,0.14492550005877916,0.1076044729772921,30.00020756406591
image_1270,c318e1ce7642be44294eb5529631248846b76d279860e659520df61b90b53dd0,072a3256ebf1bdf65bc762ac5c24074b8a3b4c27f2083ed9a57e7148326f49a4,True,,13923.0,103129.0,23475.428003566412,0.2544405168327013,0.4290095549878839,0.1900727986005177,25.472446685034985
image_1272,17f672133bcaef63c55ca11763d55897d4304a2593e460a5dc83ff953490855f,6a1334d1f5ca6432734bf11172b91d6e069f4b6d5c6e4d943cdafebd3a64dfec,True,,7716.0,110584.0,6903.511515266859,0.9928249894925153,0.88828133069029,0.8826153919727886,0.5231818306011101
image_1274,24b732461c1d97f9a523e1343794a497f8338410a2ca315e7feff110914f316d,c8c93896e00a64d34c5b738d48c8979f797e4a402a35bf4915e93d87fc1aaf1e,True,,16618.0,100798.0,11985.463732303586,0.9966537899231457,0.7188204268135022,0.7170898023571256,1.8111271330131373
image_1275,ebc089f783571819333078f665334502bd8f882718764539bf62cdb137668dcf,5f6ec68fa623056f20c65b61a2b24b1cb86b70b6129e6c4168f27cae270f3b59,True,,38821.0,69474.0,28008.385082693294,0.9829211823650922,0.7091531640508412,0.7005213803997291,2.13606705509323
image_1277,3df0b205f317899de04811aa2a300ba8b5487516246e26a20d8a91fff987c7b0,65115c92f2c532c88f72fd75ccd510028a5c3c276edd78e362b010ea8bb16fb7,True,,20491.0,94450.0,14222.64659914997,0.9972990082458315,0.6922176247114935,0.6909223265452366,0.6891441847871953
image_1278,033fb03e0841a7ae03395ad2d1c2f7098c90adcfb5ebba3b47f88fec69a36e69,3dc4b29dfc9cc4f3b949a2987bb77c6d732db2bce8abe7be5a85ac3a6f56851a,True,,16331.0,99362.0,12984.47389362604,0.9858727236961556,0.7838490382261178,0.775142379936687,1.7554741539736027
image_1281,8b5938d319d0ea2d727e63c3aaad9e9cbc6dc78de8185c44bf12a2272a8d6eba,6b6648274942487e4ec8a85a28eafe7f769910f56c2ad4f640473e13ece5fa0f,True,,46878.0,58563.0,41150.63632559539,0.9983058842173376,0.8763369252768803,0.8750356286458181,0.09350621902691514
image_1282,dc6facb28a5559f91906e4e822d6841d3d8ea93f076f0c96b8b3596fa9799a5e,3c132b41c946da795963e0839d4de5de52da201eee3874ec56a38ffd4147172a,False,prompt_colour_instability,46281.0,64759.0,28139.348813288205,0.9967872735073434,0.6060574486694248,0.6048759007354042,2.6454172950140786
image_1283,ed03eca31737d37a155b904694c8ebf48f1c4dcba324a957208c6488e124d619,98126cbb27f2b27d54c5ad818f9c3b2cc819304d88a72967c65eb1d7377631e7,True,,43948.0,65818.0,34566.74054271457,0.9975313582027315,0.784595604856091,0.7830751244774541,0.9808860075582779
image_1284,5524c2a9d02171e7fa0d664a865ad94c781757fd9c441b30b432f69a1f7e5b40,19cef2d8792ad7abfc5269d01e49d3b97b5a7682f28519968a9c9219ab7b1541,False,prompt_colour_instability,72256.0,38201.0,39650.49803800462,0.999457531867933,0.5484525701173386,0.5482893556035549,3.870708480535077
image_1285,76569d292f6690854942e58920fd5d7fc296293e9d4930984c5109a76a552634,e678a67b83c8ee856e011761ff03b737f14bf7fa1b4694c474f094841df8414d,True,,48762.0,61859.0,30706.475796017723,0.9987884146749395,0.6289584570066639,0.628478951932964,1.1865324630322418
image_1286,3bc17d21c32dda22521c56c502893e650f79a66d027a88b3130812d794ad2028,d004914be0f9715e16c52436fd82c8d39651ae358b43f4c663ee60bb150c371b,False,prompt_colour_instability,47493.0,65717.0,31144.073173099325,0.9946168081295376,0.6522312477961133,0.6499369125867781,0.5018966233372452
image_1287,529adfdd03da53ebd95fc970cc6afdf67603d7bb0207ec49680d3bb637310c7e,a3c8c3c68aca47c626296db7bbf5bc821f625af665af344f02f8d4dbecdad08e,True,,33637.0,75891.0,21802.870215164687,0.9945813508389213,0.6446689095568623,0.642412585427606,4.585363603341125
image_1288,c81867b07e594555a8793b019bef704e19a69e4c2831bed893d1b9c15fa64c46,9f65520411d72bfa7966a5edd497019b4d0220b7a2f0c900182f256aee74ec1b,False,prompt_colour_instability,55047.0,54462.0,36447.43122118815,0.9963467883849976,0.659695915165475,0.6581040632231774,3.1650161725748274
image_1289,a7b13e1a8d13006b0be6f539d4f96ee50af980e5f220a71d4985c60ec4480b71,918a8525377dca4347c17d2cae010c9498baae3492014df063cffe9c052afc14,True,,46029.0,66753.0,31369.161484487675,0.9988604563212817,0.6807320375157256,0.6802037852227272,1.1847274901484575
image_1290,2fffe88e7f7a5842da8ac10a52022d36947599b684fa93d0c51b1024389afa79,c94ad27fe767e163094965226b390d7c0de61bc6cccc3224c8f0e2ca4c597d8c,False,prompt_colour_instability,77679.0,33975.0,47895.57237430445,0.9985858696054992,0.6157113478501003,0.6151749588694199,0.6718985617001014
image_1291,a146a195a02f6afa0b2cbeb6e5d4ec2057df5ffe0932cc20fa7f54537c171a9e,4f5e0d5eee48466280aefe64f0136c4b452ef1479f974801ebd279ae46be3a45,False,prompt_colour_instability,33896.0,71246.0,25732.352048893983,0.9961653224240283,0.7562448895301829,0.7540497613044921,3.521354790120463
image_1292,e0a033593b2e44e4673cdbf12d1037db79b36f602d3da786b1c6e56c668ed539,b71cf538de22b58107d05e5f4a5efe76b43483c5b614df6b0934073ebda2a435,True,,56570.0,45159.0,34739.814528496085,0.9922850802394977,0.6093653817732722,0.6064919705365066,1.364125025882181
image_1293,ba2128a01e34eb283c495c659cc24331b927b59bce914278f401e1db84a32d72,680c1d2129c9cf4a776497a4c41e48baf2f3c22640398631fcc3b2fd357b298d,False,prompt_colour_instability,60367.0,49833.0,34968.923805670056,0.9971441008709501,0.5776178389953058,0.5766638392557202,1.8445927658474757
image_1294,f020ed4e05ea145bd21845b47d30700e752b59bf510fc12e460a2db8c7238073,d554030279ef1189b97c2936ca83883a432b65890dc45906387462749f9e314c,False,prompt_colour_instability,41861.0,67016.0,27468.771348150116,0.9920938277633392,0.6510020905076846,0.6476421544263261,2.7817433751791576
image_1295,4df6269fbbd24bf2006ac278f1c8ba23eb9f33789eb699a393f80d695dfbabf3,882188ed943c9ca0ebc3efe136c81d9456e07e7404ab00a76f7b559263db7fa7,False,prompt_colour_instability,39194.0,66229.0,23178.786251624464,0.9984334074785701,0.5904596249024556,0.5899130934165225,0.20115774152998456
image_1296,1d0a613d4b8dbaaa61f44acf9bfcb8f78167717b527b3f10192506a5a6777399,78fe1f1a4f70e0e43a71d597339409668a2ad82453da0a0824174898a33883e6,False,prompt_colour_instability,43559.0,70304.0,28955.128067086887,0.9967591283774407,0.6625792193164833,0.6611548827401762,3.975745204650507
image_1297,ccc353c577db8aedad70a5e47dc299054e1e265d227d026c2a4df3562d9be304,7b09f0165594581af8a56e3aadbf195ba60c77d03405f947e1f8c9123dad90b9,False,prompt_colour_instability,40039.0,70515.0,31046.005025405495,0.9896357250349023,0.7673577185432799,0.7612400903344292,3.571391757654044
image_1298,59d4c6c24f3a3ab8f72faa86fb0b8d0e7f9d2727fa5f4da4b809dbd6f559a1b9,021e562842e2fa37d0e9ea264e51a04ea510d7e4bd3b85da9c32c519dfb9ed4e,False,prompt_colour_instability,52348.0,60199.0,28876.838948639284,0.9990596503030625,0.5511134068519412,0.5508276776026347,5.2228390179749855
image_1300,8c9f1edc134850439ef32cd18e715cd2abbdcb94c774d00181b2f5e41fe79677,af6ef2ca9fb16696ceed292b7edc9ad50c029922fbc1e2629d40ec12df0a6b46,False,prompt_colour_instability,54802.0,57556.0,32643.139630997466,0.995025726309736,0.5926930352973135,0.5909420999007331,1.5906307908159227
image_1301,cdf61811eeb927213640009b5f5ecc8e94a1dcb64e184a187ca5e1b7af77c587,5af97e45a094731c6303cbf395cc3aa7bd0b99bb45940b2c7e56180266cf4df1,False,prompt_colour_instability,38353.0,73346.0,26640.838052530817,0.9961539677321534,0.6919504740108546,0.6901068269329973,2.537924576597972
image_1302,55202ab48f40b9a85d092ce6e032a501cd78faf3e401f4a174e217130152ae9a,f6e3a39102fc77d16d834d0472f14e535b7f4f0b532a6721f5ab1690d9fac173,False,prompt_colour_instability,56355.0,54798.0,21659.514884803422,0.9903452727446977,0.3806299028676868,0.37922271970723037,1.4035483987020652
image_1303,015f483fda79936a95965fcad4c8923ec957c2d7b0464ce34fb32828fa9bbad9,276e208f28c43f035a1e3b039c810dd8d098016d567794e4b5751b33d3c9c5dd,True,,50431.0,61007.0,38603.515287907736,0.9981932847358623,0.7640889478215324,0.7630336799990701,0.7617702660541453
image_1304,5dd98a926202447e8222198dffc8966d3bd261b2ac8c9828d35f9daa9f251b7d,8f0c53f930066e28982bf65c2a97c8cb2430195580851cd76606cd920f983000,False,prompt_colour_instability,35810.0,74393.0,23415.262330819576,0.9844899297983709,0.6437333138307457,0.6372703432599898,0.9713921542836024
image_1305,6538b1b59aa7122d6324ac210d630e680f0c4b5a553448f3f2ec24611f00c6d7,ca92bcd3e22488a40bf8f80fce2c2a8165f849675f4332ce8c46efbb2fbb59ea,False,prompt_colour_instability,52499.0,55557.0,29373.04155209697,0.9970021511078145,0.557819874893234,0.5568858170229215,7.010461008248845
image_1306,824f7115e265ca5cc653d2538e384bd688f2f67c4e8f95f1927d3383cc2718c7,4bab761234f2bc8b58c53d29ebb85a517482e08741a89a5ead7fd1c78cbcdd0e,False,prompt_colour_instability,36657.0,76737.0,26366.245150007395,0.9966429945465898,0.7168544485706105,0.7151277082964798,0.4785561033768006
image_1307,7f1c30d9c5943defb1e39836e7b3628a9816c3eca1861dee7c3054a2fc8067f1,fa66da92294fd40288b0b2e0d696243fb2f30a47941a48f1a0405c0c4563f285,True,,53802.0,56673.0,24146.773595614723,0.9961343809196974,0.4470731825373735,0.4462988891468548,2.7823598416162425
image_1308,91c1d38c1057b14fab033513905b443e103038777d154d2c421f846cb5847aca,ed559631b5624726cc33c75f1f1cc6921e5a1f42531986cc2ad679816091a628,False,prompt_colour_instability,43831.0,67990.0,25945.129124256375,0.9985032651504466,0.5910496257288207,0.5905264366463061,1.4238996372562112
image_1309,addfa9312490bc7fec06d731642ff9d67f56df8adf9fe10dc4d19bc371196b38,c79325e67a6f0f5f9fa5271d8cee61910d10404f25ac84029e39a713df01cc17,False,prompt_colour_instability,40067.0,74200.0,27066.984584032223,0.9980874786138033,0.6742510893542167,0.6733810873274638,2.937796251938775
image_1311,6dea12511b1557174274dcc133db0a9b1c008737a2fa0670ea39dc2c0166e7e0,7c8a0d0dbe0a7fec9b117d362abb26eace04d8f8cd080b509045952794c8ae3e,False,prompt_colour_instability,58742.0,50648.0,36633.84737515828,0.995064253277201,0.6205616421475745,0.618657335710141,6.037484292516483
image_1312,4cacd7259f8e79d9183b2446a5a9cffd087a3c5d184f87118c381bea26d195f1,51d4c41556129d6aee6686719086afbbd56dae63532e71a92073cc8cdfc3e763,False,prompt_colour_instability,39047.0,70394.0,18625.487363863976,0.9958669633990389,0.4750302851148203,0.47409562186025905,1.8576269877132927
image_1313,555f26d482fd80cd49636a68454a96e910215ed7e4413e020519c66bb26f2a65,ff5dfd0b86d0a96448d7db2dcc6dce901e56176093143485d5ffc74c9d1055c9,True,,25149.0,90681.0,16064.929193417633,0.9812986115727577,0.6268437199298336,0.6194436849061615,3.535568044675902
image_1314,abfbf48286ceae36decde5e6c519cff9eaf9f1f751ceea501c990987ad960182,27c00d34a6b3e4597bc708e459151a65f93a124dde13a4a08429235e297f7557,True,,86836.0,25470.0,67050.97631598487,0.998443438298946,0.7709545273185444,0.770029022401375,0.8302423415806882
image_1315,d5ea3c9a5cdfd047bfa7deddc313aa7e987d69135cdb8c12d6c5d6ce78985415,6520e3138d32dfaa36e4c3f85ad8ef89bbf4cb9fb50ebc619059b12965a122d2,False,prompt_colour_instability,38456.0,76132.0,26921.93702800214,0.9956902867210246,0.6970540669465576,0.694957307064538,5.296623739514049
image_1316,dd5e30b6f39e20c0753e62d5f1293d4d099e4a036bcf9399afbf8a807c1a3567,f4861868b8c01b27bd4678b283edff140b0b4dd8d6f54bfafbadf2e6f6e32f9c,True,,57309.0,53734.0,20003.075224514178,0.9975008866432763,0.3481666975875525,0.3478632606428267,7.442761163940822
image_1317,44e42cbb4d21079478de58e724682ad018462d384a73b36818c3662167746227,def19a8e893b6b70269241444b26e148bdacd1658cd99e50cbffa3de1bf2bae7,False,prompt_colour_instability,39715.0,72367.0,23638.895769631286,0.9986944598811458,0.5944362140964023,0.5939746513463913,3.1357054459148856
image_1318,1bbaf67765ea75563bc5c24237dda89e943a3279ce49cb17736f7107c8596330,26eb3b0b1faf32343ee1ac52fda4adb77a99d98c4c820d6dc89534a309f4e59b,False,prompt_colour_instability,37698.0,76167.0,26220.329220860833,0.981706738907149,0.6828127193082687,0.6742340164968144,5.215955246352394
image_1319,30bd5ba3878083f7dce639c26c7dc5b75c3a464cb330c05baf5339ec2dff1cc2,e4136ba428a06b77c88486bc4e9067ec73dcae2553582c2ae8274a32969c10b9,False,prompt_colour_instability,35333.0,77352.0,20284.63208364544,0.9992778689149341,0.5736842023114005,0.5734464659878051,1.164149493420511
image_1320,47167e7db6860f11b55b98f84f853dfb7fa96958d2db7b7f500fc525f5ec58d6,60ade53f6297ef003d855627ece20fba7f31f1778b64c037994f37b083f8bf1e,True,,53630.0,59100.0,36325.70720877283,0.9988798600445354,0.6765805954263989,0.6760676528755816,0.2588225568997465
image_1321,971623c68b7978360a63d784d0e0867df0d1f9456f2596c9f5847ff05817df15,71c622a3ccf422a215091a7cfd319fcd261e8b39abb5c8d6594cb334cb566855,True,,34894.0,79891.0,28087.9203516489,0.9986788572270355,0.8038864045013102,0.8030324167163743,0.707002563894539
image_1322,d1ac046c15885df0aee84a851eac8c25cf5fa1acbf76425bce6ece02166a692f,24a236c86508f3f8c3f85a21f39fcae73a2cd374f10a30f323b85ce7509b1488,False,prompt_colour_instability,33259.0,77188.0,25577.38850404778,0.9933364642974187,0.7639121038687954,0.7600173925475031,5.945969414918208
image_1324,a858ce99c6bb8fb3426a30d341d2ae007442cbba3793860ffb878c9a2c723d8f,10389152c9831af5fbef4cb8e2d0f3cb0ea4391c18a300b31197450f346565b8,False,prompt_colour_instability,55187.0,54750.0,39419.4611376159,0.9990852722641684,0.7136355131313858,0.7131695425142455,7.78081355086786
image_1325,39acc2104513834ed57b81d2abd344f9f83531a78bc83fa4ae1ccb5d76b4a009,59d64699d4be754e95ba1709b8821086dc1c49d9511ed4e3ff0cd0d18681a266,False,prompt_colour_instability,27812.0,77385.0,16758.768365330005,0.9992564233240216,0.6021252314128945,0.6018555643429759,1.918324274210233
image_1329,dfc3276aebb9434324003b9202eef4b32754c1324e97174ac96641e76124f937,28ae6638e772f243d57a15c30943c0bd1e8d649f167b81d345b15edcafa94cf5,False,prompt_colour_instability,29328.0,81221.0,17022.345542288444,0.9956816059263643,0.5779063129493742,0.5764614405719739,9.269355702365283
image_1331,d8fcd5e88abb9cf6792265c3d802cb064f2777ee7a635825dc41967614a8877d,f2954992d86a4cf0aceaac9cb092f788cd4f7460aad66c13ef08e29a0aa021b0,False,prompt_colour_instability,68430.0,39675.0,28207.911296844235,0.9921048133066689,0.4089610488225446,0.4076343949940994,8.819484452344728
image_1332,5223c956e85e8b65ad29356e026a1114383173fc6a9aef4ca9ee53d96b491c4b,6bf5cc1e686eb23487f77b2fccfcf6d96e3dbb5ba549922bbcc2d554ea6fca58,True,,64588.0,31398.0,35056.76842816737,0.9921537873855859,0.5385165289141279,0.5362328579101474,1.12342911149041
image_1333,d06a53729970b0e76c04d472f855b88885527dd482d174b1133cbf9f8562ff1c,0d4cbfe31db1b443d0a7fbde2aaa0efb36e34febde7261ae3511a77ec3d84bf6,True,,74678.0,36245.0,52757.017916364304,0.9990813375040454,0.7058109754225627,0.705353202405479,0.23616843090017905
image_1334,9688cfeb0dbd8aeb633f6c7b4c33abfe85d6938f5462cab44b86d457d5c0da5c,de887afb9642e1b6d80363dfb19ad1476c112d3944042b070019d3f769236926,False,prompt_colour_instability,21722.0,92714.0,15156.412796447938,0.9950991046040455,0.6943252372136378,0.6919590318677601,4.752182340408529
image_1339,b25c08a2105e4065c1d3a50ffb15fbd8a706bb9c35506edc1b8d50f5a3279575,dd7b03142e25fc1c333183976518e121c9ec21bad2523b413dcf111754b5d5e0,True,,16000.0,98880.0,13602.369505582727,0.9959494712228262,0.8467045447789132,0.8437988817135658,0.2751694798902269
image_1340,4ffba179e87bd95e854f404d417d0f4538916964dcb3f4451c51162ce80cccc8,e26c61581625311efb652ce0a37fe6fcec498eaa816d2ced5fc64d973f381634,False,prompt_colour_instability,23709.0,91992.0,17427.321830755238,0.9981535056160049,0.7336936344369932,0.7326991657730351,7.640476140824842
image_1341,b908510cd6b9fcf7d341acdc8501dbb2c4ce78087e7c3660d06ed359f2dfbb7f,268c1d12f681ed224d081af6e65f0e381d06dd19227920d5586ad88a00e84a2b,False,prompt_colour_instability,20523.0,96901.0,12821.272126852768,0.999786198372522,0.6245934277642503,0.6245100134303861,3.4758741740156114
image_1342,0390e44d73c312eb3fd80dc719f92cd82aa9e4bff0629abc9793227b8d7d1049,a5959dbf848d90830e8df602c34cc3886f3f9719c14f1dea9f90a676ee663d7b,True,,21759.0,91633.0,17296.39616500371,0.9801633197861283,0.7791393485650118,0.7670443407302252,0.8587282982279616
image_1346,53d6d277686d339c91b27eb5be242a674247db2c2fbfb8f01718144e0fd3fa3f,839c00bccdda0cacb77e7dc2f4c2ed3354ae7b9a55aa2a0167343c2632dd2aaa,True,,21901.0,92394.0,17557.049974616653,0.9970147890639366,0.7992620646101738,0.7973539091612093,1.4863811331176868
image_1347,24003a1945ff86925692d2aaa988d4282ae4f04519c10570189f78c4d05e9c43,92c0962b5e6c1ca98f915766a74570aef699ffd7e58da212046cf15cabbcc0b9,False,prompt_colour_instability,32824.0,81463.0,18266.226586923083,0.9933998810331481,0.5528170642936241,0.5507940528346011,2.5186631816675993
image_1350,5c8ccc50f473936657ae0c64c8561a2d0d60f2743b3005a900c463e3a91908f9,1016c305a63756de8a94b41e0d1dd640d3e867c74b8073b4bd37e8a7a638a635,False,prompt_colour_instability;reflection_colour_instability,31098.0,73129.0,12973.949938931233,0.9772193779735736,0.4076916614953586,0.40385344796512884,3.6435946013473024
image_1352,20c98bc17ce3d4bf95af7cb96d0e88dc0b1a70801c03daddb831ba653c75af28,270110bee56744259aed4d922690442a3a7ed1619afaf21f05ccbc9371f55c6d,True,,49764.0,60481.0,32421.221396218873,0.982176305633247,0.6398873775230254,0.6325422162991077,0.8866588243946091
image_1357,b631c7251de52cae08b0b17cc6a9a0ce1f35f6e92305d69c864ad9ba411c0fa3,2d6b821e9076e5b5e198d4dbc42926518d9d4ccbf6f62208d04772ff15bcdf19,True,,14774.0,97241.0,13136.584140145713,0.8847652910262614,0.7867059489540403,0.7135893432146795,5.164621908300117
