species,n_classifiable,genus,inat_taxon_id,after_observer_cap,maximum_span_km_after_observer_cap,inat_taxon_id_sensitivity,after_observer_cap_sensitivity,maximum_span_km,latitude_n,mean_latitude,min_latitude,max_latitude,inat_taxon_id_photos,abs_mean_latitude,log1p_span_primary,log1p_span_sensitivity,taxon_id_source_disagreement,family,family_taxon_id,retrieval_status,pollination_guild,pollination_guild_raw,pollination_guild_mapped,admissible_source_backed_exact,pollination_notes,evidence_type,confidence
Acacia linifolia,48,Acacia,321056,167,177.0219758312302,321056,145,177.0219758312302,100,-33.718178376774,-34.2628433333,-32.8892533333,321056,33.718178376774,5.181907002397573,5.181907002397573,False,Fabaceae,47122.0,ok,unknown,,,False,unknown,review,medium
Acacia ulicifolia,76,Acacia,139880,281,2090.89237497194,139880,155,2003.489029551043,100,-33.297823965439,-43.022904036,-24.396025,139880,33.297823965439,7.645824377863306,7.603144459157155,False,Fabaceae,47122.0,ok,mixed,mixed,mixed,True,Bulk source austraits_all_target_floral_v7.0.0 record austraits:White_2020:1569568: pollination_syndrome = insect. | Bulk source austraits_all_target_floral_v7.0.0 record austraits:White_2020:1571887: pollination_syndrome = insect. | Bulk source austraits_all_target_floral_v7.0.0 record austraits:Williams_2011:1719696: pollination_system = biotic_unspeciali…,inference|review,low
Aciphylla glacialis,79,Aciphylla,541375,113,194.58330013856948,541375,113,194.58330013856948,100,-36.680283038835,-37.4342716667,-36.378446397,541375,36.680283038835,5.275986376341166,5.275986376341166,False,Apiaceae,48699.0,ok,mixed,mixed,mixed,True,Bulk source austraits_all_target_floral_v7.0.0 record austraits:White_2020:1572899: pollination_syndrome = insect.,review,medium
Aconitum delphiniifolium,59,Aconitum,48491,222,5123.226765436888,48491,129,5123.226765436888,100,59.752110241675,52.7218918578,69.5722681039,48491,59.752110241675,8.541734917587121,8.541734917587121,False,Ranunculaceae,48231.0,ok,unknown,,,False,unknown,flora,medium
Aconitum tauricum,56,Aconitum,515769,127,466.9738707433433,515769,127,466.9738707433433,100,46.727659552889,45.6872213,47.5710533333,515769,46.727659552889,6.1484124626140035,6.1484124626140035,False,Ranunculaceae,48231.0,ok,,,,False,,,
Adoxa moschatellina,44,Adoxa,55790,512,12000.394464152472,55790,187,9989.310037953972,100,51.277264801343996,30.9939,67.64567407,55790,51.277264801343996,9.392778127364858,9.209370905991257,False,Viburnaceae,781703.0,ok,mixed,mixed,mixed,True,"{""trait_derived_ID"":""4497860"",""ref_ID"":""10313"",""trait_ID"":""3.6.2"",""trait_value"":""insect"",""genus"":""Adoxa"",""species_epithet"":""moschatellina"",""author"":""L."",""matched"":""1"",""resolved"":""1"",""work_ID"":""870"",""work_species"":""Adoxa moschatellina""} | {""trait_derived_ID"":""4508625"",""ref_ID"":""10315"",""trait_ID"":""3.6.3"",""trait_value"":""fly"",""genus"":""Adoxa"",""species_epithet"":""…",flora|review,medium
Aegopodium podagraria,80,Aegopodium,51741,528,19340.302654138417,51741,188,19124.12218112773,100,48.581784943106,-43.527314784,66.1513986602,51741,48.581784943106,9.869998122175328,9.858758047230028,False,Apiaceae,48699.0,ok,mixed,mixed,mixed,True,"{""trait_derived_ID"":""4497862"",""ref_ID"":""10313"",""trait_ID"":""3.6.2"",""trait_value"":""insect"",""genus"":""Aegopodium"",""species_epithet"":""podagraria"",""author"":""L."",""matched"":""1"",""resolved"":""1"",""work_ID"":""915"",""work_species"":""Aegopodium podagraria""} | {""trait_derived_ID"":""4510343"",""ref_ID"":""10315"",""trait_ID"":""3.6.3"",""trait_value"":""bee/fly"",""genus"":""Aegopodium"",""speci…",review,medium
Agapanthus praecox,53,Agapanthus,199324,386,19759.42527938764,199324,184,19581.580372855544,100,-31.875533207335998,-46.898430837,38.7612992537,199324,31.875533207335998,9.891436493306475,9.882395693553438,False,Amaryllidaceae,55849.0,ok,mixed,mixed,mixed,True,"{""trait_derived_ID"":""1009317"",""ref_ID"":""10199"",""trait_ID"":""3.6.3"",""trait_value"":""bee"",""genus"":""Agapanthus"",""species_epithet"":""praecox"",""author"":""Willd."",""matched"":""1"",""resolved"":""1"",""work_ID"":""1028"",""work_species"":""Agapanthus praecox""} | {""trait_derived_ID"":""5062918"",""ref_ID"":""10328"",""trait_ID"":""3.6.2"",""trait_value"":""insect"",""genus"":""Agapanthus"",""species_ep…",horticulture|inference|review,low
Ageratina havanensis,70,Ageratina,158108,139,3093.4552845295943,158108,139,3093.4552845295943,100,29.445248043760998,20.0468606041,40.6371154785,158108,29.445248043760998,8.037367171092656,8.037367171092656,False,Asteraceae,47604.0,ok,unknown,,,False,unknown,flora,medium
Agrostemma githago,53,Agrostemma,75310,254,12686.875117054253,75310,190,9558.418463896682,100,49.301015673152996,30.8143250241,62.0205167907,75310,49.301015673152996,9.448402101223278,9.16528217405889,False,Caryophyllaceae,48567.0,ok,mixed,mixed,mixed,True,"The CC0 literature synthesis classifies Agrostemma githago as largely self-compatible (SC). | {""trait_derived_ID"":""4497872"",""ref_ID"":""10313"",""trait_ID"":""3.6.2"",""trait_value"":""insect"",""genus"":""Agrostemma"",""species_epithet"":""githago"",""author"":""L."",""matched"":""1"",""resolved"":""1"",""work_ID"":""1197"",""work_species"":""Agrostemma githago""} | {""trait_derived_ID"":""4511073…",flora|review,medium
Ajuga genevensis,49,Ajuga,61326,293,9602.93729311896,61326,163,9191.72760261152,100,48.670518685184,41.1321473084,55.91163,61326,48.670518685184,9.169928428073572,9.126167972467664,False,Lamiaceae,48623.0,ok,mixed,mixed,mixed,True,"{""trait_derived_ID"":""4497898"",""ref_ID"":""10313"",""trait_ID"":""3.6.2"",""trait_value"":""insect"",""genus"":""Ajuga"",""species_epithet"":""genevensis"",""author"":""L."",""matched"":""1"",""resolved"":""1"",""work_ID"":""56765"",""work_species"":""Ajuga genevensis""} | {""trait_derived_ID"":""4508746"",""ref_ID"":""10315"",""trait_ID"":""3.6.3"",""trait_value"":""bee"",""genus"":""Ajuga"",""species_epithet"":""gene…",inference|review,low
Alchemilla alpina,54,Alchemilla,85441,121,4489.398778612424,85441,121,4489.398778612424,100,60.245644633486,41.13072958,69.6369628906,85441,60.245644633486,8.409696791628225,8.409696791628225,False,Rosaceae,47148.0,ok,unknown,,,False,unknown,inference,low
Allium drummondii,63,Allium,128731,161,1137.9085884102,128731,146,1137.9085884102,100,31.40377019862,27.4700662332,37.1131689651,128731,31.40377019862,7.0378257042214045,7.0378257042214045,False,Amaryllidaceae,55849.0,ok,,,,False,,,
Allium praecox,65,Allium,75360,325,537.5894064797178,75360,132,398.0339857206475,100,33.071401912775,30.9471527778,34.1119927727,75360,33.071401912775,6.28895351156119,5.989046590507218,False,Amaryllidaceae,55849.0,ok,unknown,,,False,unknown,flora,medium
Allium schoenoprasum,50,Allium,59254,492,19968.64534024444,59254,194,19798.799448373826,100,47.987477412446,-44.949585,74.04077,59254,47.987477412446,9.901968666624938,9.89342708776132,False,Amaryllidaceae,55849.0,ok,mixed,mixed,mixed,True,"The CC0 literature synthesis classifies Allium schoenoprasum as largely self-compatible (SC). | {""trait_derived_ID"":""4497922"",""ref_ID"":""10313"",""trait_ID"":""3.6.2"",""trait_value"":""insect"",""genus"":""Allium"",""species_epithet"":""schoenoprasum"",""author"":""L."",""matched"":""1"",""resolved"":""1"",""work_ID"":""1566"",""work_species"":""Allium schoenoprasum""} | {""trait_derived_ID"":""4…",flora|review,medium
Allium tuberosum,67,Allium,122343,202,19735.011156654225,122343,123,18350.601591981344,100,33.134062569619,-35.2179816576,53.9168981354,122343,33.134062569619,9.890200223503633,9.817472129890987,False,Amaryllidaceae,55849.0,ok,mixed,mixed,mixed,True,"{""trait_derived_ID"":""1009632"",""ref_ID"":""10199"",""trait_ID"":""3.6.3"",""trait_value"":""bee/insect"",""genus"":""Allium"",""species_epithet"":""tuberosum"",""author"":""Rottler. ex Spreng."",""matched"":""1"",""resolved"":""1"",""work_ID"":""1581"",""work_species"":""Allium tuberosum""}",flora|horticulture|review,medium
Althaea officinalis,59,Althaea,52565,191,11781.886442873008,52565,176,11781.886442873008,100,46.911233378698995,30.5399580211,55.8062567593,52565,46.911233378698995,9.374403456297216,9.374403456297216,False,Malvaceae,48797.0,ok,mixed,mixed,mixed,True,"{""trait_derived_ID"":""4497958"",""ref_ID"":""10313"",""trait_ID"":""3.6.2"",""trait_value"":""insect"",""genus"":""Althaea"",""species_epithet"":""officinalis"",""author"":""L."",""matched"":""1"",""resolved"":""1"",""work_ID"":""1852"",""work_species"":""Althaea officinalis""} | {""trait_derived_ID"":""4510427"",""ref_ID"":""10315"",""trait_ID"":""3.6.3"",""trait_value"":""bee"",""genus"":""Althaea"",""species_epithet…",flora|review,medium
Alyxia buxifolia,45,Alyxia,353914,110,3472.61674439148,353914,110,3472.61674439148,100,-34.830894682291,-41.7513053877,-27.7917912727,353914,34.830894682291,8.152951619584393,8.152951619584393,False,Apocynaceae,47362.0,ok,mixed,mixed,mixed,True,Bulk source austraits_all_target_floral_v7.0.0 record austraits:Draper_2023:435373: pollination_syndrome = insect. | Bulk source austraits_all_target_floral_v7.0.0 record austraits:White_2020:1575841: pollination_syndrome = insect.,review,medium
Amsinckia tessellata,70,Amsinckia,58050,242,1715.5707815552246,58050,164,1688.7757102667763,100,35.959743992213,33.2423888889,47.11462706,58050,35.959743992213,7.448083848024978,7.43235108329112,False,Boraginaceae,48150.0,ok,unknown,,,False,unknown,inference,low
Anchusa arvensis,50,Anchusa,62200,347,16907.59789272588,62200,177,15852.396915004134,100,48.768862947764,-35.6233607466,59.2434575934,62200,48.768862947764,9.735577522590095,9.671139072746993,False,Boraginaceae,48150.0,ok,,,,False,,,
Andromeda polifolia,51,Andromeda,119892,432,9560.470737478783,119892,180,9176.716338296335,100,56.112997579163,42.80230782,69.472535,119892,56.112997579163,9.16549683704536,9.124533687775951,False,Ericaceae,133387.0,ok,mixed,mixed,mixed,True,"{""trait_derived_ID"":""4497991"",""ref_ID"":""10313"",""trait_ID"":""3.6.2"",""trait_value"":""insect"",""genus"":""Andromeda"",""species_epithet"":""polifolia"",""author"":""L."",""matched"":""1"",""resolved"":""1"",""work_ID"":""2223"",""work_species"":""Andromeda polifolia""} | {""trait_derived_ID"":""4510579"",""ref_ID"":""10315"",""trait_ID"":""3.6.3"",""trait_value"":""bee/butterfly"",""genus"":""Andromeda"",""spe…",flora|horticulture|inference|review,low
Androsace villosa,78,Androsace,207816,150,4329.910067385282,207816,150,4329.910067385282,100,42.803954576545,38.0202352325,46.4968366667,207816,42.803954576545,8.373532976137636,8.373532976137636,False,Primulaceae,48064.0,ok,,,,False,,,
Andryala integrifolia,69,Andryala,333717,273,2897.966595498757,333717,149,2697.946804608048,100,40.732551865013,28.0426908733,49.3941148229,333717,40.732551865013,7.972109606088368,7.900616903527015,False,Asteraceae,47604.0,ok,mixed,mixed,mixed,True,"{""trait_derived_ID"":""1746074"",""ref_ID"":""10247"",""trait_ID"":""3.6.2"",""trait_value"":""insect"",""genus"":""Andryala"",""species_epithet"":""integrifolia"",""author"":"""",""matched"":""1"",""resolved"":""1"",""work_ID"":""2258"",""work_species"":""Andryala integrifolia""}",review,medium
Anemone pavonina,45,Anemone,1318569,217,922.9625922403908,1318569,149,922.9625922403908,100,39.19615109336,36.4761173905,42.4437,1318569,39.19615109336,6.828671586233839,6.828671586233839,False,Ranunculaceae,48231.0,ok,unknown,,,False,unknown,inference,low
Anemonoides blanda,52,Anemonoides,950617,339,11506.667807104066,950617,187,10807.888877840796,100,44.831578651137995,33.0478137865,60.6418403657,950617,44.831578651137995,9.350768857996899,9.288124118841644,False,Ranunculaceae,48231.0,ok,,,,False,,,
Anemonoides quinquefolia,48,Anemonoides,950598,527,2720.0564183662564,950598,195,2251.475088182109,100,42.024116378148,33.63738691,50.4142646161,950598,42.024116378148,7.908775472991759,7.719784929790751,False,Ranunculaceae,48231.0,ok,,,,False,,,
Antennaria dioica,66,Antennaria,51893,290,9541.666071896858,51893,177,9530.717901656246,100,55.403398956221,40.9375750764,69.05573333,51893,55.403398956221,9.163528187862955,9.162380242906194,False,Asteraceae,47604.0,ok,mixed,mixed,mixed,True,"{""trait_derived_ID"":""4498011"",""ref_ID"":""10313"",""trait_ID"":""3.6.2"",""trait_value"":""insect"",""genus"":""Antennaria"",""species_epithet"":""dioica"",""author"":""(L.) P. Gaertn."",""matched"":""1"",""resolved"":""1"",""work_ID"":""2510"",""work_species"":""Antennaria dioica""} | {""trait_derived_ID"":""4508615"",""ref_ID"":""10315"",""trait_ID"":""3.6.3"",""trait_value"":""insect"",""genus"":""Antennaria"",""…",horticulture|inference|review,low
Aquilegia coerulea,44,Aquilegia,501742,217,726.8946063019054,501742,157,3557.744779913225,100,39.28556520161,36.572345,41.3412940344,501742,39.28556520161,6.590156266152955,8.177163171759622,False,Ranunculaceae,48231.0,ok,mixed,,,False,zed wildflower that grows in mountainous areas from the foothills to above timberline. The flowers are mainly pollinated by bumblebees and several species of hawkmoths. The species has been the state flower of Colorado since 1899 and with its l | he bottom of the very long spurs with bumblebees visiting primarily or only for pollen. Pale to white flowers po…,flora|inference,low
Asclepias incarnata,49,Asclepias,125381,525,4177.906849153719,125381,200,3631.180117194233,100,41.289005471866005,27.6313598901,50.0111361167,125381,41.289005471866005,8.33780497197544,8.197588330230055,False,Apocynaceae,47362.0,ok,unknown,,,False,The CC0 literature synthesis classifies Asclepias incarnata as largely self-compatible (SC).,flora|review,medium
Asclepias ovalifolia,58,Asclepias,47905,124,2069.8271440863773,47905,124,2069.8271440863773,100,49.080231021935994,43.5253101965,56.232825,47905,49.080231021935994,7.635703392961142,7.635703392961142,False,Apocynaceae,47362.0,ok,,,,False,,,
Asclepias perennis,70,Asclepias,120152,350,1747.553647928794,120152,178,1697.0056429584165,100,32.234430203196,27.1439528333,39.2225500394,120152,32.234430203196,7.466544238291129,7.4372096901628355,False,Apocynaceae,47362.0,ok,unknown,,,False,unknown,flora,medium
Asclepias quadrifolia,66,Asclepias,129548,491,2248.517408047725,129548,192,2207.706124708286,100,37.942670829864,33.69712,44.5880334583,129548,37.942670829864,7.718470986881079,7.700162159127966,False,Apocynaceae,47362.0,ok,unknown,,,False,unknown,flora,medium
Asclepias viridis,40,Asclepias,60946,483,2232.30542825036,60946,191,1765.5326597424273,100,33.789002137723,25.61178516,40.100210525,60946,33.789002137723,7.711238021819615,7.476773955019136,False,Apocynaceae,47362.0,ok,unknown,,,False,unknown,flora,medium
Astragalus glycyphyllos,42,Astragalus,158900,186,6196.5851023269415,158900,180,6195.707420183033,100,49.067488108385994,40.5821208498,57.9651816876,158900,49.067488108385994,8.731914995533815,8.731773368709407,False,Fabaceae,47122.0,ok,mixed,mixed,mixed,True,"{""trait_derived_ID"":""4498189"",""ref_ID"":""10313"",""trait_ID"":""3.6.2"",""trait_value"":""insect"",""genus"":""Astragalus"",""species_epithet"":""glycyphyllos"",""author"":""L."",""matched"":""1"",""resolved"":""1"",""work_ID"":""4097"",""work_species"":""Astragalus glycyphyllos""} | {""trait_derived_ID"":""4510136"",""ref_ID"":""10315"",""trait_ID"":""3.6.3"",""trait_value"":""bee"",""genus"":""Astragalus"",""spec…",review,medium
Austroflourensia thurifera,56,Austroflourensia,1644302,177,799.4091877248595,1644302,171,799.4237193340865,100,-32.089320795839996,-33.8640883333,-28.4765780291,1644302,32.089320795839996,6.685123081560312,6.685141236620923,False,Asteraceae,47604.0,ok,,,,False,,,
Baptisia australis,75,Baptisia,83902,573,2638.572188253598,83902,200,2589.103652082228,100,39.519205202451,33.1325704884,47.57652421,83902,39.519205202451,7.878372133104917,7.859453174001769,False,Fabaceae,47122.0,ok,unknown,,,False,unknown,review,medium
Baptisia tinctoria,75,Baptisia,81897,205,1360.2306053852285,81897,172,1360.2306053852285,100,39.589347451479995,34.455393953,43.08322217,81897,39.589347451479995,7.216144426494783,7.216144426494783,False,Fabaceae,47122.0,ok,unknown,,,False,unknown,review,medium
Barbarea orthoceras,71,Barbarea,52976,164,12074.044821025887,52976,162,12074.044821025887,100,43.718277311445,24.1381195,69.5271677824,52976,43.718277311445,9.398896190400086,9.398896190400086,False,Brassicaceae,47204.0,ok,unknown,,,False,unknown,flora,medium
Bellis annua,80,Bellis,189743,184,4069.1881665623614,189743,161,4069.1881665623614,100,38.524633290384,31.8972086379,43.7270425169,189743,38.524633290384,8.311444509938553,8.311444509938553,False,Asteraceae,47604.0,ok,unknown,,,False,unknown,review,medium
Bidens aristosa,78,Bidens,51714,138,2182.2260610445933,51714,138,2182.2260610445933,100,35.494785427188,29.6989559,42.5920059593,51714,35.494785427188,7.688558906408167,7.688558906408167,False,Asteraceae,47604.0,ok,unknown,,,False,The CC0 literature synthesis classifies Bidens aristosa as largely self-incompatible (SI).,flora|review,medium
Bidens bipinnata,62,Bidens,50202,296,18842.391831402776,50202,193,18822.302960805857,100,31.187314604679,-28.3077333333,45.4628838765,50202,31.187314604679,9.843917565440213,9.84285090044014,False,Asteraceae,47604.0,ok,mixed,mixed,mixed,True,"The CC0 literature synthesis classifies Bidens bipinnata as largely self-compatible (SC). | {""trait_derived_ID"":""1010244"",""ref_ID"":""10199"",""trait_ID"":""3.6.3"",""trait_value"":""insect"",""genus"":""Bidens"",""species_epithet"":""bipinnata"",""author"":""L."",""matched"":""1"",""resolved"":""1"",""work_ID"":""5100"",""work_species"":""Bidens bipinnata""}",flora|review,medium
Bidens cernua,64,Bidens,75765,428,10170.01633913086,75765,176,10210.661871896771,100,48.123061831858,36.1913133333,64.9231288051,75765,48.123061831858,9.227297419067218,9.23128566695311,False,Asteraceae,47604.0,ok,mixed,mixed,mixed,True,"The CC0 literature synthesis classifies Bidens cernua as largely self-compatible (SC). | {""trait_derived_ID"":""4498264"",""ref_ID"":""10313"",""trait_ID"":""3.6.2"",""trait_value"":""insect"",""genus"":""Bidens"",""species_epithet"":""cernua"",""author"":""L."",""matched"":""1"",""resolved"":""1"",""work_ID"":""5104"",""work_species"":""Bidens cernua""} | {""trait_derived_ID"":""4508145"",""ref_ID"":""103…",flora|review,medium
Biscutella laevigata,71,Biscutella,130492,127,2642.3632371208955,130492,127,2642.3632371208955,100,46.220002685782,36.5117202937,51.5609386713,130492,46.220002685782,7.879807338805077,7.879807338805077,False,Brassicaceae,47204.0,ok,mixed,mixed,mixed,True,"The CC0 literature synthesis classifies Biscutella laevigata as largely self-incompatible (SI). | {""trait_derived_ID"":""4498276"",""ref_ID"":""10313"",""trait_ID"":""3.6.2"",""trait_value"":""insect"",""genus"":""Biscutella"",""species_epithet"":""laevigata"",""author"":""L."",""matched"":""1"",""resolved"":""1"",""work_ID"":""56898"",""work_species"":""Biscutella laevigata""}",review,medium
Brodiaea coronaria,63,Brodiaea,57126,431,1149.383114192256,57126,168,1155.9661140966664,100,48.243198421414,40.2185966667,50.171911478,57126,48.243198421414,7.047850308653437,7.053556439035021,False,Asparagaceae,47599.0,ok,unknown,,,False,unknown,flora,medium
Bryonia alba,41,Bryonia,159507,102,10602.013978095933,159507,102,10602.013978095933,100,50.887614564684,40.2596047915,57.6412915155,159507,50.887614564684,9.268893577240117,9.268893577240117,False,Cucurbitaceae,48620.0,ok,mixed,mixed,mixed,True,"{""trait_derived_ID"":""4498351"",""ref_ID"":""10313"",""trait_ID"":""3.6.2"",""trait_value"":""insect"",""genus"":""Bryonia"",""species_epithet"":""alba"",""author"":""L."",""matched"":""1"",""resolved"":""1"",""work_ID"":""63469"",""work_species"":""Bryonia alba""}",flora|review,medium
Buddleja davidii,43,Buddleja,75916,343,19909.26835198155,75916,160,19892.55515706474,100,34.92926780049,-45.877292,57.6506347656,75916,34.92926780049,9.898990875218619,9.898151096804105,False,Scrophulariaceae,47151.0,ok,mixed,mixed,mixed,True,"Bulk source austraits_all_target_floral_v7.0.0 record austraits:Stephens_2023:1282033: pollination_syndrome = insect. | {""trait_derived_ID"":""4498355"",""ref_ID"":""10313"",""trait_ID"":""3.6.2"",""trait_value"":""insect"",""genus"":""Buddleja"",""species_epithet"":""davidii"",""author"":""Franch."",""matched"":""1"",""resolved"":""1"",""work_ID"":""6058"",""work_species"":""Buddleja davidii""} | {…",flora|review,medium
Bursaria spinosa,47,Bursaria,83571,441,1907.5503960143683,83571,170,1925.3001113953983,100,-35.250401392785996,-43.2746610113,-26.58568,83571,35.250401392785996,7.55409927792225,7.563356401296797,False,Pittosporaceae,51596.0,ok,mixed,mixed,mixed,True,Bulk source austraits_all_target_floral_v7.0.0 record austraits:Draper_2023:436372: pollination_syndrome = insect. | Bulk source austraits_all_target_floral_v7.0.0 record austraits:White_2020:1591789: pollination_syndrome = insect.,review,medium
Calochortus concolor,41,Calochortus,64420,137,397.0251075544607,64420,135,397.0251075544607,100,33.216733997485996,30.7887527778,34.0929010545,64420,33.216733997485996,5.986515087602396,5.986515087602396,False,Liliaceae,47328.0,ok,,,,False,,,
Calochortus flexuosus,49,Calochortus,64430,267,879.0142423118037,64430,147,780.8545432525141,100,36.362984023771,32.6390388889,38.8840533333,64430,36.362984023771,6.779938091786517,6.661668717173082,False,Liliaceae,47328.0,ok,,,,False,,,
Calochortus leichtlinii,54,Calochortus,52542,467,580.5955680869336,52542,194,574.8395787764329,100,38.550732451715,36.4363040753,41.5026430342,52542,38.550732451715,6.3657753059821145,6.355829112836345,False,Liliaceae,47328.0,ok,,,,False,,,
Calochortus monophyllus,55,Calochortus,64441,424,342.276421727739,64441,165,305.5388348844767,100,39.116725653749,37.8240890503,40.5092313839,64441,39.116725653749,5.838536016857498,5.725344451703868,False,Liliaceae,47328.0,ok,,,,False,,,
Calycadenia multiglandulosa,64,Calycadenia,56863,148,285.2680664356619,56863,148,285.2680664356619,100,37.924562174924,37.01040555,39.5586737167,56863,37.924562174924,5.656928667062552,5.656928667062552,False,Asteraceae,47604.0,ok,,,,False,,,
Calystegia tuguriorum,49,Calystegia,400343,138,1328.1835834480005,400343,138,1328.1835834480005,100,-42.431125143950005,-46.6613102495,-35.6112149361,400343,42.431125143950005,7.192320185702996,7.192320185702996,False,Convolvulaceae,52345.0,ok,mixed,mixed,mixed,True,"{""trait_derived_ID"":""5063322"",""ref_ID"":""10328"",""trait_ID"":""3.6.2"",""trait_value"":""insect"",""genus"":""Calystegia"",""species_epithet"":""tuguriorum"",""author"":""(G.Forst.) Hook.f."",""matched"":""1"",""resolved"":""1"",""work_ID"":""7413"",""work_species"":""Calystegia tuguriorum""}",review,medium
Campanula latifolia,48,Campanula,159760,152,11805.5744662454,159760,142,11805.5744662454,100,53.986423001986005,28.5266,64.2539230108,159760,53.986423001986005,9.376411813455169,9.376411813455169,False,Campanulaceae,48040.0,ok,mixed,mixed,mixed,True,"{""trait_derived_ID"":""4498439"",""ref_ID"":""10313"",""trait_ID"":""3.6.2"",""trait_value"":""insect"",""genus"":""Campanula"",""species_epithet"":""latifolia"",""author"":""L."",""matched"":""1"",""resolved"":""1"",""work_ID"":""7489"",""work_species"":""Campanula latifolia""} | {""trait_derived_ID"":""4510349"",""ref_ID"":""10315"",""trait_ID"":""3.6.3"",""trait_value"":""bee/beetle/butterfly/fly"",""genus"":""Camp…",review,medium
Campanula patula,56,Campanula,159763,462,4770.696564211329,159763,179,4752.023678857327,100,52.170565434386,39.23658,63.8273078726,159763,52.170565434386,8.470457194484295,8.466536258477747,False,Campanulaceae,48040.0,ok,mixed,mixed,mixed,True,"The CC0 literature synthesis classifies Campanula patula as largely self-incompatible (SI). | {""trait_derived_ID"":""4498441"",""ref_ID"":""10313"",""trait_ID"":""3.6.2"",""trait_value"":""insect"",""genus"":""Campanula"",""species_epithet"":""patula"",""author"":""L."",""matched"":""1"",""resolved"":""1"",""work_ID"":""7494"",""work_species"":""Campanula patula""} | {""trait_derived_ID"":""4508473"",""r…",review,medium
Cardamine amara,67,Cardamine,132481,207,4436.095843640432,132481,180,4436.095843640432,100,52.528332149122,42.4930443927,65.8420975616,132481,52.528332149122,8.397755352146385,8.397755352146385,False,Brassicaceae,47204.0,ok,mixed,mixed,mixed,True,"{""trait_derived_ID"":""4498463"",""ref_ID"":""10313"",""trait_ID"":""3.6.2"",""trait_value"":""insect"",""genus"":""Cardamine"",""species_epithet"":""amara"",""author"":""L."",""matched"":""1"",""resolved"":""1"",""work_ID"":""7675"",""work_species"":""Cardamine amara""} | {""trait_derived_ID"":""4509279"",""ref_ID"":""10315"",""trait_ID"":""3.6.3"",""trait_value"":""bee/beetle/butterfly/fly"",""genus"":""Cardamine"",""…",review,medium
Cardamine concatenata,43,Cardamine,60438,535,2234.459204220479,60438,196,2690.938778144903,100,40.147460851788,33.2471752,47.39188688,60438,40.147460851788,7.712201946444884,7.8980169483607305,False,Brassicaceae,47204.0,ok,unknown,,,False,The CC0 literature synthesis classifies Cardamine concatenata as largely self-compatible (SC).,flora|review,medium
Cardamine hirsuta,56,Cardamine,55829,472,19988.49938841387,55829,179,19929.37964936714,100,30.442010691843002,-45.8531613905,53.7063401,55829,30.442010691843002,9.902962384080006,9.900000462165757,False,Brassicaceae,47204.0,ok,mixed,mixed,mixed,True,"The CC0 literature synthesis classifies Cardamine hirsuta as largely self-compatible (SC). | {""trait_derived_ID"":""1746223"",""ref_ID"":""10247"",""trait_ID"":""3.6.2"",""trait_value"":""insect"",""genus"":""Cardamine"",""species_epithet"":""hirsuta"",""author"":"""",""matched"":""1"",""resolved"":""1"",""work_ID"":""7699"",""work_species"":""Cardamine hirsuta""}",flora|review,medium
Carlina hispanica,58,Carlina,333950,188,1545.3926335967788,333950,141,1545.3926335967788,100,40.509885433597,33.7685900868,43.7374413031,333950,40.509885433597,7.343680164300765,7.343680164300765,False,Asteraceae,47604.0,ok,unknown,,,False,unknown,inference,low
Carlina vulgaris,40,Carlina,118834,146,3256.7224847306743,118834,145,3256.7224847306743,100,47.889295155601005,40.3608367482,57.28542148,118834,47.889295155601005,8.088783605893322,8.088783605893322,False,Asteraceae,47604.0,ok,mixed,mixed,mixed,True,"{""trait_derived_ID"":""4498659"",""ref_ID"":""10313"",""trait_ID"":""3.6.2"",""trait_value"":""insect"",""genus"":""Carlina"",""species_epithet"":""vulgaris"",""author"":"""",""matched"":""1"",""resolved"":""1"",""work_ID"":""8218"",""work_species"":""Carlina vulgaris""} | {""trait_derived_ID"":""4498661"",""ref_ID"":""10313"",""trait_ID"":""3.6.2"",""trait_value"":""insect"",""genus"":""Carlina"",""species_epithet"":""vu…",review,medium
Carthamus mitissimus,44,Carthamus,509198,116,885.7665478218635,509198,116,885.7665478218635,100,43.531370701764,42.3288572067,48.3573243,509198,43.531370701764,6.78758175468273,6.78758175468273,False,Asteraceae,47604.0,ok,,,,False,,,
Castilleja exserta,56,Castilleja,49343,368,1530.6785495261963,49343,172,1530.1308391546745,100,35.104510525066,30.9792533333,40.85113571,49343,35.104510525066,7.334119504215325,7.333761851937397,False,Orobanchaceae,47322.0,ok,unknown,,,False,unknown,inference,low
Castilleja foliolosa,46,Castilleja,56760,383,1020.9752286693964,56760,159,1450.3318357955557,100,35.213384164356,31.6779618837,39.1794404222,56760,35.213384164356,6.929492532377336,7.280236921289991,False,Orobanchaceae,47322.0,ok,unknown,,,False,unknown,inference,low
Centranthus calcitrapae,65,Centranthus,71105,359,9530.739312275644,71105,163,9437.37883807556,100,39.607961735181995,-33.9926133333,50.6213667035,71105,39.607961735181995,9.162382489153467,9.152539511136995,False,,,error:HTTPError:HTTP Error 429: normal_throttling,unknown,,,False,unknown,inference,low
Centrosema virginianum,43,Centrosema,127681,511,18477.57380462288,127681,189,7856.860483301633,100,24.80430420311,-30.0409755283,37.6464116667,127681,24.80430420311,9.824367167143006,8.969269645226968,False,Fabaceae,47122.0,ok,unknown,,,False,The CC0 literature synthesis classifies Centrosema virginianum as largely self-compatible (SC).,review,medium
Cerastium fontanum,57,Cerastium,53307,325,19661.14006383551,53307,174,19654.164379799044,100,34.704876257293996,-53.7284666667,69.22007,53307,34.704876257293996,9.886450241481779,9.886095401077108,False,Caryophyllaceae,48567.0,ok,mixed,mixed,mixed,True,"{""trait_derived_ID"":""1746295"",""ref_ID"":""10247"",""trait_ID"":""3.6.2"",""trait_value"":""insect"",""genus"":""Cerastium"",""species_epithet"":""fontanum"",""author"":"""",""matched"":""1"",""resolved"":""1"",""work_ID"":""8893"",""work_species"":""Cerastium fontanum""} | {""trait_derived_ID"":""4498721"",""ref_ID"":""10313"",""trait_ID"":""3.6.2"",""trait_value"":""insect"",""genus"":""Cerastium"",""species_epithe…",review,medium
Chaenorhinum origanifolium,49,Chaenorhinum,60887,128,2110.5323737564963,60887,128,2110.5323737564963,100,42.467010461233,37.5902087142,51.8291634509,60887,42.467010461233,7.655169206369414,7.655169206369414,False,Plantaginaceae,50638.0,ok,unknown,,,False,unknown,inference,low
Chelone lyonii,49,Chelone,160493,234,1990.877382453957,160493,193,1931.9287078388668,100,39.661207880314,34.5670916667,47.4516854241,160493,39.661207880314,7.596832881256963,7.5667915969135295,False,Plantaginaceae,50638.0,ok,unknown,,,False,unknown,inference,low
Chondrilla juncea,66,Chondrilla,76300,284,18059.288720124947,76300,131,17902.028229090658,100,38.91019327342,-35.9211111111,53.2481768997,76300,38.91019327342,9.801470813561073,9.792725152329936,False,Asteraceae,47604.0,ok,mixed,mixed,mixed,True,"{""trait_derived_ID"":""4498811"",""ref_ID"":""10313"",""trait_ID"":""3.6.2"",""trait_value"":""insect"",""genus"":""Chondrilla"",""species_epithet"":""juncea"",""author"":""L."",""matched"":""1"",""resolved"":""1"",""work_ID"":""9463"",""work_species"":""Chondrilla juncea""} | {""trait_derived_ID"":""4510378"",""ref_ID"":""10315"",""trait_ID"":""3.6.3"",""trait_value"":""insect"",""genus"":""Chondrilla"",""species_epith…",review,medium
Cipura campanulata,54,Cipura,283408,112,4012.322482054572,283408,112,4012.322482054572,100,16.890248358813,7.0381456441,23.9117033333,283408,16.890248358813,8.297374726384046,8.297374726384046,False,Iridaceae,47781.0,ok,unknown,,,False,unknown,inference,low
Cistus albidus,58,Cistus,82673,440,1895.503065866564,82673,179,1659.9489728765816,100,39.942409471251,35.1677837,45.6329073799,82673,39.942409471251,7.547766977719561,7.4151443884168895,False,Cistaceae,57010.0,ok,unknown,,,False,unknown,inference,low
Cistus crispus,64,Cistus,82672,288,1641.5344795144674,82672,153,1173.3862262084947,100,38.683922562842,36.1790212782,41.871153,82672,38.683922562842,7.403995742232479,7.068500929426772,False,Cistaceae,57010.0,ok,unknown,,,False,unknown,inference,low
Clematis virginiana,49,Clematis,62778,438,2822.9426651933613,62778,194,2852.223054286193,100,40.939316803809994,29.65944167,48.0520335428,62778,40.939316803809994,7.945889295713461,7.956204530522014,False,Ranunculaceae,48231.0,ok,unknown,,,False,unknown,flora,medium
Clinopodium alpinum,53,Clinopodium,327227,317,2433.703539584266,327227,175,2426.403704322255,100,45.117173059379,36.460743,49.16521423,327227,45.117173059379,7.797580278447214,7.794577530716353,False,Lamiaceae,48623.0,ok,unknown,,,False,unknown,inference,low
Cneoridium dumosum,50,Cneoridium,76402,177,381.7593334611204,76402,164,282.7194676969165,100,32.754233097825,30.96461881,33.8836366667,76402,32.754233097825,5.947406419507938,5.647985960175762,False,Rutaceae,50623.0,ok,,,,False,,,
Cochlospermum vitifolium,48,Cochlospermum,132130,188,8612.089113230966,132130,160,8612.089113230966,100,9.738341970884,-17.3431804723,25.1612982043,132130,9.738341970884,9.061038315099399,9.061038315099399,False,Bixaceae,71456.0,ok,mixed,mixed,mixed,True,"{""trait_derived_ID"":""1010974"",""ref_ID"":""10199"",""trait_ID"":""3.6.3"",""trait_value"":""bee/insect"",""genus"":""Cochlospermum"",""species_epithet"":""vitifolium"",""author"":""(Willd.) Spreng."",""matched"":""1"",""resolved"":""1"",""work_ID"":""10386"",""work_species"":""Cochlospermum vitifolium""}",review,medium
Coleogyne ramosissima,77,Coleogyne,68559,134,882.2980597471542,68559,134,882.2980597471542,100,36.129318178209,33.3802752,38.801845,68559,36.129318178209,6.783662697153128,6.783662697153128,False,Rosaceae,47148.0,ok,,,,False,,,
Coleostephus myconis,79,Coleostephus,341977,125,12714.36212483178,341977,122,12714.36212483178,100,27.752919124027997,-36.7486471004,43.768895,341977,27.752919124027997,9.450566157579004,9.450566157579004,False,Asteraceae,47604.0,ok,mixed,mixed,mixed,True,"{""trait_derived_ID"":""1746347"",""ref_ID"":""10247"",""trait_ID"":""3.6.2"",""trait_value"":""insect"",""genus"":""Coleostephus"",""species_epithet"":""myconis"",""author"":"""",""matched"":""1"",""resolved"":""1"",""work_ID"":""10489"",""work_species"":""Coleostephus myconis""}",review,medium
Collinsia grandiflora,54,Collinsia,76409,360,893.0736552260713,76409,182,785.9992201164855,100,46.477255116447004,42.3042318514,50.11573,76409,46.477255116447004,6.79578816017583,6.668227257459461,False,Plantaginaceae,50638.0,ok,unknown,,,False,unknown,inference,low
Commelina benghalensis,51,Commelina,76425,362,19866.22936296383,76425,136,19442.7380511228,100,-2.915415379084,-34.489031483,34.9720759468,76425,2.915415379084,9.896826887623345,9.875280346110126,False,Commelinaceae,49147.0,ok,mixed,mixed,mixed,True,"The CC0 literature synthesis classifies Commelina benghalensis as largely self-compatible (SC). | {""trait_derived_ID"":""1011024"",""ref_ID"":""10199"",""trait_ID"":""3.6.3"",""trait_value"":""bee"",""genus"":""Commelina"",""species_epithet"":""benghalensis"",""author"":""L."",""matched"":""1"",""resolved"":""1"",""work_ID"":""10608"",""work_species"":""Commelina benghalensis""}",flora|review,medium
Commelina communis,52,Commelina,52927,541,17361.615408972917,52927,199,16827.042795360125,100,37.512807448423,-3.3350761437,54.753089029,52927,37.512807448423,9.762074634065586,9.730801987811535,False,Commelinaceae,49147.0,ok,bumblebees,bumblebees,bee,True,"The CC0 literature synthesis classifies Commelina communis as largely self-compatible (SC). | sian honeybee, Apis cerana, syrphid fly, Episyrphus balteatus, and the bumble bee species Bombus diversus. == Uses == === Medicine and food === In China it is used as a medicinal herb wi",flora|review,low
Commelina diffusa,59,Commelina,160818,424,19851.767365368098,160818,190,19774.868817953226,100,7.827434038368,-34.0753819444,38.2077641383,160818,7.827434038368,9.896098690270573,9.892217726839037,False,Commelinaceae,49147.0,ok,mixed,mixed,mixed,True,Bulk source austraits_all_target_floral_v7.0.0 record austraits:White_2020:1603623: pollination_syndrome = insect.,flora|review,medium
Conoclinium betonicifolium,73,Conoclinium,273992,220,1339.385645475632,273992,163,1025.938553215921,100,26.415901752036998,19.375556,29.1150666667,273992,26.415901752036998,7.200712646670951,6.934337376800638,False,Asteraceae,47604.0,ok,unknown,,,False,unknown,flora,medium
Conopholis alpina,52,Conopholis,59983,324,2804.164265798227,59983,186,2592.34266478549,100,22.603937697449002,15.52104278,35.8190027778,59983,22.603937697449002,7.939217378024021,7.860702926744187,False,Orobanchaceae,47322.0,ok,unknown,,,False,unknown,inference,low
Conospermum caeruleum,57,Conospermum,932013,101,316.4191326277724,932013,101,316.4191326277724,100,-34.802068879763,-35.1028573,-33.2720711352,932013,34.802068879763,5.760223085506126,5.760223085506126,False,Proteaceae,64517.0,ok,unknown,,,False,unknown,inference,low
Convolvulus elegantissimus,58,Convolvulus,334576,281,2228.7798399890908,334576,177,2080.891872688967,100,39.418835910497,35.2135138233,44.9713740897,334576,39.418835910497,7.709658133118095,7.641032313479001,False,Convolvulaceae,52345.0,ok,unknown,,,False,unknown,inference,low
Cornus florida,49,Cornus,54777,554,2618.8427002889903,54777,198,2463.8711576985943,100,36.603847260944,28.69798594,44.0472721667,54777,36.603847260944,7.8708695568951486,7.809894816428623,False,Cornaceae,47194.0,ok,unknown,,,False,"reatments for 90 to 120 days at 4 °C (39 °F). Flowering dogwood demonstrates gametophytic self-incompatibility, meaning that the plants cannot self-fertilize. This is important for breeding programs a",review,low
Cornus sanguinea,49,Cornus,155124,342,9832.860905666572,155124,189,3980.4281849417616,100,47.589187467207005,40.2145619684,55.811964124,155124,47.589187467207005,9.193586903644334,8.28939587434828,False,Cornaceae,47194.0,ok,mixed,mixed,mixed,True,"{""trait_derived_ID"":""4498904"",""ref_ID"":""10313"",""trait_ID"":""3.6.2"",""trait_value"":""insect"",""genus"":""Cornus"",""species_epithet"":""sanguinea"",""author"":""L."",""matched"":""1"",""resolved"":""1"",""work_ID"":""11118"",""work_species"":""Cornus sanguinea""} | {""trait_derived_ID"":""4510710"",""ref_ID"":""10315"",""trait_ID"":""3.6.3"",""trait_value"":""insect"",""genus"":""Cornus"",""species_epithet"":""…",review,low
Cornus suecica,56,Cornus,134125,294,9936.059468072595,134125,179,9287.627612954053,100,60.842358057891,43.7280291655,70.6619158917,134125,60.842358057891,9.204026427723127,9.136546093548953,False,Cornaceae,47194.0,ok,mixed,mixed,mixed,True,"{""trait_derived_ID"":""4508735"",""ref_ID"":""10315"",""trait_ID"":""3.6.3"",""trait_value"":""bee/fly"",""genus"":""Cornus"",""species_epithet"":""suecica"",""author"":""L."",""matched"":""1"",""resolved"":""1"",""work_ID"":""11120"",""work_species"":""Cornus suecica""}",review,medium
Corydalis aurea,70,Corydalis,76451,398,5415.522162872546,76451,189,5415.522162872546,100,43.694824105135005,27.827483739,64.8300790648,76451,43.694824105135005,8.59720922111039,8.59720922111039,False,Papaveraceae,47332.0,ok,unknown,,,False,unknown,flora,medium
Cotula coronopifolia,82,Cotula,58812,437,19987.720775802867,58812,168,19917.011885955944,100,-3.0024460128880004,-46.0664945,57.0814960237,58812,3.0024460128880004,9.902923432240334,9.899379721235857,False,Asteraceae,47604.0,ok,mixed,mixed,mixed,True,"The CC0 literature synthesis classifies Cotula coronopifolia as largely self-compatible (SC). | {""trait_derived_ID"":""4508001"",""ref_ID"":""10315"",""trait_ID"":""3.6.3"",""trait_value"":""insect"",""genus"":""Cotula"",""species_epithet"":""coronopifolia"",""author"":""L."",""matched"":""1"",""resolved"":""1"",""work_ID"":""11389"",""work_species"":""Cotula coronopifolia""} | {""trait_derived_ID"":""…",flora|review,medium
Crepis biennis,61,Crepis,161116,110,8655.12780548525,161116,110,8655.12780548525,100,49.934707129296,45.7180948922,60.2324244,161116,49.934707129296,9.066022765936278,9.066022765936278,False,Asteraceae,47604.0,ok,mixed,mixed,mixed,True,"{""trait_derived_ID"":""4498952"",""ref_ID"":""10313"",""trait_ID"":""3.6.2"",""trait_value"":""insect"",""genus"":""Crepis"",""species_epithet"":""biennis"",""author"":""L."",""matched"":""1"",""resolved"":""1"",""work_ID"":""11587"",""work_species"":""Crepis biennis""} | {""trait_derived_ID"":""4508508"",""ref_ID"":""10315"",""trait_ID"":""3.6.3"",""trait_value"":""bee/other"",""genus"":""Crepis"",""species_epithet"":""b…",flora|review,medium
Crepis sancta,67,Crepis,460587,104,4021.9178965707033,460587,104,4021.9178965707033,100,43.150156847228,32.160688,48.7460066667,460587,43.150156847228,8.299762763233131,8.299762763233131,False,Asteraceae,47604.0,ok,unknown,,,False,unknown,inference,low
Cryptantha barbigera,48,Cryptantha,58054,126,932.2339427845212,58054,126,932.2339427845212,100,33.576146384929,29.0691305556,37.1729916667,58054,33.576146384929,6.838655911951009,6.838655911951009,False,Boraginaceae,48150.0,ok,unknown,,,False,unknown,inference,low
Cylindropuntia echinocarpa,47,Cylindropuntia,49357,178,621.8426740371008,49357,151,621.8426740371008,100,34.666209163087004,32.73132,38.1740625983,49357,34.666209163087004,6.434293957261003,6.434293957261003,False,Cactaceae,47903.0,ok,,,,False,,,
Cypripedium guttatum,46,Cypripedium,161505,110,9303.277353925714,161505,110,9303.277353925714,100,55.200662551846,27.6113183333,65.5078584,161505,55.200662551846,9.138229503935367,9.138229503935367,False,Orchidaceae,47217.0,ok,unknown,,,False,unknown,flora,medium
Dalea candida,74,Dalea,81598,251,3062.8545751998936,81598,179,3062.2519114379184,100,42.532629621571004,31.477129283,52.0311007364,81598,42.532629621571004,8.027429067331983,8.027232346819542,False,Fabaceae,47122.0,ok,unknown,,,False,unknown,inference,low
Dampiera stricta,79,Dampiera,83631,409,1767.40981658553,83631,162,1570.406973039279,100,-34.497708741796,-42.2258773819,-26.8045443696,83631,34.497708741796,7.4778360130481545,7.359726658201189,False,Goodeniaceae,145472.0,ok,mixed,mixed,mixed,True,Bulk source austraits_all_target_floral_v7.0.0 record austraits:White_2020:1610849: pollination_syndrome = insect. | Bulk source austraits_all_target_floral_v7.0.0 record austraits:White_2020:1610929: pollination_syndrome = insect.,review,medium
Delphinium glaucum,44,Delphinium,76625,119,4256.430297830397,76625,119,4256.430297830397,100,50.299923114575,34.1205315702,67.0850031032,76625,50.299923114575,8.356421040783426,8.356421040783426,False,Ranunculaceae,48231.0,ok,unknown,,,False,unknown,flora,medium
Delphinium sutherlandii,53,Delphinium,161678,145,530.0424260620107,161678,145,530.0424260620107,100,49.937862201618,46.8100013733,51.53822,161678,49.937862201618,6.274841916472096,6.274841916472096,False,Ranunculaceae,48231.0,ok,,,,False,,,
Desmanthus illinoensis,66,Desmanthus,128701,190,12580.244557507418,128701,190,12580.244557507418,100,36.89309571378,26.6900170141,43.4941607109,128701,36.89309571378,9.439962456800421,9.439962456800421,False,Fabaceae,47122.0,ok,unknown,,,False,The CC0 literature synthesis classifies Desmanthus illinoensis as largely self-compatible (SC).,review,medium
Diplacus mephiticus,68,Diplacus,533870,134,573.7879052507003,533870,134,573.7879052507003,100,38.469982902177996,36.4457472222,41.108075,533870,38.469982902177996,6.354001112318042,6.354001112318042,False,,,error:HTTPError:HTTP Error 429: normal_throttling,,,,False,,,
Diplotaxis tenuifolia,78,Diplotaxis,76665,353,19893.54360662927,76665,179,19893.54360662927,100,25.837828663055003,-50.3342477834,57.71038,76665,25.837828663055003,9.898200782493818,9.898200782493818,False,Brassicaceae,47204.0,ok,mixed,mixed,mixed,True,"The CC0 literature synthesis classifies Diplotaxis tenuifolia as largely self-incompatible (SI). | {""trait_derived_ID"":""4499074"",""ref_ID"":""10313"",""trait_ID"":""3.6.2"",""trait_value"":""insect"",""genus"":""Diplotaxis"",""species_epithet"":""tenuifolia"",""author"":""(L.) DC."",""matched"":""1"",""resolved"":""1"",""work_ID"":""14733"",""work_species"":""Diplotaxis tenuifolia""} | {""trait_de…",flora|review,medium
Disphyma crassifolium,47,Disphyma,129732,104,19360.608462751094,129732,104,19360.608462751094,100,-32.842565576582004,-45.8716551762,49.4527945687,129732,32.842565576582004,9.871047439133143,9.871047439133143,False,Aizoaceae,49320.0,ok,mixed,mixed,mixed,True,"Bulk source austraits_all_target_floral_v7.0.0 record austraits:Draper_2023:438111: pollination_syndrome = insect. | {""trait_derived_ID"":""1746451"",""ref_ID"":""10247"",""trait_ID"":""3.6.2"",""trait_value"":""insect"",""genus"":""Disphyma"",""species_epithet"":""crassifolium"",""author"":"""",""matched"":""1"",""resolved"":""1"",""work_ID"":""14817"",""work_species"":""Disphyma crassifolium""} |…",review,medium
Distimake aegyptius,50,Distimake,936421,103,19521.452496608068,936421,103,19521.452496608068,100,4.502110392441,-22.966816627,25.1347898386,936421,4.502110392441,9.8793204922701,9.8793204922701,False,Convolvulaceae,52345.0,ok,unknown,,,False,unknown,inference,low
Distimake dissectus,57,Distimake,907480,541,19504.02540870061,907480,198,18827.018495391923,100,18.254511070131,-27.548555,33.45457744,907480,18.254511070131,9.878427424616177,9.843101384854942,False,Convolvulaceae,52345.0,ok,unknown,,,False,unknown,inference,low
Drosera spatulata,43,Drosera,122208,189,9409.393374098248,122208,170,9409.393374098248,100,-25.194203066643,-46.876201571,25.1314128207,122208,25.194203066643,9.149570035541828,9.149570035541828,False,Droseraceae,51937.0,ok,mixed,mixed,mixed,True,"Bulk source austraits_all_target_floral_v7.0.0 record austraits:White_2020:1618215: pollination_syndrome = insect. | Bulk source austraits_all_target_floral_v7.0.0 record austraits:Williams_2011:1722764: pollination_system = biotic_unspecialised. | {""trait_derived_ID"":""5063914"",""ref_ID"":""10328"",""trait_ID"":""3.6.2"",""trait_value"":""insect"",""genus"":""Drosera"",""sp…",review,medium
Dyssodia pinnata,78,Dyssodia,281671,119,937.6078640650912,281671,119,937.6078640650912,100,21.67026463745,18.93646885,26.8034621773,281671,21.67026463745,6.844397781830535,6.844397781830535,False,Asteraceae,47604.0,ok,,,,False,,,
Echium gaditanum,62,Echium,450558,129,355.95515474613927,450558,129,355.95515474613927,100,36.743370726826,36.0008764453,37.2136944925,450558,36.743370726826,5.877610156931575,5.877610156931575,False,Boraginaceae,48150.0,ok,unknown,,,False,unknown,inference,low
Echium rosulatum,53,Echium,337788,386,1201.3582775153131,337788,172,761.2573588860987,100,41.204554404204,36.9984633333,46.2296469973,337788,41.204554404204,7.092040138498167,6.636284239985224,False,Boraginaceae,48150.0,ok,unknown,,,False,unknown,inference,low
Ehretia anacua,50,Ehretia,162209,210,1029.3311115550732,162209,185,1029.3311115550732,100,27.440853612477,21.2158224488,30.3502616667,162209,27.440853612477,6.937635497093264,6.937635497093264,False,Boraginaceae,48150.0,ok,unknown,,,False,unknown,inference,low
Elephantopus carolinianus,62,Elephantopus,119609,399,2323.647716222676,119609,197,2323.647716222676,100,35.569718826851,28.7911633604,40.73973,119609,35.569718826851,7.751323786636931,7.751323786636931,False,Asteraceae,47604.0,ok,unknown,,,False,unknown,review,medium
Epacris obtusifolia,41,Epacris,520365,172,2039.543048831923,520365,141,2039.543048831923,100,-33.474109415417004,-42.8845583333,-25.4358893843,520365,33.474109415417004,7.620971251821025,7.620971251821025,False,Ericaceae,133387.0,ok,mixed,mixed,mixed,True,Bulk source austraits_all_target_floral_v7.0.0 record austraits:Draper_2023:438507: pollination_syndrome = bird insect. | Bulk source austraits_all_target_floral_v7.0.0 record austraits:White_2020:1620624: pollination_syndrome = insect. | Bulk source austraits_all_target_floral_v7.0.0 record austraits:Williams_2011:1722968: pollination_system = biotic_unspe…,review,medium
Erechtites hieraciifolius,47,Erechtites,130888,483,19690.902678578062,130888,183,19673.36503398204,100,27.800258808702,-38.5117005307,50.6678026921,130888,27.800258808702,9.8879627986852,9.887071800032022,False,Asteraceae,47604.0,ok,wind,wind,wind,True,"{""trait_derived_ID"":""5064046"",""ref_ID"":""10328"",""trait_ID"":""3.6.2"",""trait_value"":""wind"",""genus"":""Erechtites"",""species_epithet"":""hieraciifolia"",""author"":""(L.) DC."",""matched"":""1"",""resolved"":""1"",""work_ID"":""16732"",""work_species"":""Erechtites hieraciifolius""}",review,medium
Erigeron foliosus,50,Erigeron,57972,150,1460.3721745174084,57972,150,1460.3721745174084,100,35.496794230431,32.0990527778,44.3017116667,57972,35.496794230431,7.287131118883942,7.287131118883942,False,Asteraceae,47604.0,ok,unknown,,,False,unknown,flora,medium
Erigeron linearis,86,Erigeron,76926,234,1467.125361812876,76926,147,1450.6061415417253,100,46.350038933574,38.8555060638,51.79568,76926,46.350038933574,7.291741601858699,7.280425906207428,False,Asteraceae,47604.0,ok,,,,False,,,
Eriodictyon crassifolium,54,Eriodictyon,76955,224,349.7781078681017,76955,182,349.7781078681017,100,33.726965808512,32.6735888889,34.7681210176,76955,33.726965808512,5.860153852245376,5.860153852245376,False,Boraginaceae,48150.0,ok,unknown,,,False,unknown,inference,low
Eriogonum jamesii,66,Eriogonum,162620,103,1094.572288181634,162620,103,1094.572288181634,100,37.49935399385,29.24720467,38.9601583333,162620,37.49935399385,6.999032143331932,6.999032143331932,False,Polygonaceae,48382.0,ok,,,,False,,,
Eriogonum latifolium,70,Eriogonum,57211,306,717.0794345894924,57211,168,713.0010634673641,100,38.594260717144,36.6126833333,42.7359308739,57211,38.594260717144,6.576580196061828,6.570884451788565,False,Polygonaceae,48382.0,ok,unknown,,,False,unknown,flora,medium
Eriogonum niveum,44,Eriogonum,162640,180,768.7524987516465,162640,144,768.7524987516465,100,46.605379705005,43.6826166667,50.2383174407,162640,46.605379705005,6.646069032985306,6.646069032985306,False,Polygonaceae,48382.0,ok,,,,False,,,
Eriophorum vaginatum,45,Eriophorum,128735,544,8982.93301984169,128735,190,8982.93301984169,100,55.074976691099,42.862,69.5968083333,128735,55.074976691099,9.103193040896462,9.103193040896462,False,Cyperaceae,47161.0,ok,wind,wind,wind,True,"{""trait_derived_ID"":""4499208"",""ref_ID"":""10313"",""trait_ID"":""3.6.2"",""trait_value"":""wind"",""genus"":""Eriophorum"",""species_epithet"":""vaginatum"",""author"":""L."",""matched"":""1"",""resolved"":""1"",""work_ID"":""16944"",""work_species"":""Eriophorum vaginatum""} | {""trait_derived_ID"":""4509820"",""ref_ID"":""10315"",""trait_ID"":""3.6.3"",""trait_value"":""wind"",""genus"":""Eriophorum"",""species_ep…",flora|review,medium
Eriophyllum confertiflorum,82,Eriophyllum,53395,399,817.1841901724592,53395,188,907.298868225895,100,34.93185134294,32.6706783333,38.6829224886,53395,34.93185134294,6.707087482615456,6.8115734744718255,False,Asteraceae,47604.0,ok,unknown,,,False,unknown,inference,low
Eryngium planum,51,Eryngium,162710,139,19161.430959102163,162710,139,19161.430959102163,100,51.423699752915,-43.5525867746,60.50012643,162710,51.423699752915,9.860706920256536,9.860706920256536,False,Apiaceae,48699.0,ok,mixed,mixed,mixed,True,"{""trait_derived_ID"":""4499224"",""ref_ID"":""10313"",""trait_ID"":""3.6.2"",""trait_value"":""insect"",""genus"":""Eryngium"",""species_epithet"":""planum"",""author"":""L."",""matched"":""1"",""resolved"":""1"",""work_ID"":""17045"",""work_species"":""Eryngium planum""}",flora|review,medium
Erythranthe dentata,67,Erythranthe,765338,415,927.8525026617448,765338,197,923.264665049736,100,44.742328221583,40.569885,48.9122083333,765338,44.742328221583,6.83394995619966,6.8289984646637985,False,Phrymaceae,64552.0,ok,unknown,,,False,unknown,review,medium
Erythranthe erubescens,45,Erythranthe,771871,247,544.7939572256587,771871,188,499.8472412568018,100,38.486284853769,36.1903232852,40.4822886991,771871,38.486284853769,6.302241536805216,6.216301146920015,False,Phrymaceae,64552.0,ok,,,,False,,,
Erythrina humeana,52,Erythrina,427617,116,1201.8445833587443,427617,116,1201.8445833587443,100,-28.712965217502003,-33.4853636386,-23.145025,427617,28.712965217502003,7.09244451673833,7.09244451673833,False,Fabaceae,47122.0,ok,mixed,mixed,mixed,True,"The CC0 literature synthesis classifies Erythrina humeana as largely self-compatible (SC). | {""trait_derived_ID"":""1011833"",""ref_ID"":""10199"",""trait_ID"":""3.6.3"",""trait_value"":""insect"",""genus"":""Erythrina"",""species_epithet"":""humeana"",""author"":""Spreng."",""matched"":""1"",""resolved"":""1"",""work_ID"":""17094"",""work_species"":""Erythrina humeana""}",review,medium
Eschscholzia minutiflora,72,Eschscholzia,57881,385,1200.9283148611817,57881,170,1102.2339402537968,100,34.199572401246,29.02712072,38.8075229568,57881,34.199572401246,7.0916824750980725,7.006001091283041,False,Papaveraceae,47332.0,ok,unknown,,,False,unknown,flora,medium
Euonymus obovatus,41,Euonymus,144192,132,1271.9686437924915,144192,132,1271.9686437924915,100,41.531496235443,35.4099788813,43.83631136,144192,41.531496235443,7.149106966512085,7.149106966512085,False,Celastraceae,47539.0,ok,unknown,,,False,unknown,inference,low
Eupatorium altissimum,55,Eupatorium,119135,136,2236.600495928349,119135,136,2236.600495928349,100,40.66347831424,32.336566034,44.9310071488,119135,40.66347831424,7.713159363521775,7.713159363521775,False,Asteraceae,47604.0,ok,unknown,,,False,unknown,inference,low
Euphorbia cyparissias,85,Euphorbia,55766,393,10759.801279065938,55766,149,8719.771791754298,100,47.179092887347,36.7994549948,60.43542138,55766,47.179092887347,9.283665299257827,9.073463021215106,False,Euphorbiaceae,51821.0,ok,mixed,mixed,mixed,True,"{""trait_derived_ID"":""4499250"",""ref_ID"":""10313"",""trait_ID"":""3.6.2"",""trait_value"":""insect"",""genus"":""Euphorbia"",""species_epithet"":""cyparissias"",""author"":""L."",""matched"":""1"",""resolved"":""1"",""work_ID"":""17778"",""work_species"":""Euphorbia cyparissias""} | {""trait_derived_ID"":""4509206"",""ref_ID"":""10315"",""trait_ID"":""3.6.3"",""trait_value"":""insect"",""genus"":""Euphorbia"",""speci…",review,medium
Eurybia divaricata,44,Eurybia,127685,285,1702.911691234032,127685,165,1518.5198189021778,100,40.528032286582004,33.85,44.665145,127685,40.528032286582004,7.440681881653157,7.326149655313695,False,Asteraceae,47604.0,ok,unknown,,,False,unknown,flora,medium
Eutrochium fistulosum,47,Eutrochium,132717,207,2568.432172973561,132717,175,2438.498187813396,100,37.961457107357,30.3962166667,43.7034383333,132717,37.961457107357,7.851440209109199,7.799547636403965,False,Asteraceae,47604.0,ok,unknown,,,False,unknown,flora,medium
Eutrochium maculatum,47,Eutrochium,117440,374,5170.709164794058,117440,170,2615.8416750170386,100,44.802543724584005,36.9705116667,52.9763402546,117440,44.802543724584005,8.550958505672208,7.869723402043948,False,Asteraceae,47604.0,ok,unknown,,,False,unknown,flora,medium
Eysenhardtia texana,46,Eysenhardtia,162927,296,1052.095756383483,162927,182,836.4931430322212,100,28.618725928628,23.724857648,33.018040046,162927,28.618725928628,6.959489444735932,6.730413076241491,False,Fabaceae,47122.0,ok,unknown,,,False,unknown,inference,low
Falcaria vulgaris,69,Falcaria,84776,114,3943.591436531552,84776,114,3943.591436531552,100,49.67529415562299,42.2990370834,54.894748134,84776,49.67529415562299,8.28010066303249,8.28010066303249,False,Apiaceae,48699.0,ok,mixed,mixed,mixed,True,"{""trait_derived_ID"":""4499292"",""ref_ID"":""10313"",""trait_ID"":""3.6.2"",""trait_value"":""insect"",""genus"":""Falcaria"",""species_epithet"":""vulgaris"",""author"":""Bernh."",""matched"":""1"",""resolved"":""1"",""work_ID"":""18285"",""work_species"":""Falcaria vulgaris""} | {""trait_derived_ID"":""4509983"",""ref_ID"":""10315"",""trait_ID"":""3.6.3"",""trait_value"":""insect"",""genus"":""Falcaria"",""species_ep…",review,medium
Fritillaria pyrenaica,47,Fritillaria,144275,119,1001.5028707956104,144275,119,1001.5028707956104,100,42.805233485663,40.3255391488,43.9166255382,144275,42.805233485663,6.910255022813143,6.910255022813143,False,Liliaceae,47328.0,ok,unknown,,,False,unknown,inference,low
Galinsoga parviflora,64,Galinsoga,48178,304,19951.15864379859,48178,166,19888.84599017927,100,26.006630564524997,-45.688327,58.5195483,48178,26.006630564524997,9.901092619161192,9.897964628740075,False,Asteraceae,47604.0,ok,mixed,mixed,mixed,True,"The CC0 literature synthesis classifies Galinsoga parviflora as largely self-compatible (SC). | Reported index values for Galinsoga parviflora: [1, 1]; consistently high indices support self-compatibility. Source reference keys: Jaimes_Ramirez_1997. | {""trait_derived_ID"":""1012519"",""ref_ID"":""10199"",""trait_ID"":""3.6.3"",""trait_value"":""insect"",""genus"":""Galinsoga…",flora|review,medium
Gazania rigens,71,Gazania,884843,103,19894.37012833188,884843,103,19894.37012833188,100,-4.279398596440999,-43.5847467578,49.9657506165,884843,4.279398596440999,9.898242326776032,9.898242326776032,False,Asteraceae,47604.0,ok,unknown,,,False,unknown,review,medium
Gentiana acaulis,71,Gentiana,130558,303,2037.304764028723,130558,170,2083.015885607816,100,45.947768278111,42.1258833333,51.2588742872,130558,45.947768278111,7.619873743342864,7.642052025496708,False,,,error:HTTPError:HTTP Error 429: normal_throttling,unknown,,,False,unknown,inference,low
Gentiana parryi,45,Gentiana,118778,153,878.8050905385393,118778,153,878.8050905385393,100,38.969908809584,33.9608359413,41.4382366667,118778,38.969908809584,6.77970039491577,6.77970039491577,False,Gentianaceae,56235.0,ok,,,,False,,,
Geranium macrorrhizum,45,Geranium,320685,215,10161.405699193214,320685,198,10161.405699193214,100,47.480626262871,36.1292833333,60.6132158311,320685,47.480626262871,9.226450474520833,9.226450474520833,False,Geraniaceae,47689.0,ok,unknown,,,False,unknown,inference,low
Geranium molle,52,Geranium,53076,507,20000.82923928916,53076,182,19949.46775094352,100,32.00608308931,-45.8535534687,56.805224265,53076,32.00608308931,9.903579010318195,9.901007868205735,False,Geraniaceae,47689.0,ok,mixed,mixed,mixed,True,"{""trait_derived_ID"":""1746605"",""ref_ID"":""10247"",""trait_ID"":""3.6.2"",""trait_value"":""insect"",""genus"":""Geranium"",""species_epithet"":""molle"",""author"":"""",""matched"":""1"",""resolved"":""1"",""work_ID"":""19660"",""work_species"":""Geranium molle""} | {""trait_derived_ID"":""4499535"",""ref_ID"":""10313"",""trait_ID"":""3.6.2"",""trait_value"":""insect"",""genus"":""Geranium"",""species_epithet"":""moll…",flora|review,medium
Geranium richardsonii,56,Geranium,77260,364,2946.66261912468,77260,169,2958.647129953091,100,41.945461707877,32.4372966667,54.8264278413,77260,41.945461707877,7.988767802772457,7.992825327358004,False,Geraniaceae,47689.0,ok,unknown,,,False,unknown,review,medium
Geranium yeoi,63,Geranium,60360,278,19155.866535175588,60360,196,19152.86950858209,100,24.849830287080998,-45.8734423427,53.4568084803,60360,24.849830287080998,9.86041649614495,9.860260037308128,False,Geraniaceae,47689.0,ok,unknown,,,False,unknown,inference,low
Geum canadense,51,Geum,85325,388,3482.5013921565187,85325,177,3395.095708298328,100,39.950388990478,29.7654075063,47.7402344744,85325,39.950388990478,8.15579321411313,8.130381729689688,False,Rosaceae,47148.0,ok,unknown,,,False,unknown,flora,medium
Geum macrophyllum,67,Geum,77266,323,9468.07703351879,77266,184,9288.47705558911,100,49.665473245715,38.0545795086,67.5682745381,77266,49.665473245715,9.155786719288754,9.13663753911359,False,Rosaceae,47148.0,ok,unknown,,,False,unknown,flora,medium
Geum urbanum,65,Geum,55891,458,20003.954251701645,55891,192,19544.5433832959,100,46.37323624688,-45.8257162145,63.82342445,55891,46.37323624688,9.903735234445513,9.880502579492983,False,Rosaceae,47148.0,ok,mixed,mixed,mixed,True,"{""trait_derived_ID"":""4499563"",""ref_ID"":""10313"",""trait_ID"":""3.6.2"",""trait_value"":""insect"",""genus"":""Geum"",""species_epithet"":""urbanum"",""author"":""L."",""matched"":""1"",""resolved"":""1"",""work_ID"":""19770"",""work_species"":""Geum urbanum""} | {""trait_derived_ID"":""4509794"",""ref_ID"":""10315"",""trait_ID"":""3.6.3"",""trait_value"":""bee"",""genus"":""Geum"",""species_epithet"":""urbanum"",""aut…",flora|review,medium
Gompholobium huegelii,66,Gompholobium,323820,107,1627.075119065327,323820,107,1627.075119065327,100,-38.351483731394,-43.4585567,-29.293614592,323820,38.351483731394,7.395153687429999,7.395153687429999,False,Fabaceae,47122.0,ok,mixed,mixed,mixed,True,Bulk source austraits_all_target_floral_v7.0.0 record austraits:Draper_2023:439880: pollination_syndrome = insect. | Bulk source austraits_all_target_floral_v7.0.0 record austraits:White_2020:1634993: pollination_syndrome = insect. | Bulk source austraits_all_target_floral_v7.0.0 record austraits:Williams_2011:1723692: pollination_system = biotic_unspeciali…,review,medium
Goodenia ovata,74,Goodenia,323821,331,1523.045198749909,323821,148,1522.991280564098,100,-37.086981444153,-43.431005,-30.3051783333,323821,37.086981444153,7.3291233937791835,7.32908801481559,False,Goodeniaceae,145472.0,ok,mixed,mixed,mixed,True,Bulk source austraits_all_target_floral_v7.0.0 record austraits:Draper_2023:440087: pollination_syndrome = insect. | Bulk source austraits_all_target_floral_v7.0.0 record austraits:White_2020:1636052: pollination_syndrome = insect. | Bulk source austraits_all_target_floral_v7.0.0 record austraits:Williams_2011:1723805: pollination_system = biotic_unspeciali…,review,medium
Grevillea alpina,42,Grevillea,411301,337,639.1642571543026,411301,158,638.2701099127481,100,-37.004383458576996,-37.9921993374,-35.246,411301,37.004383458576996,6.461724795227876,6.460327072280705,False,Proteaceae,64517.0,ok,mixed,mixed,mixed,True,Bulk source austraits_all_target_floral_v7.0.0 record austraits:Draper_2023:440189: pollination_syndrome = bird insect mammal. | Bulk source austraits_all_target_floral_v7.0.0 record austraits:White_2020:1636695: pollination_syndrome = insect vertebrate. | Bulk source austraits_all_target_floral_v7.0.0 record austraits:Williams_2011:1723859: pollination_sys…,review,medium
Grevillea lavandulacea,46,Grevillea,411227,113,714.5319099989216,411227,113,714.5319099989216,100,-35.111415803898,-37.2530692646,-31.5606299,411227,35.111415803898,6.573026196183617,6.573026196183617,False,Proteaceae,64517.0,ok,mixed,mixed,mixed,True,Bulk source austraits_all_target_floral_v7.0.0 record austraits:Draper_2023:440249: pollination_syndrome = bird insect mammal. | Bulk source austraits_all_target_floral_v7.0.0 record austraits:White_2020:1637553: pollination_syndrome = insect vertebrate. | Bulk source austraits_all_target_floral_v7.0.0 record austraits:White_2020:1637573: pollination_syndro…,review,medium
Guzmania monostachia,45,Guzmania,163447,106,2939.612852324807,163447,106,2939.612852324807,100,6.200254761014,-3.8287840314,21.9186221963,163447,6.200254761014,7.986373291781087,7.986373291781087,False,Bromeliaceae,49570.0,ok,unknown,,,False,The CC0 literature synthesis classifies Guzmania monostachia as largely self-compatible (SC).,flora|review,medium
Hedypnois rhagadioloides,61,Hedypnois,492864,243,18876.72610392822,492864,169,18876.72610392822,100,27.780917497156,-37.7459666667,52.6304381,492864,27.780917497156,9.845737993035502,9.845737993035502,False,Asteraceae,47604.0,ok,mixed,mixed,mixed,True,"{""trait_derived_ID"":""1746647"",""ref_ID"":""10247"",""trait_ID"":""3.6.2"",""trait_value"":""insect"",""genus"":""Hedypnois"",""species_epithet"":""cretica"",""author"":"""",""matched"":""1"",""resolved"":""1"",""work_ID"":""21101"",""work_species"":""Hedypnois rhagadioloides""}",review,medium
Helenium autumnale,81,Helenium,77349,516,8483.357009528809,77349,194,3933.056215649101,100,40.999999763252,30.3672306845,52.3118515015,77349,40.999999763252,9.045979395130292,8.277426288539104,False,Asteraceae,47604.0,ok,unknown,,,False,unknown,flora,medium
Helianthus divaricatus,57,Helianthus,84113,232,2251.7160146621377,84113,160,2187.556761383878,100,39.201164695956,31.1374955688,46.37401588,84113,39.201164695956,7.719891884845379,7.690997592499263,False,Asteraceae,47604.0,ok,unknown,,,False,The CC0 literature synthesis classifies Helianthus divaricatus as largely self-incompatible (SI).,flora|review,medium
Hepatica acutiloba,59,Hepatica,179786,388,2083.7470615821603,179786,177,2080.6686790446693,100,40.992226643330994,33.3226697402,47.76686617,179786,40.992226643330994,7.6424028134839865,7.640925100605914,False,Ranunculaceae,48231.0,ok,unknown,,,False,unknown,inference,low
Hibbertia cuneiformis,62,Hibbertia,552421,149,2451.848743761788,552421,149,2451.848743761788,100,-34.106921908488,-37.439755,-30.3190618344,552421,34.106921908488,7.805005380621406,7.805005380621406,False,Dilleniaceae,71499.0,ok,unknown,,,False,unknown,inference,low
Hibiscus denudatus,52,Hibiscus,77409,463,1709.10423288103,77409,179,1750.088852864712,100,30.464494317207,23.4428210104,34.6057583333,77409,30.464494317207,7.444309602540218,7.467993075067354,False,Malvaceae,48797.0,ok,unknown,,,False,unknown,flora,medium
Hofmeisteria fasciculata,56,Hofmeisteria,288699,102,880.3678010332937,288699,102,880.3678010332937,100,24.809783512676,22.8759283333,29.74855857,288699,24.809783512676,6.781475020124178,6.781475020124178,False,Asteraceae,47604.0,ok,unknown,,,False,unknown,inference,low
Homogyne alpina,50,Homogyne,130479,152,2362.0117322467963,130479,152,2362.0117322467963,100,46.283025465645,42.4300433333,50.853275,130479,46.283025465645,7.767692242154183,7.767692242154183,False,,,error:HTTPError:HTTP Error 429: normal_throttling,mixed,mixed,mixed,True,"{""trait_derived_ID"":""4499735"",""ref_ID"":""10313"",""trait_ID"":""3.6.2"",""trait_value"":""insect"",""genus"":""Homogyne"",""species_epithet"":""alpina"",""author"":""(L.) Cass."",""matched"":""1"",""resolved"":""1"",""work_ID"":""22301"",""work_species"":""Homogyne alpina""}",review,medium
Hyacinthoides non-scripta,61,Hyacinthoides,56132,369,8617.491632966474,56132,149,8721.947076304434,100,51.004185072466996,42.00265,57.634307274,56132,51.004185072466996,9.061665363771496,9.07371242727099,False,,,error:HTTPError:HTTP Error 429: normal_throttling,mixed,mixed,mixed,True,"{""trait_derived_ID"":""4499751"",""ref_ID"":""10313"",""trait_ID"":""3.6.2"",""trait_value"":""insect"",""genus"":""Hyacinthoides"",""species_epithet"":""non-scripta"",""author"":""(L.) Chouard ex Rothm."",""matched"":""1"",""resolved"":""1"",""work_ID"":""22510"",""work_species"":""Hyacinthoides non-scripta""} | {""trait_derived_ID"":""4509318"",""ref_ID"":""10315"",""trait_ID"":""3.6.3"",""trait_value"":""beetle…",flora|review,medium
Hypocalymma robustum,47,Hypocalymma,415333,121,315.1223597069479,415333,121,315.1223597069479,100,-32.438223564523,-34.4483116667,-31.6239003467,415333,32.438223564523,5.75612935290131,5.75612935290131,False,Myrtaceae,51816.0,ok,unknown,,,False,unknown,inference,low
Iliamna rivularis,52,Iliamna,77489,221,1711.7629338129868,77489,191,1711.7629338129868,100,45.513945893546996,37.5779789539,50.73414688,77489,45.513945893546996,7.445863096343614,7.445863096343614,False,Malvaceae,48797.0,ok,,,,False,,,
Ipomoea cairica,48,Ipomoea,77494,151,19805.364416201093,77494,108,19615.747264112644,100,-3.28827987362,-37.1690652776,32.9210120999,77494,3.28827987362,9.893758600195085,9.884138932632737,False,Convolvulaceae,52345.0,ok,unknown,,,False,unknown,flora,medium
Ipomoea pes-caprae,48,Ipomoea,60879,433,19874.11955437814,60879,165,19689.34269463717,100,4.679829971279,-34.02965,32.34899255,60879,4.679829971279,9.897223954819063,9.887883575983349,False,Convolvulaceae,52345.0,ok,unknown,,,False,unknown,flora,medium
Jacobaea adonidifolia,75,Jacobaea,547457,101,915.7943513279936,547457,101,915.7943513279936,100,43.346561932328,41.09216216,47.1271951802,547457,43.346561932328,6.820883184650039,6.820883184650039,False,Asteraceae,47604.0,ok,,,,False,,,
Jaumea carnosa,75,Jaumea,60969,247,2535.5775822278865,60969,175,2535.5775822278865,100,39.07052136414,27.9350084027,48.9622,60969,39.07052136414,7.838571042869718,7.838571042869718,False,Asteraceae,47604.0,ok,unknown,,,False,unknown,inference,low
Johnstonella angustifolia,60,Johnstonella,770224,251,993.574171912392,770224,160,827.4841063003,100,33.547464372103,28.710655,36.5595033333,770224,33.547464372103,6.902314677626938,6.719597652977479,False,,,error:HTTPError:HTTP Error 429: normal_throttling,unknown,,,False,unknown,inference,low
Lachenalia reflexa,54,Lachenalia,588419,154,8733.187859781512,588419,122,8735.073821025884,100,-33.720578721413,-34.2682304381,-31.7934350157,588419,33.720578721413,9.075000242834285,9.07521614815799,False,Asparagaceae,47599.0,ok,unknown,,,False,unknown,inference,low
Lamprocapnos spectabilis,60,Lamprocapnos,204340,211,11546.114244368831,204340,197,11546.114244368831,100,42.936839929711006,35.61069167,60.8577878525,204340,42.936839929711006,9.35419083576009,9.35419083576009,False,Papaveraceae,47332.0,ok,bees,bees,bee,True,"n der Staubblattbündel, obwohl es auch andere Deutungen gibt. Es können nur langrüsselige Bienen oder Hummeln bestäuben, kurzrüsselige betätigen sich nur als Nektarräuber. == Vorkommen =",flora|review,low
Lantana involucrata,56,Lantana,133331,126,2895.4146815180097,133331,126,2895.4146815180097,100,22.811814172197,12.1686411203,32.3716933251,133331,22.811814172197,7.9712289343866445,7.9712289343866445,False,Verbenaceae,49194.0,ok,unknown,,,False,unknown,inference,low
Lathyrus japonicus,47,Lathyrus,77638,528,11432.063345385111,77638,192,11735.477002820937,100,51.097058732510995,34.6763136384,69.721086018,77638,51.097058732510995,9.344264730100846,9.370456963409001,False,Fabaceae,47122.0,ok,mixed,mixed,mixed,True,"{""trait_derived_ID"":""4499967"",""ref_ID"":""10313"",""trait_ID"":""3.6.2"",""trait_value"":""insect"",""genus"":""Lathyrus"",""species_epithet"":""maritimus"",""author"":""(L.) Bigelow"",""matched"":""1"",""resolved"":""1"",""work_ID"":""24873"",""work_species"":""Lathyrus japonicus""} | {""trait_derived_ID"":""4509438"",""ref_ID"":""10315"",""trait_ID"":""3.6.3"",""trait_value"":""bee/butterfly"",""genus"":""Lathyr…",flora|review,medium
Lathyrus palustris,41,Lathyrus,77642,151,10439.943665920102,77642,151,10439.943665920102,100,49.947257074069,36.82193,65.0817613843,77642,49.947257074069,9.253490246807697,9.253490246807697,False,Fabaceae,47122.0,ok,mixed,mixed,mixed,True,"{""trait_derived_ID"":""4499973"",""ref_ID"":""10313"",""trait_ID"":""3.6.2"",""trait_value"":""insect"",""genus"":""Lathyrus"",""species_epithet"":""palustris"",""author"":""L."",""matched"":""1"",""resolved"":""1"",""work_ID"":""24882"",""work_species"":""Lathyrus palustris""} | {""trait_derived_ID"":""4510043"",""ref_ID"":""10315"",""trait_ID"":""3.6.3"",""trait_value"":""bee"",""genus"":""Lathyrus"",""species_epithet…",review,medium
Lathyrus pratensis,71,Lathyrus,125787,432,19874.63148728224,125787,178,8883.69750532893,100,52.990210844976,-43.6053317915,69.4111174679,125787,52.990210844976,9.897249711962802,9.092085694463767,False,Fabaceae,47122.0,ok,mixed,mixed,mixed,True,"{""trait_derived_ID"":""4499975"",""ref_ID"":""10313"",""trait_ID"":""3.6.2"",""trait_value"":""insect"",""genus"":""Lathyrus"",""species_epithet"":""pratensis"",""author"":""L."",""matched"":""1"",""resolved"":""1"",""work_ID"":""24885"",""work_species"":""Lathyrus pratensis""} | {""trait_derived_ID"":""4510117"",""ref_ID"":""10315"",""trait_ID"":""3.6.3"",""trait_value"":""bee"",""genus"":""Lathyrus"",""species_epithet…",flora|review,medium
Lepidium campestre,68,Lepidium,77663,235,10886.030447097732,77663,182,10886.030447097732,100,44.483737800336,34.96488154,57.7112483868,77663,44.483737800336,9.29532749252444,9.29532749252444,False,Brassicaceae,47204.0,ok,mixed,mixed,mixed,True,"The CC0 literature synthesis classifies Lepidium campestre as largely self-compatible (SC). | {""trait_derived_ID"":""4500009"",""ref_ID"":""10313"",""trait_ID"":""3.6.2"",""trait_value"":""insect"",""genus"":""Lepidium"",""species_epithet"":""campestre"",""author"":""(L.) R. Br."",""matched"":""1"",""resolved"":""1"",""work_ID"":""25264"",""work_species"":""Lepidium campestre""} | {""trait_derived_ID…",flora|review,medium
Lepidium fremontii,72,Lepidium,77668,171,870.335578591934,77668,143,856.9437167394183,100,35.995900626406,33.5459833333,40.8496633333,77668,35.995900626406,6.770027182320619,6.7545384991305,False,Brassicaceae,47204.0,ok,,,,False,,,
Leucaena leucocephala,49,Leucaena,47447,426,19999.17946334293,47447,188,19995.757841546947,100,6.950728057653,-36.882684,39.544677,47447,6.950728057653,9.903496525663016,9.903325431472567,False,Fabaceae,47122.0,ok,unknown,,,False,unknown,flora,medium
Leucopogon affinis,65,Leucopogon,904615,123,1527.542878387289,904615,123,1527.542878387289,100,-34.174531327668,-38.3852501,-28.1945038308,904615,34.174531327668,7.332070193529695,7.332070193529695,False,Ericaceae,133387.0,ok,,,,False,,,
Leucopogon microphyllus,68,Leucopogon,321156,106,982.6718074012824,321156,106,982.6718074012824,100,-33.582416920461,-37.2682,-28.6103806335,321156,33.582416920461,6.891292312355327,6.891292312355327,False,Ericaceae,133387.0,ok,mixed,mixed,mixed,True,Bulk source austraits_all_target_floral_v7.0.0 record austraits:Draper_2023:441563: pollination_syndrome = insect. | Bulk source austraits_all_target_floral_v7.0.0 record austraits:White_2020:1655237: pollination_syndrome = insect.,review,medium
Ligustrum obtusifolium,61,Ligustrum,204160,531,12726.710351456542,204160,197,4717.067399830037,100,40.086191521931,29.4944782844,44.9099377497,204160,40.086191521931,9.451536812959228,8.459154545543843,False,Oleaceae,47733.0,ok,unknown,,,False,unknown,inference,low
Linum catharticum,57,Linum,84280,243,19958.83138661816,84280,176,19958.83138661816,100,35.657163991613004,-54.8381222222,67.2678916667,84280,35.657163991613004,9.901477102265554,9.901477102265554,False,Linaceae,51308.0,ok,mixed,mixed,mixed,True,"{""trait_derived_ID"":""4500053"",""ref_ID"":""10313"",""trait_ID"":""3.6.2"",""trait_value"":""insect"",""genus"":""Linum"",""species_epithet"":""catharticum"",""author"":""L."",""matched"":""1"",""resolved"":""1"",""work_ID"":""26198"",""work_species"":""Linum catharticum""} | {""trait_derived_ID"":""4507365"",""ref_ID"":""10315"",""trait_ID"":""3.6.3"",""trait_value"":""fly"",""genus"":""Linum"",""species_epithet"":""ca…",review,medium
Linum lewisii,69,Linum,60490,488,5017.755165300129,60490,187,4913.9524898922855,100,44.69259385497801,29.2401739667,66.7229,60490,44.69259385497801,8.520937206895066,8.500037366185063,False,Linaceae,51308.0,ok,unknown,,,False,unknown,review,medium
Lithospermum canescens,79,Lithospermum,48595,468,2900.3755901109885,48595,178,2705.118795386393,100,43.090800567478,33.0579916667,53.64600889,48595,43.090800567478,7.972940244927821,7.903270708501194,False,Boraginaceae,48150.0,ok,,,,False,,,
Lobelia erinus,64,Lobelia,77797,227,19787.84405225461,77797,164,19685.95620172028,100,12.944369512735,-46.3547478337,59.9143676758,77797,12.944369512735,9.892873626191024,9.887711573686586,False,,,error:HTTPError:HTTP Error 429: normal_throttling,mixed,mixed,mixed,True,"{""trait_derived_ID"":""1746815"",""ref_ID"":""10247"",""trait_ID"":""3.6.2"",""trait_value"":""insect"",""genus"":""Lobelia"",""species_epithet"":""erinus"",""author"":"""",""matched"":""1"",""resolved"":""1"",""work_ID"":""26497"",""work_species"":""Lobelia erinus""}",review,medium
Loeselia glandulosa,52,Loeselia,194147,184,3396.72396082127,194147,144,3396.72396082127,100,20.244469138098,9.8819828471,28.9319691103,194147,20.244469138098,8.130861063152576,8.130861063152576,False,Polemoniaceae,48932.0,ok,,,,False,,,
Ludwigia peruviana,43,Ludwigia,50338,158,19866.695815170504,50338,158,19866.695815170504,100,9.752433471788999,-34.9071462242,33.9598644353,50338,9.752433471788999,9.896850365820653,9.896850365820653,False,Onagraceae,47790.0,ok,unknown,,,False,The CC0 literature synthesis classifies Ludwigia peruviana as largely self-incompatible (SI).,flora|review,medium
Lupinus arizonicus,46,Lupinus,69421,448,1018.1482219076282,69421,175,1502.5732401651387,100,33.516973030974,27.3788162414,36.0010320547,69421,33.516973030974,6.9267224808465,7.315599714354968,False,Fabaceae,47122.0,ok,unknown,,,False,All 16 directly reported Lupinus species across meyer_galloway_eckert_2026_dryad have state SC; the target itself is unreported.,inference,low
Lupinus havardii,60,Lupinus,164898,246,304.307396538789,164898,179,235.9249362030817,100,29.369154418329998,28.8363717565,30.6691638889,164898,29.369154418329998,5.721319126564259,5.467743366085701,False,Fabaceae,47122.0,ok,,,,False,,,
Lupinus microcarpus,47,Lupinus,57069,322,10161.563814205596,57069,180,10161.96870861558,100,24.520075473282,-37.073583696,44.1213058424,57069,24.520075473282,9.226466033216976,9.226505874181495,False,Fabaceae,47122.0,ok,unknown,,,False,The CC0 literature synthesis classifies Lupinus microcarpus as largely self-compatible (SC).,review,medium
Lysimachia loeflingii,64,Lysimachia,1467819,509,19989.732489328708,1467819,190,19963.204553739168,100,9.845592567624,-42.8663950706,52.3038154442,1467819,9.845592567624,9.903024069610945,9.901696176667,False,Primulaceae,48064.0,ok,unknown,,,False,unknown,inference,low
Lysimachia quadrifolia,66,Lysimachia,82580,531,2011.4997553058363,82580,193,2013.176021517781,100,40.877499464395,33.85,46.697605,82580,40.877499464395,7.607132887705549,7.607965468425568,False,Primulaceae,48064.0,ok,unknown,,,False,unknown,flora,medium
Malacothrix saxatilis,63,Malacothrix,77940,182,450.5422232785394,77940,172,450.5422232785394,100,34.079916312484,33.3486888889,35.9846116667,77940,34.079916312484,6.112668886266451,6.112668886266451,False,,,error:HTTPError:HTTP Error 429: normal_throttling,unknown,,,False,unknown,flora,medium
Malva moschata,53,Malva,55977,372,9776.87858687296,55977,194,8905.721818026941,100,48.67132226591399,36.20995333,60.1296173198,55977,48.67132226591399,9.187877826092075,9.094561531107045,False,Malvaceae,48797.0,ok,mixed,mixed,mixed,True,"The CC0 literature synthesis classifies Malva moschata as largely self-compatible (SC). | {""trait_derived_ID"":""4500161"",""ref_ID"":""10313"",""trait_ID"":""3.6.2"",""trait_value"":""insect"",""genus"":""Malva"",""species_epithet"":""moschata"",""author"":""L."",""matched"":""1"",""resolved"":""1"",""work_ID"":""27625"",""work_species"":""Malva moschata""} | {""trait_derived_ID"":""4509847"",""ref_ID"":…",flora|review,medium
Malva thuringiaca,58,Malva,775554,266,9617.131603572716,775554,151,9617.131603572716,100,51.637540812949,40.73830389,65.0039337569,775554,51.637540812949,9.171405304793769,9.171405304793769,False,Malvaceae,48797.0,ok,mixed,mixed,mixed,True,"{""trait_derived_ID"":""4499983"",""ref_ID"":""10313"",""trait_ID"":""3.6.2"",""trait_value"":""insect"",""genus"":""Lavatera"",""species_epithet"":""thuringiaca"",""author"":""L."",""matched"":""1"",""resolved"":""1"",""work_ID"":""444005"",""work_species"":""Malva thuringiaca""}",review,medium
Mazus miquelii,61,Mazus,127156,125,12654.28371842978,127156,125,12654.28371842978,100,37.303269756533,30.6845305556,45.8045182922,127156,37.303269756533,9.445830092200831,9.445830092200831,False,Mazaceae,571193.0,ok,unknown,,,False,The CC0 literature synthesis classifies Mazus miquelii as largely self-compatible (SC).,flora|review,medium
Mecardonia procumbens,50,Mecardonia,165207,221,19700.047392280085,165207,173,19700.047392280085,100,14.631354850933,-34.6866633333,33.01279095,165207,14.631354850933,9.888427080433575,9.888427080433575,False,Plantaginaceae,50638.0,ok,unknown,,,False,unknown,inference,low
Medicago lupulina,69,Medicago,57056,474,20008.409569362386,57056,182,19725.639831097185,100,32.19908986425,-44.8068606236,64.4845203804,57056,32.19908986425,9.903957920363954,9.889725276914966,False,Fabaceae,47122.0,ok,mixed,mixed,mixed,True,"The CC0 literature synthesis classifies Medicago lupulina as largely self-compatible (SC). | {""trait_derived_ID"":""1746887"",""ref_ID"":""10247"",""trait_ID"":""3.6.2"",""trait_value"":""insect"",""genus"":""Medicago"",""species_epithet"":""lupulina"",""author"":"""",""matched"":""1"",""resolved"":""1"",""work_ID"":""28085"",""work_species"":""Medicago lupulina""} | {""trait_derived_ID"":""4500183"",""r…",flora|review,medium
Medicago marina,75,Medicago,210354,147,3979.6036691526447,210354,147,3979.6036691526447,100,40.007295814612,34.6386163949,47.6953380083,210354,40.007295814612,8.289188762443386,8.289188762443386,False,Fabaceae,47122.0,ok,unknown,,,False,All 34 directly reported Medicago species across meyer_galloway_eckert_2026_dryad have state SC; the target itself is unreported.,inference|review,low
Melaleuca citrina,40,Melaleuca,77976,154,18125.2784745822,77976,154,18125.2784745822,100,-31.367669313746,-45.853094,40.6500468923,77976,31.367669313746,9.805118013763964,9.805118013763964,False,Myrtaceae,51816.0,ok,,,,False,,,
Melastoma candidum,52,Melastoma,165229,104,7368.266839958945,165229,104,7368.266839958945,100,19.999862964044,-33.5058116667,25.214026891,165229,19.999862964044,8.905073501260658,8.905073501260658,False,Melastomataceae,48889.0,ok,,,,False,,,
Melastoma malabathricum,41,Melastoma,165230,151,13001.3458208945,165230,151,13001.3458208945,100,-4.719729707161,-27.9062644953,27.4076662911,165230,4.719729707161,9.47288506792605,9.47288506792605,False,,,error:HTTPError:HTTP Error 429: normal_throttling,mixed,mixed,mixed,True,"{""trait_derived_ID"":""1013601"",""ref_ID"":""10199"",""trait_ID"":""3.6.3"",""trait_value"":""insect"",""genus"":""Melastoma"",""species_epithet"":""malabathricum"",""author"":""L."",""matched"":""1"",""resolved"":""1"",""work_ID"":""28251"",""work_species"":""Melastoma malabathricum""}",flora|review,medium
Melothria pendula,52,Melothria,131557,379,19880.154080885724,131557,183,19880.154080885724,100,24.365490882259,-31.7639858424,40.5962138814,131557,24.365490882259,9.897527530884028,9.897527530884028,False,Cucurbitaceae,48620.0,ok,unknown,,,False,unknown,flora,medium
Micranthes petiolaris,49,Micranthes,357952,229,665.1067435285103,357952,179,665.1067435285103,100,36.02751140793,34.6659568567,38.55535648,357952,36.02751140793,6.501449933265966,6.501449933265966,False,Saxifragaceae,48386.0,ok,unknown,,,False,unknown,flora,medium
Mitchella repens,49,Mitchella,83799,577,3188.1834683840084,83799,200,3491.80671471458,100,37.551707039850996,27.1704932246,46.9099187265,83799,37.551707039850996,8.067520196990175,8.158460908238455,False,Rubiaceae,47693.0,ok,unknown,,,False,"n from one morph does not fertilize the other morph, resulting in a form of heteromorphic self-incompatibility. The ovaries of the twin flowers fuse together, so that there are two flowers for each be",review,low
Moraea flaccida,51,Moraea,120416,123,11662.833897288525,120416,121,11662.833897288525,100,-34.026249094893004,-42.9593471604,-30.9726366667,120416,34.026249094893004,9.36424821351677,9.36424821351677,False,Iridaceae,47781.0,ok,unknown,,,False,unknown,review,medium
Muscari armeniacum,80,Muscari,57847,255,19385.5880054014,57847,175,19384.92341330485,100,34.565382981516,-45.8465852531,63.8420805556,57847,34.565382981516,9.872336766038009,9.872302484425996,False,Asparagaceae,47599.0,ok,mixed,mixed,mixed,True,"{""trait_derived_ID"":""4508825"",""ref_ID"":""10315"",""trait_ID"":""3.6.3"",""trait_value"":""insect"",""genus"":""Muscari"",""species_epithet"":""armeniacum"",""author"":""Baker"",""matched"":""1"",""resolved"":""1"",""work_ID"":""29568"",""work_species"":""Muscari armeniacum""} | {""trait_derived_ID"":""5064917"",""ref_ID"":""10328"",""trait_ID"":""3.6.2"",""trait_value"":""insect"",""genus"":""Muscari"",""species_ep…",review,medium
Muscari botryoides,65,Muscari,56134,298,11397.119882324245,56134,182,10297.126533337376,100,46.612305521772996,32.7584334174,60.7694788587,56134,46.612305521772996,9.341203698178223,9.239717267706496,False,Asparagaceae,47599.0,ok,mixed,mixed,mixed,True,"{""trait_derived_ID"":""4500273"",""ref_ID"":""10313"",""trait_ID"":""3.6.2"",""trait_value"":""insect"",""genus"":""Muscari"",""species_epithet"":""botryoides"",""author"":""(L.) Mill."",""matched"":""1"",""resolved"":""1"",""work_ID"":""29569"",""work_species"":""Muscari botryoides""} | {""trait_derived_ID"":""4508849"",""ref_ID"":""10315"",""trait_ID"":""3.6.3"",""trait_value"":""insect"",""genus"":""Muscari"",""speci…",flora|review,medium
Myosotis latifolia,76,Myosotis,49132,274,18548.02849868482,49132,172,18410.16441355836,100,33.019642978573,-45.8453972528,44.1373429656,49132,33.019642978573,9.828172694625565,9.820712521198114,False,Boraginaceae,48150.0,ok,unknown,,,False,unknown,review,medium
Myosotis laxa,65,Myosotis,78150,125,19919.32571481822,78150,125,19919.32571481822,100,19.222182607663,-45.816883,63.82589659,78150,19.222182607663,9.899495882150404,9.899495882150404,False,Boraginaceae,48150.0,ok,mixed,mixed,mixed,True,"{""trait_derived_ID"":""4500287"",""ref_ID"":""10313"",""trait_ID"":""3.6.2"",""trait_value"":""insect"",""genus"":""Myosotis"",""species_epithet"":""laxa"",""author"":""Lehm."",""matched"":""1"",""resolved"":""1"",""work_ID"":""29678"",""work_species"":""Myosotis laxa""} | {""trait_derived_ID"":""5064927"",""ref_ID"":""10328"",""trait_ID"":""3.6.2"",""trait_value"":""insect"",""genus"":""Myosotis"",""species_epithet"":""l…",review,medium
Myosotis sparsiflora,74,Myosotis,513775,132,4632.21176344597,513775,122,4632.211763445969,100,53.900045110697,41.6978422531,65.8427286291,513775,53.900045110697,8.441005592001263,8.441005592001261,False,Boraginaceae,48150.0,ok,mixed,mixed,mixed,True,"{""trait_derived_ID"":""4500301"",""ref_ID"":""10313"",""trait_ID"":""3.6.2"",""trait_value"":""insect"",""genus"":""Myosotis"",""species_epithet"":""sparsiflora"",""author"":""J. C. Mikan ex Pohl"",""matched"":""1"",""resolved"":""1"",""work_ID"":""63523"",""work_species"":""Myosotis sparsiflora""}",flora|review,medium
Myrica gale,40,Myrica,82203,128,8415.440720244129,82203,128,8415.440720244129,100,49.539438997075,40.670955,65.2354638889,82203,49.539438997075,9.03794230055555,9.03794230055555,False,Myricaceae,49035.0,ok,wind,wind,wind,True,"{""trait_derived_ID"":""4500311"",""ref_ID"":""10313"",""trait_ID"":""3.6.2"",""trait_value"":""wind"",""genus"":""Myrica"",""species_epithet"":""gale"",""author"":""L."",""matched"":""1"",""resolved"":""1"",""work_ID"":""29768"",""work_species"":""Myrica gale""} | {""trait_derived_ID"":""4510689"",""ref_ID"":""10315"",""trait_ID"":""3.6.3"",""trait_value"":""wind"",""genus"":""Myrica"",""species_epithet"":""gale"",""author""…",review,medium
Myrtus communis,67,Myrtus,78159,366,10738.937373394683,78159,171,5148.586166946524,100,40.029069825441,32.7353509042,45.6565205467,78159,40.029069825441,9.281724536890797,8.546671634496358,False,Myrtaceae,51816.0,ok,mixed,mixed,mixed,True,"Bulk source austraits_all_target_floral_v7.0.0 record austraits:Stephens_2023:1282133: pollination_system = insect. | The CC0 literature synthesis classifies Myrtus communis as largely self-compatible (SC). | {""trait_derived_ID"":""1746951"",""ref_ID"":""10247"",""trait_ID"":""3.6.2"",""trait_value"":""insect"",""genus"":""Myrtus"",""species_epithet"":""communis"",""author"":"""",""ma…",review,medium
Nama hispida,61,Nama,359066,157,2010.7002549606584,359066,157,2010.7002549606584,100,30.750173198945,22.457848072,36.7868283333,359066,30.750173198945,7.606735541473425,7.606735541473425,False,Boraginaceae,48150.0,ok,unknown,,,False,unknown,inference,low
Navarretia heterodoxa,65,Navarretia,57209,117,126.26160683198373,57209,116,126.26160683198373,100,37.466604454186,37.1384083333,37.9989583333,57209,37.466604454186,4.846244864096015,4.846244864096015,False,Polemoniaceae,48932.0,ok,,,,False,,,
Nelumbo nucifera,43,Nelumbo,82814,292,19823.500352664018,82814,165,19673.147461630848,100,24.505737859756,-34.5823058868,51.7098069196,82814,24.505737859756,9.894673843293345,9.8870607412988,False,Nelumbonaceae,71577.0,ok,mixed,mixed,mixed,True,"Bulk source austraits_all_target_floral_v7.0.0 record austraits:Stephens_2023:1282134: pollination_system = insect. | {""trait_derived_ID"":""1013970"",""ref_ID"":""10199"",""trait_ID"":""3.6.3"",""trait_value"":""beetle/insect"",""genus"":""Nelumbo"",""species_epithet"":""nucifera"",""author"":""Gaertn."",""matched"":""1"",""resolved"":""1"",""work_ID"":""30084"",""work_species"":""Nelumbo nucifera…",flora|review,medium
Nicandra physalodes,45,Nicandra,78217,323,19891.56121447996,78217,190,19476.26373183359,100,11.464027105135001,-46.4296439701,60.9722844168,78217,11.464027105135001,9.898101132511249,9.8770031018187,False,Solanaceae,48516.0,ok,mixed,mixed,mixed,True,"The CC0 literature synthesis classifies Nicandra physalodes as largely self-compatible (SC). | {""trait_derived_ID"":""1013991"",""ref_ID"":""10199"",""trait_ID"":""3.6.3"",""trait_value"":""bee/insect"",""genus"":""Nicandra"",""species_epithet"":""physalodes"",""author"":""(L.) Gaertn."",""matched"":""1"",""resolved"":""1"",""work_ID"":""30342"",""work_species"":""Nicandra physalodes""} | {""trait_de…",flora|review,medium
Nicotiana longiflora,51,Nicotiana,165704,111,14707.977749832438,165704,111,14707.977749832438,100,-32.305874347027995,-38.694481232,29.7082361111,165704,32.305874347027995,9.596213317627495,9.596213317627495,False,Solanaceae,48516.0,ok,unknown,,,False,The CC0 literature synthesis classifies Nicotiana longiflora as largely self-compatible (SC).,flora|review,medium
Ochna serrulata,59,Ochna,165763,108,18687.72323507404,165763,108,18687.72323507404,100,-27.175115521048,-36.8864343902,22.4441717496,165763,27.175115521048,9.835675585386067,9.835675585386067,False,Ochnaceae,71579.0,ok,unknown,,,False,unknown,review,medium
Odontites luteus,66,Odontites,497526,162,3800.913055135254,497526,162,3800.913055135254,100,44.462688955342,40.2867142076,52.6313494116,497526,44.462688955342,8.243259654595219,8.243259654595219,False,Orobanchaceae,47322.0,ok,mixed,mixed,mixed,True,"{""trait_derived_ID"":""4497784"",""ref_ID"":""10313"",""trait_ID"":""3.6.2"",""trait_value"":""insect"",""genus"":""Odontites"",""species_epithet"":""luteus"",""author"":""(L.) Clairv."",""matched"":""1"",""resolved"":""1"",""work_ID"":""30640"",""work_species"":""Odontites luteus""}",review,medium
Olearia lirata,68,Olearia,404291,114,957.1795509858964,404291,114,957.1795509858964,100,-38.346265631554004,-43.1368953171,-34.7895948304,404291,38.346265631554004,6.865035183150432,6.865035183150432,False,Asteraceae,47604.0,ok,mixed,mixed,mixed,True,Bulk source austraits_all_target_floral_v7.0.0 record austraits:White_2020:1666658: pollination_syndrome = insect. | Bulk source austraits_all_target_floral_v7.0.0 record austraits:Williams_2011:1725885: pollination_system = biotic_unspecialised.,review,medium
Olsynium biflorum,47,Olsynium,346964,117,983.8435104679796,346964,117,983.8435104679796,100,-52.121046302291,-55.0534504463,-46.5667895103,346964,52.121046302291,6.892482755929157,6.892482755929157,False,Iridaceae,47781.0,ok,unknown,,,False,unknown,inference,low
Omphalodes verna,62,Omphalodes,165840,117,2638.4683097272773,165840,117,2638.4683097272773,100,51.137817711701,44.45926883,64.2242253108,165840,51.137817711701,7.878332778026518,7.878332778026518,False,Boraginaceae,48150.0,ok,mixed,mixed,mixed,True,"{""trait_derived_ID"":""4500375"",""ref_ID"":""10313"",""trait_ID"":""3.6.2"",""trait_value"":""insect"",""genus"":""Omphalodes"",""species_epithet"":""verna"",""author"":""Moench"",""matched"":""1"",""resolved"":""1"",""work_ID"":""30883"",""work_species"":""Omphalodes verna""} | {""trait_derived_ID"":""4508665"",""ref_ID"":""10315"",""trait_ID"":""3.6.3"",""trait_value"":""insect"",""genus"":""Omphalodes"",""species_ep…",review,medium
Oreomecon alpina,73,Oreomecon,1473089,234,2011.2887673197304,1473089,190,2011.2887673197304,100,46.203167470833996,42.0831680635,47.7881997353,1473089,46.203167470833996,7.6070280434459745,7.6070280434459745,False,Papaveraceae,47332.0,ok,,,,False,,,
Ornithopus compressus,52,Ornithopus,334746,119,19953.30890117819,334746,119,19953.30890117819,100,15.161240451192,-43.5660499533,47.8251451547,334746,15.161240451192,9.901200384018066,9.901200384018066,False,,,error:HTTPError:HTTP Error 429: normal_throttling,mixed,mixed,mixed,True,"The CC0 literature synthesis classifies Ornithopus compressus as largely self-compatible (SC). | {""trait_derived_ID"":""1746993"",""ref_ID"":""10247"",""trait_ID"":""3.6.2"",""trait_value"":""insect"",""genus"":""Ornithopus"",""species_epithet"":""compressus"",""author"":"""",""matched"":""1"",""resolved"":""1"",""work_ID"":""31273"",""work_species"":""Ornithopus compressus""}",review,medium
Oxalis violacea,50,Oxalis,81796,485,3357.424669316605,81796,193,2406.2638374529984,100,37.439447135673,18.7916055597,47.70341165,81796,37.439447135673,8.119227294595788,7.786246044344811,False,Oxalidaceae,47759.0,ok,unknown,,,False,unknown,inference,low
Oxytropis campestris,45,Oxytropis,154238,245,9122.574088787103,154238,167,9122.574088787103,100,51.342304714577004,41.2391911908,68.730714,154238,51.342304714577004,9.118616901997655,9.118616901997655,False,Fabaceae,47122.0,ok,unknown,,,False,The CC0 literature synthesis classifies Oxytropis campestris as largely self-incompatible (SI).,review,medium
Papaver dubium,44,Papaver,55918,448,19982.84418353291,55918,170,19982.84418353291,100,37.841943678763,-45.6201549716,58.424323,55918,37.841943678763,9.902679435273958,9.902679435273958,False,Papaveraceae,47332.0,ok,mixed,mixed,mixed,True,"{""trait_derived_ID"":""1747029"",""ref_ID"":""10247"",""trait_ID"":""3.6.2"",""trait_value"":""insect"",""genus"":""Papaver"",""species_epithet"":""dubium"",""author"":"""",""matched"":""1"",""resolved"":""1"",""work_ID"":""31985"",""work_species"":""Papaver dubium""} | {""trait_derived_ID"":""4500457"",""ref_ID"":""10313"",""trait_ID"":""3.6.2"",""trait_value"":""insect"",""genus"":""Papaver"",""species_epithet"":""dubiu…",flora|review,medium
Parthenium confertum,82,Parthenium,166157,147,1272.002404634444,166157,147,1272.002404634444,100,29.32353430149,24.6504466667,35.6829515862,166157,29.32353430149,7.149133487506482,7.149133487506482,False,Asteraceae,47604.0,ok,,,,False,,,
Passiflora mixta,41,Passiflora,51449,136,8010.18199383726,51449,136,8010.18199383726,100,0.421315120307,-14.4252817988,37.768845,51449,0.421315120307,8.988593593949485,8.988593593949485,False,Passifloraceae,51451.0,ok,mixed,mixed,mixed,True,"{""trait_derived_ID"":""5065106"",""ref_ID"":""10328"",""trait_ID"":""3.6.2"",""trait_value"":""insect"",""genus"":""Passiflora"",""species_epithet"":""mixta"",""author"":""L.f."",""matched"":""1"",""resolved"":""1"",""work_ID"":""32337"",""work_species"":""Passiflora mixta""}",review,medium
Pectis multiseta,82,Pectis,273980,118,195.6826436446867,273980,118,195.6826436446867,100,23.615485013745,22.8777866667,24.58145,273980,23.615485013745,5.281591483803245,5.281591483803245,False,Asteraceae,47604.0,ok,unknown,,,False,unknown,inference,low
Pectis papposa,79,Pectis,78362,439,1920.6962820769488,78362,182,1681.0485466159505,100,32.976552625214,24.1098014133,39.5628591959,78362,32.976552625214,7.560963555231274,7.427767702551548,False,Asteraceae,47604.0,ok,unknown,,,False,unknown,flora,medium
Penstemon speciosus,60,Penstemon,78422,123,1520.3278416983603,78422,123,1520.3278416983603,100,42.280145256062,34.360267,47.924625,78422,42.280145256062,7.327338812556045,7.327338812556045,False,,,error:HTTPError:HTTP Error 429: normal_throttling,,,,False,,,
Pentanema squarrosum,42,Pentanema,1262449,146,4009.768538264264,1262449,139,4009.768538264264,100,46.161414358032,39.7466429543,54.2757275971,1262449,46.161414358032,8.296738157364556,8.296738157364556,False,Asteraceae,47604.0,ok,mixed,mixed,mixed,True,"{""trait_derived_ID"":""4499805"",""ref_ID"":""10313"",""trait_ID"":""3.6.2"",""trait_value"":""insect"",""genus"":""Inula"",""species_epithet"":""conyzae"",""author"":""(Griess.) Meikle"",""matched"":""1"",""resolved"":""1"",""work_ID"":""440646"",""work_species"":""Pentanema squarrosum""} | {""trait_derived_ID"":""4509970"",""ref_ID"":""10315"",""trait_ID"":""3.6.3"",""trait_value"":""bee/fly"",""genus"":""Inula"",""sp…",review,medium
Persicaria nepalensis,61,Persicaria,204377,159,19846.62740554876,204377,155,19846.62740554876,100,21.176991737483,-10.58847,54.0093559592,204377,21.176991737483,9.895839752802686,9.895839752802686,False,Polygonaceae,48382.0,ok,unknown,,,False,unknown,flora,medium
Persicaria pensylvanica,72,Persicaria,78455,437,8990.823480868956,78455,174,4636.084864047391,100,39.683114194807,19.0081108199,47.3596181345,78455,39.683114194807,9.104070941254506,8.441841185722241,False,Polygonaceae,48382.0,ok,unknown,,,False,unknown,flora,medium
Phlomoides tuberosa,63,Phlomoides,909773,154,9529.280677744538,909773,149,9529.280677744538,100,51.626518593407,41.46746749,61.2356192364,909773,51.626518593407,9.16222944823391,9.16222944823391,False,Lamiaceae,48623.0,ok,unknown,,,False,unknown,inference,low
Phlox diffusa,78,Phlox,78544,254,1800.8869350636105,78544,173,1787.5767880930089,100,43.488762376631,34.8128184442,50.2885666667,78544,43.488762376631,7.496589692061947,7.489175492131912,False,,,error:HTTPError:HTTP Error 429: normal_throttling,bumblebees,bumblebees,bee,True,"pollinated. The study showed that due to early blooming of Phlox diffusa, butterflies and bumblebees visited the flowers less frequently than expected but still are considered major pollinat",review,low
Phlox longifolia,71,Phlox,166706,323,1968.2040766614573,166706,163,1952.355334204599,100,42.095947684418,35.9861579502,49.9290481258,166706,42.095947684418,7.585384718093896,7.577303857084194,False,Polemoniaceae,48932.0,ok,,,,False,,,
Phlox roemeriana,63,Phlox,166722,149,362.7539635892785,166722,149,362.7539635892785,100,29.96279590525,29.1044852999,31.5946461084,166722,29.96279590525,5.896477714891707,5.896477714891707,False,Polemoniaceae,48932.0,ok,,,,False,,,
Pimelea serpyllifolia,53,Pimelea,526712,129,1294.352719013125,526712,128,1294.352719013125,100,-37.920889947417,-39.9075496926,-33.4678032411,526712,37.920889947417,7.166538306941997,7.166538306941997,False,Thymelaeaceae,50313.0,ok,mixed,mixed,mixed,True,Bulk source austraits_all_target_floral_v7.0.0 record austraits:Draper_2023:443095: pollination_syndrome = insect. | Bulk source austraits_all_target_floral_v7.0.0 record austraits:White_2020:1674637: pollination_syndrome = insect.,review,medium
Pinguicula vulgaris,56,Pinguicula,121266,371,9704.316493061062,121266,181,9063.752667714412,100,57.092776765331,40.5140894781,69.5414895478,121266,57.092776765331,9.180429106412028,9.112148838505025,False,Lentibulariaceae,57860.0,ok,mixed,mixed,mixed,True,"in the three alpine Drosera species. I found that all Drosera species examined were fully self-compatible and that selfing reduced pollinator-prey conflict (mediated by pollen-limitation) by redu | {""trait_derived_ID"":""4500560"",""ref_ID"":""10313"",""trait_ID"":""3.6.2"",""trait_value"":""insect"",""genus"":""Pinguicula"",""species_epithet"":""vulgaris"",""author"":""L."",""matched…",inference|review,low
Piqueria trinervia,69,Piqueria,289775,104,1401.4892999336157,289775,104,1401.4892999336157,100,19.922677538066,16.6811083333,23.6411371235,289775,19.922677538066,7.246004008086904,7.246004008086904,False,Asteraceae,47604.0,ok,unknown,,,False,unknown,inference,low
Pittosporum revolutum,41,Pittosporum,353972,251,2107.3286382270885,353972,190,2107.3286382270885,100,-30.944401190906,-37.4737478669,-18.83877,353972,30.944401190906,7.653650797997268,7.653650797997268,False,Pittosporaceae,51596.0,ok,mixed,mixed,mixed,True,Bulk source austraits_all_target_floral_v7.0.0 record austraits:White_2020:1674929: pollination_syndrome = insect.,review,medium
Plantago media,52,Plantago,59779,408,9291.697891538275,59779,184,8957.362682114272,100,51.658851549541,40.6878829824,66.3374249192,59779,51.658851549541,9.136984197778743,9.100342752899476,False,Plantaginaceae,50638.0,ok,mixed,mixed,mixed,True,"{""trait_derived_ID"":""4509668"",""ref_ID"":""10315"",""trait_ID"":""3.6.3"",""trait_value"":""bee/beetle/butterfly/fly"",""genus"":""Plantago"",""species_epithet"":""media"",""author"":""L."",""matched"":""1"",""resolved"":""1"",""work_ID"":""34867"",""work_species"":""Plantago media""}",flora|review,medium
Polycalymma stuartii,76,Polycalymma,324403,136,1651.994678730964,324403,136,1651.994678730964,100,-30.37053431582,-35.5834390483,-22.9659625187,324403,30.37053431582,7.410343878657321,7.410343878657321,False,Asteraceae,47604.0,ok,,,,False,,,
Polygala comosa,43,Polygala,447849,126,5895.967089640848,447849,126,5895.967089640848,100,52.132150936942,43.7521738723,59.6135739851,447849,52.132150936942,8.682193445120229,8.682193445120229,False,Polygalaceae,61207.0,ok,mixed,mixed,mixed,True,"{""trait_derived_ID"":""4500634"",""ref_ID"":""10313"",""trait_ID"":""3.6.2"",""trait_value"":""insect"",""genus"":""Polygala"",""species_epithet"":""comosa"",""author"":""Schkuhr"",""matched"":""1"",""resolved"":""1"",""work_ID"":""57505"",""work_species"":""Polygala comosa""} | {""trait_derived_ID"":""4508724"",""ref_ID"":""10315"",""trait_ID"":""3.6.3"",""trait_value"":""bee"",""genus"":""Polygala"",""species_epithet""…",review,medium
Portulaca suffrutescens,58,Portulaca,167315,128,1332.3477991478258,167315,128,1332.3477991478258,100,31.212421976247,23.1105945,34.8782769293,167315,31.212421976247,7.1954482007359335,7.1954482007359335,False,Portulacaceae,47365.0,ok,,,,False,,,
Potentilla concinna,82,Potentilla,78723,146,2074.247875827328,78723,125,2074.247875827328,100,49.557974214091,37.9852666667,55.253925,78723,49.557974214091,7.63783588376027,7.63783588376027,False,Rosaceae,47148.0,ok,,,,False,,,
Potentilla indica,45,Potentilla,243824,538,19875.913926613302,243824,190,19920.56189765767,100,28.858366506868002,-43.5931201324,55.7046104835,243824,28.858366506868002,9.89731423308054,9.899557936581754,False,Rosaceae,47148.0,ok,mixed,mixed,mixed,True,"Bulk source austraits_all_target_floral_v7.0.0 record austraits:Stephens_2023:1282165: pollination_system = insect. | {""trait_derived_ID"":""1747165"",""ref_ID"":""10247"",""trait_ID"":""3.6.2"",""trait_value"":""insect"",""genus"":""Potentilla"",""species_epithet"":""indica"",""author"":"""",""matched"":""1"",""resolved"":""1"",""work_ID"":""50880"",""work_species"":""Potentilla indica""} | {""trait…",review,medium
Potentilla simplex,75,Potentilla,82097,464,3202.350707365856,82097,192,3124.6543357210094,100,40.439467898293,30.5685883333,47.8649244499,82097,40.439467898293,8.07195263701696,8.047398927682737,False,Rosaceae,47148.0,ok,unknown,,,False,unknown,inference,low
Primula elatior,58,Primula,55840,508,7514.757720226781,55840,189,7309.149158237571,100,51.133729238012,41.9515380539,65.9597760616,55840,51.133729238012,8.924757124812457,8.897018957219315,False,Primulaceae,48064.0,ok,mixed,mixed,mixed,True,"The CC0 literature synthesis classifies Primula elatior as largely self-incompatible (SI). | {""trait_derived_ID"":""4500761"",""ref_ID"":""10313"",""trait_ID"":""3.6.2"",""trait_value"":""insect"",""genus"":""Primula"",""species_epithet"":""elatior"",""author"":""(L.) Hill"",""matched"":""1"",""resolved"":""1"",""work_ID"":""36191"",""work_species"":""Primula elatior""} | {""trait_derived_ID"":""450924…",review,medium
Prunus mahaleb,52,Prunus,126808,201,19598.94517150423,126808,179,19598.94517150423,100,44.675996127501,-41.29384868,56.1226971667,126808,44.675996127501,9.883282047842464,9.883282047842464,False,,,error:HTTPError:HTTP Error 429: normal_throttling,mixed,mixed,mixed,True,"The CC0 literature synthesis classifies Prunus mahaleb as largely self-compatible (SC). | {""trait_derived_ID"":""4500789"",""ref_ID"":""10313"",""trait_ID"":""3.6.2"",""trait_value"":""insect"",""genus"":""Prunus"",""species_epithet"":""mahaleb"",""author"":""L."",""matched"":""1"",""resolved"":""1"",""work_ID"":""36375"",""work_species"":""Prunus mahaleb""} | {""trait_derived_ID"":""4510777"",""ref_ID"":…",flora|review,medium
Pseudo-fumaria lutea,68,Pseudo-fumaria,1686778,386,9451.899967081716,1686778,181,19537.36307626865,100,49.410955449564,38.0381813049,60.6699485779,1686778,49.410955449564,9.154076848234803,9.880135149122866,False,Papaveraceae,47332.0,ok,,,,False,,,
Pseudognaphalium affine,82,Pseudognaphalium,357436,102,5190.738768539829,357436,102,5190.738768539829,100,29.636965458230996,22.0202866667,38.6092624108,357436,29.636965458230996,8.554823942892359,8.554823942892359,False,Asteraceae,47604.0,ok,unknown,,,False,unknown,inference,low
Pulmonaria obscura,47,Pulmonaria,245677,394,8374.043220772846,245677,155,3745.1362426214696,100,53.208891790152,43.3683831,61.4485615671,245677,53.208891790152,9.033011517369246,8.22848025250322,False,Boraginaceae,48150.0,ok,mixed,mixed,mixed,True,"{""trait_derived_ID"":""4500831"",""ref_ID"":""10313"",""trait_ID"":""3.6.2"",""trait_value"":""insect"",""genus"":""Pulmonaria"",""species_epithet"":""obscura"",""author"":""Dumort."",""matched"":""1"",""resolved"":""1"",""work_ID"":""37291"",""work_species"":""Pulmonaria obscura""}",review,medium
Pultenaea villosa,65,Pultenaea,334802,199,1193.5555456384084,334802,137,1190.8147689500329,100,-29.872998819449,-35.8198627831,-25.2114974652,334802,29.872998819449,7.085529466847053,7.083232440374067,False,Fabaceae,47122.0,ok,unknown,,,False,unknown,review,medium
Purshia stansburyana,48,Purshia,78787,194,1633.9135825863875,78787,164,1148.7687295923024,100,37.088489101797,29.5650783333,41.6174441972,78787,37.088489101797,7.399345227247271,7.047316096430688,False,Rosaceae,47148.0,ok,,,,False,,,
Pycnanthemum virginianum,85,Pycnanthemum,154473,220,2170.6552184878765,154473,177,2170.270530216972,100,42.162592601487006,35.0433166667,47.6402427089,154473,42.162592601487006,7.683244929267367,7.683067772993385,False,Lamiaceae,48623.0,ok,unknown,,,False,unknown,inference,low
Pyrola elliptica,44,Pyrola,82515,388,3834.5999767354415,82515,174,2884.59527561403,100,45.00706013236599,38.9362299419,53.5998125144,82515,45.00706013236599,8.252081149214098,7.9674864923596935,False,Ericaceae,133387.0,ok,unknown,,,False,unknown,flora,medium
Ranunculus kuepferi,79,Ranunculus,210266,112,569.838066164321,210266,112,569.838066164321,100,45.587940979924994,44.0899725559,47.1174245,210266,45.587940979924994,6.347105572524681,6.347105572524681,False,,,error:HTTPError:HTTP Error 429: normal_throttling,unknown,,,False,unknown,inference,low
Ranunculus lyallii,70,Ranunculus,354562,371,547.8111198104075,354562,179,545.2116731599341,100,-43.812749324432,-46.7435386118,-42.6295206356,354562,43.812749324432,6.307754338251606,6.303006580396615,False,Ranunculaceae,48231.0,ok,unknown,,,False,unknown,inference,low
Ranunculus trichophyllus,74,Ranunculus,486980,108,19805.930609481195,486980,108,19805.930609481195,100,25.098134185097003,-46.3915935713,64.3908160514,486980,25.098134185097003,9.893787186218022,9.893787186218022,False,,,error:HTTPError:HTTP Error 429: normal_throttling,mixed,mixed,mixed,True,"Bulk source austraits_all_target_floral_v7.0.0 record austraits:White_2020:1584951: pollination_syndrome = insect. | Bulk source austraits_all_target_floral_v7.0.0 record austraits:White_2020:1689806: pollination_syndrome = insect. | {""trait_derived_ID"":""4500929"",""ref_ID"":""10313"",""trait_ID"":""3.6.2"",""trait_value"":""insect"",""genus"":""Ranunculus"",""species_epithe…",review,medium
Ranunculus uncinatus,44,Ranunculus,63898,153,2399.92262810885,63898,153,2399.92262810885,100,46.103237489769,37.2964005454,57.0735398594,63898,46.103237489769,7.783608370841067,7.783608370841067,False,Ranunculaceae,48231.0,ok,unknown,,,False,unknown,flora,medium
Rhododendron canadense,45,Rhododendron,153942,388,1952.0809004855032,153942,191,1951.2862928628351,100,45.315609157294006,41.1125991326,50.2815833333,153942,45.315609157294006,7.5771633537184355,7.576756422644202,False,Ericaceae,133387.0,ok,unknown,,,False,"Reported index values for Rhododendron canadense: [1, 1]; consistently high indices support self-compatibility. Source reference keys: Wheelwright_etal_2006.",flora|review,medium
Rhododendron catawbiense,48,Rhododendron,49486,275,794.3545456786431,49486,184,787.9957456327475,100,36.642287174907004,33.80652,39.6307216667,49486,36.642287174907004,6.678787984646631,6.67076092873089,False,Ericaceae,133387.0,ok,unknown,,,False,unknown,flora,medium
Rhododendron pseudochrysanthum,50,Rhododendron,524497,201,299.4782170570167,524497,141,299.4782170570167,100,24.008844997917,22.6144389318,25.1918888889,524497,24.008844997917,5.705375262352855,5.705375262352855,False,Ericaceae,133387.0,ok,unknown,,,False,unknown,flora,medium
Rhododendron tomentosum,61,Rhododendron,516757,491,8837.356686077797,516757,191,8402.067574219629,100,60.397298114098,47.814129,72.4738533333,516757,60.397298114098,9.08685624311096,9.036352105573812,False,,,error:HTTPError:HTTP Error 429: normal_throttling,mixed,mixed,mixed,True,"{""trait_derived_ID"":""4499985"",""ref_ID"":""10313"",""trait_ID"":""3.6.2"",""trait_value"":""insect"",""genus"":""Ledum"",""species_epithet"":""palustre"",""author"":""L."",""matched"":""1"",""resolved"":""1"",""work_ID"":""440817"",""work_species"":""Rhododendron tomentosum""}",flora|review,medium
Rhynchospora colorata,51,Rhynchospora,132685,140,4005.173109403297,132685,140,4005.173109403297,100,27.981709011558,5.2166963567,36.687954,132685,27.981709011558,8.295591727824155,8.295591727824155,False,Cyperaceae,47161.0,ok,unknown,,,False,unknown,inference,low
Rorippa palustris,63,Rorippa,64162,258,19279.361931999967,64162,158,19201.086776840817,100,40.874718333327,-46.5531381798,69.2469722222,64162,40.874718333327,9.866842340394975,9.862774238403738,False,Brassicaceae,47204.0,ok,mixed,mixed,mixed,True,"The CC0 literature synthesis classifies Rorippa palustris as largely self-compatible (SC). | {""trait_derived_ID"":""4500981"",""ref_ID"":""10313"",""trait_ID"":""3.6.2"",""trait_value"":""insect"",""genus"":""Rorippa"",""species_epithet"":""palustris"",""author"":""(L.) Besser"",""matched"":""1"",""resolved"":""1"",""work_ID"":""38661"",""work_species"":""Rorippa palustris""} | {""trait_derived_ID"":""…",flora|review,medium
Rosa blanda,50,Rosa,83062,120,2572.3230322929435,83062,120,2572.3230322929435,100,44.723776261158,39.9170830906,55.7526409726,83062,44.723776261158,7.85295335134773,7.85295335134773,False,Rosaceae,47148.0,ok,unknown,,,False,unknown,flora,medium
Rosa multiflora,71,Rosa,78882,535,11746.212392483903,78882,196,11529.10559019056,100,40.68258016151,32.8734624,52.5434524841,78882,40.68258016151,9.371371248232828,9.352716771086788,False,Rosaceae,47148.0,ok,mixed,mixed,mixed,True,"{""trait_derived_ID"":""4510971"",""ref_ID"":""10315"",""trait_ID"":""3.6.3"",""trait_value"":""insect"",""genus"":""Rosa"",""species_epithet"":""multiflora"",""author"":""Thunb."",""matched"":""1"",""resolved"":""1"",""work_ID"":""38700"",""work_species"":""Rosa multiflora""}",flora|review,medium
Rubus chamaemorus,58,Rubus,153003,408,8569.839783503727,153003,149,8290.970278526891,100,58.514371657079,44.2528103575,78.6335145709,153003,58.514371657079,9.05612099786496,9.023042889194071,False,Rosaceae,47148.0,ok,unknown,,,False,unknown,flora,medium
Rubus odoratus,50,Rubus,62377,483,9887.915499091938,62377,192,7587.97735687989,100,43.347599113457,35.343025,63.8435482802,62377,43.347599113457,9.199169762293847,8.934452125723073,False,Rosaceae,47148.0,ok,mixed,mixed,mixed,True,"{""trait_derived_ID"":""4510747"",""ref_ID"":""10315"",""trait_ID"":""3.6.3"",""trait_value"":""insect"",""genus"":""Rubus"",""species_epithet"":""odoratus"",""author"":""L."",""matched"":""1"",""resolved"":""1"",""work_ID"":""39100"",""work_species"":""Rubus odoratus""}",flora|review,medium
Rubus trivialis,61,Rubus,69714,507,2296.3828068986327,69714,164,2277.49765010322,100,31.329447050835,26.1276439538,38.4594826411,69714,31.329447050835,7.739525843961978,7.731271579368413,False,Rosaceae,47148.0,ok,unknown,,,False,unknown,flora,medium
Rudbeckia triloba,75,Rudbeckia,136376,582,9117.632552245015,136376,198,2342.1477103797943,100,39.765208169914,30.7951995646,50.1421671168,136376,39.765208169914,9.118075132379516,7.759250479789877,False,Asteraceae,47604.0,ok,unknown,,,False,unknown,flora,medium
Sagittaria lancifolia,59,Sagittaria,69813,244,5952.330130841995,69813,175,4032.3893274541406,100,28.097873033631,4.85973559,39.06757217,69813,28.097873033631,8.69170602782976,8.302362325660226,False,Alismataceae,48072.0,ok,unknown,,,False,unknown,inference,low
Sagittaria latifolia,68,Sagittaria,48070,397,10113.241808921828,48070,152,10059.006953768096,100,41.534746449821995,18.15689,53.7014027268,48070,41.534746449821995,9.221699789691268,9.216323134882924,False,Alismataceae,48072.0,ok,mixed,mixed,mixed,True,"The CC0 literature synthesis classifies Sagittaria latifolia as largely self-compatible (SC). | {""trait_derived_ID"":""1014945"",""ref_ID"":""10199"",""trait_ID"":""3.6.3"",""trait_value"":""insect"",""genus"":""Sagittaria"",""species_epithet"":""latifolia"",""author"":""Willd."",""matched"":""1"",""resolved"":""1"",""work_ID"":""39558"",""work_species"":""Sagittaria latifolia""}",review,medium
Sairocarpus pusillus,43,Sairocarpus,84744,103,766.4899906999768,84744,103,766.4899906999768,100,33.199434414045,29.1595810326,35.3468333333,84744,33.199434414045,6.643125437943057,6.643125437943057,False,,,error:HTTPError:HTTP Error 429: normal_throttling,,,,False,,,
Salvia amarissima,49,Salvia,278915,224,1068.4579143612712,278915,148,1043.6224503660646,100,19.430768208756,16.5455927096,21.5333969876,278915,19.430768208756,6.974907176987349,6.95141080760168,False,Lamiaceae,48623.0,ok,,,,False,,,
Salvia hispanica,61,Salvia,53219,161,19211.56666850136,53219,161,19211.56666850136,100,13.917968639008,-39.1152833333,52.3867581775,53219,13.917968639008,9.863319857899457,9.863319857899457,False,Lamiaceae,48623.0,ok,mixed,mixed,mixed,True,"All 8 directly reported Salvia species across meyer_galloway_eckert_2026_dryad, razanajatovo_etal_2016_nature_communications have state SC; the target itself is unreported. | {""trait_derived_ID"":""1014978"",""ref_ID"":""10199"",""trait_ID"":""3.6.3"",""trait_value"":""bee"",""genus"":""Salvia"",""species_epithet"":""hispanica"",""author"":""L."",""matched"":""1"",""resolved"":""1"",""work_ID…",inference|review,low
Salvia lavanduloides,47,Salvia,194529,284,2207.076290627478,194529,154,2051.899415613376,100,19.805990611909998,15.108617,26.6415700996,194529,19.805990611909998,7.699876958714701,7.627008421962571,False,Lamiaceae,48623.0,ok,,,,False,,,
Salvia polystachia,43,Salvia,1349529,409,2773.4164294830885,1349529,164,1639.9655317190952,100,19.226742509136,9.8822208937,25.5292361749,1349529,19.226742509136,7.9281957083835275,7.403040086432624,False,Lamiaceae,48623.0,ok,unknown,,,False,"All 8 directly reported Salvia species across meyer_galloway_eckert_2026_dryad, razanajatovo_etal_2016_nature_communications have state SC; the target itself is unreported.",inference,low
Salvia prunelloides,48,Salvia,278933,174,1619.4785587456197,278933,143,1619.4785587456197,100,21.385928822308003,16.1705583333,26.7312878597,278933,21.385928822308003,7.39047679123558,7.39047679123558,False,Lamiaceae,48623.0,ok,,,,False,,,
Salvia verticillata,44,Salvia,128689,260,5555.62904078349,128689,174,3886.6362436177865,100,48.743855063587,39.86784534,55.8284122065,128689,48.743855063587,8.622746915749094,8.265556602463157,False,Lamiaceae,48623.0,ok,mixed,mixed,mixed,True,"All 8 directly reported Salvia species across meyer_galloway_eckert_2026_dryad, razanajatovo_etal_2016_nature_communications have state SC; the target itself is unreported. | {""trait_derived_ID"":""4501158"",""ref_ID"":""10313"",""trait_ID"":""3.6.2"",""trait_value"":""insect"",""genus"":""Salvia"",""species_epithet"":""verticillata"",""author"":""L."",""matched"":""1"",""resolved"":""1"",""w…",inference|review,low
Sambucus mexicana,46,Sambucus,1203426,149,789.8940504053951,1203426,149,789.8940504053951,100,33.591089287947,32.5435863809,38.6335966667,1203426,33.591089287947,6.673164014934674,6.673164014934674,False,Viburnaceae,781703.0,ok,unknown,,,False,unknown,review,low
Sanguinaria canadensis,68,Sanguinaria,51044,571,2597.606240941412,51044,198,8087.27372843965,100,42.10218643363,34.6324416667,47.255239268,51044,42.10218643363,7.862730519101032,8.998170603901068,False,Papaveraceae,47332.0,ok,mixed,,,False,"The CC0 literature synthesis classifies Sanguinaria canadensis as largely self-compatible (SC). | Reported index values for Sanguinaria canadensis: [0.946809, 1]; consistently high indices support self-compatibility. Source reference keys: Motten_1986. | juntando las hojas mientras florece. Las flores son polinizadas por abejas pequeñas y las moscas, las se…",flora|review,low
Satureja montana,60,Satureja,168442,129,2456.4332307310665,168442,129,2456.4332307310665,100,43.029991621385996,37.2617770935,51.3711527597,168442,43.029991621385996,7.8068726820616074,7.8068726820616074,False,Lamiaceae,48623.0,ok,mixed,mixed,mixed,True,"{""trait_derived_ID"":""4509115"",""ref_ID"":""10315"",""trait_ID"":""3.6.3"",""trait_value"":""insect"",""genus"":""Satureja"",""species_epithet"":""montana"",""author"":""L."",""matched"":""1"",""resolved"":""1"",""work_ID"":""40059"",""work_species"":""Satureja montana""}",review,medium
Saxifraga granulata,69,Saxifraga,124135,473,3210.461087167568,124135,176,3184.117220019424,100,47.948719977065004,36.76877,59.8964616667,124135,47.948719977065004,8.07448127990875,8.066244371102782,False,Saxifragaceae,48386.0,ok,mixed,mixed,mixed,True,"{""trait_derived_ID"":""4501182"",""ref_ID"":""10313"",""trait_ID"":""3.6.2"",""trait_value"":""insect"",""genus"":""Saxifraga"",""species_epithet"":""granulata"",""author"":""L."",""matched"":""1"",""resolved"":""1"",""work_ID"":""40114"",""work_species"":""Saxifraga granulata""}",review,medium
Saxifraga tridactylites,52,Saxifraga,168479,410,11107.294667505435,168479,182,11086.79258757822,100,46.951963660890996,34.821145,60.2992772218,168479,46.951963660890996,9.315447375578032,9.313600015228229,False,Saxifragaceae,48386.0,ok,mixed,mixed,mixed,True,"{""trait_derived_ID"":""4501190"",""ref_ID"":""10313"",""trait_ID"":""3.6.2"",""trait_value"":""insect"",""genus"":""Saxifraga"",""species_epithet"":""tridactylites"",""author"":""L."",""matched"":""1"",""resolved"":""1"",""work_ID"":""40148"",""work_species"":""Saxifraga tridactylites""} | {""trait_derived_ID"":""4507758"",""ref_ID"":""10315"",""trait_ID"":""3.6.3"",""trait_value"":""insect"",""genus"":""Saxifraga"",""s…",flora|review,medium
Scilla bifolia,51,Scilla,56934,495,10113.472764423306,56934,189,9260.76033427042,100,46.620546120680004,38.9477269552,54.2189297318,56934,46.620546120680004,9.221722624113164,9.133649410466473,False,Asparagaceae,47599.0,ok,mixed,mixed,mixed,True,"{""trait_derived_ID"":""4501220"",""ref_ID"":""10313"",""trait_ID"":""3.6.2"",""trait_value"":""insect"",""genus"":""Scilla"",""species_epithet"":""bifolia"",""author"":""L."",""matched"":""1"",""resolved"":""1"",""work_ID"":""40545"",""work_species"":""Scilla bifolia""} | {""trait_derived_ID"":""4509080"",""ref_ID"":""10315"",""trait_ID"":""3.6.3"",""trait_value"":""insect"",""genus"":""Scilla"",""species_epithet"":""bifo…",review,medium
Scilla luciliae,59,Scilla,244100,160,10247.41171144228,244100,160,10247.41171144228,100,49.524755273896,38.6956387021,65.5807883333,244100,49.524755273896,9.23487801757855,9.23487801757855,False,Asparagaceae,47599.0,ok,unknown,,,False,unknown,inference,low
Scilla verna,63,Scilla,129499,441,2554.247935408418,129499,185,2175.442705347748,100,48.854415937033,37.8987067971,60.82740074,129499,48.854415937033,7.8459045372285905,7.685447036431643,False,,,error:HTTPError:HTTP Error 429: normal_throttling,unknown,,,False,unknown,inference,low
Senecio mohavensis,66,Senecio,79050,119,356.65944358455295,79050,119,356.65944358455295,100,33.451649360644,32.8319399366,34.2447056556,79050,33.451649360644,5.879581258748098,5.879581258748098,False,Asteraceae,47604.0,ok,unknown,,,False,unknown,inference,low
Senecio ovatus,43,Senecio,336370,169,1801.0280625357857,336370,169,1801.0280625357857,100,47.678670531125,41.848725,52.1348934095,336370,47.678670531125,7.496668011041357,7.496668011041357,False,Asteraceae,47604.0,ok,mixed,mixed,mixed,True,"The CC0 literature synthesis classifies Senecio ovatus as largely self-compatible (SC). | {""trait_derived_ID"":""4501310"",""ref_ID"":""10313"",""trait_ID"":""3.6.2"",""trait_value"":""insect"",""genus"":""Senecio"",""species_epithet"":""ovatus"",""author"":""(P. Gaertn., B. Mey. & Scherb.) Willd."",""matched"":""1"",""resolved"":""1"",""work_ID"":""41148"",""work_species"":""Senecio ovatus""} | {""t…",review,medium
Senecio triangularis,58,Senecio,79055,220,3878.5432210271897,79055,166,3868.952327205527,100,47.48449082418401,33.80058,64.6578855775,79055,47.48449082418401,8.263472699147622,8.26099746739641,False,Asteraceae,47604.0,ok,unknown,,,False,unknown,review,medium
Senecio vernalis,82,Senecio,336378,253,3981.497932896833,336378,150,3981.497932896833,100,47.173007087855005,31.7699611111,56.9798575095,336378,47.173007087855005,8.289664522737448,8.289664522737448,False,Asteraceae,47604.0,ok,mixed,mixed,mixed,True,"{""trait_derived_ID"":""4501320"",""ref_ID"":""10313"",""trait_ID"":""3.6.2"",""trait_value"":""insect"",""genus"":""Senecio"",""species_epithet"":""vernalis"",""author"":""Waldst. & Kit."",""matched"":""1"",""resolved"":""1"",""work_ID"":""442496"",""work_species"":""Senecio vernalis""} | {""trait_derived_ID"":""4507652"",""ref_ID"":""10315"",""trait_ID"":""3.6.3"",""trait_value"":""insect"",""genus"":""Senecio"",""spec…",review,medium
Senegalia berlandieri,71,Senegalia,898697,138,810.0331853225607,898697,138,810.0331853225607,100,28.065485353409,24.7476887271,30.5928465645,898697,28.065485353409,6.698308972294973,6.698308972294973,False,Fabaceae,47122.0,ok,,,,False,,,
Senna artemisioides,75,Senna,79058,129,16657.130394143085,79058,129,16657.130394143085,100,-17.644663548558,-37.8700633333,34.9061133333,79058,17.644663548558,9.72065368818365,9.72065368818365,False,Fabaceae,47122.0,ok,mixed,mixed,mixed,True,Bulk source austraits_all_target_floral_v7.0.0 record austraits:Draper_2023:444939: pollination_syndrome = insect. | Bulk source austraits_all_target_floral_v7.0.0 record austraits:White_2020:1598571: pollination_syndrome = insect. | Bulk source austraits_all_target_floral_v7.0.0 record austraits:White_2020:1699292: pollination_syndrome = insect.,review,medium
Senna hebecarpa,47,Senna,136373,137,2039.2993660950992,136373,137,2039.2993660951,100,40.424208563527,35.4488505015,43.7998189763,136373,40.424208563527,7.620851824157648,7.620851824157648,False,Fabaceae,47122.0,ok,unknown,,,False,unknown,inference,low
Sericocarpus linifolius,52,Sericocarpus,168857,103,2081.09508482,168857,103,2081.09508482,100,34.916553945606005,30.450927845,42.6420366667,168857,34.916553945606005,7.641129918074437,7.641129918074437,False,Asteraceae,47604.0,ok,unknown,,,False,unknown,inference,low
Sesbania drummondii,44,Sesbania,120011,110,1633.12973529918,120011,110,1633.12973529918,100,29.93807640204,26.18553,33.7568865706,120011,29.93807640204,7.398865669636063,7.398865669636063,False,,,error:HTTPError:HTTP Error 429: normal_throttling,unknown,,,False,unknown,inference,low
Sidalcea candida,53,Sidalcea,168940,140,7537.7388892178915,168940,140,7537.7388892178915,100,38.288819956917,32.829,57.2392961691,168940,38.288819956917,8.927810190941248,8.927810190941248,False,Malvaceae,48797.0,ok,unknown,,,False,unknown,flora,medium
Sideranthus spinulosus,86,Sideranthus,1686721,196,3782.3776162454215,1686721,170,3782.3776162454215,100,37.049859823354,21.2527861607,53.8394439002,1686721,37.049859823354,8.238372438907412,8.238372438907412,False,Asteraceae,47604.0,ok,,,,False,,,
Sisymbrium irio,65,Sisymbrium,58085,321,18435.126975447223,58085,150,18608.55056093274,100,26.750623912578,-35.1115545,53.3356424431,58085,26.750623912578,9.822067441180927,9.831430198938047,False,Brassicaceae,47204.0,ok,mixed,mixed,mixed,True,"The CC0 literature synthesis classifies Sisymbrium irio as largely self-compatible (SC). | {""trait_derived_ID"":""4501392"",""ref_ID"":""10313"",""trait_ID"":""3.6.2"",""trait_value"":""insect"",""genus"":""Sisymbrium"",""species_epithet"":""irio"",""author"":""L."",""matched"":""1"",""resolved"":""1"",""work_ID"":""41763"",""work_species"":""Sisymbrium irio""} | {""trait_derived_ID"":""4507663"",""ref_I…",flora|review,medium
Sixalix atropurpurea,49,Sixalix,372376,398,19771.92362139673,372376,163,19725.60966881515,100,18.303851425552,-45.0686106996,51.9063772987,372376,18.303851425552,9.892068786940737,9.889723747901137,False,Caprifoliaceae,48527.0,ok,unknown,,,False,unknown,review,medium
Solanum crispum,51,Solanum,406068,122,19155.42538855468,406068,122,19155.42538855468,100,-29.476354717116,-45.8641056151,53.3073751827,406068,29.476354717116,9.860393467759824,9.860393467759824,False,,,error:HTTPError:HTTP Error 429: normal_throttling,unknown,,,False,The CC0 literature synthesis classifies Solanum crispum as largely self-incompatible (SI).,review,medium
Solanum elaeagnifolium,53,Solanum,79137,516,17740.43539078479,79137,189,16720.31735927457,100,17.4887634132,-38.6952489966,44.9634234768,79137,17.4887634132,9.783658165261388,9.724439672965266,False,Solanaceae,48516.0,ok,unknown,,,False,unknown,flora,medium
Solanum furcatum,48,Solanum,79138,126,12822.839530730887,79138,126,12822.839530730887,100,-6.896616141531,-43.8537317098,42.6832166667,79138,6.896616141531,9.459061181011698,9.459061181011698,False,Solanaceae,48516.0,ok,unknown,,,False,The CC0 literature synthesis classifies Solanum furcatum as largely self-compatible (SC).,flora|review,medium
Solanum laxum,48,Solanum,128667,131,19894.83964963936,128667,131,19894.83964963936,100,-8.063599980966,-43.6048964771,53.1452919754,128667,8.063599980966,9.898265926023711,9.898265926023711,False,Solanaceae,48516.0,ok,mixed,mixed,mixed,True,"The CC0 literature synthesis classifies Solanum laxum as largely self-incompatible (SI). | {""trait_derived_ID"":""1747335"",""ref_ID"":""10247"",""trait_ID"":""3.6.2"",""trait_value"":""insect"",""genus"":""Solanum"",""species_epithet"":""jasminoides"",""author"":"""",""matched"":""1"",""resolved"":""1"",""work_ID"":""49216"",""work_species"":""Solanum laxum""}",review,medium
Solanum lycopersicum,46,Solanum,51737,410,19973.432417039363,51737,188,19973.432417039363,100,20.557815725273,-43.6416083333,60.279240753,51737,20.557815725273,9.902208355564406,9.902208355564406,False,Solanaceae,48516.0,ok,mixed,mixed,mixed,True,"The CC0 literature synthesis classifies Solanum lycopersicum as largely self-compatible (SC). | {""trait_derived_ID"":""1015324"",""ref_ID"":""10199"",""trait_ID"":""3.6.3"",""trait_value"":""insect"",""genus"":""Solanum"",""species_epithet"":""lycopersicum"",""author"":""L."",""matched"":""1"",""resolved"":""1"",""work_ID"":""41975"",""work_species"":""Solanum lycopersicum""} | {""trait_derived_ID"":""…",flora|review,medium
Solanum pseudocapsicum,54,Solanum,169078,164,19944.545014669384,169078,164,19944.545014669384,100,-7.148844277052001,-43.508401,51.3609551461,169078,7.148844277052001,9.9007610898458,9.9007610898458,False,Solanaceae,48516.0,ok,mixed,mixed,mixed,True,"The CC0 literature synthesis classifies Solanum pseudocapsicum as largely self-compatible (SC). | {""trait_derived_ID"":""1747345"",""ref_ID"":""10247"",""trait_ID"":""3.6.2"",""trait_value"":""insect"",""genus"":""Solanum"",""species_epithet"":""pseudocapsicum"",""author"":"""",""matched"":""1"",""resolved"":""1"",""work_ID"":""42014"",""work_species"":""Solanum pseudocapsicum""} | {""trait_derived_I…",flora|review,medium
Solidago ptarmicoides,78,Solidago,144194,431,2698.149890123136,144194,189,2461.309322416286,100,45.165637020093,35.9734725674,54.6352069181,144194,45.165637020093,7.900692146905068,7.8088549375268865,False,Asteraceae,47604.0,ok,unknown,,,False,unknown,inference,low
Solidago uliginosa,50,Solidago,126657,111,2745.2961247985777,126657,111,2745.2961247985777,100,46.089203972326004,39.0640770927,51.6046732435,126657,46.089203972326004,7.9180084191148365,7.9180084191148365,False,Asteraceae,47604.0,ok,unknown,,,False,unknown,inference,low
Solidago virgaurea,63,Solidago,118850,446,10331.3915828026,118850,173,6513.135852693294,100,53.632049756647,36.3650929899,71.1687783333,118850,53.632049756647,9.243039053497796,8.781729841113531,False,Asteraceae,47604.0,ok,mixed,mixed,mixed,True,"{""trait_derived_ID"":""4501428"",""ref_ID"":""10313"",""trait_ID"":""3.6.2"",""trait_value"":""insect"",""genus"":""Solidago"",""species_epithet"":""virgaurea"",""author"":""L."",""matched"":""1"",""resolved"":""1"",""work_ID"":""42094"",""work_species"":""Solidago virgaurea""} | {""trait_derived_ID"":""4510068"",""ref_ID"":""10315"",""trait_ID"":""3.6.3"",""trait_value"":""bee/fly"",""genus"":""Solidago"",""species_epi…",review,medium
Sparaxis tricolor,52,Sparaxis,50843,212,19875.213389254623,50843,195,19861.90344172038,100,5.291837247905001,-43.5720078042,45.5465164185,50843,5.291837247905001,9.897278988690674,9.896609122367847,False,Iridaceae,47781.0,ok,unknown,,,False,unknown,flora,medium
Sphaeralcea ambigua,52,Sphaeralcea,50153,463,2090.3720265720294,50153,190,1190.707395243003,100,35.319845735445,29.0191371374,40.5617966667,50153,35.319845735445,7.645575601619375,7.083142343702246,False,Malvaceae,48797.0,ok,unknown,,,False,unknown,review,medium
Sphaeralcea coccinea,57,Sphaeralcea,126671,357,2978.212351262041,126671,183,2493.266455616193,100,42.172135426848996,31.886551,56.2314966582,126671,42.172135426848996,7.999414232905934,7.821749959192398,False,Malvaceae,48797.0,ok,unknown,,,False,unknown,flora,medium
Stachys palustris,43,Stachys,57457,383,19580.16574011847,57457,157,17811.26832031625,100,49.83600568720001,-41.43703,65.8415361282,57457,49.83600568720001,9.88232345160122,9.787642730347683,False,Lamiaceae,48623.0,ok,mixed,mixed,mixed,True,"{""trait_derived_ID"":""4501494"",""ref_ID"":""10313"",""trait_ID"":""3.6.2"",""trait_value"":""insect"",""genus"":""Stachys"",""species_epithet"":""palustris"",""author"":""L."",""matched"":""1"",""resolved"":""1"",""work_ID"":""42654"",""work_species"":""Stachys palustris""} | {""trait_derived_ID"":""4509871"",""ref_ID"":""10315"",""trait_ID"":""3.6.3"",""trait_value"":""bee/beetle/butterfly/fly"",""genus"":""Stachys…",flora|review,medium
Stevia serrata,68,Stevia,169389,225,4824.246989254002,169389,161,4824.246989254002,100,21.353467066063,5.7998066819,31.4267540116,169389,21.353467066063,8.481617201945644,8.481617201945644,False,Asteraceae,47604.0,ok,,,,False,,,
Streptosolen jamesonii,60,Streptosolen,244676,112,18173.445260138105,244676,112,18173.445260138105,100,1.2059725696769998,-34.9167799904,38.7097070332,244676,1.2059725696769998,9.807771779797704,9.807771779797704,False,Solanaceae,48516.0,ok,birds,birds,other_animal,True,"colouration (at maturity) of the flowers of Streptosolen jamesonii is typical of that of bird-pollinated flowers, as also is their lack of a strong scent and secretion of a great deal of nectar.",review,low
Stypandra glauca,57,Stypandra,353957,166,3687.898033966693,353957,156,3687.898033966693,100,-34.106223322532,-37.9839669839,-27.7537331788,353957,34.106223322532,8.213083056652644,8.213083056652644,False,Asphodelaceae,71400.0,ok,mixed,mixed,mixed,True,Bulk source austraits_all_target_floral_v7.0.0 record austraits:Draper_2023:445585: pollination_syndrome = insect. | Bulk source austraits_all_target_floral_v7.0.0 record austraits:White_2020:1704990: pollination_syndrome = insect.,review,medium
Symphyotrichum puniceum,62,Symphyotrichum,82307,394,3432.754954550813,82307,164,3724.242840980992,100,44.418778785978,34.56824167,53.9013266667,82307,44.418778785978,8.141409680306387,8.222887320898403,False,Asteraceae,47604.0,ok,unknown,,,False,The CC0 literature synthesis classifies Symphyotrichum puniceum as largely self-incompatible (SI).,flora|review,medium
Symphyotrichum subulatum,68,Symphyotrichum,64208,217,19948.595222508087,64208,176,19763.406323146504,100,14.763749859217,-44.425601,47.14715283,64208,14.763749859217,9.90096413251358,9.891637938504894,False,Asteraceae,47604.0,ok,mixed,mixed,mixed,True,"Other varieties are self-compatible, which could facilitate the fixation of mutations in populations | {""trait_derived_ID"":""1746125"",""ref_ID"":""10247"",""trait_ID"":""3.6.2"",""trait_value"":""insect"",""genus"":""Aster"",""species_epithet"":""squamatus"",""author"":"""",""matched"":""1"",""resolved"":""1"",""work_ID"":""43380"",""work_species"":""Symphyotrichum subulatum""} | {""trait_derived_I…",flora|review,medium
Symphytum officinale,46,Symphytum,55724,427,10987.123668588078,55724,153,9943.462771841396,100,48.724441988518,34.9841074537,61.2323305156,55724,48.724441988518,9.304570302028793,9.204771169903493,False,Boraginaceae,48150.0,ok,mixed,mixed,mixed,True,"The CC0 literature synthesis classifies Symphytum officinale as largely self-incompatible (SI). | {""trait_derived_ID"":""4501546"",""ref_ID"":""10313"",""trait_ID"":""3.6.2"",""trait_value"":""insect"",""genus"":""Symphytum"",""species_epithet"":""officinale"",""author"":"""",""matched"":""1"",""resolved"":""1"",""work_ID"":""43395"",""work_species"":""Symphytum officinale""} | {""trait_derived_ID"":""…",flora|review,medium
Symplocos tinctoria,45,Symplocos,141855,122,1943.9461218520305,141855,122,1943.9461218520305,100,33.056780003728,29.714974,38.4174922771,141855,33.056780003728,7.572989554821586,7.572989554821586,False,Symplocaceae,71637.0,ok,unknown,,,False,unknown,flora,medium
Talinum fruticosum,48,Talinum,361866,192,19687.07078164572,361866,170,19687.07078164572,100,2.0532980726559997,-27.508206591,27.3950293102,361866,2.0532980726559997,9.887768187231318,9.887768187231318,False,,,error:HTTPError:HTTP Error 429: normal_throttling,unknown,,,False,unknown,flora,medium
Talinum paniculatum,45,Talinum,169540,236,19796.700051831136,169540,175,19796.700051831136,100,3.116765960087,-35.5515751482,41.5982246399,169540,3.116765960087,9.893321050937221,9.893321050937221,False,Talinaceae,71639.0,ok,mixed,mixed,mixed,True,"Bulk source austraits_all_target_floral_v7.0.0 record austraits:Stephens_2023:1282196: pollination_system = bee. | The CC0 literature synthesis classifies Talinum paniculatum as largely self-compatible (SC). | {""trait_derived_ID"":""1015919"",""ref_ID"":""10199"",""trait_ID"":""3.6.3"",""trait_value"":""insect"",""genus"":""Talinum"",""species_epithet"":""paniculatum"",""author"":""…",flora|review,medium
Tanacetum vulgare,85,Tanacetum,55971,477,10320.617117756125,55971,169,9622.352170395754,100,50.136693105525,34.7302443395,64.51196,55971,50.136693105525,9.241995724216778,9.1719479414233,False,Asteraceae,47604.0,ok,mixed,mixed,mixed,True,"{""trait_derived_ID"":""4501564"",""ref_ID"":""10313"",""trait_ID"":""3.6.2"",""trait_value"":""insect"",""genus"":""Tanacetum"",""species_epithet"":""vulgare"",""author"":""L."",""matched"":""1"",""resolved"":""1"",""work_ID"":""43878"",""work_species"":""Tanacetum vulgare""} | {""trait_derived_ID"":""4510408"",""ref_ID"":""10315"",""trait_ID"":""3.6.3"",""trait_value"":""bee/beetle/butterfly/fly"",""genus"":""Tanacet…",flora|review,medium
Taraxacum erythrospermum,75,Taraxacum,79317,154,11917.237691531674,79317,154,11917.237691531674,100,41.265041651209,21.1464493317,55.1320182331,79317,41.265041651209,9.385825085019079,9.385825085019079,False,Asteraceae,47604.0,ok,unknown,,,False,unknown,flora,medium
Telekia speciosa,62,Telekia,358060,169,10065.737333833727,358060,169,10065.737333833727,100,49.807720347857,40.7464929321,61.003499598,358060,49.807720347857,9.216991934587469,9.216991934587469,False,Asteraceae,47604.0,ok,mixed,mixed,mixed,True,"{""trait_derived_ID"":""4501570"",""ref_ID"":""10313"",""trait_ID"":""3.6.2"",""trait_value"":""insect"",""genus"":""Telekia"",""species_epithet"":""speciosa"",""author"":""(Schreb.) Baumg."",""matched"":""1"",""resolved"":""1"",""work_ID"":""44407"",""work_species"":""Telekia speciosa""}",review,medium
Tetratheca thymifolia,48,Tetratheca,326183,110,1308.937534386297,326183,110,1308.937534386297,100,-33.988404057678,-37.2279033333,-25.77266,326183,33.988404057678,7.177734731383712,7.177734731383712,False,Elaeocarpaceae,70234.0,ok,mixed,mixed,mixed,True,Bulk source austraits_all_target_floral_v7.0.0 record austraits:White_2020:1707649: pollination_syndrome = insect.,review,medium
Thysanocarpus curvipes,59,Thysanocarpus,58088,104,2151.166103034718,58088,104,2151.166103034718,100,36.896644139416,31.6981530684,48.5413743363,58088,36.896644139416,7.674230103728088,7.674230103728088,False,Brassicaceae,47204.0,ok,unknown,,,False,unknown,inference,low
Tiarella stolonifera,54,Tiarella,1351707,506,1861.5039186339832,1351707,189,1749.5391307017946,100,42.546020824088004,35.4716863716,47.3052949145,1351707,42.546020824088004,7.529677054216056,7.467679094159037,False,Saxifragaceae,48386.0,ok,unknown,,,False,unknown,inference,low
Tinantia erecta,45,Tinantia,153994,143,8925.266631128496,153994,143,8925.266631128496,100,15.017230738579999,-23.6516238777,28.5613627457,153994,15.017230738579999,9.0967535160324,9.0967535160324,False,Commelinaceae,49147.0,ok,unknown,,,False,The CC0 literature synthesis classifies Tinantia erecta as largely self-compatible (SC).,review,medium
Tithonia tubaeformis,48,Tithonia,154022,131,17540.25475539649,154022,131,17540.25475539649,100,18.333226230762,-26.8694977556,28.78891411,154022,18.333226230762,9.772310800163234,9.772310800163234,False,Asteraceae,47604.0,ok,unknown,,,False,unknown,inference,low
Trachymene composita,60,Trachymene,353969,131,1000.168021657868,353969,131,1000.168021657868,100,-37.914669223601,-42.16790891,-33.288548,353969,37.914669223601,6.908922619033411,6.908922619033411,False,Araliaceae,52849.0,ok,mixed,mixed,mixed,True,Bulk source austraits_all_target_floral_v7.0.0 record austraits:Draper_2023:446222: pollination_syndrome = insect. | Bulk source austraits_all_target_floral_v7.0.0 record austraits:White_2020:1710398: pollination_syndrome = insect. | Bulk source austraits_all_target_floral_v7.0.0 record austraits:Williams_2011:1728203: pollination_system = biotic_unspeciali…,review,medium
Tragopogon porrifolius,44,Tragopogon,54141,548,20008.54220485432,54141,195,19944.853880439583,100,24.221818663256,-45.6407140196,55.2707649675,54141,24.221818663256,9.90396454899794,9.900776575177414,False,,,error:HTTPError:HTTP Error 429: normal_throttling,mixed,mixed,mixed,True,"The CC0 literature synthesis classifies Tragopogon porrifolius as largely self-compatible (SC). | {""trait_derived_ID"":""4507425"",""ref_ID"":""10315"",""trait_ID"":""3.6.3"",""trait_value"":""insect"",""genus"":""Tragopogon"",""species_epithet"":""porrifolius"",""author"":""L."",""matched"":""1"",""resolved"":""1"",""work_ID"":""45440"",""work_species"":""Tragopogon porrifolius""} | {""trait_derived…",flora|review,low
Trifolium incarnatum,52,Trifolium,64268,585,19878.878675383767,64268,199,19772.464820678262,100,41.183941624606994,-41.1610116692,60.2291252413,64268,41.183941624606994,9.897463377344044,9.892096157292512,False,Fabaceae,47122.0,ok,mixed,mixed,mixed,True,"The CC0 literature synthesis classifies Trifolium incarnatum as largely self-compatible (SC). | {""trait_derived_ID"":""1747441"",""ref_ID"":""10247"",""trait_ID"":""3.6.2"",""trait_value"":""insect"",""genus"":""Trifolium"",""species_epithet"":""incarnatum"",""author"":"""",""matched"":""1"",""resolved"":""1"",""work_ID"":""45690"",""work_species"":""Trifolium incarnatum""} | {""trait_derived_ID"":""45…",flora|review,medium
Trifolium repens,72,Trifolium,55745,485,19886.111672067986,55745,181,19414.93090359153,100,32.672328167916,-45.8675088576,61.499911356,55745,32.672328167916,9.897827146223749,9.873849188664606,False,,,error:HTTPError:HTTP Error 429: normal_throttling,mixed,mixed,mixed,True,"{""trait_derived_ID"":""1747451"",""ref_ID"":""10247"",""trait_ID"":""3.6.2"",""trait_value"":""insect"",""genus"":""Trifolium"",""species_epithet"":""repens"",""author"":"""",""matched"":""1"",""resolved"":""1"",""work_ID"":""45719"",""work_species"":""Trifolium repens""} | {""trait_derived_ID"":""4501670"",""ref_ID"":""10313"",""trait_ID"":""3.6.2"",""trait_value"":""insect"",""genus"":""Trifolium"",""species_epithet"":…",flora|review,medium
Tripolium pannonicum,70,Tripolium,170020,253,10320.9843719094,170020,152,5866.579111663976,100,50.925388878091,36.1260956991,66.69955215,170020,50.925388878091,9.242031304651084,8.677197410661805,False,Asteraceae,47604.0,ok,mixed,mixed,mixed,True,"{""trait_derived_ID"":""4498177"",""ref_ID"":""10313"",""trait_ID"":""3.6.2"",""trait_value"":""insect"",""genus"":""Aster"",""species_epithet"":""tripolium"",""author"":""L."",""matched"":""1"",""resolved"":""1"",""work_ID"":""45828"",""work_species"":""Tripolium pannonicum""} | {""trait_derived_ID"":""4507370"",""ref_ID"":""10315"",""trait_ID"":""3.6.3"",""trait_value"":""bee/beetle/butterfly/fly"",""genus"":""Aster""…",review,medium
Triteleia laxa,61,Triteleia,51085,515,799.1445926589637,51085,185,845.6601560637325,100,38.244586984472996,34.7580633333,41.1380670732,51085,38.244586984472996,6.684792452159977,6.741299381626402,False,Asparagaceae,47599.0,ok,unknown,,,False,unknown,flora,medium
Trixis inula,83,Trixis,170046,125,2253.3555277569385,170046,125,2253.3555277569385,100,25.527121945324,10.8397839399,27.1929120311,170046,25.527121945324,7.720619414085458,7.720619414085458,False,Asteraceae,47604.0,ok,unknown,,,False,unknown,inference,low
Trollius albiflorus,62,Trollius,1563130,204,2282.674506182153,1563130,172,2282.674506182153,100,46.297354457655004,37.1153239922,52.8449666667,1563130,46.297354457655004,7.733541050192196,7.733541050192196,False,Ranunculaceae,48231.0,ok,,,,False,,,
Turnera subulata,60,Turnera,327909,323,19996.50968798734,327909,150,19678.073480659783,100,-3.8691958719680004,-27.4810923987,28.8897441792,327909,3.8691958719680004,9.903363029182785,9.887311090263216,False,Passifloraceae,51451.0,ok,unknown,,,False,unknown,inference,low
Verbascum thapsus,52,Verbascum,59029,510,19798.57114275291,59029,175,19188.084042107697,100,33.511930268883,-45.0077037374,60.1543136,59029,33.511930268883,9.893415556991133,9.862096856862465,False,Scrophulariaceae,47151.0,ok,mixed,mixed,mixed,True,"Bulk source austraits_all_target_floral_v7.0.0 record austraits:Stephens_2023:1282210: pollination_system = insect. | The CC0 literature synthesis classifies Verbascum thapsus as largely self-compatible (SC). | {""trait_derived_ID"":""1747495"",""ref_ID"":""10247"",""trait_ID"":""3.6.2"",""trait_value"":""insect"",""genus"":""Verbascum"",""species_epithet"":""thapsus"",""author"":""""…",flora|review,medium
Verbena rigida,64,Verbena,127942,395,19774.42811888055,127942,191,19668.30817948045,100,-2.397650613336,-43.64041167,48.8404378158,127942,2.397650613336,9.89219544190242,9.886814739411271,False,,,error:HTTPError:HTTP Error 429: normal_throttling,mixed,mixed,mixed,True,"{""trait_derived_ID"":""1747503"",""ref_ID"":""10247"",""trait_ID"":""3.6.2"",""trait_value"":""insect"",""genus"":""Verbena"",""species_epithet"":""rigida"",""author"":"""",""matched"":""1"",""resolved"":""1"",""work_ID"":""46523"",""work_species"":""Verbena rigida""}",review,medium
Veronica cymbalaria,52,Veronica,170188,417,20001.911174059973,170188,178,11985.433723684288,100,39.174482075987,-36.8477777778,52.3333917,170188,39.174482075987,9.903633100646486,9.39153076622063,False,Plantaginaceae,50638.0,ok,unknown,,,False,unknown,inference,low
Veronica longifolia,43,Veronica,170192,386,9784.934523406731,170192,179,9038.526271745744,100,54.65032859142401,40.420715332,69.0180912,170192,54.65032859142401,9.18870138098331,9.109362048445158,False,Plantaginaceae,50638.0,ok,mixed,mixed,mixed,True,"{""trait_derived_ID"":""4500803"",""ref_ID"":""10313"",""trait_ID"":""3.6.2"",""trait_value"":""insect"",""genus"":""Pseudolysimachion"",""species_epithet"":""longifolium"",""author"":""(L.) Opiz"",""matched"":""1"",""resolved"":""1"",""work_ID"":""46643"",""work_species"":""Veronica longifolia""} | {""trait_derived_ID"":""4510398"",""ref_ID"":""10315"",""trait_ID"":""3.6.3"",""trait_value"":""insect"",""genus"":""Vero…",review,medium
Veronica officinalis,66,Veronica,129020,470,19420.07487194742,129020,162,17602.93963047293,100,48.344385339597004,-37.3698216667,64.7599944444,129020,48.344385339597004,9.874114089023593,9.775877998617725,False,Plantaginaceae,50638.0,ok,mixed,mixed,mixed,True,"The CC0 literature synthesis classifies Veronica officinalis as largely self-compatible (SC). | {""trait_derived_ID"":""1747513"",""ref_ID"":""10247"",""trait_ID"":""3.6.2"",""trait_value"":""insect"",""genus"":""Veronica"",""species_epithet"":""officinalis"",""author"":"""",""matched"":""1"",""resolved"":""1"",""work_ID"":""46658"",""work_species"":""Veronica officinalis""} | {""trait_derived_ID"":""45…",review,medium
Veronica polita,44,Veronica,68848,476,19583.512141079005,68848,193,13525.29456040672,100,41.032019088485,-37.9521791024,55.6191586015,68848,41.032019088485,9.88249433596476,9.51239081524559,False,Plantaginaceae,50638.0,ok,mixed,mixed,mixed,True,"{""trait_derived_ID"":""1747519"",""ref_ID"":""10247"",""trait_ID"":""3.6.2"",""trait_value"":""insect"",""genus"":""Veronica"",""species_epithet"":""polita"",""author"":"""",""matched"":""1"",""resolved"":""1"",""work_ID"":""46669"",""work_species"":""Veronica polita""} | {""trait_derived_ID"":""4501822"",""ref_ID"":""10313"",""trait_ID"":""3.6.2"",""trait_value"":""insect"",""genus"":""Veronica"",""species_epithet"":""po…",flora|review,medium
Veronica prostrata,73,Veronica,738834,283,5774.220989162239,738834,157,5220.670464605299,100,49.830015422915004,42.7884920148,56.07302,738834,49.830015422915004,8.661331801179449,8.560572642060139,False,Plantaginaceae,50638.0,ok,mixed,mixed,mixed,True,"{""trait_derived_ID"":""4501826"",""ref_ID"":""10313"",""trait_ID"":""3.6.2"",""trait_value"":""insect"",""genus"":""Veronica"",""species_epithet"":""prostrata"",""author"":"""",""matched"":""1"",""resolved"":""1"",""work_ID"":""57725"",""work_species"":""Veronica prostrata""} | {""trait_derived_ID"":""4508906"",""ref_ID"":""10315"",""trait_ID"":""3.6.3"",""trait_value"":""insect"",""genus"":""Veronica"",""species_epithe…",review,medium
Veronica spicata,51,Veronica,132118,451,6019.939781124623,132118,188,5979.810182101371,100,52.754126131665,42.3991366667,63.8321603822,132118,52.754126131665,8.702998635940363,8.696311319724577,False,Plantaginaceae,50638.0,ok,mixed,mixed,mixed,True,"{""trait_derived_ID"":""4500805"",""ref_ID"":""10313"",""trait_ID"":""3.6.2"",""trait_value"":""insect"",""genus"":""Pseudolysimachion"",""species_epithet"":""spicatum"",""author"":""(L.) Opiz"",""matched"":""1"",""resolved"":""1"",""work_ID"":""46693"",""work_species"":""Veronica spicata""}",review,medium
Vicia lathyroides,42,Vicia,79503,112,10779.20634646385,79503,112,10779.20634646385,100,45.744900810521,32.5593136118,56.9520429119,79503,45.744900810521,9.28546698588126,9.28546698588126,False,Fabaceae,47122.0,ok,mixed,mixed,mixed,True,"The CC0 literature synthesis classifies Vicia lathyroides as largely self-compatible (SC). | {""trait_derived_ID"":""4501858"",""ref_ID"":""10313"",""trait_ID"":""3.6.2"",""trait_value"":""insect"",""genus"":""Vicia"",""species_epithet"":""lathyroides"",""author"":""L."",""matched"":""1"",""resolved"":""1"",""work_ID"":""46787"",""work_species"":""Vicia lathyroides""} | {""trait_derived_ID"":""4507822"",…",review,medium
Viminaria juncea,54,Viminaria,353911,134,3739.512198177965,353911,134,3739.512198177965,100,-33.831015839414,-38.2270631029,-25.6292266667,353911,33.831015839414,8.226977832416075,8.226977832416075,False,Fabaceae,47122.0,ok,mixed,mixed,mixed,True,Bulk source austraits_all_target_floral_v7.0.0 record austraits:Draper_2023:446505: pollination_syndrome = insect. | Bulk source austraits_all_target_floral_v7.0.0 record austraits:White_2020:1713750: pollination_syndrome = insect. | Bulk source austraits_all_target_floral_v7.0.0 record austraits:Williams_2011:1728407: pollination_system = biotic_unspeciali…,review,medium
Vincetoxicum hirundinaria,62,Vincetoxicum,498350,488,5058.201777984955,498350,188,4767.076326001392,100,49.10116751274499,36.4631619,60.5657972994,498350,49.10116751274499,8.52896399845108,8.46969821658715,False,Apocynaceae,47362.0,ok,mixed,mixed,mixed,True,"The CC0 literature synthesis classifies Vincetoxicum hirundinaria as largely self-incompatible (SI). | {""trait_derived_ID"":""4501890"",""ref_ID"":""10313"",""trait_ID"":""3.6.2"",""trait_value"":""insect"",""genus"":""Vincetoxicum"",""species_epithet"":""hirundinaria"",""author"":""Medik."",""matched"":""1"",""resolved"":""1"",""work_ID"":""46856"",""work_species"":""Vincetoxicum hirundinaria""} |…",review,medium
Viola blanda,50,Viola,127684,206,2198.643379303339,127684,177,2198.6433793033384,100,40.473795735476,34.0934893862,47.53485,127684,40.473795735476,7.696050525890067,7.696050525890066,False,Violaceae,50828.0,ok,unknown,,,False,"All 9 directly reported Viola species across meyer_galloway_eckert_2026_dryad, razanajatovo_etal_2016_nature_communications have state SC; the target itself is unreported.",flora|inference,low
Viola cucullata,60,Viola,128040,246,3457.431904470728,128040,163,2993.812417332711,100,42.730226738588,34.995519453,49.7873002488,128040,42.730226738588,8.148570558522161,8.004636876645755,False,Violaceae,50828.0,ok,unknown,,,False,"All 9 directly reported Viola species across meyer_galloway_eckert_2026_dryad, razanajatovo_etal_2016_nature_communications have state SC; the target itself is unreported.",flora|inference,low
Viola hirta,65,Viola,286612,403,6439.181768088587,286612,183,6439.462144028946,100,51.659567889375005,42.3335902963,59.1086573495,286612,51.659567889375005,8.770312043558562,8.770355578018844,False,Violaceae,50828.0,ok,mixed,mixed,mixed,True,"The CC0 literature synthesis classifies Viola hirta as largely self-compatible (SC). | {""trait_derived_ID"":""4501910"",""ref_ID"":""10313"",""trait_ID"":""3.6.2"",""trait_value"":""insect"",""genus"":""Viola"",""species_epithet"":""hirta"",""author"":""L."",""matched"":""1"",""resolved"":""1"",""work_ID"":""46899"",""work_species"":""Viola hirta""} | {""trait_derived_ID"":""4508634"",""ref_ID"":""10315"",""…",flora|review,medium
Viola lutea,71,Viola,60898,152,2047.696142880994,60898,152,2047.696142880994,100,49.554836762311,44.3879681315,57.2702366667,60898,49.554836762311,7.624958841917998,7.624958841917998,False,Violaceae,50828.0,ok,unknown,,,False,"All 9 directly reported Viola species across meyer_galloway_eckert_2026_dryad, razanajatovo_etal_2016_nature_communications have state SC; the target itself is unreported.",inference,low
Viola mirabilis,42,Viola,483183,155,5283.971562230997,483183,155,5283.971562230997,100,53.46728553052301,43.893355,61.4848481526,483183,53.46728553052301,8.57262251744426,8.57262251744426,False,Violaceae,50828.0,ok,mixed,mixed,mixed,True,"The CC0 literature synthesis classifies Viola mirabilis as largely self-compatible (SC). | {""trait_derived_ID"":""4501912"",""ref_ID"":""10313"",""trait_ID"":""3.6.2"",""trait_value"":""insect"",""genus"":""Viola"",""species_epithet"":""mirabilis"",""author"":""L."",""matched"":""1"",""resolved"":""1"",""work_ID"":""57734"",""work_species"":""Viola mirabilis""}",flora|review,medium
Viola pedunculata,73,Viola,50825,423,806.899364021618,50825,166,801.5336406512944,100,35.129153549308,32.56361333,38.32609025,50825,35.129153549308,6.69443750128597,6.687773773940257,False,Violaceae,50828.0,ok,unknown,,,False,"All 9 directly reported Viola species across meyer_galloway_eckert_2026_dryad, razanajatovo_etal_2016_nature_communications have state SC; the target itself is unreported.",flora|inference,low
Viola rostrata,47,Viola,126516,459,10744.63176055189,126516,187,1693.7007424849478,100,40.18643443143,33.2786243341,45.2087989128,126516,40.18643443143,9.282254603118508,7.435261451120991,False,Violaceae,50828.0,ok,unknown,,,False,"All 9 directly reported Viola species across meyer_galloway_eckert_2026_dryad, razanajatovo_etal_2016_nature_communications have state SC; the target itself is unreported.",flora|inference,low
Viola tricolor,55,Viola,55739,535,19554.813515614365,55739,196,19347.13168738875,100,50.501782369324,-43.651795487,68.8216960784,55739,50.501782369324,9.881027887736439,9.870351140173007,False,Violaceae,50828.0,ok,mixed,mixed,mixed,True,"All 9 directly reported Viola species across meyer_galloway_eckert_2026_dryad, razanajatovo_etal_2016_nature_communications have state SC; the target itself is unreported. | {""trait_derived_ID"":""4501930"",""ref_ID"":""10313"",""trait_ID"":""3.6.2"",""trait_value"":""insect"",""genus"":""Viola"",""species_epithet"":""tricolor"",""author"":""L."",""matched"":""1"",""resolved"":""1"",""work_ID…",flora|inference|review,low
Viscaria vulgaris,60,Viscaria,741459,503,3928.3697861424153,741459,183,3928.13840762506,100,53.203309476554004,37.0987621536,65.60163764,741459,53.203309476554004,8.276234332244107,8.276175446126864,False,Caryophyllaceae,48567.0,ok,mixed,mixed,mixed,True,"{""trait_derived_ID"":""4509755"",""ref_ID"":""10315"",""trait_ID"":""3.6.3"",""trait_value"":""bee/butterfly"",""genus"":""Lychnis"",""species_epithet"":""viscaria"",""author"":""L."",""matched"":""1"",""resolved"":""1"",""work_ID"":""441002"",""work_species"":""Viscaria vulgaris""}",review,medium
Vitex agnus-castus,52,Vitex,170271,346,13915.697029551911,170271,185,13870.94042018564,100,35.736802050261,-16.6081248131,52.0970143276,170271,35.736802050261,9.54084462337272,9.537623404041783,False,Lamiaceae,48623.0,ok,unknown,,,False,unknown,inference,low
Whipplea modesta,62,Whipplea,61509,174,1377.3668768731548,61509,157,1377.366876873151,100,40.909855955486,35.8257817931,48.085368961,61509,40.909855955486,7.228654654798145,7.2286546547981425,False,Hydrangeaceae,52469.0,ok,,,,False,,,
Wyethia angustifolia,64,Wyethia,56987,367,1149.2811047339712,56987,181,989.8526797710324,100,39.722834353653,36.578364,46.89183102,56987,39.722834353653,7.047761630386081,6.898565865126931,False,Asteraceae,47604.0,ok,,,,False,,,
Zanthoxylum americanum,56,Zanthoxylum,54836,126,2279.668790089411,54836,126,2279.668790089411,100,42.722391446222,35.4486870904,45.8878383333,54836,42.722391446222,7.732224007922534,7.732224007922534,False,Rutaceae,50623.0,ok,unknown,,,False,unknown,inference,low
Zephyranthes atamasco,50,Zephyranthes,127264,185,3151.519805632912,127264,170,3151.519805632912,100,33.091930412199,9.0163600177,37.2932916667,127264,33.091930412199,8.055957350335728,8.055957350335728,False,Amaryllidaceae,55849.0,ok,unknown,,,False,The CC0 literature synthesis classifies Zephyranthes atamasco as largely self-compatible (SC).,review,medium
