analysis_label,backbone,scenario,estimator,n_species,n_within,n_among,species_present_in_backbone,species_bound_to_backbone,species_failed_to_bind,branch_lengths_replaced,root_age_backbone_units,estimate,std_error,odds_ratio,odds_ratio_ci_low,odds_ratio_ci_high,p_value,alpha,log_likelihood,status
baseline_primary_occurrences,GBOTB.extended.LCVP,S1,phylolm::phyloglm logistic_MPLE,34,20,14,28,6,0,0,137.6941230003,-0.767887346174748,0.495664596325721,0.463992288653725,0.175627508631536,1.22582644147048,0.121331829641212,0.0169751875985024,-19.700762113225,complete
baseline_primary_occurrences,GBOTB.extended.LCVP,S2,phylolm::phyloglm logistic_MPLE,34,20,14,28,6,0,0,137.6941230003,-0.754074675985496,0.490701150937199,0.470445728118807,0.179811008613972,1.23084334385986,0.124359692899913,0.0171935875138526,-19.6788570265649,complete
baseline_primary_occurrences,GBOTB.extended.LCVP,S3,phylolm::phyloglm logistic_MPLE,34,20,14,28,6,0,0,137.6941230003,-0.767887346216048,0.495664596342374,0.463992288634562,0.17562750861855,1.22582644145986,0.121331829633697,0.0169751875923995,-19.7007621167373,complete
baseline_paginated_quality_filtered,GBOTB.extended.LCVP,S1,phylolm::phyloglm logistic_MPLE,34,20,14,28,6,0,0,137.6941230003,-1.00560987088162,0.552942230026832,0.365821462899815,0.12376426125183,1.08129230009186,0.0689644346569714,0.0157217138053004,-18.218224083991,complete
baseline_paginated_quality_filtered,GBOTB.extended.LCVP,S2,phylolm::phyloglm logistic_MPLE,34,20,14,28,6,0,0,137.6941230003,-0.996422263180715,0.545341361271558,0.369197974268927,0.126781349815228,1.07513561263494,0.0676767244885278,0.0159937711428841,-18.1744022224326,complete
baseline_paginated_quality_filtered,GBOTB.extended.LCVP,S3,phylolm::phyloglm logistic_MPLE,34,20,14,28,6,0,0,137.6941230003,-1.00560987121948,0.552942230261407,0.36582146277622,0.123764261153112,1.08129230022368,0.0689644346814752,0.0157217138037571,-18.2182240865977,complete
