permutation_index,mean_rho,subset
0,-0.0012659195779850595,second_ge_0.10
1,0.006589616181643014,second_ge_0.10
2,0.002684894710604206,second_ge_0.10
3,0.003967790638213238,second_ge_0.10
4,0.00462973892459684,second_ge_0.10
5,0.002400177268845036,second_ge_0.10
6,-0.0071809675236230485,second_ge_0.10
7,-0.0030203950084070025,second_ge_0.10
8,-0.006463153181703038,second_ge_0.10
9,-0.0029307876387942313,second_ge_0.10
10,0.0014534662420367375,second_ge_0.10
11,-0.0021783744387681822,second_ge_0.10
12,-0.002918008199555219,second_ge_0.10
13,-0.001352228699884805,second_ge_0.10
14,-0.004929512777838385,second_ge_0.10
15,0.0037412498392428864,second_ge_0.10
16,-0.003623359926274868,second_ge_0.10
17,-0.002079719370339318,second_ge_0.10
18,0.0063192041034784065,second_ge_0.10
19,0.0028786570148082572,second_ge_0.10
20,0.006816090408248168,second_ge_0.10
21,-0.002127539997894108,second_ge_0.10
22,-0.002391047209793333,second_ge_0.10
23,0.004614923576757142,second_ge_0.10
24,0.004071999713098021,second_ge_0.10
25,0.004445406417423025,second_ge_0.10
26,0.0018029806308781523,second_ge_0.10
27,0.004136498577474539,second_ge_0.10
28,0.0006712556520242903,second_ge_0.10
29,-0.0008128524930476647,second_ge_0.10
30,-0.004102064769781786,second_ge_0.10
31,0.0037104005147560516,second_ge_0.10
32,-0.000762320586754347,second_ge_0.10
33,-0.0039879703849006135,second_ge_0.10
34,0.0057355696086467236,second_ge_0.10
35,-0.001894767520365895,second_ge_0.10
36,-0.005086934170188256,second_ge_0.10
37,-0.0028168787244275675,second_ge_0.10
38,0.0023248919127327843,second_ge_0.10
39,-0.003993643748024186,second_ge_0.10
40,-0.0048453658131360905,second_ge_0.10
41,-0.006425107111343513,second_ge_0.10
42,0.009696395983835822,second_ge_0.10
43,0.00042317422609672864,second_ge_0.10
44,-0.00016698080397371394,second_ge_0.10
45,0.0016605251066960436,second_ge_0.10
46,0.007809054340697759,second_ge_0.10
47,0.001426583868646409,second_ge_0.10
48,-0.007941225140431158,second_ge_0.10
49,0.0004874073901649148,second_ge_0.10
50,0.0011363241742811151,second_ge_0.10
51,0.005029933137326691,second_ge_0.10
52,0.001367014525943012,second_ge_0.10
53,0.0068707739493136235,second_ge_0.10
54,-0.002118314655609074,second_ge_0.10
55,0.00012193513097045406,second_ge_0.10
56,0.0039176838280608525,second_ge_0.10
57,-0.0008646018184191122,second_ge_0.10
58,-0.004582404624585253,second_ge_0.10
59,-6.187908136190698e-05,second_ge_0.10
60,0.0030729168873376332,second_ge_0.10
61,0.0004987931214080891,second_ge_0.10
62,-0.0005410374956867804,second_ge_0.10
63,0.00399607963069753,second_ge_0.10
64,-0.003734649683455894,second_ge_0.10
65,0.004086655500326991,second_ge_0.10
66,0.003601877897420716,second_ge_0.10
67,0.007876456945357425,second_ge_0.10
68,0.00036800590064160093,second_ge_0.10
69,0.006022448466949775,second_ge_0.10
70,-0.002690852288362507,second_ge_0.10
71,-0.002065705243412721,second_ge_0.10
72,-0.0012501954874823795,second_ge_0.10
73,-0.00494992082610959,second_ge_0.10
74,-0.004591290084607152,second_ge_0.10
75,-0.002454205164842363,second_ge_0.10
76,0.00037253562272908185,second_ge_0.10
77,-2.0718824185518757e-05,second_ge_0.10
78,-0.0018998861535542587,second_ge_0.10
79,-0.003811265049562654,second_ge_0.10
80,-0.008107697865555196,second_ge_0.10
81,0.002109011685825351,second_ge_0.10
82,-0.0007404766251894707,second_ge_0.10
83,0.0031757003058813637,second_ge_0.10
84,-0.008179983272970499,second_ge_0.10
85,0.0034904975375355954,second_ge_0.10
86,-0.001554461313514383,second_ge_0.10
87,-0.002631553928075743,second_ge_0.10
88,0.004023698338170044,second_ge_0.10
89,-0.00817878454225881,second_ge_0.10
90,0.0006574054254227324,second_ge_0.10
91,0.004780338527050284,second_ge_0.10
92,0.0027594300118327073,second_ge_0.10
93,0.002560879104144263,second_ge_0.10
94,0.0101871098836808,second_ge_0.10
95,0.0024125629981655073,second_ge_0.10
96,0.0028853289166469393,second_ge_0.10
97,0.0049381470461481594,second_ge_0.10
98,-0.002086572969865774,second_ge_0.10
99,0.009780789616235613,second_ge_0.10
100,0.003744964545188696,second_ge_0.10
101,0.0014497810256274342,second_ge_0.10
102,-0.007099055733399835,second_ge_0.10
103,-0.0007364203116282466,second_ge_0.10
104,-0.007482061303847558,second_ge_0.10
105,-0.00424704134327763,second_ge_0.10
106,0.0033733627628740985,second_ge_0.10
107,-0.0009995428580971326,second_ge_0.10
108,0.0031644246819143495,second_ge_0.10
109,-0.0028665662611431775,second_ge_0.10
110,0.004003778088257976,second_ge_0.10
111,-0.005927531127367881,second_ge_0.10
112,-0.010791307709619502,second_ge_0.10
113,-0.0036556426367240877,second_ge_0.10
114,-0.0074114431846994,second_ge_0.10
115,-0.002401225859113578,second_ge_0.10
116,-0.009566730646632141,second_ge_0.10
117,0.0014222537546181198,second_ge_0.10
118,0.005204806735047651,second_ge_0.10
119,0.006778916699225912,second_ge_0.10
120,0.00037967265264079943,second_ge_0.10
121,-0.0009408554801722075,second_ge_0.10
122,0.00115116806392332,second_ge_0.10
123,0.003974403263787289,second_ge_0.10
124,0.00018399028430343657,second_ge_0.10
125,0.005165171319244255,second_ge_0.10
126,-0.006463376993916755,second_ge_0.10
127,-0.008621200206098308,second_ge_0.10
128,0.0038082344152305676,second_ge_0.10
129,0.003491290085886692,second_ge_0.10
130,0.008465034460792992,second_ge_0.10
131,-0.0065004448079326125,second_ge_0.10
132,-0.006970079114111179,second_ge_0.10
133,0.0005799700489653739,second_ge_0.10
134,-0.004792290681783002,second_ge_0.10
135,0.006727634441465727,second_ge_0.10
136,0.001655757130124623,second_ge_0.10
137,-0.004963127549405072,second_ge_0.10
138,-0.008059968072818696,second_ge_0.10
139,-0.003455082762777895,second_ge_0.10
140,0.0031615646792210656,second_ge_0.10
141,-0.005214389130134894,second_ge_0.10
142,0.0009556894262755083,second_ge_0.10
143,0.012122643698666748,second_ge_0.10
144,-0.002742339501381209,second_ge_0.10
145,0.003794033975326815,second_ge_0.10
146,0.0003703351023426627,second_ge_0.10
147,0.0025209068981129202,second_ge_0.10
148,-0.00612556905919545,second_ge_0.10
149,0.006198114972341235,second_ge_0.10
150,0.010599093517798986,second_ge_0.10
151,-0.00014860817588743124,second_ge_0.10
152,0.0024485090786305857,second_ge_0.10
153,-0.002812408640171781,second_ge_0.10
154,-0.003758125794706318,second_ge_0.10
155,-0.002539265076614776,second_ge_0.10
156,0.00021727094568931653,second_ge_0.10
157,0.007715964709662103,second_ge_0.10
158,0.00788924245007343,second_ge_0.10
159,-0.006030525586015686,second_ge_0.10
160,0.0024451720905767456,second_ge_0.10
161,-0.0010764592707388238,second_ge_0.10
162,0.011114923400085375,second_ge_0.10
163,0.0021288678614533045,second_ge_0.10
164,-0.0027497182395381818,second_ge_0.10
165,0.00033315491970219944,second_ge_0.10
166,0.004528900908828829,second_ge_0.10
167,0.0007648303222455411,second_ge_0.10
168,0.0012729653151645022,second_ge_0.10
169,0.009860816122358505,second_ge_0.10
170,0.0044647954243613765,second_ge_0.10
171,-0.005177065446555751,second_ge_0.10
172,0.0022774485535623466,second_ge_0.10
173,0.0005942048444689918,second_ge_0.10
174,0.0012226964588289576,second_ge_0.10
175,0.009579034461299457,second_ge_0.10
176,0.006068381591064581,second_ge_0.10
177,-0.0020043312884474606,second_ge_0.10
178,-0.0018997619083156855,second_ge_0.10
179,0.004332129025376132,second_ge_0.10
180,-0.0042773961494945055,second_ge_0.10
181,-0.005060244911436775,second_ge_0.10
182,0.007847580692132233,second_ge_0.10
183,-0.00046712045665230615,second_ge_0.10
184,0.0028076211888370013,second_ge_0.10
185,-0.00159911476068908,second_ge_0.10
186,-0.004908543338221369,second_ge_0.10
187,0.003453984436153636,second_ge_0.10
188,0.008057029848283152,second_ge_0.10
189,0.0043135509538419076,second_ge_0.10
190,-0.001676063593372492,second_ge_0.10
191,-0.002724281212083448,second_ge_0.10
192,0.0015779931332542685,second_ge_0.10
193,0.007418171242789321,second_ge_0.10
194,0.003741228746198706,second_ge_0.10
195,0.005958621240810171,second_ge_0.10
196,0.0031941283752430108,second_ge_0.10
197,-0.001467018002215801,second_ge_0.10
198,0.003591721129558289,second_ge_0.10
199,0.005998653607719114,second_ge_0.10
200,0.0028588212135822384,second_ge_0.10
201,-0.004298087459321323,second_ge_0.10
202,-0.0003705335981804748,second_ge_0.10
203,0.002753578751615,second_ge_0.10
204,0.004949866946598956,second_ge_0.10
205,-0.002755192060469883,second_ge_0.10
206,-0.006668207160753742,second_ge_0.10
207,-0.00053171837181028,second_ge_0.10
208,-0.010089982395011528,second_ge_0.10
209,0.0019186978570127045,second_ge_0.10
210,0.008516643719324035,second_ge_0.10
211,-0.0076449604758268355,second_ge_0.10
212,0.0001741186902113063,second_ge_0.10
213,0.012767457190260532,second_ge_0.10
214,0.0026649702976665173,second_ge_0.10
215,-0.0017451912933845993,second_ge_0.10
216,0.0022849283888881186,second_ge_0.10
217,0.003138520932062267,second_ge_0.10
218,0.01343910855473047,second_ge_0.10
219,0.007300013637809267,second_ge_0.10
220,-0.0005383689697792972,second_ge_0.10
221,-0.0005884773422197446,second_ge_0.10
222,-0.005263684106320656,second_ge_0.10
223,-0.0009213733765424257,second_ge_0.10
224,-0.0005839431661718837,second_ge_0.10
225,0.007139663272513206,second_ge_0.10
226,-0.0072453360404835755,second_ge_0.10
227,-0.00684200727714132,second_ge_0.10
228,0.001107941613541968,second_ge_0.10
229,0.0026967501727306227,second_ge_0.10
230,0.007118291906766902,second_ge_0.10
231,0.00015499887039977327,second_ge_0.10
232,-0.0030439971402603486,second_ge_0.10
233,0.002047615891718247,second_ge_0.10
234,-0.005823634775421326,second_ge_0.10
235,-0.0012513840229035034,second_ge_0.10
236,-0.0034020929016432555,second_ge_0.10
237,0.0012039105717635771,second_ge_0.10
238,-0.008481651877550745,second_ge_0.10
239,-0.0008504091803633466,second_ge_0.10
240,-0.0037650989102610876,second_ge_0.10
241,0.009426563402802372,second_ge_0.10
242,0.00041235966357849613,second_ge_0.10
243,0.0037292964855613273,second_ge_0.10
244,0.000498353929898498,second_ge_0.10
245,-0.0003447918413604502,second_ge_0.10
246,0.0007861931076925306,second_ge_0.10
247,0.0058550775753019165,second_ge_0.10
248,0.005573665964347113,second_ge_0.10
249,-0.004315967525497696,second_ge_0.10
250,-0.008442571800890208,second_ge_0.10
251,-0.0026350605098613518,second_ge_0.10
252,0.0022644757346073157,second_ge_0.10
253,-0.0010483337333812898,second_ge_0.10
254,0.0022311613527934357,second_ge_0.10
255,0.004271615153459634,second_ge_0.10
256,-0.0008087321563572807,second_ge_0.10
257,-0.00029828898608891627,second_ge_0.10
258,0.0032893408771939776,second_ge_0.10
259,0.0010916893353461999,second_ge_0.10
260,-0.0024496781737321145,second_ge_0.10
261,0.001071995250943585,second_ge_0.10
262,0.000632401982145332,second_ge_0.10
263,-0.005099308993863515,second_ge_0.10
264,0.003320108435028987,second_ge_0.10
265,0.012687243838885347,second_ge_0.10
266,0.0038891457788793778,second_ge_0.10
267,1.1601058603231413e-05,second_ge_0.10
268,-0.0015402887189427414,second_ge_0.10
269,0.0003709949395507048,second_ge_0.10
270,0.013685321340907792,second_ge_0.10
271,-0.0011510297117029724,second_ge_0.10
272,0.0031385636325144553,second_ge_0.10
273,-0.0031596788239342238,second_ge_0.10
274,-0.003916162920123134,second_ge_0.10
275,-0.0012326300189793317,second_ge_0.10
276,-0.002338764195830295,second_ge_0.10
277,0.001991577352616904,second_ge_0.10
278,0.010218566374509743,second_ge_0.10
279,-0.005693759498255083,second_ge_0.10
280,-0.003522316826463702,second_ge_0.10
281,0.00450346445331527,second_ge_0.10
282,-0.00458381133522407,second_ge_0.10
283,-0.0001005544807820434,second_ge_0.10
284,-0.0005481707652394721,second_ge_0.10
285,-0.002511567659186458,second_ge_0.10
286,-0.0056882018315797525,second_ge_0.10
287,0.0005416836566813878,second_ge_0.10
288,0.000581269494120335,second_ge_0.10
289,0.0005142196084902303,second_ge_0.10
290,-0.001145865849181844,second_ge_0.10
291,-0.00477791225736729,second_ge_0.10
292,-0.005847871141582137,second_ge_0.10
293,-0.0030580823091595384,second_ge_0.10
294,0.0019642545057004974,second_ge_0.10
295,-0.0023638907622001255,second_ge_0.10
296,-0.001014489356822645,second_ge_0.10
297,-0.012192132589420476,second_ge_0.10
298,0.004328039580914384,second_ge_0.10
299,-0.006921395701570378,second_ge_0.10
300,-0.0026325818786621046,second_ge_0.10
301,0.00023244741459683407,second_ge_0.10
302,-0.005742187483514913,second_ge_0.10
303,0.0038756714901320437,second_ge_0.10
304,-0.00037817802712807893,second_ge_0.10
305,0.0026162047013757756,second_ge_0.10
306,0.005486136020777157,second_ge_0.10
307,-0.0024196336818387496,second_ge_0.10
308,0.0012590776791446346,second_ge_0.10
309,0.004287371036962314,second_ge_0.10
310,0.0015291788052616076,second_ge_0.10
311,-0.00044913598609947153,second_ge_0.10
312,-0.0005000415766564755,second_ge_0.10
313,0.0020838115658301697,second_ge_0.10
314,0.009781087223527775,second_ge_0.10
315,0.0038807757011158337,second_ge_0.10
316,0.0009446229637132813,second_ge_0.10
317,0.0055082515997690595,second_ge_0.10
318,0.0021453288255891792,second_ge_0.10
319,-0.002609700699141615,second_ge_0.10
320,0.00412176480088562,second_ge_0.10
321,-0.002311082807100407,second_ge_0.10
322,3.2517856767850006e-05,second_ge_0.10
323,0.008808829450427604,second_ge_0.10
324,0.0016039439909795478,second_ge_0.10
325,-0.0023290333530022935,second_ge_0.10
326,-0.0005229221689754407,second_ge_0.10
327,0.007118888123001147,second_ge_0.10
328,-0.0016319930518839912,second_ge_0.10
329,0.0045598292066707045,second_ge_0.10
330,0.007007067695177486,second_ge_0.10
331,0.00018570528241160003,second_ge_0.10
332,-0.01024181655922859,second_ge_0.10
333,0.007688967356476306,second_ge_0.10
334,0.00048095175869466365,second_ge_0.10
335,-0.002374231294318596,second_ge_0.10
336,0.002443838882442106,second_ge_0.10
337,0.004473153366722055,second_ge_0.10
338,-0.0014066689541588628,second_ge_0.10
339,-0.002244104449873785,second_ge_0.10
340,0.0033319769782656915,second_ge_0.10
341,0.004324019985554315,second_ge_0.10
342,-9.41903589090065e-05,second_ge_0.10
343,0.0007937423877157756,second_ge_0.10
344,-0.0008874017454375007,second_ge_0.10
345,0.0005202388010912593,second_ge_0.10
346,0.0009888451526321347,second_ge_0.10
347,-0.0067125276941141145,second_ge_0.10
348,-0.00029103242912728773,second_ge_0.10
349,-0.0018561234439314186,second_ge_0.10
350,-0.0033763170436244693,second_ge_0.10
351,-0.00020743118304269995,second_ge_0.10
352,0.0021988115338878746,second_ge_0.10
353,-0.002987987519871757,second_ge_0.10
354,0.0034695340841518793,second_ge_0.10
355,0.00019875314145749453,second_ge_0.10
356,-0.005051886776757815,second_ge_0.10
357,0.001831427059795676,second_ge_0.10
358,-0.005047292898831351,second_ge_0.10
359,0.003100882331850698,second_ge_0.10
360,0.004821566759319862,second_ge_0.10
361,0.0026724290454012843,second_ge_0.10
362,0.0014086519435955569,second_ge_0.10
363,-0.006915576680221894,second_ge_0.10
364,0.006863390277927747,second_ge_0.10
365,0.001136078351289657,second_ge_0.10
366,-0.0019234877650082945,second_ge_0.10
367,0.0044353162999606665,second_ge_0.10
368,-0.0002352492783298996,second_ge_0.10
369,0.0012654622503024712,second_ge_0.10
370,0.008145899202674554,second_ge_0.10
371,-4.484787336175306e-05,second_ge_0.10
372,0.00034436584232967553,second_ge_0.10
373,-0.0043881411231489155,second_ge_0.10
374,-0.00044440852706039596,second_ge_0.10
375,0.001243954689518218,second_ge_0.10
376,-0.0026733668010202587,second_ge_0.10
377,0.006260953042238562,second_ge_0.10
378,-0.0011401153910099377,second_ge_0.10
379,-0.0006572806858209191,second_ge_0.10
380,-0.006268066042050474,second_ge_0.10
381,-0.001946302578479985,second_ge_0.10
382,0.001073530517134394,second_ge_0.10
383,0.0017615235736956,second_ge_0.10
384,-0.003783013900645503,second_ge_0.10
385,-0.008745043624532935,second_ge_0.10
386,-0.0005316745928312805,second_ge_0.10
387,0.008515562198246408,second_ge_0.10
388,0.001582418787355084,second_ge_0.10
389,0.000558780994783243,second_ge_0.10
390,-0.0029536317864526655,second_ge_0.10
391,-0.000496817845343127,second_ge_0.10
392,0.007308992251649403,second_ge_0.10
393,-0.0010186113033811204,second_ge_0.10
394,-0.002843000115065329,second_ge_0.10
395,-0.0057586410071531645,second_ge_0.10
396,-0.0005913949457228657,second_ge_0.10
397,-0.007545489263806866,second_ge_0.10
398,0.001566887541129064,second_ge_0.10
399,0.0054053564334323925,second_ge_0.10
400,-0.00281097494114582,second_ge_0.10
401,0.0018445668969234196,second_ge_0.10
402,-0.0037903730244896474,second_ge_0.10
403,-0.003755010730674742,second_ge_0.10
404,0.004668216112638787,second_ge_0.10
405,-0.004452028474195554,second_ge_0.10
406,-0.0023369860124066934,second_ge_0.10
407,-0.0076821367899358485,second_ge_0.10
408,-0.0014550144128610777,second_ge_0.10
409,-0.003142062778943317,second_ge_0.10
410,-0.0005252651507071414,second_ge_0.10
411,-0.001085679812712285,second_ge_0.10
412,-0.004928790993726763,second_ge_0.10
413,-0.0033254051114441924,second_ge_0.10
414,0.0002474814570155956,second_ge_0.10
415,-0.0057186003505053234,second_ge_0.10
416,-0.005591091707696989,second_ge_0.10
417,0.00846503877678253,second_ge_0.10
418,-0.003997388743191962,second_ge_0.10
419,-0.0016389074325806636,second_ge_0.10
420,0.0066357114632152985,second_ge_0.10
421,-0.011230902156134027,second_ge_0.10
422,0.005361967989978169,second_ge_0.10
423,-0.0013324895864620279,second_ge_0.10
424,-0.0018189294924463694,second_ge_0.10
425,-0.0040834422734454595,second_ge_0.10
426,-0.007140723888877739,second_ge_0.10
427,-0.011984370824050123,second_ge_0.10
428,0.0020295311221463527,second_ge_0.10
429,-0.010422880521111639,second_ge_0.10
430,-0.0010613514370115384,second_ge_0.10
431,0.005202148464030659,second_ge_0.10
432,-0.0027755245863286954,second_ge_0.10
433,-0.01054385697194043,second_ge_0.10
434,0.012274946111365063,second_ge_0.10
435,-0.0006040119828947986,second_ge_0.10
436,0.002684982895512725,second_ge_0.10
437,-0.00012242060401058518,second_ge_0.10
438,0.0010039885845883998,second_ge_0.10
439,0.002915163523763234,second_ge_0.10
440,0.0023943819256830373,second_ge_0.10
441,0.0012574569656854326,second_ge_0.10
442,0.0033601425485690357,second_ge_0.10
443,0.000414216438827237,second_ge_0.10
444,0.0013499935462277938,second_ge_0.10
445,0.009186094327672605,second_ge_0.10
446,-0.007405464491988555,second_ge_0.10
447,0.005980090348522339,second_ge_0.10
448,-0.003618355118242691,second_ge_0.10
449,0.009915079324249097,second_ge_0.10
450,0.0018272994404891984,second_ge_0.10
451,-0.001200073334833047,second_ge_0.10
452,-0.00032292850736862297,second_ge_0.10
453,-0.0009136036157812192,second_ge_0.10
454,-0.0028589164958499895,second_ge_0.10
455,-0.006573740631958049,second_ge_0.10
456,0.0025011998040942135,second_ge_0.10
457,-0.0009131918306914327,second_ge_0.10
458,0.0015718713395741313,second_ge_0.10
459,-0.0046609025138472085,second_ge_0.10
460,0.0003880259282561547,second_ge_0.10
461,-0.0035693287626507907,second_ge_0.10
462,-0.002600418124961554,second_ge_0.10
463,0.0002700784945972922,second_ge_0.10
464,-0.0016958306979054636,second_ge_0.10
465,0.0015180685562314734,second_ge_0.10
466,0.00045097957024322255,second_ge_0.10
467,0.005890989130832889,second_ge_0.10
468,0.002246795411524223,second_ge_0.10
469,-0.0029770177706389973,second_ge_0.10
470,-0.0025280300601470277,second_ge_0.10
471,-0.005197607103329733,second_ge_0.10
472,-0.006188269039805247,second_ge_0.10
473,0.003835917857319522,second_ge_0.10
474,-0.006961062593824,second_ge_0.10
475,0.0036688527276594776,second_ge_0.10
476,0.0022419043263755623,second_ge_0.10
477,0.0025332906330686683,second_ge_0.10
478,0.0120511687639519,second_ge_0.10
479,-0.002683149245522754,second_ge_0.10
480,0.008616205838880746,second_ge_0.10
481,0.0034636027202716436,second_ge_0.10
482,0.002618486931331208,second_ge_0.10
483,-0.004232815902651098,second_ge_0.10
484,0.0024600862507875615,second_ge_0.10
485,-0.0005340119774072076,second_ge_0.10
486,0.0009040497836168827,second_ge_0.10
487,0.006367368961169134,second_ge_0.10
488,0.0022771741263008893,second_ge_0.10
489,0.0039701620119212125,second_ge_0.10
490,-0.0056437362958866675,second_ge_0.10
491,0.0033438766658150255,second_ge_0.10
492,0.003490959209564757,second_ge_0.10
493,-0.006066352329234903,second_ge_0.10
494,-0.00776904684173881,second_ge_0.10
495,-0.0018140238713038861,second_ge_0.10
496,0.0008136334949698513,second_ge_0.10
497,-0.0028568166043432793,second_ge_0.10
498,0.0014110816092098198,second_ge_0.10
499,0.00033794001320056505,second_ge_0.10
500,0.0017109811210129346,second_ge_0.10
501,0.0004461441752804738,second_ge_0.10
502,0.0009353188339288321,second_ge_0.10
503,-0.003247877852206175,second_ge_0.10
504,-0.0018207206790763592,second_ge_0.10
505,0.0005183910737073397,second_ge_0.10
506,-0.0015065245917850996,second_ge_0.10
507,0.005372870764173647,second_ge_0.10
508,0.006470117449326682,second_ge_0.10
509,-0.002060410313239711,second_ge_0.10
510,0.0014078562961522228,second_ge_0.10
511,-0.00012667002892915506,second_ge_0.10
512,-0.0025843368322600382,second_ge_0.10
513,0.0012739821260442114,second_ge_0.10
514,-0.007305856175325877,second_ge_0.10
515,0.001865941884421736,second_ge_0.10
516,0.00047857719325432215,second_ge_0.10
517,-0.00017735252685438405,second_ge_0.10
518,-0.0031665928951249075,second_ge_0.10
519,-0.002103540779287556,second_ge_0.10
520,0.00611086514381963,second_ge_0.10
521,-0.001644538986286829,second_ge_0.10
522,0.0066977928870251,second_ge_0.10
523,-0.005740483093075115,second_ge_0.10
524,-0.009893198095647183,second_ge_0.10
525,0.004483189692098843,second_ge_0.10
526,-0.013811762230235293,second_ge_0.10
527,0.0005895810189773122,second_ge_0.10
528,-0.003017863247806853,second_ge_0.10
529,0.005741049606895943,second_ge_0.10
530,-1.3088596693222141e-05,second_ge_0.10
531,0.00025589373518357454,second_ge_0.10
532,-0.0029660418974164575,second_ge_0.10
533,-0.0018393475556699912,second_ge_0.10
534,0.0022083220522105393,second_ge_0.10
535,-0.0010647572250176054,second_ge_0.10
536,-0.00565818811322765,second_ge_0.10
537,0.00632361133189837,second_ge_0.10
538,0.0071551884177855655,second_ge_0.10
539,0.010092803543509284,second_ge_0.10
540,-0.0014011985085310116,second_ge_0.10
541,-0.003241112461877527,second_ge_0.10
542,0.003922067273262343,second_ge_0.10
543,-0.004578256568290454,second_ge_0.10
544,0.00197123071030178,second_ge_0.10
545,-0.0016386308764910903,second_ge_0.10
546,-0.0028469426318508627,second_ge_0.10
547,0.001768413442238162,second_ge_0.10
548,-0.005455117452247637,second_ge_0.10
549,0.0004564528899669301,second_ge_0.10
550,0.001220332865216534,second_ge_0.10
551,0.0023453909822842844,second_ge_0.10
552,0.006272730625045837,second_ge_0.10
553,-0.0038285829535416737,second_ge_0.10
554,-0.0017697496472517309,second_ge_0.10
555,-0.0038752327671023983,second_ge_0.10
556,-0.0034841732640312414,second_ge_0.10
557,0.002355214356714721,second_ge_0.10
558,-0.001473352131045341,second_ge_0.10
559,-0.0024493908634783683,second_ge_0.10
560,0.005088270818828421,second_ge_0.10
561,-0.006012405768459791,second_ge_0.10
562,-0.0014994967283132798,second_ge_0.10
563,-0.005977438641645339,second_ge_0.10
564,-0.0020273660003435165,second_ge_0.10
565,-0.005254679141400528,second_ge_0.10
566,-0.0051222974468731345,second_ge_0.10
567,-0.0007811526647686777,second_ge_0.10
568,-0.006778158581447091,second_ge_0.10
569,0.0008975165220740104,second_ge_0.10
570,-0.0020474554064411304,second_ge_0.10
571,0.0007238059202812963,second_ge_0.10
572,-0.00359594322705586,second_ge_0.10
573,0.0003118844042515316,second_ge_0.10
574,-0.001144301687477419,second_ge_0.10
575,-0.0050927480727015455,second_ge_0.10
576,-0.0033971921277484675,second_ge_0.10
577,-0.00112342808906882,second_ge_0.10
578,0.006201620863263747,second_ge_0.10
579,0.0014702804104029586,second_ge_0.10
580,0.015275263655186012,second_ge_0.10
581,-0.004817565262043531,second_ge_0.10
582,-0.0017286226763446864,second_ge_0.10
583,0.0037418204520106844,second_ge_0.10
584,0.006105930529505868,second_ge_0.10
585,-0.0001128546979623494,second_ge_0.10
586,-0.0015894333546404868,second_ge_0.10
587,0.00454986680986567,second_ge_0.10
588,0.0008996992839636794,second_ge_0.10
589,0.00214468763286517,second_ge_0.10
590,-0.005623329418165047,second_ge_0.10
591,-0.0012905415394199244,second_ge_0.10
592,-0.001363365366868866,second_ge_0.10
593,-0.0011179194573198077,second_ge_0.10
594,-0.0007509966702090963,second_ge_0.10
595,0.0007840504118916627,second_ge_0.10
596,0.0016784785510685332,second_ge_0.10
597,0.005177274603656407,second_ge_0.10
598,-0.003933534200213479,second_ge_0.10
599,-0.0004690824936419204,second_ge_0.10
600,0.0041875596705122755,second_ge_0.10
601,-0.007172653449151782,second_ge_0.10
602,0.002029908075738759,second_ge_0.10
603,0.006223229543382203,second_ge_0.10
604,-0.00017213186114360132,second_ge_0.10
605,-0.0017661335752743037,second_ge_0.10
606,0.00291170284945878,second_ge_0.10
607,-0.00068307545477873,second_ge_0.10
608,-0.0013706892515384847,second_ge_0.10
609,-0.006338897182362702,second_ge_0.10
610,0.002016260070893574,second_ge_0.10
611,-0.008984451905955338,second_ge_0.10
612,0.004153822335752214,second_ge_0.10
613,0.0026470787544841806,second_ge_0.10
614,-0.004413118885828666,second_ge_0.10
615,-0.003190205799289157,second_ge_0.10
616,-0.0025302642854279347,second_ge_0.10
617,0.005045485069857623,second_ge_0.10
618,-0.0003534100007504244,second_ge_0.10
619,-0.0022035308883486646,second_ge_0.10
620,-0.006733356417080574,second_ge_0.10
621,-0.00010430575243692582,second_ge_0.10
622,-0.006667923844712717,second_ge_0.10
623,-0.004331226066343489,second_ge_0.10
624,0.00022654608033968607,second_ge_0.10
625,0.002601245475087285,second_ge_0.10
626,-0.0036687081961720752,second_ge_0.10
627,0.0014674602845903357,second_ge_0.10
628,0.008562082039901798,second_ge_0.10
629,-0.0073842110217150845,second_ge_0.10
630,-0.0018633375513855623,second_ge_0.10
631,0.0016016968774998027,second_ge_0.10
632,0.0008011473933089577,second_ge_0.10
633,0.00047248365700732343,second_ge_0.10
634,-0.0010724411452567922,second_ge_0.10
635,0.003844499020106459,second_ge_0.10
636,0.010899496128487484,second_ge_0.10
637,0.006229176321319586,second_ge_0.10
638,-0.0034236670953604856,second_ge_0.10
639,0.004474524094946216,second_ge_0.10
640,0.002114435667861067,second_ge_0.10
641,0.00680444494763645,second_ge_0.10
642,-0.006444906372300924,second_ge_0.10
643,-0.005370016213432058,second_ge_0.10
644,-0.0028083278898573213,second_ge_0.10
645,0.002812291448201674,second_ge_0.10
646,-0.0036600620933793233,second_ge_0.10
647,0.0006338878992920774,second_ge_0.10
648,0.004793822890579741,second_ge_0.10
649,-0.004210465667795321,second_ge_0.10
650,0.004401369631169296,second_ge_0.10
651,-0.006791670571355712,second_ge_0.10
652,-7.533107379172764e-05,second_ge_0.10
653,-0.010530515327888974,second_ge_0.10
654,0.007442824954011191,second_ge_0.10
655,0.0020124435230621297,second_ge_0.10
656,0.0028957877375869554,second_ge_0.10
657,-0.001458201125409318,second_ge_0.10
658,0.005857290277831635,second_ge_0.10
659,0.0032801283611514154,second_ge_0.10
660,-0.001372424067142615,second_ge_0.10
661,0.002548277902100871,second_ge_0.10
662,0.000651765304999309,second_ge_0.10
663,-0.010279297630460628,second_ge_0.10
664,-0.0031356764309383375,second_ge_0.10
665,-0.007004254426255827,second_ge_0.10
666,0.004804308721846167,second_ge_0.10
667,0.003998251119589535,second_ge_0.10
668,-0.007884619195165183,second_ge_0.10
669,-0.0011097376452142453,second_ge_0.10
670,0.004863417812558557,second_ge_0.10
671,-0.0019232747111634038,second_ge_0.10
672,-0.0040557124283690784,second_ge_0.10
673,-0.0023187411986786035,second_ge_0.10
674,0.0007069473478941386,second_ge_0.10
675,0.004534378709688968,second_ge_0.10
676,0.0022618536171496355,second_ge_0.10
677,0.004079857307592559,second_ge_0.10
678,0.002241954626371831,second_ge_0.10
679,0.00612859915887413,second_ge_0.10
680,-0.00026287793516531184,second_ge_0.10
681,0.0032389530242959825,second_ge_0.10
682,-0.0007712112218310782,second_ge_0.10
683,-0.007012771588346413,second_ge_0.10
684,0.00022396842998522945,second_ge_0.10
685,-0.005748410628302837,second_ge_0.10
686,-0.00015590763121931534,second_ge_0.10
687,0.0014047216479914399,second_ge_0.10
688,0.003739508987784272,second_ge_0.10
689,-0.003226150369568288,second_ge_0.10
690,-0.0016430649034908527,second_ge_0.10
691,0.0020900857212248257,second_ge_0.10
692,0.0017976531629710821,second_ge_0.10
693,0.002234089386621466,second_ge_0.10
694,-0.002196219132572123,second_ge_0.10
695,0.0022938747046944564,second_ge_0.10
696,-0.005122817560255639,second_ge_0.10
697,-0.0014826565792050517,second_ge_0.10
698,0.004998283974968224,second_ge_0.10
699,0.0031778906832254177,second_ge_0.10
700,-0.010168197582789067,second_ge_0.10
701,-0.002368521569086421,second_ge_0.10
702,0.00042818827523280137,second_ge_0.10
703,0.004530674866352183,second_ge_0.10
704,-0.0037697971541837765,second_ge_0.10
705,-0.0055352893512473885,second_ge_0.10
706,-0.005419721758843599,second_ge_0.10
707,0.00025463055859050083,second_ge_0.10
708,-0.002380828867330545,second_ge_0.10
709,-0.004261421658493301,second_ge_0.10
710,0.0037763699497203045,second_ge_0.10
711,-0.008211286831246663,second_ge_0.10
712,0.004273836633640933,second_ge_0.10
713,0.00024353714301101863,second_ge_0.10
714,0.0008309767833282854,second_ge_0.10
715,0.003662115559029654,second_ge_0.10
716,-0.001040537166725407,second_ge_0.10
717,0.0024292371345081853,second_ge_0.10
718,-0.0014586547366094139,second_ge_0.10
719,0.004590051152063983,second_ge_0.10
720,-0.0003970879557534628,second_ge_0.10
721,-0.010833305284822516,second_ge_0.10
722,0.0005205143838964679,second_ge_0.10
723,-0.000718591253287591,second_ge_0.10
724,0.0013142399834473139,second_ge_0.10
725,0.004011865154293138,second_ge_0.10
726,-0.009709674407620274,second_ge_0.10
727,0.007946212876759293,second_ge_0.10
728,0.0005430568596884349,second_ge_0.10
729,0.004843007207828589,second_ge_0.10
730,0.004177099763691705,second_ge_0.10
731,0.0008856223136691974,second_ge_0.10
732,0.004769613966932905,second_ge_0.10
733,0.0004851332041442943,second_ge_0.10
734,-0.0024751768373188735,second_ge_0.10
735,0.0019104813838283707,second_ge_0.10
736,0.0016148029830696626,second_ge_0.10
737,-0.0027643825875530883,second_ge_0.10
738,-0.0023732023784224037,second_ge_0.10
739,0.009279323532815787,second_ge_0.10
740,0.0031808950351503783,second_ge_0.10
741,0.009194147150447023,second_ge_0.10
742,-0.005651895446759048,second_ge_0.10
743,-0.0011919244773475888,second_ge_0.10
744,-0.006565264651273426,second_ge_0.10
745,-0.0014389231978920653,second_ge_0.10
746,-0.005538529741086297,second_ge_0.10
747,0.0018073056708672994,second_ge_0.10
748,-0.010276995429844733,second_ge_0.10
749,0.0019082012963131418,second_ge_0.10
750,0.0025302585052850127,second_ge_0.10
751,-0.0024005807849537017,second_ge_0.10
752,-0.0014272183041927852,second_ge_0.10
753,0.0003474173339699255,second_ge_0.10
754,-0.004833817757588955,second_ge_0.10
755,-0.002621754269232613,second_ge_0.10
756,-0.0018215822707467531,second_ge_0.10
757,-0.0011942351450624064,second_ge_0.10
758,-0.00418615342704248,second_ge_0.10
759,0.003030923346843898,second_ge_0.10
760,-0.005016147373530202,second_ge_0.10
761,-0.004522840452658649,second_ge_0.10
762,-0.004297851631931732,second_ge_0.10
763,-0.006691416901966547,second_ge_0.10
764,-0.012306930885826278,second_ge_0.10
765,-0.0007266883230731652,second_ge_0.10
766,0.0011461474379183963,second_ge_0.10
767,-0.001265030174017491,second_ge_0.10
768,-0.0014152674527699747,second_ge_0.10
769,-0.0001873176603766365,second_ge_0.10
770,-0.005892903806071445,second_ge_0.10
771,0.0019427995692654426,second_ge_0.10
772,-0.004883916629732987,second_ge_0.10
773,-0.0005577938329727337,second_ge_0.10
774,-0.004420797302373079,second_ge_0.10
775,0.0009026872769125774,second_ge_0.10
776,0.009500192995993527,second_ge_0.10
777,-0.0032862104204231415,second_ge_0.10
778,0.004297318318635088,second_ge_0.10
779,0.0007805569644699273,second_ge_0.10
780,0.0033678209261067365,second_ge_0.10
781,0.002552394014221886,second_ge_0.10
782,0.00019721899311220167,second_ge_0.10
783,0.005126726526577776,second_ge_0.10
784,0.007876658987370007,second_ge_0.10
785,0.003424838843810096,second_ge_0.10
786,0.002254160852171584,second_ge_0.10
787,-0.0030217762239763283,second_ge_0.10
788,-0.0014948646330165294,second_ge_0.10
789,-0.006570035602897026,second_ge_0.10
790,0.0033169898754593623,second_ge_0.10
791,0.0005573409522079767,second_ge_0.10
792,0.007728856489743204,second_ge_0.10
793,0.0029922618026095053,second_ge_0.10
794,-0.001487686066888876,second_ge_0.10
795,-0.0007300607626426002,second_ge_0.10
796,-0.002037216084213418,second_ge_0.10
797,-0.003998023993702162,second_ge_0.10
798,0.006176471422628771,second_ge_0.10
799,-0.0017922792735459853,second_ge_0.10
800,-0.0006181333204969895,second_ge_0.10
801,-0.004753332152618979,second_ge_0.10
802,0.008101294062530762,second_ge_0.10
803,0.0014271944332636512,second_ge_0.10
804,-0.0062579179449386,second_ge_0.10
805,-0.0011214021003422981,second_ge_0.10
806,-0.004744373131943112,second_ge_0.10
807,0.002463674857681971,second_ge_0.10
808,0.005990351454262439,second_ge_0.10
809,-0.0043919747917131385,second_ge_0.10
810,0.0010889498960208602,second_ge_0.10
811,0.005208866150845314,second_ge_0.10
812,-0.005171854162837945,second_ge_0.10
813,-0.0027276893137317903,second_ge_0.10
814,0.010063362079749416,second_ge_0.10
815,-0.0008521256663922071,second_ge_0.10
816,-0.005801376571705691,second_ge_0.10
817,0.0016879551524930322,second_ge_0.10
818,-0.006645006153082922,second_ge_0.10
819,0.00046296331933366806,second_ge_0.10
820,0.004138431529444326,second_ge_0.10
821,0.005132255443376103,second_ge_0.10
822,-0.0004515555963030998,second_ge_0.10
823,0.005252335242491301,second_ge_0.10
824,-0.0024847892354107684,second_ge_0.10
825,0.009605283880979521,second_ge_0.10
826,0.0006789138425284141,second_ge_0.10
827,0.005639633818230443,second_ge_0.10
828,-0.006601398219513909,second_ge_0.10
829,0.00025927636520972695,second_ge_0.10
830,0.0058071382931034485,second_ge_0.10
831,0.0019370336451541147,second_ge_0.10
832,0.0010311855609267996,second_ge_0.10
833,-0.0019714807398068133,second_ge_0.10
834,-0.002765695046203879,second_ge_0.10
835,0.004923651171252996,second_ge_0.10
836,-0.0031460188128812345,second_ge_0.10
837,-0.002307034286347832,second_ge_0.10
838,-0.005593662374039254,second_ge_0.10
839,0.0005130834426154161,second_ge_0.10
840,-0.003870392617965634,second_ge_0.10
841,0.008545464106495683,second_ge_0.10
842,-0.004251360962310823,second_ge_0.10
843,0.0016052130885234935,second_ge_0.10
844,-0.003151660745522221,second_ge_0.10
845,0.0003072995066784165,second_ge_0.10
846,-0.0012013301799759003,second_ge_0.10
847,0.00019131962191847501,second_ge_0.10
848,0.0016397106362967765,second_ge_0.10
849,0.0071493483085765955,second_ge_0.10
850,0.007362159812622605,second_ge_0.10
851,0.002415786953660639,second_ge_0.10
852,-0.00601879900454362,second_ge_0.10
853,-0.003072463903917728,second_ge_0.10
854,0.0031410037854251475,second_ge_0.10
855,-0.005704149437999899,second_ge_0.10
856,0.0011497347850745975,second_ge_0.10
857,0.004015821710310946,second_ge_0.10
858,0.008183174415024677,second_ge_0.10
859,-0.00744472045641896,second_ge_0.10
860,0.000721594834835696,second_ge_0.10
861,-0.005260654738490591,second_ge_0.10
862,-0.00019340259684560166,second_ge_0.10
863,0.007050348269850187,second_ge_0.10
864,-0.003107244228726633,second_ge_0.10
865,0.0016880206472857605,second_ge_0.10
866,0.0018217376489687647,second_ge_0.10
867,0.0021936444107043007,second_ge_0.10
868,0.004093417787259376,second_ge_0.10
869,0.0043799931248484966,second_ge_0.10
870,-0.009769335652204551,second_ge_0.10
871,0.0021977084219419276,second_ge_0.10
872,0.0044291302443774366,second_ge_0.10
873,-0.0008537721207106867,second_ge_0.10
874,-0.005925842030263795,second_ge_0.10
875,-0.0024807820042401472,second_ge_0.10
876,-0.003710782620087747,second_ge_0.10
877,-0.0029350351985878115,second_ge_0.10
878,-0.0026213073492825,second_ge_0.10
879,0.004770072168668069,second_ge_0.10
880,-0.005114617595674695,second_ge_0.10
881,0.0009103373715964901,second_ge_0.10
882,-0.0022547181770144037,second_ge_0.10
883,-0.0010903288933429703,second_ge_0.10
884,0.000572938807966838,second_ge_0.10
885,-0.0030410182293081306,second_ge_0.10
886,-0.0003846567270876727,second_ge_0.10
887,-0.005229085399362817,second_ge_0.10
888,-0.003796227330102769,second_ge_0.10
889,-0.003037025844950854,second_ge_0.10
890,-0.00453483415489602,second_ge_0.10
891,-0.00017872991146152624,second_ge_0.10
892,0.0059420904516629776,second_ge_0.10
893,-0.004028328101561077,second_ge_0.10
894,-0.004647652768539876,second_ge_0.10
895,-0.0037110335996567777,second_ge_0.10
896,0.004870679039432066,second_ge_0.10
897,0.0003376126838268464,second_ge_0.10
898,-0.002431417418356889,second_ge_0.10
899,0.006455285556376308,second_ge_0.10
900,0.006044894595402568,second_ge_0.10
901,-0.0002167086555889372,second_ge_0.10
902,-0.003513791976536734,second_ge_0.10
903,0.0024512661841932623,second_ge_0.10
904,-0.0034908714277530365,second_ge_0.10
905,-0.0016708041311217525,second_ge_0.10
906,-0.0018195474147077932,second_ge_0.10
907,0.006682217218001668,second_ge_0.10
908,7.669126684626668e-05,second_ge_0.10
909,0.00413118073527581,second_ge_0.10
910,-0.004529784326383468,second_ge_0.10
911,-0.003734416896870912,second_ge_0.10
912,-0.0015218074134422126,second_ge_0.10
913,-0.00701270107790486,second_ge_0.10
914,-0.005296945745545571,second_ge_0.10
915,0.0038226160453966275,second_ge_0.10
916,-0.0015779740019390297,second_ge_0.10
917,0.001104421559138606,second_ge_0.10
918,0.001893271635921808,second_ge_0.10
919,0.005705733808740867,second_ge_0.10
920,0.00541467797668557,second_ge_0.10
921,-0.00264409086875878,second_ge_0.10
922,0.008648995562247398,second_ge_0.10
923,-0.0015541620796817254,second_ge_0.10
924,-0.004963785693235611,second_ge_0.10
925,-0.005478517194788322,second_ge_0.10
926,0.0029469474939004254,second_ge_0.10
927,0.0011173540142301423,second_ge_0.10
928,-0.0014679837994391097,second_ge_0.10
929,0.004855197319445315,second_ge_0.10
930,0.006008907509732008,second_ge_0.10
931,0.004639676195124218,second_ge_0.10
932,0.003069872614384382,second_ge_0.10
933,-0.0014807187553037037,second_ge_0.10
934,0.0011234505928421185,second_ge_0.10
935,-0.003858209626223247,second_ge_0.10
936,-0.002374691261649152,second_ge_0.10
937,0.005001355824627045,second_ge_0.10
938,-0.005206127207764935,second_ge_0.10
939,0.004077948059908964,second_ge_0.10
940,0.000623015404871269,second_ge_0.10
941,-0.004214176290858181,second_ge_0.10
942,-0.0009049304272210422,second_ge_0.10
943,-0.0013828132059233497,second_ge_0.10
944,0.0009405043479477233,second_ge_0.10
945,-0.0034563424110953017,second_ge_0.10
946,-0.005787476971254457,second_ge_0.10
947,0.0005175807350954658,second_ge_0.10
948,0.0001936492677846275,second_ge_0.10
949,0.0028157262531323373,second_ge_0.10
950,0.0017820325186300393,second_ge_0.10
951,-6.518213355305567e-05,second_ge_0.10
952,-0.005137865583024795,second_ge_0.10
953,-0.005128956411022847,second_ge_0.10
954,-0.004111539025341436,second_ge_0.10
955,-0.00023716529348429382,second_ge_0.10
956,0.0007882915738272785,second_ge_0.10
957,-0.001385059628206259,second_ge_0.10
958,0.0036798211467370945,second_ge_0.10
959,0.009197559064570876,second_ge_0.10
960,-0.0040787642928056195,second_ge_0.10
961,-0.001200021764438543,second_ge_0.10
962,-0.0008137450409216428,second_ge_0.10
963,-0.0031764572196849345,second_ge_0.10
964,0.003239371960953276,second_ge_0.10
965,-0.007083091545662651,second_ge_0.10
966,0.0008056223804455621,second_ge_0.10
967,0.002811903193369407,second_ge_0.10
968,0.004958623873338848,second_ge_0.10
969,-0.002322465223128822,second_ge_0.10
970,-0.00032797104090851413,second_ge_0.10
971,0.00762962344442785,second_ge_0.10
972,-0.002859456573845611,second_ge_0.10
973,0.00741888326797153,second_ge_0.10
974,-0.004327502087168686,second_ge_0.10
975,-0.003610811721339991,second_ge_0.10
976,-0.006354231060584422,second_ge_0.10
977,-0.0021160862441574496,second_ge_0.10
978,0.0029705158768626783,second_ge_0.10
979,0.00036908300865848173,second_ge_0.10
980,-0.0002804832799730873,second_ge_0.10
981,-8.786167071112433e-05,second_ge_0.10
982,-0.0105314956069416,second_ge_0.10
983,0.004617825160846754,second_ge_0.10
984,-0.0046204428192786065,second_ge_0.10
985,0.0013442699431500055,second_ge_0.10
986,-0.0009640334350064251,second_ge_0.10
987,0.010589473643273695,second_ge_0.10
988,0.002326438609223989,second_ge_0.10
989,-0.005989245800111483,second_ge_0.10
990,0.006057594225987202,second_ge_0.10
991,-0.004285878027717837,second_ge_0.10
992,0.0030854057055807686,second_ge_0.10
993,-0.00506656283535133,second_ge_0.10
994,0.0005372454485122257,second_ge_0.10
995,0.002406342489417856,second_ge_0.10
996,-0.0015809984072270738,second_ge_0.10
997,-0.002610025405106549,second_ge_0.10
998,-0.0004712086479427613,second_ge_0.10
0,-0.00440345252728898,second_ge_0.20
1,0.0007896823946445706,second_ge_0.20
2,0.004525207380443941,second_ge_0.20
3,0.0020450355057837015,second_ge_0.20
4,0.010221550415241192,second_ge_0.20
5,0.003454160278454027,second_ge_0.20
6,-0.007808103090796741,second_ge_0.20
7,-0.000866676122735326,second_ge_0.20
8,-0.0030198065459673797,second_ge_0.20
9,-0.008162427011195275,second_ge_0.20
10,-0.003784917426104832,second_ge_0.20
11,-0.0011244523306942664,second_ge_0.20
12,-0.0018197952247568194,second_ge_0.20
13,0.00021710229471956838,second_ge_0.20
14,-0.00113938534494706,second_ge_0.20
15,0.006711678463902181,second_ge_0.20
16,-0.004087144227080916,second_ge_0.20
17,-0.013194471267643042,second_ge_0.20
18,0.005969067052627013,second_ge_0.20
19,0.007322781724947463,second_ge_0.20
20,0.005463156560567991,second_ge_0.20
21,0.0014388373744267794,second_ge_0.20
22,-0.004279077035003361,second_ge_0.20
23,0.001861370855529312,second_ge_0.20
24,-0.0019420380386672997,second_ge_0.20
25,0.0019642112921941773,second_ge_0.20
26,0.0006003813432098955,second_ge_0.20
27,0.004118941413523104,second_ge_0.20
28,-0.003845974524694183,second_ge_0.20
29,-0.0008714529920089606,second_ge_0.20
30,-0.001863616034747891,second_ge_0.20
31,0.00540529103088557,second_ge_0.20
32,-0.0017002343426068358,second_ge_0.20
33,-0.0038831326176569847,second_ge_0.20
34,0.008475028654331801,second_ge_0.20
35,-0.00427883586293205,second_ge_0.20
36,-0.004480886632733147,second_ge_0.20
37,0.0038685291192815073,second_ge_0.20
38,0.003941080002192577,second_ge_0.20
39,-0.0038658000239218658,second_ge_0.20
40,-0.0033213533340451097,second_ge_0.20
41,-0.01147203392400996,second_ge_0.20
42,0.006209257632217109,second_ge_0.20
43,-0.0005707503525889696,second_ge_0.20
44,-0.004883499033021978,second_ge_0.20
45,0.008348220634687735,second_ge_0.20
46,0.001996632815931909,second_ge_0.20
47,0.001973543467668011,second_ge_0.20
48,-0.0022076262233158314,second_ge_0.20
49,0.0009989671618836286,second_ge_0.20
50,0.001100396278385167,second_ge_0.20
51,0.0004886522258722327,second_ge_0.20
52,0.0018206508654659852,second_ge_0.20
53,0.010880362917863465,second_ge_0.20
54,-0.007417773856729531,second_ge_0.20
55,0.0034956222347777323,second_ge_0.20
56,-0.002472303913748834,second_ge_0.20
57,-0.0018147650036278284,second_ge_0.20
58,-0.0011916352674764626,second_ge_0.20
59,-0.005835348599957716,second_ge_0.20
60,0.0034447845237569473,second_ge_0.20
61,0.0020582812349980847,second_ge_0.20
62,0.0009869693073829495,second_ge_0.20
63,0.0012172199223088912,second_ge_0.20
64,-0.000876301788532161,second_ge_0.20
65,-0.003147010479069911,second_ge_0.20
66,-0.002337502942685753,second_ge_0.20
67,0.012610137686143653,second_ge_0.20
68,0.0010904909881788284,second_ge_0.20
69,0.00237580277069359,second_ge_0.20
70,-0.0017330745275393954,second_ge_0.20
71,-0.0017470377071307245,second_ge_0.20
72,0.0017992933095268358,second_ge_0.20
73,-0.0074741786758897285,second_ge_0.20
74,-0.008796382028998828,second_ge_0.20
75,0.0013054829632819266,second_ge_0.20
76,-0.0007364795016300367,second_ge_0.20
77,0.0002870174184885191,second_ge_0.20
78,-0.0012223841084701228,second_ge_0.20
79,0.001116615596647981,second_ge_0.20
80,-0.018432005745637477,second_ge_0.20
81,0.001512136885107813,second_ge_0.20
82,0.004820106149541922,second_ge_0.20
83,0.004094314050378125,second_ge_0.20
84,-0.013241084171829244,second_ge_0.20
85,0.005017887827980934,second_ge_0.20
86,-0.008153220795278906,second_ge_0.20
87,-0.002250933914570114,second_ge_0.20
88,0.0008908873594027437,second_ge_0.20
89,-0.0005334862134858003,second_ge_0.20
90,-0.001100693219058835,second_ge_0.20
91,0.009756455745567527,second_ge_0.20
92,0.0034294690239318254,second_ge_0.20
93,0.0026120469495370525,second_ge_0.20
94,0.008187007658351161,second_ge_0.20
95,-0.002468396863730565,second_ge_0.20
96,0.006258871625871939,second_ge_0.20
97,0.004870016568454812,second_ge_0.20
98,-0.004352854406850812,second_ge_0.20
99,0.009251509554082942,second_ge_0.20
100,-0.00379396189791508,second_ge_0.20
101,0.0005347008987652399,second_ge_0.20
102,-0.011813083428249172,second_ge_0.20
103,0.002419429918341392,second_ge_0.20
104,-0.006064895189266471,second_ge_0.20
105,-0.004753095614949494,second_ge_0.20
106,0.0035065478977109833,second_ge_0.20
107,0.0026386723916332505,second_ge_0.20
108,0.0044111803538961014,second_ge_0.20
109,-0.008501194446550746,second_ge_0.20
110,0.004383416488807789,second_ge_0.20
111,-0.00719305443573453,second_ge_0.20
112,-0.0034885796938619036,second_ge_0.20
113,-0.004263398335421019,second_ge_0.20
114,-0.002735952533762171,second_ge_0.20
115,0.006718808898642434,second_ge_0.20
116,-0.008944545743086679,second_ge_0.20
117,0.00910521330942049,second_ge_0.20
118,0.010043573240103831,second_ge_0.20
119,0.0005005104624370226,second_ge_0.20
120,0.005955233107283233,second_ge_0.20
121,0.0030703691073988805,second_ge_0.20
122,0.00977974516289932,second_ge_0.20
123,-0.0014716676335287517,second_ge_0.20
124,-0.00094817206688478,second_ge_0.20
125,0.009296813073599147,second_ge_0.20
126,-0.005727728028702794,second_ge_0.20
127,-0.010471522769661125,second_ge_0.20
128,0.005069020281065609,second_ge_0.20
129,0.002676012322487392,second_ge_0.20
130,0.0012046463955541955,second_ge_0.20
131,-0.005588924700417948,second_ge_0.20
132,-0.003521002851080775,second_ge_0.20
133,7.92129015032081e-06,second_ge_0.20
134,-0.0032707545503219875,second_ge_0.20
135,0.009941954857821006,second_ge_0.20
136,0.0025668264426787863,second_ge_0.20
137,-0.006512808386182235,second_ge_0.20
138,-0.0102026231206513,second_ge_0.20
139,-0.007293638319656678,second_ge_0.20
140,0.006283061068204203,second_ge_0.20
141,-0.0027882416893708307,second_ge_0.20
142,0.0012001744201109621,second_ge_0.20
143,0.003764005401375434,second_ge_0.20
144,-0.0049015857930237335,second_ge_0.20
145,0.00883193873355241,second_ge_0.20
146,-0.006175243139590243,second_ge_0.20
147,0.0044996395604172835,second_ge_0.20
148,-0.005233156738972034,second_ge_0.20
149,-0.002471224035866544,second_ge_0.20
150,0.012464508007520213,second_ge_0.20
151,-0.001156647980075511,second_ge_0.20
152,-0.006216936705445998,second_ge_0.20
153,-0.006091296702752022,second_ge_0.20
154,-0.0027512199316501135,second_ge_0.20
155,-0.007271356245934938,second_ge_0.20
156,-0.001865312794069483,second_ge_0.20
157,0.010233297790235128,second_ge_0.20
158,0.009060535056276858,second_ge_0.20
159,-0.0029152970875278975,second_ge_0.20
160,0.0024562150444627337,second_ge_0.20
161,-0.005208302224980071,second_ge_0.20
162,0.01269905822419351,second_ge_0.20
163,-3.27745593636427e-05,second_ge_0.20
164,-0.010196131077982267,second_ge_0.20
165,-0.0003686452524198836,second_ge_0.20
166,-0.00032377810091505674,second_ge_0.20
167,-0.0022792061058659143,second_ge_0.20
168,0.002950296960115315,second_ge_0.20
169,0.011774772336615053,second_ge_0.20
170,0.0003254154562394696,second_ge_0.20
171,-0.0068073676752003045,second_ge_0.20
172,0.008949572393747997,second_ge_0.20
173,-0.00108604549139808,second_ge_0.20
174,-0.00043352250104140535,second_ge_0.20
175,0.016242678163256807,second_ge_0.20
176,0.004294826171993109,second_ge_0.20
177,0.004262005646081229,second_ge_0.20
178,0.004131973852696014,second_ge_0.20
179,0.003824735785662755,second_ge_0.20
180,0.0014923294996569657,second_ge_0.20
181,-0.001621602543975198,second_ge_0.20
182,0.009383371306660983,second_ge_0.20
183,0.0017038041603040428,second_ge_0.20
184,-0.0026367320420017655,second_ge_0.20
185,0.0026803178771251583,second_ge_0.20
186,-0.0007634755297166656,second_ge_0.20
187,-0.005503423216798326,second_ge_0.20
188,0.013250403698989683,second_ge_0.20
189,0.0006410614596746027,second_ge_0.20
190,-0.01037058288374743,second_ge_0.20
191,-0.00018841915462220726,second_ge_0.20
192,-0.002277620757055266,second_ge_0.20
193,0.009984145639132509,second_ge_0.20
194,0.004723583617410858,second_ge_0.20
195,0.0026317707929225985,second_ge_0.20
196,0.002879198755196249,second_ge_0.20
197,0.005509966457456556,second_ge_0.20
198,0.006124790279789024,second_ge_0.20
199,0.007236284890554457,second_ge_0.20
200,0.00737251938458621,second_ge_0.20
201,-0.0016552887875013308,second_ge_0.20
202,0.0065858787952566954,second_ge_0.20
203,0.004977697797569312,second_ge_0.20
204,0.008240490301985572,second_ge_0.20
205,0.004034909474509713,second_ge_0.20
206,-0.008483307816455348,second_ge_0.20
207,-0.0005286019190414843,second_ge_0.20
208,-0.007032902958485799,second_ge_0.20
209,0.004544176459585735,second_ge_0.20
210,0.007598224049030093,second_ge_0.20
211,-0.004293897782945212,second_ge_0.20
212,-0.003587092335580709,second_ge_0.20
213,0.01188459150194218,second_ge_0.20
214,0.0011135984273074608,second_ge_0.20
215,0.003014077220661256,second_ge_0.20
216,0.006496665914295321,second_ge_0.20
217,-0.002416191577567361,second_ge_0.20
218,0.008627701178759734,second_ge_0.20
219,0.007736858144128625,second_ge_0.20
220,-0.004589984091074459,second_ge_0.20
221,0.00477421589204406,second_ge_0.20
222,-0.006013547283938378,second_ge_0.20
223,-0.00047960847303928403,second_ge_0.20
224,-0.0027721529634381755,second_ge_0.20
225,0.00854203527750654,second_ge_0.20
226,-0.015547323518241375,second_ge_0.20
227,-0.0035034835369070613,second_ge_0.20
228,0.002923648123372059,second_ge_0.20
229,-0.0005451067928298191,second_ge_0.20
230,0.012803907223681625,second_ge_0.20
231,-0.0044275428143564725,second_ge_0.20
232,0.001058075313508833,second_ge_0.20
233,-0.0030190401961189086,second_ge_0.20
234,0.003168187115645811,second_ge_0.20
235,-0.0037442322921346746,second_ge_0.20
236,-0.004261515970393813,second_ge_0.20
237,0.0013405004633338148,second_ge_0.20
238,-0.014438287376113537,second_ge_0.20
239,-0.002677840457625289,second_ge_0.20
240,-0.0028493848552607376,second_ge_0.20
241,0.004848724537806978,second_ge_0.20
242,0.0021110607898819278,second_ge_0.20
243,0.010513291951634068,second_ge_0.20
244,0.0014242463028665772,second_ge_0.20
245,-0.0036123303873634932,second_ge_0.20
246,-0.0018896964040550984,second_ge_0.20
247,0.004036738764368201,second_ge_0.20
248,0.003767749896770156,second_ge_0.20
249,-0.0018150547680410754,second_ge_0.20
250,-0.005058971218895794,second_ge_0.20
251,-0.0015868944519615955,second_ge_0.20
252,0.002357802140159325,second_ge_0.20
253,-0.003418669288103649,second_ge_0.20
254,0.005009431050111196,second_ge_0.20
255,0.0032238437139611993,second_ge_0.20
256,0.00244908675039273,second_ge_0.20
257,-0.001112734047868185,second_ge_0.20
258,0.0031025252958978367,second_ge_0.20
259,-5.489961771617864e-05,second_ge_0.20
260,-0.0031117951606787243,second_ge_0.20
261,0.003229047795506419,second_ge_0.20
262,0.00450515126457398,second_ge_0.20
263,-0.009641280118970521,second_ge_0.20
264,0.0029514469848143984,second_ge_0.20
265,0.009222111738580771,second_ge_0.20
266,-0.0013260521962050087,second_ge_0.20
267,0.0006556921003630493,second_ge_0.20
268,-0.006244784917614947,second_ge_0.20
269,-0.001409835427178827,second_ge_0.20
270,0.017579293493656622,second_ge_0.20
271,0.0004380862324274912,second_ge_0.20
272,0.0030536278558317437,second_ge_0.20
273,-0.008050494912868043,second_ge_0.20
274,-0.0043332721019868035,second_ge_0.20
275,-0.007952041709420911,second_ge_0.20
276,-0.00991941278528505,second_ge_0.20
277,0.0024072924595526656,second_ge_0.20
278,0.0077928916195459975,second_ge_0.20
279,-0.001275062824720494,second_ge_0.20
280,-0.008023117702336144,second_ge_0.20
281,0.0001763068812967857,second_ge_0.20
282,-0.0017876189971407941,second_ge_0.20
283,0.00134046991849769,second_ge_0.20
284,-0.007360683766755036,second_ge_0.20
285,-0.007540835740470079,second_ge_0.20
286,-0.006298480744901793,second_ge_0.20
287,-0.0015066618398114344,second_ge_0.20
288,0.0003901454893101401,second_ge_0.20
289,0.003942679151750706,second_ge_0.20
290,0.0007322091923579416,second_ge_0.20
291,-0.0007310511476449213,second_ge_0.20
292,-0.005750749829867541,second_ge_0.20
293,-0.00920513382051629,second_ge_0.20
294,-0.0007760009062176453,second_ge_0.20
295,-0.006516543332122294,second_ge_0.20
296,0.006348890271824695,second_ge_0.20
297,-0.010506632639899609,second_ge_0.20
298,0.004168228373826724,second_ge_0.20
299,0.0005901845728007152,second_ge_0.20
300,-0.0031750605192004382,second_ge_0.20
301,0.00703479605142293,second_ge_0.20
302,-0.0024179736152479684,second_ge_0.20
303,0.012065269342039277,second_ge_0.20
304,0.003123459588703216,second_ge_0.20
305,0.002665490742251173,second_ge_0.20
306,0.002545719180197019,second_ge_0.20
307,-0.003556946491352647,second_ge_0.20
308,-0.005247938248242054,second_ge_0.20
309,-0.0024271026338765355,second_ge_0.20
310,0.004920222633377038,second_ge_0.20
311,6.012609095567955e-06,second_ge_0.20
312,-0.005303328771547726,second_ge_0.20
313,0.0005287401157140669,second_ge_0.20
314,0.011724679389286561,second_ge_0.20
315,0.001527849206700922,second_ge_0.20
316,0.0017153546171807138,second_ge_0.20
317,0.000913969807019306,second_ge_0.20
318,0.006520567126299439,second_ge_0.20
319,-0.00114830381135761,second_ge_0.20
320,0.0005600992462073268,second_ge_0.20
321,0.004624838995725876,second_ge_0.20
322,-0.0023015720621881947,second_ge_0.20
323,0.007525251415065341,second_ge_0.20
324,-2.689733260577024e-05,second_ge_0.20
325,-0.0006492284881002313,second_ge_0.20
326,-0.0025976097868637255,second_ge_0.20
327,0.003975144942193532,second_ge_0.20
328,0.002602162782054978,second_ge_0.20
329,0.011043727049901203,second_ge_0.20
330,0.0010260777321922279,second_ge_0.20
331,0.0030531693246885205,second_ge_0.20
332,-0.006498941676852399,second_ge_0.20
333,0.003004209890818678,second_ge_0.20
334,0.0011106127853028494,second_ge_0.20
335,0.0016986137474344957,second_ge_0.20
336,2.11462993182308e-05,second_ge_0.20
337,0.0018158184436784836,second_ge_0.20
338,-0.0031985117316754887,second_ge_0.20
339,0.0036451845281940524,second_ge_0.20
340,0.00420091410943858,second_ge_0.20
341,0.00026724609555788843,second_ge_0.20
342,-0.00106784443978058,second_ge_0.20
343,0.0019142891321164786,second_ge_0.20
344,0.00669433456044641,second_ge_0.20
345,0.0007537293847732546,second_ge_0.20
346,0.0003032737264796882,second_ge_0.20
347,-0.0025222488161695655,second_ge_0.20
348,-0.003374121262122124,second_ge_0.20
349,-0.010497678096293192,second_ge_0.20
350,0.0023094582944881807,second_ge_0.20
351,-0.002699985366552183,second_ge_0.20
352,0.0014702775092017408,second_ge_0.20
353,-0.00018213386089116767,second_ge_0.20
354,0.0027087926684769867,second_ge_0.20
355,0.000711549771052868,second_ge_0.20
356,-0.004768674445918015,second_ge_0.20
357,0.00647312638019935,second_ge_0.20
358,-0.0014264565811014365,second_ge_0.20
359,-0.0032399331308777916,second_ge_0.20
360,0.0045284956227670155,second_ge_0.20
361,-0.0024922614392057026,second_ge_0.20
362,0.0003386763553118163,second_ge_0.20
363,-0.004644265322942702,second_ge_0.20
364,0.005203878266154232,second_ge_0.20
365,0.002406923589476831,second_ge_0.20
366,-0.0024902791811875803,second_ge_0.20
367,0.0021139827116377946,second_ge_0.20
368,-0.006757031395551055,second_ge_0.20
369,-0.007182833196939137,second_ge_0.20
370,0.015752785647631374,second_ge_0.20
371,-0.0004317047172500978,second_ge_0.20
372,0.005720043529506967,second_ge_0.20
373,-0.009152431267943842,second_ge_0.20
374,0.0045235165070253505,second_ge_0.20
375,-0.004682626069345838,second_ge_0.20
376,-0.005693988428611619,second_ge_0.20
377,0.0008709475751666884,second_ge_0.20
378,-0.0032321709698614537,second_ge_0.20
379,0.004558441605322157,second_ge_0.20
380,-0.0033983577493959865,second_ge_0.20
381,0.0011905826354431906,second_ge_0.20
382,0.0037344496107198084,second_ge_0.20
383,0.00015665920267777484,second_ge_0.20
384,-0.008376448451274046,second_ge_0.20
385,-0.004314963774751256,second_ge_0.20
386,-0.0028338975822194655,second_ge_0.20
387,0.009109015088609763,second_ge_0.20
388,0.006093836905035847,second_ge_0.20
389,-0.0010099641223809187,second_ge_0.20
390,-0.0012211979793408602,second_ge_0.20
391,-0.005910461082269724,second_ge_0.20
392,0.012639234387836547,second_ge_0.20
393,-0.0006793372244640022,second_ge_0.20
394,-0.006772345050576252,second_ge_0.20
395,-0.0017552539053827588,second_ge_0.20
396,-0.004368048897093853,second_ge_0.20
397,-0.004524835263511322,second_ge_0.20
398,4.962145665430194e-07,second_ge_0.20
399,0.004416149406313248,second_ge_0.20
400,-0.0030965079819267314,second_ge_0.20
401,0.002002363873088124,second_ge_0.20
402,-0.011969234855286498,second_ge_0.20
403,-0.0021510975233176343,second_ge_0.20
404,0.005539509897858019,second_ge_0.20
405,0.00267105883079776,second_ge_0.20
406,-0.002589837860289647,second_ge_0.20
407,-0.014617567034314619,second_ge_0.20
408,-0.0013149258377481846,second_ge_0.20
409,0.003791285022667942,second_ge_0.20
410,0.0012575228940936657,second_ge_0.20
411,0.0028757676265117587,second_ge_0.20
412,-0.006916342773936841,second_ge_0.20
413,-0.0003938465617381541,second_ge_0.20
414,0.00024043364608688955,second_ge_0.20
415,0.0034418491089511544,second_ge_0.20
416,-0.003855280199214893,second_ge_0.20
417,0.0014575647696627634,second_ge_0.20
418,-0.0019149724105578254,second_ge_0.20
419,-0.00589493942942637,second_ge_0.20
420,0.00494093077258442,second_ge_0.20
421,-0.006245781560345261,second_ge_0.20
422,0.00745910304956752,second_ge_0.20
423,0.0019346486923359535,second_ge_0.20
424,0.0022612308892638335,second_ge_0.20
425,-0.0012895920055957177,second_ge_0.20
426,-0.008717142736640688,second_ge_0.20
427,-0.01193137442870049,second_ge_0.20
428,0.009206317615223576,second_ge_0.20
429,-0.008513266165038932,second_ge_0.20
430,-0.0008869742614981361,second_ge_0.20
431,0.005041279846791474,second_ge_0.20
432,-0.0034453681268280184,second_ge_0.20
433,-0.010662683603356368,second_ge_0.20
434,0.012349191306448284,second_ge_0.20
435,-0.008965122734912479,second_ge_0.20
436,0.012206825344456397,second_ge_0.20
437,-0.002202308446195126,second_ge_0.20
438,-0.0007255608524290792,second_ge_0.20
439,-0.002957734740675224,second_ge_0.20
440,0.0027322154157454347,second_ge_0.20
441,0.0035581892845677164,second_ge_0.20
442,0.005579548877543899,second_ge_0.20
443,-0.0022297668052682737,second_ge_0.20
444,0.002862723774677554,second_ge_0.20
445,0.011539818668453244,second_ge_0.20
446,-0.010853155810650975,second_ge_0.20
447,0.004445345979940367,second_ge_0.20
448,-4.885194864107051e-05,second_ge_0.20
449,0.010737467330586926,second_ge_0.20
450,-0.0021768660634966254,second_ge_0.20
451,0.0062151253442410655,second_ge_0.20
452,-0.0019597274853425843,second_ge_0.20
453,-0.0007614615191481968,second_ge_0.20
454,0.0074855693875087405,second_ge_0.20
455,-0.005072796673321222,second_ge_0.20
456,0.0035605263927622303,second_ge_0.20
457,-0.0004990199409719214,second_ge_0.20
458,-0.0010130154518022407,second_ge_0.20
459,-0.006012897533960037,second_ge_0.20
460,0.0023065823108219603,second_ge_0.20
461,-0.007562986106261746,second_ge_0.20
462,-0.004222210577372892,second_ge_0.20
463,-6.252709607579518e-06,second_ge_0.20
464,0.0007683840564483959,second_ge_0.20
465,0.006647162873815419,second_ge_0.20
466,0.005269456015713102,second_ge_0.20
467,0.01352326603386508,second_ge_0.20
468,-0.0036569241497014632,second_ge_0.20
469,-0.0005143138896693982,second_ge_0.20
470,-0.0015907059370524352,second_ge_0.20
471,-0.0006424309420567732,second_ge_0.20
472,-0.003436071826691725,second_ge_0.20
473,0.001105216799735405,second_ge_0.20
474,-0.01366136732284237,second_ge_0.20
475,0.0023341447431268485,second_ge_0.20
476,-0.0019331585028137378,second_ge_0.20
477,0.00038694829585221493,second_ge_0.20
478,0.012955812463899496,second_ge_0.20
479,-0.0036568980438705873,second_ge_0.20
480,0.012929211490417852,second_ge_0.20
481,0.003239717453450947,second_ge_0.20
482,0.005818521885712246,second_ge_0.20
483,-0.009423386332673811,second_ge_0.20
484,0.00131611424494886,second_ge_0.20
485,-0.005167482499883169,second_ge_0.20
486,-0.002013281391753892,second_ge_0.20
487,0.01119606812572602,second_ge_0.20
488,0.004443561147548429,second_ge_0.20
489,-0.0001619423997238317,second_ge_0.20
490,-0.00992156710781807,second_ge_0.20
491,-0.0009079312232576996,second_ge_0.20
492,0.005230536316044671,second_ge_0.20
493,-0.0075770447275675685,second_ge_0.20
494,-0.00961589739191112,second_ge_0.20
495,0.0006407613273531469,second_ge_0.20
496,-0.00044119801252796896,second_ge_0.20
497,-0.0066145509883335845,second_ge_0.20
498,0.0013799346055150827,second_ge_0.20
499,0.004212401182964232,second_ge_0.20
500,-0.001572526267315144,second_ge_0.20
501,0.00021498826114904528,second_ge_0.20
502,1.2876898528797668e-05,second_ge_0.20
503,0.005880441472363017,second_ge_0.20
504,-0.01138107999625456,second_ge_0.20
505,0.003547998726415037,second_ge_0.20
506,0.0006829553572554612,second_ge_0.20
507,0.001787732265512469,second_ge_0.20
508,0.011813001881996358,second_ge_0.20
509,-0.008486821586339656,second_ge_0.20
510,0.0028333863026344815,second_ge_0.20
511,-0.004222946075737358,second_ge_0.20
512,-0.0012886504375666807,second_ge_0.20
513,0.005210121583000238,second_ge_0.20
514,-0.004159205123211801,second_ge_0.20
515,0.003522827790424973,second_ge_0.20
516,-0.005104913741197874,second_ge_0.20
517,-0.003579597414965075,second_ge_0.20
518,-0.00402201653587614,second_ge_0.20
519,0.001170212117137883,second_ge_0.20
520,0.013161899270271943,second_ge_0.20
521,-0.0005927441366577431,second_ge_0.20
522,0.004648726917183584,second_ge_0.20
523,0.0017910616960101896,second_ge_0.20
524,-0.007992106212710045,second_ge_0.20
525,0.007829024256016299,second_ge_0.20
526,-0.012332453463259768,second_ge_0.20
527,0.00674574382235895,second_ge_0.20
528,-0.005077953156983296,second_ge_0.20
529,0.009576765472205016,second_ge_0.20
530,-0.0024921987344885704,second_ge_0.20
531,0.007949746635550417,second_ge_0.20
532,0.005259103790253777,second_ge_0.20
533,-0.0036755298305709036,second_ge_0.20
534,0.0010055652105185793,second_ge_0.20
535,-0.009733266641786356,second_ge_0.20
536,-0.005045390839523027,second_ge_0.20
537,0.0023240937233337225,second_ge_0.20
538,0.007142851993397725,second_ge_0.20
539,0.005928799587423812,second_ge_0.20
540,-0.0007219196518925275,second_ge_0.20
541,-0.0022832661803435838,second_ge_0.20
542,0.009166119663618539,second_ge_0.20
543,-0.0016832338121326683,second_ge_0.20
544,0.007790779014512532,second_ge_0.20
545,-0.0033270934313632543,second_ge_0.20
546,0.004060690807561372,second_ge_0.20
547,0.0038104763211297176,second_ge_0.20
548,-0.008387486577320425,second_ge_0.20
549,0.001104231414266653,second_ge_0.20
550,-0.0046138207117628225,second_ge_0.20
551,0.003024128255980862,second_ge_0.20
552,0.01618094573366949,second_ge_0.20
553,-0.001240572187834729,second_ge_0.20
554,0.007174277870057655,second_ge_0.20
555,0.001243622710332222,second_ge_0.20
556,-0.004529121550757919,second_ge_0.20
557,0.0033282670568686255,second_ge_0.20
558,0.0008472269554797815,second_ge_0.20
559,-0.005416290693401253,second_ge_0.20
560,0.0017548017236704509,second_ge_0.20
561,-0.005293242837963071,second_ge_0.20
562,-0.004980994942764448,second_ge_0.20
563,-0.0044570951231385336,second_ge_0.20
564,-0.0008468445497236535,second_ge_0.20
565,0.00047334078872275,second_ge_0.20
566,-0.004563770173706371,second_ge_0.20
567,0.006761207947721455,second_ge_0.20
568,0.00011456783016300192,second_ge_0.20
569,0.002146467308667468,second_ge_0.20
570,-0.005736140602882801,second_ge_0.20
571,0.006253916012524314,second_ge_0.20
572,0.0024764235460226925,second_ge_0.20
573,0.0010564470984692465,second_ge_0.20
574,-0.003925558872555051,second_ge_0.20
575,-0.0032790388501666642,second_ge_0.20
576,-0.0010945183350849698,second_ge_0.20
577,0.0030251920465284125,second_ge_0.20
578,0.004588096858956434,second_ge_0.20
579,-0.0001952842700921184,second_ge_0.20
580,0.014789787293835656,second_ge_0.20
581,0.0027013295134446615,second_ge_0.20
582,-0.00411806921823474,second_ge_0.20
583,0.010001536049576766,second_ge_0.20
584,0.004110422465256389,second_ge_0.20
585,0.0012461323669332234,second_ge_0.20
586,-0.0025785471583684334,second_ge_0.20
587,-9.800555051703962e-05,second_ge_0.20
588,-0.0022605097662205926,second_ge_0.20
589,0.004572525831585856,second_ge_0.20
590,0.005283170582200546,second_ge_0.20
591,0.0016226937244573896,second_ge_0.20
592,0.0034649545402361836,second_ge_0.20
593,-0.0015429320820237566,second_ge_0.20
594,-0.003529853813562705,second_ge_0.20
595,0.0013386437121941845,second_ge_0.20
596,-0.0022514912095047378,second_ge_0.20
597,0.0025801606998266903,second_ge_0.20
598,-0.004533728488808141,second_ge_0.20
599,-0.004949696418706269,second_ge_0.20
600,-0.0013048290943390559,second_ge_0.20
601,-0.010374300759350636,second_ge_0.20
602,-0.00016025464507468039,second_ge_0.20
603,0.0039028571493780087,second_ge_0.20
604,0.0023366826872354635,second_ge_0.20
605,-0.0047859579747587064,second_ge_0.20
606,0.008790560860198913,second_ge_0.20
607,-0.002633444283416271,second_ge_0.20
608,0.005405769796243265,second_ge_0.20
609,-0.008395680071532918,second_ge_0.20
610,-0.0024137670492156323,second_ge_0.20
611,-0.006664668760947548,second_ge_0.20
612,0.014068038482785303,second_ge_0.20
613,-0.00103434681729033,second_ge_0.20
614,0.002242177820769202,second_ge_0.20
615,-0.005889918849853475,second_ge_0.20
616,0.001985429199849859,second_ge_0.20
617,0.008142623842413578,second_ge_0.20
618,0.0027642336128332052,second_ge_0.20
619,-0.0012273996902535235,second_ge_0.20
620,-0.0029478420897456766,second_ge_0.20
621,-0.0007114973025186438,second_ge_0.20
622,-0.0033447761082849568,second_ge_0.20
623,-0.011975970763301117,second_ge_0.20
624,-0.008457684929165162,second_ge_0.20
625,0.0015479832911900451,second_ge_0.20
626,-0.009976376781262612,second_ge_0.20
627,0.004075006180268447,second_ge_0.20
628,0.0053730597202061225,second_ge_0.20
629,-0.01016840860768191,second_ge_0.20
630,0.003166554438897542,second_ge_0.20
631,0.00188509896136388,second_ge_0.20
632,-0.003301976716218774,second_ge_0.20
633,0.0018542044025382349,second_ge_0.20
634,-0.004654363038745284,second_ge_0.20
635,-0.0064552400974872476,second_ge_0.20
636,0.005088573707101764,second_ge_0.20
637,0.009010125767264888,second_ge_0.20
638,4.7929074591155465e-05,second_ge_0.20
639,0.0019503342564165008,second_ge_0.20
640,0.0002535254496586908,second_ge_0.20
641,0.005461060559888069,second_ge_0.20
642,-0.0057573941881326595,second_ge_0.20
643,-0.0032723593094161427,second_ge_0.20
644,0.002603621473560674,second_ge_0.20
645,0.005497916585366437,second_ge_0.20
646,0.0027031810839097726,second_ge_0.20
647,-0.0041507397800099105,second_ge_0.20
648,0.00014588427350048738,second_ge_0.20
649,-0.0019867078665958674,second_ge_0.20
650,0.005987511141440694,second_ge_0.20
651,-0.006212125842773528,second_ge_0.20
652,-0.001895937884311958,second_ge_0.20
653,-0.009948392983167787,second_ge_0.20
654,0.012274146421105098,second_ge_0.20
655,-0.000834836328149359,second_ge_0.20
656,0.0026074199958189153,second_ge_0.20
657,-0.004509175656873938,second_ge_0.20
658,-0.0011765508089600122,second_ge_0.20
659,0.0038854461300327726,second_ge_0.20
660,0.001858421646222766,second_ge_0.20
661,0.0005104538603869376,second_ge_0.20
662,0.0007741874412940471,second_ge_0.20
663,-0.0037716584713078766,second_ge_0.20
664,-0.004006192721906468,second_ge_0.20
665,0.00035372055363857587,second_ge_0.20
666,0.0011756436270105287,second_ge_0.20
667,0.008017085071047501,second_ge_0.20
668,-0.011810014106667878,second_ge_0.20
669,0.0008140567231237376,second_ge_0.20
670,0.007398074687878485,second_ge_0.20
671,-1.614719963085105e-05,second_ge_0.20
672,-0.007775792098981919,second_ge_0.20
673,-0.00015721840383778966,second_ge_0.20
674,0.003249194533774791,second_ge_0.20
675,0.004049465719981967,second_ge_0.20
676,0.004629364131879551,second_ge_0.20
677,0.006188672673906415,second_ge_0.20
678,-6.403084034360203e-05,second_ge_0.20
679,0.006404106883623362,second_ge_0.20
680,0.011576141270916657,second_ge_0.20
681,0.005317903851004478,second_ge_0.20
682,-0.003196635501429366,second_ge_0.20
683,0.0011252455504476362,second_ge_0.20
684,-0.006553792928740535,second_ge_0.20
685,-0.005432541571493267,second_ge_0.20
686,0.000222280570114967,second_ge_0.20
687,0.0038355207197103875,second_ge_0.20
688,-0.0022067730653114155,second_ge_0.20
689,0.0034750995996339186,second_ge_0.20
690,-0.0017420814086127722,second_ge_0.20
691,0.005268472657032319,second_ge_0.20
692,-0.0012558033781826048,second_ge_0.20
693,-0.000306254907241058,second_ge_0.20
694,-0.008431804188443479,second_ge_0.20
695,0.0008142152857330387,second_ge_0.20
696,-0.002734638410684117,second_ge_0.20
697,-0.0008298353847106974,second_ge_0.20
698,-9.638397461235297e-05,second_ge_0.20
699,0.0028410093634796438,second_ge_0.20
700,-0.007854775984630552,second_ge_0.20
701,-0.001776415064471436,second_ge_0.20
702,0.0004123576202216469,second_ge_0.20
703,0.001731181586258343,second_ge_0.20
704,-0.0019527749099310572,second_ge_0.20
705,-0.004328315486612486,second_ge_0.20
706,-0.006765612076312904,second_ge_0.20
707,-8.232893831676455e-05,second_ge_0.20
708,-0.0029909700472213275,second_ge_0.20
709,-0.0028498365301188227,second_ge_0.20
710,0.0022674985063096346,second_ge_0.20
711,-0.004300602536341872,second_ge_0.20
712,-0.0015388671740696914,second_ge_0.20
713,-0.0004332072242473325,second_ge_0.20
714,-0.0024690557138550753,second_ge_0.20
715,0.00595533307680671,second_ge_0.20
716,0.0017111808528932914,second_ge_0.20
717,0.0013178115486119346,second_ge_0.20
718,-0.0009198860811115687,second_ge_0.20
719,-0.0005410407689403124,second_ge_0.20
720,-0.0013096512636427218,second_ge_0.20
721,-0.006672498449103963,second_ge_0.20
722,0.007304748548078321,second_ge_0.20
723,-0.006301288427154301,second_ge_0.20
724,0.0016387540503838968,second_ge_0.20
725,0.0004646083546150826,second_ge_0.20
726,-0.01027239451118978,second_ge_0.20
727,0.010169344674017264,second_ge_0.20
728,0.0012407657738015274,second_ge_0.20
729,0.009168409232137234,second_ge_0.20
730,0.012584464117372286,second_ge_0.20
731,0.004512707611419632,second_ge_0.20
732,0.002760940587135186,second_ge_0.20
733,0.0033070279439472647,second_ge_0.20
734,-0.0047816920648570994,second_ge_0.20
735,0.004365734960264466,second_ge_0.20
736,0.004650373598208567,second_ge_0.20
737,8.692980503128467e-05,second_ge_0.20
738,-0.0033015318603715686,second_ge_0.20
739,0.0072016994276196825,second_ge_0.20
740,0.0014327533747830197,second_ge_0.20
741,0.004714270608651846,second_ge_0.20
742,-0.0032814518171144814,second_ge_0.20
743,-0.005147793344768263,second_ge_0.20
744,-0.0006717486441537958,second_ge_0.20
745,-0.003069504937415661,second_ge_0.20
746,-0.00307461730154198,second_ge_0.20
747,-0.0017854164189812073,second_ge_0.20
748,-0.007620163514927474,second_ge_0.20
749,0.0018524171901506165,second_ge_0.20
750,-0.001348975693160951,second_ge_0.20
751,0.0018812988320289269,second_ge_0.20
752,0.0007365384001523589,second_ge_0.20
753,0.0014586134041275052,second_ge_0.20
754,0.002156095935884847,second_ge_0.20
755,-0.00897600226800554,second_ge_0.20
756,-0.004250174067837846,second_ge_0.20
757,-0.0021074972282475253,second_ge_0.20
758,0.0010499108435114014,second_ge_0.20
759,0.0028621718996567286,second_ge_0.20
760,0.0008738821857416142,second_ge_0.20
761,-0.0026666322454847844,second_ge_0.20
762,-0.006256459455051582,second_ge_0.20
763,-0.012171734630428067,second_ge_0.20
764,-0.0033765297931106484,second_ge_0.20
765,-0.000306675702534947,second_ge_0.20
766,0.0011170988512466905,second_ge_0.20
767,-0.00023237639097551576,second_ge_0.20
768,0.004778693361222108,second_ge_0.20
769,0.003277857945497711,second_ge_0.20
770,-0.003191230971750915,second_ge_0.20
771,-6.793904712420936e-05,second_ge_0.20
772,-0.0025438509277945086,second_ge_0.20
773,-0.0017840010514757747,second_ge_0.20
774,-0.006959419277444587,second_ge_0.20
775,0.0021973883654316725,second_ge_0.20
776,0.00919642526778042,second_ge_0.20
777,-0.0033981557966122886,second_ge_0.20
778,0.009041079806901033,second_ge_0.20
779,-0.003844683079216922,second_ge_0.20
780,0.0022495934716803088,second_ge_0.20
781,0.002612938456811276,second_ge_0.20
782,0.0025667835791058193,second_ge_0.20
783,0.0033283324125111457,second_ge_0.20
784,0.004474973486907745,second_ge_0.20
785,0.000851127620893516,second_ge_0.20
786,-0.0033287554656907447,second_ge_0.20
787,-0.004966422829414085,second_ge_0.20
788,-0.0012719056104251824,second_ge_0.20
789,-0.011431669127087804,second_ge_0.20
790,0.001456281112839723,second_ge_0.20
791,-0.010638567208654953,second_ge_0.20
792,0.0041989159242497775,second_ge_0.20
793,0.003826072660394249,second_ge_0.20
794,-0.001889337722033136,second_ge_0.20
795,4.7991410874535636e-05,second_ge_0.20
796,-0.007077269744814325,second_ge_0.20
797,-0.0081014413084349,second_ge_0.20
798,0.009531715831212394,second_ge_0.20
799,-0.004564472038650349,second_ge_0.20
800,-0.008487403895150188,second_ge_0.20
801,-0.000509653884769388,second_ge_0.20
802,0.008946759998476881,second_ge_0.20
803,0.00379813852895847,second_ge_0.20
804,-0.009308920578122565,second_ge_0.20
805,0.00010332136175573142,second_ge_0.20
806,-0.0036999445695656353,second_ge_0.20
807,0.007768308934061951,second_ge_0.20
808,0.008367280874232778,second_ge_0.20
809,-0.0051025654035441095,second_ge_0.20
810,-0.0028859971919949763,second_ge_0.20
811,0.0076314173242290825,second_ge_0.20
812,-0.0035763203602513375,second_ge_0.20
813,0.0013681498579867716,second_ge_0.20
814,0.005539122106102356,second_ge_0.20
815,-0.005513154251890769,second_ge_0.20
816,-0.00714575622498665,second_ge_0.20
817,0.0029826569152061645,second_ge_0.20
818,-0.002143046476320036,second_ge_0.20
819,-0.006880083773787978,second_ge_0.20
820,-0.0009034339840791045,second_ge_0.20
821,-0.0012723450440864075,second_ge_0.20
822,-0.0027270730701206224,second_ge_0.20
823,-0.002028128972996277,second_ge_0.20
824,-0.003189968593879235,second_ge_0.20
825,0.012061240838280722,second_ge_0.20
826,-0.00205910933373024,second_ge_0.20
827,0.007449490352911151,second_ge_0.20
828,-0.007215015522826751,second_ge_0.20
829,-0.0021724814311020906,second_ge_0.20
830,0.0032681743995552834,second_ge_0.20
831,0.0018982074055650488,second_ge_0.20
832,1.5161305036121292e-05,second_ge_0.20
833,-0.004934910491187531,second_ge_0.20
834,-0.008891738741107689,second_ge_0.20
835,0.0016948150539631104,second_ge_0.20
836,-0.0015048554992369567,second_ge_0.20
837,-0.003133178232365499,second_ge_0.20
838,-0.0037334740019057525,second_ge_0.20
839,0.00498957811716515,second_ge_0.20
840,-0.00449860904602664,second_ge_0.20
841,0.004608482692236125,second_ge_0.20
842,-0.0064341273713843725,second_ge_0.20
843,0.005096592685350338,second_ge_0.20
844,-0.0006402897593507118,second_ge_0.20
845,-0.005809576999530544,second_ge_0.20
846,0.003143953868824748,second_ge_0.20
847,0.0037150446973571185,second_ge_0.20
848,0.004031786713117575,second_ge_0.20
849,0.008267917842314274,second_ge_0.20
850,-0.006763673388190543,second_ge_0.20
851,0.001774618998665487,second_ge_0.20
852,-0.000740095035735173,second_ge_0.20
853,-0.006731634701341173,second_ge_0.20
854,0.0033446005029110324,second_ge_0.20
855,-0.009094052624239003,second_ge_0.20
856,-0.002080169330802364,second_ge_0.20
857,0.0022813041840344184,second_ge_0.20
858,0.014517387243584172,second_ge_0.20
859,-0.00667413342895879,second_ge_0.20
860,-0.005579287068218869,second_ge_0.20
861,-0.0027618855291364377,second_ge_0.20
862,0.0022039443270623605,second_ge_0.20
863,0.004965708729455018,second_ge_0.20
864,0.001882545114587957,second_ge_0.20
865,-0.005046878592723965,second_ge_0.20
866,0.007012472389644119,second_ge_0.20
867,-0.0014548595678068959,second_ge_0.20
868,0.007026909712773476,second_ge_0.20
869,0.004427161431555909,second_ge_0.20
870,-0.010157614935668262,second_ge_0.20
871,0.006098351007292002,second_ge_0.20
872,0.004141383900189865,second_ge_0.20
873,-0.002758182927527344,second_ge_0.20
874,0.00021347540989956535,second_ge_0.20
875,-0.006903435517396382,second_ge_0.20
876,0.00017278745530857053,second_ge_0.20
877,-0.007022819237815071,second_ge_0.20
878,2.4845407473319497e-05,second_ge_0.20
879,0.006592671293900574,second_ge_0.20
880,-0.006067603497431187,second_ge_0.20
881,-0.003066131044649349,second_ge_0.20
882,-0.006756216571999228,second_ge_0.20
883,0.0002949123119400935,second_ge_0.20
884,0.0014539974896806674,second_ge_0.20
885,-0.006950197088460081,second_ge_0.20
886,-0.0036176034315468096,second_ge_0.20
887,-0.007031462899497331,second_ge_0.20
888,-0.001501402493018859,second_ge_0.20
889,-0.002669039885173064,second_ge_0.20
890,-0.005173070815771681,second_ge_0.20
891,-0.0021262268004924208,second_ge_0.20
892,0.006756153361560301,second_ge_0.20
893,-0.0008872670216751398,second_ge_0.20
894,-0.006193567044945887,second_ge_0.20
895,-0.003192664379553125,second_ge_0.20
896,1.4008216723870304e-05,second_ge_0.20
897,-0.0050776016696956,second_ge_0.20
898,0.0017798602620882826,second_ge_0.20
899,0.0032161828256776184,second_ge_0.20
900,0.003615139012076369,second_ge_0.20
901,-0.0011287165452237337,second_ge_0.20
902,-0.0005559704066374938,second_ge_0.20
903,0.0035979866030525732,second_ge_0.20
904,0.0004472905427450677,second_ge_0.20
905,0.0010154629798049682,second_ge_0.20
906,0.003465491962169154,second_ge_0.20
907,0.004934965683262102,second_ge_0.20
908,-0.0052227106457053895,second_ge_0.20
909,0.001710973773075297,second_ge_0.20
910,-0.005168986556370165,second_ge_0.20
911,0.007287253235375142,second_ge_0.20
912,-0.00180758664888137,second_ge_0.20
913,0.0003498267693877351,second_ge_0.20
914,-8.124097155610335e-05,second_ge_0.20
915,-0.0028163694658713883,second_ge_0.20
916,0.007190346322119207,second_ge_0.20
917,0.007402859660955748,second_ge_0.20
918,0.0017918562132813324,second_ge_0.20
919,0.0021341153107027866,second_ge_0.20
920,0.004504373715402037,second_ge_0.20
921,0.003600414580330202,second_ge_0.20
922,0.005877985691555418,second_ge_0.20
923,-0.0068273529243674325,second_ge_0.20
924,-0.008649732267832905,second_ge_0.20
925,0.0012746582194388839,second_ge_0.20
926,-0.0018268262986121172,second_ge_0.20
927,0.0062592372914745745,second_ge_0.20
928,-0.0014696630796647023,second_ge_0.20
929,0.00764474823979567,second_ge_0.20
930,0.007999849403737156,second_ge_0.20
931,0.0044770068059905715,second_ge_0.20
932,0.0047775481731946005,second_ge_0.20
933,-0.006460141861200053,second_ge_0.20
934,-0.003807376022602771,second_ge_0.20
935,-0.008451453984896409,second_ge_0.20
936,-0.004199841538960609,second_ge_0.20
937,0.0035657194239613068,second_ge_0.20
938,-5.734377718730525e-05,second_ge_0.20
939,0.006824826705448445,second_ge_0.20
940,-0.0019897541545656943,second_ge_0.20
941,-0.004976664916127132,second_ge_0.20
942,-0.006821296455150091,second_ge_0.20
943,-0.003990518471340102,second_ge_0.20
944,0.0003721035314904358,second_ge_0.20
945,-0.0021349799987967328,second_ge_0.20
946,-0.002976784825050569,second_ge_0.20
947,0.0008022592036010477,second_ge_0.20
948,0.0006638046183645546,second_ge_0.20
949,-0.0006244601498696144,second_ge_0.20
950,-0.0002847199864913004,second_ge_0.20
951,-0.004177211664274501,second_ge_0.20
952,0.00128847764099943,second_ge_0.20
953,-0.005204170223086455,second_ge_0.20
954,-0.00128146767845984,second_ge_0.20
955,0.007324087943735187,second_ge_0.20
956,-0.000109004840438804,second_ge_0.20
957,0.0008294839119657887,second_ge_0.20
958,0.0035656144508551518,second_ge_0.20
959,0.012513624400755452,second_ge_0.20
960,-0.0032491421686506356,second_ge_0.20
961,0.008643651881951517,second_ge_0.20
962,0.0020845879915534524,second_ge_0.20
963,-0.0023169983155064146,second_ge_0.20
964,0.0024644649603066168,second_ge_0.20
965,-0.0038335078583684266,second_ge_0.20
966,0.009511941332849582,second_ge_0.20
967,-0.000884876731329746,second_ge_0.20
968,0.004657107276188423,second_ge_0.20
969,0.0009263227439335991,second_ge_0.20
970,0.004667109811066145,second_ge_0.20
971,0.007591502733937425,second_ge_0.20
972,-0.008148188676715476,second_ge_0.20
973,0.00809164824910795,second_ge_0.20
974,0.000524949256177768,second_ge_0.20
975,-0.007546570563403464,second_ge_0.20
976,-0.007647610127709748,second_ge_0.20
977,-0.0007465067668403209,second_ge_0.20
978,0.00744386885754701,second_ge_0.20
979,0.00115169340701316,second_ge_0.20
980,0.002026322444731072,second_ge_0.20
981,-0.0006476093546131932,second_ge_0.20
982,-0.014283597802123967,second_ge_0.20
983,0.008250942645827024,second_ge_0.20
984,-0.000503603185057469,second_ge_0.20
985,-0.006417629451519875,second_ge_0.20
986,0.0011063274998526623,second_ge_0.20
987,0.007791304660535061,second_ge_0.20
988,-0.0018143315844756033,second_ge_0.20
989,-0.005357146834854318,second_ge_0.20
990,0.0055357761301557925,second_ge_0.20
991,0.00011673191568807713,second_ge_0.20
992,0.007189091010666,second_ge_0.20
993,-0.007048721433767806,second_ge_0.20
994,-9.314459017783136e-05,second_ge_0.20
995,-0.0008758881619227227,second_ge_0.20
996,0.002587707146645679,second_ge_0.20
997,-0.008170218738575699,second_ge_0.20
998,-0.0035869328270870383,second_ge_0.20
0,0.0009993733902303786,second_lt_0.10
1,-0.004059954430701889,second_lt_0.10
2,-0.001389410311579927,second_lt_0.10
3,0.007699789040599633,second_lt_0.10
4,0.0005149560415945638,second_lt_0.10
5,-0.0021671399896377383,second_lt_0.10
6,-0.0018339098616724256,second_lt_0.10
7,0.0045985908992708605,second_lt_0.10
8,0.0015651463220603748,second_lt_0.10
9,0.0003202522499586354,second_lt_0.10
10,-0.0027809079591951534,second_lt_0.10
11,0.003366738590361523,second_lt_0.10
12,0.007584505857842047,second_lt_0.10
13,0.007404850256085007,second_lt_0.10
14,-0.001880715200537548,second_lt_0.10
15,0.010575294116968328,second_lt_0.10
16,-0.0017524215380352788,second_lt_0.10
17,-0.006502343165821067,second_lt_0.10
18,-0.003401699572476117,second_lt_0.10
19,0.002324031980912039,second_lt_0.10
20,0.0006715396932484508,second_lt_0.10
21,-0.004852910333018432,second_lt_0.10
22,0.007156577692626767,second_lt_0.10
23,-0.0018294885109190146,second_lt_0.10
24,0.013771194958583336,second_lt_0.10
25,-0.0023744472075158955,second_lt_0.10
26,-0.00035229481892623185,second_lt_0.10
27,-0.0016252361013448459,second_lt_0.10
28,0.0024514663567395518,second_lt_0.10
29,-0.0015274727499665689,second_lt_0.10
30,-0.0005908910663608746,second_lt_0.10
31,-0.006339802891702788,second_lt_0.10
32,-0.004517984917542985,second_lt_0.10
33,0.00029081179385061597,second_lt_0.10
34,0.002442141035747043,second_lt_0.10
35,0.0006927854227834376,second_lt_0.10
36,0.00949360599454945,second_lt_0.10
37,0.0005356734503590808,second_lt_0.10
38,0.0013434575084347489,second_lt_0.10
39,-0.007736700204784075,second_lt_0.10
40,0.004388411377029715,second_lt_0.10
41,0.002995736111131146,second_lt_0.10
42,0.0007203095580672761,second_lt_0.10
43,6.874996913545197e-05,second_lt_0.10
44,0.0039585957949771185,second_lt_0.10
45,-0.006737390146922092,second_lt_0.10
46,0.005437427175261557,second_lt_0.10
47,0.005204200138153499,second_lt_0.10
48,-0.0012531766397153707,second_lt_0.10
49,-0.010813456179841903,second_lt_0.10
50,-0.0007154817024354624,second_lt_0.10
51,-0.0021801082095586305,second_lt_0.10
52,0.000456343153276704,second_lt_0.10
53,0.0008045862465073897,second_lt_0.10
54,-0.001835391888970396,second_lt_0.10
55,-0.002334067500908051,second_lt_0.10
56,-0.005111960440151581,second_lt_0.10
57,-0.0009720869321589461,second_lt_0.10
58,-0.005736050663772779,second_lt_0.10
59,0.001860996190583915,second_lt_0.10
60,-0.00124088949433985,second_lt_0.10
61,-0.006152612362346896,second_lt_0.10
62,0.00331635111784262,second_lt_0.10
63,0.008582357748402715,second_lt_0.10
64,-0.004496701026217425,second_lt_0.10
65,-0.004002564380190594,second_lt_0.10
66,-0.002137359308379944,second_lt_0.10
67,-0.004333212376012612,second_lt_0.10
68,-0.004300005018827403,second_lt_0.10
69,-0.005877525474375749,second_lt_0.10
70,-0.003864774087906403,second_lt_0.10
71,-0.0019307612789034889,second_lt_0.10
72,-0.005612264065047538,second_lt_0.10
73,-0.0010660544435851988,second_lt_0.10
74,0.005008709527520477,second_lt_0.10
75,0.006526611598745841,second_lt_0.10
76,0.005377865167692664,second_lt_0.10
77,-0.005093398102661746,second_lt_0.10
78,-0.001629206111650716,second_lt_0.10
79,-0.00021876606593893165,second_lt_0.10
80,0.009012778481036217,second_lt_0.10
81,0.005916911979554877,second_lt_0.10
82,-0.006299343808318767,second_lt_0.10
83,0.0005966060624823263,second_lt_0.10
84,-0.010248335722609648,second_lt_0.10
85,-0.004905571440831949,second_lt_0.10
86,-0.00036595493638191985,second_lt_0.10
87,0.0014933926946712093,second_lt_0.10
88,0.003469177661972362,second_lt_0.10
89,-0.004241257539188392,second_lt_0.10
90,0.004666704726570193,second_lt_0.10
91,-0.0010260517619075933,second_lt_0.10
92,-0.0024717910171446404,second_lt_0.10
93,0.0030999540489205714,second_lt_0.10
94,0.0027015734941184147,second_lt_0.10
95,0.001733477373519519,second_lt_0.10
96,-0.00013339154095083045,second_lt_0.10
97,-0.002213729664083169,second_lt_0.10
98,-0.0045674353448435165,second_lt_0.10
99,-0.006103028029084459,second_lt_0.10
100,0.001545184622698583,second_lt_0.10
101,0.004001944057243255,second_lt_0.10
102,0.004975609802746093,second_lt_0.10
103,0.001157128268519945,second_lt_0.10
104,-0.0021140019501017498,second_lt_0.10
105,0.004465445519046124,second_lt_0.10
106,0.007563751248345246,second_lt_0.10
107,0.0027590802262296536,second_lt_0.10
108,-0.0070604614503265275,second_lt_0.10
109,-0.0051005035156769735,second_lt_0.10
110,0.0032451628546617856,second_lt_0.10
111,0.0004921088714433435,second_lt_0.10
112,-0.008308734961981225,second_lt_0.10
113,0.00023645137227967434,second_lt_0.10
114,0.0026141316110711195,second_lt_0.10
115,-0.009075961494611495,second_lt_0.10
116,-0.0001347519045265519,second_lt_0.10
117,-0.0033203859102146306,second_lt_0.10
118,-0.0020524866469947512,second_lt_0.10
119,0.0006119877969646032,second_lt_0.10
120,-0.0006492840948486798,second_lt_0.10
121,-0.0005004493756707235,second_lt_0.10
122,-0.0008365959374968964,second_lt_0.10
123,-0.003934146843218038,second_lt_0.10
124,-0.0021247462261357827,second_lt_0.10
125,-0.0015204685802701194,second_lt_0.10
126,0.008773480492414241,second_lt_0.10
127,-0.00011893775206045097,second_lt_0.10
128,-0.0003533611415406951,second_lt_0.10
129,-0.003207996145410435,second_lt_0.10
130,0.002761473343000956,second_lt_0.10
131,-0.00033022852223270945,second_lt_0.10
132,0.0004309673686815256,second_lt_0.10
133,0.004005913492217366,second_lt_0.10
134,-0.0045785827416211745,second_lt_0.10
135,-0.002637440212721846,second_lt_0.10
136,0.003743613729764468,second_lt_0.10
137,0.005858714639892346,second_lt_0.10
138,0.0038375283658116026,second_lt_0.10
139,0.00411021352030322,second_lt_0.10
140,0.0018569098683174946,second_lt_0.10
141,-0.003499656762058558,second_lt_0.10
142,-0.008378914430289786,second_lt_0.10
143,0.002036915944110977,second_lt_0.10
144,-0.0026276710719109002,second_lt_0.10
145,-0.004850846591359635,second_lt_0.10
146,0.0024026486499714476,second_lt_0.10
147,0.00031405503888251357,second_lt_0.10
148,0.011076194506654674,second_lt_0.10
149,-0.00011246527224675268,second_lt_0.10
150,0.00418979768212846,second_lt_0.10
151,-0.0005349307754448827,second_lt_0.10
152,-0.00859849737914669,second_lt_0.10
153,-0.0032477149113502,second_lt_0.10
154,-0.0048227507507343755,second_lt_0.10
155,0.0025524424026323045,second_lt_0.10
156,-0.0029818409251624453,second_lt_0.10
157,-0.005336154275127979,second_lt_0.10
158,0.004148842386491368,second_lt_0.10
159,-0.00015755515966383134,second_lt_0.10
160,-0.0004534268488106691,second_lt_0.10
161,-0.0036395983701244627,second_lt_0.10
162,0.00659118096984868,second_lt_0.10
163,0.0016255296237507474,second_lt_0.10
164,0.0013437965569887815,second_lt_0.10
165,0.007552721923563803,second_lt_0.10
166,0.0005279726489321587,second_lt_0.10
167,0.002713618409325375,second_lt_0.10
168,0.0029805710155956277,second_lt_0.10
169,-0.0025881380578211153,second_lt_0.10
170,-0.0034427989238846306,second_lt_0.10
171,-0.010610125328962978,second_lt_0.10
172,0.0028028689849840713,second_lt_0.10
173,0.0057383111227570045,second_lt_0.10
174,-0.0012965849414298917,second_lt_0.10
175,-0.0016640297273265302,second_lt_0.10
176,0.00030876736470544775,second_lt_0.10
177,0.0011553576220830915,second_lt_0.10
178,0.004523610616213241,second_lt_0.10
179,0.0005716120348042565,second_lt_0.10
180,-0.00195263383472368,second_lt_0.10
181,0.0036078515623593115,second_lt_0.10
182,0.005923298982469892,second_lt_0.10
183,-0.0005227179176569771,second_lt_0.10
184,-0.006365167472253194,second_lt_0.10
185,0.0034053612974483762,second_lt_0.10
186,0.005410627663009101,second_lt_0.10
187,-0.0027098782277495746,second_lt_0.10
188,0.0021888322138894083,second_lt_0.10
189,0.005475391664135537,second_lt_0.10
190,-0.003378877844976369,second_lt_0.10
191,-0.000701931669812492,second_lt_0.10
192,-0.0005772562336141619,second_lt_0.10
193,-0.008872530647496548,second_lt_0.10
194,-0.006635280102057428,second_lt_0.10
195,0.0018805116059244604,second_lt_0.10
196,-0.002239507854142778,second_lt_0.10
197,0.001200117896166403,second_lt_0.10
198,-0.006604562749607958,second_lt_0.10
199,-0.003989106133266291,second_lt_0.10
200,0.013938306124128061,second_lt_0.10
201,-0.0042753375448655005,second_lt_0.10
202,0.0012352353290108636,second_lt_0.10
203,-0.0018926496087122043,second_lt_0.10
204,0.001089545739407881,second_lt_0.10
205,-0.0026256816643002467,second_lt_0.10
206,-0.00133345981797426,second_lt_0.10
207,-0.0035745113247744147,second_lt_0.10
208,0.00025242659775662863,second_lt_0.10
209,0.00010917333237269324,second_lt_0.10
210,0.002908672083350454,second_lt_0.10
211,0.00041096853603895845,second_lt_0.10
212,-0.003984725443921948,second_lt_0.10
213,0.002041493851338231,second_lt_0.10
214,-0.0016004944087667009,second_lt_0.10
215,0.001807324263688718,second_lt_0.10
216,-0.007378466324090432,second_lt_0.10
217,0.0023173351578216262,second_lt_0.10
218,-0.0023544926744563464,second_lt_0.10
219,-0.002459681826906024,second_lt_0.10
220,-0.0038760360288285817,second_lt_0.10
221,-0.0038654254221875046,second_lt_0.10
222,-0.004539028625172217,second_lt_0.10
223,-0.004826645971047637,second_lt_0.10
224,0.004079118017358127,second_lt_0.10
225,-0.008953537990072482,second_lt_0.10
226,-0.0011045221387083633,second_lt_0.10
227,0.0002498203926852753,second_lt_0.10
228,0.0020724536912002218,second_lt_0.10
229,-0.0025873995900718896,second_lt_0.10
230,0.009784754928582428,second_lt_0.10
231,0.0027070986040414083,second_lt_0.10
232,-0.0040370671523484915,second_lt_0.10
233,0.003376933925319255,second_lt_0.10
234,0.0053771132453789075,second_lt_0.10
235,-0.002613527320836464,second_lt_0.10
236,-0.0043711987045901525,second_lt_0.10
237,0.001781980640295507,second_lt_0.10
238,-0.001458029989929007,second_lt_0.10
239,-0.004540194641552189,second_lt_0.10
240,0.0005893486056042414,second_lt_0.10
241,0.002099879492827096,second_lt_0.10
242,-0.002404124636869947,second_lt_0.10
243,-0.0013598150650114946,second_lt_0.10
244,-0.004953470959338111,second_lt_0.10
245,0.008232355026642074,second_lt_0.10
246,-0.003711939574220891,second_lt_0.10
247,-0.0027540233018502093,second_lt_0.10
248,-0.0039278914561864525,second_lt_0.10
249,-0.0008298413314242673,second_lt_0.10
250,0.008450495215925686,second_lt_0.10
251,-0.01164815845158127,second_lt_0.10
252,-0.0007657695261830741,second_lt_0.10
253,0.0047051401232649235,second_lt_0.10
254,-0.005109038617113804,second_lt_0.10
255,0.003722780475881866,second_lt_0.10
256,-0.0038038308149440573,second_lt_0.10
257,-0.0033082063822173578,second_lt_0.10
258,-0.002200867896494387,second_lt_0.10
259,0.006938098012593694,second_lt_0.10
260,-0.005590710471936946,second_lt_0.10
261,0.004831189332928506,second_lt_0.10
262,-0.003555377827977759,second_lt_0.10
263,-0.003484234569488446,second_lt_0.10
264,-0.0038266808595085987,second_lt_0.10
265,-0.0027197081532174977,second_lt_0.10
266,-0.003803241980085583,second_lt_0.10
267,-0.0017373807227512765,second_lt_0.10
268,-0.0009105617559225801,second_lt_0.10
269,0.0051512776171063705,second_lt_0.10
270,-0.0009550697045346045,second_lt_0.10
271,-0.006641235561220843,second_lt_0.10
272,0.002921081907924883,second_lt_0.10
273,-0.008915321898145541,second_lt_0.10
274,-0.0072562532483960995,second_lt_0.10
275,-0.0009325703373956386,second_lt_0.10
276,0.009755826634845104,second_lt_0.10
277,0.004951300272084648,second_lt_0.10
278,0.0024724519431499883,second_lt_0.10
279,-0.00235094172241582,second_lt_0.10
280,0.003586283277688687,second_lt_0.10
281,-0.00048110553509496173,second_lt_0.10
282,-0.0008832148126160702,second_lt_0.10
283,0.004044243177343177,second_lt_0.10
284,0.003593464700680441,second_lt_0.10
285,-0.0003397585300828753,second_lt_0.10
286,0.0014114013812485037,second_lt_0.10
287,-1.2856126338061029e-05,second_lt_0.10
288,-0.004464027107778024,second_lt_0.10
289,-0.0037948065826903165,second_lt_0.10
290,-0.00499335349890645,second_lt_0.10
291,-0.003471098151652963,second_lt_0.10
292,-0.0068025155728276745,second_lt_0.10
293,-0.0037617202782475084,second_lt_0.10
294,-0.001781186161219855,second_lt_0.10
295,0.0019467654752728897,second_lt_0.10
296,0.0061654040433301435,second_lt_0.10
297,0.0011582484272317825,second_lt_0.10
298,0.0029391742386108807,second_lt_0.10
299,-0.0011031609327323414,second_lt_0.10
300,0.002166152140339959,second_lt_0.10
301,-0.0029195158573719518,second_lt_0.10
302,-0.0013637650344827577,second_lt_0.10
303,-0.008063488182844514,second_lt_0.10
304,0.00999865169123577,second_lt_0.10
305,-0.004400279151941434,second_lt_0.10
306,0.0023611815814855884,second_lt_0.10
307,0.0007058025803494611,second_lt_0.10
308,-3.8476726075269945e-05,second_lt_0.10
309,0.00440286933803142,second_lt_0.10
310,0.0009945712769262134,second_lt_0.10
311,0.0030396357751251704,second_lt_0.10
312,0.002688295447344569,second_lt_0.10
313,-0.0016169788438982569,second_lt_0.10
314,0.0006146124515617573,second_lt_0.10
315,-0.002551782614883469,second_lt_0.10
316,-0.0038563124312049903,second_lt_0.10
317,0.004091328213267663,second_lt_0.10
318,0.002508146262492347,second_lt_0.10
319,-0.0013202690295187434,second_lt_0.10
320,-0.005726621384989022,second_lt_0.10
321,0.009435338527871297,second_lt_0.10
322,-0.002078792463636319,second_lt_0.10
323,0.0005805032916937602,second_lt_0.10
324,-0.005207106666118475,second_lt_0.10
325,0.005286532604305825,second_lt_0.10
326,0.0003963772848658272,second_lt_0.10
327,-0.0031747328399698706,second_lt_0.10
328,0.006036535970933747,second_lt_0.10
329,-0.0005669824085375185,second_lt_0.10
330,0.0022211796932235543,second_lt_0.10
331,0.009792308407479945,second_lt_0.10
332,0.0031867604414920086,second_lt_0.10
333,0.0076155103750983515,second_lt_0.10
334,0.005248362322764359,second_lt_0.10
335,-0.010000857783552796,second_lt_0.10
336,-0.0024848047731719663,second_lt_0.10
337,-0.0038205128638314307,second_lt_0.10
338,-0.0009966488644730113,second_lt_0.10
339,0.0037133995437770083,second_lt_0.10
340,0.00018947973968738862,second_lt_0.10
341,-0.008995940521605801,second_lt_0.10
342,-0.0035149243791843324,second_lt_0.10
343,0.003399792354533917,second_lt_0.10
344,-0.0038617734602002,second_lt_0.10
345,-0.0010513416083281376,second_lt_0.10
346,0.004636952363473015,second_lt_0.10
347,0.005084033685018724,second_lt_0.10
348,-0.0010845184564587317,second_lt_0.10
349,-0.002923017795429017,second_lt_0.10
350,0.0005930443688756048,second_lt_0.10
351,0.00011639754862958004,second_lt_0.10
352,-0.007692610921384665,second_lt_0.10
353,0.001363471081781202,second_lt_0.10
354,0.0034698110642497827,second_lt_0.10
355,0.0032679050451169945,second_lt_0.10
356,-7.53561794347842e-05,second_lt_0.10
357,-0.005429026252144591,second_lt_0.10
358,0.00043915000108659264,second_lt_0.10
359,0.006888027435559845,second_lt_0.10
360,0.001627551868820193,second_lt_0.10
361,0.0019992924068634064,second_lt_0.10
362,0.005537529607367235,second_lt_0.10
363,0.0033441573899852094,second_lt_0.10
364,0.0023742284325797046,second_lt_0.10
365,0.004986051119731269,second_lt_0.10
366,-0.004438066140056615,second_lt_0.10
367,-0.002349589213998702,second_lt_0.10
368,-0.005393947159016975,second_lt_0.10
369,-0.0023252599958298705,second_lt_0.10
370,-0.0007481748512449574,second_lt_0.10
371,0.002962769521541593,second_lt_0.10
372,0.0003824255179217581,second_lt_0.10
373,-0.000862854051006695,second_lt_0.10
374,-0.005105975777310403,second_lt_0.10
375,0.005004126308122384,second_lt_0.10
376,0.0033903728530870307,second_lt_0.10
377,0.0008874033838823556,second_lt_0.10
378,-0.006275743169750453,second_lt_0.10
379,0.002076783638264616,second_lt_0.10
380,-0.0040277750655529935,second_lt_0.10
381,0.003719551477876772,second_lt_0.10
382,-0.0028206142988667668,second_lt_0.10
383,-2.8178902526019902e-05,second_lt_0.10
384,-0.0010147237866440324,second_lt_0.10
385,0.0018308737052224362,second_lt_0.10
386,-0.0014546033496961321,second_lt_0.10
387,0.00027386196673478757,second_lt_0.10
388,-0.0038640146357213096,second_lt_0.10
389,0.0025422331307648465,second_lt_0.10
390,-0.002023483234631237,second_lt_0.10
391,-0.0009740156147582923,second_lt_0.10
392,-0.00040609435776513644,second_lt_0.10
393,0.0011707887351904349,second_lt_0.10
394,-0.004586840769837029,second_lt_0.10
395,-0.005816328676458541,second_lt_0.10
396,0.005847392039398758,second_lt_0.10
397,0.0009985501109322547,second_lt_0.10
398,0.0028612339110614506,second_lt_0.10
399,-0.001808432324894726,second_lt_0.10
400,0.0024051707199541188,second_lt_0.10
401,-0.008041449808113287,second_lt_0.10
402,4.725084404063443e-05,second_lt_0.10
403,-0.0037736013234063886,second_lt_0.10
404,0.0025477026368840167,second_lt_0.10
405,0.0057576968492891395,second_lt_0.10
406,-0.00509589535294521,second_lt_0.10
407,-0.006026516436582624,second_lt_0.10
408,-0.004260060835346009,second_lt_0.10
409,0.0076999502515708,second_lt_0.10
410,0.000891351587352296,second_lt_0.10
411,-0.0014597116040105684,second_lt_0.10
412,-0.006040410638118348,second_lt_0.10
413,0.0007245046281353965,second_lt_0.10
414,0.006364977024620773,second_lt_0.10
415,0.001894548366421483,second_lt_0.10
416,-0.005016016897308516,second_lt_0.10
417,0.00048813482221357,second_lt_0.10
418,-0.0010116119632051198,second_lt_0.10
419,0.003911852375274061,second_lt_0.10
420,-0.0021315528618491837,second_lt_0.10
421,0.007441115190976121,second_lt_0.10
422,-0.00554184054142798,second_lt_0.10
423,-0.0003769848232202135,second_lt_0.10
424,0.006593163557821557,second_lt_0.10
425,-0.011632835834424534,second_lt_0.10
426,-0.003345474146842278,second_lt_0.10
427,0.006274132431774976,second_lt_0.10
428,0.004644406614357422,second_lt_0.10
429,0.00022571430764662322,second_lt_0.10
430,0.002608621486741526,second_lt_0.10
431,-0.0009063639005224218,second_lt_0.10
432,0.0025478715370149613,second_lt_0.10
433,-0.006142299184982981,second_lt_0.10
434,-0.0011558042185844187,second_lt_0.10
435,0.000438939871290351,second_lt_0.10
436,0.000799769792015078,second_lt_0.10
437,0.008550177708727118,second_lt_0.10
438,0.0072768230048436645,second_lt_0.10
439,0.0033337649947672273,second_lt_0.10
440,0.002622008606804962,second_lt_0.10
441,-0.007793420451108253,second_lt_0.10
442,-0.0017689422199742774,second_lt_0.10
443,-0.0023357881746159026,second_lt_0.10
444,-0.005265728302846756,second_lt_0.10
445,-0.00045413816800312235,second_lt_0.10
446,0.006038428607017806,second_lt_0.10
447,0.0026911080303621336,second_lt_0.10
448,0.0040552061006010305,second_lt_0.10
449,0.0011538632988387885,second_lt_0.10
450,-0.0031537720916403993,second_lt_0.10
451,0.002785941248206885,second_lt_0.10
452,-0.005191093802660714,second_lt_0.10
453,0.003525916049599351,second_lt_0.10
454,0.010061550471432468,second_lt_0.10
455,-0.0021083358186468164,second_lt_0.10
456,-0.0002516769109039244,second_lt_0.10
457,0.00017103001599780415,second_lt_0.10
458,0.00040846787285880843,second_lt_0.10
459,-0.0070502207924916455,second_lt_0.10
460,-0.005168140212566236,second_lt_0.10
461,-0.0015702981758969347,second_lt_0.10
462,-0.0035509586785454246,second_lt_0.10
463,0.0064766071489911516,second_lt_0.10
464,-0.0020093258432761943,second_lt_0.10
465,-0.0024312406057162336,second_lt_0.10
466,0.007185213239169821,second_lt_0.10
467,0.004022418235042965,second_lt_0.10
468,-0.0021798889570900947,second_lt_0.10
469,0.00274263004399322,second_lt_0.10
470,0.0009726319826102472,second_lt_0.10
471,0.007061762595653704,second_lt_0.10
472,0.0024601570698706875,second_lt_0.10
473,0.0001757347317495536,second_lt_0.10
474,-0.0013886478304636705,second_lt_0.10
475,-0.00025651375181791325,second_lt_0.10
476,0.003968399292237882,second_lt_0.10
477,-0.011996892913790943,second_lt_0.10
478,0.002375732154777283,second_lt_0.10
479,0.004031042882093404,second_lt_0.10
480,-0.005959579569525042,second_lt_0.10
481,-0.0036721092732725563,second_lt_0.10
482,-0.001472440516943002,second_lt_0.10
483,0.004561413136060422,second_lt_0.10
484,0.00441925502823356,second_lt_0.10
485,-0.0003502919246540899,second_lt_0.10
486,0.004804626525838202,second_lt_0.10
487,0.0013552023972406711,second_lt_0.10
488,0.0026378044290547515,second_lt_0.10
489,0.00017988893903277795,second_lt_0.10
490,-0.004347324268322536,second_lt_0.10
491,0.0026523469720970724,second_lt_0.10
492,-0.0002894128683368725,second_lt_0.10
493,0.0024325480888320538,second_lt_0.10
494,0.0013096013986412512,second_lt_0.10
495,-0.009663497091910667,second_lt_0.10
496,-0.010403197677100441,second_lt_0.10
497,-0.0012934637097451167,second_lt_0.10
498,-0.014262852717060407,second_lt_0.10
499,0.005615453592309371,second_lt_0.10
500,-0.007888034966135578,second_lt_0.10
501,-0.0034734798341327262,second_lt_0.10
502,-0.0001818455314472949,second_lt_0.10
503,-0.008345715203278965,second_lt_0.10
504,-0.0018242437717129077,second_lt_0.10
505,0.004968510121768621,second_lt_0.10
506,0.0017423217742678246,second_lt_0.10
507,-0.0013016557237821192,second_lt_0.10
508,0.005819761592240478,second_lt_0.10
509,0.00850873493438218,second_lt_0.10
510,-0.0034567990282189675,second_lt_0.10
511,0.001763452114544657,second_lt_0.10
512,-0.002744473918494483,second_lt_0.10
513,0.0061172208570779655,second_lt_0.10
514,-0.008251414907419237,second_lt_0.10
515,0.004886710270350581,second_lt_0.10
516,0.006930220552712709,second_lt_0.10
517,0.008211217371199857,second_lt_0.10
518,-0.004474669364931939,second_lt_0.10
519,0.004025691030876992,second_lt_0.10
520,0.00076074828530308,second_lt_0.10
521,0.004352552658994942,second_lt_0.10
522,-0.0030482164654047385,second_lt_0.10
523,0.005359922091033157,second_lt_0.10
524,-0.004842551931880344,second_lt_0.10
525,0.00031641947044944857,second_lt_0.10
526,-0.0011794550570128379,second_lt_0.10
527,0.006636858667157877,second_lt_0.10
528,0.0019612814090490776,second_lt_0.10
529,-0.0003313051543628854,second_lt_0.10
530,-0.0018407492382372234,second_lt_0.10
531,0.0010915482354833155,second_lt_0.10
532,0.003676274988779231,second_lt_0.10
533,-0.004697456430073089,second_lt_0.10
534,-0.0005335912623707016,second_lt_0.10
535,0.0022108481023004134,second_lt_0.10
536,0.002275825689620969,second_lt_0.10
537,0.0025148132139388413,second_lt_0.10
538,0.0011567239134056295,second_lt_0.10
539,-0.002527591761130344,second_lt_0.10
540,0.003039505221661903,second_lt_0.10
541,-0.0009364231155581461,second_lt_0.10
542,-0.0029829393614852987,second_lt_0.10
543,0.00901785578598245,second_lt_0.10
544,-0.0035952581148000827,second_lt_0.10
545,0.0013659513751929824,second_lt_0.10
546,0.004735354773525574,second_lt_0.10
547,0.007275276009327059,second_lt_0.10
548,-0.004080247037726797,second_lt_0.10
549,-0.0035959716899476514,second_lt_0.10
550,0.0001413147868170286,second_lt_0.10
551,0.00245434414829236,second_lt_0.10
552,0.007380853308099177,second_lt_0.10
553,0.0019916242485668576,second_lt_0.10
554,-0.0001608135436967296,second_lt_0.10
555,-0.009339723239061558,second_lt_0.10
556,-0.01189862895111167,second_lt_0.10
557,0.0076190850191711745,second_lt_0.10
558,0.0020633086408746375,second_lt_0.10
559,0.00301660318183514,second_lt_0.10
560,0.001182859896691934,second_lt_0.10
561,0.004020798343506757,second_lt_0.10
562,-0.001714769958093966,second_lt_0.10
563,0.0027244232277517013,second_lt_0.10
564,0.00175932724505118,second_lt_0.10
565,0.0026189859515877456,second_lt_0.10
566,-0.002420787987606371,second_lt_0.10
567,-0.0020053843256556633,second_lt_0.10
568,-0.0031152723705200848,second_lt_0.10
569,0.0008469298049696794,second_lt_0.10
570,0.005073561778395683,second_lt_0.10
571,-0.005070373905505398,second_lt_0.10
572,0.0008440867380839763,second_lt_0.10
573,-0.00034863091709541323,second_lt_0.10
574,0.004368702218321971,second_lt_0.10
575,0.006632779073107682,second_lt_0.10
576,0.0008007053802751612,second_lt_0.10
577,-0.003665485319362497,second_lt_0.10
578,-0.0007966196401912604,second_lt_0.10
579,0.0003982161260629924,second_lt_0.10
580,0.0011092904341713518,second_lt_0.10
581,0.0038849090689188565,second_lt_0.10
582,0.0020221569495331377,second_lt_0.10
583,0.00019821474727049963,second_lt_0.10
584,-0.0057121679534966885,second_lt_0.10
585,0.0030412233794603546,second_lt_0.10
586,-0.0041230271706834635,second_lt_0.10
587,-0.003034475693575673,second_lt_0.10
588,0.00097041357683104,second_lt_0.10
589,0.009979743183565004,second_lt_0.10
590,-0.00023052878341906863,second_lt_0.10
591,0.00451373059971811,second_lt_0.10
592,0.0037408220537299168,second_lt_0.10
593,0.0008628809655929177,second_lt_0.10
594,-0.002103645938258734,second_lt_0.10
595,-0.004350655950846311,second_lt_0.10
596,3.750626693190478e-05,second_lt_0.10
597,-0.0003678285921996887,second_lt_0.10
598,-0.004252230153303062,second_lt_0.10
599,0.008107843736342567,second_lt_0.10
600,0.0029846770900959036,second_lt_0.10
601,-0.0015103320511227329,second_lt_0.10
602,0.006971087187723128,second_lt_0.10
603,-0.004426646024152353,second_lt_0.10
604,0.005688667395775322,second_lt_0.10
605,0.0018188039016782517,second_lt_0.10
606,-0.002220871444746567,second_lt_0.10
607,-0.004179367488747598,second_lt_0.10
608,0.005454629438319262,second_lt_0.10
609,-0.003067046266000889,second_lt_0.10
610,0.004580631280793916,second_lt_0.10
611,-0.003894909514092284,second_lt_0.10
612,0.003960197888345208,second_lt_0.10
613,0.005933891615409172,second_lt_0.10
614,-0.0019111220367844083,second_lt_0.10
615,0.0013390684468824988,second_lt_0.10
616,0.003395582404456218,second_lt_0.10
617,-0.006705955585092036,second_lt_0.10
618,0.00373389705394177,second_lt_0.10
619,-0.00030410377847905944,second_lt_0.10
620,0.0038552077465748907,second_lt_0.10
621,-0.0038659582473404685,second_lt_0.10
622,-0.004691118833772151,second_lt_0.10
623,-0.003640166753654129,second_lt_0.10
624,0.0001976209291076811,second_lt_0.10
625,0.001076116606391079,second_lt_0.10
626,-0.004481784136414909,second_lt_0.10
627,-0.00016383601183270118,second_lt_0.10
628,0.0016162613324454847,second_lt_0.10
629,0.001639655117241838,second_lt_0.10
630,-0.0022166064924160566,second_lt_0.10
631,-0.0035307780700378245,second_lt_0.10
632,0.0004429714361429703,second_lt_0.10
633,-0.005870832276902087,second_lt_0.10
634,0.0011454408895990892,second_lt_0.10
635,-0.0070369685296183425,second_lt_0.10
636,-0.0003833545853079378,second_lt_0.10
637,-0.0007653574025817866,second_lt_0.10
638,-0.007411626508762998,second_lt_0.10
639,0.011540261509938204,second_lt_0.10
640,0.005009287894643936,second_lt_0.10
641,0.003420582757650102,second_lt_0.10
642,-0.002482913514715662,second_lt_0.10
643,0.001042809642853818,second_lt_0.10
644,0.0024826200531539036,second_lt_0.10
645,0.008456906803908109,second_lt_0.10
646,-0.004074574784116643,second_lt_0.10
647,0.003844901469221495,second_lt_0.10
648,0.0010190731936950042,second_lt_0.10
649,-0.003164059761662507,second_lt_0.10
650,-0.001279341405797829,second_lt_0.10
651,-0.0018620830786518175,second_lt_0.10
652,-0.0060318285476054796,second_lt_0.10
653,-0.000122775528819877,second_lt_0.10
654,0.0006199776375801579,second_lt_0.10
655,0.01093224241178721,second_lt_0.10
656,0.002000374007325211,second_lt_0.10
657,0.001102954945062633,second_lt_0.10
658,-0.002321593087444751,second_lt_0.10
659,0.0008045732051331059,second_lt_0.10
660,0.002733278902184335,second_lt_0.10
661,0.0027813842316398857,second_lt_0.10
662,-0.0035914753580789348,second_lt_0.10
663,0.001056432211059738,second_lt_0.10
664,0.008522942526956161,second_lt_0.10
665,-0.0034188496809531422,second_lt_0.10
666,0.002352233880976926,second_lt_0.10
667,-0.0023725638974853125,second_lt_0.10
668,0.007504196820055411,second_lt_0.10
669,0.003087893417803,second_lt_0.10
670,0.003226892668323463,second_lt_0.10
671,0.0025031271660897326,second_lt_0.10
672,-0.0012174333470608325,second_lt_0.10
673,0.004570620612290683,second_lt_0.10
674,-0.0018407891270056716,second_lt_0.10
675,0.005356588942665785,second_lt_0.10
676,-0.0012516415281018196,second_lt_0.10
677,-0.009776117091722132,second_lt_0.10
678,0.00581765814304127,second_lt_0.10
679,0.004987379728620462,second_lt_0.10
680,-0.003716122949476737,second_lt_0.10
681,-0.0031454743869877553,second_lt_0.10
682,0.0008499057942975679,second_lt_0.10
683,0.000562623779947217,second_lt_0.10
684,-0.0007248284131279089,second_lt_0.10
685,-0.0005231807982525426,second_lt_0.10
686,-0.00037762077764059423,second_lt_0.10
687,0.0027174089455539977,second_lt_0.10
688,-0.007920680868007315,second_lt_0.10
689,0.011473429155340196,second_lt_0.10
690,0.0022114440918937985,second_lt_0.10
691,-0.0007792465354529243,second_lt_0.10
692,-0.004406234685768198,second_lt_0.10
693,0.002477202519775275,second_lt_0.10
694,-0.003607156093722711,second_lt_0.10
695,-0.00046356751650005173,second_lt_0.10
696,-0.0044462439810082155,second_lt_0.10
697,0.007650978079658072,second_lt_0.10
698,-0.0005775276801579483,second_lt_0.10
699,0.004507633163319072,second_lt_0.10
700,0.0036867569143710604,second_lt_0.10
701,-0.001962518860427335,second_lt_0.10
702,0.0028894937561799046,second_lt_0.10
703,-0.0009277989795998222,second_lt_0.10
704,0.0039412870001468946,second_lt_0.10
705,-0.003929425513719612,second_lt_0.10
706,-0.0009059821135062945,second_lt_0.10
707,-0.006662227332964441,second_lt_0.10
708,0.0018708286590173103,second_lt_0.10
709,-0.0010531058798027,second_lt_0.10
710,-0.000488262588619434,second_lt_0.10
711,0.0021900788057033355,second_lt_0.10
712,-0.007387519205943972,second_lt_0.10
713,0.0028424221592232724,second_lt_0.10
714,-0.008329518375365243,second_lt_0.10
715,0.00070325926685681,second_lt_0.10
716,-0.005243641085971506,second_lt_0.10
717,0.002432661759457197,second_lt_0.10
718,-0.00829174088012742,second_lt_0.10
719,0.0028224382142122795,second_lt_0.10
720,-0.0015023829957025428,second_lt_0.10
721,-0.004490909430895532,second_lt_0.10
722,-0.002176537057076173,second_lt_0.10
723,-0.004703731351895246,second_lt_0.10
724,0.0023352373546069614,second_lt_0.10
725,0.0028031983412530022,second_lt_0.10
726,0.0008132137731562614,second_lt_0.10
727,-0.003239350249399694,second_lt_0.10
728,-0.007260191093987586,second_lt_0.10
729,-0.008069706230479317,second_lt_0.10
730,0.0001044892515065335,second_lt_0.10
731,0.006044411782308676,second_lt_0.10
732,0.002547072504153261,second_lt_0.10
733,-0.008275243466984598,second_lt_0.10
734,-0.0006793353597090374,second_lt_0.10
735,-0.0017104340703624097,second_lt_0.10
736,0.0007511817309146015,second_lt_0.10
737,-0.004194670169158805,second_lt_0.10
738,0.0018212464606340952,second_lt_0.10
739,-0.010600066306823948,second_lt_0.10
740,0.0009810617366011593,second_lt_0.10
741,-0.0035685403178494887,second_lt_0.10
742,0.005695358200888219,second_lt_0.10
743,-0.002606788452862887,second_lt_0.10
744,-0.0011007073471449554,second_lt_0.10
745,0.0018425163550770125,second_lt_0.10
746,0.0038874565161056756,second_lt_0.10
747,0.00014933124415853594,second_lt_0.10
748,0.005072845760717424,second_lt_0.10
749,-0.0045058919017394675,second_lt_0.10
750,0.0026199878237315065,second_lt_0.10
751,0.0021662105841309047,second_lt_0.10
752,0.0021067691465355824,second_lt_0.10
753,-0.006871304405275157,second_lt_0.10
754,0.0003201790101168748,second_lt_0.10
755,-0.001021128333694265,second_lt_0.10
756,0.0011784116625679032,second_lt_0.10
757,0.00018279272229152158,second_lt_0.10
758,-0.005393530345751107,second_lt_0.10
759,0.0031638064732001357,second_lt_0.10
760,-0.0015018157641748216,second_lt_0.10
761,0.0017566145914194975,second_lt_0.10
762,-0.002515246071139545,second_lt_0.10
763,0.003128349650269693,second_lt_0.10
764,0.009908491379882695,second_lt_0.10
765,0.001175752506584536,second_lt_0.10
766,-0.0008743470415615921,second_lt_0.10
767,0.00029317511278196173,second_lt_0.10
768,0.006514439268099595,second_lt_0.10
769,-0.002486647113955975,second_lt_0.10
770,-0.00032669086490331133,second_lt_0.10
771,0.002099154201303015,second_lt_0.10
772,-0.003252591443842204,second_lt_0.10
773,-0.004257009876908993,second_lt_0.10
774,-0.0017151030018649235,second_lt_0.10
775,-0.0019680115705086113,second_lt_0.10
776,-0.001623489677160998,second_lt_0.10
777,-0.0011638165200745956,second_lt_0.10
778,0.006199759078996605,second_lt_0.10
779,0.003806547947605853,second_lt_0.10
780,-0.0033323901135309097,second_lt_0.10
781,0.005559844550034405,second_lt_0.10
782,-0.002224331623961352,second_lt_0.10
783,0.006346746899282954,second_lt_0.10
784,-0.00019378875454555665,second_lt_0.10
785,-0.004184746922594509,second_lt_0.10
786,-1.941075618810257e-05,second_lt_0.10
787,0.002715731500590159,second_lt_0.10
788,-0.0015073695566651646,second_lt_0.10
789,0.005789355094136769,second_lt_0.10
790,0.0036270891791360888,second_lt_0.10
791,-0.0017593322993266804,second_lt_0.10
792,5.646450755190047e-05,second_lt_0.10
793,0.0004232580398279663,second_lt_0.10
794,0.005091185591390445,second_lt_0.10
795,0.0003438093596958117,second_lt_0.10
796,0.0006206710010821924,second_lt_0.10
797,-0.0065991291476078795,second_lt_0.10
798,0.0010061890798499127,second_lt_0.10
799,-0.005076791012510009,second_lt_0.10
800,0.0064699620343565065,second_lt_0.10
801,0.0016598187937936638,second_lt_0.10
802,-0.0004382841143617933,second_lt_0.10
803,0.0032982199730341483,second_lt_0.10
804,0.004080387821877141,second_lt_0.10
805,-0.004030197715637755,second_lt_0.10
806,-0.009296363845281892,second_lt_0.10
807,-0.002144667133905004,second_lt_0.10
808,-0.0010035881992778003,second_lt_0.10
809,0.010600743719858396,second_lt_0.10
810,0.006323321073581965,second_lt_0.10
811,0.0023678195363293873,second_lt_0.10
812,-0.0037130931378307895,second_lt_0.10
813,-0.002410349624012028,second_lt_0.10
814,-0.003245304828456125,second_lt_0.10
815,0.0030530043827863905,second_lt_0.10
816,-0.0046138344449343635,second_lt_0.10
817,0.0009698337043803127,second_lt_0.10
818,-0.00046134266162291883,second_lt_0.10
819,-0.009075961301382007,second_lt_0.10
820,-0.0023740582933500613,second_lt_0.10
821,0.004829134760755412,second_lt_0.10
822,-0.0006452835917513723,second_lt_0.10
823,0.005590764900473746,second_lt_0.10
824,0.004036393412676183,second_lt_0.10
825,0.001966278035239625,second_lt_0.10
826,-0.00019342024497130735,second_lt_0.10
827,0.001464127168768006,second_lt_0.10
828,-0.000204487164324255,second_lt_0.10
829,0.001330289357624838,second_lt_0.10
830,0.005320523003199797,second_lt_0.10
831,0.00874612465885852,second_lt_0.10
832,-0.004356822904671107,second_lt_0.10
833,0.006212275643802431,second_lt_0.10
834,-0.004846861062570672,second_lt_0.10
835,0.002417375468413955,second_lt_0.10
836,0.00028765256747014455,second_lt_0.10
837,-0.0015535087045477679,second_lt_0.10
838,0.0004313725814736609,second_lt_0.10
839,0.00046207208439812304,second_lt_0.10
840,-0.0014133737574291553,second_lt_0.10
841,-0.006733669613167206,second_lt_0.10
842,-0.0022294036322582094,second_lt_0.10
843,0.004775118481914223,second_lt_0.10
844,-0.007175159607469425,second_lt_0.10
845,0.003780626792738042,second_lt_0.10
846,0.0002818095113777507,second_lt_0.10
847,-0.003127697613840837,second_lt_0.10
848,-0.002212360868299371,second_lt_0.10
849,0.0022512435650459462,second_lt_0.10
850,0.00033495826276323836,second_lt_0.10
851,-0.00560275523840354,second_lt_0.10
852,0.005552005102528556,second_lt_0.10
853,-0.0025475246702066296,second_lt_0.10
854,0.0014330980961395137,second_lt_0.10
855,0.004934603281191297,second_lt_0.10
856,0.00011817626400521991,second_lt_0.10
857,-0.0050413884133614865,second_lt_0.10
858,0.0013705287304216034,second_lt_0.10
859,0.001726553854564281,second_lt_0.10
860,-0.0005378959296113837,second_lt_0.10
861,0.0005641179943258112,second_lt_0.10
862,-0.008322480609761837,second_lt_0.10
863,-0.0029835142988873463,second_lt_0.10
864,0.002928199672300831,second_lt_0.10
865,-0.00025365435377135067,second_lt_0.10
866,0.002721724616121853,second_lt_0.10
867,0.003805279430627949,second_lt_0.10
868,0.0008429900495294897,second_lt_0.10
869,-0.00161512540103215,second_lt_0.10
870,-0.00438851355325245,second_lt_0.10
871,-0.002771755975202645,second_lt_0.10
872,0.0011980624064421178,second_lt_0.10
873,-0.0005977308331901714,second_lt_0.10
874,-0.0006139440793920665,second_lt_0.10
875,0.005827169797564786,second_lt_0.10
876,-0.0014295106544011528,second_lt_0.10
877,-0.0008602873753152438,second_lt_0.10
878,0.00605273244979565,second_lt_0.10
879,0.001971608416830409,second_lt_0.10
880,0.006272710684720361,second_lt_0.10
881,0.003084829420398108,second_lt_0.10
882,0.006168737574938578,second_lt_0.10
883,0.00577945916493129,second_lt_0.10
884,-0.004986139226573842,second_lt_0.10
885,-0.0026614412385096323,second_lt_0.10
886,-0.0014167374671567863,second_lt_0.10
887,-0.0017260735753290484,second_lt_0.10
888,0.0033477361275443896,second_lt_0.10
889,-0.004878460608713537,second_lt_0.10
890,-0.0009133544809045206,second_lt_0.10
891,-0.0034585716782508835,second_lt_0.10
892,0.009354748202389285,second_lt_0.10
893,0.009985528444142742,second_lt_0.10
894,0.001374728309684792,second_lt_0.10
895,0.005046464794287379,second_lt_0.10
896,0.00034599727184085653,second_lt_0.10
897,-0.0014288958204682393,second_lt_0.10
898,-0.007007959971139696,second_lt_0.10
899,-0.0010903832465174283,second_lt_0.10
900,-0.0023897606252430118,second_lt_0.10
901,0.005693147709245695,second_lt_0.10
902,0.0007799895884145762,second_lt_0.10
903,0.004784873467808062,second_lt_0.10
904,0.0009881903812413032,second_lt_0.10
905,0.00667609765982478,second_lt_0.10
906,-0.005029127985856281,second_lt_0.10
907,-0.0035569839294926344,second_lt_0.10
908,0.004936563973170313,second_lt_0.10
909,-0.008325334598681615,second_lt_0.10
910,0.0007566720428064323,second_lt_0.10
911,0.004964767258676194,second_lt_0.10
912,-0.004096103471309484,second_lt_0.10
913,-9.982279888115874e-05,second_lt_0.10
914,0.0019167323706358443,second_lt_0.10
915,0.0022282998113352633,second_lt_0.10
916,0.0062665376623038645,second_lt_0.10
917,-0.00026423053080927025,second_lt_0.10
918,0.007814087672881652,second_lt_0.10
919,0.003294390816884293,second_lt_0.10
920,0.004425940962273242,second_lt_0.10
921,-0.0037364573250435558,second_lt_0.10
922,0.001918140311667518,second_lt_0.10
923,0.0026823096978995367,second_lt_0.10
924,0.0002552151094434269,second_lt_0.10
925,-0.003572824710827338,second_lt_0.10
926,-0.00721448096578398,second_lt_0.10
927,0.0003391408746387151,second_lt_0.10
928,-0.003597888970387635,second_lt_0.10
929,0.0004412464583926399,second_lt_0.10
930,-0.006540991557765564,second_lt_0.10
931,0.005341720233497335,second_lt_0.10
932,0.00016526381992353336,second_lt_0.10
933,0.0021336914928933724,second_lt_0.10
934,0.0017233286311048861,second_lt_0.10
935,-0.010847198463578255,second_lt_0.10
936,6.163317564802309e-05,second_lt_0.10
937,0.00328383112581352,second_lt_0.10
938,0.005051056985895652,second_lt_0.10
939,0.0044420040842164145,second_lt_0.10
940,0.0006407347118858025,second_lt_0.10
941,0.0030597225651923083,second_lt_0.10
942,-0.0024555861760385362,second_lt_0.10
943,0.00515561165457653,second_lt_0.10
944,-0.0017228721264307305,second_lt_0.10
945,-0.00010454222361986971,second_lt_0.10
946,-0.0018412657999443208,second_lt_0.10
947,0.003695090464434943,second_lt_0.10
948,-0.004319019425084474,second_lt_0.10
949,-0.007374797967006579,second_lt_0.10
950,0.008208993705541512,second_lt_0.10
951,-0.0014920575722897774,second_lt_0.10
952,-0.00581528935675906,second_lt_0.10
953,-0.0089751443046054,second_lt_0.10
954,-0.0025614394944948435,second_lt_0.10
955,0.004706978304544669,second_lt_0.10
956,0.0016321851182165264,second_lt_0.10
957,0.0038508211068530944,second_lt_0.10
958,-0.0049573303048834816,second_lt_0.10
959,0.004471408192200283,second_lt_0.10
960,0.0014445114906826825,second_lt_0.10
961,0.002098285039188572,second_lt_0.10
962,-0.003312787468032345,second_lt_0.10
963,0.0017324372144015571,second_lt_0.10
964,-0.007736984195883324,second_lt_0.10
965,0.00046223175996092856,second_lt_0.10
966,-0.0062305348816751194,second_lt_0.10
967,-0.0003578065394009949,second_lt_0.10
968,-0.0013465135077004758,second_lt_0.10
969,-0.004687109058765819,second_lt_0.10
970,0.006090265096499548,second_lt_0.10
971,0.0046819440993549795,second_lt_0.10
972,0.0025724572385136452,second_lt_0.10
973,0.002013489881749311,second_lt_0.10
974,0.004898711774747371,second_lt_0.10
975,-0.0020302343516171205,second_lt_0.10
976,-0.0012253282181209487,second_lt_0.10
977,-0.005651036577156112,second_lt_0.10
978,-0.0035877234144212305,second_lt_0.10
979,0.008475285351531213,second_lt_0.10
980,-0.003101583624273956,second_lt_0.10
981,0.007364485026800277,second_lt_0.10
982,-0.003451017405104644,second_lt_0.10
983,0.0045694427520260065,second_lt_0.10
984,0.00830361462896068,second_lt_0.10
985,0.004548044272091026,second_lt_0.10
986,0.0016506291607482667,second_lt_0.10
987,-0.005835707661851289,second_lt_0.10
988,-0.005350405304138385,second_lt_0.10
989,-0.007697869662123157,second_lt_0.10
990,-0.001518772696989276,second_lt_0.10
991,3.4647137526746544e-05,second_lt_0.10
992,-0.008444176598059355,second_lt_0.10
993,0.00404222934496091,second_lt_0.10
994,-0.0017622841941721153,second_lt_0.10
995,0.0009854132261444394,second_lt_0.10
996,-0.003536007959302775,second_lt_0.10
997,0.0014843323462903398,second_lt_0.10
998,5.5096701703987466e-05,second_lt_0.10
