inat_taxon_id,species,photos,rho_primary,rho_flower12_descriptive,rho_background12_descriptive,rho_observer_pair_exclusion,rho_calendar_quarter_stratification,rho_matched_background_differential,maximum_direct_check_error,direct_checks,n_classifiable,D,second_fraction,primary_second_ge_0_10,sensitivity_second_ge_0_20,reserve_photo_rows,reserve_maximum_span_km_all_fixed_photos,reserve_log1p_span,D_unbiased
157838,Abutilon fruticosum,51,-0.0750423141346841,-0.0153035315886663,0.0263086319649634,-0.0750423141346841,-0.0750423141346841,-0.0212161295673321,1.3877787807814457e-17,7,51,0.2114571318723568,0.0980392156862745,False,False,100,15136.865409841668,9.624954526948473,0.21568627450980393
75255,Acacia saligna,56,0.1121393020385781,0.1233506422208221,0.1139241827653317,0.1121393020385781,0.1121393020385781,-0.0024925218545219,1.3877787807814457e-17,7,56,0.0350765306122449,0.0178571428571428,False,False,100,19693.974140116923,9.88811876238647,0.03571428571428572
52821,Achillea millefolium,79,0.0270320086438996,0.0151598485710807,0.0417909729728456,0.0279541890351745,0.0270320086438996,-0.041950532156218,2.775557561562892e-17,7,79,0.0496715269988784,0.0126582278481012,False,False,100,19993.82807507242,9.903228922847974,0.050308341447581964
133005,Actaea spicata,63,0.0448948729713619,-0.0274649114030033,-0.0080830675118003,0.0467845390733947,0.0448948729713619,0.0163842925835167,6.938893903907228e-18,7,63,0.1189216427311665,0.0634920634920634,False,False,100,9897.90727983423,9.200179654256507,0.1208397337429595
579088,Adenium multiflorum,40,0.1702975539710971,0.0993449769236711,-0.0098348667189181,0.1694270763408904,0.1702975539710971,0.1040295797785537,2.775557561562892e-17,7,40,0.2662500000000001,0.075,False,False,100,2459.9338807012464,7.808296183187895,0.27307692307692316
320704,Adenostyles alliariae,44,-0.0006455571937755,0.0032997641749882,-0.0630822710683224,-0.004051004085154,-0.0006455571937755,0.0602659075928396,2.0816681711721685e-17,7,44,0.628099173553719,0.3181818181818182,True,True,100,2377.4345014568667,7.774197777741165,0.6427061310782242
410902,Aechmea distichantha,48,-0.0113393626975047,-0.0163240167461353,0.0991706030037356,-0.0104274783764965,-0.0113393626975047,-0.0686317252160174,5.551115123125783e-17,7,48,0.2586805555555556,0.1041666666666666,True,False,100,7635.87094681476,8.94074323633193,0.2641843971631206
183233,Aegiceras corniculatum,41,-0.0328210573579372,-0.0376112049324372,0.0126270410219193,-0.0356343883158576,-0.0328210573579372,-0.0303624600941971,1.3877787807814457e-17,7,41,0.2903033908387865,0.1463414634146341,True,False,100,10214.919031348985,9.231702472010351,0.29756097560975614
158043,Aethusa cynapium,73,0.0338241799737196,-0.0196088023996611,-0.02106380278906,0.0342253632965424,0.0338241799737196,0.0071670315475094,2.775557561562892e-17,7,73,0.0270219553387127,0.0136986301369863,False,False,100,9163.410060003729,9.123082789408127,0.027397260273972598
55894,Agrimonia pilosa,72,0.0697074271959209,0.0206895264652526,-0.0318025147292575,0.0664869578861585,0.0697074271959209,0.0464722845800963,6.938893903907228e-18,7,72,0.1049382716049383,0.0555555555555555,False,False,100,8185.3497053209,9.010223376066692,0.10641627543035996
75326,Aliciella latifolia,43,0.1943219603721363,0.1606496257495911,0.148817658932156,0.1938654151598362,0.1943219603721363,0.0178599215651404,2.775557561562892e-17,7,43,0.2790697674418604,0.1395348837209302,True,False,100,817.5978360898013,6.707592920626762,0.2857142857142857
56061,Alliaria petiolata,61,-0.0992590151205569,-0.080033116242329,-0.0684280670291644,-0.0992590151205569,-0.0992590151205569,-0.0057164694093565,2.775557561562892e-17,7,61,0.152647137866165,0.0655737704918032,False,False,100,12148.853794664023,9.405072415335308,0.15519125683060106
158194,Allium scorodoprasum,50,-0.0077950658240457,0.0280162636016886,-0.0858641205258612,-0.0077950658240457,-0.0077950658240457,0.0863640725458209,3.469446951953614e-18,7,50,0.6304,0.24,True,True,100,8271.921972202792,9.020743047525107,0.6432653061224489
75371,Allium vineale,42,0.0381561960010686,0.0750437255627075,0.1190145424744748,0.0381561960010686,0.0381561960010686,-0.0380415309652938,2.775557561562892e-17,7,42,0.4773242630385487,0.1904761904761904,True,False,100,19545.998858099436,9.880577042534819,0.48896631823461084
75427,Amsonia tomentosa,63,0.0061232676043472,-0.010953900438859,0.0025233875652304,0.0072383054467925,0.0061232676043472,-0.0204833443249793,6.938893903907228e-18,7,63,0.0,0.0,False,False,100,838.7263315381233,6.733076042966434,0.0
183320,Anarrhinum bellidifolium,55,-0.0171674957906197,-0.0210057609026602,0.0420278686638929,-0.0179670611452083,-0.0171674957906197,-0.0533873267030533,1.3877787807814457e-17,7,55,0.5051239669421488,0.2909090909090909,True,True,100,1456.578669310902,7.284531892281505,0.5144781144781144
769248,Andersonglossum virginianum,58,-0.0976748779175061,-0.0307675032611589,0.0035426760197015,-0.0976748779175061,-0.0976748779175061,-0.0628521883048068,1.3877787807814457e-17,7,58,0.0992865636147443,0.0344827586206896,False,False,100,2039.9352339535344,7.621163429799515,0.10102843315184509
82861,Anemone palmata,62,-0.0267673283884578,-0.0819426913360232,-0.0483580993892998,-0.0268938779115886,-0.0267673283884577,-0.036162345887728,2.775557561562892e-17,7,62,0.22840790842872,0.1129032258064516,True,False,100,1602.8514448367753,7.3801631686989655,0.23215230037017442
126369,Anemone virginiana,57,-0.0064956313477491,0.0636120129962372,-0.0376646680860457,-0.0064956313477491,-0.0064956313477491,0.0865875673533407,2.775557561562892e-17,7,57,0.2659279778393353,0.1578947368421052,True,False,100,3391.7226213287076,8.129388011170967,0.27067669172932346
60241,Anemopsis californica,62,-0.0325548209847153,-0.0138482743601236,0.0011368341340178,-0.0326651540793854,-0.0325548209847153,-0.0188289762810442,1.3877787807814457e-17,7,62,0.1207075962539023,0.064516129032258,False,False,100,2307.996162920973,7.744568147560552,0.12268640930724496
75469,Antennaria racemosa,65,-0.0360473581463465,0.0177502659122072,0.0087761896387557,-0.0390248004058521,-0.0360473581463465,-0.0178410595758024,5.551115123125783e-17,7,65,0.2423668639053254,0.123076923076923,True,False,100,1719.7369740914426,7.450507951348001,0.2461538461538461
323231,Aotus ericoides,53,-0.0683796041222432,-0.0245656000344812,-0.0187405851332565,-0.0721025493561973,-0.0683796041222432,0.0131386377407436,1.3877787807814457e-17,7,53,0.0370238519045924,0.0188679245283018,False,False,100,2081.5990101026737,7.641371916777654,0.03773584905660379
179648,Aphyllanthes monspeliensis,76,-0.0204650317148962,-0.0049999673123673,0.0344966348540348,-0.0210253482787306,-0.0204650317148962,-0.0170770816896829,6.938893903907228e-18,7,76,0.5058864265927977,0.4342105263157895,True,True,100,1480.5920406789342,7.300872491765535,0.5126315789473683
158459,Aquilegia brevistyla,47,0.073895108265796,0.1126116462226143,-0.0055567430034147,0.0749636288362622,0.073895108265796,0.122690903142443,6.938893903907228e-18,7,47,0.4400181077410593,0.2553191489361702,True,True,100,3605.0302475143994,8.190362791835238,0.44958371877890846
55021,Arabidopsis thaliana,55,0.0221401324832087,0.0162524088347496,0.1226663686782024,0.0221401324832087,0.0221401324832087,-0.0919967671256429,1.3877787807814457e-17,7,55,0.1348760330578513,0.0727272727272727,False,False,100,19896.684904029524,9.898358667464041,0.13737373737373745
524900,Argentina pacifica,68,0.0165455201070212,-0.0104803909638353,0.0092780182755449,0.0190435318271277,0.0165455201070212,-0.0246032329934932,1.3877787807814457e-17,7,68,0.0,0.0,False,False,100,3574.5787147986507,8.181882320292592,0.0
75573,Arnica latifolia,67,-0.1307011825245718,-0.1095368429483409,-0.0683571027165786,-0.1304428753413113,-0.1307011825245718,-0.0107012845791032,1.3877787807814457e-17,7,67,0.029405212742259,0.0149253731343283,False,False,100,2563.3314820338373,7.849453092848735,0.02985074626865686
47908,Asclepias angustifolia,69,-0.0389991286820023,-0.066421593730622,-0.0323263068765644,-0.0412209647109663,-0.0389991286820023,-0.0211568097459434,5.551115123125783e-17,7,69,0.056710775047259,0.0144927536231884,False,False,100,2143.234394284796,7.67053784190761,0.0575447570332481
75602,Asclepias curassavica,48,0.2107209422641225,0.2643902584463687,-0.0039010483946849,0.2107209422641226,0.2107209422641226,0.1966327765520756,2.775557561562892e-17,7,48,0.21875,0.125,True,False,100,19760.790595871047,9.89150558439632,0.22340425531914893
125380,Asclepias purpurascens,50,-0.0228496553596968,-0.030835727439426,-0.0967958537411702,-0.0228496553596968,-0.0228496553596968,0.0183884581565089,6.938893903907228e-18,7,50,0.3399999999999998,0.1,True,False,100,1967.0884200392668,7.584818005484668,0.34693877551020386
209586,Asphodelus albus,43,-0.0852397606158542,-0.0715604011587326,0.0949158411649439,-0.0872578279562263,-0.0852397606158542,-0.1668520442457667,1.3877787807814457e-17,7,43,0.2401297998918334,0.1395348837209302,True,False,100,2485.451160981167,7.818611736289328,0.2458471760797342
75615,Astragalus agrestis,41,0.0476673421149224,0.0263035460326093,-0.0531858642728789,0.0476673421149224,0.0476673421149224,0.0674459731172247,2.775557561562892e-17,7,41,0.5246876859012493,0.3170731707317073,True,True,100,10223.540456069964,9.232546036729387,0.5378048780487805
321032,Bauera rubioides,56,0.2983733200817118,0.2591253236493852,-0.0330069268899146,0.2986106555745869,0.2983733200817117,0.2311588625533773,2.775557561562892e-17,7,56,0.3354591836734693,0.125,True,False,100,1641.602287564493,7.404037023953663,0.3415584415584414
126887,Berberis aquifolium,62,0.0525212152516519,-0.0003950068490793,0.0059401568865,0.0525212152516519,0.0525212152516519,0.001398078566551,1.3877787807814457e-17,7,62,0.0,0.0,False,False,100,11150.116830626945,9.319294936053957,0.0
75756,Berberis nervosa,54,0.0613718256988881,0.0321453747405049,-0.0934500521672441,0.0599623352184351,0.0613718256988881,0.0683673949933041,1.3877787807814457e-17,7,54,0.1680384087791495,0.0925925925925925,False,False,100,1374.4669782157018,7.226548572963187,0.17120894479385043
75766,Bidens laevis,62,-0.0530098751008058,0.0010355793121156,0.0854303881839454,-0.0532336135804301,-0.0530098751008058,-0.0919367358694403,1.3877787807814457e-17,7,62,0.0,0.0,False,False,100,10717.496294669802,9.279726153766285,0.0
130545,Bistorta vivipara,53,0.0371436981689549,0.0860558572350884,-0.007477136583544,0.0373949066589285,0.0371436981689549,0.0866249382618673,1.3877787807814457e-17,7,53,0.170879316482734,0.0943396226415094,False,False,100,12702.412829149629,9.449625963050824,0.17416545718432502
159273,Blephilia ciliata,69,0.207063755143692,0.1668618699315985,0.0421413986883116,0.2072605758390707,0.207063755143692,0.1006190891572928,6.938893903907228e-18,7,69,0.1104809913883638,0.0434782608695652,False,False,100,1416.5941566767526,7.256716457859218,0.11210571184995739
127270,Borrichia frutescens,79,0.0117185112721666,0.0432365570998219,0.0250361037117951,0.0103883101926267,0.0117185112721666,0.0104547773996348,1.3877787807814457e-17,7,79,0.0249959942316935,0.0126582278481012,False,False,100,3459.4094908972024,8.149142211019255,0.02531645569620239
159601,Bunias orientalis,74,0.0108869909850807,-0.0189283113152798,0.0185343489154973,0.0124252615581144,0.0108869909850807,-0.0579067738738403,2.775557561562892e-17,7,74,0.026661796932067,0.0135135135135135,False,False,100,5881.809468800826,8.679789727598676,0.027027027027026824
357176,Buphthalmum salicifolium,69,-0.0515681487014011,-0.004616707246054,-0.0024077682214152,-0.0522061394564538,-0.0515681487014011,-0.0135548252663273,1.3877787807814457e-17,7,69,0.056290695232094,0.0289855072463768,False,False,100,930.9362848581866,6.837264448462609,0.05711849957374244
524340,Cadaba aphylla,41,0.2051780231097542,0.2783818144562032,0.1346426386858935,0.2051780231097542,0.2051780231097542,0.1963444614168003,2.775557561562892e-17,7,41,0.17965496728138,0.073170731707317,False,False,100,1575.2050726616967,7.362775384199929,0.18414634146341452
321090,Caladenia carnea,44,0.1593811843903048,0.181123642835407,0.0646708235569019,0.1584330161532251,0.1593811843903048,0.1521201766726188,2.775557561562892e-17,7,44,0.5754132231404958,0.25,True,True,100,1750.3341753194165,7.468133162345865,0.5887949260042283
64410,Calochortus bruneaunis,58,0.097651008064785,0.0607424944140666,0.0840962196359713,0.0962993766360393,0.097651008064785,0.0234591958352726,1.3877787807814457e-17,7,58,0.2621878715814505,0.1551724137931034,True,False,100,891.50485815682,6.794031956951943,0.2667876588021777
58361,Calochortus splendens,47,0.0343956516476412,0.0130944983829286,-0.0209330243309016,0.0332380661240287,0.0343956516476412,0.0182165711103625,1.3877787807814457e-17,7,47,0.5848800362154822,0.1914893617021276,True,False,100,1105.1759905545337,7.008664292890512,0.597594819611471
159699,Calopogon barbatus,45,-0.0395547611192153,-0.0429368808042799,0.0273361809739257,-0.0378723435399503,-0.0395547611192153,-0.0642610840766333,1.734723475976807e-18,7,45,0.5649382716049383,0.3777777777777777,True,True,100,804.79943361555,6.691834869872351,0.5777777777777777
120917,Calotropis procera,54,0.016646487042012,0.0220183322059573,-0.0713468862514925,0.016646487042012,0.016646487042012,0.0672475826528741,6.938893903907228e-18,7,54,0.2256515775034293,0.1296296296296296,True,False,100,19693.728679054304,9.888106299176796,0.22990915443745624
75956,Calycoseris wrightii,63,-0.0530971150131862,0.0018363146481537,0.0490341447124357,-0.0518221092262089,-0.0530971150131862,-0.0055987544811673,1.3877787807814457e-17,7,63,0.0917107583774251,0.0317460317460317,False,False,100,1161.3732649905644,7.058219112155514,0.09318996415770615
63047,Calystegia macrostegia,65,0.0901472427675287,0.005058864729696,-0.0031581131983913,0.0902316288876226,0.0901472427675287,-0.0201474322569949,2.775557561562892e-17,7,65,0.1420118343195264,0.0769230769230769,False,False,100,758.1750241535377,6.632232349169673,0.144230769230769
159727,Calystegia spithamaea,46,-0.0615241900916089,-0.0288461524932428,-0.0178225596356956,-0.061524190091609,-0.061524190091609,-0.0111912722458513,6.938893903907228e-18,7,46,0.1238185255198487,0.0434782608695652,False,False,100,1922.9023015263324,7.5621108511038955,0.12657004830917867
543632,Campanula giesekiana,73,0.2510025823989966,0.2584566907130938,0.2288117162097676,0.2504200942357669,0.2510025823989966,0.016672026707248,2.775557561562892e-17,7,73,0.129855507599925,0.0410958904109589,False,False,100,6399.583027384827,8.76414436322747,0.1316590563165906
127279,Canna flaccida,54,0.1410319017231807,0.0772301220440779,-0.0723369991684527,0.1395019515547619,0.1410319017231807,0.0886046288017406,0.0,7,54,0.1371742112482852,0.074074074074074,False,False,100,13554.816500716122,9.514570996246723,0.13976240391334718
125902,Cardamine douglassii,61,-0.0346917373710475,-0.0394085153672648,0.0447028318418856,-0.0346917373710475,-0.0346917373710475,-0.050190423484373,1.3877787807814457e-17,7,61,0.0322493953238376,0.0163934426229508,False,False,100,1595.3036950140554,7.3754460450043675,0.03278688524590156
69636,Cardamine flexuosa,54,0.0868139606546627,0.011607967357941,-0.0759515229157898,0.0868139606546627,0.0868139606546627,0.0951627299419014,6.938893903907228e-18,7,54,0.0363511659807955,0.0185185185185185,False,False,100,19878.26025869001,9.89743226919078,0.037037037037036924
76006,Carduus acanthoides,61,-0.0059197307317625,-0.0388490635769948,0.068169312058562,-0.0068955963764355,-0.0059197307317625,-0.0863010553715674,2.775557561562892e-17,7,61,0.333243751679656,0.1311475409836065,True,False,100,19771.083115794216,9.892026278130043,0.33879781420765026
49322,Carpobrotus edulis,61,0.0272611247626171,0.0062067504358503,0.0113699898208287,0.0272611247626171,0.0272611247626171,-0.0120984602137823,3.469446951953614e-18,7,61,0.5772641762966945,0.3934426229508196,True,True,100,19937.533885276604,9.900409514497522,0.5868852459016394
118571,Ceanothus fendleri,76,0.0712196394885756,0.0598859763673587,0.066600821923608,0.0718264071348607,0.0712196394885756,-0.0175326490296306,3.469446951953614e-18,7,76,0.1011080332409972,0.0263157894736842,False,False,100,1788.5508542858056,7.489719947955858,0.10245614035087716
84344,Centaurea scabiosa,42,-0.0243254006476318,-0.0213781576426068,-0.0433216311952067,-0.0301682170140398,-0.0243254006476318,0.0176151552621738,1.3877787807814457e-17,7,42,0.6802721088435375,0.3809523809523809,True,True,100,9706.534430248405,9.180657608367332,0.696864111498258
52588,Centaurea solstitialis,80,-0.050582716701968,0.0254487616730778,0.0063068237226657,-0.0507228556321207,-0.050582716701968,0.0044807233225682,1.3877787807814457e-17,7,80,0.04875,0.025,False,False,100,17729.62884753363,9.78304886643328,0.04936708860759494
160297,Centratherum punctatum,46,-0.0502471343359409,-0.0735888957905609,-0.0133610128984782,-0.0523547586934988,-0.050247134335941,-0.0461066722861357,1.3877787807814457e-17,7,46,0.5207939508506616,0.1739130434782608,True,False,100,19792.782249362455,9.893123139555591,0.5323671497584541
1005385,Cerastium holosteoides,55,0.013891897909215,0.0116639581303488,-0.0095071401986255,0.0141959994323523,0.013891897909215,0.0232556397669783,1.3877787807814457e-17,7,55,0.1348760330578513,0.0727272727272727,False,False,100,9788.584042799086,9.18907424665451,0.13737373737373745
564970,Chamaenerion latifolium,48,0.0258609668370865,0.0271827275478624,-0.1229085628756804,0.0237869879699311,0.0258609668370865,0.0978429383993355,6.938893903907228e-18,7,48,0.4765625,0.2083333333333333,True,True,100,11081.926675718913,9.313161065830183,0.4867021276595745
133031,Chrysosplenium alternifolium,56,0.0065216094012027,-0.0328967628465562,-0.0274691080114762,0.0065216094012027,0.0065216094012027,-0.0131493233375128,2.775557561562892e-17,7,56,0.1014030612244898,0.0535714285714285,False,False,100,4278.328599731018,8.361551407048854,0.10324675324675325
57087,Cicendia quadrangularis,76,-0.0361070542541734,-0.0577908537920326,-0.0414098187519331,-0.0373731857215619,-0.0361070542541734,-0.0231578108195981,2.775557561562892e-17,7,76,0.0758310249307478,0.0394736842105263,False,False,100,13211.271036596987,9.488901300726313,0.07684210526315777
336295,Cicerbita alpina,43,-0.0976815764260736,-0.0964906107701222,-0.1166001775895912,-0.1024476048211193,-0.0976815764260737,0.0158515268356699,2.775557561562892e-17,7,43,0.5105462412114656,0.3488372093023256,True,True,100,3462.7654980983234,8.150111570536957,0.5227021040974529
204271,Circaea canadensis,43,0.1308148090971249,0.1114712874468189,-0.0363405461965338,0.1322828536443454,0.1308148090971249,0.1434248141590312,1.3877787807814457e-17,7,43,0.1687398593834506,0.0930232558139534,False,False,100,2589.839357002519,7.859737178255028,0.17275747508305658
52621,Cirsium occidentale,53,-0.0395116550938902,0.0200263521052041,0.0086751183896487,-0.0395116550938902,-0.0395116550938902,0.0072988284112979,6.938893903907228e-18,7,53,0.5453898184407263,0.3584905660377358,True,True,100,1181.6872748520168,7.075544479794451,0.5558780841799711
76358,Cirsium undulatum,52,0.0478608771155861,0.0546171493798136,0.0427504847633533,0.0467365178721811,0.0478608771155861,-0.0016177697816871,6.938893903907228e-18,7,52,0.4822485207100592,0.1538461538461538,True,False,100,3069.596284063127,8.029627051057691,0.4917043740573152
67775,Claytonia caroliniana,70,-0.0410944921233844,-0.0272094892145508,-0.0205721089975431,-0.0410944921233844,-0.0410944921233844,-0.0071368856079516,1.3877787807814457e-17,7,70,0.0281632653061223,0.0142857142857142,False,False,100,2307.618069824071,7.744404386328587,0.02857142857142842
1415101,Cleomella lutea,71,0.0018793121670064,-0.0307290054175367,0.0209937469051212,0.0009326341865971,0.0018793121670064,-0.0420509407058946,6.938893903907228e-18,7,71,0.0,0.0,False,False,100,1527.7578608260453,7.33221082898394,0.0
160757,Clinopodium gracile,47,0.0209207809784256,-0.0300608220293046,0.0124366259077563,0.0208668842950768,0.0209207809784256,-0.0378107622294305,6.938893903907228e-18,7,47,0.3168854685378,0.1702127659574468,True,False,100,16163.910739357023,9.69059816829814,0.3237742830712304
84281,Clinopodium vulgare,56,0.0781848728363295,0.0847372924014885,0.0041366304216811,0.0781848728363295,0.0781848728363295,0.0814503632359433,1.3877787807814457e-17,7,56,0.6454081632653061,0.3928571428571428,True,True,100,19898.51342084378,9.898450559199768,0.6571428571428573
1550566,Cochemiea grahamii,55,0.1894819526247444,0.1565772433773144,0.1767018312842229,0.1872480644238702,0.1894819526247445,0.0530317669554318,2.775557561562892e-17,7,55,0.2598347107438017,0.0909090909090909,False,False,100,816.3089669529462,6.706017195895822,0.26464646464646474
51850,Collinsia tinctoria,44,0.0540540523301261,0.0581921755026541,0.0598480286061632,0.0559033092340148,0.054054052330126,0.0039817711436777,5.551115123125783e-17,7,44,0.240702479338843,0.1136363636363636,True,False,100,636.3817438220665,6.457368759938395,0.2463002114164905
127059,Conradina canescens,70,0.0067724677701547,0.0242863364022484,0.0255256501322257,0.0065819822190541,0.0067724677701547,0.0126779554037014,6.938893903907228e-18,7,70,0.0281632653061223,0.0142857142857142,False,False,100,330.1107101308233,5.802452791148205,0.02857142857142842
526700,Convolvulus angustissimus,65,0.1790168106046299,0.1029018954775802,-0.0268289868602218,0.1781305958283172,0.1790168106046299,0.1280876219727733,1.3877787807814457e-17,7,65,0.5405917159763314,0.3384615384615385,True,True,100,1565.3907958532116,7.356529395771503,0.5490384615384616
58014,Corethrogyne filaginifolia,56,-0.0617490178950611,-0.0824887190610063,-0.0834777377965328,-0.0621421144442714,-0.0617490178950611,-0.0002865336244208,2.775557561562892e-17,7,56,0.5070153061224489,0.2678571428571428,True,True,100,1434.5629933046118,7.2693123810814955,0.5162337662337662
55858,Cornus mas,66,-0.0159066177594227,0.0178087957166701,0.1237697381418431,-0.0159066177594227,-0.0159066177594227,-0.0950908173630767,1.3877787807814457e-17,7,66,0.0876951331496784,0.0303030303030303,False,False,100,10484.58008194193,9.257756266740506,0.08904428904428885
1096279,Cornus unalaschkensis,58,-0.045627375779331,-0.0728189460653018,-0.1109969966672954,-0.0482345465390538,-0.0456273757793309,0.0592582090067504,2.775557561562892e-17,7,58,0.0665873959571936,0.0344827586206896,False,False,100,3251.753251954133,8.08725707113841,0.06775559588626717
128038,Corydalis flavula,53,0.017824614662871,0.0434733700028324,0.0490266370309413,0.0187412243732353,0.017824614662871,-0.0016579413132594,1.3877787807814457e-17,7,53,0.0370238519045924,0.0188679245283018,False,False,100,1924.7806334167344,7.563086688372159,0.03773584905660379
48651,Cosmos sulphureus,54,-0.0193158121899783,0.0022942489739158,-0.0214928226733855,-0.0193158121899783,-0.0193158121899783,0.0098919398065598,1.3877787807814457e-17,7,54,0.0363511659807955,0.0185185185185185,False,False,100,19963.79238284962,9.901725620387385,0.037037037037036924
56868,Crepis vesicaria,73,-0.075351848807905,-0.0877808947827039,0.0904826651865773,-0.07405423919207,-0.075351848807905,-0.1307179322407736,2.775557561562892e-17,7,73,0.0532933008069056,0.0273972602739726,False,False,100,19962.972372758097,9.901684546735511,0.054033485540334845
154543,Cunila origanoides,48,-0.0087911105181915,-0.0166078556468369,-0.0059664391497535,-0.0087911105181915,-0.0087911105181915,-0.0124149608304912,1.3877787807814457e-17,7,48,0.2265625,0.0833333333333333,False,False,100,1952.2467065680955,7.577248244746209,0.23138297872340424
76563,Cyclospermum leptophyllum,41,0.1395050021487047,0.0893462695410854,0.0183990929601576,0.1393017649706834,0.1395050021487046,0.0619824923202719,1.3877787807814457e-17,7,41,0.3140987507436049,0.1951219512195122,True,False,100,19740.856559525884,9.890496359199533,0.321951219512195
82853,Cydonia oblonga,58,0.0288024150065814,0.0746737734521937,0.0182051875122602,0.0288024150065814,0.0288024150065814,0.0465316961988723,2.775557561562892e-17,7,58,0.0338882282996433,0.0172413793103448,False,False,100,18499.31946841782,9.825543279480442,0.034482758620689676
55727,Cymbalaria muralis,43,0.0688192749830947,0.0395264775180847,0.0052473904102011,0.0688192749830947,0.0688192749830947,0.0159693896875089,2.775557561562892e-17,7,43,0.2888047593293672,0.0697674418604651,False,False,100,19994.52552059089,9.903263803535731,0.2956810631229236
319120,Cynoglossum creticum,49,-0.0542679619616244,-0.0038555450741912,0.105342431337943,-0.0542679619616244,-0.0542679619616244,-0.1168867765476008,1.3877787807814457e-17,7,49,0.3790087463556851,0.2244897959183673,True,True,100,15241.959141810521,9.631872979802337,0.38690476190476186
48152,Cynoglossum officinale,41,-0.0091103137477279,0.0384700155711117,-0.0531378744741389,-0.0091103137477279,-0.0091103137477279,0.056021354045774,2.775557561562892e-17,7,41,0.4878048780487805,0.1951219512195122,True,False,100,10795.115482096968,9.2869416708292,0.5
60885,Dactylorhiza sambucina,40,0.0907348378537516,0.0981035598222674,0.0256612215642391,0.0907348378537516,0.0907348378537516,0.0710736261514616,6.938893903907228e-18,7,40,0.67875,0.25,True,True,100,2547.569244757703,7.843287400200737,0.6961538461538461
53208,Delairea odorata,71,-0.0109286315430242,0.0724808139707694,0.0788444465026465,-0.0108654617981883,-0.0109286315430242,0.0101383220524385,6.938893903907228e-18,7,71,0.0,0.0,False,False,100,19850.223729316953,9.896020933047213,0.0
161657,Delphinium bicolor,51,-0.0308439864974202,0.0819155807970644,0.1154200421427312,-0.0303968136724132,-0.0308439864974202,0.0042855550708347,1.1102230246251563e-16,7,51,0.1484044598231451,0.0392156862745098,False,False,100,1214.68446444994,7.103062542381584,0.151372549019608
50642,Delphinium nudicaule,57,0.0234732378141015,0.0642964727553913,-0.0038533105867843,0.0256546290419695,0.0234732378141015,0.0743378685484289,2.775557561562892e-17,7,57,0.3594952293013235,0.2105263157894736,True,True,100,759.860916689231,6.634450577280845,0.3659147869674185
76630,Delphinium nuttallianum,45,0.0446393804311728,0.0255357815275741,0.0696877591246425,0.0446393804311728,0.0446393804311728,-0.0454265489011978,6.938893903907228e-18,7,45,0.1659259259259259,0.0444444444444444,False,False,100,1939.315324958824,7.57060577748797,0.16969696969696965
58074,Descurainia sophia,45,0.0220787770915738,-0.0215792362595899,0.0204096079718848,0.0213715282973067,0.0220787770915738,-0.0404894347871536,2.775557561562892e-17,7,45,0.2923456790123457,0.1777777777777777,True,False,100,12838.48550528291,9.460280506759124,0.29898989898989903
62262,Dichelostemma multiflorum,47,0.0351517339873606,0.0330189636373066,0.0986310151121264,0.0342208279385559,0.0351517339873606,-0.0595731761418356,2.775557561562892e-17,7,47,0.3168854685378,0.1702127659574468,True,False,100,623.7630296841264,6.437372425334519,0.3237742830712304
321102,Dillwynia floribunda,62,-0.008032681085538,0.0123826553118302,0.0654908812718756,-0.0085203529016734,-0.008032681085538,-0.0616070311666341,6.938893903907228e-18,7,62,0.0,0.0,False,False,100,1144.0769269477948,7.043227098838766,0.0
161947,Diplacus puniceus,52,-0.0669441994097593,-0.0909211497720121,0.0922829277023687,-0.066741356661318,-0.0669441994097593,-0.147646064816587,6.938893903907228e-18,7,52,0.3513313609467455,0.1538461538461538,True,False,100,322.0014817066087,5.777656910539097,0.3582202111613876
333757,Disphyma australe,60,0.0638230045458357,0.0607661249862794,0.0962212466656688,0.0651234213175579,0.0638230045458356,-0.0158393708678582,1.3877787807814457e-17,7,60,0.0649999999999999,0.0166666666666666,False,False,100,1362.8917469717915,7.218097470863706,0.06610169491525414
58822,Dittrichia graveolens,52,-0.0170231446694809,-0.0484202077172125,-0.0306712146076429,-0.0170231446694809,-0.0170231446694809,-0.0088713569082613,1.3877787807814457e-17,7,52,0.0739644970414201,0.0384615384615384,False,False,100,19971.141849893993,9.902093674033392,0.07541478129713422
162093,Drosera brevifolia,57,0.0587152009553585,0.0943154826075047,-0.0566393439368743,0.0538724628527208,0.0587152009553586,0.046724611616588,2.775557561562892e-17,7,57,0.0,0.0,False,False,100,8751.327632016337,9.077074959063502,0.0
143359,Drosera macrantha,53,0.0077948957704671,-0.0239341219245104,-0.1042787222215607,0.007069698351504,0.0077948957704671,0.0339406448411107,6.938893903907228e-18,7,53,0.3702385190459237,0.2452830188679245,True,True,100,844.843926846925,6.740334858954548,0.3773584905660376
280392,Dyssodia tagetiflora,85,-0.0500160487184346,0.0092036330071539,-0.0852754275200116,-0.0503317274115972,-0.0500160487184346,0.0833478862089561,1.3877787807814457e-17,7,85,0.0,0.0,False,False,100,1101.1183527672222,7.004989382101465,0.0
56174,Echium vulgare,65,0.1414423728335309,0.0865537940622034,0.1524367444718237,0.1414423728335309,0.1414423728335309,-0.0741392850835426,2.775557561562892e-17,7,65,0.0596449704142012,0.0307692307692307,False,False,100,19958.280478017543,9.901449501020188,0.06057692307692309
152133,Elephantopus tomentosus,52,-0.0085047204404619,0.0703745514664304,0.0595596169656976,-0.0085047204404619,-0.0085047204404619,0.0495513245673287,1.3877787807814457e-17,7,52,0.1087278106508875,0.0576923076923076,False,False,100,13835.87794330535,9.535092621593067,0.11085972850678727
82688,Erica arborea,52,-0.0638763581464273,-0.062600163892122,-0.024438511856444,-0.0638763581464273,-0.0638763581464273,-0.0461135608860777,1.3877787807814457e-17,7,52,0.1420118343195264,0.0769230769230769,False,False,100,19920.48886483577,9.89955427055616,0.14479638009049753
162431,Erica tetralix,49,0.1303746544623742,0.1160283343619991,0.0920247278216769,0.1297853670320995,0.1303746544623742,0.020384810769153,3.469446951953614e-18,7,49,0.6364014993752602,0.4081632653061224,True,True,100,2870.161944006494,7.96247208535941,0.6496598639455782
60955,Ericameria ericoides,45,-0.0417486143103309,0.0037545434108434,-0.0379626399522348,-0.0393607057478616,-0.0417486143103309,0.0087960378275948,2.775557561562892e-17,7,45,0.1619753086419753,0.0888888888888888,False,False,100,643.576302083825,6.468593204950996,0.16565656565656564
117309,Erigenia bulbosa,63,0.0149486509580834,0.0312998942951359,0.1998048280479483,0.0152214364324852,0.0149486509580834,-0.1821796080829335,2.775557561562892e-17,7,63,0.0,0.0,False,False,100,1644.584677375009,7.405851027025957,0.0
76897,Erigeron annuus,80,0.0029873026474539,-0.0386774765225477,-0.0449052244694546,0.0029873026474539,0.0029873026474539,0.0330272784064178,6.938893903907228e-18,7,80,0.0,0.0,False,False,100,13238.7242048867,9.490976998827419,0.0
59752,Erigeron divergens,84,0.0291418191402307,0.0219971005301883,0.0059772720815963,0.0275622959595347,0.0291418191402307,0.0270714764357548,1.3877787807814457e-17,7,84,0.0918367346938776,0.0238095238095238,False,False,100,3681.516229095543,8.21135155541344,0.09294320137693636
50878,Erigeron glaucus,52,0.0642793034694187,0.0167067771522003,-0.0342984482361395,0.0642793034694187,0.0642793034694187,0.0861765365336796,3.469446951953614e-18,7,52,0.3616863905325445,0.0961538461538461,False,False,100,8958.79421270078,9.100502538372721,0.36877828054298656
59753,Erigeron pulchellus,77,-0.0328907951535754,0.0041496414984628,0.2581212325157086,-0.0328907951535754,-0.0328907951535754,-0.2193381200282464,1.3877787807814457e-17,7,77,0.1673132062742452,0.0779220779220779,False,False,100,2197.3631735497665,7.695468350409269,0.16951469583048526
131153,Erigeron quercifolius,78,0.1623615687714987,0.1198637853752819,0.010849741643948,0.1619133099903677,0.1623615687714987,0.0369089407413613,1.3877787807814457e-17,7,78,0.0746219592373438,0.0256410256410256,False,False,100,1401.144046685096,7.245757806029384,0.07559107559107554
84732,Erigeron speciosus,59,-0.018139374104789,-0.0289585467297864,0.0393135200805643,-0.0213678032937112,-0.018139374104789,-0.0813110872052781,1.3877787807814457e-17,7,59,0.4653835104854926,0.2033898305084746,True,True,100,9532.032611470795,9.162518163390988,0.4734073641145528
59243,Eriogonum wrightii,41,-0.1469022584913378,-0.1356620247146375,-0.1018261696316418,-0.1469022584913378,-0.1469022584913378,0.0306564493011716,3.469446951953614e-18,7,41,0.0939916716240334,0.024390243902439,False,False,100,1976.593005188941,7.589635730236961,0.09634146341463423
47687,Erodium cicutarium,46,0.122294366882711,0.1449561422734411,0.0122377251886965,0.122294366882711,0.122294366882711,0.1149619554799943,2.775557561562892e-17,7,46,0.5907372400756143,0.4347826086956521,True,True,100,19578.415027772688,9.882234039630681,0.6038647342995168
77069,Erysimum concinnum,55,-0.048005047481926,-0.0249436498757202,0.0342817626039647,-0.0472897057885863,-0.048005047481926,-0.0590814970966828,6.938893903907228e-18,7,55,0.1031404958677686,0.0545454545454545,False,False,100,247.89794583864466,5.517042956381052,0.10505050505050507
771851,Erythranthe bicolor,68,0.2068680721554028,0.197482635066964,0.062773225266132,0.2011650466634477,0.2068680721554028,0.0968869222342169,2.775557561562892e-17,7,68,0.0570934256055364,0.0294117647058823,False,False,100,586.3335869827769,6.375592949694171,0.057945566286216055
470643,Erythranthe guttata,60,0.019852717264692,-0.0024700997004231,0.0678957147833851,0.0199139748605749,0.019852717264692,-0.059132444509442,1.3877787807814457e-17,7,60,0.0,0.0,False,False,100,19247.236575647283,9.865174729059921,0.0
545973,Erythranthe nasuta,66,-0.098046934105121,-0.0186494270706828,0.0077564466524837,-0.0984685124402421,-0.098046934105121,0.005484198446113,1.3877787807814457e-17,7,66,0.086776859504132,0.0454545454545454,False,False,100,2307.4812546834346,7.744345121785608,0.08811188811188787
60496,Erythronium grandiflorum,60,0.0535485077179442,0.096946786833991,0.0716464510714371,0.054385149276674,0.0535485077179442,0.0212858236391343,6.938893903907228e-18,7,60,0.155,0.0666666666666666,False,False,100,2234.0626913345263,7.7120245564683865,0.1576271186440678
60505,Erythronium montanum,49,0.0316724556016661,0.0159654560137473,-0.0352850092838162,0.0316724556016661,0.0316724556016661,0.0396180003844123,2.775557561562892e-17,7,49,0.2149104539775095,0.1224489795918367,True,False,100,596.7795201236528,6.393221990520359,0.21938775510204092
324502,Euploca procumbens,60,0.0673888782455996,0.0335250816943841,0.0400929347719914,0.0659129596296968,0.0673888782455996,0.0045451864772823,6.938893903907228e-18,7,60,0.0327777777777777,0.0166666666666666,False,False,100,19655.972226753092,9.886187375063333,0.03333333333333325
54453,Ferocactus cylindraceus,42,0.0029803132974404,0.0457235619445941,-0.0447977061728668,0.0038856631203389,0.0029803132974404,0.098317287309895,1.3877787807814457e-17,7,42,0.0464852607709751,0.0238095238095238,False,False,100,527.3726764557695,6.2698018613485775,0.04761904761904766
84510,Filipendula rubra,41,0.0379132113664186,0.0465615378930359,-0.0451319777148178,0.0379132113664186,0.0379132113664186,0.0695209318297652,6.938893903907228e-18,7,41,0.643664485425342,0.2439024390243902,True,True,100,1980.4335742625049,7.591575889112492,0.6597560975609756
58211,Forestiera pubescens,47,-0.0430685248610733,-0.1156072066875543,-0.1236875898779284,-0.0430685248610733,-0.0430685248610733,0.0514521252371808,2.775557561562892e-17,7,47,0.0416478044363965,0.0212765957446808,False,False,100,2552.6132236309995,7.845264585669008,0.04255319148936164
163075,Frasera fastigiata,40,-0.015112779606804,0.0198342762663216,0.0607481401059299,-0.0144608597902155,-0.015112779606804,0.0065189506835531,1.3877787807814457e-17,7,40,0.41125,0.25,True,True,100,225.53894857826526,5.422916888542875,0.4217948717948718
53785,Fumaria officinalis,49,0.0160884310701087,0.0081758601594979,-0.1377188411111656,0.0160884310701087,0.0160884310701087,0.0914928295293605,2.775557561562892e-17,7,49,0.3940024989587672,0.1836734693877551,True,False,100,19637.582278861813,9.885251393908964,0.4022108843537415
62258,Galearis rotundifolia,63,0.3374540584252442,0.3197444132372255,0.0682090543403315,0.336012877418558,0.3374540584252442,0.0944527834381296,1.3877787807814457e-17,7,63,0.0,0.0,False,False,100,5327.316653416929,8.580790642401839,0.0
55967,Galeopsis bifida,50,-0.0065359946023432,0.0403760068464579,0.0130725569183627,-0.0065359946023432,-0.0065359946023432,0.0437999082177732,6.938893903907228e-18,7,50,0.1144,0.04,False,False,100,11077.931480667292,9.312800518888071,0.11673469387755102
77206,Galium mollugo,72,0.1398306084575069,0.0922136990945185,-0.003974035558445,0.1405752071884015,0.1398306084575069,0.0615872605301962,1.3877787807814457e-17,7,72,0.2002314814814815,0.0972222222222222,False,False,100,10129.352212653583,9.223291365903206,0.20305164319248828
163184,Galium palustre,76,0.0080678251189852,0.008636383043147,0.0344047979374457,0.0080678251189852,0.0080678251189852,-0.036365863057144,1.3877787807814457e-17,7,76,0.0,0.0,False,False,100,19905.87928087598,9.898820643481027,0.0
210990,Gardenia jasminoides,46,0.0894686582013131,0.1165530055446799,0.0346639526102985,0.0894686582013131,0.0894686582013131,0.0910609096548042,1.3877787807814457e-17,7,46,0.1219281663516067,0.0652173913043478,False,False,100,15592.34823439269,9.654599707074095,0.12463768115942019
131140,Gentiana clusii,57,-0.1472414151743702,-0.1065054877345844,0.0362582226949058,-0.148568414755541,-0.1472414151743702,-0.1514886987216571,1.3877787807814457e-17,7,57,0.1009541397353033,0.0350877192982456,False,False,100,1708.2070775305388,7.443784844605282,0.10275689223057657
163229,Gentiana linearis,68,0.0623753261270933,0.0555620588789629,0.052800541198864,0.0610212201898608,0.0623753261270933,0.0166243030771379,1.3877787807814457e-17,7,68,0.1630622837370243,0.0735294117647058,False,False,100,2081.4060028792637,7.641279236349685,0.1654960491659351
860746,Geobalanus oblongifolius,40,0.0230159180709724,0.0691129695125428,-0.047138903151487,0.0245949195855311,0.0230159180709724,0.1020342040212224,6.938893903907228e-18,7,40,0.46875,0.375,True,True,100,1067.9571266208102,6.974438804159794,0.4807692307692308
163256,Geranium caespitosum,51,0.2033151780123672,0.244160145852409,0.0384711897780573,0.2004085578880775,0.2033151780123672,0.2058006438649731,2.775557561562892e-17,7,51,0.5536332179930796,0.2941176470588235,True,True,100,1442.7688366695593,7.275012221228843,0.5647058823529413
58917,Geranium carolinianum,65,0.1462716020365871,0.1271883623877857,0.1676809188462239,0.1462716020365871,0.1462716020365871,0.0159115658755255,2.775557561562892e-17,7,65,0.1155029585798816,0.0615384615384615,False,False,100,13876.045004274614,9.537991315449604,0.11730769230769225
163265,Geranium sibiricum,74,0.041274188570083,-0.0218583614083649,-0.0145673814308919,0.0410408797392193,0.041274188570083,-0.0179456138047947,2.775557561562892e-17,7,74,0.0525931336742147,0.027027027027027,False,False,100,11501.735505628312,9.350340156119382,0.05331358756016284
50832,Gilia tricolor,67,0.0167907852585729,0.0241966666267352,0.0670720706372677,0.016109260246018,0.0167907852585729,-0.0249299904927204,1.3877787807814457e-17,7,67,0.1871240810871017,0.1044776119402985,True,False,100,9229.070873796705,9.130222006101947,0.1899592944369063
125675,Glandularia bipinnatifida,70,0.1509351343575758,0.1506932484287681,0.0057858430882035,0.1515477729804561,0.1509351343575758,0.1344175620958692,6.938893903907228e-18,7,70,0.5093877551020408,0.1714285714285714,True,False,100,3018.6365577799525,8.012891758020887,0.5167701863354037
77281,Glebionis segetum,79,-0.0569092191164483,-0.0772775257829348,-0.0077195683180618,-0.0570885577929051,-0.0569092191164483,-0.0216714224094767,6.938893903907228e-18,7,79,0.0,0.0,False,False,100,19951.693585641828,9.90111943002821,0.0
358187,Globularia repens,86,0.1610724979050175,0.1293493739491202,-0.0310757043451796,0.1609185712307045,0.1610724979050175,0.1545438477595541,6.938893903907228e-18,7,86,0.302866414277988,0.1860465116279069,True,False,100,1121.5084921922414,7.023321185015178,0.3064295485636114
130869,Gomphrena serrata,63,-0.0320323485081453,0.0030110073427906,0.030216328260835,-0.0328234045901835,-0.0320323485081453,-0.0153247663447218,1.3877787807814457e-17,7,63,0.2030738221214412,0.0793650793650793,False,False,100,19155.708206160198,9.860408231240594,0.2063492063492064
62406,Goodyera pubescens,47,-0.1251098175960647,-0.0465027190656058,0.0870158846325057,-0.1251098175960647,-0.1251098175960647,-0.1043790512158611,1.3877787807814457e-17,7,47,0.25350837483024,0.1489361702127659,True,False,100,2664.4823473251686,7.888140313590415,0.2590194264569844
334567,Grewia occidentalis,42,0.1049406736754157,0.0665913952153527,0.0333211254582888,0.0998486744865714,0.1049406736754158,0.0472114061159573,6.938893903907228e-18,7,42,0.4716553287981859,0.2142857142857142,True,True,100,17972.003734566733,9.796626118539624,0.4831591173054587
77305,Grindelia squarrosa,71,0.0835332496826941,0.0865917273083626,0.158612438483353,0.0837569982073716,0.0835332496826941,-0.0909301030257627,1.3877787807814457e-17,7,71,0.0,0.0,False,False,100,10638.066863971779,9.272288058295167,0.0
199181,Gymnadenia rhellicani,59,0.0041561100903391,0.1183937013578615,0.038076587274322,0.0014588688207106,0.0041561100903391,0.0948606276201107,3.469446951953614e-18,7,59,0.6515369146796897,0.2711864406779661,True,True,100,1544.9708314700658,7.343407361873693,0.662770309760374
53092,Helenium puberulum,71,-0.0561429842561945,0.004982884665211,0.097454685868973,-0.0556209361384124,-0.0561429842561945,-0.0491839920639729,1.3877787807814457e-17,7,71,0.1325133902003571,0.056338028169014,False,False,100,1061.2239445781345,6.968120050172684,0.13440643863179078
545347,Hemiandra pungens,59,0.1125013140382212,0.0778246359575095,0.0517073345325219,0.1109937645619827,0.1125013140382212,0.0387439462007597,1.3877787807814457e-17,7,59,0.1597242171789715,0.0338983050847457,False,False,100,614.7892279193245,6.422904742513957,0.16247808299240205
163683,Herbertia lahue,66,0.0103470259414675,0.0178137760613313,-0.0217484805814708,0.0095859428875287,0.0103470259414675,0.0348513637049406,1.3877787807814457e-17,7,66,0.4834710743801652,0.4090909090909091,True,True,100,18876.64977919225,9.845733949916651,0.4909090909090908
58831,Heterotheca grandiflora,73,-0.0486593578569462,-0.0423424356317294,0.0708163394003891,-0.0481903537967252,-0.0486593578569462,-0.0926837750529946,2.775557561562892e-17,7,73,0.0532933008069056,0.0273972602739726,False,False,100,4669.89756567524,8.449106530412628,0.054033485540334845
77403,Heuchera cylindrica,55,0.0274428394035291,0.0889025827267021,0.0944471029617935,0.0267379856255032,0.0274428394035291,-0.029433499084836,6.938893903907228e-18,7,55,0.3199999999999998,0.2,True,True,100,1353.8844365476953,7.211471442996018,0.3259259259259257
323883,Hibbertia aspera,65,-0.0037509941969818,-0.0049917952729101,-0.0507897129833698,-0.0035651865672103,-0.0037509941969818,0.0297462215290182,6.938893903907228e-18,7,65,0.0302958579881655,0.0153846153846153,False,False,100,2326.519927487759,7.752558570870858,0.030769230769230587
489547,Hibiscus pedunculatus,50,0.0442273616191289,0.0321093642417185,0.1324648162690851,0.0449144007225402,0.0442273616191289,-0.0348594315377048,1.3877787807814457e-17,7,50,0.5304,0.28,True,True,100,11760.421309476715,9.372580073799059,0.5412244897959183
68034,Hieracium venosum,62,-0.007341445807193,-0.0172620420735728,-0.0231358936178583,-0.0071275229672963,-0.007341445807193,0.0276337819817952,5.551115123125783e-17,7,62,0.0920915712799166,0.0483870967741935,False,False,100,1677.3651468177884,7.425575471707755,0.0936012691697513
133488,Hippocrepis comosa,70,0.0833995062370828,0.0365436134020975,0.0671741275722968,0.0833995062370828,0.0833995062370828,-0.0587435300988022,0.0,7,70,0.0,0.0,False,False,100,2275.9418510680525,7.7305885282181315,0.0
129446,Honckenya peploides,46,0.0621040517432746,0.0842768294202152,0.13569738509609,0.0636801761422845,0.0621040517432746,-0.0606874086985095,2.775557561562892e-17,7,46,0.4763705103969753,0.391304347826087,True,True,100,10140.577689131444,9.224398855686331,0.4869565217391303
320809,Hottonia palustris,75,-0.0547591291022368,0.0044228693744888,0.0551840404032122,-0.0554652881578267,-0.0547591291022368,-0.0591161533388968,2.775557561562892e-17,7,75,0.0,0.0,False,False,100,3072.811705477608,8.03067366831145,0.0
125103,Houstonia micrantha,75,0.0156205463612422,-0.0142552867460147,0.0897538097719901,0.0163748688165904,0.0156205463612422,-0.077978515240576,6.938893903907228e-18,7,75,0.0522666666666664,0.0133333333333333,False,False,100,2095.772733303917,7.6481546479680995,0.0529729729729727
336871,Hymenoxys grandiflora,71,-0.0453465312885783,-0.0401692732052729,-0.0633061613899314,-0.0457523089151974,-0.0453465312885783,0.0392460131541793,1.3877787807814457e-17,7,71,0.0,0.0,False,False,100,765.1340717251172,6.641357182786686,0.0
128076,Hypericum tetrapetalum,70,-0.0202284111812414,-0.007158916991012,-0.0672084070282708,-0.0197572162985439,-0.0202284111812414,0.059454872048299,1.3877787807814457e-17,7,70,0.0828571428571427,0.0285714285714285,False,False,100,783.0542400785457,6.664478201730976,0.0840579710144926
283656,Hypoxis decumbens,69,0.2142179205727266,0.2028628024852815,0.0755565469446116,0.2151254092605544,0.2142179205727266,0.05415495345735,2.775557561562892e-17,7,69,0.1344255408527619,0.072463768115942,False,False,100,7388.577585902337,8.907825852078815,0.1364023870417731
129347,Ilex glabra,57,-0.0011680613523333,0.037580675424091,-0.0032081802329328,0.0009477087781025,-0.0011680613523333,0.024666364572518,6.938893903907228e-18,7,57,0.0677131425053862,0.0350877192982456,False,False,100,2760.441630419897,7.923508152206718,0.06892230576441095
133350,Impatiens balsamina,63,0.0373333015358715,0.0491567342988609,0.050855231310806,0.0383930656143198,0.0373333015358715,0.0153383174242499,3.469446951953614e-18,7,63,0.436381960191484,0.2222222222222222,True,True,100,19959.365936888327,9.901503883208838,0.4434203789042499
164076,Ipomoea amnicola,59,0.0548609711626466,0.0935676619242464,-0.0043417523774149,0.0548609711626466,0.0548609711626466,0.0810296674134524,1.3877787807814457e-17,7,59,0.0333237575409364,0.0169491525423728,False,False,100,7739.49040328715,8.954220324174461,0.03389830508474565
164091,Ipomoea nil,53,0.0290982307317653,0.0690303456190758,0.0441952472972715,0.0281274312410684,0.0290982307317653,0.0316738412649892,2.775557561562892e-17,7,53,0.5546457814168744,0.3773584905660377,True,True,100,19915.128651517767,9.899285167447866,0.565312046444122
126869,Ipomoea quamoclit,62,0.0174668517873458,-0.0082462494149391,0.0457719388695099,0.0173941135982763,0.0174668517873458,-0.0314634953536482,6.938893903907228e-18,7,62,0.2034339229968782,0.0967741935483871,False,False,100,19879.05086355131,9.89747203873603,0.20676890534108933
62942,Ipomoea triloba,52,-0.034921169453593,-0.0166416320603203,0.0287802518292462,-0.0356109101005569,-0.034921169453593,-0.032448089837125,1.3877787807814457e-17,7,52,0.6235207100591715,0.3269230769230769,True,True,100,19874.719228501308,9.897254126465327,0.6357466063348416
62659,Ipomopsis rubra,44,-0.0146004842795196,-0.0287765763810065,-0.0184804044188636,-0.0146004842795196,-0.0146004842795196,-0.0299532315298136,5.551115123125783e-17,7,44,0.4783057851239669,0.3409090909090909,True,True,100,2052.142847703299,7.6271269945804825,0.48942917547568704
322012,Iris japonica,66,0.2199397923021186,0.2416191657377968,0.1445400004844163,0.2199397923021186,0.2199397923021186,-0.0462713219789905,2.775557561562892e-17,7,66,0.0298438934802571,0.0151515151515151,False,False,100,19706.897583469952,9.888774726952054,0.030303030303030287
59943,Iris sibirica,54,-0.093101065220808,-0.0731716382185445,0.0348923226966865,-0.0910977508886371,-0.093101065220808,-0.0346962338108116,1.3877787807814457e-17,7,54,0.2030178326474623,0.074074074074074,False,False,100,9376.816605413684,9.146102243626974,0.20684835779175403
53041,Kalmia angustifolia,60,-0.0194879891419784,0.0217954983276684,-0.0237152840964577,-0.0208604650890568,-0.0194879891419784,0.0433751322575596,3.469446951953614e-18,7,60,0.0327777777777777,0.0166666666666666,False,False,100,2456.9797876644498,7.807095067010173,0.03333333333333325
545370,Kennedia coccinea,59,0.0276647113969589,0.0095806155381462,0.0322586489109318,0.0286723134516526,0.0276647113969589,-0.0148236448109409,1.3877787807814457e-17,7,59,0.2631427750646367,0.135593220338983,True,False,100,667.4972258496148,6.5050322467197965,0.26767971946230285
143356,Kennedia prostrata,64,-0.0494979648645265,-0.0050026857262131,0.0587625808654324,-0.0496349815735086,-0.0494979648645265,-0.0377822978275582,6.938893903907228e-18,7,64,0.06103515625,0.015625,False,False,100,3409.1828019158447,8.13452117644068,0.062003968253968256
321030,Kunzea capitata,40,-0.0088385569844283,-0.0357778112971662,-0.0224703752737165,-0.0123395635108958,-0.0088385569844283,-0.0275126634381005,2.775557561562892e-17,7,40,0.515,0.35,True,True,100,689.3485800437604,6.537196658495789,0.5282051282051282
77616,Lactuca biennis,40,0.0736384861977291,0.0526139033000484,0.0180786217344462,0.0712760981126326,0.0736384861977291,-0.0011687168352448,1.3877787807814457e-17,7,40,0.3487499999999999,0.225,True,True,100,4681.758355471871,8.451642607483175,0.3576923076923076
61297,Lactuca perennis,47,-0.0002866974111166,0.0316897535029236,0.0074173883024796,0.0021128517686176,-0.0002866974111166,0.0024159339163417,2.775557561562892e-17,7,47,0.4861928474422816,0.2765957446808511,True,True,100,2155.0589096563067,7.676037255243874,0.49676225716928774
431220,Lapageria rosea,42,0.0218378988240295,0.0156891531072887,0.0749438002200049,0.0226298663829125,0.0218378988240295,-0.0159129463198802,6.938893903907228e-18,7,42,0.2142857142857143,0.0952380952380952,False,False,100,701.8832638298967,6.555190823726102,0.21951219512195122
57311,Lathyrus aphaca,69,-0.0126697537246991,-0.0415091933558149,0.1282004638424732,-0.0147638664609787,-0.0126697537246991,-0.0843469098492884,2.775557561562892e-17,7,69,0.1823146397815584,0.1014492753623188,True,False,100,11380.268174238498,9.339724140332502,0.18499573742540484
82741,Lathyrus clymenum,55,0.1006495760095394,0.1771787813891473,0.1296698927618961,0.0993953214617599,0.1006495760095394,0.0708856219356739,2.775557561562892e-17,7,55,0.2016528925619835,0.0545454545454545,False,False,100,4968.561565041818,8.511086898910015,0.2053872053872054
61821,Lathyrus tingitanus,54,0.0114536237335857,0.0079470258610134,-0.0331557378358263,0.0119943653619399,0.0114536237335857,0.0327022198372467,1.3877787807814457e-17,7,54,0.1707818930041151,0.074074074074074,False,False,100,20005.62411326601,9.90381870336294,0.17400419287211724
57427,Legousia speculum-veneris,66,0.0118330885636598,-0.0118255086152667,0.0287311292843974,0.0117805351741066,0.0118330885636598,-0.0352660819657731,2.775557561562892e-17,7,66,0.2823691460055095,0.1515151515151515,True,False,100,3119.178187557785,8.04564539056946,0.28671328671328655
77672,Lepidium perfoliatum,55,0.0050764526195593,0.1338664072862503,-0.0261068858824007,0.0045794802547433,0.0050764526195593,0.1020358269932916,2.775557561562892e-17,7,55,0.2565289256198347,0.109090909090909,True,False,100,17566.18246857833,9.773787807967938,0.2612794612794613
56057,Leucanthemum vulgare,77,-0.058153789829866,-0.0604714672281608,-0.0709191479227262,-0.0579187036069127,-0.058153789829866,-0.0092053540714824,6.938893903907228e-18,7,77,0.2631135098667567,0.1558441558441558,True,False,100,19408.331204041093,9.873509219311883,0.2665755297334245
55809,Leucojum aestivum,51,0.0526164186436571,0.0375710293763032,0.0238888900146506,0.0526164186436571,0.0526164186436571,-0.0340407549564315,1.3877787807814457e-17,7,51,0.0,0.0,False,False,100,19822.45886193848,9.894621306378639,0.0
85027,Lilium martagon,62,0.027577562737314,-0.0026510850265969,-0.0320148165634127,0.027577562737314,0.027577562737314,0.0226915965383369,2.775557561562892e-17,7,62,0.548907388137357,0.2580645161290322,True,True,100,9843.405145765235,9.194658567283827,0.5579058699101005
77778,Linaria purpurea,51,-0.0075763182051214,-0.0418806635265632,0.0109757469421334,-0.0075763182051214,-0.0075763182051214,-0.0448761322710902,1.3877787807814457e-17,7,51,0.3760092272202999,0.196078431372549,True,False,100,19460.66138595122,9.876201726502346,0.3835294117647059
54793,Lindera benzoin,77,0.0486551616433661,0.0246495690489001,0.0373448492420675,0.0486551616433661,0.0486551616433661,0.0185100419153608,1.3877787807814457e-17,7,77,0.0505987518974531,0.0259740259740259,False,False,100,2272.9973551993494,7.729294511248833,0.05126452494873538
133064,Linum alpinum,65,0.000671972055922,0.0194221804144918,-0.0060986560025483,-0.0039240669339595,0.000671972055922,0.0021084327067027,2.775557561562892e-17,7,65,0.5439053254437869,0.4769230769230769,True,True,100,2034.078466986202,7.618289655848906,0.5524038461538461
51306,Linum usitatissimum,58,-0.104634909266074,-0.1049068697778423,0.0386820010571676,-0.1051484513391973,-0.104634909266074,-0.0874872414644881,1.3877787807814457e-17,7,58,0.3662306777645661,0.2413793103448276,True,True,100,19945.360898010676,9.900801994551792,0.37265577737447075
245731,Lobelia pedunculata,77,0.0902553402062966,0.0452845807385213,-0.0486406708210962,0.0908026623887854,0.0902553402062966,0.0745892538523757,2.775557561562892e-17,7,77,0.0505987518974531,0.0259740259740259,False,False,100,19341.811300490634,9.870076120412785,0.05126452494873538
146622,Loeselia mexicana,60,0.0399168007282538,0.0105203140464892,0.1130674772600961,0.0404088339408438,0.0399168007282538,-0.0664275451683914,1.3877787807814457e-17,7,60,0.0966666666666666,0.0166666666666666,False,False,100,1672.7234020995484,7.422806005676456,0.09830508474576263
164720,Lomatium columbianum,61,-0.0195225179928109,0.0804371266839501,0.0082446191184958,-0.0192392753230169,-0.0195225179928109,0.0467590907134397,2.775557561562892e-17,7,61,0.4918032786885244,0.3114754098360656,True,True,100,149.6470100253731,5.014939418219533,0.49999999999999983
164730,Lomatium geyeri,77,-0.0888740669719937,0.0237446531435347,0.0611198905446653,-0.0883511232985311,-0.0888740669719937,-0.0418089379497683,1.3877787807814457e-17,7,77,0.0256367009613762,0.0129870129870129,False,False,100,496.66367859292166,6.20992450468612,0.025974025974025886
56826,Lomatium macrocarpum,56,0.3073171120854697,0.3495071983408333,0.090630110958674,0.30720520142216,0.3073171120854697,0.3104785213053938,2.775557561562892e-17,7,56,0.364158163265306,0.2142857142857142,True,True,100,2132.6556513241526,7.665592055825425,0.37077922077922065
77830,Lomatium triternatum,92,-0.0153740272480809,0.0569263827005765,0.0672592138416866,-0.0153867921479944,-0.0153740272480809,-0.0528941621311613,2.775557561562892e-17,7,92,0.0635633270321363,0.0217391304347826,False,False,100,1610.429362879181,7.384876867145044,0.06426182513139055
77838,Lotus tenuis,72,0.0271535806406656,0.0778586182360788,0.0120427807899356,0.0271535806406656,0.0271535806406656,0.0488408740174783,6.938893903907228e-18,7,72,0.0273919753086417,0.0138888888888888,False,False,100,19611.980194065884,9.883946880823949,0.027777777777777502
120008,Ludwigia decurrens,70,0.1156109634886007,0.0250071677162447,0.0307596063329725,0.1146588997928006,0.1156109634886007,-0.0208981357190073,6.938893903907228e-18,7,70,0.1089795918367346,0.0428571428571428,False,False,100,17351.14762851491,9.761471560337906,0.11055900621118003
60220,Ludwigia peploides,70,0.0277503397753162,0.034425021020262,0.051181663582893,0.0277503397753162,0.0277503397753162,-0.0054503926047775,1.3877787807814457e-17,7,70,0.0555102040816326,0.0285714285714285,False,False,100,19657.98054274125,9.886289537969146,0.0563146997929606
55886,Lunaria annua,53,-0.0510064718079501,-0.0242628462316682,0.0618484029752952,-0.0510064718079501,-0.0510064718079501,-0.0389589919384789,1.3877787807814457e-17,7,53,0.6030615877536489,0.3962264150943396,True,True,100,19973.7197641186,9.90222274120533,0.6146589259796806
69855,Lupinus excubitus,52,-0.0184631468870115,-0.0029925180550584,0.1350575079660488,-0.0195911531827567,-0.0184631468870115,-0.0870353482379473,2.775557561562892e-17,7,52,0.2965976331360948,0.1346153846153846,True,False,100,539.4983646468244,6.2924916114443885,0.3024132730015084
57054,Lupinus formosus,40,0.0704398821269493,0.0728371955297048,0.0853388091595254,0.0670300042925285,0.0704398821269493,0.0212053653555036,1.3877787807814457e-17,7,40,0.46875,0.375,True,True,100,948.4548688851561,6.855887997669453,0.4807692307692308
50612,Lupinus nanus,58,0.1117141187275611,0.0522297688019222,0.0806338328483716,0.1127778427364707,0.1117141187275611,-0.0155724525806136,2.775557561562892e-17,7,58,0.1575505350772887,0.0862068965517241,False,False,100,1063.974722916945,6.970706343511575,0.16031457955232883
716947,Lysimachia europaea,62,0.0948001939098073,0.1302395519396491,0.0621231145973585,0.0945264768231041,0.0948001939098073,0.0070701551620961,2.775557561562892e-17,7,62,0.0920915712799166,0.0483870967741935,False,False,100,9541.302954135843,9.163490135114683,0.0936012691697513
119810,Lysimachia lanceolata,68,-0.0066866198459227,-0.0385357134239262,0.0199786932152459,-0.0063233903769176,-0.0066866198459227,-0.0450663197098244,6.938893903907228e-18,7,68,0.0570934256055364,0.0294117647058823,False,False,100,2115.351788176434,7.657449030661091,0.057945566286216055
154224,Lysimachia nemorum,64,0.1076439114751438,0.0815375640805727,0.0580797432718149,0.1076439114751438,0.1076439114751438,0.007418116985184,1.3877787807814457e-17,7,64,0.060546875,0.03125,False,False,100,2768.343342460405,7.926365510594498,0.061507936507936505
62338,Lysimachia vulgaris,67,-0.0832460969726063,-0.082359343904559,0.0284671685767472,-0.0836963496980582,-0.0832460969726063,-0.1232412601346043,1.3877787807814457e-17,7,67,0.0583648919581198,0.0149253731343283,False,False,100,9948.836803301418,9.20531142833988,0.0592492085029398
77960,Marah oregana,56,-0.0290880157610578,-0.0131932555580904,0.0560143172185933,-0.0293198094329893,-0.0290880157610578,-0.1100320495586727,1.3877787807814457e-17,7,56,0.1026785714285714,0.0357142857142857,False,False,100,1272.2201457725932,7.149304518226986,0.10454545454545451
902550,Marcus-kochia littorea,56,0.0095110579758279,0.0133517217160784,0.0607386819620843,0.010402198865987,0.0095110579758279,-0.0262542446086966,5.551115123125783e-17,7,56,0.6320153061224489,0.3214285714285714,True,True,100,1320.6763661446269,7.186656184197083,0.6435064935064935
165190,Matelea edwardsensis,42,-0.1538418152386673,-0.0953347179369844,0.0323520282400486,-0.1584999308972593,-0.1538418152386673,-0.0928919334209568,3.469446951953614e-18,7,42,0.336734693877551,0.2142857142857142,True,True,100,472.1202389818211,6.15934956122287,0.34494773519163763
142283,Megaskepasma erythrochlamys,41,0.0614016525249108,0.1070409522743083,-0.0211843947621256,0.0614016525249109,0.0614016525249109,0.0979890750842297,2.775557561562892e-17,7,41,0.0928019036287923,0.048780487804878,False,False,100,19842.426697525054,9.895628082534193,0.09512195121951211
122587,Monarda citriodora,43,0.0395867127366131,0.0207218604233949,-0.0276732425837179,0.0395867127366131,0.0395867127366131,0.0386906975635962,1.3877787807814457e-17,7,43,0.5375878853434289,0.3023255813953488,True,True,100,3905.4724619957956,8.27039006213403,0.5503875968992249
165527,Moricandia arvensis,53,0.1105926319817258,0.0997641653033011,0.0626400470510511,0.1106071049835084,0.1105926319817258,0.0268297070440205,1.3877787807814457e-17,7,53,0.4855820576717694,0.1886792452830188,True,False,100,2295.8281015990588,7.739284363841314,0.49492017416545725
127010,Nandina domestica,44,-0.0102708633589505,-0.0368923104759651,0.052832208815608,-0.0102708633589505,-0.0102708633589505,-0.1149362183865265,2.775557561562892e-17,7,44,0.2975206611570247,0.1818181818181818,True,False,100,19462.777955487654,9.876310476439372,0.3044397463002113
165669,Nemastylis geminiflora,52,0.123907434851054,0.1147354413000835,0.1157087620135711,0.123028577089203,0.123907434851054,0.056825648801842,1.3877787807814457e-17,7,52,0.5732248520710058,0.3846153846153846,True,True,100,1219.3555574992915,7.106897535839938,0.5844645550527903
57850,Nuphar lutea,62,-0.0165577115696425,-0.0338755471637052,-0.015201043208785,-0.0165577115696425,-0.0165577115696425,-0.0069177432034539,1.3877787807814457e-17,7,62,0.148283038501561,0.0806451612903225,False,False,100,7863.994084739179,8.970177063392818,0.15071390798519313
165759,Nymphoides indica,57,0.0214673289281191,0.1068759026056454,-0.0111747757417326,0.0193273269565216,0.0214673289281191,0.0870496258784417,2.775557561562892e-17,7,57,0.2456140350877192,0.1228070175438596,True,False,100,18685.11760502872,9.835536153083963,0.24999999999999992
78245,Oenothera primiveris,68,0.0245957748590071,0.1170997031156434,0.0207416105304623,0.0225146456284129,0.0245957748590071,0.08607953415016,2.775557561562892e-17,7,68,0.1120242214532871,0.0441176470588235,False,False,100,1182.286396813202,7.0760509283497885,0.11369622475856005
48625,Oenothera speciosa,47,0.0722160189946059,0.035463272807691,-0.0050530656198886,0.0728440077347269,0.0722160189946059,0.0625517038546837,2.775557561562892e-17,7,47,0.3277501131733816,0.1276595744680851,True,False,100,18924.90035939593,9.848286652307195,0.3348751156336725
366692,Olearia arborescens,62,-0.0194295291586007,-0.0328667788975488,-0.0345882333190635,-0.0190639939567719,-0.0194295291586007,0.0017090373650825,1.3877787807814457e-17,7,62,0.1207075962539023,0.064516129032258,False,False,100,1231.5576028338673,7.116846641403928,0.12268640930724496
57504,Ononis natrix,67,0.0111314649010581,-0.0335696143911211,-0.0126147066167737,0.0114756166969427,0.0111314649010581,-0.0174344020967196,1.3877787807814457e-17,7,67,0.029405212742259,0.0149253731343283,False,False,100,4000.930720125112,8.29453220368077,0.02985074626865686
62474,Opuntia fragilis,58,0.0153462293001699,0.0402118523049447,0.0007840129271296,0.0151983231656141,0.0153462293001699,0.0264995195053443,1.3877787807814457e-17,7,58,0.2705112960760997,0.1206896551724138,True,False,100,2730.11804708947,7.91246634539837,0.2752571082879611
47894,Opuntia humifusa,61,0.1351985175808135,0.1340019236760264,-0.0266479349251651,0.1347444319813628,0.1351985175808135,0.1208996307320753,3.469446951953614e-18,7,61,0.0634238108035474,0.0327868852459016,False,False,100,12136.423884800703,9.404048841502735,0.06448087431693987
165891,Opuntia macrorhiza,52,0.0162913607414609,-0.0523588994277929,0.013811410586967,0.0175361174598007,0.0162913607414609,-0.0659907608180606,3.469446951953614e-18,7,52,0.1420118343195264,0.0769230769230769,False,False,100,11224.737217772996,9.325964386870156,0.14479638009049753
56137,Ornithogalum umbellatum,69,0.0620609706608472,0.0432732386924151,0.0859407247203889,0.0620609706608472,0.0620609706608472,-0.0550910911923376,2.775557561562892e-17,7,69,0.056290695232094,0.0289855072463768,False,False,100,19583.547944377886,9.882496164106605,0.05711849957374244
78283,Ornithopus pinnatus,59,0.0741015548058891,0.0673048124990836,-0.0306055660877888,0.0785809775144559,0.0741015548058891,0.0690715243102101,1.3877787807814457e-17,7,59,0.0,0.0,False,False,100,19804.01803504573,9.89369062068654,0.0
53166,Osmorhiza berteroi,52,-0.0693999100654735,-0.0413790871619274,0.2860356461826819,-0.0693999100654735,-0.0693999100654735,-0.2695100549431707,2.775557561562892e-17,7,52,0.1738165680473373,0.0961538461538461,False,False,100,12779.912997729318,9.455708164951774,0.1772247360482655
69624,Oxalis acetosella,53,0.0641268412272992,0.0725759043308072,0.0486308149930633,0.0641268412272992,0.0641268412272992,0.0014612845646609,1.3877787807814457e-17,7,53,0.1067995728017088,0.0566037735849056,False,False,100,9751.195015653495,9.185247668464594,0.1088534107402032
61776,Oxalis incarnata,58,-0.0925596593227906,-0.053195234862237,-0.0023441081606799,-0.0925596593227906,-0.0925596593227906,-0.0345166331312554,1.3877787807814457e-17,7,58,0.1313912009512484,0.0344827586206896,False,False,100,19368.469135829448,9.871453349511766,0.1336963097398668
1464017,Oxalis smalliana,49,-0.0458507557834319,-0.0632130673632818,-0.0320373448101198,-0.0458507557834319,-0.0458507557834319,-0.0466561697257944,6.938893903907228e-18,7,49,0.5897542690545606,0.2653061224489796,True,True,100,1388.6699431495126,7.236821546957218,0.6020408163265306
78333,Palafoxia arida,46,-0.0231674951378929,-0.0284140249912682,0.1609457938782638,-0.0231674951378929,-0.0231674951378929,-0.1774971867478806,5.551115123125783e-17,7,46,0.1219281663516067,0.0652173913043478,False,False,100,1347.769635275768,7.206948074594841,0.12463768115942019
166061,Palafoxia texana,69,0.0610515181128074,0.0765396912919407,0.048778117467473,0.0599802760142148,0.0610515181128074,0.0094656998166685,1.3877787807814457e-17,7,69,0.3461457676958621,0.2028985507246377,True,True,100,436.37764876861524,6.08079700672808,0.35123614663256597
1449995,Palustricodon aparinoides,62,0.010885759373699,0.0725342378103929,-0.05927888721169,0.0110820052775767,0.010885759373699,0.0865876961753389,1.3877787807814457e-17,7,62,0.0624349635796044,0.032258064516129,False,False,100,2931.4472189221533,7.98359258170313,0.06345848757271268
78346,Papaver somniferum,50,-0.0416958726826613,-0.0140949039589402,-0.0714412616596393,-0.0416958726826613,-0.0416958726826613,0.0277821275329054,1.3877787807814457e-17,7,50,0.6144000000000001,0.36,True,True,100,19955.04182897797,9.901287225038962,0.6269387755102042
321203,Patersonia sericea,75,-0.0084912127584409,0.0428161941021782,0.0185410216859861,-0.0077220507359625,-0.0084912127584409,0.0322854386584494,6.938893903907228e-18,7,75,0.2844444444444445,0.08,False,False,100,1542.0164914514403,7.341494540220135,0.28828828828828834
52355,Pavonia hastata,55,0.0167628955287068,0.0591433300694582,0.098589816863516,0.0167628955287068,0.0167628955287068,-0.0496216495581639,6.938893903907228e-18,7,55,0.258512396694215,0.0909090909090909,False,False,100,19379.703526660665,9.872033186471144,0.2632996632996634
129098,Pedicularis sylvatica,41,0.0577385618055829,0.0408799522670174,-0.0718151559184208,0.0577385618055829,0.0577385618055829,0.0872651070743819,1.3877787807814457e-17,7,41,0.510410469958358,0.3414634146341463,True,True,100,2975.574563721111,7.998528443084688,0.523170731707317
78399,Penstemon davidsonii,50,-0.0512683115660619,0.0076746783542128,0.0069351198880857,-0.0511161560815308,-0.0512683115660619,-0.0404188363763123,2.775557561562892e-17,7,50,0.2176,0.08,False,False,100,1706.7338068716908,7.442922511424822,0.22204081632653058
56838,Perideridia kelloggii,82,0.0133494646482796,0.068502126874171,0.0604501774836481,0.0136492422295537,0.0133494646482796,-0.021141026648341,1.3877787807814457e-17,7,82,0.0475907198096372,0.024390243902439,False,False,100,193.10531794906507,5.268400887785556,0.048178259560373464
78451,Persicaria capitata,68,0.0313400459883474,0.0227565534170668,-0.0054393782767531,0.0301201998404276,0.0313400459883474,0.0152168098652597,6.938893903907228e-18,7,68,0.3326124567474048,0.1911764705882352,True,False,100,19875.472393732492,9.897292019482066,0.33757682177348547
59982,Phacelia hastata,40,0.1201550551276635,0.3341791766966693,0.163501735386962,0.1227684726876416,0.1201550551276635,0.1965182009225474,4.163336342344337e-17,7,40,0.22625,0.075,False,False,100,1808.9985450344748,7.501081320411192,0.23205128205128206
415330,Philotheca spicata,49,0.0282940392845798,0.0260034213435912,0.0869371670286364,0.0285138031308856,0.0282940392845798,-0.0656691744468354,2.775557561562892e-17,7,49,0.5122865472719701,0.2244897959183673,True,True,100,567.9407128757324,6.343776233400141,0.5229591836734695
83362,Phyllota phylicoides,50,0.0660067224279597,0.0499554340496394,-0.0156568402238546,0.0655097689116529,0.0660067224279597,0.0424337500089758,1.3877787807814457e-17,7,50,0.0392000000000001,0.02,False,False,100,1406.110436482311,7.249293544782063,0.040000000000000105
166852,Physocarpus malvaceus,69,0.0221735394060602,-0.0089955946589371,-0.0148803898007854,0.0228225345143039,0.0221735394060602,-0.0045494483285694,1.3877787807814457e-17,7,69,0.0831758034026464,0.0434782608695652,False,False,100,1736.2154658839195,7.460038803386361,0.08439897698209708
977347,Pigea calycina,55,-0.00242630293483,0.0094587115765916,0.2019834151757257,-0.0042352833527753,-0.00242630293483,-0.1075488994049648,6.938893903907228e-18,7,55,0.4621487603305785,0.2909090909090909,True,True,100,451.7650033335128,6.115373234444199,0.4707070707070707
366715,Pimelea prostrata,59,-0.0482312997627592,-0.0477647622910846,0.0325111047609245,-0.0497967239054761,-0.0482312997627592,-0.0546509190984638,6.938893903907228e-18,7,59,0.0333237575409364,0.0169491525423728,False,False,100,1396.407407260645,7.2423739468490025,0.03389830508474565
805291,Pittocaulon praecox,62,-0.0124778167095689,0.0132450524513025,0.0855633946099185,-0.0148491562329753,-0.0124778167095689,-0.0526790557904893,1.3877787807814457e-17,7,62,0.1207075962539023,0.064516129032258,False,False,100,949.8228263930114,6.857327742763082,0.12268640930724496
321207,Platysace lanceolata,72,-0.0118468349163129,0.0444229840823243,-0.0139583347728172,-0.012755741206805,-0.0118468349163129,0.0288785771597385,4.163336342344337e-17,7,72,0.0,0.0,False,False,100,1602.017087014154,7.379642811950218,0.0
126980,Plumbago zeylanica,58,0.008645736082151,0.0136537418520311,-0.0038655811385364,0.0086333297115342,0.008645736082151,0.0037828184029572,6.938893903907228e-18,7,58,0.0665873959571936,0.0344827586206896,False,False,100,19844.574343827113,9.895736306286256,0.06775559588626717
405101,Polygala virgata,40,0.0494101353274363,0.0210151055980848,0.0083946681245493,0.047816180849336,0.0494101353274363,0.0232050904852799,1.734723475976807e-18,7,40,0.6287499999999999,0.325,True,True,100,12752.271927563464,9.453543139434522,0.6448717948717948
962649,Pontederia azurea,52,0.1277687670923354,0.118782733308066,0.03068096295275,0.1240994336497199,0.1277687670923354,0.075545719140218,1.3877787807814457e-17,7,52,0.3705621301775147,0.1923076923076923,True,False,100,5542.584572942769,8.620396605331761,0.37782805429864247
127899,Portulaca amilis,74,-0.0299276155788328,0.0044857946171027,0.1348510972061259,-0.0299276155788328,-0.0299276155788328,-0.0708610259976574,2.775557561562892e-17,7,74,0.0785244704163623,0.027027027027027,False,False,100,12370.405630912166,9.423143091179234,0.07960014809329878
133294,Portulaca pilosa,66,-0.0501782248436906,-0.002734603172071,0.0096302393201518,-0.0501782248436906,-0.0501782248436906,-0.0163802709093496,1.3877787807814457e-17,7,66,0.059228650137741,0.0151515151515151,False,False,100,19424.56617130761,9.87434532133916,0.06013986013986009
167316,Portulaca umbraticola,49,0.0847823008694097,0.0735628715232726,0.1587364657154757,0.0847823008694097,0.0847823008694097,0.0081126719203019,1.3877787807814457e-17,7,49,0.6039150354019158,0.3469387755102041,True,True,100,19963.600083155605,9.901715988400412,0.6164965986394557
498086,Primula pauciflora,46,0.2031785825495353,0.1653001680753762,0.0965792239612776,0.2065740298784681,0.2031785825495354,0.0938490408425653,1.3877787807814457e-17,7,46,0.5293005671077504,0.3043478260869565,True,True,100,4159.344359535984,8.33335312856395,0.5410628019323671
56136,Primula vulgaris,72,0.0048604694815559,0.0570048305325279,0.113388742531926,0.0048604694815559,0.0048604694815559,-0.0441248965624139,1.3877787807814457e-17,7,72,0.3348765432098766,0.1111111111111111,True,False,100,19929.77421519157,9.900020259175434,0.33959311424100164
57250,Prunus ilicifolia,48,-0.0095165795539182,-0.0205037955168088,-0.0873689494102379,-0.009741622681971,-0.0095165795539182,0.0530185603655636,1.3877787807814457e-17,7,48,0.2543402777777778,0.125,True,False,100,1574.3030236033437,7.362202928692639,0.2597517730496454
53077,Pseudognaphalium californicum,68,0.0188587934653234,0.0030563880764581,-0.0192122351387545,0.0188103758725517,0.0188587934653234,0.0135525799920211,2.775557561562892e-17,7,68,0.1362456747404843,0.0735294117647058,False,False,100,1011.570649150904,6.920247573485561,0.13827919227392435
209376,Pseudorchis albida,46,0.2734012410238127,0.222165233821108,0.2620125189042858,0.2745490823093274,0.2734012410238127,-0.0651522024324984,5.551115123125783e-17,7,46,0.5207939508506616,0.4782608695652174,True,True,100,4989.526983699814,8.515296791125312,0.5323671497584541
121635,Ptilotus exaltatus,48,0.0375012953161885,-0.018385312892791,0.0567335029475017,0.0375012953161885,0.0375012953161885,-0.0732471058953361,6.938893903907228e-18,7,48,0.0807291666666665,0.0208333333333333,False,False,100,3616.81413847419,8.193625293290799,0.08244680851063813
361308,Pulmonaria mollis,60,0.0450766915990264,0.0467761301993533,0.0612348931750498,0.0447282451467183,0.0450766915990264,0.0069749196013238,1.3877787807814457e-17,7,60,0.065,0.0166666666666666,False,False,100,8501.820898262722,9.048153257805463,0.06610169491525425
57393,Pulsatilla pratensis,41,-0.009068672323416,0.0328103351538265,0.0098157093790022,-0.0150302828353864,-0.009068672323416,0.051772091331225,1.3877787807814457e-17,7,41,0.4973230220107079,0.2439024390243902,True,True,100,2442.623504684332,7.801237259604917,0.5097560975609756
537403,Pultenaea spinosa,51,-0.010609136618015,0.0512319844745228,-0.0331529785774932,-0.0100706557462873,-0.010609136618015,0.0803639188976772,5.551115123125783e-17,7,51,0.0,0.0,False,False,100,2063.205030498244,7.632500458149619,0.0
51082,Quincula lobata,73,0.0391979446064372,0.0865065815890728,0.034339030678851,0.0391979446064373,0.0391979446064373,0.0708907705792436,1.3877787807814457e-17,7,73,0.1542503283918184,0.0410958904109589,False,False,100,1968.3595526625124,7.585463668704204,0.15639269406392697
53193,Rafinesquia californica,53,0.0352452235751671,0.0504992008566716,0.0354911064218827,0.0349335304711501,0.0352452235751671,0.0098425574518128,1.3877787807814457e-17,7,53,0.0,0.0,False,False,100,1109.7042527858923,7.012749555089749,0.0
68553,Rafinesquia neomexicana,62,0.0252955093817997,0.0169086519731558,-0.0153287417021383,0.0243809786922066,0.0252955093817997,-0.0058162507414164,1.734723475976807e-18,7,62,0.0920915712799166,0.0483870967741935,False,False,100,1125.489258970598,7.026861224958309,0.0936012691697513
124817,Ranunculus auricomus,73,0.0297655021210676,0.0414124839131923,-0.005587530487489,0.0315235720789313,0.0297655021210676,0.0306760787605389,2.775557561562892e-17,7,73,0.0,0.0,False,False,100,4400.592806734955,8.389721755930278,0.0
78824,Ranunculus glaberrimus,72,0.0420037284102282,-0.0790159672531881,0.0283016539259629,0.041420608005034,0.0420037284102282,-0.0843975074537959,1.3877787807814457e-17,7,72,0.0273919753086417,0.0138888888888888,False,False,100,1682.8308798634728,7.4288267621245625,0.027777777777777502
167723,Ranunculus glacialis,67,0.0496587685660934,0.0398804316342463,-0.1041151922171248,0.0503856440961315,0.0496587685660934,0.1008137237896853,2.775557561562892e-17,7,67,0.3305858765872131,0.1194029850746268,True,False,100,3728.8361015037817,8.224119571056836,0.3355947535052012
495697,Ranunculus polyanthemos,75,-0.072503768974841,-0.0049176954027677,0.0070630709997078,-0.0734818156941777,-0.072503768974841,-0.0134580599519544,1.734723475976807e-18,7,75,0.051911111111111,0.0266666666666666,False,False,100,5296.913808278715,8.575068400971613,0.0526126126126125
55411,Raphanus raphanistrum,58,0.1166790884718313,0.1450679554829524,0.0322776023739384,0.1166790884718313,0.1166790884718313,0.1062235547341764,2.775557561562892e-17,7,58,0.4833531510107015,0.3620689655172414,True,True,100,19916.562440974227,9.899357156230113,0.4918330308529945
85331,Ratibida pinnata,51,-0.0146922490428742,-0.0891164413679626,-0.0332254300321527,-0.0158001982788488,-0.0146922490428742,-0.0691914055229036,1.3877787807814457e-17,7,51,0.075355632449058,0.0392156862745098,False,False,100,2453.760418139575,7.805784446113955,0.07686274509803917
131637,Rhexia alifanus,45,-0.0297754274483155,-0.038606273138703,0.130592429020853,-0.0331867815826297,-0.0297754274483155,-0.1033783940255633,1.3877787807814457e-17,7,45,0.4019753086419754,0.2444444444444444,True,True,100,1579.8919928899381,7.36574451918321,0.4111111111111112
78847,Rhododendron columbianum,50,0.0092653831516293,0.0174327022815651,0.0252156849689304,0.0107586734083264,0.0092653831516293,-0.0147833423744701,6.938893903907228e-18,7,50,0.0392000000000001,0.02,False,False,100,1660.4507209092478,7.415446427956214,0.040000000000000105
52078,Richardia grandiflora,58,0.0520687318384938,0.1106937228236425,0.1828179544853149,0.0520687318384938,0.0520687318384938,-0.0956566734876735,1.0408340855860844e-17,7,58,0.06718192627824,0.0172413793103448,False,False,100,7607.134053314738,8.936973224116622,0.06836055656382317
279747,Roldana barba-johannis,54,0.0554648494987906,-0.0106757343238844,0.0181625016820547,0.0551250923828338,0.0554648494987906,-0.0242112606716801,1.3877787807814457e-17,7,54,0.0,0.0,False,False,100,1568.8032193570707,7.3587055524977645,0.0
78872,Romanzoffia sitchensis,66,0.0702864320723301,0.0180968410510356,-0.0507480110478051,0.0709336595778402,0.0702864320723301,0.0418183150813104,4.163336342344337e-17,7,66,0.1138659320477502,0.0606060606060606,False,False,100,2682.4719958186542,7.894866755869737,0.11561771561771558
78886,Rosa rubiginosa,46,0.122164855004818,0.1011507681257912,0.0254509564407806,0.1217558521852616,0.122164855004818,0.0899259544032902,2.775557561562892e-17,7,46,0.673913043478261,0.3478260869565217,True,True,100,19580.606444762383,9.882345957906026,0.688888888888889
78887,Rosa woodsii,54,0.0135027697903211,0.0096640034713187,0.0441646992299411,0.0145325808951249,0.0135027697903211,-0.0300859459339484,1.3877787807814457e-17,7,54,0.546639231824417,0.2037037037037037,True,True,100,3033.616385954295,8.017840298784694,0.5569531795946889
69713,Rubus hispidus,55,-0.1361013780777285,-0.1172448181539321,-0.0215862740914164,-0.1380301754515775,-0.1361013780777286,-0.0481930565096719,2.775557561562892e-17,7,55,0.0357024793388429,0.0181818181818181,False,False,100,2239.8244803528637,7.714599148713456,0.03636363636363629
51646,Rubus parviflorus,52,0.0413893193214168,0.0628681661781449,0.1648819985085392,0.0413893193214168,0.0413893193214168,-0.1298430543459302,3.469446951953614e-18,7,52,0.1738165680473373,0.0961538461538461,False,False,100,9159.298844564037,9.1226340820884,0.1772247360482655
132855,Rubus pubescens,58,0.0417098650965249,0.0460977889583559,-0.022975608636084,0.0419644042151486,0.0417098650965249,0.057904092052035,2.775557561562892e-17,7,58,0.0992865636147443,0.0344827586206896,False,False,100,5012.0831792027775,8.519806409825383,0.10102843315184509
168218,Ruellia metziae,70,-0.0869821246427655,-0.1025551626181267,0.0158135599048466,-0.0871650327188243,-0.0869821246427655,-0.0442790190781381,6.938893903907228e-18,7,70,0.0281632653061223,0.0142857142857142,False,False,100,3199.809391217597,8.071158991560715,0.02857142857142842
126633,Ruellia simplex,63,0.0203330646255639,0.0008687463056715,0.2001946020076939,0.0206102054247897,0.0203330646255639,-0.1133970540790785,2.775557561562892e-17,7,63,0.3985890652557319,0.2063492063492063,True,True,100,19921.88222993226,9.899624210929607,0.4050179211469534
84666,Sabatia angularis,64,0.0044844129167701,0.0229902733301265,0.0635082215911297,0.0051587135355594,0.0044844129167701,-0.0102276578422883,1.3877787807814457e-17,7,64,0.50439453125,0.28125,True,True,100,2052.2279299833604,7.627168433741571,0.5124007936507936
84668,Sabatia campestris,65,8.096580657849279e-05,0.0210032145760161,-0.0546416661986099,0.0011112763941424,8.096580657849277e-05,0.0731994819212503,2.775557561562892e-17,7,65,0.3455621301775146,0.0923076923076923,False,False,100,1034.473676908235,6.942614259854136,0.35096153846153827
69816,Sagittaria platyphylla,55,0.0563465331742839,0.0808209428286118,0.0208359895604366,0.0515469025858044,0.0563465331742839,0.0697378240180241,1.3877787807814457e-17,7,55,0.0357024793388429,0.0181818181818181,False,False,100,17062.443479093108,9.744693645876561,0.03636363636363629
78955,Salsola australis,40,-0.0552052069182212,0.0055843919229624,0.0353650760817768,-0.0533716149201559,-0.0552052069182212,-0.0691789939977396,2.775557561562892e-17,7,40,0.2962500000000001,0.15,True,False,100,15197.046030302728,9.628922147933048,0.303846153846154
128652,Salvia coccinea,54,-0.0235108010642953,-0.0067593948747105,0.0380977723657179,-0.0235108010642953,-0.0235108010642953,-0.0090067551646554,1.3877787807814457e-17,7,54,0.1721536351165981,0.0555555555555555,False,False,100,17968.9395155573,9.796455613915363,0.1754018169112509
286995,Salvia longispicata,50,0.0082121461961619,0.0698141116152823,0.1191506423123898,0.0081650179421616,0.0082121461961619,-0.0402518527802638,6.938893903907228e-18,7,50,0.5376000000000001,0.48,True,True,100,1664.247635340821,7.417729121289771,0.5485714285714286
64093,Salvia lyrata,51,0.0763509107525334,0.0613661968283817,0.0310245998568224,0.0763509107525334,0.0763509107525334,0.0057982006402754,2.775557561562892e-17,7,51,0.1484044598231451,0.0392156862745098,False,False,100,2213.3105607914804,7.702696374791674,0.151372549019608
126484,Salvia misella,48,-0.0820751862359721,-0.1044043196954276,0.07195528457317,-0.0820751862359721,-0.0820751862359721,-0.1354254099290089,2.775557561562892e-17,7,48,0.5425347222222223,0.2916666666666667,True,True,100,17735.67850584449,9.783390006419422,0.5540780141843973
168387,Salvia nemorosa,41,0.0612358537553867,0.0477174212654442,0.0528344178919028,0.060758765356535,0.0612358537553867,0.0096163939246438,1.3877787807814457e-17,7,41,0.3319452706722189,0.1219512195121951,True,False,100,11376.519382943416,9.33939470350995,0.34024390243902436
168400,Salvia texana,58,0.1121666317090573,0.0744643359880446,0.0821872939914998,0.1120327055734496,0.1121666317090573,0.0364679191832926,2.775557561562892e-17,7,58,0.1902497027348394,0.0689655172413793,False,False,100,948.7657390874352,6.856215363751888,0.19358741681790675
153953,Salvia tiliifolia,50,0.0542569458452222,0.1151925501032386,0.0381889134120205,0.0542569458452222,0.0542569458452222,0.0707131139568388,1.3877787807814457e-17,7,50,0.4296,0.22,True,True,100,17277.56685651849,9.757222102374552,0.4383673469387755
765394,Sambucus nigra,63,-0.0416565382097499,-0.0350485671850151,0.0755547269400126,-0.0416565382097499,-0.0416565382097499,-0.0850289661251879,6.938893903907228e-18,7,63,0.0619803476946334,0.0158730158730158,False,False,100,19917.555071084564,9.899406991915543,0.0629800307219662
481347,Scaevola crassifolia,48,-0.0123979379887305,-0.0017699574969071,0.0130010867027676,-0.011857670831094,-0.0123979379887305,-0.0080482340381887,3.469446951953614e-18,7,48,0.2595486111111111,0.0833333333333333,False,False,100,2976.2172754444996,7.998744343050037,0.26507092198581556
550645,Scaevola nitida,46,-0.0156941857219378,-0.0385142089119887,0.0928693028600521,-0.0132790444676579,-0.0156941857219378,-0.0808266464140654,2.0816681711721685e-17,7,46,0.499054820415879,0.4782608695652174,True,True,100,578.1459509223679,6.361554519939546,0.5101449275362319
353887,Schelhammera undulata,47,0.0093826525077283,-0.0008430309825095,-0.0121309673292245,0.0121779801853059,0.0093826525077283,0.0097595769569758,1.3877787807814457e-17,7,47,0.5559076505205975,0.3617021276595745,True,True,100,580.2938738816762,6.365256435999917,0.5679925994449583
168725,Scutellaria serrata,62,-0.0035725718740734,-0.0254133968521581,-0.1045771857413292,-0.0032835898740967,-0.0035725718740734,0.0640856119217512,6.938893903907228e-18,7,62,0.3178980228928201,0.1774193548387097,True,False,100,822.4195325954657,6.713465830933806,0.32310946589106304
55734,Sedum acre,55,-0.1070004484522072,-0.1432650338056773,-0.0550020269591614,-0.1070004484522072,-0.1070004484522072,-0.0211254143375324,2.775557561562892e-17,7,55,0.0,0.0,False,False,100,19699.17038011424,9.888382563425443,0.0
566532,Senecio odoratus,72,-0.1075281491868389,-0.0632991212067946,0.0271815164437785,-0.1071145369806968,-0.1075281491868389,-0.075245661650601,6.938893903907228e-18,7,72,0.0273919753086417,0.0138888888888888,False,False,100,1292.192935586102,7.164869583097494,0.027777777777777502
126892,Senecio viscosus,67,0.0336043627461808,0.0058889599525956,0.0359606153284818,0.0323967745494844,0.0336043627461808,-0.0225440488985015,2.775557561562892e-17,7,67,0.1398975272889284,0.0597014925373134,False,False,100,9460.013302375284,9.154934770725577,0.1420171867933061
168843,Senna lindheimeriana,71,-0.0395090739868407,-0.0262602232021672,0.1507637591613551,-0.0396248940610707,-0.0395090739868407,-0.1192670568633154,2.775557561562892e-17,7,71,0.0547510414600276,0.028169014084507,False,False,100,1501.0790714220486,7.314605475027675,0.05553319919517085
79095,Sidalcea sparsifolia,52,-0.0371920854400758,-0.0242480176638572,0.0069730288279384,-0.0416995023390653,-0.0371920854400758,-0.0372489645117646,1.3877787807814457e-17,7,52,0.5036982248520709,0.1538461538461538,True,False,100,423.6694078887264,6.051311002440166,0.5135746606334841
55759,Silene dioica,62,-0.0386791219130451,-0.0191081870247563,0.0293347714190629,-0.0376803995242902,-0.0386791219130451,-0.0437958506729797,1.3877787807814457e-17,7,62,0.2055150884495317,0.0806451612903225,False,False,100,19920.28896034134,9.899544235889636,0.20888418826017977
53212,Silene gallica,46,-0.042703619110609,-0.0238490505835556,0.0206737907940498,-0.042703619110609,-0.042703619110609,-0.0341179917498141,2.775557561562892e-17,7,46,0.2344045368620038,0.0869565217391304,False,False,100,19988.89763237597,9.902982306539661,0.23961352657004834
168976,Silene rotundifolia,54,-0.0485596369595526,-0.0855388214142298,-0.0996883192466622,-0.0461021927397615,-0.0485596369595526,-0.0093687398999931,3.469446951953614e-18,7,54,0.200960219478738,0.0925925925925925,False,False,100,457.82873838431357,6.128677021445912,0.2047519217330538
168993,Silphium integrifolium,53,-0.1448496534046312,-0.1937220426265311,-0.0946849207439527,-0.1464118227723818,-0.1448496534046313,-0.056426318408211,2.775557561562892e-17,7,53,0.0370238519045924,0.0188679245283018,False,False,100,1463.3079030304068,7.289137988685489,0.03773584905660379
338417,Simethis mattiazzi,72,0.0123415222532391,0.0554957023684582,0.0274206585123015,0.0111470081282551,0.0123415222532391,0.0131645955291305,2.775557561562892e-17,7,72,0.2426697530864195,0.125,True,False,100,2052.723957746836,7.627409988928701,0.2460876369327071
200075,Smallanthus uvedalia,47,-0.0230361916928158,-0.0522385577049311,0.0436879926602422,-0.0230361916928158,-0.0230361916928158,-0.0853848157527402,6.938893903907228e-18,7,47,0.0416478044363965,0.0212765957446808,False,False,100,3342.653991089572,8.114819497286918,0.04255319148936164
59035,Solanum americanum,44,0.0340144040637155,-0.0879029867800386,-0.0303128390699914,0.0340144040637155,0.0340144040637155,-0.0662093683434023,4.163336342344337e-17,7,44,0.3047520661157024,0.1590909090909091,True,False,100,19944.56237255507,9.900761960109216,0.31183932346723037
169109,Solidago hispida,72,-0.0281790805010461,0.0892064598497386,0.0137074332211241,-0.0255240463166559,-0.0281790805010461,0.0242238432999857,1.3877787807814457e-17,7,72,0.1060956790123456,0.0416666666666666,False,False,100,3284.5372941618843,8.097285477410885,0.10758998435054765
323866,Sphaerolobium minus,55,0.2851540965416495,0.3214782697628884,-0.0140820326477656,0.283962963109088,0.2851540965416494,0.2163541507151045,2.0816681711721685e-17,7,55,0.0357024793388429,0.0181818181818181,False,False,100,1703.9958464200192,7.441317953597359,0.03636363636363629
62493,Spiraea douglasii,46,-0.1026695292190204,-0.0783539609626566,0.0247413144730443,-0.1026695292190204,-0.1026695292190204,-0.063414150000644,2.775557561562892e-17,7,46,0.388468809073724,0.1739130434782608,True,False,100,10075.766980782157,9.21798775414504,0.39710144927536234
923031,Spiranthes australis,54,-0.0387787844307292,-0.0313983171999404,0.0393536519814584,-0.0375182304948236,-0.0387787844307292,-0.0537002624701581,6.938893903907228e-18,7,54,0.3367626886145405,0.1666666666666666,True,False,100,14176.99158678898,9.559446153015786,0.3431167016072677
126702,Stellaria pubera,63,-0.0543468539739641,-0.02331567781675,-0.0726037103487229,-0.0556140003759917,-0.0543468539739641,0.032228355884572,3.469446951953614e-18,7,63,0.0312421264802218,0.0158730158730158,False,False,100,1367.9135526761095,7.221772676966008,0.03174603174603183
58039,Stephanomeria exigua,74,0.0578034575138699,0.0341404600812649,0.0739175613361148,0.0582175182740739,0.0578034575138698,-0.0522129708061995,1.3877787807814457e-17,7,74,0.0785244704163623,0.027027027027027,False,False,100,1852.1208234289836,7.524626428384688,0.07960014809329878
204420,Strophostyles helvola,41,0.0077238547278058,0.0159509385379086,-0.0707313917378977,0.0077238547278058,0.0077238547278058,0.0429106280863507,6.938893903907228e-18,7,41,0.4556811421772755,0.1951219512195122,True,False,100,2858.916358677145,7.9585476581684675,0.4670731707317074
142279,Symphyotrichum pilosum,86,-0.0029882054720712,0.1337084805407338,0.0232407181153886,-0.0035184794800531,-0.0029882054720712,0.0678301843357056,6.938893903907228e-18,7,86,0.0673336938885882,0.0348837209302325,False,False,100,11762.92887081287,9.37279325331192,0.06812585499315983
79313,Tagetes minuta,50,-0.020030635418931,0.1649250695384189,0.1370268629474628,-0.020030635418931,-0.020030635418931,0.0062851568033412,6.938893903907228e-18,7,50,0.48,0.4,True,True,100,19814.334775803647,9.894211400551391,0.4897959183673469
54520,Tanacetum parthenium,77,0.0264376703619326,-0.0475565913596589,-0.0018196070378114,0.0264376703619326,0.0264376703619326,-0.0469282665021071,6.938893903907228e-18,7,77,0.0984989036937089,0.0519480519480519,False,False,100,19939.136291146246,9.90048987855497,0.09979494190020506
48363,Tecoma stans,55,0.2472550451571261,0.0596794601263988,-0.0661030390023,0.2472550451571261,0.2472550451571261,0.1048608433813746,1.3877787807814457e-17,7,55,0.0357024793388429,0.0181818181818181,False,False,100,19745.450730832312,9.890729044348246,0.03636363636363629
128715,Thalictrum pubescens,71,0.1378630891467156,-0.0156246842464184,-0.0096412154099563,0.1378630891467156,0.1378630891467156,-0.0191235496585875,1.3877787807814457e-17,7,71,0.0547510414600276,0.028169014084507,False,False,100,2458.19575665994,7.807589647286722,0.05553319919517085
544086,Thalictrum tuberosum,53,0.0588606771409047,0.0531554702780131,0.0657751634106164,0.0598656677459889,0.0588606771409047,-0.0061945889819036,1.3877787807814457e-17,7,53,0.1395514417942327,0.0754716981132075,False,False,100,752.407220243968,6.624605878758565,0.14223512336719873
169675,Thelesperma filifolium,71,-0.1063625224043227,-0.0514406386551144,0.0233484810597351,-0.1070259060934738,-0.1063625224043227,-0.0511686001684863,1.3877787807814457e-17,7,71,0.0,0.0,False,False,100,1683.4985084067052,7.4292231773648885,0.0
129036,Thunbergia grandiflora,43,0.0367819860776379,0.0107014416236576,-0.0166010609090837,0.0382637425865148,0.0367819860776379,0.0421750507159027,1.3877787807814457e-17,7,43,0.3796646836127637,0.1627906976744186,True,False,100,19959.789060619907,9.901525081179267,0.38870431893687707
905463,Thymbra capitata,42,0.0692955836758651,0.0314928959003536,0.1963425820520548,0.0684117409514707,0.0692955836758651,-0.0977487938926533,1.3877787807814457e-17,7,42,0.6451247165532881,0.3809523809523809,True,True,100,4051.84077372623,8.307173339828028,0.6608594657375146
169752,Thymus praecox,45,0.0233272847792401,0.0554401569884699,0.0203014185301688,0.0233272847792401,0.0233272847792401,0.068190149127483,6.938893903907228e-18,7,45,0.5560493827160493,0.2666666666666666,True,True,100,5169.179138870641,8.550662616587031,0.5686868686868686
121785,Tradescantia occidentalis,77,0.0561550164789334,0.0787024307575257,0.2019146837135436,0.0563125717478216,0.0561550164789334,-0.075285196465496,2.775557561562892e-17,7,77,0.2354528588294823,0.0779220779220779,False,False,100,2544.751341765268,7.842181108112529,0.23855092276144918
54875,Trichostema lanceolatum,44,0.0198011152015228,0.0273449358147671,-0.0594739630568809,0.0198011152015228,0.0198011152015228,0.0443123591916597,2.775557561562892e-17,7,44,0.5175619834710743,0.3636363636363636,True,True,100,1368.5056432911151,7.222205109389141,0.529598308668076
57076,Trifolium campestre,72,0.0263931175906382,-0.0062045581428274,-0.0547131850808448,0.0263931175906382,0.0263931175906382,0.0243740699070014,6.938893903907228e-18,7,72,0.0540123456790124,0.0277777777777777,False,False,100,19910.229535716302,9.899039149833383,0.05477308294209708
58164,Trifolium depauperatum,47,-0.1293918997089895,-0.1223954471159171,0.0772567066580106,-0.1293253236131159,-0.1293918997089895,-0.162470016941556,2.775557561562892e-17,7,47,0.5377999094612946,0.1914893617021276,True,False,100,1820.7460991116686,7.507550715261791,0.549491211840888
61824,Trifolium hybridum,56,0.0433880242002104,0.0527911786493022,0.0420728470866795,0.0445621020804102,0.0433880242002104,-0.0048452465269979,2.775557561562892e-17,7,56,0.1913265306122449,0.1071428571428571,True,False,100,19057.223472489673,9.85525396575447,0.1948051948051948
55443,Trifolium lupinaster,51,0.3146426966519224,0.3309273571980034,-0.0207149616538199,0.3107495399598065,0.3146426966519224,0.3129965774590521,1.3877787807814457e-17,7,51,0.5490196078431373,0.3529411764705882,True,True,100,6913.9525329409735,8.841441379713906,0.56
169982,Trigonotis peduncularis,73,-0.0187690273366248,-0.0063284710316323,0.0306490764085879,-0.019029501204561,-0.0187690273366248,-0.0133548319684682,1.3877787807814457e-17,7,73,0.0795646462750986,0.0273972602739726,False,False,100,2495.9158557763703,7.822811591584774,0.0806697108066972
554805,Tropaeolum tricolor,43,0.3083109347195604,0.1559925763352645,0.0468953177743503,0.3080163308843591,0.3083109347195604,0.1050077500692151,5.551115123125783e-17,7,43,0.4218496484586262,0.3023255813953488,True,True,100,1576.332016173632,7.3634901013750635,0.43189368770764114
55798,Tulipa sylvestris,62,-0.0419311845814274,0.0103210211040447,-0.0010738224972111,-0.0419311845814274,-0.0419311845814274,0.0063972561162432,1.3877787807814457e-17,7,62,0.1524453694068678,0.032258064516129,False,False,100,10204.492122908117,9.230681297786083,0.1549444738233738
136384,Verbesina occidentalis,52,-0.0005133020546466,0.1062921488699427,0.070334266198662,-0.0005133020546466,-0.0005133020546466,-0.0050424035641164,1.3877787807814457e-17,7,52,0.0377218934911243,0.0192307692307692,False,False,100,1839.5439932812587,7.517816455430042,0.038461538461538505
127037,Vernonia gigantea,47,0.0639821700429134,0.1323680142204955,-0.0070686966135317,0.0639821700429134,0.0639821700429134,0.1459249164369192,1.3877787807814457e-17,7,47,0.5169760072430964,0.4468085106382978,True,True,100,2213.072495213088,7.702588856731194,0.5282146160962072
142979,Vernonia noveboracensis,51,-0.033787255919971,-0.0196856345624818,0.1486306738755304,-0.033787255919971,-0.033787255919971,-0.1131576797586649,1.3877787807814457e-17,7,51,0.4767397154940407,0.2745098039215686,True,True,100,1934.8240295954074,7.568288369901405,0.48627450980392156
170185,Veronica alpina,49,-0.1050480054275185,-0.0430348948270716,0.049895946737125,-0.1042308626098155,-0.1050480054275185,-0.0607535736144093,6.938893903907228e-18,7,49,0.3565181174510621,0.2040816326530612,True,True,100,8142.691279405259,9.004998830336676,0.3639455782312926
57858,Veronica anagallis-aquatica,57,0.094617387460885,0.0703468223934797,-0.0385289335670651,0.0946173874608851,0.0946173874608851,0.0911443972887446,1.3877787807814457e-17,7,57,0.1323484148968914,0.0526315789473684,False,False,100,19806.012734087664,9.893791332465508,0.1347117794486216
738777,Veronica elliptica,42,0.0552077460095195,0.0578400596656759,0.129822817232882,0.0517643321030614,0.0552077460095195,-0.020963622475099,2.775557561562892e-17,7,42,0.3594104308390022,0.119047619047619,True,False,100,8557.157548099645,9.054640206260412,0.3681765389082462
738781,Veronica lyallii,61,0.1248291629626314,0.0750287683244895,0.0434471473151986,0.1257095053551492,0.1248291629626313,0.011709677678799,2.775557561562892e-17,7,61,0.1225477022305832,0.0655737704918032,False,False,100,678.314498574199,6.521084199373286,0.12459016393442625
738046,Veronica regina-nivalis,46,0.1641528309428402,0.1390935380759618,0.1817209559115202,0.1646605846740876,0.1641528309428402,-0.0025616748095934,1.3877787807814457e-17,7,46,0.439508506616257,0.3260869565217391,True,True,100,811.2920696985309,6.699859967235069,0.44927536231884047
79499,Viburnum edule,63,0.1158899533262932,0.0892091632515755,-0.0003679604590453,0.1151868527270335,0.1158899533262932,0.101582155871463,6.938893903907228e-18,7,63,0.0917107583774251,0.0317460317460317,False,False,100,5974.958230726047,8.695499737284553,0.09318996415770615
57312,Vicia ludoviciana,43,0.0191070400168626,0.029508021029914,-0.0075539625093131,0.0184807415381905,0.0191070400168626,0.0156436534015981,2.775557561562892e-17,7,43,0.5105462412114657,0.3488372093023256,True,True,100,3200.73644562959,8.071448580871621,0.522702104097453
334755,Vicia onobrychioides,53,-0.0248549031063665,0.0452937358856895,-0.0088483269325762,-0.0257083657382415,-0.0248549031063665,0.0258169811965087,2.775557561562892e-17,7,53,0.1067995728017088,0.0566037735849056,False,False,100,1932.861960853059,7.567274298519215,0.1088534107402032
53324,Vicia sativa,45,-0.008467836647858,0.0017066859696022,0.1480385577622693,-0.008467836647858,-0.008467836647858,-0.0903068759256756,1.3877787807814457e-17,7,45,0.6014814814814814,0.2222222222222222,True,True,100,19923.41216471314,9.899701000824875,0.6151515151515151
127345,Vicia sepium,43,0.0272814160516363,-0.0181656283370979,-0.0507905448699248,0.0272814160516363,0.0272814160516363,0.0230629178370106,1.3877787807814457e-17,7,43,0.4661979448350459,0.2790697674418604,True,True,100,9282.023106268012,9.13594253849174,0.477297895902547
57310,Vicia tetrasperma,49,0.0431851033947446,0.0451767577364827,0.0221916791016589,0.0431851033947446,0.0431851033947446,0.0588615861030143,1.3877787807814457e-17,7,49,0.0783007080383174,0.0408163265306122,False,False,100,19730.46205540738,9.889969699434229,0.07993197278911568
53328,Viola adunca,52,0.014786687718597,0.0456206569697482,0.0554481623449453,0.014786687718597,0.014786687718597,0.0060319841195649,1.3877787807814457e-17,7,52,0.3335798816568047,0.2115384615384615,True,True,100,5026.583385659383,8.522694707418637,0.34012066365007537
209347,Viola cornuta,52,0.0512603062274824,-0.0012639727941908,-0.0766326390318153,0.0506056734194941,0.0512603062274824,0.0289986219653916,6.938893903907228e-18,7,52,0.4208579881656804,0.2692307692307692,True,True,100,1684.070884515101,7.429562909863114,0.42911010558069373
406971,Viola filicaulis,46,0.0883939996798461,0.0548339718552484,0.095408021402471,0.0895157215942276,0.0883939996798461,-0.0298470761930521,1.3877787807814457e-17,7,46,0.0,0.0,False,False,100,1336.8192417405983,7.198796135702862,0.0
129361,Viola hastata,62,0.1159663799259377,0.1658336182938644,0.0503817566058536,0.1151781193185629,0.1159663799259377,0.1046094608599988,2.775557561562892e-17,7,62,0.0317377731529655,0.0161290322580645,False,False,100,1308.9027512799514,7.177708177775434,0.032258064516128865
133665,Voyria aphylla,56,0.0023094584383893,0.0990077071295692,0.0256099842287895,0.0032152044342619,0.0023094584383893,0.0523529407029526,2.0816681711721685e-17,7,56,0.068877551020408,0.0357142857142857,False,False,100,7445.796232830139,8.91553918301994,0.07012987012986997
511287,Wahlenbergia capensis,49,-0.0104933722074306,-0.004023225588433,-0.0052833233295125,-0.0104933722074306,-0.0104933722074306,-0.0001728010931771,6.938893903907228e-18,7,49,0.4789670970428987,0.3469387755102041,True,True,100,9097.04503203255,9.115814837780544,0.4889455782312924
126617,Xyris ambigua,68,-0.0293247995258925,-0.0592476695711471,0.0004331620962607,-0.0296858893477971,-0.0293247995258925,-0.031626890286937,6.938893903907228e-18,7,68,0.1608996539792389,0.088235294117647,False,False,100,1813.6410223894954,7.503642943329714,0.16330114135206336
170358,Xyris caroliniana,67,0.3201109557970031,0.3210846165870004,-0.0523695539632237,0.3183962998167747,0.3201109557970032,0.3116124470766006,1.3877787807814457e-17,7,67,0.4985520160392069,0.4029850746268656,True,True,100,1730.6023738619012,7.456802486473505,0.5061058344640433
181901,Zinnia elegans,48,0.0076724125140982,0.0459669201948384,0.010013227024235,0.0076724125140981,0.0076724125140981,0.0165748718006944,1.3877787807814457e-17,7,48,0.4262152777777779,0.1875,True,False,100,19986.108424873986,9.902842765949627,0.43528368794326255
119795,Zizia aptera,77,0.0061732675511317,0.0618406557629401,0.0544019826755877,0.0062985956011074,0.0061732675511317,-0.0343950275894245,3.469446951953614e-18,7,77,0.0,0.0,False,False,100,3991.1566169707544,8.292086869369877,0.0
