source_row_index,species,morph,measurement_status,nearest_vertex,d_vertex,best_pair_left,best_pair_right,t,d_segment,bridge_advantage,interior_bridge
14,Leucaena leucocephala,mixed_uncertain,not_evaluable_ambiguous_palette_composition,white,0.5183638054625492,white,red_pink,0.40367101207976236,0.38628291266532705,0.13208089279722218,True
29,Leucaena leucocephala,mixed_uncertain,not_evaluable_ambiguous_palette_composition,white,0.6090926852806774,white,yellow_orange,0.34778540081014947,0.5005177060327246,0.10857497924795279,True
63,Leucaena leucocephala,mixed_uncertain,not_evaluable_ambiguous_palette_composition,white,0.5770132366935125,white,yellow_orange,0.3450752869138728,0.4629672224877324,0.11404601420578003,True
65,Leucaena leucocephala,mixed_uncertain,not_evaluable_ambiguous_palette_composition,white,0.5433919094166271,white,yellow_orange,0.2997430886499369,0.45363473620787004,0.08975717320875704,True
66,Leucaena leucocephala,mixed_uncertain,not_evaluable_ambiguous_palette_composition,yellow_orange,0.4529742463928535,white,yellow_orange,0.5593163998903024,0.10840810912857046,0.34456613726428303,True
74,Leucaena leucocephala,mixed_uncertain,not_evaluable_ambiguous_palette_composition,white,0.48544437212387276,white,yellow_orange,0.4829448731730171,0.05782452604247398,0.4276198460813988,True
82,Leucaena leucocephala,mixed_uncertain,not_evaluable_ambiguous_palette_composition,yellow_orange,0.5040758509237379,white,yellow_orange,0.5024283378617971,0.08657285843770086,0.417502992486037,True
94,Leucaena leucocephala,mixed_uncertain,not_evaluable_ambiguous_palette_composition,white,0.6227485839507882,white,yellow_orange,0.3391112239314047,0.5227566858264161,0.09999189812437215,True
99,Leucaena leucocephala,mixed_uncertain,not_evaluable_ambiguous_palette_composition,white,0.4145363494802437,white,yellow_orange,0.4119501034082885,0.05300199113630484,0.3615343583439389,True
102,Asclepias ovalifolia,mixed_uncertain,not_evaluable_ambiguous_palette_composition,white,0.4341781237768276,white,yellow_orange,0.4301760542508364,0.0647431192009886,0.369435004575839,True
105,Asclepias ovalifolia,mixed_uncertain,not_evaluable_ambiguous_palette_composition,white,0.4859792168090724,white,yellow_orange,0.2978696519484294,0.38444851925209333,0.10153069755697908,True
106,Asclepias ovalifolia,mixed_uncertain,not_evaluable_ambiguous_palette_composition,white,0.56914075425512,white,yellow_orange,0.36118367025238735,0.44043604852909807,0.12870470572602194,True
123,Asclepias ovalifolia,mixed_uncertain,not_evaluable_ambiguous_palette_composition,white,0.4745445083509834,white,yellow_orange,0.337798858594593,0.33397018016601543,0.14057432818496796,True
157,Asclepias ovalifolia,mixed_uncertain,not_evaluable_ambiguous_palette_composition,white,0.4800734649654461,white,yellow_orange,0.4534896695008413,0.16009891162355974,0.3199745533418864,True
182,Asclepias ovalifolia,mixed_uncertain,not_evaluable_ambiguous_palette_composition,yellow_orange,0.4566933954034714,white,yellow_orange,0.5646413102985175,0.1406481072122767,0.3160452881911947,True
234,Lobelia cardinalis,mixed_uncertain,not_evaluable_ambiguous_palette_composition,red_pink,0.48973372194446124,white,red_pink,0.5604144058607999,0.31328156533378565,0.1764521566106756,True
319,Sagittaria latifolia,mixed_uncertain,not_evaluable_ambiguous_palette_composition,yellow_orange,0.43845618285464977,white,yellow_orange,0.6045223696439134,0.19094590033294437,0.2475102825217054,True
328,Sagittaria latifolia,mixed_uncertain,not_evaluable_ambiguous_palette_composition,yellow_orange,0.5101006854663791,white,yellow_orange,0.5109862381186141,0.14837380508277243,0.3617268803836067,True
405,Galinsoga parviflora,mixed_uncertain,not_evaluable_ambiguous_palette_composition,yellow_orange,0.46636547925477606,white,yellow_orange,0.5587129399571757,0.15340561655206839,0.3129598627027077,True
429,Galinsoga parviflora,mixed_uncertain,not_evaluable_ambiguous_palette_composition,yellow_orange,0.5015001213178905,white,yellow_orange,0.530668095024145,0.1791697840039103,0.3223303373139802,True
447,Galinsoga parviflora,mixed_uncertain,not_evaluable_ambiguous_palette_composition,white,0.4783719700393392,white,yellow_orange,0.4639405180689578,0.1202118886672604,0.3581600813720788,True
455,Galinsoga parviflora,mixed_uncertain,not_evaluable_ambiguous_palette_composition,white,0.4224845996196949,white,yellow_orange,0.38672592031101033,0.17183792364173472,0.2506466759779602,True
465,Galinsoga parviflora,mixed_uncertain,not_evaluable_ambiguous_palette_composition,red_pink,0.44030674398164427,yellow_orange,red_pink,0.5453792472636539,0.23697283377669953,0.20333391020494473,True
466,Galinsoga parviflora,mixed_uncertain,not_evaluable_ambiguous_palette_composition,yellow_orange,0.43690894113003786,white,yellow_orange,0.6133275546527737,0.20485519684555725,0.2320537442844806,True
473,Galinsoga parviflora,mixed_uncertain,not_evaluable_ambiguous_palette_composition,yellow_orange,0.5060742557966095,white,yellow_orange,0.5181839883127345,0.15774460496798984,0.34832965082861966,True
480,Galinsoga parviflora,mixed_uncertain,not_evaluable_ambiguous_palette_composition,white,0.4150124230716747,white,yellow_orange,0.41265641188808994,0.05122515104772782,0.3637872720239469,True
483,Galinsoga parviflora,mixed_uncertain,not_evaluable_ambiguous_palette_composition,white,0.4572367189982992,white,yellow_orange,0.32334614462305117,0.3239236421650572,0.133313076833242,True
488,Galinsoga parviflora,mixed_uncertain,not_evaluable_ambiguous_palette_composition,yellow_orange,0.4328151617524828,white,yellow_orange,0.5965036639348296,0.1586319598750679,0.2741832018774149,True
495,Galinsoga parviflora,mixed_uncertain,not_evaluable_ambiguous_palette_composition,white,0.477104011963485,white,yellow_orange,0.47320330187872206,0.06777310133187081,0.4093309106316142,True
496,Galinsoga parviflora,mixed_uncertain,not_evaluable_ambiguous_palette_composition,white,0.4615459090234366,white,yellow_orange,0.45715585671063996,0.06971638003748289,0.39182952898595375,True
522,Aconitum delphiniifolium,mixed_uncertain,not_evaluable_ambiguous_palette_composition,blue_purple,0.4707093287185088,white,blue_purple,0.5640273024333833,0.28082552779612885,0.18988380092237994,True
602,Lysichiton americanus,mixed_uncertain,not_evaluable_ambiguous_palette_composition,white,0.5036433531438466,white,yellow_orange,0.47896202354201495,0.15861913754322,0.34502421560062657,True
776,Lithospermum canescens,mixed_uncertain,not_evaluable_ambiguous_palette_composition,yellow_orange,0.5296610246730319,white,yellow_orange,0.5001155534914727,0.17789161759480482,0.35176940707822707,True
816,Echinacea purpurea,mixed_uncertain,not_evaluable_ambiguous_palette_composition,red_pink,0.2846155167544165,white,red_pink,0.7885788529234812,0.2196124579160234,0.06500305883839308,True
834,Echinacea purpurea,mixed_uncertain,not_evaluable_ambiguous_palette_composition,red_pink,0.45866183714978914,white,red_pink,0.511819074943431,0.18872556188950804,0.2699362752602811,True
836,Echinacea purpurea,mixed_uncertain,not_evaluable_ambiguous_palette_composition,red_pink,0.3158957227858123,white,red_pink,0.8218327623485162,0.27661074822064413,0.03928497456516816,False
838,Echinacea purpurea,mixed_uncertain,not_evaluable_ambiguous_palette_composition,blue_purple,0.37236997877107864,white,blue_purple,0.6333307370100788,0.19421233717638636,0.17815764159469227,True
840,Echinacea purpurea,mixed_uncertain,not_evaluable_ambiguous_palette_composition,red_pink,0.2770650041200237,yellow_orange,red_pink,0.7301871737464979,0.1681011938765694,0.1089638102434543,True
849,Echinacea purpurea,mixed_uncertain,not_evaluable_ambiguous_palette_composition,red_pink,0.3879159573678901,yellow_orange,red_pink,0.5497905880892683,0.12419536643641488,0.2637205909314752,True
851,Echinacea purpurea,mixed_uncertain,not_evaluable_ambiguous_palette_composition,red_pink,0.4024752163840968,white,red_pink,0.5734999117101275,0.1691236024367033,0.23335161394739348,True
852,Echinacea purpurea,mixed_uncertain,not_evaluable_ambiguous_palette_composition,red_pink,0.3608340075518352,white,red_pink,0.6526116110864073,0.20423301248313072,0.15660099506870448,True
873,Echinacea purpurea,mixed_uncertain,not_evaluable_ambiguous_palette_composition,red_pink,0.45555919346869267,white,red_pink,0.5999945130327603,0.30034608341378893,0.15521311005490374,True
883,Echinacea purpurea,mixed_uncertain,not_evaluable_ambiguous_palette_composition,red_pink,0.3712076103722611,white,red_pink,0.7117996646137889,0.2772906497423145,0.09391696062994659,True
898,Echinacea purpurea,mixed_uncertain,not_evaluable_ambiguous_palette_composition,red_pink,0.2952870041201626,white,red_pink,0.7457263252464467,0.1994612051805868,0.09582579893957582,True
1071,Myosotis latifolia,mixed_uncertain,not_evaluable_ambiguous_palette_composition,blue_purple,0.5275869770934439,white,blue_purple,0.5399316099710384,0.34559169484219,0.18199528225125394,True
1202,Castilleja exserta,mixed_uncertain,not_evaluable_ambiguous_palette_composition,red_pink,0.4405961212516355,red_pink,blue_purple,0.4931821060342237,0.2908682003416223,0.1497279209100132,True
1217,Castilleja exserta,mixed_uncertain,not_evaluable_ambiguous_palette_composition,red_pink,0.4551951429132329,white,red_pink,0.613707821174192,0.3127025262082707,0.14249261670496216,True
1222,Castilleja exserta,mixed_uncertain,not_evaluable_ambiguous_palette_composition,yellow_orange,0.49020916278901905,yellow_orange,red_pink,0.47918265904277274,0.29548017517767927,0.19472898761133978,True
1224,Castilleja exserta,mixed_uncertain,not_evaluable_ambiguous_palette_composition,red_pink,0.34262894384251386,white,red_pink,0.6998543108535116,0.22657490029295313,0.11605404354956073,True
1232,Castilleja exserta,mixed_uncertain,not_evaluable_ambiguous_palette_composition,red_pink,0.37078063738225936,white,red_pink,0.7004879020367758,0.2677657005157482,0.10301493686651114,True
1250,Castilleja exserta,mixed_uncertain,not_evaluable_ambiguous_palette_composition,red_pink,0.34016786054555637,white,red_pink,0.7763533255215757,0.2811362633095594,0.05903159723599699,True
1256,Castilleja exserta,mixed_uncertain,not_evaluable_ambiguous_palette_composition,white,0.5061441050108938,white,yellow_orange,0.413970839869499,0.29238385483251184,0.21376025017838196,True
1279,Castilleja exserta,mixed_uncertain,not_evaluable_ambiguous_palette_composition,red_pink,0.4175350504017585,white,red_pink,0.5861719390455727,0.2208174689933468,0.19671758140841167,True
1401,Rhododendron catawbiense,mixed_uncertain,not_evaluable_ambiguous_palette_composition,blue_purple,0.5155670002679575,red_pink,blue_purple,0.5106698016345019,0.3974830815321835,0.11808391873577406,True
1402,Rhododendron catawbiense,mixed_uncertain,not_evaluable_ambiguous_palette_composition,red_pink,0.39745079404546363,white,red_pink,0.66892948538926,0.2785589933400763,0.11889180070538735,True
1405,Rhododendron catawbiense,mixed_uncertain,not_evaluable_ambiguous_palette_composition,red_pink,0.4147998551199249,red_pink,blue_purple,0.3856434247601718,0.3241806613945542,0.0906191937253707,True
1420,Rhododendron catawbiense,mixed_uncertain,not_evaluable_ambiguous_palette_composition,red_pink,0.44182132935236534,red_pink,blue_purple,0.3701509333405743,0.3653938186812467,0.07642751067111864,True
1455,Rhododendron catawbiense,mixed_uncertain,not_evaluable_ambiguous_palette_composition,red_pink,0.46673137669991316,white,red_pink,0.5134080589984445,0.21028693632123618,0.256444440378677,True
1469,Rhododendron catawbiense,mixed_uncertain,not_evaluable_ambiguous_palette_composition,red_pink,0.3272245491286903,red_pink,blue_purple,0.3027519596521293,0.2565227692085921,0.07070177992009818,True
1486,Rhododendron catawbiense,mixed_uncertain,not_evaluable_ambiguous_palette_composition,red_pink,0.35698649192229753,white,red_pink,0.8206610275847912,0.3222663264982459,0.03472016542405165,False
1496,Rhododendron catawbiense,mixed_uncertain,not_evaluable_ambiguous_palette_composition,blue_purple,0.5714563649858345,red_pink,blue_purple,0.5965070570315391,0.503243546654012,0.06821281833182247,True
1550,Rhododendron periclymenoides,mixed_uncertain,not_evaluable_ambiguous_palette_composition,white,0.571783729045157,white,red_pink,0.4147370492103999,0.4481173980989586,0.12366633094619833,True
1596,Rhododendron periclymenoides,mixed_uncertain,not_evaluable_ambiguous_palette_composition,red_pink,0.421305172535551,white,red_pink,0.6150391488204742,0.26235703680945865,0.15894813572609234,True
1601,Sphaeralcea ambigua,mixed_uncertain,not_evaluable_ambiguous_palette_composition,red_pink,0.6026384568525232,yellow_orange,red_pink,0.7270729335590551,0.559946323168302,0.0426921336842212,True
1608,Sphaeralcea ambigua,mixed_uncertain,not_evaluable_ambiguous_palette_composition,red_pink,0.6961190888988974,yellow_orange,red_pink,0.7268578591154963,0.659446969375564,0.03667211952333338,True
1609,Sphaeralcea ambigua,mixed_uncertain,not_evaluable_ambiguous_palette_composition,red_pink,0.4527009423730293,yellow_orange,red_pink,0.8088073053750745,0.4249485279283144,0.027752414444714935,False
1610,Sphaeralcea ambigua,mixed_uncertain,not_evaluable_ambiguous_palette_composition,red_pink,0.5439013461739909,yellow_orange,red_pink,0.7516242786315098,0.5047012967773239,0.03920004939666699,True
1614,Sphaeralcea ambigua,mixed_uncertain,not_evaluable_ambiguous_palette_composition,red_pink,0.5204230124668432,white,red_pink,0.6929797465331288,0.44913364881029316,0.07128936365655003,True
1624,Sphaeralcea ambigua,mixed_uncertain,not_evaluable_ambiguous_palette_composition,red_pink,0.622709381386974,yellow_orange,red_pink,0.7309800145777947,0.5827045768422021,0.040004804544771844,True
1636,Sphaeralcea ambigua,mixed_uncertain,not_evaluable_ambiguous_palette_composition,red_pink,0.5984723892569991,white,red_pink,0.5833686579672959,0.4805069993484899,0.11796538990850919,True
1640,Sphaeralcea ambigua,mixed_uncertain,not_evaluable_ambiguous_palette_composition,red_pink,0.3848523281594846,white,red_pink,0.6768688922074843,0.26748435039194063,0.11736797776754399,True
1659,Sphaeralcea ambigua,mixed_uncertain,not_evaluable_ambiguous_palette_composition,red_pink,0.44266612398422395,white,red_pink,0.7858056301600893,0.40287893786471257,0.039787186119511375,True
1676,Sphaeralcea ambigua,mixed_uncertain,not_evaluable_ambiguous_palette_composition,red_pink,0.6044571164619555,yellow_orange,red_pink,0.7642559745682893,0.5730076896684878,0.03144942679346774,True
2005,Scrophularia californica,mixed_uncertain,not_evaluable_ambiguous_palette_composition,red_pink,0.40406903063865784,white,red_pink,0.8171654840288736,0.3725046262027562,0.03156440443590164,False
2024,Scrophularia californica,mixed_uncertain,not_evaluable_ambiguous_palette_composition,red_pink,0.5763526434725493,white,red_pink,0.5054210462227269,0.390919974015347,0.18543266945720233,True
2032,Scrophularia californica,mixed_uncertain,not_evaluable_ambiguous_palette_composition,red_pink,0.4360679428201455,white,red_pink,0.6398054066842818,0.3082542823139178,0.12781366050622767,True
2039,Scrophularia californica,mixed_uncertain,not_evaluable_ambiguous_palette_composition,red_pink,0.4174155647506138,white,red_pink,0.5643570701307328,0.1872759799719293,0.23013958477868451,True
2045,Scrophularia californica,mixed_uncertain,not_evaluable_ambiguous_palette_composition,red_pink,0.39015107288168277,white,red_pink,0.6056610955012727,0.19542788589927984,0.19472318698240293,True
2047,Scrophularia californica,mixed_uncertain,not_evaluable_ambiguous_palette_composition,red_pink,0.5654573121948315,yellow_orange,red_pink,0.6394961035562418,0.4828516314516344,0.08260568074319713,True
2049,Scrophularia californica,mixed_uncertain,not_evaluable_ambiguous_palette_composition,white,0.4541089832488618,white,yellow_orange,0.3329481765706674,0.30951455837521485,0.14459442487364693,True
2055,Scrophularia californica,mixed_uncertain,not_evaluable_ambiguous_palette_composition,red_pink,0.3898343903982031,white,red_pink,0.7270775225226365,0.3120128356578624,0.07782155474034069,True
2059,Scrophularia californica,mixed_uncertain,not_evaluable_ambiguous_palette_composition,red_pink,0.5557910311318826,white,red_pink,0.5068138219861844,0.3613149762990134,0.19447605483286917,True
2061,Scrophularia californica,mixed_uncertain,not_evaluable_ambiguous_palette_composition,red_pink,0.4544851615434194,yellow_orange,red_pink,0.7908164906818738,0.4211892021651911,0.03329595937822827,True
2076,Scrophularia californica,mixed_uncertain,not_evaluable_ambiguous_palette_composition,red_pink,0.29608928285735076,white,red_pink,0.7257262262068395,0.18029926096895116,0.1157900218883996,True
2077,Scrophularia californica,mixed_uncertain,not_evaluable_ambiguous_palette_composition,red_pink,0.41337577715549206,white,red_pink,0.5897623877986045,0.21788516077097164,0.19549061638452042,True
2084,Scrophularia californica,mixed_uncertain,not_evaluable_ambiguous_palette_composition,red_pink,0.5267148008906849,white,yellow_orange,0.4626369699497335,0.29907602636241837,0.22763877452826653,True
2092,Scrophularia californica,mixed_uncertain,not_evaluable_ambiguous_palette_composition,red_pink,0.45918251547081823,yellow_orange,red_pink,0.5087603491559691,0.22373190238066093,0.2354506130901573,True
2133,Ribes speciosum,mixed_uncertain,not_evaluable_ambiguous_palette_composition,white,0.4612053462814266,white,yellow_orange,0.3851354359183386,0.25488856540985666,0.20631678087156996,True
2145,Ribes speciosum,mixed_uncertain,not_evaluable_ambiguous_palette_composition,yellow_orange,0.4086356911108256,yellow_orange,red_pink,0.4353142128782273,0.2017858999417169,0.2068497911691087,True
2166,Ribes speciosum,mixed_uncertain,not_evaluable_ambiguous_palette_composition,white,0.421424407207697,white,yellow_orange,0.3843347517137178,0.17455659343507446,0.24686781377262257,True
2279,Viola pedunculata,mixed_uncertain,not_evaluable_ambiguous_palette_composition,yellow_orange,0.48885061909876953,white,yellow_orange,0.5144952373541113,0.06475379492721776,0.42409682417155176,True
2314,Sparaxis tricolor,mixed_uncertain,not_evaluable_ambiguous_palette_composition,yellow_orange,0.5342218721076901,yellow_orange,blue_purple,0.4984637690544135,0.30758356450991325,0.22663830759777687,True
2325,Sparaxis tricolor,mixed_uncertain,not_evaluable_ambiguous_palette_composition,red_pink,0.5058979101724985,yellow_orange,red_pink,0.6225952205447843,0.40128120790589983,0.1046167022665987,True
2327,Sparaxis tricolor,mixed_uncertain,not_evaluable_ambiguous_palette_composition,white,0.48445054125701104,white,yellow_orange,0.42921952079356274,0.22625680560300052,0.2581937356540105,True
2330,Sparaxis tricolor,mixed_uncertain,not_evaluable_ambiguous_palette_composition,red_pink,0.5795205754079895,yellow_orange,red_pink,0.6654357969176892,0.5111373362912225,0.06838323911676703,True
2334,Sparaxis tricolor,mixed_uncertain,not_evaluable_ambiguous_palette_composition,red_pink,0.5692647117463813,yellow_orange,red_pink,0.7085432936514053,0.5171662058388788,0.052098505907502424,True
2337,Sparaxis tricolor,mixed_uncertain,not_evaluable_ambiguous_palette_composition,red_pink,0.4367565117783025,white,red_pink,0.6139824647469533,0.28546810007197465,0.15128841170632784,True
2345,Sparaxis tricolor,mixed_uncertain,not_evaluable_ambiguous_palette_composition,yellow_orange,0.461008137090528,yellow_orange,red_pink,0.45715527021186825,0.2706931901857435,0.1903149469047845,True
2371,Sparaxis tricolor,mixed_uncertain,not_evaluable_ambiguous_palette_composition,red_pink,0.3715762468575156,white,red_pink,0.6139751957822508,0.16970732963996424,0.20186891721755137,True
2372,Sparaxis tricolor,mixed_uncertain,not_evaluable_ambiguous_palette_composition,red_pink,0.6212213278461818,yellow_orange,red_pink,0.7596218495897739,0.5894193601697738,0.03180196767640797,True
2373,Sparaxis tricolor,mixed_uncertain,not_evaluable_ambiguous_palette_composition,red_pink,0.48241371766808205,yellow_orange,red_pink,0.5000025374567945,0.25718875353722137,0.22522496413086068,True
2378,Sparaxis tricolor,mixed_uncertain,not_evaluable_ambiguous_palette_composition,yellow_orange,0.591506603931058,yellow_orange,red_pink,0.4430104594648358,0.46809222250850707,0.12341438142255096,True
2522,Triteleia laxa,mixed_uncertain,not_evaluable_ambiguous_palette_composition,red_pink,0.417480450414782,red_pink,blue_purple,0.4327236747639063,0.29995892349309744,0.11752152692168455,True
2529,Triteleia laxa,mixed_uncertain,not_evaluable_ambiguous_palette_composition,blue_purple,0.49731343924022303,white,blue_purple,0.5852166966200149,0.3437307895139464,0.1535826497262766,True
2538,Triteleia laxa,mixed_uncertain,not_evaluable_ambiguous_palette_composition,yellow_orange,0.4260089950171643,white,yellow_orange,0.6349063630264258,0.22072131417873836,0.20528768083842597,True
2542,Triteleia laxa,mixed_uncertain,not_evaluable_ambiguous_palette_composition,white,0.4756328926512779,white,blue_purple,0.4970426182741984,0.20184886287050274,0.27378402978077515,True
2553,Triteleia laxa,mixed_uncertain,not_evaluable_ambiguous_palette_composition,red_pink,0.4348320039468344,red_pink,blue_purple,0.47318803584231534,0.29708311200918636,0.13774889193764805,True
2561,Triteleia laxa,mixed_uncertain,not_evaluable_ambiguous_palette_composition,blue_purple,0.45236325808161576,white,blue_purple,0.5138783544737674,0.164954983764465,0.28740827431715077,True
2577,Triteleia laxa,mixed_uncertain,not_evaluable_ambiguous_palette_composition,blue_purple,0.522698595652648,white,yellow_orange,0.5140779281340498,0.33720065726598314,0.18549793838666484,True
2579,Triteleia laxa,mixed_uncertain,not_evaluable_ambiguous_palette_composition,blue_purple,0.5188642675993426,white,blue_purple,0.576235546234986,0.3666006479086615,0.15226361969068108,True
2586,Triteleia laxa,mixed_uncertain,not_evaluable_ambiguous_palette_composition,blue_purple,0.4956187592225524,white,blue_purple,0.5782460193161176,0.3347986308852262,0.16082012833732617,True
2587,Triteleia laxa,mixed_uncertain,not_evaluable_ambiguous_palette_composition,blue_purple,0.5174629756860297,white,blue_purple,0.5641499736752491,0.35375688161809654,0.16370609406793318,True
2597,Triteleia laxa,mixed_uncertain,not_evaluable_ambiguous_palette_composition,blue_purple,0.49786528206614156,white,blue_purple,0.6167656644822767,0.3709479763793893,0.12691730568675225,True
2715,Asclepias californica,mixed_uncertain,not_evaluable_ambiguous_palette_composition,red_pink,0.45748551208670896,white,yellow_orange,0.4980035165195641,0.22681671412619145,0.2306687979605175,True
2721,Asclepias californica,mixed_uncertain,not_evaluable_ambiguous_palette_composition,blue_purple,0.41582916434109357,red_pink,blue_purple,0.6303544103003239,0.3337495871116442,0.08207957722944936,True
2728,Asclepias californica,mixed_uncertain,not_evaluable_ambiguous_palette_composition,red_pink,0.5677317180434757,white,red_pink,0.5724291626306988,0.43389540743804295,0.13383631060543272,True
2732,Asclepias californica,mixed_uncertain,not_evaluable_ambiguous_palette_composition,white,0.550030137071143,white,red_pink,0.4301679837572179,0.4084673631513584,0.1415627739197846,True
2749,Asclepias californica,mixed_uncertain,not_evaluable_ambiguous_palette_composition,red_pink,0.32111048659940017,white,red_pink,0.8221789380592871,0.28271134946636467,0.0383991371330355,False
2787,Asclepias californica,mixed_uncertain,not_evaluable_ambiguous_palette_composition,red_pink,0.4180679736682244,white,red_pink,0.5912049566389679,0.22856423001426773,0.18950374365395667,True
2788,Asclepias californica,mixed_uncertain,not_evaluable_ambiguous_palette_composition,red_pink,0.46173207117905185,white,red_pink,0.5067516790375042,0.18653792632379695,0.2751941448552549,True
2832,Heuchera micrantha,mixed_uncertain,not_evaluable_ambiguous_palette_composition,white,0.5756072582087076,white,yellow_orange,0.30828386319639844,0.4864781147695875,0.0891291434391201,True
2900,Passiflora mixta,mixed_uncertain,not_evaluable_ambiguous_palette_composition,red_pink,0.5070205503027164,yellow_orange,red_pink,0.7336155030760158,0.458025865330679,0.048994684972037406,True
2952,Passiflora mixta,mixed_uncertain,not_evaluable_ambiguous_palette_composition,red_pink,0.5437203656239036,yellow_orange,red_pink,0.7704463219076587,0.5104120538752379,0.033308311748665664,True
2962,Passiflora mixta,mixed_uncertain,not_evaluable_ambiguous_palette_composition,red_pink,0.38949796114967355,white,red_pink,0.6674558984035649,0.26574344893328306,0.1237545122163905,True
2979,Passiflora mixta,mixed_uncertain,not_evaluable_ambiguous_palette_composition,red_pink,0.3359954776101929,white,red_pink,0.6565847920218023,0.1625284600428229,0.17346701756736999,True
2988,Passiflora mixta,mixed_uncertain,not_evaluable_ambiguous_palette_composition,red_pink,0.4422885554970392,white,red_pink,0.6871386438332054,0.35191628390793606,0.09037227158910316,True
2998,Passiflora mixta,mixed_uncertain,not_evaluable_ambiguous_palette_composition,red_pink,0.4048584416636616,white,red_pink,0.5780238618400179,0.18259649844492112,0.22226194321874046,True
3301,Antennaria dioica,mixed_uncertain,not_evaluable_ambiguous_palette_composition,red_pink,0.3647613874418187,white,red_pink,0.6567433973579638,0.21599367909736852,0.14876770834445016,True
3323,Antennaria dioica,mixed_uncertain,not_evaluable_ambiguous_palette_composition,red_pink,0.47279742412785397,white,red_pink,0.544707252569199,0.2674636221285538,0.20533380199930018,True
3336,Antennaria dioica,mixed_uncertain,not_evaluable_ambiguous_palette_composition,white,0.5401942905663224,white,red_pink,0.4892444030131401,0.34101952451030987,0.19917476605601253,True
3346,Antennaria dioica,mixed_uncertain,not_evaluable_ambiguous_palette_composition,white,0.5065741091930367,white,red_pink,0.4588097501957204,0.31978011623258484,0.18679399296045185,True
3354,Antennaria dioica,mixed_uncertain,not_evaluable_ambiguous_palette_composition,red_pink,0.4266021381791742,yellow_orange,red_pink,0.8320259548637429,0.40396674809591754,0.022635390083256657,False
3369,Antennaria dioica,mixed_uncertain,not_evaluable_ambiguous_palette_composition,red_pink,0.33041764541062235,white,red_pink,0.7172828197017136,0.2248694833039034,0.10554816210671894,True
3371,Antennaria dioica,mixed_uncertain,not_evaluable_ambiguous_palette_composition,red_pink,0.3694592166929191,white,red_pink,0.6474676555449046,0.21300239105029192,0.15645682564262717,True
3380,Antennaria dioica,mixed_uncertain,not_evaluable_ambiguous_palette_composition,red_pink,0.6197639248505896,white,red_pink,0.5265009305236726,0.4687293447482716,0.15103458010231802,True
3468,Physalis peruviana,mixed_uncertain,not_evaluable_ambiguous_palette_composition,white,0.4703411968987255,white,yellow_orange,0.4598891346692783,0.10276172179731093,0.3675794751014146,True
3664,Calochortus leichtlinii,mixed_uncertain,not_evaluable_ambiguous_palette_composition,white,0.4530303589057825,white,yellow_orange,0.2801615318425009,0.35645013849719726,0.09658022040858527,True
3831,Artemisia vulgaris,mixed_uncertain,not_evaluable_ambiguous_palette_composition,white,0.6043385450279948,white,yellow_orange,0.3387308109779157,0.5009397868067528,0.103398758221242,True
3834,Artemisia vulgaris,mixed_uncertain,not_evaluable_ambiguous_palette_composition,red_pink,0.43100415116683494,red_pink,blue_purple,0.38487750899581047,0.3450572322398232,0.08594691892701173,True
3839,Artemisia vulgaris,mixed_uncertain,not_evaluable_ambiguous_palette_composition,white,0.47564474118820654,white,yellow_orange,0.46062217218924634,0.1220858358540803,0.35355890533412626,True
3854,Artemisia vulgaris,mixed_uncertain,not_evaluable_ambiguous_palette_composition,white,0.4290938900854241,white,yellow_orange,0.3616008167324273,0.23212920456372169,0.1969646855217024,True
3871,Artemisia vulgaris,mixed_uncertain,not_evaluable_ambiguous_palette_composition,white,0.5748960536961181,white,yellow_orange,0.3083478184115994,0.485595955799161,0.08930009789695709,True
4005,Barbarea orthoceras,mixed_uncertain,not_evaluable_ambiguous_palette_composition,yellow_orange,0.4946916300686827,white,yellow_orange,0.5228958349955755,0.13413581761808813,0.3605558124505946,True
4220,Geranium molle,mixed_uncertain,not_evaluable_ambiguous_palette_composition,blue_purple,0.501783737600478,white,blue_purple,0.592156303891137,0.35623469656856876,0.14554904103190924,True
4223,Geranium molle,mixed_uncertain,not_evaluable_ambiguous_palette_composition,white,0.4646102501335095,white,yellow_orange,0.4506585083985256,0.11650524162841058,0.3481050085050989,True
4234,Geranium molle,mixed_uncertain,not_evaluable_ambiguous_palette_composition,red_pink,0.45360994724483045,white,red_pink,0.5446267805067344,0.23174907291105312,0.22186087433377732,True
4241,Geranium molle,mixed_uncertain,not_evaluable_ambiguous_palette_composition,red_pink,0.3415475213931363,white,red_pink,0.7177783831842348,0.2413513247776271,0.10019619661550921,True
4246,Geranium molle,mixed_uncertain,not_evaluable_ambiguous_palette_composition,red_pink,0.4150393195372561,white,red_pink,0.6521193191159116,0.2889923855343201,0.12604693400293598,True
4247,Geranium molle,mixed_uncertain,not_evaluable_ambiguous_palette_composition,red_pink,0.40341470098016025,white,red_pink,0.5751227640118,0.1742786376797746,0.22913606330038563,True
4249,Geranium molle,mixed_uncertain,not_evaluable_ambiguous_palette_composition,red_pink,0.47623295550472033,white,red_pink,0.5265875625705854,0.24991569826064405,0.22631725724407628,True
4250,Geranium molle,mixed_uncertain,not_evaluable_ambiguous_palette_composition,red_pink,0.46229810275832056,white,red_pink,0.5144941114919684,0.20217839303122415,0.2601197097270964,True
4279,Geranium molle,mixed_uncertain,not_evaluable_ambiguous_palette_composition,red_pink,0.3617889889382058,white,red_pink,0.6732067003860734,0.22930884166237062,0.1324801472758352,True
4295,Geranium molle,mixed_uncertain,not_evaluable_ambiguous_palette_composition,red_pink,0.3862996917737183,red_pink,blue_purple,0.3600922018710207,0.30139915038048803,0.08490054139323028,True
4296,Geranium molle,mixed_uncertain,not_evaluable_ambiguous_palette_composition,red_pink,0.43437918831218214,white,red_pink,0.6392103209467841,0.30534590785774407,0.12903328045443807,True
4325,Salvia hispanica,mixed_uncertain,not_evaluable_ambiguous_palette_composition,blue_purple,0.5467818824852033,white,blue_purple,0.5056864394203037,0.33987936133945484,0.20690252114574847,True
4390,Salvia hispanica,mixed_uncertain,not_evaluable_ambiguous_palette_composition,blue_purple,0.5102869584478102,white,yellow_orange,0.5166965553420511,0.3173415116784127,0.19294544676939757,True
4412,Thalictrum fendleri,mixed_uncertain,not_evaluable_ambiguous_palette_composition,white,0.49377910673870934,white,yellow_orange,0.41493469923399073,0.26893955416115,0.22483955257755933,True
4415,Thalictrum fendleri,mixed_uncertain,not_evaluable_ambiguous_palette_composition,white,0.5131771354142575,white,yellow_orange,0.3313483870357002,0.39242017492936626,0.12075696048489121,True
4454,Thalictrum fendleri,mixed_uncertain,not_evaluable_ambiguous_palette_composition,yellow_orange,0.5032236660938292,white,yellow_orange,0.5151119308777913,0.13801539966822335,0.36520826642560583,True
4456,Thalictrum fendleri,mixed_uncertain,not_evaluable_ambiguous_palette_composition,red_pink,0.35273976328686885,white,red_pink,0.8009187962424137,0.3088096732794103,0.043930090007458567,False
4458,Thalictrum fendleri,mixed_uncertain,not_evaluable_ambiguous_palette_composition,white,0.5005076468978562,white,yellow_orange,0.3665976195453887,0.34153483596834994,0.15897281092950627,True
4493,Thalictrum fendleri,mixed_uncertain,not_evaluable_ambiguous_palette_composition,white,0.42522098895458954,white,yellow_orange,0.42328537780709324,0.048492954273285545,0.376728034681304,True
4503,Cerastium fontanum,mixed_uncertain,not_evaluable_ambiguous_palette_composition,white,0.5008913465348106,white,yellow_orange,0.456763480584027,0.20756943240820383,0.2933219141266068,True
4568,Cerastium fontanum,mixed_uncertain,not_evaluable_ambiguous_palette_composition,yellow_orange,0.5282242431589652,white,yellow_orange,0.5049582912940449,0.18688117339703786,0.34134306976192735,True
4620,Corylus cornuta,mixed_uncertain,not_evaluable_ambiguous_palette_composition,white,0.5184103076512631,white,red_pink,0.40165937834678034,0.3878796463074375,0.13053066134382557,True
4621,Corylus cornuta,mixed_uncertain,not_evaluable_ambiguous_palette_composition,white,0.49197054546032853,white,yellow_orange,0.3891778701832967,0.30195215817053433,0.1900183872897942,True
4641,Corylus cornuta,mixed_uncertain,not_evaluable_ambiguous_palette_composition,red_pink,0.4478607729133312,white,red_pink,0.6611389272448408,0.3411454408446359,0.10671533206869532,True
4650,Corylus cornuta,mixed_uncertain,not_evaluable_ambiguous_palette_composition,red_pink,0.43600846189440207,white,red_pink,0.6678345893637871,0.33045253227186916,0.1055559296225329,True
4679,Corylus cornuta,mixed_uncertain,not_evaluable_ambiguous_palette_composition,white,0.43305651113199334,white,yellow_orange,0.3310320237641008,0.2799812254427934,0.15307528568919992,True
4688,Corylus cornuta,mixed_uncertain,not_evaluable_ambiguous_palette_composition,white,0.48873098539388327,white,yellow_orange,0.48721972838473737,0.04913772539996153,0.43959325999392174,True
4693,Corylus cornuta,mixed_uncertain,not_evaluable_ambiguous_palette_composition,white,0.5019995627972402,white,red_pink,0.41793505075190096,0.35202772048496134,0.1499718423122789,True
4694,Corylus cornuta,mixed_uncertain,not_evaluable_ambiguous_palette_composition,white,0.5577070397512376,white,yellow_orange,0.32297399978035257,0.4551239651027253,0.1025830746485123,True
4773,Eriophyllum confertiflorum,mixed_uncertain,not_evaluable_ambiguous_palette_composition,white,0.5024941693795506,white,yellow_orange,0.3907500501060596,0.31688979934518613,0.18560437003436447,True
4837,Humulus lupulus,mixed_uncertain,not_evaluable_ambiguous_palette_composition,yellow_orange,0.519190502523672,white,yellow_orange,0.5065809910874143,0.16449962312633218,0.3546908793973399,True
4901,Tragopogon porrifolius,mixed_uncertain,not_evaluable_ambiguous_palette_composition,red_pink,0.38056694751688896,red_pink,blue_purple,0.27077834811709584,0.3343895365379709,0.04617741097891809,True
4903,Tragopogon porrifolius,mixed_uncertain,not_evaluable_ambiguous_palette_composition,red_pink,0.5374750233134383,white,yellow_orange,0.4933120138222145,0.23822394343284878,0.2992510798805895,True
4908,Tragopogon porrifolius,mixed_uncertain,not_evaluable_ambiguous_palette_composition,red_pink,0.4219741476825235,white,red_pink,0.5402266338546458,0.15183910478717072,0.2701350428953528,True
4909,Tragopogon porrifolius,mixed_uncertain,not_evaluable_ambiguous_palette_composition,red_pink,0.46858425697539097,red_pink,blue_purple,0.4996028931175669,0.32738401043559967,0.1412002465397913,True
4918,Tragopogon porrifolius,mixed_uncertain,not_evaluable_ambiguous_palette_composition,red_pink,0.38611444304857057,white,red_pink,0.6597179851140292,0.2533331416341626,0.13278130141440797,True
4923,Tragopogon porrifolius,mixed_uncertain,not_evaluable_ambiguous_palette_composition,red_pink,0.43252824579754395,white,red_pink,0.5798655302923643,0.2401021174730838,0.19242612832446016,True
4925,Tragopogon porrifolius,mixed_uncertain,not_evaluable_ambiguous_palette_composition,red_pink,0.4126512179972996,white,red_pink,0.6004635524164075,0.23071542476228954,0.18193579323501005,True
4931,Tragopogon porrifolius,mixed_uncertain,not_evaluable_ambiguous_palette_composition,red_pink,0.3202498607527456,red_pink,blue_purple,0.2766147666562783,0.26097236808208785,0.05927749267065774,True
4935,Tragopogon porrifolius,mixed_uncertain,not_evaluable_ambiguous_palette_composition,red_pink,0.4007826250891015,white,red_pink,0.6154747695715342,0.22848561010459217,0.17229701498450933,True
4950,Tragopogon porrifolius,mixed_uncertain,not_evaluable_ambiguous_palette_composition,red_pink,0.31608612501491556,yellow_orange,red_pink,0.7792776233056624,0.25970884191404525,0.05637728310087031,True
4958,Tragopogon porrifolius,mixed_uncertain,not_evaluable_ambiguous_palette_composition,red_pink,0.5095650199540649,red_pink,blue_purple,0.3924822222874524,0.4362276454587981,0.07333737449526678,True
4961,Tragopogon porrifolius,mixed_uncertain,not_evaluable_ambiguous_palette_composition,red_pink,0.5276751606160763,red_pink,blue_purple,0.46885545040460735,0.4236252870428708,0.10404987357320555,True
4965,Tragopogon porrifolius,mixed_uncertain,not_evaluable_ambiguous_palette_composition,red_pink,0.4591166514356142,white,red_pink,0.5543218647559094,0.2552242637957013,0.2038923876399129,True
4970,Tragopogon porrifolius,mixed_uncertain,not_evaluable_ambiguous_palette_composition,yellow_orange,0.4245681057071224,white,yellow_orange,0.5958917804557905,0.13266878653558786,0.29189931917153455,True
4982,Tragopogon porrifolius,mixed_uncertain,not_evaluable_ambiguous_palette_composition,blue_purple,0.39686250842493415,red_pink,blue_purple,0.5149903438956822,0.22710976693514862,0.16975274148978553,True
4983,Tragopogon porrifolius,mixed_uncertain,not_evaluable_ambiguous_palette_composition,white,0.44755612837048525,white,yellow_orange,0.43198601756251764,0.12013830072236509,0.32741782764812016,True
4991,Tragopogon porrifolius,mixed_uncertain,not_evaluable_ambiguous_palette_composition,white,0.45728317191966206,white,red_pink,0.4916539352789972,0.17849161272974037,0.2787915591899217,True
4999,Tragopogon porrifolius,mixed_uncertain,not_evaluable_ambiguous_palette_composition,red_pink,0.3552238704606469,white,red_pink,0.788874819534123,0.30577661762798386,0.04944725283266305,True
5007,Marrubium vulgare,mixed_uncertain,not_evaluable_ambiguous_palette_composition,blue_purple,0.3739441486509623,white,blue_purple,0.602759869087289,0.14614985084880483,0.22779429780215749,True
5010,Marrubium vulgare,mixed_uncertain,not_evaluable_ambiguous_palette_composition,white,0.5421735774041737,white,blue_purple,0.49415721984602723,0.3325894872823118,0.2095840901218619,True
5104,Cypripedium calceolus,mixed_uncertain,not_evaluable_ambiguous_palette_composition,yellow_orange,0.47948841936670294,white,yellow_orange,0.5451507055782443,0.1544025974559777,0.3250858219107252,True
5135,Cypripedium calceolus,mixed_uncertain,not_evaluable_ambiguous_palette_composition,red_pink,0.3628820505773476,yellow_orange,red_pink,0.6556844224541337,0.2295422671689357,0.13333978340841193,True
5194,Cypripedium calceolus,mixed_uncertain,not_evaluable_ambiguous_palette_composition,yellow_orange,0.47684240895727237,white,yellow_orange,0.5322701175633406,0.09733126380281196,0.3795111451544604,True
5277,Platanthera chlorantha,mixed_uncertain,not_evaluable_ambiguous_palette_composition,yellow_orange,0.46408754356291165,white,yellow_orange,0.5777996890367137,0.1944985924920164,0.26958895107089526,True
5315,Cornus florida,mixed_uncertain,not_evaluable_ambiguous_palette_composition,red_pink,0.4393898066736744,white,red_pink,0.5958546165094692,0.27073208768664475,0.16865771898702964,True
5487,Zanthoxylum americanum,mixed_uncertain,not_evaluable_ambiguous_palette_composition,red_pink,0.36337347328676245,white,red_pink,0.7259846246219981,0.2774583368564456,0.08591513643031684,True
5505,Solanum dulcamara,mixed_uncertain,not_evaluable_ambiguous_palette_composition,blue_purple,0.4197611756576073,red_pink,blue_purple,0.649673441560585,0.3477604590011778,0.07200071665642949,True
5525,Solanum dulcamara,mixed_uncertain,not_evaluable_ambiguous_palette_composition,blue_purple,0.3987541319868461,white,blue_purple,0.5478238628701074,0.07413430237023627,0.32461982961660985,True
5531,Solanum dulcamara,mixed_uncertain,not_evaluable_ambiguous_palette_composition,blue_purple,0.34189060110854813,white,blue_purple,0.6085349578967603,0.04283066305439034,0.2990599380541578,True
5537,Solanum dulcamara,mixed_uncertain,not_evaluable_ambiguous_palette_composition,red_pink,0.43227274683564304,white,red_pink,0.6275541955932843,0.29179366835545184,0.1404790784801912,True
5557,Solanum dulcamara,mixed_uncertain,not_evaluable_ambiguous_palette_composition,red_pink,0.4709868499818122,red_pink,blue_purple,0.48692764236904745,0.3392170633155977,0.13176978666621447,True
5566,Solanum dulcamara,mixed_uncertain,not_evaluable_ambiguous_palette_composition,white,0.4125338634934506,white,red_pink,0.44675109645193334,0.15438062381426354,0.2581532396791871,True
5585,Solanum dulcamara,mixed_uncertain,not_evaluable_ambiguous_palette_composition,blue_purple,0.3858489913375684,red_pink,blue_purple,0.5706701834761292,0.2566753744740463,0.12917361686352208,True
5591,Solanum dulcamara,mixed_uncertain,not_evaluable_ambiguous_palette_composition,red_pink,0.4386904646279746,red_pink,blue_purple,0.42854228880916256,0.33129493635984064,0.10739552826813398,True
5597,Solanum dulcamara,mixed_uncertain,not_evaluable_ambiguous_palette_composition,blue_purple,0.35661259661473627,red_pink,blue_purple,0.6514118365536041,0.2691793459123126,0.08743325070242369,True
5706,Symphytum officinale,mixed_uncertain,not_evaluable_ambiguous_palette_composition,red_pink,0.44256261027874205,white,red_pink,0.5781124706283792,0.25563179929026003,0.18693081098848202,True
5711,Symphytum officinale,mixed_uncertain,not_evaluable_ambiguous_palette_composition,blue_purple,0.43724660384163744,red_pink,blue_purple,0.5609877999973053,0.3231124025221763,0.11413420131946111,True
5714,Symphytum officinale,mixed_uncertain,not_evaluable_ambiguous_palette_composition,red_pink,0.4121434860334201,white,red_pink,0.6190931179416762,0.25193665668183607,0.16020682935158403,True
5719,Symphytum officinale,mixed_uncertain,not_evaluable_ambiguous_palette_composition,red_pink,0.41839877130668546,red_pink,blue_purple,0.468450151078464,0.27612659517333843,0.14227217613334703,True
5723,Symphytum officinale,mixed_uncertain,not_evaluable_ambiguous_palette_composition,blue_purple,0.4387570147450814,white,blue_purple,0.5534758636933155,0.20691147528096693,0.23184553946411446,True
5730,Symphytum officinale,mixed_uncertain,not_evaluable_ambiguous_palette_composition,white,0.4625851987898884,white,red_pink,0.4922642472391208,0.19051534376474313,0.27206985502514525,True
5734,Symphytum officinale,mixed_uncertain,not_evaluable_ambiguous_palette_composition,blue_purple,0.42705770954205163,white,blue_purple,0.5225806684488095,0.10607222846099468,0.32098548108105696,True
5736,Symphytum officinale,mixed_uncertain,not_evaluable_ambiguous_palette_composition,blue_purple,0.4251176261498163,white,blue_purple,0.618755806637911,0.267581437576925,0.1575361885728913,True
5745,Symphytum officinale,mixed_uncertain,not_evaluable_ambiguous_palette_composition,red_pink,0.5203015762524882,white,red_pink,0.5216193905993913,0.3207902210033259,0.1995113552491623,True
5751,Symphytum officinale,mixed_uncertain,not_evaluable_ambiguous_palette_composition,blue_purple,0.5039349261566222,white,blue_purple,0.548648059640021,0.31780583502954535,0.18612909112707682,True
5758,Symphytum officinale,mixed_uncertain,not_evaluable_ambiguous_palette_composition,red_pink,0.35282472707608614,white,red_pink,0.6499483196875918,0.18609995075871127,0.16672477631737487,True
5761,Symphytum officinale,mixed_uncertain,not_evaluable_ambiguous_palette_composition,blue_purple,0.4289903022102498,red_pink,blue_purple,0.5487048974540493,0.30385138417866514,0.12513891803158467,True
5762,Symphytum officinale,mixed_uncertain,not_evaluable_ambiguous_palette_composition,red_pink,0.4329271797799007,white,red_pink,0.5483550003193561,0.19455382354881323,0.23837335623108746,True
5789,Symphytum officinale,mixed_uncertain,not_evaluable_ambiguous_palette_composition,red_pink,0.39221308457935633,white,red_pink,0.6479689342549734,0.250918288930661,0.14129479564869535,True
5816,Viola tricolor,mixed_uncertain,not_evaluable_ambiguous_palette_composition,blue_purple,0.5026978268387989,white,yellow_orange,0.5137559052903031,0.2829799388179756,0.21971788802082332,True
5823,Viola tricolor,mixed_uncertain,not_evaluable_ambiguous_palette_composition,white,0.41426589356203236,white,blue_purple,0.47340603290256944,0.057915757919253144,0.35635013564277923,True
5831,Viola tricolor,mixed_uncertain,not_evaluable_ambiguous_palette_composition,white,0.4336262704575007,white,blue_purple,0.46017654201682284,0.17041895497528284,0.2632073154822179,True
5846,Viola tricolor,mixed_uncertain,not_evaluable_ambiguous_palette_composition,blue_purple,0.32908111984482363,white,blue_purple,0.6283465948612206,0.06775380740331749,0.26132731244150614,True
5853,Viola tricolor,mixed_uncertain,not_evaluable_ambiguous_palette_composition,blue_purple,0.4564714480447723,yellow_orange,blue_purple,0.5982669109623758,0.29059053226685416,0.16588091577791814,True
5856,Viola tricolor,mixed_uncertain,not_evaluable_ambiguous_palette_composition,yellow_orange,0.5393253476864013,white,yellow_orange,0.5429893105967347,0.2878189708556471,0.25150637683075416,True
5860,Viola tricolor,mixed_uncertain,not_evaluable_ambiguous_palette_composition,blue_purple,0.46611951420007464,yellow_orange,blue_purple,0.6717306880659157,0.36677382384725715,0.09934569035281748,True
5865,Viola tricolor,mixed_uncertain,not_evaluable_ambiguous_palette_composition,blue_purple,0.4193358921209028,white,blue_purple,0.553000687591536,0.16071235139181314,0.25862354072908966,True
5866,Viola tricolor,mixed_uncertain,not_evaluable_ambiguous_palette_composition,white,0.4571484343879839,white,blue_purple,0.47519390443751097,0.19861866636932152,0.2585297680186624,True
5869,Viola tricolor,mixed_uncertain,not_evaluable_ambiguous_palette_composition,blue_purple,0.48008360398517125,white,blue_purple,0.5145219088285709,0.23135978064496293,0.24872382334020832,True
5877,Viola tricolor,mixed_uncertain,not_evaluable_ambiguous_palette_composition,blue_purple,0.5143900243476146,white,yellow_orange,0.46390142818879304,0.28463134462843465,0.22975867971917996,True
5883,Viola tricolor,mixed_uncertain,not_evaluable_ambiguous_palette_composition,blue_purple,0.4782842562573607,white,blue_purple,0.5507767690696552,0.27793035156007107,0.20035390469728964,True
5884,Viola tricolor,mixed_uncertain,not_evaluable_ambiguous_palette_composition,white,0.4683769210446772,white,blue_purple,0.49730108205627616,0.1835764163505687,0.2848005046941085,True
5885,Viola tricolor,mixed_uncertain,not_evaluable_ambiguous_palette_composition,white,0.4659661639088143,white,blue_purple,0.487029506782158,0.19758234415307727,0.268383819755737,True
5891,Viola tricolor,mixed_uncertain,not_evaluable_ambiguous_palette_composition,blue_purple,0.3964950202094431,white,blue_purple,0.5529057537230145,0.08444195430986497,0.31205306589957815,True
5897,Viola tricolor,mixed_uncertain,not_evaluable_ambiguous_palette_composition,blue_purple,0.43819022840997285,white,blue_purple,0.5909915569631903,0.2577064121928594,0.18048381621711346,True
5932,Trifolium repens,mixed_uncertain,not_evaluable_ambiguous_palette_composition,white,0.44352222417309684,white,yellow_orange,0.3419680688816079,0.2832537391311867,0.16026848504191016,True
5952,Trifolium repens,mixed_uncertain,not_evaluable_ambiguous_palette_composition,white,0.5405049881710077,white,yellow_orange,0.29716931873029917,0.4518689888751915,0.08863599929581617,True
5972,Trifolium repens,mixed_uncertain,not_evaluable_ambiguous_palette_composition,white,0.5773119933330754,white,yellow_orange,0.32468234941362856,0.47779469963579696,0.09951729369727841,True
6099,Euphorbia cyparissias,mixed_uncertain,not_evaluable_ambiguous_palette_composition,yellow_orange,0.50238366369224,white,yellow_orange,0.5173111055560233,0.14255871157614686,0.3598249521160931,True
6225,Luzula campestris,mixed_uncertain,not_evaluable_ambiguous_palette_composition,red_pink,0.45410391992586163,white,red_pink,0.6445915724985647,0.33702710212321463,0.117076817802647,True
6264,Luzula campestris,mixed_uncertain,not_evaluable_ambiguous_palette_composition,white,0.5751458678040956,white,yellow_orange,0.3113840048803567,0.4839592497264106,0.09118661807768502,True
6417,Primula elatior,mixed_uncertain,not_evaluable_ambiguous_palette_composition,white,0.518264290653589,white,yellow_orange,0.48589543062781526,0.18286062530016847,0.3354036653534206,True
6465,Primula elatior,mixed_uncertain,not_evaluable_ambiguous_palette_composition,yellow_orange,0.4623369431868136,white,yellow_orange,0.5658460260402797,0.1612818992824196,0.301055043904394,True
6467,Primula elatior,mixed_uncertain,not_evaluable_ambiguous_palette_composition,white,0.5786250649841537,white,yellow_orange,0.3579645574345035,0.45516539471285017,0.1234596702713035,True
6486,Primula elatior,mixed_uncertain,not_evaluable_ambiguous_palette_composition,yellow_orange,0.4523767708313411,white,yellow_orange,0.5923518083481359,0.19780154818162932,0.2545752226497118,True
6492,Primula elatior,mixed_uncertain,not_evaluable_ambiguous_palette_composition,yellow_orange,0.46767230489303446,white,yellow_orange,0.5698354873232121,0.18549475319372935,0.28217755169930514,True
6494,Primula elatior,mixed_uncertain,not_evaluable_ambiguous_palette_composition,yellow_orange,0.4466664174174618,white,yellow_orange,0.5895784617541054,0.178134183962712,0.26853223345474986,True
6613,Geum urbanum,mixed_uncertain,not_evaluable_ambiguous_palette_composition,white,0.4940879694872398,white,yellow_orange,0.4935399269981355,0.03879949584969564,0.4552884736375442,True
6657,Geum urbanum,mixed_uncertain,not_evaluable_ambiguous_palette_composition,yellow_orange,0.4388625674495528,white,yellow_orange,0.6060402295077555,0.19496250439597468,0.24390006305357814,True
6706,Papaver dubium,mixed_uncertain,not_evaluable_ambiguous_palette_composition,red_pink,0.2696558575920596,yellow_orange,red_pink,0.7656913886943085,0.19008751714999286,0.07956834044206676,True
6708,Papaver dubium,mixed_uncertain,not_evaluable_ambiguous_palette_composition,red_pink,0.36819985363621205,white,red_pink,0.6687944205894258,0.23480528138669116,0.1333945722495209,True
6712,Papaver dubium,mixed_uncertain,not_evaluable_ambiguous_palette_composition,red_pink,0.5960166365267177,yellow_orange,red_pink,0.7740732688878463,0.5667673363481031,0.0292493001786146,True
6716,Papaver dubium,mixed_uncertain,not_evaluable_ambiguous_palette_composition,red_pink,0.5100122848190795,white,red_pink,0.6790838375593015,0.42964534803199905,0.0803669367870804,True
6740,Papaver dubium,mixed_uncertain,not_evaluable_ambiguous_palette_composition,red_pink,0.5730734504165196,white,red_pink,0.5746640676690514,0.4424441597025696,0.13062929071394996,True
6766,Papaver dubium,mixed_uncertain,not_evaluable_ambiguous_palette_composition,red_pink,0.7276858034713108,yellow_orange,red_pink,0.788327676272048,0.7068750181866188,0.020810785284692046,False
6786,Papaver dubium,mixed_uncertain,not_evaluable_ambiguous_palette_composition,red_pink,0.5997054136187973,yellow_orange,red_pink,0.7534497713860847,0.5649277051597705,0.034777708459026724,True
6811,Tanacetum vulgare,mixed_uncertain,not_evaluable_ambiguous_palette_composition,yellow_orange,0.4753590700623758,white,yellow_orange,0.5379825133614878,0.1155465282244698,0.359812541837906,True
6819,Tanacetum vulgare,mixed_uncertain,not_evaluable_ambiguous_palette_composition,yellow_orange,0.5255920294635553,white,yellow_orange,0.5139584892653973,0.2023504289251648,0.3232416005383905,True
6880,Tanacetum vulgare,mixed_uncertain,not_evaluable_ambiguous_palette_composition,white,0.40003731165735934,white,yellow_orange,0.38148333466453216,0.1227857787056747,0.27725153295168464,True
6906,Malva moschata,mixed_uncertain,not_evaluable_ambiguous_palette_composition,blue_purple,0.4134933895440616,red_pink,blue_purple,0.5737994734575884,0.2986387014189285,0.11485468812513311,True
6914,Malva moschata,mixed_uncertain,not_evaluable_ambiguous_palette_composition,red_pink,0.3687307065492757,red_pink,blue_purple,0.3513508768630048,0.2835076585398737,0.085223048009402,True
6960,Malva moschata,mixed_uncertain,not_evaluable_ambiguous_palette_composition,red_pink,0.45167884663358016,white,red_pink,0.6392993793506184,0.329562954224971,0.12211589240860915,True
6976,Malva moschata,mixed_uncertain,not_evaluable_ambiguous_palette_composition,red_pink,0.40506694571365826,red_pink,blue_purple,0.36278294030902425,0.32375516058384646,0.0813117851298118,True
7005,Hyacinthoides non-scripta,mixed_uncertain,not_evaluable_ambiguous_palette_composition,blue_purple,0.4046500304657153,white,blue_purple,0.7129739709053416,0.3191999541373446,0.0854500763283707,True
7009,Hyacinthoides non-scripta,mixed_uncertain,not_evaluable_ambiguous_palette_composition,blue_purple,0.34755521390433064,yellow_orange,blue_purple,0.6339730935819572,0.13386949630871792,0.21368571759561272,True
7018,Hyacinthoides non-scripta,mixed_uncertain,not_evaluable_ambiguous_palette_composition,blue_purple,0.4202716774260092,white,blue_purple,0.5919037740839309,0.22713393170224633,0.19313774572376285,True
7034,Hyacinthoides non-scripta,mixed_uncertain,not_evaluable_ambiguous_palette_composition,white,0.49636788928225545,white,blue_purple,0.4917040831381566,0.25467707087883973,0.24169081840341572,True
7131,Muscari botryoides,mixed_uncertain,not_evaluable_ambiguous_palette_composition,blue_purple,0.4184107775165154,white,blue_purple,0.5634063599717565,0.17876379815448784,0.23964697936202756,True
7148,Muscari botryoides,mixed_uncertain,not_evaluable_ambiguous_palette_composition,blue_purple,0.3919230933311217,white,blue_purple,0.5541487126940171,0.06602387035573556,0.3258992229753861,True
7163,Muscari botryoides,mixed_uncertain,not_evaluable_ambiguous_palette_composition,white,0.42565676067053115,white,blue_purple,0.48214963686593865,0.08154037000274332,0.3441163906677878,True
7196,Muscari botryoides,mixed_uncertain,not_evaluable_ambiguous_palette_composition,blue_purple,0.5225754862585212,white,blue_purple,0.5806382835186225,0.37556361027255186,0.14701187598596938,True
7206,Juncus effusus,mixed_uncertain,not_evaluable_ambiguous_palette_composition,white,0.5205268054042875,white,red_pink,0.36235944543576337,0.41793134545380667,0.10259545995048086,True
7330,Carlina acaulis,mixed_uncertain,not_evaluable_ambiguous_palette_composition,blue_purple,0.46549963466906336,white,blue_purple,0.6161680813774768,0.32569666944304304,0.13980296522602031,True
7341,Carlina acaulis,mixed_uncertain,not_evaluable_ambiguous_palette_composition,white,0.5510330470438213,white,yellow_orange,0.2924233871843788,0.46740180871805487,0.08363123832576641,True
7407,Castilleja foliolosa,mixed_uncertain,not_evaluable_ambiguous_palette_composition,red_pink,0.5759947083857483,yellow_orange,red_pink,0.7420940356838774,0.5361433292185771,0.039851379167171186,True
7422,Castilleja foliolosa,mixed_uncertain,not_evaluable_ambiguous_palette_composition,red_pink,0.41586815568266194,white,red_pink,0.7692956456121722,0.36594862713523724,0.04991952854742471,True
7446,Castilleja foliolosa,mixed_uncertain,not_evaluable_ambiguous_palette_composition,red_pink,0.6140513802406907,yellow_orange,red_pink,0.7334754943293993,0.5742188062500567,0.039832573990634,True
7450,Castilleja foliolosa,mixed_uncertain,not_evaluable_ambiguous_palette_composition,red_pink,0.606299095847447,yellow_orange,red_pink,0.7430807380990482,0.568873301345517,0.037425794501930065,True
7456,Castilleja foliolosa,mixed_uncertain,not_evaluable_ambiguous_palette_composition,red_pink,0.43356085557203017,white,red_pink,0.8132103841169745,0.40297762085517236,0.03058323471685781,False
7464,Castilleja foliolosa,mixed_uncertain,not_evaluable_ambiguous_palette_composition,red_pink,0.5680877747727585,yellow_orange,red_pink,0.7747873363282082,0.5375200010930911,0.030567773679667454,True
7469,Castilleja foliolosa,mixed_uncertain,not_evaluable_ambiguous_palette_composition,red_pink,0.5743654942962259,yellow_orange,red_pink,0.7072596214149273,0.5222974367986846,0.05206805749754129,True
7497,Castilleja foliolosa,mixed_uncertain,not_evaluable_ambiguous_palette_composition,red_pink,0.6408374425746641,yellow_orange,red_pink,0.7243230773981953,0.6000285100079591,0.040808932566705036,True
7610,Scilla bifolia,mixed_uncertain,not_evaluable_ambiguous_palette_composition,blue_purple,0.5129078416912499,white,blue_purple,0.5996914723365452,0.3778394853356522,0.13506835635559772,True
7619,Scilla bifolia,mixed_uncertain,not_evaluable_ambiguous_palette_composition,white,0.5481490863192657,white,blue_purple,0.4992269989324993,0.33667468347771407,0.21147440284155167,True
7669,Scilla bifolia,mixed_uncertain,not_evaluable_ambiguous_palette_composition,white,0.5335383419439722,white,blue_purple,0.48881586973839,0.32445137006379493,0.20908697188017727,True
7709,Wyethia angustifolia,mixed_uncertain,not_evaluable_ambiguous_palette_composition,yellow_orange,0.4245711533456781,yellow_orange,blue_purple,0.423088733702721,0.20691041859336964,0.21766073475230843,True
7818,Medicago lupulina,mixed_uncertain,not_evaluable_ambiguous_palette_composition,yellow_orange,0.5132539645513892,white,yellow_orange,0.5203617770990085,0.18516856264721573,0.32808540190417346,True
7909,Lupinus microcarpus,mixed_uncertain,not_evaluable_ambiguous_palette_composition,blue_purple,0.47871662191163744,red_pink,blue_purple,0.5190534916469665,0.3535758241511357,0.12514079776050174,True
7916,Lupinus microcarpus,mixed_uncertain,not_evaluable_ambiguous_palette_composition,white,0.46883844489980475,white,yellow_orange,0.4615629726327933,0.08724884412232504,0.3815896007774797,True
7919,Lupinus microcarpus,mixed_uncertain,not_evaluable_ambiguous_palette_composition,blue_purple,0.4224961612697252,white,blue_purple,0.6066538566324452,0.2496795759405902,0.17281658532913502,True
7935,Lupinus microcarpus,mixed_uncertain,not_evaluable_ambiguous_palette_composition,blue_purple,0.38385120860102895,white,blue_purple,0.5868896470772895,0.13860668122215367,0.24524452737887528,True
7971,Lupinus microcarpus,mixed_uncertain,not_evaluable_ambiguous_palette_composition,blue_purple,0.5609891879221799,red_pink,blue_purple,0.5712486392497018,0.4815964845270938,0.07939270339508608,True
7976,Lupinus microcarpus,mixed_uncertain,not_evaluable_ambiguous_palette_composition,white,0.4485150379192062,white,blue_purple,0.43313923672495136,0.2455816269519025,0.20293341096730372,True
8031,Trifolium microdon,mixed_uncertain,not_evaluable_ambiguous_palette_composition,white,0.49561887334943217,white,yellow_orange,0.2668823007763063,0.41796391084142775,0.07765496250800441,True
8037,Trifolium microdon,mixed_uncertain,not_evaluable_ambiguous_palette_composition,yellow_orange,0.47660655276513975,white,yellow_orange,0.5249324526730911,0.04855871555797709,0.42804783720716266,True
8079,Trifolium microdon,mixed_uncertain,not_evaluable_ambiguous_palette_composition,white,0.41049959323916796,white,yellow_orange,0.40106328890787546,0.09107597793435307,0.3194236153048149,True
8082,Trifolium microdon,mixed_uncertain,not_evaluable_ambiguous_palette_composition,white,0.4160558520413799,white,yellow_orange,0.32638261868247165,0.2588406947482789,0.15721515729310098,True
8171,Brodiaea coronaria,mixed_uncertain,not_evaluable_ambiguous_palette_composition,red_pink,0.34355744978840347,white,red_pink,0.715904482912924,0.2425887710520174,0.10096867873638607,True
8180,Brodiaea coronaria,mixed_uncertain,not_evaluable_ambiguous_palette_composition,blue_purple,0.4793837268342768,white,blue_purple,0.5974808719329493,0.32888376340914616,0.15049996342513067,True
8183,Brodiaea coronaria,mixed_uncertain,not_evaluable_ambiguous_palette_composition,blue_purple,0.43437292599615696,red_pink,blue_purple,0.5626345129150497,0.32022911659611564,0.11414380940004132,True
8186,Brodiaea coronaria,mixed_uncertain,not_evaluable_ambiguous_palette_composition,blue_purple,0.38830335077933054,white,blue_purple,0.600371477320109,0.1757160079004493,0.21258734287888123,True
8203,Navarretia heterodoxa,mixed_uncertain,not_evaluable_ambiguous_palette_composition,blue_purple,0.42163783212821976,white,blue_purple,0.5540750492283271,0.1687737582156538,0.25286407391256593,True
8204,Navarretia heterodoxa,mixed_uncertain,not_evaluable_ambiguous_palette_composition,blue_purple,0.42782017010661066,white,blue_purple,0.5669464419595285,0.20550039787732235,0.2223197722292883,True
8218,Navarretia heterodoxa,mixed_uncertain,not_evaluable_ambiguous_palette_composition,blue_purple,0.527678453496751,white,blue_purple,0.5245070154146547,0.3296904010708961,0.19798805242585493,True
8219,Navarretia heterodoxa,mixed_uncertain,not_evaluable_ambiguous_palette_composition,blue_purple,0.4349911765225679,white,blue_purple,0.5564882541095805,0.20380121182410826,0.23118996469845965,True
8228,Navarretia heterodoxa,mixed_uncertain,not_evaluable_ambiguous_palette_composition,blue_purple,0.4965488489635461,white,blue_purple,0.5933017814261293,0.3498249788003187,0.1467238701632274,True
8237,Navarretia heterodoxa,mixed_uncertain,not_evaluable_ambiguous_palette_composition,blue_purple,0.41678695612638433,white,blue_purple,0.5792778194440226,0.2020301276909398,0.21475682843544452,True
8239,Navarretia heterodoxa,mixed_uncertain,not_evaluable_ambiguous_palette_composition,blue_purple,0.3854025292777237,white,blue_purple,0.6214270948363247,0.20232105789074292,0.1830814713869808,True
8245,Navarretia heterodoxa,mixed_uncertain,not_evaluable_ambiguous_palette_composition,blue_purple,0.3677931337739741,white,blue_purple,0.6259138886918607,0.17379852491460987,0.19399460885936423,True
8266,Navarretia heterodoxa,mixed_uncertain,not_evaluable_ambiguous_palette_composition,blue_purple,0.4835833458130538,white,blue_purple,0.5805713870618922,0.31901976501160745,0.16456358080144634,True
8272,Navarretia heterodoxa,mixed_uncertain,not_evaluable_ambiguous_palette_composition,blue_purple,0.4162382953239174,white,blue_purple,0.5266015957253309,0.07069473644199961,0.3455435588819178,True
8278,Navarretia heterodoxa,mixed_uncertain,not_evaluable_ambiguous_palette_composition,white,0.4732104137413573,white,blue_purple,0.4906579886279153,0.20779549820441165,0.26541491553694563,True
8289,Navarretia heterodoxa,mixed_uncertain,not_evaluable_ambiguous_palette_composition,blue_purple,0.332906731545889,white,blue_purple,0.6818211363948412,0.18659736252219064,0.14630936902369837,True
8307,Eriogonum latifolium,mixed_uncertain,not_evaluable_ambiguous_palette_composition,red_pink,0.559417308721853,white,red_pink,0.6103199657838477,0.4489992173498478,0.1104180913720052,True
8316,Eriogonum latifolium,mixed_uncertain,not_evaluable_ambiguous_palette_composition,white,0.48607835444873065,white,yellow_orange,0.46652573366886607,0.1395972366031817,0.3464811178455489,True
8322,Eriogonum latifolium,mixed_uncertain,not_evaluable_ambiguous_palette_composition,white,0.45865693112300726,white,red_pink,0.49014894773909334,0.18493517089244416,0.2737217602305631,True
8336,Eriogonum latifolium,mixed_uncertain,not_evaluable_ambiguous_palette_composition,white,0.44683851104740846,white,red_pink,0.49344319396163216,0.14533944596815776,0.3014990650792507,True
8343,Eriogonum latifolium,mixed_uncertain,not_evaluable_ambiguous_palette_composition,white,0.4259462081977172,white,yellow_orange,0.4071011648505309,0.12788591622886605,0.2980602919688512,True
8352,Eriogonum latifolium,mixed_uncertain,not_evaluable_ambiguous_palette_composition,white,0.6233165779635602,white,yellow_orange,0.34677272533827147,0.5184093065352957,0.1049072714282645,True
8367,Eriogonum latifolium,mixed_uncertain,not_evaluable_ambiguous_palette_composition,red_pink,0.3722954182940499,white,red_pink,0.6839909699924334,0.25569178847559143,0.11660362981845845,True
8378,Eriogonum latifolium,mixed_uncertain,not_evaluable_ambiguous_palette_composition,white,0.5188160753383334,white,red_pink,0.4685157611270515,0.328956261711319,0.18985981362701443,True
8386,Eriogonum latifolium,mixed_uncertain,not_evaluable_ambiguous_palette_composition,red_pink,0.39463717113117514,white,red_pink,0.6584008039494261,0.26490228355466705,0.12973488757650808,True
8391,Eriogonum latifolium,mixed_uncertain,not_evaluable_ambiguous_palette_composition,red_pink,0.44978542412987293,white,red_pink,0.5612339397670317,0.24726703136445174,0.2025183927654212,True
8425,Parietaria judaica,mixed_uncertain,not_evaluable_ambiguous_palette_composition,white,0.5142386679384356,white,red_pink,0.4284360579773848,0.3603390671121676,0.15389960082626802,True
8474,Parietaria judaica,mixed_uncertain,not_evaluable_ambiguous_palette_composition,red_pink,0.4583915943133143,white,red_pink,0.5279052295172096,0.21609358247683502,0.24229801183647925,True
8503,Stachys palustris,mixed_uncertain,not_evaluable_ambiguous_palette_composition,blue_purple,0.39959764177111384,red_pink,blue_purple,0.5208232747382673,0.2372544045959225,0.16234323717519134,True
8513,Stachys palustris,mixed_uncertain,not_evaluable_ambiguous_palette_composition,red_pink,0.41725401644001997,red_pink,blue_purple,0.4671256446072902,0.2754038008187763,0.14185021562124367,True
8519,Stachys palustris,mixed_uncertain,not_evaluable_ambiguous_palette_composition,blue_purple,0.4114275636189525,red_pink,blue_purple,0.5287565107577791,0.2632091878353339,0.14821837578361857,True
8524,Stachys palustris,mixed_uncertain,not_evaluable_ambiguous_palette_composition,blue_purple,0.43794319386799807,red_pink,blue_purple,0.5480508168448047,0.31594493692922776,0.12199825693877031,True
8525,Stachys palustris,mixed_uncertain,not_evaluable_ambiguous_palette_composition,red_pink,0.451416462328337,white,red_pink,0.5402322042665668,0.22084725686181675,0.23056920546652024,True
8532,Stachys palustris,mixed_uncertain,not_evaluable_ambiguous_palette_composition,white,0.39434336915572465,white,blue_purple,0.4123064001920052,0.16695800606420916,0.2273853630915155,True
8538,Stachys palustris,mixed_uncertain,not_evaluable_ambiguous_palette_composition,red_pink,0.4158771216854364,white,red_pink,0.6499174147428058,0.28824610624930713,0.12763101543612926,True
8539,Stachys palustris,mixed_uncertain,not_evaluable_ambiguous_palette_composition,red_pink,0.42087304068699644,white,red_pink,0.6537269003446369,0.2986826756498005,0.12219036503719594,True
8548,Stachys palustris,mixed_uncertain,not_evaluable_ambiguous_palette_composition,red_pink,0.3705108544667423,white,red_pink,0.7624494435373096,0.309676726528821,0.06083412793792131,True
8550,Stachys palustris,mixed_uncertain,not_evaluable_ambiguous_palette_composition,red_pink,0.35834243824750617,red_pink,blue_purple,0.3667606529192033,0.2604626775457084,0.09787976070179777,True
8553,Stachys palustris,mixed_uncertain,not_evaluable_ambiguous_palette_composition,red_pink,0.41030315838316866,white,red_pink,0.603811518544269,0.23076121095318533,0.17954194742998333,True
8556,Stachys palustris,mixed_uncertain,not_evaluable_ambiguous_palette_composition,red_pink,0.36396680373401313,red_pink,blue_purple,0.35563196061742053,0.2748149481377914,0.08915185559622174,True
8565,Stachys palustris,mixed_uncertain,not_evaluable_ambiguous_palette_composition,red_pink,0.4007623433034718,red_pink,blue_purple,0.4035202202496414,0.2954525916907642,0.10530975161270761,True
8568,Stachys palustris,mixed_uncertain,not_evaluable_ambiguous_palette_composition,red_pink,0.3439743717505629,white,red_pink,0.649945106771907,0.16871461896366136,0.17525975278690153,True
8581,Stachys palustris,mixed_uncertain,not_evaluable_ambiguous_palette_composition,red_pink,0.4512035409360732,white,red_pink,0.518426656390437,0.18311168236776157,0.26809185856831164,True
8583,Stachys palustris,mixed_uncertain,not_evaluable_ambiguous_palette_composition,red_pink,0.37520838440569265,red_pink,blue_purple,0.38744855745058204,0.2705312074500747,0.10467717695561796,True
8596,Stachys palustris,mixed_uncertain,not_evaluable_ambiguous_palette_composition,red_pink,0.4313804510970167,white,red_pink,0.6191338844982514,0.28235029854005667,0.14903015255696006,True
8597,Stachys palustris,mixed_uncertain,not_evaluable_ambiguous_palette_composition,blue_purple,0.45176742824114746,white,blue_purple,0.559929857281579,0.24226953051245076,0.2094978977286967,True
8607,Muscari armeniacum,mixed_uncertain,not_evaluable_ambiguous_palette_composition,yellow_orange,0.46701850842222786,yellow_orange,blue_purple,0.48657960743155604,0.19055111783796835,0.2764673905842595,True
8739,Marina parryi,mixed_uncertain,not_evaluable_ambiguous_palette_composition,white,0.4476933506382603,white,blue_purple,0.49160823972148837,0.13776582517286673,0.3099275254653936,True
8771,Marina parryi,mixed_uncertain,not_evaluable_ambiguous_palette_composition,white,0.5322160145198765,white,blue_purple,0.47779861220877434,0.3344471684954573,0.19776884602441924,True
8792,Marina parryi,mixed_uncertain,not_evaluable_ambiguous_palette_composition,blue_purple,0.4541349760147056,white,blue_purple,0.6877662407686498,0.3647521385083778,0.0893828375063278,True
8793,Marina parryi,mixed_uncertain,not_evaluable_ambiguous_palette_composition,blue_purple,0.4472248642162531,yellow_orange,blue_purple,0.7812353644394395,0.40405719451929106,0.04316766969696206,True
8802,Eschscholzia minutiflora,mixed_uncertain,not_evaluable_ambiguous_palette_composition,white,0.43020393499626713,white,yellow_orange,0.3489055968428354,0.25263047928736615,0.17757345570890098,True
8902,Erigeron foliosus,mixed_uncertain,not_evaluable_ambiguous_palette_composition,red_pink,0.47251013962912014,white,red_pink,0.5307075401039663,0.24854340538109634,0.2239667342480238,True
8904,Erigeron foliosus,mixed_uncertain,not_evaluable_ambiguous_palette_composition,red_pink,0.4373226033323722,white,red_pink,0.6090896969636804,0.28142396092578736,0.15589864240658485,True
8912,Erigeron foliosus,mixed_uncertain,not_evaluable_ambiguous_palette_composition,red_pink,0.5156977710917797,white,red_pink,0.5078039170864153,0.2971606086161906,0.21853716247558913,True
8914,Erigeron foliosus,mixed_uncertain,not_evaluable_ambiguous_palette_composition,blue_purple,0.5112705819046955,white,yellow_orange,0.503758796042624,0.24397468677756246,0.2672958951271331,True
8915,Erigeron foliosus,mixed_uncertain,not_evaluable_ambiguous_palette_composition,red_pink,0.40363204373545236,white,red_pink,0.613529449458314,0.23108008414825837,0.172551959587194,True
8918,Erigeron foliosus,mixed_uncertain,not_evaluable_ambiguous_palette_composition,white,0.45559534123709106,white,red_pink,0.48722857427530003,0.183016200702193,0.27257914053489807,True
8924,Erigeron foliosus,mixed_uncertain,not_evaluable_ambiguous_palette_composition,blue_purple,0.43507593880801526,yellow_orange,blue_purple,0.7266737193958572,0.3632174460934632,0.07185849271455208,True
8931,Erigeron foliosus,mixed_uncertain,not_evaluable_ambiguous_palette_composition,white,0.464885312130445,white,yellow_orange,0.4235438221900987,0.19349170170939112,0.27139361042105387,True
8936,Erigeron foliosus,mixed_uncertain,not_evaluable_ambiguous_palette_composition,white,0.5035249165395539,white,yellow_orange,0.48502394279389693,0.1386371888370828,0.36488772770247113,True
8937,Erigeron foliosus,mixed_uncertain,not_evaluable_ambiguous_palette_composition,white,0.3915909355144163,white,yellow_orange,0.33676743078558613,0.20094791383768798,0.19064302167672834,True
8939,Erigeron foliosus,mixed_uncertain,not_evaluable_ambiguous_palette_composition,blue_purple,0.4408455838594065,red_pink,blue_purple,0.5853867383246061,0.3419650033003982,0.09888058055900828,True
8953,Erigeron foliosus,mixed_uncertain,not_evaluable_ambiguous_palette_composition,red_pink,0.3082906518820232,red_pink,blue_purple,0.2537647424204671,0.2569956016756314,0.0512950502063918,True
8954,Erigeron foliosus,mixed_uncertain,not_evaluable_ambiguous_palette_composition,blue_purple,0.42538772086013465,yellow_orange,blue_purple,0.6772669586480456,0.3177700209807439,0.10761769987939074,True
8958,Erigeron foliosus,mixed_uncertain,not_evaluable_ambiguous_palette_composition,red_pink,0.3799161694405709,red_pink,blue_purple,0.4101020001579643,0.26192898819991406,0.11798718124065682,True
8960,Erigeron foliosus,mixed_uncertain,not_evaluable_ambiguous_palette_composition,white,0.488773166371255,white,yellow_orange,0.4201019721299823,0.25122122188697665,0.23755194448427835,True
8965,Erigeron foliosus,mixed_uncertain,not_evaluable_ambiguous_palette_composition,white,0.40467496745971127,white,yellow_orange,0.3530746063163006,0.1989813669542191,0.20569360050549215,True
8969,Erigeron foliosus,mixed_uncertain,not_evaluable_ambiguous_palette_composition,red_pink,0.45817862970089507,yellow_orange,blue_purple,0.5874948146063395,0.3061002087724684,0.15207842092842666,True
8972,Erigeron foliosus,mixed_uncertain,not_evaluable_ambiguous_palette_composition,blue_purple,0.36944483527802785,white,blue_purple,0.7050731052738078,0.26680398944567724,0.10264084583235061,True
8975,Erigeron foliosus,mixed_uncertain,not_evaluable_ambiguous_palette_composition,red_pink,0.47324927762132163,white,yellow_orange,0.5151333315533186,0.26744376660545743,0.2058055110158642,True
8976,Erigeron foliosus,mixed_uncertain,not_evaluable_ambiguous_palette_composition,blue_purple,0.34907976145153846,white,blue_purple,0.6521338950365675,0.17607658942324575,0.1730031720282927,True
8981,Erigeron foliosus,mixed_uncertain,not_evaluable_ambiguous_palette_composition,white,0.44362003228131386,white,yellow_orange,0.44149035785227003,0.051541242086616104,0.39207879019469777,True
8984,Erigeron foliosus,mixed_uncertain,not_evaluable_ambiguous_palette_composition,blue_purple,0.3950954002377021,white,blue_purple,0.6126477182824173,0.20844784711100467,0.18664755312669745,True
8987,Erigeron foliosus,mixed_uncertain,not_evaluable_ambiguous_palette_composition,blue_purple,0.290667112855015,yellow_orange,blue_purple,0.7341628767098334,0.17384966885955813,0.11681744399545688,True
8989,Erigeron foliosus,mixed_uncertain,not_evaluable_ambiguous_palette_composition,white,0.5025905980853695,white,yellow_orange,0.4721904718560026,0.1746882865829179,0.32790231150245164,True
9131,Cryptantha barbigera,mixed_uncertain,not_evaluable_ambiguous_palette_composition,white,0.4794747142728938,white,red_pink,0.44155031115912613,0.29484368427373037,0.18463102999916342,True
9215,Sisymbrium irio,mixed_uncertain,not_evaluable_ambiguous_palette_composition,blue_purple,0.5695394812071698,yellow_orange,blue_purple,0.5049911540704958,0.3690872749226766,0.20045220628449317,True
9347,Thysanocarpus curvipes,mixed_uncertain,not_evaluable_ambiguous_palette_composition,white,0.4793483362325361,white,yellow_orange,0.4638001737392135,0.12456191908150976,0.3547864171510263,True
9553,Plantago ovata,mixed_uncertain,not_evaluable_ambiguous_palette_composition,white,0.49818910931018034,white,yellow_orange,0.25824830468896326,0.4263381065600452,0.07185100275013512,True
9567,Plantago ovata,mixed_uncertain,not_evaluable_ambiguous_palette_composition,white,0.5251423559867413,white,yellow_orange,0.27569236687058063,0.4472907992124069,0.07785155677433442,True
9574,Plantago ovata,mixed_uncertain,not_evaluable_ambiguous_palette_composition,white,0.5456680639756412,white,yellow_orange,0.2984102976945781,0.45722795259135396,0.0884401113842872,True
9594,Plantago ovata,mixed_uncertain,not_evaluable_ambiguous_palette_composition,white,0.5909874010275733,white,yellow_orange,0.31820168662794696,0.4984120475798245,0.09257535344774881,True
9701,Sorghum halepense,mixed_uncertain,not_evaluable_ambiguous_palette_composition,red_pink,0.41143589364127253,white,red_pink,0.6695788066790788,0.29870123575163665,0.11273465788963588,True
9745,Sorghum halepense,mixed_uncertain,not_evaluable_ambiguous_palette_composition,yellow_orange,0.4399225452092009,white,yellow_orange,0.5960042180935528,0.17596953708093588,0.263953008128265,True
9771,Sorghum halepense,mixed_uncertain,not_evaluable_ambiguous_palette_composition,blue_purple,0.49628429767008825,yellow_orange,blue_purple,0.6144136424815297,0.36350544546013475,0.1327788522099535,True
9903,Lupinus concinnus,mixed_uncertain,not_evaluable_ambiguous_palette_composition,red_pink,0.4280568248349783,white,red_pink,0.6863515943911296,0.33331213407322186,0.09474469076175646,True
9916,Lupinus concinnus,mixed_uncertain,not_evaluable_ambiguous_palette_composition,red_pink,0.4535118409049723,white,red_pink,0.5647457285374015,0.25837516742474076,0.19513667348023156,True
9925,Lupinus concinnus,mixed_uncertain,not_evaluable_ambiguous_palette_composition,red_pink,0.4003207036642411,red_pink,blue_purple,0.3903909111730035,0.3027076561911484,0.09761304747309268,True
9938,Lupinus concinnus,mixed_uncertain,not_evaluable_ambiguous_palette_composition,red_pink,0.3918037442452196,white,red_pink,0.7894072829996673,0.34783641421306616,0.04396733003215342,True
9946,Lupinus concinnus,mixed_uncertain,not_evaluable_ambiguous_palette_composition,blue_purple,0.48109900183393545,white,blue_purple,0.5798503755857931,0.314519507067817,0.16657949476611844,True
9961,Lupinus concinnus,mixed_uncertain,not_evaluable_ambiguous_palette_composition,blue_purple,0.3627768674337363,white,blue_purple,0.5925007896696133,0.08327167988863728,0.27950518754509907,True
9968,Lupinus concinnus,mixed_uncertain,not_evaluable_ambiguous_palette_composition,blue_purple,0.4711876703075272,white,blue_purple,0.5963016263356642,0.3156893972864668,0.1554982730210604,True
9981,Lupinus concinnus,mixed_uncertain,not_evaluable_ambiguous_palette_composition,blue_purple,0.4642170554742725,yellow_orange,blue_purple,0.65611827858565,0.35312228033596954,0.11109477513830296,True
9989,Lupinus concinnus,mixed_uncertain,not_evaluable_ambiguous_palette_composition,blue_purple,0.43077142495591436,white,blue_purple,0.5229681671537859,0.12130428491963428,0.30946714003628006,True
9996,Lupinus concinnus,mixed_uncertain,not_evaluable_ambiguous_palette_composition,blue_purple,0.46409880036530693,white,blue_purple,0.5703178627332223,0.2770772339781617,0.18702156638714523,True
10045,Plantago coronopus,mixed_uncertain,not_evaluable_ambiguous_palette_composition,white,0.4874727002119515,white,yellow_orange,0.2876232796905573,0.3939922981104204,0.09348040210153108,True
10049,Plantago coronopus,mixed_uncertain,not_evaluable_ambiguous_palette_composition,red_pink,0.3617773235396259,white,red_pink,0.6735085282849872,0.22960550957288384,0.13217181396674205,True
10162,Verbascum thapsus,mixed_uncertain,not_evaluable_ambiguous_palette_composition,yellow_orange,0.43564689752605124,white,yellow_orange,0.6038044968484991,0.18286240948196847,0.25278448804408277,True
10202,Allium schoenoprasum,mixed_uncertain,not_evaluable_ambiguous_palette_composition,red_pink,0.41706355453788446,white,red_pink,0.6289387934059925,0.270149396624372,0.14691415791351248,True
10204,Allium schoenoprasum,mixed_uncertain,not_evaluable_ambiguous_palette_composition,red_pink,0.32741610104523056,red_pink,blue_purple,0.2367904295566156,0.28627663730868025,0.04113946373655031,True
10205,Allium schoenoprasum,mixed_uncertain,not_evaluable_ambiguous_palette_composition,red_pink,0.36059027094837953,white,red_pink,0.7521981373961787,0.2915447536154266,0.06904551733295294,True
10210,Allium schoenoprasum,mixed_uncertain,not_evaluable_ambiguous_palette_composition,red_pink,0.3912953281162582,red_pink,blue_purple,0.42740702731327673,0.2661890164509244,0.1251063116653338,True
10211,Allium schoenoprasum,mixed_uncertain,not_evaluable_ambiguous_palette_composition,red_pink,0.408691393203273,white,red_pink,0.597497800304502,0.21962022550779892,0.1890711676954741,True
10212,Allium schoenoprasum,mixed_uncertain,not_evaluable_ambiguous_palette_composition,red_pink,0.422364199676959,white,red_pink,0.638001187904073,0.28688241839528683,0.13548178128167215,True
10213,Allium schoenoprasum,mixed_uncertain,not_evaluable_ambiguous_palette_composition,blue_purple,0.41720957695414096,white,blue_purple,0.5816647349676345,0.20657271925530496,0.210636857698836,True
10219,Allium schoenoprasum,mixed_uncertain,not_evaluable_ambiguous_palette_composition,red_pink,0.42478777166695425,red_pink,blue_purple,0.3903323871268089,0.33442560310373237,0.09036216856322188,True
10221,Allium schoenoprasum,mixed_uncertain,not_evaluable_ambiguous_palette_composition,red_pink,0.34722415689613917,white,red_pink,0.6635545476187776,0.19380847941315504,0.15341567748298413,True
10222,Allium schoenoprasum,mixed_uncertain,not_evaluable_ambiguous_palette_composition,blue_purple,0.38812370131063495,red_pink,blue_purple,0.5796993342297073,0.26664038966224957,0.12148331164838538,True
10225,Allium schoenoprasum,mixed_uncertain,not_evaluable_ambiguous_palette_composition,red_pink,0.30740179138886325,red_pink,blue_purple,0.27250232543450076,0.2471017794380297,0.060300011950833565,True
10232,Allium schoenoprasum,mixed_uncertain,not_evaluable_ambiguous_palette_composition,red_pink,0.456615845781458,white,red_pink,0.5714752942456347,0.2717446623148655,0.18487118346659248,True
10235,Allium schoenoprasum,mixed_uncertain,not_evaluable_ambiguous_palette_composition,blue_purple,0.4135460504315407,red_pink,blue_purple,0.525932334560524,0.26424354692996965,0.14930250350157104,True
10236,Allium schoenoprasum,mixed_uncertain,not_evaluable_ambiguous_palette_composition,red_pink,0.35956664110002046,white,red_pink,0.7912769355070619,0.3119984480651385,0.04756819303488197,True
10237,Allium schoenoprasum,mixed_uncertain,not_evaluable_ambiguous_palette_composition,red_pink,0.4477559224629529,white,red_pink,0.5417826088545089,0.21569812192761792,0.232057800535335,True
10239,Allium schoenoprasum,mixed_uncertain,not_evaluable_ambiguous_palette_composition,red_pink,0.4603724295965732,white,red_pink,0.5791476138222458,0.2864758270997368,0.17389660249683642,True
10240,Allium schoenoprasum,mixed_uncertain,not_evaluable_ambiguous_palette_composition,red_pink,0.44015556475003803,red_pink,blue_purple,0.43499896880732714,0.32944400820023334,0.11071155654980469,True
10243,Allium schoenoprasum,mixed_uncertain,not_evaluable_ambiguous_palette_composition,red_pink,0.4460137040521812,white,red_pink,0.5662189479604729,0.24688408643161194,0.19912961762056927,True
10254,Allium schoenoprasum,mixed_uncertain,not_evaluable_ambiguous_palette_composition,red_pink,0.43557013509475384,white,red_pink,0.5876831657861727,0.2550718736470053,0.18049826144774855,True
10255,Allium schoenoprasum,mixed_uncertain,not_evaluable_ambiguous_palette_composition,blue_purple,0.39410020051609357,white,blue_purple,0.6078352723075837,0.19962113275407478,0.1944790677620188,True
10258,Allium schoenoprasum,mixed_uncertain,not_evaluable_ambiguous_palette_composition,red_pink,0.41843869198772565,white,red_pink,0.6196798095916123,0.26273227302597857,0.15570641896174708,True
10260,Allium schoenoprasum,mixed_uncertain,not_evaluable_ambiguous_palette_composition,white,0.45849013376905967,white,blue_purple,0.4846034840299891,0.1841121519378193,0.2743779818312404,True
10261,Allium schoenoprasum,mixed_uncertain,not_evaluable_ambiguous_palette_composition,red_pink,0.42705896468744214,red_pink,blue_purple,0.4377612559746684,0.30998428109740145,0.1170746835900407,True
10268,Allium schoenoprasum,mixed_uncertain,not_evaluable_ambiguous_palette_composition,red_pink,0.4555501290640033,red_pink,blue_purple,0.43800981561116903,0.3480499936018248,0.10750013546217846,True
10271,Allium schoenoprasum,mixed_uncertain,not_evaluable_ambiguous_palette_composition,blue_purple,0.3249753333983557,red_pink,blue_purple,0.6369084121865014,0.215049437755963,0.10992589564239272,True
10273,Allium schoenoprasum,mixed_uncertain,not_evaluable_ambiguous_palette_composition,blue_purple,0.4179317564247026,red_pink,blue_purple,0.5838786345273549,0.31096312213079647,0.10696863429390613,True
10274,Allium schoenoprasum,mixed_uncertain,not_evaluable_ambiguous_palette_composition,red_pink,0.4231793751000381,red_pink,blue_purple,0.4186541380906368,0.3164804437782666,0.1066989313217715,True
10278,Allium schoenoprasum,mixed_uncertain,not_evaluable_ambiguous_palette_composition,red_pink,0.3810440859480293,white,red_pink,0.6754859870146069,0.2607190418349967,0.12032504411303258,True
10283,Allium schoenoprasum,mixed_uncertain,not_evaluable_ambiguous_palette_composition,yellow_orange,0.4318973618060568,yellow_orange,red_pink,0.48622338674907567,0.17032261923278233,0.2615747425732745,True
10289,Allium schoenoprasum,mixed_uncertain,not_evaluable_ambiguous_palette_composition,white,0.46106647940489814,white,blue_purple,0.4675196979831332,0.22017863467766058,0.24088784472723757,True
10294,Allium schoenoprasum,mixed_uncertain,not_evaluable_ambiguous_palette_composition,red_pink,0.3662349403914517,white,red_pink,0.6997668032598556,0.26082772000519716,0.10540722038625455,True
10297,Allium schoenoprasum,mixed_uncertain,not_evaluable_ambiguous_palette_composition,red_pink,0.3644341258081151,red_pink,blue_purple,0.2960576756109711,0.30552454120177513,0.05890958460633994,True
10310,Trifolium stellatum,mixed_uncertain,not_evaluable_ambiguous_palette_composition,white,0.49157882448756257,white,red_pink,0.4659217675498933,0.28717457072586644,0.20440425376169613,True
10332,Trifolium stellatum,mixed_uncertain,not_evaluable_ambiguous_palette_composition,red_pink,0.36049623745080533,white,red_pink,0.6878033869203592,0.2418431673731382,0.11865307007766712,True
10339,Trifolium stellatum,mixed_uncertain,not_evaluable_ambiguous_palette_composition,white,0.47263666026957296,white,yellow_orange,0.37919356285429434,0.2831374076760558,0.1894992525935172,True
10348,Trifolium stellatum,mixed_uncertain,not_evaluable_ambiguous_palette_composition,red_pink,0.3593061286234855,white,red_pink,0.6770597224021322,0.22940763300142472,0.12989849562206077,True
10351,Trifolium stellatum,mixed_uncertain,not_evaluable_ambiguous_palette_composition,red_pink,0.5167495163129242,white,red_pink,0.6639001880506851,0.4291825127448347,0.0875670035680895,True
10355,Trifolium stellatum,mixed_uncertain,not_evaluable_ambiguous_palette_composition,red_pink,0.48105268234889376,white,red_pink,0.5878888284825075,0.3269194552929716,0.15413322705592214,True
10407,Erythronium oregonum,mixed_uncertain,not_evaluable_ambiguous_palette_composition,white,0.4693159431470215,white,yellow_orange,0.46832458085215606,0.04239905325357383,0.42691688989344767,True
10417,Erythronium oregonum,mixed_uncertain,not_evaluable_ambiguous_palette_composition,white,0.43292132452749305,white,yellow_orange,0.32280517796540564,0.28918877007864624,0.1437325544488468,True
10439,Erythronium oregonum,mixed_uncertain,not_evaluable_ambiguous_palette_composition,yellow_orange,0.5192670346665009,white,yellow_orange,0.5520791444317188,0.264195574005753,0.25507146066074793,True
10446,Erythronium oregonum,mixed_uncertain,not_evaluable_ambiguous_palette_composition,yellow_orange,0.4326288014663269,white,yellow_orange,0.5912993259329119,0.14419638533308393,0.28843241613324294,True
10555,Plantago media,mixed_uncertain,not_evaluable_ambiguous_palette_composition,white,0.5048977400201164,white,blue_purple,0.4823605820592738,0.28325629223702475,0.2216414477830917,True
10576,Plantago media,mixed_uncertain,not_evaluable_ambiguous_palette_composition,yellow_orange,0.4946523682917318,white,yellow_orange,0.5340763572677228,0.16868723835176322,0.3259651299399686,True
10604,Conopholis alpina,mixed_uncertain,not_evaluable_ambiguous_palette_composition,white,0.5024372387852319,white,yellow_orange,0.3573848123165425,0.35387120312839454,0.1485660356568374,True
10614,Conopholis alpina,mixed_uncertain,not_evaluable_ambiguous_palette_composition,white,0.4614523876471451,white,yellow_orange,0.33842144434558613,0.31442416921429606,0.14702821843284902,True
10617,Conopholis alpina,mixed_uncertain,not_evaluable_ambiguous_palette_composition,white,0.4668650294707716,white,yellow_orange,0.2741747990025484,0.3782706419384203,0.08859438753235127,True
10619,Conopholis alpina,mixed_uncertain,not_evaluable_ambiguous_palette_composition,white,0.5616657308796904,white,yellow_orange,0.30027459334915685,0.4750373143367918,0.0866284165428986,True
10634,Conopholis alpina,mixed_uncertain,not_evaluable_ambiguous_palette_composition,white,0.6085092340721037,white,red_pink,0.4781779162189721,0.4501314205356703,0.15837781353643338,True
10649,Conopholis alpina,mixed_uncertain,not_evaluable_ambiguous_palette_composition,white,0.4032601155978159,white,yellow_orange,0.3931180574665282,0.09321275255094973,0.31004736304686614,True
10659,Conopholis alpina,mixed_uncertain,not_evaluable_ambiguous_palette_composition,white,0.5904087550319665,white,yellow_orange,0.3370847538920372,0.48518668450463875,0.1052220705273278,True
10695,Conopholis alpina,mixed_uncertain,not_evaluable_ambiguous_palette_composition,white,0.6167171457233126,white,yellow_orange,0.3421586193918755,0.5135473790472864,0.10316976667602618,True
10704,Orobanche gracilis,mixed_uncertain,not_evaluable_ambiguous_palette_composition,yellow_orange,0.47367883239206837,white,yellow_orange,0.5268869987053425,0.03770551638816023,0.43597331600390815,True
10715,Orobanche gracilis,mixed_uncertain,not_evaluable_ambiguous_palette_composition,red_pink,0.33933065906062293,white,red_pink,0.7445782432768849,0.2594350874746719,0.07989557158595101,True
10777,Orobanche gracilis,mixed_uncertain,not_evaluable_ambiguous_palette_composition,white,0.5204694157580164,white,yellow_orange,0.4323697554867945,0.2910064651848183,0.2294629505731981,True
10802,Hoita macrostachya,mixed_uncertain,not_evaluable_ambiguous_palette_composition,blue_purple,0.4827202036201438,white,blue_purple,0.5202952620919076,0.24545780553385305,0.23726239808629074,True
10815,Hoita macrostachya,mixed_uncertain,not_evaluable_ambiguous_palette_composition,blue_purple,0.4438186233169179,red_pink,blue_purple,0.5406429278781512,0.31931515253974846,0.12450347077716944,True
10819,Hoita macrostachya,mixed_uncertain,not_evaluable_ambiguous_palette_composition,blue_purple,0.43826650584530086,red_pink,blue_purple,0.5064921644452177,0.2870752186979133,0.15119128714738755,True
10823,Hoita macrostachya,mixed_uncertain,not_evaluable_ambiguous_palette_composition,blue_purple,0.4448923106661536,yellow_orange,blue_purple,0.6339874258784812,0.3083239198972169,0.13656839076893668,True
10844,Hoita macrostachya,mixed_uncertain,not_evaluable_ambiguous_palette_composition,red_pink,0.47929453378464987,white,red_pink,0.5010824394067127,0.2172524490141163,0.2620420847705336,True
10849,Hoita macrostachya,mixed_uncertain,not_evaluable_ambiguous_palette_composition,red_pink,0.40827906878350617,white,red_pink,0.5552827017869029,0.14720887848775185,0.2610701902957543,True
10850,Hoita macrostachya,mixed_uncertain,not_evaluable_ambiguous_palette_composition,red_pink,0.4219832246810418,white,red_pink,0.8786735550261306,0.408993924779933,0.012989299901108808,False
10853,Hoita macrostachya,mixed_uncertain,not_evaluable_ambiguous_palette_composition,red_pink,0.49578922671395964,white,red_pink,0.5801257699522272,0.3413731040378173,0.15441612267614235,True
10857,Hoita macrostachya,mixed_uncertain,not_evaluable_ambiguous_palette_composition,blue_purple,0.453564905511909,white,blue_purple,0.6056025203805319,0.29822175651613914,0.15534314899576984,True
10858,Hoita macrostachya,mixed_uncertain,not_evaluable_ambiguous_palette_composition,red_pink,0.3176590930906043,white,red_pink,0.7322628944312473,0.2198731333813861,0.09778595970921822,True
10863,Hoita macrostachya,mixed_uncertain,not_evaluable_ambiguous_palette_composition,blue_purple,0.4395605139967899,white,blue_purple,0.703791645653951,0.35684673539371226,0.08271377860307766,True
10869,Hoita macrostachya,mixed_uncertain,not_evaluable_ambiguous_palette_composition,blue_purple,0.3526811043066298,red_pink,blue_purple,0.5844635788877752,0.21594934651317324,0.13673175779345656,True
10873,Hoita macrostachya,mixed_uncertain,not_evaluable_ambiguous_palette_composition,blue_purple,0.38092908370766004,white,blue_purple,0.5817537305921161,0.11735127583126093,0.2635778078763991,True
10874,Hoita macrostachya,mixed_uncertain,not_evaluable_ambiguous_palette_composition,blue_purple,0.40267049636897,white,blue_purple,0.560988737967767,0.13207237377464745,0.2705981225943226,True
10877,Hoita macrostachya,mixed_uncertain,not_evaluable_ambiguous_palette_composition,red_pink,0.46107264224916245,white,red_pink,0.5264422811451991,0.21942453954143004,0.2416481027077324,True
10882,Hoita macrostachya,mixed_uncertain,not_evaluable_ambiguous_palette_composition,blue_purple,0.47655648348967905,white,blue_purple,0.5324535082587961,0.2509653451157445,0.22559113837393457,True
10942,Trifolium subterraneum,mixed_uncertain,not_evaluable_ambiguous_palette_composition,white,0.5244785573711918,white,yellow_orange,0.2752630986755005,0.44677499221700717,0.07770356515418458,True
11006,Asparagus officinalis,mixed_uncertain,not_evaluable_ambiguous_palette_composition,white,0.5259380761465848,white,yellow_orange,0.27800506619036175,0.446799684262418,0.07913839188416683,True
11090,Asparagus officinalis,mixed_uncertain,not_evaluable_ambiguous_palette_composition,yellow_orange,0.48005662342130484,white,yellow_orange,0.5257790634403376,0.08036791127534443,0.3996887121459604,True
11116,Geranium yeoi,mixed_uncertain,not_evaluable_ambiguous_palette_composition,red_pink,0.46229959416002325,yellow_orange,red_pink,0.5432123376568577,0.2732966866641163,0.18900290749590698,True
11142,Geranium yeoi,mixed_uncertain,not_evaluable_ambiguous_palette_composition,blue_purple,0.608028498788192,red_pink,blue_purple,0.6602365388202832,0.563665546348237,0.04436295243995503,True
11178,Geranium yeoi,mixed_uncertain,not_evaluable_ambiguous_palette_composition,blue_purple,0.4910484944629875,red_pink,blue_purple,0.5187568199971466,0.3699274918569979,0.12112100260598957,True
11191,Geranium yeoi,mixed_uncertain,not_evaluable_ambiguous_palette_composition,red_pink,0.37593522282289077,white,red_pink,0.8762462631806679,0.36068999418659337,0.015245228636297403,False
11196,Geranium yeoi,mixed_uncertain,not_evaluable_ambiguous_palette_composition,blue_purple,0.5849702273289538,red_pink,blue_purple,0.5463270486321611,0.49951397062257497,0.0854562567063788,True
11197,Geranium yeoi,mixed_uncertain,not_evaluable_ambiguous_palette_composition,red_pink,0.468015836822538,red_pink,blue_purple,0.42978174571279115,0.3686011437474946,0.09941469307504341,True
11307,Linum lewisii,mixed_uncertain,not_evaluable_ambiguous_palette_composition,blue_purple,0.5334920728652739,white,blue_purple,0.5136167311075025,0.3271091526063277,0.20638292025894617,True
11349,Linum lewisii,mixed_uncertain,not_evaluable_ambiguous_palette_composition,blue_purple,0.5421008146348968,white,blue_purple,0.5077088756608502,0.3345428694991746,0.20755794513572218,True
11382,Linum lewisii,mixed_uncertain,not_evaluable_ambiguous_palette_composition,blue_purple,0.5055995482868872,yellow_orange,blue_purple,0.711975267720375,0.43809953124788353,0.06750001703900371,True
11389,Linum lewisii,mixed_uncertain,not_evaluable_ambiguous_palette_composition,blue_purple,0.4755031266520352,white,blue_purple,0.6190237352990544,0.3422446200973768,0.13325850655465843,True
11396,Linum lewisii,mixed_uncertain,not_evaluable_ambiguous_palette_composition,blue_purple,0.5134216493264473,white,blue_purple,0.5996402747376869,0.37849601848095876,0.13492563084548853,True
11401,Ipomoea pes-caprae,mixed_uncertain,not_evaluable_ambiguous_palette_composition,red_pink,0.4291603627372702,white,red_pink,0.6209931933501213,0.28079744729166767,0.14836291544560254,True
11411,Ipomoea pes-caprae,mixed_uncertain,not_evaluable_ambiguous_palette_composition,red_pink,0.36417818763784215,red_pink,blue_purple,0.28937186031689877,0.30809282573998314,0.05608536189785901,True
11418,Ipomoea pes-caprae,mixed_uncertain,not_evaluable_ambiguous_palette_composition,blue_purple,0.5617706507619111,red_pink,blue_purple,0.5260136078671225,0.4630607681085469,0.09870988265336422,True
11421,Ipomoea pes-caprae,mixed_uncertain,not_evaluable_ambiguous_palette_composition,red_pink,0.4498657797180444,red_pink,blue_purple,0.45797304505792186,0.32853933417320075,0.12132644554484368,True
11429,Ipomoea pes-caprae,mixed_uncertain,not_evaluable_ambiguous_palette_composition,red_pink,0.33362718568975985,white,red_pink,0.6913266894222408,0.2035723866765671,0.13005479901319275,True
11433,Ipomoea pes-caprae,mixed_uncertain,not_evaluable_ambiguous_palette_composition,red_pink,0.4000661637197236,white,red_pink,0.641863508393935,0.2569094242952518,0.14315673942447177,True
11436,Ipomoea pes-caprae,mixed_uncertain,not_evaluable_ambiguous_palette_composition,red_pink,0.397721422168663,red_pink,blue_purple,0.4351260945559615,0.2700536156146431,0.12766780655401994,True
11437,Ipomoea pes-caprae,mixed_uncertain,not_evaluable_ambiguous_palette_composition,red_pink,0.3915734053705938,white,red_pink,0.6790471888814165,0.2789176886248677,0.11265571674572611,True
11441,Ipomoea pes-caprae,mixed_uncertain,not_evaluable_ambiguous_palette_composition,red_pink,0.3706260694086119,white,red_pink,0.680608727932063,0.2501244520573937,0.12050161735121823,True
11443,Ipomoea pes-caprae,mixed_uncertain,not_evaluable_ambiguous_palette_composition,red_pink,0.522053775136296,red_pink,blue_purple,0.49428720041806645,0.40314779790174027,0.11890597723455576,True
11463,Ipomoea pes-caprae,mixed_uncertain,not_evaluable_ambiguous_palette_composition,red_pink,0.3392583881108673,red_pink,blue_purple,0.3293653718561702,0.25738945747785574,0.08186893063301154,True
11466,Ipomoea pes-caprae,mixed_uncertain,not_evaluable_ambiguous_palette_composition,red_pink,0.3534958318891733,white,red_pink,0.6376562153082772,0.1693696540094385,0.1841261778797348,True
11472,Ipomoea pes-caprae,mixed_uncertain,not_evaluable_ambiguous_palette_composition,red_pink,0.5038701601990249,red_pink,blue_purple,0.41589235642603084,0.41952597550550424,0.08434418469352062,True
11477,Ipomoea pes-caprae,mixed_uncertain,not_evaluable_ambiguous_palette_composition,red_pink,0.5074310146065659,red_pink,blue_purple,0.47146162636434413,0.39673678453728406,0.11069423006928186,True
11479,Ipomoea pes-caprae,mixed_uncertain,not_evaluable_ambiguous_palette_composition,red_pink,0.37058057566512864,white,red_pink,0.721600733406398,0.28371998873969345,0.08686058692543519,True
11480,Ipomoea pes-caprae,mixed_uncertain,not_evaluable_ambiguous_palette_composition,blue_purple,0.4203348862614787,white,blue_purple,0.5574410601750429,0.1721420459103718,0.2481928403511069,True
11487,Ipomoea pes-caprae,mixed_uncertain,not_evaluable_ambiguous_palette_composition,blue_purple,0.38111957096072224,red_pink,blue_purple,0.5139630409327187,0.19718504887754307,0.18393452208317917,True
11491,Ipomoea pes-caprae,mixed_uncertain,not_evaluable_ambiguous_palette_composition,blue_purple,0.5486025962670257,red_pink,blue_purple,0.562137838852595,0.46328816033021364,0.08531443593681204,True
11493,Ipomoea pes-caprae,mixed_uncertain,not_evaluable_ambiguous_palette_composition,white,0.4831825689542614,white,yellow_orange,0.45146717156441607,0.174498004234528,0.30868456471973343,True
11495,Ipomoea pes-caprae,mixed_uncertain,not_evaluable_ambiguous_palette_composition,blue_purple,0.4735481582778663,red_pink,blue_purple,0.5752252110385038,0.378156657218747,0.09539150105911925,True
11502,Chaenorhinum origanifolium,mixed_uncertain,not_evaluable_ambiguous_palette_composition,red_pink,0.48374896095655084,white,red_pink,0.5142825712999217,0.2470201847692306,0.23672877618732024,True
11509,Chaenorhinum origanifolium,mixed_uncertain,not_evaluable_ambiguous_palette_composition,yellow_orange,0.4097697474890026,white,yellow_orange,0.6173312817667148,0.14851099208967405,0.2612587553993285,True
11513,Chaenorhinum origanifolium,mixed_uncertain,not_evaluable_ambiguous_palette_composition,blue_purple,0.36057304904397336,white,blue_purple,0.6052028999558431,0.11397909195071766,0.2465939570932557,True
11526,Chaenorhinum origanifolium,mixed_uncertain,not_evaluable_ambiguous_palette_composition,yellow_orange,0.47459084227835296,yellow_orange,blue_purple,0.482913942368243,0.21486910680012097,0.25972173547823196,True
11556,Chaenorhinum origanifolium,mixed_uncertain,not_evaluable_ambiguous_palette_composition,red_pink,0.3800282348859094,red_pink,blue_purple,0.3987123631683079,0.26988881206408155,0.11013942282182787,True
11557,Chaenorhinum origanifolium,mixed_uncertain,not_evaluable_ambiguous_palette_composition,blue_purple,0.4246765777646471,white,blue_purple,0.5969896473769583,0.24167929886665077,0.18299727889799636,True
11562,Chaenorhinum origanifolium,mixed_uncertain,not_evaluable_ambiguous_palette_composition,blue_purple,0.3834561449048459,white,blue_purple,0.6725389702952129,0.25793577127090583,0.12552037363394009,True
11565,Chaenorhinum origanifolium,mixed_uncertain,not_evaluable_ambiguous_palette_composition,blue_purple,0.37642426371695953,red_pink,blue_purple,0.6218742441532684,0.27805539229279036,0.09836887142416917,True
11571,Chaenorhinum origanifolium,mixed_uncertain,not_evaluable_ambiguous_palette_composition,blue_purple,0.3255201478933698,white,blue_purple,0.6814270796214333,0.17253018575324747,0.15298996214012234,True
11572,Chaenorhinum origanifolium,mixed_uncertain,not_evaluable_ambiguous_palette_composition,blue_purple,0.44231703852102106,white,blue_purple,0.5707497422800872,0.2393887407465705,0.20292829777445057,True
11573,Chaenorhinum origanifolium,mixed_uncertain,not_evaluable_ambiguous_palette_composition,white,0.4377421047701067,white,red_pink,0.4554164153770109,0.19883397665389954,0.23890812811620718,True
11576,Chaenorhinum origanifolium,mixed_uncertain,not_evaluable_ambiguous_palette_composition,blue_purple,0.3780146635414168,white,blue_purple,0.6095309425913085,0.16859738859226006,0.2094172749491567,True
11583,Chaenorhinum origanifolium,mixed_uncertain,not_evaluable_ambiguous_palette_composition,red_pink,0.45774538031627876,white,red_pink,0.5733081744106214,0.27573061421017814,0.18201476610610062,True
11584,Chaenorhinum origanifolium,mixed_uncertain,not_evaluable_ambiguous_palette_composition,blue_purple,0.4489574428176874,white,blue_purple,0.5535402541806896,0.22783896999761197,0.22111847282007543,True
11587,Chaenorhinum origanifolium,mixed_uncertain,not_evaluable_ambiguous_palette_composition,red_pink,0.41531175315038804,red_pink,blue_purple,0.47475516816978947,0.26644782528102573,0.1488639278693623,True
11633,Viola lutea,mixed_uncertain,not_evaluable_ambiguous_palette_composition,red_pink,0.3097430453324367,white,red_pink,0.7502667004747078,0.22407389972107897,0.08566914561135772,True
11677,Viola lutea,mixed_uncertain,not_evaluable_ambiguous_palette_composition,yellow_orange,0.46401277868270985,white,yellow_orange,0.5579012219668331,0.14363202916653606,0.3203807495161738,True
11679,Viola lutea,mixed_uncertain,not_evaluable_ambiguous_palette_composition,blue_purple,0.38707831096128487,white,blue_purple,0.6656207965483939,0.25667918600230993,0.13039912495897493,True
11727,Asclepias viridis,mixed_uncertain,not_evaluable_ambiguous_palette_composition,white,0.48378243390968834,white,yellow_orange,0.3626524922819565,0.32101274090959026,0.16276969300009808,True
11738,Asclepias viridis,mixed_uncertain,not_evaluable_ambiguous_palette_composition,white,0.5006052560092811,white,yellow_orange,0.4865893251458297,0.12154680088546034,0.37905845512382075,True
11743,Asclepias viridis,mixed_uncertain,not_evaluable_ambiguous_palette_composition,red_pink,0.3870597701299637,white,red_pink,0.6323229574352238,0.2251380395194013,0.16192173061056236,True
11780,Asclepias viridis,mixed_uncertain,not_evaluable_ambiguous_palette_composition,yellow_orange,0.444298571765455,white,yellow_orange,0.5621339085480523,0.08020844537619469,0.3640901263892603,True
11817,Jaumea carnosa,mixed_uncertain,not_evaluable_ambiguous_palette_composition,yellow_orange,0.46937512176580826,white,yellow_orange,0.5320555636496096,0.04698658204994985,0.42238853971585844,True
11963,Salix sitchensis,mixed_uncertain,not_evaluable_ambiguous_palette_composition,white,0.46469579696318164,white,yellow_orange,0.4630975380504635,0.0482879023932273,0.41640789456995436,True
11990,Salix sitchensis,mixed_uncertain,not_evaluable_ambiguous_palette_composition,white,0.5788785698479132,white,yellow_orange,0.351272054854836,0.4606481840370344,0.1182303858108788,True
12113,Ajuga genevensis,mixed_uncertain,not_evaluable_ambiguous_palette_composition,blue_purple,0.5151069763726742,white,blue_purple,0.5571056745943354,0.3436039925291478,0.1715029838435264,True
12135,Ajuga genevensis,mixed_uncertain,not_evaluable_ambiguous_palette_composition,blue_purple,0.35879681386101103,white,blue_purple,0.5909332143065362,0.05568876037885044,0.3031080534821606,True
12145,Ajuga genevensis,mixed_uncertain,not_evaluable_ambiguous_palette_composition,white,0.5272648451189975,white,blue_purple,0.4846752811146526,0.31881036700373244,0.20845447811526507,True
12149,Ajuga genevensis,mixed_uncertain,not_evaluable_ambiguous_palette_composition,blue_purple,0.5427321204384911,white,blue_purple,0.5039935289635945,0.3314317291077389,0.21130039133075218,True
12178,Ajuga genevensis,mixed_uncertain,not_evaluable_ambiguous_palette_composition,blue_purple,0.4901207496751465,white,blue_purple,0.5079177674500354,0.24169892560647768,0.24842182406866883,True
12194,Ajuga genevensis,mixed_uncertain,not_evaluable_ambiguous_palette_composition,blue_purple,0.41805989537607974,white,blue_purple,0.5363770320329279,0.11573497249386196,0.3023249228822178,True
12223,Orchis simia,mixed_uncertain,not_evaluable_ambiguous_palette_composition,blue_purple,0.44720644580293684,white,blue_purple,0.6787369374858788,0.3500065805805849,0.09719986522235191,True
12235,Orchis simia,mixed_uncertain,not_evaluable_ambiguous_palette_composition,red_pink,0.4420257025001935,red_pink,blue_purple,0.49277613987149954,0.29333653140494975,0.14868917109524377,True
12237,Orchis simia,mixed_uncertain,not_evaluable_ambiguous_palette_composition,white,0.4561032237005198,white,red_pink,0.4967765055534422,0.16452579816467588,0.2915774255358439,True
12267,Orchis simia,mixed_uncertain,not_evaluable_ambiguous_palette_composition,blue_purple,0.4005061344235359,red_pink,blue_purple,0.594907936137536,0.29413369798851474,0.10637243643502114,True
12270,Orchis simia,mixed_uncertain,not_evaluable_ambiguous_palette_composition,red_pink,0.3735529602409931,white,red_pink,0.6421172602098798,0.21359906302150006,0.15995389721949305,True
12275,Orchis simia,mixed_uncertain,not_evaluable_ambiguous_palette_composition,red_pink,0.452774931194293,white,red_pink,0.5144893525090325,0.17932740068061967,0.2734475305136733,True
12278,Orchis simia,mixed_uncertain,not_evaluable_ambiguous_palette_composition,red_pink,0.3630014103515728,white,red_pink,0.674133119209758,0.2321737671734894,0.1308276431780834,True
12411,Anchusa arvensis,mixed_uncertain,not_evaluable_ambiguous_palette_composition,blue_purple,0.4682784261619749,white,blue_purple,0.6572893054088016,0.3620827770421271,0.1061956491198478,True
12412,Anchusa arvensis,mixed_uncertain,not_evaluable_ambiguous_palette_composition,blue_purple,0.4687685931729091,white,blue_purple,0.5072998114167074,0.19361590949289414,0.27515268368001494,True
12418,Anchusa arvensis,mixed_uncertain,not_evaluable_ambiguous_palette_composition,blue_purple,0.5077067340116332,white,blue_purple,0.602845142723588,0.3732861363331417,0.13442059767849152,True
12425,Anchusa arvensis,mixed_uncertain,not_evaluable_ambiguous_palette_composition,blue_purple,0.5177788046938165,white,blue_purple,0.6007264322647329,0.3852329405635636,0.13254586413025293,True
12432,Anchusa arvensis,mixed_uncertain,not_evaluable_ambiguous_palette_composition,white,0.4430109114727532,white,blue_purple,0.4349395208396551,0.2328732232242329,0.21013768824852028,True
12443,Anchusa arvensis,mixed_uncertain,not_evaluable_ambiguous_palette_composition,blue_purple,0.5107534109503878,white,blue_purple,0.5846872752300094,0.3624490246881202,0.14830438626226766,True
12460,Anchusa arvensis,mixed_uncertain,not_evaluable_ambiguous_palette_composition,white,0.49999060660365946,white,blue_purple,0.4898760443120725,0.2642293095719787,0.23576129703168075,True
12468,Anchusa arvensis,mixed_uncertain,not_evaluable_ambiguous_palette_composition,white,0.5321810823972527,white,blue_purple,0.4873233961249747,0.3239074422053394,0.2082736401919133,True
12471,Anchusa arvensis,mixed_uncertain,not_evaluable_ambiguous_palette_composition,blue_purple,0.4904639858733319,red_pink,blue_purple,0.6077576852994695,0.4138571500036567,0.0766068358696752,True
12476,Anchusa arvensis,mixed_uncertain,not_evaluable_ambiguous_palette_composition,blue_purple,0.46947514101938537,yellow_orange,blue_purple,0.6252099365974146,0.3354824953676058,0.13399264565177954,True
12481,Anchusa arvensis,mixed_uncertain,not_evaluable_ambiguous_palette_composition,blue_purple,0.518207391742579,white,blue_purple,0.5421322710905853,0.3333783849146677,0.1848290068279113,True
12485,Anchusa arvensis,mixed_uncertain,not_evaluable_ambiguous_palette_composition,red_pink,0.41389088995690376,white,red_pink,0.6659201800447678,0.2991085172607268,0.11478237269617697,True
12534,Camassia quamash,mixed_uncertain,not_evaluable_ambiguous_palette_composition,white,0.5061883950643059,white,blue_purple,0.4960942679455795,0.26730157399278304,0.23888682107152287,True
12650,Asclepias albicans,mixed_uncertain,not_evaluable_ambiguous_palette_composition,white,0.5317776487112813,white,yellow_orange,0.2802099464263494,0.45230591422977784,0.07947173448150346,True
12660,Asclepias albicans,mixed_uncertain,not_evaluable_ambiguous_palette_composition,white,0.5283075644848242,white,yellow_orange,0.28094463454080426,0.44776267522010144,0.08054488926472275,True
12676,Asclepias albicans,mixed_uncertain,not_evaluable_ambiguous_palette_composition,white,0.6335929075269005,white,yellow_orange,0.3456453717405318,0.5314528534949889,0.10214005403191151,True
12688,Asclepias albicans,mixed_uncertain,not_evaluable_ambiguous_palette_composition,white,0.5680970328805396,white,yellow_orange,0.3069095598729662,0.47844915622540674,0.08964787665513285,True
12709,Rubus odoratus,mixed_uncertain,not_evaluable_ambiguous_palette_composition,red_pink,0.34857210026693314,white,red_pink,0.7334876410862972,0.26347523187169214,0.085096868395241,True
12725,Rubus odoratus,mixed_uncertain,not_evaluable_ambiguous_palette_composition,red_pink,0.44524416869531724,red_pink,blue_purple,0.4649825813235488,0.31762898275813145,0.1276151859371858,True
12733,Rubus odoratus,mixed_uncertain,not_evaluable_ambiguous_palette_composition,red_pink,0.42049876023336624,white,red_pink,0.5376405164355957,0.14164560999106823,0.278853150242298,True
12736,Rubus odoratus,mixed_uncertain,not_evaluable_ambiguous_palette_composition,red_pink,0.5138525211712579,red_pink,blue_purple,0.45358894391009363,0.41400817900049364,0.09984434217076427,True
12746,Rubus odoratus,mixed_uncertain,not_evaluable_ambiguous_palette_composition,red_pink,0.5699058298523954,red_pink,blue_purple,0.4603503706747319,0.47892431738257923,0.09098151246981612,True
12754,Rubus odoratus,mixed_uncertain,not_evaluable_ambiguous_palette_composition,blue_purple,0.45568909283297604,red_pink,blue_purple,0.5834342289018322,0.3598847504986001,0.09580434233437596,True
12755,Rubus odoratus,mixed_uncertain,not_evaluable_ambiguous_palette_composition,red_pink,0.49660897900001966,red_pink,blue_purple,0.4423615992135007,0.39813095196295534,0.09847802703706432,True
12756,Rubus odoratus,mixed_uncertain,not_evaluable_ambiguous_palette_composition,red_pink,0.4399102187953478,white,red_pink,0.5575463778767434,0.22354475784297928,0.21636546095236853,True
12758,Rubus odoratus,mixed_uncertain,not_evaluable_ambiguous_palette_composition,red_pink,0.45432920875863675,red_pink,blue_purple,0.4813740633837123,0.31949338706169605,0.1348358216969407,True
12765,Rubus odoratus,mixed_uncertain,not_evaluable_ambiguous_palette_composition,red_pink,0.3489614537122519,white,red_pink,0.7246957049399294,0.2572892680350074,0.0916721856772445,True
12766,Rubus odoratus,mixed_uncertain,not_evaluable_ambiguous_palette_composition,red_pink,0.30115530498169835,white,red_pink,0.7546564734602466,0.21576949102779314,0.08538581395390521,True
12781,Rubus odoratus,mixed_uncertain,not_evaluable_ambiguous_palette_composition,blue_purple,0.4468424474486126,white,blue_purple,0.6425540266289832,0.32208930908445504,0.12475313836415758,True
12785,Rubus odoratus,mixed_uncertain,not_evaluable_ambiguous_palette_composition,red_pink,0.4336437193245373,white,red_pink,0.5953803782191249,0.2607644390527089,0.17287928027182842,True
12794,Rubus odoratus,mixed_uncertain,not_evaluable_ambiguous_palette_composition,blue_purple,0.5461985542949671,red_pink,blue_purple,0.5487836818838879,0.4545963721068443,0.09160218218812283,True
12796,Rubus odoratus,mixed_uncertain,not_evaluable_ambiguous_palette_composition,blue_purple,0.5871923268789507,red_pink,blue_purple,0.5721747875611879,0.5122288037035354,0.07496352317541533,True
12885,Clematis virginiana,mixed_uncertain,not_evaluable_ambiguous_palette_composition,white,0.4533615763535156,white,yellow_orange,0.28497568309160454,0.35305385830141445,0.10030771805210115,True
12930,Ranunculus uncinatus,mixed_uncertain,not_evaluable_ambiguous_palette_composition,red_pink,0.4491669751069153,white,red_pink,0.6314230529865237,0.3195888118691139,0.12957816323780136,True
12942,Ranunculus uncinatus,mixed_uncertain,not_evaluable_ambiguous_palette_composition,yellow_orange,0.495987356135262,white,yellow_orange,0.5400655217649155,0.18788572169815335,0.3081016344371087,True
12947,Ranunculus uncinatus,mixed_uncertain,not_evaluable_ambiguous_palette_composition,yellow_orange,0.5025010492640222,white,yellow_orange,0.534371355732772,0.19119477555665046,0.31130627370737174,True
12961,Ranunculus uncinatus,mixed_uncertain,not_evaluable_ambiguous_palette_composition,yellow_orange,0.4516833643687973,white,yellow_orange,0.5942934101856236,0.20017874928923174,0.25150461507956556,True
12962,Ranunculus uncinatus,mixed_uncertain,not_evaluable_ambiguous_palette_composition,yellow_orange,0.4858266155253077,white,yellow_orange,0.5541291225516338,0.19497063753853694,0.29085597798677076,True
13064,Rorippa palustris,mixed_uncertain,not_evaluable_ambiguous_palette_composition,yellow_orange,0.4911078610106428,white,yellow_orange,0.5152264987494685,0.0843313459851016,0.4067765150255412,True
13202,Trifolium incarnatum,mixed_uncertain,not_evaluable_ambiguous_palette_composition,red_pink,0.5165969856559107,white,red_pink,0.576011780986944,0.3674988905899108,0.1490980950659999,True
13204,Trifolium incarnatum,mixed_uncertain,not_evaluable_ambiguous_palette_composition,red_pink,0.31541099069860773,white,red_pink,0.7859868308850065,0.2567082582072031,0.05870273249140462,True
13207,Trifolium incarnatum,mixed_uncertain,not_evaluable_ambiguous_palette_composition,red_pink,0.4947171907462964,yellow_orange,red_pink,0.7844812536640573,0.46238068942148236,0.032336501324814027,True
13219,Trifolium incarnatum,mixed_uncertain,not_evaluable_ambiguous_palette_composition,white,0.5587957676052066,white,red_pink,0.4847063365405081,0.37413647230995944,0.1846592952952471,True
13250,Trifolium incarnatum,mixed_uncertain,not_evaluable_ambiguous_palette_composition,red_pink,0.46548698183860254,yellow_orange,red_pink,0.796436520709791,0.4348187312149225,0.03066825062368006,True
13259,Trifolium incarnatum,mixed_uncertain,not_evaluable_ambiguous_palette_composition,white,0.4117618013085477,white,yellow_orange,0.35798212926548595,0.20470422817976774,0.20705757312877998,True
13262,Trifolium incarnatum,mixed_uncertain,not_evaluable_ambiguous_palette_composition,red_pink,0.4560261664693132,white,red_pink,0.5139902985091098,0.1864336970778444,0.2695924693914688,True
13275,Trifolium incarnatum,mixed_uncertain,not_evaluable_ambiguous_palette_composition,red_pink,0.5915157509235782,white,red_pink,0.6433742147184656,0.5065887704998232,0.08492698042375502,True
13284,Trifolium incarnatum,mixed_uncertain,not_evaluable_ambiguous_palette_composition,red_pink,0.5050750548344347,white,red_pink,0.6857242744432711,0.42740648401268455,0.07766857082175016,True
13295,Trifolium incarnatum,mixed_uncertain,not_evaluable_ambiguous_palette_composition,red_pink,0.5405982444736301,yellow_orange,red_pink,0.7586780650470456,0.5034310134089357,0.03716723106469444,True
13298,Trifolium incarnatum,mixed_uncertain,not_evaluable_ambiguous_palette_composition,red_pink,0.648528084776483,yellow_orange,red_pink,0.7162537284197502,0.6057577052032806,0.0427703795732024,True
13427,Calochortus flexuosus,mixed_uncertain,not_evaluable_ambiguous_palette_composition,red_pink,0.32281515487315393,white,red_pink,0.7908503423688525,0.26857731199801416,0.054237842875139775,True
13438,Calochortus flexuosus,mixed_uncertain,not_evaluable_ambiguous_palette_composition,blue_purple,0.38827121984048557,white,blue_purple,0.6054327137705253,0.18403545391320722,0.20423576592727835,True
13465,Calochortus flexuosus,mixed_uncertain,not_evaluable_ambiguous_palette_composition,red_pink,0.3750553102466297,white,red_pink,0.66993284214017,0.24653779534827838,0.1285175148983513,True
13469,Calochortus flexuosus,mixed_uncertain,not_evaluable_ambiguous_palette_composition,red_pink,0.4222348603772726,white,red_pink,0.5597595587437197,0.19017366663089136,0.23206119374638123,True
13481,Calochortus flexuosus,mixed_uncertain,not_evaluable_ambiguous_palette_composition,white,0.4347558783811893,white,red_pink,0.47390338559247785,0.1559861236121144,0.2787697547690749,True
13663,Banksia serrata,mixed_uncertain,not_evaluable_ambiguous_palette_composition,white,0.4700005996273196,white,yellow_orange,0.46149905926383733,0.093606621145949,0.3763939784813706,True
13749,Capparis spinosa,mixed_uncertain,not_evaluable_ambiguous_palette_composition,yellow_orange,0.4386812739601581,white,yellow_orange,0.6111248212213337,0.2044894279106275,0.2341918460495306,True
13758,Capparis spinosa,mixed_uncertain,not_evaluable_ambiguous_palette_composition,red_pink,0.4557020594973396,white,red_pink,0.5368715273544249,0.22446999247541585,0.23123206702192375,True
13816,Uvularia sessilifolia,mixed_uncertain,not_evaluable_ambiguous_palette_composition,blue_purple,0.5364493985651313,white,blue_purple,0.534554610526888,0.35373332018467873,0.18271607838045256,True
13952,Yucca schidigera,mixed_uncertain,not_evaluable_ambiguous_palette_composition,blue_purple,0.2820896491085384,white,blue_purple,0.7046676759291809,0.11870038859809244,0.16338926051044594,True
13998,Yucca schidigera,mixed_uncertain,not_evaluable_ambiguous_palette_composition,white,0.5456575422889276,white,yellow_orange,0.2993547394379472,0.45660004204497273,0.08905750024395487,True
14106,Veronica polita,mixed_uncertain,not_evaluable_ambiguous_palette_composition,blue_purple,0.501143474682263,white,blue_purple,0.5553933769929784,0.32051885903904587,0.18062461564321708,True
14112,Veronica polita,mixed_uncertain,not_evaluable_ambiguous_palette_composition,blue_purple,0.42885791518132,white,blue_purple,0.5241972902134988,0.11810634506295015,0.31075157011836985,True
14120,Veronica polita,mixed_uncertain,not_evaluable_ambiguous_palette_composition,yellow_orange,0.47246211698346624,white,yellow_orange,0.5335285897484859,0.08053667963645421,0.391925437347012,True
14128,Veronica polita,mixed_uncertain,not_evaluable_ambiguous_palette_composition,blue_purple,0.5375612146967204,white,blue_purple,0.5297897524453925,0.35067669229465664,0.1868845224020637,True
14132,Veronica polita,mixed_uncertain,not_evaluable_ambiguous_palette_composition,blue_purple,0.4776160265633689,white,blue_purple,0.704309327837326,0.4030797311562195,0.0745362954071494,True
14159,Veronica polita,mixed_uncertain,not_evaluable_ambiguous_palette_composition,blue_purple,0.5343076398071873,white,blue_purple,0.5197250988042746,0.3351185641338202,0.19918907567336713,True
14172,Veronica polita,mixed_uncertain,not_evaluable_ambiguous_palette_composition,blue_purple,0.511718391027824,white,blue_purple,0.510406896533701,0.28616481414956174,0.22555357687826227,True
14192,Veronica polita,mixed_uncertain,not_evaluable_ambiguous_palette_composition,white,0.4399556299471669,white,red_pink,0.4456059246782593,0.21899651794642633,0.2209591120007406,True
14207,Lupinus arizonicus,mixed_uncertain,not_evaluable_ambiguous_palette_composition,red_pink,0.4337459753136951,white,red_pink,0.646669527767783,0.3107931394791707,0.12295283583452438,True
14217,Lupinus arizonicus,mixed_uncertain,not_evaluable_ambiguous_palette_composition,red_pink,0.4666405557357403,red_pink,blue_purple,0.47519557035960214,0.34069872441098403,0.12594183132475628,True
14227,Lupinus arizonicus,mixed_uncertain,not_evaluable_ambiguous_palette_composition,blue_purple,0.48510135935878385,white,blue_purple,0.5885055488915171,0.32892826497313826,0.15617309438564558,True
14235,Lupinus arizonicus,mixed_uncertain,not_evaluable_ambiguous_palette_composition,blue_purple,0.4775893782332735,yellow_orange,blue_purple,0.5702192757583809,0.2937012662046937,0.1838881120285798,True
14237,Lupinus arizonicus,mixed_uncertain,not_evaluable_ambiguous_palette_composition,blue_purple,0.4344416156128611,white,blue_purple,0.6735480664794476,0.3297380498002553,0.10470356581260581,True
14245,Lupinus arizonicus,mixed_uncertain,not_evaluable_ambiguous_palette_composition,red_pink,0.3595750054770389,white,red_pink,0.7840674426611592,0.3083895312162604,0.05118547426077852,True
14253,Lupinus arizonicus,mixed_uncertain,not_evaluable_ambiguous_palette_composition,blue_purple,0.4907057593189861,red_pink,blue_purple,0.539788706350729,0.38134713558663846,0.10935862373234762,True
14254,Lupinus arizonicus,mixed_uncertain,not_evaluable_ambiguous_palette_composition,blue_purple,0.349951494525011,white,blue_purple,0.6345686661791261,0.14901513946727696,0.20093635505773405,True
14258,Lupinus arizonicus,mixed_uncertain,not_evaluable_ambiguous_palette_composition,red_pink,0.467796145568322,white,red_pink,0.6025162679194133,0.3209072821927985,0.14688886337552348,True
14261,Lupinus arizonicus,mixed_uncertain,not_evaluable_ambiguous_palette_composition,blue_purple,0.4639015806556172,red_pink,blue_purple,0.5572241867137637,0.35626866955268804,0.10763291110292916,True
14269,Lupinus arizonicus,mixed_uncertain,not_evaluable_ambiguous_palette_composition,red_pink,0.32486239932049277,red_pink,blue_purple,0.31804288321430846,0.24492717774375625,0.07993522157673652,True
14273,Lupinus arizonicus,mixed_uncertain,not_evaluable_ambiguous_palette_composition,blue_purple,0.47530867255289766,red_pink,blue_purple,0.5354121754216709,0.358788749485888,0.11651992306700965,True
14274,Lupinus arizonicus,mixed_uncertain,not_evaluable_ambiguous_palette_composition,blue_purple,0.49077154297771897,red_pink,blue_purple,0.5117138706680749,0.3653762097298683,0.12539533324785068,True
14276,Lupinus arizonicus,mixed_uncertain,not_evaluable_ambiguous_palette_composition,blue_purple,0.45596391225992156,red_pink,blue_purple,0.5652768061205429,0.3504390401649254,0.10552487209499617,True
14279,Lupinus arizonicus,mixed_uncertain,not_evaluable_ambiguous_palette_composition,blue_purple,0.4801866125103008,red_pink,blue_purple,0.5214036652121028,0.3569886020078752,0.12319801050242563,True
14280,Lupinus arizonicus,mixed_uncertain,not_evaluable_ambiguous_palette_composition,blue_purple,0.44726237783736794,white,blue_purple,0.5934555571927628,0.27559804528563303,0.1716643325517349,True
14282,Lupinus arizonicus,mixed_uncertain,not_evaluable_ambiguous_palette_composition,red_pink,0.4792011315969145,red_pink,blue_purple,0.48288430940210125,0.3530424803299378,0.12615865126697673,True
14283,Lupinus arizonicus,mixed_uncertain,not_evaluable_ambiguous_palette_composition,blue_purple,0.41358681023073063,red_pink,blue_purple,0.638511429969777,0.3349841015143975,0.07860270871633313,True
14294,Lupinus arizonicus,mixed_uncertain,not_evaluable_ambiguous_palette_composition,blue_purple,0.4879525567984701,yellow_orange,blue_purple,0.656208367801942,0.3838530160494633,0.10409954074900679,True
14299,Lupinus arizonicus,mixed_uncertain,not_evaluable_ambiguous_palette_composition,blue_purple,0.44948592842988067,white,blue_purple,0.5394398216795859,0.20684118927046835,0.24264473915941231,True
14375,Rubus trivialis,mixed_uncertain,not_evaluable_ambiguous_palette_composition,white,0.40507401384466235,white,yellow_orange,0.3629084555595324,0.18139380171564973,0.22368021212901262,True
14436,Sagittaria lancifolia,mixed_uncertain,not_evaluable_ambiguous_palette_composition,yellow_orange,0.49888342631015187,white,yellow_orange,0.5093462860592348,0.0953755802514771,0.40350784605867474,True
14506,Centranthus calcitrapae,mixed_uncertain,not_evaluable_ambiguous_palette_composition,red_pink,0.4056274701730427,white,red_pink,0.5982114934192843,0.21484632263977874,0.19078114753326395,True
14526,Centranthus calcitrapae,mixed_uncertain,not_evaluable_ambiguous_palette_composition,red_pink,0.46653061363642395,white,yellow_orange,0.47974781917330406,0.2561298070746646,0.21040080656175936,True
14536,Centranthus calcitrapae,mixed_uncertain,not_evaluable_ambiguous_palette_composition,blue_purple,0.3427448506235883,white,blue_purple,0.6594847215483015,0.17441170994654706,0.16833314067704122,True
14561,Centranthus calcitrapae,mixed_uncertain,not_evaluable_ambiguous_palette_composition,white,0.4821354261515343,white,yellow_orange,0.4547126883308767,0.16281691202567145,0.3193185141258629,True
14579,Centranthus calcitrapae,mixed_uncertain,not_evaluable_ambiguous_palette_composition,yellow_orange,0.4325638416178879,white,yellow_orange,0.5713574058173947,0.06406447316266566,0.36849936845522224,True
14581,Centranthus calcitrapae,mixed_uncertain,not_evaluable_ambiguous_palette_composition,white,0.4713134930235162,white,red_pink,0.42810114831477086,0.2962255763798502,0.17508791664366602,True
14606,Agrostemma githago,mixed_uncertain,not_evaluable_ambiguous_palette_composition,blue_purple,0.4747456697718453,white,blue_purple,0.543636364299802,0.26271296275783684,0.21203270701400845,True
14609,Agrostemma githago,mixed_uncertain,not_evaluable_ambiguous_palette_composition,red_pink,0.45821974878526195,red_pink,blue_purple,0.48578213518789765,0.32203518833379524,0.1361845604514667,True
14618,Agrostemma githago,mixed_uncertain,not_evaluable_ambiguous_palette_composition,red_pink,0.4511308228221926,yellow_orange,red_pink,0.7824462486743603,0.41470784452854254,0.03642297829365004,True
14622,Agrostemma githago,mixed_uncertain,not_evaluable_ambiguous_palette_composition,blue_purple,0.46332882896465927,red_pink,blue_purple,0.5430910871452882,0.3473770994783362,0.11595172948632304,True
14625,Agrostemma githago,mixed_uncertain,not_evaluable_ambiguous_palette_composition,red_pink,0.4115353493953535,white,red_pink,0.5959674364463414,0.22284672627568763,0.1886886231196659,True
14633,Agrostemma githago,mixed_uncertain,not_evaluable_ambiguous_palette_composition,blue_purple,0.45172257756539386,white,blue_purple,0.6290233463396616,0.31737487466965847,0.1343477028957354,True
14636,Agrostemma githago,mixed_uncertain,not_evaluable_ambiguous_palette_composition,blue_purple,0.5025927778067114,red_pink,blue_purple,0.5402668054623958,0.39677580511535565,0.10581697269135576,True
14638,Agrostemma githago,mixed_uncertain,not_evaluable_ambiguous_palette_composition,blue_purple,0.4591417916014977,red_pink,blue_purple,0.596059124285814,0.3705941445463382,0.0885476470551595,True
14667,Agrostemma githago,mixed_uncertain,not_evaluable_ambiguous_palette_composition,blue_purple,0.5016389939744484,red_pink,blue_purple,0.5542467565301781,0.4027072654054546,0.09893172856899385,True
14672,Agrostemma githago,mixed_uncertain,not_evaluable_ambiguous_palette_composition,red_pink,0.41113180052512704,white,red_pink,0.6119482198110725,0.24209605939874798,0.16903574112637906,True
14675,Agrostemma githago,mixed_uncertain,not_evaluable_ambiguous_palette_composition,blue_purple,0.6060444131992075,red_pink,blue_purple,0.5574287429093191,0.5282935415567858,0.07775087164242178,True
14680,Agrostemma githago,mixed_uncertain,not_evaluable_ambiguous_palette_composition,yellow_orange,0.5225739120334436,white,yellow_orange,0.5309644593801712,0.2322927705647487,0.2902811414686949,True
14681,Agrostemma githago,mixed_uncertain,not_evaluable_ambiguous_palette_composition,blue_purple,0.39240513953733,red_pink,blue_purple,0.5719793013309997,0.2673760979945552,0.12502904154277483,True
14686,Agrostemma githago,mixed_uncertain,not_evaluable_ambiguous_palette_composition,red_pink,0.4029435114180775,white,red_pink,0.6190036952984187,0.2364811632857436,0.1664623481323339,True
14693,Agrostemma githago,mixed_uncertain,not_evaluable_ambiguous_palette_composition,blue_purple,0.484005361481723,red_pink,blue_purple,0.5631427500688032,0.38513387623774437,0.09887148524397865,True
14701,Allium praecox,mixed_uncertain,not_evaluable_ambiguous_palette_composition,red_pink,0.45568340688358117,white,red_pink,0.5646143827244609,0.2620081136079006,0.19367529327568056,True
14706,Allium praecox,mixed_uncertain,not_evaluable_ambiguous_palette_composition,red_pink,0.4062954349474067,white,red_pink,0.6450027275081998,0.26956827789690224,0.13672715705050448,True
14721,Allium praecox,mixed_uncertain,not_evaluable_ambiguous_palette_composition,red_pink,0.41170289925274334,white,red_pink,0.5966197213559065,0.22401960442023972,0.18768329483250362,True
14724,Allium praecox,mixed_uncertain,not_evaluable_ambiguous_palette_composition,red_pink,0.390282542435458,white,red_pink,0.659070215792661,0.2590177828129147,0.1312647596225433,True
14744,Allium praecox,mixed_uncertain,not_evaluable_ambiguous_palette_composition,red_pink,0.4863364165860495,white,red_pink,0.5360143735038209,0.2804689039092715,0.205867512676778,True
14768,Allium praecox,mixed_uncertain,not_evaluable_ambiguous_palette_composition,red_pink,0.4053623582883771,white,red_pink,0.6118150513992064,0.23199997375255496,0.17336238453582212,True
14778,Allium praecox,mixed_uncertain,not_evaluable_ambiguous_palette_composition,red_pink,0.39667846047263916,white,red_pink,0.6343480436569701,0.24354592580261616,0.153132534670023,True
14779,Allium praecox,mixed_uncertain,not_evaluable_ambiguous_palette_composition,red_pink,0.4680879955812491,white,red_pink,0.5144225005638575,0.21496964129042476,0.2531183542908243,True
14781,Allium praecox,mixed_uncertain,not_evaluable_ambiguous_palette_composition,red_pink,0.4698006577830617,white,blue_purple,0.5270335477225073,0.24682421737396334,0.22297644040909834,True
14824,Bidens cernua,mixed_uncertain,not_evaluable_ambiguous_palette_composition,white,0.44082205860851814,white,yellow_orange,0.4295914528310049,0.10249754882754347,0.33832450978097467,True
14915,Brandegea bigelovii,mixed_uncertain,not_evaluable_ambiguous_palette_composition,white,0.4394070438544367,white,yellow_orange,0.3464756397488637,0.2711242184384976,0.16828282541593909,True
15016,Buddleja davidii,mixed_uncertain,not_evaluable_ambiguous_palette_composition,red_pink,0.34452670705657473,red_pink,blue_purple,0.2830409533137829,0.2874471255584958,0.05707958149807896,True
15018,Buddleja davidii,mixed_uncertain,not_evaluable_ambiguous_palette_composition,blue_purple,0.3888649915570923,white,blue_purple,0.6218198132635201,0.20937480861930804,0.17949018293778427,True
15030,Buddleja davidii,mixed_uncertain,not_evaluable_ambiguous_palette_composition,blue_purple,0.4172882627872667,white,blue_purple,0.6057117249135151,0.23960227647148205,0.17768598631578467,True
15036,Buddleja davidii,mixed_uncertain,not_evaluable_ambiguous_palette_composition,blue_purple,0.47566828394688815,yellow_orange,blue_purple,0.5186550371461566,0.21989603886188144,0.25577224508500673,True
15045,Buddleja davidii,mixed_uncertain,not_evaluable_ambiguous_palette_composition,blue_purple,0.41867535134657513,yellow_orange,blue_purple,0.6275281956406046,0.2622228695015188,0.15645248184505633,True
15046,Buddleja davidii,mixed_uncertain,not_evaluable_ambiguous_palette_composition,blue_purple,0.39636451954385343,red_pink,blue_purple,0.5642744677462095,0.2676124118634678,0.12875210768038564,True
15051,Buddleja davidii,mixed_uncertain,not_evaluable_ambiguous_palette_composition,blue_purple,0.369926070857659,white,blue_purple,0.595699382313177,0.11883572266235456,0.2510903481953044,True
15055,Buddleja davidii,mixed_uncertain,not_evaluable_ambiguous_palette_composition,blue_purple,0.4497786903417142,red_pink,blue_purple,0.5164883231916629,0.31150143074410674,0.13827725959760745,True
15058,Buddleja davidii,mixed_uncertain,not_evaluable_ambiguous_palette_composition,white,0.4792905946146901,white,red_pink,0.4971846773689568,0.22013761372021515,0.2591529808944749,True
15083,Buddleja davidii,mixed_uncertain,not_evaluable_ambiguous_palette_composition,red_pink,0.35718508584481906,white,red_pink,0.7375795475931308,0.27764171585500114,0.07954336998981792,True
15100,Calochortus plummerae,mixed_uncertain,not_evaluable_ambiguous_palette_composition,red_pink,0.40603788762386517,yellow_orange,red_pink,0.8074681180804251,0.37438946199986034,0.03164842562400483,False
15115,Calochortus plummerae,mixed_uncertain,not_evaluable_ambiguous_palette_composition,white,0.4283026679723839,white,yellow_orange,0.424996018231208,0.05946841041347106,0.36883425755891286,True
15116,Calochortus plummerae,mixed_uncertain,not_evaluable_ambiguous_palette_composition,white,0.5905787288991511,white,yellow_orange,0.3179382366908709,0.4980949946503209,0.09248373424883016,True
15119,Calochortus plummerae,mixed_uncertain,not_evaluable_ambiguous_palette_composition,red_pink,0.5556761502070884,white,red_pink,0.5792052112885048,0.4230096405857041,0.13266650962138427,True
15120,Calochortus plummerae,mixed_uncertain,not_evaluable_ambiguous_palette_composition,red_pink,0.4325873134359131,white,red_pink,0.5924410716979109,0.25560224672244697,0.17698506671346614,True
15125,Calochortus plummerae,mixed_uncertain,not_evaluable_ambiguous_palette_composition,red_pink,0.29658976990965885,white,red_pink,0.7513260360563466,0.20644854633467163,0.09014122357498722,True
15136,Calochortus plummerae,mixed_uncertain,not_evaluable_ambiguous_palette_composition,blue_purple,0.5129275383502514,red_pink,blue_purple,0.5460979651428366,0.41270459405872184,0.10022294429152956,True
15137,Calochortus plummerae,mixed_uncertain,not_evaluable_ambiguous_palette_composition,white,0.41061630543778754,white,yellow_orange,0.34516902653780707,0.2234629207144871,0.18715338472330045,True
15139,Calochortus plummerae,mixed_uncertain,not_evaluable_ambiguous_palette_composition,red_pink,0.5053808661102317,white,red_pink,0.5107666931095217,0.282669817464104,0.22271104864612767,True
15149,Calochortus plummerae,mixed_uncertain,not_evaluable_ambiguous_palette_composition,red_pink,0.5081531566937733,white,yellow_orange,0.49219364929294346,0.3372284042477483,0.17092475244602495,True
15151,Calochortus plummerae,mixed_uncertain,not_evaluable_ambiguous_palette_composition,red_pink,0.3650753271903419,white,red_pink,0.7388567259866428,0.2885724474655367,0.07650287972480524,True
15153,Calochortus plummerae,mixed_uncertain,not_evaluable_ambiguous_palette_composition,white,0.4322819545776936,white,red_pink,0.4582166864943673,0.18140693337626293,0.2508750212014307,True
15156,Calochortus plummerae,mixed_uncertain,not_evaluable_ambiguous_palette_composition,red_pink,0.4366168983930109,white,red_pink,0.5470149361341758,0.20042616518176445,0.23619073321124642,True
15159,Calochortus plummerae,mixed_uncertain,not_evaluable_ambiguous_palette_composition,red_pink,0.45337378093671327,red_pink,blue_purple,0.49417842086824143,0.309166951982344,0.14420682895436926,True
15161,Calochortus plummerae,mixed_uncertain,not_evaluable_ambiguous_palette_composition,red_pink,0.47441959286100366,white,red_pink,0.5431405852990435,0.2683756019024139,0.20604399095858977,True
15163,Calochortus plummerae,mixed_uncertain,not_evaluable_ambiguous_palette_composition,red_pink,0.3781404805062557,yellow_orange,red_pink,0.7793275962109255,0.3324803220609506,0.04566015844530513,True
15176,Calochortus plummerae,mixed_uncertain,not_evaluable_ambiguous_palette_composition,white,0.4750427016951145,white,yellow_orange,0.46333045389695277,0.10881259380316956,0.36623010789194493,True
15192,Calochortus plummerae,mixed_uncertain,not_evaluable_ambiguous_palette_composition,red_pink,0.4312719394859539,yellow_orange,red_pink,0.8832955950978456,0.4206189921271802,0.010652947358773701,False
15197,Calochortus plummerae,mixed_uncertain,not_evaluable_ambiguous_palette_composition,red_pink,0.44063501705037034,white,red_pink,0.5476287151405503,0.21000718990496334,0.230627827145407,True
15198,Calochortus plummerae,mixed_uncertain,not_evaluable_ambiguous_palette_composition,red_pink,0.5366921424086601,white,red_pink,0.6040266936510691,0.41601141673043046,0.12068072567822968,True
15343,Chondrilla juncea,mixed_uncertain,not_evaluable_ambiguous_palette_composition,white,0.5086064922045572,white,yellow_orange,0.4983037004482944,0.10656841423775133,0.4020380779668059,True
15416,Cneoridium dumosum,mixed_uncertain,not_evaluable_ambiguous_palette_composition,white,0.47443653138504227,white,yellow_orange,0.40022845970945725,0.25601022241223326,0.218426308972809,True
15425,Cneoridium dumosum,mixed_uncertain,not_evaluable_ambiguous_palette_composition,red_pink,0.3395821866981106,white,red_pink,0.6921990388810291,0.21411449681750863,0.12546768988060195,True
15436,Cneoridium dumosum,mixed_uncertain,not_evaluable_ambiguous_palette_composition,white,0.5715224668125898,white,yellow_orange,0.4223097627429805,0.3860030015409626,0.18551946527162716,True
15471,Cneoridium dumosum,mixed_uncertain,not_evaluable_ambiguous_palette_composition,white,0.6243968799153228,white,yellow_orange,0.3458252568272541,0.5203361737878482,0.10406070612747453,True
15486,Cneoridium dumosum,mixed_uncertain,not_evaluable_ambiguous_palette_composition,white,0.4787242721012942,white,yellow_orange,0.47781593751602897,0.042101565800565524,0.4366227063007287,True
15507,Collinsia grandiflora,mixed_uncertain,not_evaluable_ambiguous_palette_composition,blue_purple,0.4418138451162795,white,blue_purple,0.5576680580289556,0.2197765934429929,0.2220372516732866,True
15511,Collinsia grandiflora,mixed_uncertain,not_evaluable_ambiguous_palette_composition,blue_purple,0.47239578094281953,white,blue_purple,0.5612031537695406,0.28035453938173793,0.1920412415610816,True
15523,Collinsia grandiflora,mixed_uncertain,not_evaluable_ambiguous_palette_composition,blue_purple,0.49923933189212527,white,blue_purple,0.5716916667169705,0.3339295910535871,0.16530974083853817,True
15534,Collinsia grandiflora,mixed_uncertain,not_evaluable_ambiguous_palette_composition,blue_purple,0.342418170625346,white,blue_purple,0.6833114360429972,0.2048224641324988,0.13759570649284722,True
15547,Collinsia grandiflora,mixed_uncertain,not_evaluable_ambiguous_palette_composition,blue_purple,0.4847649375984074,yellow_orange,blue_purple,0.5575725124841656,0.2910257399138071,0.1937391976846003,True
15550,Collinsia grandiflora,mixed_uncertain,not_evaluable_ambiguous_palette_composition,white,0.45512883028785034,white,blue_purple,0.46480731909588563,0.21198396322925703,0.2431448670585933,True
15557,Collinsia grandiflora,mixed_uncertain,not_evaluable_ambiguous_palette_composition,white,0.514267951740532,white,blue_purple,0.47800026555885267,0.30484068182988616,0.2094272699106458,True
15580,Collinsia grandiflora,mixed_uncertain,not_evaluable_ambiguous_palette_composition,blue_purple,0.4155644983015096,white,blue_purple,0.5803438909785038,0.20117478273340925,0.21438971556810035,True
15583,Collinsia grandiflora,mixed_uncertain,not_evaluable_ambiguous_palette_composition,blue_purple,0.4541959900196192,white,blue_purple,0.5479994182787118,0.2300091511000918,0.2241868389195274,True
15590,Collinsia grandiflora,mixed_uncertain,not_evaluable_ambiguous_palette_composition,blue_purple,0.39618661426103924,white,blue_purple,0.5556277087195625,0.093315548746518,0.30287106551452125,True
15596,Collinsia grandiflora,mixed_uncertain,not_evaluable_ambiguous_palette_composition,blue_purple,0.420921424468346,white,blue_purple,0.579423489919117,0.2106458221071594,0.21027560236118661,True
15602,Commelina benghalensis,mixed_uncertain,not_evaluable_ambiguous_palette_composition,blue_purple,0.531495984540537,white,blue_purple,0.5446005565592809,0.35606553057524715,0.1754304539652899,True
15613,Commelina benghalensis,mixed_uncertain,not_evaluable_ambiguous_palette_composition,blue_purple,0.5185838114764313,white,blue_purple,0.563763493482705,0.35503819545285054,0.16354561602358075,True
15618,Commelina benghalensis,mixed_uncertain,not_evaluable_ambiguous_palette_composition,blue_purple,0.5284450607310003,white,blue_purple,0.5544357716506543,0.36083478398085345,0.16761027675014684,True
15626,Commelina benghalensis,mixed_uncertain,not_evaluable_ambiguous_palette_composition,white,0.5232461770303792,white,blue_purple,0.4816233780985489,0.315646181629153,0.20759999540122626,True
15632,Commelina benghalensis,mixed_uncertain,not_evaluable_ambiguous_palette_composition,blue_purple,0.45220189945808936,white,blue_purple,0.5091844719850162,0.15369236668476632,0.29850953277332304,True
15639,Commelina benghalensis,mixed_uncertain,not_evaluable_ambiguous_palette_composition,blue_purple,0.4739370495067081,white,blue_purple,0.6138205027171862,0.3356300980825432,0.13830695142416494,True
15678,Commelina benghalensis,mixed_uncertain,not_evaluable_ambiguous_palette_composition,white,0.4773233307821803,white,blue_purple,0.45644529867062383,0.2672381822270712,0.21008514855510912,True
15688,Commelina benghalensis,mixed_uncertain,not_evaluable_ambiguous_palette_composition,blue_purple,0.5186649273975005,white,blue_purple,0.5405175011252434,0.3324205186282324,0.18624440876926807,True
15694,Commelina benghalensis,mixed_uncertain,not_evaluable_ambiguous_palette_composition,blue_purple,0.5327591284733264,white,blue_purple,0.5108326262371836,0.3227688380822121,0.20999029039111433,True
15800,Cotyledon orbiculata,mixed_uncertain,not_evaluable_ambiguous_palette_composition,red_pink,0.38520105458529535,white,red_pink,0.6274386051364413,0.2158715442539081,0.16932951033138727,True
15820,Cotyledon orbiculata,mixed_uncertain,not_evaluable_ambiguous_palette_composition,red_pink,0.5332401333187513,yellow_orange,red_pink,0.7599081121501399,0.49591927673964087,0.03732085657911044,True
15822,Cotyledon orbiculata,mixed_uncertain,not_evaluable_ambiguous_palette_composition,red_pink,0.5160580328092367,white,red_pink,0.7454778150124423,0.4677750906455813,0.04828294216365536,True
15824,Cotyledon orbiculata,mixed_uncertain,not_evaluable_ambiguous_palette_composition,red_pink,0.40548663740223606,white,red_pink,0.6051563162567624,0.22383365346260237,0.1816529839396337,True
15827,Cotyledon orbiculata,mixed_uncertain,not_evaluable_ambiguous_palette_composition,red_pink,0.3951792893272127,white,red_pink,0.5786728751499816,0.16124243808133246,0.23393685124588023,True
15848,Cotyledon orbiculata,mixed_uncertain,not_evaluable_ambiguous_palette_composition,red_pink,0.5634953532048208,white,red_pink,0.5603543232275512,0.41927854434187045,0.14421680886295035,True
15874,Cotyledon orbiculata,mixed_uncertain,not_evaluable_ambiguous_palette_composition,red_pink,0.5969562666953371,white,red_pink,0.5702933860333002,0.47006395563765346,0.12689231105768362,True
15892,Cotyledon orbiculata,mixed_uncertain,not_evaluable_ambiguous_palette_composition,red_pink,0.47928453176372215,white,yellow_orange,0.46679724832884134,0.2771976618372093,0.20208686992651287,True
15893,Cotyledon orbiculata,mixed_uncertain,not_evaluable_ambiguous_palette_composition,red_pink,0.6258412140945632,white,red_pink,0.5062690698200041,0.46144105002638774,0.16440016406817543,True
16013,Delphinium glaucum,mixed_uncertain,not_evaluable_ambiguous_palette_composition,blue_purple,0.4096616558732398,white,blue_purple,0.5364799716763027,0.08071452936238632,0.3289471265108535,True
16045,Delphinium glaucum,mixed_uncertain,not_evaluable_ambiguous_palette_composition,white,0.4729743143867896,white,blue_purple,0.48523492707717664,0.21663102671020104,0.25634328767658854,True
16052,Delphinium glaucum,mixed_uncertain,not_evaluable_ambiguous_palette_composition,white,0.44562643763668003,white,blue_purple,0.4998021863074027,0.1050424576800879,0.3405839799565921,True
16055,Delphinium glaucum,mixed_uncertain,not_evaluable_ambiguous_palette_composition,red_pink,0.3567578466774338,red_pink,blue_purple,0.36207953220972305,0.26123537294715654,0.09552247373027728,True
16067,Delphinium glaucum,mixed_uncertain,not_evaluable_ambiguous_palette_composition,blue_purple,0.4471316384835984,white,blue_purple,0.5054117874551367,0.12755523495552273,0.31957640352807565,True
16087,Delphinium glaucum,mixed_uncertain,not_evaluable_ambiguous_palette_composition,blue_purple,0.3511399950051714,white,blue_purple,0.6029664205258625,0.07034217844587437,0.28079781655929703,True
16098,Delphinium glaucum,mixed_uncertain,not_evaluable_ambiguous_palette_composition,blue_purple,0.4283039136473886,white,blue_purple,0.659297855366282,0.3103128767054236,0.117991036941965,True
16117,Diplotaxis tenuifolia,mixed_uncertain,not_evaluable_ambiguous_palette_composition,yellow_orange,0.48754315235686796,white,yellow_orange,0.5454755163123616,0.17867162176877693,0.308871530588091,True
16301,Eriodictyon crassifolium,mixed_uncertain,not_evaluable_ambiguous_palette_composition,red_pink,0.3563899863847051,white,red_pink,0.7303357632622363,0.2714614373466353,0.08492854903806979,True
16302,Eriodictyon crassifolium,mixed_uncertain,not_evaluable_ambiguous_palette_composition,blue_purple,0.5183534167382099,white,blue_purple,0.5004013484804836,0.28512099353782666,0.23323242320038323,True
16353,Eriodictyon crassifolium,mixed_uncertain,not_evaluable_ambiguous_palette_composition,red_pink,0.39391285317131264,white,red_pink,0.6952816951556168,0.29509463297963995,0.09881822019167269,True
16363,Eriodictyon crassifolium,mixed_uncertain,not_evaluable_ambiguous_palette_composition,blue_purple,0.43101698879593264,white,blue_purple,0.5112449210616815,0.08016103341535866,0.350855955380574,True
16397,Eriodictyon crassifolium,mixed_uncertain,not_evaluable_ambiguous_palette_composition,blue_purple,0.4093773417998318,white,blue_purple,0.5383019172445631,0.08687678260280733,0.3225005591970245,True
16398,Eriodictyon crassifolium,mixed_uncertain,not_evaluable_ambiguous_palette_composition,blue_purple,0.44204265663619297,white,blue_purple,0.6274999214939743,0.302034544948705,0.14000811168748795,True
16467,Eriogonum deflexum,mixed_uncertain,not_evaluable_ambiguous_palette_composition,red_pink,0.5431612047124335,white,red_pink,0.5329211625921162,0.3674942018850971,0.17566700282733633,True
16733,Geum macrophyllum,mixed_uncertain,not_evaluable_ambiguous_palette_composition,yellow_orange,0.4608205076843293,white,yellow_orange,0.5840164948770424,0.1999954883877827,0.2608250192965466,True
16993,Heteranthera dubia,mixed_uncertain,not_evaluable_ambiguous_palette_composition,yellow_orange,0.4632891523062926,white,yellow_orange,0.5593923861250789,0.14584303141489047,0.3174461208914021,True
17005,Hibiscus denudatus,mixed_uncertain,not_evaluable_ambiguous_palette_composition,red_pink,0.4331808980108199,white,red_pink,0.561926616556924,0.2166220462322269,0.216558851778593,True
17011,Hibiscus denudatus,mixed_uncertain,not_evaluable_ambiguous_palette_composition,red_pink,0.3922139505740322,white,red_pink,0.6576807529726915,0.2605866511033836,0.1316272994706486,True
17056,Hibiscus denudatus,mixed_uncertain,not_evaluable_ambiguous_palette_composition,white,0.47818274073458333,white,red_pink,0.47896011564521945,0.24585475807198545,0.23232798266259788,True
17059,Hibiscus denudatus,mixed_uncertain,not_evaluable_ambiguous_palette_composition,red_pink,0.3960680626824118,white,red_pink,0.6037129084850866,0.20424167747903776,0.19182638520337403,True
17061,Hibiscus denudatus,mixed_uncertain,not_evaluable_ambiguous_palette_composition,red_pink,0.3931352100866049,white,red_pink,0.6017835071548927,0.19564254274404172,0.19749266734256318,True
17101,Hibiscus lasiocarpos,mixed_uncertain,not_evaluable_ambiguous_palette_composition,white,0.5142922184195214,white,yellow_orange,0.26867366661033126,0.43885837099351077,0.07543384742601067,True
17105,Hibiscus lasiocarpos,mixed_uncertain,not_evaluable_ambiguous_palette_composition,red_pink,0.4458126567690112,red_pink,blue_purple,0.2529567489616546,0.4122340290331777,0.03357862773583353,True
17140,Hibiscus lasiocarpos,mixed_uncertain,not_evaluable_ambiguous_palette_composition,red_pink,0.5586085709343448,white,red_pink,0.5120228659171476,0.37072370220593864,0.18788486872840615,True
17162,Hibiscus lasiocarpos,mixed_uncertain,not_evaluable_ambiguous_palette_composition,white,0.4716555596347852,white,red_pink,0.40616314460609276,0.3185789149502092,0.15307664468457605,True
17194,Hibiscus lasiocarpos,mixed_uncertain,not_evaluable_ambiguous_palette_composition,red_pink,0.5655692282950452,white,red_pink,0.6209525293387294,0.46315714182352,0.10241208647152517,True
17203,Iliamna rivularis,mixed_uncertain,not_evaluable_ambiguous_palette_composition,red_pink,0.35891016670087333,white,red_pink,0.7246679144987869,0.270608496207873,0.08830167049300036,True
17214,Iliamna rivularis,mixed_uncertain,not_evaluable_ambiguous_palette_composition,red_pink,0.4775598484074625,white,red_pink,0.5080326387112964,0.22491932705710116,0.25264052135036136,True
17216,Iliamna rivularis,mixed_uncertain,not_evaluable_ambiguous_palette_composition,red_pink,0.4566947413130563,white,red_pink,0.5465376917704812,0.24039386050470674,0.21630088080834958,True
17230,Iliamna rivularis,mixed_uncertain,not_evaluable_ambiguous_palette_composition,red_pink,0.3566318166133807,white,red_pink,0.7284858727516409,0.27042494423237523,0.0862068723810055,True
17240,Iliamna rivularis,mixed_uncertain,not_evaluable_ambiguous_palette_composition,white,0.5338047368581688,white,yellow_orange,0.37925778210019995,0.3764045187096531,0.15740021814851568,True
17243,Iliamna rivularis,mixed_uncertain,not_evaluable_ambiguous_palette_composition,red_pink,0.4001818445115085,white,red_pink,0.6255247958401622,0.23941143326587083,0.16077041124563768,True
17254,Iliamna rivularis,mixed_uncertain,not_evaluable_ambiguous_palette_composition,red_pink,0.41978471568774817,white,red_pink,0.6177990377759967,0.26287813278589983,0.15690658290184833,True
17262,Iliamna rivularis,mixed_uncertain,not_evaluable_ambiguous_palette_composition,red_pink,0.4134228083715358,red_pink,blue_purple,0.4961530286285949,0.24510061267102512,0.16832219570051066,True
17266,Iliamna rivularis,mixed_uncertain,not_evaluable_ambiguous_palette_composition,red_pink,0.49338213259155783,white,red_pink,0.5181456697151621,0.2705044877137631,0.2228776448777947,True
17270,Iliamna rivularis,mixed_uncertain,not_evaluable_ambiguous_palette_composition,red_pink,0.38789376795583747,white,red_pink,0.6813158640034483,0.2756646319484695,0.11222913600736795,True
17273,Iliamna rivularis,mixed_uncertain,not_evaluable_ambiguous_palette_composition,red_pink,0.4803859549055593,white,red_pink,0.5134622872157885,0.23914802678040312,0.24123792812515618,True
17280,Iliamna rivularis,mixed_uncertain,not_evaluable_ambiguous_palette_composition,red_pink,0.5126902293145778,white,yellow_orange,0.45409682640454785,0.25973778568601863,0.2529524436285591,True
17284,Iliamna rivularis,mixed_uncertain,not_evaluable_ambiguous_palette_composition,red_pink,0.469257872025269,white,red_pink,0.5149865239726752,0.218426060513447,0.250831811511822,True
17288,Iliamna rivularis,mixed_uncertain,not_evaluable_ambiguous_palette_composition,red_pink,0.4151410973776544,white,red_pink,0.5955383952520191,0.22888227463629965,0.18625882274135477,True
17294,Iliamna rivularis,mixed_uncertain,not_evaluable_ambiguous_palette_composition,red_pink,0.46937691053608693,white,red_pink,0.5563490836281606,0.2756592022600431,0.19371770827604384,True
17297,Iliamna rivularis,mixed_uncertain,not_evaluable_ambiguous_palette_composition,red_pink,0.43099129273389913,white,red_pink,0.6127515897929127,0.27530230346552487,0.15568898926837427,True
17298,Iliamna rivularis,mixed_uncertain,not_evaluable_ambiguous_palette_composition,red_pink,0.312572705553085,white,red_pink,0.7028666660857468,0.1815560518942903,0.13101665365879467,True
17303,Ipomoea cairica,mixed_uncertain,not_evaluable_ambiguous_palette_composition,red_pink,0.4452241955524098,white,red_pink,0.5937388642504624,0.27784845963261134,0.16737573591979843,True
17307,Ipomoea cairica,mixed_uncertain,not_evaluable_ambiguous_palette_composition,red_pink,0.3937889829392636,red_pink,blue_purple,0.41050748086714467,0.2814079527017127,0.11238103023755092,True
17323,Ipomoea cairica,mixed_uncertain,not_evaluable_ambiguous_palette_composition,white,0.47136163467659264,white,blue_purple,0.46473709257219353,0.245001530045255,0.22636010463133766,True
17329,Ipomoea cairica,mixed_uncertain,not_evaluable_ambiguous_palette_composition,red_pink,0.41593906637274863,white,red_pink,0.5678097594568438,0.1898393673549994,0.22609969901774923,True
17334,Ipomoea cairica,mixed_uncertain,not_evaluable_ambiguous_palette_composition,red_pink,0.44649013632734413,white,red_pink,0.5636036192542051,0.24435260184411303,0.2021375344832311,True
17350,Ipomoea cairica,mixed_uncertain,not_evaluable_ambiguous_palette_composition,blue_purple,0.4808215647007702,white,blue_purple,0.6141840155900291,0.3455883495354147,0.13523321516535552,True
17354,Ipomoea cairica,mixed_uncertain,not_evaluable_ambiguous_palette_composition,blue_purple,0.501866155952826,white,blue_purple,0.5176455482334793,0.2778245451113653,0.22404161084146074,True
17362,Ipomoea cairica,mixed_uncertain,not_evaluable_ambiguous_palette_composition,red_pink,0.4287796176103893,red_pink,blue_purple,0.453233411893673,0.30225070891698685,0.12652890869340244,True
17371,Ipomoea cairica,mixed_uncertain,not_evaluable_ambiguous_palette_composition,red_pink,0.4918991322375934,red_pink,blue_purple,0.35802958226192644,0.429238523900467,0.06266060833712639,True
17382,Ipomoea cairica,mixed_uncertain,not_evaluable_ambiguous_palette_composition,red_pink,0.38776180917086356,red_pink,blue_purple,0.3224770171272808,0.3217671600667721,0.06599464910409147,True
17409,Lathyrus japonicus,mixed_uncertain,not_evaluable_ambiguous_palette_composition,blue_purple,0.30827058631110765,white,blue_purple,0.7157070460795664,0.18533765063569516,0.1229329356754125,True
17419,Lathyrus japonicus,mixed_uncertain,not_evaluable_ambiguous_palette_composition,blue_purple,0.435274886554776,white,blue_purple,0.7010058967790584,0.3497792170794702,0.08549566947530579,True
17422,Lathyrus japonicus,mixed_uncertain,not_evaluable_ambiguous_palette_composition,blue_purple,0.38691703057516474,white,blue_purple,0.5903117296721638,0.15391178710977693,0.2330052434653878,True
17439,Lathyrus japonicus,mixed_uncertain,not_evaluable_ambiguous_palette_composition,blue_purple,0.4229702306295138,red_pink,blue_purple,0.6186555394786566,0.33678283825467875,0.08618739237483503,True
17456,Lathyrus japonicus,mixed_uncertain,not_evaluable_ambiguous_palette_composition,white,0.4381926871289087,white,blue_purple,0.44507631199204334,0.20805444485610233,0.23013824227280635,True
17465,Lathyrus japonicus,mixed_uncertain,not_evaluable_ambiguous_palette_composition,blue_purple,0.4380193244682286,white,blue_purple,0.564878464480014,0.22296479767639393,0.21505452679183468,True
17477,Lathyrus japonicus,mixed_uncertain,not_evaluable_ambiguous_palette_composition,white,0.45289484254685713,white,blue_purple,0.49687224184846773,0.1405602781520889,0.31233456439476825,True
17478,Lathyrus japonicus,mixed_uncertain,not_evaluable_ambiguous_palette_composition,red_pink,0.466112658108834,red_pink,blue_purple,0.46010082106631695,0.3491994918845074,0.11691316622432663,True
17481,Lathyrus japonicus,mixed_uncertain,not_evaluable_ambiguous_palette_composition,red_pink,0.42470004943534995,white,red_pink,0.5549419791854496,0.18742060976165575,0.2372794396736942,True
17484,Lathyrus japonicus,mixed_uncertain,not_evaluable_ambiguous_palette_composition,blue_purple,0.46437200454349054,white,blue_purple,0.5189176969410416,0.20464210784743989,0.2597298966960506,True
17489,Lathyrus japonicus,mixed_uncertain,not_evaluable_ambiguous_palette_composition,blue_purple,0.3748315375514771,red_pink,blue_purple,0.6360015432958138,0.2843221276831933,0.09050940986828376,True
17505,Lathyrus palustris,mixed_uncertain,not_evaluable_ambiguous_palette_composition,blue_purple,0.42448690309396153,red_pink,blue_purple,0.565250052793007,0.3083554579067124,0.1161314451872491,True
17513,Lathyrus palustris,mixed_uncertain,not_evaluable_ambiguous_palette_composition,blue_purple,0.5088197947442423,white,blue_purple,0.5236753394602223,0.29758102354105476,0.21123877120318757,True
17514,Lathyrus palustris,mixed_uncertain,not_evaluable_ambiguous_palette_composition,blue_purple,0.43891550712434374,red_pink,blue_purple,0.5129078882730939,0.2929407663137114,0.14597474081063233,True
17521,Lathyrus palustris,mixed_uncertain,not_evaluable_ambiguous_palette_composition,blue_purple,0.31115169130822623,yellow_orange,blue_purple,0.7334969123017838,0.20561977787671734,0.10553191343150889,True
17524,Lathyrus palustris,mixed_uncertain,not_evaluable_ambiguous_palette_composition,blue_purple,0.421707567885003,white,blue_purple,0.6324258279707138,0.2764009065123514,0.14530666137265164,True
17525,Lathyrus palustris,mixed_uncertain,not_evaluable_ambiguous_palette_composition,red_pink,0.33848979953785796,red_pink,blue_purple,0.32130743177855936,0.2609392097954936,0.07755058974236434,True
17526,Lathyrus palustris,mixed_uncertain,not_evaluable_ambiguous_palette_composition,red_pink,0.39222807741595206,red_pink,blue_purple,0.4122319292572358,0.2780731827075739,0.11415489470837814,True
17530,Lathyrus palustris,mixed_uncertain,not_evaluable_ambiguous_palette_composition,red_pink,0.4229723930234365,red_pink,blue_purple,0.36808212071430585,0.34336554293470817,0.07960685008872831,True
17533,Lathyrus palustris,mixed_uncertain,not_evaluable_ambiguous_palette_composition,red_pink,0.4028832012422652,red_pink,blue_purple,0.45932387261952684,0.25945289257778853,0.14343030866447665,True
17535,Lathyrus palustris,mixed_uncertain,not_evaluable_ambiguous_palette_composition,blue_purple,0.49111218333381634,red_pink,blue_purple,0.5101767914240514,0.36490722215372284,0.1262049611800935,True
17544,Lathyrus palustris,mixed_uncertain,not_evaluable_ambiguous_palette_composition,red_pink,0.4096958444629369,white,red_pink,0.6505963143983301,0.27987664845401394,0.12981919600892294,True
17556,Lathyrus palustris,mixed_uncertain,not_evaluable_ambiguous_palette_composition,blue_purple,0.3892612817495974,red_pink,blue_purple,0.5678054770694185,0.25964563381702244,0.12961564793257496,True
17559,Lathyrus palustris,mixed_uncertain,not_evaluable_ambiguous_palette_composition,red_pink,0.40598544331798475,white,red_pink,0.5775022782433674,0.18420728770669745,0.2217781556112873,True
17564,Lathyrus palustris,mixed_uncertain,not_evaluable_ambiguous_palette_composition,white,0.4653162893425241,white,red_pink,0.49546581108432153,0.19107975747839678,0.27423653186412733,True
17569,Lathyrus palustris,mixed_uncertain,not_evaluable_ambiguous_palette_composition,red_pink,0.3983814502628361,white,red_pink,0.6137469905249177,0.22205904731761683,0.17632240294521928,True
17579,Lathyrus palustris,mixed_uncertain,not_evaluable_ambiguous_palette_composition,blue_purple,0.4032897681583539,red_pink,blue_purple,0.5952182715506088,0.2981027932448155,0.1051869749135384,True
17580,Lathyrus palustris,mixed_uncertain,not_evaluable_ambiguous_palette_composition,blue_purple,0.41848752841684034,red_pink,blue_purple,0.6456409469622428,0.34436924015060155,0.07411828826623879,True
17585,Lathyrus palustris,mixed_uncertain,not_evaluable_ambiguous_palette_composition,blue_purple,0.49601904803391866,red_pink,blue_purple,0.5231659798799494,0.3790181265852251,0.11700092144869356,True
17599,Lathyrus palustris,mixed_uncertain,not_evaluable_ambiguous_palette_composition,white,0.45733603099460457,white,red_pink,0.47455432528243857,0.20981546557456945,0.24752056542003512,True
17625,Lepidium campestre,mixed_uncertain,not_evaluable_ambiguous_palette_composition,white,0.4558408049018872,white,yellow_orange,0.4536089011259171,0.05333143924372199,0.40250936565816525,True
17635,Lepidium campestre,mixed_uncertain,not_evaluable_ambiguous_palette_composition,yellow_orange,0.4490551527775232,white,yellow_orange,0.5905710052877894,0.1862308935537841,0.2628242592237391,True
17640,Lepidium campestre,mixed_uncertain,not_evaluable_ambiguous_palette_composition,white,0.414882715183678,white,yellow_orange,0.31263003010131896,0.27345382408071633,0.14142889110296164,True
17666,Lepidium campestre,mixed_uncertain,not_evaluable_ambiguous_palette_composition,white,0.4038385908335154,white,yellow_orange,0.39922301867016824,0.06585923513288387,0.33797935570063153,True
17674,Lepidium campestre,mixed_uncertain,not_evaluable_ambiguous_palette_composition,white,0.5272263089505429,white,yellow_orange,0.3993838311451815,0.345096355593301,0.1821299533572419,True
17675,Lepidium campestre,mixed_uncertain,not_evaluable_ambiguous_palette_composition,white,0.5461767106922878,white,yellow_orange,0.31267640461380275,0.4482515391474309,0.09792517154485691,True
17682,Lepidium campestre,mixed_uncertain,not_evaluable_ambiguous_palette_composition,yellow_orange,0.4781580601493616,white,yellow_orange,0.5253241428941542,0.06488301739376752,0.41327504275559407,True
17686,Lepidium campestre,mixed_uncertain,not_evaluable_ambiguous_palette_composition,white,0.46392475288615376,white,yellow_orange,0.4037609686644488,0.22988808095261315,0.2340366719335406,True
17723,Lepidium fremontii,mixed_uncertain,not_evaluable_ambiguous_palette_composition,white,0.49614808772741015,white,yellow_orange,0.27232917745302604,0.4150822748678732,0.08106581285953696,True
17825,Ligustrum lucidum,mixed_uncertain,not_evaluable_ambiguous_palette_composition,white,0.4888019571379223,white,yellow_orange,0.35436420270597807,0.3374172623903534,0.15138469474756888,True
17843,Ligustrum lucidum,mixed_uncertain,not_evaluable_ambiguous_palette_composition,yellow_orange,0.4813703174396354,white,yellow_orange,0.520114561675497,0.04836193589684377,0.4330083815427916,True
17896,Ligustrum lucidum,mixed_uncertain,not_evaluable_ambiguous_palette_composition,white,0.4911059838465347,white,yellow_orange,0.33164370984599406,0.3628124681674883,0.1282935156790464,True
17961,Lobelia erinus,mixed_uncertain,not_evaluable_ambiguous_palette_composition,blue_purple,0.5159921981707194,white,blue_purple,0.6055317688833622,0.3865503032690359,0.1294418949016835,True
17981,Lobelia erinus,mixed_uncertain,not_evaluable_ambiguous_palette_composition,blue_purple,0.4270274141978222,white,blue_purple,0.6087272782043627,0.25963573760529407,0.16739167659252813,True
18004,Malacothrix saxatilis,mixed_uncertain,not_evaluable_ambiguous_palette_composition,white,0.5578725990697211,white,yellow_orange,0.29683953308231525,0.472712278100769,0.0851603209689521,True
18036,Malacothrix saxatilis,mixed_uncertain,not_evaluable_ambiguous_palette_composition,red_pink,0.40796654758919365,white,red_pink,0.7290555375988065,0.33556921278540996,0.07239733480378369,True
18041,Malacothrix saxatilis,mixed_uncertain,not_evaluable_ambiguous_palette_composition,white,0.44269494953992855,white,yellow_orange,0.4168994956597471,0.15120046368032197,0.2914944858596066,True
18071,Malacothrix saxatilis,mixed_uncertain,not_evaluable_ambiguous_palette_composition,yellow_orange,0.46696265847217727,white,yellow_orange,0.5467564096640543,0.11592022743928242,0.35104243103289484,True
18075,Malacothrix saxatilis,mixed_uncertain,not_evaluable_ambiguous_palette_composition,white,0.44487786041237853,white,yellow_orange,0.36635624052416726,0.2534377037223714,0.19144015669000713,True
18076,Malacothrix saxatilis,mixed_uncertain,not_evaluable_ambiguous_palette_composition,white,0.4878913869688997,white,yellow_orange,0.4806475095893575,0.08905280800838998,0.3988385789605097,True
18102,Melaleuca citrina,mixed_uncertain,not_evaluable_ambiguous_palette_composition,red_pink,0.5271448173127512,yellow_orange,red_pink,0.7628970572456699,0.49032939762984407,0.036815419682907136,True
18105,Melaleuca citrina,mixed_uncertain,not_evaluable_ambiguous_palette_composition,red_pink,0.588665432408247,yellow_orange,red_pink,0.7488285132117334,0.551807149144848,0.036858283263399017,True
18121,Melaleuca citrina,mixed_uncertain,not_evaluable_ambiguous_palette_composition,red_pink,0.4323753998472116,yellow_orange,red_pink,0.6208428875927343,0.30192554268557353,0.13044985716163804,True
18128,Melaleuca citrina,mixed_uncertain,not_evaluable_ambiguous_palette_composition,red_pink,0.5710290850204081,yellow_orange,red_pink,0.7697208107096839,0.5392036284217421,0.03182545659866598,True
18133,Melaleuca citrina,mixed_uncertain,not_evaluable_ambiguous_palette_composition,red_pink,0.39626229416148706,yellow_orange,red_pink,0.8460973656381215,0.3758210559256154,0.020441238235871684,False
18150,Melaleuca citrina,mixed_uncertain,not_evaluable_ambiguous_palette_composition,red_pink,0.6016821010615958,white,red_pink,0.5913785307171172,0.4894753981674639,0.11220670289413193,True
18157,Melaleuca citrina,mixed_uncertain,not_evaluable_ambiguous_palette_composition,red_pink,0.645169684994898,yellow_orange,red_pink,0.7373429729354956,0.6085028680734281,0.03666681692146989,True
18162,Melaleuca citrina,mixed_uncertain,not_evaluable_ambiguous_palette_composition,red_pink,0.35506592411383453,white,red_pink,0.6779816522363662,0.22368456724530897,0.13138135686852556,True
18167,Melaleuca citrina,mixed_uncertain,not_evaluable_ambiguous_palette_composition,red_pink,0.44946011881063935,yellow_orange,red_pink,0.7636695279001081,0.40595484764263423,0.04350527116800512,True
18213,Myosotis laxa,mixed_uncertain,not_evaluable_ambiguous_palette_composition,blue_purple,0.5145441928371416,white,blue_purple,0.5067906106464714,0.2865692531061208,0.2279749397310208,True
18247,Myosotis laxa,mixed_uncertain,not_evaluable_ambiguous_palette_composition,blue_purple,0.49388362929456814,white,blue_purple,0.5879684210920605,0.3412614986436288,0.15262213065093932,True
18248,Myosotis laxa,mixed_uncertain,not_evaluable_ambiguous_palette_composition,yellow_orange,0.5085442777646462,white,yellow_orange,0.5224755378378815,0.17745492832268717,0.331089349441959,True
18254,Myosotis laxa,mixed_uncertain,not_evaluable_ambiguous_palette_composition,blue_purple,0.5187489093546876,white,blue_purple,0.5415037549330773,0.3335719719576232,0.18517693739706442,True
18262,Myosotis laxa,mixed_uncertain,not_evaluable_ambiguous_palette_composition,blue_purple,0.5286200588867652,white,blue_purple,0.5452543872102013,0.3523927181174688,0.17622734076929641,True
18290,Myosotis laxa,mixed_uncertain,not_evaluable_ambiguous_palette_composition,white,0.4075545582414369,white,yellow_orange,0.40490914404983724,0.052898500874662566,0.3546560573667743,True
18292,Myosotis laxa,mixed_uncertain,not_evaluable_ambiguous_palette_composition,red_pink,0.45926086412566836,white,red_pink,0.5006641728569909,0.16759997376792135,0.291660890357747,True
18315,Myrtus communis,mixed_uncertain,not_evaluable_ambiguous_palette_composition,white,0.5263993398170774,white,yellow_orange,0.38485161961210756,0.3599607536671548,0.16643858614992263,True
18329,Myrtus communis,mixed_uncertain,not_evaluable_ambiguous_palette_composition,white,0.46100025177398385,white,yellow_orange,0.2838739578569969,0.36366987149883345,0.0973303802751504,True
18365,Myrtus communis,mixed_uncertain,not_evaluable_ambiguous_palette_composition,red_pink,0.4495843943486518,white,red_pink,0.5461623868024911,0.22604327077836422,0.22354112357028755,True
18407,Nicandra physalodes,mixed_uncertain,not_evaluable_ambiguous_palette_composition,white,0.3952815845258735,white,blue_purple,0.40657503937818673,0.17927492950102392,0.21600665502484956,True
18410,Nicandra physalodes,mixed_uncertain,not_evaluable_ambiguous_palette_composition,blue_purple,0.3757852934776833,white,blue_purple,0.6190957102630781,0.17967724921849587,0.19610804425918743,True
18420,Nicandra physalodes,mixed_uncertain,not_evaluable_ambiguous_palette_composition,red_pink,0.4596469131521401,white,red_pink,0.5383533794239612,0.23452623229969885,0.22512068085244127,True
18423,Nicandra physalodes,mixed_uncertain,not_evaluable_ambiguous_palette_composition,blue_purple,0.43812992055679995,white,blue_purple,0.615663543235894,0.2847020443308587,0.15342787622594123,True
18436,Nicandra physalodes,mixed_uncertain,not_evaluable_ambiguous_palette_composition,white,0.4742438139781102,white,yellow_orange,0.33787261022809856,0.3334683662647603,0.14077544771334993,True
18464,Nicandra physalodes,mixed_uncertain,not_evaluable_ambiguous_palette_composition,blue_purple,0.5298670638555705,white,blue_purple,0.5574569655641144,0.36567901534018804,0.16418804851538243,True
18472,Nicandra physalodes,mixed_uncertain,not_evaluable_ambiguous_palette_composition,blue_purple,0.5139578576337714,white,blue_purple,0.5915460846355014,0.37268610821206005,0.1412717494217114,True
18489,Nicandra physalodes,mixed_uncertain,not_evaluable_ambiguous_palette_composition,blue_purple,0.5357236163121002,white,blue_purple,0.5233802580035465,0.34124119889131893,0.19448241742078126,True
18733,Pedicularis racemosa,mixed_uncertain,not_evaluable_ambiguous_palette_composition,white,0.5003150694187792,white,yellow_orange,0.4843545626170859,0.12901322259315662,0.3713018468256226,True
18781,Pedicularis racemosa,mixed_uncertain,not_evaluable_ambiguous_palette_composition,white,0.3940156703998051,white,yellow_orange,0.3766878127300146,0.11796728523388292,0.2760483851659222,True
18824,Pelargonium grossularioides,mixed_uncertain,not_evaluable_ambiguous_palette_composition,white,0.471567637329794,white,red_pink,0.4946234807183384,0.20731568994948246,0.26425194738031155,True
18836,Pelargonium grossularioides,mixed_uncertain,not_evaluable_ambiguous_palette_composition,red_pink,0.40123641569004387,white,red_pink,0.643977134207399,0.260858245030715,0.1403781706593289,True
18839,Pelargonium grossularioides,mixed_uncertain,not_evaluable_ambiguous_palette_composition,blue_purple,0.47921678045529115,white,blue_purple,0.5652107479157799,0.2961724432133428,0.18304433724194835,True
18854,Pelargonium grossularioides,mixed_uncertain,not_evaluable_ambiguous_palette_composition,red_pink,0.25646041068191544,white,red_pink,0.7356699567583558,0.12057403966212266,0.13588637101979278,True
18872,Pelargonium grossularioides,mixed_uncertain,not_evaluable_ambiguous_palette_composition,red_pink,0.31731897336317516,white,red_pink,0.7761819643821988,0.2529002379151991,0.06441873544797605,True
18873,Pelargonium grossularioides,mixed_uncertain,not_evaluable_ambiguous_palette_composition,red_pink,0.4934279236395215,yellow_orange,red_pink,0.6550443072744387,0.4051955071090029,0.08823241653051861,True
18896,Pelargonium grossularioides,mixed_uncertain,not_evaluable_ambiguous_palette_composition,red_pink,0.44162025770746105,white,red_pink,0.7915073476397231,0.40392301816815884,0.03769723953930221,True
18897,Pelargonium grossularioides,mixed_uncertain,not_evaluable_ambiguous_palette_composition,red_pink,0.5697177682981027,red_pink,blue_purple,0.47587753284900747,0.47181405138409543,0.09790371691400729,True
18934,Penstemon speciosus,mixed_uncertain,not_evaluable_ambiguous_palette_composition,blue_purple,0.33401701602626205,red_pink,blue_purple,0.5840988485191003,0.18352378235641734,0.1504932336698447,True
18959,Penstemon speciosus,mixed_uncertain,not_evaluable_ambiguous_palette_composition,blue_purple,0.5283991611853427,white,blue_purple,0.5474739143400544,0.354201935399534,0.1741972257858087,True
18981,Penstemon speciosus,mixed_uncertain,not_evaluable_ambiguous_palette_composition,blue_purple,0.44429476910029553,white,blue_purple,0.6027787419321108,0.2809531128091179,0.16334165629117764,True
19000,Persicaria pensylvanica,mixed_uncertain,not_evaluable_ambiguous_palette_composition,white,0.5883053745672795,white,red_pink,0.43696289243322667,0.4539770558755414,0.1343283186917381,True
19006,Persicaria pensylvanica,mixed_uncertain,not_evaluable_ambiguous_palette_composition,red_pink,0.4489299381058899,white,red_pink,0.6346336219546106,0.32195028484400356,0.12697965326188632,True
19018,Persicaria pensylvanica,mixed_uncertain,not_evaluable_ambiguous_palette_composition,red_pink,0.43075591394758633,white,red_pink,0.5752329238274129,0.23075725688071647,0.19999865706686987,True
19043,Persicaria pensylvanica,mixed_uncertain,not_evaluable_ambiguous_palette_composition,red_pink,0.46802340850483237,white,red_pink,0.5585708168919663,0.2759730662337028,0.19205034227112955,True
19055,Persicaria pensylvanica,mixed_uncertain,not_evaluable_ambiguous_palette_composition,red_pink,0.5532010893295529,white,red_pink,0.5701690556238163,0.41298477111338244,0.14021631821617048,True
19059,Persicaria pensylvanica,mixed_uncertain,not_evaluable_ambiguous_palette_composition,white,0.5290444300644876,white,yellow_orange,0.28436548946993123,0.44647995495771065,0.082564475106777,True
19096,Persicaria pensylvanica,mixed_uncertain,not_evaluable_ambiguous_palette_composition,red_pink,0.43818099909172464,white,red_pink,0.5401003367390633,0.19212066413579545,0.2460603349559292,True
19101,Phlox diffusa,mixed_uncertain,not_evaluable_ambiguous_palette_composition,red_pink,0.35339824454348484,white,red_pink,0.6716371425511554,0.21407373986159725,0.1393245046818876,True
19119,Phlox diffusa,mixed_uncertain,not_evaluable_ambiguous_palette_composition,blue_purple,0.49008658535733074,white,blue_purple,0.5258110136260052,0.2671438514988575,0.22294273385847324,True
19131,Phlox diffusa,mixed_uncertain,not_evaluable_ambiguous_palette_composition,white,0.5084198097917579,white,blue_purple,0.4763354539180597,0.2968835884624898,0.21153622132926814,True
19147,Phlox diffusa,mixed_uncertain,not_evaluable_ambiguous_palette_composition,blue_purple,0.36026991817274095,white,blue_purple,0.6217365449297065,0.14956253593889557,0.21070738223384539,True
19153,Phlox diffusa,mixed_uncertain,not_evaluable_ambiguous_palette_composition,red_pink,0.37112363318815644,red_pink,blue_purple,0.37809220735880095,0.2708574339640244,0.10026619922413205,True
19163,Phlox diffusa,mixed_uncertain,not_evaluable_ambiguous_palette_composition,red_pink,0.3798357688662245,white,red_pink,0.6758660899158566,0.2592987167757331,0.12053705209049143,True
19171,Phlox diffusa,mixed_uncertain,not_evaluable_ambiguous_palette_composition,red_pink,0.42429703082957293,white,red_pink,0.5831121459444447,0.2293228452101379,0.19497418561943503,True
19180,Phlox diffusa,mixed_uncertain,not_evaluable_ambiguous_palette_composition,blue_purple,0.4139818218523431,red_pink,blue_purple,0.5485088963025639,0.2821245426935098,0.13185727915883333,True
19189,Phlox diffusa,mixed_uncertain,not_evaluable_ambiguous_palette_composition,blue_purple,0.5196345746293491,white,blue_purple,0.5114744053424634,0.301394455619068,0.21824011901028112,True
19193,Phlox diffusa,mixed_uncertain,not_evaluable_ambiguous_palette_composition,red_pink,0.4816015297486128,red_pink,blue_purple,0.48371740310062783,0.3557846344110764,0.12581689533753643,True
19196,Phlox diffusa,mixed_uncertain,not_evaluable_ambiguous_palette_composition,red_pink,0.4572277840742918,red_pink,blue_purple,0.4929762735673023,0.3156390557690489,0.14158872830524294,True
19202,Potentilla concinna,mixed_uncertain,not_evaluable_ambiguous_palette_composition,yellow_orange,0.49333568608950773,white,yellow_orange,0.5137784887293009,0.08890724754792562,0.4044284385415821,True
19220,Potentilla concinna,mixed_uncertain,not_evaluable_ambiguous_palette_composition,white,0.45411832465814506,white,yellow_orange,0.44931743045696737,0.07166868351185207,0.382449641146293,True
19306,Purshia stansburyana,mixed_uncertain,not_evaluable_ambiguous_palette_composition,white,0.5052389311653988,white,yellow_orange,0.2734997034046244,0.42515922847103066,0.0800797026943681,True
19326,Purshia stansburyana,mixed_uncertain,not_evaluable_ambiguous_palette_composition,white,0.5482297452163766,white,yellow_orange,0.309714294204475,0.4527831592510746,0.09544658596530198,True
19336,Purshia stansburyana,mixed_uncertain,not_evaluable_ambiguous_palette_composition,white,0.4243858419998018,white,yellow_orange,0.4218271500302892,0.053567795331248017,0.3708180466685538,True
19359,Purshia stansburyana,mixed_uncertain,not_evaluable_ambiguous_palette_composition,white,0.40718043487388683,white,yellow_orange,0.3698038195171715,0.1719951781234946,0.23518525675039223,True
19370,Purshia stansburyana,mixed_uncertain,not_evaluable_ambiguous_palette_composition,white,0.43734735452723805,white,yellow_orange,0.41501208804199075,0.1404258227254898,0.29692153180174824,True
19371,Purshia stansburyana,mixed_uncertain,not_evaluable_ambiguous_palette_composition,white,0.4234963908849919,white,yellow_orange,0.421583558873359,0.04816630661587994,0.37533008426911196,True
19374,Purshia stansburyana,mixed_uncertain,not_evaluable_ambiguous_palette_composition,white,0.5096461796483204,white,yellow_orange,0.48477117635308437,0.16020711085714534,0.34943906879117503,True
19383,Purshia stansburyana,mixed_uncertain,not_evaluable_ambiguous_palette_composition,blue_purple,0.49863858247569454,yellow_orange,blue_purple,0.5809538698949894,0.33735112824286617,0.16128745423282836,True
19423,Ribes lacustre,mixed_uncertain,not_evaluable_ambiguous_palette_composition,white,0.4416003495895731,white,yellow_orange,0.4349999506454431,0.08083871092788115,0.360761638661692,True
19430,Ribes lacustre,mixed_uncertain,not_evaluable_ambiguous_palette_composition,white,0.5398192512596821,white,red_pink,0.41564872650268214,0.40585992190326237,0.13395932935641974,True
19433,Ribes lacustre,mixed_uncertain,not_evaluable_ambiguous_palette_composition,red_pink,0.37457541483801093,white,red_pink,0.6749281233668645,0.2506408628309037,0.12393455200710723,True
19434,Ribes lacustre,mixed_uncertain,not_evaluable_ambiguous_palette_composition,red_pink,0.4372231087008253,white,red_pink,0.554143218246918,0.21306943557535724,0.22415367312546808,True
19443,Ribes lacustre,mixed_uncertain,not_evaluable_ambiguous_palette_composition,red_pink,0.4575592072799833,white,red_pink,0.6209695084024559,0.32251488716782084,0.13504432011216244,True
19449,Ribes lacustre,mixed_uncertain,not_evaluable_ambiguous_palette_composition,white,0.43549877580504764,white,red_pink,0.47704447517706006,0.15095659735794822,0.2845421784470994,True
19456,Ribes lacustre,mixed_uncertain,not_evaluable_ambiguous_palette_composition,red_pink,0.45400288501532865,white,red_pink,0.5220715269807403,0.19654085595415047,0.2574620290611782,True
19475,Ribes lacustre,mixed_uncertain,not_evaluable_ambiguous_palette_composition,yellow_orange,0.44679730786231014,white,yellow_orange,0.5820007581399143,0.15998766756167246,0.2868096403006377,True
19492,Ribes lacustre,mixed_uncertain,not_evaluable_ambiguous_palette_composition,red_pink,0.45057980376889395,white,red_pink,0.5325439217256934,0.20686116891158843,0.24371863485730552,True
19622,Senecio mohavensis,mixed_uncertain,not_evaluable_ambiguous_palette_composition,yellow_orange,0.47844554029862685,white,yellow_orange,0.54807642038938,0.15963586933608334,0.31880967096254353,True
19684,Senecio mohavensis,mixed_uncertain,not_evaluable_ambiguous_palette_composition,white,0.453203500784294,white,yellow_orange,0.34076722571245527,0.2995509028410165,0.1536525979432775,True
19757,Senecio triangularis,mixed_uncertain,not_evaluable_ambiguous_palette_composition,blue_purple,0.5344766173010528,white,blue_purple,0.5418665927746322,0.35788935110827963,0.17658726619277315,True
19782,Senecio triangularis,mixed_uncertain,not_evaluable_ambiguous_palette_composition,white,0.44416754897361616,white,yellow_orange,0.41201546576696974,0.167928539638002,0.2762390093356142,True
19898,Senna artemisioides,mixed_uncertain,not_evaluable_ambiguous_palette_composition,white,0.46211183444922443,white,yellow_orange,0.456958069378589,0.07458672511428091,0.38752510933494355,True
19913,Shepherdia canadensis,mixed_uncertain,not_evaluable_ambiguous_palette_composition,white,0.4585136680555976,white,yellow_orange,0.4251022714778706,0.17389115003448374,0.2846225180211139,True
19930,Shepherdia canadensis,mixed_uncertain,not_evaluable_ambiguous_palette_composition,white,0.46383052161144506,white,yellow_orange,0.4430633264409593,0.14003803597177059,0.32379248563967444,True
19932,Shepherdia canadensis,mixed_uncertain,not_evaluable_ambiguous_palette_composition,white,0.4329665739986617,white,yellow_orange,0.39015327507847786,0.18932244417709826,0.24364412982156342,True
19974,Shepherdia canadensis,mixed_uncertain,not_evaluable_ambiguous_palette_composition,white,0.5190555514037555,white,yellow_orange,0.27823525813511896,0.43853190092635097,0.08052365047740451,True
20000,Solanum elaeagnifolium,mixed_uncertain,not_evaluable_ambiguous_palette_composition,blue_purple,0.48061834177133633,white,blue_purple,0.5343237766901044,0.2611166874477075,0.21950165432362884,True
20004,Solanum elaeagnifolium,mixed_uncertain,not_evaluable_ambiguous_palette_composition,blue_purple,0.39960150108727616,white,blue_purple,0.6896446222569009,0.29557558177563814,0.10402591931163802,True
20020,Solanum elaeagnifolium,mixed_uncertain,not_evaluable_ambiguous_palette_composition,red_pink,0.4851872107337042,white,blue_purple,0.530636591298578,0.2727543902894507,0.2124328204442535,True
20024,Solanum elaeagnifolium,mixed_uncertain,not_evaluable_ambiguous_palette_composition,blue_purple,0.3025724214367308,white,blue_purple,0.7067155662068534,0.16422637265742035,0.13834604877931045,True
20028,Solanum elaeagnifolium,mixed_uncertain,not_evaluable_ambiguous_palette_composition,red_pink,0.4133919901119521,red_pink,blue_purple,0.4838277591400906,0.2559053181614417,0.15748667195051042,True
20029,Solanum elaeagnifolium,mixed_uncertain,not_evaluable_ambiguous_palette_composition,blue_purple,0.39569797904628773,red_pink,blue_purple,0.5903121281194498,0.2846054434519029,0.11109253559438481,True
20038,Solanum elaeagnifolium,mixed_uncertain,not_evaluable_ambiguous_palette_composition,blue_purple,0.476280100385179,yellow_orange,blue_purple,0.6471671698005644,0.3622871695305637,0.11399293085461526,True
20041,Solanum elaeagnifolium,mixed_uncertain,not_evaluable_ambiguous_palette_composition,white,0.45306386446305197,white,blue_purple,0.4538176620710784,0.22503626126833007,0.2280276031947219,True
20047,Solanum elaeagnifolium,mixed_uncertain,not_evaluable_ambiguous_palette_composition,white,0.48921134295688484,white,blue_purple,0.46211842592785585,0.2810586392969647,0.20815270365992017,True
20051,Solanum elaeagnifolium,mixed_uncertain,not_evaluable_ambiguous_palette_composition,blue_purple,0.4385980384478791,white,blue_purple,0.5285719994416578,0.1597166377061373,0.2788814007417418,True
20060,Solanum elaeagnifolium,mixed_uncertain,not_evaluable_ambiguous_palette_composition,blue_purple,0.4404678342748246,white,blue_purple,0.6018555967185868,0.2738566490948863,0.16661118517993834,True
20089,Solanum elaeagnifolium,mixed_uncertain,not_evaluable_ambiguous_palette_composition,blue_purple,0.33550032799816115,white,blue_purple,0.7359537944524243,0.24538764116932096,0.09011268682884019,True
20093,Solanum elaeagnifolium,mixed_uncertain,not_evaluable_ambiguous_palette_composition,blue_purple,0.412757447151881,white,blue_purple,0.6065234637463264,0.2326554672175927,0.1801019799342883,True
20255,Taraxacum erythrospermum,mixed_uncertain,not_evaluable_ambiguous_palette_composition,red_pink,0.5597809262947641,yellow_orange,red_pink,0.6042222532540682,0.4571467619914133,0.10263416430335076,True
20323,Vicia lathyroides,mixed_uncertain,not_evaluable_ambiguous_palette_composition,red_pink,0.42117055338989773,red_pink,blue_purple,0.42563647352544154,0.3095307355549657,0.11163981783493204,True
20332,Vicia lathyroides,mixed_uncertain,not_evaluable_ambiguous_palette_composition,blue_purple,0.35987493784904995,red_pink,blue_purple,0.5838526023607862,0.22700512232326903,0.13286981552578092,True
20333,Vicia lathyroides,mixed_uncertain,not_evaluable_ambiguous_palette_composition,blue_purple,0.45806884055985947,white,blue_purple,0.5473065508290443,0.2365727266008387,0.22149611395902077,True
20340,Vicia lathyroides,mixed_uncertain,not_evaluable_ambiguous_palette_composition,blue_purple,0.42191845889921975,red_pink,blue_purple,0.5741602959931331,0.3104221453059963,0.11149631359322343,True
20352,Vicia lathyroides,mixed_uncertain,not_evaluable_ambiguous_palette_composition,blue_purple,0.4754039008712044,yellow_orange,blue_purple,0.5852199164754485,0.3064401687569871,0.16896373211421728,True
20361,Vicia lathyroides,mixed_uncertain,not_evaluable_ambiguous_palette_composition,blue_purple,0.4069970480500225,white,blue_purple,0.5972449836550955,0.2094272028562875,0.19756984519373502,True
20386,Vicia lathyroides,mixed_uncertain,not_evaluable_ambiguous_palette_composition,red_pink,0.35423022608066546,red_pink,blue_purple,0.3839066480676259,0.24313586396160003,0.11109436211906543,True
20393,Vicia lathyroides,mixed_uncertain,not_evaluable_ambiguous_palette_composition,blue_purple,0.4811318924301787,white,blue_purple,0.5028661668163422,0.21432715264416247,0.2668047397860162,True
20399,Vicia lathyroides,mixed_uncertain,not_evaluable_ambiguous_palette_composition,red_pink,0.4635312552122807,white,red_pink,0.6622019437173554,0.3622010565607102,0.1013301986515705,True
20445,Dalea candida,mixed_uncertain,not_evaluable_ambiguous_palette_composition,blue_purple,0.5277380140980165,white,blue_purple,0.5502276050119681,0.3558457530897094,0.17189226100830707,True
20502,Oxalis violacea,mixed_uncertain,not_evaluable_ambiguous_palette_composition,white,0.5260082505606496,white,blue_purple,0.4851856977436851,0.3161405493309424,0.20986770122970722,True
20511,Oxalis violacea,mixed_uncertain,not_evaluable_ambiguous_palette_composition,red_pink,0.4103503739480943,red_pink,blue_purple,0.3891380495271592,0.3165477052685638,0.09380266867953052,True
20522,Oxalis violacea,mixed_uncertain,not_evaluable_ambiguous_palette_composition,red_pink,0.43316528218922884,white,red_pink,0.5217418638555756,0.14110531241840066,0.29205996977082815,True
20525,Oxalis violacea,mixed_uncertain,not_evaluable_ambiguous_palette_composition,blue_purple,0.42923831004671925,red_pink,blue_purple,0.5522509002215692,0.30655179866512283,0.12268651138159642,True
20527,Oxalis violacea,mixed_uncertain,not_evaluable_ambiguous_palette_composition,red_pink,0.4406279167895277,white,red_pink,0.5835394949681052,0.25879547501362465,0.18183244177590302,True
20528,Oxalis violacea,mixed_uncertain,not_evaluable_ambiguous_palette_composition,blue_purple,0.3014566425227353,white,blue_purple,0.6952382152241156,0.14540607453209264,0.15605056799064265,True
20532,Oxalis violacea,mixed_uncertain,not_evaluable_ambiguous_palette_composition,blue_purple,0.46422510720660626,white,blue_purple,0.5182684866449132,0.20315680790267723,0.26106829930392905,True
20536,Oxalis violacea,mixed_uncertain,not_evaluable_ambiguous_palette_composition,blue_purple,0.435550720210026,white,blue_purple,0.5412234057924818,0.17799210308519592,0.2575586171248301,True
20538,Oxalis violacea,mixed_uncertain,not_evaluable_ambiguous_palette_composition,red_pink,0.35140599833990904,white,red_pink,0.7803895734333055,0.2968526416450674,0.054553356694841626,True
20547,Oxalis violacea,mixed_uncertain,not_evaluable_ambiguous_palette_composition,blue_purple,0.4864878481686097,white,blue_purple,0.5369853891962757,0.2751620875643426,0.2113257606042671,True
20549,Oxalis violacea,mixed_uncertain,not_evaluable_ambiguous_palette_composition,red_pink,0.35136651278045244,white,red_pink,0.7577397103241075,0.28358910142520005,0.06777741135525239,True
20554,Oxalis violacea,mixed_uncertain,not_evaluable_ambiguous_palette_composition,red_pink,0.3678984027968027,red_pink,blue_purple,0.31967853173342364,0.2988867652270455,0.0690116375697572,True
20566,Oxalis violacea,mixed_uncertain,not_evaluable_ambiguous_palette_composition,red_pink,0.45200864165774446,white,red_pink,0.5350977008616097,0.21407274207464672,0.23793589958309774,True
20572,Oxalis violacea,mixed_uncertain,not_evaluable_ambiguous_palette_composition,white,0.45131252599965915,white,red_pink,0.48044217026253033,0.18554298144531645,0.2657695445543427,True
20584,Oxalis violacea,mixed_uncertain,not_evaluable_ambiguous_palette_composition,red_pink,0.41914373968772256,white,red_pink,0.6076155820675535,0.2505657174177865,0.16857802226993607,True
20588,Oxalis violacea,mixed_uncertain,not_evaluable_ambiguous_palette_composition,red_pink,0.4308891399928978,white,red_pink,0.6575575975317373,0.31571701325971596,0.11517212673318183,True
20591,Oxalis violacea,mixed_uncertain,not_evaluable_ambiguous_palette_composition,red_pink,0.4535788169099352,white,red_pink,0.5389553987585715,0.22331217454953933,0.23026664236039585,True
20594,Oxalis violacea,mixed_uncertain,not_evaluable_ambiguous_palette_composition,blue_purple,0.5442495379843071,white,blue_purple,0.5092795869171199,0.3397240616929872,0.2045254762913199,True
20597,Oxalis violacea,mixed_uncertain,not_evaluable_ambiguous_palette_composition,blue_purple,0.45950593680563073,red_pink,blue_purple,0.5437688063550901,0.342668363784203,0.11683757302142772,True
20685,Baptisia tinctoria,mixed_uncertain,not_evaluable_ambiguous_palette_composition,white,0.4711803850672092,white,yellow_orange,0.4566275713475876,0.11969766258493132,0.3514827224822779,True
20902,Symphyotrichum puniceum,mixed_uncertain,not_evaluable_ambiguous_palette_composition,red_pink,0.4134475021780185,white,red_pink,0.5751944651076675,0.1965022462532295,0.216945255924789,True
20950,Symphyotrichum puniceum,mixed_uncertain,not_evaluable_ambiguous_palette_composition,blue_purple,0.5042270017782283,white,blue_purple,0.5431422901190551,0.31231516679261084,0.19191183498561748,True
20952,Symphyotrichum puniceum,mixed_uncertain,not_evaluable_ambiguous_palette_composition,blue_purple,0.4636488551502782,white,blue_purple,0.511023270852861,0.18830215210754436,0.27534670304273384,True
20973,Symphyotrichum puniceum,mixed_uncertain,not_evaluable_ambiguous_palette_composition,blue_purple,0.4818939344238352,yellow_orange,blue_purple,0.5927754441900075,0.3238631777401829,0.1580307566836523,True
20980,Symphyotrichum puniceum,mixed_uncertain,not_evaluable_ambiguous_palette_composition,red_pink,0.32811275507984217,yellow_orange,red_pink,0.711755181838207,0.22868578395902286,0.0994269711208193,True
20995,Symphyotrichum puniceum,mixed_uncertain,not_evaluable_ambiguous_palette_composition,blue_purple,0.5452232810113868,white,yellow_orange,0.4963224120394663,0.258994848384771,0.28622843262661585,True
20997,Symphyotrichum puniceum,mixed_uncertain,not_evaluable_ambiguous_palette_composition,white,0.4987732008600584,white,blue_purple,0.49914055145890485,0.24843897742034363,0.2503342234397148,True
20999,Symphyotrichum puniceum,mixed_uncertain,not_evaluable_ambiguous_palette_composition,blue_purple,0.4865518509397495,white,blue_purple,0.5146826289914651,0.24473848899702877,0.24181336194272074,True
21013,Dalea formosa,mixed_uncertain,not_evaluable_ambiguous_palette_composition,blue_purple,0.4915032008393255,red_pink,blue_purple,0.5862158503977808,0.40556121350933055,0.08594198732999497,True
21015,Dalea formosa,mixed_uncertain,not_evaluable_ambiguous_palette_composition,red_pink,0.44175817138600565,white,red_pink,0.6803089922867834,0.34671079895598594,0.0950473724300197,True
21022,Dalea formosa,mixed_uncertain,not_evaluable_ambiguous_palette_composition,blue_purple,0.421041850863385,red_pink,blue_purple,0.6051783545751461,0.3272383680469192,0.09380348281646583,True
21045,Dalea formosa,mixed_uncertain,not_evaluable_ambiguous_palette_composition,red_pink,0.5258674157196351,red_pink,blue_purple,0.47696205813799847,0.41725459157061884,0.1086128241490163,True
21053,Dalea formosa,mixed_uncertain,not_evaluable_ambiguous_palette_composition,red_pink,0.5061636851387403,red_pink,blue_purple,0.4964896288632642,0.3810605191090474,0.1251031660296929,True
21054,Dalea formosa,mixed_uncertain,not_evaluable_ambiguous_palette_composition,blue_purple,0.4474343421362881,red_pink,blue_purple,0.511876998841543,0.3048151539332572,0.14261918820303088,True
21056,Dalea formosa,mixed_uncertain,not_evaluable_ambiguous_palette_composition,red_pink,0.4211849456906565,white,red_pink,0.6464905778483141,0.29284947052039356,0.12833547517026295,True
21057,Dalea formosa,mixed_uncertain,not_evaluable_ambiguous_palette_composition,blue_purple,0.4644652429114087,red_pink,blue_purple,0.5591922637051757,0.35809728698302257,0.10636795592838616,True
21060,Dalea formosa,mixed_uncertain,not_evaluable_ambiguous_palette_composition,blue_purple,0.4945629682455801,red_pink,blue_purple,0.6527102601760608,0.4362159470255524,0.05834702122002772,True
21069,Dalea formosa,mixed_uncertain,not_evaluable_ambiguous_palette_composition,blue_purple,0.45101515368911343,red_pink,blue_purple,0.5011545898401693,0.30226528478564413,0.1487498689034693,True
21079,Dalea formosa,mixed_uncertain,not_evaluable_ambiguous_palette_composition,blue_purple,0.4727098208064844,red_pink,blue_purple,0.5808584529975195,0.3799339305879275,0.09277589021855687,True
21088,Dalea formosa,mixed_uncertain,not_evaluable_ambiguous_palette_composition,white,0.4568680367518112,white,red_pink,0.4570900396785381,0.23563819360922073,0.22122984314259048,True
21099,Dalea formosa,mixed_uncertain,not_evaluable_ambiguous_palette_composition,blue_purple,0.47163196789268613,yellow_orange,blue_purple,0.6643691002492882,0.36869984769836955,0.10293212019431658,True
21108,Pyrola elliptica,mixed_uncertain,not_evaluable_ambiguous_palette_composition,white,0.563771453513146,white,yellow_orange,0.3006471391541061,0.4772916548752444,0.08647979863790156,True
21280,Lysimachia quadrifolia,mixed_uncertain,not_evaluable_ambiguous_palette_composition,yellow_orange,0.4766003423319447,white,yellow_orange,0.5254528802434272,0.053331777866433915,0.4232685644655108,True
21298,Lysimachia quadrifolia,mixed_uncertain,not_evaluable_ambiguous_palette_composition,white,0.47789597768141473,white,red_pink,0.4108545767234202,0.32343084618036844,0.1544651315010463,True
21372,Cistus crispus,mixed_uncertain,not_evaluable_ambiguous_palette_composition,white,0.46041963633437777,white,yellow_orange,0.42389141124783214,0.1816962669420679,0.2787233693923099,True
21384,Cistus crispus,mixed_uncertain,not_evaluable_ambiguous_palette_composition,red_pink,0.4390584651561179,white,red_pink,0.5465848508818686,0.2049946765123014,0.2340637886438165,True
21402,Cistus albidus,mixed_uncertain,not_evaluable_ambiguous_palette_composition,red_pink,0.44405520019184497,white,red_pink,0.514322417350552,0.15562556797449187,0.28842963221735307,True
21405,Cistus albidus,mixed_uncertain,not_evaluable_ambiguous_palette_composition,blue_purple,0.43675408833092383,red_pink,blue_purple,0.5278337273079993,0.30061366280871304,0.13614042552221078,True
21437,Cistus albidus,mixed_uncertain,not_evaluable_ambiguous_palette_composition,red_pink,0.4345304456374648,red_pink,blue_purple,0.43048227290753766,0.3246125886117587,0.10991785702570611,True
21443,Cistus albidus,mixed_uncertain,not_evaluable_ambiguous_palette_composition,red_pink,0.4331375611115383,red_pink,blue_purple,0.4725733271990262,0.2950414005949412,0.13809616051659707,True
21445,Cistus albidus,mixed_uncertain,not_evaluable_ambiguous_palette_composition,red_pink,0.4019216366962371,red_pink,blue_purple,0.3859230772169814,0.3073727812156065,0.09454885548063058,True
21446,Cistus albidus,mixed_uncertain,not_evaluable_ambiguous_palette_composition,blue_purple,0.45101114297005257,yellow_orange,blue_purple,0.636066010326454,0.3189209168268828,0.1320902261431698,True
21465,Cistus albidus,mixed_uncertain,not_evaluable_ambiguous_palette_composition,blue_purple,0.5801865011968949,red_pink,blue_purple,0.5281235819856311,0.48616255392450475,0.09402394727239011,True
21480,Cistus albidus,mixed_uncertain,not_evaluable_ambiguous_palette_composition,red_pink,0.2994306592975758,red_pink,blue_purple,0.2523602040272169,0.24694619533840498,0.05248446395917081,True
21487,Cistus albidus,mixed_uncertain,not_evaluable_ambiguous_palette_composition,blue_purple,0.4584813633038131,yellow_orange,blue_purple,0.7021794710268632,0.37696006148245415,0.08152130182135897,True
21488,Cistus albidus,mixed_uncertain,not_evaluable_ambiguous_palette_composition,red_pink,0.3735635935371145,white,red_pink,0.657378637262544,0.23123935999172562,0.14232423354538887,True
21496,Cistus albidus,mixed_uncertain,not_evaluable_ambiguous_palette_composition,red_pink,0.39988944414006766,white,red_pink,0.5951790908646357,0.19935724998981427,0.2005321941502534,True
21498,Cistus albidus,mixed_uncertain,not_evaluable_ambiguous_palette_composition,blue_purple,0.39429636177624305,white,blue_purple,0.6589368508403461,0.26102619642406155,0.1332701653521815,True
21506,Nelumbo nucifera,mixed_uncertain,not_evaluable_ambiguous_palette_composition,red_pink,0.36870769188736313,white,red_pink,0.6826530095442874,0.24919550042508729,0.11951219146227585,True
21511,Nelumbo nucifera,mixed_uncertain,not_evaluable_ambiguous_palette_composition,red_pink,0.5510101434229259,white,red_pink,0.5294880696702533,0.37587204794467644,0.17513809547824943,True
21538,Nelumbo nucifera,mixed_uncertain,not_evaluable_ambiguous_palette_composition,red_pink,0.4101878243211845,white,red_pink,0.611346442952362,0.23977585993407693,0.17041196438710757,True
21553,Nelumbo nucifera,mixed_uncertain,not_evaluable_ambiguous_palette_composition,red_pink,0.38773972543501584,white,red_pink,0.6995425978924511,0.29008000149933266,0.09765972393568317,True
21561,Nelumbo nucifera,mixed_uncertain,not_evaluable_ambiguous_palette_composition,red_pink,0.44250868321760867,red_pink,blue_purple,0.4426105736393658,0.3280281989017024,0.1144804843159063,True
21583,Nelumbo nucifera,mixed_uncertain,not_evaluable_ambiguous_palette_composition,red_pink,0.33489559376038036,yellow_orange,red_pink,0.6829512763123176,0.21254927433532583,0.12234631942505453,True
21630,Rosa blanda,mixed_uncertain,not_evaluable_ambiguous_palette_composition,red_pink,0.33453961431678675,white,red_pink,0.7729386524425929,0.27223457025719555,0.0623050440595912,True
21637,Rosa blanda,mixed_uncertain,not_evaluable_ambiguous_palette_composition,red_pink,0.39775890772996947,white,red_pink,0.5803335152765365,0.17049538881109022,0.22726351891887925,True
21642,Rosa blanda,mixed_uncertain,not_evaluable_ambiguous_palette_composition,white,0.49628572985741126,white,blue_purple,0.47393327782078387,0.27867996996061495,0.2176057598967963,True
21669,Rosa blanda,mixed_uncertain,not_evaluable_ambiguous_palette_composition,red_pink,0.4205167589031862,red_pink,blue_purple,0.4204849072247183,0.31180391729215057,0.10871284161103562,True
21671,Rosa blanda,mixed_uncertain,not_evaluable_ambiguous_palette_composition,red_pink,0.36184383907150863,white,red_pink,0.7010391124179125,0.255720643657519,0.10612319541398962,True
21683,Rosa blanda,mixed_uncertain,not_evaluable_ambiguous_palette_composition,red_pink,0.3600201583137525,white,red_pink,0.7871487060593906,0.3104725850895788,0.04954757322417369,True
21689,Rosa blanda,mixed_uncertain,not_evaluable_ambiguous_palette_composition,red_pink,0.41116016838653513,red_pink,blue_purple,0.4177756103185097,0.30077009264174254,0.11039007574479259,True
21698,Rosa blanda,mixed_uncertain,not_evaluable_ambiguous_palette_composition,red_pink,0.39049519742492345,red_pink,blue_purple,0.3958224976306907,0.28624970744648104,0.10424548997844241,True
21700,Bursaria spinosa,mixed_uncertain,not_evaluable_ambiguous_palette_composition,white,0.5527827624542854,white,yellow_orange,0.3357565376716022,0.4396391072792584,0.11314365517502695,True
21844,Dampiera stricta,mixed_uncertain,not_evaluable_ambiguous_palette_composition,white,0.47967187953764945,white,blue_purple,0.4913261891423909,0.2210053061021239,0.25866657343552557,True
21857,Dampiera stricta,mixed_uncertain,not_evaluable_ambiguous_palette_composition,blue_purple,0.49720110869891215,white,blue_purple,0.6057853363302205,0.36129250903845517,0.13590859966045699,True
21862,Dampiera stricta,mixed_uncertain,not_evaluable_ambiguous_palette_composition,blue_purple,0.47588470400316657,white,blue_purple,0.6046676233958207,0.3303437963124912,0.14554090769067535,True
21869,Dampiera stricta,mixed_uncertain,not_evaluable_ambiguous_palette_composition,white,0.42762985034490425,white,red_pink,0.4524675433404462,0.1809619402532299,0.24666791009167435,True
22000,Baptisia australis,mixed_uncertain,not_evaluable_ambiguous_palette_composition,blue_purple,0.3316067535085773,white,blue_purple,0.6580186633201199,0.1488530337399914,0.18275371976858593,True
22002,Baptisia australis,mixed_uncertain,not_evaluable_ambiguous_palette_composition,blue_purple,0.42574507377047693,white,blue_purple,0.584927214520454,0.2278348206849858,0.19791025308549112,True
22011,Baptisia australis,mixed_uncertain,not_evaluable_ambiguous_palette_composition,blue_purple,0.43927784719950425,white,blue_purple,0.6030420681038332,0.27323771356760557,0.16604013363189868,True
22012,Baptisia australis,mixed_uncertain,not_evaluable_ambiguous_palette_composition,blue_purple,0.4708196385200163,white,blue_purple,0.5474721126243073,0.260620884120725,0.2101987543992913,True
22034,Baptisia australis,mixed_uncertain,not_evaluable_ambiguous_palette_composition,blue_purple,0.4564826102291927,white,blue_purple,0.5120318001658931,0.17205682079147155,0.2844257894377211,True
22063,Baptisia australis,mixed_uncertain,not_evaluable_ambiguous_palette_composition,red_pink,0.3506830949996808,white,red_pink,0.6980989756966809,0.23695001647106237,0.11373307852861844,True
22085,Baptisia australis,mixed_uncertain,not_evaluable_ambiguous_palette_composition,blue_purple,0.3596061822517382,white,blue_purple,0.6473186089808549,0.1895526959536644,0.1700534862980738,True
22090,Baptisia australis,mixed_uncertain,not_evaluable_ambiguous_palette_composition,blue_purple,0.3548286251977947,white,blue_purple,0.6069397234414854,0.0995440647369494,0.25528456046084524,True
22201,Arisaema dracontium,mixed_uncertain,not_evaluable_ambiguous_palette_composition,yellow_orange,0.4884493029858792,white,yellow_orange,0.536918890001518,0.15807407907621623,0.33037522390966295,True
22281,Arisaema dracontium,mixed_uncertain,not_evaluable_ambiguous_palette_composition,yellow_orange,0.48976539569425553,white,yellow_orange,0.5195421244366677,0.09971999212163149,0.39004540357262407,True
22352,Linum catharticum,mixed_uncertain,not_evaluable_ambiguous_palette_composition,yellow_orange,0.5000970101025705,white,yellow_orange,0.5192001790670593,0.1408671606411004,0.3592298494614701,True
22353,Linum catharticum,mixed_uncertain,not_evaluable_ambiguous_palette_composition,white,0.5043634496621523,white,yellow_orange,0.493811402337651,0.10722867181507156,0.39713477784708073,True
22378,Linum catharticum,mixed_uncertain,not_evaluable_ambiguous_palette_composition,blue_purple,0.4321925950007851,white,blue_purple,0.6881790007737237,0.33732681096666833,0.09486578403411677,True
22383,Linum catharticum,mixed_uncertain,not_evaluable_ambiguous_palette_composition,white,0.534452226813153,white,yellow_orange,0.31340719545119405,0.4333634740500546,0.10108875276309837,True
22400,Sairocarpus pusillus,mixed_uncertain,not_evaluable_ambiguous_palette_composition,white,0.46552885903204105,white,yellow_orange,0.4563818697907966,0.09621399929373059,0.36931485973831046,True
22419,Sairocarpus pusillus,mixed_uncertain,not_evaluable_ambiguous_palette_composition,blue_purple,0.45099624786441367,yellow_orange,blue_purple,0.6600577418920581,0.33862073702022794,0.11237551084418573,True
22440,Sairocarpus pusillus,mixed_uncertain,not_evaluable_ambiguous_palette_composition,blue_purple,0.3793984341028199,red_pink,blue_purple,0.6400474846596221,0.29257897575725766,0.08681945834556226,True
22442,Sairocarpus pusillus,mixed_uncertain,not_evaluable_ambiguous_palette_composition,white,0.5199949293171995,white,blue_purple,0.4984570077710688,0.28957539766894247,0.23041953164825701,True
22458,Sairocarpus pusillus,mixed_uncertain,not_evaluable_ambiguous_palette_composition,red_pink,0.45417828459422827,white,red_pink,0.6357982298489633,0.3301739564550189,0.12400432813920936,True
22461,Sairocarpus pusillus,mixed_uncertain,not_evaluable_ambiguous_palette_composition,red_pink,0.42159290023697005,red_pink,blue_purple,0.432721488707445,0.3056580683089137,0.11593483192805637,True
22487,Sairocarpus pusillus,mixed_uncertain,not_evaluable_ambiguous_palette_composition,blue_purple,0.42953167964874867,yellow_orange,blue_purple,0.6465709019622421,0.29762957505458787,0.1319021045941608,True
22498,Sairocarpus pusillus,mixed_uncertain,not_evaluable_ambiguous_palette_composition,blue_purple,0.43741965687629764,white,blue_purple,0.6092344253365942,0.2769332584817698,0.16048639839452783,True
22651,Syzygium jambos,mixed_uncertain,not_evaluable_ambiguous_palette_composition,white,0.5196024888024735,white,yellow_orange,0.2721093168884808,0.4429857143098794,0.07661677449259413,True
22706,Geum canadense,mixed_uncertain,not_evaluable_ambiguous_palette_composition,yellow_orange,0.43412206154356514,white,yellow_orange,0.6025074563229603,0.1763151580567937,0.25780690348677143,True
22901,Alchemilla alpina,mixed_uncertain,not_evaluable_ambiguous_palette_composition,white,0.4797751138029101,white,yellow_orange,0.4526360521422207,0.16160356623924166,0.31817154756366844,True
22952,Alchemilla alpina,mixed_uncertain,not_evaluable_ambiguous_palette_composition,white,0.4185207033507311,white,yellow_orange,0.4136758516954687,0.06862377340533585,0.34989692994539523,True
22979,Alchemilla alpina,mixed_uncertain,not_evaluable_ambiguous_palette_composition,yellow_orange,0.45795876238004296,white,yellow_orange,0.5867585000066464,0.1990819491406866,0.25887681323935635,True
23004,Eutrochium maculatum,mixed_uncertain,not_evaluable_ambiguous_palette_composition,red_pink,0.4437522330145885,white,red_pink,0.5438639414308788,0.21059872906823357,0.23315350394635492,True
23006,Eutrochium maculatum,mixed_uncertain,not_evaluable_ambiguous_palette_composition,red_pink,0.40063217257616157,white,red_pink,0.6046501816264568,0.21423109457859515,0.18640107799756642,True
23009,Eutrochium maculatum,mixed_uncertain,not_evaluable_ambiguous_palette_composition,red_pink,0.4008158952202498,red_pink,blue_purple,0.3273717439957892,0.33525513538023755,0.06556075984001225,True
23011,Eutrochium maculatum,mixed_uncertain,not_evaluable_ambiguous_palette_composition,red_pink,0.45938885522522216,white,red_pink,0.5761508052470405,0.28161594380681504,0.17777291141840712,True
23025,Eutrochium maculatum,mixed_uncertain,not_evaluable_ambiguous_palette_composition,white,0.5052887209639196,white,red_pink,0.43400811877844947,0.34233862112534996,0.16295009983856967,True
23026,Eutrochium maculatum,mixed_uncertain,not_evaluable_ambiguous_palette_composition,red_pink,0.38286080785486354,white,red_pink,0.7055326573079604,0.28809688801199657,0.09476391984286697,True
23028,Eutrochium maculatum,mixed_uncertain,not_evaluable_ambiguous_palette_composition,red_pink,0.46231943885191984,yellow_orange,red_pink,0.8417911755802105,0.4439159713514978,0.018403467500422044,False
23030,Eutrochium maculatum,mixed_uncertain,not_evaluable_ambiguous_palette_composition,white,0.6117941830259918,white,red_pink,0.4168027206084625,0.49689552538529513,0.11489865764069662,True
23033,Eutrochium maculatum,mixed_uncertain,not_evaluable_ambiguous_palette_composition,red_pink,0.49575175349164674,yellow_orange,red_pink,0.8319605190948308,0.4763978378399527,0.01935391565169403,False
23038,Eutrochium maculatum,mixed_uncertain,not_evaluable_ambiguous_palette_composition,red_pink,0.3464127783723149,white,red_pink,0.7657137605944383,0.28240501998727136,0.06400775838504352,True
23041,Eutrochium maculatum,mixed_uncertain,not_evaluable_ambiguous_palette_composition,blue_purple,0.4659960206622723,red_pink,blue_purple,0.515040262064002,0.3335462321781619,0.13244978848411038,True
23045,Eutrochium maculatum,mixed_uncertain,not_evaluable_ambiguous_palette_composition,red_pink,0.4561487577563769,white,red_pink,0.5397699658088443,0.22968793703704402,0.2264608207193329,True
23059,Eutrochium maculatum,mixed_uncertain,not_evaluable_ambiguous_palette_composition,red_pink,0.41943691038618985,red_pink,blue_purple,0.4881331611712161,0.26198786828105763,0.15744904210513222,True
23062,Eutrochium maculatum,mixed_uncertain,not_evaluable_ambiguous_palette_composition,red_pink,0.46137457689259376,white,red_pink,0.5591182651786417,0.2652091746780732,0.19616540221452056,True
23072,Eutrochium maculatum,mixed_uncertain,not_evaluable_ambiguous_palette_composition,white,0.4507609008169839,white,blue_purple,0.48396938269410567,0.1653196498293348,0.28544125098764905,True
23092,Eutrochium maculatum,mixed_uncertain,not_evaluable_ambiguous_palette_composition,red_pink,0.4757184503158455,white,red_pink,0.5563339090844763,0.2863066230603709,0.18941182725547456,True
23096,Eutrochium maculatum,mixed_uncertain,not_evaluable_ambiguous_palette_composition,blue_purple,0.4914413218538092,white,blue_purple,0.5034956008880523,0.23755498239080927,0.2538863394629999,True
23098,Eutrochium maculatum,mixed_uncertain,not_evaluable_ambiguous_palette_composition,white,0.4210637489818695,white,red_pink,0.4387736187024167,0.19006281612200981,0.23100093285985968,True
23099,Eutrochium maculatum,mixed_uncertain,not_evaluable_ambiguous_palette_composition,red_pink,0.47635576817040937,white,red_pink,0.5700515778842364,0.3022676461710716,0.17408812199933776,True
23218,Gentiana parryi,mixed_uncertain,not_evaluable_ambiguous_palette_composition,blue_purple,0.3800843921501501,white,blue_purple,0.5793322594214148,0.10771880511131811,0.272365587038832,True
23267,Gentiana parryi,mixed_uncertain,not_evaluable_ambiguous_palette_composition,red_pink,0.51329988849966,red_pink,blue_purple,0.4543450125524659,0.4129479820325905,0.10035190646706954,True
23309,Carlina vulgaris,mixed_uncertain,not_evaluable_ambiguous_palette_composition,white,0.47727590170723205,white,yellow_orange,0.33545065823722897,0.34016252639542705,0.137113375311805,True
23313,Carlina vulgaris,mixed_uncertain,not_evaluable_ambiguous_palette_composition,blue_purple,0.49847889429561326,white,blue_purple,0.563403697428554,0.3246049588819733,0.17387393541363994,True
23328,Carlina vulgaris,mixed_uncertain,not_evaluable_ambiguous_palette_composition,white,0.5121100071445297,white,blue_purple,0.44786906507299,0.33415292671046387,0.17795708043406583,True
23358,Carlina vulgaris,mixed_uncertain,not_evaluable_ambiguous_palette_composition,white,0.5353544750384558,white,yellow_orange,0.30148750117151063,0.4427973326028808,0.092557142435575,True
23377,Carlina vulgaris,mixed_uncertain,not_evaluable_ambiguous_palette_composition,white,0.4758850632092817,white,yellow_orange,0.4694677714185541,0.0833005804425266,0.3925844827667551,True
23383,Carlina vulgaris,mixed_uncertain,not_evaluable_ambiguous_palette_composition,white,0.5465391876172634,white,yellow_orange,0.296925484733111,0.45922686288813186,0.08731232472913153,True
23393,Carlina vulgaris,mixed_uncertain,not_evaluable_ambiguous_palette_composition,white,0.4136271102760748,white,yellow_orange,0.35864737280919257,0.2072886398645248,0.20633847041154998,True
23546,Eupatorium altissimum,mixed_uncertain,not_evaluable_ambiguous_palette_composition,white,0.43675994022131087,white,yellow_orange,0.43489928423974433,0.04868774817500446,0.3880721920463064,True
23573,Eupatorium altissimum,mixed_uncertain,not_evaluable_ambiguous_palette_composition,white,0.4883161066301712,white,yellow_orange,0.42137814578752397,0.24818519291169183,0.2401309137184794,True
23630,Elephantopus carolinianus,mixed_uncertain,not_evaluable_ambiguous_palette_composition,red_pink,0.4539765519324218,white,red_pink,0.6510465223164642,0.34176820726496915,0.11220834466745266,True
23703,Erythrina lysistemon,mixed_uncertain,not_evaluable_ambiguous_palette_composition,red_pink,0.6782255143055322,yellow_orange,red_pink,0.7210147764084697,0.6388495544595649,0.03937595984596731,True
23709,Erythrina lysistemon,mixed_uncertain,not_evaluable_ambiguous_palette_composition,red_pink,0.33749470203947834,white,red_pink,0.7196312164039393,0.23719775917820965,0.1002969428612687,True
23785,Erythrina lysistemon,mixed_uncertain,not_evaluable_ambiguous_palette_composition,red_pink,0.6042049145809077,yellow_orange,red_pink,0.708163368975608,0.5552607413717786,0.04894417320912914,True
23923,Andromeda polifolia,mixed_uncertain,not_evaluable_ambiguous_palette_composition,red_pink,0.40404774749358724,white,red_pink,0.5817744397642424,0.18707329231543768,0.21697445517814956,True
23935,Andromeda polifolia,mixed_uncertain,not_evaluable_ambiguous_palette_composition,red_pink,0.33917690706346204,white,red_pink,0.7758832264974576,0.27966059997470133,0.05951630708876071,True
23937,Andromeda polifolia,mixed_uncertain,not_evaluable_ambiguous_palette_composition,red_pink,0.4606726134501451,white,red_pink,0.5580837373437328,0.2627146413950546,0.19795797205509047,True
23957,Andromeda polifolia,mixed_uncertain,not_evaluable_ambiguous_palette_composition,red_pink,0.4792591335164074,white,red_pink,0.5170705772813243,0.2422302527287527,0.23702888078765472,True
23960,Andromeda polifolia,mixed_uncertain,not_evaluable_ambiguous_palette_composition,red_pink,0.434382650399855,white,red_pink,0.6179373959123539,0.2857473178016873,0.14863533259816775,True
23969,Andromeda polifolia,mixed_uncertain,not_evaluable_ambiguous_palette_composition,white,0.546864389525819,white,yellow_orange,0.2978428996824714,0.459022220482559,0.08784216904325998,True
23979,Andromeda polifolia,mixed_uncertain,not_evaluable_ambiguous_palette_composition,red_pink,0.3558422108941807,white,red_pink,0.7421525717781338,0.2790555678812368,0.07678664301294391,True
23989,Andromeda polifolia,mixed_uncertain,not_evaluable_ambiguous_palette_composition,red_pink,0.39472468942330524,white,red_pink,0.6009110009049496,0.19753022396029124,0.197194465463014,True
23996,Andromeda polifolia,mixed_uncertain,not_evaluable_ambiguous_palette_composition,red_pink,0.45466276750155016,white,red_pink,0.6302883046069814,0.32632798897935283,0.12833477852219732,True
24017,Sesbania drummondii,mixed_uncertain,not_evaluable_ambiguous_palette_composition,white,0.5737946763979861,white,yellow_orange,0.30711460401288965,0.48507142079655974,0.08872325560142635,True
24086,Sesbania drummondii,mixed_uncertain,not_evaluable_ambiguous_palette_composition,white,0.48049374981127546,white,yellow_orange,0.4733330922505511,0.08784550982620501,0.3926482399850705,True
24206,Moraea flaccida,mixed_uncertain,not_evaluable_ambiguous_palette_composition,red_pink,0.5625119393244272,white,red_pink,0.5564423864606255,0.4149140789747701,0.1475978603496571,True
24219,Moraea flaccida,mixed_uncertain,not_evaluable_ambiguous_palette_composition,white,0.450852378723867,white,yellow_orange,0.3571641634148568,0.276055351822072,0.174797026901795,True
24242,Moraea flaccida,mixed_uncertain,not_evaluable_ambiguous_palette_composition,yellow_orange,0.45184271084430616,white,yellow_orange,0.561787251867059,0.11354079746630068,0.33830191337800547,True
24254,Moraea flaccida,mixed_uncertain,not_evaluable_ambiguous_palette_composition,white,0.5203190353988706,white,red_pink,0.42426668958350905,0.37248044102804634,0.14783859437082425,True
24258,Moraea flaccida,mixed_uncertain,not_evaluable_ambiguous_palette_composition,white,0.39369550084831295,white,yellow_orange,0.3073025777695859,0.2468502842614516,0.14684521658686134,True
24265,Moraea flaccida,mixed_uncertain,not_evaluable_ambiguous_palette_composition,red_pink,0.4933852094679744,white,red_pink,0.6443625017358904,0.3881834972155815,0.10520171225239289,True
24306,Pinguicula vulgaris,mixed_uncertain,not_evaluable_ambiguous_palette_composition,red_pink,0.4721202262270927,red_pink,blue_purple,0.48151025538226705,0.34423749680734594,0.12788272941974677,True
24323,Pinguicula vulgaris,mixed_uncertain,not_evaluable_ambiguous_palette_composition,red_pink,0.48171585632099334,white,red_pink,0.5174942158025525,0.24766156069559817,0.23405429562539518,True
24324,Pinguicula vulgaris,mixed_uncertain,not_evaluable_ambiguous_palette_composition,blue_purple,0.5117756349313416,white,blue_purple,0.5052865663629587,0.2795799123765608,0.23219572255478077,True
24326,Pinguicula vulgaris,mixed_uncertain,not_evaluable_ambiguous_palette_composition,blue_purple,0.3585971714009563,white,blue_purple,0.590668453693316,0.0528709261319382,0.3057262452690181,True
24355,Pinguicula vulgaris,mixed_uncertain,not_evaluable_ambiguous_palette_composition,white,0.4474180474570259,white,blue_purple,0.48347642835523413,0.15711830829540485,0.29029973916162105,True
24362,Pinguicula vulgaris,mixed_uncertain,not_evaluable_ambiguous_palette_composition,red_pink,0.4988027958790036,white,red_pink,0.5096148545523119,0.26920111607069275,0.22960167980831087,True
24372,Pinguicula vulgaris,mixed_uncertain,not_evaluable_ambiguous_palette_composition,blue_purple,0.4615938372934284,red_pink,blue_purple,0.5349774635471564,0.3401439987587336,0.12144983853469482,True
24414,Drosera spatulata,mixed_uncertain,not_evaluable_ambiguous_palette_composition,red_pink,0.41273987726767103,white,red_pink,0.5953959779504303,0.22430934044427753,0.1884305368233935,True
24431,Drosera spatulata,mixed_uncertain,not_evaluable_ambiguous_palette_composition,red_pink,0.4922077120130003,yellow_orange,red_pink,0.767505380271808,0.4541493524236664,0.0380583595893339,True
24433,Drosera spatulata,mixed_uncertain,not_evaluable_ambiguous_palette_composition,red_pink,0.5204982571334832,white,red_pink,0.6475978100739904,0.4240938802899119,0.09640437684357128,True
24466,Drosera spatulata,mixed_uncertain,not_evaluable_ambiguous_palette_composition,red_pink,0.4185210886994356,white,red_pink,0.6384240240704028,0.2815923526508561,0.13692873604857952,True
24476,Drosera spatulata,mixed_uncertain,not_evaluable_ambiguous_palette_composition,white,0.5868184747824348,white,red_pink,0.40073904476379346,0.47602394501670836,0.1107945297657264,True
24481,Drosera spatulata,mixed_uncertain,not_evaluable_ambiguous_palette_composition,red_pink,0.46614583968524437,white,red_pink,0.7039265570563166,0.39116988597213187,0.0749759537131125,True
24494,Drosera spatulata,mixed_uncertain,not_evaluable_ambiguous_palette_composition,red_pink,0.45049090536929354,white,red_pink,0.5435587737773185,0.2239947064952246,0.22649619887406894,True
24518,Allium tuberosum,mixed_uncertain,not_evaluable_ambiguous_palette_composition,white,0.3951386441084258,white,yellow_orange,0.3643224014725074,0.1546903604997996,0.24044828360862622,True
24720,Saxifraga granulata,mixed_uncertain,not_evaluable_ambiguous_palette_composition,white,0.4822913376006661,white,yellow_orange,0.46788796708255376,0.12063293448533179,0.3616584031153343,True
24736,Saxifraga granulata,mixed_uncertain,not_evaluable_ambiguous_palette_composition,white,0.4122996849320775,white,yellow_orange,0.3532786913516633,0.21372692801569107,0.19857275691638646,True
24792,Saxifraga granulata,mixed_uncertain,not_evaluable_ambiguous_palette_composition,yellow_orange,0.449191320032656,white,yellow_orange,0.5585158222648324,0.08738446013998083,0.36180685989267514,True
24800,Asclepias incarnata,mixed_uncertain,not_evaluable_ambiguous_palette_composition,red_pink,0.44822726261642726,white,red_pink,0.6250414966782372,0.3127529596694874,0.13547430294693985,True
24802,Asclepias incarnata,mixed_uncertain,not_evaluable_ambiguous_palette_composition,red_pink,0.49228474337634315,white,yellow_orange,0.4713297475121382,0.2461799818798664,0.24610476149647675,True
24804,Asclepias incarnata,mixed_uncertain,not_evaluable_ambiguous_palette_composition,red_pink,0.36409074302268546,white,red_pink,0.7694500948591232,0.3059189146980555,0.05817182832462997,True
24805,Asclepias incarnata,mixed_uncertain,not_evaluable_ambiguous_palette_composition,red_pink,0.3740709840306515,white,red_pink,0.6829141880750689,0.25730067909798215,0.11677030493266932,True
24811,Asclepias incarnata,mixed_uncertain,not_evaluable_ambiguous_palette_composition,red_pink,0.4729269697506649,white,red_pink,0.5103365237312373,0.21873168703297413,0.25419528271769076,True
24815,Asclepias incarnata,mixed_uncertain,not_evaluable_ambiguous_palette_composition,red_pink,0.38140327756446407,white,red_pink,0.6762294213284465,0.2619192395831745,0.11948403798128959,True
24821,Asclepias incarnata,mixed_uncertain,not_evaluable_ambiguous_palette_composition,red_pink,0.33585586586100363,white,red_pink,0.7930283271556279,0.2852856074692638,0.05057025839173984,True
24833,Asclepias incarnata,mixed_uncertain,not_evaluable_ambiguous_palette_composition,red_pink,0.3448990112130962,white,red_pink,0.7427922011835206,0.26541520410949626,0.07948380710359992,True
24836,Asclepias incarnata,mixed_uncertain,not_evaluable_ambiguous_palette_composition,red_pink,0.3513738469274233,white,red_pink,0.7757860147546317,0.29427996717980015,0.057093879747623144,True
24841,Asclepias incarnata,mixed_uncertain,not_evaluable_ambiguous_palette_composition,red_pink,0.3760769192583733,white,red_pink,0.6366518466465385,0.21124907802099055,0.16482784123738273,True
24846,Asclepias incarnata,mixed_uncertain,not_evaluable_ambiguous_palette_composition,red_pink,0.4966954556637092,white,red_pink,0.6209468316287347,0.3759643525537019,0.12073110311000729,True
24847,Asclepias incarnata,mixed_uncertain,not_evaluable_ambiguous_palette_composition,red_pink,0.45073393201577644,white,red_pink,0.5671997649233647,0.2565304149170319,0.19420351709874456,True
24848,Asclepias incarnata,mixed_uncertain,not_evaluable_ambiguous_palette_composition,red_pink,0.4316391048015338,white,red_pink,0.569026658133984,0.22386649873744863,0.20777260606408515,True
24849,Asclepias incarnata,mixed_uncertain,not_evaluable_ambiguous_palette_composition,red_pink,0.43217438160775906,white,red_pink,0.577589612870008,0.23650993334338877,0.1956644482643703,True
24853,Asclepias incarnata,mixed_uncertain,not_evaluable_ambiguous_palette_composition,red_pink,0.39013038108401205,white,red_pink,0.6536882550676419,0.253494206114092,0.13663617496992003,True
24866,Asclepias incarnata,mixed_uncertain,not_evaluable_ambiguous_palette_composition,red_pink,0.38833036112918634,white,red_pink,0.6761003441766269,0.2717947688115698,0.11653559231761657,True
24867,Asclepias incarnata,mixed_uncertain,not_evaluable_ambiguous_palette_composition,red_pink,0.3540795069119925,white,red_pink,0.7429792557364017,0.2773675038645226,0.07671200304746995,True
24869,Asclepias incarnata,mixed_uncertain,not_evaluable_ambiguous_palette_composition,red_pink,0.41762172563896344,white,red_pink,0.6020100779800295,0.2413729410065786,0.17624878463238483,True
24871,Asclepias incarnata,mixed_uncertain,not_evaluable_ambiguous_palette_composition,red_pink,0.5973372902564397,white,red_pink,0.5496788333613465,0.4561936523921401,0.14114363786429956,True
24875,Asclepias incarnata,mixed_uncertain,not_evaluable_ambiguous_palette_composition,red_pink,0.458449722885139,white,red_pink,0.7593158057258197,0.4095102454503138,0.04893947743482524,True
24880,Asclepias incarnata,mixed_uncertain,not_evaluable_ambiguous_palette_composition,red_pink,0.44953214549947734,white,red_pink,0.8160289247610707,0.42102418854330287,0.028507956956174474,False
24889,Asclepias incarnata,mixed_uncertain,not_evaluable_ambiguous_palette_composition,red_pink,0.5051965830724191,white,red_pink,0.5371933326892188,0.3133121305019946,0.19188445257042452,True
25037,Hamelia patens,mixed_uncertain,not_evaluable_ambiguous_palette_composition,blue_purple,0.46152364268401214,yellow_orange,blue_purple,0.7617861628377082,0.41162074632125,0.04990289636276213,True
25042,Hamelia patens,mixed_uncertain,not_evaluable_ambiguous_palette_composition,red_pink,0.3992675606859636,white,red_pink,0.6941152491310524,0.3013400581561504,0.09792750252981319,True
25074,Hamelia patens,mixed_uncertain,not_evaluable_ambiguous_palette_composition,red_pink,0.594939683772601,yellow_orange,red_pink,0.7767430528894199,0.5663405952502983,0.02859908852230264,True
25099,Hamelia patens,mixed_uncertain,not_evaluable_ambiguous_palette_composition,red_pink,0.4877163208388986,white,red_pink,0.6134684346277447,0.3582063703987297,0.1295099504401689,True
25122,Viola rostrata,mixed_uncertain,not_evaluable_ambiguous_palette_composition,blue_purple,0.39269433468910425,white,blue_purple,0.5524231303557066,0.06169927151562568,0.3309950631734786,True
25124,Viola rostrata,mixed_uncertain,not_evaluable_ambiguous_palette_composition,blue_purple,0.37726479370448096,white,blue_purple,0.5676789163076332,0.04477654991427788,0.3324882437902031,True
25148,Viola rostrata,mixed_uncertain,not_evaluable_ambiguous_palette_composition,white,0.4422456958859209,white,yellow_orange,0.3926759532347113,0.20493213440540858,0.2373135614805123,True
25176,Viola rostrata,mixed_uncertain,not_evaluable_ambiguous_palette_composition,yellow_orange,0.49292746061449283,white,yellow_orange,0.535538502592151,0.16765104861124336,0.32527641200324947,True
25180,Viola rostrata,mixed_uncertain,not_evaluable_ambiguous_palette_composition,blue_purple,0.44577372713575786,white,blue_purple,0.5479497194956069,0.21281610578221805,0.2329576213535398,True
25195,Viola rostrata,mixed_uncertain,not_evaluable_ambiguous_palette_composition,blue_purple,0.4872002931076872,white,blue_purple,0.5217780307692662,0.25624456044758015,0.23095573266010705,True
25234,Solidago uliginosa,mixed_uncertain,not_evaluable_ambiguous_palette_composition,yellow_orange,0.47575815780933095,white,yellow_orange,0.5407776122676949,0.1276532171661863,0.3481049406431447,True
25315,Sphaeralcea coccinea,mixed_uncertain,not_evaluable_ambiguous_palette_composition,red_pink,0.44485996183335114,white,red_pink,0.5573467295529024,0.2328563239235587,0.21200363790979243,True
25318,Sphaeralcea coccinea,mixed_uncertain,not_evaluable_ambiguous_palette_composition,red_pink,0.5451596892747597,yellow_orange,red_pink,0.7621170427129993,0.5094050252680443,0.03575466400671534,True
25328,Sphaeralcea coccinea,mixed_uncertain,not_evaluable_ambiguous_palette_composition,red_pink,0.6168875561060295,yellow_orange,red_pink,0.746064272160922,0.5810198462110789,0.035867709894950583,True
25347,Sphaeralcea coccinea,mixed_uncertain,not_evaluable_ambiguous_palette_composition,white,0.5786945309214906,white,yellow_orange,0.34241314390604255,0.46701679005554153,0.11167774086594906,True
25350,Sphaeralcea coccinea,mixed_uncertain,not_evaluable_ambiguous_palette_composition,white,0.4091568405205745,white,red_pink,0.4495004259975528,0.1387503690890843,0.2704064714314902,True
25507,Mazus miquelii,mixed_uncertain,not_evaluable_ambiguous_palette_composition,blue_purple,0.46276060619981035,white,blue_purple,0.5196220157067659,0.2022197522177636,0.26054085398204674,True
25514,Mazus miquelii,mixed_uncertain,not_evaluable_ambiguous_palette_composition,blue_purple,0.3500851051047,white,blue_purple,0.6053083500174756,0.0748357869944133,0.2752493181102867,True
25521,Mazus miquelii,mixed_uncertain,not_evaluable_ambiguous_palette_composition,white,0.4135171496118053,white,blue_purple,0.4269205353165695,0.18481503065718916,0.22870211895461615,True
25531,Mazus miquelii,mixed_uncertain,not_evaluable_ambiguous_palette_composition,blue_purple,0.4715313206729392,white,blue_purple,0.5108233744551965,0.2065972519698667,0.26493406870307246,True
25542,Mazus miquelii,mixed_uncertain,not_evaluable_ambiguous_palette_composition,blue_purple,0.43729084580660577,white,blue_purple,0.5063282415415121,0.09081247872045091,0.34647836708615487,True
25544,Mazus miquelii,mixed_uncertain,not_evaluable_ambiguous_palette_composition,blue_purple,0.4698266574872987,white,blue_purple,0.5035595448051791,0.18895119651282088,0.2808754609744778,True
25557,Mazus miquelii,mixed_uncertain,not_evaluable_ambiguous_palette_composition,blue_purple,0.49484545054713847,white,blue_purple,0.5494933074102833,0.3041290541691168,0.19071639637802168,True
25560,Mazus miquelii,mixed_uncertain,not_evaluable_ambiguous_palette_composition,blue_purple,0.41951214199655007,white,blue_purple,0.5469567075647103,0.14795989262446743,0.27155224937208267,True
25568,Mazus miquelii,mixed_uncertain,not_evaluable_ambiguous_palette_composition,blue_purple,0.4972515499171815,white,blue_purple,0.5236122779926297,0.27725598082240865,0.21999556909477286,True
25582,Mazus miquelii,mixed_uncertain,not_evaluable_ambiguous_palette_composition,red_pink,0.4336359025214424,white,red_pink,0.5493375776743059,0.1977762642447291,0.2358596382767133,True
25583,Mazus miquelii,mixed_uncertain,not_evaluable_ambiguous_palette_composition,white,0.46434744041628156,white,blue_purple,0.4860496068099142,0.19557289083312954,0.26877454958315206,True
25708,Centrosema virginianum,mixed_uncertain,not_evaluable_ambiguous_palette_composition,blue_purple,0.3159601988358701,white,blue_purple,0.68091825488226,0.15293968876890873,0.1630205100669614,True
25722,Centrosema virginianum,mixed_uncertain,not_evaluable_ambiguous_palette_composition,blue_purple,0.35334626890503784,white,blue_purple,0.6344300912650988,0.15657903809685608,0.19676723080818176,True
25723,Centrosema virginianum,mixed_uncertain,not_evaluable_ambiguous_palette_composition,red_pink,0.4382694346066201,red_pink,blue_purple,0.3406978681199209,0.373917090351419,0.06435234425520109,True
25759,Centrosema virginianum,mixed_uncertain,not_evaluable_ambiguous_palette_composition,blue_purple,0.3808093999143788,white,blue_purple,0.5893925888874281,0.1357710488493744,0.24503835106500438,True
25761,Centrosema virginianum,mixed_uncertain,not_evaluable_ambiguous_palette_composition,white,0.47376108724688676,white,red_pink,0.4268908692780452,0.3013660954000073,0.17239499184687945,True
25770,Centrosema virginianum,mixed_uncertain,not_evaluable_ambiguous_palette_composition,red_pink,0.4633256898945409,white,red_pink,0.609574575598581,0.32077543988078283,0.1425502500137581,True
25776,Centrosema virginianum,mixed_uncertain,not_evaluable_ambiguous_palette_composition,red_pink,0.4548672971482248,red_pink,blue_purple,0.4716466324139744,0.32671016925191254,0.12815712789631228,True
25799,Centrosema virginianum,mixed_uncertain,not_evaluable_ambiguous_palette_composition,red_pink,0.3800230126949452,red_pink,blue_purple,0.47061753975194354,0.21139865594594298,0.16862435674900222,True
25976,Eurybia divaricata,mixed_uncertain,not_evaluable_ambiguous_palette_composition,red_pink,0.37682005506214095,white,red_pink,0.635429936392202,0.21102954811613786,0.16579050694600309,True
25995,Eurybia divaricata,mixed_uncertain,not_evaluable_ambiguous_palette_composition,white,0.3863241964153374,white,yellow_orange,0.37765543692502873,0.08477785663277758,0.3015463397825598,True
25997,Eurybia divaricata,mixed_uncertain,not_evaluable_ambiguous_palette_composition,yellow_orange,0.4591443511078214,white,yellow_orange,0.5568705671838989,0.1233980663764441,0.33574628473137735,True
26001,Verbena rigida,mixed_uncertain,not_evaluable_ambiguous_palette_composition,red_pink,0.3663948295228811,red_pink,blue_purple,0.3590767840343085,0.2760217132821021,0.09037311624077898,True
26007,Verbena rigida,mixed_uncertain,not_evaluable_ambiguous_palette_composition,red_pink,0.390686837625455,red_pink,blue_purple,0.43539288847584845,0.2593805195334223,0.1313063180920327,True
26013,Verbena rigida,mixed_uncertain,not_evaluable_ambiguous_palette_composition,blue_purple,0.5767175889436664,red_pink,blue_purple,0.6292219516106469,0.5202888737309295,0.05642871521273696,True
26029,Verbena rigida,mixed_uncertain,not_evaluable_ambiguous_palette_composition,blue_purple,0.537289977560669,red_pink,blue_purple,0.6103477953323078,0.4693775028491096,0.06791247471155937,True
26039,Verbena rigida,mixed_uncertain,not_evaluable_ambiguous_palette_composition,red_pink,0.4895753786046848,red_pink,blue_purple,0.49364211870355046,0.36049828644022675,0.12907709216445806,True
26046,Verbena rigida,mixed_uncertain,not_evaluable_ambiguous_palette_composition,red_pink,0.43151583184601494,red_pink,blue_purple,0.48269879588334147,0.28511723791966076,0.14639859392635418,True
26051,Verbena rigida,mixed_uncertain,not_evaluable_ambiguous_palette_composition,red_pink,0.4589996939616637,red_pink,blue_purple,0.4632572391850998,0.3377094243135881,0.1212902696480756,True
26078,Verbena rigida,mixed_uncertain,not_evaluable_ambiguous_palette_composition,red_pink,0.48047936175135225,red_pink,blue_purple,0.47906913338745427,0.3570969304622749,0.12338243128907733,True
26092,Verbena rigida,mixed_uncertain,not_evaluable_ambiguous_palette_composition,red_pink,0.46241911572211225,red_pink,blue_purple,0.46548295606091,0.34098034862263443,0.12143876709947782,True
26120,Viola cucullata,mixed_uncertain,not_evaluable_ambiguous_palette_composition,white,0.5372558819968719,white,blue_purple,0.49087563841597215,0.3282291340526564,0.2090267479442155,True
26121,Viola cucullata,mixed_uncertain,not_evaluable_ambiguous_palette_composition,blue_purple,0.4576458359421944,red_pink,blue_purple,0.6379035584141167,0.387816910722899,0.0698289252192954,True
26136,Viola cucullata,mixed_uncertain,not_evaluable_ambiguous_palette_composition,blue_purple,0.5066236486020647,white,blue_purple,0.5937247668242267,0.36433838156669807,0.1422852670353666,True
26178,Viola cucullata,mixed_uncertain,not_evaluable_ambiguous_palette_composition,blue_purple,0.456274473586969,white,blue_purple,0.5679364716756723,0.2608251447626198,0.19544932882434918,True
26249,Solanum laxum,mixed_uncertain,not_evaluable_ambiguous_palette_composition,white,0.41088308929819123,white,yellow_orange,0.37578980751191043,0.1678269916092631,0.24305609768892814,True
26302,Salvia verticillata,mixed_uncertain,not_evaluable_ambiguous_palette_composition,blue_purple,0.33465750525724275,white,blue_purple,0.72133986688204,0.2317233297858204,0.10293417547142236,True
26303,Salvia verticillata,mixed_uncertain,not_evaluable_ambiguous_palette_composition,red_pink,0.4574991748312871,white,red_pink,0.626567942560857,0.32718481171855546,0.13031436311273165,True
26304,Salvia verticillata,mixed_uncertain,not_evaluable_ambiguous_palette_composition,red_pink,0.4912789980673326,red_pink,blue_purple,0.4334226734760847,0.39593922353369254,0.09533977453364006,True
26309,Salvia verticillata,mixed_uncertain,not_evaluable_ambiguous_palette_composition,red_pink,0.2960454347561884,red_pink,blue_purple,0.19687627636600458,0.2649339155816767,0.03111151917451166,False
26313,Salvia verticillata,mixed_uncertain,not_evaluable_ambiguous_palette_composition,red_pink,0.4008337445550853,red_pink,blue_purple,0.3361718887567898,0.33133217742922766,0.06950156712585764,True
26319,Salvia verticillata,mixed_uncertain,not_evaluable_ambiguous_palette_composition,red_pink,0.4469752230240037,red_pink,blue_purple,0.3325026016057906,0.3873047327873288,0.05967049023667492,True
26321,Salvia verticillata,mixed_uncertain,not_evaluable_ambiguous_palette_composition,blue_purple,0.4286715310293081,red_pink,blue_purple,0.5502740142531685,0.3044484734632344,0.12422305756607371,True
26323,Salvia verticillata,mixed_uncertain,not_evaluable_ambiguous_palette_composition,red_pink,0.4156505162967854,white,red_pink,0.5842428553102548,0.21451505139792626,0.20113546489885914,True
26325,Salvia verticillata,mixed_uncertain,not_evaluable_ambiguous_palette_composition,red_pink,0.4161483829301152,red_pink,blue_purple,0.47942797999488607,0.2639742457421194,0.15217413718799577,True
26328,Salvia verticillata,mixed_uncertain,not_evaluable_ambiguous_palette_composition,red_pink,0.31980272791237463,red_pink,blue_purple,0.2847833618483084,0.25642832404404503,0.0633744038683296,True
26336,Salvia verticillata,mixed_uncertain,not_evaluable_ambiguous_palette_composition,red_pink,0.4042546112911015,white,red_pink,0.6468377096875199,0.2682642760862523,0.1359903352048492,True
26337,Salvia verticillata,mixed_uncertain,not_evaluable_ambiguous_palette_composition,blue_purple,0.34692378394833995,white,blue_purple,0.6196390461635878,0.10833274094877172,0.23859104299956824,True
26341,Salvia verticillata,mixed_uncertain,not_evaluable_ambiguous_palette_composition,blue_purple,0.5023411817290059,white,blue_purple,0.5705367118490567,0.33744914564065004,0.16489203608835584,True
26344,Salvia verticillata,mixed_uncertain,not_evaluable_ambiguous_palette_composition,red_pink,0.3821946481099178,red_pink,blue_purple,0.46878030990369224,0.21707552108350045,0.16511912702641737,True
26347,Salvia verticillata,mixed_uncertain,not_evaluable_ambiguous_palette_composition,red_pink,0.4742682062384562,white,red_pink,0.5040879086842356,0.21118270215602442,0.2630855040824318,True
26355,Salvia verticillata,mixed_uncertain,not_evaluable_ambiguous_palette_composition,red_pink,0.36010934649356013,red_pink,blue_purple,0.35193604246078414,0.27185969282034855,0.08824965367321158,True
26356,Salvia verticillata,mixed_uncertain,not_evaluable_ambiguous_palette_composition,blue_purple,0.4159391937661983,white,blue_purple,0.5652256163189227,0.17630800702291763,0.23963118674328068,True
26362,Salvia verticillata,mixed_uncertain,not_evaluable_ambiguous_palette_composition,white,0.49775713423709367,white,yellow_orange,0.49485159933041756,0.0620751940063839,0.4356819402307098,True
26365,Salvia verticillata,mixed_uncertain,not_evaluable_ambiguous_palette_composition,blue_purple,0.4277224652964332,white,blue_purple,0.5097616246643263,0.05006399636149903,0.37765846893493416,True
26371,Salvia verticillata,mixed_uncertain,not_evaluable_ambiguous_palette_composition,red_pink,0.38680276509538647,red_pink,blue_purple,0.37615361602589786,0.2930968498239521,0.09370591527143435,True
26376,Salvia verticillata,mixed_uncertain,not_evaluable_ambiguous_palette_composition,blue_purple,0.5179003560091975,white,blue_purple,0.5421105327665781,0.33287847546858673,0.18502188054061075,True
26379,Salvia verticillata,mixed_uncertain,not_evaluable_ambiguous_palette_composition,red_pink,0.36546577077821,white,red_pink,0.653519982261507,0.21339480955737325,0.15207096122083677,True
26390,Salvia verticillata,mixed_uncertain,not_evaluable_ambiguous_palette_composition,red_pink,0.44064040240083824,red_pink,blue_purple,0.4464940666250288,0.32310647245073143,0.11753392995010681,True
26393,Salvia verticillata,mixed_uncertain,not_evaluable_ambiguous_palette_composition,red_pink,0.4062618089678909,white,red_pink,0.5993142364701814,0.21753814055807918,0.1887236684098117,True
26394,Salvia verticillata,mixed_uncertain,not_evaluable_ambiguous_palette_composition,blue_purple,0.3675454164542809,white,blue_purple,0.6054357556074181,0.13492940191249353,0.23261601454178737,True
26399,Salvia verticillata,mixed_uncertain,not_evaluable_ambiguous_palette_composition,red_pink,0.3305011955783247,white,red_pink,0.7430571928995247,0.24661883090268297,0.08388236467564172,True
26410,Desmanthus illinoensis,mixed_uncertain,not_evaluable_ambiguous_palette_composition,white,0.49121846800177077,white,yellow_orange,0.48954979912613206,0.05084476137530156,0.4403737066264692,True
26431,Desmanthus illinoensis,mixed_uncertain,not_evaluable_ambiguous_palette_composition,white,0.5753670924479227,white,yellow_orange,0.33997777855788164,0.4646718265365059,0.11069526591141682,True
26433,Desmanthus illinoensis,mixed_uncertain,not_evaluable_ambiguous_palette_composition,white,0.5440307881123692,white,yellow_orange,0.3021607889311465,0.45280210019715367,0.09122868791521549,True
26444,Desmanthus illinoensis,mixed_uncertain,not_evaluable_ambiguous_palette_composition,white,0.4919189484412381,white,yellow_orange,0.482378859619338,0.10107379900170477,0.39084514943953336,True
26453,Desmanthus illinoensis,mixed_uncertain,not_evaluable_ambiguous_palette_composition,white,0.3975992019699333,white,yellow_orange,0.35621647456638245,0.17803708090156078,0.21956212106837253,True
26524,Erythrina herbacea,mixed_uncertain,not_evaluable_ambiguous_palette_composition,red_pink,0.4241811487491352,yellow_orange,red_pink,0.822150651159188,0.3985647477332999,0.02561640101583529,False
26538,Erythrina herbacea,mixed_uncertain,not_evaluable_ambiguous_palette_composition,red_pink,0.5134437728680864,yellow_orange,red_pink,0.7652901832130624,0.4763592219049984,0.03708455096308799,True
26594,Erythrina herbacea,mixed_uncertain,not_evaluable_ambiguous_palette_composition,red_pink,0.35133306669713144,white,red_pink,0.8609257023316338,0.3305333050024353,0.02079976169469616,False
26595,Erythrina herbacea,mixed_uncertain,not_evaluable_ambiguous_palette_composition,red_pink,0.420127183787316,yellow_orange,red_pink,0.8323129636961637,0.3972037147743748,0.022923469012941178,False
26607,Allium drummondii,mixed_uncertain,not_evaluable_ambiguous_palette_composition,white,0.4449527603998505,white,red_pink,0.49027751144752224,0.147395282440257,0.2975574779595935,True
26632,Allium drummondii,mixed_uncertain,not_evaluable_ambiguous_palette_composition,red_pink,0.4178951819319087,white,red_pink,0.5862225298954554,0.22156696697727013,0.1963282149546386,True
26647,Allium drummondii,mixed_uncertain,not_evaluable_ambiguous_palette_composition,red_pink,0.4781368338014223,white,red_pink,0.5108504222553789,0.23058036900897325,0.24755646479244905,True
26654,Allium drummondii,mixed_uncertain,not_evaluable_ambiguous_palette_composition,red_pink,0.3889349676118655,white,red_pink,0.6776207336580442,0.2739759914304745,0.114958976181391,True
26665,Allium drummondii,mixed_uncertain,not_evaluable_ambiguous_palette_composition,red_pink,0.43384473646409716,white,red_pink,0.639669061009029,0.30498306564819777,0.1288616708158994,True
26675,Allium drummondii,mixed_uncertain,not_evaluable_ambiguous_palette_composition,red_pink,0.4239078176710167,white,red_pink,0.5887738313346182,0.23600166609461412,0.18790615157640259,True
26683,Allium drummondii,mixed_uncertain,not_evaluable_ambiguous_palette_composition,blue_purple,0.4024210855125776,white,blue_purple,0.5802189080256185,0.17216678436868657,0.23025430114389103,True
26684,Allium drummondii,mixed_uncertain,not_evaluable_ambiguous_palette_composition,red_pink,0.3412986997372473,red_pink,blue_purple,0.3597877922841773,0.24124152161274193,0.10005717812450537,True
26695,Allium drummondii,mixed_uncertain,not_evaluable_ambiguous_palette_composition,red_pink,0.4792816862415826,white,red_pink,0.5216314014876355,0.24882121435081725,0.23046047189076538,True
26724,Eriophorum vaginatum,mixed_uncertain,not_evaluable_ambiguous_palette_composition,white,0.5054291771527037,white,yellow_orange,0.43236509099001813,0.26317108645238146,0.24225809070032228,True
26752,Eriophorum vaginatum,mixed_uncertain,not_evaluable_ambiguous_palette_composition,yellow_orange,0.48554612610222303,white,yellow_orange,0.524377300625822,0.102144479490094,0.38340164661212905,True
26754,Eriophorum vaginatum,mixed_uncertain,not_evaluable_ambiguous_palette_composition,white,0.6105177851060685,white,yellow_orange,0.3307870897110446,0.513561068527472,0.0969567165785965,True
26760,Eriophorum vaginatum,mixed_uncertain,not_evaluable_ambiguous_palette_composition,blue_purple,0.47785616114360185,white,blue_purple,0.5457909505223104,0.2710242441845352,0.20683191695906666,True
26780,Eriophorum vaginatum,mixed_uncertain,not_evaluable_ambiguous_palette_composition,white,0.49508438962294316,white,yellow_orange,0.2615605541821728,0.42067258482544617,0.07441180479749698,True
26787,Eriophorum vaginatum,mixed_uncertain,not_evaluable_ambiguous_palette_composition,white,0.4951766270319232,white,yellow_orange,0.47491570802076155,0.14334471922214836,0.35183190780977486,True
26788,Eriophorum vaginatum,mixed_uncertain,not_evaluable_ambiguous_palette_composition,white,0.5677939941250474,white,yellow_orange,0.30376759379206664,0.48008385552526356,0.08771013859978383,True
26831,Tolmiea menziesii,mixed_uncertain,not_evaluable_ambiguous_palette_composition,yellow_orange,0.506138085102144,white,yellow_orange,0.521505323904284,0.16770467679472045,0.3384334083074235,True
26860,Tolmiea menziesii,mixed_uncertain,not_evaluable_ambiguous_palette_composition,yellow_orange,0.45339780104662386,yellow_orange,blue_purple,0.44397953161797976,0.23283499502196364,0.22056280602466022,True
26890,Tolmiea menziesii,mixed_uncertain,not_evaluable_ambiguous_palette_composition,yellow_orange,0.48387710523239347,white,yellow_orange,0.556471722437673,0.19544401140465667,0.2884330938277368,True
26915,Veronica officinalis,mixed_uncertain,not_evaluable_ambiguous_palette_composition,white,0.440228899111426,white,blue_purple,0.45537309473493454,0.19522853610455174,0.24500036300687425,True
26993,Veronica officinalis,mixed_uncertain,not_evaluable_ambiguous_palette_composition,yellow_orange,0.4762376361228686,white,yellow_orange,0.5345955842785903,0.10515874482217186,0.37107889130069677,True
27068,Verbena urticifolia,mixed_uncertain,not_evaluable_ambiguous_palette_composition,red_pink,0.33825974561910016,yellow_orange,red_pink,0.7176096878954766,0.24755782764136755,0.09070191797773261,True
27120,Scilla verna,mixed_uncertain,not_evaluable_ambiguous_palette_composition,white,0.4409563301434232,white,blue_purple,0.4951206007395046,0.10193391348875394,0.33902241665466926,True
27147,Scilla verna,mixed_uncertain,not_evaluable_ambiguous_palette_composition,blue_purple,0.4748588778657323,white,blue_purple,0.5453036565590419,0.26507745305636093,0.20978142480937134,True
27148,Scilla verna,mixed_uncertain,not_evaluable_ambiguous_palette_composition,blue_purple,0.5195809052673529,white,blue_purple,0.5206002330825447,0.31211321949733933,0.20746768577001357,True
27152,Scilla verna,mixed_uncertain,not_evaluable_ambiguous_palette_composition,white,0.5170914367762357,white,blue_purple,0.47750062640428464,0.31015850862969874,0.20693292814653697,True
27154,Scilla verna,mixed_uncertain,not_evaluable_ambiguous_palette_composition,white,0.5438039676215795,white,blue_purple,0.496757244744348,0.33234319195628576,0.2114607756652937,True
27159,Scilla verna,mixed_uncertain,not_evaluable_ambiguous_palette_composition,white,0.5340685640911598,white,blue_purple,0.48698410120441,0.32737860672037894,0.20668995737078083,True
27169,Scilla verna,mixed_uncertain,not_evaluable_ambiguous_palette_composition,blue_purple,0.3754813660078943,white,blue_purple,0.5741551938907845,0.06953525624663291,0.30594610976126135,True
27176,Scilla verna,mixed_uncertain,not_evaluable_ambiguous_palette_composition,blue_purple,0.4863822377678363,white,blue_purple,0.5348901630138913,0.27230758355394535,0.21407465421389094,True
27179,Scilla verna,mixed_uncertain,not_evaluable_ambiguous_palette_composition,blue_purple,0.44579000804163416,white,blue_purple,0.6016344761315094,0.28210290640675256,0.1636871016348816,True
27188,Scilla verna,mixed_uncertain,not_evaluable_ambiguous_palette_composition,blue_purple,0.3861257746314271,white,blue_purple,0.5721885266571554,0.10808117256640011,0.278044602065027,True
27189,Scilla verna,mixed_uncertain,not_evaluable_ambiguous_palette_composition,white,0.4534902600913392,white,blue_purple,0.46542043330425675,0.20741302290534414,0.24607723718599506,True
27193,Scilla verna,mixed_uncertain,not_evaluable_ambiguous_palette_composition,blue_purple,0.4678153295010692,white,blue_purple,0.5985613542598364,0.31282445178384055,0.15499087771722864,True
27199,Scilla verna,mixed_uncertain,not_evaluable_ambiguous_palette_composition,blue_purple,0.5289060739557595,white,blue_purple,0.5537857571167444,0.36090716887217034,0.16799890508358917,True
27301,Lespedeza bicolor,mixed_uncertain,not_evaluable_ambiguous_palette_composition,white,0.40746719900985434,white,red_pink,0.4354857445061033,0.16421468548796148,0.24325251352189287,True
27306,Lespedeza bicolor,mixed_uncertain,not_evaluable_ambiguous_palette_composition,red_pink,0.3797972786599809,white,red_pink,0.6838848480797284,0.26640419611555816,0.11339308254442276,True
27312,Lespedeza bicolor,mixed_uncertain,not_evaluable_ambiguous_palette_composition,blue_purple,0.3124458271959665,white,blue_purple,0.6814188422377174,0.14636171881886967,0.1660841083770968,True
27313,Lespedeza bicolor,mixed_uncertain,not_evaluable_ambiguous_palette_composition,blue_purple,0.4742354189343995,red_pink,blue_purple,0.507547180815825,0.3401503572179927,0.13408506171640683,True
27314,Lespedeza bicolor,mixed_uncertain,not_evaluable_ambiguous_palette_composition,red_pink,0.38936352602881497,red_pink,blue_purple,0.46083935559566314,0.23659453762287272,0.15276898840594225,True
27318,Lespedeza bicolor,mixed_uncertain,not_evaluable_ambiguous_palette_composition,red_pink,0.40855213259547835,white,red_pink,0.6172207081793577,0.24387731287988929,0.16467481971558906,True
27322,Lespedeza bicolor,mixed_uncertain,not_evaluable_ambiguous_palette_composition,red_pink,0.40416919170509236,white,red_pink,0.594322158679285,0.2065797521574592,0.19758943954763317,True
27325,Lespedeza bicolor,mixed_uncertain,not_evaluable_ambiguous_palette_composition,red_pink,0.4070170096873546,white,red_pink,0.5612603045233275,0.15656905051842357,0.25044795916893103,True
27326,Lespedeza bicolor,mixed_uncertain,not_evaluable_ambiguous_palette_composition,red_pink,0.5222514820913581,white,red_pink,0.6171149778652519,0.40650774673271467,0.11574373535864341,True
27327,Lespedeza bicolor,mixed_uncertain,not_evaluable_ambiguous_palette_composition,red_pink,0.4661122319999385,white,red_pink,0.592529054825774,0.30905326331892274,0.15705896868101576,True
27343,Lespedeza bicolor,mixed_uncertain,not_evaluable_ambiguous_palette_composition,red_pink,0.4049311598071708,white,red_pink,0.5754390826882906,0.17831402462718293,0.22661713517998788,True
27353,Lespedeza bicolor,mixed_uncertain,not_evaluable_ambiguous_palette_composition,blue_purple,0.5301723173998475,red_pink,blue_purple,0.5064266222290413,0.41399058707425396,0.11618173032559354,True
27375,Lespedeza bicolor,mixed_uncertain,not_evaluable_ambiguous_palette_composition,red_pink,0.3419814754234992,white,red_pink,0.7260402873088423,0.24883035016527189,0.09315112525822733,True
27377,Lespedeza bicolor,mixed_uncertain,not_evaluable_ambiguous_palette_composition,red_pink,0.3328298399715977,red_pink,blue_purple,0.3679371894644275,0.2231994296588573,0.1096304103127404,True
27390,Lespedeza bicolor,mixed_uncertain,not_evaluable_ambiguous_palette_composition,red_pink,0.39289890484760637,white,red_pink,0.5929758997828152,0.1813552645365422,0.21154364031106418,True
27396,Lespedeza bicolor,mixed_uncertain,not_evaluable_ambiguous_palette_composition,red_pink,0.40438575221964485,white,red_pink,0.6015256409758497,0.21702051750454704,0.1873652347150978,True
27399,Lespedeza bicolor,mixed_uncertain,not_evaluable_ambiguous_palette_composition,blue_purple,0.4304224771149026,white,blue_purple,0.5710423655735314,0.2170591222131597,0.2133633549017429,True
27449,Disphyma crassifolium,mixed_uncertain,not_evaluable_ambiguous_palette_composition,red_pink,0.3820331078097082,red_pink,blue_purple,0.423020941957396,0.2556822553986179,0.1263508524110903,True
27451,Disphyma crassifolium,mixed_uncertain,not_evaluable_ambiguous_palette_composition,red_pink,0.5356680271857998,white,red_pink,0.5510463546638753,0.3730185040252501,0.16264952316054965,True
27455,Disphyma crassifolium,mixed_uncertain,not_evaluable_ambiguous_palette_composition,white,0.6156655532157844,white,yellow_orange,0.3391867023344527,0.5142488045506827,0.10141674866510175,True
27484,Disphyma crassifolium,mixed_uncertain,not_evaluable_ambiguous_palette_composition,red_pink,0.3908142698848745,white,red_pink,0.6749477855517109,0.2743342259948694,0.1164800438900051,True
27487,Disphyma crassifolium,mixed_uncertain,not_evaluable_ambiguous_palette_composition,blue_purple,0.42217867269832593,red_pink,blue_purple,0.5956070075737219,0.3234178527433523,0.09876081995497366,True
27498,Disphyma crassifolium,mixed_uncertain,not_evaluable_ambiguous_palette_composition,yellow_orange,0.4342343044451902,white,yellow_orange,0.6225936169013054,0.21607322391445108,0.2181610805307391,True
27500,Homogyne alpina,mixed_uncertain,not_evaluable_ambiguous_palette_composition,yellow_orange,0.5142160730136348,white,yellow_orange,0.5045679645042132,0.14119778143372774,0.37301829157990707,True
27501,Homogyne alpina,mixed_uncertain,not_evaluable_ambiguous_palette_composition,red_pink,0.43174167356784254,white,red_pink,0.5755324095059123,0.23299275116539506,0.1987489224024475,True
27511,Homogyne alpina,mixed_uncertain,not_evaluable_ambiguous_palette_composition,red_pink,0.5616268136328929,white,red_pink,0.6583689344740553,0.4794198936491251,0.08220691998376783,True
27522,Homogyne alpina,mixed_uncertain,not_evaluable_ambiguous_palette_composition,white,0.4932493093847743,white,yellow_orange,0.4865962388032311,0.08634918662053341,0.40690012276424087,True
27533,Homogyne alpina,mixed_uncertain,not_evaluable_ambiguous_palette_composition,red_pink,0.42242665930226053,white,red_pink,0.5913821091204277,0.23666694223317283,0.1857597170690877,True
27558,Homogyne alpina,mixed_uncertain,not_evaluable_ambiguous_palette_composition,red_pink,0.449475781997676,white,red_pink,0.5835401853762963,0.27358917578410125,0.17588660621357477,True
27624,Biscutella laevigata,mixed_uncertain,not_evaluable_ambiguous_palette_composition,white,0.4543986029393779,white,yellow_orange,0.42048720889566216,0.17426543092966065,0.2801331720097172,True
27687,Biscutella laevigata,mixed_uncertain,not_evaluable_ambiguous_palette_composition,white,0.4952462501084416,white,yellow_orange,0.4939124376531036,0.04780111888719733,0.44744513122124424,True
27834,Erechtites hieraciifolius,mixed_uncertain,not_evaluable_ambiguous_palette_composition,yellow_orange,0.46619931896780703,white,yellow_orange,0.536446526313069,0.05753713489218594,0.4086621840756211,True
27845,Erechtites hieraciifolius,mixed_uncertain,not_evaluable_ambiguous_palette_composition,red_pink,0.47141890283921717,red_pink,blue_purple,0.49309927944786236,0.3357855465416695,0.1356333562975477,True
27902,Nabalus altissimus,mixed_uncertain,not_evaluable_ambiguous_palette_composition,white,0.5314645837756441,white,yellow_orange,0.49885123084890476,0.1859759533503524,0.34548863042529165,True
27957,Nabalus altissimus,mixed_uncertain,not_evaluable_ambiguous_palette_composition,red_pink,0.4969491124652846,yellow_orange,red_pink,0.7928638946426928,0.4673007081077586,0.029648404357526026,True
28041,Melothria pendula,mixed_uncertain,not_evaluable_ambiguous_palette_composition,yellow_orange,0.48768727512091636,white,yellow_orange,0.5375683111639845,0.15761421176216261,0.33007306335875375,True
28085,Melothria pendula,mixed_uncertain,not_evaluable_ambiguous_palette_composition,white,0.4951879361389493,white,yellow_orange,0.48969123133456294,0.07976685101976833,0.41542108511918097,True
28100,Alysicarpus vaginalis,mixed_uncertain,not_evaluable_ambiguous_palette_composition,red_pink,0.3918187444924814,white,red_pink,0.6959054459221379,0.2927693502951639,0.09904939419731751,True
28103,Alysicarpus vaginalis,mixed_uncertain,not_evaluable_ambiguous_palette_composition,white,0.4903717514018389,white,red_pink,0.47807562351045746,0.2699462709532955,0.22042548044854343,True
28112,Alysicarpus vaginalis,mixed_uncertain,not_evaluable_ambiguous_palette_composition,red_pink,0.4684472717689701,white,red_pink,0.5636508141297988,0.28253814142610356,0.18590913034286655,True
28117,Alysicarpus vaginalis,mixed_uncertain,not_evaluable_ambiguous_palette_composition,white,0.5027671155110092,white,yellow_orange,0.3312596811827399,0.3787824420194854,0.12398467349152376,True
28126,Alysicarpus vaginalis,mixed_uncertain,not_evaluable_ambiguous_palette_composition,red_pink,0.6031017124790315,white,red_pink,0.5090638149402698,0.4324351672187268,0.17066654526030473,True
28131,Alysicarpus vaginalis,mixed_uncertain,not_evaluable_ambiguous_palette_composition,red_pink,0.39897628293382287,white,red_pink,0.6054861704987635,0.21226184134803916,0.1867144415857837,True
28134,Alysicarpus vaginalis,mixed_uncertain,not_evaluable_ambiguous_palette_composition,red_pink,0.41129662995517,white,red_pink,0.6130555914396256,0.24367059956787418,0.16762603038729584,True
28141,Alysicarpus vaginalis,mixed_uncertain,not_evaluable_ambiguous_palette_composition,red_pink,0.3948097240649942,white,red_pink,0.8429662061002448,0.3712042102774521,0.02360551378754211,False
28147,Alysicarpus vaginalis,mixed_uncertain,not_evaluable_ambiguous_palette_composition,red_pink,0.36468329316124104,yellow_orange,red_pink,0.8650805533411983,0.34765616598207216,0.017027127179168877,False
28148,Alysicarpus vaginalis,mixed_uncertain,not_evaluable_ambiguous_palette_composition,red_pink,0.4645513506893938,white,red_pink,0.574861198217447,0.2885732980579982,0.1759780526313956,True
28151,Alysicarpus vaginalis,mixed_uncertain,not_evaluable_ambiguous_palette_composition,red_pink,0.578311031641662,yellow_orange,red_pink,0.7544259399791231,0.5424578078213651,0.035853223820296876,True
28156,Alysicarpus vaginalis,mixed_uncertain,not_evaluable_ambiguous_palette_composition,red_pink,0.4295594769154295,white,red_pink,0.5297501578448777,0.14956523451134793,0.27999424240408155,True
28162,Alysicarpus vaginalis,mixed_uncertain,not_evaluable_ambiguous_palette_composition,red_pink,0.3850612762419064,white,red_pink,0.6768113044864218,0.2677339300625865,0.11732734617931989,True
28185,Alysicarpus vaginalis,mixed_uncertain,not_evaluable_ambiguous_palette_composition,red_pink,0.42662764214914245,white,red_pink,0.5731514156554675,0.22002175344622227,0.20660588870292018,True
28191,Alysicarpus vaginalis,mixed_uncertain,not_evaluable_ambiguous_palette_composition,red_pink,0.3379261390820217,white,red_pink,0.7101144433407155,0.22929181494112294,0.10863432414089874,True
28203,Orchis militaris,mixed_uncertain,not_evaluable_ambiguous_palette_composition,blue_purple,0.4175108350799926,white,blue_purple,0.5311654915769572,0.09637069774850729,0.3211401373314853,True
28205,Orchis militaris,mixed_uncertain,not_evaluable_ambiguous_palette_composition,blue_purple,0.30299187059736277,white,blue_purple,0.7123711754164374,0.1723106614667783,0.13068120913058448,True
28209,Orchis militaris,mixed_uncertain,not_evaluable_ambiguous_palette_composition,red_pink,0.3855774498815419,white,red_pink,0.7107351750252171,0.2954898291286442,0.09008762075289772,True
28214,Orchis militaris,mixed_uncertain,not_evaluable_ambiguous_palette_composition,red_pink,0.46743268377734226,white,red_pink,0.5495792419593392,0.26406125272621983,0.20337143105112243,True
28221,Orchis militaris,mixed_uncertain,not_evaluable_ambiguous_palette_composition,red_pink,0.4284732096702367,white,red_pink,0.5499064128683318,0.18719070559200565,0.24128250407823107,True
28224,Orchis militaris,mixed_uncertain,not_evaluable_ambiguous_palette_composition,red_pink,0.4252862136010896,white,red_pink,0.5586020257589732,0.1949456050706594,0.2303406085304302,True
28233,Orchis militaris,mixed_uncertain,not_evaluable_ambiguous_palette_composition,red_pink,0.41498865698640164,white,red_pink,0.5725119309634412,0.19548248306204158,0.21950617392436006,True
28234,Orchis militaris,mixed_uncertain,not_evaluable_ambiguous_palette_composition,blue_purple,0.41917459317470074,white,blue_purple,0.5195037422745311,0.0486566018400625,0.37051799133463825,True
28235,Orchis militaris,mixed_uncertain,not_evaluable_ambiguous_palette_composition,red_pink,0.40734311160435366,white,red_pink,0.5962207468938534,0.21535500257891418,0.19198810902543947,True
28237,Orchis militaris,mixed_uncertain,not_evaluable_ambiguous_palette_composition,blue_purple,0.39451935675670763,white,blue_purple,0.5604657369852777,0.10295694741735521,0.2915624093393524,True
28244,Orchis militaris,mixed_uncertain,not_evaluable_ambiguous_palette_composition,red_pink,0.3921065676001814,white,red_pink,0.6085465992066588,0.2034315127409304,0.188675054859251,True
28246,Orchis militaris,mixed_uncertain,not_evaluable_ambiguous_palette_composition,blue_purple,0.370877753964532,white,blue_purple,0.594356909027166,0.11836631561268483,0.25251143835184714,True
28251,Orchis militaris,mixed_uncertain,not_evaluable_ambiguous_palette_composition,blue_purple,0.3620372643413928,white,blue_purple,0.6845501762883864,0.23740456828538298,0.1246326960560098,True
28253,Orchis militaris,mixed_uncertain,not_evaluable_ambiguous_palette_composition,red_pink,0.4608406867563162,white,red_pink,0.5311908187600087,0.2263063618978745,0.23453432485844167,True
28265,Orchis militaris,mixed_uncertain,not_evaluable_ambiguous_palette_composition,yellow_orange,0.35571316886349374,yellow_orange,blue_purple,0.34646582447921226,0.18536432808035283,0.17034884078314091,True
28266,Orchis militaris,mixed_uncertain,not_evaluable_ambiguous_palette_composition,blue_purple,0.44893495041041875,red_pink,blue_purple,0.5647048426883017,0.3409148782880308,0.10802007212238796,True
28267,Orchis militaris,mixed_uncertain,not_evaluable_ambiguous_palette_composition,blue_purple,0.36069356049502105,white,blue_purple,0.592699164726313,0.07448702168620118,0.28620653880881985,True
28268,Orchis militaris,mixed_uncertain,not_evaluable_ambiguous_palette_composition,blue_purple,0.44987476144688077,white,blue_purple,0.5695084716670417,0.2514929132767203,0.19838184817016047,True
28274,Orchis militaris,mixed_uncertain,not_evaluable_ambiguous_palette_composition,red_pink,0.3693223754041663,white,red_pink,0.6968509207532607,0.2627013052871603,0.106621070117006,True
28279,Orchis militaris,mixed_uncertain,not_evaluable_ambiguous_palette_composition,red_pink,0.39169204706283584,white,red_pink,0.6150370386919204,0.2115529125115882,0.18013913455124764,True
28288,Orchis militaris,mixed_uncertain,not_evaluable_ambiguous_palette_composition,red_pink,0.4287302834798016,white,red_pink,0.5244863382593035,0.1341924459084701,0.29453783757133145,True
28293,Orchis militaris,mixed_uncertain,not_evaluable_ambiguous_palette_composition,red_pink,0.39067571685780433,white,red_pink,0.6219896402563969,0.2187446703789482,0.17193104647885613,True
28295,Orchis militaris,mixed_uncertain,not_evaluable_ambiguous_palette_composition,blue_purple,0.37840422417825065,red_pink,blue_purple,0.5507024581744733,0.22867616228216395,0.1497280618960867,True
28296,Orchis militaris,mixed_uncertain,not_evaluable_ambiguous_palette_composition,blue_purple,0.42011488209054126,white,blue_purple,0.632786874544365,0.27432805427453094,0.14578682781601032,True
28304,Veronica spicata,mixed_uncertain,not_evaluable_ambiguous_palette_composition,blue_purple,0.3467672095552513,white,blue_purple,0.6301789981512411,0.13252839702668015,0.21423881252857116,True
28306,Veronica spicata,mixed_uncertain,not_evaluable_ambiguous_palette_composition,blue_purple,0.3808933319341668,white,blue_purple,0.5684117588473153,0.07232757031129,0.3085657616228768,True
28308,Veronica spicata,mixed_uncertain,not_evaluable_ambiguous_palette_composition,blue_purple,0.3593450999717551,white,blue_purple,0.593220256753699,0.06997046503180392,0.2893746349399512,True
28314,Veronica spicata,mixed_uncertain,not_evaluable_ambiguous_palette_composition,blue_purple,0.439703672370969,white,blue_purple,0.6112824372997061,0.2826551735120575,0.15704849885891153,True
28330,Veronica spicata,mixed_uncertain,not_evaluable_ambiguous_palette_composition,blue_purple,0.3640121197866764,yellow_orange,blue_purple,0.6425320035589374,0.1854347150496764,0.178577404737,True
28360,Veronica spicata,mixed_uncertain,not_evaluable_ambiguous_palette_composition,blue_purple,0.5143515958856403,white,blue_purple,0.5778954610892838,0.3616457287057531,0.15270586717988716,True
28372,Veronica spicata,mixed_uncertain,not_evaluable_ambiguous_palette_composition,white,0.43325159975820515,white,blue_purple,0.42768263399746376,0.22445072458817883,0.20880087517002632,True
28388,Veronica spicata,mixed_uncertain,not_evaluable_ambiguous_palette_composition,white,0.4489725797828671,white,blue_purple,0.49413505751149783,0.13511624944058534,0.3138563303422818,True
28596,Cardamine amara,mixed_uncertain,not_evaluable_ambiguous_palette_composition,yellow_orange,0.48690106189186233,white,yellow_orange,0.5153979199266231,0.05624057794870253,0.4306604839431598,True
28609,Orchis mascula,mixed_uncertain,not_evaluable_ambiguous_palette_composition,blue_purple,0.4916969779479494,red_pink,blue_purple,0.5166111962872508,0.3695290043001186,0.12216797364783083,True
28633,Orchis mascula,mixed_uncertain,not_evaluable_ambiguous_palette_composition,blue_purple,0.42326826506754434,red_pink,blue_purple,0.6148496702133787,0.33520343831547156,0.08806482675207278,True
28645,Orchis mascula,mixed_uncertain,not_evaluable_ambiguous_palette_composition,blue_purple,0.505661902409333,red_pink,blue_purple,0.5250910842394666,0.3926051531834776,0.11305674922585535,True
28649,Orchis mascula,mixed_uncertain,not_evaluable_ambiguous_palette_composition,red_pink,0.3435862067654825,red_pink,blue_purple,0.30106785856160295,0.2779161609118931,0.06567004585358943,True
28656,Orchis mascula,mixed_uncertain,not_evaluable_ambiguous_palette_composition,red_pink,0.33447627119938705,white,red_pink,0.6896175149946324,0.20305944813949042,0.13141682305989663,True
28662,Orchis mascula,mixed_uncertain,not_evaluable_ambiguous_palette_composition,red_pink,0.4969471542633892,red_pink,blue_purple,0.49289474545199735,0.37089544728184815,0.12605170698154106,True
28716,Rhynchospora colorata,mixed_uncertain,not_evaluable_ambiguous_palette_composition,white,0.4744446155620176,white,yellow_orange,0.27802802533180304,0.3848429233334704,0.08960169222854719,True
28804,Eutrochium fistulosum,mixed_uncertain,not_evaluable_ambiguous_palette_composition,red_pink,0.5880285210618141,red_pink,blue_purple,0.4964984093357425,0.4845400486198279,0.10348847244198622,True
28876,Eutrochium fistulosum,mixed_uncertain,not_evaluable_ambiguous_palette_composition,white,0.560934806815955,white,red_pink,0.447633429543372,0.4095343570760541,0.15140044973990086,True
28890,Eutrochium fistulosum,mixed_uncertain,not_evaluable_ambiguous_palette_composition,red_pink,0.44227009790856503,white,red_pink,0.5546281206230812,0.22395148185527727,0.21831861605328776,True
28901,Linaria triornithophora,mixed_uncertain,not_evaluable_ambiguous_palette_composition,red_pink,0.35874735916809536,white,red_pink,0.6360903900101502,0.177743016693457,0.18100434247463837,True
28914,Linaria triornithophora,mixed_uncertain,not_evaluable_ambiguous_palette_composition,red_pink,0.42565543444147574,white,red_pink,0.5669306428702096,0.20894605820825637,0.21670937623321937,True
28918,Linaria triornithophora,mixed_uncertain,not_evaluable_ambiguous_palette_composition,blue_purple,0.40736710709724444,red_pink,blue_purple,0.6492068028332575,0.33247335940269196,0.07489374769455248,True
28939,Linaria triornithophora,mixed_uncertain,not_evaluable_ambiguous_palette_composition,red_pink,0.3773259056013616,white,red_pink,0.6952598970510036,0.27254101349818605,0.10478489210317554,True
28945,Linaria triornithophora,mixed_uncertain,not_evaluable_ambiguous_palette_composition,red_pink,0.47109813002090956,red_pink,blue_purple,0.4999541780353858,0.33073316508629114,0.14036496493461842,True
28950,Linaria triornithophora,mixed_uncertain,not_evaluable_ambiguous_palette_composition,blue_purple,0.507669904785349,red_pink,blue_purple,0.5550267712297712,0.4105764703657983,0.0970934344195507,True
28979,Linaria triornithophora,mixed_uncertain,not_evaluable_ambiguous_palette_composition,blue_purple,0.5741213095944642,red_pink,blue_purple,0.5899139935702129,0.5038766554238472,0.07024465417061698,True
28982,Linaria triornithophora,mixed_uncertain,not_evaluable_ambiguous_palette_composition,blue_purple,0.5194368897938432,red_pink,blue_purple,0.540137347305221,0.4178428130275893,0.10159407676625387,True
29056,Lantana involucrata,mixed_uncertain,not_evaluable_ambiguous_palette_composition,red_pink,0.4183100048325985,white,red_pink,0.6385451601883413,0.2813926706278623,0.13691733420473623,True
29120,Phyteuma spicatum,mixed_uncertain,not_evaluable_ambiguous_palette_composition,red_pink,0.4986414320385381,white,red_pink,0.5980617765405838,0.36080512759377664,0.13783630444476147,True
29157,Phyteuma spicatum,mixed_uncertain,not_evaluable_ambiguous_palette_composition,yellow_orange,0.47823881400407386,white,yellow_orange,0.523069021780831,0.04636317733975755,0.43187563666431633,True
29168,Phyteuma spicatum,mixed_uncertain,not_evaluable_ambiguous_palette_composition,red_pink,0.45151410860694513,white,red_pink,0.5730059288119849,0.26490060082348865,0.18661350778345648,True
29407,Senna hebecarpa,mixed_uncertain,not_evaluable_ambiguous_palette_composition,white,0.49212412028559205,white,yellow_orange,0.4741375288414355,0.13516499754500064,0.3569591227405914,True
29441,Senna hebecarpa,mixed_uncertain,not_evaluable_ambiguous_palette_composition,white,0.46752209703484626,white,yellow_orange,0.4663843407088916,0.04385792774025196,0.4236641692945943,True
29621,Acacia ulicifolia,mixed_uncertain,not_evaluable_ambiguous_palette_composition,white,0.40377119874665734,white,yellow_orange,0.3892462470754292,0.11008293972011686,0.2936882590265405,True
29633,Acacia ulicifolia,mixed_uncertain,not_evaluable_ambiguous_palette_composition,white,0.48120933199335303,white,yellow_orange,0.48046973466771437,0.0403113454523569,0.4408979865409961,True
29634,Acacia ulicifolia,mixed_uncertain,not_evaluable_ambiguous_palette_composition,white,0.5169256483509174,white,yellow_orange,0.31693059366106646,0.40885780366048696,0.1080678446904304,True
29656,Acacia ulicifolia,mixed_uncertain,not_evaluable_ambiguous_palette_composition,white,0.4401552558234932,white,yellow_orange,0.3096310442027687,0.3134401719713228,0.1267150838521704,True
29664,Acacia ulicifolia,mixed_uncertain,not_evaluable_ambiguous_palette_composition,white,0.5676012695026817,white,yellow_orange,0.307852075728453,0.4772561454117432,0.09034512409093853,True
29669,Acacia ulicifolia,mixed_uncertain,not_evaluable_ambiguous_palette_composition,white,0.4969410816529876,white,yellow_orange,0.3672886221052163,0.3355346005979523,0.1614064810550353,True
29697,Acacia ulicifolia,mixed_uncertain,not_evaluable_ambiguous_palette_composition,white,0.5823055991158615,white,yellow_orange,0.31665725997782923,0.4890857633116333,0.09321983580422827,True
29710,Symplocos tinctoria,mixed_uncertain,not_evaluable_ambiguous_palette_composition,white,0.4058343155127333,white,yellow_orange,0.3427058206038349,0.21844699369329085,0.18738732181944245,True
29718,Symplocos tinctoria,mixed_uncertain,not_evaluable_ambiguous_palette_composition,white,0.41021438998023263,white,yellow_orange,0.3437873741059272,0.22484195092589865,0.18537243905433398,True
29747,Symplocos tinctoria,mixed_uncertain,not_evaluable_ambiguous_palette_composition,yellow_orange,0.5138232350372164,white,yellow_orange,0.5057017498796029,0.14370337744981873,0.3701198575873976,True
29783,Symplocos tinctoria,mixed_uncertain,not_evaluable_ambiguous_palette_composition,white,0.47498668963783336,white,yellow_orange,0.2789739107401351,0.38482978462887135,0.09015690500896201,True
29789,Symplocos tinctoria,mixed_uncertain,not_evaluable_ambiguous_palette_composition,white,0.456459959168234,white,yellow_orange,0.34149522475641414,0.30364173651467236,0.15281822265356165,True
29836,Salvia glutinosa,mixed_uncertain,not_evaluable_ambiguous_palette_composition,white,0.4555680981662157,white,yellow_orange,0.4488484009603379,0.08291464463523612,0.37265345353097956,True
29888,Salvia glutinosa,mixed_uncertain,not_evaluable_ambiguous_palette_composition,yellow_orange,0.45526801697429614,white,yellow_orange,0.5871252563616115,0.19359273187223378,0.2616752851020624,True
29893,Salvia glutinosa,mixed_uncertain,not_evaluable_ambiguous_palette_composition,blue_purple,0.5237026147928459,white,blue_purple,0.5311783099862755,0.3305230198589957,0.19317959493385017,True
29923,Euonymus obovatus,mixed_uncertain,not_evaluable_ambiguous_palette_composition,yellow_orange,0.485680919500034,white,yellow_orange,0.5543421712903719,0.19509277785234505,0.290588141647689,True
29956,Euonymus obovatus,mixed_uncertain,not_evaluable_ambiguous_palette_composition,yellow_orange,0.4457993411548153,white,yellow_orange,0.5984440865156567,0.1952642961710665,0.2505350449837488,True
29972,Euonymus obovatus,mixed_uncertain,not_evaluable_ambiguous_palette_composition,white,0.5928842041426554,white,red_pink,0.4807927300731131,0.42662371142740335,0.16626049271525206,True
30147,Fritillaria pyrenaica,mixed_uncertain,not_evaluable_ambiguous_palette_composition,white,0.46989799782054614,white,yellow_orange,0.320098200221485,0.34459662866831964,0.1253013691522265,True
30149,Fritillaria pyrenaica,mixed_uncertain,not_evaluable_ambiguous_palette_composition,white,0.4650553214132048,white,yellow_orange,0.35397278535111737,0.3024494430425465,0.16260587837065832,True
30172,Fritillaria pyrenaica,mixed_uncertain,not_evaluable_ambiguous_palette_composition,white,0.43708525087414946,white,blue_purple,0.4487331879834193,0.1996580641684851,0.23742718670566434,True
30185,Fritillaria pyrenaica,mixed_uncertain,not_evaluable_ambiguous_palette_composition,red_pink,0.46157206560719655,white,red_pink,0.5956295451400936,0.30520124008670585,0.1563708255204907,True
30215,Rubus chamaemorus,mixed_uncertain,not_evaluable_ambiguous_palette_composition,yellow_orange,0.519328522645685,white,yellow_orange,0.5076296049160026,0.16802703150930298,0.351301491136382,True
30309,Rhododendron canadense,mixed_uncertain,not_evaluable_ambiguous_palette_composition,blue_purple,0.4317980883215937,red_pink,blue_purple,0.52466777369431,0.2910555145872358,0.14074257373435795,True
30313,Rhododendron canadense,mixed_uncertain,not_evaluable_ambiguous_palette_composition,blue_purple,0.41781179967902704,white,blue_purple,0.5935615770621322,0.22481561384692922,0.19299618583209782,True
30322,Rhododendron canadense,mixed_uncertain,not_evaluable_ambiguous_palette_composition,red_pink,0.4238685219386517,red_pink,blue_purple,0.4718945236751301,0.28177026524901444,0.14209825668963727,True
30325,Rhododendron canadense,mixed_uncertain,not_evaluable_ambiguous_palette_composition,red_pink,0.310940192001191,red_pink,blue_purple,0.29348084892631776,0.24062595838300987,0.07031423361818112,True
30328,Rhododendron canadense,mixed_uncertain,not_evaluable_ambiguous_palette_composition,red_pink,0.4180715628510738,white,red_pink,0.5708034684862389,0.1992697258593233,0.2188018369917505,True
30333,Rhododendron canadense,mixed_uncertain,not_evaluable_ambiguous_palette_composition,blue_purple,0.4623190966529453,red_pink,blue_purple,0.5111404110111057,0.3257755348488431,0.1365435618041022,True
30334,Rhododendron canadense,mixed_uncertain,not_evaluable_ambiguous_palette_composition,blue_purple,0.49602513545801963,red_pink,blue_purple,0.5303063943786113,0.38301962367693465,0.11300551178108498,True
30335,Rhododendron canadense,mixed_uncertain,not_evaluable_ambiguous_palette_composition,red_pink,0.37789810527194506,white,red_pink,0.651877392943368,0.2322551852504273,0.14564292002151777,True
30342,Rhododendron canadense,mixed_uncertain,not_evaluable_ambiguous_palette_composition,red_pink,0.35875127864265804,red_pink,blue_purple,0.36031299531905153,0.26503745822157204,0.093713820421086,True
30347,Rhododendron canadense,mixed_uncertain,not_evaluable_ambiguous_palette_composition,red_pink,0.5208049079832394,red_pink,blue_purple,0.49826055156680565,0.39931187420612635,0.12149303377711307,True
30359,Rhododendron canadense,mixed_uncertain,not_evaluable_ambiguous_palette_composition,red_pink,0.4952519763913669,red_pink,blue_purple,0.48197436974149704,0.3750668161222661,0.12018516026910081,True
30368,Rhododendron canadense,mixed_uncertain,not_evaluable_ambiguous_palette_composition,red_pink,0.3526966550875852,white,red_pink,0.6732719597298135,0.2147497977367772,0.137946857350808,True
30371,Rhododendron canadense,mixed_uncertain,not_evaluable_ambiguous_palette_composition,red_pink,0.42117224749500576,red_pink,blue_purple,0.40763510453728863,0.32025754572370135,0.1009147017713044,True
30373,Rhododendron canadense,mixed_uncertain,not_evaluable_ambiguous_palette_composition,blue_purple,0.33334968800706155,red_pink,blue_purple,0.5882064077395419,0.18645773180548658,0.14689195620157497,True
30375,Rhododendron canadense,mixed_uncertain,not_evaluable_ambiguous_palette_composition,red_pink,0.3135144127835158,red_pink,blue_purple,0.317846719759636,0.22978511248030592,0.08372930030320985,True
30377,Rhododendron canadense,mixed_uncertain,not_evaluable_ambiguous_palette_composition,red_pink,0.4008536740670356,red_pink,blue_purple,0.4758000010947734,0.24237791873929665,0.15847575532773894,True
30384,Rhododendron canadense,mixed_uncertain,not_evaluable_ambiguous_palette_composition,red_pink,0.35474026884165105,white,red_pink,0.7407700449392799,0.2767034407166652,0.07803682812498586,True
30385,Rhododendron canadense,mixed_uncertain,not_evaluable_ambiguous_palette_composition,blue_purple,0.42459545084330785,red_pink,blue_purple,0.5214003055137039,0.27774363711843386,0.146851813724874,True
30397,Rhododendron canadense,mixed_uncertain,not_evaluable_ambiguous_palette_composition,red_pink,0.3595490303853788,white,red_pink,0.7820878359451442,0.3073363966179011,0.0522126337674777,True
30398,Rhododendron canadense,mixed_uncertain,not_evaluable_ambiguous_palette_composition,blue_purple,0.46225756829320597,red_pink,blue_purple,0.5730850769073536,0.3627890877604928,0.09946848053271318,True
30409,Tinantia erecta,mixed_uncertain,not_evaluable_ambiguous_palette_composition,yellow_orange,0.41169486707114916,yellow_orange,red_pink,0.4467748777840876,0.19102642020332833,0.22066844686782083,True
30440,Tinantia erecta,mixed_uncertain,not_evaluable_ambiguous_palette_composition,blue_purple,0.4802240758827918,white,blue_purple,0.6090388041785274,0.34037688517836495,0.13984719070442686,True
30442,Tinantia erecta,mixed_uncertain,not_evaluable_ambiguous_palette_composition,blue_purple,0.5149920342079297,white,blue_purple,0.5483215623433745,0.33473209232499634,0.18025994188293337,True
30444,Tinantia erecta,mixed_uncertain,not_evaluable_ambiguous_palette_composition,red_pink,0.36885593339503986,white,red_pink,0.6460093755736551,0.21016448628288698,0.15869144711215288,True
30475,Tinantia erecta,mixed_uncertain,not_evaluable_ambiguous_palette_composition,red_pink,0.4747363374787907,red_pink,blue_purple,0.4064842517655365,0.38855540644845,0.08618093103034069,True
30486,Tinantia erecta,mixed_uncertain,not_evaluable_ambiguous_palette_composition,blue_purple,0.4209894719826797,white,blue_purple,0.610890003951585,0.2521063027750044,0.16888316920767532,True
30488,Tinantia erecta,mixed_uncertain,not_evaluable_ambiguous_palette_composition,blue_purple,0.5305570382083336,white,blue_purple,0.5023265465941086,0.3090889250286432,0.22146811317969034,True
30543,Tithonia tubaeformis,mixed_uncertain,not_evaluable_ambiguous_palette_composition,red_pink,0.4173057076110287,white,red_pink,0.58231951335732,0.21498834400740094,0.20231736360362776,True
30571,Tithonia tubaeformis,mixed_uncertain,not_evaluable_ambiguous_palette_composition,white,0.44554517991971027,white,yellow_orange,0.42177109029264204,0.14602663408738079,0.2995185458323295,True
30606,Oxytropis campestris,mixed_uncertain,not_evaluable_ambiguous_palette_composition,white,0.49217229981953375,white,yellow_orange,0.4854585426951776,0.08658174816613633,0.4055905516533974,True
30608,Oxytropis campestris,mixed_uncertain,not_evaluable_ambiguous_palette_composition,red_pink,0.41885719777613084,white,red_pink,0.6040004319592688,0.2458722113335657,0.17298498644256513,True
30613,Oxytropis campestris,mixed_uncertain,not_evaluable_ambiguous_palette_composition,white,0.41962667412263327,white,yellow_orange,0.3869085500998665,0.16425848917582297,0.2553681849468103,True
30619,Oxytropis campestris,mixed_uncertain,not_evaluable_ambiguous_palette_composition,white,0.4362231872541628,white,yellow_orange,0.43383386154239395,0.05313967434725891,0.3830835129069039,True
30620,Oxytropis campestris,mixed_uncertain,not_evaluable_ambiguous_palette_composition,red_pink,0.5371577062084433,white,red_pink,0.5587497397169274,0.3817976298224412,0.15536007638600208,True
30663,Oxytropis campestris,mixed_uncertain,not_evaluable_ambiguous_palette_composition,blue_purple,0.38247271255936954,white,blue_purple,0.5647611613773021,0.06372672607557939,0.31874598648379016,True
30671,Oxytropis campestris,mixed_uncertain,not_evaluable_ambiguous_palette_composition,yellow_orange,0.46021018337447667,white,yellow_orange,0.543071992792094,0.06194037101530173,0.3982698123591749,True
30776,Pycnanthemum virginianum,mixed_uncertain,not_evaluable_ambiguous_palette_composition,white,0.494114473521399,white,yellow_orange,0.2847910425455869,0.4041833822936634,0.08993109122773557,True
30794,Pycnanthemum virginianum,mixed_uncertain,not_evaluable_ambiguous_palette_composition,yellow_orange,0.4523597370127483,white,yellow_orange,0.5706791726305923,0.1450603850476601,0.3072993519650882,True
30811,Cornus sanguinea,mixed_uncertain,not_evaluable_ambiguous_palette_composition,white,0.45005312864517266,white,yellow_orange,0.44722620411772385,0.05769073223921021,0.39236239640596243,True
30887,Cornus sanguinea,mixed_uncertain,not_evaluable_ambiguous_palette_composition,white,0.5192173918239009,white,yellow_orange,0.304004977863333,0.42134722508195055,0.09787016674195037,True
30891,Cornus sanguinea,mixed_uncertain,not_evaluable_ambiguous_palette_composition,white,0.5628362537595215,white,yellow_orange,0.3598287659309789,0.43338250927903943,0.12945374448048208,True
30894,Cornus sanguinea,mixed_uncertain,not_evaluable_ambiguous_palette_composition,yellow_orange,0.45201460678869476,white,yellow_orange,0.5551050951187135,0.08467098544518321,0.36734362134351156,True
30900,Phytolacca octandra,mixed_uncertain,not_evaluable_ambiguous_palette_composition,yellow_orange,0.46784203281771,white,yellow_orange,0.5504775572244189,0.13268598726424102,0.33515604555346895,True
30913,Phytolacca octandra,mixed_uncertain,not_evaluable_ambiguous_palette_composition,white,0.42427852265964583,white,yellow_orange,0.4225478613151201,0.04660781852290939,0.3776707041367364,True
30928,Phytolacca octandra,mixed_uncertain,not_evaluable_ambiguous_palette_composition,white,0.40649001431492826,white,red_pink,0.43513582953694063,0.16246372621239993,0.24402628810252833,True
30946,Phytolacca octandra,mixed_uncertain,not_evaluable_ambiguous_palette_composition,white,0.45331784770820943,white,yellow_orange,0.3327747722654842,0.30853905186609315,0.14477879584211628,True
30979,Phytolacca octandra,mixed_uncertain,not_evaluable_ambiguous_palette_composition,red_pink,0.4578251305583812,yellow_orange,red_pink,0.7694083945099037,0.4173418848331099,0.04048324572527129,True
30984,Phytolacca octandra,mixed_uncertain,not_evaluable_ambiguous_palette_composition,red_pink,0.2981588589863491,white,red_pink,0.7400136346108072,0.1983301693948136,0.09982868959153549,True
31107,Astragalus glycyphyllos,mixed_uncertain,not_evaluable_ambiguous_palette_composition,white,0.48323595560013316,white,yellow_orange,0.4613859611291564,0.1465693968421876,0.3366665587579456,True
31129,Astragalus glycyphyllos,mixed_uncertain,not_evaluable_ambiguous_palette_composition,yellow_orange,0.3870992155897248,yellow_orange,red_pink,0.40145750533389896,0.20605129934543004,0.18104791624429478,True
31170,Astragalus glycyphyllos,mixed_uncertain,not_evaluable_ambiguous_palette_composition,yellow_orange,0.4983135709916287,white,yellow_orange,0.5337629041564043,0.17832498930529325,0.3199885816863355,True
31186,Astragalus glycyphyllos,mixed_uncertain,not_evaluable_ambiguous_palette_composition,yellow_orange,0.4895706152573188,white,yellow_orange,0.5189032415924274,0.09561083705431013,0.3939597782030087,True
31262,Bryonia alba,mixed_uncertain,not_evaluable_ambiguous_palette_composition,yellow_orange,0.4593465333539476,white,yellow_orange,0.5602204566641371,0.13549437604737416,0.32385215730657346,True
31311,Campanula latifolia,mixed_uncertain,not_evaluable_ambiguous_palette_composition,blue_purple,0.37767035840387647,white,blue_purple,0.6502533401817703,0.2253801775826784,0.15229018082119808,True
31314,Campanula latifolia,mixed_uncertain,not_evaluable_ambiguous_palette_composition,blue_purple,0.49395990572294945,white,blue_purple,0.5551067296796887,0.3088567860020195,0.18510311972092997,True
31327,Campanula latifolia,mixed_uncertain,not_evaluable_ambiguous_palette_composition,blue_purple,0.4238743215230018,white,blue_purple,0.5287286099548407,0.11367255421005909,0.3102017673129427,True
31353,Campanula latifolia,mixed_uncertain,not_evaluable_ambiguous_palette_composition,blue_purple,0.33660177802756786,white,blue_purple,0.6669123081348302,0.1732124550522603,0.16338932297530756,True
31358,Campanula latifolia,mixed_uncertain,not_evaluable_ambiguous_palette_composition,red_pink,0.42925472318731656,red_pink,blue_purple,0.44931451009143814,0.3055417842142026,0.12371293897311397,True
31375,Campanula latifolia,mixed_uncertain,not_evaluable_ambiguous_palette_composition,blue_purple,0.4817835366718916,red_pink,blue_purple,0.5292983396023937,0.3638016255238037,0.11798191114808793,True
31377,Campanula latifolia,mixed_uncertain,not_evaluable_ambiguous_palette_composition,red_pink,0.4123032305544876,red_pink,blue_purple,0.4331346592979311,0.29243657365611636,0.11986665689837123,True
31379,Campanula latifolia,mixed_uncertain,not_evaluable_ambiguous_palette_composition,blue_purple,0.4468128044707967,red_pink,blue_purple,0.5841901303047542,0.34898349404655116,0.09782931042424553,True
31387,Campanula latifolia,mixed_uncertain,not_evaluable_ambiguous_palette_composition,blue_purple,0.45367465523872164,red_pink,blue_purple,0.521007602765652,0.3201743229023533,0.13350033233636832,True
31390,Campanula latifolia,mixed_uncertain,not_evaluable_ambiguous_palette_composition,blue_purple,0.4355735399318779,white,blue_purple,0.5538406638044079,0.20068244773515573,0.2348910921967222,True
31400,Campanula patula,mixed_uncertain,not_evaluable_ambiguous_palette_composition,red_pink,0.40041777758749575,white,red_pink,0.6463243478588129,0.2619394027225737,0.13847837486492204,True
31401,Campanula patula,mixed_uncertain,not_evaluable_ambiguous_palette_composition,blue_purple,0.3298565645706438,white,blue_purple,0.6534774375567316,0.1365726224157459,0.1932839421548979,True
31426,Campanula patula,mixed_uncertain,not_evaluable_ambiguous_palette_composition,blue_purple,0.4826825168778628,white,blue_purple,0.59649813650446,0.33278142917920467,0.14990108769865812,True
31431,Campanula patula,mixed_uncertain,not_evaluable_ambiguous_palette_composition,red_pink,0.4249866365884586,white,red_pink,0.5911815791068641,0.24095726249642582,0.18402937409203277,True
31441,Campanula patula,mixed_uncertain,not_evaluable_ambiguous_palette_composition,red_pink,0.43797405970537545,white,red_pink,0.5618054702173103,0.22588239419399248,0.21209166551138298,True
31449,Campanula patula,mixed_uncertain,not_evaluable_ambiguous_palette_composition,blue_purple,0.5221847923735741,white,blue_purple,0.5344696619820868,0.331612553629783,0.1905722387437911,True
31462,Campanula patula,mixed_uncertain,not_evaluable_ambiguous_palette_composition,blue_purple,0.3853621899661162,red_pink,blue_purple,0.5199239225301183,0.211487438228293,0.1738747517378232,True
31476,Campanula patula,mixed_uncertain,not_evaluable_ambiguous_palette_composition,blue_purple,0.3847437804922436,red_pink,blue_purple,0.5321695239795529,0.22243513300620513,0.1623086474860385,True
31481,Campanula patula,mixed_uncertain,not_evaluable_ambiguous_palette_composition,blue_purple,0.26913264263625625,white,blue_purple,0.7512715413570072,0.16119591464062916,0.10793672799562709,True
31485,Campanula patula,mixed_uncertain,not_evaluable_ambiguous_palette_composition,blue_purple,0.43118114136919,white,blue_purple,0.5175613786857315,0.10570263596717976,0.32547850540201023,True
31486,Campanula patula,mixed_uncertain,not_evaluable_ambiguous_palette_composition,red_pink,0.43354666197686426,red_pink,blue_purple,0.4657828289939869,0.3004548588986948,0.13309180307816948,True
31492,Campanula patula,mixed_uncertain,not_evaluable_ambiguous_palette_composition,blue_purple,0.41403984085391177,white,blue_purple,0.6071254043968131,0.23567821815850018,0.1783616226954116,True
31495,Campanula patula,mixed_uncertain,not_evaluable_ambiguous_palette_composition,white,0.4405713639429627,white,blue_purple,0.48800296328945003,0.1237126912094784,0.3168586727334843,True
31498,Campanula patula,mixed_uncertain,not_evaluable_ambiguous_palette_composition,blue_purple,0.3464717377981496,white,blue_purple,0.7426623795847377,0.26518552633778353,0.08128621146036608,True
31503,Chelone lyonii,mixed_uncertain,not_evaluable_ambiguous_palette_composition,red_pink,0.3912712481671492,white,red_pink,0.6530254120843278,0.2545855869392351,0.1366856612279141,True
31505,Chelone lyonii,mixed_uncertain,not_evaluable_ambiguous_palette_composition,red_pink,0.2735349920221215,white,red_pink,0.8399856876871198,0.2367410461900594,0.03679394583206211,False
31509,Chelone lyonii,mixed_uncertain,not_evaluable_ambiguous_palette_composition,red_pink,0.33685926469677036,white,red_pink,0.7125626672290625,0.22998095654143702,0.10687830815533333,True
31529,Chelone lyonii,mixed_uncertain,not_evaluable_ambiguous_palette_composition,red_pink,0.3615517243412902,red_pink,blue_purple,0.3903125511827801,0.2492437660507172,0.11230795829057297,True
31536,Chelone lyonii,mixed_uncertain,not_evaluable_ambiguous_palette_composition,red_pink,0.4098771677281551,white,red_pink,0.6443889327394613,0.27435477026105987,0.1355223974670952,True
31540,Chelone lyonii,mixed_uncertain,not_evaluable_ambiguous_palette_composition,red_pink,0.43621698860247526,white,red_pink,0.5839118680910121,0.25166391357937873,0.18455307502309654,True
31542,Chelone lyonii,mixed_uncertain,not_evaluable_ambiguous_palette_composition,blue_purple,0.40006813953601317,white,blue_purple,0.545751633432235,0.07166121560707196,0.3284069239289412,True
31548,Chelone lyonii,mixed_uncertain,not_evaluable_ambiguous_palette_composition,red_pink,0.37612350193060917,red_pink,blue_purple,0.3952968000985903,0.26666186573305717,0.109461636197552,True
31552,Chelone lyonii,mixed_uncertain,not_evaluable_ambiguous_palette_composition,blue_purple,0.5193754071514116,red_pink,blue_purple,0.5130649054151961,0.40371666905701326,0.11565873809439836,True
31554,Chelone lyonii,mixed_uncertain,not_evaluable_ambiguous_palette_composition,red_pink,0.4365417578421707,white,red_pink,0.6032491872660861,0.27412369463382247,0.16241806320834823,True
31562,Chelone lyonii,mixed_uncertain,not_evaluable_ambiguous_palette_composition,red_pink,0.39238327445866894,white,red_pink,0.6460263708299431,0.24917437367737724,0.1432089007812917,True
31582,Chelone lyonii,mixed_uncertain,not_evaluable_ambiguous_palette_composition,blue_purple,0.46009477804968296,white,blue_purple,0.5275106214092894,0.2099432983257066,0.25015147972397633,True
31587,Chelone lyonii,mixed_uncertain,not_evaluable_ambiguous_palette_composition,yellow_orange,0.4669265387386339,white,yellow_orange,0.6180560706055449,0.2696602502290349,0.19726628850959899,True
31590,Chelone lyonii,mixed_uncertain,not_evaluable_ambiguous_palette_composition,red_pink,0.3691282141085759,red_pink,blue_purple,0.37920514981383896,0.26740816980719845,0.10172004430137743,True
31591,Chelone lyonii,mixed_uncertain,not_evaluable_ambiguous_palette_composition,red_pink,0.47633691324053595,white,red_pink,0.5235179989577924,0.24580244721748085,0.2305344660230551,True
31592,Chelone lyonii,mixed_uncertain,not_evaluable_ambiguous_palette_composition,red_pink,0.3889455133619802,white,red_pink,0.6431181721232134,0.24059499434042786,0.14835051902155233,True
31600,Commelina diffusa,mixed_uncertain,not_evaluable_ambiguous_palette_composition,blue_purple,0.5322674222860742,white,blue_purple,0.5483008450880382,0.3607261229089682,0.17154129937710594,True
31625,Commelina diffusa,mixed_uncertain,not_evaluable_ambiguous_palette_composition,blue_purple,0.5356090252632446,white,blue_purple,0.5337771489771072,0.3516852401733786,0.183923785089866,True
31631,Commelina diffusa,mixed_uncertain,not_evaluable_ambiguous_palette_composition,blue_purple,0.5139335933191878,white,blue_purple,0.5402431346531046,0.3246975162408128,0.18923607707837498,True
31674,Commelina diffusa,mixed_uncertain,not_evaluable_ambiguous_palette_composition,white,0.5176380461595983,white,blue_purple,0.4968360294871359,0.28743628344263106,0.23020176271696724,True
31684,Commelina diffusa,mixed_uncertain,not_evaluable_ambiguous_palette_composition,blue_purple,0.464647264104693,yellow_orange,blue_purple,0.6622987123371125,0.35823108871868786,0.10641617538600512,True
31693,Commelina diffusa,mixed_uncertain,not_evaluable_ambiguous_palette_composition,white,0.5277655112655378,white,blue_purple,0.49945205660287034,0.30207632926882316,0.22568918199671467,True
31712,Crepis biennis,mixed_uncertain,not_evaluable_ambiguous_palette_composition,white,0.4701561255059574,white,yellow_orange,0.46646677567867456,0.06570231189904338,0.404453813606914,True
31752,Crepis biennis,mixed_uncertain,not_evaluable_ambiguous_palette_composition,blue_purple,0.4981660470258128,white,yellow_orange,0.5098322500201811,0.25919630964001983,0.23896973738579297,True
31805,Cypripedium guttatum,mixed_uncertain,not_evaluable_ambiguous_palette_composition,red_pink,0.48444487966733757,white,red_pink,0.5463129088567275,0.2894070499355226,0.195037829731815,True
31814,Cypripedium guttatum,mixed_uncertain,not_evaluable_ambiguous_palette_composition,blue_purple,0.48412610631981984,white,blue_purple,0.5331159237630846,0.26593295068245915,0.2181931556373607,True
31822,Cypripedium guttatum,mixed_uncertain,not_evaluable_ambiguous_palette_composition,red_pink,0.40646539474801535,white,red_pink,0.5608125109303045,0.15419749673278005,0.2522678980152353,True
31826,Cypripedium guttatum,mixed_uncertain,not_evaluable_ambiguous_palette_composition,white,0.4643493836250764,white,red_pink,0.4705471603585166,0.23078920653005605,0.23356017709502033,True
31838,Cypripedium guttatum,mixed_uncertain,not_evaluable_ambiguous_palette_composition,white,0.47434945122565586,white,red_pink,0.45137835350369315,0.2749712922171133,0.19937815900854255,True
31875,Cypripedium guttatum,mixed_uncertain,not_evaluable_ambiguous_palette_composition,red_pink,0.37367111240664963,white,red_pink,0.6265336814162543,0.19327633640914393,0.1803947759975057,True
31886,Cypripedium guttatum,mixed_uncertain,not_evaluable_ambiguous_palette_composition,white,0.44585822511464,white,red_pink,0.48042910781903414,0.171877753803148,0.27398047131149206,True
31924,Delphinium sutherlandii,mixed_uncertain,not_evaluable_ambiguous_palette_composition,blue_purple,0.33836532130861324,white,blue_purple,0.6587721037232755,0.1645349569711565,0.17383036433745674,True
31994,Delphinium sutherlandii,mixed_uncertain,not_evaluable_ambiguous_palette_composition,blue_purple,0.4005277325453974,yellow_orange,blue_purple,0.6191073118455013,0.22141137089157367,0.17911636165382375,True
32003,Dicliptera brachiata,mixed_uncertain,not_evaluable_ambiguous_palette_composition,red_pink,0.3595434237141752,white,red_pink,0.6685704836259635,0.22073751984114184,0.13880590387303335,True
32027,Dicliptera brachiata,mixed_uncertain,not_evaluable_ambiguous_palette_composition,blue_purple,0.36632822377834673,red_pink,blue_purple,0.6423167058013295,0.2767470324406181,0.08958119133772863,True
32040,Dicliptera brachiata,mixed_uncertain,not_evaluable_ambiguous_palette_composition,red_pink,0.391453919655397,white,red_pink,0.6498278835820894,0.2516390998289049,0.13981481982649208,True
32055,Dicliptera brachiata,mixed_uncertain,not_evaluable_ambiguous_palette_composition,red_pink,0.3781367798436603,red_pink,blue_purple,0.42609597453825854,0.2474587623714557,0.1306780174722046,True
32058,Dicliptera brachiata,mixed_uncertain,not_evaluable_ambiguous_palette_composition,red_pink,0.43016036447375566,red_pink,blue_purple,0.46794532624552976,0.29400537012243905,0.13615499435131662,True
32064,Dicliptera brachiata,mixed_uncertain,not_evaluable_ambiguous_palette_composition,red_pink,0.3593219658634548,red_pink,blue_purple,0.3561488559517146,0.26832448986786683,0.09099747599558794,True
32071,Dicliptera brachiata,mixed_uncertain,not_evaluable_ambiguous_palette_composition,blue_purple,0.3450697419990744,red_pink,blue_purple,0.5917001600204036,0.20978021324101603,0.13528952875805839,True
32084,Dicliptera brachiata,mixed_uncertain,not_evaluable_ambiguous_palette_composition,blue_purple,0.4406990931331101,red_pink,blue_purple,0.5321508306521956,0.3092853482602977,0.13141374487281243,True
32085,Dicliptera brachiata,mixed_uncertain,not_evaluable_ambiguous_palette_composition,blue_purple,0.40438973659270216,red_pink,blue_purple,0.6007681114694622,0.30292392874154833,0.10146580785115383,True
32095,Dicliptera brachiata,mixed_uncertain,not_evaluable_ambiguous_palette_composition,red_pink,0.49914236264974526,white,red_pink,0.5086869823178675,0.2685892427312502,0.2305531199184951,True
32234,Eriogonum jamesii,mixed_uncertain,not_evaluable_ambiguous_palette_composition,white,0.4879928777273644,white,yellow_orange,0.39774137314421854,0.2838397874803237,0.2041530902470407,True
32241,Eriogonum jamesii,mixed_uncertain,not_evaluable_ambiguous_palette_composition,white,0.4972868946750624,white,yellow_orange,0.40689931890427883,0.28702359357083723,0.21026330110422514,True
32286,Eriogonum jamesii,mixed_uncertain,not_evaluable_ambiguous_palette_composition,white,0.5264323816002919,white,yellow_orange,0.3636756804124453,0.3813063861217865,0.1451259954785054,True
32292,Eriogonum jamesii,mixed_uncertain,not_evaluable_ambiguous_palette_composition,white,0.5210382622992992,white,yellow_orange,0.29794489894445325,0.4278563774999355,0.09318188479936368,True
32343,Eriogonum niveum,mixed_uncertain,not_evaluable_ambiguous_palette_composition,white,0.6148375908644103,white,yellow_orange,0.33356955073517863,0.5169110549488789,0.09792653591553135,True
32375,Eriogonum niveum,mixed_uncertain,not_evaluable_ambiguous_palette_composition,white,0.5163516743322095,white,yellow_orange,0.2720810053023876,0.43918560336897705,0.07716607096323247,True
32378,Eriogonum niveum,mixed_uncertain,not_evaluable_ambiguous_palette_composition,white,0.6147224783427964,white,yellow_orange,0.3335576756451362,0.516781764197196,0.09794071414560035,True
32412,Eryngium planum,mixed_uncertain,not_evaluable_ambiguous_palette_composition,blue_purple,0.5068574305535071,white,blue_purple,0.581760941695993,0.3543632864507349,0.15249414410277218,True
32431,Eryngium planum,mixed_uncertain,not_evaluable_ambiguous_palette_composition,blue_purple,0.32784375810070887,white,blue_purple,0.7015570209169322,0.20151925507026985,0.12632450303043902,True
32462,Eryngium planum,mixed_uncertain,not_evaluable_ambiguous_palette_composition,blue_purple,0.4344903687227487,white,blue_purple,0.5153803943572656,0.11159852515783167,0.32289184356491707,True
32483,Eryngium planum,mixed_uncertain,not_evaluable_ambiguous_palette_composition,white,0.45204106783550135,white,yellow_orange,0.43765783820942206,0.1164255549575009,0.33561551287800045,True
32508,Escallonia rubra,mixed_uncertain,not_evaluable_ambiguous_palette_composition,red_pink,0.3832582299693903,white,red_pink,0.6456945923668622,0.234174705914767,0.1490835240546233,True
32514,Escallonia rubra,mixed_uncertain,not_evaluable_ambiguous_palette_composition,red_pink,0.45262099141845535,red_pink,blue_purple,0.4617787913747632,0.3299219710698416,0.12269902034861374,True
32557,Escallonia rubra,mixed_uncertain,not_evaluable_ambiguous_palette_composition,red_pink,0.42776878569426197,white,red_pink,0.5317250657049543,0.1489753838093227,0.2787934018849393,True
32564,Escallonia rubra,mixed_uncertain,not_evaluable_ambiguous_palette_composition,red_pink,0.4213626587083959,white,red_pink,0.6375903414135772,0.28502325988103216,0.13633939882736373,True
32570,Escallonia rubra,mixed_uncertain,not_evaluable_ambiguous_palette_composition,white,0.454858079173205,white,red_pink,0.4439855735491925,0.24970254929431332,0.20515552987889166,True
32571,Escallonia rubra,mixed_uncertain,not_evaluable_ambiguous_palette_composition,red_pink,0.4658610648522908,yellow_orange,red_pink,0.8693326480484588,0.45348639044383926,0.012374674408451525,False
32635,Eysenhardtia texana,mixed_uncertain,not_evaluable_ambiguous_palette_composition,white,0.6060481433544962,white,yellow_orange,0.32962705783654656,0.5089896131922416,0.09705853016225463,True
32699,Eysenhardtia texana,mixed_uncertain,not_evaluable_ambiguous_palette_composition,white,0.5145766356630906,white,yellow_orange,0.499664476418482,0.1269359724521611,0.38764066321092955,True
32717,Guzmania monostachia,mixed_uncertain,not_evaluable_ambiguous_palette_composition,red_pink,0.5248999214865371,yellow_orange,red_pink,0.766763252957716,0.48915522129298056,0.03574470019355652,True
32723,Guzmania monostachia,mixed_uncertain,not_evaluable_ambiguous_palette_composition,red_pink,0.5672836568539528,yellow_orange,red_pink,0.7035496517229831,0.5130820162173593,0.054201640636593496,True
32754,Guzmania monostachia,mixed_uncertain,not_evaluable_ambiguous_palette_composition,red_pink,0.562300075738073,yellow_orange,red_pink,0.8144192991128992,0.5415102695600711,0.020789806178001857,False
32792,Guzmania monostachia,mixed_uncertain,not_evaluable_ambiguous_palette_composition,red_pink,0.6376662923226504,yellow_orange,red_pink,0.7330528006166931,0.5992797256344368,0.03838656668821361,True
32795,Guzmania monostachia,mixed_uncertain,not_evaluable_ambiguous_palette_composition,red_pink,0.5563961863024415,white,red_pink,0.6532963296185149,0.4705689648664139,0.08582722143602756,True
32799,Guzmania monostachia,mixed_uncertain,not_evaluable_ambiguous_palette_composition,yellow_orange,0.41946916017696756,white,yellow_orange,0.6369627669323497,0.21137647812201105,0.2080926820549565,True
32818,Hamamelis vernalis,mixed_uncertain,not_evaluable_ambiguous_palette_composition,red_pink,0.48048302893989975,yellow_orange,red_pink,0.7025714063350046,0.41463145983923827,0.06585156910066148,True
32845,Hamamelis vernalis,mixed_uncertain,not_evaluable_ambiguous_palette_composition,red_pink,0.49606854367343844,white,red_pink,0.7821687477213171,0.45966292888336374,0.0364056147900747,True
32847,Hamamelis vernalis,mixed_uncertain,not_evaluable_ambiguous_palette_composition,red_pink,0.5338346046910711,yellow_orange,red_pink,0.7353016466926208,0.4881535748942416,0.04568102979682953,True
32851,Hamamelis vernalis,mixed_uncertain,not_evaluable_ambiguous_palette_composition,red_pink,0.496148557726788,white,red_pink,0.5620791804890357,0.32487045078886195,0.17127810693792606,True
32877,Hamamelis vernalis,mixed_uncertain,not_evaluable_ambiguous_palette_composition,white,0.517177344834529,white,yellow_orange,0.3059870640671046,0.4173906071890231,0.09978673764550594,True
32885,Hamamelis vernalis,mixed_uncertain,not_evaluable_ambiguous_palette_composition,red_pink,0.5380930973458552,yellow_orange,red_pink,0.7328615915899106,0.4919288822976675,0.046164215048187685,True
33026,Lupinus havardii,mixed_uncertain,not_evaluable_ambiguous_palette_composition,blue_purple,0.45473832993878494,white,blue_purple,0.5470746317125461,0.22971471947062938,0.22502361046815555,True
33056,Lupinus havardii,mixed_uncertain,not_evaluable_ambiguous_palette_composition,blue_purple,0.48792587026948653,white,blue_purple,0.5033865741137591,0.23001773595148162,0.2579081343180049,True
33068,Lupinus havardii,mixed_uncertain,not_evaluable_ambiguous_palette_composition,blue_purple,0.527734226619836,white,blue_purple,0.5288643985632022,0.33444207311701163,0.19329215350282442,True
33075,Lupinus havardii,mixed_uncertain,not_evaluable_ambiguous_palette_composition,blue_purple,0.5174533866719724,white,blue_purple,0.5836828299957265,0.37098665904084427,0.1464667276311281,True
33192,Mecardonia procumbens,mixed_uncertain,not_evaluable_ambiguous_palette_composition,red_pink,0.4657202432865229,yellow_orange,red_pink,0.5194085409819854,0.2509938484414704,0.21472639484505252,True
33201,Melastoma candidum,mixed_uncertain,not_evaluable_ambiguous_palette_composition,red_pink,0.4719539168141898,white,red_pink,0.521627452882106,0.2343902544867803,0.2375636623274095,True
33207,Melastoma candidum,mixed_uncertain,not_evaluable_ambiguous_palette_composition,red_pink,0.4481274487814388,red_pink,blue_purple,0.42223395869804414,0.34719138325113036,0.10093606553030843,True
33218,Melastoma candidum,mixed_uncertain,not_evaluable_ambiguous_palette_composition,white,0.4420429241124159,white,yellow_orange,0.34822443430798705,0.27316965318503983,0.16887327092737608,True
33260,Melastoma candidum,mixed_uncertain,not_evaluable_ambiguous_palette_composition,red_pink,0.3698868465171413,red_pink,blue_purple,0.3361172781460041,0.29316570712873813,0.07672113938840319,True
33277,Melastoma candidum,mixed_uncertain,not_evaluable_ambiguous_palette_composition,red_pink,0.3872960699376696,red_pink,blue_purple,0.35937139658788114,0.3030606427515589,0.08423542718611066,True
33278,Melastoma candidum,mixed_uncertain,not_evaluable_ambiguous_palette_composition,red_pink,0.35238067699531117,red_pink,blue_purple,0.27420020878095225,0.3005288742285491,0.051851802766762045,True
33307,Melastoma malabathricum,mixed_uncertain,not_evaluable_ambiguous_palette_composition,blue_purple,0.3375829905984855,red_pink,blue_purple,0.6782221616477961,0.2594994949568828,0.07808349564160272,True
33317,Melastoma malabathricum,mixed_uncertain,not_evaluable_ambiguous_palette_composition,blue_purple,0.32838371148064927,white,blue_purple,0.7064498043082579,0.20769930503598594,0.12068440644466333,True
33329,Melastoma malabathricum,mixed_uncertain,not_evaluable_ambiguous_palette_composition,red_pink,0.4085438651048441,yellow_orange,red_pink,0.7839816606506188,0.36853119292093894,0.04001267218390514,True
33331,Melastoma malabathricum,mixed_uncertain,not_evaluable_ambiguous_palette_composition,red_pink,0.4080470505207455,white,red_pink,0.6406958168917843,0.26802540167157096,0.14002164884917456,True
33345,Melastoma malabathricum,mixed_uncertain,not_evaluable_ambiguous_palette_composition,blue_purple,0.5988586410606326,red_pink,blue_purple,0.6680975398059643,0.5559040571490911,0.0429545839115415,True
33354,Melastoma malabathricum,mixed_uncertain,not_evaluable_ambiguous_palette_composition,red_pink,0.4456849819278677,red_pink,blue_purple,0.48127308937550045,0.3071479540815693,0.1385370278462984,True
33371,Melastoma malabathricum,mixed_uncertain,not_evaluable_ambiguous_palette_composition,blue_purple,0.4877254281570651,red_pink,blue_purple,0.5293869168501324,0.3716851942280649,0.1160402339290002,True
33387,Melastoma malabathricum,mixed_uncertain,not_evaluable_ambiguous_palette_composition,red_pink,0.4407374243401427,red_pink,blue_purple,0.4756624917826517,0.30392725589275627,0.13681016844738642,True
33393,Melastoma malabathricum,mixed_uncertain,not_evaluable_ambiguous_palette_composition,red_pink,0.5314704483268785,red_pink,blue_purple,0.4535501199059647,0.4357006477723896,0.09576980055448892,True
33425,Nicotiana longiflora,mixed_uncertain,not_evaluable_ambiguous_palette_composition,blue_purple,0.5054741101359951,white,blue_purple,0.5675808782256191,0.339288433042631,0.16618567709336407,True
33511,Ochna serrulata,mixed_uncertain,not_evaluable_ambiguous_palette_composition,yellow_orange,0.4925456407418321,white,yellow_orange,0.5079057351661798,0.03745586174337889,0.4550897789984532,True
33520,Ochna serrulata,mixed_uncertain,not_evaluable_ambiguous_palette_composition,yellow_orange,0.4437599732692173,white,yellow_orange,0.5819918607163781,0.15127367406492975,0.29248629920428754,True
33546,Ochna serrulata,mixed_uncertain,not_evaluable_ambiguous_palette_composition,red_pink,0.6125632029352026,yellow_orange,red_pink,0.6916363233096712,0.5584577491030995,0.05410545383210308,True
33623,Omphalodes verna,mixed_uncertain,not_evaluable_ambiguous_palette_composition,white,0.49767495979050175,white,blue_purple,0.4830776218614057,0.26920814390327213,0.2284668158872296,True
33629,Omphalodes verna,mixed_uncertain,not_evaluable_ambiguous_palette_composition,blue_purple,0.5201945172435256,white,blue_purple,0.5405592636217008,0.3348451026600233,0.1853494145835023,True
33646,Omphalodes verna,mixed_uncertain,not_evaluable_ambiguous_palette_composition,blue_purple,0.5152076620575899,white,blue_purple,0.5762558211200427,0.36142460185722414,0.1537830602003658,True
33652,Omphalodes verna,mixed_uncertain,not_evaluable_ambiguous_palette_composition,blue_purple,0.5173129014793493,white,blue_purple,0.5994954806717481,0.38364439543481343,0.13366850604453584,True
33657,Omphalodes verna,mixed_uncertain,not_evaluable_ambiguous_palette_composition,blue_purple,0.5163547035323063,white,blue_purple,0.5762499059869303,0.363052646187214,0.15330205734509228,True
33687,Omphalodes verna,mixed_uncertain,not_evaluable_ambiguous_palette_composition,red_pink,0.31485875915579664,white,red_pink,0.7369933442311221,0.22003164016891869,0.09482711898687796,True
33730,Parthenium confertum,mixed_uncertain,not_evaluable_ambiguous_palette_composition,white,0.5307224174462384,white,yellow_orange,0.2824311063137133,0.449682874495498,0.0810395429507404,True
33756,Parthenium confertum,mixed_uncertain,not_evaluable_ambiguous_palette_composition,white,0.4173576143903782,white,yellow_orange,0.38471089270939557,0.1636176243446266,0.25373999004575165,True
33801,Pedicularis verticillata,mixed_uncertain,not_evaluable_ambiguous_palette_composition,blue_purple,0.4879066161450657,red_pink,blue_purple,0.5293124382389092,0.3718804765494733,0.11602613959559238,True
33817,Pedicularis verticillata,mixed_uncertain,not_evaluable_ambiguous_palette_composition,red_pink,0.2893141702326777,white,red_pink,0.7589614236462396,0.2027313553181594,0.0865828149145183,True
33827,Pedicularis verticillata,mixed_uncertain,not_evaluable_ambiguous_palette_composition,yellow_orange,0.5105861176190858,yellow_orange,red_pink,0.4523717223693255,0.3526236843283982,0.1579624332906876,True
33833,Pedicularis verticillata,mixed_uncertain,not_evaluable_ambiguous_palette_composition,blue_purple,0.5322082044452294,red_pink,blue_purple,0.5224981801757256,0.42494523441093845,0.10726297003429097,True
33839,Pedicularis verticillata,mixed_uncertain,not_evaluable_ambiguous_palette_composition,red_pink,0.42861607433816684,red_pink,blue_purple,0.4369531512961282,0.3126354405560177,0.11598063378214912,True
33844,Pedicularis verticillata,mixed_uncertain,not_evaluable_ambiguous_palette_composition,red_pink,0.3441817744749245,red_pink,blue_purple,0.3555263505790416,0.24808533564310722,0.09609643883181726,True
33851,Pedicularis verticillata,mixed_uncertain,not_evaluable_ambiguous_palette_composition,red_pink,0.3726795371918206,white,red_pink,0.6791945075678634,0.25184262587677403,0.12083691131504659,True
33855,Pedicularis verticillata,mixed_uncertain,not_evaluable_ambiguous_palette_composition,red_pink,0.38876216945541353,yellow_orange,red_pink,0.6852700087362055,0.2917777596561709,0.09698440979924261,True
33865,Pedicularis verticillata,mixed_uncertain,not_evaluable_ambiguous_palette_composition,red_pink,0.4445050284084756,red_pink,blue_purple,0.4204850579006669,0.3434705250005146,0.101034503407961,True
33866,Pedicularis verticillata,mixed_uncertain,not_evaluable_ambiguous_palette_composition,blue_purple,0.5037747287166878,red_pink,blue_purple,0.5228490913871301,0.38893791182366644,0.11483681689302139,True
33869,Pedicularis verticillata,mixed_uncertain,not_evaluable_ambiguous_palette_composition,red_pink,0.34627411359825033,white,red_pink,0.729718386124757,0.257563226453736,0.0887108871445143,True
33892,Pedicularis verticillata,mixed_uncertain,not_evaluable_ambiguous_palette_composition,blue_purple,0.4642210949631702,red_pink,blue_purple,0.6336955553377431,0.3938061898806826,0.0704149050824876,True
33904,Pediomelum argophyllum,mixed_uncertain,not_evaluable_ambiguous_palette_composition,blue_purple,0.44637917568844343,white,blue_purple,0.5081264299537516,0.1326971667663596,0.31368200892208387,True
33906,Pediomelum argophyllum,mixed_uncertain,not_evaluable_ambiguous_palette_composition,blue_purple,0.4585816094225397,white,blue_purple,0.500043735916355,0.15044080692941772,0.30814080249312203,True
33915,Pediomelum argophyllum,mixed_uncertain,not_evaluable_ambiguous_palette_composition,white,0.43424230155589016,white,blue_purple,0.4976610250040926,0.05119430464737319,0.383047996908517,True
33933,Pediomelum argophyllum,mixed_uncertain,not_evaluable_ambiguous_palette_composition,white,0.5084895265512624,white,blue_purple,0.49661893187403305,0.2709132642051874,0.23757626234607504,True
33935,Pediomelum argophyllum,mixed_uncertain,not_evaluable_ambiguous_palette_composition,blue_purple,0.41739046942150415,white,blue_purple,0.5504566290237121,0.14996075758401056,0.2674297118374936,True
33943,Pediomelum argophyllum,mixed_uncertain,not_evaluable_ambiguous_palette_composition,blue_purple,0.44607294855013835,yellow_orange,blue_purple,0.6835226895649023,0.34939173173465377,0.09668121681548458,True
33979,Pediomelum argophyllum,mixed_uncertain,not_evaluable_ambiguous_palette_composition,blue_purple,0.369046720654534,white,blue_purple,0.5967968419652356,0.11890107352253536,0.2501456471319986,True
33995,Pediomelum argophyllum,mixed_uncertain,not_evaluable_ambiguous_palette_composition,blue_purple,0.43112696852488736,white,blue_purple,0.5256926771439105,0.13025808720198886,0.30086888132289846,True
34005,Phlox longifolia,mixed_uncertain,not_evaluable_ambiguous_palette_composition,red_pink,0.39763215397648977,red_pink,blue_purple,0.44102087578027277,0.2655793741205812,0.13205277985590858,True
34033,Phlox longifolia,mixed_uncertain,not_evaluable_ambiguous_palette_composition,red_pink,0.46206990623115884,white,red_pink,0.5720360475204515,0.2814389865373381,0.18063091969382072,True
34068,Phlox longifolia,mixed_uncertain,not_evaluable_ambiguous_palette_composition,blue_purple,0.4516052188447032,white,blue_purple,0.5511267186548067,0.22950531339306413,0.2220999054516391,True
34073,Phlox longifolia,mixed_uncertain,not_evaluable_ambiguous_palette_composition,blue_purple,0.4961355288215181,white,blue_purple,0.5292832093379373,0.2824795644628317,0.21365596435868645,True
34076,Phlox longifolia,mixed_uncertain,not_evaluable_ambiguous_palette_composition,red_pink,0.45425236323190293,white,red_pink,0.5725344412829043,0.268992820058924,0.18525954317297894,True
34081,Phlox longifolia,mixed_uncertain,not_evaluable_ambiguous_palette_composition,red_pink,0.37146979191799295,white,red_pink,0.6686395295099494,0.23974349211404386,0.1317262998039491,True
34089,Phlox longifolia,mixed_uncertain,not_evaluable_ambiguous_palette_composition,red_pink,0.47598502564881173,white,red_pink,0.5473184097584816,0.2762238451618306,0.19976118048698116,True
34097,Phlox longifolia,mixed_uncertain,not_evaluable_ambiguous_palette_composition,red_pink,0.3831814326084641,white,red_pink,0.682523047451422,0.27003805040395623,0.11314338220450787,True
34102,Phlox roemeriana,mixed_uncertain,not_evaluable_ambiguous_palette_composition,red_pink,0.48589153065443524,white,red_pink,0.6536529961300857,0.38487695388284143,0.10101457677159381,True
34113,Phlox roemeriana,mixed_uncertain,not_evaluable_ambiguous_palette_composition,red_pink,0.40796851728757705,white,red_pink,0.6446346437332365,0.2717308536533703,0.13623766363420675,True
34123,Phlox roemeriana,mixed_uncertain,not_evaluable_ambiguous_palette_composition,blue_purple,0.5175688789710553,red_pink,blue_purple,0.6437495256168146,0.45905414083141,0.058514738139645306,True
34137,Phlox roemeriana,mixed_uncertain,not_evaluable_ambiguous_palette_composition,red_pink,0.4516227095360247,white,red_pink,0.5329064801678459,0.20971625691656368,0.241906452619461,True
34158,Phlox roemeriana,mixed_uncertain,not_evaluable_ambiguous_palette_composition,red_pink,0.3998326062621821,red_pink,blue_purple,0.37961720587849396,0.30818308184233667,0.09164952441984542,True
34173,Phlox roemeriana,mixed_uncertain,not_evaluable_ambiguous_palette_composition,red_pink,0.4012268843187332,white,red_pink,0.6495076682099882,0.2662790998550015,0.13494778446373173,True
34175,Phlox roemeriana,mixed_uncertain,not_evaluable_ambiguous_palette_composition,blue_purple,0.3758832011423773,red_pink,blue_purple,0.6061679689681594,0.2672981781740523,0.10858502296832495,True
34186,Phlox roemeriana,mixed_uncertain,not_evaluable_ambiguous_palette_composition,red_pink,0.4279365524306831,white,red_pink,0.5906317098136354,0.24545174464519162,0.1824848077854915,True
34208,Portulaca suffrutescens,mixed_uncertain,not_evaluable_ambiguous_palette_composition,red_pink,0.5227351409099498,yellow_orange,red_pink,0.6518296557740979,0.438725034873553,0.08401010603639675,True
34262,Portulaca suffrutescens,mixed_uncertain,not_evaluable_ambiguous_palette_composition,red_pink,0.49535677219820123,yellow_orange,red_pink,0.7697648565072102,0.4583210491178361,0.037035723080365124,True
34294,Portulaca suffrutescens,mixed_uncertain,not_evaluable_ambiguous_palette_composition,white,0.4411224932179329,white,red_pink,0.31035377917583007,0.35208079109679064,0.08904170212114226,True
34342,Satureja montana,mixed_uncertain,not_evaluable_ambiguous_palette_composition,blue_purple,0.48255775391783245,white,blue_purple,0.6201894141288281,0.3529248755854979,0.12963287833233456,True
34412,Saxifraga tridactylites,mixed_uncertain,not_evaluable_ambiguous_palette_composition,red_pink,0.471418623809196,yellow_orange,red_pink,0.7675098996520553,0.4315322950113343,0.03988632879786175,True
34417,Saxifraga tridactylites,mixed_uncertain,not_evaluable_ambiguous_palette_composition,white,0.5191745280477752,white,yellow_orange,0.3502523551010087,0.3838633275157219,0.1353112005320533,True
34426,Saxifraga tridactylites,mixed_uncertain,not_evaluable_ambiguous_palette_composition,white,0.5058530892034113,white,yellow_orange,0.43419748697112026,0.2609714827877556,0.2448816064156557,True
34433,Saxifraga tridactylites,mixed_uncertain,not_evaluable_ambiguous_palette_composition,white,0.5037139749103622,white,yellow_orange,0.415801420765846,0.285519314812544,0.21819466009781818,True
34468,Saxifraga tridactylites,mixed_uncertain,not_evaluable_ambiguous_palette_composition,white,0.5698999633074794,white,yellow_orange,0.3297778299444296,0.46525586090705334,0.10464410240042604,True
34476,Saxifraga tridactylites,mixed_uncertain,not_evaluable_ambiguous_palette_composition,white,0.4781889975537918,white,yellow_orange,0.36688496147809985,0.30755963792720115,0.17062935962659065,True
34525,Sericocarpus linifolius,mixed_uncertain,not_evaluable_ambiguous_palette_composition,white,0.5026305513206387,white,yellow_orange,0.2631198480071963,0.42857840506765865,0.07405214625298007,True
34709,Solanum pseudocapsicum,mixed_uncertain,not_evaluable_ambiguous_palette_composition,white,0.4337727660194098,white,yellow_orange,0.37654904372667014,0.21663530783534748,0.2171374581840623,True
34711,Solanum pseudocapsicum,mixed_uncertain,not_evaluable_ambiguous_palette_composition,white,0.5832658717607396,white,red_pink,0.46849819063985776,0.4233831027024037,0.15988276905833593,True
34739,Solanum pseudocapsicum,mixed_uncertain,not_evaluable_ambiguous_palette_composition,yellow_orange,0.4689820145327471,white,yellow_orange,0.5641962297425415,0.17541653249671288,0.2935654820360343,True
34756,Solanum pseudocapsicum,mixed_uncertain,not_evaluable_ambiguous_palette_composition,red_pink,0.554804641397586,white,yellow_orange,0.5210776269063114,0.33210854729380096,0.22269609410378505,True
34779,Solanum pseudocapsicum,mixed_uncertain,not_evaluable_ambiguous_palette_composition,red_pink,0.6806566100011683,yellow_orange,red_pink,0.8145432672066771,0.6636083678950765,0.017048242106091793,False
34907,Talinum paniculatum,mixed_uncertain,not_evaluable_ambiguous_palette_composition,red_pink,0.458376004111954,red_pink,blue_purple,0.4357545182430673,0.35299965639883407,0.10537634771311993,True
34911,Talinum paniculatum,mixed_uncertain,not_evaluable_ambiguous_palette_composition,red_pink,0.45849999833849303,white,red_pink,0.5152434806946797,0.19470995011434922,0.2637900482241438,True
34920,Talinum paniculatum,mixed_uncertain,not_evaluable_ambiguous_palette_composition,blue_purple,0.4170933139221636,white,blue_purple,0.6262643915095757,0.26286453318246117,0.15422878073970242,True
34930,Talinum paniculatum,mixed_uncertain,not_evaluable_ambiguous_palette_composition,red_pink,0.4320627803454388,white,red_pink,0.7394533434042796,0.3700007281444828,0.06206205220095601,True
34937,Talinum paniculatum,mixed_uncertain,not_evaluable_ambiguous_palette_composition,red_pink,0.42315936688583794,white,red_pink,0.6394788513640892,0.28940753947039427,0.13375182741544367,True
34940,Talinum paniculatum,mixed_uncertain,not_evaluable_ambiguous_palette_composition,white,0.49487649400139505,white,red_pink,0.41724936069836566,0.3424071064639363,0.15246938753745876,True
34945,Talinum paniculatum,mixed_uncertain,not_evaluable_ambiguous_palette_composition,red_pink,0.4542437566882776,white,red_pink,0.5292121433851127,0.20931927057591626,0.24492448611236134,True
34952,Talinum paniculatum,mixed_uncertain,not_evaluable_ambiguous_palette_composition,red_pink,0.46862517440142615,white,red_pink,0.5602894900046053,0.2789896663477463,0.18963550805367985,True
34958,Talinum paniculatum,mixed_uncertain,not_evaluable_ambiguous_palette_composition,red_pink,0.3914126111955936,white,red_pink,0.6071450488452218,0.20008649870497305,0.19132611249062056,True
34963,Talinum paniculatum,mixed_uncertain,not_evaluable_ambiguous_palette_composition,blue_purple,0.4031219110726926,red_pink,blue_purple,0.5973357364076675,0.2991651251606639,0.10395678591202867,True
34978,Talinum paniculatum,mixed_uncertain,not_evaluable_ambiguous_palette_composition,red_pink,0.3977802991084429,white,red_pink,0.6952763650844637,0.300233727198263,0.0975465719101799,True
34982,Talinum paniculatum,mixed_uncertain,not_evaluable_ambiguous_palette_composition,red_pink,0.45403532041787587,white,red_pink,0.6087180278633414,0.30640379365888776,0.1476315267589881,True
34983,Talinum paniculatum,mixed_uncertain,not_evaluable_ambiguous_palette_composition,red_pink,0.3637324365435813,white,red_pink,0.6387602919353743,0.19134749839189027,0.172384938151691,True
35015,Tillandsia tenuifolia,mixed_uncertain,not_evaluable_ambiguous_palette_composition,red_pink,0.3402533228285047,white,red_pink,0.6513829260011325,0.1632641862181344,0.17698913661037027,True
35021,Tillandsia tenuifolia,mixed_uncertain,not_evaluable_ambiguous_palette_composition,red_pink,0.4108375818525323,white,red_pink,0.6652848197709016,0.2943402277543648,0.11649735409816747,True
35025,Tillandsia tenuifolia,mixed_uncertain,not_evaluable_ambiguous_palette_composition,white,0.4615801161795159,white,yellow_orange,0.4038469026217937,0.2249653991986192,0.2366147169808967,True
35045,Tillandsia tenuifolia,mixed_uncertain,not_evaluable_ambiguous_palette_composition,red_pink,0.46640771878037346,red_pink,blue_purple,0.3466439570736505,0.40426447600254617,0.06214324277782729,True
35052,Tillandsia tenuifolia,mixed_uncertain,not_evaluable_ambiguous_palette_composition,red_pink,0.3867506360567818,white,red_pink,0.6133698858801068,0.199911925151376,0.18683871090540577,True
35055,Tillandsia tenuifolia,mixed_uncertain,not_evaluable_ambiguous_palette_composition,red_pink,0.3209538630328132,white,red_pink,0.7039379176057503,0.1968203514047375,0.1241335116280757,True
35063,Tillandsia tenuifolia,mixed_uncertain,not_evaluable_ambiguous_palette_composition,red_pink,0.344658312466333,white,red_pink,0.6820666340845962,0.2113509765326723,0.1333073359336607,True
35068,Tillandsia tenuifolia,mixed_uncertain,not_evaluable_ambiguous_palette_composition,red_pink,0.3774240441341014,white,red_pink,0.6455981258762107,0.2243873883244767,0.15303665580962472,True
35088,Tillandsia tenuifolia,mixed_uncertain,not_evaluable_ambiguous_palette_composition,red_pink,0.37060315182754816,red_pink,blue_purple,0.48531163790937676,0.17690039974598196,0.1937027520815662,True
35110,Tripolium pannonicum,mixed_uncertain,not_evaluable_ambiguous_palette_composition,red_pink,0.36856338611862427,white,red_pink,0.7146858764318517,0.2759488252808098,0.0926145608378145,True
35112,Tripolium pannonicum,mixed_uncertain,not_evaluable_ambiguous_palette_composition,blue_purple,0.26086927027167,white,blue_purple,0.7516820151259288,0.14750491281289935,0.11336435745877066,True
35113,Tripolium pannonicum,mixed_uncertain,not_evaluable_ambiguous_palette_composition,white,0.45264066161011995,white,blue_purple,0.44746124711843105,0.233579161801883,0.21906149980823694,True
35118,Tripolium pannonicum,mixed_uncertain,not_evaluable_ambiguous_palette_composition,red_pink,0.3975622563402266,white,red_pink,0.6264529030367912,0.23608714973348024,0.16147510660674638,True
35124,Tripolium pannonicum,mixed_uncertain,not_evaluable_ambiguous_palette_composition,white,0.47561324764759566,white,yellow_orange,0.3872016257667465,0.2772657427729278,0.19834750487466785,True
35129,Tripolium pannonicum,mixed_uncertain,not_evaluable_ambiguous_palette_composition,yellow_orange,0.4875373253176197,white,yellow_orange,0.5279284260426864,0.12539201788399562,0.36214530743362405,True
35142,Tripolium pannonicum,mixed_uncertain,not_evaluable_ambiguous_palette_composition,blue_purple,0.4609043955196722,white,blue_purple,0.5948150348475629,0.29861685734043925,0.16228753817923297,True
35151,Tripolium pannonicum,mixed_uncertain,not_evaluable_ambiguous_palette_composition,white,0.4174611443155059,white,yellow_orange,0.3644448439115956,0.20488896440241802,0.21257217991308788,True
35172,Tripolium pannonicum,mixed_uncertain,not_evaluable_ambiguous_palette_composition,blue_purple,0.44944561134613337,white,blue_purple,0.5415704318762565,0.21027859789286,0.23916701345327337,True
35177,Tripolium pannonicum,mixed_uncertain,not_evaluable_ambiguous_palette_composition,blue_purple,0.39317274196577273,white,blue_purple,0.5747423914256213,0.1371456138333753,0.2560271281323974,True
35184,Tripolium pannonicum,mixed_uncertain,not_evaluable_ambiguous_palette_composition,white,0.5080850709992211,white,blue_purple,0.4960664262872476,0.2709144125075813,0.23717065849163976,True
35187,Tripolium pannonicum,mixed_uncertain,not_evaluable_ambiguous_palette_composition,yellow_orange,0.4372353270292229,white,yellow_orange,0.571954709551456,0.09315142678268959,0.34408390024653335,True
35190,Tripolium pannonicum,mixed_uncertain,not_evaluable_ambiguous_palette_composition,white,0.46984091138544015,white,yellow_orange,0.40130229450552185,0.24565094933984125,0.2241899620455989,True
35192,Tripolium pannonicum,mixed_uncertain,not_evaluable_ambiguous_palette_composition,red_pink,0.39724147952703687,red_pink,blue_purple,0.4223512961538852,0.2783519643006653,0.11888951522637159,True
35195,Tripolium pannonicum,mixed_uncertain,not_evaluable_ambiguous_palette_composition,blue_purple,0.4189417397894202,white,blue_purple,0.5600435130931011,0.17374691839232112,0.24519482139709906,True
35315,Veronica cymbalaria,mixed_uncertain,not_evaluable_ambiguous_palette_composition,yellow_orange,0.5275905461180525,white,yellow_orange,0.503694754430751,0.18168065627634147,0.345909889841711,True
35399,Veronica cymbalaria,mixed_uncertain,not_evaluable_ambiguous_palette_composition,white,0.450180316183896,white,yellow_orange,0.4481785428143477,0.05092509913328144,0.3992552170506145,True
35401,Veronica longifolia,mixed_uncertain,not_evaluable_ambiguous_palette_composition,blue_purple,0.5336863553161232,white,blue_purple,0.5407277792828029,0.3556069013632173,0.17807945395290586,True
35418,Veronica longifolia,mixed_uncertain,not_evaluable_ambiguous_palette_composition,blue_purple,0.5113654927400122,white,blue_purple,0.550987955117698,0.331853188353856,0.17951230438615617,True
35427,Veronica longifolia,mixed_uncertain,not_evaluable_ambiguous_palette_composition,blue_purple,0.5223165883484783,white,blue_purple,0.5536256570654591,0.35102660503522126,0.171289983313257,True
35440,Veronica longifolia,mixed_uncertain,not_evaluable_ambiguous_palette_composition,blue_purple,0.5494559553592687,white,yellow_orange,0.5002829330117742,0.3055907041419892,0.24386525121727953,True
35447,Veronica longifolia,mixed_uncertain,not_evaluable_ambiguous_palette_composition,blue_purple,0.5443523543973852,white,blue_purple,0.5036479067577134,0.3336926961017652,0.21065965829561994,True
35456,Veronica longifolia,mixed_uncertain,not_evaluable_ambiguous_palette_composition,white,0.4101559944921663,white,blue_purple,0.43869563181103677,0.15406334751211026,0.256092646980056,True
35462,Veronica longifolia,mixed_uncertain,not_evaluable_ambiguous_palette_composition,blue_purple,0.4368346273124586,white,blue_purple,0.5296425363719673,0.15723426851043984,0.2796003588020187,True
35471,Veronica longifolia,mixed_uncertain,not_evaluable_ambiguous_palette_composition,white,0.512524374374436,white,blue_purple,0.4845900064245649,0.2938964497572821,0.2186279246171539,True
35472,Veronica longifolia,mixed_uncertain,not_evaluable_ambiguous_palette_composition,blue_purple,0.38592372956142257,white,blue_purple,0.5841010163101998,0.13809963731240624,0.24782409224901633,True
35486,Veronica longifolia,mixed_uncertain,not_evaluable_ambiguous_palette_composition,blue_purple,0.5194669897614357,white,blue_purple,0.522323571747608,0.31390225527849935,0.20556473448293633,True
35498,Veronica longifolia,mixed_uncertain,not_evaluable_ambiguous_palette_composition,blue_purple,0.501091800531405,white,blue_purple,0.5223609340154689,0.28250391632326033,0.21858788420814468,True
35503,Vitex agnus-castus,mixed_uncertain,not_evaluable_ambiguous_palette_composition,blue_purple,0.4155376957069217,white,blue_purple,0.6152424418303762,0.24804404355142498,0.1674936521554967,True
35518,Vitex agnus-castus,mixed_uncertain,not_evaluable_ambiguous_palette_composition,blue_purple,0.397550056607363,white,blue_purple,0.6849818613161617,0.28903344696416566,0.10851660964319731,True
35519,Vitex agnus-castus,mixed_uncertain,not_evaluable_ambiguous_palette_composition,blue_purple,0.5279036233660761,white,blue_purple,0.5635986464994363,0.3683709866984921,0.159532636667584,True
35524,Vitex agnus-castus,mixed_uncertain,not_evaluable_ambiguous_palette_composition,blue_purple,0.4044849811889559,white,blue_purple,0.6227113636688641,0.23819239031990386,0.16629259086905207,True
35529,Vitex agnus-castus,mixed_uncertain,not_evaluable_ambiguous_palette_composition,white,0.45337555189017625,white,yellow_orange,0.30414382853872857,0.3367670820118315,0.11660846987834478,True
35535,Vitex agnus-castus,mixed_uncertain,not_evaluable_ambiguous_palette_composition,blue_purple,0.3670327660700007,white,blue_purple,0.5974509538379834,0.11423983562181027,0.2527929304481904,True
35538,Vitex agnus-castus,mixed_uncertain,not_evaluable_ambiguous_palette_composition,blue_purple,0.4227306086729434,white,blue_purple,0.5145134315687783,0.04173809952126135,0.38099250915168204,True
35552,Vitex agnus-castus,mixed_uncertain,not_evaluable_ambiguous_palette_composition,blue_purple,0.5243365563733188,white,blue_purple,0.5446797326216688,0.34536595401569103,0.17897060235762774,True
35560,Vitex agnus-castus,mixed_uncertain,not_evaluable_ambiguous_palette_composition,blue_purple,0.46606403784974343,white,blue_purple,0.51528289488213,0.20203237526833773,0.2640316625814057,True
35565,Vitex agnus-castus,mixed_uncertain,not_evaluable_ambiguous_palette_composition,blue_purple,0.5145337599832376,white,blue_purple,0.6031419444787778,0.382751011058678,0.1317827489245596,True
35566,Vitex agnus-castus,mixed_uncertain,not_evaluable_ambiguous_palette_composition,white,0.5161665380861853,white,blue_purple,0.484146682762859,0.3007394571309359,0.21542708095524937,True
35575,Vitex agnus-castus,mixed_uncertain,not_evaluable_ambiguous_palette_composition,blue_purple,0.3534151757958147,white,blue_purple,0.5952611198729723,0.04373452578725456,0.30968065000856015,True
35577,Vitex agnus-castus,mixed_uncertain,not_evaluable_ambiguous_palette_composition,blue_purple,0.47582357781379286,white,blue_purple,0.5445372039905885,0.26581842111188414,0.21000515670190872,True
35578,Vitex agnus-castus,mixed_uncertain,not_evaluable_ambiguous_palette_composition,blue_purple,0.382583359011342,white,blue_purple,0.5663716375676796,0.07208549924013881,0.3104978597712032,True
35608,Xanthorhiza simplicissima,mixed_uncertain,not_evaluable_ambiguous_palette_composition,red_pink,0.4023184175572766,red_pink,blue_purple,0.4549364211622702,0.2620443264406085,0.1402740911166681,True
35620,Xanthorhiza simplicissima,mixed_uncertain,not_evaluable_ambiguous_palette_composition,red_pink,0.4813164267236739,white,red_pink,0.5067053067012656,0.23072028341608003,0.2505961433075939,True
35639,Xanthorhiza simplicissima,mixed_uncertain,not_evaluable_ambiguous_palette_composition,red_pink,0.3547390841923027,white,red_pink,0.7013154540744365,0.24581091163119323,0.10892817256110948,True
35643,Xanthorhiza simplicissima,mixed_uncertain,not_evaluable_ambiguous_palette_composition,white,0.5131945378412164,white,red_pink,0.3936348109352062,0.38697500700101034,0.12621953084020604,True
35681,Xanthorhiza simplicissima,mixed_uncertain,not_evaluable_ambiguous_palette_composition,red_pink,0.5465441270631962,white,red_pink,0.5257414996781868,0.3657630151169924,0.18078111194620383,True
35778,Hepatica acutiloba,mixed_uncertain,not_evaluable_ambiguous_palette_composition,blue_purple,0.4941494984657271,white,blue_purple,0.5069858710345525,0.24838381024393133,0.24576568822179576,True
35820,Bellis annua,mixed_uncertain,not_evaluable_ambiguous_palette_composition,white,0.3901700677463347,white,yellow_orange,0.3087953364029824,0.2392813239945467,0.150888743751788,True
35852,Bellis annua,mixed_uncertain,not_evaluable_ambiguous_palette_composition,white,0.44883009701986043,white,yellow_orange,0.34346920831982,0.2897314431855374,0.15909865383432303,True
35900,Loeselia glandulosa,mixed_uncertain,not_evaluable_ambiguous_palette_composition,red_pink,0.33979588675037603,red_pink,blue_purple,0.3693015311105374,0.2324878856300579,0.10730800112031813,True
35909,Loeselia glandulosa,mixed_uncertain,not_evaluable_ambiguous_palette_composition,red_pink,0.34293102857567914,white,red_pink,0.7503582690467512,0.2681484272594503,0.07478260131622883,True
35914,Loeselia glandulosa,mixed_uncertain,not_evaluable_ambiguous_palette_composition,red_pink,0.4940352300331987,yellow_orange,red_pink,0.8031136634534237,0.4671633969038835,0.026871833129315237,False
35916,Loeselia glandulosa,mixed_uncertain,not_evaluable_ambiguous_palette_composition,red_pink,0.46345958924272246,white,red_pink,0.5768026138073934,0.2889101203665421,0.17454946887618034,True
35917,Loeselia glandulosa,mixed_uncertain,not_evaluable_ambiguous_palette_composition,red_pink,0.3540648777362432,red_pink,blue_purple,0.4078860328784941,0.2246077188118401,0.12945715892440307,True
35919,Loeselia glandulosa,mixed_uncertain,not_evaluable_ambiguous_palette_composition,yellow_orange,0.3955251413146246,yellow_orange,blue_purple,0.42143224446085725,0.1416530060077397,0.2538721353068849,True
35927,Loeselia glandulosa,mixed_uncertain,not_evaluable_ambiguous_palette_composition,red_pink,0.39920015923567304,white,red_pink,0.5912463525724159,0.19195405690808903,0.207246102327584,True
35931,Loeselia glandulosa,mixed_uncertain,not_evaluable_ambiguous_palette_composition,red_pink,0.4324423641776511,white,red_pink,0.5802959571169303,0.2404990868432089,0.1919432773344422,True
35938,Loeselia glandulosa,mixed_uncertain,not_evaluable_ambiguous_palette_composition,blue_purple,0.4282512055202759,white,blue_purple,0.5637878615558526,0.20134052609553071,0.2269106794247452,True
35940,Loeselia glandulosa,mixed_uncertain,not_evaluable_ambiguous_palette_composition,blue_purple,0.4227121826282387,white,blue_purple,0.5853900558690776,0.22276386372047743,0.19994831890776124,True
35943,Loeselia glandulosa,mixed_uncertain,not_evaluable_ambiguous_palette_composition,red_pink,0.3792720663966573,red_pink,blue_purple,0.48025013903002756,0.1999873813620534,0.17928468503460387,True
35945,Loeselia glandulosa,mixed_uncertain,not_evaluable_ambiguous_palette_composition,red_pink,0.32588483291293324,red_pink,blue_purple,0.4124929765030683,0.17200527053781245,0.1538795623751208,True
35954,Loeselia glandulosa,mixed_uncertain,not_evaluable_ambiguous_palette_composition,blue_purple,0.4604535655578415,red_pink,blue_purple,0.5294746742587234,0.335154390876854,0.1252991746809875,True
35963,Loeselia glandulosa,mixed_uncertain,not_evaluable_ambiguous_palette_composition,red_pink,0.42281843512875616,yellow_orange,red_pink,0.5743686823414419,0.24096585871569376,0.1818525764130624,True
35965,Loeselia glandulosa,mixed_uncertain,not_evaluable_ambiguous_palette_composition,blue_purple,0.34412491904579395,red_pink,blue_purple,0.6053207571974439,0.21973004510997793,0.12439487393581602,True
35966,Loeselia glandulosa,mixed_uncertain,not_evaluable_ambiguous_palette_composition,red_pink,0.4815216078679934,red_pink,blue_purple,0.41187317390888384,0.3943070058914884,0.08721460197650499,True
35972,Loeselia glandulosa,mixed_uncertain,not_evaluable_ambiguous_palette_composition,red_pink,0.46347069393562407,white,red_pink,0.5586308598473586,0.2682520719206949,0.19521862201492918,True
35975,Loeselia glandulosa,mixed_uncertain,not_evaluable_ambiguous_palette_composition,red_pink,0.4529488259459042,white,red_pink,0.5889944336435669,0.2851220659725155,0.1678267599733887,True
35978,Loeselia glandulosa,mixed_uncertain,not_evaluable_ambiguous_palette_composition,red_pink,0.4581846315227063,red_pink,blue_purple,0.4950726090035207,0.3155491556411333,0.142635475881573,True
35979,Loeselia glandulosa,mixed_uncertain,not_evaluable_ambiguous_palette_composition,white,0.45030774754454206,white,blue_purple,0.4791646980010332,0.17434616915628903,0.275961578388253,True
35987,Loeselia glandulosa,mixed_uncertain,not_evaluable_ambiguous_palette_composition,blue_purple,0.3687951605411852,red_pink,blue_purple,0.5684813949900515,0.22839494831405494,0.14040021222713028,True
35991,Loeselia glandulosa,mixed_uncertain,not_evaluable_ambiguous_palette_composition,red_pink,0.4094333877439974,white,red_pink,0.6570266319519329,0.2852728868445333,0.12416050089946412,True
35993,Loeselia glandulosa,mixed_uncertain,not_evaluable_ambiguous_palette_composition,red_pink,0.4683757027597441,white,red_pink,0.5736695948616299,0.29342529583258836,0.17495040692715574,True
36004,Salvia lavanduloides,mixed_uncertain,not_evaluable_ambiguous_palette_composition,blue_purple,0.44609467577088563,white,blue_purple,0.6125331696111218,0.2937413035982469,0.15235337217263872,True
36007,Salvia lavanduloides,mixed_uncertain,not_evaluable_ambiguous_palette_composition,blue_purple,0.5035331338870315,white,blue_purple,0.5108469557392895,0.2718521215571757,0.23168101232985577,True
36011,Salvia lavanduloides,mixed_uncertain,not_evaluable_ambiguous_palette_composition,blue_purple,0.3657562245430648,white,blue_purple,0.6491485728175955,0.20336624785067678,0.162389976692388,True
36019,Salvia lavanduloides,mixed_uncertain,not_evaluable_ambiguous_palette_composition,blue_purple,0.41674542533153774,white,blue_purple,0.5374571623879042,0.1142292974065655,0.30251612792497223,True
36037,Salvia lavanduloides,mixed_uncertain,not_evaluable_ambiguous_palette_composition,blue_purple,0.4146984937164749,white,blue_purple,0.5404867962801762,0.11594718399814484,0.29875130971833,True
36046,Salvia lavanduloides,mixed_uncertain,not_evaluable_ambiguous_palette_composition,blue_purple,0.5021021862651849,white,blue_purple,0.5657374758267618,0.33244499677484607,0.1696571894903388,True
36076,Salvia lavanduloides,mixed_uncertain,not_evaluable_ambiguous_palette_composition,white,0.5426327541885126,white,blue_purple,0.4986408639589009,0.3282862372368967,0.21434651695161594,True
36082,Salvia lavanduloides,mixed_uncertain,not_evaluable_ambiguous_palette_composition,blue_purple,0.538193538388159,white,blue_purple,0.5255887816143464,0.3473830558309657,0.1908104825571933,True
36105,Guaiacum angustifolium,mixed_uncertain,not_evaluable_ambiguous_palette_composition,red_pink,0.38976258137144504,red_pink,blue_purple,0.4146892931887422,0.27291338009718497,0.11684920127426007,True
36122,Guaiacum angustifolium,mixed_uncertain,not_evaluable_ambiguous_palette_composition,white,0.4604588780041461,white,blue_purple,0.49245593701578416,0.1730496007744723,0.2874092772296738,True
36148,Guaiacum angustifolium,mixed_uncertain,not_evaluable_ambiguous_palette_composition,blue_purple,0.420646756183346,white,blue_purple,0.5673566089498788,0.19081561728610308,0.22983113889724294,True
36156,Guaiacum angustifolium,mixed_uncertain,not_evaluable_ambiguous_palette_composition,white,0.4387568496773894,white,blue_purple,0.4550816774977513,0.1924044492505133,0.24635240042687612,True
36160,Guaiacum angustifolium,mixed_uncertain,not_evaluable_ambiguous_palette_composition,blue_purple,0.4293054902699215,white,blue_purple,0.531598925403837,0.13992930737462803,0.28937618289529343,True
36167,Guaiacum angustifolium,mixed_uncertain,not_evaluable_ambiguous_palette_composition,white,0.459872317393223,white,red_pink,0.47711451742025107,0.21109773418890773,0.24877458320431525,True
36168,Guaiacum angustifolium,mixed_uncertain,not_evaluable_ambiguous_palette_composition,red_pink,0.4062891964983104,white,red_pink,0.6253468310315188,0.24928994856158618,0.15699924793672423,True
36222,Agapanthus praecox,mixed_uncertain,not_evaluable_ambiguous_palette_composition,blue_purple,0.46126582364421126,white,blue_purple,0.5553139280479199,0.25357576975480833,0.20769005388940293,True
36225,Agapanthus praecox,mixed_uncertain,not_evaluable_ambiguous_palette_composition,white,0.5118931134646003,white,blue_purple,0.4904675326391603,0.2853519345482629,0.2265411789163374,True
36257,Agapanthus praecox,mixed_uncertain,not_evaluable_ambiguous_palette_composition,blue_purple,0.497137324072691,white,blue_purple,0.5359963387092616,0.2924053552944562,0.2047319687782348,True
36279,Agapanthus praecox,mixed_uncertain,not_evaluable_ambiguous_palette_composition,blue_purple,0.4231989757443353,white,blue_purple,0.5753747403095386,0.2091051860836362,0.21409378966069909,True
36281,Agapanthus praecox,mixed_uncertain,not_evaluable_ambiguous_palette_composition,blue_purple,0.5236731070451487,white,blue_purple,0.5739598799987512,0.37142630295369683,0.15224680409145186,True
36283,Agapanthus praecox,mixed_uncertain,not_evaluable_ambiguous_palette_composition,blue_purple,0.4958785359490008,white,blue_purple,0.5844017146410976,0.3409070651916613,0.15497147075733947,True
36292,Agapanthus praecox,mixed_uncertain,not_evaluable_ambiguous_palette_composition,blue_purple,0.5270628508939096,white,blue_purple,0.5419981597913,0.3468505111579395,0.18021233973597006,True
36301,Euphorbia nutans,mixed_uncertain,not_evaluable_ambiguous_palette_composition,white,0.47774106225698026,white,yellow_orange,0.3799343740825976,0.29061616786166794,0.18712489439531232,True
36361,Euphorbia nutans,mixed_uncertain,not_evaluable_ambiguous_palette_composition,red_pink,0.5266158293126288,white,red_pink,0.5105895155362836,0.31888790059560085,0.207727928717028,True
36382,Euphorbia nutans,mixed_uncertain,not_evaluable_ambiguous_palette_composition,white,0.4320620734887848,white,yellow_orange,0.42559300833403424,0.07915281736168664,0.3529092561270981,True
36395,Euphorbia nutans,mixed_uncertain,not_evaluable_ambiguous_palette_composition,white,0.5142924161349751,white,red_pink,0.47456749347798916,0.3152043925329405,0.1990880236020346,True
36520,Lamprocapnos spectabilis,mixed_uncertain,not_evaluable_ambiguous_palette_composition,red_pink,0.31862663158206805,white,red_pink,0.6692479731399783,0.1459639332643873,0.17266269831768075,True
36531,Lamprocapnos spectabilis,mixed_uncertain,not_evaluable_ambiguous_palette_composition,red_pink,0.46031265272409194,white,red_pink,0.5265516628918667,0.2179973423605107,0.24231531036358125,True
36576,Lamprocapnos spectabilis,mixed_uncertain,not_evaluable_ambiguous_palette_composition,red_pink,0.411441728062043,yellow_orange,red_pink,0.862655779762309,0.39587285206881256,0.015568875993230424,False
36592,Lamprocapnos spectabilis,mixed_uncertain,not_evaluable_ambiguous_palette_composition,red_pink,0.4774820047022268,white,red_pink,0.5096220512200339,0.22728671786198557,0.2501952868402412,True
36631,Persicaria nepalensis,mixed_uncertain,not_evaluable_ambiguous_palette_composition,red_pink,0.32448044667865106,white,red_pink,0.7987550466508059,0.27493721371807445,0.04954323296057661,True
36651,Persicaria nepalensis,mixed_uncertain,not_evaluable_ambiguous_palette_composition,red_pink,0.4114514400898897,white,red_pink,0.5934682328585653,0.21933119791086728,0.19212024217902243,True
36657,Persicaria nepalensis,mixed_uncertain,not_evaluable_ambiguous_palette_composition,red_pink,0.44558412629111577,white,red_pink,0.5538949247186215,0.22938473163830841,0.21619939465280735,True
36662,Persicaria nepalensis,mixed_uncertain,not_evaluable_ambiguous_palette_composition,red_pink,0.416002969916202,yellow_orange,red_pink,0.7625096198785398,0.368072291855271,0.04793067806093099,True
36674,Persicaria nepalensis,mixed_uncertain,not_evaluable_ambiguous_palette_composition,white,0.5478552351828234,white,red_pink,0.40459586385034474,0.4243944785289353,0.12346075665388812,True
36676,Persicaria nepalensis,mixed_uncertain,not_evaluable_ambiguous_palette_composition,blue_purple,0.49957024907612824,white,blue_purple,0.5287885010810449,0.28786250582162465,0.2117077432545036,True
36679,Persicaria nepalensis,mixed_uncertain,not_evaluable_ambiguous_palette_composition,white,0.5260611716848876,white,red_pink,0.4925159608594684,0.3144354012706143,0.21162577041427333,True
36682,Persicaria nepalensis,mixed_uncertain,not_evaluable_ambiguous_palette_composition,red_pink,0.32478579598109414,yellow_orange,red_pink,0.7427749232797773,0.24778879318072158,0.07699700280037255,True
36692,Persicaria nepalensis,mixed_uncertain,not_evaluable_ambiguous_palette_composition,red_pink,0.46510132567259227,white,red_pink,0.5461683369350421,0.25552423754743486,0.2095770881251574,True
36697,Persicaria nepalensis,mixed_uncertain,not_evaluable_ambiguous_palette_composition,red_pink,0.4399885969534609,white,red_pink,0.5384087118027187,0.19327362306680113,0.24671497388665975,True
36701,Androsace villosa,mixed_uncertain,not_evaluable_ambiguous_palette_composition,white,0.572184294743643,white,yellow_orange,0.3398671869122987,0.4608062174422967,0.11137807730134625,True
36715,Androsace villosa,mixed_uncertain,not_evaluable_ambiguous_palette_composition,red_pink,0.6232032385274173,white,red_pink,0.5027350978995013,0.455043812754981,0.1681594257724363,True
36727,Androsace villosa,mixed_uncertain,not_evaluable_ambiguous_palette_composition,white,0.478136067197171,white,red_pink,0.4463474543061918,0.2872762178459061,0.19085984935126488,True
36756,Androsace villosa,mixed_uncertain,not_evaluable_ambiguous_palette_composition,white,0.5123643518037985,white,yellow_orange,0.49259604347145725,0.14431500796427663,0.3680493438395218,True
36769,Androsace villosa,mixed_uncertain,not_evaluable_ambiguous_palette_composition,red_pink,0.40131387792795736,white,red_pink,0.5749418107289855,0.16902566464376215,0.23228821328419522,True
36800,Carduus carlinoides,mixed_uncertain,not_evaluable_ambiguous_palette_composition,red_pink,0.3958651169015242,white,red_pink,0.6432074025214378,0.2517205303744039,0.1441445865271203,True
36802,Carduus carlinoides,mixed_uncertain,not_evaluable_ambiguous_palette_composition,red_pink,0.2563663648261403,yellow_orange,red_pink,0.8310798265845589,0.2161274572133524,0.040238907612787894,False
36808,Carduus carlinoides,mixed_uncertain,not_evaluable_ambiguous_palette_composition,red_pink,0.39621319709028824,yellow_orange,red_pink,0.571163471286219,0.1856048080510255,0.21060838903926274,True
36810,Carduus carlinoides,mixed_uncertain,not_evaluable_ambiguous_palette_composition,red_pink,0.4420297143250028,white,red_pink,0.6017017462273304,0.2811818382369321,0.16084787608807072,True
36813,Carduus carlinoides,mixed_uncertain,not_evaluable_ambiguous_palette_composition,red_pink,0.4809342087015585,red_pink,blue_purple,0.48093761483294484,0.35657793587596603,0.12435627282559247,True
36815,Carduus carlinoides,mixed_uncertain,not_evaluable_ambiguous_palette_composition,red_pink,0.44008401415409465,white,red_pink,0.6269025177965606,0.3026573881670171,0.13742662598707756,True
36816,Carduus carlinoides,mixed_uncertain,not_evaluable_ambiguous_palette_composition,red_pink,0.32299023270077853,white,red_pink,0.6725363918722858,0.16028844100893555,0.16270179169184298,True
36817,Carduus carlinoides,mixed_uncertain,not_evaluable_ambiguous_palette_composition,red_pink,0.3860760716369929,red_pink,blue_purple,0.3656272053345884,0.29809398380572794,0.08798208783126499,True
36819,Carduus carlinoides,mixed_uncertain,not_evaluable_ambiguous_palette_composition,red_pink,0.3426257457908939,yellow_orange,red_pink,0.7576256606629782,0.27973119516701656,0.06289455062387733,True
36821,Carduus carlinoides,mixed_uncertain,not_evaluable_ambiguous_palette_composition,red_pink,0.42398282483957395,white,red_pink,0.5547048236754122,0.18537248230461378,0.23861034253496016,True
36827,Carduus carlinoides,mixed_uncertain,not_evaluable_ambiguous_palette_composition,blue_purple,0.44530335959579737,red_pink,blue_purple,0.5789365246777272,0.3441848091675488,0.10111855042824858,True
36831,Carduus carlinoides,mixed_uncertain,not_evaluable_ambiguous_palette_composition,blue_purple,0.5140544962309674,red_pink,blue_purple,0.5141471234200851,0.39744483847098233,0.11660965775998511,True
36835,Carduus carlinoides,mixed_uncertain,not_evaluable_ambiguous_palette_composition,red_pink,0.45930717052168907,white,red_pink,0.511861147714727,0.19036768079835822,0.2689394897233308,True
36848,Carduus carlinoides,mixed_uncertain,not_evaluable_ambiguous_palette_composition,red_pink,0.4362311886967708,red_pink,blue_purple,0.3971281716622879,0.345374950656782,0.09085623803998882,True
36856,Carduus carlinoides,mixed_uncertain,not_evaluable_ambiguous_palette_composition,red_pink,0.39124191148430043,white,red_pink,0.6752496094121201,0.27520450679020214,0.11603740469409829,True
36861,Carduus carlinoides,mixed_uncertain,not_evaluable_ambiguous_palette_composition,red_pink,0.43854836438334577,yellow_orange,red_pink,0.5616638662932925,0.25357434973670984,0.18497401464663593,True
36862,Carduus carlinoides,mixed_uncertain,not_evaluable_ambiguous_palette_composition,red_pink,0.51555656228016,red_pink,blue_purple,0.4828977208408459,0.4009962656412135,0.11456029663894651,True
36863,Carduus carlinoides,mixed_uncertain,not_evaluable_ambiguous_palette_composition,red_pink,0.3862418248212897,white,red_pink,0.6245378028158768,0.2140381251367116,0.1722036996845781,True
36867,Carduus carlinoides,mixed_uncertain,not_evaluable_ambiguous_palette_composition,red_pink,0.4392019932104682,white,red_pink,0.6006059062367147,0.27555465108787075,0.16364734212259746,True
36873,Carduus carlinoides,mixed_uncertain,not_evaluable_ambiguous_palette_composition,red_pink,0.3251635792713949,red_pink,blue_purple,0.23550941765806727,0.28417739437291,0.04098618489848488,True
36875,Carduus carlinoides,mixed_uncertain,not_evaluable_ambiguous_palette_composition,red_pink,0.4685722012788986,white,red_pink,0.5257887509792014,0.2338051983001122,0.2347670029787864,True
36876,Carduus carlinoides,mixed_uncertain,not_evaluable_ambiguous_palette_composition,red_pink,0.3299885846232298,red_pink,blue_purple,0.2633977917729035,0.2786626234666259,0.05132596115660387,True
36881,Carduus carlinoides,mixed_uncertain,not_evaluable_ambiguous_palette_composition,blue_purple,0.3792311236946408,red_pink,blue_purple,0.575930471788231,0.25067988874992664,0.12855123494471415,True
36892,Carduus carlinoides,mixed_uncertain,not_evaluable_ambiguous_palette_composition,red_pink,0.35724332731903014,red_pink,blue_purple,0.2574593203772318,0.3126914472844648,0.04455188003456534,True
36899,Carduus carlinoides,mixed_uncertain,not_evaluable_ambiguous_palette_composition,red_pink,0.435236321400708,red_pink,blue_purple,0.44351275566583837,0.3175834492520433,0.11765287214866471,True
36901,Ranunculus kuepferi,mixed_uncertain,not_evaluable_ambiguous_palette_composition,white,0.40267058391654204,white,yellow_orange,0.38759178050365944,0.11185185347433399,0.2908187304422081,True
37034,Medicago marina,mixed_uncertain,not_evaluable_ambiguous_palette_composition,red_pink,0.47562967597157046,white,yellow_orange,0.49623796719170427,0.2689792309089083,0.20665044506266217,True
37055,Medicago marina,mixed_uncertain,not_evaluable_ambiguous_palette_composition,yellow_orange,0.4862146215547661,white,yellow_orange,0.5178578191401307,0.06974021284312103,0.41647440871164504,True
37207,Scilla luciliae,mixed_uncertain,not_evaluable_ambiguous_palette_composition,blue_purple,0.5122634050589797,white,blue_purple,0.5233452099371129,0.30304203453314205,0.20922137052583767,True
37226,Scilla luciliae,mixed_uncertain,not_evaluable_ambiguous_palette_composition,blue_purple,0.34686584172302803,white,blue_purple,0.6066147445508843,0.06426269659529588,0.28260314512773216,True
37244,Scilla luciliae,mixed_uncertain,not_evaluable_ambiguous_palette_composition,blue_purple,0.5098985232521687,white,blue_purple,0.5934415216985727,0.36864425088418135,0.14125427236798732,True
37251,Scilla luciliae,mixed_uncertain,not_evaluable_ambiguous_palette_composition,blue_purple,0.518162744199755,white,blue_purple,0.5921804645541522,0.3789771298993838,0.13918561430037124,True
37255,Scilla luciliae,mixed_uncertain,not_evaluable_ambiguous_palette_composition,blue_purple,0.5191597689945512,white,blue_purple,0.5912777642588483,0.3796109845646331,0.13954878442991808,True
37259,Scilla luciliae,mixed_uncertain,not_evaluable_ambiguous_palette_composition,white,0.545491788030912,white,blue_purple,0.4986655251007189,0.3329630204473667,0.21252876758354533,True
37278,Scilla luciliae,mixed_uncertain,not_evaluable_ambiguous_palette_composition,blue_purple,0.5417502850168964,white,blue_purple,0.5138172911636727,0.34062651794716237,0.201123767069734,True
37287,Scilla luciliae,mixed_uncertain,not_evaluable_ambiguous_palette_composition,yellow_orange,0.47360763474572176,white,yellow_orange,0.5686631164689209,0.19745660032851933,0.27615103441720246,True
37289,Scilla luciliae,mixed_uncertain,not_evaluable_ambiguous_palette_composition,blue_purple,0.5321886594042339,white,blue_purple,0.5475653754694737,0.3599170024168388,0.17227165698739505,True
37298,Scilla luciliae,mixed_uncertain,not_evaluable_ambiguous_palette_composition,blue_purple,0.5134822383181807,white,blue_purple,0.5764227723081156,0.35910865290204624,0.1543735854161345,True
37388,Streptosolen jamesonii,mixed_uncertain,not_evaluable_ambiguous_palette_composition,red_pink,0.5887006465046816,yellow_orange,red_pink,0.6655830626213024,0.5215854430335245,0.06711520347115707,True
37412,Pulmonaria obscura,mixed_uncertain,not_evaluable_ambiguous_palette_composition,red_pink,0.4156886204880032,white,red_pink,0.630033001593856,0.2691287445341066,0.14655987595389658,True
37419,Pulmonaria obscura,mixed_uncertain,not_evaluable_ambiguous_palette_composition,blue_purple,0.36115173961801833,red_pink,blue_purple,0.6050299128374005,0.24532936755069706,0.11582237206732127,True
37426,Pulmonaria obscura,mixed_uncertain,not_evaluable_ambiguous_palette_composition,red_pink,0.4023882715969377,white,red_pink,0.579343377220541,0.1793397422256536,0.22304852937128408,True
37430,Pulmonaria obscura,mixed_uncertain,not_evaluable_ambiguous_palette_composition,red_pink,0.34444675585940066,red_pink,blue_purple,0.39719403765819505,0.21818848760692552,0.12625826825247513,True
37431,Pulmonaria obscura,mixed_uncertain,not_evaluable_ambiguous_palette_composition,red_pink,0.44679704733041964,white,red_pink,0.5654399459516865,0.24729560592209515,0.1995014414083245,True
37437,Pulmonaria obscura,mixed_uncertain,not_evaluable_ambiguous_palette_composition,red_pink,0.3780105128325162,yellow_orange,red_pink,0.5864294144243452,0.17007378543174315,0.20793672740077304,True
37454,Pulmonaria obscura,mixed_uncertain,not_evaluable_ambiguous_palette_composition,red_pink,0.4235629939455046,red_pink,blue_purple,0.49615965602359036,0.2618368584749745,0.1617261354705301,True
37459,Pulmonaria obscura,mixed_uncertain,not_evaluable_ambiguous_palette_composition,red_pink,0.37742847286977316,red_pink,blue_purple,0.45261113874557535,0.22407498070540202,0.15335349216437114,True
37460,Pulmonaria obscura,mixed_uncertain,not_evaluable_ambiguous_palette_composition,red_pink,0.373185239372524,red_pink,blue_purple,0.4807207375760632,0.18764659621023105,0.18553864316229296,True
37465,Pulmonaria obscura,mixed_uncertain,not_evaluable_ambiguous_palette_composition,blue_purple,0.37826376108322524,red_pink,blue_purple,0.5444313199436405,0.2227810107376441,0.15548275034558115,True
37475,Pulmonaria obscura,mixed_uncertain,not_evaluable_ambiguous_palette_composition,red_pink,0.41926065682623487,white,red_pink,0.6232534337388406,0.2677697668106876,0.15149089001554727,True
37476,Pulmonaria obscura,mixed_uncertain,not_evaluable_ambiguous_palette_composition,blue_purple,0.38280765246309156,red_pink,blue_purple,0.56978840871015,0.2514025188749455,0.13140513358814604,True
37483,Pulmonaria obscura,mixed_uncertain,not_evaluable_ambiguous_palette_composition,blue_purple,0.3884157265303879,white,blue_purple,0.618189340203657,0.20351186970054677,0.18490385682984115,True
37484,Pulmonaria obscura,mixed_uncertain,not_evaluable_ambiguous_palette_composition,blue_purple,0.3743727799303158,red_pink,blue_purple,0.5304520315874709,0.20218721130157563,0.17218556862874018,True
37489,Pulmonaria obscura,mixed_uncertain,not_evaluable_ambiguous_palette_composition,blue_purple,0.433256186147098,red_pink,blue_purple,0.5204288418549676,0.29008967907110317,0.14316650707599482,True
37495,Pulmonaria obscura,mixed_uncertain,not_evaluable_ambiguous_palette_composition,blue_purple,0.36618482449852036,white,blue_purple,0.6565990142242416,0.21343615424949705,0.1527486702490233,True
37498,Pulmonaria obscura,mixed_uncertain,not_evaluable_ambiguous_palette_composition,red_pink,0.4416905465297746,white,red_pink,0.5226015287575818,0.16724682429321402,0.27444372223656055,True
37604,Conoclinium betonicifolium,mixed_uncertain,not_evaluable_ambiguous_palette_composition,blue_purple,0.5091489090075657,white,blue_purple,0.5600054037192607,0.33746591617089966,0.17168299283666605,True
37619,Conoclinium betonicifolium,mixed_uncertain,not_evaluable_ambiguous_palette_composition,blue_purple,0.3841515506979411,white,blue_purple,0.6166529221748578,0.19297691080843213,0.19117463988950897,True
37628,Conoclinium betonicifolium,mixed_uncertain,not_evaluable_ambiguous_palette_composition,blue_purple,0.39903887503119095,white,blue_purple,0.6192801709417993,0.2245146523884037,0.17452422264278725,True
37635,Conoclinium betonicifolium,mixed_uncertain,not_evaluable_ambiguous_palette_composition,red_pink,0.4248470821327636,white,red_pink,0.6052800615723377,0.25738838066190894,0.16745870147085468,True
37652,Conoclinium betonicifolium,mixed_uncertain,not_evaluable_ambiguous_palette_composition,white,0.5205120387970105,white,blue_purple,0.49651296585195165,0.2929917958826541,0.22752024291435635,True
37659,Conoclinium betonicifolium,mixed_uncertain,not_evaluable_ambiguous_palette_composition,red_pink,0.41825850600685804,white,red_pink,0.5637848425072689,0.18817780823880734,0.2300806977680507,True
37691,Conoclinium betonicifolium,mixed_uncertain,not_evaluable_ambiguous_palette_composition,blue_purple,0.4143930970448643,white,blue_purple,0.5663846310589776,0.1748038666087683,0.23958923043609603,True
37725,Govenia liliacea,mixed_uncertain,not_evaluable_ambiguous_palette_composition,white,0.5155683974133426,white,yellow_orange,0.3187430282465606,0.4057287191278147,0.10983967828552788,True
37828,Salvia amarissima,mixed_uncertain,not_evaluable_ambiguous_palette_composition,yellow_orange,0.4237743688731909,white,yellow_orange,0.6110663333925611,0.17004137565279862,0.25373299322039233,True
37838,Salvia amarissima,mixed_uncertain,not_evaluable_ambiguous_palette_composition,white,0.44824398575902574,white,blue_purple,0.4721477665155472,0.18317732939736564,0.2650666563616601,True
37840,Salvia amarissima,mixed_uncertain,not_evaluable_ambiguous_palette_composition,blue_purple,0.46953975988279273,white,blue_purple,0.5001891968315427,0.18141696490804152,0.28812279497475124,True
37853,Salvia amarissima,mixed_uncertain,not_evaluable_ambiguous_palette_composition,yellow_orange,0.47930707109007936,yellow_orange,blue_purple,0.49362747692077785,0.20648026226236593,0.27282680882771343,True
37913,Salvia prunelloides,mixed_uncertain,not_evaluable_ambiguous_palette_composition,blue_purple,0.40499056537740685,yellow_orange,blue_purple,0.6283667937359649,0.24076603870922475,0.1642245266681821,True
37921,Salvia prunelloides,mixed_uncertain,not_evaluable_ambiguous_palette_composition,blue_purple,0.5263149581837645,white,blue_purple,0.5706099492663148,0.37226324433105207,0.15405171385271244,True
37956,Salvia prunelloides,mixed_uncertain,not_evaluable_ambiguous_palette_composition,yellow_orange,0.48903912610722233,white,yellow_orange,0.5845115851851165,0.2592526687006522,0.2297864574065701,True
37994,Salvia prunelloides,mixed_uncertain,not_evaluable_ambiguous_palette_composition,blue_purple,0.529304060623585,white,blue_purple,0.5555858227157308,0.36315120365655623,0.1661528569670288,True
38215,Govenia superba,mixed_uncertain,not_evaluable_ambiguous_palette_composition,white,0.5075542325181862,white,yellow_orange,0.41379308127929004,0.29506664028630775,0.21248759223187846,True
38268,Govenia superba,mixed_uncertain,not_evaluable_ambiguous_palette_composition,white,0.43090141334054727,white,yellow_orange,0.42879217752798743,0.05040890170515142,0.3804925116353958,True
38272,Govenia superba,mixed_uncertain,not_evaluable_ambiguous_palette_composition,white,0.4610257594210021,white,yellow_orange,0.4468563946877125,0.11685240381471794,0.34417335560628415,True
38324,Viola hirta,mixed_uncertain,not_evaluable_ambiguous_palette_composition,red_pink,0.44221065290339656,red_pink,blue_purple,0.4583491847546977,0.3177324983788113,0.12447815452458527,True
38334,Viola hirta,mixed_uncertain,not_evaluable_ambiguous_palette_composition,blue_purple,0.43202237663143994,white,blue_purple,0.5162499138341444,0.10463202955525613,0.3273903470761838,True
38372,Viola hirta,mixed_uncertain,not_evaluable_ambiguous_palette_composition,red_pink,0.44554870389813345,red_pink,blue_purple,0.4766008513697965,0.3102153990370464,0.13533330486108702,True
38373,Viola hirta,mixed_uncertain,not_evaluable_ambiguous_palette_composition,blue_purple,0.4201374684959885,red_pink,blue_purple,0.5028595376454832,0.25540114691453275,0.16473632158145574,True
38390,Viola hirta,mixed_uncertain,not_evaluable_ambiguous_palette_composition,blue_purple,0.36139287610811044,white,blue_purple,0.6013022101187778,0.10610981310084766,0.2552830630072628,True
38441,Hofmeisteria fasciculata,mixed_uncertain,not_evaluable_ambiguous_palette_composition,white,0.5533000252314415,white,yellow_orange,0.29388728640612777,0.4691620693762377,0.08413795585520378,True
38457,Hofmeisteria fasciculata,mixed_uncertain,not_evaluable_ambiguous_palette_composition,red_pink,0.4398168933967613,white,red_pink,0.562693915406601,0.23067475211905153,0.20914214127770975,True
38470,Hofmeisteria fasciculata,mixed_uncertain,not_evaluable_ambiguous_palette_composition,red_pink,0.4334830916810361,white,red_pink,0.5726937505069211,0.23242067486934773,0.20106241681168838,True
38475,Hofmeisteria fasciculata,mixed_uncertain,not_evaluable_ambiguous_palette_composition,white,0.46493955330766795,white,yellow_orange,0.307402740634208,0.3493513657386895,0.11558818756897843,True
38476,Hofmeisteria fasciculata,mixed_uncertain,not_evaluable_ambiguous_palette_composition,red_pink,0.4622735754842835,white,red_pink,0.5203354183300214,0.2121025609095972,0.25017101457468627,True
38486,Hofmeisteria fasciculata,mixed_uncertain,not_evaluable_ambiguous_palette_composition,red_pink,0.4680205622976238,white,red_pink,0.5298197988061002,0.2386203795704535,0.22940018272717028,True
38489,Hofmeisteria fasciculata,mixed_uncertain,not_evaluable_ambiguous_palette_composition,white,0.5304911669105068,white,yellow_orange,0.2797576250542191,0.4510724257823267,0.07941874112818009,True
38491,Hofmeisteria fasciculata,mixed_uncertain,not_evaluable_ambiguous_palette_composition,red_pink,0.4734687967195044,white,red_pink,0.5398317212096342,0.26248664619413886,0.21098215052536556,True
38518,Piqueria trinervia,mixed_uncertain,not_evaluable_ambiguous_palette_composition,blue_purple,0.5395412143416427,white,blue_purple,0.519869567522037,0.34355303963986117,0.19598817470178154,True
38519,Piqueria trinervia,mixed_uncertain,not_evaluable_ambiguous_palette_composition,yellow_orange,0.4495953334113881,white,yellow_orange,0.5531196041481993,0.056783196768217754,0.39281213664317033,True
38545,Piqueria trinervia,mixed_uncertain,not_evaluable_ambiguous_palette_composition,white,0.42441594724963233,white,yellow_orange,0.4036947380828405,0.13343356507328114,0.2909823821763512,True
38570,Piqueria trinervia,mixed_uncertain,not_evaluable_ambiguous_palette_composition,white,0.45457269110689436,white,yellow_orange,0.45047762640180816,0.06715260547105083,0.3874200856358435,True
38588,Piqueria trinervia,mixed_uncertain,not_evaluable_ambiguous_palette_composition,yellow_orange,0.5165221838934413,white,yellow_orange,0.5136953505162911,0.17674567009889172,0.33977651379454954,True
38604,Embothrium coccineum,mixed_uncertain,not_evaluable_ambiguous_palette_composition,red_pink,0.6712038297983738,yellow_orange,red_pink,0.7311110304485264,0.6343021280097808,0.03690170178859298,True
38609,Embothrium coccineum,mixed_uncertain,not_evaluable_ambiguous_palette_composition,red_pink,0.6227878328649421,yellow_orange,red_pink,0.7279567338965005,0.5818525474302789,0.04093528543466318,True
38660,Embothrium coccineum,mixed_uncertain,not_evaluable_ambiguous_palette_composition,red_pink,0.5881734555455518,yellow_orange,red_pink,0.7655393429837313,0.5561649982802508,0.032008457265300994,True
38678,Embothrium coccineum,mixed_uncertain,not_evaluable_ambiguous_palette_composition,blue_purple,0.5304161300962361,white,blue_purple,0.5510941640724102,0.3606171696519737,0.1697989604442624,True
38680,Embothrium coccineum,mixed_uncertain,not_evaluable_ambiguous_palette_composition,red_pink,0.6231573705233339,yellow_orange,red_pink,0.7358833290963659,0.5846747778865358,0.038482592636798096,True
38700,Geranium macrorrhizum,mixed_uncertain,not_evaluable_ambiguous_palette_composition,red_pink,0.4296292697632101,red_pink,blue_purple,0.4687336470805975,0.2926602819091681,0.136968987854042,True
38735,Geranium macrorrhizum,mixed_uncertain,not_evaluable_ambiguous_palette_composition,red_pink,0.43840609606344483,red_pink,blue_purple,0.467009997077493,0.3065858577139111,0.1318202383495337,True
38748,Geranium macrorrhizum,mixed_uncertain,not_evaluable_ambiguous_palette_composition,red_pink,0.4780105785139691,white,red_pink,0.5105864166187774,0.22990682984816732,0.2481037486658018,True
38753,Geranium macrorrhizum,mixed_uncertain,not_evaluable_ambiguous_palette_composition,red_pink,0.3630752670127353,red_pink,blue_purple,0.34317160377107986,0.28070589733254464,0.08236936968019065,True
38775,Geranium macrorrhizum,mixed_uncertain,not_evaluable_ambiguous_palette_composition,blue_purple,0.4843147506478049,red_pink,blue_purple,0.6030144739810492,0.40447248409693154,0.07984226655087334,True
38777,Geranium macrorrhizum,mixed_uncertain,not_evaluable_ambiguous_palette_composition,red_pink,0.41088258045508846,white,red_pink,0.6130536564597998,0.24296880490738496,0.1679137755477035,True
38782,Geranium macrorrhizum,mixed_uncertain,not_evaluable_ambiguous_palette_composition,red_pink,0.4191421414339422,red_pink,blue_purple,0.47378382778582545,0.2731402425937267,0.14600189884021547,True
38786,Geranium macrorrhizum,mixed_uncertain,not_evaluable_ambiguous_palette_composition,red_pink,0.39681685148812473,white,red_pink,0.7284867665073416,0.32157015929304883,0.0752466921950759,True
38796,Geranium macrorrhizum,mixed_uncertain,not_evaluable_ambiguous_palette_composition,red_pink,0.4312621510664113,red_pink,blue_purple,0.4394523932954249,0.3146902523069914,0.11657189875941992,True
38808,Epacris longiflora,mixed_uncertain,not_evaluable_ambiguous_palette_composition,red_pink,0.34213665890865436,white,red_pink,0.6518417284185083,0.1678534406303008,0.17428321827835355,True
38813,Epacris longiflora,mixed_uncertain,not_evaluable_ambiguous_palette_composition,red_pink,0.42992958023733474,white,red_pink,0.505836045883581,0.07600251032579047,0.35392706991154427,True
38821,Epacris longiflora,mixed_uncertain,not_evaluable_ambiguous_palette_composition,red_pink,0.41669807129428027,white,red_pink,0.6413646004975436,0.2816461963424461,0.13505187495183418,True
38830,Epacris longiflora,mixed_uncertain,not_evaluable_ambiguous_palette_composition,red_pink,0.3858246631412629,white,red_pink,0.6813265809226683,0.27275463952719203,0.11307002361407087,True
38831,Epacris longiflora,mixed_uncertain,not_evaluable_ambiguous_palette_composition,red_pink,0.38990568936320824,white,red_pink,0.5633266326882865,0.11047114171528631,0.2794345476479219,True
38841,Epacris longiflora,mixed_uncertain,not_evaluable_ambiguous_palette_composition,red_pink,0.41212550922425983,white,red_pink,0.5605876211289907,0.1681228740354427,0.24400263518881712,True
38846,Epacris longiflora,mixed_uncertain,not_evaluable_ambiguous_palette_composition,red_pink,0.40007612809239435,white,red_pink,0.6182731794894603,0.23067772143454843,0.16939840665784592,True
38866,Epacris longiflora,mixed_uncertain,not_evaluable_ambiguous_palette_composition,red_pink,0.4387701646979557,white,red_pink,0.5272237781312359,0.16917653370710892,0.26959363099084677,True
38882,Epacris longiflora,mixed_uncertain,not_evaluable_ambiguous_palette_composition,red_pink,0.4529815553614133,white,red_pink,0.5581767672195583,0.24910299215670503,0.2038785632047083,True
38890,Epacris longiflora,mixed_uncertain,not_evaluable_ambiguous_palette_composition,red_pink,0.3341437670267223,white,red_pink,0.625793707998356,0.0947207034202829,0.23942306360643945,True
38900,Acacia linifolia,mixed_uncertain,not_evaluable_ambiguous_palette_composition,white,0.6223642708109044,white,yellow_orange,0.3388577797767002,0.5224626173269367,0.09990165348396773,True
39091,Billardiera scandens,mixed_uncertain,not_evaluable_ambiguous_palette_composition,white,0.47307009666624805,white,blue_purple,0.38123765848010016,0.3386353304295968,0.13443476623665124,True
39176,Correa reflexa,mixed_uncertain,not_evaluable_ambiguous_palette_composition,white,0.5634614465325957,white,red_pink,0.4975197615489619,0.3687621057241458,0.19469934080844986,True
39208,Leucopogon microphyllus,mixed_uncertain,not_evaluable_ambiguous_palette_composition,white,0.500689877905286,white,yellow_orange,0.44148179967244927,0.23781431234344708,0.2628755655618389,True
39211,Leucopogon microphyllus,mixed_uncertain,not_evaluable_ambiguous_palette_composition,white,0.49146814585213433,white,yellow_orange,0.2595871886834879,0.41763878351011724,0.07382936234201709,True
39261,Leucopogon microphyllus,mixed_uncertain,not_evaluable_ambiguous_palette_composition,white,0.5797281559198044,white,yellow_orange,0.3260834516635976,0.4797657675512375,0.09996238836856691,True
39291,Leucopogon microphyllus,mixed_uncertain,not_evaluable_ambiguous_palette_composition,red_pink,0.4633427157287262,white,red_pink,0.5129645224014617,0.2018718280633321,0.2614708876653941,True
39366,Hydrocotyle hirta,mixed_uncertain,not_evaluable_ambiguous_palette_composition,white,0.4555840669674732,white,yellow_orange,0.45007860982518394,0.07607823305162051,0.3795058339158527,True
39487,Pterostylis pedunculata,mixed_uncertain,not_evaluable_ambiguous_palette_composition,white,0.4709318950119521,white,yellow_orange,0.35285258509782735,0.31267349630757196,0.15825839870438013,True
39546,Gompholobium huegelii,mixed_uncertain,not_evaluable_ambiguous_palette_composition,yellow_orange,0.5050952773233806,white,yellow_orange,0.511601483785575,0.1324095325931548,0.37268574473022575,True
39713,Polycalymma stuartii,mixed_uncertain,not_evaluable_ambiguous_palette_composition,yellow_orange,0.5038939325765719,white,yellow_orange,0.5229878378849825,0.16513369734883718,0.3387602352277347,True
39733,Polycalymma stuartii,mixed_uncertain,not_evaluable_ambiguous_palette_composition,white,0.4284707885295715,white,yellow_orange,0.3940861176079539,0.16999431877264393,0.25847646975692756,True
39757,Polycalymma stuartii,mixed_uncertain,not_evaluable_ambiguous_palette_composition,white,0.45844803051040395,white,yellow_orange,0.4568032467955336,0.04828394790047293,0.41016408260993104,True
39775,Polycalymma stuartii,mixed_uncertain,not_evaluable_ambiguous_palette_composition,yellow_orange,0.5057256603030403,white,yellow_orange,0.5108149567917181,0.1319228418516056,0.3738028184514347,True
39786,Polycalymma stuartii,mixed_uncertain,not_evaluable_ambiguous_palette_composition,white,0.47303648770086787,white,yellow_orange,0.47274974812463316,0.03399729501427819,0.4390391926865897,True
39790,Polycalymma stuartii,mixed_uncertain,not_evaluable_ambiguous_palette_composition,white,0.4968068667554835,white,yellow_orange,0.4842278878489604,0.115189040628737,0.38161782612674655,True
39811,Tetratheca thymifolia,mixed_uncertain,not_evaluable_ambiguous_palette_composition,red_pink,0.48046430969012444,red_pink,blue_purple,0.48905551636543454,0.3509279574587579,0.12953635223136656,True
39816,Tetratheca thymifolia,mixed_uncertain,not_evaluable_ambiguous_palette_composition,blue_purple,0.5202902521142977,red_pink,blue_purple,0.5057995814789291,0.40090968488948886,0.11938056722480883,True
39821,Tetratheca thymifolia,mixed_uncertain,not_evaluable_ambiguous_palette_composition,blue_purple,0.44543815063736947,white,blue_purple,0.5060206155618521,0.12333149692122722,0.3221066537161422,True
39822,Tetratheca thymifolia,mixed_uncertain,not_evaluable_ambiguous_palette_composition,red_pink,0.4192958463383205,white,red_pink,0.6432253651928119,0.2871801527448567,0.1321156935934638,True
39826,Tetratheca thymifolia,mixed_uncertain,not_evaluable_ambiguous_palette_composition,red_pink,0.4051986503890754,red_pink,blue_purple,0.35127723307600106,0.329580800532851,0.07561784985622438,True
39831,Tetratheca thymifolia,mixed_uncertain,not_evaluable_ambiguous_palette_composition,red_pink,0.3866872679860757,red_pink,blue_purple,0.37362371113241516,0.2943986165113431,0.09228865147473264,True
39860,Tetratheca thymifolia,mixed_uncertain,not_evaluable_ambiguous_palette_composition,red_pink,0.3737550386280504,white,red_pink,0.6372116957967975,0.20780579059567178,0.1659492480323786,True
39863,Tetratheca thymifolia,mixed_uncertain,not_evaluable_ambiguous_palette_composition,red_pink,0.43590368185071604,white,blue_purple,0.6048454989436578,0.2700176651921122,0.16588601665860386,True
39880,Tetratheca thymifolia,mixed_uncertain,not_evaluable_ambiguous_palette_composition,red_pink,0.37549712642709837,red_pink,blue_purple,0.3414756646907157,0.29747784920206816,0.07801927722503021,True
39881,Tetratheca thymifolia,mixed_uncertain,not_evaluable_ambiguous_palette_composition,red_pink,0.45133569215944114,white,red_pink,0.5402395562394028,0.22069334511571603,0.2306423470437251,True
39915,Clinopodium alpinum,mixed_uncertain,not_evaluable_ambiguous_palette_composition,red_pink,0.41074624931447484,red_pink,blue_purple,0.422605205531124,0.2971445783690917,0.11360167094538315,True
39916,Clinopodium alpinum,mixed_uncertain,not_evaluable_ambiguous_palette_composition,blue_purple,0.4480519641790595,white,blue_purple,0.5578823193733049,0.23236849424676165,0.21568346993229787,True
39929,Clinopodium alpinum,mixed_uncertain,not_evaluable_ambiguous_palette_composition,red_pink,0.42712230350885105,white,red_pink,0.5880506949405645,0.240823417541477,0.18629888596737407,True
39945,Clinopodium alpinum,mixed_uncertain,not_evaluable_ambiguous_palette_composition,red_pink,0.4530050242753397,red_pink,blue_purple,0.4561553286245965,0.33394703334909537,0.1190579909262443,True
39955,Clinopodium alpinum,mixed_uncertain,not_evaluable_ambiguous_palette_composition,red_pink,0.4050762560633576,red_pink,blue_purple,0.38210732099194494,0.3135974997837381,0.09147875627961954,True
40014,Turnera subulata,mixed_uncertain,not_evaluable_ambiguous_palette_composition,yellow_orange,0.5153520533280935,white,yellow_orange,0.5114021661720587,0.16674778025916803,0.3486042730689255,True
40062,Turnera subulata,mixed_uncertain,not_evaluable_ambiguous_palette_composition,white,0.4708263647403444,white,yellow_orange,0.4293413425666961,0.19512330326345256,0.27570306147689183,True
40068,Turnera subulata,mixed_uncertain,not_evaluable_ambiguous_palette_composition,yellow_orange,0.5214251967294169,white,yellow_orange,0.5027189394949388,0.15992058533030476,0.36150461139911216,True
40108,Andryala integrifolia,mixed_uncertain,not_evaluable_ambiguous_palette_composition,yellow_orange,0.44915229046470473,white,yellow_orange,0.5592326166046906,0.09072415177045567,0.35842813869424905,True
40140,Andryala integrifolia,mixed_uncertain,not_evaluable_ambiguous_palette_composition,yellow_orange,0.46437515552953573,white,yellow_orange,0.5485884769563946,0.11259879485810026,0.3517763606714355,True
40165,Andryala integrifolia,mixed_uncertain,not_evaluable_ambiguous_palette_composition,yellow_orange,0.5226178337882473,white,yellow_orange,0.502593190144069,0.16338657154572028,0.35923126224252705,True
40318,Convolvulus elegantissimus,mixed_uncertain,not_evaluable_ambiguous_palette_composition,red_pink,0.4382385238564464,white,red_pink,0.5745231924882789,0.24353391984274286,0.19470460401370354,True
40326,Convolvulus elegantissimus,mixed_uncertain,not_evaluable_ambiguous_palette_composition,red_pink,0.45238034931983884,white,red_pink,0.6300122492127566,0.32290861310697894,0.1294717362128599,True
40347,Convolvulus elegantissimus,mixed_uncertain,not_evaluable_ambiguous_palette_composition,red_pink,0.4959394495637235,white,red_pink,0.5284915173744928,0.2879846908678125,0.207954758695911,True
40353,Convolvulus elegantissimus,mixed_uncertain,not_evaluable_ambiguous_palette_composition,red_pink,0.42006042480291944,white,red_pink,0.6291500652363202,0.27496251526290566,0.14509790954001378,True
40373,Convolvulus elegantissimus,mixed_uncertain,not_evaluable_ambiguous_palette_composition,white,0.5486965231285474,white,red_pink,0.47652215299619183,0.36682666761998317,0.18186985550856427,True
40379,Convolvulus elegantissimus,mixed_uncertain,not_evaluable_ambiguous_palette_composition,red_pink,0.35202267363720857,white,red_pink,0.6852455823872189,0.22643908260974405,0.12558359102746453,True
40382,Convolvulus elegantissimus,mixed_uncertain,not_evaluable_ambiguous_palette_composition,red_pink,0.4235465493139654,white,red_pink,0.659861466008805,0.30750054334200033,0.11604600597196507,True
40388,Convolvulus elegantissimus,mixed_uncertain,not_evaluable_ambiguous_palette_composition,red_pink,0.46113170002443565,white,red_pink,0.5368072885887776,0.2352046374896565,0.22592706253477915,True
40456,Ornithopus compressus,mixed_uncertain,not_evaluable_ambiguous_palette_composition,red_pink,0.3828630217201279,white,red_pink,0.8860941355028535,0.37022999456676436,0.012633027153363563,False
40820,Gastrodia sesamoides,mixed_uncertain,not_evaluable_ambiguous_palette_composition,white,0.6098335953037898,white,yellow_orange,0.3409584219977194,0.5060676997611009,0.10376589554268889,True
40821,Gastrodia sesamoides,mixed_uncertain,not_evaluable_ambiguous_palette_composition,white,0.4190040927624909,white,yellow_orange,0.3970308379832194,0.13621631459450992,0.28278777816798095,True
40834,Gastrodia sesamoides,mixed_uncertain,not_evaluable_ambiguous_palette_composition,white,0.5242884246354191,white,yellow_orange,0.289714345720804,0.4373513200387969,0.08693710459662224,True
40888,Gastrodia sesamoides,mixed_uncertain,not_evaluable_ambiguous_palette_composition,white,0.5929432710129868,white,yellow_orange,0.3194624764453453,0.49992940038720196,0.09301387062578487,True
40902,Echium rosulatum,mixed_uncertain,not_evaluable_ambiguous_palette_composition,blue_purple,0.4413477196160954,white,blue_purple,0.6240396596415753,0.2977692361295317,0.1435784834865637,True
40905,Echium rosulatum,mixed_uncertain,not_evaluable_ambiguous_palette_composition,red_pink,0.4064700066716647,white,red_pink,0.6078188346444047,0.2289901775685389,0.17747982910312582,True
40917,Echium rosulatum,mixed_uncertain,not_evaluable_ambiguous_palette_composition,blue_purple,0.4441759759890815,white,blue_purple,0.634739908018083,0.31164996946557955,0.13252600652350194,True
40918,Echium rosulatum,mixed_uncertain,not_evaluable_ambiguous_palette_composition,blue_purple,0.3826452171799153,white,blue_purple,0.5939520897733975,0.15043582629993657,0.23220939087997872,True
40922,Echium rosulatum,mixed_uncertain,not_evaluable_ambiguous_palette_composition,white,0.4871984608748805,white,blue_purple,0.4919583777212452,0.2359107173729789,0.25128774350190164,True
40928,Echium rosulatum,mixed_uncertain,not_evaluable_ambiguous_palette_composition,red_pink,0.33153990191877214,red_pink,blue_purple,0.34110884976377154,0.23984667418990782,0.09169322772886432,True
40942,Echium rosulatum,mixed_uncertain,not_evaluable_ambiguous_palette_composition,blue_purple,0.3139922740756617,red_pink,blue_purple,0.5907462516213409,0.15223205925580402,0.1617602148198577,True
40944,Echium rosulatum,mixed_uncertain,not_evaluable_ambiguous_palette_composition,red_pink,0.38090995909667846,red_pink,blue_purple,0.4379215444701876,0.2423635496408714,0.13854640945580707,True
40950,Echium rosulatum,mixed_uncertain,not_evaluable_ambiguous_palette_composition,red_pink,0.3183633677791939,red_pink,blue_purple,0.22203226947499807,0.2813489841170288,0.037014383662165085,True
40952,Echium rosulatum,mixed_uncertain,not_evaluable_ambiguous_palette_composition,red_pink,0.3658673608391873,white,red_pink,0.6627183724873451,0.22459507309743318,0.14127228774175413,True
40953,Echium rosulatum,mixed_uncertain,not_evaluable_ambiguous_palette_composition,blue_purple,0.32899441020551123,red_pink,blue_purple,0.5566401725355341,0.14045278220682533,0.1885416279986859,True
40954,Echium rosulatum,mixed_uncertain,not_evaluable_ambiguous_palette_composition,red_pink,0.38045574391612746,red_pink,blue_purple,0.4816777733942176,0.20068848052376417,0.1797672633923633,True
40959,Echium rosulatum,mixed_uncertain,not_evaluable_ambiguous_palette_composition,red_pink,0.3906324280180642,white,red_pink,0.6027369375945781,0.1920170359705208,0.1986153920475434,True
40962,Echium rosulatum,mixed_uncertain,not_evaluable_ambiguous_palette_composition,red_pink,0.3712065668812229,red_pink,blue_purple,0.4326794060170887,0.23129417397236748,0.1399123929088554,True
40965,Echium rosulatum,mixed_uncertain,not_evaluable_ambiguous_palette_composition,red_pink,0.4111070609631526,white,red_pink,0.5562028207252214,0.15680289615712756,0.254304164806025,True
40969,Echium rosulatum,mixed_uncertain,not_evaluable_ambiguous_palette_composition,red_pink,0.31709356219202306,red_pink,blue_purple,0.4012596368255387,0.1674792064285705,0.14961435576345256,True
40982,Echium rosulatum,mixed_uncertain,not_evaluable_ambiguous_palette_composition,red_pink,0.3666092639761959,red_pink,blue_purple,0.4403416650042764,0.21700916391451272,0.1496001000616832,True
40987,Echium rosulatum,mixed_uncertain,not_evaluable_ambiguous_palette_composition,blue_purple,0.5370592842916967,yellow_orange,blue_purple,0.777505170582615,0.5004207625056613,0.03663852178603544,True
40997,Echium rosulatum,mixed_uncertain,not_evaluable_ambiguous_palette_composition,red_pink,0.39340663681779253,white,red_pink,0.7042520483800971,0.3010514399855069,0.09235519683228566,True
41143,Serapias cordigera,mixed_uncertain,not_evaluable_ambiguous_palette_composition,white,0.49853236071911905,white,red_pink,0.4639619590124576,0.3011483270019494,0.19738403371716967,True
41151,Serapias cordigera,mixed_uncertain,not_evaluable_ambiguous_palette_composition,blue_purple,0.5172917002841931,red_pink,blue_purple,0.6473116651118255,0.4599793136984227,0.057312386585770425,True
41167,Serapias cordigera,mixed_uncertain,not_evaluable_ambiguous_palette_composition,white,0.4532917625953235,white,red_pink,0.4964870697084151,0.1572349023924064,0.2960568602029171,True
41170,Serapias cordigera,mixed_uncertain,not_evaluable_ambiguous_palette_composition,red_pink,0.3945959172526595,white,red_pink,0.8485278372323848,0.37266865617541683,0.021927261077242688,False
41184,Serapias cordigera,mixed_uncertain,not_evaluable_ambiguous_palette_composition,red_pink,0.4014881932641521,white,red_pink,0.5907702404291288,0.1959407789065152,0.20554741435763688,True
41185,Serapias cordigera,mixed_uncertain,not_evaluable_ambiguous_palette_composition,red_pink,0.4410768998220807,red_pink,blue_purple,0.43336180128304663,0.33164047465578494,0.10943642516629576,True
41538,Alyxia buxifolia,mixed_uncertain,not_evaluable_ambiguous_palette_composition,red_pink,0.4726851735952587,yellow_orange,red_pink,0.6536962421148339,0.3788438237399624,0.0938413498552963,True
41543,Alyxia buxifolia,mixed_uncertain,not_evaluable_ambiguous_palette_composition,white,0.4447355046908498,white,yellow_orange,0.297035108571909,0.3315253272597267,0.1132101774311231,True
41547,Alyxia buxifolia,mixed_uncertain,not_evaluable_ambiguous_palette_composition,red_pink,0.5927748351327707,yellow_orange,red_pink,0.7121178413387869,0.5442062396529539,0.048568595479816845,True
41571,Alyxia buxifolia,mixed_uncertain,not_evaluable_ambiguous_palette_composition,white,0.49876740550191273,white,red_pink,0.48704087172582367,0.273552252273006,0.22521515322890673,True
41596,Alyxia buxifolia,mixed_uncertain,not_evaluable_ambiguous_palette_composition,red_pink,0.617914354997617,yellow_orange,red_pink,0.7065500128632217,0.569596240837117,0.048318114160500025,True
41643,Stypandra glauca,mixed_uncertain,not_evaluable_ambiguous_palette_composition,blue_purple,0.375932467890228,white,blue_purple,0.6432171697182797,0.2139022479446516,0.1620302199455764,True
41648,Stypandra glauca,mixed_uncertain,not_evaluable_ambiguous_palette_composition,blue_purple,0.4661931549419941,white,blue_purple,0.567667775726465,0.2774978205379589,0.1886953344040352,True
41658,Stypandra glauca,mixed_uncertain,not_evaluable_ambiguous_palette_composition,red_pink,0.4714482048485183,white,blue_purple,0.5218828232563969,0.23272599857894988,0.23872220626956842,True
41696,Stypandra glauca,mixed_uncertain,not_evaluable_ambiguous_palette_composition,white,0.5263453374453205,white,blue_purple,0.4818289669041503,0.3205255866786258,0.20581975076669473,True
41705,Trachymene composita,mixed_uncertain,not_evaluable_ambiguous_palette_composition,yellow_orange,0.47254441329390157,white,yellow_orange,0.5449249191919252,0.1304783698334663,0.34206604346043523,True
41739,Trachymene composita,mixed_uncertain,not_evaluable_ambiguous_palette_composition,white,0.4471577817013782,white,yellow_orange,0.36869702218214206,0.25406820335641456,0.19308957834496365,True
41805,Pittosporum revolutum,mixed_uncertain,not_evaluable_ambiguous_palette_composition,white,0.4485511607265891,white,yellow_orange,0.41231681968785727,0.17851020743818724,0.2700409532884019,True
41828,Pittosporum revolutum,mixed_uncertain,not_evaluable_ambiguous_palette_composition,white,0.5343177995585117,white,blue_purple,0.4725294382032248,0.34330172141552684,0.19101607814298482,True
41830,Pittosporum revolutum,mixed_uncertain,not_evaluable_ambiguous_palette_composition,white,0.4266850124527755,white,yellow_orange,0.37814535125558235,0.1990783465814857,0.2276066658712898,True
41847,Pittosporum revolutum,mixed_uncertain,not_evaluable_ambiguous_palette_composition,white,0.48532980752889315,white,yellow_orange,0.48303808788471203,0.05606043210070727,0.4292693754281859,True
41884,Pittosporum revolutum,mixed_uncertain,not_evaluable_ambiguous_palette_composition,white,0.480022999789261,white,yellow_orange,0.3958202540545757,0.2727059746678517,0.20731702512140932,True
42017,Pseudognaphalium affine,mixed_uncertain,not_evaluable_ambiguous_palette_composition,red_pink,0.4952451464858551,white,yellow_orange,0.4971149024483089,0.27672718037484123,0.21851796611101387,True
42020,Pseudognaphalium affine,mixed_uncertain,not_evaluable_ambiguous_palette_composition,yellow_orange,0.49547848720169596,white,yellow_orange,0.5261735727131855,0.14790572611341254,0.3475727610882834,True
42047,Pseudognaphalium affine,mixed_uncertain,not_evaluable_ambiguous_palette_composition,white,0.5079790927188961,white,yellow_orange,0.48168466711730257,0.1641371875258543,0.3438419051930418,True
42089,Pseudognaphalium affine,mixed_uncertain,not_evaluable_ambiguous_palette_composition,yellow_orange,0.5162699463787804,white,yellow_orange,0.5555651091698286,0.26418575558867535,0.2520841907901051,True
42306,Nama hispida,mixed_uncertain,not_evaluable_ambiguous_palette_composition,red_pink,0.47772585542940293,white,red_pink,0.5502772063218087,0.28269721328605313,0.1950286421433498,True
42318,Nama hispida,mixed_uncertain,not_evaluable_ambiguous_palette_composition,red_pink,0.4204615720999035,white,red_pink,0.6153054758556187,0.26128797459513387,0.15917359750476961,True
42319,Nama hispida,mixed_uncertain,not_evaluable_ambiguous_palette_composition,red_pink,0.4577127401594257,white,red_pink,0.5238125815852415,0.20791518804604028,0.24979755211338542,True
42320,Nama hispida,mixed_uncertain,not_evaluable_ambiguous_palette_composition,red_pink,0.34673422042886315,white,red_pink,0.7606185826071659,0.2796528434132125,0.06708137701565065,True
42330,Nama hispida,mixed_uncertain,not_evaluable_ambiguous_palette_composition,blue_purple,0.4489244672354666,red_pink,blue_purple,0.5174972292809835,0.31097314663903985,0.13795132059642673,True
42334,Nama hispida,mixed_uncertain,not_evaluable_ambiguous_palette_composition,blue_purple,0.4372361223045039,white,blue_purple,0.5755557017602443,0.23647069680042435,0.20076542550407958,True
42341,Nama hispida,mixed_uncertain,not_evaluable_ambiguous_palette_composition,blue_purple,0.4469536174369022,red_pink,blue_purple,0.5369858877875914,0.3213034014676709,0.12565021596923132,True
42346,Nama hispida,mixed_uncertain,not_evaluable_ambiguous_palette_composition,blue_purple,0.3541300241472424,white,blue_purple,0.6221155512033554,0.134899137173651,0.21923088697359136,True
42349,Nama hispida,mixed_uncertain,not_evaluable_ambiguous_palette_composition,blue_purple,0.48365802689511905,red_pink,blue_purple,0.6131464564984177,0.40809109530457005,0.075566931590549,True
42350,Nama hispida,mixed_uncertain,not_evaluable_ambiguous_palette_composition,red_pink,0.4102005781965965,white,red_pink,0.6679908034388055,0.29569594325844467,0.11450463493815183,True
42351,Nama hispida,mixed_uncertain,not_evaluable_ambiguous_palette_composition,red_pink,0.3289181072281369,white,red_pink,0.7355692081875088,0.23856700395097138,0.09035110327716553,True
42352,Nama hispida,mixed_uncertain,not_evaluable_ambiguous_palette_composition,red_pink,0.3963160412237475,red_pink,blue_purple,0.314405956479848,0.3354934661606378,0.060822575063109674,True
42361,Nama hispida,mixed_uncertain,not_evaluable_ambiguous_palette_composition,white,0.43187345325398446,white,red_pink,0.4590964752459596,0.17878391246665284,0.2530895407873316,True
42363,Nama hispida,mixed_uncertain,not_evaluable_ambiguous_palette_composition,red_pink,0.3848363288676906,red_pink,blue_purple,0.33577827621815437,0.31197983001598756,0.07285649885170303,True
42365,Nama hispida,mixed_uncertain,not_evaluable_ambiguous_palette_composition,red_pink,0.4089837551962895,red_pink,blue_purple,0.33291996636691157,0.3425795745662245,0.06640418063006498,True
42369,Nama hispida,mixed_uncertain,not_evaluable_ambiguous_palette_composition,blue_purple,0.4267414820047936,white,blue_purple,0.5960001149751712,0.244064391794506,0.1826770902102876,True
42371,Nama hispida,mixed_uncertain,not_evaluable_ambiguous_palette_composition,blue_purple,0.41764102644628887,white,blue_purple,0.5843661722730982,0.21148037816036885,0.20616064828592,True
42372,Nama hispida,mixed_uncertain,not_evaluable_ambiguous_palette_composition,red_pink,0.48042264409143465,white,red_pink,0.6030765440010672,0.3395298750962358,0.14089276899519887,True
42384,Nama hispida,mixed_uncertain,not_evaluable_ambiguous_palette_composition,red_pink,0.5011782445451598,red_pink,blue_purple,0.41768750651597,0.4154789299571432,0.0856993145880166,True
42386,Nama hispida,mixed_uncertain,not_evaluable_ambiguous_palette_composition,blue_purple,0.3125063017080467,white,blue_purple,0.7175352752558747,0.19431268535766888,0.11819361635037784,True
42387,Nama hispida,mixed_uncertain,not_evaluable_ambiguous_palette_composition,red_pink,0.4237521794578095,white,red_pink,0.5769371441119763,0.21982642571438835,0.20392575374342117,True
42442,Talinum fruticosum,mixed_uncertain,not_evaluable_ambiguous_palette_composition,blue_purple,0.3743204182149076,red_pink,blue_purple,0.6167254181302187,0.2719744750254077,0.10234594318949986,True
42451,Talinum fruticosum,mixed_uncertain,not_evaluable_ambiguous_palette_composition,red_pink,0.34996686928359977,white,red_pink,0.637294093510676,0.1612794515500186,0.18868741773358116,True
42468,Talinum fruticosum,mixed_uncertain,not_evaluable_ambiguous_palette_composition,red_pink,0.5383335441679914,red_pink,blue_purple,0.4286388406633085,0.45505246920283227,0.08328107496515913,True
42473,Talinum fruticosum,mixed_uncertain,not_evaluable_ambiguous_palette_composition,red_pink,0.46415881383729884,white,red_pink,0.5218771702462072,0.21867062070470478,0.24548819313259407,True
42484,Talinum fruticosum,mixed_uncertain,not_evaluable_ambiguous_palette_composition,red_pink,0.5174238732358938,red_pink,blue_purple,0.4479130566113062,0.42117670835936377,0.09624716487653001,True
42488,Talinum fruticosum,mixed_uncertain,not_evaluable_ambiguous_palette_composition,red_pink,0.40084793939416014,white,red_pink,0.6437071590335847,0.2599892687995801,0.14085867059458002,True
42492,Talinum fruticosum,mixed_uncertain,not_evaluable_ambiguous_palette_composition,red_pink,0.35009671174122464,yellow_orange,red_pink,0.6927710283526525,0.24428368534452782,0.10581302639669682,True
42507,Knightia excelsa,mixed_uncertain,not_evaluable_ambiguous_palette_composition,red_pink,0.450863927258833,white,red_pink,0.5957859711210707,0.28891184250888263,0.16195208474995038,True
42528,Knightia excelsa,mixed_uncertain,not_evaluable_ambiguous_palette_composition,white,0.6185160822847116,white,red_pink,0.4887172102209167,0.45543895719057587,0.1630771250941357,True
42546,Knightia excelsa,mixed_uncertain,not_evaluable_ambiguous_palette_composition,red_pink,0.3490216004225493,white,red_pink,0.6798750507215894,0.21603376267290839,0.13298783774964093,True
42611,Sixalix atropurpurea,mixed_uncertain,not_evaluable_ambiguous_palette_composition,white,0.47944948909591345,white,red_pink,0.4994189619193538,0.21674902112787392,0.26270046796803953,True
42616,Sixalix atropurpurea,mixed_uncertain,not_evaluable_ambiguous_palette_composition,blue_purple,0.42514195259834403,white,blue_purple,0.5323660022765294,0.12869251062425935,0.2964494419740847,True
42626,Sixalix atropurpurea,mixed_uncertain,not_evaluable_ambiguous_palette_composition,red_pink,0.3953693683205212,white,red_pink,0.6569718808788693,0.2646399766792363,0.13072939164128494,True
42631,Sixalix atropurpurea,mixed_uncertain,not_evaluable_ambiguous_palette_composition,red_pink,0.4365239983603578,white,red_pink,0.564745829712216,0.22723996793462983,0.209284030425728,True
42638,Sixalix atropurpurea,mixed_uncertain,not_evaluable_ambiguous_palette_composition,red_pink,0.48608360722970617,white,red_pink,0.5280409734173745,0.27008299479335107,0.2160006124363551,True
42644,Sixalix atropurpurea,mixed_uncertain,not_evaluable_ambiguous_palette_composition,blue_purple,0.40846385445181516,red_pink,blue_purple,0.5483720043997666,0.27386193848947565,0.1346019159623395,True
42651,Sixalix atropurpurea,mixed_uncertain,not_evaluable_ambiguous_palette_composition,red_pink,0.4932499913326364,red_pink,blue_purple,0.36916279356083526,0.426533771858134,0.0667162194745024,True
42655,Sixalix atropurpurea,mixed_uncertain,not_evaluable_ambiguous_palette_composition,red_pink,0.38036767421094236,red_pink,blue_purple,0.36815243110979584,0.2892239785235378,0.09114369568740455,True
42693,Sixalix atropurpurea,mixed_uncertain,not_evaluable_ambiguous_palette_composition,red_pink,0.379156082807868,white,red_pink,0.664095718301293,0.2470288471639008,0.1321272356439672,True
42765,Chiloglottis valida,mixed_uncertain,not_evaluable_ambiguous_palette_composition,white,0.4956551410748316,white,yellow_orange,0.25660678321096136,0.42436730764067704,0.07128783343415457,True
42818,Calochilus paludosus,mixed_uncertain,not_evaluable_ambiguous_palette_composition,red_pink,0.4039726931374881,white,red_pink,0.6056332529883828,0.22170257878791766,0.18227011434957047,True
42830,Calochilus paludosus,mixed_uncertain,not_evaluable_ambiguous_palette_composition,white,0.46729239555062513,white,red_pink,0.4577280272767334,0.2544232117194997,0.2128691838311254,True
42852,Calochilus paludosus,mixed_uncertain,not_evaluable_ambiguous_palette_composition,red_pink,0.5390045550259716,white,red_pink,0.632342118884051,0.4375021295471163,0.10150242547885524,True
42952,Calystegia tuguriorum,mixed_uncertain,not_evaluable_ambiguous_palette_composition,white,0.5032951659712142,white,yellow_orange,0.4739162103194074,0.17204197809027538,0.33125318788093877,True
43106,Earina mucronata,mixed_uncertain,not_evaluable_ambiguous_palette_composition,white,0.6133861467238414,white,yellow_orange,0.3527871604537588,0.5022712554402804,0.111114891283561,True
43135,Earina mucronata,mixed_uncertain,not_evaluable_ambiguous_palette_composition,blue_purple,0.593737590266519,white,yellow_orange,0.504086671347832,0.36576773846689314,0.2279698517996258,True
43174,Earina mucronata,mixed_uncertain,not_evaluable_ambiguous_palette_composition,white,0.43948032270515297,white,yellow_orange,0.43867237737348624,0.038356025052479724,0.40112429765267327,True
43194,Earina mucronata,mixed_uncertain,not_evaluable_ambiguous_palette_composition,yellow_orange,0.4943785245123313,white,yellow_orange,0.5220585258420789,0.12994703143603836,0.3644314930762929,True
43263,Olearia lirata,mixed_uncertain,not_evaluable_ambiguous_palette_composition,white,0.5411298969693953,white,yellow_orange,0.28953862445534995,0.4575158734962338,0.08361402347316149,True
43388,Piper excelsum,mixed_uncertain,not_evaluable_ambiguous_palette_composition,yellow_orange,0.5001581209461398,white,yellow_orange,0.5372373951430266,0.191980617797404,0.30817750314873577,True
43409,Ranunculus reflexus,mixed_uncertain,not_evaluable_ambiguous_palette_composition,white,0.5171545271981025,white,yellow_orange,0.4846353244697282,0.18304936319150192,0.3341051640066006,True
43463,Ranunculus reflexus,mixed_uncertain,not_evaluable_ambiguous_palette_composition,red_pink,0.6565865043357699,yellow_orange,red_pink,0.718188438506787,0.614970432890387,0.04161607144538293,True
43491,Ranunculus reflexus,mixed_uncertain,not_evaluable_ambiguous_palette_composition,yellow_orange,0.5021542379451971,white,yellow_orange,0.5258852730800891,0.16811853517908393,0.33403570276611316,True
43503,Solanum crispum,mixed_uncertain,not_evaluable_ambiguous_palette_composition,blue_purple,0.3506019511378412,white,blue_purple,0.6528834558665444,0.18016415841021496,0.17043779272762624,True
43504,Solanum crispum,mixed_uncertain,not_evaluable_ambiguous_palette_composition,blue_purple,0.512221712851096,yellow_orange,blue_purple,0.7427930072940305,0.4599711509758199,0.05225056187527605,True
43506,Solanum crispum,mixed_uncertain,not_evaluable_ambiguous_palette_composition,blue_purple,0.43402304605356734,white,blue_purple,0.5564340956944098,0.20163716126325312,0.23238588479031422,True
43507,Solanum crispum,mixed_uncertain,not_evaluable_ambiguous_palette_composition,blue_purple,0.4808408346616172,white,blue_purple,0.5474279184557448,0.2782624476958563,0.20257838696576091,True
43516,Solanum crispum,mixed_uncertain,not_evaluable_ambiguous_palette_composition,blue_purple,0.4203297359850119,white,blue_purple,0.5249609771866932,0.08516024305089678,0.33516949293411513,True
43537,Solanum crispum,mixed_uncertain,not_evaluable_ambiguous_palette_composition,blue_purple,0.33805902444662306,white,blue_purple,0.7028617581134284,0.21907945143490806,0.118979573011715,True
43542,Solanum crispum,mixed_uncertain,not_evaluable_ambiguous_palette_composition,blue_purple,0.48917057203764974,white,blue_purple,0.5976791950486217,0.34316681175996394,0.1460037602776858,True
43547,Solanum crispum,mixed_uncertain,not_evaluable_ambiguous_palette_composition,blue_purple,0.4231545696696396,white,blue_purple,0.5885749974786169,0.22797625440110855,0.19517831526853105,True
43552,Solanum crispum,mixed_uncertain,not_evaluable_ambiguous_palette_composition,blue_purple,0.42662415872097587,red_pink,blue_purple,0.502919045644383,0.26598696689212376,0.1606371918288521,True
43587,Solanum crispum,mixed_uncertain,not_evaluable_ambiguous_palette_composition,blue_purple,0.4492583017256118,red_pink,blue_purple,0.6207403750008667,0.370224132259508,0.07903416946610381,True
43594,Solanum crispum,mixed_uncertain,not_evaluable_ambiguous_palette_composition,blue_purple,0.5216496310279655,white,blue_purple,0.5069486492397176,0.2993352160531205,0.22231441497484494,True
43596,Solanum crispum,mixed_uncertain,not_evaluable_ambiguous_palette_composition,blue_purple,0.402361045218329,white,blue_purple,0.6555468112790316,0.26984196035686636,0.13251908486146263,True
43598,Solanum crispum,mixed_uncertain,not_evaluable_ambiguous_palette_composition,red_pink,0.45331775872403246,white,red_pink,0.5638563048751752,0.25693075467351434,0.19638700405051812,True
43611,Grevillea lavandulacea,mixed_uncertain,not_evaluable_ambiguous_palette_composition,red_pink,0.42618653052079153,yellow_orange,red_pink,0.7982789694100761,0.39309248938722086,0.03309404113357067,True
43708,Grevillea alpina,mixed_uncertain,not_evaluable_ambiguous_palette_composition,red_pink,0.5855014950000554,yellow_orange,red_pink,0.7267012587718527,0.5413349256394991,0.044166569360556296,True
43719,Grevillea alpina,mixed_uncertain,not_evaluable_ambiguous_palette_composition,red_pink,0.3714824220919082,yellow_orange,red_pink,0.6339278312097114,0.22069698326568313,0.15078543882622505,True
43724,Grevillea alpina,mixed_uncertain,not_evaluable_ambiguous_palette_composition,red_pink,0.49507298346869394,yellow_orange,red_pink,0.5667297546386585,0.34643127373865235,0.1486417097300416,True
43731,Grevillea alpina,mixed_uncertain,not_evaluable_ambiguous_palette_composition,red_pink,0.5414684720900012,yellow_orange,red_pink,0.6185768547044602,0.4430014223464453,0.09846704974355586,True
43733,Grevillea alpina,mixed_uncertain,not_evaluable_ambiguous_palette_composition,red_pink,0.576708508014822,yellow_orange,red_pink,0.768045486748732,0.5447412707691254,0.03196723724569661,True
43748,Grevillea alpina,mixed_uncertain,not_evaluable_ambiguous_palette_composition,red_pink,0.5005569168986306,yellow_orange,red_pink,0.570840575834643,0.3575428317139102,0.14301408518472036,True
43752,Grevillea alpina,mixed_uncertain,not_evaluable_ambiguous_palette_composition,red_pink,0.47013831255316235,yellow_orange,red_pink,0.7525620501116643,0.42454041866093045,0.0455978938922319,True
43756,Grevillea alpina,mixed_uncertain,not_evaluable_ambiguous_palette_composition,red_pink,0.32320357259689475,white,red_pink,0.7445255899768168,0.23791194283142045,0.0852916297654743,True
43772,Grevillea alpina,mixed_uncertain,not_evaluable_ambiguous_palette_composition,red_pink,0.4752624903932572,yellow_orange,red_pink,0.748185632480566,0.42851267647879093,0.046749813914466254,True
43785,Grevillea alpina,mixed_uncertain,not_evaluable_ambiguous_palette_composition,red_pink,0.58080567162398,yellow_orange,red_pink,0.7653422256303918,0.5483111385594783,0.032494533064501674,True
43787,Grevillea alpina,mixed_uncertain,not_evaluable_ambiguous_palette_composition,red_pink,0.5751169674673495,yellow_orange,red_pink,0.7520734211255998,0.5383333347841642,0.0367836326831853,True
43789,Grevillea alpina,mixed_uncertain,not_evaluable_ambiguous_palette_composition,red_pink,0.5284477077290447,yellow_orange,red_pink,0.7441942811720772,0.48544376159984876,0.04300394612919595,True
43794,Grevillea alpina,mixed_uncertain,not_evaluable_ambiguous_palette_composition,white,0.47094906821226357,white,yellow_orange,0.4658521610194417,0.0750585443010134,0.3958905239112502,True
43796,Grevillea alpina,mixed_uncertain,not_evaluable_ambiguous_palette_composition,yellow_orange,0.4695412477727564,white,yellow_orange,0.548828163928665,0.13311148733829287,0.33642976043446354,True
43803,Hypocalymma robustum,mixed_uncertain,not_evaluable_ambiguous_palette_composition,red_pink,0.4186798076336041,white,red_pink,0.6052485842386733,0.24703905467118406,0.17164075296242,True
43810,Hypocalymma robustum,mixed_uncertain,not_evaluable_ambiguous_palette_composition,red_pink,0.3545406439240792,red_pink,blue_purple,0.356025329152853,0.2619626635307083,0.0925779803933709,True
43819,Hypocalymma robustum,mixed_uncertain,not_evaluable_ambiguous_palette_composition,red_pink,0.38536710045483497,white,red_pink,0.6648105024635085,0.25714482013262546,0.1282222803222095,True
43824,Hypocalymma robustum,mixed_uncertain,not_evaluable_ambiguous_palette_composition,red_pink,0.44335004840971565,white,red_pink,0.5375040140161172,0.1992761029994775,0.24407394541023814,True
43827,Hypocalymma robustum,mixed_uncertain,not_evaluable_ambiguous_palette_composition,red_pink,0.43392535702011953,white,red_pink,0.5420605355216179,0.18579084369620016,0.24813451332391936,True
43844,Hypocalymma robustum,mixed_uncertain,not_evaluable_ambiguous_palette_composition,red_pink,0.46959137694436637,white,red_pink,0.5447232097418013,0.2617749046364753,0.20781647230789108,True
43862,Hypocalymma robustum,mixed_uncertain,not_evaluable_ambiguous_palette_composition,red_pink,0.40830579965518954,red_pink,blue_purple,0.4718374942159165,0.2578135348506777,0.15049226480451183,True
43865,Hypocalymma robustum,mixed_uncertain,not_evaluable_ambiguous_palette_composition,red_pink,0.4327859947528853,white,red_pink,0.5584490154197902,0.21057083774434718,0.22221515700853814,True
43867,Hypocalymma robustum,mixed_uncertain,not_evaluable_ambiguous_palette_composition,red_pink,0.38260830701191817,white,red_pink,0.6449246358593632,0.23224885838432455,0.15035944862759362,True
43869,Hypocalymma robustum,mixed_uncertain,not_evaluable_ambiguous_palette_composition,blue_purple,0.4563639625771902,red_pink,blue_purple,0.555381220663343,0.3453322340963999,0.11103172848079029,True
43871,Hypocalymma robustum,mixed_uncertain,not_evaluable_ambiguous_palette_composition,red_pink,0.4392049221228479,white,red_pink,0.5549517182826998,0.21832011630578632,0.22088480581706157,True
43884,Hypocalymma robustum,mixed_uncertain,not_evaluable_ambiguous_palette_composition,red_pink,0.35929801240195947,red_pink,blue_purple,0.40070823070583295,0.23831730281158137,0.1209807095903781,True
43891,Hypocalymma robustum,mixed_uncertain,not_evaluable_ambiguous_palette_composition,red_pink,0.4051372746979049,white,red_pink,0.5524853191618095,0.1314712454123597,0.2736660292855452,True
43896,Hypocalymma robustum,mixed_uncertain,not_evaluable_ambiguous_palette_composition,red_pink,0.41588669191363425,white,red_pink,0.6546432167250182,0.2924101161106284,0.12347657580300586,True
43930,Erythrina humeana,mixed_uncertain,not_evaluable_ambiguous_palette_composition,red_pink,0.6734515678769789,yellow_orange,red_pink,0.742740626303045,0.6398739952029834,0.033577572673995526,True
43934,Erythrina humeana,mixed_uncertain,not_evaluable_ambiguous_palette_composition,red_pink,0.6309425276543283,yellow_orange,red_pink,0.7481963690702088,0.5965238932237478,0.034418634430580575,True
43979,Erythrina humeana,mixed_uncertain,not_evaluable_ambiguous_palette_composition,red_pink,0.6052602055560635,yellow_orange,red_pink,0.7385649705172529,0.5663907382754715,0.03886946728059204,True
44000,Polygala comosa,mixed_uncertain,not_evaluable_ambiguous_palette_composition,red_pink,0.4228764494164038,white,red_pink,0.613828606816325,0.26357761506050736,0.15929883435589642,True
44002,Polygala comosa,mixed_uncertain,not_evaluable_ambiguous_palette_composition,red_pink,0.37110846417872406,white,red_pink,0.6067987838778068,0.15605346138916673,0.21505500278955733,True
44006,Polygala comosa,mixed_uncertain,not_evaluable_ambiguous_palette_composition,blue_purple,0.4669020187648233,white,blue_purple,0.5358170588140245,0.2371242977712883,0.229777720993535,True
44007,Polygala comosa,mixed_uncertain,not_evaluable_ambiguous_palette_composition,red_pink,0.3940847193149643,white,red_pink,0.6105126138870522,0.20991761588050953,0.18416710343445478,True
44008,Polygala comosa,mixed_uncertain,not_evaluable_ambiguous_palette_composition,red_pink,0.33945995328512163,red_pink,blue_purple,0.31371779836435987,0.2663027476885419,0.07315720559657973,True
44016,Polygala comosa,mixed_uncertain,not_evaluable_ambiguous_palette_composition,blue_purple,0.35353058519758923,white,blue_purple,0.6185961496374124,0.12556785647828894,0.2279627287193003,True
44017,Polygala comosa,mixed_uncertain,not_evaluable_ambiguous_palette_composition,red_pink,0.36644130298268407,red_pink,blue_purple,0.3323711764302907,0.29075192250119203,0.07568938048149204,True
44031,Polygala comosa,mixed_uncertain,not_evaluable_ambiguous_palette_composition,red_pink,0.47730856915183995,red_pink,blue_purple,0.4232179795692881,0.38363069557745233,0.09367787357438762,True
44033,Polygala comosa,mixed_uncertain,not_evaluable_ambiguous_palette_composition,blue_purple,0.39265656778472435,white,blue_purple,0.6855962224442803,0.28277869601887434,0.10987787176585001,True
44034,Polygala comosa,mixed_uncertain,not_evaluable_ambiguous_palette_composition,red_pink,0.4545131519299863,red_pink,blue_purple,0.4582758956218182,0.3346881135845492,0.11982503834543712,True
44038,Polygala comosa,mixed_uncertain,not_evaluable_ambiguous_palette_composition,blue_purple,0.3175572613062869,white,blue_purple,0.6460703869062113,0.0824259066867578,0.2351313546195291,True
44040,Polygala comosa,mixed_uncertain,not_evaluable_ambiguous_palette_composition,red_pink,0.38273349745849333,white,red_pink,0.6797363915988109,0.26697252274523137,0.11576097471326197,True
44042,Polygala comosa,mixed_uncertain,not_evaluable_ambiguous_palette_composition,red_pink,0.37804192614661997,red_pink,blue_purple,0.39484099350789503,0.2696618766254694,0.10838004952115055,True
44044,Polygala comosa,mixed_uncertain,not_evaluable_ambiguous_palette_composition,red_pink,0.3632320281409808,red_pink,blue_purple,0.3685689033949912,0.26602686357305844,0.09720516456792239,True
44047,Polygala comosa,mixed_uncertain,not_evaluable_ambiguous_palette_composition,red_pink,0.3438848696891624,white,red_pink,0.7492662365046776,0.2686224381663744,0.075262431522788,True
44056,Polygala comosa,mixed_uncertain,not_evaluable_ambiguous_palette_composition,red_pink,0.33014855211080835,red_pink,blue_purple,0.36734791183407545,0.21962570291949113,0.11052284919131722,True
44058,Polygala comosa,mixed_uncertain,not_evaluable_ambiguous_palette_composition,blue_purple,0.3896501306880765,white,blue_purple,0.7410579143325392,0.3185686796050852,0.0710814510829913,True
44059,Polygala comosa,mixed_uncertain,not_evaluable_ambiguous_palette_composition,blue_purple,0.3568039094201955,white,blue_purple,0.7148938161499325,0.257450315644593,0.09935359377560254,True
44064,Polygala comosa,mixed_uncertain,not_evaluable_ambiguous_palette_composition,red_pink,0.37579309999799393,white,red_pink,0.700306447151648,0.27451942693765075,0.10127367306034318,True
44073,Polygala comosa,mixed_uncertain,not_evaluable_ambiguous_palette_composition,blue_purple,0.3650167512153681,red_pink,blue_purple,0.6178983071497558,0.25979950730311707,0.10521724391225101,True
44077,Polygala comosa,mixed_uncertain,not_evaluable_ambiguous_palette_composition,red_pink,0.3940106316945451,yellow_orange,red_pink,0.5644296186347133,0.1697944316584417,0.22421620003610337,True
44078,Polygala comosa,mixed_uncertain,not_evaluable_ambiguous_palette_composition,red_pink,0.3034846559364809,white,red_pink,0.7652947726387205,0.22739751502187378,0.07608714091460711,True
44087,Polygala comosa,mixed_uncertain,not_evaluable_ambiguous_palette_composition,red_pink,0.3835606756776984,red_pink,blue_purple,0.3898228745332929,0.2805238140464433,0.10303686163125514,True
44090,Polygala comosa,mixed_uncertain,not_evaluable_ambiguous_palette_composition,red_pink,0.35229366763071085,red_pink,blue_purple,0.37035935347430476,0.24969559296912905,0.1025980746615818,True
44092,Polygala comosa,mixed_uncertain,not_evaluable_ambiguous_palette_composition,blue_purple,0.3860288011012229,white,blue_purple,0.5968703351804169,0.16433109975179677,0.22169770134942612,True
44096,Polygala comosa,mixed_uncertain,not_evaluable_ambiguous_palette_composition,blue_purple,0.33694826357963625,white,blue_purple,0.6560482022750382,0.1572054321580101,0.17974283142162614,True
44104,Echium gaditanum,mixed_uncertain,not_evaluable_ambiguous_palette_composition,blue_purple,0.3661108069125784,white,blue_purple,0.6043996686233668,0.12860317698362142,0.237507629928957,True
44116,Echium gaditanum,mixed_uncertain,not_evaluable_ambiguous_palette_composition,blue_purple,0.49693162571461,white,blue_purple,0.5272914611257532,0.2813796338310744,0.21555199188353563,True
44125,Echium gaditanum,mixed_uncertain,not_evaluable_ambiguous_palette_composition,blue_purple,0.37028177302077214,white,blue_purple,0.626978279966973,0.18066479714470898,0.18961697587606316,True
44134,Echium gaditanum,mixed_uncertain,not_evaluable_ambiguous_palette_composition,blue_purple,0.4342860889036804,white,blue_purple,0.6025141813160575,0.2645436911523453,0.16974239775133515,True
44143,Echium gaditanum,mixed_uncertain,not_evaluable_ambiguous_palette_composition,red_pink,0.39172156809148634,red_pink,blue_purple,0.446676660872324,0.25220265711265255,0.1395189109788338,True
44161,Echium gaditanum,mixed_uncertain,not_evaluable_ambiguous_palette_composition,blue_purple,0.3834965360234186,white,blue_purple,0.587742451167428,0.13952820057901513,0.24396833544440347,True
44175,Echium gaditanum,mixed_uncertain,not_evaluable_ambiguous_palette_composition,yellow_orange,0.4128755055264854,yellow_orange,blue_purple,0.4443072178701995,0.1374236003781674,0.27545190514831797,True
44180,Echium gaditanum,mixed_uncertain,not_evaluable_ambiguous_palette_composition,blue_purple,0.467384782119289,white,blue_purple,0.6153993931128974,0.3277094212061584,0.1396753609131306,True
44225,Crepis sancta,mixed_uncertain,not_evaluable_ambiguous_palette_composition,yellow_orange,0.43066628204035406,white,yellow_orange,0.599422330595257,0.16014404700062898,0.27052223503972506,True
44248,Crepis sancta,mixed_uncertain,not_evaluable_ambiguous_palette_composition,white,0.45194760893068014,white,yellow_orange,0.44890278671461237,0.059502569929973215,0.39244503900070693,True
44334,Sarcocapnos enneaphylla,mixed_uncertain,not_evaluable_ambiguous_palette_composition,white,0.4589463459062541,white,red_pink,0.49112454142703565,0.1837514851993933,0.27519486070686083,True
44341,Sarcocapnos enneaphylla,mixed_uncertain,not_evaluable_ambiguous_palette_composition,white,0.49925097763865817,white,yellow_orange,0.2716181341333808,0.4192459276194397,0.08000505001921848,True
44379,Sarcocapnos enneaphylla,mixed_uncertain,not_evaluable_ambiguous_palette_composition,white,0.5179257429552969,white,yellow_orange,0.3479637279215812,0.3842493593588439,0.133676383596453,True
44407,Amyema miquelii,mixed_uncertain,not_evaluable_ambiguous_palette_composition,red_pink,0.49662036434788315,white,red_pink,0.7358388861531427,0.4421124378770137,0.05450792647086944,True
44505,Viola mirabilis,mixed_uncertain,not_evaluable_ambiguous_palette_composition,blue_purple,0.5311918675499684,white,blue_purple,0.5170205189642414,0.3271523214347274,0.204039546115241,True
44507,Viola mirabilis,mixed_uncertain,not_evaluable_ambiguous_palette_composition,blue_purple,0.5098531808363443,white,blue_purple,0.5761528600123781,0.3536573951560844,0.15619578568025994,True
44512,Viola mirabilis,mixed_uncertain,not_evaluable_ambiguous_palette_composition,white,0.4695996277305461,white,red_pink,0.4959373824355364,0.20043257854298163,0.26916704918756446,True
44541,Viola mirabilis,mixed_uncertain,not_evaluable_ambiguous_palette_composition,blue_purple,0.486528365474309,white,blue_purple,0.5923804955820897,0.3346092491352708,0.1519191163390382,True
44542,Viola mirabilis,mixed_uncertain,not_evaluable_ambiguous_palette_composition,blue_purple,0.5238345053652828,white,blue_purple,0.577289367627725,0.37449729733010784,0.14933720803517492,True
44543,Viola mirabilis,mixed_uncertain,not_evaluable_ambiguous_palette_composition,white,0.5259024846260344,white,red_pink,0.4559942192809042,0.35228407738737205,0.17361840723866234,True
44551,Viola mirabilis,mixed_uncertain,not_evaluable_ambiguous_palette_composition,yellow_orange,0.5198611126793068,white,yellow_orange,0.5145761578335476,0.1885522730244039,0.3313088396549029,True
44592,Viola mirabilis,mixed_uncertain,not_evaluable_ambiguous_palette_composition,white,0.5217521247213881,white,yellow_orange,0.4945217754858341,0.16923791531769186,0.35251420940369627,True
44667,Ranunculus trichophyllus,mixed_uncertain,not_evaluable_ambiguous_palette_composition,white,0.548148311112366,white,yellow_orange,0.3104475317785013,0.45218401195620134,0.09596429915616461,True
44672,Ranunculus trichophyllus,mixed_uncertain,not_evaluable_ambiguous_palette_composition,white,0.5650020292602679,white,yellow_orange,0.3253230738936411,0.46239712857425086,0.10260490068601702,True
44696,Ranunculus trichophyllus,mixed_uncertain,not_evaluable_ambiguous_palette_composition,white,0.5231016503552359,white,yellow_orange,0.4987158731693843,0.16094185882977605,0.36215979152545985,True
44697,Ranunculus trichophyllus,mixed_uncertain,not_evaluable_ambiguous_palette_composition,white,0.4010402163035313,white,yellow_orange,0.3922076465453039,0.08726563254689233,0.31377458375663897,True
44806,Odontites luteus,mixed_uncertain,not_evaluable_ambiguous_palette_composition,white,0.4879843590106333,white,yellow_orange,0.4860176436280822,0.05339061432848205,0.4345937446821513,True
44950,Vincetoxicum hirundinaria,mixed_uncertain,not_evaluable_ambiguous_palette_composition,red_pink,0.32732719573939156,white,red_pink,0.8084245920011307,0.28325121824061145,0.04407597749878012,False
44959,Vincetoxicum hirundinaria,mixed_uncertain,not_evaluable_ambiguous_palette_composition,yellow_orange,0.48029670589108187,white,yellow_orange,0.5591186116969868,0.19255623317092488,0.287740472720157,True
44963,Vincetoxicum hirundinaria,mixed_uncertain,not_evaluable_ambiguous_palette_composition,white,0.5663622132411853,white,yellow_orange,0.35757728731526056,0.43978487745411365,0.12657733578707164,True
44964,Vincetoxicum hirundinaria,mixed_uncertain,not_evaluable_ambiguous_palette_composition,yellow_orange,0.4467435498680701,white,yellow_orange,0.5573058900240008,0.06616222375403738,0.3805813261140327,True
44990,Vincetoxicum hirundinaria,mixed_uncertain,not_evaluable_ambiguous_palette_composition,white,0.42912974161663975,white,yellow_orange,0.42545944850118067,0.0620732212884053,0.36705652032823444,True
45039,Aquilegia coerulea,mixed_uncertain,not_evaluable_ambiguous_palette_composition,blue_purple,0.42670256407042173,white,blue_purple,0.6004044764775284,0.24938224177891943,0.1773203222915023,True
45040,Aquilegia coerulea,mixed_uncertain,not_evaluable_ambiguous_palette_composition,yellow_orange,0.4604028755865264,white,yellow_orange,0.5416611073468847,0.0522281448797485,0.4081747307067779,True
45041,Aquilegia coerulea,mixed_uncertain,not_evaluable_ambiguous_palette_composition,blue_purple,0.5282620018964659,white,blue_purple,0.5241509720700188,0.33023877134760604,0.19802323054885984,True
45061,Aquilegia coerulea,mixed_uncertain,not_evaluable_ambiguous_palette_composition,blue_purple,0.5181330728682597,white,blue_purple,0.5940667691847332,0.38045416084304634,0.13767891202521337,True
45088,Aquilegia coerulea,mixed_uncertain,not_evaluable_ambiguous_palette_composition,blue_purple,0.5038473369267248,white,blue_purple,0.5692335147982731,0.33844605137915074,0.16540128554757405,True
45094,Aquilegia coerulea,mixed_uncertain,not_evaluable_ambiguous_palette_composition,blue_purple,0.49199735552666213,white,blue_purple,0.5132553341955468,0.25334553846873176,0.23865181705793037,True
45097,Aquilegia coerulea,mixed_uncertain,not_evaluable_ambiguous_palette_composition,blue_purple,0.5148810373685263,white,blue_purple,0.5794235615018365,0.3637297687061183,0.15115126866240802,True
45118,Carthamus mitissimus,mixed_uncertain,not_evaluable_ambiguous_palette_composition,blue_purple,0.37923845303038395,white,blue_purple,0.6808584425403474,0.2595242667470532,0.11971418628333075,True
45121,Carthamus mitissimus,mixed_uncertain,not_evaluable_ambiguous_palette_composition,white,0.47039366238668656,white,blue_purple,0.47362601658139586,0.2298951691313218,0.24049849325536476,True
45124,Carthamus mitissimus,mixed_uncertain,not_evaluable_ambiguous_palette_composition,white,0.4971691854217867,white,yellow_orange,0.257740710624787,0.42545254455335274,0.07171664086843393,True
45132,Carthamus mitissimus,mixed_uncertain,not_evaluable_ambiguous_palette_composition,white,0.44030368083433324,white,blue_purple,0.4954620251989239,0.09778264138076302,0.3425210394535702,True
45139,Carthamus mitissimus,mixed_uncertain,not_evaluable_ambiguous_palette_composition,blue_purple,0.3750344433399183,white,blue_purple,0.5867221202203272,0.11143138873014141,0.2636030546097769,True
45144,Carthamus mitissimus,mixed_uncertain,not_evaluable_ambiguous_palette_composition,blue_purple,0.48568299504341855,white,blue_purple,0.6103997861415535,0.34918021032618707,0.13650278471723148,True
45157,Carthamus mitissimus,mixed_uncertain,not_evaluable_ambiguous_palette_composition,blue_purple,0.5390332662300463,white,blue_purple,0.5229480684612997,0.34596701296304877,0.19306625326699756,True
45160,Carthamus mitissimus,mixed_uncertain,not_evaluable_ambiguous_palette_composition,blue_purple,0.5264814897205627,white,blue_purple,0.5274695588752957,0.3309722169696619,0.19550927275090085,True
45165,Carthamus mitissimus,mixed_uncertain,not_evaluable_ambiguous_palette_composition,blue_purple,0.4074511152608156,white,blue_purple,0.5572876744035921,0.13735330505421484,0.2700978102066008,True
45174,Carthamus mitissimus,mixed_uncertain,not_evaluable_ambiguous_palette_composition,white,0.4749761926215607,white,yellow_orange,0.41159753596160026,0.23845422283851028,0.23652196978305043,True
45182,Carthamus mitissimus,mixed_uncertain,not_evaluable_ambiguous_palette_composition,white,0.45393980709358983,white,blue_purple,0.48216017773627706,0.17753554847284206,0.2764042586207478,True
45186,Carthamus mitissimus,mixed_uncertain,not_evaluable_ambiguous_palette_composition,white,0.4225079856623321,white,blue_purple,0.46844855209539393,0.11728857761844132,0.3052194080438908,True
45191,Carthamus mitissimus,mixed_uncertain,not_evaluable_ambiguous_palette_composition,red_pink,0.36072419617529233,red_pink,blue_purple,0.3952697236093143,0.24448158662081804,0.1162426095544743,True
45202,Myosotis sparsiflora,mixed_uncertain,not_evaluable_ambiguous_palette_composition,blue_purple,0.5451536451196203,white,blue_purple,0.5008405779520761,0.3318517329012203,0.2133019122184,True
45235,Myosotis sparsiflora,mixed_uncertain,not_evaluable_ambiguous_palette_composition,blue_purple,0.6076935837882207,white,blue_purple,0.5326572061340651,0.4531136622615692,0.1545799215266515,True
45285,Myosotis sparsiflora,mixed_uncertain,not_evaluable_ambiguous_palette_composition,blue_purple,0.5361915873072476,white,blue_purple,0.5247589984085189,0.34341300851986495,0.19277857878738264,True
45402,Pelargonium luridum,mixed_uncertain,not_evaluable_ambiguous_palette_composition,red_pink,0.47971364744897504,white,red_pink,0.720916811790003,0.4159479240424805,0.06376572340649456,True
45405,Pelargonium luridum,mixed_uncertain,not_evaluable_ambiguous_palette_composition,red_pink,0.4165565422848798,white,red_pink,0.6363122182667319,0.27664167469763457,0.13991486758724525,True
45411,Pelargonium luridum,mixed_uncertain,not_evaluable_ambiguous_palette_composition,red_pink,0.4561594889559212,white,red_pink,0.5479816494370202,0.24136970283113876,0.21478978612478242,True
45414,Pelargonium luridum,mixed_uncertain,not_evaluable_ambiguous_palette_composition,red_pink,0.41650928860609915,white,red_pink,0.548673542972287,0.15529375004488943,0.2612155385612097,True
45416,Pelargonium luridum,mixed_uncertain,not_evaluable_ambiguous_palette_composition,red_pink,0.3715795524468358,yellow_orange,red_pink,0.7054579729108577,0.2833112132054028,0.08826833924143301,True
45428,Pelargonium luridum,mixed_uncertain,not_evaluable_ambiguous_palette_composition,red_pink,0.43441965641947106,white,red_pink,0.7241127889822929,0.36456619529228734,0.06985346112718371,True
45431,Pelargonium luridum,mixed_uncertain,not_evaluable_ambiguous_palette_composition,red_pink,0.36574346259083707,white,red_pink,0.7257290270438093,0.2803718372008929,0.08537162538994414,True
45434,Pelargonium luridum,mixed_uncertain,not_evaluable_ambiguous_palette_composition,red_pink,0.5144196313177107,white,red_pink,0.5899874052048938,0.37597514184298453,0.1384444894747262,True
45483,Pelargonium luridum,mixed_uncertain,not_evaluable_ambiguous_palette_composition,white,0.4975580344868901,white,yellow_orange,0.42498310452424903,0.2601312112418941,0.23742682324499603,True
45485,Pelargonium luridum,mixed_uncertain,not_evaluable_ambiguous_palette_composition,red_pink,0.42810438858941374,white,red_pink,0.6410895231817421,0.2980200187362496,0.13008436985316413,True
45625,Epacris obtusifolia,mixed_uncertain,not_evaluable_ambiguous_palette_composition,white,0.5502146085101762,white,yellow_orange,0.2929822344421558,0.46608721273634307,0.08412739577383316,True
45709,Rhododendron pseudochrysanthum,mixed_uncertain,not_evaluable_ambiguous_palette_composition,red_pink,0.4338251595697836,white,red_pink,0.5276722423775558,0.1568964762289833,0.27692868334080034,True
45710,Rhododendron pseudochrysanthum,mixed_uncertain,not_evaluable_ambiguous_palette_composition,red_pink,0.4081773323346608,white,red_pink,0.6254892488574325,0.25251047030739254,0.15566686202726826,True
45745,Rhododendron pseudochrysanthum,mixed_uncertain,not_evaluable_ambiguous_palette_composition,white,0.4918060146586581,white,red_pink,0.47469055173628194,0.2768476469239943,0.2149583677346638,True
45754,Rhododendron pseudochrysanthum,mixed_uncertain,not_evaluable_ambiguous_palette_composition,red_pink,0.3698125180260831,white,red_pink,0.629475045047804,0.18997786950533838,0.17983464852074474,True
45758,Rhododendron pseudochrysanthum,mixed_uncertain,not_evaluable_ambiguous_palette_composition,red_pink,0.43968535654011065,white,red_pink,0.6378908228693521,0.311728435375791,0.12795692116431967,True
45759,Rhododendron pseudochrysanthum,mixed_uncertain,not_evaluable_ambiguous_palette_composition,red_pink,0.4718572184238951,white,red_pink,0.5204508295424947,0.23242428501265291,0.2394329334112422,True
45774,Rhododendron pseudochrysanthum,mixed_uncertain,not_evaluable_ambiguous_palette_composition,red_pink,0.4139719872125157,white,red_pink,0.6083102765693951,0.2426394788324644,0.17133250838005132,True
45814,Pimelea serpyllifolia,mixed_uncertain,not_evaluable_ambiguous_palette_composition,yellow_orange,0.5161900320287096,white,yellow_orange,0.5044739588411031,0.1479121562190836,0.368277875809626,True
45831,Pimelea serpyllifolia,mixed_uncertain,not_evaluable_ambiguous_palette_composition,white,0.4990208238991433,white,yellow_orange,0.4940601848478528,0.07676254944591987,0.42225827445322345,True
45835,Pimelea serpyllifolia,mixed_uncertain,not_evaluable_ambiguous_palette_composition,yellow_orange,0.4796288044444556,white,yellow_orange,0.5470002710405258,0.16014770610444498,0.3194810983400106,True
45941,Searsia rosmarinifolia,mixed_uncertain,not_evaluable_ambiguous_palette_composition,white,0.5576642129204085,white,yellow_orange,0.3837592144146722,0.4053408006143282,0.15232341230608026,True
45943,Searsia rosmarinifolia,mixed_uncertain,not_evaluable_ambiguous_palette_composition,yellow_orange,0.4769934087622859,white,yellow_orange,0.5240121675614662,0.04307060454304248,0.43392280421924345,True
45963,Searsia rosmarinifolia,mixed_uncertain,not_evaluable_ambiguous_palette_composition,yellow_orange,0.44406283433751503,white,yellow_orange,0.567886088517073,0.1058699598615708,0.33819287447594426,True
45971,Searsia rosmarinifolia,mixed_uncertain,not_evaluable_ambiguous_palette_composition,yellow_orange,0.43331680310858606,white,yellow_orange,0.5927079603436686,0.15011081003768645,0.2832059930708996,True
45977,Searsia rosmarinifolia,mixed_uncertain,not_evaluable_ambiguous_palette_composition,white,0.4537105460963493,white,yellow_orange,0.37411390884579676,0.25777128201562877,0.19593926408072054,True
45980,Searsia rosmarinifolia,mixed_uncertain,not_evaluable_ambiguous_palette_composition,white,0.5204907075152055,white,yellow_orange,0.48778582583365215,0.18416664500810878,0.3363240625070968,True
45993,Searsia rosmarinifolia,mixed_uncertain,not_evaluable_ambiguous_palette_composition,white,0.4339353688515769,white,yellow_orange,0.41331089882002753,0.13472254471540845,0.29921282413616845,True
46014,Diplacus mephiticus,mixed_uncertain,not_evaluable_ambiguous_palette_composition,red_pink,0.3054745941842932,yellow_orange,red_pink,0.7242239689107158,0.2064943005895267,0.09898029359476648,True
46028,Diplacus mephiticus,mixed_uncertain,not_evaluable_ambiguous_palette_composition,red_pink,0.46446058837106047,red_pink,blue_purple,0.39019491783888416,0.3836245370646643,0.08083605130639615,True
46042,Diplacus mephiticus,mixed_uncertain,not_evaluable_ambiguous_palette_composition,red_pink,0.4763445311723797,red_pink,blue_purple,0.3835323594047947,0.4008359357104986,0.0755085954618811,True
46043,Diplacus mephiticus,mixed_uncertain,not_evaluable_ambiguous_palette_composition,red_pink,0.3481011392043938,white,red_pink,0.7023067212841676,0.23704657046371458,0.1110545687406792,True
46055,Diplacus mephiticus,mixed_uncertain,not_evaluable_ambiguous_palette_composition,red_pink,0.42311034315092155,yellow_orange,red_pink,0.5289753265453285,0.17660972566627617,0.24650061748464538,True
46076,Diplacus mephiticus,mixed_uncertain,not_evaluable_ambiguous_palette_composition,red_pink,0.40271844361095976,yellow_orange,red_pink,0.5469716899335386,0.1594719945965263,0.24324644901443346,True
46087,Diplacus mephiticus,mixed_uncertain,not_evaluable_ambiguous_palette_composition,red_pink,0.39974154359956393,red_pink,blue_purple,0.4103880738815898,0.28975526060331425,0.10998628299624968,True
46095,Diplacus mephiticus,mixed_uncertain,not_evaluable_ambiguous_palette_composition,yellow_orange,0.4555774480336534,yellow_orange,red_pink,0.43910204910111683,0.2812086446260767,0.1743688034075767,True
46136,Aciphylla glacialis,mixed_uncertain,not_evaluable_ambiguous_palette_composition,white,0.5591514073992514,white,yellow_orange,0.3023281635831934,0.4707544628254475,0.08839694457380393,True
46404,Amyema cambagei,mixed_uncertain,not_evaluable_ambiguous_palette_composition,red_pink,0.43283916889685375,white,red_pink,0.7501515123839697,0.37626574103620836,0.0565734278606454,True
46464,Amyema cambagei,mixed_uncertain,not_evaluable_ambiguous_palette_composition,blue_purple,0.4478484100550251,white,blue_purple,0.7205299921623531,0.3767345025823764,0.07111390747264873,True
46487,Amyema cambagei,mixed_uncertain,not_evaluable_ambiguous_palette_composition,red_pink,0.47340828864434525,red_pink,blue_purple,0.3910277961361868,0.39403879912013445,0.0793694895242108,True
46496,Amyema cambagei,mixed_uncertain,not_evaluable_ambiguous_palette_composition,red_pink,0.4518988945523903,white,red_pink,0.5383865705669284,0.21900308246544162,0.23289581208694868,True
46521,Watsonia pillansii,mixed_uncertain,not_evaluable_ambiguous_palette_composition,red_pink,0.6075028693897179,yellow_orange,red_pink,0.7471176241628903,0.571357382360282,0.036145487029435874,True
46550,Watsonia pillansii,mixed_uncertain,not_evaluable_ambiguous_palette_composition,red_pink,0.5356606397235282,white,red_pink,0.7353603628649812,0.48536418617036214,0.05029645355316603,True
46577,Watsonia pillansii,mixed_uncertain,not_evaluable_ambiguous_palette_composition,yellow_orange,0.4908171718002124,white,yellow_orange,0.5112168431090639,0.054204844765572885,0.4366123270346395,True
46725,Searsia lucida,mixed_uncertain,not_evaluable_ambiguous_palette_composition,yellow_orange,0.4505843942485221,white,yellow_orange,0.5895172631010704,0.18760905096406494,0.26297534328445715,True
46778,Searsia lucida,mixed_uncertain,not_evaluable_ambiguous_palette_composition,white,0.5807529888743722,white,yellow_orange,0.3466402392561312,0.4664656372808187,0.11428735159355352,True
46878,Veronica sublobata,mixed_uncertain,not_evaluable_ambiguous_palette_composition,white,0.4140654477392275,white,yellow_orange,0.3993108016600092,0.11239308782147207,0.30167235991775543,True
46905,Veronica prostrata,mixed_uncertain,not_evaluable_ambiguous_palette_composition,blue_purple,0.5255036020847482,white,blue_purple,0.5692051799680915,0.3698909273560324,0.15561267472871582,True
46912,Veronica prostrata,mixed_uncertain,not_evaluable_ambiguous_palette_composition,blue_purple,0.4788556298393635,white,blue_purple,0.5521235441299011,0.28053388887194197,0.1983217409674215,True
46940,Veronica prostrata,mixed_uncertain,not_evaluable_ambiguous_palette_composition,white,0.5253781159132547,white,blue_purple,0.4878047650973579,0.3120401788196176,0.21333793709363708,True
46956,Veronica prostrata,mixed_uncertain,not_evaluable_ambiguous_palette_composition,white,0.4962223223034329,white,blue_purple,0.48259483325771957,0.26716901453880243,0.22905330776463045,True
46999,Veronica prostrata,mixed_uncertain,not_evaluable_ambiguous_palette_composition,white,0.5347411854970584,white,blue_purple,0.4944192882170927,0.32002687988059975,0.21471430561645866,True
47009,Viscaria vulgaris,mixed_uncertain,not_evaluable_ambiguous_palette_composition,white,0.494981917872478,white,blue_purple,0.4982559514802343,0.242108938916955,0.252872978955523,True
47052,Viscaria vulgaris,mixed_uncertain,not_evaluable_ambiguous_palette_composition,red_pink,0.3913249723383114,red_pink,blue_purple,0.34595852882368716,0.3150279366192892,0.07629703571902224,True
47056,Viscaria vulgaris,mixed_uncertain,not_evaluable_ambiguous_palette_composition,blue_purple,0.4722642660554432,red_pink,blue_purple,0.5332923963099466,0.3534906735072921,0.11877359254815112,True
47057,Viscaria vulgaris,mixed_uncertain,not_evaluable_ambiguous_palette_composition,red_pink,0.47919155547942344,red_pink,blue_purple,0.4509928839716489,0.3715377730180327,0.10765378246139073,True
47070,Viscaria vulgaris,mixed_uncertain,not_evaluable_ambiguous_palette_composition,red_pink,0.33005230094522603,red_pink,blue_purple,0.3289462778677622,0.2453809887684241,0.08467131217680193,True
47080,Viscaria vulgaris,mixed_uncertain,not_evaluable_ambiguous_palette_composition,red_pink,0.3539599115097551,red_pink,blue_purple,0.3801007570599884,0.24542392380120062,0.10853598770855447,True
47083,Viscaria vulgaris,mixed_uncertain,not_evaluable_ambiguous_palette_composition,red_pink,0.3656360738548617,white,red_pink,0.6658670893820341,0.22764876769558523,0.13798730615927646,True
47090,Viscaria vulgaris,mixed_uncertain,not_evaluable_ambiguous_palette_composition,red_pink,0.42530855387736116,white,red_pink,0.5574509270284908,0.1930717009968576,0.23223685288050355,True
47096,Viscaria vulgaris,mixed_uncertain,not_evaluable_ambiguous_palette_composition,red_pink,0.33182952540426547,white,red_pink,0.8658656686668728,0.311316281905241,0.020513243499024447,False
47097,Viscaria vulgaris,mixed_uncertain,not_evaluable_ambiguous_palette_composition,red_pink,0.3964404395603962,white,red_pink,0.6990221445975099,0.3012304886853829,0.09520995087501333,True
47207,Johnstonella angustifolia,mixed_uncertain,not_evaluable_ambiguous_palette_composition,red_pink,0.6965832325480938,yellow_orange,red_pink,0.7124464765640438,0.6558449753366815,0.04073825721141233,True
47312,Erythranthe erubescens,mixed_uncertain,not_evaluable_ambiguous_palette_composition,red_pink,0.3606081855354715,white,red_pink,0.692594348623833,0.24646612114484376,0.11414206439062777,True
47315,Erythranthe erubescens,mixed_uncertain,not_evaluable_ambiguous_palette_composition,red_pink,0.30829542087342193,white,red_pink,0.7286228267045313,0.20259314847054977,0.10570227240287217,True
47316,Erythranthe erubescens,mixed_uncertain,not_evaluable_ambiguous_palette_composition,red_pink,0.41104256091921987,white,red_pink,0.568249547876457,0.17963371642927298,0.2314088444899469,True
47317,Erythranthe erubescens,mixed_uncertain,not_evaluable_ambiguous_palette_composition,red_pink,0.4085863068596035,white,red_pink,0.6137925243707859,0.2399395801231829,0.16864672673642062,True
47325,Erythranthe erubescens,mixed_uncertain,not_evaluable_ambiguous_palette_composition,red_pink,0.34035828654371475,white,red_pink,0.6914218640055653,0.21452612418251357,0.12583216236120118,True
47326,Erythranthe erubescens,mixed_uncertain,not_evaluable_ambiguous_palette_composition,red_pink,0.3483898453817144,white,red_pink,0.7038125569123242,0.23884704605322335,0.10954279932849106,True
47333,Erythranthe erubescens,mixed_uncertain,not_evaluable_ambiguous_palette_composition,red_pink,0.4191559543962865,white,red_pink,0.5906025435260791,0.22976307231778717,0.18939288207849933,True
47337,Erythranthe erubescens,mixed_uncertain,not_evaluable_ambiguous_palette_composition,red_pink,0.3434945067724495,white,red_pink,0.7347211349253328,0.2576551213072618,0.08583938546518771,True
47346,Erythranthe erubescens,mixed_uncertain,not_evaluable_ambiguous_palette_composition,blue_purple,0.3948715653913023,white,blue_purple,0.6137343485554472,0.20953478089209332,0.18533678449920898,True
47347,Erythranthe erubescens,mixed_uncertain,not_evaluable_ambiguous_palette_composition,blue_purple,0.4251105504834965,white,blue_purple,0.572457842789237,0.2085194440242272,0.2165911064592693,True
47348,Erythranthe erubescens,mixed_uncertain,not_evaluable_ambiguous_palette_composition,red_pink,0.37682034953518,white,red_pink,0.6482256720459573,0.2263955761440758,0.15042477339110422,True
47349,Erythranthe erubescens,mixed_uncertain,not_evaluable_ambiguous_palette_composition,red_pink,0.4417078452055862,white,red_pink,0.5396973682310947,0.1993531450627416,0.2423547001428446,True
47350,Erythranthe erubescens,mixed_uncertain,not_evaluable_ambiguous_palette_composition,red_pink,0.46866092219493766,white,red_pink,0.5000131405522007,0.19061797082528795,0.27804295136964974,True
47360,Erythranthe erubescens,mixed_uncertain,not_evaluable_ambiguous_palette_composition,red_pink,0.36820997801202837,white,red_pink,0.6735535345461009,0.23965807767168879,0.1285519003403396,True
47362,Erythranthe erubescens,mixed_uncertain,not_evaluable_ambiguous_palette_composition,blue_purple,0.3903027721666353,red_pink,blue_purple,0.5536046331913432,0.2502194325718671,0.1400833395947682,True
47365,Erythranthe erubescens,mixed_uncertain,not_evaluable_ambiguous_palette_composition,red_pink,0.4311506923932447,white,red_pink,0.542325927652741,0.1797112233830507,0.251439469010194,True
47366,Erythranthe erubescens,mixed_uncertain,not_evaluable_ambiguous_palette_composition,red_pink,0.3689488387695339,white,red_pink,0.6702475388837061,0.23746558245956753,0.13148325630996635,True
47369,Erythranthe erubescens,mixed_uncertain,not_evaluable_ambiguous_palette_composition,red_pink,0.344591402686547,white,red_pink,0.7143494378023257,0.2427162174513533,0.10187518523519368,True
47382,Erythranthe erubescens,mixed_uncertain,not_evaluable_ambiguous_palette_composition,red_pink,0.39127434186584364,white,red_pink,0.5735340927346257,0.1404759138423151,0.2507984280235286,True
47385,Erythranthe erubescens,mixed_uncertain,not_evaluable_ambiguous_palette_composition,red_pink,0.3675209740015648,white,red_pink,0.6438190531438541,0.20504992848883766,0.16247104551272715,True
47392,Erythranthe erubescens,mixed_uncertain,not_evaluable_ambiguous_palette_composition,red_pink,0.4789721612375481,white,red_pink,0.5306806175754762,0.26058356425337886,0.21838859698416924,True
47393,Erythranthe erubescens,mixed_uncertain,not_evaluable_ambiguous_palette_composition,red_pink,0.4230743456467671,white,red_pink,0.5661597260697596,0.20242962448887278,0.22064472115789432,True
47399,Erythranthe erubescens,mixed_uncertain,not_evaluable_ambiguous_palette_composition,red_pink,0.37217009172597515,white,red_pink,0.6929471673084479,0.2633948176163488,0.10877527410962634,True
47411,Malva thuringiaca,mixed_uncertain,not_evaluable_ambiguous_palette_composition,red_pink,0.3814558637558333,white,red_pink,0.688138386986713,0.27238291698247896,0.10907294677335433,True
47432,Malva thuringiaca,mixed_uncertain,not_evaluable_ambiguous_palette_composition,red_pink,0.41906967229872744,white,red_pink,0.6213004285914563,0.26544054064536887,0.15362913165335856,True
47479,Malva thuringiaca,mixed_uncertain,not_evaluable_ambiguous_palette_composition,red_pink,0.3612035248351709,white,red_pink,0.7054198475446032,0.25852790764367223,0.10267561719149865,True
47490,Malva thuringiaca,mixed_uncertain,not_evaluable_ambiguous_palette_composition,red_pink,0.4680732341157167,white,red_pink,0.5399889599948754,0.252834304892357,0.21523892922335974,True
47511,Causonis japonica,mixed_uncertain,not_evaluable_ambiguous_palette_composition,white,0.4385536649039123,white,yellow_orange,0.3941753211792303,0.1938301611695665,0.2447235037343458,True
47515,Causonis japonica,mixed_uncertain,not_evaluable_ambiguous_palette_composition,red_pink,0.4696034986821801,white,red_pink,0.5037819200756146,0.19993159264797178,0.2696719060342083,True
47516,Causonis japonica,mixed_uncertain,not_evaluable_ambiguous_palette_composition,yellow_orange,0.4668291123624408,white,yellow_orange,0.543439663191866,0.10152413531099931,0.3653049770514415,True
47547,Causonis japonica,mixed_uncertain,not_evaluable_ambiguous_palette_composition,white,0.4427874253253936,white,yellow_orange,0.440718077659533,0.050961612699730485,0.39182581262566313,True
47586,Causonis japonica,mixed_uncertain,not_evaluable_ambiguous_palette_composition,yellow_orange,0.49191602070897555,white,yellow_orange,0.5202866504569406,0.1129926914011215,0.37892332930785405,True
47699,Cartrema americanum,mixed_uncertain,not_evaluable_ambiguous_palette_composition,yellow_orange,0.45074927203664045,white,yellow_orange,0.555046735154705,0.07729910293344126,0.37345016910319917,True
47736,Gazania rigens,mixed_uncertain,not_evaluable_ambiguous_palette_composition,white,0.43587289252397116,white,yellow_orange,0.4246741121236994,0.10173950201421098,0.3341333905097602,True
47824,Senegalia berlandieri,mixed_uncertain,not_evaluable_ambiguous_palette_composition,white,0.4121426923192742,white,yellow_orange,0.33260530568675684,0.2442809605159685,0.16786173180330569,True
47827,Senegalia berlandieri,mixed_uncertain,not_evaluable_ambiguous_palette_composition,white,0.3974500932129556,white,yellow_orange,0.3703609343605855,0.14608999540667983,0.2513600978062758,True
47890,Senegalia berlandieri,mixed_uncertain,not_evaluable_ambiguous_palette_composition,white,0.42188716735603143,white,yellow_orange,0.3163129012001699,0.279876689212167,0.14201047814386442,True
48094,Distimake dissectus,mixed_uncertain,not_evaluable_ambiguous_palette_composition,white,0.48816699239261085,white,yellow_orange,0.47267725694856716,0.12556899965782062,0.3625979927347902,True
48104,Phlomoides tuberosa,mixed_uncertain,not_evaluable_ambiguous_palette_composition,red_pink,0.3826838223789737,white,red_pink,0.6196269664392173,0.20088489411115656,0.18179892826781713,True
48110,Phlomoides tuberosa,mixed_uncertain,not_evaluable_ambiguous_palette_composition,red_pink,0.42554015775365983,red_pink,blue_purple,0.4298328886665145,0.31287794715091277,0.11266221060274706,True
48112,Phlomoides tuberosa,mixed_uncertain,not_evaluable_ambiguous_palette_composition,red_pink,0.38631425126578295,white,red_pink,0.707762695533365,0.29430513177769246,0.09200911948809049,True
48116,Phlomoides tuberosa,mixed_uncertain,not_evaluable_ambiguous_palette_composition,blue_purple,0.48126700034855147,red_pink,blue_purple,0.5305548889743026,0.36384901355268834,0.11741798679586313,True
48126,Phlomoides tuberosa,mixed_uncertain,not_evaluable_ambiguous_palette_composition,red_pink,0.41025950450604515,white,red_pink,0.5746926146558206,0.18887647322166473,0.22138303128438042,True
48132,Phlomoides tuberosa,mixed_uncertain,not_evaluable_ambiguous_palette_composition,white,0.4359065893091434,white,red_pink,0.4717899399393589,0.16370435933576447,0.27220222997337895,True
48136,Phlomoides tuberosa,mixed_uncertain,not_evaluable_ambiguous_palette_composition,white,0.46870219858763656,white,blue_purple,0.47088478774407394,0.23066691926064556,0.238035279326991,True
48155,Phlomoides tuberosa,mixed_uncertain,not_evaluable_ambiguous_palette_composition,white,0.45595963208249407,white,red_pink,0.4828581192489893,0.19218704501080475,0.2637725870716893,True
48161,Phlomoides tuberosa,mixed_uncertain,not_evaluable_ambiguous_palette_composition,red_pink,0.27347842419535207,red_pink,blue_purple,0.15380972189354095,0.25325483900293855,0.020223585192413518,False
48163,Phlomoides tuberosa,mixed_uncertain,not_evaluable_ambiguous_palette_composition,blue_purple,0.4745413997235318,white,blue_purple,0.5703729612636549,0.2942943841578143,0.18024701556571754,True
48171,Phlomoides tuberosa,mixed_uncertain,not_evaluable_ambiguous_palette_composition,red_pink,0.3834405877882201,white,red_pink,0.6813171095147307,0.2693634729439532,0.11407711484426691,True
48178,Phlomoides tuberosa,mixed_uncertain,not_evaluable_ambiguous_palette_composition,white,0.4497588379730492,white,red_pink,0.49107175639965095,0.1595427491196178,0.2902160888534314,True
48181,Phlomoides tuberosa,mixed_uncertain,not_evaluable_ambiguous_palette_composition,white,0.5055120273565314,white,yellow_orange,0.45820137275083683,0.21546443952704264,0.2900475878294888,True
48201,Conospermum caeruleum,mixed_uncertain,not_evaluable_ambiguous_palette_composition,blue_purple,0.517681175820567,white,blue_purple,0.5844106562722252,0.37191596427508855,0.1457652115454785,True
48213,Conospermum caeruleum,mixed_uncertain,not_evaluable_ambiguous_palette_composition,blue_purple,0.5244551802804777,white,blue_purple,0.5293268419260315,0.32973977074513305,0.1947154095353446,True
48254,Conospermum caeruleum,mixed_uncertain,not_evaluable_ambiguous_palette_composition,blue_purple,0.5210711056819191,white,blue_purple,0.5894629419564653,0.3807577300338337,0.14031337564808538,True
48281,Conospermum caeruleum,mixed_uncertain,not_evaluable_ambiguous_palette_composition,blue_purple,0.5040925762916978,white,blue_purple,0.503568089754737,0.26283295414701263,0.24125962214468516,True
48463,Anemonoides quinquefolia,mixed_uncertain,not_evaluable_ambiguous_palette_composition,red_pink,0.4768656806826222,white,red_pink,0.550231260063039,0.2811872936110066,0.1956783870716156,True
48506,Anemonoides blanda,mixed_uncertain,not_evaluable_ambiguous_palette_composition,blue_purple,0.48057278195718106,white,blue_purple,0.5729446222843646,0.30663317857829797,0.1739396033788831,True
48524,Anemonoides blanda,mixed_uncertain,not_evaluable_ambiguous_palette_composition,white,0.46998305869974294,white,yellow_orange,0.39780618491106295,0.2515167886106175,0.21846627008912545,True
48527,Anemonoides blanda,mixed_uncertain,not_evaluable_ambiguous_palette_composition,yellow_orange,0.4336969456189285,white,yellow_orange,0.610692257719784,0.19269775683479554,0.24099918878413298,True
48587,Anemonoides blanda,mixed_uncertain,not_evaluable_ambiguous_palette_composition,blue_purple,0.3452761534820668,red_pink,blue_purple,0.5880575184559181,0.20689337540164654,0.13838277808042027,True
48593,Anemonoides blanda,mixed_uncertain,not_evaluable_ambiguous_palette_composition,blue_purple,0.4999390180866263,white,blue_purple,0.5480793641412866,0.3108110192753611,0.18912799881126519,True
48615,Sambucus mexicana,mixed_uncertain,not_evaluable_ambiguous_palette_composition,white,0.5261414362721146,white,yellow_orange,0.49348497001176245,0.18509813466257158,0.34104330160954305,True
48629,Sambucus mexicana,mixed_uncertain,not_evaluable_ambiguous_palette_composition,white,0.512113743428807,white,yellow_orange,0.4930485340398119,0.1418656025389709,0.3702481408898361,True
48647,Sambucus mexicana,mixed_uncertain,not_evaluable_ambiguous_palette_composition,white,0.520834575071666,white,yellow_orange,0.4393741696287436,0.28103935309607686,0.2397952219755891,True
48658,Sambucus mexicana,mixed_uncertain,not_evaluable_ambiguous_palette_composition,yellow_orange,0.512255347913391,yellow_orange,blue_purple,0.49240665597662786,0.2760954373761369,0.2361599105372541,True
48801,Anemone pavonina,mixed_uncertain,not_evaluable_ambiguous_palette_composition,blue_purple,0.43934046720075565,red_pink,blue_purple,0.5792513679374234,0.33661177675254417,0.10272869044821148,True
48824,Anemone pavonina,mixed_uncertain,not_evaluable_ambiguous_palette_composition,blue_purple,0.5036594113069176,red_pink,blue_purple,0.5844158441976997,0.41941041652733113,0.08424899477958647,True
48845,Anemone pavonina,mixed_uncertain,not_evaluable_ambiguous_palette_composition,white,0.41628367223798535,white,blue_purple,0.4616282417877818,0.115318162458915,0.30096550977907033,True
48848,Anemone pavonina,mixed_uncertain,not_evaluable_ambiguous_palette_composition,blue_purple,0.5067927289215369,red_pink,blue_purple,0.5294093283304545,0.39638637526830905,0.11040635365322787,True
48853,Anemone pavonina,mixed_uncertain,not_evaluable_ambiguous_palette_composition,red_pink,0.4366378652379766,white,red_pink,0.5222932400226472,0.15270126620489935,0.2839365990330772,True
48855,Anemone pavonina,mixed_uncertain,not_evaluable_ambiguous_palette_composition,red_pink,0.4589999692965348,white,red_pink,0.5424708491344153,0.2391305743240831,0.2198693949724517,True
48862,Anemone pavonina,mixed_uncertain,not_evaluable_ambiguous_palette_composition,blue_purple,0.3924507357388371,red_pink,blue_purple,0.6853446120000635,0.33081171244873986,0.06163902329009724,True
48866,Anemone pavonina,mixed_uncertain,not_evaluable_ambiguous_palette_composition,blue_purple,0.6133504300505354,red_pink,blue_purple,0.6039344894198508,0.5527788840577517,0.06057154599278369,True
48870,Anemone pavonina,mixed_uncertain,not_evaluable_ambiguous_palette_composition,blue_purple,0.42131804876314766,white,blue_purple,0.7347108787213308,0.35308577347280795,0.0682322752903397,True
48873,Anemone pavonina,mixed_uncertain,not_evaluable_ambiguous_palette_composition,red_pink,0.3412447549116492,white,red_pink,0.6636151480680597,0.182961724222505,0.15828303068914418,True
48876,Anemone pavonina,mixed_uncertain,not_evaluable_ambiguous_palette_composition,blue_purple,0.45099236496731343,white,blue_purple,0.5690080800593087,0.2528474794165588,0.19814488555075466,True
48878,Anemone pavonina,mixed_uncertain,not_evaluable_ambiguous_palette_composition,blue_purple,0.383771698763178,white,blue_purple,0.6050268073158046,0.17365083375028859,0.21012086501288943,True
48884,Anemone pavonina,mixed_uncertain,not_evaluable_ambiguous_palette_composition,red_pink,0.33605183024712076,white,red_pink,0.6646951671072767,0.174613241215576,0.16143858903154476,True
48922,Salvia polystachia,mixed_uncertain,not_evaluable_ambiguous_palette_composition,blue_purple,0.4506092725470715,white,blue_purple,0.5390019528107023,0.20854600024106376,0.24206327230600774,True
48941,Salvia polystachia,mixed_uncertain,not_evaluable_ambiguous_palette_composition,blue_purple,0.4318349695480136,white,blue_purple,0.6199339074099185,0.27933788553149147,0.15249708401652212,True
48951,Salvia polystachia,mixed_uncertain,not_evaluable_ambiguous_palette_composition,blue_purple,0.5394885236493788,white,blue_purple,0.5196978775683926,0.34329001368201173,0.1961985099673671,True
48960,Salvia polystachia,mixed_uncertain,not_evaluable_ambiguous_palette_composition,blue_purple,0.5181952016250182,white,blue_purple,0.5137108278768568,0.3016315454299657,0.21656365619505252,True
49028,Tiarella stolonifera,mixed_uncertain,not_evaluable_ambiguous_palette_composition,white,0.524147035800234,white,yellow_orange,0.4936385032997373,0.17892922401094638,0.3452178117892877,True
49084,Tiarella stolonifera,mixed_uncertain,not_evaluable_ambiguous_palette_composition,white,0.4318218743194095,white,yellow_orange,0.4292337124083704,0.054385767277642126,0.3774361070417674,True
49200,Centaurea polyacantha,mixed_uncertain,not_evaluable_ambiguous_palette_composition,blue_purple,0.54753199068057,red_pink,blue_purple,0.6339609081677812,0.4893473953996426,0.0581845952809274,True
49201,Centaurea polyacantha,mixed_uncertain,not_evaluable_ambiguous_palette_composition,red_pink,0.3241281200816462,white,red_pink,0.7288555019095645,0.22616259007868847,0.09796553000295774,True
49211,Centaurea polyacantha,mixed_uncertain,not_evaluable_ambiguous_palette_composition,red_pink,0.4638827875821165,red_pink,blue_purple,0.4639540785890788,0.3438942337252128,0.11998855385690371,True
49220,Centaurea polyacantha,mixed_uncertain,not_evaluable_ambiguous_palette_composition,yellow_orange,0.5186632526192338,yellow_orange,red_pink,0.49900867079166644,0.3210807080288353,0.19758254459039853,True
49227,Centaurea polyacantha,mixed_uncertain,not_evaluable_ambiguous_palette_composition,white,0.4591544607633122,white,red_pink,0.4555079099838569,0.2422364644027834,0.21691799636052878,True
49232,Centaurea polyacantha,mixed_uncertain,not_evaluable_ambiguous_palette_composition,red_pink,0.48316790796133824,red_pink,blue_purple,0.49820404881679675,0.3488392180054745,0.13432868995586372,True
49233,Centaurea polyacantha,mixed_uncertain,not_evaluable_ambiguous_palette_composition,red_pink,0.42346500287775607,red_pink,blue_purple,0.45487789470223305,0.2935195140137679,0.12994548886398816,True
49239,Centaurea polyacantha,mixed_uncertain,not_evaluable_ambiguous_palette_composition,red_pink,0.4139666695847515,white,red_pink,0.5650174189715971,0.1806281028149076,0.23333856676984388,True
49285,Centaurea polyacantha,mixed_uncertain,not_evaluable_ambiguous_palette_composition,red_pink,0.42464055599902906,yellow_orange,red_pink,0.8272943703431507,0.4005562160998216,0.02408433989920744,False
49296,Centaurea polyacantha,mixed_uncertain,not_evaluable_ambiguous_palette_composition,red_pink,0.47545242732758236,red_pink,blue_purple,0.48483350958669885,0.3467144782321372,0.12873794909544517,True
49299,Centaurea polyacantha,mixed_uncertain,not_evaluable_ambiguous_palette_composition,red_pink,0.38864251202577305,white,red_pink,0.6342462605705048,0.23010699911959862,0.15853551290617443,True
49350,Lysimachia loeflingii,mixed_uncertain,not_evaluable_ambiguous_palette_composition,blue_purple,0.4939301413049028,white,blue_purple,0.5009711415198425,0.23874234763225896,0.2551877936726439,True
49370,Lysimachia loeflingii,mixed_uncertain,not_evaluable_ambiguous_palette_composition,white,0.4982179213092096,white,blue_purple,0.4770865986491964,0.2780873514210634,0.22013056988814622,True
49395,Lysimachia loeflingii,mixed_uncertain,not_evaluable_ambiguous_palette_composition,blue_purple,0.48617872319093397,white,blue_purple,0.5050590569300435,0.22902256031689655,0.2571561628740374,True
49542,Asarum reflexum,mixed_uncertain,not_evaluable_ambiguous_palette_composition,red_pink,0.536557032502569,yellow_orange,red_pink,0.7586989921022749,0.49909568436989504,0.03746134813267399,True
49577,Asarum reflexum,mixed_uncertain,not_evaluable_ambiguous_palette_composition,red_pink,0.32945284399968583,white,red_pink,0.7014813549555579,0.2078340989539724,0.12161874504571343,True
49610,Trollius albiflorus,mixed_uncertain,not_evaluable_ambiguous_palette_composition,yellow_orange,0.5054600525801098,white,yellow_orange,0.5140683017025377,0.1424601406604051,0.3629999119197047,True
49617,Trollius albiflorus,mixed_uncertain,not_evaluable_ambiguous_palette_composition,white,0.4199082618792616,white,yellow_orange,0.41734725497843067,0.053232011519368495,0.3666762503598931,True
49648,Trollius albiflorus,mixed_uncertain,not_evaluable_ambiguous_palette_composition,yellow_orange,0.4623832877016551,white,yellow_orange,0.5781407024820463,0.19114773215526087,0.2712355555463942,True
49680,Trollius albiflorus,mixed_uncertain,not_evaluable_ambiguous_palette_composition,white,0.4037152542769617,white,yellow_orange,0.34104035975802993,0.21711252624414118,0.18660272803282052,True
49691,Trollius albiflorus,mixed_uncertain,not_evaluable_ambiguous_palette_composition,white,0.4828810051069508,white,yellow_orange,0.46565279376919466,0.13114801492276476,0.351732990184186,True
49811,Sideranthus spinulosus,mixed_uncertain,not_evaluable_ambiguous_palette_composition,yellow_orange,0.48770238438789937,white,yellow_orange,0.519212719921265,0.08724771952730884,0.40045466486059056,True
49864,Sideranthus spinulosus,mixed_uncertain,not_evaluable_ambiguous_palette_composition,white,0.46017620188643565,white,yellow_orange,0.4543770864456576,0.0782355360923115,0.38194066579412417,True
49977,Pseudo-fumaria lutea,mixed_uncertain,not_evaluable_ambiguous_palette_composition,white,0.523134968630287,white,yellow_orange,0.49741416646918835,0.16501114334046804,0.3581238252898189,True
