photo_id,observation_id,inat_taxon_id,cell_id,rank,origin
141863163,86143907,499914,-1,00009267689086401e743507266e9b97155ed699ac56828b5209bb6b02ef0234,breadth
469369149,261278270,777835,-1,0000a6dfbe179597f35a27b1457e8ffa2d74c1d1e8263c73ac3e62ff9bf87c81,breadth
364470041,206086778,75265,-1,000382691b76b79d819952b05618a6adb6929d71702271ebbfacea61c1566980,breadth
723480597,394625573,336217,-1,00065844708cf4358f9e96da2058bb8e7a150e13e01c0a817198c89df97b3817,breadth
605311018,333417688,326183,-1,000bee41726e7c1c5686adcd08dba71abd8f5932a42ca8509a4bc6948e525a53,breadth
206531987,122011175,704436,-1,000bff2098683b24cfa9388383e485e27295317db8c5713c781a977b8fb6f300,breadth
79907115,50323528,543625,-1,001a39ea914653efbb12886a3c167af31b16382b1166e48e9536ec67b91428c5,breadth
108741371,67321263,1003611,-1,001c6ddeacd581c41aa2c032467057c470ae918220212abb45809618b68e0e34,breadth
267236335,154648321,130068,-1,0023aeec3893047c5af1382615bb206cf7e7c14fbd400b3332e7bdb9428d33c7,breadth
573791990,317551305,275379,-1,00297845f0f30c1c66fdc9953ff8a2dc9b6aec0089730cb97702c195d10c4db2,breadth
429598876,241073348,740973,-1,002d18cdc6d0b609a40c6e1bc421e173946c623aa5fcadf700b16a6a93bfbda4,breadth
216165933,127332973,1148652,-1,00387fd2509a22e0b90f2b54f1f888d5be696bf31c2adf31401476656f5ed9c8,breadth
108626396,67263180,83487,-1,003c38cdc22e5ba80500df512416d0b5e664d13783ba23d0a7a973462495fe62,breadth
177332169,105660059,287688,-1,003de1d0482d20b9db70e3583a560bb1313b2b79bb98043e4043bab2823462d4,breadth
357903250,202633814,78917,-1,003e1871cb8e3db905e9e5b55bd60f2f24a9fd3f04273c48ab1ae27de064334c,breadth
660245743,361765934,126565,-1,0044cc3cb022abd3d901da9fd7b69b246d0f98f2feb5680c23377ddd76afef35,breadth
404812349,228143015,498114,-1,004695b6d99b1783ba4cc816a00e9105e2fbff3b357335e3d61373b934190df0,breadth
474142036,263883723,367912,-1,0048ac8f3befacc22f5f511a371b55a6b79087568431fb66564e6d6c8b9ad3d7,breadth
198214928,117372751,341172,-1,00590c66a2a4310a23ea1a670f84fa58476d5a48b5118113ffbad81fc62727a7,breadth
256581404,148944226,425427,-1,0059b8faddf90fd53f2ede7db9e67c4e3216d4b61adb7ff5d861a3b4d4ee598d,breadth
66823037,42099788,370080,-1,005bb598ea4a8beda103bdb4dc4620c1c79775014dcedbee1e9047c6d8b011d2,breadth
648690413,355712087,334576,-1,005d204f577badb0b09f9b5712d66ac70aa898a6d2cf5752a6c754f8ccf0a716,breadth
178880540,106480953,135379,-1,006fea036cfe5bfbea61d0f5d8361ec939cb5443554db3df0a49e440da3ecfe5,breadth
513896523,285885930,1398065,-1,00784b255e4441de870be2569a8b19938b118c15ce63027fb5d89731c6bab4e5,breadth
250569676,145827412,467315,-1,007b5b56e75e264c0c3675dc119d3c7e1e471aafc1d2e9312bb80356f7852859,breadth
651988446,357466610,566740,-1,0087548bf5a17f5ef30311a12bb1543bad92f6c20d6d65e0ee9519c548b3f21d,breadth
668249034,365985100,340403,-1,008962260542c71dce0e1f0c6727bf014d3ddd5a1227ca38f2e2e5718d681de5,breadth
604421705,332978463,824568,-1,008dc3febec6c920e69e0e6a06e9c220e01eee8edde4af90247db0a9682e60f5,breadth
218170828,128442160,821033,-1,008f0ee08443dbd8db1884b028cd9cd2853dcf8ae3492bed13f4bb2d26dbb88f,breadth
585956805,323800164,570581,-1,00933a378a83e1cd7478c16ebf7ee03d30759e7018ce0109b2263a434f6e1c2c,breadth
727652657,396777634,77349,-1,00970bfd225e42c79f550fbc72ecf36674f66082a26930543980f4275c9bfee7,breadth
600364255,331001478,52793,-1,00980e702a4baa1f87a9a71d608df3f425479f6739b8398d31af20ddb1875333,breadth
295978962,170632198,321149,-1,0098bbf3de7a1455b283d3baaa6c568ffe968975783a7ede794ce3d26e236072,breadth
545301481,302569107,207950,-1,0099be7ea06761ecc95f60a37007117861336e166775199b004e927bdd18bfaf,breadth
247596176,144279791,336531,-1,0099c26c5eda111c594cadb9ae60be9b192c8b9292116c39d3751f283f114b80,breadth
578054509,319760427,511271,-1,009e659c94c15261acb498fe31417df9988d72ecf0aba07a36d514649a57315f,breadth
303031736,174433810,485081,-1,009fcabf8ed24af807d1504c0cc99849ef299c560f06d51699b2830f032301a4,breadth
177023568,105498041,705783,-1,00a240d6a9e29b21b4ded393d4a9fe060eec2f5bbca0d12a3e50d33e0985db5d,breadth
579459590,320487573,558254,-1,00a35b262a51aa88a13587e75bab9833e62ae645a35e2d6c94e9510d970736c5,breadth
69199125,18997802,705726,-1,00a532409c59affb511ebcb90aa65ffc55866c3a66ac22d4e39330b793e503fc,breadth
705247577,385228821,1292257,-1,00a937dfc2995bdf8c24e705576c9f778b147b0a5a13af4dabb75c0479b3c095,breadth
546111575,303006732,1353361,-1,00a9e9d09b4b90d9ffeeff88a25a2ed817f196078c84d0fed4885bf2f9fc74e3,breadth
311046116,178725257,583587,-1,00af14ab0b84c79f02ce9229a91d13cf781d59323be4df73effb857d8b925402,breadth
309432074,177879159,362619,-1,00b4831d718d17a1f4163a06ee41f75bc67c530ecc617197014a58ddf7b045ce,breadth
239477184,139951539,369438,-1,00b6dca4c85afa4000e89f4847ad37a654d9e8a7466ec4706dffe1bce8bae3ce,breadth
107339647,66566665,841555,-1,00b7a8e5fb7ef5f519556197230bac89e19b329428ff99d6197c65e7f888bd35,breadth
220970058,129977829,601692,-1,00b8dd4a88046620fc25e10ee92add30fb8d1ddeab813c11c810509dd79d7911,breadth
625302203,343288233,75360,-1,00bbdbb06b704a1ff8566933c42e5539be8b2b927a1e0ae01c9dcaa521d13217,breadth
292681487,168853497,82810,-1,00bee480b9b1697faad5b158ad9a2466fe1d3672b47ad4d46d7dd1748e1f5128,breadth
31373105,20318040,702063,-1,00caa28ed5f20a77492f13761a0f638b055bc7c7c7b9f454910f403c0838676c,breadth
224531598,131903298,1467121,-1,00d131a7fa8bafd50ec198137b40df9c64da14e9debdda5f46b230ec50f50966,breadth
28994100,18916742,223669,-1,00d24965da2b04ce1596d059c6baeeb3e593f3b3be8d1d1da9e31ba3c83a9b7d,breadth
245743280,143299976,556808,-1,00d6891b2357eb52d300939c8527c7b4aa85581fa5d0324fa8b420073381fe37,breadth
720377112,393044167,169769,-1,00d8219ea547d83602169d7a35b8b651dedb97f7ddc8e21238bc650a08eb51a0,breadth
727753795,396826691,705119,-1,00d9ff96f90c249f82352be325ea87ca4e38e35a37b5c1a781c6fe85e6546e50,breadth
563114460,311918442,736854,-1,00e25282b645bc2893265e65a1d4ef947b23c6d53b2e7f9284bf6266423d81cc,breadth
176690609,105323201,1043791,-1,00e4fc8cfa9a9bcaf18c19cd4cd7e6029401a8a72681ebaa7fcc89b9076c671e,breadth
308986145,177638153,830731,-1,00e6d062e05ec7b815103ff035453df18e36e7fcdc2f93a9406d4063514ed3b4,breadth
355022864,201147586,53353,-1,00ea1b20fe4a2626c01300d7c2e7355e804bcd2b3cc330b13dc530740b4a8076,breadth
727505410,396702196,127907,-1,00ead723e0446a55b919c3bf0d7c5a11379e9e839c1f837d82e10890c30eb378,breadth
74385830,46904154,545027,-1,00ed3cc11893932811fb64fe081f7b5c3083e59bd5d54e2d0470f456be628f21,breadth
585815276,323730769,1244028,-1,00f1cd6d1c2215336f63afc6e0c5dedcc059c76dd42301b48bd8dfec57cfe2d8,breadth
330519036,188782448,435421,-1,00f541c3efe77bc60fd54781d9c42e351a5ff6aebd657a7c3ebc6b674d8b0728,breadth
347117618,197129681,282330,-1,00f552410d9bbe07a51e1e38d2b80b73ff2c0f0241db347bf05044317c37c7a2,breadth
231500761,135707945,1415995,-1,00f5fe7ecffa0ba45ca9d194e71a499f60abaf312f8749469ce511ae752823b4,breadth
41622721,26791347,738842,-1,00f8641e8d2425a74603d7f5d4ad2163efaa80a8f7e601f5f39e4098c6341cb8,breadth
428934243,240731151,340118,-1,00fdbcb8e364b2963ef4c93beb9940ea611e6ec5f35526474f19c99fc2a88147,breadth
572622070,316913682,882776,-1,00fffba920c45663ce87c9e627e5f8127de0bd8f48e960b1967339931088a35a,breadth
345516039,196283195,710823,-1,01019fc3327016e60b2401fc97de8eaee4b2a0f3fd25d4163f7e6f5a471d32a6,breadth
584261814,322925465,70059,-1,01055bf4e64049c411ec1ebce8604da5bb04b8077bf5b5a40853cbec8b764951,breadth
22975439,15339008,168753,-1,010569e1b26a0cf5bf5ee91378b823628c08a7707d07b2dbdc5a8eb32e71b1f6,breadth
271949357,157281012,159818,-1,010e1c2be3d3e3ec4d08e2d4f3d7512b31fc6f6c735e3045ff4c77505c20bfa2,breadth
124009736,75780785,56299,-1,010f7e69e45b9077860b207bfcfb220afe31c3e50e62500a6807995c6aab05c0,breadth
335837942,191437775,404410,-1,011571ad1a6940c06dbd1543bfb0913ced8454136d31f944d786baeb592d53b9,breadth
709041014,387251940,369642,-1,0116608709973ac2903ea75035a1a0ef880c61790599fcb4b248ba76eb43ee2a,breadth
56001279,35511469,1101702,-1,0120616c1807305dc986d46a1fe68e2776eb2cbf86335ae72330149af17f484f,breadth
607950282,334741965,278011,-1,01252b8358f798fb43c68124d21fc89c9f78f4312463465d69d0795a44814136,breadth
64311675,40577818,520974,-1,0125e3409602f0f8258ef9f001c89228bf682f6cb2f42417e956c9b798795300,breadth
202835559,119967167,285059,-1,0125f0fe8137eee953473662274581cb0203c8fc0d36e169c793e6cf07116f10,breadth
430776080,241689188,1459143,-1,012695d4c5ce8f2ee21afc26c7ab7607e9d22d3f120375dbe5fcd2f0cbbb1a38,breadth
61059994,38421512,494266,-1,012febacff582813fe4e91381cae7746bfaf129a45a2c7606d040f574713c6e3,breadth
332284475,189650278,1243890,-1,0136db8c5f5ffd186f0e3943a1467851d54444606540e4b7def99da0c8654a6a,breadth
28142142,18410425,587716,-1,013c55eb4f394585e349aa6e6abce8ed0d0e4e7f2e74f2ac437908087fa55471,breadth
116598192,71599930,1425622,-1,013cf568c068eaa23c711569a46f8bc8f8f6f63c28cd0e87b1bdac10e2a31706,breadth
539077942,299228416,591172,-1,013fa57857e174302c9cd11514d18c0e5a5e994dd7b5b758d25d235e4e8f118e,breadth
724729956,395262377,170343,-1,01403b27494086a893f1736bc54053bd7abfd0628ab88efc09e3a4d4345a386b,breadth
679484321,371878703,431387,-1,0140eb275989f12b5b7e0f681c419974d902ea3abe5b64d4652017b1a4c9c97f,breadth
58524159,36971392,484057,-1,0141f10ef1718a9cc10ace2cfbf734c77edd87d71b504805acd8d11cfb0668c4,breadth
89440621,56139938,1237101,-1,0148074728cbaf2d5062a35eb507f917ef5d6230f5dd6f292e26050b403db048,breadth
204833000,121065932,590625,-1,0148ad5eb10fccf428cfe2801b16494f44a91260002a12ae9cbe8c7bc7345868,breadth
659301832,361270551,902544,-1,0148d345ec1463e7e84fe0e762a5ca745fc5b6d712e29c2a76bec96b96be0ad4,breadth
593306818,327484319,492560,-1,01493cc55c2fb8d3e0066285b20b1c05a518111f843f1cd2e48065d8a3010a0a,breadth
257874051,149633624,343060,-1,0149abd3d1dc06870736edeecf18d2fcfac48ea3a94a5c663e07583ca3f3e812,breadth
292065193,168526268,1468429,-1,014aa0f3439e3df6bfdb21029c035232a5c9b2393aaf707b7290d7ce1c64af17,breadth
725610006,395716585,405172,-1,014b457fa4b4e41a5dccdbe228d4ac1974d0c8288a4db0412563675d5fb8f596,breadth
63882716,40216269,467158,-1,014bde4b3ba6c4960c6ef96329f0777dde62df988f8ee7cf3dba9b0f5ffffb30,breadth
462169742,257619916,278513,-1,014c000a01416ff46ec8ce142b745e8116cb7470102d32c8eee75abd577398dc,breadth
413530333,232743359,82867,-1,014c24540db944c637a0ebcda5e867e2720bae075450f6d7f94bc2e128a8e94f,breadth
591889754,326773894,1507261,-1,015028d1fcc4a4f07f7f047dea7b25ee4eaa38f28bb7e9dd7d2e7e398ae608ca,breadth
177698827,105851049,568326,-1,0152d460084baec684cae829c76ebdf3d84b916b874cc4fdee98188c4f5b7929,breadth
321990983,184460458,1158673,-1,0153c28f31e2b9aba1af81adebfe64cd90e45de220897052075156785b3254ce,breadth
555954700,308171355,1033251,-1,0154c9a86238c2c7b7342df8125d8e7eb98f639dbd782d045210ac90a3930910,breadth
337411163,192229865,772046,-1,0159d2388e0e742e0ce5b3664a509b5b508a474e6b1dbffc2df69721a99362ee,breadth
214358520,126342191,76981,-1,015d4bbdd9a813b5b41cdecfed2749bfc595ec4678b3ff43dbbc2978374dad6c,breadth
257264211,149309860,775726,-1,015d4fc987fa15121ca5f2c064acfe8a6921e9b14a298b2002922750f6c84906,breadth
99817633,62309843,1037568,-1,015dedb9292ddf0f7d6169f12576fcf947f5261ff4fb50a71e0562d76f17dd86,breadth
310381546,178414905,864764,-1,015e488f8ef34e474b2f674ccf96c371b0d21a36b5207b4625a96b70de80deea,breadth
259773559,150629795,131565,-1,01659afb4f2be93e3157df6517f5c856fbcc9d1d5ceaec1ea911c2bdb2618fbe,breadth
361584203,204556999,912062,-1,0165af8d57e97ee0598a789ea86e74e03530dc70c1b2ce6df5fabe1ce2727e0a,breadth
15639827,11078882,587736,-1,0169c90319f7d726fcdb862b01e5496c4ae1bd1753bfaaef7cf5e7fe35b90f18,breadth
598364622,330031927,418054,-1,016a5db1df58fc2e577dcb535f34faafd03b827855482888b9f77b51d5de9612,breadth
610739312,336119194,56019,-1,016aa5a5a8e3855617742a9458f0f73f2537c7be7cf447b3a90264765d0c9bd0,breadth
168695222,101036342,898332,-1,016ba403fe511be85caf5a32a69a1a3279c12c721e222715d9adf7dc2decfab5,breadth
115639459,71064441,359178,-1,016baa4f6cad61dcb0cda75878eaaa042374db117d16fae5e8fa1794e0bdb790,breadth
425772035,239096669,77408,-1,01718d6f3d29d0f1e9a7d2e0789258a506d1d4cd9c00bda031269e14fc255d17,breadth
612897024,337183790,1067944,-1,0171ac4ae85013837b5e1dc08a1010fffec60def2a7c365f4b2a8f0287a043b4,breadth
186756435,110683198,148073,-1,01730652ca4d66263e8fda21d35482ecb73679d8b1f118879fb399bf69ca8ec4,breadth
435074749,243950238,1484251,-1,01730c3f363d74ec74dbd4af412102e96657dbbf8f5ed0745924aac9e5f9df13,breadth
606469423,334011582,712403,-1,017bf706976e142d4e72bf675abc89ebe46f8bd1bb01a87d7f897b2d6c45afb6,breadth
656514778,359811049,1529011,-1,017cf89db143a7fed0efcde00cfbed9e7fab392aee597491a5d0785d8acd699d,breadth
461312094,257188189,281722,-1,017ef73f9ab9860dbbfbdc7b6a02cf705ebd957b273aac21f53bb1db77d6b8f4,breadth
219603990,129238234,1277705,-1,017f54cccf06be68164ed86fb2eeac83884353200203ac542f7bcd0a34edb09d,breadth
343305410,195184213,771305,-1,0181b020a3c2322c2ffb5d58320e06b52047fccc688013f9e4a31426084d8d19,breadth
475676616,264874801,77959,-1,0183ef4c8091322979f254bc186a03139dcba0a27cf9d28afc252bc042cd201d,breadth
622335644,341844176,403844,-1,01851843237529a8c5d9d69c59946c397f1a1f275290e3039eb5275b4bcc0cc4,breadth
585941033,323791707,558688,-1,0188b07021e27e7e1c919239fb84fd6ca220bf3dc7e679ff25b2329d7f8f7337,breadth
125744932,76884818,890482,-1,018a7dd18f82d1e18c0c6ec5d5140dc854edf2eb9b4ac7b715e47ef9a68a7602,breadth
640776749,351156483,287316,-1,018af59d8d5bf07e5627d991ada5912586b6fb9cb62296cf9dea08d036299e4f,breadth
650665802,356787966,181963,-1,01910b151ceeb693a83ad1dc120a1046ef2cc42708669d895abd5ee4432b81c8,breadth
614700040,338061100,586718,-1,01940fdc7d2226840af335b3cb342a809063d154ddd1c12f8eb5f7797629c487,breadth
337497052,192273419,1181735,-1,0194835e314fa90debb35365602312a7f1648a03f930a17e6bed37e8c4397171,breadth
588152723,324908158,577571,-1,0194d8997d62d31e556f5398bbb35d698ce45098bc889235b7186cfad08fe8d0,breadth
249461779,145242716,538663,-1,019599066fc43927fc017047a2d4755f11c4c47337686f2bd19c5fac200d4226,breadth
57753156,36528042,820744,-1,0195e6736ef551ace1b90480ec3f890c02f9e9a7ced0769c2e88846c04fc89ea,breadth
386610699,218480190,57095,-1,01978482a99619478851c8affc7b5b4cd7852b5f244eeb652aa77e83b052f1e0,breadth
71670568,45204391,784930,-1,01992c02a8bf7bdecf172b6a77b709c287ecf4cc739b7fb3f9c2d38d44f98027,breadth
694798591,379816780,902550,-1,019a58b230219044a2c7a7c94b07348bbe9fec08d56de2f16586524fbf4c5667,breadth
481438145,267870202,501464,-1,019ac16a03ad608599c3fee628048e4a1e9ba14a1bd81f2ce58a13453d722f43,breadth
610857883,336180939,48807,-1,019c2316c6cae2a9b73f2016942fee6570745f12a78a975f74c8896d1685b87c,breadth
302975982,174403090,486549,-1,019eec0b409bfcb2b9e568e32a488b71a5779e4e2e7f93267be08dcdb2683ff7,breadth
176369092,105154344,1351412,-1,019f00ed0f774480e9ff496221b521249aafd9a32de313af174fb8f1537207ee,breadth
635234162,348318097,64232,-1,01a00e92a539c4a32087fed72553578daa4b62e01c1e99f27740ff6a3b8ef613,breadth
694779291,379806497,159765,-1,01a17c833b3d14123585edc752983705707093fd5db107217dd60671cab8c317,breadth
477225705,265664221,405973,-1,01a25e0a73ae5d35dea55a7280cb36a314849c9f94135afa60fb08df5af83a86,breadth
301091390,173379462,1080627,-1,01ae28f61020ab7eacee046e05834e1bb39fbcc5e4e89646a2caba45e130071c,breadth
459032999,256074279,592750,-1,01ae3f788d890b99cf3cdeaf24932b676d3c31f0a2d2beaf39389914b9cedada,breadth
717377229,391503101,1524411,-1,01b1d9222a1b80435fab4ec0ac87517cb968b27e62b71313f3935206eb78b7a7,breadth
714994997,390309644,133244,-1,01b5476f3d9e4ebd9a678cf884f16ce2e2a54cf22c4d21de1e99c095dc5dc278,breadth
356391083,201852857,79052,-1,01b88a2c78a688eba06d463aa62188d0bf0a59a2cb83acf90a8c00deffefec52,breadth
398257727,224690395,869441,-1,01b8f9bf1afd6b68b4b24e4926e11a0dcc496b286849e2e7f5162e9e544a9a56,breadth
254289339,147747600,1562437,-1,01ba08877a31540eff6468761d058bb6537ca51deb9cbd72f68f7b6d6f1012f6,breadth
322068937,184500783,1027354,-1,01be073aa1e7ac0a37c91d84f9c8dedd55041abc419639b98aa31647a17e5070,breadth
194876115,115470174,140727,-1,01c039ba3b111d79bd4b2c2254a45fed8acce9921d43002429bebc939c710870,breadth
612382297,336930693,912811,-1,01c4daf1cd19c6d34ecd465e740afa0e94da4284e75d7f818d9ea7090ee5b068,breadth
695966482,380418073,53038,-1,01c5157e08b64e012419f3ee351f6cee6ec7c40c977be5f11545ebcfadc8f423,breadth
449900197,251438641,286505,-1,01c609f8b21e8d2f9a6ed53e56669ac027d012277a6339a3bbe67e33244d4fdb,breadth
31582211,20454218,336376,-1,01cc7c89cad3eff13fe4362a3b5ec2046cb72c9f8956e646a3b4b834e7367d3c,breadth
606610446,334080566,587219,-1,01d03ef8360283a99b8e91e1aba5a7dc7491c6b1b034d36a9b27a4fe9e46de36,breadth
425188676,238794201,934781,-1,01d28ebe0e64f4ee5463d8847833887c807639c88e3de706161c049703ae959a,breadth
7411864,5937508,166688,-1,01d71f51e0105be940bde39a67a4085226a2c9f6fe953bc2769efbb4d7920fc2,breadth
694988549,379912400,167922,-1,01d7222eb704efed74d3fd1ddc4452e259439bb09d4c08a8302ea17306f66194,breadth
549336072,304772551,1143863,-1,01d73644f48de65f41a734d597a3c6f6223ccfeaea3993156c2bcda0e8e819eb,breadth
312845316,179673558,165231,-1,01d8aef4c5ef9434376b371cee04dfaac57b9cf2b25095b279100bdc5229eb03,breadth
719407935,392547121,122608,-1,01dba3ac0c00d7fbad9fa18036a4c735b3f42c548dbccce9fdfaf345f613212e,breadth
458714289,255915827,291302,-1,01dc7df9db1c37f61b22d090b4335b238c7352e3cc1bd60118fca3526ec5c472,breadth
126069960,77095662,170158,-1,01de1be57af917f3fe08da58c5af404fc9a57193e082c26f39dec176dbe64f24,breadth
29296155,19091641,584867,-1,01de7681684d338efbc3fb64f936a94f5ada11755225c2ef01521fa6fe72a91e,breadth
131507466,80246062,277623,-1,01df1829f96610e8a1c154a4cdc5c937c07e3a526ff9956584cfb654851a5022,breadth
204873558,121090851,1375857,-1,01dfb1bc42bb844d6ab6d74ec4f243e6047afb9c82e478764ea5cee45106710e,breadth
99944042,62382918,956050,-1,01e033b402c1d20a5373e05e571160a31277ae2129873e988a5a6663769f5e31,breadth
316119009,181503790,566011,-1,01e0b4773e0a78b2de880726d452918134983b0da6bed201baf068927a448c52,breadth
588073297,324857701,1130874,-1,01e0f1d2ef6a6c6b4fea740b4b2cf65757a9f162bf4d9f6e58e2774af9eaffa7,breadth
254557057,147885885,1177252,-1,01e11ce0692439760b00e36748c987914fa588e0623587000016e642f0f89bb2,breadth
475817114,264948793,291059,-1,01e14f7709e6abf0e626fd2914b23211476e8ea343b1e16f3073cb0886d9a155,breadth
705928213,385594286,57005,-1,01e183446091371d161f1cc5fb44584fcb52d7c624fc2571986c57120c05ea6d,breadth
468029033,260601009,545154,-1,01e28d271a883eb644235dfc7c9a06a4df2df8d01af54244d67c8963c546bbdb,breadth
470977253,262119092,511980,-1,01e2bac4a197f739acc59f76a30eb3a0ca2f1da375e7d4405cef18b7bbe955e7,breadth
576238734,318812490,595687,-1,01e327a0b1d180b41db81fe4d9a2c60970c093e02a09c1fc78d8453030faf514,breadth
145364172,88124200,1265857,-1,01e59861ca4365c58bd961e38bc77f63bc21f7a541459109088a9d0be0ff8700,breadth
39419330,25297670,717223,-1,01e64ccf0936bff9180b8131e40729b5897452c20386db026bbd9c28332f59b9,breadth
249088831,145050491,47602,-1,01e7197e81874755e75e8167815f2a0676096648850653a7985bae50ccac2969,breadth
619054114,340205827,409104,-1,01e8809a664141724187997a243e406b6e1a806731fb7f14c65b1e240b9db3f0,breadth
63941692,40251284,348383,-1,01e89b481861374bc2855c14b4b9d9830b227f6e91abece2fd973bc8224c48ff,breadth
369673400,208919146,592254,-1,01e922d60b72995f8070c354ff5ce3c78bbff6b19e4c70d599309c78157ee6a7,breadth
628345044,344831471,555367,-1,01e928e11cacc9db46bce980c196a5e7852860c8fab49e0ba8b5b395d9b4f4a1,breadth
120934403,74023209,1434817,-1,01e9ed242e58c4271a4fd3a47954d914ca77d503e78497e82f90af546b5fac81,breadth
692818567,378793627,773428,-1,01eb79047f036205f23b6e7e2ce9491641a005c05fc124f1503223ba184d7f58,breadth
684258301,374367189,79020,-1,01eb947975e8db55b35f53dce157eeb5bd28d41ef2e54e27890f252cccbd74fd,breadth
168701743,101039603,1305864,-1,01ebd741a2dc131e420d33027249d769be9f3ee4feb9ac8fe80f5371c8b02f7e,breadth
16546033,11583496,348627,-1,01ece247a381105d34714b21e52cb11d1e1d4ea77ecd13e844701183b9583fe1,breadth
447970583,250473563,601786,-1,01ef139f8ac087906b6a9194fa218325ddbad3c8aae60c4cf58a06dfd017419d,breadth
152800186,92296307,777172,-1,01f0e54527a9293ee15977ad20adfbf41fbdb30b1829e894a23d037e1e652b07,breadth
566688813,313785546,552996,-1,01f48af6dc73b01d81628970ec7f50415d592385e30b1bba28a4a9e25229cb05,breadth
101340678,63174920,520126,-1,01f995457f97a54b6e2596ea714540176de6cbccebbee1c5aa937611b8c84c86,breadth
43113610,27691757,514415,-1,01f9d51d16d6b9fa1a57deecfde94daab6a65ced5022a843d9732650b4e88194,breadth
310704207,178544834,155886,-1,01fd44f92005de6454ea630dfc829d2a4fa7240cf7eb769e87b1b7f8c88ecba8,breadth
187701581,111205757,132448,-1,01feb6cc9aa1ac5b79398c4ed8733b8c1e3447aea8871137ae8f8fc1f03bbeb5,breadth
425851203,239136317,593942,-1,01ff9825a429707351c5fc0093f281369dae411081d432423d4bc94f6d8f34df,breadth
588416798,325032593,532040,-1,0203f4a7a6e284acb113585e537edb999f50b381f8d680e7bc8c740112952383,breadth
672996787,368469846,344585,-1,0207a20a5f7ed7f2bea681702e6b5b65d2979e41dbdb820b6a3a181466ec7b97,breadth
657915745,360552744,1120911,-1,02086a56aec9a90f65a8071fe671762b50a13b23f1e8056c0abb54bca68e80a5,breadth
578690194,320092764,508360,-1,0209bbc9d5852436d42e3c4c8c2577b958d33387264ff3ae14fc5fcb8463ead1,breadth
116364983,71471421,891711,-1,020a5177b40cdd1db5e8fea99e4e9f8a9efdd6a35cf462777dc67b988cf0b4fd,breadth
73753426,46506765,589002,-1,020acf979c975df727a679ce7dcd8aecdf4842caf97ef623a06a1636818953de,breadth
131173612,80054950,54835,-1,020da322036dbd8f3eed3cef893fdc7a490ec2e51fe2198e0fd1fe39bd9ab23b,breadth
200496118,118651971,586452,-1,020f34abf06ac42611826ca94f0da5738fb2f31647613a07fceb85218b827328,breadth
627029331,344151378,1524183,-1,020fcfa061131f4d2b26aa789c6496bcb82eb72195146173358018072f5f8faa,breadth
70910707,44730474,366187,-1,0210dac6a50c1dd63a4766a99b53ac9d135b2d282e8e87a6b9269bb8276e4d1d,breadth
315155649,180879633,431504,-1,0212309e60675bfdb9930c957c4d2c7898b255c48b2e36d52d17d27088da4c28,breadth
251698754,146405027,83869,-1,0213c5e115c3bfc81839731f50371ea4d28679e65d6723ea55418c261b6719b0,breadth
639063588,350265898,53191,-1,02147e567480e6cb6a3a28bedd3bfaa97e8543978525188dc17eb987f28f3c47,breadth
434183411,243489600,601774,-1,02148fdd89d81d06c85df5cd3413252a4db692c1050a05d95648cd0a6cf06593,breadth
152918597,92369493,804805,-1,021646770a18881e19a8169220d276863aa0e7484b77abe1c189a9edcb384ea9,breadth
240400520,140441469,1096811,-1,02176f0a335629877c4d4de5c100b3342975c7c3f60ee87e5843ef5cfd2fe953,breadth
70888116,44715405,1077106,-1,02177d2e47ca0614adaad56919dfd2b1dd1ac763158ae827f200b4b34779d9ac,breadth
692965434,378871618,57049,-1,021849da5d49702da4f99825a8515868e376f5146cfad3e7b85ad8a258ade1bb,breadth
702581346,383846479,1184684,-1,02199ee95ff346f8ad632df7d93b06a3e6ef4b30d92ef0308af724c3448c822a,breadth
457660810,255382533,1075417,-1,021ae071e91443444b80618beee341f41a4464781501c205e4d056c10edb0bd1,breadth
263835696,152806965,594509,-1,021ba6f6a1ae273a733c21de7db9242729a12c74a82d1ac92908750f3249f726,breadth
728039964,396976574,337513,-1,021ba713b5376d566f7b4873461b5653ae0ca0529f8256c713f9150579a49451,breadth
101248839,63120336,1144303,-1,021c6ed20dcab31a972c557f2961cd20c054d30a36f25075463f248b0fe5227c,breadth
379946871,214927604,570613,-1,021c705eef111d5051e467b30c47052db1de612620e6f4ed5a7d8a4001d24bad,breadth
702592574,383851638,64303,-1,02279028769ce30c713f923927f92eef4440ffe3ee8e62889707e138ece2fe26,breadth
354224943,200741345,341064,-1,02288c70cbc9c5dc8e40a6a4931b84c0073a6a0f6e0ba1dd4c2e8fb10713392d,breadth
709762650,387592862,122584,-1,022ca94601d82f7b321b9b1c6eca0dbd03228179afbde4f01e955cc164e1dbb3,breadth
222754983,130941237,586714,-1,022d764fb10bbc869eb82f302cf66d8d285eb85baa2f0b0e54c657f8afdfc48e,breadth
4356846,3745928,399289,-1,022e275a3cffc09012a9256dc7d554f8239d1db7d42fed36dc05f945d4311ab1,breadth
453762366,253426546,1097993,-1,022ef4b61914865f0374df1b275ca5e6a1b8b5e3a0de658a9d4b113ce05805ed,breadth
681690858,373029116,467544,-1,022f4ef22566074ae69af879cbe873c6b0eb17b7c5eee254e25b73ede610989f,breadth
220921359,129951231,163770,-1,0230c93961d95bd1150ec599f16c4f36422d9549120e314b2d37d1f6b08bf121,breadth
336397317,191718458,283754,-1,0231056aa85beae3e870f98150279733172fd2e4238d93fefa94c4aef67d57ad,breadth
52941254,33690294,857813,-1,02318816efd41851afd4c15bc364f67afd49b5463b35d94a1f056d13bfe77495,breadth
324599950,185847488,156037,-1,0236316894dc4b13906c7127deb3a5e948fdc86dd77586c664a353dd0aaf99f7,breadth
447497346,250239924,280645,-1,02384f69671736b411f3a855c2894957acd79dd2ce4d5da5297136bc286d733f,breadth
707491796,386429115,359468,-1,0238a209b684b273c1add8d806b97c22bf8cb9fd663d5a5454a2c681f46d06fb,breadth
361389196,204454839,48537,-1,023c4dff8f27922a29022585b57f9cc84d32501f282becbdaaa3ee0d03eb3180,breadth
435065341,243945155,533464,-1,023d2647222fc7274f270c8b5d17c00bba38914bcbcc66827d4ba72895efcfd8,breadth
129586214,79134283,82341,-1,023f37b47818fc314d46c3a41a7b84bd6b13fa278d82be94bb9d718664bc688c,breadth
419244360,235716035,61253,-1,0243cc325772d0a4a855a54b37ec8def9dac3ef27b9d2cb717e9f8f7ef86b364,breadth
11043082,8316308,160599,-1,02444f29135c0d227055df8554727ea65ab25afd8619419c1211089db4c23a72,breadth
161193718,96980498,145426,-1,024723141e1d3d66421392a18c0f761d0a29f13984b7f9313de5ef864a9fa434,breadth
442644350,247805557,552309,-1,0248672350ba668373a39cc0159aa89709b1539b6e93689ba18ea6d9cc2abdfd,breadth
347131006,197135163,589073,-1,024b2f5731dffc3465dec12a709d314a407ba0bd6cde2f2aa3fa0474d7d232c4,breadth
121001387,74062053,276967,-1,024c412f44bac1f570950725994d53a99d2143df9b549a189df6df03012527df,breadth
565105396,312957014,1146417,-1,024e6e18cdddc023f508422639107158882d46d3ee07cce19d1023ab456ff001,breadth
187065478,110853574,581204,-1,024ed8af823a30b10da7021a9e4295c2eb639a34a7ae8a91d81160f177a7765f,breadth
620641352,340991851,596302,-1,0250ae3c52941af68ab1445c1e6b0ce48b802ef8609b0dfdfae6710dba7306b4,breadth
394448903,222664817,602271,-1,025235c44f8a6c2c50140525551983cab7464d35ae8db62b2039bf012a44945b,breadth
673785568,368882958,361319,-1,02538a8ce85b21f7f094560142aad321c41241ce87fdc0b490942048f9dacf06,breadth
455210519,254172168,1593173,-1,0255583a8a0164c0d36564af4472b58e065073adbc3320bb984e5092c6776077,breadth
302654861,174224322,147440,-1,02560d193d142f291e3795ad14c3e64dc91821ac96a67ad945f666cbf71b79e0,breadth
460112290,256599862,747129,5,00cf00351221df61a3113c9e5d3e25e1bd55404d46cad333b9a2a712c6e46042,taxon_cell
342572131,194825941,1045289,5,00d09c382d333fbd05e86bf39642981032f84b2bf30f0d91b44c291a422c3cd2,taxon_cell
206945808,122240144,858754,5,02539e31ec0a45327198baa6e4a3e100cd2385288d144d2c4ad310d7a371c8c5,taxon_cell
58187603,36776181,1023185,5,04a777d7701669c83d6f440844da0b7e58e2cb98432bf1d1e1a9f297f704eca9,taxon_cell
464549882,258864755,55760,5,04c65bd7a4083f06c7941f8caafa92c76b2adf1522de01a5ffbc28727a2b7bcd,taxon_cell
31691273,20529914,1161206,5,05c6d0e56d123f4bbdd27cb207c55f5e15b2468ba228a59d5472e6f1d46a7313,taxon_cell
610531507,336015462,60257,6,04eae63dd13defb42f76c885efbbc5f3e10d1397b4d952c30aed7c231e74c266,taxon_cell
103003337,64103052,635475,6,09f244bbec44f1e7180b343872bc12034bfeb071b7ca31dedfb3efa6c2c6ad91,taxon_cell
610523900,336011622,1355764,6,177b06ed311e8dd2ef271874d2a0de37d077fbfbba54b8a84ea6147fe1fa1a79,taxon_cell
256037141,148656426,59549,6,19e38e34534cffbeee1f698b8a3550b62dd3c0df1abbf4f08ee3b526846e91e1,taxon_cell
241959322,141260370,635480,6,27ce00745d0fe66b69fcdcd65ad9d99ecaa056c6d64006885458729460e0366a,taxon_cell
65082909,41055503,1458514,6,3ea79d8e5a38bda221a0a33c6d1da3b220af6760afd1dd0b39c22f730bbec4e8,taxon_cell
241255184,140896131,363773,7,001897f5d11e778086b2d30bfe425b8d04ecd688cba9389b63ead7ca36e04349,taxon_cell
343571036,195315748,83487,7,110540e16cbc48c94ef15784aac5a2d10cdfa18e8548b65d666dc0c1626bd42b,taxon_cell
973924,775314,428806,7,137182cbb3691d0f444d28ead478be0bcc627e856fe00101c0077d09fda0cd75,taxon_cell
354523453,200892584,634978,7,39af94330891ac2d26c34437f586b91f1b9f7f1a3ee556249454bef8d58cfa51,taxon_cell
106291222,65992071,61061,7,3e1a1ee6b812016d902225f3a41b92587962a8082fd1800c05c85461d80a7f4e,taxon_cell
106288793,65990936,124544,7,4a385fa14f590e8b291226150042105441c379b47882fa2960e30f1088c78164,taxon_cell
261251169,151414531,401151,16,1c9a153b4a9599ea185b1c202a2bf5790665d9ef88d1640b6fc8b2851c97c5de,taxon_cell
249980545,145524607,159833,16,21bb0181df4adc083c0640627816fb3fbd2ad8349c6da4a903a07c3d0312780f,taxon_cell
6195445,5053844,400983,16,3a3b7f0db9b74e5786df07563ef357de672e0c8cbf369578cfc4ca504e9bc153,taxon_cell
2394791,1954328,405010,16,6e3efe8b062ec16df1fd533e9bcaa514becfcc306325823741238a87c543bdae,taxon_cell
616303371,338851049,775538,16,a2c2aa59e9709578b0f058d226a246877068118bae7d969fef3067f219f412bf,taxon_cell
606814628,334180878,53298,16,b09151d27effc4f82f6fec51eb62816fab445e7a180ce64e9644a2967efbb337,taxon_cell
182185076,108230012,404994,17,0a3d14379eea29864825407322fd56fcef25ad36127800c7a2587641e6109937,taxon_cell
518084454,288109098,775538,17,0a764d89431154951badde20bbfbbeae8a17e2126faf6847092fe8a10be111be,taxon_cell
611612382,336553356,738655,17,0df44fda46da6d7bd08d2f424faddfe9407af01e2366534b12cb740f493aa3e0,taxon_cell
347259852,197199346,407267,17,21062e918915f3210a64a4152ae43171e9d79d0fc0067b279e595b45dacd5f80,taxon_cell
8956346,6994356,405236,17,28b770d09d95b812481d4df893276d446df93ff6f2f015a960360fcf61f0c474,taxon_cell
117411450,72056019,404004,17,29d8dc74ac396a27cb2af4cb06d7ac8591a75630a74265b784a9def2ad420f6f,taxon_cell
241720860,141141585,1269617,18,0222846564a41c09c03304e9388729d744ab9f2fbadf01c8964b3f909861b352,taxon_cell
680533287,372423008,537967,18,0226c6ac701488c7d44216185ef78cefede58799eabf24215cb8406f92ccbc0d,taxon_cell
159546879,96062095,554349,18,027077bcc9cefbfb994bf1eb4832be16c4293c0035eb238ad5c58f6dad146981,taxon_cell
600168172,330909574,53103,18,028d54eb3c8a0d5596bd516fb57bf1631aac53deb1ec396d1a9241932ccea1d4,taxon_cell
114477105,70420498,399774,18,02f85b79116990034e25da989700e7e34a435d7224ad09cd0d4a921f68a9396e,taxon_cell
458816568,255965562,402163,18,0361da81166c372621e135d5f903fd797af3a38273b65b2382d186a4026af9d2,taxon_cell
73738933,46491175,916661,22,700769348e71c79d908b211072be99b279588152c51927263887ae305104d2fa,taxon_cell
173231456,103497947,1339705,23,00038e2023d2d46081d0b097dd6b21f130110d65d632857548b6f4465dd1abd0,taxon_cell
446312647,249653742,792818,23,0037af1b8b18635d85924c9a4ddeba74c9f44da4f3de4de276341de8f897998a,taxon_cell
389532774,220051721,1430957,23,0054f874f2f8168989e403d2e9f09a70f4e513412732d3970c3ccb9c259fa3f1,taxon_cell
342928934,194998166,447549,23,00924528ad2cf0b61e0e7857a13155a1cdedb49905dbb4c6b93214d6f7cebf0b,taxon_cell
617962027,339672950,554805,23,00ac756d93cab0f3c10d60f3f5994cad8b2758c552aa3558a6ffcd16c27f4dc6,taxon_cell
444406639,248687142,55411,23,010c87ea203634a905d38cbc73938778f7b00f3b241c2066c716dcde981eaef0,taxon_cell
211593535,124820376,984519,24,00c4936511c082c49a6bc64a1fc5b24ea376592212fdf925faa4cf20a5022a97,taxon_cell
165372106,99243824,56088,24,0174af61e156379af3e7f2e20640d2fcd278660e9380123f6497698e734fdd0d,taxon_cell
91696519,57486914,407490,24,01e60bbc5b073939dbee620860ef95f6c8d2bb2400d062d4e9dd24d75c273337,taxon_cell
307939741,177082045,332596,24,0294a0dff2c65e3f1a88127ec0301eafd08e744cb52a91ea6fae297870e62284,taxon_cell
527710977,293204826,120488,24,02af9672884bcfc40c35fc90811e63964cbf1ed4d81312e671ebf06b92320478,taxon_cell
337684754,192370679,327313,24,02b68b741c133cc9a94f1ca7c7ef01c99622e5aea01bf6143e71972cdc4af949,taxon_cell
360750179,204121688,978772,26,cb2400dd823ff6b3541f36790b979ba2a7b841e7dc30e53f5384217d82e3cc03,taxon_cell
263464961,152606763,581121,27,0014df4dc413e5008555a9528a82719827c7a1d03fd446dbd4fe3669d0f1cb15,taxon_cell
345224229,196132297,589214,27,005738efb28b9483407299904154832a05e0b0e3ed0328db4a0b9f94b8692534,taxon_cell
579688230,320605039,367403,27,0058dc1784cc5eb6b2f80bfc5a41cec4fb6f7048dc42523674df10650992deda,taxon_cell
609635548,335567896,84993,27,0064c460dc7dca4f4bf4f321b1984d45722658e15b4a9a48ceef3c750c9b9026,taxon_cell
724805944,395301590,128667,27,006d82b5c7bd3810af4936e6f3507013e576d35f61511beefb7f4a1578613bf7,taxon_cell
588179264,324911037,592539,27,007930a3f39c0dccdf7b98018d13ddec24a537a635f9e9c7a908d7d66eb23ffb,taxon_cell
450163510,251572779,568417,28,000c62dcd0601403bbbbaa2382a7bfc567ddf7f38b1011f390ac4371b04abf65,taxon_cell
379074599,214462478,586670,28,00ad7a17239548b5745463dbe5fdb9f5a8e928d4eeb94b95622755ed6c13ec42,taxon_cell
113883775,70093602,52360,28,00ce6ad986cb60ed5cf4a4ef41abe69df9da987a0e7fb089594c7b20984d4fbe,taxon_cell
239529663,139980427,428559,28,00e656a159029c90f53d9074d22daa3b0e6851cd54042a33ebea1fa6b93c4e72,taxon_cell
375686634,212826269,75549,28,00f96277afa8915bc583484147cb47a130709fbd1fcb12e97dc5d4a3ef0deaf0,taxon_cell
127253615,77802158,592567,28,0160a4ca2cbb97e938afa89e1398dbca8ddf893af551bbee9b23bf33680a4d4e,taxon_cell
355589302,201437595,403369,29,594c796fa3909fb1371ed2b7779a1d88f7412fed479c5982ee7b957c20c2d68a,taxon_cell
353078830,200154249,705746,29,92910c2b0f35e095f4def90f1e3940125d4918d5f86846ee31096c8000bc50e6,taxon_cell
90990896,57064577,705746,30,0dea23ec2ffcead02a8a5abae9cabacf44879bf8507483152e3fd8eb48a3ee88,taxon_cell
74682029,47088702,465343,30,20434bcda7360193ec190eb184788ae2a7c94a565e7daa1b45f35235ff333962,taxon_cell
336181308,191609571,405563,30,501e7e6575ec05c21a54fd56c7354b115cfdb679bd9b495b891da76aeedbf60f,taxon_cell
74686643,47097303,83487,30,6ea28480d58b863fdf6482542681606460173a4a68408827592b0ba30d5d668d,taxon_cell
74683008,47089207,403369,30,78012798d9f1dd752a2728dd53e47f4aa6d43e72b031fbe26703f66aae488071,taxon_cell
74693575,47097387,79317,30,c740a7e0f447b2efbf808c17a42d3f763bc1c950d3e010b6753a2aef53a5833a,taxon_cell
155784463,93950587,909630,32,001809361bbb012e982c10af36263beeab609aca116d26600d11ed5733c66bed,taxon_cell
446482612,249732485,51286,32,0025ffd11146f8f309bc5844d16a9483d15bf14bfb6d9f049be85702dc82c94e,taxon_cell
324983339,186017043,635249,32,002a3dde9d5d40232f909bdbaf32fbcc239d8bd9d5d383e339e36a18329dbd3e,taxon_cell
593893333,327791754,1244229,32,0078fc599cae6aef47b08202d88e49c58adbd23bf60b71ab20e77a22473bfe62,taxon_cell
504628373,280944277,49322,32,00bd7f60c683ab5ff69326c8aef601d5896782ba6ff0ec9455eecded35aa761c,taxon_cell
330739734,188889964,1251532,32,00c78805ca5ec965ecee3e774f28bf8bef94f5eb893e96811a1cbd2878bdd047,taxon_cell
438540415,245724075,1496085,33,0008c19a3801052fa69cf013201205a00b6adc6fd6df702cbd63b72e28e6b759,taxon_cell
434641710,243727534,76877,33,008f60e97b535a46937efb6b8e69d0be8d8afaa58a76f48a4bf18ca850dcd2c8,taxon_cell
625701300,343486326,465914,33,00990d96a440ed0c2d5b45d4c087d2f7ee258a2b37271b236bd1785233cd8a77,taxon_cell
84653529,53231030,739813,33,0118bb288a8c0e6dff3a40884a9ce80eef8f3c4b4b95dc63415e0a337eef38e1,taxon_cell
52861561,33643383,558118,33,0165ca521788c92eba0d0803aceae0e52538e4e3cbc1d4384a450552428d0383,taxon_cell
571304723,316214367,1003591,33,01b2c894ff6ef2c7a136f7edd1b052c946000e0c62cd46d77d8a0704b6b1a3a0,taxon_cell
160238503,96450298,524183,34,0017b4dd76651ba1f327153d1cb2cd17e69ef54a8746eadae47ec166d6899065,taxon_cell
645845923,354000019,61776,34,012d4cedcd3ae2b4324b9789c7c29ac257880451b24891bf499d062680a2b8e2,taxon_cell
185473912,109988466,84517,34,013736d3fd5847a2ba7662baedb605c8df643ca9f2ee7c3944a71bef291a2abb,taxon_cell
176619002,105284795,77622,34,0163cb4363ecc302d5e04d8e234775f189373598fd149125088ef3353bd685b3,taxon_cell
619205551,340296088,53103,34,01793b53c27857656a54f4d789f71e51f8b5a9d304aef30aa7a8733190c4faca,taxon_cell
468566635,260874448,353956,34,01b10d2bd3be032fa06ebd0f2733af0d9dede157ff619dd5c6de1f075f202feb,taxon_cell
637381844,349407840,366610,35,003330ba02d67b33627b442a26424cfcb23254c027e883a013080fe90744181d,taxon_cell
714846848,390204626,78590,35,0034b6b8fa500ce336c2ba3f42ec1b6a30a95f89a88e108a95fa969d3eb664bc,taxon_cell
636930399,349177497,181590,35,006b9a8647475db1b74016219b86e3f9fdc87e49593c4f2f7fe26949ac21c47f,taxon_cell
31251292,20247184,56002,35,009ba45dcfcf2255bf310f6552341e294af51c8033ae553e8a718641017b8225,taxon_cell
608829903,335167963,405441,35,00bba9e6732d94ef7c1a5706c8cef4202c3a4d59a8be04b89120bd05e5241050,taxon_cell
632832538,347107704,78920,35,00cc5cb3b4c72f6f1b8422b4540180d363e0fbc88d44f9c1b6c455b9eccc5bed,taxon_cell
334214899,190624148,139455,36,0e6fb7f4deabd998443959c74559e40f95d29f1695eefe49baafc8a4d2f6c62f,taxon_cell
57377992,36307984,164075,36,0ecb982d1f3e773982b5e57c01a9dba89b76b2388ffd84615e0f40731e378d06,taxon_cell
182507238,108402964,553615,36,146eb003ccb952345f26b92438558b3cd2136816c4ea5c4a004b01c4b5a73967,taxon_cell
338464126,192761294,348419,36,257b6e3ab6a5e272581b41df9aa6a1edf60c3e1cf39509e77296e6956f6ca449,taxon_cell
301922174,173831242,165472,36,2995bbffd86c6f1a351b0d5c0908ea91620b077a26cfcd3837edc5df0deef888,taxon_cell
2012772,1640911,120944,36,2b2b076a2fc82ead899f9a1448e0f5577a9c12fcf7629876bc19c8c638f54b55,taxon_cell
2197541,1812033,51921,37,004b77e9a5fdbd4db92ba5f66eac469fe2245ed30250df6f546a462b13091b88,taxon_cell
410367087,231078333,208746,37,04ba63c8aa81ce4236808156d96e1dad0cb6026d03cb33d3b02eb390ba2b5044,taxon_cell
251751714,146432649,466684,37,07a6c6456243e3af8d55723e39b36b23144156ddb85ffbdcf7a9d0b8b9e413eb,taxon_cell
2023025,1649106,60879,37,098d7ed39556c8b4443c25e02b3927532c39ac659c0712d68ef8732124a6f120,taxon_cell
3594111,3109541,208742,37,120325135b81fe57a1993bfd4962c6558bd6d7e57a89a6d9bc42a3a431904450,taxon_cell
3594101,3109525,53168,37,1bdb717cb7ad56ec0320878db8a01864aa644a081486e858606d0395ab3924d1,taxon_cell
105494387,65533986,1072191,38,130616b330a379217c3c5ed6b0d66bc69e34826be36084acb9faed3f1d99e18d,taxon_cell
233215201,136627301,411089,38,4f2baf09b6aec370fdea9aeb6563de462d4289252664d4b89d87cacad828f5c3,taxon_cell
262052984,151841027,780869,38,556a3531cb491027e44aea4820fc9e69ddfbb6600f137ff107161d8da188edb4,taxon_cell
262052515,151840809,133328,38,67274b808d85ed01ad8c5ad03a21b81adabd4f897b4f6deaa6a0f3ba0a7d3165,taxon_cell
105495560,65534774,425753,38,ae8e351eab72ee70c097391157bbe96387285d6b91c26ed8964fb891d417138b,taxon_cell
46431992,29742383,50333,38,b71c628e2c9cfd5414d4df48dd2f981765f70f62cee59c949d2c669fd519c790,taxon_cell
250038370,145553596,469671,39,00a7e46dcf91309087adc277f9173956f6bccc91766442766c67222843f1165b,taxon_cell
342307858,194697960,60879,39,85a4a839a1e7dff4aba90534efe5e55d898ad401463b9c54d985f9af17b8d8dc,taxon_cell
342312493,194700171,62937,39,94948f3da4fcf34f5cc38e6118e885cb3d637f353d6936a41a14dd738427ef61,taxon_cell
97178582,60766736,64130,39,96ecbb74be978cc49c53510eaa7421ea9400e6b2d351a7b92ddfc055fd799cee,taxon_cell
181496917,107864169,357461,39,acad7b2581ee02df96a97dbe0bbd5181923600a7597be749b25deb54c7ee492e,taxon_cell
186642331,110624141,75602,39,b0d6c6831a94f722da9371073b5915135ce6290c7f719622ea6df604a5761bbe,taxon_cell
607171841,334355613,438940,41,003870bb559f30002854d9ee147acdf912ec3ed67bcb218731a312513ab54b26,taxon_cell
64099886,40357653,789208,41,00ca1c746b999b2d793ce3f55d222190e34ee1c2b98455ff5f96930da0808d75,taxon_cell
721035879,393379719,853977,41,00ed116b7e803fa39d1390dbe60f1f16eb83d961d4ab010fa241f4490f3f9f2b,taxon_cell
210572563,124245913,557627,41,00f29d8ae619a98284f8c355e5f57698c82b681fb33a08c31b8f55715fd9b78f,taxon_cell
612488914,336983795,116713,41,0108db8a5b9edea4e26bba84508fab11ec2e96d1f3c8bb256b69b7a8046ad249,taxon_cell
456015145,254572689,438584,41,01270ea618bb1defb74463177867fb4f5dcb2f84da1cd222aa07c26eddb8c1ed,taxon_cell
221242894,130125982,479408,42,000503459be1f4c235518d5eecd05655a316fe8f68afb6b02045dd344e629cb7,taxon_cell
325055194,186053139,829732,42,000581d1a700cf3513de95b4ef92c2f7f6579bfb0a2df7ef665fd76affccefaf,taxon_cell
116098664,71320350,162418,42,006a81bf0eed92353d5decb80a1cd2f94dfe355f9de5fa553a8bcafa25c1453b,taxon_cell
612823953,337147911,280109,42,008304c1086e8a2da35ded7cffb7bc8c908e306fe0f558b6cb9af20ec5a06f76,taxon_cell
167826685,100545166,537718,42,00b194304a8279d7b4faa85c8a0953b1b95bc52489e3aba7cade0cea5ab9e299,taxon_cell
228487863,134084946,431099,42,00d1b6005e46de83e00d5c323ded93ecc32a027ea27abe3685e077c35da8f57a,taxon_cell
56030962,35528281,1201164,43,0262a0589ab07c6b077baa79019b57494781694a08c7f45ca485ff59d98d942b,taxon_cell
497317305,276954893,62924,43,052ff6bdf7a6ab1d7c00a965dc97f2b74428105518dca112a5a25b6294ed657b,taxon_cell
56030554,35528031,963017,43,19a454ca86d80fbaea3fdb0bc45a7b198bac32844a5cac0cd97a4b1905007917,taxon_cell
55719028,35340728,852041,43,24b85f839973b48c09769b1158b5df17fe66253b720d024935413e318c0edb69,taxon_cell
9871577,7561780,327361,43,67782d91ad4c39bb768d99d1fab28ba52d4a5f158fb8d057a855228c8cc720af,taxon_cell
167155794,100174503,154827,43,69bc53bccca7089e23cc01c1e86cc7729ba10267f72331ee7627a410357544f1,taxon_cell
435066685,243945177,587109,45,006b66ae2b0fe1c222761dd95cee8c89a7461f18cddcb21810c904b8e6c90437,taxon_cell
314063746,180313317,588441,45,0092929d49680d1fa08ec3f0014617a2df227a0f95d8f6f065e44e5d770f1b08,taxon_cell
725718329,395774390,120119,45,00db7312e03e86c2e9463c08db991dfda809ed357f2c8e90a80be60319ef0ce5,taxon_cell
552388960,306319165,588638,45,011c1682578db2950f786a6d67129480a53e641f83c782f5e25f64d653a57bcd,taxon_cell
421261179,236763735,469014,45,012f2d64394985690373517560678f6abe58a3c850464f6c2627614d78386eb5,taxon_cell
58629923,37027268,595215,45,014ba8c90b6d250e0f7be9f925c71778f3744090b690d2615281796fdd7c583c,taxon_cell
667006568,365332628,120944,46,00421bae06dc3a449b202140a6ab656b7a5d013f9dd472d6dba1b6158577dadb,taxon_cell
616309260,338854536,596353,46,006dd1704269f231eb38262833e274da6ef8a80181c37179cde315261b10ab1f,taxon_cell
162405353,97631895,340306,46,008276da612411fb251080fcb53d25452e516a60cb8e465b1ea644fcabb8e343,taxon_cell
586363162,324021962,79137,46,0093ccfdf0f7ce579f24c66f331ddfdf633c500b8b75e1f1d6cc870e7c81d1ef,taxon_cell
612370782,336924603,402435,46,00a05ca3e5cc6cfb979cd3c00c861ba4eb1d21ce6c2f645948ba716ec7209e02,taxon_cell
605060626,333293009,594424,46,00b6a59ca2ec5ad0263a385d7bb9b060069be327f34194d7f9f54e0433b4b93b,taxon_cell
402799402,227078095,475201,47,001483f3db936a02774f3e9b319673e7cd0981b924bf185d3e2de3f9f6a69881,taxon_cell
504347977,280792675,120917,47,001eccb6102f3aa5131cfcfd4bd8e42f0bd99e89898651fe51a84671a4054084,taxon_cell
58910741,37186904,367314,47,0038605093d2e71b2b8330f6900b3f164ac3ffed4d98ad3849464ab37f47cd6b,taxon_cell
109299628,67621431,77302,47,003c4b050894c7892dc27a6b7113a9d3753216e11420fa83dbe2e3c9aa629306,taxon_cell
454463607,253776477,61963,47,0115a02fb83ca0daf64b7aac75c6602187ead3716dab25f641c26f6bc23e333c,taxon_cell
109464405,67708202,544911,47,013e873d05cb6f82a10a900b847cd986c1fbfbda4a38372c10592d97f66bd63d,taxon_cell
40609190,26167788,1420881,48,0213492e737d0e6f0e2de4b64441e22d63522455279871c32b3a90d2d7a13ac2,taxon_cell
301197625,173167155,62924,48,12118a2deee3ab80fc6dcf20a51ba835971f03b55fcf1da4e41f630d856f8b14,taxon_cell
40610887,26168702,53722,48,1b66f01270dbcfa0cab427fd8a65c0be67a3d4081eca95f8f62d065f38913738,taxon_cell
300095482,172839595,1660564,48,2906a2cd2b4943bb14b20adeab22ba6b96a9f26b4aae5c0c1fbb4ed9aecbcd12,taxon_cell
219850287,129374202,164333,48,4326e905dfb688610638b0ac05e4b352ca2e79f57e77f6930371a8262910dae0,taxon_cell
217349970,127988076,952786,48,81b26cb8a581751e2b6907de28ae2f37b2ba3b1348cd5c00de87dd57a19502ab,taxon_cell
669526172,366658603,50333,50,002e52a675020241f81c3ba599ae8b877e52aeeb76a764705ad665943a776d2f,taxon_cell
568166335,314570034,511230,50,004303a5bd098c5347dbcdc2cc907474ea9d9003fac0c7152ca4de2dcf942828,taxon_cell
567512045,314214929,623014,50,007282e20d9c6822559d7d3cc7c1b0aba409145ea8201b84229626f08d0f5301,taxon_cell
580909152,321225184,929599,50,008c4899531cec9bcff2b7e3429f65be20ac01531ac214ed73498aa520c38642,taxon_cell
596919042,326741424,1468295,50,008d99e75f224f3631cad4e87fadfd3f0fa05c82e0b0ff660308da628bc01bdf,taxon_cell
692687793,378724086,1416357,50,00c11dceddb2373fd8e338172880b65fbfe111e3f24f1cdd3d3b45b596ed8f7d,taxon_cell
231333764,135616425,604312,51,0004dc549cd7d283ccb369e3e3b344dff0752da805f00fd2005f0ed18764bfeb,taxon_cell
254149478,147672892,1445519,51,0013549a0209bc2415582cdf6e5064bb5f2ef619279e025f8c64978204f95e9f,taxon_cell
469840899,261515938,1462201,51,00157636b3ce5cd8b1f2eeef9f10edb7431748ab07fdb013d266fca667391125,taxon_cell
224392194,131823593,1138720,51,005968e8a8788575e0a9b22e566e37988f6505df71db4cc58f506131ae9435ef,taxon_cell
436294765,244582278,626653,51,007174a271053684845ded980ac436f468dbe9d11ecd3c2557e1259c31f60cf0,taxon_cell
158091137,95243207,769920,51,00a55bc415e8b0f8cc50f0e3e36b373002c102093a91152efeba6137162e823c,taxon_cell
444745325,248856690,370034,52,001bbaf0a7934fd4c8850b466fa043f08ea0d292a645d5605e7033012810effb,taxon_cell
593011331,327336818,1046681,52,001ce32b10d974c93d9583dbb3a5f277ca9f579f2976dc86eea9ba24df87a998,taxon_cell
348903290,198013176,62868,52,0053684d72141da562ebe59881622cdceaa2132d69ac7eacb6b58fb8eca97132,taxon_cell
231051556,135466722,1125757,52,00cdfedd3a28b1d389e00432d1cf8d0f2e7c605b628bf6a0eece38e1b266ad72,taxon_cell
710225950,387831188,83360,52,012446f7137c131c808b1f0d33d8bfd29c4afd5753e2ba559b5442d2701105bb,taxon_cell
659065835,361144735,324403,52,014dcbae79b86f63b2350900e11bd3cdfbb3d041825fe6a2b52411ad804e3f76,taxon_cell
90575834,56819686,1121905,53,005973515c53ade28b36f71e0d60be06d158a1873a72c066d5353bc22e3e31b8,taxon_cell
188197272,111480776,1254241,53,0079289644f8879e407bc6a81ff5f43d3452f4d30557deab339c1fa01ef9b849,taxon_cell
349448409,198286299,1391739,53,011c19a9e786aa33ddb709facedb4686d915168995ad1746a3e2ce03b702f0ab,taxon_cell
67266750,42366958,1071953,53,015f1245abb5849048d55df296e054c636f9ee6cb1046049e8ace278354bc307,taxon_cell
418722626,235443638,128533,53,01c9630a2f4923b5e35bbcf3bfc7ac4b800f897539424bb982034166ff2f2f58,taxon_cell
598972514,330329362,1263850,53,02d9902e60fccd2ced0571fce43828d5e9f197cc54e2e913b0c12a46dacfcc4e,taxon_cell
542597412,301119151,1644771,54,00f4bc0df1d3847f3fcc998f8114b3ef424431daf146016fc2b9bc67956b61be,taxon_cell
8681420,6820088,154466,54,01ed20facb0d134aef89fb57f032ca01e5f469da629cc312331fbe257bb6d8a2,taxon_cell
233268531,136657746,185264,54,0670b3283b014f8e1ae807f30d0039d71aa98da33382b0317a328f7f29edd45e,taxon_cell
591482961,326570018,132458,54,0a461bc128a40aaa1db0e9e389170db5328cc514656d8d571cf45927645a68fe,taxon_cell
392116485,221423183,552119,54,0ad93ab43707b8752a379ecc7a41d629f35f39c056f709ca2b3bb74b200f94dd,taxon_cell
30320932,19685172,510315,54,13eab9ee48a0224f811362da022d85113c144492619209338461b426265083ba,taxon_cell
583997609,322791338,1438095,55,0b73e12dd58076d0b3e74793c592051337f0c594bf2f4a1d30fcfa9fdadbcf52,taxon_cell
46137492,29558672,133328,55,136dae1afcb8006cf07812b25407afe806ec96f816c6d7f96982e37376d3d656,taxon_cell
307672922,176936269,132672,55,14cd6f9b5ec767da2f76b1dced9a4430fedd53a38a42b446797fd0b285b27bef,taxon_cell
348267793,197699899,466960,55,26a7c01e4053af1e426444dca3fe9b0ecb324f75abb90a1d1c1d37ef7c8dc784,taxon_cell
352548735,199878289,515374,55,2720535447eb4cabfb554cc5a7f42f5e6d9054a5985eb216e3fb41a5062c2e93,taxon_cell
348262094,197699883,146643,55,2842acd752dd866157de4106093fbb5b049e2b5093824626438be73fbf10fb16,taxon_cell
64913011,40942142,162267,56,0d47fc07261c46ccd729272bcf8c188b0c0c98c1c56c2a756843508cce662325,taxon_cell
49809811,31800741,62924,56,2aa131e8a72868db7e30b7320a62777099d22a8845cfc8316bb587f21babdd61,taxon_cell
64913147,40942153,132672,56,2aa30beb8abb1816e77612e2f2c27ad596d9c12df6eb2d224eb35b56d2077b99,taxon_cell
64912611,40942121,62937,56,591a879085498f6eded1896a904f09a9a535b13addbdb6eb6a87d872249411e5,taxon_cell
624807382,343046126,169518,56,7dd2db268c435d1f3f4cb6c37373b023e2b5d2533cf1b983025f6cdee1ef2504,taxon_cell
258463825,149946446,62830,56,bf503931f71b31fbac9d61ff74f7af0dac59e5251518d113f12a4d71829f7848,taxon_cell
206799657,122158107,122850,59,004008155051cfcd990a7d8cecf4353a347fb8a47946f4581fd7fa76b5edd48e,taxon_cell
65078668,41046954,869999,59,00b7e6a355bff5b79fd11aeffa3b812b3377ca12c22340644728b186c79db2bf,taxon_cell
465884858,259523183,51875,59,01383af3741e1c1946244d9a94a65c5561d7ff60b6d264d2ba48732a3955dc65,taxon_cell
359771419,203613424,78217,59,0154d940d15662e13586517fd1449a0332dcc23ac800de088205186830f8d45e,taxon_cell
62353663,39313206,1477939,59,016414bb39b00d484e650e3b796feb3ef10b8e3a0c46c5dffe0936df0e6c1247,taxon_cell
495851027,276059325,1402346,59,01b5c6af34006c3f954ffd6d902b7f3606c08e63a42a75139addbc76ad3eb6fc,taxon_cell
335812329,191425336,803563,60,006c2b9a2968ee1710442ed9bcee1efbe20cbd91c3bc8d4c5e045e9ce3642205,taxon_cell
414616324,233310462,169520,60,009b14b4b33c7704b929740867e20042fcdcdff193eefa4e46013ded85d4162a,taxon_cell
358876040,203173112,83413,60,00cc29f9f21c0ef87390dabbcff2d9e5cca05f7e1683988ef453e45d2c543ca0,taxon_cell
284903753,164647280,1135307,60,00e167c8c6cee2b7f3563db8f16071927598169c8231039d223cf2fc3fee97af,taxon_cell
391601200,221142166,430603,60,01568e8293694d11874f10e9b8fc970fdf8133ed3f4decbc923b8a606f76f7fb,taxon_cell
316244896,181477027,438272,60,01615d0ef351db840f3c9d1ba138d745f6c53da56cef927698cb7352c61023dd,taxon_cell
653229918,358108732,156093,61,000576790b0437c05a21a0c77b4a90d024dba31d4eec9d5820c58159ed5c4be7,taxon_cell
80308627,50575046,1142469,61,006ba1232376fb8cdc921a462eaa4e2f5f245fd522a6fa1f66fe499d67e952e9,taxon_cell
281480185,162776028,281731,61,00a70fab1ccbec82466ae7d583f1fef0e8eb85c6d97e3c9a32ca3556cad264dc,taxon_cell
342899189,194983941,634975,61,00ca4ccbdecb6dbbe43eb27234001a6b422c05aea0006c336b2c1a33f8733d24,taxon_cell
178385269,106211570,465867,61,0111f1a4760d9efd008ae885ad988ff8663ba46d6008963959bd9a4fcccaad12,taxon_cell
281082476,162555160,595887,61,014121dc1b05ac7f691c929e1a99e1c4da0424eb7f31e5bbdfe592f740389552,taxon_cell
244704387,142704399,502780,62,18c4ddb89d0711090ad5ba02689f8d215d383018b73fe6b8663fa7ece276ee38,taxon_cell
360988513,204244649,47447,62,18cfbadb24f5728dec54840fc96c6c6fd2252e751270eab75fd63e8909c8080f,taxon_cell
487090651,270824009,291342,62,1e7c4353fc18ecf90c045624ff00fb4fc6815874f535cc3330065d4a39537714,taxon_cell
244761744,142710919,116694,62,249ad1ea4364ad83ef16ad3c73c5ee4c3b359b3546e16fce9c72c877b2b0e73e,taxon_cell
244723563,142713839,76904,62,275f857ac2e41825a22995b39addd25b57cf14aab7e6785e4098dc8a79790445,taxon_cell
577968334,319715221,161824,62,4566ce54e790bb9a1f8d4ea31d33f84d18c68fb2234293ce85038ee8a82cedbd,taxon_cell
13816448,10041771,637673,63,00c6f9f64e8244b69d8f8a533e6f308cccbb8873f960b12989e893d42245cbde,taxon_cell
518734276,288446074,812598,63,014a44126771df8d78b4b93030967a58f76d6985ed4de65d4ab25b04436a3d0f,taxon_cell
354225313,200741478,769886,63,03e96e7c6fae0ad20b9733a3b81b8fbf34bcde6d9bdd925c8a592a08c13fa2ec,taxon_cell
625634813,343451316,915451,63,0758118883f55ccbf5c5db7a5dc253f22a41e1f425eb568ec7d01b690de123a8,taxon_cell
456449235,254786181,1282008,63,08c47affbfde834ec048049783b230635c1fc0d98c84784f39c1cc4b09043e1f,taxon_cell
587968885,324828447,586944,63,0927df4c4328847bdcae3f2e89b1f5b48696563831b3ab03f8945348aa900223,taxon_cell
315174290,180888496,862675,64,0003ca4a1f06c273b4bd655d69dd221626de4735a118fd85c91d3fcfe68826e5,taxon_cell
515573089,286760806,1632215,64,00091265cd4e76d123b43417a3ffd3d68de0d06a73aaef128a166d6920b3c83e,taxon_cell
352945023,200083836,585990,64,002245d7230d99b9c6d14b934693809fab80f77b4d5ff974b6a55f63ac933488,taxon_cell
353306197,200269239,507670,64,00774de1912459055b7b645e388759f79e4c48bb9b49535c01fc3a4a12a52035,taxon_cell
362815600,205210152,479455,64,009019b447217842e0fe745b04d2559983cc3a863a3baa81a337a152bcfd2312,taxon_cell
630418117,345886697,1675944,64,0092845ea2c06878a5668a81eb96dd8d6f189d8ea30eebb8382f79b51aa0e6b1,taxon_cell
469217429,261201925,164240,65,001abdb919fdc3f4b64b583b5d0e175daa2da800735ffa294240217f766b355d,taxon_cell
143133845,86841566,1094631,65,0045a1e81e12074257d5e3fc5fc370cf592cc85ed0ac3fd887d641a8c6d25bf6,taxon_cell
216165076,127332469,416771,65,00a679d7ef3e33136cc06503c41f09617eb095af5d95875b7911a6ca75fd3aa2,taxon_cell
6380605,5145852,533988,65,012981f763be61fae765d3f0bbe02a013575dfcf32d63e232399827a36053714,taxon_cell
103862691,64590432,428772,65,012dd761aa4158517fcaa37b4a7b8706fbfa5847edc0cf4b88659977cbe7b781,taxon_cell
7407194,5934251,447959,65,0183e47ba168c5fde092617c0da664597a2e863f88555b478b0d721c489fe9ce,taxon_cell
279336207,161599057,160710,66,03ac571fb62190c9a3b1e25f07080ba48985f45b65052c11404ceb6288bd19f0,taxon_cell
279367072,161616915,169944,66,08241eb43b047541d7ef0195ba5afef4a17434059662d55e39f0d07e02e8e740,taxon_cell
280068385,161959801,169424,66,0b543dd24a177d33a10ec8b8f477f677679764514d6bb2e3e7f2765480db0e20,taxon_cell
281530911,162721109,1095846,66,10146957723d68da853b4ca3d5395bae1220e1ee31ec5cf543f81cd9789c8d53,taxon_cell
211784984,124917516,162453,66,10d16067e38c68bb32abc8161bfde0e9c8dcfd840147d162eb8b7ffe443720e2,taxon_cell
283677862,163138465,167940,66,122670d1f9fc94f2fd5d4c4c5a256520f5a2076a73e3b2e896744bf06fcc5405,taxon_cell
366272300,207093082,141177,67,107a509a3d22a46f9daceea94f1173e6fbd1e1863642828a99321b4d9c592813,taxon_cell
464035256,258611475,708121,67,23d36fd2008bb666495775a9238a7f98aa9692c18569c0a15965df072c5987df,taxon_cell
602151531,331874242,121022,67,27965b3ee5db7d98e2b974ce5e86df6c760a1d7af793ef477ad672e8ebfcc2f6,taxon_cell
356435320,201878623,769957,67,2e5b79263b55d8b70d43663ee352ef7bd513b251a0dedc04fb621b50f7df14d4,taxon_cell
463209558,258194468,62868,67,2eee531fb4b680275a024e7de218b989909e03d076041df0fc0d4446a41e8a58,taxon_cell
463222522,258200295,366267,67,3274fa9c0c86b9995250296d26b10e330c2a30868a1819c768f800f781aee8cf,taxon_cell
166241189,99690873,344994,68,01f562fe3692c9902869efa046f5d5d831ad0e52106c7ac473ea661e28cbda66,taxon_cell
144427240,87591818,117504,68,031414a8a3ab9e0b0f33d2b37b41a8a3a929f09cb96c4789b7cecfa46248ce98,taxon_cell
52580432,33479438,63205,68,05a25ab3b158b08cf962cf628e13de58d6b113667ba2415c5971adac90033d1a,taxon_cell
461756159,257410735,196659,68,06f66909c6096c7b37d98e9ecc4996c4d0777d02ef58a33aeae6af2b625f4d2d,taxon_cell
85558262,53786936,859233,68,07c43717dfe54ba2d6364d2396a84fe8bc482710f3e49d7a1c24793a40da0979,taxon_cell
633210666,347298047,283710,68,0a1accacfa00630cd231e49093ceb2e36a1210de303999ab0eb9ae46cf29f711,taxon_cell
476220943,265151502,882806,69,00092aa4cdbd311835221fac1b353b4110fd79077da2edc61c3b25199da1e68d,taxon_cell
438173558,245537811,169425,69,0018a95559b059be226d814802c08febae9bdcbc3f0731dca536cfacfbcfe01b,taxon_cell
646084391,354132391,736457,69,00ca805da256a4260e06f33e35f158892fac0cfc5b25e0bac702514818665ebc,taxon_cell
647831776,355176612,370564,69,011938542b803f6aedd780cf0f9c80982d2e6b133cc023aa40ed0b38367b41d6,taxon_cell
408391398,230028181,128268,69,0124f3ab7069ef6d80babdcc3c157e34b2e94f249369436ae2f280f047a57264,taxon_cell
640457955,350990147,864537,69,0144209566e8eb3f9f9f6beada5c428c966cac8fc8f51baa40780d2c2dad6abc,taxon_cell
143840102,87262105,1027155,70,007210573d87d9a2d1ff0841dcff1c9748772fec0098ee637a0851fbf1b9001c,taxon_cell
692662308,378710178,699225,70,00961b3d80fef19e11b18961371d8220b40e064f7c8d8b032725b797ec7ee8f5,taxon_cell
102045348,63570437,362460,70,0154bf49fcd98a8af451b963ade5d2df165aa04aa028745bb9158311310c0cd1,taxon_cell
713592408,389565102,199511,70,01685cf848a2abed7af89fdd4caad39d20230e4ff742c107a43a71bedaec1b1a,taxon_cell
164344083,98675584,184314,70,01dc1a9ba0df1cacc72b023ea209c11f6b9b6c69d8b9f114b1ed84b4ba2510fd,taxon_cell
106498846,66107796,343873,70,01efdfd738b7d606441cbc46fdcb435f2d4ffa5ac3f606a815907143d9211596,taxon_cell
448453935,250713546,1508805,71,00d5992e8809bef9347c93a075b93f2e4a870197312eeb033f7e740bf6857992,taxon_cell
712376719,386752917,1697713,71,04f54ef75e79b2861fe66fd4668c54d904718d3405647c7ba30e6ce8314832eb,taxon_cell
450962665,251971790,165059,71,064aae574817a6029f9308e697886173c18211786490f1635d453df5272047ce,taxon_cell
266450502,154220942,162982,71,06ae4e3fb8e9bbcc27fc1cd8eca8692a17f7b96fdaeb44637f4da4c4429ee233,taxon_cell
515931757,286955607,123572,71,0756205b560dbc250489ce172a872b51a2675b4f6c466dcc06373679fba490a6,taxon_cell
467755066,260461589,881352,71,085db62619e6d721de6b1522e6e784bc5172c9a102105cc51ee3d4ec6d43daa7,taxon_cell
199000857,117817669,189657,72,3832765995ceaa36ba833ae534a2c70d3b23f4baf15eb33d296f1c5036ddec62,taxon_cell
59903918,37747880,769957,72,9d70cf3a8df7c663e31e138ab47dbfefe5b0232704e00b12144a4c860d676772,taxon_cell
501394075,279223105,327874,76,0082f84b113dbb5410e152f65acc2fd890d656aa5d54bd1bb83acba98daaab97,taxon_cell
415531771,233792690,62924,76,009de65d1af1339c98e209ac49c3e8ea0a38fa3b96c4818bdd1c1ff4985a7a15,taxon_cell
255158761,148198374,75732,76,051b8634ccdb5b0c1b1fa3da25b30e3bd0997db0ebfeb1e8bc51a4c9eee1697f,taxon_cell
203383657,120264822,163639,76,0587ec015328aa901e75928703300b0f6ceafd70ec605b87b3442e38aaeb6df3,taxon_cell
630911073,346138051,847416,76,0666fdb7c4c81a6a4ae3c518f5b2ffd1b841a37a1bc8d44c29bad0f98520a71c,taxon_cell
617746750,339564426,50333,76,0888fe1674ea9f7363f6c87f14ff986bc455f7567ee8d6176a62bf62a1816a94,taxon_cell
172442563,103078370,538414,77,000d05739e7441b96c62f2e5dc0c74aee80ed5c6ee31509efad7282329117254,taxon_cell
168354241,100845431,1617135,77,000d5eb5ea868f420ed79b1ace02c5e5580eb276f561472a07580897b9af713e,taxon_cell
403994712,227709132,162826,77,00102426a3b2e1c73cbca9293c8b33bd2ad4d3e5df776ca02026e777059ac604,taxon_cell
30655874,19879817,854051,77,002547391ce007f0d9467b7bcf9f79f3b2f491cd97a065ebdf8f96978fb7ba64,taxon_cell
224621583,131946456,1411169,77,004451242b32f09d1a364e81ed834a6efe113d442aa2c0de0574fcbdabcaae22,taxon_cell
43667838,28032167,1569127,77,004c8230ad4494bb201d3ea221c0b2fda9f55d45ddfd730ade5a6442df04dac5,taxon_cell
342002205,194547256,584095,78,00303525f534cadc0546066c0d4bbde944a97f821e5e7f3c4018db9288e3e1dd,taxon_cell
546886225,303421520,775697,78,003cc78d3b1c22cb7a6edc01af8b52259eb37acc67740731eb100ecdb01f4d5d,taxon_cell
158810493,95647472,905248,78,0051b03184f6eb7065f741c94f9c9e75917fb54de3ae4bb8db94941a0b51c421,taxon_cell
252724893,146928846,356250,78,005f6bf4ee98a6d9506b45fc32971a4b9f18034b1d999364a4110963d70ce080,taxon_cell
421212339,236739085,426724,78,00b024b386256f3a20aeb5b6adefaa292e4d92e82e490809485f68c9404d51ef,taxon_cell
713367945,389450678,291753,78,00bd7917f9c4d2de1c5d12d2c0a63e83aba20e9d5244ff17d22bf9811d5869fb,taxon_cell
330815723,188947713,168938,79,006864da9472008db5ab7f26612f0d70a2a1b2d7c03b4b2330fc6c3534681300,taxon_cell
283174937,163737812,1617718,79,00abe57c842e1a092c844f483609cc2ef5beca07f047616b0078300d28b97400,taxon_cell
175943499,104935898,154979,79,00d2b1228ead5cfcdd78df5b8169e859f811e073c4df21d34146ca8011fd774e,taxon_cell
520340235,289305478,274185,79,01318d16d2e59fac49dc38f13faf46dd1ad4077f50f35e8eb5c53e5bd7dba8a5,taxon_cell
489890473,272305961,1248147,79,0155dd0b50138031b7358e4c120dcca9f9633f56931a0b956c9d62765ea03c78,taxon_cell
605337494,333433369,635132,79,0157e51d4f6e641bc860ca6d2f7e44e9b2cc0a904df5e21a32a8bcb08804aee7,taxon_cell
469524151,261356629,51921,80,02dad25420c7dc3177248061d12277f47852c782827fe0dd64d6c45138a408cd,taxon_cell
470904698,262073241,130374,80,082ed1e034a12d9d2cc85dee393fc01647b3062a56b871cf415d25f05c362b92,taxon_cell
568069322,314516490,1043287,80,0b68b779daa1b36d589be7d97069f83cc914b52c43681079d03f8cc207ff6bf5,taxon_cell
107988424,66917895,850039,80,104d8fc176fbbc98f52433273d22975f500152d23d04fff0917d36d8803b5c6b,taxon_cell
92139872,57747166,210935,80,12afb93f9de6bec96eec4db32d7a852901ae0a8abf0dd5ea0ee509f7c35f72c2,taxon_cell
107409321,66604878,426650,80,15c6095bdac8871a891f6184ca4dbe98cad2d977385db22c8b7f629b0850d9ac,taxon_cell
585927558,323785301,163640,81,00042304497e24c1036f3a7908d60161fae7a67dc1462b84f786d78d2bd00ba3,taxon_cell
555491916,307929537,50203,81,004dac7b4c1cf1128d3ef3f420c05c12fb8613459a1bb5fefd367d5d88e4f5d7,taxon_cell
555427113,307896452,181956,81,0071af83a7dc94b9145520a66a9997ecaf78fad309d787b43e4801f28488f9e0,taxon_cell
124012011,75782105,51921,81,00acebba265fac43f698c37d3cf5ea536925653d4c2b2ba3df1f966014455247,taxon_cell
621615321,341459470,764909,81,013e75e222a903831f219cebde23a2b25abbaf235ced260a0584848f77853990,taxon_cell
326299745,186683863,169171,81,01a078e0370e4bb04c53e893ea195cd77b7645f4c7e115be45f74109fd21a15b,taxon_cell
242462249,141516856,62941,82,0025987f453a0c7548db70bb1c8d0f9022e584727fb77aaebfcdb18bf28f7f82,taxon_cell
257075147,149208060,164415,82,00f33d91e515c32e76f5a4f5d7de7182b30452862f0c9311ade8c7ce56eca497,taxon_cell
448365051,250668771,280892,82,0185b7cf3240d5f77320c23c69fa177044ca8e9958c1ea4cebc84247b296e73f,taxon_cell
254870127,148055477,940829,82,0187bc74c133a4f606c897d8b9befc4c8db398462e28c987fb661c61902befe9,taxon_cell
177255648,105620572,1610822,82,01f3e8b81cb6da3bc6d56a2cc931edfa942cbf730088e43bb68cb4012eafd66c,taxon_cell
164902176,98977888,1095275,82,02047a48147769ee427a2b8d5eac98b202ff191c8e017cdc21498c23936ac224,taxon_cell
563254724,311994735,48163,83,01f019b8c9d6a2665e1745f67514c5485b5b8e1d51ab386fb5bb40aa49724a74,taxon_cell
105487247,65529441,1004655,83,0313987e6d94553059b0da03e0fd53c3e7b6c00cdf5261eacef1a175d67278a8,taxon_cell
335670552,191353422,437750,83,063e8e5fe335445482da4091eeee161d5cd1d4d2b238eabb885b2f4c70edb9db,taxon_cell
74464300,46952499,358379,83,070b0f761ecf542d6253dc14b7f9069b3ed72bca21af19fe080908af5755fba0,taxon_cell
171479473,102564513,168854,83,0e15b168c2e84272cb33c0853db119ca73def1d75058ed5f17b3a5246600798a,taxon_cell
105560143,65570689,191950,83,18d43bebe5480cfeb4762503334b85953f7f2960099ab6422cefe78ae9ee6696,taxon_cell
317177293,181968581,153174,84,1096d8e819260702ec9a1bce6b2459bc06429a60bb31f33532724c690af60648,taxon_cell
574121500,317705830,133308,84,13998680b72e7441188040a7bcf0c55f8d9cadd1114cb86dd7ea202dde5e95cd,taxon_cell
652753329,357859409,425741,84,14be020e9483f17f8ff4dd2ac4eae83bc206200dcf6f38634a112ab78207e72d,taxon_cell
90150660,56566973,170415,84,17b350a5bcdc60dda02993f95aa88da6751436b4e4e7e4fceb3a88b7f8fb60bf,taxon_cell
90149483,56566954,170422,84,185ba82251c6d3c53927a5e45e6eeab61fd686249e4c0b71803594468a8e8910,taxon_cell
90152075,56567003,122519,84,1928b4447a650726c6edc80a796e81d4379134f2ca842a0b9ff307138cacf77d,taxon_cell
591235210,326447353,123697,85,0185212c691a91a07da3e0a434fdba33cf78e3b228cf6653fc5ef23b41649020,taxon_cell
615201875,338308741,123960,85,08c853cf22538067d6d70905c86cbe19555fa764928ddcec08c9a8c55d18fc25,taxon_cell
454206230,253645778,119099,85,08eed50a41f8f9cad657b05534220b824d14ab581562fc87ad809264d6ec3e1a,taxon_cell
242315804,141432853,326037,85,09c0763b379948f4a5fe80671ab369dadfb592767c7aeb7826765bba7e25e696,taxon_cell
546216336,303060845,48163,85,0a87694d26d985f82a26d9ae26927c253a8a28eb5decc0aa516919d4d50b7445,taxon_cell
595158085,328441283,553661,85,10bd5a7c615e561ac37b601718abe8f4d68f543b2837bf60bca609ad23881158,taxon_cell
158320194,95369764,189179,86,002e7150a502ccfeae441a95064dc7ddc0bb1b669cda05915799edc6807f2c77,taxon_cell
63545715,40014592,425663,86,00958b039a906c34407d9816f135a7fccea8823471b6849cb58508f024b008af,taxon_cell
347230587,197185434,927823,86,00f92c3890ead9e1c68f0854ad183c4345fca6bd1ee5f106445d8cf933bcceb5,taxon_cell
593678762,103744722,426690,86,0134f76b301b40db385cff4f901f04cf98ffad625f4ab36fc71e4733a3801462,taxon_cell
569999604,315527345,51593,86,01ecbb3f8997b2841334f9a75af091f21e3be00e09a74a92df8c2d395dd1a874,taxon_cell
416126274,234105389,1569127,86,01f86bc0f3fca049ee6d2b109ac8c09df74d8edfcc6aceb9d2016d43425127dc,taxon_cell
47592467,30462182,931761,87,00ba203ac686ad20d5c5e7c87b4c50fa2138b93fb40e48018c522c1b177b256b,taxon_cell
334911550,190975543,58961,87,00d4da19579724a357a96e40c7e186f1e20ba9ccabae5779699de613afe66870,taxon_cell
486644576,270587463,775466,87,02cc48e9c04be62341fa3fad9802193d5008cadbfada782f660e8341ea3a5448,taxon_cell
313370853,179948596,1245641,87,0510bff275ce93846bfc7b93ecd199ed54b2ac3eafb3966aa3b0baa4b726d4c1,taxon_cell
418123599,235178409,369351,87,059e2f95ca34d8072d65a21b966e4a84d8b724c41b5fcb38c53b57067f67870b,taxon_cell
279734047,161818957,133350,87,060b08b9f14b69a35d4a732f7572f6af6fe861be8c3d4dca11b9ef3f2205f74a,taxon_cell
551224316,305703998,570612,88,0c0cb91c3fa90376d5658778b2bf5a4b3bf21c5fc7b412a27839440f909e1d1b,taxon_cell
588409466,325027397,123960,88,0ea4261b4171d1d73eef5dd1765b110603f3c9227ed7a9f846a19fd7acc72098,taxon_cell
169348536,101403774,280785,88,138758a5dc545a077805dc16073077f1a683a0d4ac87531ff751a766068a4b6c,taxon_cell
497575022,277102105,77347,88,15ba19f1587a9f183ad863b9d78e743e15bf8313536563fd84d628f46c40e094,taxon_cell
276840579,160211646,1104966,88,1751a278c77f9f4315a997a97e3eea8303f3c6c3b3ba7d56a6d808cd0fc13580,taxon_cell
319699882,183266341,81515,88,1dc403dda88f6ebf83595e6de05d2b84af456fe469c94670dc9665ccb2911b09,taxon_cell
589276867,325462396,170055,89,548be641e89230748bd716b343ac4f66a8d701f2bb974a9d3e2e4d33b0f1420c,taxon_cell
35008150,22594700,883861,89,82fc1dd6f562e578f5a65aef4c69da7df7149b35f0346d9fff2e646170cfcfaf,taxon_cell
344952469,196000350,425753,89,b0753edfb9610f4b190e27e07558b0652dd313e36a55a6b002caa7751346b9f7,taxon_cell
201796202,119377489,166742,89,b9db7ac784b2c58dd1e56dabbcd16690a86bc29bd0a015e7d7ec3111132e80fe,taxon_cell
210264035,124072891,945393,89,d99c77817b8ab7ba973ad1aba88efd1e0d00da7a5ed1af00726edc960995cb94,taxon_cell
60756558,38244478,50333,90,0260e015c0a9b042578c926dd7964e76b897acb48b0a76153959200d98f37271,taxon_cell
23883882,15958472,58058,90,0b9ffa186cca93cf793078f1fdc5c072d1f8233522cb0e00c663f2d2bd4ff064,taxon_cell
60769789,38251997,126840,90,1fa14ec4a28affd20b2c75983689ec31e5b4175c877e74dba17249b78df8f6ce,taxon_cell
60769666,38251985,62924,90,240c236c39d55238332338b932f7d50cfd8494988731e3f74e1d4f3341e21357,taxon_cell
60769741,38251992,169322,90,33cf2a7c9842b8572325de6247b6c3dd588764adb9ac3be1af78e1030f036e16,taxon_cell
23884072,15958774,275384,90,3b7e6eee4654a678da82eab3b8496e3283e590f173f33376b922cc46c723a4b3,taxon_cell
167363792,100290398,123000,91,010e053345a9329def85c09f66a6905c4d68c64e8465f011dd204c5a269f1495,taxon_cell
224852255,132070107,1569127,91,03040f6a895bd6dfaaa9afd815250656d4fd71a0ffe475a8ab677045c30f7d95,taxon_cell
590941863,326299067,123619,91,054da3dac3064dd7a3700c4e6b7bbf1105fcaa246e1171daf82c6349b0f8c13f,taxon_cell
224673906,131973796,55745,91,06b3948a64324900fd8f266247a0793c08551c523bb24a8c594225bc8f66f9a4,taxon_cell
269597910,155939121,76425,91,076d31e2abdf36379fba0c82e782b1635ae09dfe03cccae86cc1f2c3c3de2089,taxon_cell
353278222,200254640,60447,91,08bec95809e3dff97c2f92994b0359e320298baedceda4fb335527b44e9f873d,taxon_cell
150360655,90947866,179326,93,003530f70136754ac37fab7ade5d302030801537dc42e661d15b2a9d7e801e2b,taxon_cell
423422424,237882063,283415,93,00a709b039883d555315047dec3a8eee2d8654da8ca145fb1f71c514bb7521a7,taxon_cell
129337405,78994728,286973,93,00c70905c21cbee851a9427c9f6fb929f812f254c1c07bbdf419325afe125a73,taxon_cell
171030589,102329631,288980,93,01b4805a038901c67b5f2f3c8f5a9d18acdab6913958e2ed28c99b0a455aeff6,taxon_cell
170048582,101796856,290695,93,01f48c88e0e691c3d8917252c9015aa76b44ee838746da1fcd43529a70ca0b11,taxon_cell
394785315,222843347,125675,93,02246e79661af9ff10a3705a5a29c3f76ffe0d62ab7cf1d2149f37774bf34d13,taxon_cell
470180034,261685334,162685,94,001a217957dfa79df943aaaa65a79364de576a2a08d29bf6a163d0330aee6b92,taxon_cell
478059735,266091672,280373,94,001a71a602ad7584cf290e71b60d65385dcc8700a3c7da9820cb41dff09eb5dd,taxon_cell
476886407,265490944,1633111,94,006b224d10b29a3eea82610c056db9b27bfa79943ff56164a7c8a090da6d484c,taxon_cell
607971235,334751820,64340,94,007369790a8017c2ce9f3dcc9c2e4be9c15f6d674792ad77a829afef0b7a5468,taxon_cell
606434167,333996185,281437,94,007819baa04a7ae183495f3bf228a1d7fd63face72477cca3ae0a9679d9d0cc6,taxon_cell
470396285,261794930,277233,94,0082f48ce2f30fafcd58a82e973964d2ddd37f88632e5ab4d487ec3bb4265900,taxon_cell
58276341,36826622,133668,95,000abbe09bb1ac35c3f5955f829f6576dbde61f74c5d322ce133b387d595addc,taxon_cell
365184413,206481736,1037619,95,001505b0e9b2906723e7bc411ff255eb954633fffee614c5898be8b53cdde328,taxon_cell
139616074,84909269,68031,95,0041488427568f3bf5da71ea7cf82bd8b69fb64f9bcb46ac1578fbdb9c9e1f83,taxon_cell
120118701,73587621,850063,95,00620471db104719cb7af669047bcf4ae42ad397d92c271df00442332b294931,taxon_cell
134494831,81973275,848728,95,00688110304efff5be7867ff7ed149f782da3af564c65e4441a804d1e541f0b0,taxon_cell
211802391,124927518,159817,95,00ad01ed33a78eae8557a383da4e1e83c57a0139ce349dd703b778641d2cc44d,taxon_cell
596111153,328911480,126633,96,007d0a537f39bf200465905bb0c8d51cc52d01d4dddd2636471563dbd2ec77f5,taxon_cell
254715281,147967499,126566,96,09baf6fafb62ca577e0c62f745631d54a572974932d33e04ec0bf0cccfc42628,taxon_cell
175100394,104493703,75833,96,0b801cf128f0ab436fef844180243fd2c45dfd6da1c588e88094f545e6e611bb,taxon_cell
581658222,321610667,160759,96,10fc1018121d7264a8a3758d1c96ccd87c018b3c91c0be2e86d04e56a3f30c2d,taxon_cell
454785059,253954347,159049,96,167badf85528efa4dd12480ae9f52afb228cda9355ab590d456008878a26a2a7,taxon_cell
81262811,51156943,121287,96,183a36e540cca7949b023a292674bded32b0531598b7a0f57fa207626774bfab,taxon_cell
106764337,66254971,769998,97,053e5d9afc8bde105c71cf0c1a4b56610b4607c56d4ca1804692ee1232b1476c,taxon_cell
184374422,109398426,48599,97,0583f6ea7ec907ebb69106609913609eee232a0d6f4049c58b06fb195149ab29,taxon_cell
251846299,146481147,1586229,97,08be88f53dc48a4bdb2dc6bd9aa0b2d80468ab8aa607f49e51298e3efbf5cde8,taxon_cell
342406095,194745901,58334,97,0d5ab9561b17bd6cd3269ac073548cc6bdeb10270f02294a3c987aa05426b164,taxon_cell
723645617,394711470,47563,97,0dce7f7ff38435a71b2786f2c959c2d610655016e71f95f960af3a4a84caed53,taxon_cell
454913620,254019792,362404,97,12f65ae99ab17d88fb99c927026576f33319b766a6a5257a8debb7eb139a15ff,taxon_cell
24503965,16311417,507073,98,0098e9fd73c54d786bf3a9096b1ef0f5b3f993dad1fc84eda27e0d4047069c74,taxon_cell
351437522,199292588,129885,98,01f5dea77bb98bd9a2a573a53ce04c3781456ca1aff61f7a7662cc568f20d913,taxon_cell
59182919,37343612,506978,98,0213b1c0bf92093d4d8a078ee5f2839433c847b5d92b0c2134730dfbe61e9d5e,taxon_cell
665293958,364436932,47898,98,0700871588832f48a3c5a574f703d3174b26ce7fe107a8fe3bd7a77ccbf6d98e,taxon_cell
61309968,38564852,595935,98,079626aaa3f4abb12f08968bb1529d4e91d0010399c211283029385e3923f337,taxon_cell
179141007,106618119,1357979,98,080a2f08b7befa3442c68285a920c046566e44e7437e0955696358661ea85a09,taxon_cell
47973370,30699344,76790,99,00310bfaa486b4e12274973540b67a62d96ce75f792c0e33fd48720e05268c31,taxon_cell
353993718,200622023,593974,99,00f1040bd4e52e9ef164b54400d08ce54df52167e2f8a8c375be2abd58c150af,taxon_cell
44072113,28278733,282215,99,0131537b4892fd4f520cb0641fb094a8331f8a7d39b010ef3cd7e2eb81a2eef5,taxon_cell
532980465,296026840,141628,99,01a9eef54715e8f3c98e0c5c261d7aea1e1a0f92dd2398209f68fd9d19e865db,taxon_cell
54505382,34621050,1687388,99,0330b72f4d0f7a3673f7224d576701f318594b96f0664c1a59993d219c607f22,taxon_cell
73124236,46104626,939878,99,047e34f65ce8cb191982261cc0581fd78faa1f14750e50b6f940577e33c320e5,taxon_cell
122423270,74872030,840595,100,002ec63d2e3e1cca34792426ec14511758d7fb0623baac96bcdf072d2dccd819,taxon_cell
348963689,198042446,55021,100,0132fd780876f34f777eb3b5ed3747d67b072a5f03ea98824e19e39253ae0a10,taxon_cell
106975436,66368024,963194,100,0142d0ef7159f078042c963144f954f9bd1ae95f2a0c8700a7ae71ade3f8a10f,taxon_cell
66446726,41874584,583150,100,0157d266ebfcaf2e43ff8cc74013fc941174ca007556f19f87b7aaf7b6c53028,taxon_cell
32479348,21029852,467990,100,032c4615bdff3131fb6e99519896e3b58f634a3168cc3062952f84eef218c8d1,taxon_cell
14197866,10260160,1080550,100,0384c49f4e41be0da0198cf91f2ef8fa00ffaee05f1325fa3858a2458e0e07e9,taxon_cell
181244294,107728887,199252,101,004672ff59a64f7e11826f084c3ae9a964ceff4ad34cae9509dd3f38cbe84f10,taxon_cell
457467584,255285919,208038,101,01816ec2bbf8b0edd7a5cacf406a635e1d78e5099ca211cc75bbcebce705a3b6,taxon_cell
255807361,148535928,1450297,101,022ae6856b8f59a7450ecbe290b0fa9349f9815b9ae55f12b83030314a7e192c,taxon_cell
578500022,319997393,126424,101,022c595d92688abe6e45126ad1dc2c3d69eb4c8f91876f4538ca5dfa50dc1467,taxon_cell
582873942,322232670,587489,101,0358503f2f2a4de7324ef73a499d10d02d89d4e2ebf3513388759b9655e16107,taxon_cell
103927854,64628899,169394,101,03b58cf7e72fe8aad91ba4ab7973c0fe9156d3d9e504e672295ed2422f24a70d,taxon_cell
61641970,38753380,133287,102,002d55550f4de70466a0fb6ef33d7c58b164a8ae97e9138f1a0a2748c49dd6c5,taxon_cell
348603077,197865067,440240,102,005e7c7c11e5d14dcd14a11019fa3f39f83ab0b434ef28e243cb1d0c74f29cfb,taxon_cell
445913255,249451369,343901,102,006f07cf5f36c5c7447556f0debd6a5efc8efeb4d23b03cc485955adb0229f9e,taxon_cell
216790737,127681944,773916,102,00c175eda4084eb757cd6c96a31dd27da23b654a64741e22516d99ac14bf26b9,taxon_cell
91635055,57448703,62942,102,011a44026e7ce6c9e94725e7ba9b09aca7c793c2b6a03918cae9bb678a33039f,taxon_cell
248343875,144666758,346625,102,01a5cd5ad40a51caa78c4e75e3930ba5658221ae09ae38a00a8f9123a5e3192f,taxon_cell
626299576,343780644,160759,103,0085bf46f62d61f9b7865fb79dc421af381c6b3d7b85912bde62974a499f5731,taxon_cell
471590691,262561042,327754,103,01192adbb8c5c9458e96da3107c57a727764a53983f77c18422bfe62242b2048,taxon_cell
43100940,27686849,326106,103,013f7a6908b9a44b425dfb4134e674c53f37357ea34669121c39c256b8fe3a9b,taxon_cell
294615649,169907041,1068867,103,0177fc7e857993a93b554b03636e2bd9bb07209b06e1022ef8349cfeb6f82b69,taxon_cell
460664940,256874836,343901,103,01eff2376b3d3b1effe116351573d04c094fd9b2926c0fac429bd93080305705,taxon_cell
610613411,336056255,1125100,103,02e62de423a3d4e8df745e18515b87ed93fd04600ee05cd761d95ef83b552967,taxon_cell
359277770,203354153,281371,104,0017eeeaa369af3eaf19b5ad34005a75e0d2d7dbd4686d1a9f5f2cfa1c50bc2c,taxon_cell
252222942,146672918,48448,104,00833debc193d27d60730b83e825adae51468959a12e57051150d640c61e4622,taxon_cell
531058159,295014609,1429989,104,01bc6f5e8a7dc7b51cebc5fb4f7afa91985d552819a5ca5f76d1dc77bd04ccd8,taxon_cell
57929037,36631770,126634,104,02a366ecc82f617c65199b7a55e701bcc6804bf715474f73f9fdc678b0437e88,taxon_cell
57331753,36280885,78589,104,02b630cf553fc651200ce1888ba76390758f675bd6643c5471e32f9858256625,taxon_cell
478359652,266251089,47563,104,02d16d94b07dd54f07ad2033752cb45fcf488c28664154b5b6aaa0a6bfb669dd,taxon_cell
191906955,113597247,58300,105,0108d2572079da216c6b7dfa4afe65a06092f8c2bbfdf6a43b1c4ee0e701e669,taxon_cell
60422264,38053156,493614,105,01317f493a6adcc3eba578f848a2c4580aeca266ff6a3b2ccbb3c59d92f32e0a,taxon_cell
567751634,314338990,346180,105,0186225825d52f34de5091befd76bb6f4d040f72351e54df608858d308acb198,taxon_cell
485851851,270176132,1399912,105,02567a9cd66be745dbee5201b4dd0da719e890c007fba854b80d6dfa535ad9a5,taxon_cell
644708076,353320313,169060,105,0261802c6a886396cc331ca1e44d5b3ffe7bee40d21e5d2ba272aa125d551a12,taxon_cell
125739531,76881387,346625,105,03103ab7e2cc839bbeaa3c172f57b69001a1434e44e342e4226bf48826d5d7d6,taxon_cell
562909121,311810856,210935,106,0136ab7431c36aca8c43f40776c8c0ef41acb8551897415146bd5e00570077c1,taxon_cell
211610033,124822528,159199,106,021f9692217dc846c77a23b0ba2564486ad47167f70e75a64a56103884cf39a1,taxon_cell
668084151,365901604,504090,106,029ccc281a70db9796b7926f7e8753e81f5ff9f0a7b4920b38c9cac323bd6065,taxon_cell
59660979,37613188,75835,106,02b07c8a8badb02988be571b4a2eb810990a98bb53431159bba7b6e105b5e75d,taxon_cell
41376573,26639577,883857,106,02fbc088dbc786355c91aee32f4bcdb77dbb102d5f01326e3fddd26f5c4092bf,taxon_cell
626936227,344104679,1186181,106,02ffb99998fd1923b9005dbbdb1cc6ab033dfc93bd8eea1aee6737e5b681719d,taxon_cell
71869700,45326906,123438,107,3ba828e846e0fca00b2560d83b4275f53195aba7af39ed2ea9b8ddd0c9e6c7b3,taxon_cell
515502076,286729448,165876,107,3beaae7b60a70d9628e9f12f6a9be236f6ca557ede36477ca8276aaf3fba4684,taxon_cell
62998434,39692985,366267,107,5e3594e507070a859ac39309e9a8f2c9ee47059000e8d7267ffdddd18225d233,taxon_cell
18000329,12473812,60439,107,6fc19d68125584bab8673731595e3c04b9f955aca1401b6cb172f77e1b6f55da,taxon_cell
434449447,243627917,62924,107,75a498d13add35d107379d01f68e2731adc4469087e524a10f75f4d2714d03dd,taxon_cell
53627690,34101504,133328,107,87ebdfae022a4e31ee6244e4a19da9ab64e9bb85b4e060d55fe90e2a2ef2099e,taxon_cell
244120477,142400921,1095846,108,2b1432dfd0da803de08fb6220e721826589de4677e8f58b513f815f126f268cd,taxon_cell
484411720,269414072,62888,108,2ced27f6ba350b297596927cc319a6d1a2ac4f314bb05275b24bff63cdf3dda1,taxon_cell
12277341,9093255,130743,108,2d3cc79140dac1aa78982a8b48d4f8e4e7ee77bf17c8206d029386164d24ae98,taxon_cell
49385454,31548776,58058,108,361d8f2e1fd0e501655ff32555069e4b7f415ebc42a92e9f91e77b3ea63f4142,taxon_cell
664833797,364185585,120917,108,60b1b045b6229fb8d8747929b40234ea87a26b4e9c5599aeccc75f8f993a2066,taxon_cell
183335161,108842359,54995,108,873f7f3ababf5462b6710aa68e969e4b2ba6117291a9e21706a11c67c349144d,taxon_cell
161989342,97408721,123617,109,0086857ecd2a073d20e3699d7fd5075aabd941d0dfaa6f80c4f3cc0729745a7e,taxon_cell
249145297,145077740,82768,109,011e3238043947dc36ce6e9254c7cb784d7304f5e77e482b1ba8478aeca1e7ff,taxon_cell
258640695,150039085,977763,109,0171ee44b27d58401ddcf5cfe8a3ae4b67ccd7c9a55d4fb45dbc991974e7edb6,taxon_cell
179431639,106768333,70036,109,01949923835b1ce8a4a18778a9b0c8c38478bfa1651cdacd7660c1f0ea7c1cd6,taxon_cell
413889494,232856022,163034,109,02d23b202334276e215871a225a023f608ff94facfdbd98316310b2d096dd7a2,taxon_cell
234124213,137118241,131568,109,0366b3f404f6a604c7fbc3bec11d887ba04dffed7b30e9c89d7ef44b38612826,taxon_cell
628350065,344840196,159210,111,00b20743fc835e0170a8d6a9a12bb6a88a735d09368174ebfb6524c22b51b5fd,taxon_cell
727050880,396458552,280276,111,00ba5a9ef5b99c019ae704f30744fedf7897a7dc75e790ecb0f7a9916c63b559,taxon_cell
625237040,343257119,64254,111,00f9e2583ac43579342043cdbc1f1de9e27ccdd7f32341ef9d45cf7d1b553462,taxon_cell
62989050,39687581,78118,111,00fc32792c1c2d483512de91400a4ffb53e90bf5ed8385ec0c6b5126c91e6b03,taxon_cell
628345870,344833626,79057,111,010c72298c0bf4f89051017e5e456b9300397f7e89758ab5a7c0ad352b89b584,taxon_cell
688010518,376303008,564969,111,011f914a99988654cb28dcadd876bede519f071c1324bc8a43dd32ddafd69e02,taxon_cell
203513716,120333756,159174,112,00084a726ad1786b6f524038614abec885b1b80e20f3c080e0e9497e6bcdca17,taxon_cell
664128058,363810393,1569114,112,001f586057a43b9aa8314a1761c632344872891341e4e01a2b9fa3afa948addd,taxon_cell
664543810,364036413,164035,112,00589be37fc8adc3fc64368c636901364d2b0cf791d7aa4d37819fc296329605,taxon_cell
35326762,22794682,407432,112,007b6b61f81baddd43b6a01f1448c0e16be3729a8e2065a06c6efcabb7601a5b,taxon_cell
285966078,165216497,154327,112,0091448821c2f6b6ce93aaff6bf9f905ffbb438ccf6202b0e24f7abe97f53ced,taxon_cell
671358670,367614084,163035,112,00ad32a7f9090beb9a8dfc4c0797a63d8fc91c92f5406057a40c36967639f6bd,taxon_cell
496973619,276769999,166800,113,000222825bb1775df5ede1fbe9843320cc72bed403c544dd65c5e028d4eb9779,taxon_cell
41823069,26914752,77740,113,002464ea193604460c419d018d09a3c09f223b2d5da0d53eb59fdce08279902b,taxon_cell
340957118,194031516,162839,113,00c91e43f0ae3acd478913ef9e9a8042608092a616c9d552a4228ed2e59f48de,taxon_cell
325753859,186405902,955709,113,00cdd5ed7b6b6a1d650ccb233b1382d1460ea7bfccd73863fd536cd372782deb,taxon_cell
101785554,63426508,132451,113,00f931a955abb85d761ddc416c5078079104a927f6e0ce7cb6fceee2aab722b0,taxon_cell
18424441,12722107,128768,113,027dfa8727c47caade926d98ca9ed7349d2073f420d8b9f1e5a953658afe5a54,taxon_cell
176855754,105409381,372731,116,001607cd66fcdfe254bb7fa2a4dcf4975e99ce4ad1d31f717b50fa59fa1c7a23,taxon_cell
249246325,145131787,169899,116,001c03d6654ad015dc04923149a9a88f5882c2480e7cd5f6fa142d7db702e473,taxon_cell
629594383,345467181,169309,116,0097e084f6f2000281fd3f8be11f67d60a909995753b809f2f2b9a500b25838c,taxon_cell
175364309,104631231,55925,116,00e8a9b01d7ada4724d4f49fcbd9c8fb93cb0a9653c02948d597677b5c88e825,taxon_cell
330798046,188920904,965438,116,0115ce18049c96f4eb4dcb4845bd2f66db9cd11e069e983dbbfc51b0cea43d5f,taxon_cell
29393194,19144888,76923,116,0121327b8dd7c2669828432ac3936fc431a399d6df720169c1a3c3e7ee75115a,taxon_cell
626339723,343689929,53294,117,00dab8bf3032d49012315aa324920711b834b50faf09c0e997dcfb74615abcde,taxon_cell
230114529,134582514,70054,117,02a24e8836deefc7a98d7a1c65db2449d0b553984c67cca4ce6db5b6e65235c8,taxon_cell
572618165,316912131,841751,117,02d9182bec249566b4d7ad81c2a562c50075fdeb4345e1cd77d1a67ff4e63e2b,taxon_cell
104865950,65176603,513620,117,04ca16fc9eb7d4192fc999fb8b7a61acb54be0a3111d3f0a07b59de0495bc32c,taxon_cell
455910881,254520438,1519700,117,0bca64315c129c0c129021d814e8cb9b74f7c2ff69916e96c11c6c8366e3abef,taxon_cell
455716104,254422487,434518,117,0f38c4353636efb1f5f48da7fcf7d3c3a8903af312fe3762c4fdf0f8a561c30a,taxon_cell
454157655,253619785,496055,118,00391726a3831f9f4595c94188592624d58d17a84f77302aa9a5cb316b056c6b,taxon_cell
456672124,254901010,775417,118,010550765114932b779858ce2a0e5eb1974c158ec550aef9e974247a0af2ad3c,taxon_cell
409730847,230739259,782890,118,019fb863e20dcef45cfb62296257589d7d720f6b7173809101185775cfcbfabd,taxon_cell
374987411,212187411,1353403,118,01e00462a14c9a9caf7e5445e4e2df2c0a4eaaa08a9cbe3d78383d8c47178a68,taxon_cell
265532590,153721160,170212,118,01f40f96ede2e6461a24c152cb867dee97b291c7f9cf59d8f0b6c74893409869,taxon_cell
13538913,9878296,59940,118,02145346d7a34b167ed939ac0ecea1627a3bd1e75bd6a09882dbda9bc2fc9196,taxon_cell
64813169,40881111,1091357,119,0039cca9eaada05a19accc9696377b3c61dab67562b14dcf0f824025d5d61c55,taxon_cell
672139453,368021461,347751,119,00abd7b25146877bab73cf07b2c96a2904ad21c83b40954eed116672f9b430fd,taxon_cell
661191601,362265092,491257,119,00c26f78e28cfbc7f42aca612f45a779d7c6bd98907c549ef28122b8a2bfd1c6,taxon_cell
547786785,303895636,769886,119,01e336de022ef0ae2cf9529b19c8bdaa5c21815b272455898cd97c9ad4178d71,taxon_cell
690775166,377730037,507221,119,033f150e5cd87a7775396bb8e65267d479e2b8251da07a4e0bc2527949d93a86,taxon_cell
57847887,36583344,447866,119,03c1193f83e798839dae47720b0419064df77c515f9f9b711f94793af1087bd8,taxon_cell
587804624,324726999,1262523,120,0044896874132c79d1b7c464ebde54a9d61d5b14931e6a624944dfc0e2e40576,taxon_cell
632544158,346961557,823710,120,007659475a2358c39f329e8e2fdb876f09f6f7c7692667fd1f1be8d85b0ebf62,taxon_cell
330412221,188732532,167075,120,00fbaea5df0160f0b84bd64389d0ebd4b85819ab2f5e818cca41414609f5a152,taxon_cell
622791720,342038740,430893,120,01011bd6f9ba9e9b7a1196265231ca69b7d86bf63ca7638deb4e4ce16d087a06,taxon_cell
254674513,147945858,564213,120,0140c55678c60f51e45ba874d32e17cb2783246d32d9a470dae61cc48b156c73,taxon_cell
645947847,354061184,340365,120,0143e81c9e826be40479149ca739b4bbbcd85f09b966fbcddd8995288d8b97ad,taxon_cell
356943391,202136331,484261,121,00460eefddb8a9dd54679f9f7c08b692db50f3b3e43054cbe5a4411df08ed591,taxon_cell
510725066,284197395,636410,121,00a0f1a5ad9869acecc02ec18c739cdb49eed57ceb8bba70291112c6f7f6f37b,taxon_cell
7968653,6326005,1034550,121,00b9cb564508be2f94d1873df167d9785a4ff8be4824fcda4cda6f099d5db969,taxon_cell
538813998,299088651,62859,121,00cb47ae3c7c62fda5e1ee9cc877b3b1f438ac9b98567dbfa937473cc45b10a7,taxon_cell
437169905,245027150,523874,121,00d153cee747a0e575c6cb656c8cf176759a66e387ec3e8d187ada3e7e6f666b,taxon_cell
104554284,64984280,607663,121,00da1b74803096c4fb3f99115ef070b333683299b03e71c58943ceafd8bb6146,taxon_cell
530529821,294767811,56121,122,000bf49406432a641b8a51159b396d1506dd518b76a436f8996a1552af9e992e,taxon_cell
533245885,296164103,977170,122,0086701035a6ad67d70ae896290c072e2b65a4739a6666b04236fb1d9b12a46c,taxon_cell
686988003,375765252,338131,122,00a230ab4f3951a83b7aea11b7b4a74ae9b141f27766425f4cf598f0014f1399,taxon_cell
101578897,63303566,1666345,122,00ffbbc4c544e1af8952c0e0b473f394673b8b83fbd563ade764719a4c585b49,taxon_cell
109270168,67606315,920342,122,010250ce3ea59fa304e7d37f48027b3f8b7ac9ccc2eb798bb918bce6d3c0cd60,taxon_cell
2575565,2314989,165370,122,01147c6aeea9cf1c9a8e1852472f3b8c18319726442cd392163df0ab1fac5d8a,taxon_cell
323247685,185115700,578650,123,0015a62a5dc326091e0a4c13dc06cdfafa91974a3298f30dd6d35d2746a1dad8,taxon_cell
653932456,358465576,713170,123,007667d0941dc082e7b41d66973cf3dd6eae4f29fb1eb3b393957f8d5cd3aba5,taxon_cell
93095521,58317735,53313,123,008127399b99d9eadcbbb36d81fadb3e629a927e0c855c662f0f976abbdd1673,taxon_cell
482341269,268344503,777969,123,0081358bff63510e36c57ca48d70fa4a384f0a9cc8d6ba4937e3a8d497b6f032,taxon_cell
636502788,349009952,133350,123,008eb38c496f088c20b1a00c9ef85056dd4fa642ae64b3b5386731707c40cf02,taxon_cell
227544289,133573994,709032,123,00e33a01e42581cb7d46284ddd360d95a95bf5d6ad0200b6b9b72c5e85397bad,taxon_cell
107120650,66448201,363481,124,2ac388e6a289a2c0b502d2aead6d395e269934291d1c88cbc91a1049d4d28447,taxon_cell
107122994,66449428,47447,124,3f897c910db03f9b7917b626943aaee07ce240c313fd2ffce2e2ad1b2fd49c97,taxon_cell
229015978,134365154,1413440,124,5553d529e4319e70765cecd22f1646e2eddff8f795c7266de6ce1e7cc3a10e60,taxon_cell
107122335,66449088,62868,124,6e4fd7dd3265f0578a6610c1562c025d96721794c4aea6d34a1d093923f62775,taxon_cell
342899609,194983694,159698,124,a93ace1f39f806aa46ba069d977f502db1f8795f0234decf4e8cad77bf447ca8,taxon_cell
711895585,388680949,1413848,124,bdadfc734e6d85ec06832bee8e983fad913c58f3de1e7ae6ac0723b078166ae3,taxon_cell
726545963,396519395,596003,128,0050f3b539607fbc52586cf5987ef9ba9a2493bab991924fbeea14a2b23a31e7,taxon_cell
702463150,383785626,60530,128,00560c740853d0c40dbcdcac93b683df7c901f06c34bb20e3bd1459b472e8ae8,taxon_cell
698558407,381756741,79497,128,00a2a6b14abe8ca4707bb7b3fee66a160cd448618698704e6fac2e78e036b526,taxon_cell
495420572,275768204,51147,128,00a4ed22b73817839c57b86678de96570cf250517658aafd8dea43a53a572713,taxon_cell
282293992,163225977,60480,128,00ca37ede78cae258692be2af0deaa25a446460070251835ebdd2c46d395dee7,taxon_cell
690452377,377562550,53051,128,0108184f5f27654ffb4a0bcbf12b7d709c02051d45e1c9dd8ef9d31bb4e25d34,taxon_cell
703208947,384406156,59780,129,000605aaa1bc8d2d09b6be21a2440dc2735e8a13657aa362ff4d7926c6eeb69f,taxon_cell
697342667,381152534,63319,129,00070d9505d2bbc8aacc7f01f7e6d40b75d1c897e48b8dcc859ed99703cb4594,taxon_cell
709858594,387643805,119790,129,0087dd927deb6fa1339d6f53555908378c7382d9f30e4bbdfb42d879a7e8088f,taxon_cell
692536651,378644153,77684,129,008be6df93c924d85eabf713dcdcb251cab7ba76ab680bc548a61927a79a51a8,taxon_cell
256818591,149071892,68303,129,0097e96cf97286ddee81ac40f4333b93a85730593af73126fba486e505310598,taxon_cell
7445536,5959705,75870,129,00e6d8a2d24a017c216334b5a7332f5cb6b6e3ba6bb4e1ecee586791c43adf66,taxon_cell
715618424,390603812,81598,130,003ca280655d1f2f7be1bb38ad89678d5c6a6cb1cc6707d70b10c354c2cf2fee,taxon_cell
669217817,366494799,68049,130,006299c4009fd2e89cc1438c4905baea99f12515b55c4296c7cd50ee57957b66,taxon_cell
727678948,396792997,78090,130,00739f30e6a9f468c14dc3843b86b6240942b7ddf3b1c273f722b0e598849be8,taxon_cell
725901400,394709241,54520,130,00808f16996fb3ce8e4c5f222849d77b56716bfbc74ae9ed0cf0c80e0ffbea63,taxon_cell
727180517,396527077,914092,130,00d564ff380a2afa4e5ab618e5723d5e63b5cdb673caf5e9736ded5283af7384,taxon_cell
542388843,301011533,126585,130,00fd5b29a003e4f51e9e04310d58432dab4d8a58e9e6e40ae3d67310febc7838,taxon_cell
722436691,394094024,130888,131,00e91053642208822c717145a8c1085508bfeb4f14fb5d115a5075d443d006a3,taxon_cell
239737978,140088312,125727,131,00f262093fa78707978ff1ecd8b6cab802adda0bdb720855b7311ad05d13bb50,taxon_cell
715836771,390720424,79409,131,01aeedbb2bb9feaa945a695fb489bd33a133d68d2fc3893365d2b3fc9d4a0b19,taxon_cell
267941868,155036826,1425373,131,01dfea5504b49b12ef4724d837f176eb66328e5a51665693cb6c1b14c022b66f,taxon_cell
712284940,388881479,130690,131,024de5a5f31e4dd64a80a609879daf3d5fbbad0b4856857dae6d0d50b614dbcb,taxon_cell
79910233,50325445,160295,131,0309cfe5b1e314dd3868bba3a85899440e5efe3a1d06a5a20433f27ce36b8905,taxon_cell
29410958,19154899,53039,132,004e74e0caa2cc1eb883203e45d354c502e87443a37ec4bd38eba6c46918614a,taxon_cell
94247783,59007419,128551,132,0128ff475479a67a27ede36ba50e757d5ec6dc3598908566661424b4ca61d4da,taxon_cell
221237069,129403476,79409,132,0228cec479766e9990b5a6bfc26d5972de659df40323d332c07932f49b3d7aaf,taxon_cell
520080986,289168856,119828,132,02495acda34cdde5bfa7f1eec267ef86efa8372addcb14c1fc35998b2af76104,taxon_cell
235584676,137892684,57457,132,02745b14dcf2870dad1fb86fb10530279db03da083ab14212556e25c9413185a,taxon_cell
597057421,329384970,52658,132,0278a4d41b52e42324372c547c34a45ff2771a6e2119ba7902762c7fdc709431,taxon_cell
483967048,269189295,78839,133,01ad779a1fef09208004407382ac5570b781f617f8766974eed8aad94b25a5e0,taxon_cell
425224965,238820084,338470,133,01e2b53a8c82710ef5869eae74bb18351ecfca6f0feb0d8bca2e4d0eb2854352,taxon_cell
401127381,226194964,163974,133,0255127534a37b3564016127023d3758dd831a9754ad8bbf6b99563f438acbe7,taxon_cell
409282625,230498854,61839,133,02830ea74017a2bce11d394cbbf598a6c76942f00168fbbbb5f4781abd669164,taxon_cell
270824136,156608723,341977,133,0412624eebc13bdfebc164be3ec805e39ed4a9bbc7c7eb29fcdf8a066f14ccfb,taxon_cell
423404384,237872726,950859,133,05092ebb9a820452730859a19e5475fea8ef90cc88e1107ac3b39df534321e01,taxon_cell
178103002,106064223,53343,134,001c331ad2713357d0084d451d844c6ae6ab87a61414a1fc42143ec7c54acf05,taxon_cell
314913856,180751936,60887,134,00c7ae87f44c8eb2fefc9bbc93972fbf449a0c9222f32df292428be64399c2c0,taxon_cell
665961069,364791776,341579,134,00c8da70a8f5d617a3a56d59f6c41456ac9b3c6af55502b2aff784d4946e9910,taxon_cell
182554579,108427625,165730,134,012e286948a57166dadede3c3e7e39534109db1a06dc954fe7e5b3654cbe25a5,taxon_cell
209400610,123605908,486919,134,016d8f34fb2a4e3933b0eaf7d528f6bcada2e17cde463a7eeacb7ba4520f5749,taxon_cell
359742188,203597075,52796,134,01b747b296bb2c65acd3294deed6d8221d9bf144baefe190d76a1f195a59b972,taxon_cell
123195908,75313221,54531,135,0034be9e04a3d5e410b77049bbb3baa4d3b1b2ad89bf4bf82e645b422951e5d5,taxon_cell
707504239,386429172,76404,135,00a248da426fcb9cf54fa89514b78c139dd11ae6d498d66521d79c36aabb67a1,taxon_cell
705874659,385565348,169752,135,00c400b88cd0dc680be577bc8a8900ddf857103d4fdd27f2031f10e59f1286ca,taxon_cell
712730383,389107313,76764,135,00d73091875743df8f1cf150ca2b13a757f7c7833c2e251d9c61ba8f4b8ad694,taxon_cell
707504370,386429190,160623,135,00d8af249571b898e3fc54432a064408b593337d62e850b11ee45d9d52785e10,taxon_cell
719757212,392728185,48543,135,00ef3c3572946a16eb7402cedd5d22248b61f61f3701dc1e1b024c86ae5e2100,taxon_cell
413328923,232635928,401314,136,00764b2dba60dc8bcc6eae930caad9ccd7bd850b4dd0880e82baba63e46832e8,taxon_cell
562688882,311798367,57056,136,00fbc51015567cd8bec6e200f9835893fbf421beb0f218ea5a90836f601f5877,taxon_cell
87471652,54953699,167957,136,012827768595c6e7bf62ffa301ee2cf149c20f2c8ba999789c045216e4198192,taxon_cell
669380326,366579445,334738,136,014b59e8fede86615ebfb9e07762b4a0f24f5198ee2f8775779ca98bb12022cc,taxon_cell
691955308,378341946,1613066,136,019059355529c40d527153bce188c7fa6a08fb4262da1c4f130b7674f31abdd1,taxon_cell
32132920,20831375,57470,136,019b042713d3c35e83294c79fdc9f11fca53f1ce2bca0fe3ff6df077cb5a2f82,taxon_cell
292314249,168653234,516113,137,002c808d6d2863af9e8eb99a31a6e029d95b41f99b4b62781c229ed63b18fcb2,taxon_cell
277174071,160404086,124359,137,006f852eb2b8173e84b74f1ec10a4481f406551185620464a5fe7491eeef8d85,taxon_cell
331214240,189124072,803757,137,015651bdf91f21f491b5f597dc6e0cd96b9525e50e31310fa0ea9dc76a5ffdb4,taxon_cell
381023053,215506448,741459,137,017cc5d09cda67c3e3b10bb89af2cb2b0a7be41e2d752a79c2c4ee07c5cd692b,taxon_cell
701444257,383256840,55722,137,018020ca5d699e2c3fc54ca660547f6ea7aced66931f6ab66b9b4718badbd1c5,taxon_cell
516480323,287248204,52344,137,01c11de62f0b62692f1ea02cc36ec7190ff36f656ce364d1c292b7392d7d4878,taxon_cell
387288693,218837145,555449,138,01472f07f7525926f5ca97316c96f0019267f71cc78d0cf0742e1fe0c541496e,taxon_cell
284787291,164583085,836948,138,01c7dda249df0e2d7662156caa1ff0b9b8425ee976ea0d8387175d5f19c03467,taxon_cell
342266227,194677964,565603,138,01ef3ded4ba0e63f1b6d1c9c02eecbe06a890f0281ef8dfc3424e82d73ed1cca,taxon_cell
60502709,38098749,803629,138,02130bb2554eedc720ead08bbe20c28d76dff701c2f5386ed0497d9e1253e0f2,taxon_cell
131980723,80520430,133951,138,0247dd6c027e77cef6dcfab19e78fc5df2df567a64c9dc98806150853e9097c1,taxon_cell
645459947,353800211,1020978,138,0266b45a58384f3b33d600b9bcbe35e9bf49c5c41c14baee9d006b89ee60ae89,taxon_cell
328653949,187872658,823716,139,0052cffd2cfc5afa12f5328da3886f1158ed12b3f5bbb877e10553007d952bc1,taxon_cell
702187987,383642131,77265,139,0126afb1e49ea6de504471be9eda4902c88800ad6a4eadb20165141e713e1abe,taxon_cell
321441681,184174821,1097760,139,0211d55597e40f80ab38b9478e562701470e7d19dd2fc9fae1d19f9d7fc7667a,taxon_cell
216463053,127499310,556837,139,02ac1f529207d2be58e2b577eddba8455b55c2b3401aeae0e772fee3e672e705,taxon_cell
105210519,65374815,166880,139,03bcf3b613f4c948a7bbe9389919606091774d8e48773d0ab63bda16ae9557ee,taxon_cell
628039132,344672770,1114318,139,03d6503d09c3cd85225acb8f0d993309b941740f8dc6ca902b807ab50cc42313,taxon_cell
360003470,203734893,881673,140,00079e481e5af480372da025f8ed3868df4b4a7a312a8c4732075b73097ac460,taxon_cell
300699638,173168553,852388,140,002dc2f8585f84b078ebc957d58fdfb71abd74505f73f8fb21d76af75d5acb70,taxon_cell
726795684,396314734,774020,140,00a5c1329f7ac5fe36b1972bfca98ad09a1a0af6e46bd0c506036ae30cc2914b,taxon_cell
199544636,118122684,50831,140,00f9cb2b4b9f01d0d835bc4925f429cd6597be2614a21bb93080818466a75f0e,taxon_cell
407659249,229644368,1051010,140,01023ad51073979df0f2590ebce232f686b14f3b9ca6e8869b7ca78a5827e905,taxon_cell
214917778,126654646,139705,140,0102e3c7933876f94c7f2da046d680d5ae28640801db458a31157ff1f591310b,taxon_cell
562101005,311381951,511942,141,00195d495f0cd3706a9850fc1ff1b1b5e145074a4c09ef3cb6389ec0b0c45cea,taxon_cell
127057547,77680203,341952,141,005ce1e82d052ebbbd638ddf2310e72fb9a5076efc5eba9c4e818f82cbec1a63,taxon_cell
636467476,348939036,558191,141,0073e3d48c3517686b987e998d63b38367f7292fb209304122a7e3dfc10e94ce,taxon_cell
160646138,96677187,75765,141,0098c0b2c25904f66d9284ba488bd023e42d57d9ca624d1cd94a9e1d07f955e9,taxon_cell
723860600,394820126,559323,141,00c606685939a0de3572d7b4eb8f571eec8fd819b0efa4f09ba02b47897aa98f,taxon_cell
268879023,155543508,191183,141,01b3d982738982f1113e8fbd3d0fd54ab661a600683100cac57ebb9437c22ee9,taxon_cell
500462935,278714512,56126,142,000d3e38e0e0b641bfb94a3c580429f0bbc26e79eba13d563c8d12f1ce9e7dca,taxon_cell
516176173,287087949,165756,142,00e9b6bdf7adf439b765f1db8305a570a876d7c721ca161418052cf23cc5b054,taxon_cell
323223673,185103683,163266,142,012c0900d6cd4a4a2acc3ca6d5a38098f729d9cb52ebb0e1cb8fcb4369f4d6ba,taxon_cell
136247264,82982712,516573,142,01396679344afd8db7c3529ea2157f842015319022f3f4545656aad91d3486da,taxon_cell
408147010,229902209,907227,142,016fe4bc3f50af4fac11888b8a25ba64135fd797b67f9ecfdb9d152e41cb95a0,taxon_cell
482652841,268506116,447694,142,0211c98494ab0d3e990e7db78a093b5d4aa5821c0de14e05b6d5bd9ab38db155,taxon_cell
5920564,4872043,85492,144,0103acc2c864df6a66ea191dc3f616e8a4f313643d18f8d9e38177a12ad227e4,taxon_cell
301494733,173602893,67826,144,012afcbeb0835c9503fd6d297098f3c4a364320407826aa08e0c7e51515f2c81,taxon_cell
45435624,29121375,166111,144,016a755df5d616efc4688961fb6a369937a4e8e944bd34df31fd53c91636c540,taxon_cell
148934853,90146418,158705,144,047173faca728528afe93d08552245512dfa10fed3f8f9fd3dfa845807f184e6,taxon_cell
413367703,232655786,134125,144,05061b36f58fe531b2363f5fb3c4bd0fe9f7adeef769f21da25df9f4eb66ecea,taxon_cell
415661461,233859212,68886,144,08327c1b35155478f195321d1ed6863e8af985bcea06cb9141f15b9369715ea6,taxon_cell
165583334,99343562,79342,145,000070b75f055bdae04f16b6c0633e7aca0719a31bbea5058102b7e6bd5d5907,taxon_cell
21308142,14339957,126560,145,0089c9a9e7365d40c4afcdfb7e14bc809c4451add44cd5f57641ee65c3074bfc,taxon_cell
43383867,27855523,55745,145,009e87e052fd49d49941e6496545b7a3e73125ef704abcbe4663f40b7ed664c2,taxon_cell
25511640,16888189,56057,145,0265b6dfab63465cad5aa995efdf1b131982a4da51d5e12a53bb7fb0bb5eb8e7,taxon_cell
533501444,296304245,61824,145,037c2b8a85260e9ad6c7d87af6164627456f3b45a6dea4c9e55d9ca4f9c2f0c5,taxon_cell
216703527,127631619,167747,145,03923996e17a7308bd91e8513cb5fcaa87a5806582a14036ef3047d4cf1e14fb,taxon_cell
91711985,57495629,486980,146,005c11fea90dcfbbafe1f16972575ac7ac1ca6c13f697e1b9b2d942c56e1d658,taxon_cell
405481329,228497587,75801,146,007cb62dc7475dd0bdf04fa744e1e43e207ce0ca61da81a4c1b5db4ebe68d7d3,taxon_cell
437810855,245354533,48441,146,0134f5bdb1433998980685b869c3feca60933660df559a0903fbbad2a654e91c,taxon_cell
70041756,44178277,169913,146,015815345a0888daea855f68061afe12087ef07081e321e14fb8260e5bd08d04,taxon_cell
535134595,297154100,139565,146,01a25a567bfb1d16868c48844e36286c75b9ce5ecf8444f894b78873cb5bcc8d,taxon_cell
84131368,52910037,79470,146,029ba66b1fc8e58a9e4bd4036d8b959194f0cc38a19909bb9cd78136162854a4,taxon_cell
515019758,286475846,77120,147,00129b18f19f8afeb753bd2ac6d4db554baf8610c00a318f3d58f331b414ef2f,taxon_cell
702409235,383761179,78288,147,00dec91e865c8332f951be9462291f7f8341a59f091d55d196afac3284bbfc9a,taxon_cell
682385116,373392321,130365,147,00e9197631b79544b98d8d5f202b21d288eb7b38c5c0854f3398f76d95263fb4,taxon_cell
720810816,393267070,121968,147,01047096d04f09c9280579de86f3b7355593f2adfce31cf80fe17c9bb0871f94,taxon_cell
130189328,79485080,158940,147,0119e76646d145dcad1dca3406f4ad63120306eeb75d4e7cc44e99493fd02955,taxon_cell
291353972,168140147,62474,147,0193a4217905989f30fa0ce471f270c36857f7338a3aa9db9fdf2d223a0b4bae,taxon_cell
107818717,66826283,146900,148,004e232abaff88ed36f433201e5126a01783bb4ab3a8dd4a291022d13f309c43,taxon_cell
82548155,51941236,53387,148,011461dbfb928a7889eb73b7124d5c114da1fe11916260403823805bdbf37887,taxon_cell
21074225,14207864,160695,148,02214d49a5b947d36bbbb4b7f6724ec0f52b13df9093f22838c534b9aea908d0,taxon_cell
532933149,296001020,77917,148,022752cca17b2f4653818f57608c918a48974cda954a7d69627db8ee00675c60,taxon_cell
248829551,9225760,144150,148,03b62d0345a381ff4879a2dba00d5da34ef96bfd8b5f238d9edfe50054cfa940,taxon_cell
102151720,63629257,131222,148,040777c2cce3b8098c1da396287c5963a7d98d47bad3a0ab906132fe643f13dc,taxon_cell
527544195,293115972,48206,149,01f0e8d46f4536cf1a7cc59ea6034d137600b3ebd4ce2352491f354c7e9f7474,taxon_cell
549581907,304840607,204240,149,04703867399d0c79c27b36d476453ff01fbc32fcb55fbf7d7d237d1006e03c8d,taxon_cell
450384408,251684072,162487,149,084e893d78590e3d54d8ba8e44e0ed6db7c5aed5adde7222def0e64def47564d,taxon_cell
550063268,305095388,144177,149,097fbb486daf7fcf766b2f26c5d7a0cedd17ac287d70f248d5bbe158e3722567,taxon_cell
209893603,123870614,119892,149,0beba0e07ddd88a865506538558816272e419794c3b0374c8637d96222829643,taxon_cell
151905800,91800478,121266,149,0c75f6bb9dbcb83ad2a1c25b502f649c9a0defe738aa43a7a8f48e45475938c2,taxon_cell
541016225,300274604,53387,150,001c57ebdb7abc435375f0cf4b4ef4c7eecb30ae1eeb4d5ea0f5f59dc79a13ea,taxon_cell
545348650,302594592,78288,150,016ee722ef10c20e39310930173b2a79a464f8ba7d7f0b59266a9e75f7d646a4,taxon_cell
685895731,375210861,162008,150,01ec5e652424134d5550a923c983c426747319dd52a518cbe465e4e66e24584f,taxon_cell
650885,511338,55722,150,03813ab2140b20938a49277b9b9eba9cf292c98400314fd46e9ae85531e8424c,taxon_cell
533832588,296469661,118774,150,053577d9a4536527a180a3adfd29d4e8a9914330456a94b7576b52cd1b14d825,taxon_cell
537079577,298183617,78985,150,066d41b624c00bff0f4938f6d60590b383488acb0feb7bf98e91d090952f4187,taxon_cell
612313209,336897727,78016,151,00911b744864e46811487779647b6f05931476da7141a512ee06842543454d3e,taxon_cell
691775553,378249629,56063,151,00e12c4b2d6a5d41bd1f4284bf94f9ba5156ac9500ea2ac77b1b8efeb551771b,taxon_cell
310431659,178402081,906533,151,01ca6799d55fee0dac32298dc51a578dbf74226601aade6138765c6395539e0d,taxon_cell
177424585,105708662,79203,151,02497504a7bf4f549a60acc39006d91d4f7ea8fc2aee678ee0954fc76d8624a6,taxon_cell
301416102,173556216,1473094,151,0410a599fb2aac892fd5a869f5158e186bb7a6d5e34556c7730300202cadb8bb,taxon_cell
412660934,232285923,67799,151,046b2fe28db5c10357609d64d4b5d206e6e01ee4eb9bf1720460d4a3fb1d06a8,taxon_cell
679758741,372020001,77480,152,007b0077e698777f77267bd91f2180ef0cc7250a3904da87acfbe28486770a23,taxon_cell
634697156,348044625,125440,152,00a217fc1b444682e027c7a45f88e9819f6d96689045ed0e4672507e948471d4,taxon_cell
722617275,394186022,162707,152,00b4b68b96e7c54f642f032f283fb77c24f46085e43e8b0347de37c6648491b5,taxon_cell
415685636,233872008,52565,152,00c6da4076c04493415edf090b30726d110b4f19a97fd3cfc0a8c4aa702d427a,taxon_cell
725101321,395455536,55759,152,00d56cff625e5ba8cbb8ce58ec86b70a73e0ec9da090aa71b681d292a02922f5,taxon_cell
320895087,183892225,54520,152,022f52e81fc91da39925ba568e6b020dfa5dd7acc565d0b4415b589babb22bd6,taxon_cell
660349676,361748802,56065,153,0003f10d7353de50d7656b5ac2b3515aa602502dbe7c3429675782ee3659a533,taxon_cell
32097917,20811375,55837,153,002525d009176d2dd38f5f85e723d6630beb38ab8a31c046772b21cf87b79684,taxon_cell
618363329,339869753,54491,153,0098037e85c06cd5567e5d402c301bae3e3b053f7bac44de2ff6cea3fe88f267,taxon_cell
671784654,367840256,59779,153,00fbef234b7af200e07b449e1b35eaeb6cf7fadf692b588b2cf04a158274f970,taxon_cell
495445493,275803331,243824,153,0115e28a212932a40a55885d2f4e8f7ffb15934b122f5f02bd2c0f7e4c5f24df,taxon_cell
597124818,329424258,603959,153,0194c29560b1b7193d36b8205d29cc1f11e2a04806db404b226e2eafc8cbe70e,taxon_cell
690201234,377431527,204272,154,00810eb7c59fe3946ee1f53f6148b4a8010269355ffa750cbb26dfb0b2686c5b,taxon_cell
679774802,372028495,167328,154,01a0b6f693b021369bcf001d028aff850fdc13b82c904c4324770d7ed7aa4a04,taxon_cell
722948983,394352201,84517,154,02097c29eb5e7f41ffccb496c770b8839afe5b54d8a64ce5b997332986575285,taxon_cell
677692270,370934524,55563,154,029fc87008564f9f00158bac40574750d8a18d22ea2fb21957d58770a43e905b,taxon_cell
89086125,55927978,78678,154,02ad6cc7178ea72860c4ac9ad84604d60df3dc858e6b4148b0ee52e94fbecdc4,taxon_cell
328189144,187649075,83073,154,031828368908b7c39df2477cae48ba06a86b9e2e352631c099f1b1034d43e743,taxon_cell
74532528,46997945,124817,155,0052f1d5b511ad0d067ceac99af17d81d125bdb9d54ab7e2eb48b230c523f216,taxon_cell
518203273,288169355,61948,155,0088c52740cc03a53e917dbc2b3d32deedcff538efed61d82509e3cdf6853a84,taxon_cell
73359326,46256063,768177,155,00b96eaaca3ada9f84548ace924ba6b42f0766ffdc416c0b578c831e8c980dca,taxon_cell
554124293,307226243,57912,155,00bbbaa169088e4c5ce8ce47c4f3d026aa4abf6f94c1e57e96dd80836e86fdee,taxon_cell
315151119,180876730,126892,155,0160ea791d22509c17defb203c47e6b8d9bd2ee383fce62959189c1d4debb5c0,taxon_cell
61653162,38761034,126757,155,01a4b67da28cae3b85f96a1c79d4a127437efe4ea35972c3cddd1782c231dc1d,taxon_cell
519202408,288692976,495822,156,00925c1a312878dcbfdd6d3a84eb4b56a4902126967bb621fe496353d93ac296,taxon_cell
566167944,313510423,834839,156,01bf536ef969fd77240b1abbcb3018129aff14f4c1fd330800028dc3452191bf,taxon_cell
532514931,295795546,62213,156,01f91f00e1c86a3bf9ef5c8e6efa422a3aeb43847919b3177c4bbe653bce54e1,taxon_cell
235270075,137722962,55721,156,02b8d64cb611ed9b7f6522abc9eec4c8037a93a1dc70e365878420830483cdab,taxon_cell
135558250,82585787,68049,156,02eba9acea811ab4ffd4b116376ef21b0b3c00a06004d4b921a4693fe65bb181,taxon_cell
532473353,295778689,57644,156,0309154be8e96b2d31bfea21100014939015ae736483182d29c562d4d824f4e6,taxon_cell
42194239,27138598,868019,157,0008ab85523643122da20fdf9eab37624e2f497bedcebdd931c257a59677819e,taxon_cell
39885338,25732264,55886,157,002005839030d052b563922bf96ea31c234ea7f3d045c43dfa9625c011d10f73,taxon_cell
42113997,27090619,842503,157,0037403aec53c40f843e67e6273ea27747ed8260eac81a29cbc7be62f0036e52,taxon_cell
97915863,61208780,794643,157,00cee9f1f7edcbd1579cc9e1fbf2945518d63db5f2fab603b36ca5800fb52a34,taxon_cell
367819959,207914805,56222,157,01618e0ce48bbc93d5adc8ccf54e0d7a8d2ca64f4d80c6c942ec35a9b880c428,taxon_cell
143125965,86837140,772215,157,01a00f48ee6f3ffa4bb538f45f0c3b1c02b89af432c11b17462f2603da288251,taxon_cell
174272299,104038919,359178,158,0131e23e2fa48842cfb9e8b152d502c1c297b255b49c4f605caf2a5d741cbdc4,taxon_cell
31146447,20181739,339366,158,0156fdcb67a0580f595d7499c795c3bcbfc7e5fbac6e931a37e58939c3052e60,taxon_cell
665494186,364538476,708691,158,019aa8b5e4a578adb476307bc728a89a9c2127c62b0495c532e5159d9471f8b2,taxon_cell
406743459,229159253,160162,158,021fd67cf85d6cfb24a832af2e1794992645a4f13b7fddbaf5c078b78e20ce67,taxon_cell
200684803,118756301,958581,158,028902d2af610b5b415203885fc5dd887fda9bfdbcf5507520070897bdd21c71,taxon_cell
329637153,188351039,167156,158,030c2db2305a4d69526ac522bfb69b972442b1097d600840f57841e2a2073149,taxon_cell
270803170,156598107,121266,159,0019401b05c8f57e4d895908b6a3a7cd1a7acce32ffaf4ca6366ac64a3320f3b,taxon_cell
177058611,105516372,161505,159,008f74731cfdfb41b74735c3da36f295f94cd9584d905a3557c4bf3352e92b35,taxon_cell
547844385,303925291,320197,159,0129dc607c22241c315d8105ef656043afd7fbfc9b72adba6314b80ddd365ac3,taxon_cell
348406915,197769042,856737,159,0182559a102b2cb2e46dd86a69c898011c8c314c447723764906e85873ab842c,taxon_cell
380467114,215208561,157701,159,019cd8921a2ee17d66cf24415a12bd23269eaf805cba24b1aefa4a7a5d85f1cb,taxon_cell
389909760,220238437,1432012,159,0342b7c8dff706e33f6bc666dcd9d5e18e42f1cc8196951a9ed98cd712e892ca,taxon_cell
244021578,142346191,1127083,160,010e8f52e92bfb753f44c5952b83e58c27c1d53402a5b231d40da9cf220f0b1c,taxon_cell
296106896,170701570,170047,160,011a45d60df998c3d357a4db12cbbd7b124db10b97865a7a671d5f7af4d85a31,taxon_cell
243757845,142199937,471205,160,0251dae7683f6f57997a6b1dba6d2ad827ac38ca8fc2e264c81c5188169c4d34,taxon_cell
56358930,35719884,50709,160,02c50f214178a487575e808603108ec38da2bd2b8cc72b826722633ec1c57b5a,taxon_cell
54682968,34723367,78346,160,045cced9e94d055bd82b8aa455c060e235db0c58c8a66828cdc2fa0da22b1935,taxon_cell
543815787,301771703,77642,160,045e5afdca69d5af46da2bd491fac3ea98f3313d13c236a701ed3f630b64a932,taxon_cell
466503514,259832229,167735,161,010c85ebf63e1e0577737832820f1a4613b8a28df0d3bb23405fef85d1d717d2,taxon_cell
158821101,95653783,47700,161,025778108f462d15625e4aa277093d8eafa23a4b00ad7a67a1d41d1297ec6c1d,taxon_cell
94128387,58936213,604635,161,042812769a481f415e3df76091287b9a14206530907bbd6156150de0596871b2,taxon_cell
481209218,267752865,1125303,161,044c113c123ea569f5958bc2b14e1f729a49523a8824661475564a77724cd59c,taxon_cell
475063654,264560832,357942,161,053eae0f83fbe45db4ccc3b418b9163ce6a20542180e3a16a7426ec4c12feb77,taxon_cell
476083645,265084013,164134,161,05dca0909e25ae14f5c6f2ca83f9c8aeab00a28d9f4cdfaa31ae834cb785fd26,taxon_cell
