{"type": "FeatureCollection", "features": [{"type": "Feature", "id": 0, "properties": {"cell_id": 0, "display_only_cell_centroid_lat": -62.73395554926718, "display_only_cell_centroid_lon": -170, "display_only_cell_latitude_low": -90.0, "display_only_cell_latitude_high": -51.057558731018624, "display_only_cell_lon_low": -180, "display_only_cell_lon_high": -160, "source_taxon_cell_rows": 0, "n_unique_taxa": 0, "n_four_state_classified": 0, "n_unclassified": 0, "fraction_classifiable": null, "n_public_site_coordinates": 0, "n_source_climate_complete": 0, "n_source_soil_complete": 0, "n_source_all_abiotic_complete": 0, "n_colour_classified_and_full_abiotic": 0, "count_white": 0, "fraction_white_given_classified": null, "count_yellow_orange": 0, "fraction_yellow_orange_given_classified": null, "count_red_pink": 0, "fraction_red_pink_given_classified": null, "count_blue_purple": 0, "fraction_blue_purple_given_classified": null, "n_real_photo_wc_bio1": 0, "n_real_photo_wc_bio5": 0, "n_real_photo_wc_bio12": 0, "n_real_photo_wc_bio15": 0, "n_real_photo_wc_elevation_m": 0, "n_real_photo_soil_pH": 0, "n_real_photo_soil_SOC": 0, "n_real_photo_soil_N": 0, "n_real_photo_soil_clay": 0, "n_real_photo_soil_available_water_proxy": 0}, "geometry": {"type": "Polygon", "coordinates": [[[-180, -90.0], [-160, -90.0], [-160, -51.057558731018624], [-180, -51.057558731018624], [-180, -90.0]]]}}, {"type": "Feature", "id": 1, "properties": {"cell_id": 1, "display_only_cell_centroid_lat": -62.73395554926718, "display_only_cell_centroid_lon": -150, "display_only_cell_latitude_low": -90.0, "display_only_cell_latitude_high": -51.057558731018624, "display_only_cell_lon_low": -160, "display_only_cell_lon_high": -140, "source_taxon_cell_rows": 0, "n_unique_taxa": 0, "n_four_state_classified": 0, "n_unclassified": 0, "fraction_classifiable": null, "n_public_site_coordinates": 0, "n_source_climate_complete": 0, "n_source_soil_complete": 0, "n_source_all_abiotic_complete": 0, "n_colour_classified_and_full_abiotic": 0, "count_white": 0, "fraction_white_given_classified": null, "count_yellow_orange": 0, "fraction_yellow_orange_given_classified": null, "count_red_pink": 0, "fraction_red_pink_given_classified": null, "count_blue_purple": 0, "fraction_blue_purple_given_classified": null, "n_real_photo_wc_bio1": 0, "n_real_photo_wc_bio5": 0, "n_real_photo_wc_bio12": 0, "n_real_photo_wc_bio15": 0, "n_real_photo_wc_elevation_m": 0, "n_real_photo_soil_pH": 0, "n_real_photo_soil_SOC": 0, "n_real_photo_soil_N": 0, "n_real_photo_soil_clay": 0, "n_real_photo_soil_available_water_proxy": 0}, "geometry": {"type": "Polygon", "coordinates": [[[-160, -90.0], [-140, -90.0], [-140, -51.057558731018624], [-160, -51.057558731018624], [-160, -90.0]]]}}, {"type": "Feature", "id": 2, "properties": {"cell_id": 2, "display_only_cell_centroid_lat": -62.73395554926718, "display_only_cell_centroid_lon": -130, "display_only_cell_latitude_low": -90.0, "display_only_cell_latitude_high": -51.057558731018624, "display_only_cell_lon_low": -140, "display_only_cell_lon_high": -120, "source_taxon_cell_rows": 0, "n_unique_taxa": 0, "n_four_state_classified": 0, "n_unclassified": 0, "fraction_classifiable": null, "n_public_site_coordinates": 0, "n_source_climate_complete": 0, "n_source_soil_complete": 0, "n_source_all_abiotic_complete": 0, "n_colour_classified_and_full_abiotic": 0, "count_white": 0, "fraction_white_given_classified": null, "count_yellow_orange": 0, "fraction_yellow_orange_given_classified": null, "count_red_pink": 0, "fraction_red_pink_given_classified": null, "count_blue_purple": 0, "fraction_blue_purple_given_classified": null, "n_real_photo_wc_bio1": 0, "n_real_photo_wc_bio5": 0, "n_real_photo_wc_bio12": 0, "n_real_photo_wc_bio15": 0, "n_real_photo_wc_elevation_m": 0, "n_real_photo_soil_pH": 0, "n_real_photo_soil_SOC": 0, "n_real_photo_soil_N": 0, "n_real_photo_soil_clay": 0, "n_real_photo_soil_available_water_proxy": 0}, "geometry": {"type": "Polygon", "coordinates": [[[-140, -90.0], [-120, -90.0], [-120, -51.057558731018624], [-140, -51.057558731018624], [-140, -90.0]]]}}, {"type": "Feature", "id": 3, "properties": {"cell_id": 3, "display_only_cell_centroid_lat": -62.73395554926718, "display_only_cell_centroid_lon": -110, "display_only_cell_latitude_low": -90.0, "display_only_cell_latitude_high": -51.057558731018624, "display_only_cell_lon_low": -120, "display_only_cell_lon_high": -100, "source_taxon_cell_rows": 0, "n_unique_taxa": 0, "n_four_state_classified": 0, "n_unclassified": 0, "fraction_classifiable": null, "n_public_site_coordinates": 0, "n_source_climate_complete": 0, "n_source_soil_complete": 0, "n_source_all_abiotic_complete": 0, "n_colour_classified_and_full_abiotic": 0, "count_white": 0, "fraction_white_given_classified": null, "count_yellow_orange": 0, "fraction_yellow_orange_given_classified": null, "count_red_pink": 0, "fraction_red_pink_given_classified": null, "count_blue_purple": 0, "fraction_blue_purple_given_classified": null, "n_real_photo_wc_bio1": 0, "n_real_photo_wc_bio5": 0, "n_real_photo_wc_bio12": 0, "n_real_photo_wc_bio15": 0, "n_real_photo_wc_elevation_m": 0, "n_real_photo_soil_pH": 0, "n_real_photo_soil_SOC": 0, "n_real_photo_soil_N": 0, "n_real_photo_soil_clay": 0, "n_real_photo_soil_available_water_proxy": 0}, "geometry": {"type": "Polygon", "coordinates": [[[-120, -90.0], [-100, -90.0], [-100, -51.057558731018624], [-120, -51.057558731018624], [-120, -90.0]]]}}, {"type": "Feature", "id": 4, "properties": {"cell_id": 4, "display_only_cell_centroid_lat": -62.73395554926718, "display_only_cell_centroid_lon": -90, "display_only_cell_latitude_low": -90.0, "display_only_cell_latitude_high": -51.057558731018624, "display_only_cell_lon_low": -100, "display_only_cell_lon_high": -80, "source_taxon_cell_rows": 0, "n_unique_taxa": 0, "n_four_state_classified": 0, "n_unclassified": 0, "fraction_classifiable": null, "n_public_site_coordinates": 0, "n_source_climate_complete": 0, "n_source_soil_complete": 0, "n_source_all_abiotic_complete": 0, "n_colour_classified_and_full_abiotic": 0, "count_white": 0, "fraction_white_given_classified": null, "count_yellow_orange": 0, "fraction_yellow_orange_given_classified": null, "count_red_pink": 0, "fraction_red_pink_given_classified": null, "count_blue_purple": 0, "fraction_blue_purple_given_classified": null, "n_real_photo_wc_bio1": 0, "n_real_photo_wc_bio5": 0, "n_real_photo_wc_bio12": 0, "n_real_photo_wc_bio15": 0, "n_real_photo_wc_elevation_m": 0, "n_real_photo_soil_pH": 0, "n_real_photo_soil_SOC": 0, "n_real_photo_soil_N": 0, "n_real_photo_soil_clay": 0, "n_real_photo_soil_available_water_proxy": 0}, "geometry": {"type": "Polygon", "coordinates": [[[-100, -90.0], [-80, -90.0], [-80, -51.057558731018624], [-100, -51.057558731018624], [-100, -90.0]]]}}, {"type": "Feature", "id": 5, "properties": {"cell_id": 5, "display_only_cell_centroid_lat": -62.73395554926718, "display_only_cell_centroid_lon": -70, "display_only_cell_latitude_low": -90.0, "display_only_cell_latitude_high": -51.057558731018624, "display_only_cell_lon_low": -80, "display_only_cell_lon_high": -60, "source_taxon_cell_rows": 252, "n_unique_taxa": 252, "n_four_state_classified": 107, "n_unclassified": 145, "fraction_classifiable": 0.4246031746031746, "n_public_site_coordinates": 252, "n_source_climate_complete": 252, "n_source_soil_complete": 126, "n_source_all_abiotic_complete": 126, "n_colour_classified_and_full_abiotic": 53, "count_white": 48, "fraction_white_given_classified": 0.4485981308411215, "count_yellow_orange": 42, "fraction_yellow_orange_given_classified": 0.3925233644859813, "count_red_pink": 12, "fraction_red_pink_given_classified": 0.11214953271028037, "count_blue_purple": 5, "fraction_blue_purple_given_classified": 0.04672897196261682, "median_real_photo_wc_bio1": 4.773573398590088, "n_real_photo_wc_bio1": 252, "median_real_photo_wc_bio5": 12.150235652923584, "n_real_photo_wc_bio5": 252, "median_real_photo_wc_bio12": 597.0, "n_real_photo_wc_bio12": 252, "median_real_photo_wc_bio15": 17.14289093017578, "n_real_photo_wc_bio15": 252, "median_real_photo_wc_elevation_m": 311.0, "n_real_photo_wc_elevation_m": 252, "median_real_photo_soil_pH": 6.0, "n_real_photo_soil_pH": 181, "median_real_photo_soil_SOC": 114.4, "n_real_photo_soil_SOC": 164, "median_real_photo_soil_N": 7.373333333333334, "n_real_photo_soil_N": 183, "median_real_photo_soil_clay": 20.15, "n_real_photo_soil_clay": 183, "median_real_photo_soil_available_water_proxy": 20.35, "n_real_photo_soil_available_water_proxy": 181}, "geometry": {"type": "Polygon", "coordinates": [[[-80, -90.0], [-60, -90.0], [-60, -51.057558731018624], [-80, -51.057558731018624], [-80, -90.0]]]}}, {"type": "Feature", "id": 6, "properties": {"cell_id": 6, "display_only_cell_centroid_lat": -62.73395554926718, "display_only_cell_centroid_lon": -50, "display_only_cell_latitude_low": -90.0, "display_only_cell_latitude_high": -51.057558731018624, "display_only_cell_lon_low": -60, "display_only_cell_lon_high": -40, "source_taxon_cell_rows": 37, "n_unique_taxa": 37, "n_four_state_classified": 15, "n_unclassified": 22, "fraction_classifiable": 0.40540540540540543, "n_public_site_coordinates": 37, "n_source_climate_complete": 37, "n_source_soil_complete": 2, "n_source_all_abiotic_complete": 2, "n_colour_classified_and_full_abiotic": 0, "count_white": 7, "fraction_white_given_classified": 0.4666666666666667, "count_yellow_orange": 6, "fraction_yellow_orange_given_classified": 0.4, "count_red_pink": 1, "fraction_red_pink_given_classified": 0.06666666666666667, "count_blue_purple": 1, "fraction_blue_purple_given_classified": 0.06666666666666667, "median_real_photo_wc_bio1": 6.025333404541016, "n_real_photo_wc_bio1": 37, "median_real_photo_wc_bio5": 13.67533016204834, "n_real_photo_wc_bio5": 37, "median_real_photo_wc_bio12": 600.0, "n_real_photo_wc_bio12": 37, "median_real_photo_wc_bio15": 19.908567428588867, "n_real_photo_wc_bio15": 37, "median_real_photo_wc_elevation_m": 49.0, "n_real_photo_wc_elevation_m": 37, "median_real_photo_soil_pH": 6.408333333333333, "n_real_photo_soil_pH": 24, "median_real_photo_soil_SOC": 76.73333333333333, "n_real_photo_soil_SOC": 19, "median_real_photo_soil_N": 3.514166666666667, "n_real_photo_soil_N": 8, "median_real_photo_soil_clay": 23.35, "n_real_photo_soil_clay": 24, "median_real_photo_soil_available_water_proxy": 23.250000000000007, "n_real_photo_soil_available_water_proxy": 24}, "geometry": {"type": "Polygon", "coordinates": [[[-60, -90.0], [-40, -90.0], [-40, -51.057558731018624], [-60, -51.057558731018624], [-60, -90.0]]]}}, {"type": "Feature", "id": 7, "properties": {"cell_id": 7, "display_only_cell_centroid_lat": -62.73395554926718, "display_only_cell_centroid_lon": -30, "display_only_cell_latitude_low": -90.0, "display_only_cell_latitude_high": -51.057558731018624, "display_only_cell_lon_low": -40, "display_only_cell_lon_high": -20, "source_taxon_cell_rows": 18, "n_unique_taxa": 18, "n_four_state_classified": 8, "n_unclassified": 10, "fraction_classifiable": 0.4444444444444444, "n_public_site_coordinates": 18, "n_source_climate_complete": 18, "n_source_soil_complete": 11, "n_source_all_abiotic_complete": 11, "n_colour_classified_and_full_abiotic": 6, "count_white": 4, "fraction_white_given_classified": 0.5, "count_yellow_orange": 4, "fraction_yellow_orange_given_classified": 0.5, "count_red_pink": 0, "fraction_red_pink_given_classified": 0.0, "count_blue_purple": 0, "fraction_blue_purple_given_classified": 0.0, "median_real_photo_wc_bio1": 1.0859665870666504, "n_real_photo_wc_bio1": 18, "median_real_photo_wc_bio5": 6.568401336669922, "n_real_photo_wc_bio5": 18, "median_real_photo_wc_bio12": 1549.0, "n_real_photo_wc_bio12": 18, "median_real_photo_wc_bio15": 16.824520111083984, "n_real_photo_wc_bio15": 18, "median_real_photo_wc_elevation_m": 224.0, "n_real_photo_wc_elevation_m": 18, "median_real_photo_soil_pH": 5.85, "n_real_photo_soil_pH": 12, "median_real_photo_soil_SOC": 135.18333333333334, "n_real_photo_soil_SOC": 13, "median_real_photo_soil_N": 7.871666666666666, "n_real_photo_soil_N": 15, "median_real_photo_soil_clay": 19.15, "n_real_photo_soil_clay": 13, "median_real_photo_soil_available_water_proxy": 18.849999999999994, "n_real_photo_soil_available_water_proxy": 12}, "geometry": {"type": "Polygon", "coordinates": [[[-40, -90.0], [-20, -90.0], [-20, -51.057558731018624], [-40, -51.057558731018624], [-40, -90.0]]]}}, {"type": "Feature", "id": 8, "properties": {"cell_id": 8, "display_only_cell_centroid_lat": -62.73395554926718, "display_only_cell_centroid_lon": -10, "display_only_cell_latitude_low": -90.0, "display_only_cell_latitude_high": -51.057558731018624, "display_only_cell_lon_low": -20, "display_only_cell_lon_high": 0, "source_taxon_cell_rows": 0, "n_unique_taxa": 0, "n_four_state_classified": 0, "n_unclassified": 0, "fraction_classifiable": null, "n_public_site_coordinates": 0, "n_source_climate_complete": 0, "n_source_soil_complete": 0, "n_source_all_abiotic_complete": 0, "n_colour_classified_and_full_abiotic": 0, "count_white": 0, "fraction_white_given_classified": null, "count_yellow_orange": 0, "fraction_yellow_orange_given_classified": null, "count_red_pink": 0, "fraction_red_pink_given_classified": null, "count_blue_purple": 0, "fraction_blue_purple_given_classified": null, "n_real_photo_wc_bio1": 0, "n_real_photo_wc_bio5": 0, "n_real_photo_wc_bio12": 0, "n_real_photo_wc_bio15": 0, "n_real_photo_wc_elevation_m": 0, "n_real_photo_soil_pH": 0, "n_real_photo_soil_SOC": 0, "n_real_photo_soil_N": 0, "n_real_photo_soil_clay": 0, "n_real_photo_soil_available_water_proxy": 0}, "geometry": {"type": "Polygon", "coordinates": [[[-20, -90.0], [0, -90.0], [0, -51.057558731018624], [-20, -51.057558731018624], [-20, -90.0]]]}}, {"type": "Feature", "id": 9, "properties": {"cell_id": 9, "display_only_cell_centroid_lat": -62.73395554926718, "display_only_cell_centroid_lon": 10, "display_only_cell_latitude_low": -90.0, "display_only_cell_latitude_high": -51.057558731018624, "display_only_cell_lon_low": 0, "display_only_cell_lon_high": 20, "source_taxon_cell_rows": 0, "n_unique_taxa": 0, "n_four_state_classified": 0, "n_unclassified": 0, "fraction_classifiable": null, "n_public_site_coordinates": 0, "n_source_climate_complete": 0, "n_source_soil_complete": 0, "n_source_all_abiotic_complete": 0, "n_colour_classified_and_full_abiotic": 0, "count_white": 0, "fraction_white_given_classified": null, "count_yellow_orange": 0, "fraction_yellow_orange_given_classified": null, "count_red_pink": 0, "fraction_red_pink_given_classified": null, "count_blue_purple": 0, "fraction_blue_purple_given_classified": null, "n_real_photo_wc_bio1": 0, "n_real_photo_wc_bio5": 0, "n_real_photo_wc_bio12": 0, "n_real_photo_wc_bio15": 0, "n_real_photo_wc_elevation_m": 0, "n_real_photo_soil_pH": 0, "n_real_photo_soil_SOC": 0, "n_real_photo_soil_N": 0, "n_real_photo_soil_clay": 0, "n_real_photo_soil_available_water_proxy": 0}, "geometry": {"type": "Polygon", "coordinates": [[[0, -90.0], [20, -90.0], [20, -51.057558731018624], [0, -51.057558731018624], [0, -90.0]]]}}, {"type": "Feature", "id": 10, "properties": {"cell_id": 10, "display_only_cell_centroid_lat": -62.73395554926718, "display_only_cell_centroid_lon": 30, "display_only_cell_latitude_low": -90.0, "display_only_cell_latitude_high": -51.057558731018624, "display_only_cell_lon_low": 20, "display_only_cell_lon_high": 40, "source_taxon_cell_rows": 0, "n_unique_taxa": 0, "n_four_state_classified": 0, "n_unclassified": 0, "fraction_classifiable": null, "n_public_site_coordinates": 0, "n_source_climate_complete": 0, "n_source_soil_complete": 0, "n_source_all_abiotic_complete": 0, "n_colour_classified_and_full_abiotic": 0, "count_white": 0, "fraction_white_given_classified": null, "count_yellow_orange": 0, "fraction_yellow_orange_given_classified": null, "count_red_pink": 0, "fraction_red_pink_given_classified": null, "count_blue_purple": 0, "fraction_blue_purple_given_classified": null, "n_real_photo_wc_bio1": 0, "n_real_photo_wc_bio5": 0, "n_real_photo_wc_bio12": 0, "n_real_photo_wc_bio15": 0, "n_real_photo_wc_elevation_m": 0, "n_real_photo_soil_pH": 0, "n_real_photo_soil_SOC": 0, "n_real_photo_soil_N": 0, "n_real_photo_soil_clay": 0, "n_real_photo_soil_available_water_proxy": 0}, "geometry": {"type": "Polygon", "coordinates": [[[20, -90.0], [40, -90.0], [40, -51.057558731018624], [20, -51.057558731018624], [20, -90.0]]]}}, {"type": "Feature", "id": 11, "properties": {"cell_id": 11, "display_only_cell_centroid_lat": -62.73395554926718, "display_only_cell_centroid_lon": 50, "display_only_cell_latitude_low": -90.0, "display_only_cell_latitude_high": -51.057558731018624, "display_only_cell_lon_low": 40, "display_only_cell_lon_high": 60, "source_taxon_cell_rows": 0, "n_unique_taxa": 0, "n_four_state_classified": 0, "n_unclassified": 0, "fraction_classifiable": null, "n_public_site_coordinates": 0, "n_source_climate_complete": 0, "n_source_soil_complete": 0, "n_source_all_abiotic_complete": 0, "n_colour_classified_and_full_abiotic": 0, "count_white": 0, "fraction_white_given_classified": null, "count_yellow_orange": 0, "fraction_yellow_orange_given_classified": null, "count_red_pink": 0, "fraction_red_pink_given_classified": null, "count_blue_purple": 0, "fraction_blue_purple_given_classified": null, "n_real_photo_wc_bio1": 0, "n_real_photo_wc_bio5": 0, "n_real_photo_wc_bio12": 0, "n_real_photo_wc_bio15": 0, "n_real_photo_wc_elevation_m": 0, "n_real_photo_soil_pH": 0, "n_real_photo_soil_SOC": 0, "n_real_photo_soil_N": 0, "n_real_photo_soil_clay": 0, "n_real_photo_soil_available_water_proxy": 0}, "geometry": {"type": "Polygon", "coordinates": [[[40, -90.0], [60, -90.0], [60, -51.057558731018624], [40, -51.057558731018624], [40, -90.0]]]}}, {"type": "Feature", "id": 12, "properties": {"cell_id": 12, "display_only_cell_centroid_lat": -62.73395554926718, "display_only_cell_centroid_lon": 70, "display_only_cell_latitude_low": -90.0, "display_only_cell_latitude_high": -51.057558731018624, "display_only_cell_lon_low": 60, "display_only_cell_lon_high": 80, "source_taxon_cell_rows": 0, "n_unique_taxa": 0, "n_four_state_classified": 0, "n_unclassified": 0, "fraction_classifiable": null, "n_public_site_coordinates": 0, "n_source_climate_complete": 0, "n_source_soil_complete": 0, "n_source_all_abiotic_complete": 0, "n_colour_classified_and_full_abiotic": 0, "count_white": 0, "fraction_white_given_classified": null, "count_yellow_orange": 0, "fraction_yellow_orange_given_classified": null, "count_red_pink": 0, "fraction_red_pink_given_classified": null, "count_blue_purple": 0, "fraction_blue_purple_given_classified": null, "n_real_photo_wc_bio1": 0, "n_real_photo_wc_bio5": 0, "n_real_photo_wc_bio12": 0, "n_real_photo_wc_bio15": 0, "n_real_photo_wc_elevation_m": 0, "n_real_photo_soil_pH": 0, "n_real_photo_soil_SOC": 0, "n_real_photo_soil_N": 0, "n_real_photo_soil_clay": 0, "n_real_photo_soil_available_water_proxy": 0}, "geometry": {"type": "Polygon", "coordinates": [[[60, -90.0], [80, -90.0], [80, -51.057558731018624], [60, -51.057558731018624], [60, -90.0]]]}}, {"type": "Feature", "id": 13, "properties": {"cell_id": 13, "display_only_cell_centroid_lat": -62.73395554926718, "display_only_cell_centroid_lon": 90, "display_only_cell_latitude_low": -90.0, "display_only_cell_latitude_high": -51.057558731018624, "display_only_cell_lon_low": 80, "display_only_cell_lon_high": 100, "source_taxon_cell_rows": 0, "n_unique_taxa": 0, "n_four_state_classified": 0, "n_unclassified": 0, "fraction_classifiable": null, "n_public_site_coordinates": 0, "n_source_climate_complete": 0, "n_source_soil_complete": 0, "n_source_all_abiotic_complete": 0, "n_colour_classified_and_full_abiotic": 0, "count_white": 0, "fraction_white_given_classified": null, "count_yellow_orange": 0, "fraction_yellow_orange_given_classified": null, "count_red_pink": 0, "fraction_red_pink_given_classified": null, "count_blue_purple": 0, "fraction_blue_purple_given_classified": null, "n_real_photo_wc_bio1": 0, "n_real_photo_wc_bio5": 0, "n_real_photo_wc_bio12": 0, "n_real_photo_wc_bio15": 0, "n_real_photo_wc_elevation_m": 0, "n_real_photo_soil_pH": 0, "n_real_photo_soil_SOC": 0, "n_real_photo_soil_N": 0, "n_real_photo_soil_clay": 0, "n_real_photo_soil_available_water_proxy": 0}, "geometry": {"type": "Polygon", "coordinates": [[[80, -90.0], [100, -90.0], [100, -51.057558731018624], [80, -51.057558731018624], [80, -90.0]]]}}, {"type": "Feature", "id": 14, "properties": {"cell_id": 14, "display_only_cell_centroid_lat": -62.73395554926718, "display_only_cell_centroid_lon": 110, "display_only_cell_latitude_low": -90.0, "display_only_cell_latitude_high": -51.057558731018624, "display_only_cell_lon_low": 100, "display_only_cell_lon_high": 120, "source_taxon_cell_rows": 0, "n_unique_taxa": 0, "n_four_state_classified": 0, "n_unclassified": 0, "fraction_classifiable": null, "n_public_site_coordinates": 0, "n_source_climate_complete": 0, "n_source_soil_complete": 0, "n_source_all_abiotic_complete": 0, "n_colour_classified_and_full_abiotic": 0, "count_white": 0, "fraction_white_given_classified": null, "count_yellow_orange": 0, "fraction_yellow_orange_given_classified": null, "count_red_pink": 0, "fraction_red_pink_given_classified": null, "count_blue_purple": 0, "fraction_blue_purple_given_classified": null, "n_real_photo_wc_bio1": 0, "n_real_photo_wc_bio5": 0, "n_real_photo_wc_bio12": 0, "n_real_photo_wc_bio15": 0, "n_real_photo_wc_elevation_m": 0, "n_real_photo_soil_pH": 0, "n_real_photo_soil_SOC": 0, "n_real_photo_soil_N": 0, "n_real_photo_soil_clay": 0, "n_real_photo_soil_available_water_proxy": 0}, "geometry": {"type": "Polygon", "coordinates": [[[100, -90.0], [120, -90.0], [120, -51.057558731018624], [100, -51.057558731018624], [100, -90.0]]]}}, {"type": "Feature", "id": 15, "properties": {"cell_id": 15, "display_only_cell_centroid_lat": -62.73395554926718, "display_only_cell_centroid_lon": 130, "display_only_cell_latitude_low": -90.0, "display_only_cell_latitude_high": -51.057558731018624, "display_only_cell_lon_low": 120, "display_only_cell_lon_high": 140, "source_taxon_cell_rows": 0, "n_unique_taxa": 0, "n_four_state_classified": 0, "n_unclassified": 0, "fraction_classifiable": null, "n_public_site_coordinates": 0, "n_source_climate_complete": 0, "n_source_soil_complete": 0, "n_source_all_abiotic_complete": 0, "n_colour_classified_and_full_abiotic": 0, "count_white": 0, "fraction_white_given_classified": null, "count_yellow_orange": 0, "fraction_yellow_orange_given_classified": null, "count_red_pink": 0, "fraction_red_pink_given_classified": null, "count_blue_purple": 0, "fraction_blue_purple_given_classified": null, "n_real_photo_wc_bio1": 0, "n_real_photo_wc_bio5": 0, "n_real_photo_wc_bio12": 0, "n_real_photo_wc_bio15": 0, "n_real_photo_wc_elevation_m": 0, "n_real_photo_soil_pH": 0, "n_real_photo_soil_SOC": 0, "n_real_photo_soil_N": 0, "n_real_photo_soil_clay": 0, "n_real_photo_soil_available_water_proxy": 0}, "geometry": {"type": "Polygon", "coordinates": [[[120, -90.0], [140, -90.0], [140, -51.057558731018624], [120, -51.057558731018624], [120, -90.0]]]}}, {"type": "Feature", "id": 16, "properties": {"cell_id": 16, "display_only_cell_centroid_lat": -62.73395554926718, "display_only_cell_centroid_lon": 150, "display_only_cell_latitude_low": -90.0, "display_only_cell_latitude_high": -51.057558731018624, "display_only_cell_lon_low": 140, "display_only_cell_lon_high": 160, "source_taxon_cell_rows": 9, "n_unique_taxa": 9, "n_four_state_classified": 1, "n_unclassified": 8, "fraction_classifiable": 0.1111111111111111, "n_public_site_coordinates": 9, "n_source_climate_complete": 9, "n_source_soil_complete": 0, "n_source_all_abiotic_complete": 0, "n_colour_classified_and_full_abiotic": 0, "count_white": 0, "fraction_white_given_classified": 0.0, "count_yellow_orange": 1, "fraction_yellow_orange_given_classified": 1.0, "count_red_pink": 0, "fraction_red_pink_given_classified": 0.0, "count_blue_purple": 0, "fraction_blue_purple_given_classified": 0.0, "median_real_photo_wc_bio1": 4.315429210662842, "n_real_photo_wc_bio1": 9, "median_real_photo_wc_bio5": 8.5, "n_real_photo_wc_bio5": 9, "median_real_photo_wc_bio12": 1004.0, "n_real_photo_wc_bio12": 9, "median_real_photo_wc_bio15": 16.841928482055664, "n_real_photo_wc_bio15": 9, "median_real_photo_wc_elevation_m": 157.0, "n_real_photo_wc_elevation_m": 9, "n_real_photo_soil_pH": 0, "n_real_photo_soil_SOC": 0, "n_real_photo_soil_N": 0, "n_real_photo_soil_clay": 0, "n_real_photo_soil_available_water_proxy": 0}, "geometry": {"type": "Polygon", "coordinates": [[[140, -90.0], [160, -90.0], [160, -51.057558731018624], [140, -51.057558731018624], [140, -90.0]]]}}, {"type": "Feature", "id": 17, "properties": {"cell_id": 17, "display_only_cell_centroid_lat": -62.73395554926718, "display_only_cell_centroid_lon": 170, "display_only_cell_latitude_low": -90.0, "display_only_cell_latitude_high": -51.057558731018624, "display_only_cell_lon_low": 160, "display_only_cell_lon_high": 180, "source_taxon_cell_rows": 48, "n_unique_taxa": 48, "n_four_state_classified": 21, "n_unclassified": 27, "fraction_classifiable": 0.4375, "n_public_site_coordinates": 48, "n_source_climate_complete": 48, "n_source_soil_complete": 0, "n_source_all_abiotic_complete": 0, "n_colour_classified_and_full_abiotic": 0, "count_white": 14, "fraction_white_given_classified": 0.6666666666666666, "count_yellow_orange": 5, "fraction_yellow_orange_given_classified": 0.23809523809523808, "count_red_pink": 0, "fraction_red_pink_given_classified": 0.0, "count_blue_purple": 2, "fraction_blue_purple_given_classified": 0.09523809523809523, "median_real_photo_wc_bio1": 6.570064544677734, "n_real_photo_wc_bio1": 48, "median_real_photo_wc_bio5": 11.866019248962402, "n_real_photo_wc_bio5": 48, "median_real_photo_wc_bio12": 1360.0, "n_real_photo_wc_bio12": 48, "median_real_photo_wc_bio15": 9.007497787475586, "n_real_photo_wc_bio15": 48, "median_real_photo_wc_elevation_m": 126.0, "n_real_photo_wc_elevation_m": 48, "n_real_photo_soil_pH": 0, "n_real_photo_soil_SOC": 0, "n_real_photo_soil_N": 0, "n_real_photo_soil_clay": 0, "n_real_photo_soil_available_water_proxy": 0}, "geometry": {"type": "Polygon", "coordinates": [[[160, -90.0], [180, -90.0], [180, -51.057558731018624], [160, -51.057558731018624], [160, -90.0]]]}}, {"type": "Feature", "id": 18, "properties": {"cell_id": 18, "display_only_cell_centroid_lat": -41.8103148957786, "display_only_cell_centroid_lon": -170, "display_only_cell_latitude_low": -51.057558731018624, "display_only_cell_latitude_high": -33.74898859588859, "display_only_cell_lon_low": -180, "display_only_cell_lon_high": -160, "source_taxon_cell_rows": 310, "n_unique_taxa": 310, "n_four_state_classified": 100, "n_unclassified": 210, "fraction_classifiable": 0.3225806451612903, "n_public_site_coordinates": 310, "n_source_climate_complete": 310, "n_source_soil_complete": 73, "n_source_all_abiotic_complete": 73, "n_colour_classified_and_full_abiotic": 20, "count_white": 53, "fraction_white_given_classified": 0.53, "count_yellow_orange": 36, "fraction_yellow_orange_given_classified": 0.36, "count_red_pink": 8, "fraction_red_pink_given_classified": 0.08, "count_blue_purple": 3, "fraction_blue_purple_given_classified": 0.03, "median_real_photo_wc_bio1": 11.473454475402832, "n_real_photo_wc_bio1": 310, "median_real_photo_wc_bio5": 18.89668846130371, "n_real_photo_wc_bio5": 310, "median_real_photo_wc_bio12": 1012.0, "n_real_photo_wc_bio12": 310, "median_real_photo_wc_bio15": 17.89371109008789, "n_real_photo_wc_bio15": 310, "median_real_photo_wc_elevation_m": 45.0, "n_real_photo_wc_elevation_m": 310, "median_real_photo_soil_pH": 6.1, "n_real_photo_soil_pH": 85, "median_real_photo_soil_SOC": 86.88333333333334, "n_real_photo_soil_SOC": 191, "median_real_photo_soil_N": 5.2716666666666665, "n_real_photo_soil_N": 188, "median_real_photo_soil_clay": 22.316666666666663, "n_real_photo_soil_clay": 85, "median_real_photo_soil_available_water_proxy": 16.916666666666668, "n_real_photo_soil_available_water_proxy": 85}, "geometry": {"type": "Polygon", "coordinates": [[[-180, -51.057558731018624], [-160, -51.057558731018624], [-160, -33.74898859588859], [-180, -33.74898859588859], [-180, -51.057558731018624]]]}}, {"type": "Feature", "id": 19, "properties": {"cell_id": 19, "display_only_cell_centroid_lat": -41.8103148957786, "display_only_cell_centroid_lon": -150, "display_only_cell_latitude_low": -51.057558731018624, "display_only_cell_latitude_high": -33.74898859588859, "display_only_cell_lon_low": -160, "display_only_cell_lon_high": -140, "source_taxon_cell_rows": 0, "n_unique_taxa": 0, "n_four_state_classified": 0, "n_unclassified": 0, "fraction_classifiable": null, "n_public_site_coordinates": 0, "n_source_climate_complete": 0, "n_source_soil_complete": 0, "n_source_all_abiotic_complete": 0, "n_colour_classified_and_full_abiotic": 0, "count_white": 0, "fraction_white_given_classified": null, "count_yellow_orange": 0, "fraction_yellow_orange_given_classified": null, "count_red_pink": 0, "fraction_red_pink_given_classified": null, "count_blue_purple": 0, "fraction_blue_purple_given_classified": null, "n_real_photo_wc_bio1": 0, "n_real_photo_wc_bio5": 0, "n_real_photo_wc_bio12": 0, "n_real_photo_wc_bio15": 0, "n_real_photo_wc_elevation_m": 0, "n_real_photo_soil_pH": 0, "n_real_photo_soil_SOC": 0, "n_real_photo_soil_N": 0, "n_real_photo_soil_clay": 0, "n_real_photo_soil_available_water_proxy": 0}, "geometry": {"type": "Polygon", "coordinates": [[[-160, -51.057558731018624], [-140, -51.057558731018624], [-140, -33.74898859588859], [-160, -33.74898859588859], [-160, -51.057558731018624]]]}}, {"type": "Feature", "id": 20, "properties": {"cell_id": 20, "display_only_cell_centroid_lat": -41.8103148957786, "display_only_cell_centroid_lon": -130, "display_only_cell_latitude_low": -51.057558731018624, "display_only_cell_latitude_high": -33.74898859588859, "display_only_cell_lon_low": -140, "display_only_cell_lon_high": -120, "source_taxon_cell_rows": 0, "n_unique_taxa": 0, "n_four_state_classified": 0, "n_unclassified": 0, "fraction_classifiable": null, "n_public_site_coordinates": 0, "n_source_climate_complete": 0, "n_source_soil_complete": 0, "n_source_all_abiotic_complete": 0, "n_colour_classified_and_full_abiotic": 0, "count_white": 0, "fraction_white_given_classified": null, "count_yellow_orange": 0, "fraction_yellow_orange_given_classified": null, "count_red_pink": 0, "fraction_red_pink_given_classified": null, "count_blue_purple": 0, "fraction_blue_purple_given_classified": null, "n_real_photo_wc_bio1": 0, "n_real_photo_wc_bio5": 0, "n_real_photo_wc_bio12": 0, "n_real_photo_wc_bio15": 0, "n_real_photo_wc_elevation_m": 0, "n_real_photo_soil_pH": 0, "n_real_photo_soil_SOC": 0, "n_real_photo_soil_N": 0, "n_real_photo_soil_clay": 0, "n_real_photo_soil_available_water_proxy": 0}, "geometry": {"type": "Polygon", "coordinates": [[[-140, -51.057558731018624], [-120, -51.057558731018624], [-120, -33.74898859588859], [-140, -33.74898859588859], [-140, -51.057558731018624]]]}}, {"type": "Feature", "id": 21, "properties": {"cell_id": 21, "display_only_cell_centroid_lat": -41.8103148957786, "display_only_cell_centroid_lon": -110, "display_only_cell_latitude_low": -51.057558731018624, "display_only_cell_latitude_high": -33.74898859588859, "display_only_cell_lon_low": -120, "display_only_cell_lon_high": -100, "source_taxon_cell_rows": 0, "n_unique_taxa": 0, "n_four_state_classified": 0, "n_unclassified": 0, "fraction_classifiable": null, "n_public_site_coordinates": 0, "n_source_climate_complete": 0, "n_source_soil_complete": 0, "n_source_all_abiotic_complete": 0, "n_colour_classified_and_full_abiotic": 0, "count_white": 0, "fraction_white_given_classified": null, "count_yellow_orange": 0, "fraction_yellow_orange_given_classified": null, "count_red_pink": 0, "fraction_red_pink_given_classified": null, "count_blue_purple": 0, "fraction_blue_purple_given_classified": null, "n_real_photo_wc_bio1": 0, "n_real_photo_wc_bio5": 0, "n_real_photo_wc_bio12": 0, "n_real_photo_wc_bio15": 0, "n_real_photo_wc_elevation_m": 0, "n_real_photo_soil_pH": 0, "n_real_photo_soil_SOC": 0, "n_real_photo_soil_N": 0, "n_real_photo_soil_clay": 0, "n_real_photo_soil_available_water_proxy": 0}, "geometry": {"type": "Polygon", "coordinates": [[[-120, -51.057558731018624], [-100, -51.057558731018624], [-100, -33.74898859588859], [-120, -33.74898859588859], [-120, -51.057558731018624]]]}}, {"type": "Feature", "id": 22, "properties": {"cell_id": 22, "display_only_cell_centroid_lat": -41.8103148957786, "display_only_cell_centroid_lon": -90, "display_only_cell_latitude_low": -51.057558731018624, "display_only_cell_latitude_high": -33.74898859588859, "display_only_cell_lon_low": -100, "display_only_cell_lon_high": -80, "source_taxon_cell_rows": 1, "n_unique_taxa": 1, "n_four_state_classified": 0, "n_unclassified": 1, "fraction_classifiable": 0.0, "n_public_site_coordinates": 1, "n_source_climate_complete": 1, "n_source_soil_complete": 0, "n_source_all_abiotic_complete": 0, "n_colour_classified_and_full_abiotic": 0, "count_white": 0, "fraction_white_given_classified": null, "count_yellow_orange": 0, "fraction_yellow_orange_given_classified": null, "count_red_pink": 0, "fraction_red_pink_given_classified": null, "count_blue_purple": 0, "fraction_blue_purple_given_classified": null, "median_real_photo_wc_bio1": 12.563194274902344, "n_real_photo_wc_bio1": 1, "median_real_photo_wc_bio5": 18.480770111083984, "n_real_photo_wc_bio5": 1, "median_real_photo_wc_bio12": 1056.0, "n_real_photo_wc_bio12": 1, "median_real_photo_wc_bio15": 55.02177429199219, "n_real_photo_wc_bio15": 1, "median_real_photo_wc_elevation_m": 495.0, "n_real_photo_wc_elevation_m": 1, "median_real_photo_soil_pH": 6.083333333333334, "n_real_photo_soil_pH": 1, "median_real_photo_soil_SOC": 121.46666666666668, "n_real_photo_soil_SOC": 1, "median_real_photo_soil_N": 5.3533333333333335, "n_real_photo_soil_N": 1, "median_real_photo_soil_clay": 29.31666666666667, "n_real_photo_soil_clay": 1, "n_real_photo_soil_available_water_proxy": 0}, "geometry": {"type": "Polygon", "coordinates": [[[-100, -51.057558731018624], [-80, -51.057558731018624], [-80, -33.74898859588859], [-100, -33.74898859588859], [-100, -51.057558731018624]]]}}, {"type": "Feature", "id": 23, "properties": {"cell_id": 23, "display_only_cell_centroid_lat": -41.8103148957786, "display_only_cell_centroid_lon": -70, "display_only_cell_latitude_low": -51.057558731018624, "display_only_cell_latitude_high": -33.74898859588859, "display_only_cell_lon_low": -80, "display_only_cell_lon_high": -60, "source_taxon_cell_rows": 1157, "n_unique_taxa": 1157, "n_four_state_classified": 558, "n_unclassified": 599, "fraction_classifiable": 0.4822817631806396, "n_public_site_coordinates": 1157, "n_source_climate_complete": 1157, "n_source_soil_complete": 819, "n_source_all_abiotic_complete": 819, "n_colour_classified_and_full_abiotic": 403, "count_white": 233, "fraction_white_given_classified": 0.4175627240143369, "count_yellow_orange": 241, "fraction_yellow_orange_given_classified": 0.43189964157706096, "count_red_pink": 50, "fraction_red_pink_given_classified": 0.08960573476702509, "count_blue_purple": 34, "fraction_blue_purple_given_classified": 0.06093189964157706, "median_real_photo_wc_bio1": 10.939874649047852, "n_real_photo_wc_bio1": 1157, "median_real_photo_wc_bio5": 22.89179801940918, "n_real_photo_wc_bio5": 1157, "median_real_photo_wc_bio12": 871.0, "n_real_photo_wc_bio12": 1157, "median_real_photo_wc_bio15": 62.95256423950195, "n_real_photo_wc_bio15": 1157, "median_real_photo_wc_elevation_m": 463.0, "n_real_photo_wc_elevation_m": 1157, "median_real_photo_soil_pH": 6.35, "n_real_photo_soil_pH": 915, "median_real_photo_soil_SOC": 58.03333333333333, "n_real_photo_soil_SOC": 972, "median_real_photo_soil_N": 2.8016666666666667, "n_real_photo_soil_N": 943, "median_real_photo_soil_clay": 20.833333333333336, "n_real_photo_soil_clay": 915, "median_real_photo_soil_available_water_proxy": 17.349999999999998, "n_real_photo_soil_available_water_proxy": 915}, "geometry": {"type": "Polygon", "coordinates": [[[-80, -51.057558731018624], [-60, -51.057558731018624], [-60, -33.74898859588859], [-80, -33.74898859588859], [-80, -51.057558731018624]]]}}, {"type": "Feature", "id": 24, "properties": {"cell_id": 24, "display_only_cell_centroid_lat": -41.8103148957786, "display_only_cell_centroid_lon": -50, "display_only_cell_latitude_low": -51.057558731018624, "display_only_cell_latitude_high": -33.74898859588859, "display_only_cell_lon_low": -60, "display_only_cell_lon_high": -40, "source_taxon_cell_rows": 831, "n_unique_taxa": 831, "n_four_state_classified": 402, "n_unclassified": 429, "fraction_classifiable": 0.48375451263537905, "n_public_site_coordinates": 830, "n_source_climate_complete": 830, "n_source_soil_complete": 308, "n_source_all_abiotic_complete": 308, "n_colour_classified_and_full_abiotic": 163, "count_white": 197, "fraction_white_given_classified": 0.4900497512437811, "count_yellow_orange": 136, "fraction_yellow_orange_given_classified": 0.3383084577114428, "count_red_pink": 44, "fraction_red_pink_given_classified": 0.10945273631840796, "count_blue_purple": 25, "fraction_blue_purple_given_classified": 0.06218905472636816, "median_real_photo_wc_bio1": 16.39960479736328, "n_real_photo_wc_bio1": 830, "median_real_photo_wc_bio5": 28.91994857788086, "n_real_photo_wc_bio5": 830, "median_real_photo_wc_bio12": 1070.0, "n_real_photo_wc_bio12": 830, "median_real_photo_wc_bio15": 20.875513076782227, "n_real_photo_wc_bio15": 830, "median_real_photo_wc_elevation_m": 19.0, "n_real_photo_wc_elevation_m": 830, "median_real_photo_soil_pH": 6.183333333333334, "n_real_photo_soil_pH": 470, "median_real_photo_soil_SOC": 34.93333333333333, "n_real_photo_soil_SOC": 418, "median_real_photo_soil_N": 2.3083333333333336, "n_real_photo_soil_N": 413, "median_real_photo_soil_clay": 30.7, "n_real_photo_soil_clay": 470, "median_real_photo_soil_available_water_proxy": 15.849999999999998, "n_real_photo_soil_available_water_proxy": 470}, "geometry": {"type": "Polygon", "coordinates": [[[-60, -51.057558731018624], [-40, -51.057558731018624], [-40, -33.74898859588859], [-60, -33.74898859588859], [-60, -51.057558731018624]]]}}, {"type": "Feature", "id": 25, "properties": {"cell_id": 25, "display_only_cell_centroid_lat": -41.8103148957786, "display_only_cell_centroid_lon": -30, "display_only_cell_latitude_low": -51.057558731018624, "display_only_cell_latitude_high": -33.74898859588859, "display_only_cell_lon_low": -40, "display_only_cell_lon_high": -20, "source_taxon_cell_rows": 0, "n_unique_taxa": 0, "n_four_state_classified": 0, "n_unclassified": 0, "fraction_classifiable": null, "n_public_site_coordinates": 0, "n_source_climate_complete": 0, "n_source_soil_complete": 0, "n_source_all_abiotic_complete": 0, "n_colour_classified_and_full_abiotic": 0, "count_white": 0, "fraction_white_given_classified": null, "count_yellow_orange": 0, "fraction_yellow_orange_given_classified": null, "count_red_pink": 0, "fraction_red_pink_given_classified": null, "count_blue_purple": 0, "fraction_blue_purple_given_classified": null, "n_real_photo_wc_bio1": 0, "n_real_photo_wc_bio5": 0, "n_real_photo_wc_bio12": 0, "n_real_photo_wc_bio15": 0, "n_real_photo_wc_elevation_m": 0, "n_real_photo_soil_pH": 0, "n_real_photo_soil_SOC": 0, "n_real_photo_soil_N": 0, "n_real_photo_soil_clay": 0, "n_real_photo_soil_available_water_proxy": 0}, "geometry": {"type": "Polygon", "coordinates": [[[-40, -51.057558731018624], [-20, -51.057558731018624], [-20, -33.74898859588859], [-40, -33.74898859588859], [-40, -51.057558731018624]]]}}, {"type": "Feature", "id": 26, "properties": {"cell_id": 26, "display_only_cell_centroid_lat": -41.8103148957786, "display_only_cell_centroid_lon": -10, "display_only_cell_latitude_low": -51.057558731018624, "display_only_cell_latitude_high": -33.74898859588859, "display_only_cell_lon_low": -20, "display_only_cell_lon_high": 0, "source_taxon_cell_rows": 1, "n_unique_taxa": 1, "n_four_state_classified": 0, "n_unclassified": 1, "fraction_classifiable": 0.0, "n_public_site_coordinates": 1, "n_source_climate_complete": 1, "n_source_soil_complete": 1, "n_source_all_abiotic_complete": 1, "n_colour_classified_and_full_abiotic": 0, "count_white": 0, "fraction_white_given_classified": null, "count_yellow_orange": 0, "fraction_yellow_orange_given_classified": null, "count_red_pink": 0, "fraction_red_pink_given_classified": null, "count_blue_purple": 0, "fraction_blue_purple_given_classified": null, "median_real_photo_wc_bio1": 10.770833015441896, "n_real_photo_wc_bio1": 1, "median_real_photo_wc_bio5": 16.269697189331055, "n_real_photo_wc_bio5": 1, "median_real_photo_wc_bio12": 3150.0, "n_real_photo_wc_bio12": 1, "median_real_photo_wc_bio15": 13.975384712219238, "n_real_photo_wc_bio15": 1, "median_real_photo_wc_elevation_m": 278.0, "n_real_photo_wc_elevation_m": 1, "median_real_photo_soil_pH": 5.5, "n_real_photo_soil_pH": 1, "median_real_photo_soil_SOC": 121.45, "n_real_photo_soil_SOC": 1, "median_real_photo_soil_N": 5.338333333333334, "n_real_photo_soil_N": 1, "median_real_photo_soil_clay": 31.76666666666667, "n_real_photo_soil_clay": 1, "median_real_photo_soil_available_water_proxy": 10.366666666666667, "n_real_photo_soil_available_water_proxy": 1}, "geometry": {"type": "Polygon", "coordinates": [[[-20, -51.057558731018624], [0, -51.057558731018624], [0, -33.74898859588859], [-20, -33.74898859588859], [-20, -51.057558731018624]]]}}, {"type": "Feature", "id": 27, "properties": {"cell_id": 27, "display_only_cell_centroid_lat": -41.8103148957786, "display_only_cell_centroid_lon": 10, "display_only_cell_latitude_low": -51.057558731018624, "display_only_cell_latitude_high": -33.74898859588859, "display_only_cell_lon_low": 0, "display_only_cell_lon_high": 20, "source_taxon_cell_rows": 1305, "n_unique_taxa": 1305, "n_four_state_classified": 577, "n_unclassified": 728, "fraction_classifiable": 0.4421455938697318, "n_public_site_coordinates": 1302, "n_source_climate_complete": 1302, "n_source_soil_complete": 898, "n_source_all_abiotic_complete": 898, "n_colour_classified_and_full_abiotic": 395, "count_white": 248, "fraction_white_given_classified": 0.42980935875216636, "count_yellow_orange": 189, "fraction_yellow_orange_given_classified": 0.3275563258232236, "count_red_pink": 98, "fraction_red_pink_given_classified": 0.16984402079722705, "count_blue_purple": 42, "fraction_blue_purple_given_classified": 0.07279029462738301, "median_real_photo_wc_bio1": 16.208354949951172, "n_real_photo_wc_bio1": 1302, "median_real_photo_wc_bio5": 25.75666618347168, "n_real_photo_wc_bio5": 1302, "median_real_photo_wc_bio12": 604.0, "n_real_photo_wc_bio12": 1302, "median_real_photo_wc_bio15": 56.98940658569336, "n_real_photo_wc_bio15": 1302, "median_real_photo_wc_elevation_m": 190.0, "n_real_photo_wc_elevation_m": 1302, "median_real_photo_soil_pH": 6.4, "n_real_photo_soil_pH": 1049, "median_real_photo_soil_SOC": 34.21666666666667, "n_real_photo_soil_SOC": 926, "median_real_photo_soil_N": 1.7966666666666666, "n_real_photo_soil_N": 1006, "median_real_photo_soil_clay": 18.2, "n_real_photo_soil_clay": 1049, "median_real_photo_soil_available_water_proxy": 17.783333333333335, "n_real_photo_soil_available_water_proxy": 1049}, "geometry": {"type": "Polygon", "coordinates": [[[0, -51.057558731018624], [20, -51.057558731018624], [20, -33.74898859588859], [0, -33.74898859588859], [0, -51.057558731018624]]]}}, {"type": "Feature", "id": 28, "properties": {"cell_id": 28, "display_only_cell_centroid_lat": -41.8103148957786, "display_only_cell_centroid_lon": 30, "display_only_cell_latitude_low": -51.057558731018624, "display_only_cell_latitude_high": -33.74898859588859, "display_only_cell_lon_low": 20, "display_only_cell_lon_high": 40, "source_taxon_cell_rows": 1470, "n_unique_taxa": 1470, "n_four_state_classified": 647, "n_unclassified": 823, "fraction_classifiable": 0.44013605442176873, "n_public_site_coordinates": 1469, "n_source_climate_complete": 1468, "n_source_soil_complete": 1174, "n_source_all_abiotic_complete": 1174, "n_colour_classified_and_full_abiotic": 529, "count_white": 299, "fraction_white_given_classified": 0.46213292117465227, "count_yellow_orange": 239, "fraction_yellow_orange_given_classified": 0.3693972179289026, "count_red_pink": 77, "fraction_red_pink_given_classified": 0.11901081916537867, "count_blue_purple": 32, "fraction_blue_purple_given_classified": 0.04945904173106646, "median_real_photo_wc_bio1": 17.0213680267334, "n_real_photo_wc_bio1": 1468, "median_real_photo_wc_bio5": 25.68000030517578, "n_real_photo_wc_bio5": 1468, "median_real_photo_wc_bio12": 546.0, "n_real_photo_wc_bio12": 1468, "median_real_photo_wc_bio15": 18.000469207763672, "n_real_photo_wc_bio15": 1468, "median_real_photo_wc_elevation_m": 184.0, "n_real_photo_wc_elevation_m": 1468, "median_real_photo_soil_pH": 6.541666666666666, "n_real_photo_soil_pH": 1358, "median_real_photo_soil_SOC": 26.93333333333333, "n_real_photo_soil_SOC": 1324, "median_real_photo_soil_N": 1.935, "n_real_photo_soil_N": 1286, "median_real_photo_soil_clay": 20.916666666666664, "n_real_photo_soil_clay": 1358, "median_real_photo_soil_available_water_proxy": 17.566666666666666, "n_real_photo_soil_available_water_proxy": 1358}, "geometry": {"type": "Polygon", "coordinates": [[[20, -51.057558731018624], [40, -51.057558731018624], [40, -33.74898859588859], [20, -33.74898859588859], [20, -51.057558731018624]]]}}, {"type": "Feature", "id": 29, "properties": {"cell_id": 29, "display_only_cell_centroid_lat": -41.8103148957786, "display_only_cell_centroid_lon": 50, "display_only_cell_latitude_low": -51.057558731018624, "display_only_cell_latitude_high": -33.74898859588859, "display_only_cell_lon_low": 40, "display_only_cell_lon_high": 60, "source_taxon_cell_rows": 2, "n_unique_taxa": 2, "n_four_state_classified": 1, "n_unclassified": 1, "fraction_classifiable": 0.5, "n_public_site_coordinates": 2, "n_source_climate_complete": 2, "n_source_soil_complete": 0, "n_source_all_abiotic_complete": 0, "n_colour_classified_and_full_abiotic": 0, "count_white": 0, "fraction_white_given_classified": 0.0, "count_yellow_orange": 1, "fraction_yellow_orange_given_classified": 1.0, "count_red_pink": 0, "fraction_red_pink_given_classified": 0.0, "count_blue_purple": 0, "fraction_blue_purple_given_classified": 0.0, "median_real_photo_wc_bio1": 4.9116129875183105, "n_real_photo_wc_bio1": 2, "median_real_photo_wc_bio5": 10.555755138397217, "n_real_photo_wc_bio5": 2, "median_real_photo_wc_bio12": 2341.0, "n_real_photo_wc_bio12": 2, "median_real_photo_wc_bio15": 18.03232479095459, "n_real_photo_wc_bio15": 2, "median_real_photo_wc_elevation_m": 211.5, "n_real_photo_wc_elevation_m": 2, "n_real_photo_soil_pH": 0, "n_real_photo_soil_SOC": 0, "n_real_photo_soil_N": 0, "n_real_photo_soil_clay": 0, "n_real_photo_soil_available_water_proxy": 0}, "geometry": {"type": "Polygon", "coordinates": [[[40, -51.057558731018624], [60, -51.057558731018624], [60, -33.74898859588859], [40, -33.74898859588859], [40, -51.057558731018624]]]}}, {"type": "Feature", "id": 30, "properties": {"cell_id": 30, "display_only_cell_centroid_lat": -41.8103148957786, "display_only_cell_centroid_lon": 70, "display_only_cell_latitude_low": -51.057558731018624, "display_only_cell_latitude_high": -33.74898859588859, "display_only_cell_lon_low": 60, "display_only_cell_lon_high": 80, "source_taxon_cell_rows": 7, "n_unique_taxa": 7, "n_four_state_classified": 5, "n_unclassified": 2, "fraction_classifiable": 0.7142857142857143, "n_public_site_coordinates": 7, "n_source_climate_complete": 7, "n_source_soil_complete": 0, "n_source_all_abiotic_complete": 0, "n_colour_classified_and_full_abiotic": 0, "count_white": 0, "fraction_white_given_classified": 0.0, "count_yellow_orange": 5, "fraction_yellow_orange_given_classified": 1.0, "count_red_pink": 0, "fraction_red_pink_given_classified": 0.0, "count_blue_purple": 0, "fraction_blue_purple_given_classified": 0.0, "median_real_photo_wc_bio1": 4.504666805267334, "n_real_photo_wc_bio1": 7, "median_real_photo_wc_bio5": 10.869333267211914, "n_real_photo_wc_bio5": 7, "median_real_photo_wc_bio12": 750.0, "n_real_photo_wc_bio12": 7, "median_real_photo_wc_bio15": 13.09303092956543, "n_real_photo_wc_bio15": 7, "median_real_photo_wc_elevation_m": 96.0, "n_real_photo_wc_elevation_m": 7, "n_real_photo_soil_pH": 0, "n_real_photo_soil_SOC": 0, "n_real_photo_soil_N": 0, "n_real_photo_soil_clay": 0, "n_real_photo_soil_available_water_proxy": 0}, "geometry": {"type": "Polygon", "coordinates": [[[60, -51.057558731018624], [80, -51.057558731018624], [80, -33.74898859588859], [60, -33.74898859588859], [60, -51.057558731018624]]]}}, {"type": "Feature", "id": 31, "properties": {"cell_id": 31, "display_only_cell_centroid_lat": -41.8103148957786, "display_only_cell_centroid_lon": 90, "display_only_cell_latitude_low": -51.057558731018624, "display_only_cell_latitude_high": -33.74898859588859, "display_only_cell_lon_low": 80, "display_only_cell_lon_high": 100, "source_taxon_cell_rows": 0, "n_unique_taxa": 0, "n_four_state_classified": 0, "n_unclassified": 0, "fraction_classifiable": null, "n_public_site_coordinates": 0, "n_source_climate_complete": 0, "n_source_soil_complete": 0, "n_source_all_abiotic_complete": 0, "n_colour_classified_and_full_abiotic": 0, "count_white": 0, "fraction_white_given_classified": null, "count_yellow_orange": 0, "fraction_yellow_orange_given_classified": null, "count_red_pink": 0, "fraction_red_pink_given_classified": null, "count_blue_purple": 0, "fraction_blue_purple_given_classified": null, "n_real_photo_wc_bio1": 0, "n_real_photo_wc_bio5": 0, "n_real_photo_wc_bio12": 0, "n_real_photo_wc_bio15": 0, "n_real_photo_wc_elevation_m": 0, "n_real_photo_soil_pH": 0, "n_real_photo_soil_SOC": 0, "n_real_photo_soil_N": 0, "n_real_photo_soil_clay": 0, "n_real_photo_soil_available_water_proxy": 0}, "geometry": {"type": "Polygon", "coordinates": [[[80, -51.057558731018624], [100, -51.057558731018624], [100, -33.74898859588859], [80, -33.74898859588859], [80, -51.057558731018624]]]}}, {"type": "Feature", "id": 32, "properties": {"cell_id": 32, "display_only_cell_centroid_lat": -41.8103148957786, "display_only_cell_centroid_lon": 110, "display_only_cell_latitude_low": -51.057558731018624, "display_only_cell_latitude_high": -33.74898859588859, "display_only_cell_lon_low": 100, "display_only_cell_lon_high": 120, "source_taxon_cell_rows": 1038, "n_unique_taxa": 1038, "n_four_state_classified": 471, "n_unclassified": 567, "fraction_classifiable": 0.45375722543352603, "n_public_site_coordinates": 1036, "n_source_climate_complete": 1036, "n_source_soil_complete": 822, "n_source_all_abiotic_complete": 822, "n_colour_classified_and_full_abiotic": 368, "count_white": 205, "fraction_white_given_classified": 0.43524416135881105, "count_yellow_orange": 159, "fraction_yellow_orange_given_classified": 0.3375796178343949, "count_red_pink": 60, "fraction_red_pink_given_classified": 0.12738853503184713, "count_blue_purple": 47, "fraction_blue_purple_given_classified": 0.09978768577494693, "median_real_photo_wc_bio1": 15.268732070922852, "n_real_photo_wc_bio1": 1036, "median_real_photo_wc_bio5": 26.062124252319336, "n_real_photo_wc_bio5": 1036, "median_real_photo_wc_bio12": 794.0, "n_real_photo_wc_bio12": 1036, "median_real_photo_wc_bio15": 55.71990585327149, "n_real_photo_wc_bio15": 1036, "median_real_photo_wc_elevation_m": 106.0, "n_real_photo_wc_elevation_m": 1036, "median_real_photo_soil_pH": 6.233333333333333, "n_real_photo_soil_pH": 894, "median_real_photo_soil_SOC": 31.108333333333334, "n_real_photo_soil_SOC": 878, "median_real_photo_soil_N": 1.3133333333333337, "n_real_photo_soil_N": 897, "median_real_photo_soil_clay": 13.733333333333334, "n_real_photo_soil_clay": 894, "median_real_photo_soil_available_water_proxy": 20.616666666666667, "n_real_photo_soil_available_water_proxy": 894}, "geometry": {"type": "Polygon", "coordinates": [[[100, -51.057558731018624], [120, -51.057558731018624], [120, -33.74898859588859], [100, -33.74898859588859], [100, -51.057558731018624]]]}}, {"type": "Feature", "id": 33, "properties": {"cell_id": 33, "display_only_cell_centroid_lat": -41.8103148957786, "display_only_cell_centroid_lon": 130, "display_only_cell_latitude_low": -51.057558731018624, "display_only_cell_latitude_high": -33.74898859588859, "display_only_cell_lon_low": 120, "display_only_cell_lon_high": 140, "source_taxon_cell_rows": 930, "n_unique_taxa": 930, "n_four_state_classified": 400, "n_unclassified": 530, "fraction_classifiable": 0.43010752688172044, "n_public_site_coordinates": 926, "n_source_climate_complete": 926, "n_source_soil_complete": 605, "n_source_all_abiotic_complete": 605, "n_colour_classified_and_full_abiotic": 255, "count_white": 182, "fraction_white_given_classified": 0.455, "count_yellow_orange": 144, "fraction_yellow_orange_given_classified": 0.36, "count_red_pink": 35, "fraction_red_pink_given_classified": 0.0875, "count_blue_purple": 39, "fraction_blue_purple_given_classified": 0.0975, "median_real_photo_wc_bio1": 15.637572288513184, "n_real_photo_wc_bio1": 926, "median_real_photo_wc_bio5": 27.098974227905277, "n_real_photo_wc_bio5": 926, "median_real_photo_wc_bio12": 622.0, "n_real_photo_wc_bio12": 926, "median_real_photo_wc_bio15": 49.31432723999024, "n_real_photo_wc_bio15": 926, "median_real_photo_wc_elevation_m": 90.0, "n_real_photo_wc_elevation_m": 926, "median_real_photo_soil_pH": 6.3, "n_real_photo_soil_pH": 639, "median_real_photo_soil_SOC": 31.96666666666667, "n_real_photo_soil_SOC": 636, "median_real_photo_soil_N": 1.35, "n_real_photo_soil_N": 688, "median_real_photo_soil_clay": 22.05, "n_real_photo_soil_clay": 639, "median_real_photo_soil_available_water_proxy": 19.25, "n_real_photo_soil_available_water_proxy": 639}, "geometry": {"type": "Polygon", "coordinates": [[[120, -51.057558731018624], [140, -51.057558731018624], [140, -33.74898859588859], [120, -33.74898859588859], [120, -51.057558731018624]]]}}, {"type": "Feature", "id": 34, "properties": {"cell_id": 34, "display_only_cell_centroid_lat": -41.8103148957786, "display_only_cell_centroid_lon": 150, "display_only_cell_latitude_low": -51.057558731018624, "display_only_cell_latitude_high": -33.74898859588859, "display_only_cell_lon_low": 140, "display_only_cell_lon_high": 160, "source_taxon_cell_rows": 1541, "n_unique_taxa": 1541, "n_four_state_classified": 730, "n_unclassified": 811, "fraction_classifiable": 0.4737183646982479, "n_public_site_coordinates": 1540, "n_source_climate_complete": 1540, "n_source_soil_complete": 1081, "n_source_all_abiotic_complete": 1081, "n_colour_classified_and_full_abiotic": 510, "count_white": 337, "fraction_white_given_classified": 0.46164383561643835, "count_yellow_orange": 273, "fraction_yellow_orange_given_classified": 0.37397260273972605, "count_red_pink": 61, "fraction_red_pink_given_classified": 0.08356164383561644, "count_blue_purple": 59, "fraction_blue_purple_given_classified": 0.08082191780821918, "median_real_photo_wc_bio1": 14.052755355834961, "n_real_photo_wc_bio1": 1540, "median_real_photo_wc_bio5": 25.126544952392578, "n_real_photo_wc_bio5": 1540, "median_real_photo_wc_bio12": 904.0, "n_real_photo_wc_bio12": 1540, "median_real_photo_wc_bio15": 23.36672019958496, "n_real_photo_wc_bio15": 1540, "median_real_photo_wc_elevation_m": 153.0, "n_real_photo_wc_elevation_m": 1540, "median_real_photo_soil_pH": 5.583333333333334, "n_real_photo_soil_pH": 1229, "median_real_photo_soil_SOC": 44.99166666666667, "n_real_photo_soil_SOC": 1206, "median_real_photo_soil_N": 2.0975, "n_real_photo_soil_N": 1198, "median_real_photo_soil_clay": 21.066666666666663, "n_real_photo_soil_clay": 1229, "median_real_photo_soil_available_water_proxy": 18.98333333333333, "n_real_photo_soil_available_water_proxy": 1229}, "geometry": {"type": "Polygon", "coordinates": [[[140, -51.057558731018624], [160, -51.057558731018624], [160, -33.74898859588859], [140, -33.74898859588859], [140, -51.057558731018624]]]}}, {"type": "Feature", "id": 35, "properties": {"cell_id": 35, "display_only_cell_centroid_lat": -41.8103148957786, "display_only_cell_centroid_lon": 170, "display_only_cell_latitude_low": -51.057558731018624, "display_only_cell_latitude_high": -33.74898859588859, "display_only_cell_lon_low": 160, "display_only_cell_lon_high": 180, "source_taxon_cell_rows": 1280, "n_unique_taxa": 1280, "n_four_state_classified": 581, "n_unclassified": 699, "fraction_classifiable": 0.45390625, "n_public_site_coordinates": 1279, "n_source_climate_complete": 1279, "n_source_soil_complete": 808, "n_source_all_abiotic_complete": 808, "n_colour_classified_and_full_abiotic": 370, "count_white": 355, "fraction_white_given_classified": 0.6110154905335629, "count_yellow_orange": 149, "fraction_yellow_orange_given_classified": 0.25645438898450945, "count_red_pink": 47, "fraction_red_pink_given_classified": 0.08089500860585198, "count_blue_purple": 30, "fraction_blue_purple_given_classified": 0.05163511187607573, "median_real_photo_wc_bio1": 11.481645584106444, "n_real_photo_wc_bio1": 1279, "median_real_photo_wc_bio5": 20.840749740600582, "n_real_photo_wc_bio5": 1279, "median_real_photo_wc_bio12": 1459.0, "n_real_photo_wc_bio12": 1279, "median_real_photo_wc_bio15": 18.251789093017575, "n_real_photo_wc_bio15": 1279, "median_real_photo_wc_elevation_m": 195.0, "n_real_photo_wc_elevation_m": 1279, "median_real_photo_soil_pH": 5.35, "n_real_photo_soil_pH": 939, "median_real_photo_soil_SOC": 104.98333333333332, "n_real_photo_soil_SOC": 929, "median_real_photo_soil_N": 3.711666666666667, "n_real_photo_soil_N": 921, "median_real_photo_soil_clay": 26.01666666666667, "n_real_photo_soil_clay": 939, "median_real_photo_soil_available_water_proxy": 17.63333333333333, "n_real_photo_soil_available_water_proxy": 939}, "geometry": {"type": "Polygon", "coordinates": [[[160, -51.057558731018624], [180, -51.057558731018624], [180, -33.74898859588859], [160, -33.74898859588859], [160, -51.057558731018624]]]}}, {"type": "Feature", "id": 36, "properties": {"cell_id": 36, "display_only_cell_centroid_lat": -26.387799961242997, "display_only_cell_centroid_lon": -170, "display_only_cell_latitude_low": -33.74898859588859, "display_only_cell_latitude_high": -19.471220634490695, "display_only_cell_lon_low": -180, "display_only_cell_lon_high": -160, "source_taxon_cell_rows": 37, "n_unique_taxa": 37, "n_four_state_classified": 15, "n_unclassified": 22, "fraction_classifiable": 0.40540540540540543, "n_public_site_coordinates": 37, "n_source_climate_complete": 36, "n_source_soil_complete": 13, "n_source_all_abiotic_complete": 13, "n_colour_classified_and_full_abiotic": 5, "count_white": 9, "fraction_white_given_classified": 0.6, "count_yellow_orange": 4, "fraction_yellow_orange_given_classified": 0.26666666666666666, "count_red_pink": 2, "fraction_red_pink_given_classified": 0.13333333333333333, "count_blue_purple": 0, "fraction_blue_purple_given_classified": 0.0, "median_real_photo_wc_bio1": 23.804784774780277, "n_real_photo_wc_bio1": 36, "median_real_photo_wc_bio5": 29.564197540283203, "n_real_photo_wc_bio5": 36, "median_real_photo_wc_bio12": 1833.0, "n_real_photo_wc_bio12": 36, "median_real_photo_wc_bio15": 30.99781990051269, "n_real_photo_wc_bio15": 36, "median_real_photo_wc_elevation_m": 21.0, "n_real_photo_wc_elevation_m": 36, "median_real_photo_soil_pH": 5.2, "n_real_photo_soil_pH": 13, "median_real_photo_soil_SOC": 61.31666666666666, "n_real_photo_soil_SOC": 22, "median_real_photo_soil_N": 3.33, "n_real_photo_soil_N": 13, "median_real_photo_soil_clay": 32.11666666666667, "n_real_photo_soil_clay": 13, "median_real_photo_soil_available_water_proxy": 12.43333333333333, "n_real_photo_soil_available_water_proxy": 13}, "geometry": {"type": "Polygon", "coordinates": [[[-180, -33.74898859588859], [-160, -33.74898859588859], [-160, -19.471220634490695], [-180, -19.471220634490695], [-180, -33.74898859588859]]]}}, {"type": "Feature", "id": 37, "properties": {"cell_id": 37, "display_only_cell_centroid_lat": -26.387799961242997, "display_only_cell_centroid_lon": -150, "display_only_cell_latitude_low": -33.74898859588859, "display_only_cell_latitude_high": -19.471220634490695, "display_only_cell_lon_low": -160, "display_only_cell_lon_high": -140, "source_taxon_cell_rows": 40, "n_unique_taxa": 40, "n_four_state_classified": 17, "n_unclassified": 23, "fraction_classifiable": 0.425, "n_public_site_coordinates": 40, "n_source_climate_complete": 40, "n_source_soil_complete": 17, "n_source_all_abiotic_complete": 17, "n_colour_classified_and_full_abiotic": 5, "count_white": 13, "fraction_white_given_classified": 0.7647058823529411, "count_yellow_orange": 3, "fraction_yellow_orange_given_classified": 0.17647058823529413, "count_red_pink": 1, "fraction_red_pink_given_classified": 0.058823529411764705, "count_blue_purple": 0, "fraction_blue_purple_given_classified": 0.0, "median_real_photo_wc_bio1": 23.57286834716797, "n_real_photo_wc_bio1": 40, "median_real_photo_wc_bio5": 28.640697479248047, "n_real_photo_wc_bio5": 40, "median_real_photo_wc_bio12": 1988.0, "n_real_photo_wc_bio12": 40, "median_real_photo_wc_bio15": 32.1966667175293, "n_real_photo_wc_bio15": 40, "median_real_photo_wc_elevation_m": 114.0, "n_real_photo_wc_elevation_m": 40, "median_real_photo_soil_pH": 5.4, "n_real_photo_soil_pH": 29, "median_real_photo_soil_SOC": 55.65, "n_real_photo_soil_SOC": 23, "median_real_photo_soil_N": 3.796666666666667, "n_real_photo_soil_N": 17, "median_real_photo_soil_clay": 41.11666666666667, "n_real_photo_soil_clay": 29, "median_real_photo_soil_available_water_proxy": 15.2, "n_real_photo_soil_available_water_proxy": 29}, "geometry": {"type": "Polygon", "coordinates": [[[-160, -33.74898859588859], [-140, -33.74898859588859], [-140, -19.471220634490695], [-160, -19.471220634490695], [-160, -33.74898859588859]]]}}, {"type": "Feature", "id": 38, "properties": {"cell_id": 38, "display_only_cell_centroid_lat": -26.387799961242997, "display_only_cell_centroid_lon": -130, "display_only_cell_latitude_low": -33.74898859588859, "display_only_cell_latitude_high": -19.471220634490695, "display_only_cell_lon_low": -140, "display_only_cell_lon_high": -120, "source_taxon_cell_rows": 6, "n_unique_taxa": 6, "n_four_state_classified": 3, "n_unclassified": 3, "fraction_classifiable": 0.5, "n_public_site_coordinates": 6, "n_source_climate_complete": 6, "n_source_soil_complete": 0, "n_source_all_abiotic_complete": 0, "n_colour_classified_and_full_abiotic": 0, "count_white": 1, "fraction_white_given_classified": 0.3333333333333333, "count_yellow_orange": 2, "fraction_yellow_orange_given_classified": 0.6666666666666666, "count_red_pink": 0, "fraction_red_pink_given_classified": 0.0, "count_blue_purple": 0, "fraction_blue_purple_given_classified": 0.0, "median_real_photo_wc_bio1": 23.440176010131836, "n_real_photo_wc_bio1": 6, "median_real_photo_wc_bio5": 28.47398376464844, "n_real_photo_wc_bio5": 6, "median_real_photo_wc_bio12": 1490.5, "n_real_photo_wc_bio12": 6, "median_real_photo_wc_bio15": 16.322790145874023, "n_real_photo_wc_bio15": 6, "median_real_photo_wc_elevation_m": 15.0, "n_real_photo_wc_elevation_m": 6, "median_real_photo_soil_pH": 5.75, "n_real_photo_soil_pH": 1, "n_real_photo_soil_SOC": 0, "median_real_photo_soil_N": 4.645, "n_real_photo_soil_N": 3, "median_real_photo_soil_clay": 26.55, "n_real_photo_soil_clay": 1, "median_real_photo_soil_available_water_proxy": 8.183333333333334, "n_real_photo_soil_available_water_proxy": 1}, "geometry": {"type": "Polygon", "coordinates": [[[-140, -33.74898859588859], [-120, -33.74898859588859], [-120, -19.471220634490695], [-140, -19.471220634490695], [-140, -33.74898859588859]]]}}, {"type": "Feature", "id": 39, "properties": {"cell_id": 39, "display_only_cell_centroid_lat": -26.387799961242997, "display_only_cell_centroid_lon": -110, "display_only_cell_latitude_low": -33.74898859588859, "display_only_cell_latitude_high": -19.471220634490695, "display_only_cell_lon_low": -120, "display_only_cell_lon_high": -100, "source_taxon_cell_rows": 8, "n_unique_taxa": 8, "n_four_state_classified": 5, "n_unclassified": 3, "fraction_classifiable": 0.625, "n_public_site_coordinates": 8, "n_source_climate_complete": 8, "n_source_soil_complete": 0, "n_source_all_abiotic_complete": 0, "n_colour_classified_and_full_abiotic": 0, "count_white": 1, "fraction_white_given_classified": 0.2, "count_yellow_orange": 3, "fraction_yellow_orange_given_classified": 0.6, "count_red_pink": 1, "fraction_red_pink_given_classified": 0.2, "count_blue_purple": 0, "fraction_blue_purple_given_classified": 0.0, "median_real_photo_wc_bio1": 20.335186004638672, "n_real_photo_wc_bio1": 8, "median_real_photo_wc_bio5": 26.27230834960937, "n_real_photo_wc_bio5": 8, "median_real_photo_wc_bio12": 1168.0, "n_real_photo_wc_bio12": 8, "median_real_photo_wc_bio15": 27.54679298400879, "n_real_photo_wc_bio15": 8, "median_real_photo_wc_elevation_m": 145.0, "n_real_photo_wc_elevation_m": 8, "median_real_photo_soil_pH": 5.7, "n_real_photo_soil_pH": 2, "n_real_photo_soil_SOC": 0, "median_real_photo_soil_N": 2.6141666666666663, "n_real_photo_soil_N": 4, "median_real_photo_soil_clay": 29.33333333333333, "n_real_photo_soil_clay": 2, "median_real_photo_soil_available_water_proxy": 14.699999999999996, "n_real_photo_soil_available_water_proxy": 2}, "geometry": {"type": "Polygon", "coordinates": [[[-120, -33.74898859588859], [-100, -33.74898859588859], [-100, -19.471220634490695], [-120, -19.471220634490695], [-120, -33.74898859588859]]]}}, {"type": "Feature", "id": 40, "properties": {"cell_id": 40, "display_only_cell_centroid_lat": -26.387799961242997, "display_only_cell_centroid_lon": -90, "display_only_cell_latitude_low": -33.74898859588859, "display_only_cell_latitude_high": -19.471220634490695, "display_only_cell_lon_low": -100, "display_only_cell_lon_high": -80, "source_taxon_cell_rows": 0, "n_unique_taxa": 0, "n_four_state_classified": 0, "n_unclassified": 0, "fraction_classifiable": null, "n_public_site_coordinates": 0, "n_source_climate_complete": 0, "n_source_soil_complete": 0, "n_source_all_abiotic_complete": 0, "n_colour_classified_and_full_abiotic": 0, "count_white": 0, "fraction_white_given_classified": null, "count_yellow_orange": 0, "fraction_yellow_orange_given_classified": null, "count_red_pink": 0, "fraction_red_pink_given_classified": null, "count_blue_purple": 0, "fraction_blue_purple_given_classified": null, "n_real_photo_wc_bio1": 0, "n_real_photo_wc_bio5": 0, "n_real_photo_wc_bio12": 0, "n_real_photo_wc_bio15": 0, "n_real_photo_wc_elevation_m": 0, "n_real_photo_soil_pH": 0, "n_real_photo_soil_SOC": 0, "n_real_photo_soil_N": 0, "n_real_photo_soil_clay": 0, "n_real_photo_soil_available_water_proxy": 0}, "geometry": {"type": "Polygon", "coordinates": [[[-100, -33.74898859588859], [-80, -33.74898859588859], [-80, -19.471220634490695], [-100, -19.471220634490695], [-100, -33.74898859588859]]]}}, {"type": "Feature", "id": 41, "properties": {"cell_id": 41, "display_only_cell_centroid_lat": -26.387799961242997, "display_only_cell_centroid_lon": -70, "display_only_cell_latitude_low": -33.74898859588859, "display_only_cell_latitude_high": -19.471220634490695, "display_only_cell_lon_low": -80, "display_only_cell_lon_high": -60, "source_taxon_cell_rows": 1344, "n_unique_taxa": 1344, "n_four_state_classified": 657, "n_unclassified": 687, "fraction_classifiable": 0.4888392857142857, "n_public_site_coordinates": 1341, "n_source_climate_complete": 1341, "n_source_soil_complete": 1036, "n_source_all_abiotic_complete": 1036, "n_colour_classified_and_full_abiotic": 515, "count_white": 273, "fraction_white_given_classified": 0.4155251141552511, "count_yellow_orange": 264, "fraction_yellow_orange_given_classified": 0.4018264840182648, "count_red_pink": 73, "fraction_red_pink_given_classified": 0.1111111111111111, "count_blue_purple": 47, "fraction_blue_purple_given_classified": 0.0715372907153729, "median_real_photo_wc_bio1": 15.00625705718994, "n_real_photo_wc_bio1": 1341, "median_real_photo_wc_bio5": 26.10474967956543, "n_real_photo_wc_bio5": 1341, "median_real_photo_wc_bio12": 434.0, "n_real_photo_wc_bio12": 1341, "median_real_photo_wc_bio15": 87.80594635009766, "n_real_photo_wc_bio15": 1341, "median_real_photo_wc_elevation_m": 673.0, "n_real_photo_wc_elevation_m": 1341, "median_real_photo_soil_pH": 6.833333333333333, "n_real_photo_soil_pH": 1097, "median_real_photo_soil_SOC": 21.416666666666664, "n_real_photo_soil_SOC": 1141, "median_real_photo_soil_N": 1.6783333333333337, "n_real_photo_soil_N": 1115, "median_real_photo_soil_clay": 22.916666666666664, "n_real_photo_soil_clay": 1097, "median_real_photo_soil_available_water_proxy": 14.266666666666666, "n_real_photo_soil_available_water_proxy": 1097}, "geometry": {"type": "Polygon", "coordinates": [[[-80, -33.74898859588859], [-60, -33.74898859588859], [-60, -19.471220634490695], [-80, -19.471220634490695], [-80, -33.74898859588859]]]}}, {"type": "Feature", "id": 42, "properties": {"cell_id": 42, "display_only_cell_centroid_lat": -26.387799961242997, "display_only_cell_centroid_lon": -50, "display_only_cell_latitude_low": -33.74898859588859, "display_only_cell_latitude_high": -19.471220634490695, "display_only_cell_lon_low": -60, "display_only_cell_lon_high": -40, "source_taxon_cell_rows": 1937, "n_unique_taxa": 1937, "n_four_state_classified": 820, "n_unclassified": 1117, "fraction_classifiable": 0.4233350542075374, "n_public_site_coordinates": 1926, "n_source_climate_complete": 1926, "n_source_soil_complete": 1328, "n_source_all_abiotic_complete": 1328, "n_colour_classified_and_full_abiotic": 557, "count_white": 391, "fraction_white_given_classified": 0.4768292682926829, "count_yellow_orange": 261, "fraction_yellow_orange_given_classified": 0.3182926829268293, "count_red_pink": 114, "fraction_red_pink_given_classified": 0.13902439024390245, "count_blue_purple": 54, "fraction_blue_purple_given_classified": 0.06585365853658537, "median_real_photo_wc_bio1": 19.608154296875, "n_real_photo_wc_bio1": 1926, "median_real_photo_wc_bio5": 29.094433784484863, "n_real_photo_wc_bio5": 1926, "median_real_photo_wc_bio12": 1482.0, "n_real_photo_wc_bio12": 1926, "median_real_photo_wc_bio15": 32.580745697021484, "n_real_photo_wc_bio15": 1926, "median_real_photo_wc_elevation_m": 172.0, "n_real_photo_wc_elevation_m": 1926, "median_real_photo_soil_pH": 5.2, "n_real_photo_soil_pH": 1510, "median_real_photo_soil_SOC": 27.383333333333333, "n_real_photo_soil_SOC": 1490, "median_real_photo_soil_N": 2.2583333333333333, "n_real_photo_soil_N": 1509, "median_real_photo_soil_clay": 34.108333333333334, "n_real_photo_soil_clay": 1510, "median_real_photo_soil_available_water_proxy": 15.041666666666664, "n_real_photo_soil_available_water_proxy": 1506}, "geometry": {"type": "Polygon", "coordinates": [[[-60, -33.74898859588859], [-40, -33.74898859588859], [-40, -19.471220634490695], [-60, -19.471220634490695], [-60, -33.74898859588859]]]}}, {"type": "Feature", "id": 43, "properties": {"cell_id": 43, "display_only_cell_centroid_lat": -26.387799961242997, "display_only_cell_centroid_lon": -30, "display_only_cell_latitude_low": -33.74898859588859, "display_only_cell_latitude_high": -19.471220634490695, "display_only_cell_lon_low": -40, "display_only_cell_lon_high": -20, "source_taxon_cell_rows": 11, "n_unique_taxa": 11, "n_four_state_classified": 2, "n_unclassified": 9, "fraction_classifiable": 0.18181818181818182, "n_public_site_coordinates": 11, "n_source_climate_complete": 11, "n_source_soil_complete": 7, "n_source_all_abiotic_complete": 7, "n_colour_classified_and_full_abiotic": 0, "count_white": 2, "fraction_white_given_classified": 1.0, "count_yellow_orange": 0, "fraction_yellow_orange_given_classified": 0.0, "count_red_pink": 0, "fraction_red_pink_given_classified": 0.0, "count_blue_purple": 0, "fraction_blue_purple_given_classified": 0.0, "median_real_photo_wc_bio1": 23.685577392578125, "n_real_photo_wc_bio1": 11, "median_real_photo_wc_bio5": 30.688034057617188, "n_real_photo_wc_bio5": 11, "median_real_photo_wc_bio12": 1256.0, "n_real_photo_wc_bio12": 11, "median_real_photo_wc_bio15": 44.43157196044922, "n_real_photo_wc_bio15": 11, "median_real_photo_wc_elevation_m": 6.0, "n_real_photo_wc_elevation_m": 11, "median_real_photo_soil_pH": 5.666666666666666, "n_real_photo_soil_pH": 9, "median_real_photo_soil_SOC": 40.41666666666667, "n_real_photo_soil_SOC": 9, "median_real_photo_soil_N": 2.565, "n_real_photo_soil_N": 9, "median_real_photo_soil_clay": 40.03333333333333, "n_real_photo_soil_clay": 9, "median_real_photo_soil_available_water_proxy": 13.566666666666666, "n_real_photo_soil_available_water_proxy": 9}, "geometry": {"type": "Polygon", "coordinates": [[[-40, -33.74898859588859], [-20, -33.74898859588859], [-20, -19.471220634490695], [-40, -19.471220634490695], [-40, -33.74898859588859]]]}}, {"type": "Feature", "id": 44, "properties": {"cell_id": 44, "display_only_cell_centroid_lat": -26.387799961242997, "display_only_cell_centroid_lon": -10, "display_only_cell_latitude_low": -33.74898859588859, "display_only_cell_latitude_high": -19.471220634490695, "display_only_cell_lon_low": -20, "display_only_cell_lon_high": 0, "source_taxon_cell_rows": 0, "n_unique_taxa": 0, "n_four_state_classified": 0, "n_unclassified": 0, "fraction_classifiable": null, "n_public_site_coordinates": 0, "n_source_climate_complete": 0, "n_source_soil_complete": 0, "n_source_all_abiotic_complete": 0, "n_colour_classified_and_full_abiotic": 0, "count_white": 0, "fraction_white_given_classified": null, "count_yellow_orange": 0, "fraction_yellow_orange_given_classified": null, "count_red_pink": 0, "fraction_red_pink_given_classified": null, "count_blue_purple": 0, "fraction_blue_purple_given_classified": null, "n_real_photo_wc_bio1": 0, "n_real_photo_wc_bio5": 0, "n_real_photo_wc_bio12": 0, "n_real_photo_wc_bio15": 0, "n_real_photo_wc_elevation_m": 0, "n_real_photo_soil_pH": 0, "n_real_photo_soil_SOC": 0, "n_real_photo_soil_N": 0, "n_real_photo_soil_clay": 0, "n_real_photo_soil_available_water_proxy": 0}, "geometry": {"type": "Polygon", "coordinates": [[[-20, -33.74898859588859], [0, -33.74898859588859], [0, -19.471220634490695], [-20, -19.471220634490695], [-20, -33.74898859588859]]]}}, {"type": "Feature", "id": 45, "properties": {"cell_id": 45, "display_only_cell_centroid_lat": -26.387799961242997, "display_only_cell_centroid_lon": 10, "display_only_cell_latitude_low": -33.74898859588859, "display_only_cell_latitude_high": -19.471220634490695, "display_only_cell_lon_low": 0, "display_only_cell_lon_high": 20, "source_taxon_cell_rows": 1464, "n_unique_taxa": 1464, "n_four_state_classified": 668, "n_unclassified": 796, "fraction_classifiable": 0.4562841530054645, "n_public_site_coordinates": 1445, "n_source_climate_complete": 1445, "n_source_soil_complete": 1284, "n_source_all_abiotic_complete": 1284, "n_colour_classified_and_full_abiotic": 585, "count_white": 267, "fraction_white_given_classified": 0.3997005988023952, "count_yellow_orange": 257, "fraction_yellow_orange_given_classified": 0.3847305389221557, "count_red_pink": 87, "fraction_red_pink_given_classified": 0.13023952095808383, "count_blue_purple": 57, "fraction_blue_purple_given_classified": 0.08532934131736528, "median_real_photo_wc_bio1": 17.362323760986328, "n_real_photo_wc_bio1": 1445, "median_real_photo_wc_bio5": 29.566749572753903, "n_real_photo_wc_bio5": 1445, "median_real_photo_wc_bio12": 371.0, "n_real_photo_wc_bio12": 1445, "median_real_photo_wc_bio15": 63.16895294189453, "n_real_photo_wc_bio15": 1445, "median_real_photo_wc_elevation_m": 304.0, "n_real_photo_wc_elevation_m": 1445, "median_real_photo_soil_pH": 6.783333333333333, "n_real_photo_soil_pH": 1349, "median_real_photo_soil_SOC": 19.566666666666663, "n_real_photo_soil_SOC": 1324, "median_real_photo_soil_N": 1.17, "n_real_photo_soil_N": 1359, "median_real_photo_soil_clay": 14.433333333333334, "n_real_photo_soil_clay": 1349, "median_real_photo_soil_available_water_proxy": 19.4, "n_real_photo_soil_available_water_proxy": 1349}, "geometry": {"type": "Polygon", "coordinates": [[[0, -33.74898859588859], [20, -33.74898859588859], [20, -19.471220634490695], [0, -19.471220634490695], [0, -33.74898859588859]]]}}, {"type": "Feature", "id": 46, "properties": {"cell_id": 46, "display_only_cell_centroid_lat": -26.387799961242997, "display_only_cell_centroid_lon": 30, "display_only_cell_latitude_low": -33.74898859588859, "display_only_cell_latitude_high": -19.471220634490695, "display_only_cell_lon_low": 20, "display_only_cell_lon_high": 40, "source_taxon_cell_rows": 1795, "n_unique_taxa": 1795, "n_four_state_classified": 797, "n_unclassified": 998, "fraction_classifiable": 0.44401114206128134, "n_public_site_coordinates": 1793, "n_source_climate_complete": 1793, "n_source_soil_complete": 1428, "n_source_all_abiotic_complete": 1428, "n_colour_classified_and_full_abiotic": 646, "count_white": 363, "fraction_white_given_classified": 0.45545796737766625, "count_yellow_orange": 291, "fraction_yellow_orange_given_classified": 0.36511919698870765, "count_red_pink": 99, "fraction_red_pink_given_classified": 0.12421580928481807, "count_blue_purple": 44, "fraction_blue_purple_given_classified": 0.05520702634880803, "median_real_photo_wc_bio1": 17.682832717895508, "n_real_photo_wc_bio1": 1793, "median_real_photo_wc_bio5": 27.191499710083008, "n_real_photo_wc_bio5": 1793, "median_real_photo_wc_bio12": 695.0, "n_real_photo_wc_bio12": 1793, "median_real_photo_wc_bio15": 67.76275634765625, "n_real_photo_wc_bio15": 1793, "median_real_photo_wc_elevation_m": 1093.0, "n_real_photo_wc_elevation_m": 1793, "median_real_photo_soil_pH": 6.25, "n_real_photo_soil_pH": 1494, "median_real_photo_soil_SOC": 19.216666666666665, "n_real_photo_soil_SOC": 1524, "median_real_photo_soil_N": 1.53, "n_real_photo_soil_N": 1502, "median_real_photo_soil_clay": 25.891666666666666, "n_real_photo_soil_clay": 1494, "median_real_photo_soil_available_water_proxy": 15.183333333333334, "n_real_photo_soil_available_water_proxy": 1494}, "geometry": {"type": "Polygon", "coordinates": [[[20, -33.74898859588859], [40, -33.74898859588859], [40, -19.471220634490695], [20, -19.471220634490695], [20, -33.74898859588859]]]}}, {"type": "Feature", "id": 47, "properties": {"cell_id": 47, "display_only_cell_centroid_lat": -26.387799961242997, "display_only_cell_centroid_lon": 50, "display_only_cell_latitude_low": -33.74898859588859, "display_only_cell_latitude_high": -19.471220634490695, "display_only_cell_lon_low": 40, "display_only_cell_lon_high": 60, "source_taxon_cell_rows": 594, "n_unique_taxa": 594, "n_four_state_classified": 239, "n_unclassified": 355, "fraction_classifiable": 0.40235690235690236, "n_public_site_coordinates": 593, "n_source_climate_complete": 593, "n_source_soil_complete": 467, "n_source_all_abiotic_complete": 467, "n_colour_classified_and_full_abiotic": 188, "count_white": 120, "fraction_white_given_classified": 0.502092050209205, "count_yellow_orange": 65, "fraction_yellow_orange_given_classified": 0.2719665271966527, "count_red_pink": 40, "fraction_red_pink_given_classified": 0.16736401673640167, "count_blue_purple": 14, "fraction_blue_purple_given_classified": 0.058577405857740586, "median_real_photo_wc_bio1": 21.132333755493164, "n_real_photo_wc_bio1": 593, "median_real_photo_wc_bio5": 27.15999984741211, "n_real_photo_wc_bio5": 593, "median_real_photo_wc_bio12": 1429.0, "n_real_photo_wc_bio12": 593, "median_real_photo_wc_bio15": 57.247291564941406, "n_real_photo_wc_bio15": 593, "median_real_photo_wc_elevation_m": 598.0, "n_real_photo_wc_elevation_m": 593, "median_real_photo_soil_pH": 5.5, "n_real_photo_soil_pH": 508, "median_real_photo_soil_SOC": 30.9, "n_real_photo_soil_SOC": 482, "median_real_photo_soil_N": 2.12, "n_real_photo_soil_N": 511, "median_real_photo_soil_clay": 31.275, "n_real_photo_soil_clay": 508, "median_real_photo_soil_available_water_proxy": 14.866666666666667, "n_real_photo_soil_available_water_proxy": 508}, "geometry": {"type": "Polygon", "coordinates": [[[40, -33.74898859588859], [60, -33.74898859588859], [60, -19.471220634490695], [40, -19.471220634490695], [40, -33.74898859588859]]]}}, {"type": "Feature", "id": 48, "properties": {"cell_id": 48, "display_only_cell_centroid_lat": -26.387799961242997, "display_only_cell_centroid_lon": 70, "display_only_cell_latitude_low": -33.74898859588859, "display_only_cell_latitude_high": -19.471220634490695, "display_only_cell_lon_low": 60, "display_only_cell_lon_high": 80, "source_taxon_cell_rows": 12, "n_unique_taxa": 12, "n_four_state_classified": 6, "n_unclassified": 6, "fraction_classifiable": 0.5, "n_public_site_coordinates": 12, "n_source_climate_complete": 12, "n_source_soil_complete": 0, "n_source_all_abiotic_complete": 0, "n_colour_classified_and_full_abiotic": 0, "count_white": 3, "fraction_white_given_classified": 0.5, "count_yellow_orange": 1, "fraction_yellow_orange_given_classified": 0.16666666666666666, "count_red_pink": 2, "fraction_red_pink_given_classified": 0.3333333333333333, "count_blue_purple": 0, "fraction_blue_purple_given_classified": 0.0, "median_real_photo_wc_bio1": 23.951026916503903, "n_real_photo_wc_bio1": 12, "median_real_photo_wc_bio5": 29.057043075561523, "n_real_photo_wc_bio5": 12, "median_real_photo_wc_bio12": 1125.0, "n_real_photo_wc_bio12": 12, "median_real_photo_wc_bio15": 47.276763916015625, "n_real_photo_wc_bio15": 12, "median_real_photo_wc_elevation_m": 114.0, "n_real_photo_wc_elevation_m": 12, "n_real_photo_soil_pH": 0, "n_real_photo_soil_SOC": 0, "n_real_photo_soil_N": 0, "n_real_photo_soil_clay": 0, "n_real_photo_soil_available_water_proxy": 0}, "geometry": {"type": "Polygon", "coordinates": [[[60, -33.74898859588859], [80, -33.74898859588859], [80, -19.471220634490695], [60, -19.471220634490695], [60, -33.74898859588859]]]}}, {"type": "Feature", "id": 49, "properties": {"cell_id": 49, "display_only_cell_centroid_lat": -26.387799961242997, "display_only_cell_centroid_lon": 90, "display_only_cell_latitude_low": -33.74898859588859, "display_only_cell_latitude_high": -19.471220634490695, "display_only_cell_lon_low": 80, "display_only_cell_lon_high": 100, "source_taxon_cell_rows": 0, "n_unique_taxa": 0, "n_four_state_classified": 0, "n_unclassified": 0, "fraction_classifiable": null, "n_public_site_coordinates": 0, "n_source_climate_complete": 0, "n_source_soil_complete": 0, "n_source_all_abiotic_complete": 0, "n_colour_classified_and_full_abiotic": 0, "count_white": 0, "fraction_white_given_classified": null, "count_yellow_orange": 0, "fraction_yellow_orange_given_classified": null, "count_red_pink": 0, "fraction_red_pink_given_classified": null, "count_blue_purple": 0, "fraction_blue_purple_given_classified": null, "n_real_photo_wc_bio1": 0, "n_real_photo_wc_bio5": 0, "n_real_photo_wc_bio12": 0, "n_real_photo_wc_bio15": 0, "n_real_photo_wc_elevation_m": 0, "n_real_photo_soil_pH": 0, "n_real_photo_soil_SOC": 0, "n_real_photo_soil_N": 0, "n_real_photo_soil_clay": 0, "n_real_photo_soil_available_water_proxy": 0}, "geometry": {"type": "Polygon", "coordinates": [[[80, -33.74898859588859], [100, -33.74898859588859], [100, -19.471220634490695], [80, -19.471220634490695], [80, -33.74898859588859]]]}}, {"type": "Feature", "id": 50, "properties": {"cell_id": 50, "display_only_cell_centroid_lat": -26.387799961242997, "display_only_cell_centroid_lon": 110, "display_only_cell_latitude_low": -33.74898859588859, "display_only_cell_latitude_high": -19.471220634490695, "display_only_cell_lon_low": 100, "display_only_cell_lon_high": 120, "source_taxon_cell_rows": 1401, "n_unique_taxa": 1401, "n_four_state_classified": 653, "n_unclassified": 748, "fraction_classifiable": 0.4660956459671663, "n_public_site_coordinates": 1397, "n_source_climate_complete": 1397, "n_source_soil_complete": 961, "n_source_all_abiotic_complete": 961, "n_colour_classified_and_full_abiotic": 451, "count_white": 271, "fraction_white_given_classified": 0.41500765696784075, "count_yellow_orange": 239, "fraction_yellow_orange_given_classified": 0.3660030627871363, "count_red_pink": 78, "fraction_red_pink_given_classified": 0.11944869831546708, "count_blue_purple": 65, "fraction_blue_purple_given_classified": 0.0995405819295559, "median_real_photo_wc_bio1": 18.32634735107422, "n_real_photo_wc_bio1": 1397, "median_real_photo_wc_bio5": 31.813499450683597, "n_real_photo_wc_bio5": 1397, "median_real_photo_wc_bio12": 628.0, "n_real_photo_wc_bio12": 1397, "median_real_photo_wc_bio15": 82.36897277832031, "n_real_photo_wc_bio15": 1397, "median_real_photo_wc_elevation_m": 174.0, "n_real_photo_wc_elevation_m": 1397, "median_real_photo_soil_pH": 6.3, "n_real_photo_soil_pH": 1041, "median_real_photo_soil_SOC": 20.916666666666664, "n_real_photo_soil_SOC": 1064, "median_real_photo_soil_N": 0.9566666666666668, "n_real_photo_soil_N": 1041, "median_real_photo_soil_clay": 14.516666666666666, "n_real_photo_soil_clay": 1041, "median_real_photo_soil_available_water_proxy": 17.950000000000003, "n_real_photo_soil_available_water_proxy": 1041}, "geometry": {"type": "Polygon", "coordinates": [[[100, -33.74898859588859], [120, -33.74898859588859], [120, -19.471220634490695], [100, -19.471220634490695], [100, -33.74898859588859]]]}}, {"type": "Feature", "id": 51, "properties": {"cell_id": 51, "display_only_cell_centroid_lat": -26.387799961242997, "display_only_cell_centroid_lon": 130, "display_only_cell_latitude_low": -33.74898859588859, "display_only_cell_latitude_high": -19.471220634490695, "display_only_cell_lon_low": 120, "display_only_cell_lon_high": 140, "source_taxon_cell_rows": 1087, "n_unique_taxa": 1087, "n_four_state_classified": 503, "n_unclassified": 584, "fraction_classifiable": 0.46274149034038636, "n_public_site_coordinates": 1083, "n_source_climate_complete": 1083, "n_source_soil_complete": 1040, "n_source_all_abiotic_complete": 1040, "n_colour_classified_and_full_abiotic": 482, "count_white": 177, "fraction_white_given_classified": 0.3518886679920477, "count_yellow_orange": 203, "fraction_yellow_orange_given_classified": 0.40357852882703776, "count_red_pink": 60, "fraction_red_pink_given_classified": 0.11928429423459244, "count_blue_purple": 63, "fraction_blue_purple_given_classified": 0.12524850894632206, "median_real_photo_wc_bio1": 17.6035099029541, "n_real_photo_wc_bio1": 1083, "median_real_photo_wc_bio5": 32.00699996948242, "n_real_photo_wc_bio5": 1083, "median_real_photo_wc_bio12": 323.0, "n_real_photo_wc_bio12": 1083, "median_real_photo_wc_bio15": 36.78701019287109, "n_real_photo_wc_bio15": 1083, "median_real_photo_wc_elevation_m": 301.0, "n_real_photo_wc_elevation_m": 1083, "median_real_photo_soil_pH": 7.45, "n_real_photo_soil_pH": 1056, "median_real_photo_soil_SOC": 16.65, "n_real_photo_soil_SOC": 1048, "median_real_photo_soil_N": 0.685, "n_real_photo_soil_N": 1056, "median_real_photo_soil_clay": 23.633333333333333, "n_real_photo_soil_clay": 1056, "median_real_photo_soil_available_water_proxy": 13.933333333333334, "n_real_photo_soil_available_water_proxy": 1055}, "geometry": {"type": "Polygon", "coordinates": [[[120, -33.74898859588859], [140, -33.74898859588859], [140, -19.471220634490695], [120, -19.471220634490695], [120, -33.74898859588859]]]}}, {"type": "Feature", "id": 52, "properties": {"cell_id": 52, "display_only_cell_centroid_lat": -26.387799961242997, "display_only_cell_centroid_lon": 150, "display_only_cell_latitude_low": -33.74898859588859, "display_only_cell_latitude_high": -19.471220634490695, "display_only_cell_lon_low": 140, "display_only_cell_lon_high": 160, "source_taxon_cell_rows": 1510, "n_unique_taxa": 1510, "n_four_state_classified": 657, "n_unclassified": 853, "fraction_classifiable": 0.43509933774834436, "n_public_site_coordinates": 1510, "n_source_climate_complete": 1507, "n_source_soil_complete": 1137, "n_source_all_abiotic_complete": 1137, "n_colour_classified_and_full_abiotic": 498, "count_white": 312, "fraction_white_given_classified": 0.4748858447488584, "count_yellow_orange": 223, "fraction_yellow_orange_given_classified": 0.3394216133942161, "count_red_pink": 57, "fraction_red_pink_given_classified": 0.0867579908675799, "count_blue_purple": 65, "fraction_blue_purple_given_classified": 0.0989345509893455, "median_real_photo_wc_bio1": 18.09166717529297, "n_real_photo_wc_bio1": 1507, "median_real_photo_wc_bio5": 27.370500564575195, "n_real_photo_wc_bio5": 1507, "median_real_photo_wc_bio12": 1125.0, "n_real_photo_wc_bio12": 1507, "median_real_photo_wc_bio15": 37.98807144165039, "n_real_photo_wc_bio15": 1507, "median_real_photo_wc_elevation_m": 152.0, "n_real_photo_wc_elevation_m": 1507, "median_real_photo_soil_pH": 5.483333333333333, "n_real_photo_soil_pH": 1269, "median_real_photo_soil_SOC": 28.366666666666667, "n_real_photo_soil_SOC": 1254, "median_real_photo_soil_N": 1.8083333333333331, "n_real_photo_soil_N": 1249, "median_real_photo_soil_clay": 23.083333333333336, "n_real_photo_soil_clay": 1269, "median_real_photo_soil_available_water_proxy": 16.15, "n_real_photo_soil_available_water_proxy": 1269}, "geometry": {"type": "Polygon", "coordinates": [[[140, -33.74898859588859], [160, -33.74898859588859], [160, -19.471220634490695], [140, -19.471220634490695], [140, -33.74898859588859]]]}}, {"type": "Feature", "id": 53, "properties": {"cell_id": 53, "display_only_cell_centroid_lat": -26.387799961242997, "display_only_cell_centroid_lon": 170, "display_only_cell_latitude_low": -33.74898859588859, "display_only_cell_latitude_high": -19.471220634490695, "display_only_cell_lon_low": 160, "display_only_cell_lon_high": 180, "source_taxon_cell_rows": 582, "n_unique_taxa": 582, "n_four_state_classified": 197, "n_unclassified": 385, "fraction_classifiable": 0.3384879725085911, "n_public_site_coordinates": 582, "n_source_climate_complete": 568, "n_source_soil_complete": 401, "n_source_all_abiotic_complete": 401, "n_colour_classified_and_full_abiotic": 132, "count_white": 99, "fraction_white_given_classified": 0.5025380710659898, "count_yellow_orange": 75, "fraction_yellow_orange_given_classified": 0.38071065989847713, "count_red_pink": 18, "fraction_red_pink_given_classified": 0.09137055837563451, "count_blue_purple": 5, "fraction_blue_purple_given_classified": 0.025380710659898477, "median_real_photo_wc_bio1": 21.794103622436523, "n_real_photo_wc_bio1": 568, "median_real_photo_wc_bio5": 28.46875, "n_real_photo_wc_bio5": 568, "median_real_photo_wc_bio12": 1769.0, "n_real_photo_wc_bio12": 568, "median_real_photo_wc_bio15": 41.230712890625, "n_real_photo_wc_bio15": 568, "median_real_photo_wc_elevation_m": 214.0, "n_real_photo_wc_elevation_m": 568, "median_real_photo_soil_pH": 5.3, "n_real_photo_soil_pH": 424, "median_real_photo_soil_SOC": 38.19166666666666, "n_real_photo_soil_SOC": 448, "median_real_photo_soil_N": 2.053333333333333, "n_real_photo_soil_N": 469, "median_real_photo_soil_clay": 33.5, "n_real_photo_soil_clay": 424, "median_real_photo_soil_available_water_proxy": 14.099999999999998, "n_real_photo_soil_available_water_proxy": 424}, "geometry": {"type": "Polygon", "coordinates": [[[160, -33.74898859588859], [180, -33.74898859588859], [180, -19.471220634490695], [160, -19.471220634490695], [160, -33.74898859588859]]]}}, {"type": "Feature", "id": 54, "properties": {"cell_id": 54, "display_only_cell_centroid_lat": -12.839588406904149, "display_only_cell_centroid_lon": -170, "display_only_cell_latitude_low": -19.471220634490695, "display_only_cell_latitude_high": -6.379370208442807, "display_only_cell_lon_low": -180, "display_only_cell_lon_high": -160, "source_taxon_cell_rows": 72, "n_unique_taxa": 72, "n_four_state_classified": 29, "n_unclassified": 43, "fraction_classifiable": 0.4027777777777778, "n_public_site_coordinates": 72, "n_source_climate_complete": 70, "n_source_soil_complete": 31, "n_source_all_abiotic_complete": 31, "n_colour_classified_and_full_abiotic": 15, "count_white": 19, "fraction_white_given_classified": 0.6551724137931034, "count_yellow_orange": 5, "fraction_yellow_orange_given_classified": 0.1724137931034483, "count_red_pink": 2, "fraction_red_pink_given_classified": 0.06896551724137931, "count_blue_purple": 3, "fraction_blue_purple_given_classified": 0.10344827586206896, "median_real_photo_wc_bio1": 24.80789566040039, "n_real_photo_wc_bio1": 70, "median_real_photo_wc_bio5": 29.53773498535156, "n_real_photo_wc_bio5": 70, "median_real_photo_wc_bio12": 3000.0, "n_real_photo_wc_bio12": 70, "median_real_photo_wc_bio15": 32.28079032897949, "n_real_photo_wc_bio15": 70, "median_real_photo_wc_elevation_m": 165.0, "n_real_photo_wc_elevation_m": 70, "median_real_photo_soil_pH": 5.366666666666666, "n_real_photo_soil_pH": 42, "median_real_photo_soil_SOC": 67.7, "n_real_photo_soil_SOC": 42, "median_real_photo_soil_N": 3.481666666666667, "n_real_photo_soil_N": 37, "median_real_photo_soil_clay": 37.71666666666667, "n_real_photo_soil_clay": 42, "median_real_photo_soil_available_water_proxy": 11.966666666666663, "n_real_photo_soil_available_water_proxy": 42}, "geometry": {"type": "Polygon", "coordinates": [[[-180, -19.471220634490695], [-160, -19.471220634490695], [-160, -6.379370208442807], [-180, -6.379370208442807], [-180, -19.471220634490695]]]}}, {"type": "Feature", "id": 55, "properties": {"cell_id": 55, "display_only_cell_centroid_lat": -12.839588406904149, "display_only_cell_centroid_lon": -150, "display_only_cell_latitude_low": -19.471220634490695, "display_only_cell_latitude_high": -6.379370208442807, "display_only_cell_lon_low": -160, "display_only_cell_lon_high": -140, "source_taxon_cell_rows": 74, "n_unique_taxa": 74, "n_four_state_classified": 27, "n_unclassified": 47, "fraction_classifiable": 0.36486486486486486, "n_public_site_coordinates": 74, "n_source_climate_complete": 73, "n_source_soil_complete": 23, "n_source_all_abiotic_complete": 23, "n_colour_classified_and_full_abiotic": 7, "count_white": 17, "fraction_white_given_classified": 0.6296296296296297, "count_yellow_orange": 3, "fraction_yellow_orange_given_classified": 0.1111111111111111, "count_red_pink": 4, "fraction_red_pink_given_classified": 0.14814814814814814, "count_blue_purple": 3, "fraction_blue_purple_given_classified": 0.1111111111111111, "median_real_photo_wc_bio1": 23.9810848236084, "n_real_photo_wc_bio1": 73, "median_real_photo_wc_bio5": 28.923809051513672, "n_real_photo_wc_bio5": 73, "median_real_photo_wc_bio12": 1827.0, "n_real_photo_wc_bio12": 73, "median_real_photo_wc_bio15": 34.57878112792969, "n_real_photo_wc_bio15": 73, "median_real_photo_wc_elevation_m": 214.0, "n_real_photo_wc_elevation_m": 73, "median_real_photo_soil_pH": 5.6, "n_real_photo_soil_pH": 29, "median_real_photo_soil_SOC": 44.31666666666667, "n_real_photo_soil_SOC": 30, "median_real_photo_soil_N": 3.578333333333333, "n_real_photo_soil_N": 35, "median_real_photo_soil_clay": 30.4, "n_real_photo_soil_clay": 29, "median_real_photo_soil_available_water_proxy": 14.083333333333332, "n_real_photo_soil_available_water_proxy": 29}, "geometry": {"type": "Polygon", "coordinates": [[[-160, -19.471220634490695], [-140, -19.471220634490695], [-140, -6.379370208442807], [-160, -6.379370208442807], [-160, -19.471220634490695]]]}}, {"type": "Feature", "id": 56, "properties": {"cell_id": 56, "display_only_cell_centroid_lat": -12.839588406904149, "display_only_cell_centroid_lon": -130, "display_only_cell_latitude_low": -19.471220634490695, "display_only_cell_latitude_high": -6.379370208442807, "display_only_cell_lon_low": -140, "display_only_cell_lon_high": -120, "source_taxon_cell_rows": 9, "n_unique_taxa": 9, "n_four_state_classified": 5, "n_unclassified": 4, "fraction_classifiable": 0.5555555555555556, "n_public_site_coordinates": 9, "n_source_climate_complete": 8, "n_source_soil_complete": 0, "n_source_all_abiotic_complete": 0, "n_colour_classified_and_full_abiotic": 0, "count_white": 3, "fraction_white_given_classified": 0.6, "count_yellow_orange": 0, "fraction_yellow_orange_given_classified": 0.0, "count_red_pink": 1, "fraction_red_pink_given_classified": 0.2, "count_blue_purple": 1, "fraction_blue_purple_given_classified": 0.2, "median_real_photo_wc_bio1": 25.42346572875977, "n_real_photo_wc_bio1": 8, "median_real_photo_wc_bio5": 29.636842727661133, "n_real_photo_wc_bio5": 8, "median_real_photo_wc_bio12": 1533.0, "n_real_photo_wc_bio12": 8, "median_real_photo_wc_bio15": 17.19655418395996, "n_real_photo_wc_bio15": 8, "median_real_photo_wc_elevation_m": 245.0, "n_real_photo_wc_elevation_m": 8, "median_real_photo_soil_pH": 5.7, "n_real_photo_soil_pH": 6, "n_real_photo_soil_SOC": 0, "median_real_photo_soil_N": 5.245, "n_real_photo_soil_N": 7, "median_real_photo_soil_clay": 44.06666666666667, "n_real_photo_soil_clay": 6, "median_real_photo_soil_available_water_proxy": 8.133333333333333, "n_real_photo_soil_available_water_proxy": 6}, "geometry": {"type": "Polygon", "coordinates": [[[-140, -19.471220634490695], [-120, -19.471220634490695], [-120, -6.379370208442807], [-140, -6.379370208442807], [-140, -19.471220634490695]]]}}, {"type": "Feature", "id": 57, "properties": {"cell_id": 57, "display_only_cell_centroid_lat": -12.839588406904149, "display_only_cell_centroid_lon": -110, "display_only_cell_latitude_low": -19.471220634490695, "display_only_cell_latitude_high": -6.379370208442807, "display_only_cell_lon_low": -120, "display_only_cell_lon_high": -100, "source_taxon_cell_rows": 0, "n_unique_taxa": 0, "n_four_state_classified": 0, "n_unclassified": 0, "fraction_classifiable": null, "n_public_site_coordinates": 0, "n_source_climate_complete": 0, "n_source_soil_complete": 0, "n_source_all_abiotic_complete": 0, "n_colour_classified_and_full_abiotic": 0, "count_white": 0, "fraction_white_given_classified": null, "count_yellow_orange": 0, "fraction_yellow_orange_given_classified": null, "count_red_pink": 0, "fraction_red_pink_given_classified": null, "count_blue_purple": 0, "fraction_blue_purple_given_classified": null, "n_real_photo_wc_bio1": 0, "n_real_photo_wc_bio5": 0, "n_real_photo_wc_bio12": 0, "n_real_photo_wc_bio15": 0, "n_real_photo_wc_elevation_m": 0, "n_real_photo_soil_pH": 0, "n_real_photo_soil_SOC": 0, "n_real_photo_soil_N": 0, "n_real_photo_soil_clay": 0, "n_real_photo_soil_available_water_proxy": 0}, "geometry": {"type": "Polygon", "coordinates": [[[-120, -19.471220634490695], [-100, -19.471220634490695], [-100, -6.379370208442807], [-120, -6.379370208442807], [-120, -19.471220634490695]]]}}, {"type": "Feature", "id": 58, "properties": {"cell_id": 58, "display_only_cell_centroid_lat": -12.839588406904149, "display_only_cell_centroid_lon": -90, "display_only_cell_latitude_low": -19.471220634490695, "display_only_cell_latitude_high": -6.379370208442807, "display_only_cell_lon_low": -100, "display_only_cell_lon_high": -80, "source_taxon_cell_rows": 0, "n_unique_taxa": 0, "n_four_state_classified": 0, "n_unclassified": 0, "fraction_classifiable": null, "n_public_site_coordinates": 0, "n_source_climate_complete": 0, "n_source_soil_complete": 0, "n_source_all_abiotic_complete": 0, "n_colour_classified_and_full_abiotic": 0, "count_white": 0, "fraction_white_given_classified": null, "count_yellow_orange": 0, "fraction_yellow_orange_given_classified": null, "count_red_pink": 0, "fraction_red_pink_given_classified": null, "count_blue_purple": 0, "fraction_blue_purple_given_classified": null, "n_real_photo_wc_bio1": 0, "n_real_photo_wc_bio5": 0, "n_real_photo_wc_bio12": 0, "n_real_photo_wc_bio15": 0, "n_real_photo_wc_elevation_m": 0, "n_real_photo_soil_pH": 0, "n_real_photo_soil_SOC": 0, "n_real_photo_soil_N": 0, "n_real_photo_soil_clay": 0, "n_real_photo_soil_available_water_proxy": 0}, "geometry": {"type": "Polygon", "coordinates": [[[-100, -19.471220634490695], [-80, -19.471220634490695], [-80, -6.379370208442807], [-100, -6.379370208442807], [-100, -19.471220634490695]]]}}, {"type": "Feature", "id": 59, "properties": {"cell_id": 59, "display_only_cell_centroid_lat": -12.839588406904149, "display_only_cell_centroid_lon": -70, "display_only_cell_latitude_low": -19.471220634490695, "display_only_cell_latitude_high": -6.379370208442807, "display_only_cell_lon_low": -80, "display_only_cell_lon_high": -60, "source_taxon_cell_rows": 1547, "n_unique_taxa": 1547, "n_four_state_classified": 690, "n_unclassified": 857, "fraction_classifiable": 0.4460245636716225, "n_public_site_coordinates": 1547, "n_source_climate_complete": 1547, "n_source_soil_complete": 1265, "n_source_all_abiotic_complete": 1265, "n_colour_classified_and_full_abiotic": 539, "count_white": 312, "fraction_white_given_classified": 0.45217391304347826, "count_yellow_orange": 231, "fraction_yellow_orange_given_classified": 0.3347826086956522, "count_red_pink": 108, "fraction_red_pink_given_classified": 0.1565217391304348, "count_blue_purple": 39, "fraction_blue_purple_given_classified": 0.05652173913043478, "median_real_photo_wc_bio1": 16.622634887695312, "n_real_photo_wc_bio1": 1547, "median_real_photo_wc_bio5": 24.362749099731445, "n_real_photo_wc_bio5": 1547, "median_real_photo_wc_bio12": 892.0, "n_real_photo_wc_bio12": 1547, "median_real_photo_wc_bio15": 66.01437377929688, "n_real_photo_wc_bio15": 1547, "median_real_photo_wc_elevation_m": 2390.0, "n_real_photo_wc_elevation_m": 1547, "median_real_photo_soil_pH": 6.0, "n_real_photo_soil_pH": 1358, "median_real_photo_soil_SOC": 28.058333333333334, "n_real_photo_soil_SOC": 1350, "median_real_photo_soil_N": 2.2533333333333334, "n_real_photo_soil_N": 1332, "median_real_photo_soil_clay": 27.841666666666665, "n_real_photo_soil_clay": 1358, "median_real_photo_soil_available_water_proxy": 15.741666666666669, "n_real_photo_soil_available_water_proxy": 1358}, "geometry": {"type": "Polygon", "coordinates": [[[-80, -19.471220634490695], [-60, -19.471220634490695], [-60, -6.379370208442807], [-80, -6.379370208442807], [-80, -19.471220634490695]]]}}, {"type": "Feature", "id": 60, "properties": {"cell_id": 60, "display_only_cell_centroid_lat": -12.839588406904149, "display_only_cell_centroid_lon": -50, "display_only_cell_latitude_low": -19.471220634490695, "display_only_cell_latitude_high": -6.379370208442807, "display_only_cell_lon_low": -60, "display_only_cell_lon_high": -40, "source_taxon_cell_rows": 1525, "n_unique_taxa": 1525, "n_four_state_classified": 602, "n_unclassified": 923, "fraction_classifiable": 0.3947540983606557, "n_public_site_coordinates": 1524, "n_source_climate_complete": 1524, "n_source_soil_complete": 1264, "n_source_all_abiotic_complete": 1264, "n_colour_classified_and_full_abiotic": 516, "count_white": 245, "fraction_white_given_classified": 0.4069767441860465, "count_yellow_orange": 210, "fraction_yellow_orange_given_classified": 0.3488372093023256, "count_red_pink": 92, "fraction_red_pink_given_classified": 0.15282392026578073, "count_blue_purple": 55, "fraction_blue_purple_given_classified": 0.09136212624584718, "median_real_photo_wc_bio1": 21.945083618164062, "n_real_photo_wc_bio1": 1524, "median_real_photo_wc_bio5": 29.371000289916992, "n_real_photo_wc_bio5": 1524, "median_real_photo_wc_bio12": 1406.0, "n_real_photo_wc_bio12": 1524, "median_real_photo_wc_bio15": 77.60143280029297, "n_real_photo_wc_bio15": 1524, "median_real_photo_wc_elevation_m": 789.0, "n_real_photo_wc_elevation_m": 1524, "median_real_photo_soil_pH": 5.316666666666666, "n_real_photo_soil_pH": 1401, "median_real_photo_soil_SOC": 18.316666666666663, "n_real_photo_soil_SOC": 1329, "median_real_photo_soil_N": 1.4433333333333334, "n_real_photo_soil_N": 1358, "median_real_photo_soil_clay": 32.7, "n_real_photo_soil_clay": 1401, "median_real_photo_soil_available_water_proxy": 14.8, "n_real_photo_soil_available_water_proxy": 1401}, "geometry": {"type": "Polygon", "coordinates": [[[-60, -19.471220634490695], [-40, -19.471220634490695], [-40, -6.379370208442807], [-60, -6.379370208442807], [-60, -19.471220634490695]]]}}, {"type": "Feature", "id": 61, "properties": {"cell_id": 61, "display_only_cell_centroid_lat": -12.839588406904149, "display_only_cell_centroid_lon": -30, "display_only_cell_latitude_low": -19.471220634490695, "display_only_cell_latitude_high": -6.379370208442807, "display_only_cell_lon_low": -40, "display_only_cell_lon_high": -20, "source_taxon_cell_rows": 1250, "n_unique_taxa": 1250, "n_four_state_classified": 490, "n_unclassified": 760, "fraction_classifiable": 0.392, "n_public_site_coordinates": 1243, "n_source_climate_complete": 1243, "n_source_soil_complete": 1011, "n_source_all_abiotic_complete": 1011, "n_colour_classified_and_full_abiotic": 380, "count_white": 205, "fraction_white_given_classified": 0.41836734693877553, "count_yellow_orange": 198, "fraction_yellow_orange_given_classified": 0.40408163265306124, "count_red_pink": 56, "fraction_red_pink_given_classified": 0.11428571428571428, "count_blue_purple": 31, "fraction_blue_purple_given_classified": 0.06326530612244897, "median_real_photo_wc_bio1": 24.10647964477539, "n_real_photo_wc_bio1": 1243, "median_real_photo_wc_bio5": 30.21827507019043, "n_real_photo_wc_bio5": 1243, "median_real_photo_wc_bio12": 1000.0, "n_real_photo_wc_bio12": 1243, "median_real_photo_wc_bio15": 64.67071533203125, "n_real_photo_wc_bio15": 1243, "median_real_photo_wc_elevation_m": 271.0, "n_real_photo_wc_elevation_m": 1243, "median_real_photo_soil_pH": 5.9, "n_real_photo_soil_pH": 1096, "median_real_photo_soil_SOC": 15.316666666666666, "n_real_photo_soil_SOC": 1155, "median_real_photo_soil_N": 1.2566666666666668, "n_real_photo_soil_N": 1144, "median_real_photo_soil_clay": 26.08333333333333, "n_real_photo_soil_clay": 1096, "median_real_photo_soil_available_water_proxy": 17.666666666666664, "n_real_photo_soil_available_water_proxy": 1096}, "geometry": {"type": "Polygon", "coordinates": [[[-40, -19.471220634490695], [-20, -19.471220634490695], [-20, -6.379370208442807], [-40, -6.379370208442807], [-40, -19.471220634490695]]]}}, {"type": "Feature", "id": 62, "properties": {"cell_id": 62, "display_only_cell_centroid_lat": -12.839588406904149, "display_only_cell_centroid_lon": -10, "display_only_cell_latitude_low": -19.471220634490695, "display_only_cell_latitude_high": -6.379370208442807, "display_only_cell_lon_low": -20, "display_only_cell_lon_high": 0, "source_taxon_cell_rows": 16, "n_unique_taxa": 16, "n_four_state_classified": 12, "n_unclassified": 4, "fraction_classifiable": 0.75, "n_public_site_coordinates": 16, "n_source_climate_complete": 1, "n_source_soil_complete": 1, "n_source_all_abiotic_complete": 1, "n_colour_classified_and_full_abiotic": 1, "count_white": 6, "fraction_white_given_classified": 0.5, "count_yellow_orange": 3, "fraction_yellow_orange_given_classified": 0.25, "count_red_pink": 1, "fraction_red_pink_given_classified": 0.08333333333333333, "count_blue_purple": 2, "fraction_blue_purple_given_classified": 0.16666666666666666, "median_real_photo_wc_bio1": 20.457475662231445, "n_real_photo_wc_bio1": 1, "median_real_photo_wc_bio5": 25.53529357910156, "n_real_photo_wc_bio5": 1, "median_real_photo_wc_bio12": 187.0, "n_real_photo_wc_bio12": 1, "median_real_photo_wc_bio15": 51.58308029174805, "n_real_photo_wc_bio15": 1, "median_real_photo_wc_elevation_m": 156.0, "n_real_photo_wc_elevation_m": 1, "median_real_photo_soil_pH": 7.883333333333333, "n_real_photo_soil_pH": 1, "median_real_photo_soil_SOC": 28.46666666666667, "n_real_photo_soil_SOC": 1, "median_real_photo_soil_N": 2.605, "n_real_photo_soil_N": 1, "median_real_photo_soil_clay": 26.08333333333333, "n_real_photo_soil_clay": 1, "median_real_photo_soil_available_water_proxy": 15.933333333333332, "n_real_photo_soil_available_water_proxy": 1}, "geometry": {"type": "Polygon", "coordinates": [[[-20, -19.471220634490695], [0, -19.471220634490695], [0, -6.379370208442807], [-20, -6.379370208442807], [-20, -19.471220634490695]]]}}, {"type": "Feature", "id": 63, "properties": {"cell_id": 63, "display_only_cell_centroid_lat": -12.839588406904149, "display_only_cell_centroid_lon": 10, "display_only_cell_latitude_low": -19.471220634490695, "display_only_cell_latitude_high": -6.379370208442807, "display_only_cell_lon_low": 0, "display_only_cell_lon_high": 20, "source_taxon_cell_rows": 282, "n_unique_taxa": 282, "n_four_state_classified": 132, "n_unclassified": 150, "fraction_classifiable": 0.46808510638297873, "n_public_site_coordinates": 281, "n_source_climate_complete": 281, "n_source_soil_complete": 261, "n_source_all_abiotic_complete": 261, "n_colour_classified_and_full_abiotic": 120, "count_white": 57, "fraction_white_given_classified": 0.4318181818181818, "count_yellow_orange": 41, "fraction_yellow_orange_given_classified": 0.3106060606060606, "count_red_pink": 23, "fraction_red_pink_given_classified": 0.17424242424242425, "count_blue_purple": 11, "fraction_blue_purple_given_classified": 0.08333333333333333, "median_real_photo_wc_bio1": 19.78791618347168, "n_real_photo_wc_bio1": 281, "median_real_photo_wc_bio5": 29.769250869750977, "n_real_photo_wc_bio5": 281, "median_real_photo_wc_bio12": 1115.0, "n_real_photo_wc_bio12": 281, "median_real_photo_wc_bio15": 96.62952423095705, "n_real_photo_wc_bio15": 281, "median_real_photo_wc_elevation_m": 1386.0, "n_real_photo_wc_elevation_m": 281, "median_real_photo_soil_pH": 5.583333333333333, "n_real_photo_soil_pH": 264, "median_real_photo_soil_SOC": 9.783333333333331, "n_real_photo_soil_SOC": 263, "median_real_photo_soil_N": 0.6975, "n_real_photo_soil_N": 264, "median_real_photo_soil_clay": 18.991666666666667, "n_real_photo_soil_clay": 264, "median_real_photo_soil_available_water_proxy": 17.15, "n_real_photo_soil_available_water_proxy": 264}, "geometry": {"type": "Polygon", "coordinates": [[[0, -19.471220634490695], [20, -19.471220634490695], [20, -6.379370208442807], [0, -6.379370208442807], [0, -19.471220634490695]]]}}, {"type": "Feature", "id": 64, "properties": {"cell_id": 64, "display_only_cell_centroid_lat": -12.839588406904149, "display_only_cell_centroid_lon": 30, "display_only_cell_latitude_low": -19.471220634490695, "display_only_cell_latitude_high": -6.379370208442807, "display_only_cell_lon_low": 20, "display_only_cell_lon_high": 40, "source_taxon_cell_rows": 1545, "n_unique_taxa": 1545, "n_four_state_classified": 614, "n_unclassified": 931, "fraction_classifiable": 0.39741100323624595, "n_public_site_coordinates": 1543, "n_source_climate_complete": 1543, "n_source_soil_complete": 1208, "n_source_all_abiotic_complete": 1208, "n_colour_classified_and_full_abiotic": 478, "count_white": 222, "fraction_white_given_classified": 0.36156351791530944, "count_yellow_orange": 253, "fraction_yellow_orange_given_classified": 0.41205211726384366, "count_red_pink": 71, "fraction_red_pink_given_classified": 0.11563517915309446, "count_blue_purple": 68, "fraction_blue_purple_given_classified": 0.11074918566775244, "median_real_photo_wc_bio1": 19.21470832824707, "n_real_photo_wc_bio1": 1543, "median_real_photo_wc_bio5": 28.783248901367188, "n_real_photo_wc_bio5": 1543, "median_real_photo_wc_bio12": 907.0, "n_real_photo_wc_bio12": 1543, "median_real_photo_wc_bio15": 106.36750793457033, "n_real_photo_wc_bio15": 1543, "median_real_photo_wc_elevation_m": 1239.0, "n_real_photo_wc_elevation_m": 1543, "median_real_photo_soil_pH": 5.9, "n_real_photo_soil_pH": 1337, "median_real_photo_soil_SOC": 12.825, "n_real_photo_soil_SOC": 1332, "median_real_photo_soil_N": 0.9866666666666668, "n_real_photo_soil_N": 1421, "median_real_photo_soil_clay": 27.95, "n_real_photo_soil_clay": 1337, "median_real_photo_soil_available_water_proxy": 12.666666666666668, "n_real_photo_soil_available_water_proxy": 1335}, "geometry": {"type": "Polygon", "coordinates": [[[20, -19.471220634490695], [40, -19.471220634490695], [40, -6.379370208442807], [20, -6.379370208442807], [20, -19.471220634490695]]]}}, {"type": "Feature", "id": 65, "properties": {"cell_id": 65, "display_only_cell_centroid_lat": -12.839588406904149, "display_only_cell_centroid_lon": 50, "display_only_cell_latitude_low": -19.471220634490695, "display_only_cell_latitude_high": -6.379370208442807, "display_only_cell_lon_low": 40, "display_only_cell_lon_high": 60, "source_taxon_cell_rows": 643, "n_unique_taxa": 643, "n_four_state_classified": 258, "n_unclassified": 385, "fraction_classifiable": 0.401244167962675, "n_public_site_coordinates": 643, "n_source_climate_complete": 643, "n_source_soil_complete": 465, "n_source_all_abiotic_complete": 465, "n_colour_classified_and_full_abiotic": 186, "count_white": 122, "fraction_white_given_classified": 0.4728682170542636, "count_yellow_orange": 85, "fraction_yellow_orange_given_classified": 0.32945736434108525, "count_red_pink": 39, "fraction_red_pink_given_classified": 0.1511627906976744, "count_blue_purple": 12, "fraction_blue_purple_given_classified": 0.046511627906976744, "median_real_photo_wc_bio1": 25.49312400817871, "n_real_photo_wc_bio1": 643, "median_real_photo_wc_bio5": 31.04606819152832, "n_real_photo_wc_bio5": 643, "median_real_photo_wc_bio12": 1481.0, "n_real_photo_wc_bio12": 643, "median_real_photo_wc_bio15": 103.29817199707033, "n_real_photo_wc_bio15": 643, "median_real_photo_wc_elevation_m": 126.0, "n_real_photo_wc_elevation_m": 643, "median_real_photo_soil_pH": 5.9, "n_real_photo_soil_pH": 506, "median_real_photo_soil_SOC": 26.76666666666667, "n_real_photo_soil_SOC": 505, "median_real_photo_soil_N": 1.8975, "n_real_photo_soil_N": 516, "median_real_photo_soil_clay": 28.31666666666667, "n_real_photo_soil_clay": 506, "median_real_photo_soil_available_water_proxy": 15.699999999999996, "n_real_photo_soil_available_water_proxy": 506}, "geometry": {"type": "Polygon", "coordinates": [[[40, -19.471220634490695], [60, -19.471220634490695], [60, -6.379370208442807], [40, -6.379370208442807], [40, -19.471220634490695]]]}}, {"type": "Feature", "id": 66, "properties": {"cell_id": 66, "display_only_cell_centroid_lat": -12.839588406904149, "display_only_cell_centroid_lon": 70, "display_only_cell_latitude_low": -19.471220634490695, "display_only_cell_latitude_high": -6.379370208442807, "display_only_cell_lon_low": 60, "display_only_cell_lon_high": 80, "source_taxon_cell_rows": 62, "n_unique_taxa": 62, "n_four_state_classified": 29, "n_unclassified": 33, "fraction_classifiable": 0.46774193548387094, "n_public_site_coordinates": 62, "n_source_climate_complete": 62, "n_source_soil_complete": 0, "n_source_all_abiotic_complete": 0, "n_colour_classified_and_full_abiotic": 0, "count_white": 15, "fraction_white_given_classified": 0.5172413793103449, "count_yellow_orange": 12, "fraction_yellow_orange_given_classified": 0.41379310344827586, "count_red_pink": 1, "fraction_red_pink_given_classified": 0.034482758620689655, "count_blue_purple": 1, "fraction_blue_purple_given_classified": 0.034482758620689655, "median_real_photo_wc_bio1": 27.368576049804688, "n_real_photo_wc_bio1": 62, "median_real_photo_wc_bio5": 31.237499237060547, "n_real_photo_wc_bio5": 62, "median_real_photo_wc_bio12": 2573.0, "n_real_photo_wc_bio12": 62, "median_real_photo_wc_bio15": 28.07888603210449, "n_real_photo_wc_bio15": 62, "median_real_photo_wc_elevation_m": 5.0, "n_real_photo_wc_elevation_m": 62, "n_real_photo_soil_pH": 0, "n_real_photo_soil_SOC": 0, "n_real_photo_soil_N": 0, "n_real_photo_soil_clay": 0, "n_real_photo_soil_available_water_proxy": 0}, "geometry": {"type": "Polygon", "coordinates": [[[60, -19.471220634490695], [80, -19.471220634490695], [80, -6.379370208442807], [60, -6.379370208442807], [60, -19.471220634490695]]]}}, {"type": "Feature", "id": 67, "properties": {"cell_id": 67, "display_only_cell_centroid_lat": -12.839588406904149, "display_only_cell_centroid_lon": 90, "display_only_cell_latitude_low": -19.471220634490695, "display_only_cell_latitude_high": -6.379370208442807, "display_only_cell_lon_low": 80, "display_only_cell_lon_high": 100, "source_taxon_cell_rows": 17, "n_unique_taxa": 17, "n_four_state_classified": 6, "n_unclassified": 11, "fraction_classifiable": 0.35294117647058826, "n_public_site_coordinates": 17, "n_source_climate_complete": 17, "n_source_soil_complete": 0, "n_source_all_abiotic_complete": 0, "n_colour_classified_and_full_abiotic": 0, "count_white": 3, "fraction_white_given_classified": 0.5, "count_yellow_orange": 1, "fraction_yellow_orange_given_classified": 0.16666666666666666, "count_red_pink": 0, "fraction_red_pink_given_classified": 0.0, "count_blue_purple": 2, "fraction_blue_purple_given_classified": 0.3333333333333333, "median_real_photo_wc_bio1": 26.51083374023437, "n_real_photo_wc_bio1": 17, "median_real_photo_wc_bio5": 29.730770111083984, "n_real_photo_wc_bio5": 17, "median_real_photo_wc_bio12": 2020.0, "n_real_photo_wc_bio12": 17, "median_real_photo_wc_bio15": 35.8089714050293, "n_real_photo_wc_bio15": 17, "median_real_photo_wc_elevation_m": 5.0, "n_real_photo_wc_elevation_m": 17, "n_real_photo_soil_pH": 0, "n_real_photo_soil_SOC": 0, "n_real_photo_soil_N": 0, "n_real_photo_soil_clay": 0, "n_real_photo_soil_available_water_proxy": 0}, "geometry": {"type": "Polygon", "coordinates": [[[80, -19.471220634490695], [100, -19.471220634490695], [100, -6.379370208442807], [80, -6.379370208442807], [80, -19.471220634490695]]]}}, {"type": "Feature", "id": 68, "properties": {"cell_id": 68, "display_only_cell_centroid_lat": -12.839588406904149, "display_only_cell_centroid_lon": 110, "display_only_cell_latitude_low": -19.471220634490695, "display_only_cell_latitude_high": -6.379370208442807, "display_only_cell_lon_low": 100, "display_only_cell_lon_high": 120, "source_taxon_cell_rows": 383, "n_unique_taxa": 383, "n_four_state_classified": 159, "n_unclassified": 224, "fraction_classifiable": 0.4151436031331593, "n_public_site_coordinates": 380, "n_source_climate_complete": 380, "n_source_soil_complete": 209, "n_source_all_abiotic_complete": 209, "n_colour_classified_and_full_abiotic": 87, "count_white": 74, "fraction_white_given_classified": 0.46540880503144655, "count_yellow_orange": 43, "fraction_yellow_orange_given_classified": 0.27044025157232704, "count_red_pink": 31, "fraction_red_pink_given_classified": 0.1949685534591195, "count_blue_purple": 11, "fraction_blue_purple_given_classified": 0.06918238993710692, "median_real_photo_wc_bio1": 24.812864303588867, "n_real_photo_wc_bio1": 380, "median_real_photo_wc_bio5": 29.291793823242188, "n_real_photo_wc_bio5": 380, "median_real_photo_wc_bio12": 2302.5, "n_real_photo_wc_bio12": 380, "median_real_photo_wc_bio15": 64.1584358215332, "n_real_photo_wc_bio15": 380, "median_real_photo_wc_elevation_m": 215.0, "n_real_photo_wc_elevation_m": 380, "median_real_photo_soil_pH": 5.4, "n_real_photo_soil_pH": 258, "median_real_photo_soil_SOC": 47.016666666666666, "n_real_photo_soil_SOC": 267, "median_real_photo_soil_N": 2.4816666666666665, "n_real_photo_soil_N": 251, "median_real_photo_soil_clay": 34.175, "n_real_photo_soil_clay": 258, "median_real_photo_soil_available_water_proxy": 13.983333333333333, "n_real_photo_soil_available_water_proxy": 258}, "geometry": {"type": "Polygon", "coordinates": [[[100, -19.471220634490695], [120, -19.471220634490695], [120, -6.379370208442807], [100, -6.379370208442807], [100, -19.471220634490695]]]}}, {"type": "Feature", "id": 69, "properties": {"cell_id": 69, "display_only_cell_centroid_lat": -12.839588406904149, "display_only_cell_centroid_lon": 130, "display_only_cell_latitude_low": -19.471220634490695, "display_only_cell_latitude_high": -6.379370208442807, "display_only_cell_lon_low": 120, "display_only_cell_lon_high": 140, "source_taxon_cell_rows": 737, "n_unique_taxa": 737, "n_four_state_classified": 313, "n_unclassified": 424, "fraction_classifiable": 0.42469470827679784, "n_public_site_coordinates": 734, "n_source_climate_complete": 733, "n_source_soil_complete": 556, "n_source_all_abiotic_complete": 556, "n_colour_classified_and_full_abiotic": 247, "count_white": 141, "fraction_white_given_classified": 0.4504792332268371, "count_yellow_orange": 107, "fraction_yellow_orange_given_classified": 0.34185303514376997, "count_red_pink": 34, "fraction_red_pink_given_classified": 0.10862619808306709, "count_blue_purple": 31, "fraction_blue_purple_given_classified": 0.09904153354632587, "median_real_photo_wc_bio1": 27.27369880676269, "n_real_photo_wc_bio1": 733, "median_real_photo_wc_bio5": 35.57374954223633, "n_real_photo_wc_bio5": 733, "median_real_photo_wc_bio12": 1300.0, "n_real_photo_wc_bio12": 733, "median_real_photo_wc_bio15": 110.9789047241211, "n_real_photo_wc_bio15": 733, "median_real_photo_wc_elevation_m": 53.0, "n_real_photo_wc_elevation_m": 733, "median_real_photo_soil_pH": 6.35, "n_real_photo_soil_pH": 580, "median_real_photo_soil_SOC": 12.608333333333334, "n_real_photo_soil_SOC": 598, "median_real_photo_soil_N": 0.9466666666666668, "n_real_photo_soil_N": 597, "median_real_photo_soil_clay": 26.725, "n_real_photo_soil_clay": 580, "median_real_photo_soil_available_water_proxy": 15.016666666666666, "n_real_photo_soil_available_water_proxy": 578}, "geometry": {"type": "Polygon", "coordinates": [[[120, -19.471220634490695], [140, -19.471220634490695], [140, -6.379370208442807], [120, -6.379370208442807], [120, -19.471220634490695]]]}}, {"type": "Feature", "id": 70, "properties": {"cell_id": 70, "display_only_cell_centroid_lat": -12.839588406904149, "display_only_cell_centroid_lon": 150, "display_only_cell_latitude_low": -19.471220634490695, "display_only_cell_latitude_high": -6.379370208442807, "display_only_cell_lon_low": 140, "display_only_cell_lon_high": 160, "source_taxon_cell_rows": 1010, "n_unique_taxa": 1010, "n_four_state_classified": 394, "n_unclassified": 616, "fraction_classifiable": 0.3900990099009901, "n_public_site_coordinates": 1010, "n_source_climate_complete": 1010, "n_source_soil_complete": 714, "n_source_all_abiotic_complete": 714, "n_colour_classified_and_full_abiotic": 280, "count_white": 199, "fraction_white_given_classified": 0.5050761421319797, "count_yellow_orange": 119, "fraction_yellow_orange_given_classified": 0.3020304568527919, "count_red_pink": 48, "fraction_red_pink_given_classified": 0.1218274111675127, "count_blue_purple": 28, "fraction_blue_purple_given_classified": 0.07106598984771574, "median_real_photo_wc_bio1": 23.47180557250977, "n_real_photo_wc_bio1": 1010, "median_real_photo_wc_bio5": 30.38949966430664, "n_real_photo_wc_bio5": 1010, "median_real_photo_wc_bio12": 1935.0, "n_real_photo_wc_bio12": 1010, "median_real_photo_wc_bio15": 90.19873809814452, "n_real_photo_wc_bio15": 1010, "median_real_photo_wc_elevation_m": 141.0, "n_real_photo_wc_elevation_m": 1010, "median_real_photo_soil_pH": 5.5, "n_real_photo_soil_pH": 791, "median_real_photo_soil_SOC": 23.98333333333333, "n_real_photo_soil_SOC": 806, "median_real_photo_soil_N": 1.6883333333333337, "n_real_photo_soil_N": 839, "median_real_photo_soil_clay": 30.916666666666668, "n_real_photo_soil_clay": 791, "median_real_photo_soil_available_water_proxy": 15.4, "n_real_photo_soil_available_water_proxy": 791}, "geometry": {"type": "Polygon", "coordinates": [[[140, -19.471220634490695], [160, -19.471220634490695], [160, -6.379370208442807], [140, -6.379370208442807], [140, -19.471220634490695]]]}}, {"type": "Feature", "id": 71, "properties": {"cell_id": 71, "display_only_cell_centroid_lat": -12.839588406904149, "display_only_cell_centroid_lon": 170, "display_only_cell_latitude_low": -19.471220634490695, "display_only_cell_latitude_high": -6.379370208442807, "display_only_cell_lon_low": 160, "display_only_cell_lon_high": 180, "source_taxon_cell_rows": 133, "n_unique_taxa": 133, "n_four_state_classified": 54, "n_unclassified": 79, "fraction_classifiable": 0.40601503759398494, "n_public_site_coordinates": 132, "n_source_climate_complete": 132, "n_source_soil_complete": 71, "n_source_all_abiotic_complete": 71, "n_colour_classified_and_full_abiotic": 30, "count_white": 27, "fraction_white_given_classified": 0.5, "count_yellow_orange": 17, "fraction_yellow_orange_given_classified": 0.3148148148148148, "count_red_pink": 7, "fraction_red_pink_given_classified": 0.12962962962962962, "count_blue_purple": 3, "fraction_blue_purple_given_classified": 0.05555555555555555, "median_real_photo_wc_bio1": 24.625826835632324, "n_real_photo_wc_bio1": 132, "median_real_photo_wc_bio5": 29.539548873901367, "n_real_photo_wc_bio5": 132, "median_real_photo_wc_bio12": 2701.0, "n_real_photo_wc_bio12": 132, "median_real_photo_wc_bio15": 33.50912094116211, "n_real_photo_wc_bio15": 132, "median_real_photo_wc_elevation_m": 112.0, "n_real_photo_wc_elevation_m": 132, "median_real_photo_soil_pH": 5.2, "n_real_photo_soil_pH": 87, "median_real_photo_soil_SOC": 40.80833333333333, "n_real_photo_soil_SOC": 82, "median_real_photo_soil_N": 2.545, "n_real_photo_soil_N": 75, "median_real_photo_soil_clay": 36.93333333333333, "n_real_photo_soil_clay": 87, "median_real_photo_soil_available_water_proxy": 12.81666666666667, "n_real_photo_soil_available_water_proxy": 87}, "geometry": {"type": "Polygon", "coordinates": [[[160, -19.471220634490695], [180, -19.471220634490695], [180, -6.379370208442807], [160, -6.379370208442807], [160, -19.471220634490695]]]}}, {"type": "Feature", "id": 72, "properties": {"cell_id": 72, "display_only_cell_centroid_lat": 0.0, "display_only_cell_centroid_lon": -170, "display_only_cell_latitude_low": -6.379370208442807, "display_only_cell_latitude_high": 6.379370208442807, "display_only_cell_lon_low": -180, "display_only_cell_lon_high": -160, "source_taxon_cell_rows": 2, "n_unique_taxa": 2, "n_four_state_classified": 1, "n_unclassified": 1, "fraction_classifiable": 0.5, "n_public_site_coordinates": 2, "n_source_climate_complete": 2, "n_source_soil_complete": 0, "n_source_all_abiotic_complete": 0, "n_colour_classified_and_full_abiotic": 0, "count_white": 1, "fraction_white_given_classified": 1.0, "count_yellow_orange": 0, "fraction_yellow_orange_given_classified": 0.0, "count_red_pink": 0, "fraction_red_pink_given_classified": 0.0, "count_blue_purple": 0, "fraction_blue_purple_given_classified": 0.0, "median_real_photo_wc_bio1": 27.07604217529297, "n_real_photo_wc_bio1": 2, "median_real_photo_wc_bio5": 29.900001525878903, "n_real_photo_wc_bio5": 2, "median_real_photo_wc_bio12": 3788.0, "n_real_photo_wc_bio12": 2, "median_real_photo_wc_bio15": 13.973029136657717, "n_real_photo_wc_bio15": 2, "median_real_photo_wc_elevation_m": 6.0, "n_real_photo_wc_elevation_m": 2, "n_real_photo_soil_pH": 0, "n_real_photo_soil_SOC": 0, "n_real_photo_soil_N": 0, "n_real_photo_soil_clay": 0, "n_real_photo_soil_available_water_proxy": 0}, "geometry": {"type": "Polygon", "coordinates": [[[-180, -6.379370208442807], [-160, -6.379370208442807], [-160, 6.379370208442807], [-180, 6.379370208442807], [-180, -6.379370208442807]]]}}, {"type": "Feature", "id": 73, "properties": {"cell_id": 73, "display_only_cell_centroid_lat": 0.0, "display_only_cell_centroid_lon": -150, "display_only_cell_latitude_low": -6.379370208442807, "display_only_cell_latitude_high": 6.379370208442807, "display_only_cell_lon_low": -160, "display_only_cell_lon_high": -140, "source_taxon_cell_rows": 0, "n_unique_taxa": 0, "n_four_state_classified": 0, "n_unclassified": 0, "fraction_classifiable": null, "n_public_site_coordinates": 0, "n_source_climate_complete": 0, "n_source_soil_complete": 0, "n_source_all_abiotic_complete": 0, "n_colour_classified_and_full_abiotic": 0, "count_white": 0, "fraction_white_given_classified": null, "count_yellow_orange": 0, "fraction_yellow_orange_given_classified": null, "count_red_pink": 0, "fraction_red_pink_given_classified": null, "count_blue_purple": 0, "fraction_blue_purple_given_classified": null, "n_real_photo_wc_bio1": 0, "n_real_photo_wc_bio5": 0, "n_real_photo_wc_bio12": 0, "n_real_photo_wc_bio15": 0, "n_real_photo_wc_elevation_m": 0, "n_real_photo_soil_pH": 0, "n_real_photo_soil_SOC": 0, "n_real_photo_soil_N": 0, "n_real_photo_soil_clay": 0, "n_real_photo_soil_available_water_proxy": 0}, "geometry": {"type": "Polygon", "coordinates": [[[-160, -6.379370208442807], [-140, -6.379370208442807], [-140, 6.379370208442807], [-160, 6.379370208442807], [-160, -6.379370208442807]]]}}, {"type": "Feature", "id": 74, "properties": {"cell_id": 74, "display_only_cell_centroid_lat": 0.0, "display_only_cell_centroid_lon": -130, "display_only_cell_latitude_low": -6.379370208442807, "display_only_cell_latitude_high": 6.379370208442807, "display_only_cell_lon_low": -140, "display_only_cell_lon_high": -120, "source_taxon_cell_rows": 0, "n_unique_taxa": 0, "n_four_state_classified": 0, "n_unclassified": 0, "fraction_classifiable": null, "n_public_site_coordinates": 0, "n_source_climate_complete": 0, "n_source_soil_complete": 0, "n_source_all_abiotic_complete": 0, "n_colour_classified_and_full_abiotic": 0, "count_white": 0, "fraction_white_given_classified": null, "count_yellow_orange": 0, "fraction_yellow_orange_given_classified": null, "count_red_pink": 0, "fraction_red_pink_given_classified": null, "count_blue_purple": 0, "fraction_blue_purple_given_classified": null, "n_real_photo_wc_bio1": 0, "n_real_photo_wc_bio5": 0, "n_real_photo_wc_bio12": 0, "n_real_photo_wc_bio15": 0, "n_real_photo_wc_elevation_m": 0, "n_real_photo_soil_pH": 0, "n_real_photo_soil_SOC": 0, "n_real_photo_soil_N": 0, "n_real_photo_soil_clay": 0, "n_real_photo_soil_available_water_proxy": 0}, "geometry": {"type": "Polygon", "coordinates": [[[-140, -6.379370208442807], [-120, -6.379370208442807], [-120, 6.379370208442807], [-140, 6.379370208442807], [-140, -6.379370208442807]]]}}, {"type": "Feature", "id": 75, "properties": {"cell_id": 75, "display_only_cell_centroid_lat": 0.0, "display_only_cell_centroid_lon": -110, "display_only_cell_latitude_low": -6.379370208442807, "display_only_cell_latitude_high": 6.379370208442807, "display_only_cell_lon_low": -120, "display_only_cell_lon_high": -100, "source_taxon_cell_rows": 0, "n_unique_taxa": 0, "n_four_state_classified": 0, "n_unclassified": 0, "fraction_classifiable": null, "n_public_site_coordinates": 0, "n_source_climate_complete": 0, "n_source_soil_complete": 0, "n_source_all_abiotic_complete": 0, "n_colour_classified_and_full_abiotic": 0, "count_white": 0, "fraction_white_given_classified": null, "count_yellow_orange": 0, "fraction_yellow_orange_given_classified": null, "count_red_pink": 0, "fraction_red_pink_given_classified": null, "count_blue_purple": 0, "fraction_blue_purple_given_classified": null, "n_real_photo_wc_bio1": 0, "n_real_photo_wc_bio5": 0, "n_real_photo_wc_bio12": 0, "n_real_photo_wc_bio15": 0, "n_real_photo_wc_elevation_m": 0, "n_real_photo_soil_pH": 0, "n_real_photo_soil_SOC": 0, "n_real_photo_soil_N": 0, "n_real_photo_soil_clay": 0, "n_real_photo_soil_available_water_proxy": 0}, "geometry": {"type": "Polygon", "coordinates": [[[-120, -6.379370208442807], [-100, -6.379370208442807], [-100, 6.379370208442807], [-120, 6.379370208442807], [-120, -6.379370208442807]]]}}, {"type": "Feature", "id": 76, "properties": {"cell_id": 76, "display_only_cell_centroid_lat": 0.0, "display_only_cell_centroid_lon": -90, "display_only_cell_latitude_low": -6.379370208442807, "display_only_cell_latitude_high": 6.379370208442807, "display_only_cell_lon_low": -100, "display_only_cell_lon_high": -80, "source_taxon_cell_rows": 323, "n_unique_taxa": 323, "n_four_state_classified": 131, "n_unclassified": 192, "fraction_classifiable": 0.4055727554179567, "n_public_site_coordinates": 322, "n_source_climate_complete": 320, "n_source_soil_complete": 175, "n_source_all_abiotic_complete": 175, "n_colour_classified_and_full_abiotic": 70, "count_white": 61, "fraction_white_given_classified": 0.46564885496183206, "count_yellow_orange": 53, "fraction_yellow_orange_given_classified": 0.40458015267175573, "count_red_pink": 13, "fraction_red_pink_given_classified": 0.09923664122137404, "count_blue_purple": 4, "fraction_blue_purple_given_classified": 0.030534351145038167, "median_real_photo_wc_bio1": 23.349699020385746, "n_real_photo_wc_bio1": 320, "median_real_photo_wc_bio5": 30.101874351501465, "n_real_photo_wc_bio5": 320, "median_real_photo_wc_bio12": 406.0, "n_real_photo_wc_bio12": 320, "median_real_photo_wc_bio15": 89.0813980102539, "n_real_photo_wc_bio15": 320, "median_real_photo_wc_elevation_m": 148.0, "n_real_photo_wc_elevation_m": 320, "median_real_photo_soil_pH": 6.4, "n_real_photo_soil_pH": 195, "median_real_photo_soil_SOC": 20.53333333333333, "n_real_photo_soil_SOC": 199, "median_real_photo_soil_N": 1.755, "n_real_photo_soil_N": 195, "median_real_photo_soil_clay": 26.31666666666667, "n_real_photo_soil_clay": 195, "median_real_photo_soil_available_water_proxy": 13.849999999999994, "n_real_photo_soil_available_water_proxy": 195}, "geometry": {"type": "Polygon", "coordinates": [[[-100, -6.379370208442807], [-80, -6.379370208442807], [-80, 6.379370208442807], [-100, 6.379370208442807], [-100, -6.379370208442807]]]}}, {"type": "Feature", "id": 77, "properties": {"cell_id": 77, "display_only_cell_centroid_lat": 0.0, "display_only_cell_centroid_lon": -70, "display_only_cell_latitude_low": -6.379370208442807, "display_only_cell_latitude_high": 6.379370208442807, "display_only_cell_lon_low": -80, "display_only_cell_lon_high": -60, "source_taxon_cell_rows": 2143, "n_unique_taxa": 2143, "n_four_state_classified": 819, "n_unclassified": 1324, "fraction_classifiable": 0.3821745216985534, "n_public_site_coordinates": 2137, "n_source_climate_complete": 2137, "n_source_soil_complete": 1849, "n_source_all_abiotic_complete": 1849, "n_colour_classified_and_full_abiotic": 715, "count_white": 327, "fraction_white_given_classified": 0.3992673992673993, "count_yellow_orange": 291, "fraction_yellow_orange_given_classified": 0.3553113553113553, "count_red_pink": 145, "fraction_red_pink_given_classified": 0.17704517704517705, "count_blue_purple": 56, "fraction_blue_purple_given_classified": 0.06837606837606838, "median_real_photo_wc_bio1": 16.457094192504883, "n_real_photo_wc_bio1": 2137, "median_real_photo_wc_bio5": 22.14699935913086, "n_real_photo_wc_bio5": 2137, "median_real_photo_wc_bio12": 1731.0, "n_real_photo_wc_bio12": 2137, "median_real_photo_wc_bio15": 38.76699447631836, "n_real_photo_wc_bio15": 2137, "median_real_photo_wc_elevation_m": 2093.0, "n_real_photo_wc_elevation_m": 2137, "median_real_photo_soil_pH": 5.4, "n_real_photo_soil_pH": 2002, "median_real_photo_soil_SOC": 55.583333333333336, "n_real_photo_soil_SOC": 1929, "median_real_photo_soil_N": 3.76, "n_real_photo_soil_N": 1966, "median_real_photo_soil_clay": 31.96666666666667, "n_real_photo_soil_clay": 2006, "median_real_photo_soil_available_water_proxy": 15.200000000000003, "n_real_photo_soil_available_water_proxy": 2002}, "geometry": {"type": "Polygon", "coordinates": [[[-80, -6.379370208442807], [-60, -6.379370208442807], [-60, 6.379370208442807], [-80, 6.379370208442807], [-80, -6.379370208442807]]]}}, {"type": "Feature", "id": 78, "properties": {"cell_id": 78, "display_only_cell_centroid_lat": 0.0, "display_only_cell_centroid_lon": -50, "display_only_cell_latitude_low": -6.379370208442807, "display_only_cell_latitude_high": 6.379370208442807, "display_only_cell_lon_low": -60, "display_only_cell_lon_high": -40, "source_taxon_cell_rows": 1598, "n_unique_taxa": 1598, "n_four_state_classified": 606, "n_unclassified": 992, "fraction_classifiable": 0.37922403003754696, "n_public_site_coordinates": 1598, "n_source_climate_complete": 1598, "n_source_soil_complete": 1219, "n_source_all_abiotic_complete": 1219, "n_colour_classified_and_full_abiotic": 464, "count_white": 297, "fraction_white_given_classified": 0.4900990099009901, "count_yellow_orange": 219, "fraction_yellow_orange_given_classified": 0.3613861386138614, "count_red_pink": 62, "fraction_red_pink_given_classified": 0.10231023102310231, "count_blue_purple": 28, "fraction_blue_purple_given_classified": 0.0462046204620462, "median_real_photo_wc_bio1": 25.750343322753903, "n_real_photo_wc_bio1": 1598, "median_real_photo_wc_bio5": 31.68600082397461, "n_real_photo_wc_bio5": 1598, "median_real_photo_wc_bio12": 2665.0, "n_real_photo_wc_bio12": 1598, "median_real_photo_wc_bio15": 51.0279541015625, "n_real_photo_wc_bio15": 1598, "median_real_photo_wc_elevation_m": 52.0, "n_real_photo_wc_elevation_m": 1598, "median_real_photo_soil_pH": 4.65, "n_real_photo_soil_pH": 1327, "median_real_photo_soil_SOC": 29.1, "n_real_photo_soil_SOC": 1381, "median_real_photo_soil_N": 2.2333333333333334, "n_real_photo_soil_N": 1310, "median_real_photo_soil_clay": 36.4, "n_real_photo_soil_clay": 1327, "median_real_photo_soil_available_water_proxy": 15.833333333333334, "n_real_photo_soil_available_water_proxy": 1327}, "geometry": {"type": "Polygon", "coordinates": [[[-60, -6.379370208442807], [-40, -6.379370208442807], [-40, 6.379370208442807], [-60, 6.379370208442807], [-60, -6.379370208442807]]]}}, {"type": "Feature", "id": 79, "properties": {"cell_id": 79, "display_only_cell_centroid_lat": 0.0, "display_only_cell_centroid_lon": -30, "display_only_cell_latitude_low": -6.379370208442807, "display_only_cell_latitude_high": 6.379370208442807, "display_only_cell_lon_low": -40, "display_only_cell_lon_high": -20, "source_taxon_cell_rows": 726, "n_unique_taxa": 726, "n_four_state_classified": 295, "n_unclassified": 431, "fraction_classifiable": 0.40633608815426997, "n_public_site_coordinates": 724, "n_source_climate_complete": 723, "n_source_soil_complete": 462, "n_source_all_abiotic_complete": 462, "n_colour_classified_and_full_abiotic": 189, "count_white": 138, "fraction_white_given_classified": 0.46779661016949153, "count_yellow_orange": 114, "fraction_yellow_orange_given_classified": 0.3864406779661017, "count_red_pink": 21, "fraction_red_pink_given_classified": 0.0711864406779661, "count_blue_purple": 22, "fraction_blue_purple_given_classified": 0.07457627118644068, "median_real_photo_wc_bio1": 26.25264549255371, "n_real_photo_wc_bio1": 723, "median_real_photo_wc_bio5": 31.5256404876709, "n_real_photo_wc_bio5": 723, "median_real_photo_wc_bio12": 1420.0, "n_real_photo_wc_bio12": 723, "median_real_photo_wc_bio15": 94.01026153564452, "n_real_photo_wc_bio15": 723, "median_real_photo_wc_elevation_m": 48.0, "n_real_photo_wc_elevation_m": 723, "median_real_photo_soil_pH": 5.675, "n_real_photo_soil_pH": 496, "median_real_photo_soil_SOC": 15.883333333333336, "n_real_photo_soil_SOC": 540, "median_real_photo_soil_N": 1.2391666666666667, "n_real_photo_soil_N": 514, "median_real_photo_soil_clay": 27.71666666666667, "n_real_photo_soil_clay": 496, "median_real_photo_soil_available_water_proxy": 17.733333333333334, "n_real_photo_soil_available_water_proxy": 496}, "geometry": {"type": "Polygon", "coordinates": [[[-40, -6.379370208442807], [-20, -6.379370208442807], [-20, 6.379370208442807], [-40, 6.379370208442807], [-40, -6.379370208442807]]]}}, {"type": "Feature", "id": 80, "properties": {"cell_id": 80, "display_only_cell_centroid_lat": 0.0, "display_only_cell_centroid_lon": -10, "display_only_cell_latitude_low": -6.379370208442807, "display_only_cell_latitude_high": 6.379370208442807, "display_only_cell_lon_low": -20, "display_only_cell_lon_high": 0, "source_taxon_cell_rows": 87, "n_unique_taxa": 87, "n_four_state_classified": 34, "n_unclassified": 53, "fraction_classifiable": 0.39080459770114945, "n_public_site_coordinates": 87, "n_source_climate_complete": 87, "n_source_soil_complete": 70, "n_source_all_abiotic_complete": 70, "n_colour_classified_and_full_abiotic": 29, "count_white": 21, "fraction_white_given_classified": 0.6176470588235294, "count_yellow_orange": 11, "fraction_yellow_orange_given_classified": 0.3235294117647059, "count_red_pink": 2, "fraction_red_pink_given_classified": 0.058823529411764705, "count_blue_purple": 0, "fraction_blue_purple_given_classified": 0.0, "median_real_photo_wc_bio1": 26.113094329833984, "n_real_photo_wc_bio1": 87, "median_real_photo_wc_bio5": 31.929500579833984, "n_real_photo_wc_bio5": 87, "median_real_photo_wc_bio12": 1563.0, "n_real_photo_wc_bio12": 87, "median_real_photo_wc_bio15": 55.273048400878906, "n_real_photo_wc_bio15": 87, "median_real_photo_wc_elevation_m": 120.0, "n_real_photo_wc_elevation_m": 87, "median_real_photo_soil_pH": 5.45, "n_real_photo_soil_pH": 73, "median_real_photo_soil_SOC": 29.45, "n_real_photo_soil_SOC": 75, "median_real_photo_soil_N": 2.641666666666667, "n_real_photo_soil_N": 75, "median_real_photo_soil_clay": 28.416666666666668, "n_real_photo_soil_clay": 73, "median_real_photo_soil_available_water_proxy": 9.933333333333335, "n_real_photo_soil_available_water_proxy": 73}, "geometry": {"type": "Polygon", "coordinates": [[[-20, -6.379370208442807], [0, -6.379370208442807], [0, 6.379370208442807], [-20, 6.379370208442807], [-20, -6.379370208442807]]]}}, {"type": "Feature", "id": 81, "properties": {"cell_id": 81, "display_only_cell_centroid_lat": 0.0, "display_only_cell_centroid_lon": 10, "display_only_cell_latitude_low": -6.379370208442807, "display_only_cell_latitude_high": 6.379370208442807, "display_only_cell_lon_low": 0, "display_only_cell_lon_high": 20, "source_taxon_cell_rows": 296, "n_unique_taxa": 296, "n_four_state_classified": 137, "n_unclassified": 159, "fraction_classifiable": 0.46283783783783783, "n_public_site_coordinates": 296, "n_source_climate_complete": 296, "n_source_soil_complete": 229, "n_source_all_abiotic_complete": 229, "n_colour_classified_and_full_abiotic": 109, "count_white": 67, "fraction_white_given_classified": 0.48905109489051096, "count_yellow_orange": 40, "fraction_yellow_orange_given_classified": 0.291970802919708, "count_red_pink": 23, "fraction_red_pink_given_classified": 0.1678832116788321, "count_blue_purple": 7, "fraction_blue_purple_given_classified": 0.051094890510948905, "median_real_photo_wc_bio1": 23.83625221252441, "n_real_photo_wc_bio1": 296, "median_real_photo_wc_bio5": 30.050750732421875, "n_real_photo_wc_bio5": 296, "median_real_photo_wc_bio12": 2174.0, "n_real_photo_wc_bio12": 296, "median_real_photo_wc_bio15": 63.07116317749024, "n_real_photo_wc_bio15": 296, "median_real_photo_wc_elevation_m": 442.5, "n_real_photo_wc_elevation_m": 296, "median_real_photo_soil_pH": 5.2, "n_real_photo_soil_pH": 251, "median_real_photo_soil_SOC": 37.33333333333333, "n_real_photo_soil_SOC": 240, "median_real_photo_soil_N": 2.793333333333333, "n_real_photo_soil_N": 243, "median_real_photo_soil_clay": 33.85, "n_real_photo_soil_clay": 251, "median_real_photo_soil_available_water_proxy": 11.833333333333336, "n_real_photo_soil_available_water_proxy": 251}, "geometry": {"type": "Polygon", "coordinates": [[[0, -6.379370208442807], [20, -6.379370208442807], [20, 6.379370208442807], [0, 6.379370208442807], [0, -6.379370208442807]]]}}, {"type": "Feature", "id": 82, "properties": {"cell_id": 82, "display_only_cell_centroid_lat": 0.0, "display_only_cell_centroid_lon": 30, "display_only_cell_latitude_low": -6.379370208442807, "display_only_cell_latitude_high": 6.379370208442807, "display_only_cell_lon_low": 20, "display_only_cell_lon_high": 40, "source_taxon_cell_rows": 901, "n_unique_taxa": 901, "n_four_state_classified": 400, "n_unclassified": 501, "fraction_classifiable": 0.4439511653718091, "n_public_site_coordinates": 901, "n_source_climate_complete": 901, "n_source_soil_complete": 762, "n_source_all_abiotic_complete": 762, "n_colour_classified_and_full_abiotic": 333, "count_white": 188, "fraction_white_given_classified": 0.47, "count_yellow_orange": 119, "fraction_yellow_orange_given_classified": 0.2975, "count_red_pink": 65, "fraction_red_pink_given_classified": 0.1625, "count_blue_purple": 28, "fraction_blue_purple_given_classified": 0.07, "median_real_photo_wc_bio1": 19.767208099365234, "n_real_photo_wc_bio1": 901, "median_real_photo_wc_bio5": 27.333999633789062, "n_real_photo_wc_bio5": 901, "median_real_photo_wc_bio12": 1287.0, "n_real_photo_wc_bio12": 901, "median_real_photo_wc_bio15": 52.02140808105469, "n_real_photo_wc_bio15": 901, "median_real_photo_wc_elevation_m": 1590.0, "n_real_photo_wc_elevation_m": 901, "median_real_photo_soil_pH": 5.6, "n_real_photo_soil_pH": 844, "median_real_photo_soil_SOC": 27.3, "n_real_photo_soil_SOC": 813, "median_real_photo_soil_N": 2.1266666666666665, "n_real_photo_soil_N": 797, "median_real_photo_soil_clay": 34.65, "n_real_photo_soil_clay": 844, "median_real_photo_soil_available_water_proxy": 13.524999999999999, "n_real_photo_soil_available_water_proxy": 844}, "geometry": {"type": "Polygon", "coordinates": [[[20, -6.379370208442807], [40, -6.379370208442807], [40, 6.379370208442807], [20, 6.379370208442807], [20, -6.379370208442807]]]}}, {"type": "Feature", "id": 83, "properties": {"cell_id": 83, "display_only_cell_centroid_lat": 0.0, "display_only_cell_centroid_lon": 50, "display_only_cell_latitude_low": -6.379370208442807, "display_only_cell_latitude_high": 6.379370208442807, "display_only_cell_lon_low": 40, "display_only_cell_lon_high": 60, "source_taxon_cell_rows": 69, "n_unique_taxa": 69, "n_four_state_classified": 35, "n_unclassified": 34, "fraction_classifiable": 0.5072463768115942, "n_public_site_coordinates": 69, "n_source_climate_complete": 69, "n_source_soil_complete": 15, "n_source_all_abiotic_complete": 15, "n_colour_classified_and_full_abiotic": 8, "count_white": 16, "fraction_white_given_classified": 0.45714285714285713, "count_yellow_orange": 12, "fraction_yellow_orange_given_classified": 0.34285714285714286, "count_red_pink": 6, "fraction_red_pink_given_classified": 0.17142857142857143, "count_blue_purple": 1, "fraction_blue_purple_given_classified": 0.02857142857142857, "median_real_photo_wc_bio1": 26.129343032836918, "n_real_photo_wc_bio1": 69, "median_real_photo_wc_bio5": 30.92142868041992, "n_real_photo_wc_bio5": 69, "median_real_photo_wc_bio12": 2315.0, "n_real_photo_wc_bio12": 69, "median_real_photo_wc_bio15": 42.93157958984375, "n_real_photo_wc_bio15": 69, "median_real_photo_wc_elevation_m": 100.0, "n_real_photo_wc_elevation_m": 69, "median_real_photo_soil_pH": 5.925000000000001, "n_real_photo_soil_pH": 20, "median_real_photo_soil_SOC": 63.083333333333336, "n_real_photo_soil_SOC": 35, "median_real_photo_soil_N": 4.168333333333333, "n_real_photo_soil_N": 38, "median_real_photo_soil_clay": 28.95, "n_real_photo_soil_clay": 20, "median_real_photo_soil_available_water_proxy": 13.15, "n_real_photo_soil_available_water_proxy": 20}, "geometry": {"type": "Polygon", "coordinates": [[[40, -6.379370208442807], [60, -6.379370208442807], [60, 6.379370208442807], [40, 6.379370208442807], [40, -6.379370208442807]]]}}, {"type": "Feature", "id": 84, "properties": {"cell_id": 84, "display_only_cell_centroid_lat": 0.0, "display_only_cell_centroid_lon": 70, "display_only_cell_latitude_low": -6.379370208442807, "display_only_cell_latitude_high": 6.379370208442807, "display_only_cell_lon_low": 60, "display_only_cell_lon_high": 80, "source_taxon_cell_rows": 60, "n_unique_taxa": 60, "n_four_state_classified": 21, "n_unclassified": 39, "fraction_classifiable": 0.35, "n_public_site_coordinates": 60, "n_source_climate_complete": 41, "n_source_soil_complete": 0, "n_source_all_abiotic_complete": 0, "n_colour_classified_and_full_abiotic": 0, "count_white": 13, "fraction_white_given_classified": 0.6190476190476191, "count_yellow_orange": 4, "fraction_yellow_orange_given_classified": 0.19047619047619047, "count_red_pink": 3, "fraction_red_pink_given_classified": 0.14285714285714285, "count_blue_purple": 1, "fraction_blue_purple_given_classified": 0.047619047619047616, "median_real_photo_wc_bio1": 28.70576858520508, "n_real_photo_wc_bio1": 41, "median_real_photo_wc_bio5": 31.953845977783203, "n_real_photo_wc_bio5": 41, "median_real_photo_wc_bio12": 1954.0, "n_real_photo_wc_bio12": 41, "median_real_photo_wc_bio15": 38.44845962524414, "n_real_photo_wc_bio15": 41, "median_real_photo_wc_elevation_m": 3.0, "n_real_photo_wc_elevation_m": 41, "n_real_photo_soil_pH": 0, "n_real_photo_soil_SOC": 0, "n_real_photo_soil_N": 0, "n_real_photo_soil_clay": 0, "n_real_photo_soil_available_water_proxy": 0}, "geometry": {"type": "Polygon", "coordinates": [[[60, -6.379370208442807], [80, -6.379370208442807], [80, 6.379370208442807], [60, 6.379370208442807], [60, -6.379370208442807]]]}}, {"type": "Feature", "id": 85, "properties": {"cell_id": 85, "display_only_cell_centroid_lat": 0.0, "display_only_cell_centroid_lon": 90, "display_only_cell_latitude_low": -6.379370208442807, "display_only_cell_latitude_high": 6.379370208442807, "display_only_cell_lon_low": 80, "display_only_cell_lon_high": 100, "source_taxon_cell_rows": 174, "n_unique_taxa": 174, "n_four_state_classified": 79, "n_unclassified": 95, "fraction_classifiable": 0.4540229885057471, "n_public_site_coordinates": 174, "n_source_climate_complete": 174, "n_source_soil_complete": 83, "n_source_all_abiotic_complete": 83, "n_colour_classified_and_full_abiotic": 33, "count_white": 45, "fraction_white_given_classified": 0.569620253164557, "count_yellow_orange": 22, "fraction_yellow_orange_given_classified": 0.27848101265822783, "count_red_pink": 5, "fraction_red_pink_given_classified": 0.06329113924050633, "count_blue_purple": 7, "fraction_blue_purple_given_classified": 0.08860759493670886, "median_real_photo_wc_bio1": 26.795700073242188, "n_real_photo_wc_bio1": 174, "median_real_photo_wc_bio5": 30.70212745666504, "n_real_photo_wc_bio5": 174, "median_real_photo_wc_bio12": 2383.0, "n_real_photo_wc_bio12": 174, "median_real_photo_wc_bio15": 35.74968338012695, "n_real_photo_wc_bio15": 174, "median_real_photo_wc_elevation_m": 26.0, "n_real_photo_wc_elevation_m": 174, "median_real_photo_soil_pH": 5.425000000000001, "n_real_photo_soil_pH": 134, "median_real_photo_soil_SOC": 42.5, "n_real_photo_soil_SOC": 87, "median_real_photo_soil_N": 2.871666666666667, "n_real_photo_soil_N": 132, "median_real_photo_soil_clay": 36.016666666666666, "n_real_photo_soil_clay": 134, "median_real_photo_soil_available_water_proxy": 13.641666666666666, "n_real_photo_soil_available_water_proxy": 134}, "geometry": {"type": "Polygon", "coordinates": [[[80, -6.379370208442807], [100, -6.379370208442807], [100, 6.379370208442807], [80, 6.379370208442807], [80, -6.379370208442807]]]}}, {"type": "Feature", "id": 86, "properties": {"cell_id": 86, "display_only_cell_centroid_lat": 0.0, "display_only_cell_centroid_lon": 110, "display_only_cell_latitude_low": -6.379370208442807, "display_only_cell_latitude_high": 6.379370208442807, "display_only_cell_lon_low": 100, "display_only_cell_lon_high": 120, "source_taxon_cell_rows": 910, "n_unique_taxa": 910, "n_four_state_classified": 343, "n_unclassified": 567, "fraction_classifiable": 0.3769230769230769, "n_public_site_coordinates": 907, "n_source_climate_complete": 904, "n_source_soil_complete": 497, "n_source_all_abiotic_complete": 497, "n_colour_classified_and_full_abiotic": 170, "count_white": 182, "fraction_white_given_classified": 0.5306122448979592, "count_yellow_orange": 92, "fraction_yellow_orange_given_classified": 0.26822157434402333, "count_red_pink": 51, "fraction_red_pink_given_classified": 0.14868804664723032, "count_blue_purple": 18, "fraction_blue_purple_given_classified": 0.052478134110787174, "median_real_photo_wc_bio1": 26.624247550964355, "n_real_photo_wc_bio1": 904, "median_real_photo_wc_bio5": 30.818389892578125, "n_real_photo_wc_bio5": 904, "median_real_photo_wc_bio12": 2359.0, "n_real_photo_wc_bio12": 904, "median_real_photo_wc_bio15": 24.41167449951172, "n_real_photo_wc_bio15": 904, "median_real_photo_wc_elevation_m": 70.0, "n_real_photo_wc_elevation_m": 904, "median_real_photo_soil_pH": 5.05, "n_real_photo_soil_pH": 667, "median_real_photo_soil_SOC": 56.91666666666666, "n_real_photo_soil_SOC": 581, "median_real_photo_soil_N": 2.885, "n_real_photo_soil_N": 599, "median_real_photo_soil_clay": 39.13333333333333, "n_real_photo_soil_clay": 667, "median_real_photo_soil_available_water_proxy": 14.666666666666664, "n_real_photo_soil_available_water_proxy": 667}, "geometry": {"type": "Polygon", "coordinates": [[[100, -6.379370208442807], [120, -6.379370208442807], [120, 6.379370208442807], [100, 6.379370208442807], [100, -6.379370208442807]]]}}, {"type": "Feature", "id": 87, "properties": {"cell_id": 87, "display_only_cell_centroid_lat": 0.0, "display_only_cell_centroid_lon": 130, "display_only_cell_latitude_low": -6.379370208442807, "display_only_cell_latitude_high": 6.379370208442807, "display_only_cell_lon_low": 120, "display_only_cell_lon_high": 140, "source_taxon_cell_rows": 190, "n_unique_taxa": 190, "n_four_state_classified": 73, "n_unclassified": 117, "fraction_classifiable": 0.38421052631578945, "n_public_site_coordinates": 190, "n_source_climate_complete": 190, "n_source_soil_complete": 122, "n_source_all_abiotic_complete": 122, "n_colour_classified_and_full_abiotic": 46, "count_white": 44, "fraction_white_given_classified": 0.6027397260273972, "count_yellow_orange": 17, "fraction_yellow_orange_given_classified": 0.2328767123287671, "count_red_pink": 10, "fraction_red_pink_given_classified": 0.136986301369863, "count_blue_purple": 2, "fraction_blue_purple_given_classified": 0.0273972602739726, "median_real_photo_wc_bio1": 25.61724853515625, "n_real_photo_wc_bio1": 190, "median_real_photo_wc_bio5": 30.220422744750977, "n_real_photo_wc_bio5": 190, "median_real_photo_wc_bio12": 2697.0, "n_real_photo_wc_bio12": 190, "median_real_photo_wc_bio15": 27.4246244430542, "n_real_photo_wc_bio15": 190, "median_real_photo_wc_elevation_m": 216.0, "n_real_photo_wc_elevation_m": 190, "median_real_photo_soil_pH": 5.0, "n_real_photo_soil_pH": 133, "median_real_photo_soil_SOC": 55.7, "n_real_photo_soil_SOC": 140, "median_real_photo_soil_N": 2.756666666666667, "n_real_photo_soil_N": 149, "median_real_photo_soil_clay": 36.38333333333333, "n_real_photo_soil_clay": 133, "median_real_photo_soil_available_water_proxy": 12.733333333333334, "n_real_photo_soil_available_water_proxy": 133}, "geometry": {"type": "Polygon", "coordinates": [[[120, -6.379370208442807], [140, -6.379370208442807], [140, 6.379370208442807], [120, 6.379370208442807], [120, -6.379370208442807]]]}}, {"type": "Feature", "id": 88, "properties": {"cell_id": 88, "display_only_cell_centroid_lat": 0.0, "display_only_cell_centroid_lon": 150, "display_only_cell_latitude_low": -6.379370208442807, "display_only_cell_latitude_high": 6.379370208442807, "display_only_cell_lon_low": 140, "display_only_cell_lon_high": 160, "source_taxon_cell_rows": 65, "n_unique_taxa": 65, "n_four_state_classified": 36, "n_unclassified": 29, "fraction_classifiable": 0.5538461538461539, "n_public_site_coordinates": 65, "n_source_climate_complete": 65, "n_source_soil_complete": 46, "n_source_all_abiotic_complete": 46, "n_colour_classified_and_full_abiotic": 24, "count_white": 18, "fraction_white_given_classified": 0.5, "count_yellow_orange": 5, "fraction_yellow_orange_given_classified": 0.1388888888888889, "count_red_pink": 10, "fraction_red_pink_given_classified": 0.2777777777777778, "count_blue_purple": 3, "fraction_blue_purple_given_classified": 0.08333333333333333, "median_real_photo_wc_bio1": 24.810997009277344, "n_real_photo_wc_bio1": 65, "median_real_photo_wc_bio5": 29.06551742553711, "n_real_photo_wc_bio5": 65, "median_real_photo_wc_bio12": 2623.0, "n_real_photo_wc_bio12": 65, "median_real_photo_wc_bio15": 31.06268119812012, "n_real_photo_wc_bio15": 65, "median_real_photo_wc_elevation_m": 476.0, "n_real_photo_wc_elevation_m": 65, "median_real_photo_soil_pH": 5.1, "n_real_photo_soil_pH": 54, "median_real_photo_soil_SOC": 68.68333333333334, "n_real_photo_soil_SOC": 57, "median_real_photo_soil_N": 4.465, "n_real_photo_soil_N": 50, "median_real_photo_soil_clay": 35.78333333333333, "n_real_photo_soil_clay": 54, "median_real_photo_soil_available_water_proxy": 13.875, "n_real_photo_soil_available_water_proxy": 54}, "geometry": {"type": "Polygon", "coordinates": [[[140, -6.379370208442807], [160, -6.379370208442807], [160, 6.379370208442807], [140, 6.379370208442807], [140, -6.379370208442807]]]}}, {"type": "Feature", "id": 89, "properties": {"cell_id": 89, "display_only_cell_centroid_lat": 0.0, "display_only_cell_centroid_lon": 170, "display_only_cell_latitude_low": -6.379370208442807, "display_only_cell_latitude_high": 6.379370208442807, "display_only_cell_lon_low": 160, "display_only_cell_lon_high": 180, "source_taxon_cell_rows": 5, "n_unique_taxa": 5, "n_four_state_classified": 3, "n_unclassified": 2, "fraction_classifiable": 0.6, "n_public_site_coordinates": 5, "n_source_climate_complete": 5, "n_source_soil_complete": 2, "n_source_all_abiotic_complete": 2, "n_colour_classified_and_full_abiotic": 1, "count_white": 0, "fraction_white_given_classified": 0.0, "count_yellow_orange": 3, "fraction_yellow_orange_given_classified": 1.0, "count_red_pink": 0, "fraction_red_pink_given_classified": 0.0, "count_blue_purple": 0, "fraction_blue_purple_given_classified": 0.0, "median_real_photo_wc_bio1": 27.25802421569824, "n_real_photo_wc_bio1": 5, "median_real_photo_wc_bio5": 31.13703727722168, "n_real_photo_wc_bio5": 5, "median_real_photo_wc_bio12": 5280.0, "n_real_photo_wc_bio12": 5, "median_real_photo_wc_bio15": 15.497516632080078, "n_real_photo_wc_bio15": 5, "median_real_photo_wc_elevation_m": 88.0, "n_real_photo_wc_elevation_m": 5, "median_real_photo_soil_pH": 5.55, "n_real_photo_soil_pH": 3, "median_real_photo_soil_SOC": 154.66666666666669, "n_real_photo_soil_SOC": 2, "median_real_photo_soil_N": 4.273333333333333, "n_real_photo_soil_N": 2, "median_real_photo_soil_clay": 37.9, "n_real_photo_soil_clay": 3, "median_real_photo_soil_available_water_proxy": 10.966666666666663, "n_real_photo_soil_available_water_proxy": 3}, "geometry": {"type": "Polygon", "coordinates": [[[160, -6.379370208442807], [180, -6.379370208442807], [180, 6.379370208442807], [160, 6.379370208442807], [160, -6.379370208442807]]]}}, {"type": "Feature", "id": 90, "properties": {"cell_id": 90, "display_only_cell_centroid_lat": 12.839588406904156, "display_only_cell_centroid_lon": -170, "display_only_cell_latitude_low": 6.379370208442807, "display_only_cell_latitude_high": 19.471220634490688, "display_only_cell_lon_low": -180, "display_only_cell_lon_high": -160, "source_taxon_cell_rows": 34, "n_unique_taxa": 34, "n_four_state_classified": 13, "n_unclassified": 21, "fraction_classifiable": 0.38235294117647056, "n_public_site_coordinates": 34, "n_source_climate_complete": 34, "n_source_soil_complete": 0, "n_source_all_abiotic_complete": 0, "n_colour_classified_and_full_abiotic": 0, "count_white": 5, "fraction_white_given_classified": 0.38461538461538464, "count_yellow_orange": 6, "fraction_yellow_orange_given_classified": 0.46153846153846156, "count_red_pink": 2, "fraction_red_pink_given_classified": 0.15384615384615385, "count_blue_purple": 0, "fraction_blue_purple_given_classified": 0.0, "median_real_photo_wc_bio1": 26.60416603088379, "n_real_photo_wc_bio1": 34, "median_real_photo_wc_bio5": 30.600000381469727, "n_real_photo_wc_bio5": 34, "median_real_photo_wc_bio12": 869.0, "n_real_photo_wc_bio12": 34, "median_real_photo_wc_bio15": 23.709436416625977, "n_real_photo_wc_bio15": 34, "median_real_photo_wc_elevation_m": 4.0, "n_real_photo_wc_elevation_m": 34, "n_real_photo_soil_pH": 0, "n_real_photo_soil_SOC": 0, "n_real_photo_soil_N": 0, "n_real_photo_soil_clay": 0, "n_real_photo_soil_available_water_proxy": 0}, "geometry": {"type": "Polygon", "coordinates": [[[-180, 6.379370208442807], [-160, 6.379370208442807], [-160, 19.471220634490688], [-180, 19.471220634490688], [-180, 6.379370208442807]]]}}, {"type": "Feature", "id": 91, "properties": {"cell_id": 91, "display_only_cell_centroid_lat": 12.839588406904156, "display_only_cell_centroid_lon": -150, "display_only_cell_latitude_low": 6.379370208442807, "display_only_cell_latitude_high": 19.471220634490688, "display_only_cell_lon_low": -160, "display_only_cell_lon_high": -140, "source_taxon_cell_rows": 181, "n_unique_taxa": 181, "n_four_state_classified": 61, "n_unclassified": 120, "fraction_classifiable": 0.3370165745856354, "n_public_site_coordinates": 181, "n_source_climate_complete": 181, "n_source_soil_complete": 139, "n_source_all_abiotic_complete": 139, "n_colour_classified_and_full_abiotic": 44, "count_white": 28, "fraction_white_given_classified": 0.45901639344262296, "count_yellow_orange": 16, "fraction_yellow_orange_given_classified": 0.26229508196721313, "count_red_pink": 13, "fraction_red_pink_given_classified": 0.21311475409836064, "count_blue_purple": 4, "fraction_blue_purple_given_classified": 0.06557377049180328, "median_real_photo_wc_bio1": 17.040019989013672, "n_real_photo_wc_bio1": 181, "median_real_photo_wc_bio5": 23.295499801635746, "n_real_photo_wc_bio5": 181, "median_real_photo_wc_bio12": 2053.0, "n_real_photo_wc_bio12": 181, "median_real_photo_wc_bio15": 35.22288513183594, "n_real_photo_wc_bio15": 181, "median_real_photo_wc_elevation_m": 1083.0, "n_real_photo_wc_elevation_m": 181, "median_real_photo_soil_pH": 5.4, "n_real_photo_soil_pH": 148, "median_real_photo_soil_SOC": 46.6, "n_real_photo_soil_SOC": 155, "median_real_photo_soil_N": 3.25, "n_real_photo_soil_N": 157, "median_real_photo_soil_clay": 35.15, "n_real_photo_soil_clay": 148, "median_real_photo_soil_available_water_proxy": 16.95, "n_real_photo_soil_available_water_proxy": 148}, "geometry": {"type": "Polygon", "coordinates": [[[-160, 6.379370208442807], [-140, 6.379370208442807], [-140, 19.471220634490688], [-160, 19.471220634490688], [-160, 6.379370208442807]]]}}, {"type": "Feature", "id": 92, "properties": {"cell_id": 92, "display_only_cell_centroid_lat": 12.839588406904156, "display_only_cell_centroid_lon": -130, "display_only_cell_latitude_low": 6.379370208442807, "display_only_cell_latitude_high": 19.471220634490688, "display_only_cell_lon_low": -140, "display_only_cell_lon_high": -120, "source_taxon_cell_rows": 0, "n_unique_taxa": 0, "n_four_state_classified": 0, "n_unclassified": 0, "fraction_classifiable": null, "n_public_site_coordinates": 0, "n_source_climate_complete": 0, "n_source_soil_complete": 0, "n_source_all_abiotic_complete": 0, "n_colour_classified_and_full_abiotic": 0, "count_white": 0, "fraction_white_given_classified": null, "count_yellow_orange": 0, "fraction_yellow_orange_given_classified": null, "count_red_pink": 0, "fraction_red_pink_given_classified": null, "count_blue_purple": 0, "fraction_blue_purple_given_classified": null, "n_real_photo_wc_bio1": 0, "n_real_photo_wc_bio5": 0, "n_real_photo_wc_bio12": 0, "n_real_photo_wc_bio15": 0, "n_real_photo_wc_elevation_m": 0, "n_real_photo_soil_pH": 0, "n_real_photo_soil_SOC": 0, "n_real_photo_soil_N": 0, "n_real_photo_soil_clay": 0, "n_real_photo_soil_available_water_proxy": 0}, "geometry": {"type": "Polygon", "coordinates": [[[-140, 6.379370208442807], [-120, 6.379370208442807], [-120, 19.471220634490688], [-140, 19.471220634490688], [-140, 6.379370208442807]]]}}, {"type": "Feature", "id": 93, "properties": {"cell_id": 93, "display_only_cell_centroid_lat": 12.839588406904156, "display_only_cell_centroid_lon": -110, "display_only_cell_latitude_low": 6.379370208442807, "display_only_cell_latitude_high": 19.471220634490688, "display_only_cell_lon_low": -120, "display_only_cell_lon_high": -100, "source_taxon_cell_rows": 876, "n_unique_taxa": 876, "n_four_state_classified": 367, "n_unclassified": 509, "fraction_classifiable": 0.4189497716894977, "n_public_site_coordinates": 875, "n_source_climate_complete": 875, "n_source_soil_complete": 582, "n_source_all_abiotic_complete": 582, "n_colour_classified_and_full_abiotic": 242, "count_white": 154, "fraction_white_given_classified": 0.4196185286103542, "count_yellow_orange": 132, "fraction_yellow_orange_given_classified": 0.35967302452316074, "count_red_pink": 47, "fraction_red_pink_given_classified": 0.12806539509536785, "count_blue_purple": 34, "fraction_blue_purple_given_classified": 0.09264305177111716, "median_real_photo_wc_bio1": 24.333009719848636, "n_real_photo_wc_bio1": 875, "median_real_photo_wc_bio5": 32.302249908447266, "n_real_photo_wc_bio5": 875, "median_real_photo_wc_bio12": 1048.0, "n_real_photo_wc_bio12": 875, "median_real_photo_wc_bio15": 111.3274383544922, "n_real_photo_wc_bio15": 875, "median_real_photo_wc_elevation_m": 669.0, "n_real_photo_wc_elevation_m": 875, "median_real_photo_soil_pH": 6.116666666666666, "n_real_photo_soil_pH": 653, "median_real_photo_soil_SOC": 21.716666666666665, "n_real_photo_soil_SOC": 739, "median_real_photo_soil_N": 2.5166666666666666, "n_real_photo_soil_N": 656, "median_real_photo_soil_clay": 27.18333333333333, "n_real_photo_soil_clay": 653, "median_real_photo_soil_available_water_proxy": 16.050000000000004, "n_real_photo_soil_available_water_proxy": 653}, "geometry": {"type": "Polygon", "coordinates": [[[-120, 6.379370208442807], [-100, 6.379370208442807], [-100, 19.471220634490688], [-120, 19.471220634490688], [-120, 6.379370208442807]]]}}, {"type": "Feature", "id": 94, "properties": {"cell_id": 94, "display_only_cell_centroid_lat": 12.839588406904156, "display_only_cell_centroid_lon": -90, "display_only_cell_latitude_low": 6.379370208442807, "display_only_cell_latitude_high": 19.471220634490688, "display_only_cell_lon_low": -100, "display_only_cell_lon_high": -80, "source_taxon_cell_rows": 2044, "n_unique_taxa": 2044, "n_four_state_classified": 847, "n_unclassified": 1197, "fraction_classifiable": 0.4143835616438356, "n_public_site_coordinates": 2041, "n_source_climate_complete": 2041, "n_source_soil_complete": 1514, "n_source_all_abiotic_complete": 1514, "n_colour_classified_and_full_abiotic": 624, "count_white": 398, "fraction_white_given_classified": 0.46989374262101535, "count_yellow_orange": 241, "fraction_yellow_orange_given_classified": 0.2845336481700118, "count_red_pink": 141, "fraction_red_pink_given_classified": 0.16646989374262103, "count_blue_purple": 67, "fraction_blue_purple_given_classified": 0.07910271546635184, "median_real_photo_wc_bio1": 20.54452133178711, "n_real_photo_wc_bio1": 2041, "median_real_photo_wc_bio5": 28.67275047302246, "n_real_photo_wc_bio5": 2041, "median_real_photo_wc_bio12": 1391.0, "n_real_photo_wc_bio12": 2041, "median_real_photo_wc_bio15": 82.67898559570312, "n_real_photo_wc_bio15": 2041, "median_real_photo_wc_elevation_m": 1227.0, "n_real_photo_wc_elevation_m": 2041, "median_real_photo_soil_pH": 5.883333333333334, "n_real_photo_soil_pH": 1662, "median_real_photo_soil_SOC": 31.8, "n_real_photo_soil_SOC": 1675, "median_real_photo_soil_N": 3.098333333333333, "n_real_photo_soil_N": 1676, "median_real_photo_soil_clay": 32.75, "n_real_photo_soil_clay": 1662, "median_real_photo_soil_available_water_proxy": 13.7, "n_real_photo_soil_available_water_proxy": 1662}, "geometry": {"type": "Polygon", "coordinates": [[[-100, 6.379370208442807], [-80, 6.379370208442807], [-80, 19.471220634490688], [-100, 19.471220634490688], [-100, 6.379370208442807]]]}}, {"type": "Feature", "id": 95, "properties": {"cell_id": 95, "display_only_cell_centroid_lat": 12.839588406904156, "display_only_cell_centroid_lon": -70, "display_only_cell_latitude_low": 6.379370208442807, "display_only_cell_latitude_high": 19.471220634490688, "display_only_cell_lon_low": -80, "display_only_cell_lon_high": -60, "source_taxon_cell_rows": 1550, "n_unique_taxa": 1550, "n_four_state_classified": 606, "n_unclassified": 944, "fraction_classifiable": 0.3909677419354839, "n_public_site_coordinates": 1546, "n_source_climate_complete": 1546, "n_source_soil_complete": 936, "n_source_all_abiotic_complete": 936, "n_colour_classified_and_full_abiotic": 361, "count_white": 317, "fraction_white_given_classified": 0.523102310231023, "count_yellow_orange": 166, "fraction_yellow_orange_given_classified": 0.2739273927392739, "count_red_pink": 95, "fraction_red_pink_given_classified": 0.15676567656765678, "count_blue_purple": 28, "fraction_blue_purple_given_classified": 0.0462046204620462, "median_real_photo_wc_bio1": 25.136606216430664, "n_real_photo_wc_bio1": 1546, "median_real_photo_wc_bio5": 30.29459381103516, "n_real_photo_wc_bio5": 1546, "median_real_photo_wc_bio12": 1769.0, "n_real_photo_wc_bio12": 1546, "median_real_photo_wc_bio15": 45.80929183959961, "n_real_photo_wc_bio15": 1546, "median_real_photo_wc_elevation_m": 231.0, "n_real_photo_wc_elevation_m": 1546, "median_real_photo_soil_pH": 5.4, "n_real_photo_soil_pH": 1108, "median_real_photo_soil_SOC": 39.06666666666666, "n_real_photo_soil_SOC": 1078, "median_real_photo_soil_N": 3.405, "n_real_photo_soil_N": 1208, "median_real_photo_soil_clay": 38.45, "n_real_photo_soil_clay": 1108, "median_real_photo_soil_available_water_proxy": 12.416666666666671, "n_real_photo_soil_available_water_proxy": 1108}, "geometry": {"type": "Polygon", "coordinates": [[[-80, 6.379370208442807], [-60, 6.379370208442807], [-60, 19.471220634490688], [-80, 19.471220634490688], [-80, 6.379370208442807]]]}}, {"type": "Feature", "id": 96, "properties": {"cell_id": 96, "display_only_cell_centroid_lat": 12.839588406904156, "display_only_cell_centroid_lon": -50, "display_only_cell_latitude_low": 6.379370208442807, "display_only_cell_latitude_high": 19.471220634490688, "display_only_cell_lon_low": -60, "display_only_cell_lon_high": -40, "source_taxon_cell_rows": 59, "n_unique_taxa": 59, "n_four_state_classified": 24, "n_unclassified": 35, "fraction_classifiable": 0.4067796610169492, "n_public_site_coordinates": 59, "n_source_climate_complete": 57, "n_source_soil_complete": 17, "n_source_all_abiotic_complete": 17, "n_colour_classified_and_full_abiotic": 7, "count_white": 8, "fraction_white_given_classified": 0.3333333333333333, "count_yellow_orange": 6, "fraction_yellow_orange_given_classified": 0.25, "count_red_pink": 6, "fraction_red_pink_given_classified": 0.25, "count_blue_purple": 4, "fraction_blue_purple_given_classified": 0.16666666666666666, "median_real_photo_wc_bio1": 26.5184268951416, "n_real_photo_wc_bio1": 57, "median_real_photo_wc_bio5": 30.585050582885746, "n_real_photo_wc_bio5": 57, "median_real_photo_wc_bio12": 1607.0, "n_real_photo_wc_bio12": 57, "median_real_photo_wc_bio15": 44.85789489746094, "n_real_photo_wc_bio15": 57, "median_real_photo_wc_elevation_m": 85.0, "n_real_photo_wc_elevation_m": 57, "median_real_photo_soil_pH": 6.175000000000001, "n_real_photo_soil_pH": 28, "median_real_photo_soil_SOC": 41.11666666666667, "n_real_photo_soil_SOC": 27, "median_real_photo_soil_N": 3.995, "n_real_photo_soil_N": 22, "median_real_photo_soil_clay": 47.349999999999994, "n_real_photo_soil_clay": 28, "median_real_photo_soil_available_water_proxy": 10.18333333333333, "n_real_photo_soil_available_water_proxy": 28}, "geometry": {"type": "Polygon", "coordinates": [[[-60, 6.379370208442807], [-40, 6.379370208442807], [-40, 19.471220634490688], [-60, 19.471220634490688], [-60, 6.379370208442807]]]}}, {"type": "Feature", "id": 97, "properties": {"cell_id": 97, "display_only_cell_centroid_lat": 12.839588406904156, "display_only_cell_centroid_lon": -30, "display_only_cell_latitude_low": 6.379370208442807, "display_only_cell_latitude_high": 19.471220634490688, "display_only_cell_lon_low": -40, "display_only_cell_lon_high": -20, "source_taxon_cell_rows": 54, "n_unique_taxa": 54, "n_four_state_classified": 23, "n_unclassified": 31, "fraction_classifiable": 0.42592592592592593, "n_public_site_coordinates": 54, "n_source_climate_complete": 54, "n_source_soil_complete": 31, "n_source_all_abiotic_complete": 31, "n_colour_classified_and_full_abiotic": 13, "count_white": 13, "fraction_white_given_classified": 0.5652173913043478, "count_yellow_orange": 6, "fraction_yellow_orange_given_classified": 0.2608695652173913, "count_red_pink": 2, "fraction_red_pink_given_classified": 0.08695652173913043, "count_blue_purple": 2, "fraction_blue_purple_given_classified": 0.08695652173913043, "median_real_photo_wc_bio1": 21.91206169128418, "n_real_photo_wc_bio1": 54, "median_real_photo_wc_bio5": 26.68178081512451, "n_real_photo_wc_bio5": 54, "median_real_photo_wc_bio12": 297.0, "n_real_photo_wc_bio12": 54, "median_real_photo_wc_bio15": 153.4607696533203, "n_real_photo_wc_bio15": 54, "median_real_photo_wc_elevation_m": 306.0, "n_real_photo_wc_elevation_m": 54, "median_real_photo_soil_pH": 7.233333333333332, "n_real_photo_soil_pH": 33, "median_real_photo_soil_SOC": 23.966666666666665, "n_real_photo_soil_SOC": 43, "median_real_photo_soil_N": 2.285, "n_real_photo_soil_N": 38, "median_real_photo_soil_clay": 25.68333333333333, "n_real_photo_soil_clay": 33, "median_real_photo_soil_available_water_proxy": 12.76666666666667, "n_real_photo_soil_available_water_proxy": 33}, "geometry": {"type": "Polygon", "coordinates": [[[-40, 6.379370208442807], [-20, 6.379370208442807], [-20, 19.471220634490688], [-40, 19.471220634490688], [-40, 6.379370208442807]]]}}, {"type": "Feature", "id": 98, "properties": {"cell_id": 98, "display_only_cell_centroid_lat": 12.839588406904156, "display_only_cell_centroid_lon": -10, "display_only_cell_latitude_low": 6.379370208442807, "display_only_cell_latitude_high": 19.471220634490688, "display_only_cell_lon_low": -20, "display_only_cell_lon_high": 0, "source_taxon_cell_rows": 251, "n_unique_taxa": 251, "n_four_state_classified": 92, "n_unclassified": 159, "fraction_classifiable": 0.3665338645418327, "n_public_site_coordinates": 251, "n_source_climate_complete": 251, "n_source_soil_complete": 165, "n_source_all_abiotic_complete": 165, "n_colour_classified_and_full_abiotic": 57, "count_white": 50, "fraction_white_given_classified": 0.5434782608695652, "count_yellow_orange": 21, "fraction_yellow_orange_given_classified": 0.22826086956521738, "count_red_pink": 12, "fraction_red_pink_given_classified": 0.13043478260869565, "count_blue_purple": 9, "fraction_blue_purple_given_classified": 0.09782608695652174, "median_real_photo_wc_bio1": 26.50239562988281, "n_real_photo_wc_bio1": 251, "median_real_photo_wc_bio5": 34.61447525024414, "n_real_photo_wc_bio5": 251, "median_real_photo_wc_bio12": 1026.0, "n_real_photo_wc_bio12": 251, "median_real_photo_wc_bio15": 116.56623840332033, "n_real_photo_wc_bio15": 251, "median_real_photo_wc_elevation_m": 139.0, "n_real_photo_wc_elevation_m": 251, "median_real_photo_soil_pH": 5.7, "n_real_photo_soil_pH": 182, "median_real_photo_soil_SOC": 20.55, "n_real_photo_soil_SOC": 181, "median_real_photo_soil_N": 1.4066666666666665, "n_real_photo_soil_N": 191, "median_real_photo_soil_clay": 26.049999999999997, "n_real_photo_soil_clay": 182, "median_real_photo_soil_available_water_proxy": 10.8, "n_real_photo_soil_available_water_proxy": 182}, "geometry": {"type": "Polygon", "coordinates": [[[-20, 6.379370208442807], [0, 6.379370208442807], [0, 19.471220634490688], [-20, 19.471220634490688], [-20, 6.379370208442807]]]}}, {"type": "Feature", "id": 99, "properties": {"cell_id": 99, "display_only_cell_centroid_lat": 12.839588406904156, "display_only_cell_centroid_lon": 10, "display_only_cell_latitude_low": 6.379370208442807, "display_only_cell_latitude_high": 19.471220634490688, "display_only_cell_lon_low": 0, "display_only_cell_lon_high": 20, "source_taxon_cell_rows": 280, "n_unique_taxa": 280, "n_four_state_classified": 120, "n_unclassified": 160, "fraction_classifiable": 0.42857142857142855, "n_public_site_coordinates": 278, "n_source_climate_complete": 278, "n_source_soil_complete": 215, "n_source_all_abiotic_complete": 215, "n_colour_classified_and_full_abiotic": 97, "count_white": 59, "fraction_white_given_classified": 0.49166666666666664, "count_yellow_orange": 42, "fraction_yellow_orange_given_classified": 0.35, "count_red_pink": 17, "fraction_red_pink_given_classified": 0.14166666666666666, "count_blue_purple": 2, "fraction_blue_purple_given_classified": 0.016666666666666666, "median_real_photo_wc_bio1": 26.578020095825195, "n_real_photo_wc_bio1": 278, "median_real_photo_wc_bio5": 36.19525146484375, "n_real_photo_wc_bio5": 278, "median_real_photo_wc_bio12": 1084.0, "n_real_photo_wc_bio12": 278, "median_real_photo_wc_bio15": 98.51251220703124, "n_real_photo_wc_bio15": 278, "median_real_photo_wc_elevation_m": 346.0, "n_real_photo_wc_elevation_m": 278, "median_real_photo_soil_pH": 6.2, "n_real_photo_soil_pH": 258, "median_real_photo_soil_SOC": 8.666666666666668, "n_real_photo_soil_SOC": 254, "median_real_photo_soil_N": 1.045, "n_real_photo_soil_N": 230, "median_real_photo_soil_clay": 22.016666666666666, "n_real_photo_soil_clay": 258, "median_real_photo_soil_available_water_proxy": 12.183333333333334, "n_real_photo_soil_available_water_proxy": 258}, "geometry": {"type": "Polygon", "coordinates": [[[0, 6.379370208442807], [20, 6.379370208442807], [20, 19.471220634490688], [0, 19.471220634490688], [0, 6.379370208442807]]]}}, {"type": "Feature", "id": 100, "properties": {"cell_id": 100, "display_only_cell_centroid_lat": 12.839588406904156, "display_only_cell_centroid_lon": 30, "display_only_cell_latitude_low": 6.379370208442807, "display_only_cell_latitude_high": 19.471220634490688, "display_only_cell_lon_low": 20, "display_only_cell_lon_high": 40, "source_taxon_cell_rows": 180, "n_unique_taxa": 180, "n_four_state_classified": 100, "n_unclassified": 80, "fraction_classifiable": 0.5555555555555556, "n_public_site_coordinates": 180, "n_source_climate_complete": 180, "n_source_soil_complete": 156, "n_source_all_abiotic_complete": 156, "n_colour_classified_and_full_abiotic": 86, "count_white": 47, "fraction_white_given_classified": 0.47, "count_yellow_orange": 36, "fraction_yellow_orange_given_classified": 0.36, "count_red_pink": 7, "fraction_red_pink_given_classified": 0.07, "count_blue_purple": 10, "fraction_blue_purple_given_classified": 0.1, "median_real_photo_wc_bio1": 16.239978790283203, "n_real_photo_wc_bio1": 180, "median_real_photo_wc_bio5": 25.12012481689453, "n_real_photo_wc_bio5": 180, "median_real_photo_wc_bio12": 1045.0, "n_real_photo_wc_bio12": 180, "median_real_photo_wc_bio15": 95.04116821289062, "n_real_photo_wc_bio15": 180, "median_real_photo_wc_elevation_m": 2358.0, "n_real_photo_wc_elevation_m": 180, "median_real_photo_soil_pH": 6.383333333333334, "n_real_photo_soil_pH": 165, "median_real_photo_soil_SOC": 27.50833333333333, "n_real_photo_soil_SOC": 162, "median_real_photo_soil_N": 2.431666666666666, "n_real_photo_soil_N": 163, "median_real_photo_soil_clay": 37.88333333333333, "n_real_photo_soil_clay": 165, "median_real_photo_soil_available_water_proxy": 15.316666666666666, "n_real_photo_soil_available_water_proxy": 165}, "geometry": {"type": "Polygon", "coordinates": [[[20, 6.379370208442807], [40, 6.379370208442807], [40, 19.471220634490688], [20, 19.471220634490688], [20, 6.379370208442807]]]}}, {"type": "Feature", "id": 101, "properties": {"cell_id": 101, "display_only_cell_centroid_lat": 12.839588406904156, "display_only_cell_centroid_lon": 50, "display_only_cell_latitude_low": 6.379370208442807, "display_only_cell_latitude_high": 19.471220634490688, "display_only_cell_lon_low": 40, "display_only_cell_lon_high": 60, "source_taxon_cell_rows": 263, "n_unique_taxa": 263, "n_four_state_classified": 124, "n_unclassified": 139, "fraction_classifiable": 0.4714828897338403, "n_public_site_coordinates": 263, "n_source_climate_complete": 263, "n_source_soil_complete": 209, "n_source_all_abiotic_complete": 209, "n_colour_classified_and_full_abiotic": 100, "count_white": 58, "fraction_white_given_classified": 0.46774193548387094, "count_yellow_orange": 43, "fraction_yellow_orange_given_classified": 0.3467741935483871, "count_red_pink": 15, "fraction_red_pink_given_classified": 0.12096774193548387, "count_blue_purple": 8, "fraction_blue_purple_given_classified": 0.06451612903225806, "median_real_photo_wc_bio1": 24.597557067871094, "n_real_photo_wc_bio1": 263, "median_real_photo_wc_bio5": 32.445499420166016, "n_real_photo_wc_bio5": 263, "median_real_photo_wc_bio12": 148.0, "n_real_photo_wc_bio12": 263, "median_real_photo_wc_bio15": 64.8167953491211, "n_real_photo_wc_bio15": 263, "median_real_photo_wc_elevation_m": 461.0, "n_real_photo_wc_elevation_m": 263, "median_real_photo_soil_pH": 7.9, "n_real_photo_soil_pH": 225, "median_real_photo_soil_SOC": 14.316666666666666, "n_real_photo_soil_SOC": 224, "median_real_photo_soil_N": 1.721666666666667, "n_real_photo_soil_N": 222, "median_real_photo_soil_clay": 22.366666666666667, "n_real_photo_soil_clay": 225, "median_real_photo_soil_available_water_proxy": 12.500000000000002, "n_real_photo_soil_available_water_proxy": 225}, "geometry": {"type": "Polygon", "coordinates": [[[40, 6.379370208442807], [60, 6.379370208442807], [60, 19.471220634490688], [40, 19.471220634490688], [40, 6.379370208442807]]]}}, {"type": "Feature", "id": 102, "properties": {"cell_id": 102, "display_only_cell_centroid_lat": 12.839588406904156, "display_only_cell_centroid_lon": 70, "display_only_cell_latitude_low": 6.379370208442807, "display_only_cell_latitude_high": 19.471220634490688, "display_only_cell_lon_low": 60, "display_only_cell_lon_high": 80, "source_taxon_cell_rows": 1363, "n_unique_taxa": 1363, "n_four_state_classified": 556, "n_unclassified": 807, "fraction_classifiable": 0.40792369772560527, "n_public_site_coordinates": 1358, "n_source_climate_complete": 1357, "n_source_soil_complete": 909, "n_source_all_abiotic_complete": 909, "n_colour_classified_and_full_abiotic": 357, "count_white": 287, "fraction_white_given_classified": 0.5161870503597122, "count_yellow_orange": 161, "fraction_yellow_orange_given_classified": 0.289568345323741, "count_red_pink": 60, "fraction_red_pink_given_classified": 0.1079136690647482, "count_blue_purple": 48, "fraction_blue_purple_given_classified": 0.08633093525179857, "median_real_photo_wc_bio1": 26.176979064941406, "n_real_photo_wc_bio1": 1357, "median_real_photo_wc_bio5": 34.0620002746582, "n_real_photo_wc_bio5": 1357, "median_real_photo_wc_bio12": 2495.0, "n_real_photo_wc_bio12": 1357, "median_real_photo_wc_bio15": 143.71444702148438, "n_real_photo_wc_bio15": 1357, "median_real_photo_wc_elevation_m": 443.0, "n_real_photo_wc_elevation_m": 1357, "median_real_photo_soil_pH": 6.25, "n_real_photo_soil_pH": 1066, "median_real_photo_soil_SOC": 21.466666666666665, "n_real_photo_soil_SOC": 1050, "median_real_photo_soil_N": 2.245, "n_real_photo_soil_N": 1102, "median_real_photo_soil_clay": 35.40833333333333, "n_real_photo_soil_clay": 1066, "median_real_photo_soil_available_water_proxy": 16.725, "n_real_photo_soil_available_water_proxy": 1066}, "geometry": {"type": "Polygon", "coordinates": [[[60, 6.379370208442807], [80, 6.379370208442807], [80, 19.471220634490688], [60, 19.471220634490688], [60, 6.379370208442807]]]}}, {"type": "Feature", "id": 103, "properties": {"cell_id": 103, "display_only_cell_centroid_lat": 12.839588406904156, "display_only_cell_centroid_lon": 90, "display_only_cell_latitude_low": 6.379370208442807, "display_only_cell_latitude_high": 19.471220634490688, "display_only_cell_lon_low": 80, "display_only_cell_lon_high": 100, "source_taxon_cell_rows": 988, "n_unique_taxa": 988, "n_four_state_classified": 401, "n_unclassified": 587, "fraction_classifiable": 0.4058704453441296, "n_public_site_coordinates": 988, "n_source_climate_complete": 986, "n_source_soil_complete": 701, "n_source_all_abiotic_complete": 699, "n_colour_classified_and_full_abiotic": 279, "count_white": 206, "fraction_white_given_classified": 0.513715710723192, "count_yellow_orange": 106, "fraction_yellow_orange_given_classified": 0.26433915211970077, "count_red_pink": 50, "fraction_red_pink_given_classified": 0.12468827930174564, "count_blue_purple": 39, "fraction_blue_purple_given_classified": 0.09725685785536159, "median_real_photo_wc_bio1": 26.534162521362305, "n_real_photo_wc_bio1": 986, "median_real_photo_wc_bio5": 33.63440704345703, "n_real_photo_wc_bio5": 986, "median_real_photo_wc_bio12": 1293.0, "n_real_photo_wc_bio12": 986, "median_real_photo_wc_bio15": 80.61002349853516, "n_real_photo_wc_bio15": 986, "median_real_photo_wc_elevation_m": 211.5, "n_real_photo_wc_elevation_m": 986, "median_real_photo_soil_pH": 5.6, "n_real_photo_soil_pH": 778, "median_real_photo_soil_SOC": 24.35, "n_real_photo_soil_SOC": 806, "median_real_photo_soil_N": 2.333333333333333, "n_real_photo_soil_N": 787, "median_real_photo_soil_clay": 32.925, "n_real_photo_soil_clay": 778, "median_real_photo_soil_available_water_proxy": 13.416666666666671, "n_real_photo_soil_available_water_proxy": 778}, "geometry": {"type": "Polygon", "coordinates": [[[80, 6.379370208442807], [100, 6.379370208442807], [100, 19.471220634490688], [80, 19.471220634490688], [80, 6.379370208442807]]]}}, {"type": "Feature", "id": 104, "properties": {"cell_id": 104, "display_only_cell_centroid_lat": 12.839588406904156, "display_only_cell_centroid_lon": 110, "display_only_cell_latitude_low": 6.379370208442807, "display_only_cell_latitude_high": 19.471220634490688, "display_only_cell_lon_low": 100, "display_only_cell_lon_high": 120, "source_taxon_cell_rows": 712, "n_unique_taxa": 712, "n_four_state_classified": 271, "n_unclassified": 441, "fraction_classifiable": 0.3806179775280899, "n_public_site_coordinates": 710, "n_source_climate_complete": 710, "n_source_soil_complete": 491, "n_source_all_abiotic_complete": 491, "n_colour_classified_and_full_abiotic": 181, "count_white": 141, "fraction_white_given_classified": 0.5202952029520295, "count_yellow_orange": 73, "fraction_yellow_orange_given_classified": 0.2693726937269373, "count_red_pink": 40, "fraction_red_pink_given_classified": 0.14760147601476015, "count_blue_purple": 17, "fraction_blue_purple_given_classified": 0.06273062730627306, "median_real_photo_wc_bio1": 26.445281982421875, "n_real_photo_wc_bio1": 710, "median_real_photo_wc_bio5": 33.436248779296875, "n_real_photo_wc_bio5": 710, "median_real_photo_wc_bio12": 1358.0, "n_real_photo_wc_bio12": 710, "median_real_photo_wc_bio15": 82.05883026123047, "n_real_photo_wc_bio15": 710, "median_real_photo_wc_elevation_m": 162.0, "n_real_photo_wc_elevation_m": 710, "median_real_photo_soil_pH": 5.65, "n_real_photo_soil_pH": 552, "median_real_photo_soil_SOC": 20.966666666666665, "n_real_photo_soil_SOC": 550, "median_real_photo_soil_N": 1.790833333333333, "n_real_photo_soil_N": 532, "median_real_photo_soil_clay": 33.93333333333333, "n_real_photo_soil_clay": 552, "median_real_photo_soil_available_water_proxy": 13.833333333333332, "n_real_photo_soil_available_water_proxy": 552}, "geometry": {"type": "Polygon", "coordinates": [[[100, 6.379370208442807], [120, 6.379370208442807], [120, 19.471220634490688], [100, 19.471220634490688], [100, 6.379370208442807]]]}}, {"type": "Feature", "id": 105, "properties": {"cell_id": 105, "display_only_cell_centroid_lat": 12.839588406904156, "display_only_cell_centroid_lon": 130, "display_only_cell_latitude_low": 6.379370208442807, "display_only_cell_latitude_high": 19.471220634490688, "display_only_cell_lon_low": 120, "display_only_cell_lon_high": 140, "source_taxon_cell_rows": 384, "n_unique_taxa": 384, "n_four_state_classified": 162, "n_unclassified": 222, "fraction_classifiable": 0.421875, "n_public_site_coordinates": 384, "n_source_climate_complete": 384, "n_source_soil_complete": 220, "n_source_all_abiotic_complete": 220, "n_colour_classified_and_full_abiotic": 87, "count_white": 86, "fraction_white_given_classified": 0.5308641975308642, "count_yellow_orange": 40, "fraction_yellow_orange_given_classified": 0.24691358024691357, "count_red_pink": 30, "fraction_red_pink_given_classified": 0.18518518518518517, "count_blue_purple": 6, "fraction_blue_purple_given_classified": 0.037037037037037035, "median_real_photo_wc_bio1": 26.44417762756348, "n_real_photo_wc_bio1": 384, "median_real_photo_wc_bio5": 32.180402755737305, "n_real_photo_wc_bio5": 384, "median_real_photo_wc_bio12": 2281.0, "n_real_photo_wc_bio12": 384, "median_real_photo_wc_bio15": 51.30663299560547, "n_real_photo_wc_bio15": 384, "median_real_photo_wc_elevation_m": 133.0, "n_real_photo_wc_elevation_m": 384, "median_real_photo_soil_pH": 5.45, "n_real_photo_soil_pH": 268, "median_real_photo_soil_SOC": 31.73333333333333, "n_real_photo_soil_SOC": 272, "median_real_photo_soil_N": 2.4383333333333335, "n_real_photo_soil_N": 252, "median_real_photo_soil_clay": 36.28333333333333, "n_real_photo_soil_clay": 268, "median_real_photo_soil_available_water_proxy": 12.5, "n_real_photo_soil_available_water_proxy": 268}, "geometry": {"type": "Polygon", "coordinates": [[[120, 6.379370208442807], [140, 6.379370208442807], [140, 19.471220634490688], [120, 19.471220634490688], [120, 6.379370208442807]]]}}, {"type": "Feature", "id": 106, "properties": {"cell_id": 106, "display_only_cell_centroid_lat": 12.839588406904156, "display_only_cell_centroid_lon": 150, "display_only_cell_latitude_low": 6.379370208442807, "display_only_cell_latitude_high": 19.471220634490688, "display_only_cell_lon_low": 140, "display_only_cell_lon_high": 160, "source_taxon_cell_rows": 290, "n_unique_taxa": 290, "n_four_state_classified": 118, "n_unclassified": 172, "fraction_classifiable": 0.4068965517241379, "n_public_site_coordinates": 290, "n_source_climate_complete": 289, "n_source_soil_complete": 160, "n_source_all_abiotic_complete": 160, "n_colour_classified_and_full_abiotic": 65, "count_white": 67, "fraction_white_given_classified": 0.5677966101694916, "count_yellow_orange": 34, "fraction_yellow_orange_given_classified": 0.288135593220339, "count_red_pink": 12, "fraction_red_pink_given_classified": 0.1016949152542373, "count_blue_purple": 5, "fraction_blue_purple_given_classified": 0.0423728813559322, "median_real_photo_wc_bio1": 26.75731468200684, "n_real_photo_wc_bio1": 289, "median_real_photo_wc_bio5": 30.42625999450684, "n_real_photo_wc_bio5": 289, "median_real_photo_wc_bio12": 2257.0, "n_real_photo_wc_bio12": 289, "median_real_photo_wc_bio15": 53.03387069702149, "n_real_photo_wc_bio15": 289, "median_real_photo_wc_elevation_m": 79.0, "n_real_photo_wc_elevation_m": 289, "median_real_photo_soil_pH": 5.8, "n_real_photo_soil_pH": 198, "median_real_photo_soil_SOC": 45.73333333333333, "n_real_photo_soil_SOC": 170, "median_real_photo_soil_N": 2.878333333333333, "n_real_photo_soil_N": 204, "median_real_photo_soil_clay": 38.23333333333333, "n_real_photo_soil_clay": 198, "median_real_photo_soil_available_water_proxy": 15.900000000000002, "n_real_photo_soil_available_water_proxy": 198}, "geometry": {"type": "Polygon", "coordinates": [[[140, 6.379370208442807], [160, 6.379370208442807], [160, 19.471220634490688], [140, 19.471220634490688], [140, 6.379370208442807]]]}}, {"type": "Feature", "id": 107, "properties": {"cell_id": 107, "display_only_cell_centroid_lat": 12.839588406904156, "display_only_cell_centroid_lon": 170, "display_only_cell_latitude_low": 6.379370208442807, "display_only_cell_latitude_high": 19.471220634490688, "display_only_cell_lon_low": 160, "display_only_cell_lon_high": 180, "source_taxon_cell_rows": 14, "n_unique_taxa": 14, "n_four_state_classified": 6, "n_unclassified": 8, "fraction_classifiable": 0.42857142857142855, "n_public_site_coordinates": 14, "n_source_climate_complete": 14, "n_source_soil_complete": 0, "n_source_all_abiotic_complete": 0, "n_colour_classified_and_full_abiotic": 0, "count_white": 5, "fraction_white_given_classified": 0.8333333333333334, "count_yellow_orange": 0, "fraction_yellow_orange_given_classified": 0.0, "count_red_pink": 1, "fraction_red_pink_given_classified": 0.16666666666666666, "count_blue_purple": 0, "fraction_blue_purple_given_classified": 0.0, "median_real_photo_wc_bio1": 27.749305725097656, "n_real_photo_wc_bio1": 14, "median_real_photo_wc_bio5": 31.375, "n_real_photo_wc_bio5": 14, "median_real_photo_wc_bio12": 2418.5, "n_real_photo_wc_bio12": 14, "median_real_photo_wc_bio15": 36.10107231140137, "n_real_photo_wc_bio15": 14, "median_real_photo_wc_elevation_m": 3.0, "n_real_photo_wc_elevation_m": 14, "n_real_photo_soil_pH": 0, "n_real_photo_soil_SOC": 0, "n_real_photo_soil_N": 0, "n_real_photo_soil_clay": 0, "n_real_photo_soil_available_water_proxy": 0}, "geometry": {"type": "Polygon", "coordinates": [[[160, 6.379370208442807], [180, 6.379370208442807], [180, 19.471220634490688], [160, 19.471220634490688], [160, 6.379370208442807]]]}}, {"type": "Feature", "id": 108, "properties": {"cell_id": 108, "display_only_cell_centroid_lat": 26.387799961242997, "display_only_cell_centroid_lon": -170, "display_only_cell_latitude_low": 19.471220634490688, "display_only_cell_latitude_high": 33.74898859588859, "display_only_cell_lon_low": -180, "display_only_cell_lon_high": -160, "source_taxon_cell_rows": 10, "n_unique_taxa": 10, "n_four_state_classified": 6, "n_unclassified": 4, "fraction_classifiable": 0.6, "n_public_site_coordinates": 10, "n_source_climate_complete": 7, "n_source_soil_complete": 0, "n_source_all_abiotic_complete": 0, "n_colour_classified_and_full_abiotic": 0, "count_white": 2, "fraction_white_given_classified": 0.3333333333333333, "count_yellow_orange": 3, "fraction_yellow_orange_given_classified": 0.5, "count_red_pink": 1, "fraction_red_pink_given_classified": 0.16666666666666666, "count_blue_purple": 0, "fraction_blue_purple_given_classified": 0.0, "median_real_photo_wc_bio1": 23.622222900390625, "n_real_photo_wc_bio1": 7, "median_real_photo_wc_bio5": 28.799999237060547, "n_real_photo_wc_bio5": 7, "median_real_photo_wc_bio12": 986.0, "n_real_photo_wc_bio12": 7, "median_real_photo_wc_bio15": 44.17570114135742, "n_real_photo_wc_bio15": 7, "median_real_photo_wc_elevation_m": 8.0, "n_real_photo_wc_elevation_m": 7, "n_real_photo_soil_pH": 0, "n_real_photo_soil_SOC": 0, "n_real_photo_soil_N": 0, "n_real_photo_soil_clay": 0, "n_real_photo_soil_available_water_proxy": 0}, "geometry": {"type": "Polygon", "coordinates": [[[-180, 19.471220634490688], [-160, 19.471220634490688], [-160, 33.74898859588859], [-180, 33.74898859588859], [-180, 19.471220634490688]]]}}, {"type": "Feature", "id": 109, "properties": {"cell_id": 109, "display_only_cell_centroid_lat": 26.387799961242997, "display_only_cell_centroid_lon": -150, "display_only_cell_latitude_low": 19.471220634490688, "display_only_cell_latitude_high": 33.74898859588859, "display_only_cell_lon_low": -160, "display_only_cell_lon_high": -140, "source_taxon_cell_rows": 487, "n_unique_taxa": 487, "n_four_state_classified": 205, "n_unclassified": 282, "fraction_classifiable": 0.4209445585215606, "n_public_site_coordinates": 485, "n_source_climate_complete": 484, "n_source_soil_complete": 250, "n_source_all_abiotic_complete": 250, "n_colour_classified_and_full_abiotic": 107, "count_white": 98, "fraction_white_given_classified": 0.47804878048780486, "count_yellow_orange": 65, "fraction_yellow_orange_given_classified": 0.3170731707317073, "count_red_pink": 35, "fraction_red_pink_given_classified": 0.17073170731707318, "count_blue_purple": 7, "fraction_blue_purple_given_classified": 0.03414634146341464, "median_real_photo_wc_bio1": 21.970046997070312, "n_real_photo_wc_bio1": 484, "median_real_photo_wc_bio5": 27.4451847076416, "n_real_photo_wc_bio5": 484, "median_real_photo_wc_bio12": 1669.0, "n_real_photo_wc_bio12": 484, "median_real_photo_wc_bio15": 34.77018356323242, "n_real_photo_wc_bio15": 484, "median_real_photo_wc_elevation_m": 215.0, "n_real_photo_wc_elevation_m": 484, "median_real_photo_soil_pH": 5.45, "n_real_photo_soil_pH": 300, "median_real_photo_soil_SOC": 40.16666666666667, "n_real_photo_soil_SOC": 319, "median_real_photo_soil_N": 2.848333333333333, "n_real_photo_soil_N": 328, "median_real_photo_soil_clay": 34.56666666666667, "n_real_photo_soil_clay": 300, "median_real_photo_soil_available_water_proxy": 14.633333333333333, "n_real_photo_soil_available_water_proxy": 300}, "geometry": {"type": "Polygon", "coordinates": [[[-160, 19.471220634490688], [-140, 19.471220634490688], [-140, 33.74898859588859], [-160, 33.74898859588859], [-160, 19.471220634490688]]]}}, {"type": "Feature", "id": 110, "properties": {"cell_id": 110, "display_only_cell_centroid_lat": 26.387799961242997, "display_only_cell_centroid_lon": -130, "display_only_cell_latitude_low": 19.471220634490688, "display_only_cell_latitude_high": 33.74898859588859, "display_only_cell_lon_low": -140, "display_only_cell_lon_high": -120, "source_taxon_cell_rows": 0, "n_unique_taxa": 0, "n_four_state_classified": 0, "n_unclassified": 0, "fraction_classifiable": null, "n_public_site_coordinates": 0, "n_source_climate_complete": 0, "n_source_soil_complete": 0, "n_source_all_abiotic_complete": 0, "n_colour_classified_and_full_abiotic": 0, "count_white": 0, "fraction_white_given_classified": null, "count_yellow_orange": 0, "fraction_yellow_orange_given_classified": null, "count_red_pink": 0, "fraction_red_pink_given_classified": null, "count_blue_purple": 0, "fraction_blue_purple_given_classified": null, "n_real_photo_wc_bio1": 0, "n_real_photo_wc_bio5": 0, "n_real_photo_wc_bio12": 0, "n_real_photo_wc_bio15": 0, "n_real_photo_wc_elevation_m": 0, "n_real_photo_soil_pH": 0, "n_real_photo_soil_SOC": 0, "n_real_photo_soil_N": 0, "n_real_photo_soil_clay": 0, "n_real_photo_soil_available_water_proxy": 0}, "geometry": {"type": "Polygon", "coordinates": [[[-140, 19.471220634490688], [-120, 19.471220634490688], [-120, 33.74898859588859], [-140, 33.74898859588859], [-140, 19.471220634490688]]]}}, {"type": "Feature", "id": 111, "properties": {"cell_id": 111, "display_only_cell_centroid_lat": 26.387799961242997, "display_only_cell_centroid_lon": -110, "display_only_cell_latitude_low": 19.471220634490688, "display_only_cell_latitude_high": 33.74898859588859, "display_only_cell_lon_low": -120, "display_only_cell_lon_high": -100, "source_taxon_cell_rows": 1757, "n_unique_taxa": 1757, "n_four_state_classified": 820, "n_unclassified": 937, "fraction_classifiable": 0.466704610130905, "n_public_site_coordinates": 1756, "n_source_climate_complete": 1756, "n_source_soil_complete": 1293, "n_source_all_abiotic_complete": 1293, "n_colour_classified_and_full_abiotic": 605, "count_white": 318, "fraction_white_given_classified": 0.3878048780487805, "count_yellow_orange": 331, "fraction_yellow_orange_given_classified": 0.4036585365853659, "count_red_pink": 84, "fraction_red_pink_given_classified": 0.1024390243902439, "count_blue_purple": 87, "fraction_blue_purple_given_classified": 0.10609756097560975, "median_real_photo_wc_bio1": 17.44241714477539, "n_real_photo_wc_bio1": 1756, "median_real_photo_wc_bio5": 32.14950180053711, "n_real_photo_wc_bio5": 1756, "median_real_photo_wc_bio12": 449.0, "n_real_photo_wc_bio12": 1756, "median_real_photo_wc_bio15": 80.09112548828125, "n_real_photo_wc_bio15": 1756, "median_real_photo_wc_elevation_m": 941.0, "n_real_photo_wc_elevation_m": 1756, "median_real_photo_soil_pH": 6.9, "n_real_photo_soil_pH": 1431, "median_real_photo_soil_SOC": 14.433333333333334, "n_real_photo_soil_SOC": 1402, "median_real_photo_soil_N": 1.4533333333333334, "n_real_photo_soil_N": 1426, "median_real_photo_soil_clay": 23.933333333333334, "n_real_photo_soil_clay": 1431, "median_real_photo_soil_available_water_proxy": 14.533333333333331, "n_real_photo_soil_available_water_proxy": 1431}, "geometry": {"type": "Polygon", "coordinates": [[[-120, 19.471220634490688], [-100, 19.471220634490688], [-100, 33.74898859588859], [-120, 33.74898859588859], [-120, 19.471220634490688]]]}}, {"type": "Feature", "id": 112, "properties": {"cell_id": 112, "display_only_cell_centroid_lat": 26.387799961242997, "display_only_cell_centroid_lon": -90, "display_only_cell_latitude_low": 19.471220634490688, "display_only_cell_latitude_high": 33.74898859588859, "display_only_cell_lon_low": -100, "display_only_cell_lon_high": -80, "source_taxon_cell_rows": 1531, "n_unique_taxa": 1531, "n_four_state_classified": 759, "n_unclassified": 772, "fraction_classifiable": 0.495754408883083, "n_public_site_coordinates": 1526, "n_source_climate_complete": 1526, "n_source_soil_complete": 969, "n_source_all_abiotic_complete": 969, "n_colour_classified_and_full_abiotic": 469, "count_white": 386, "fraction_white_given_classified": 0.5085638998682477, "count_yellow_orange": 232, "fraction_yellow_orange_given_classified": 0.30566534914361, "count_red_pink": 60, "fraction_red_pink_given_classified": 0.07905138339920949, "count_blue_purple": 81, "fraction_blue_purple_given_classified": 0.1067193675889328, "median_real_photo_wc_bio1": 19.74838638305664, "n_real_photo_wc_bio1": 1526, "median_real_photo_wc_bio5": 33.199249267578125, "n_real_photo_wc_bio5": 1526, "median_real_photo_wc_bio12": 1225.0, "n_real_photo_wc_bio12": 1526, "median_real_photo_wc_bio15": 34.14939880371094, "n_real_photo_wc_bio15": 1526, "median_real_photo_wc_elevation_m": 51.0, "n_real_photo_wc_elevation_m": 1526, "median_real_photo_soil_pH": 5.95, "n_real_photo_soil_pH": 1153, "median_real_photo_soil_SOC": 18.616666666666667, "n_real_photo_soil_SOC": 1170, "median_real_photo_soil_N": 1.8416666666666663, "n_real_photo_soil_N": 1116, "median_real_photo_soil_clay": 26.65, "n_real_photo_soil_clay": 1153, "median_real_photo_soil_available_water_proxy": 14.733333333333334, "n_real_photo_soil_available_water_proxy": 1153}, "geometry": {"type": "Polygon", "coordinates": [[[-100, 19.471220634490688], [-80, 19.471220634490688], [-80, 33.74898859588859], [-100, 33.74898859588859], [-100, 19.471220634490688]]]}}, {"type": "Feature", "id": 113, "properties": {"cell_id": 113, "display_only_cell_centroid_lat": 26.387799961242997, "display_only_cell_centroid_lon": -70, "display_only_cell_latitude_low": 19.471220634490688, "display_only_cell_latitude_high": 33.74898859588859, "display_only_cell_lon_low": -80, "display_only_cell_lon_high": -60, "source_taxon_cell_rows": 879, "n_unique_taxa": 879, "n_four_state_classified": 401, "n_unclassified": 478, "fraction_classifiable": 0.45620022753128553, "n_public_site_coordinates": 879, "n_source_climate_complete": 879, "n_source_soil_complete": 359, "n_source_all_abiotic_complete": 359, "n_colour_classified_and_full_abiotic": 179, "count_white": 193, "fraction_white_given_classified": 0.48129675810473815, "count_yellow_orange": 125, "fraction_yellow_orange_given_classified": 0.3117206982543641, "count_red_pink": 52, "fraction_red_pink_given_classified": 0.12967581047381546, "count_blue_purple": 31, "fraction_blue_purple_given_classified": 0.0773067331670823, "median_real_photo_wc_bio1": 22.190082550048828, "n_real_photo_wc_bio1": 879, "median_real_photo_wc_bio5": 32.05921936035156, "n_real_photo_wc_bio5": 879, "median_real_photo_wc_bio12": 1300.0, "n_real_photo_wc_bio12": 879, "median_real_photo_wc_bio15": 34.520076751708984, "n_real_photo_wc_bio15": 879, "median_real_photo_wc_elevation_m": 12.0, "n_real_photo_wc_elevation_m": 879, "median_real_photo_soil_pH": 5.183333333333334, "n_real_photo_soil_pH": 474, "median_real_photo_soil_SOC": 38.35, "n_real_photo_soil_SOC": 430, "median_real_photo_soil_N": 3.4266666666666667, "n_real_photo_soil_N": 464, "median_real_photo_soil_clay": 27.616666666666667, "n_real_photo_soil_clay": 474, "median_real_photo_soil_available_water_proxy": 10.00833333333333, "n_real_photo_soil_available_water_proxy": 474}, "geometry": {"type": "Polygon", "coordinates": [[[-80, 19.471220634490688], [-60, 19.471220634490688], [-60, 33.74898859588859], [-80, 33.74898859588859], [-80, 19.471220634490688]]]}}, {"type": "Feature", "id": 114, "properties": {"cell_id": 114, "display_only_cell_centroid_lat": 26.387799961242997, "display_only_cell_centroid_lon": -50, "display_only_cell_latitude_low": 19.471220634490688, "display_only_cell_latitude_high": 33.74898859588859, "display_only_cell_lon_low": -60, "display_only_cell_lon_high": -40, "source_taxon_cell_rows": 0, "n_unique_taxa": 0, "n_four_state_classified": 0, "n_unclassified": 0, "fraction_classifiable": null, "n_public_site_coordinates": 0, "n_source_climate_complete": 0, "n_source_soil_complete": 0, "n_source_all_abiotic_complete": 0, "n_colour_classified_and_full_abiotic": 0, "count_white": 0, "fraction_white_given_classified": null, "count_yellow_orange": 0, "fraction_yellow_orange_given_classified": null, "count_red_pink": 0, "fraction_red_pink_given_classified": null, "count_blue_purple": 0, "fraction_blue_purple_given_classified": null, "n_real_photo_wc_bio1": 0, "n_real_photo_wc_bio5": 0, "n_real_photo_wc_bio12": 0, "n_real_photo_wc_bio15": 0, "n_real_photo_wc_elevation_m": 0, "n_real_photo_soil_pH": 0, "n_real_photo_soil_SOC": 0, "n_real_photo_soil_N": 0, "n_real_photo_soil_clay": 0, "n_real_photo_soil_available_water_proxy": 0}, "geometry": {"type": "Polygon", "coordinates": [[[-60, 19.471220634490688], [-40, 19.471220634490688], [-40, 33.74898859588859], [-60, 33.74898859588859], [-60, 19.471220634490688]]]}}, {"type": "Feature", "id": 115, "properties": {"cell_id": 115, "display_only_cell_centroid_lat": 26.387799961242997, "display_only_cell_centroid_lon": -30, "display_only_cell_latitude_low": 19.471220634490688, "display_only_cell_latitude_high": 33.74898859588859, "display_only_cell_lon_low": -40, "display_only_cell_lon_high": -20, "source_taxon_cell_rows": 0, "n_unique_taxa": 0, "n_four_state_classified": 0, "n_unclassified": 0, "fraction_classifiable": null, "n_public_site_coordinates": 0, "n_source_climate_complete": 0, "n_source_soil_complete": 0, "n_source_all_abiotic_complete": 0, "n_colour_classified_and_full_abiotic": 0, "count_white": 0, "fraction_white_given_classified": null, "count_yellow_orange": 0, "fraction_yellow_orange_given_classified": null, "count_red_pink": 0, "fraction_red_pink_given_classified": null, "count_blue_purple": 0, "fraction_blue_purple_given_classified": null, "n_real_photo_wc_bio1": 0, "n_real_photo_wc_bio5": 0, "n_real_photo_wc_bio12": 0, "n_real_photo_wc_bio15": 0, "n_real_photo_wc_elevation_m": 0, "n_real_photo_soil_pH": 0, "n_real_photo_soil_SOC": 0, "n_real_photo_soil_N": 0, "n_real_photo_soil_clay": 0, "n_real_photo_soil_available_water_proxy": 0}, "geometry": {"type": "Polygon", "coordinates": [[[-40, 19.471220634490688], [-20, 19.471220634490688], [-20, 33.74898859588859], [-40, 33.74898859588859], [-40, 19.471220634490688]]]}}, {"type": "Feature", "id": 116, "properties": {"cell_id": 116, "display_only_cell_centroid_lat": 26.387799961242997, "display_only_cell_centroid_lon": -10, "display_only_cell_latitude_low": 19.471220634490688, "display_only_cell_latitude_high": 33.74898859588859, "display_only_cell_lon_low": -20, "display_only_cell_lon_high": 0, "source_taxon_cell_rows": 1196, "n_unique_taxa": 1196, "n_four_state_classified": 562, "n_unclassified": 634, "fraction_classifiable": 0.4698996655518395, "n_public_site_coordinates": 1194, "n_source_climate_complete": 1191, "n_source_soil_complete": 710, "n_source_all_abiotic_complete": 710, "n_colour_classified_and_full_abiotic": 334, "count_white": 236, "fraction_white_given_classified": 0.4199288256227758, "count_yellow_orange": 230, "fraction_yellow_orange_given_classified": 0.4092526690391459, "count_red_pink": 51, "fraction_red_pink_given_classified": 0.09074733096085409, "count_blue_purple": 45, "fraction_blue_purple_given_classified": 0.0800711743772242, "median_real_photo_wc_bio1": 17.054601669311523, "n_real_photo_wc_bio1": 1191, "median_real_photo_wc_bio5": 26.25849914550781, "n_real_photo_wc_bio5": 1191, "median_real_photo_wc_bio12": 357.0, "n_real_photo_wc_bio12": 1191, "median_real_photo_wc_bio15": 72.39582061767578, "n_real_photo_wc_bio15": 1191, "median_real_photo_wc_elevation_m": 725.0, "n_real_photo_wc_elevation_m": 1191, "median_real_photo_soil_pH": 7.283333333333333, "n_real_photo_soil_pH": 821, "median_real_photo_soil_SOC": 23.333333333333336, "n_real_photo_soil_SOC": 813, "median_real_photo_soil_N": 2.0383333333333336, "n_real_photo_soil_N": 947, "median_real_photo_soil_clay": 27.18333333333333, "n_real_photo_soil_clay": 821, "median_real_photo_soil_available_water_proxy": 12.866666666666667, "n_real_photo_soil_available_water_proxy": 821}, "geometry": {"type": "Polygon", "coordinates": [[[-20, 19.471220634490688], [0, 19.471220634490688], [0, 33.74898859588859], [-20, 33.74898859588859], [-20, 19.471220634490688]]]}}, {"type": "Feature", "id": 117, "properties": {"cell_id": 117, "display_only_cell_centroid_lat": 26.387799961242997, "display_only_cell_centroid_lon": 10, "display_only_cell_latitude_low": 19.471220634490688, "display_only_cell_latitude_high": 33.74898859588859, "display_only_cell_lon_low": 0, "display_only_cell_lon_high": 20, "source_taxon_cell_rows": 92, "n_unique_taxa": 92, "n_four_state_classified": 31, "n_unclassified": 61, "fraction_classifiable": 0.33695652173913043, "n_public_site_coordinates": 92, "n_source_climate_complete": 92, "n_source_soil_complete": 85, "n_source_all_abiotic_complete": 85, "n_colour_classified_and_full_abiotic": 27, "count_white": 5, "fraction_white_given_classified": 0.16129032258064516, "count_yellow_orange": 19, "fraction_yellow_orange_given_classified": 0.6129032258064516, "count_red_pink": 3, "fraction_red_pink_given_classified": 0.0967741935483871, "count_blue_purple": 4, "fraction_blue_purple_given_classified": 0.12903225806451613, "median_real_photo_wc_bio1": 21.28086471557617, "n_real_photo_wc_bio1": 92, "median_real_photo_wc_bio5": 36.7807502746582, "n_real_photo_wc_bio5": 92, "median_real_photo_wc_bio12": 56.5, "n_real_photo_wc_bio12": 92, "median_real_photo_wc_bio15": 47.45425415039063, "n_real_photo_wc_bio15": 92, "median_real_photo_wc_elevation_m": 808.0, "n_real_photo_wc_elevation_m": 92, "median_real_photo_soil_pH": 8.2, "n_real_photo_soil_pH": 87, "median_real_photo_soil_SOC": 5.866666666666666, "n_real_photo_soil_SOC": 87, "median_real_photo_soil_N": 0.9716666666666668, "n_real_photo_soil_N": 87, "median_real_photo_soil_clay": 23.633333333333333, "n_real_photo_soil_clay": 87, "median_real_photo_soil_available_water_proxy": 14.966666666666663, "n_real_photo_soil_available_water_proxy": 87}, "geometry": {"type": "Polygon", "coordinates": [[[0, 19.471220634490688], [20, 19.471220634490688], [20, 33.74898859588859], [0, 33.74898859588859], [0, 19.471220634490688]]]}}, {"type": "Feature", "id": 118, "properties": {"cell_id": 118, "display_only_cell_centroid_lat": 26.387799961242997, "display_only_cell_centroid_lon": 30, "display_only_cell_latitude_low": 19.471220634490688, "display_only_cell_latitude_high": 33.74898859588859, "display_only_cell_lon_low": 20, "display_only_cell_lon_high": 40, "source_taxon_cell_rows": 972, "n_unique_taxa": 972, "n_four_state_classified": 444, "n_unclassified": 528, "fraction_classifiable": 0.4567901234567901, "n_public_site_coordinates": 971, "n_source_climate_complete": 971, "n_source_soil_complete": 615, "n_source_all_abiotic_complete": 615, "n_colour_classified_and_full_abiotic": 280, "count_white": 190, "fraction_white_given_classified": 0.42792792792792794, "count_yellow_orange": 174, "fraction_yellow_orange_given_classified": 0.3918918918918919, "count_red_pink": 47, "fraction_red_pink_given_classified": 0.10585585585585586, "count_blue_purple": 33, "fraction_blue_purple_given_classified": 0.07432432432432433, "median_real_photo_wc_bio1": 18.702125549316406, "n_real_photo_wc_bio1": 971, "median_real_photo_wc_bio5": 30.59136390686035, "n_real_photo_wc_bio5": 971, "median_real_photo_wc_bio12": 458.0, "n_real_photo_wc_bio12": 971, "median_real_photo_wc_bio15": 109.27082824707033, "n_real_photo_wc_bio15": 971, "median_real_photo_wc_elevation_m": 374.0, "n_real_photo_wc_elevation_m": 971, "median_real_photo_soil_pH": 7.8, "n_real_photo_soil_pH": 787, "median_real_photo_soil_SOC": 18.4, "n_real_photo_soil_SOC": 771, "median_real_photo_soil_N": 1.5883333333333334, "n_real_photo_soil_N": 717, "median_real_photo_soil_clay": 38.48333333333333, "n_real_photo_soil_clay": 787, "median_real_photo_soil_available_water_proxy": 9.55, "n_real_photo_soil_available_water_proxy": 787}, "geometry": {"type": "Polygon", "coordinates": [[[20, 19.471220634490688], [40, 19.471220634490688], [40, 33.74898859588859], [20, 33.74898859588859], [20, 19.471220634490688]]]}}, {"type": "Feature", "id": 119, "properties": {"cell_id": 119, "display_only_cell_centroid_lat": 26.387799961242997, "display_only_cell_centroid_lon": 50, "display_only_cell_latitude_low": 19.471220634490688, "display_only_cell_latitude_high": 33.74898859588859, "display_only_cell_lon_low": 40, "display_only_cell_lon_high": 60, "source_taxon_cell_rows": 427, "n_unique_taxa": 427, "n_four_state_classified": 188, "n_unclassified": 239, "fraction_classifiable": 0.44028103044496486, "n_public_site_coordinates": 427, "n_source_climate_complete": 427, "n_source_soil_complete": 285, "n_source_all_abiotic_complete": 285, "n_colour_classified_and_full_abiotic": 124, "count_white": 84, "fraction_white_given_classified": 0.44680851063829785, "count_yellow_orange": 84, "fraction_yellow_orange_given_classified": 0.44680851063829785, "count_red_pink": 12, "fraction_red_pink_given_classified": 0.06382978723404255, "count_blue_purple": 8, "fraction_blue_purple_given_classified": 0.0425531914893617, "median_real_photo_wc_bio1": 26.267541885375977, "n_real_photo_wc_bio1": 427, "median_real_photo_wc_bio5": 39.903751373291016, "n_real_photo_wc_bio5": 427, "median_real_photo_wc_bio12": 149.0, "n_real_photo_wc_bio12": 427, "median_real_photo_wc_bio15": 90.14913177490234, "n_real_photo_wc_bio15": 427, "median_real_photo_wc_elevation_m": 244.0, "n_real_photo_wc_elevation_m": 427, "median_real_photo_soil_pH": 7.983333333333332, "n_real_photo_soil_pH": 316, "median_real_photo_soil_SOC": 6.283333333333333, "n_real_photo_soil_SOC": 312, "median_real_photo_soil_N": 1.0066666666666668, "n_real_photo_soil_N": 315, "median_real_photo_soil_clay": 21.0, "n_real_photo_soil_clay": 316, "median_real_photo_soil_available_water_proxy": 13.308333333333334, "n_real_photo_soil_available_water_proxy": 316}, "geometry": {"type": "Polygon", "coordinates": [[[40, 19.471220634490688], [60, 19.471220634490688], [60, 33.74898859588859], [40, 33.74898859588859], [40, 19.471220634490688]]]}}, {"type": "Feature", "id": 120, "properties": {"cell_id": 120, "display_only_cell_centroid_lat": 26.387799961242997, "display_only_cell_centroid_lon": 70, "display_only_cell_latitude_low": 19.471220634490688, "display_only_cell_latitude_high": 33.74898859588859, "display_only_cell_lon_low": 60, "display_only_cell_lon_high": 80, "source_taxon_cell_rows": 930, "n_unique_taxa": 930, "n_four_state_classified": 402, "n_unclassified": 528, "fraction_classifiable": 0.432258064516129, "n_public_site_coordinates": 928, "n_source_climate_complete": 928, "n_source_soil_complete": 739, "n_source_all_abiotic_complete": 739, "n_colour_classified_and_full_abiotic": 326, "count_white": 193, "fraction_white_given_classified": 0.48009950248756217, "count_yellow_orange": 128, "fraction_yellow_orange_given_classified": 0.31840796019900497, "count_red_pink": 47, "fraction_red_pink_given_classified": 0.11691542288557213, "count_blue_purple": 34, "fraction_blue_purple_given_classified": 0.0845771144278607, "median_real_photo_wc_bio1": 26.070630073547363, "n_real_photo_wc_bio1": 928, "median_real_photo_wc_bio5": 37.20750045776367, "n_real_photo_wc_bio5": 928, "median_real_photo_wc_bio12": 1005.0, "n_real_photo_wc_bio12": 928, "median_real_photo_wc_bio15": 142.7758331298828, "n_real_photo_wc_bio15": 928, "median_real_photo_wc_elevation_m": 262.0, "n_real_photo_wc_elevation_m": 928, "median_real_photo_soil_pH": 6.9, "n_real_photo_soil_pH": 824, "median_real_photo_soil_SOC": 14.366666666666664, "n_real_photo_soil_SOC": 838, "median_real_photo_soil_N": 1.6733333333333331, "n_real_photo_soil_N": 810, "median_real_photo_soil_clay": 31.066666666666666, "n_real_photo_soil_clay": 824, "median_real_photo_soil_available_water_proxy": 16.491666666666664, "n_real_photo_soil_available_water_proxy": 824}, "geometry": {"type": "Polygon", "coordinates": [[[60, 19.471220634490688], [80, 19.471220634490688], [80, 33.74898859588859], [60, 33.74898859588859], [60, 19.471220634490688]]]}}, {"type": "Feature", "id": 121, "properties": {"cell_id": 121, "display_only_cell_centroid_lat": 26.387799961242997, "display_only_cell_centroid_lon": 90, "display_only_cell_latitude_low": 19.471220634490688, "display_only_cell_latitude_high": 33.74898859588859, "display_only_cell_lon_low": 80, "display_only_cell_lon_high": 100, "source_taxon_cell_rows": 1462, "n_unique_taxa": 1462, "n_four_state_classified": 675, "n_unclassified": 787, "fraction_classifiable": 0.46169630642954856, "n_public_site_coordinates": 1459, "n_source_climate_complete": 1459, "n_source_soil_complete": 1231, "n_source_all_abiotic_complete": 1231, "n_colour_classified_and_full_abiotic": 566, "count_white": 313, "fraction_white_given_classified": 0.46370370370370373, "count_yellow_orange": 183, "fraction_yellow_orange_given_classified": 0.27111111111111114, "count_red_pink": 95, "fraction_red_pink_given_classified": 0.14074074074074075, "count_blue_purple": 84, "fraction_blue_purple_given_classified": 0.12444444444444444, "median_real_photo_wc_bio1": 13.390832901000977, "n_real_photo_wc_bio1": 1459, "median_real_photo_wc_bio5": 22.90250015258789, "n_real_photo_wc_bio5": 1459, "median_real_photo_wc_bio12": 1171.0, "n_real_photo_wc_bio12": 1459, "median_real_photo_wc_bio15": 89.99475860595703, "n_real_photo_wc_bio15": 1459, "median_real_photo_wc_elevation_m": 2278.0, "n_real_photo_wc_elevation_m": 1459, "median_real_photo_soil_pH": 5.9, "n_real_photo_soil_pH": 1311, "median_real_photo_soil_SOC": 36.7, "n_real_photo_soil_SOC": 1287, "median_real_photo_soil_N": 3.066666666666667, "n_real_photo_soil_N": 1319, "median_real_photo_soil_clay": 23.1, "n_real_photo_soil_clay": 1311, "median_real_photo_soil_available_water_proxy": 16.599999999999994, "n_real_photo_soil_available_water_proxy": 1311}, "geometry": {"type": "Polygon", "coordinates": [[[80, 19.471220634490688], [100, 19.471220634490688], [100, 33.74898859588859], [80, 33.74898859588859], [80, 19.471220634490688]]]}}, {"type": "Feature", "id": 122, "properties": {"cell_id": 122, "display_only_cell_centroid_lat": 26.387799961242997, "display_only_cell_centroid_lon": 110, "display_only_cell_latitude_low": 19.471220634490688, "display_only_cell_latitude_high": 33.74898859588859, "display_only_cell_lon_low": 100, "display_only_cell_lon_high": 120, "source_taxon_cell_rows": 1319, "n_unique_taxa": 1319, "n_four_state_classified": 618, "n_unclassified": 701, "fraction_classifiable": 0.46853677028051555, "n_public_site_coordinates": 1319, "n_source_climate_complete": 1319, "n_source_soil_complete": 697, "n_source_all_abiotic_complete": 697, "n_colour_classified_and_full_abiotic": 331, "count_white": 342, "fraction_white_given_classified": 0.5533980582524272, "count_yellow_orange": 157, "fraction_yellow_orange_given_classified": 0.2540453074433657, "count_red_pink": 57, "fraction_red_pink_given_classified": 0.09223300970873786, "count_blue_purple": 62, "fraction_blue_purple_given_classified": 0.10032362459546926, "median_real_photo_wc_bio1": 21.798437118530277, "n_real_photo_wc_bio1": 1319, "median_real_photo_wc_bio5": 30.74893569946289, "n_real_photo_wc_bio5": 1319, "median_real_photo_wc_bio12": 1628.0, "n_real_photo_wc_bio12": 1319, "median_real_photo_wc_bio15": 77.51509857177734, "n_real_photo_wc_bio15": 1319, "median_real_photo_wc_elevation_m": 142.0, "n_real_photo_wc_elevation_m": 1319, "median_real_photo_soil_pH": 5.525, "n_real_photo_soil_pH": 836, "median_real_photo_soil_SOC": 27.0, "n_real_photo_soil_SOC": 831, "median_real_photo_soil_N": 2.1333333333333333, "n_real_photo_soil_N": 897, "median_real_photo_soil_clay": 29.23333333333333, "n_real_photo_soil_clay": 836, "median_real_photo_soil_available_water_proxy": 18.075, "n_real_photo_soil_available_water_proxy": 836}, "geometry": {"type": "Polygon", "coordinates": [[[100, 19.471220634490688], [120, 19.471220634490688], [120, 33.74898859588859], [100, 33.74898859588859], [100, 19.471220634490688]]]}}, {"type": "Feature", "id": 123, "properties": {"cell_id": 123, "display_only_cell_centroid_lat": 26.387799961242997, "display_only_cell_centroid_lon": 130, "display_only_cell_latitude_low": 19.471220634490688, "display_only_cell_latitude_high": 33.74898859588859, "display_only_cell_lon_low": 120, "display_only_cell_lon_high": 140, "source_taxon_cell_rows": 1501, "n_unique_taxa": 1501, "n_four_state_classified": 633, "n_unclassified": 868, "fraction_classifiable": 0.4217188540972685, "n_public_site_coordinates": 1500, "n_source_climate_complete": 1499, "n_source_soil_complete": 1011, "n_source_all_abiotic_complete": 1011, "n_colour_classified_and_full_abiotic": 415, "count_white": 389, "fraction_white_given_classified": 0.6145339652448657, "count_yellow_orange": 184, "fraction_yellow_orange_given_classified": 0.29067930489731436, "count_red_pink": 33, "fraction_red_pink_given_classified": 0.052132701421800945, "count_blue_purple": 27, "fraction_blue_purple_given_classified": 0.04265402843601896, "median_real_photo_wc_bio1": 20.58150291442871, "n_real_photo_wc_bio1": 1499, "median_real_photo_wc_bio5": 29.58584976196289, "n_real_photo_wc_bio5": 1499, "median_real_photo_wc_bio12": 2517.0, "n_real_photo_wc_bio12": 1499, "median_real_photo_wc_bio15": 55.69351959228516, "n_real_photo_wc_bio15": 1499, "median_real_photo_wc_elevation_m": 268.0, "n_real_photo_wc_elevation_m": 1499, "median_real_photo_soil_pH": 5.1, "n_real_photo_soil_pH": 1100, "median_real_photo_soil_SOC": 42.675, "n_real_photo_soil_SOC": 1128, "median_real_photo_soil_N": 2.390833333333333, "n_real_photo_soil_N": 1176, "median_real_photo_soil_clay": 31.825, "n_real_photo_soil_clay": 1100, "median_real_photo_soil_available_water_proxy": 15.774999999999999, "n_real_photo_soil_available_water_proxy": 1100}, "geometry": {"type": "Polygon", "coordinates": [[[120, 19.471220634490688], [140, 19.471220634490688], [140, 33.74898859588859], [120, 33.74898859588859], [120, 19.471220634490688]]]}}, {"type": "Feature", "id": 124, "properties": {"cell_id": 124, "display_only_cell_centroid_lat": 26.387799961242997, "display_only_cell_centroid_lon": 150, "display_only_cell_latitude_low": 19.471220634490688, "display_only_cell_latitude_high": 33.74898859588859, "display_only_cell_lon_low": 140, "display_only_cell_lon_high": 160, "source_taxon_cell_rows": 8, "n_unique_taxa": 8, "n_four_state_classified": 4, "n_unclassified": 4, "fraction_classifiable": 0.5, "n_public_site_coordinates": 8, "n_source_climate_complete": 1, "n_source_soil_complete": 0, "n_source_all_abiotic_complete": 0, "n_colour_classified_and_full_abiotic": 0, "count_white": 4, "fraction_white_given_classified": 1.0, "count_yellow_orange": 0, "fraction_yellow_orange_given_classified": 0.0, "count_red_pink": 0, "fraction_red_pink_given_classified": 0.0, "count_blue_purple": 0, "fraction_blue_purple_given_classified": 0.0, "median_real_photo_wc_bio1": 23.00722312927246, "n_real_photo_wc_bio1": 1, "median_real_photo_wc_bio5": 29.21999931335449, "n_real_photo_wc_bio5": 1, "median_real_photo_wc_bio12": 1282.0, "n_real_photo_wc_bio12": 1, "median_real_photo_wc_bio15": 28.571664810180664, "n_real_photo_wc_bio15": 1, "median_real_photo_wc_elevation_m": 92.0, "n_real_photo_wc_elevation_m": 1, "median_real_photo_soil_pH": 6.083333333333334, "n_real_photo_soil_pH": 1, "median_real_photo_soil_SOC": 47.21666666666667, "n_real_photo_soil_SOC": 1, "n_real_photo_soil_N": 0, "median_real_photo_soil_clay": 30.5, "n_real_photo_soil_clay": 1, "median_real_photo_soil_available_water_proxy": 9.266666666666666, "n_real_photo_soil_available_water_proxy": 1}, "geometry": {"type": "Polygon", "coordinates": [[[140, 19.471220634490688], [160, 19.471220634490688], [160, 33.74898859588859], [140, 33.74898859588859], [140, 19.471220634490688]]]}}, {"type": "Feature", "id": 125, "properties": {"cell_id": 125, "display_only_cell_centroid_lat": 26.387799961242997, "display_only_cell_centroid_lon": 170, "display_only_cell_latitude_low": 19.471220634490688, "display_only_cell_latitude_high": 33.74898859588859, "display_only_cell_lon_low": 160, "display_only_cell_lon_high": 180, "source_taxon_cell_rows": 0, "n_unique_taxa": 0, "n_four_state_classified": 0, "n_unclassified": 0, "fraction_classifiable": null, "n_public_site_coordinates": 0, "n_source_climate_complete": 0, "n_source_soil_complete": 0, "n_source_all_abiotic_complete": 0, "n_colour_classified_and_full_abiotic": 0, "count_white": 0, "fraction_white_given_classified": null, "count_yellow_orange": 0, "fraction_yellow_orange_given_classified": null, "count_red_pink": 0, "fraction_red_pink_given_classified": null, "count_blue_purple": 0, "fraction_blue_purple_given_classified": null, "n_real_photo_wc_bio1": 0, "n_real_photo_wc_bio5": 0, "n_real_photo_wc_bio12": 0, "n_real_photo_wc_bio15": 0, "n_real_photo_wc_elevation_m": 0, "n_real_photo_soil_pH": 0, "n_real_photo_soil_SOC": 0, "n_real_photo_soil_N": 0, "n_real_photo_soil_clay": 0, "n_real_photo_soil_available_water_proxy": 0}, "geometry": {"type": "Polygon", "coordinates": [[[160, 19.471220634490688], [180, 19.471220634490688], [180, 33.74898859588859], [160, 33.74898859588859], [160, 19.471220634490688]]]}}, {"type": "Feature", "id": 126, "properties": {"cell_id": 126, "display_only_cell_centroid_lat": 41.8103148957786, "display_only_cell_centroid_lon": -170, "display_only_cell_latitude_low": 33.74898859588859, "display_only_cell_latitude_high": 51.05755873101861, "display_only_cell_lon_low": -180, "display_only_cell_lon_high": -160, "source_taxon_cell_rows": 0, "n_unique_taxa": 0, "n_four_state_classified": 0, "n_unclassified": 0, "fraction_classifiable": null, "n_public_site_coordinates": 0, "n_source_climate_complete": 0, "n_source_soil_complete": 0, "n_source_all_abiotic_complete": 0, "n_colour_classified_and_full_abiotic": 0, "count_white": 0, "fraction_white_given_classified": null, "count_yellow_orange": 0, "fraction_yellow_orange_given_classified": null, "count_red_pink": 0, "fraction_red_pink_given_classified": null, "count_blue_purple": 0, "fraction_blue_purple_given_classified": null, "n_real_photo_wc_bio1": 0, "n_real_photo_wc_bio5": 0, "n_real_photo_wc_bio12": 0, "n_real_photo_wc_bio15": 0, "n_real_photo_wc_elevation_m": 0, "n_real_photo_soil_pH": 0, "n_real_photo_soil_SOC": 0, "n_real_photo_soil_N": 0, "n_real_photo_soil_clay": 0, "n_real_photo_soil_available_water_proxy": 0}, "geometry": {"type": "Polygon", "coordinates": [[[-180, 33.74898859588859], [-160, 33.74898859588859], [-160, 51.05755873101861], [-180, 51.05755873101861], [-180, 33.74898859588859]]]}}, {"type": "Feature", "id": 127, "properties": {"cell_id": 127, "display_only_cell_centroid_lat": 41.8103148957786, "display_only_cell_centroid_lon": -150, "display_only_cell_latitude_low": 33.74898859588859, "display_only_cell_latitude_high": 51.05755873101861, "display_only_cell_lon_low": -160, "display_only_cell_lon_high": -140, "source_taxon_cell_rows": 0, "n_unique_taxa": 0, "n_four_state_classified": 0, "n_unclassified": 0, "fraction_classifiable": null, "n_public_site_coordinates": 0, "n_source_climate_complete": 0, "n_source_soil_complete": 0, "n_source_all_abiotic_complete": 0, "n_colour_classified_and_full_abiotic": 0, "count_white": 0, "fraction_white_given_classified": null, "count_yellow_orange": 0, "fraction_yellow_orange_given_classified": null, "count_red_pink": 0, "fraction_red_pink_given_classified": null, "count_blue_purple": 0, "fraction_blue_purple_given_classified": null, "n_real_photo_wc_bio1": 0, "n_real_photo_wc_bio5": 0, "n_real_photo_wc_bio12": 0, "n_real_photo_wc_bio15": 0, "n_real_photo_wc_elevation_m": 0, "n_real_photo_soil_pH": 0, "n_real_photo_soil_SOC": 0, "n_real_photo_soil_N": 0, "n_real_photo_soil_clay": 0, "n_real_photo_soil_available_water_proxy": 0}, "geometry": {"type": "Polygon", "coordinates": [[[-160, 33.74898859588859], [-140, 33.74898859588859], [-140, 51.05755873101861], [-160, 51.05755873101861], [-160, 33.74898859588859]]]}}, {"type": "Feature", "id": 128, "properties": {"cell_id": 128, "display_only_cell_centroid_lat": 41.8103148957786, "display_only_cell_centroid_lon": -130, "display_only_cell_latitude_low": 33.74898859588859, "display_only_cell_latitude_high": 51.05755873101861, "display_only_cell_lon_low": -140, "display_only_cell_lon_high": -120, "source_taxon_cell_rows": 1209, "n_unique_taxa": 1209, "n_four_state_classified": 605, "n_unclassified": 604, "fraction_classifiable": 0.5004135649296939, "n_public_site_coordinates": 1204, "n_source_climate_complete": 1204, "n_source_soil_complete": 714, "n_source_all_abiotic_complete": 714, "n_colour_classified_and_full_abiotic": 346, "count_white": 268, "fraction_white_given_classified": 0.44297520661157025, "count_yellow_orange": 208, "fraction_yellow_orange_given_classified": 0.343801652892562, "count_red_pink": 71, "fraction_red_pink_given_classified": 0.11735537190082644, "count_blue_purple": 58, "fraction_blue_purple_given_classified": 0.09586776859504133, "median_real_photo_wc_bio1": 11.123761177062988, "n_real_photo_wc_bio1": 1204, "median_real_photo_wc_bio5": 24.80555534362793, "n_real_photo_wc_bio5": 1204, "median_real_photo_wc_bio12": 1003.0, "n_real_photo_wc_bio12": 1204, "median_real_photo_wc_bio15": 75.46278762817383, "n_real_photo_wc_bio15": 1204, "median_real_photo_wc_elevation_m": 276.0, "n_real_photo_wc_elevation_m": 1204, "median_real_photo_soil_pH": 5.883333333333334, "n_real_photo_soil_pH": 861, "median_real_photo_soil_SOC": 37.31666666666667, "n_real_photo_soil_SOC": 859, "median_real_photo_soil_N": 2.585, "n_real_photo_soil_N": 879, "median_real_photo_soil_clay": 20.6, "n_real_photo_soil_clay": 861, "median_real_photo_soil_available_water_proxy": 17.46666666666667, "n_real_photo_soil_available_water_proxy": 861}, "geometry": {"type": "Polygon", "coordinates": [[[-140, 33.74898859588859], [-120, 33.74898859588859], [-120, 51.05755873101861], [-140, 51.05755873101861], [-140, 33.74898859588859]]]}}, {"type": "Feature", "id": 129, "properties": {"cell_id": 129, "display_only_cell_centroid_lat": 41.8103148957786, "display_only_cell_centroid_lon": -110, "display_only_cell_latitude_low": 33.74898859588859, "display_only_cell_latitude_high": 51.05755873101861, "display_only_cell_lon_low": -120, "display_only_cell_lon_high": -100, "source_taxon_cell_rows": 1425, "n_unique_taxa": 1425, "n_four_state_classified": 720, "n_unclassified": 705, "fraction_classifiable": 0.5052631578947369, "n_public_site_coordinates": 1422, "n_source_climate_complete": 1422, "n_source_soil_complete": 1169, "n_source_all_abiotic_complete": 1169, "n_colour_classified_and_full_abiotic": 583, "count_white": 330, "fraction_white_given_classified": 0.4583333333333333, "count_yellow_orange": 261, "fraction_yellow_orange_given_classified": 0.3625, "count_red_pink": 63, "fraction_red_pink_given_classified": 0.0875, "count_blue_purple": 66, "fraction_blue_purple_given_classified": 0.09166666666666666, "median_real_photo_wc_bio1": 8.301280975341797, "n_real_photo_wc_bio1": 1422, "median_real_photo_wc_bio5": 28.288249969482425, "n_real_photo_wc_bio5": 1422, "median_real_photo_wc_bio12": 438.0, "n_real_photo_wc_bio12": 1422, "median_real_photo_wc_bio15": 44.50533103942871, "n_real_photo_wc_bio15": 1422, "median_real_photo_wc_elevation_m": 1473.5, "n_real_photo_wc_elevation_m": 1422, "median_real_photo_soil_pH": 6.758333333333335, "n_real_photo_soil_pH": 1258, "median_real_photo_soil_SOC": 24.75, "n_real_photo_soil_SOC": 1260, "median_real_photo_soil_N": 1.9166666666666663, "n_real_photo_soil_N": 1274, "median_real_photo_soil_clay": 20.674999999999997, "n_real_photo_soil_clay": 1258, "median_real_photo_soil_available_water_proxy": 14.983333333333334, "n_real_photo_soil_available_water_proxy": 1258}, "geometry": {"type": "Polygon", "coordinates": [[[-120, 33.74898859588859], [-100, 33.74898859588859], [-100, 51.05755873101861], [-120, 51.05755873101861], [-120, 33.74898859588859]]]}}, {"type": "Feature", "id": 130, "properties": {"cell_id": 130, "display_only_cell_centroid_lat": 41.8103148957786, "display_only_cell_centroid_lon": -90, "display_only_cell_latitude_low": 33.74898859588859, "display_only_cell_latitude_high": 51.05755873101861, "display_only_cell_lon_low": -100, "display_only_cell_lon_high": -80, "source_taxon_cell_rows": 1093, "n_unique_taxa": 1093, "n_four_state_classified": 571, "n_unclassified": 522, "fraction_classifiable": 0.5224153705397987, "n_public_site_coordinates": 1083, "n_source_climate_complete": 1083, "n_source_soil_complete": 711, "n_source_all_abiotic_complete": 711, "n_colour_classified_and_full_abiotic": 366, "count_white": 311, "fraction_white_given_classified": 0.5446584938704028, "count_yellow_orange": 166, "fraction_yellow_orange_given_classified": 0.29071803852889666, "count_red_pink": 46, "fraction_red_pink_given_classified": 0.08056042031523643, "count_blue_purple": 48, "fraction_blue_purple_given_classified": 0.0840630472854641, "median_real_photo_wc_bio1": 10.00072956085205, "n_real_photo_wc_bio1": 1083, "median_real_photo_wc_bio5": 28.831499099731445, "n_real_photo_wc_bio5": 1083, "median_real_photo_wc_bio12": 983.0, "n_real_photo_wc_bio12": 1083, "median_real_photo_wc_bio15": 20.9499626159668, "n_real_photo_wc_bio15": 1083, "median_real_photo_wc_elevation_m": 272.0, "n_real_photo_wc_elevation_m": 1083, "median_real_photo_soil_pH": 5.733333333333333, "n_real_photo_soil_pH": 853, "median_real_photo_soil_SOC": 22.541666666666664, "n_real_photo_soil_SOC": 874, "median_real_photo_soil_N": 2.215, "n_real_photo_soil_N": 833, "median_real_photo_soil_clay": 24.866666666666667, "n_real_photo_soil_clay": 853, "median_real_photo_soil_available_water_proxy": 17.450000000000003, "n_real_photo_soil_available_water_proxy": 853}, "geometry": {"type": "Polygon", "coordinates": [[[-100, 33.74898859588859], [-80, 33.74898859588859], [-80, 51.05755873101861], [-100, 51.05755873101861], [-100, 33.74898859588859]]]}}, {"type": "Feature", "id": 131, "properties": {"cell_id": 131, "display_only_cell_centroid_lat": 41.8103148957786, "display_only_cell_centroid_lon": -70, "display_only_cell_latitude_low": 33.74898859588859, "display_only_cell_latitude_high": 51.05755873101861, "display_only_cell_lon_low": -80, "display_only_cell_lon_high": -60, "source_taxon_cell_rows": 927, "n_unique_taxa": 927, "n_four_state_classified": 462, "n_unclassified": 465, "fraction_classifiable": 0.49838187702265374, "n_public_site_coordinates": 922, "n_source_climate_complete": 922, "n_source_soil_complete": 536, "n_source_all_abiotic_complete": 536, "n_colour_classified_and_full_abiotic": 273, "count_white": 232, "fraction_white_given_classified": 0.5021645021645021, "count_yellow_orange": 151, "fraction_yellow_orange_given_classified": 0.3268398268398268, "count_red_pink": 41, "fraction_red_pink_given_classified": 0.08874458874458875, "count_blue_purple": 38, "fraction_blue_purple_given_classified": 0.08225108225108226, "median_real_photo_wc_bio1": 8.902874946594238, "n_real_photo_wc_bio1": 922, "median_real_photo_wc_bio5": 27.41812515258789, "n_real_photo_wc_bio5": 922, "median_real_photo_wc_bio12": 1097.0, "n_real_photo_wc_bio12": 922, "median_real_photo_wc_bio15": 13.522727012634276, "n_real_photo_wc_bio15": 922, "median_real_photo_wc_elevation_m": 112.0, "n_real_photo_wc_elevation_m": 922, "median_real_photo_soil_pH": 5.25, "n_real_photo_soil_pH": 667, "median_real_photo_soil_SOC": 36.1, "n_real_photo_soil_SOC": 670, "median_real_photo_soil_N": 3.12, "n_real_photo_soil_N": 649, "median_real_photo_soil_clay": 20.083333333333336, "n_real_photo_soil_clay": 667, "median_real_photo_soil_available_water_proxy": 18.3, "n_real_photo_soil_available_water_proxy": 667}, "geometry": {"type": "Polygon", "coordinates": [[[-80, 33.74898859588859], [-60, 33.74898859588859], [-60, 51.05755873101861], [-80, 51.05755873101861], [-80, 33.74898859588859]]]}}, {"type": "Feature", "id": 132, "properties": {"cell_id": 132, "display_only_cell_centroid_lat": 41.8103148957786, "display_only_cell_centroid_lon": -50, "display_only_cell_latitude_low": 33.74898859588859, "display_only_cell_latitude_high": 51.05755873101861, "display_only_cell_lon_low": -60, "display_only_cell_lon_high": -40, "source_taxon_cell_rows": 378, "n_unique_taxa": 378, "n_four_state_classified": 203, "n_unclassified": 175, "fraction_classifiable": 0.5370370370370371, "n_public_site_coordinates": 378, "n_source_climate_complete": 378, "n_source_soil_complete": 128, "n_source_all_abiotic_complete": 128, "n_colour_classified_and_full_abiotic": 73, "count_white": 97, "fraction_white_given_classified": 0.47783251231527096, "count_yellow_orange": 68, "fraction_yellow_orange_given_classified": 0.33497536945812806, "count_red_pink": 12, "fraction_red_pink_given_classified": 0.059113300492610835, "count_blue_purple": 26, "fraction_blue_purple_given_classified": 0.12807881773399016, "median_real_photo_wc_bio1": 3.9671666622161865, "n_real_photo_wc_bio1": 378, "median_real_photo_wc_bio5": 19.72597312927246, "n_real_photo_wc_bio5": 378, "median_real_photo_wc_bio12": 1418.0, "n_real_photo_wc_bio12": 378, "median_real_photo_wc_bio15": 16.264812469482422, "n_real_photo_wc_bio15": 378, "median_real_photo_wc_elevation_m": 118.0, "n_real_photo_wc_elevation_m": 378, "median_real_photo_soil_pH": 4.933333333333334, "n_real_photo_soil_pH": 188, "median_real_photo_soil_SOC": 39.21666666666667, "n_real_photo_soil_SOC": 201, "median_real_photo_soil_N": 2.9233333333333333, "n_real_photo_soil_N": 193, "median_real_photo_soil_clay": 19.841666666666665, "n_real_photo_soil_clay": 188, "median_real_photo_soil_available_water_proxy": 21.308333333333337, "n_real_photo_soil_available_water_proxy": 188}, "geometry": {"type": "Polygon", "coordinates": [[[-60, 33.74898859588859], [-40, 33.74898859588859], [-40, 51.05755873101861], [-60, 51.05755873101861], [-60, 33.74898859588859]]]}}, {"type": "Feature", "id": 133, "properties": {"cell_id": 133, "display_only_cell_centroid_lat": 41.8103148957786, "display_only_cell_centroid_lon": -30, "display_only_cell_latitude_low": 33.74898859588859, "display_only_cell_latitude_high": 51.05755873101861, "display_only_cell_lon_low": -40, "display_only_cell_lon_high": -20, "source_taxon_cell_rows": 316, "n_unique_taxa": 316, "n_four_state_classified": 165, "n_unclassified": 151, "fraction_classifiable": 0.5221518987341772, "n_public_site_coordinates": 316, "n_source_climate_complete": 316, "n_source_soil_complete": 139, "n_source_all_abiotic_complete": 139, "n_colour_classified_and_full_abiotic": 74, "count_white": 78, "fraction_white_given_classified": 0.4727272727272727, "count_yellow_orange": 60, "fraction_yellow_orange_given_classified": 0.36363636363636365, "count_red_pink": 14, "fraction_red_pink_given_classified": 0.08484848484848485, "count_blue_purple": 13, "fraction_blue_purple_given_classified": 0.07878787878787878, "median_real_photo_wc_bio1": 16.49563694000244, "n_real_photo_wc_bio1": 316, "median_real_photo_wc_bio5": 24.237499237060547, "n_real_photo_wc_bio5": 316, "median_real_photo_wc_bio12": 1131.0, "n_real_photo_wc_bio12": 316, "median_real_photo_wc_bio15": 37.38899993896485, "n_real_photo_wc_bio15": 316, "median_real_photo_wc_elevation_m": 324.0, "n_real_photo_wc_elevation_m": 316, "median_real_photo_soil_pH": 6.083333333333334, "n_real_photo_soil_pH": 192, "median_real_photo_soil_SOC": 36.58333333333333, "n_real_photo_soil_SOC": 174, "median_real_photo_soil_N": 3.101666666666667, "n_real_photo_soil_N": 219, "median_real_photo_soil_clay": 28.4, "n_real_photo_soil_clay": 192, "median_real_photo_soil_available_water_proxy": 14.01666666666667, "n_real_photo_soil_available_water_proxy": 192}, "geometry": {"type": "Polygon", "coordinates": [[[-40, 33.74898859588859], [-20, 33.74898859588859], [-20, 51.05755873101861], [-40, 51.05755873101861], [-40, 33.74898859588859]]]}}, {"type": "Feature", "id": 134, "properties": {"cell_id": 134, "display_only_cell_centroid_lat": 41.8103148957786, "display_only_cell_centroid_lon": -10, "display_only_cell_latitude_low": 33.74898859588859, "display_only_cell_latitude_high": 51.05755873101861, "display_only_cell_lon_low": -20, "display_only_cell_lon_high": 0, "source_taxon_cell_rows": 1444, "n_unique_taxa": 1444, "n_four_state_classified": 734, "n_unclassified": 710, "fraction_classifiable": 0.5083102493074793, "n_public_site_coordinates": 1441, "n_source_climate_complete": 1439, "n_source_soil_complete": 1073, "n_source_all_abiotic_complete": 1073, "n_colour_classified_and_full_abiotic": 551, "count_white": 329, "fraction_white_given_classified": 0.4482288828337875, "count_yellow_orange": 241, "fraction_yellow_orange_given_classified": 0.32833787465940056, "count_red_pink": 74, "fraction_red_pink_given_classified": 0.1008174386920981, "count_blue_purple": 90, "fraction_blue_purple_given_classified": 0.1226158038147139, "median_real_photo_wc_bio1": 12.312396049499512, "n_real_photo_wc_bio1": 1439, "median_real_photo_wc_bio5": 25.7237491607666, "n_real_photo_wc_bio5": 1439, "median_real_photo_wc_bio12": 798.0, "n_real_photo_wc_bio12": 1439, "median_real_photo_wc_bio15": 35.137939453125, "n_real_photo_wc_bio15": 1439, "median_real_photo_wc_elevation_m": 437.0, "n_real_photo_wc_elevation_m": 1439, "median_real_photo_soil_pH": 6.25, "n_real_photo_soil_pH": 1183, "median_real_photo_soil_SOC": 31.05, "n_real_photo_soil_SOC": 1183, "median_real_photo_soil_N": 2.3975, "n_real_photo_soil_N": 1184, "median_real_photo_soil_clay": 23.45, "n_real_photo_soil_clay": 1183, "median_real_photo_soil_available_water_proxy": 15.799999999999995, "n_real_photo_soil_available_water_proxy": 1183}, "geometry": {"type": "Polygon", "coordinates": [[[-20, 33.74898859588859], [0, 33.74898859588859], [0, 51.05755873101861], [-20, 51.05755873101861], [-20, 33.74898859588859]]]}}, {"type": "Feature", "id": 135, "properties": {"cell_id": 135, "display_only_cell_centroid_lat": 41.8103148957786, "display_only_cell_centroid_lon": 10, "display_only_cell_latitude_low": 33.74898859588859, "display_only_cell_latitude_high": 51.05755873101861, "display_only_cell_lon_low": 0, "display_only_cell_lon_high": 20, "source_taxon_cell_rows": 1560, "n_unique_taxa": 1560, "n_four_state_classified": 811, "n_unclassified": 749, "fraction_classifiable": 0.5198717948717949, "n_public_site_coordinates": 1553, "n_source_climate_complete": 1553, "n_source_soil_complete": 1182, "n_source_all_abiotic_complete": 1182, "n_colour_classified_and_full_abiotic": 606, "count_white": 358, "fraction_white_given_classified": 0.44143033292231815, "count_yellow_orange": 262, "fraction_yellow_orange_given_classified": 0.32305795314426633, "count_red_pink": 93, "fraction_red_pink_given_classified": 0.11467324290998766, "count_blue_purple": 98, "fraction_blue_purple_given_classified": 0.12083847102342787, "median_real_photo_wc_bio1": 9.230135917663574, "n_real_photo_wc_bio1": 1553, "median_real_photo_wc_bio5": 23.73699951171875, "n_real_photo_wc_bio5": 1553, "median_real_photo_wc_bio12": 843.0, "n_real_photo_wc_bio12": 1553, "median_real_photo_wc_bio15": 25.244104385375977, "n_real_photo_wc_bio15": 1553, "median_real_photo_wc_elevation_m": 487.0, "n_real_photo_wc_elevation_m": 1553, "median_real_photo_soil_pH": 6.2, "n_real_photo_soil_pH": 1309, "median_real_photo_soil_SOC": 39.5, "n_real_photo_soil_SOC": 1316, "median_real_photo_soil_N": 3.2025, "n_real_photo_soil_N": 1308, "median_real_photo_soil_clay": 25.333333333333336, "n_real_photo_soil_clay": 1309, "median_real_photo_soil_available_water_proxy": 16.06666666666667, "n_real_photo_soil_available_water_proxy": 1309}, "geometry": {"type": "Polygon", "coordinates": [[[0, 33.74898859588859], [20, 33.74898859588859], [20, 51.05755873101861], [0, 51.05755873101861], [0, 33.74898859588859]]]}}, {"type": "Feature", "id": 136, "properties": {"cell_id": 136, "display_only_cell_centroid_lat": 41.8103148957786, "display_only_cell_centroid_lon": 30, "display_only_cell_latitude_low": 33.74898859588859, "display_only_cell_latitude_high": 51.05755873101861, "display_only_cell_lon_low": 20, "display_only_cell_lon_high": 40, "source_taxon_cell_rows": 1510, "n_unique_taxa": 1510, "n_four_state_classified": 813, "n_unclassified": 697, "fraction_classifiable": 0.5384105960264901, "n_public_site_coordinates": 1506, "n_source_climate_complete": 1506, "n_source_soil_complete": 1006, "n_source_all_abiotic_complete": 1006, "n_colour_classified_and_full_abiotic": 549, "count_white": 364, "fraction_white_given_classified": 0.44772447724477243, "count_yellow_orange": 253, "fraction_yellow_orange_given_classified": 0.3111931119311193, "count_red_pink": 83, "fraction_red_pink_given_classified": 0.10209102091020911, "count_blue_purple": 113, "fraction_blue_purple_given_classified": 0.13899138991389914, "median_real_photo_wc_bio1": 10.258718490600586, "n_real_photo_wc_bio1": 1506, "median_real_photo_wc_bio5": 26.362112045288086, "n_real_photo_wc_bio5": 1506, "median_real_photo_wc_bio12": 616.0, "n_real_photo_wc_bio12": 1506, "median_real_photo_wc_bio15": 35.89203071594238, "n_real_photo_wc_bio15": 1506, "median_real_photo_wc_elevation_m": 214.0, "n_real_photo_wc_elevation_m": 1506, "median_real_photo_soil_pH": 6.6, "n_real_photo_soil_pH": 1150, "median_real_photo_soil_SOC": 28.81666666666667, "n_real_photo_soil_SOC": 1155, "median_real_photo_soil_N": 2.6533333333333333, "n_real_photo_soil_N": 1169, "median_real_photo_soil_clay": 28.416666666666668, "n_real_photo_soil_clay": 1150, "median_real_photo_soil_available_water_proxy": 14.93333333333333, "n_real_photo_soil_available_water_proxy": 1149}, "geometry": {"type": "Polygon", "coordinates": [[[20, 33.74898859588859], [40, 33.74898859588859], [40, 51.05755873101861], [20, 51.05755873101861], [20, 33.74898859588859]]]}}, {"type": "Feature", "id": 137, "properties": {"cell_id": 137, "display_only_cell_centroid_lat": 41.8103148957786, "display_only_cell_centroid_lon": 50, "display_only_cell_latitude_low": 33.74898859588859, "display_only_cell_latitude_high": 51.05755873101861, "display_only_cell_lon_low": 40, "display_only_cell_lon_high": 60, "source_taxon_cell_rows": 1365, "n_unique_taxa": 1365, "n_four_state_classified": 740, "n_unclassified": 625, "fraction_classifiable": 0.5421245421245421, "n_public_site_coordinates": 1364, "n_source_climate_complete": 1364, "n_source_soil_complete": 1086, "n_source_all_abiotic_complete": 1086, "n_colour_classified_and_full_abiotic": 586, "count_white": 334, "fraction_white_given_classified": 0.45135135135135135, "count_yellow_orange": 251, "fraction_yellow_orange_given_classified": 0.33918918918918917, "count_red_pink": 75, "fraction_red_pink_given_classified": 0.10135135135135136, "count_blue_purple": 80, "fraction_blue_purple_given_classified": 0.10810810810810811, "median_real_photo_wc_bio1": 9.106505393981934, "n_real_photo_wc_bio1": 1364, "median_real_photo_wc_bio5": 28.66075038909912, "n_real_photo_wc_bio5": 1364, "median_real_photo_wc_bio12": 594.0, "n_real_photo_wc_bio12": 1364, "median_real_photo_wc_bio15": 38.93959617614746, "n_real_photo_wc_bio15": 1364, "median_real_photo_wc_elevation_m": 732.0, "n_real_photo_wc_elevation_m": 1364, "median_real_photo_soil_pH": 6.9833333333333325, "n_real_photo_soil_pH": 1197, "median_real_photo_soil_SOC": 30.08333333333333, "n_real_photo_soil_SOC": 1187, "median_real_photo_soil_N": 2.81, "n_real_photo_soil_N": 1181, "median_real_photo_soil_clay": 31.383333333333333, "n_real_photo_soil_clay": 1197, "median_real_photo_soil_available_water_proxy": 14.950000000000001, "n_real_photo_soil_available_water_proxy": 1196}, "geometry": {"type": "Polygon", "coordinates": [[[40, 33.74898859588859], [60, 33.74898859588859], [60, 51.05755873101861], [40, 51.05755873101861], [40, 33.74898859588859]]]}}, {"type": "Feature", "id": 138, "properties": {"cell_id": 138, "display_only_cell_centroid_lat": 41.8103148957786, "display_only_cell_centroid_lon": 70, "display_only_cell_latitude_low": 33.74898859588859, "display_only_cell_latitude_high": 51.05755873101861, "display_only_cell_lon_low": 60, "display_only_cell_lon_high": 80, "source_taxon_cell_rows": 1063, "n_unique_taxa": 1063, "n_four_state_classified": 592, "n_unclassified": 471, "fraction_classifiable": 0.5569143932267169, "n_public_site_coordinates": 1062, "n_source_climate_complete": 1062, "n_source_soil_complete": 867, "n_source_all_abiotic_complete": 867, "n_colour_classified_and_full_abiotic": 477, "count_white": 272, "fraction_white_given_classified": 0.4594594594594595, "count_yellow_orange": 213, "fraction_yellow_orange_given_classified": 0.3597972972972973, "count_red_pink": 57, "fraction_red_pink_given_classified": 0.09628378378378379, "count_blue_purple": 50, "fraction_blue_purple_given_classified": 0.08445945945945946, "median_real_photo_wc_bio1": 4.559000015258789, "n_real_photo_wc_bio1": 1062, "median_real_photo_wc_bio5": 27.352375030517578, "n_real_photo_wc_bio5": 1062, "median_real_photo_wc_bio12": 423.0, "n_real_photo_wc_bio12": 1062, "median_real_photo_wc_bio15": 49.984375, "n_real_photo_wc_bio15": 1062, "median_real_photo_wc_elevation_m": 1402.0, "n_real_photo_wc_elevation_m": 1062, "median_real_photo_soil_pH": 7.216666666666667, "n_real_photo_soil_pH": 917, "median_real_photo_soil_SOC": 25.75, "n_real_photo_soil_SOC": 952, "median_real_photo_soil_N": 2.3766666666666665, "n_real_photo_soil_N": 940, "median_real_photo_soil_clay": 26.7, "n_real_photo_soil_clay": 917, "median_real_photo_soil_available_water_proxy": 14.533333333333337, "n_real_photo_soil_available_water_proxy": 917}, "geometry": {"type": "Polygon", "coordinates": [[[60, 33.74898859588859], [80, 33.74898859588859], [80, 51.05755873101861], [60, 51.05755873101861], [60, 33.74898859588859]]]}}, {"type": "Feature", "id": 139, "properties": {"cell_id": 139, "display_only_cell_centroid_lat": 41.8103148957786, "display_only_cell_centroid_lon": 90, "display_only_cell_latitude_low": 33.74898859588859, "display_only_cell_latitude_high": 51.05755873101861, "display_only_cell_lon_low": 80, "display_only_cell_lon_high": 100, "source_taxon_cell_rows": 570, "n_unique_taxa": 570, "n_four_state_classified": 341, "n_unclassified": 229, "fraction_classifiable": 0.5982456140350877, "n_public_site_coordinates": 569, "n_source_climate_complete": 569, "n_source_soil_complete": 518, "n_source_all_abiotic_complete": 518, "n_colour_classified_and_full_abiotic": 315, "count_white": 141, "fraction_white_given_classified": 0.41348973607038125, "count_yellow_orange": 116, "fraction_yellow_orange_given_classified": 0.34017595307917886, "count_red_pink": 36, "fraction_red_pink_given_classified": 0.10557184750733138, "count_blue_purple": 48, "fraction_blue_purple_given_classified": 0.14076246334310852, "median_real_photo_wc_bio1": -1.4258333444595337, "n_real_photo_wc_bio1": 569, "median_real_photo_wc_bio5": 20.288249969482425, "n_real_photo_wc_bio5": 569, "median_real_photo_wc_bio12": 335.0, "n_real_photo_wc_bio12": 569, "median_real_photo_wc_bio15": 71.59660339355469, "n_real_photo_wc_bio15": 569, "median_real_photo_wc_elevation_m": 1534.0, "n_real_photo_wc_elevation_m": 569, "median_real_photo_soil_pH": 7.066666666666667, "n_real_photo_soil_pH": 544, "median_real_photo_soil_SOC": 37.81666666666667, "n_real_photo_soil_SOC": 551, "median_real_photo_soil_N": 3.1841666666666666, "n_real_photo_soil_N": 532, "median_real_photo_soil_clay": 25.566666666666663, "n_real_photo_soil_clay": 544, "median_real_photo_soil_available_water_proxy": 17.683333333333337, "n_real_photo_soil_available_water_proxy": 544}, "geometry": {"type": "Polygon", "coordinates": [[[80, 33.74898859588859], [100, 33.74898859588859], [100, 51.05755873101861], [80, 51.05755873101861], [80, 33.74898859588859]]]}}, {"type": "Feature", "id": 140, "properties": {"cell_id": 140, "display_only_cell_centroid_lat": 41.8103148957786, "display_only_cell_centroid_lon": 110, "display_only_cell_latitude_low": 33.74898859588859, "display_only_cell_latitude_high": 51.05755873101861, "display_only_cell_lon_low": 100, "display_only_cell_lon_high": 120, "source_taxon_cell_rows": 1031, "n_unique_taxa": 1031, "n_four_state_classified": 538, "n_unclassified": 493, "fraction_classifiable": 0.521823472356935, "n_public_site_coordinates": 1031, "n_source_climate_complete": 1031, "n_source_soil_complete": 791, "n_source_all_abiotic_complete": 791, "n_colour_classified_and_full_abiotic": 418, "count_white": 265, "fraction_white_given_classified": 0.49256505576208176, "count_yellow_orange": 168, "fraction_yellow_orange_given_classified": 0.31226765799256506, "count_red_pink": 38, "fraction_red_pink_given_classified": 0.07063197026022305, "count_blue_purple": 67, "fraction_blue_purple_given_classified": 0.12453531598513011, "median_real_photo_wc_bio1": 8.104677200317383, "n_real_photo_wc_bio1": 1031, "median_real_photo_wc_bio5": 27.179750442504883, "n_real_photo_wc_bio5": 1031, "median_real_photo_wc_bio12": 506.0, "n_real_photo_wc_bio12": 1031, "median_real_photo_wc_bio15": 116.74786376953124, "n_real_photo_wc_bio15": 1031, "median_real_photo_wc_elevation_m": 913.0, "n_real_photo_wc_elevation_m": 1031, "median_real_photo_soil_pH": 7.1, "n_real_photo_soil_pH": 866, "median_real_photo_soil_SOC": 25.30833333333333, "n_real_photo_soil_SOC": 844, "median_real_photo_soil_N": 2.0933333333333333, "n_real_photo_soil_N": 837, "median_real_photo_soil_clay": 21.508333333333333, "n_real_photo_soil_clay": 866, "median_real_photo_soil_available_water_proxy": 16.883333333333333, "n_real_photo_soil_available_water_proxy": 866}, "geometry": {"type": "Polygon", "coordinates": [[[100, 33.74898859588859], [120, 33.74898859588859], [120, 51.05755873101861], [100, 51.05755873101861], [100, 33.74898859588859]]]}}, {"type": "Feature", "id": 141, "properties": {"cell_id": 141, "display_only_cell_centroid_lat": 41.8103148957786, "display_only_cell_centroid_lon": 130, "display_only_cell_latitude_low": 33.74898859588859, "display_only_cell_latitude_high": 51.05755873101861, "display_only_cell_lon_low": 120, "display_only_cell_lon_high": 140, "source_taxon_cell_rows": 947, "n_unique_taxa": 947, "n_four_state_classified": 468, "n_unclassified": 479, "fraction_classifiable": 0.4941921858500528, "n_public_site_coordinates": 945, "n_source_climate_complete": 944, "n_source_soil_complete": 493, "n_source_all_abiotic_complete": 493, "n_colour_classified_and_full_abiotic": 234, "count_white": 248, "fraction_white_given_classified": 0.5299145299145299, "count_yellow_orange": 119, "fraction_yellow_orange_given_classified": 0.25427350427350426, "count_red_pink": 54, "fraction_red_pink_given_classified": 0.11538461538461539, "count_blue_purple": 47, "fraction_blue_purple_given_classified": 0.10042735042735043, "median_real_photo_wc_bio1": 11.974312782287598, "n_real_photo_wc_bio1": 944, "median_real_photo_wc_bio5": 28.595749855041504, "n_real_photo_wc_bio5": 944, "median_real_photo_wc_bio12": 1303.0, "n_real_photo_wc_bio12": 944, "median_real_photo_wc_bio15": 75.92739486694336, "n_real_photo_wc_bio15": 944, "median_real_photo_wc_elevation_m": 106.0, "n_real_photo_wc_elevation_m": 944, "median_real_photo_soil_pH": 5.716666666666667, "n_real_photo_soil_pH": 568, "median_real_photo_soil_SOC": 31.4, "n_real_photo_soil_SOC": 574, "median_real_photo_soil_N": 2.5508333333333333, "n_real_photo_soil_N": 568, "median_real_photo_soil_clay": 27.291666666666664, "n_real_photo_soil_clay": 568, "median_real_photo_soil_available_water_proxy": 18.941666666666663, "n_real_photo_soil_available_water_proxy": 568}, "geometry": {"type": "Polygon", "coordinates": [[[120, 33.74898859588859], [140, 33.74898859588859], [140, 51.05755873101861], [120, 51.05755873101861], [120, 33.74898859588859]]]}}, {"type": "Feature", "id": 142, "properties": {"cell_id": 142, "display_only_cell_centroid_lat": 41.8103148957786, "display_only_cell_centroid_lon": 150, "display_only_cell_latitude_low": 33.74898859588859, "display_only_cell_latitude_high": 51.05755873101861, "display_only_cell_lon_low": 140, "display_only_cell_lon_high": 160, "source_taxon_cell_rows": 553, "n_unique_taxa": 553, "n_four_state_classified": 265, "n_unclassified": 288, "fraction_classifiable": 0.47920433996383366, "n_public_site_coordinates": 551, "n_source_climate_complete": 551, "n_source_soil_complete": 294, "n_source_all_abiotic_complete": 294, "n_colour_classified_and_full_abiotic": 153, "count_white": 139, "fraction_white_given_classified": 0.5245283018867924, "count_yellow_orange": 76, "fraction_yellow_orange_given_classified": 0.28679245283018867, "count_red_pink": 31, "fraction_red_pink_given_classified": 0.1169811320754717, "count_blue_purple": 19, "fraction_blue_purple_given_classified": 0.07169811320754717, "median_real_photo_wc_bio1": 9.32826042175293, "n_real_photo_wc_bio1": 551, "median_real_photo_wc_bio5": 25.75777816772461, "n_real_photo_wc_bio5": 551, "median_real_photo_wc_bio12": 1239.0, "n_real_photo_wc_bio12": 551, "median_real_photo_wc_bio15": 38.37035369873047, "n_real_photo_wc_bio15": 551, "median_real_photo_wc_elevation_m": 120.0, "n_real_photo_wc_elevation_m": 551, "median_real_photo_soil_pH": 5.433333333333334, "n_real_photo_soil_pH": 347, "median_real_photo_soil_SOC": 49.36666666666667, "n_real_photo_soil_SOC": 376, "median_real_photo_soil_N": 3.9266666666666663, "n_real_photo_soil_N": 375, "median_real_photo_soil_clay": 21.683333333333334, "n_real_photo_soil_clay": 347, "median_real_photo_soil_available_water_proxy": 21.083333333333336, "n_real_photo_soil_available_water_proxy": 347}, "geometry": {"type": "Polygon", "coordinates": [[[140, 33.74898859588859], [160, 33.74898859588859], [160, 51.05755873101861], [140, 51.05755873101861], [140, 33.74898859588859]]]}}, {"type": "Feature", "id": 143, "properties": {"cell_id": 143, "display_only_cell_centroid_lat": 41.8103148957786, "display_only_cell_centroid_lon": 170, "display_only_cell_latitude_low": 33.74898859588859, "display_only_cell_latitude_high": 51.05755873101861, "display_only_cell_lon_low": 160, "display_only_cell_lon_high": 180, "source_taxon_cell_rows": 0, "n_unique_taxa": 0, "n_four_state_classified": 0, "n_unclassified": 0, "fraction_classifiable": null, "n_public_site_coordinates": 0, "n_source_climate_complete": 0, "n_source_soil_complete": 0, "n_source_all_abiotic_complete": 0, "n_colour_classified_and_full_abiotic": 0, "count_white": 0, "fraction_white_given_classified": null, "count_yellow_orange": 0, "fraction_yellow_orange_given_classified": null, "count_red_pink": 0, "fraction_red_pink_given_classified": null, "count_blue_purple": 0, "fraction_blue_purple_given_classified": null, "n_real_photo_wc_bio1": 0, "n_real_photo_wc_bio5": 0, "n_real_photo_wc_bio12": 0, "n_real_photo_wc_bio15": 0, "n_real_photo_wc_elevation_m": 0, "n_real_photo_soil_pH": 0, "n_real_photo_soil_SOC": 0, "n_real_photo_soil_N": 0, "n_real_photo_soil_clay": 0, "n_real_photo_soil_available_water_proxy": 0}, "geometry": {"type": "Polygon", "coordinates": [[[160, 33.74898859588859], [180, 33.74898859588859], [180, 51.05755873101861], [160, 51.05755873101861], [160, 33.74898859588859]]]}}, {"type": "Feature", "id": 144, "properties": {"cell_id": 144, "display_only_cell_centroid_lat": 62.73395554926718, "display_only_cell_centroid_lon": -170, "display_only_cell_latitude_low": 51.05755873101861, "display_only_cell_latitude_high": 90.0, "display_only_cell_lon_low": -180, "display_only_cell_lon_high": -160, "source_taxon_cell_rows": 184, "n_unique_taxa": 184, "n_four_state_classified": 109, "n_unclassified": 75, "fraction_classifiable": 0.592391304347826, "n_public_site_coordinates": 184, "n_source_climate_complete": 184, "n_source_soil_complete": 88, "n_source_all_abiotic_complete": 88, "n_colour_classified_and_full_abiotic": 48, "count_white": 48, "fraction_white_given_classified": 0.44036697247706424, "count_yellow_orange": 31, "fraction_yellow_orange_given_classified": 0.28440366972477066, "count_red_pink": 16, "fraction_red_pink_given_classified": 0.14678899082568808, "count_blue_purple": 14, "fraction_blue_purple_given_classified": 0.12844036697247707, "median_real_photo_wc_bio1": -2.967846155166626, "n_real_photo_wc_bio1": 184, "median_real_photo_wc_bio5": 13.578232765197754, "n_real_photo_wc_bio5": 184, "median_real_photo_wc_bio12": 455.0, "n_real_photo_wc_bio12": 184, "median_real_photo_wc_bio15": 53.40319061279297, "n_real_photo_wc_bio15": 184, "median_real_photo_wc_elevation_m": 115.5, "n_real_photo_wc_elevation_m": 184, "median_real_photo_soil_pH": 5.716666666666667, "n_real_photo_soil_pH": 124, "median_real_photo_soil_SOC": 182.01666666666668, "n_real_photo_soil_SOC": 120, "median_real_photo_soil_N": 8.684999999999999, "n_real_photo_soil_N": 112, "median_real_photo_soil_clay": 14.650000000000002, "n_real_photo_soil_clay": 124, "median_real_photo_soil_available_water_proxy": 24.700000000000003, "n_real_photo_soil_available_water_proxy": 124}, "geometry": {"type": "Polygon", "coordinates": [[[-180, 51.05755873101861], [-160, 51.05755873101861], [-160, 90.0], [-180, 90.0], [-180, 51.05755873101861]]]}}, {"type": "Feature", "id": 145, "properties": {"cell_id": 145, "display_only_cell_centroid_lat": 62.73395554926718, "display_only_cell_centroid_lon": -150, "display_only_cell_latitude_low": 51.05755873101861, "display_only_cell_latitude_high": 90.0, "display_only_cell_lon_low": -160, "display_only_cell_lon_high": -140, "source_taxon_cell_rows": 452, "n_unique_taxa": 452, "n_four_state_classified": 225, "n_unclassified": 227, "fraction_classifiable": 0.497787610619469, "n_public_site_coordinates": 451, "n_source_climate_complete": 451, "n_source_soil_complete": 304, "n_source_all_abiotic_complete": 304, "n_colour_classified_and_full_abiotic": 150, "count_white": 118, "fraction_white_given_classified": 0.5244444444444445, "count_yellow_orange": 69, "fraction_yellow_orange_given_classified": 0.30666666666666664, "count_red_pink": 14, "fraction_red_pink_given_classified": 0.06222222222222222, "count_blue_purple": 24, "fraction_blue_purple_given_classified": 0.10666666666666667, "median_real_photo_wc_bio1": -1.8896563053131104, "n_real_photo_wc_bio1": 451, "median_real_photo_wc_bio5": 17.370996475219727, "n_real_photo_wc_bio5": 451, "median_real_photo_wc_bio12": 576.0, "n_real_photo_wc_bio12": 451, "median_real_photo_wc_bio15": 48.87106323242188, "n_real_photo_wc_bio15": 451, "median_real_photo_wc_elevation_m": 394.0, "n_real_photo_wc_elevation_m": 451, "median_real_photo_soil_pH": 5.341666666666667, "n_real_photo_soil_pH": 360, "median_real_photo_soil_SOC": 125.0, "n_real_photo_soil_SOC": 359, "median_real_photo_soil_N": 5.715, "n_real_photo_soil_N": 344, "median_real_photo_soil_clay": 11.833333333333334, "n_real_photo_soil_clay": 360, "median_real_photo_soil_available_water_proxy": 24.491666666666667, "n_real_photo_soil_available_water_proxy": 360}, "geometry": {"type": "Polygon", "coordinates": [[[-160, 51.05755873101861], [-140, 51.05755873101861], [-140, 90.0], [-160, 90.0], [-160, 51.05755873101861]]]}}, {"type": "Feature", "id": 146, "properties": {"cell_id": 146, "display_only_cell_centroid_lat": 62.73395554926718, "display_only_cell_centroid_lon": -130, "display_only_cell_latitude_low": 51.05755873101861, "display_only_cell_latitude_high": 90.0, "display_only_cell_lon_low": -140, "display_only_cell_lon_high": -120, "source_taxon_cell_rows": 692, "n_unique_taxa": 692, "n_four_state_classified": 348, "n_unclassified": 344, "fraction_classifiable": 0.5028901734104047, "n_public_site_coordinates": 692, "n_source_climate_complete": 692, "n_source_soil_complete": 512, "n_source_all_abiotic_complete": 512, "n_colour_classified_and_full_abiotic": 263, "count_white": 178, "fraction_white_given_classified": 0.5114942528735632, "count_yellow_orange": 102, "fraction_yellow_orange_given_classified": 0.29310344827586204, "count_red_pink": 28, "fraction_red_pink_given_classified": 0.08045977011494253, "count_blue_purple": 40, "fraction_blue_purple_given_classified": 0.11494252873563218, "median_real_photo_wc_bio1": 2.093177080154419, "n_real_photo_wc_bio1": 692, "median_real_photo_wc_bio5": 19.06024932861328, "n_real_photo_wc_bio5": 692, "median_real_photo_wc_bio12": 514.5, "n_real_photo_wc_bio12": 692, "median_real_photo_wc_bio15": 39.31120681762695, "n_real_photo_wc_bio15": 692, "median_real_photo_wc_elevation_m": 838.0, "n_real_photo_wc_elevation_m": 692, "median_real_photo_soil_pH": 5.883333333333334, "n_real_photo_soil_pH": 566, "median_real_photo_soil_SOC": 36.40833333333333, "n_real_photo_soil_SOC": 574, "median_real_photo_soil_N": 3.32, "n_real_photo_soil_N": 590, "median_real_photo_soil_clay": 19.65833333333333, "n_real_photo_soil_clay": 566, "median_real_photo_soil_available_water_proxy": 19.958333333333336, "n_real_photo_soil_available_water_proxy": 566}, "geometry": {"type": "Polygon", "coordinates": [[[-140, 51.05755873101861], [-120, 51.05755873101861], [-120, 90.0], [-140, 90.0], [-140, 51.05755873101861]]]}}, {"type": "Feature", "id": 147, "properties": {"cell_id": 147, "display_only_cell_centroid_lat": 62.73395554926718, "display_only_cell_centroid_lon": -110, "display_only_cell_latitude_low": 51.05755873101861, "display_only_cell_latitude_high": 90.0, "display_only_cell_lon_low": -120, "display_only_cell_lon_high": -100, "source_taxon_cell_rows": 734, "n_unique_taxa": 734, "n_four_state_classified": 343, "n_unclassified": 391, "fraction_classifiable": 0.4673024523160763, "n_public_site_coordinates": 734, "n_source_climate_complete": 734, "n_source_soil_complete": 527, "n_source_all_abiotic_complete": 527, "n_colour_classified_and_full_abiotic": 240, "count_white": 175, "fraction_white_given_classified": 0.5102040816326531, "count_yellow_orange": 115, "fraction_yellow_orange_given_classified": 0.33527696793002915, "count_red_pink": 20, "fraction_red_pink_given_classified": 0.05830903790087463, "count_blue_purple": 33, "fraction_blue_purple_given_classified": 0.09620991253644315, "median_real_photo_wc_bio1": 2.068427085876465, "n_real_photo_wc_bio1": 734, "median_real_photo_wc_bio5": 21.990249633789062, "n_real_photo_wc_bio5": 734, "median_real_photo_wc_bio12": 482.0, "n_real_photo_wc_bio12": 734, "median_real_photo_wc_bio15": 63.20027160644531, "n_real_photo_wc_bio15": 734, "median_real_photo_wc_elevation_m": 897.5, "n_real_photo_wc_elevation_m": 734, "median_real_photo_soil_pH": 6.366666666666666, "n_real_photo_soil_pH": 641, "median_real_photo_soil_SOC": 28.23333333333333, "n_real_photo_soil_SOC": 630, "median_real_photo_soil_N": 2.675, "n_real_photo_soil_N": 603, "median_real_photo_soil_clay": 24.116666666666667, "n_real_photo_soil_clay": 641, "median_real_photo_soil_available_water_proxy": 17.449999999999996, "n_real_photo_soil_available_water_proxy": 641}, "geometry": {"type": "Polygon", "coordinates": [[[-120, 51.05755873101861], [-100, 51.05755873101861], [-100, 90.0], [-120, 90.0], [-120, 51.05755873101861]]]}}, {"type": "Feature", "id": 148, "properties": {"cell_id": 148, "display_only_cell_centroid_lat": 62.73395554926718, "display_only_cell_centroid_lon": -90, "display_only_cell_latitude_low": 51.05755873101861, "display_only_cell_latitude_high": 90.0, "display_only_cell_lon_low": -100, "display_only_cell_lon_high": -80, "source_taxon_cell_rows": 391, "n_unique_taxa": 391, "n_four_state_classified": 195, "n_unclassified": 196, "fraction_classifiable": 0.49872122762148335, "n_public_site_coordinates": 391, "n_source_climate_complete": 391, "n_source_soil_complete": 174, "n_source_all_abiotic_complete": 174, "n_colour_classified_and_full_abiotic": 93, "count_white": 101, "fraction_white_given_classified": 0.517948717948718, "count_yellow_orange": 71, "fraction_yellow_orange_given_classified": 0.3641025641025641, "count_red_pink": 8, "fraction_red_pink_given_classified": 0.041025641025641026, "count_blue_purple": 15, "fraction_blue_purple_given_classified": 0.07692307692307693, "median_real_photo_wc_bio1": -2.225903034210205, "n_real_photo_wc_bio1": 391, "median_real_photo_wc_bio5": 21.388750076293945, "n_real_photo_wc_bio5": 391, "median_real_photo_wc_bio12": 512.0, "n_real_photo_wc_bio12": 391, "median_real_photo_wc_bio15": 51.53558349609375, "n_real_photo_wc_bio15": 391, "median_real_photo_wc_elevation_m": 184.0, "n_real_photo_wc_elevation_m": 391, "median_real_photo_soil_pH": 6.183333333333334, "n_real_photo_soil_pH": 254, "median_real_photo_soil_SOC": 85.9, "n_real_photo_soil_SOC": 246, "median_real_photo_soil_N": 5.38, "n_real_photo_soil_N": 259, "median_real_photo_soil_clay": 27.1, "n_real_photo_soil_clay": 254, "median_real_photo_soil_available_water_proxy": 19.7, "n_real_photo_soil_available_water_proxy": 247}, "geometry": {"type": "Polygon", "coordinates": [[[-100, 51.05755873101861], [-80, 51.05755873101861], [-80, 90.0], [-100, 90.0], [-100, 51.05755873101861]]]}}, {"type": "Feature", "id": 149, "properties": {"cell_id": 149, "display_only_cell_centroid_lat": 62.73395554926718, "display_only_cell_centroid_lon": -70, "display_only_cell_latitude_low": 51.05755873101861, "display_only_cell_latitude_high": 90.0, "display_only_cell_lon_low": -80, "display_only_cell_lon_high": -60, "source_taxon_cell_rows": 181, "n_unique_taxa": 181, "n_four_state_classified": 97, "n_unclassified": 84, "fraction_classifiable": 0.5359116022099447, "n_public_site_coordinates": 181, "n_source_climate_complete": 181, "n_source_soil_complete": 69, "n_source_all_abiotic_complete": 69, "n_colour_classified_and_full_abiotic": 39, "count_white": 55, "fraction_white_given_classified": 0.5670103092783505, "count_yellow_orange": 29, "fraction_yellow_orange_given_classified": 0.29896907216494845, "count_red_pink": 8, "fraction_red_pink_given_classified": 0.08247422680412371, "count_blue_purple": 5, "fraction_blue_purple_given_classified": 0.05154639175257732, "median_real_photo_wc_bio1": -9.05846881866455, "n_real_photo_wc_bio1": 181, "median_real_photo_wc_bio5": 12.846428871154783, "n_real_photo_wc_bio5": 181, "median_real_photo_wc_bio12": 421.0, "n_real_photo_wc_bio12": 181, "median_real_photo_wc_bio15": 48.37205505371094, "n_real_photo_wc_bio15": 181, "median_real_photo_wc_elevation_m": 129.0, "n_real_photo_wc_elevation_m": 181, "median_real_photo_soil_pH": 5.683333333333334, "n_real_photo_soil_pH": 78, "median_real_photo_soil_SOC": 67.55000000000001, "n_real_photo_soil_SOC": 104, "median_real_photo_soil_N": 4.91, "n_real_photo_soil_N": 107, "median_real_photo_soil_clay": 19.45, "n_real_photo_soil_clay": 78, "median_real_photo_soil_available_water_proxy": 22.4, "n_real_photo_soil_available_water_proxy": 78}, "geometry": {"type": "Polygon", "coordinates": [[[-80, 51.05755873101861], [-60, 51.05755873101861], [-60, 90.0], [-80, 90.0], [-80, 51.05755873101861]]]}}, {"type": "Feature", "id": 150, "properties": {"cell_id": 150, "display_only_cell_centroid_lat": 62.73395554926718, "display_only_cell_centroid_lon": -50, "display_only_cell_latitude_low": 51.05755873101861, "display_only_cell_latitude_high": 90.0, "display_only_cell_lon_low": -60, "display_only_cell_lon_high": -40, "source_taxon_cell_rows": 345, "n_unique_taxa": 345, "n_four_state_classified": 149, "n_unclassified": 196, "fraction_classifiable": 0.4318840579710145, "n_public_site_coordinates": 345, "n_source_climate_complete": 345, "n_source_soil_complete": 61, "n_source_all_abiotic_complete": 61, "n_colour_classified_and_full_abiotic": 27, "count_white": 74, "fraction_white_given_classified": 0.4966442953020134, "count_yellow_orange": 50, "fraction_yellow_orange_given_classified": 0.33557046979865773, "count_red_pink": 9, "fraction_red_pink_given_classified": 0.06040268456375839, "count_blue_purple": 16, "fraction_blue_purple_given_classified": 0.10738255033557047, "median_real_photo_wc_bio1": -1.646763801574707, "n_real_photo_wc_bio1": 345, "median_real_photo_wc_bio5": 12.30368709564209, "n_real_photo_wc_bio5": 345, "median_real_photo_wc_bio12": 765.0, "n_real_photo_wc_bio12": 345, "median_real_photo_wc_bio15": 24.146692276000977, "n_real_photo_wc_bio15": 345, "median_real_photo_wc_elevation_m": 122.0, "n_real_photo_wc_elevation_m": 345, "median_real_photo_soil_pH": 5.983333333333333, "n_real_photo_soil_pH": 158, "median_real_photo_soil_SOC": 76.88333333333334, "n_real_photo_soil_SOC": 156, "median_real_photo_soil_N": 4.453333333333333, "n_real_photo_soil_N": 112, "median_real_photo_soil_clay": 16.875, "n_real_photo_soil_clay": 158, "median_real_photo_soil_available_water_proxy": 21.51666666666667, "n_real_photo_soil_available_water_proxy": 158}, "geometry": {"type": "Polygon", "coordinates": [[[-60, 51.05755873101861], [-40, 51.05755873101861], [-40, 90.0], [-60, 90.0], [-60, 51.05755873101861]]]}}, {"type": "Feature", "id": 151, "properties": {"cell_id": 151, "display_only_cell_centroid_lat": 62.73395554926718, "display_only_cell_centroid_lon": -30, "display_only_cell_latitude_low": 51.05755873101861, "display_only_cell_latitude_high": 90.0, "display_only_cell_lon_low": -40, "display_only_cell_lon_high": -20, "source_taxon_cell_rows": 238, "n_unique_taxa": 238, "n_four_state_classified": 122, "n_unclassified": 116, "fraction_classifiable": 0.5126050420168067, "n_public_site_coordinates": 238, "n_source_climate_complete": 238, "n_source_soil_complete": 112, "n_source_all_abiotic_complete": 112, "n_colour_classified_and_full_abiotic": 62, "count_white": 59, "fraction_white_given_classified": 0.48360655737704916, "count_yellow_orange": 40, "fraction_yellow_orange_given_classified": 0.32786885245901637, "count_red_pink": 10, "fraction_red_pink_given_classified": 0.08196721311475409, "count_blue_purple": 13, "fraction_blue_purple_given_classified": 0.10655737704918032, "median_real_photo_wc_bio1": 2.1932709217071533, "n_real_photo_wc_bio1": 238, "median_real_photo_wc_bio5": 11.17167854309082, "n_real_photo_wc_bio5": 238, "median_real_photo_wc_bio12": 921.0, "n_real_photo_wc_bio12": 238, "median_real_photo_wc_bio15": 24.980892181396484, "n_real_photo_wc_bio15": 238, "median_real_photo_wc_elevation_m": 200.0, "n_real_photo_wc_elevation_m": 238, "median_real_photo_soil_pH": 6.15, "n_real_photo_soil_pH": 159, "median_real_photo_soil_SOC": 149.53333333333333, "n_real_photo_soil_SOC": 155, "median_real_photo_soil_N": 6.368333333333334, "n_real_photo_soil_N": 145, "median_real_photo_soil_clay": 11.55, "n_real_photo_soil_clay": 159, "median_real_photo_soil_available_water_proxy": 24.099999999999994, "n_real_photo_soil_available_water_proxy": 159}, "geometry": {"type": "Polygon", "coordinates": [[[-40, 51.05755873101861], [-20, 51.05755873101861], [-20, 90.0], [-40, 90.0], [-40, 51.05755873101861]]]}}, {"type": "Feature", "id": 152, "properties": {"cell_id": 152, "display_only_cell_centroid_lat": 62.73395554926718, "display_only_cell_centroid_lon": -10, "display_only_cell_latitude_low": 51.05755873101861, "display_only_cell_latitude_high": 90.0, "display_only_cell_lon_low": -20, "display_only_cell_lon_high": 0, "source_taxon_cell_rows": 669, "n_unique_taxa": 669, "n_four_state_classified": 351, "n_unclassified": 318, "fraction_classifiable": 0.5246636771300448, "n_public_site_coordinates": 668, "n_source_climate_complete": 668, "n_source_soil_complete": 375, "n_source_all_abiotic_complete": 375, "n_colour_classified_and_full_abiotic": 207, "count_white": 159, "fraction_white_given_classified": 0.452991452991453, "count_yellow_orange": 121, "fraction_yellow_orange_given_classified": 0.34472934472934474, "count_red_pink": 37, "fraction_red_pink_given_classified": 0.10541310541310542, "count_blue_purple": 34, "fraction_blue_purple_given_classified": 0.09686609686609686, "median_real_photo_wc_bio1": 9.298927307128906, "n_real_photo_wc_bio1": 668, "median_real_photo_wc_bio5": 19.26961898803711, "n_real_photo_wc_bio5": 668, "median_real_photo_wc_bio12": 853.0, "n_real_photo_wc_bio12": 668, "median_real_photo_wc_bio15": 18.13165664672852, "n_real_photo_wc_bio15": 668, "median_real_photo_wc_elevation_m": 90.0, "n_real_photo_wc_elevation_m": 668, "median_real_photo_soil_pH": 5.933333333333334, "n_real_photo_soil_pH": 466, "median_real_photo_soil_SOC": 73.16666666666666, "n_real_photo_soil_SOC": 468, "median_real_photo_soil_N": 4.4366666666666665, "n_real_photo_soil_N": 447, "median_real_photo_soil_clay": 21.924999999999997, "n_real_photo_soil_clay": 466, "median_real_photo_soil_available_water_proxy": 20.733333333333334, "n_real_photo_soil_available_water_proxy": 466}, "geometry": {"type": "Polygon", "coordinates": [[[-20, 51.05755873101861], [0, 51.05755873101861], [0, 90.0], [-20, 90.0], [-20, 51.05755873101861]]]}}, {"type": "Feature", "id": 153, "properties": {"cell_id": 153, "display_only_cell_centroid_lat": 62.73395554926718, "display_only_cell_centroid_lon": 10, "display_only_cell_latitude_low": 51.05755873101861, "display_only_cell_latitude_high": 90.0, "display_only_cell_lon_low": 0, "display_only_cell_lon_high": 20, "source_taxon_cell_rows": 854, "n_unique_taxa": 854, "n_four_state_classified": 444, "n_unclassified": 410, "fraction_classifiable": 0.5199063231850117, "n_public_site_coordinates": 850, "n_source_climate_complete": 850, "n_source_soil_complete": 492, "n_source_all_abiotic_complete": 492, "n_colour_classified_and_full_abiotic": 260, "count_white": 211, "fraction_white_given_classified": 0.4752252252252252, "count_yellow_orange": 146, "fraction_yellow_orange_given_classified": 0.32882882882882886, "count_red_pink": 47, "fraction_red_pink_given_classified": 0.10585585585585586, "count_blue_purple": 40, "fraction_blue_purple_given_classified": 0.09009009009009009, "median_real_photo_wc_bio1": 9.011968612670898, "n_real_photo_wc_bio1": 850, "median_real_photo_wc_bio5": 21.828248977661133, "n_real_photo_wc_bio5": 850, "median_real_photo_wc_bio12": 622.0, "n_real_photo_wc_bio12": 850, "median_real_photo_wc_bio15": 21.162090301513672, "n_real_photo_wc_bio15": 850, "median_real_photo_wc_elevation_m": 46.5, "n_real_photo_wc_elevation_m": 850, "median_real_photo_soil_pH": 6.216666666666667, "n_real_photo_soil_pH": 641, "median_real_photo_soil_SOC": 38.33333333333333, "n_real_photo_soil_SOC": 645, "median_real_photo_soil_N": 3.415, "n_real_photo_soil_N": 594, "median_real_photo_soil_clay": 19.416666666666664, "n_real_photo_soil_clay": 641, "median_real_photo_soil_available_water_proxy": 19.383333333333333, "n_real_photo_soil_available_water_proxy": 641}, "geometry": {"type": "Polygon", "coordinates": [[[0, 51.05755873101861], [20, 51.05755873101861], [20, 90.0], [0, 90.0], [0, 51.05755873101861]]]}}, {"type": "Feature", "id": 154, "properties": {"cell_id": 154, "display_only_cell_centroid_lat": 62.73395554926718, "display_only_cell_centroid_lon": 30, "display_only_cell_latitude_low": 51.05755873101861, "display_only_cell_latitude_high": 90.0, "display_only_cell_lon_low": 20, "display_only_cell_lon_high": 40, "source_taxon_cell_rows": 710, "n_unique_taxa": 710, "n_four_state_classified": 398, "n_unclassified": 312, "fraction_classifiable": 0.5605633802816902, "n_public_site_coordinates": 708, "n_source_climate_complete": 708, "n_source_soil_complete": 388, "n_source_all_abiotic_complete": 388, "n_colour_classified_and_full_abiotic": 228, "count_white": 199, "fraction_white_given_classified": 0.5, "count_yellow_orange": 128, "fraction_yellow_orange_given_classified": 0.32160804020100503, "count_red_pink": 31, "fraction_red_pink_given_classified": 0.07788944723618091, "count_blue_purple": 40, "fraction_blue_purple_given_classified": 0.10050251256281408, "median_real_photo_wc_bio1": 4.996135234832764, "n_real_photo_wc_bio1": 708, "median_real_photo_wc_bio5": 22.275500297546387, "n_real_photo_wc_bio5": 708, "median_real_photo_wc_bio12": 632.0, "n_real_photo_wc_bio12": 708, "median_real_photo_wc_bio15": 32.71846389770508, "n_real_photo_wc_bio15": 708, "median_real_photo_wc_elevation_m": 138.0, "n_real_photo_wc_elevation_m": 708, "median_real_photo_soil_pH": 5.558333333333334, "n_real_photo_soil_pH": 498, "median_real_photo_soil_SOC": 64.81666666666666, "n_real_photo_soil_SOC": 507, "median_real_photo_soil_N": 4.54, "n_real_photo_soil_N": 479, "median_real_photo_soil_clay": 17.975, "n_real_photo_soil_clay": 498, "median_real_photo_soil_available_water_proxy": 23.633333333333333, "n_real_photo_soil_available_water_proxy": 498}, "geometry": {"type": "Polygon", "coordinates": [[[20, 51.05755873101861], [40, 51.05755873101861], [40, 90.0], [20, 90.0], [20, 51.05755873101861]]]}}, {"type": "Feature", "id": 155, "properties": {"cell_id": 155, "display_only_cell_centroid_lat": 62.73395554926718, "display_only_cell_centroid_lon": 50, "display_only_cell_latitude_low": 51.05755873101861, "display_only_cell_latitude_high": 90.0, "display_only_cell_lon_low": 40, "display_only_cell_lon_high": 60, "source_taxon_cell_rows": 823, "n_unique_taxa": 823, "n_four_state_classified": 401, "n_unclassified": 422, "fraction_classifiable": 0.48724179829890646, "n_public_site_coordinates": 822, "n_source_climate_complete": 822, "n_source_soil_complete": 628, "n_source_all_abiotic_complete": 628, "n_colour_classified_and_full_abiotic": 292, "count_white": 222, "fraction_white_given_classified": 0.5536159600997507, "count_yellow_orange": 123, "fraction_yellow_orange_given_classified": 0.30673316708229426, "count_red_pink": 21, "fraction_red_pink_given_classified": 0.05236907730673317, "count_blue_purple": 35, "fraction_blue_purple_given_classified": 0.08728179551122195, "median_real_photo_wc_bio1": 2.454854249954224, "n_real_photo_wc_bio1": 822, "median_real_photo_wc_bio5": 23.850500106811523, "n_real_photo_wc_bio5": 822, "median_real_photo_wc_bio12": 540.0, "n_real_photo_wc_bio12": 822, "median_real_photo_wc_bio15": 32.096038818359375, "n_real_photo_wc_bio15": 822, "median_real_photo_wc_elevation_m": 173.5, "n_real_photo_wc_elevation_m": 822, "median_real_photo_soil_pH": 5.883333333333334, "n_real_photo_soil_pH": 741, "median_real_photo_soil_SOC": 44.075, "n_real_photo_soil_SOC": 742, "median_real_photo_soil_N": 3.4983333333333335, "n_real_photo_soil_N": 652, "median_real_photo_soil_clay": 27.65, "n_real_photo_soil_clay": 741, "median_real_photo_soil_available_water_proxy": 20.35, "n_real_photo_soil_available_water_proxy": 741}, "geometry": {"type": "Polygon", "coordinates": [[[40, 51.05755873101861], [60, 51.05755873101861], [60, 90.0], [40, 90.0], [40, 51.05755873101861]]]}}, {"type": "Feature", "id": 156, "properties": {"cell_id": 156, "display_only_cell_centroid_lat": 62.73395554926718, "display_only_cell_centroid_lon": 70, "display_only_cell_latitude_low": 51.05755873101861, "display_only_cell_latitude_high": 90.0, "display_only_cell_lon_low": 60, "display_only_cell_lon_high": 80, "source_taxon_cell_rows": 710, "n_unique_taxa": 710, "n_four_state_classified": 381, "n_unclassified": 329, "fraction_classifiable": 0.5366197183098591, "n_public_site_coordinates": 710, "n_source_climate_complete": 710, "n_source_soil_complete": 402, "n_source_all_abiotic_complete": 402, "n_colour_classified_and_full_abiotic": 215, "count_white": 210, "fraction_white_given_classified": 0.5511811023622047, "count_yellow_orange": 112, "fraction_yellow_orange_given_classified": 0.29396325459317585, "count_red_pink": 18, "fraction_red_pink_given_classified": 0.047244094488188976, "count_blue_purple": 41, "fraction_blue_purple_given_classified": 0.10761154855643044, "median_real_photo_wc_bio1": 2.03374981880188, "n_real_photo_wc_bio1": 710, "median_real_photo_wc_bio5": 23.20025062561035, "n_real_photo_wc_bio5": 710, "median_real_photo_wc_bio12": 500.0, "n_real_photo_wc_bio12": 710, "median_real_photo_wc_bio15": 51.446807861328125, "n_real_photo_wc_bio15": 710, "median_real_photo_wc_elevation_m": 246.0, "n_real_photo_wc_elevation_m": 710, "median_real_photo_soil_pH": 5.75, "n_real_photo_soil_pH": 567, "median_real_photo_soil_SOC": 40.2, "n_real_photo_soil_SOC": 556, "median_real_photo_soil_N": 3.0949999999999998, "n_real_photo_soil_N": 464, "median_real_photo_soil_clay": 27.43333333333333, "n_real_photo_soil_clay": 567, "median_real_photo_soil_available_water_proxy": 21.833333333333336, "n_real_photo_soil_available_water_proxy": 564}, "geometry": {"type": "Polygon", "coordinates": [[[60, 51.05755873101861], [80, 51.05755873101861], [80, 90.0], [60, 90.0], [60, 51.05755873101861]]]}}, {"type": "Feature", "id": 157, "properties": {"cell_id": 157, "display_only_cell_centroid_lat": 62.73395554926718, "display_only_cell_centroid_lon": 90, "display_only_cell_latitude_low": 51.05755873101861, "display_only_cell_latitude_high": 90.0, "display_only_cell_lon_low": 80, "display_only_cell_lon_high": 100, "source_taxon_cell_rows": 786, "n_unique_taxa": 786, "n_four_state_classified": 469, "n_unclassified": 317, "fraction_classifiable": 0.5966921119592875, "n_public_site_coordinates": 786, "n_source_climate_complete": 786, "n_source_soil_complete": 550, "n_source_all_abiotic_complete": 550, "n_colour_classified_and_full_abiotic": 325, "count_white": 229, "fraction_white_given_classified": 0.488272921108742, "count_yellow_orange": 157, "fraction_yellow_orange_given_classified": 0.3347547974413646, "count_red_pink": 36, "fraction_red_pink_given_classified": 0.0767590618336887, "count_blue_purple": 47, "fraction_blue_purple_given_classified": 0.10021321961620469, "median_real_photo_wc_bio1": 1.3491666316986084, "n_real_photo_wc_bio1": 786, "median_real_photo_wc_bio5": 24.88949966430664, "n_real_photo_wc_bio5": 786, "median_real_photo_wc_bio12": 458.0, "n_real_photo_wc_bio12": 786, "median_real_photo_wc_bio15": 44.65085220336914, "n_real_photo_wc_bio15": 786, "median_real_photo_wc_elevation_m": 203.5, "n_real_photo_wc_elevation_m": 786, "median_real_photo_soil_pH": 6.5, "n_real_photo_soil_pH": 656, "median_real_photo_soil_SOC": 40.41666666666667, "n_real_photo_soil_SOC": 603, "median_real_photo_soil_N": 3.223333333333333, "n_real_photo_soil_N": 607, "median_real_photo_soil_clay": 29.20833333333333, "n_real_photo_soil_clay": 656, "median_real_photo_soil_available_water_proxy": 20.116666666666664, "n_real_photo_soil_available_water_proxy": 656}, "geometry": {"type": "Polygon", "coordinates": [[[80, 51.05755873101861], [100, 51.05755873101861], [100, 90.0], [80, 90.0], [80, 51.05755873101861]]]}}, {"type": "Feature", "id": 158, "properties": {"cell_id": 158, "display_only_cell_centroid_lat": 62.73395554926718, "display_only_cell_centroid_lon": 110, "display_only_cell_latitude_low": 51.05755873101861, "display_only_cell_latitude_high": 90.0, "display_only_cell_lon_low": 100, "display_only_cell_lon_high": 120, "source_taxon_cell_rows": 472, "n_unique_taxa": 472, "n_four_state_classified": 288, "n_unclassified": 184, "fraction_classifiable": 0.6101694915254238, "n_public_site_coordinates": 470, "n_source_climate_complete": 470, "n_source_soil_complete": 316, "n_source_all_abiotic_complete": 316, "n_colour_classified_and_full_abiotic": 190, "count_white": 137, "fraction_white_given_classified": 0.4756944444444444, "count_yellow_orange": 85, "fraction_yellow_orange_given_classified": 0.2951388888888889, "count_red_pink": 22, "fraction_red_pink_given_classified": 0.0763888888888889, "count_blue_purple": 44, "fraction_blue_purple_given_classified": 0.1527777777777778, "median_real_photo_wc_bio1": -0.9027708768844604, "n_real_photo_wc_bio1": 470, "median_real_photo_wc_bio5": 23.00837516784668, "n_real_photo_wc_bio5": 470, "median_real_photo_wc_bio12": 404.0, "n_real_photo_wc_bio12": 470, "median_real_photo_wc_bio15": 91.1234016418457, "n_real_photo_wc_bio15": 470, "median_real_photo_wc_elevation_m": 555.0, "n_real_photo_wc_elevation_m": 470, "median_real_photo_soil_pH": 6.333333333333334, "n_real_photo_soil_pH": 382, "median_real_photo_soil_SOC": 52.96666666666667, "n_real_photo_soil_SOC": 362, "median_real_photo_soil_N": 3.898333333333333, "n_real_photo_soil_N": 369, "median_real_photo_soil_clay": 20.258333333333333, "n_real_photo_soil_clay": 382, "median_real_photo_soil_available_water_proxy": 22.116666666666667, "n_real_photo_soil_available_water_proxy": 380}, "geometry": {"type": "Polygon", "coordinates": [[[100, 51.05755873101861], [120, 51.05755873101861], [120, 90.0], [100, 90.0], [100, 51.05755873101861]]]}}, {"type": "Feature", "id": 159, "properties": {"cell_id": 159, "display_only_cell_centroid_lat": 62.73395554926718, "display_only_cell_centroid_lon": 130, "display_only_cell_latitude_low": 51.05755873101861, "display_only_cell_latitude_high": 90.0, "display_only_cell_lon_low": 120, "display_only_cell_lon_high": 140, "source_taxon_cell_rows": 152, "n_unique_taxa": 152, "n_four_state_classified": 83, "n_unclassified": 69, "fraction_classifiable": 0.5460526315789473, "n_public_site_coordinates": 152, "n_source_climate_complete": 152, "n_source_soil_complete": 84, "n_source_all_abiotic_complete": 84, "n_colour_classified_and_full_abiotic": 48, "count_white": 38, "fraction_white_given_classified": 0.4578313253012048, "count_yellow_orange": 29, "fraction_yellow_orange_given_classified": 0.3493975903614458, "count_red_pink": 8, "fraction_red_pink_given_classified": 0.0963855421686747, "count_blue_purple": 8, "fraction_blue_purple_given_classified": 0.0963855421686747, "median_real_photo_wc_bio1": -8.78585433959961, "n_real_photo_wc_bio1": 152, "median_real_photo_wc_bio5": 24.807750701904297, "n_real_photo_wc_bio5": 152, "median_real_photo_wc_bio12": 308.0, "n_real_photo_wc_bio12": 152, "median_real_photo_wc_bio15": 67.48812103271484, "n_real_photo_wc_bio15": 152, "median_real_photo_wc_elevation_m": 168.0, "n_real_photo_wc_elevation_m": 152, "median_real_photo_soil_pH": 6.033333333333333, "n_real_photo_soil_pH": 113, "median_real_photo_soil_SOC": 71.5, "n_real_photo_soil_SOC": 105, "median_real_photo_soil_N": 4.505, "n_real_photo_soil_N": 108, "median_real_photo_soil_clay": 24.616666666666667, "n_real_photo_soil_clay": 113, "median_real_photo_soil_available_water_proxy": 21.95, "n_real_photo_soil_available_water_proxy": 113}, "geometry": {"type": "Polygon", "coordinates": [[[120, 51.05755873101861], [140, 51.05755873101861], [140, 90.0], [120, 90.0], [120, 51.05755873101861]]]}}, {"type": "Feature", "id": 160, "properties": {"cell_id": 160, "display_only_cell_centroid_lat": 62.73395554926718, "display_only_cell_centroid_lon": 150, "display_only_cell_latitude_low": 51.05755873101861, "display_only_cell_latitude_high": 90.0, "display_only_cell_lon_low": 140, "display_only_cell_lon_high": 160, "source_taxon_cell_rows": 378, "n_unique_taxa": 378, "n_four_state_classified": 208, "n_unclassified": 170, "fraction_classifiable": 0.5502645502645502, "n_public_site_coordinates": 378, "n_source_climate_complete": 378, "n_source_soil_complete": 219, "n_source_all_abiotic_complete": 219, "n_colour_classified_and_full_abiotic": 119, "count_white": 101, "fraction_white_given_classified": 0.4855769230769231, "count_yellow_orange": 64, "fraction_yellow_orange_given_classified": 0.3076923076923077, "count_red_pink": 19, "fraction_red_pink_given_classified": 0.09134615384615384, "count_blue_purple": 24, "fraction_blue_purple_given_classified": 0.11538461538461539, "median_real_photo_wc_bio1": -0.8244687914848328, "n_real_photo_wc_bio1": 378, "median_real_photo_wc_bio5": 16.81808853149414, "n_real_photo_wc_bio5": 378, "median_real_photo_wc_bio12": 835.0, "n_real_photo_wc_bio12": 378, "median_real_photo_wc_bio15": 30.662019729614254, "n_real_photo_wc_bio15": 378, "median_real_photo_wc_elevation_m": 189.0, "n_real_photo_wc_elevation_m": 378, "median_real_photo_soil_pH": 5.7, "n_real_photo_soil_pH": 313, "median_real_photo_soil_SOC": 49.13333333333334, "n_real_photo_soil_SOC": 328, "median_real_photo_soil_N": 4.778333333333333, "n_real_photo_soil_N": 260, "median_real_photo_soil_clay": 19.216666666666665, "n_real_photo_soil_clay": 313, "median_real_photo_soil_available_water_proxy": 25.60833333333333, "n_real_photo_soil_available_water_proxy": 310}, "geometry": {"type": "Polygon", "coordinates": [[[140, 51.05755873101861], [160, 51.05755873101861], [160, 90.0], [140, 90.0], [140, 51.05755873101861]]]}}, {"type": "Feature", "id": 161, "properties": {"cell_id": 161, "display_only_cell_centroid_lat": 62.73395554926718, "display_only_cell_centroid_lon": 170, "display_only_cell_latitude_low": 51.05755873101861, "display_only_cell_latitude_high": 90.0, "display_only_cell_lon_low": 160, "display_only_cell_lon_high": 180, "source_taxon_cell_rows": 162, "n_unique_taxa": 162, "n_four_state_classified": 107, "n_unclassified": 55, "fraction_classifiable": 0.6604938271604939, "n_public_site_coordinates": 162, "n_source_climate_complete": 162, "n_source_soil_complete": 70, "n_source_all_abiotic_complete": 70, "n_colour_classified_and_full_abiotic": 46, "count_white": 43, "fraction_white_given_classified": 0.40186915887850466, "count_yellow_orange": 38, "fraction_yellow_orange_given_classified": 0.35514018691588783, "count_red_pink": 17, "fraction_red_pink_given_classified": 0.1588785046728972, "count_blue_purple": 9, "fraction_blue_purple_given_classified": 0.08411214953271028, "median_real_photo_wc_bio1": -4.971426963806152, "n_real_photo_wc_bio1": 162, "median_real_photo_wc_bio5": 13.785714149475098, "n_real_photo_wc_bio5": 162, "median_real_photo_wc_bio12": 741.0, "n_real_photo_wc_bio12": 162, "median_real_photo_wc_bio15": 30.67930793762207, "n_real_photo_wc_bio15": 162, "median_real_photo_wc_elevation_m": 213.0, "n_real_photo_wc_elevation_m": 162, "median_real_photo_soil_pH": 5.9, "n_real_photo_soil_pH": 94, "median_real_photo_soil_SOC": 79.60833333333333, "n_real_photo_soil_SOC": 92, "median_real_photo_soil_N": 4.441666666666666, "n_real_photo_soil_N": 75, "median_real_photo_soil_clay": 23.566666666666663, "n_real_photo_soil_clay": 94, "median_real_photo_soil_available_water_proxy": 22.383333333333336, "n_real_photo_soil_available_water_proxy": 91}, "geometry": {"type": "Polygon", "coordinates": [[[160, 51.05755873101861], [180, 51.05755873101861], [180, 90.0], [160, 90.0], [160, 51.05755873101861]]]}}]}
