"inat_taxon_id","original_scientific_name","original_genus","source_genus_cell_id","source_photo_cell_162","in_fixed_250km_original_source","current_inat_taxon_name","current_inat_rank","current_genus","current_family","taxon_ID_stable","taxon_name_exact_match","taxon_rank_is_species","taxon_genus_matches_original","family_ancestor_provenance","status","phylogeny_placement_status","direct_lcvp_tip_label","direct_lcvp_backbone_tip","synthetic_graft_required"
49673,"Ceanothus cuneatus","Ceanothus","Ceanothus|128",128,"False","Ceanothus cuneatus","species","Ceanothus","Rhamnaceae","True","True","True","True","I_NATURALIST_RANKED_ANCESTORS","EXACT_SPECIES_FAMILY_GENUS_READY","GENUS_FAMILY_IN_LCVP_SYNTHETIC_NOT_DIRECT",,FALSE,TRUE
51093,"Phacelia divaricata","Phacelia","Phacelia|128",128,"True","Phacelia divaricata","species","Phacelia","Boraginaceae","True","True","True","True","I_NATURALIST_RANKED_ANCESTORS","EXACT_SPECIES_FAMILY_GENUS_READY","EXACT_SPECIES_TIP_IN_LCVP_BACKBONE","Phacelia_divaricata",TRUE,FALSE
51646,"Rubus parviflorus","Rubus","Rubus|128",128,"False","Rubus parviflorus","species","Rubus","Rosaceae","True","True","True","True","I_NATURALIST_RANKED_ANCESTORS","EXACT_SPECIES_FAMILY_GENUS_READY","GENUS_FAMILY_IN_LCVP_SYNTHETIC_NOT_DIRECT",,FALSE,TRUE
53077,"Pseudognaphalium californicum","Pseudognaphalium","Pseudognaphalium|111",111,"True","Pseudognaphalium californicum","species","Pseudognaphalium","Asteraceae","True","True","True","True","I_NATURALIST_RANKED_ANCESTORS","EXACT_SPECIES_FAMILY_GENUS_READY","EXACT_SPECIES_TIP_IN_LCVP_BACKBONE","Pseudognaphalium_californicum",TRUE,FALSE
53089,"Pseudognaphalium stramineum","Pseudognaphalium","Pseudognaphalium|111",111,"True","Pseudognaphalium stramineum","species","Pseudognaphalium","Asteraceae","True","True","True","True","I_NATURALIST_RANKED_ANCESTORS","EXACT_SPECIES_FAMILY_GENUS_READY","GENUS_FAMILY_IN_LCVP_SYNTHETIC_NOT_DIRECT",,FALSE,TRUE
53096,"Antennaria rosea","Antennaria","Antennaria|147",147,"True","Antennaria rosea","species","Antennaria","Asteraceae","True","True","True","True","I_NATURALIST_RANKED_ANCESTORS","EXACT_SPECIES_FAMILY_GENUS_READY","EXACT_SPECIES_TIP_IN_LCVP_BACKBONE","Antennaria_rosea",TRUE,FALSE
53170,"Phacelia californica","Phacelia","Phacelia|128",128,"True","Phacelia californica","species","Phacelia","Boraginaceae","True","True","True","True","I_NATURALIST_RANKED_ANCESTORS","EXACT_SPECIES_FAMILY_GENUS_READY","EXACT_SPECIES_TIP_IN_LCVP_BACKBONE","Phacelia_californica",TRUE,FALSE
53201,"Sanicula crassicaulis","Sanicula","Sanicula|128",128,"True","Sanicula crassicaulis","species","Sanicula","Apiaceae","True","True","True","True","I_NATURALIST_RANKED_ANCESTORS","EXACT_SPECIES_FAMILY_GENUS_READY","EXACT_SPECIES_TIP_IN_LCVP_BACKBONE","Sanicula_crassicaulis",TRUE,FALSE
53901,"Trifolium fucatum","Trifolium","Trifolium|128",128,"False","Trifolium fucatum","species","Trifolium","Fabaceae","True","True","True","True","I_NATURALIST_RANKED_ANCESTORS","EXACT_SPECIES_FAMILY_GENUS_READY","EXACT_SPECIES_TIP_IN_LCVP_BACKBONE","Trifolium_fucatum",TRUE,FALSE
55342,"Viola sempervirens","Viola","Viola|128",128,"False","Viola sempervirens","species","Viola","Violaceae","True","True","True","True","I_NATURALIST_RANKED_ANCESTORS","EXACT_SPECIES_FAMILY_GENUS_READY","EXACT_SPECIES_TIP_IN_LCVP_BACKBONE","Viola_sempervirens",TRUE,FALSE
55466,"Sanicula arctopoides","Sanicula","Sanicula|128",128,"True","Sanicula arctopoides","species","Sanicula","Apiaceae","True","True","True","True","I_NATURALIST_RANKED_ANCESTORS","EXACT_SPECIES_FAMILY_GENUS_READY","EXACT_SPECIES_TIP_IN_LCVP_BACKBONE","Sanicula_arctopoides",TRUE,FALSE
56841,"Sanicula laciniata","Sanicula","Sanicula|128",128,"True","Sanicula laciniata","species","Sanicula","Apiaceae","True","True","True","True","I_NATURALIST_RANKED_ANCESTORS","EXACT_SPECIES_FAMILY_GENUS_READY","EXACT_SPECIES_TIP_IN_LCVP_BACKBONE","Sanicula_laciniata",TRUE,FALSE
56968,"Lessingia hololeuca","Lessingia","Lessingia|128",128,"True","Lessingia hololeuca","species","Lessingia","Asteraceae","True","True","True","True","I_NATURALIST_RANKED_ANCESTORS","EXACT_SPECIES_FAMILY_GENUS_READY","EXACT_SPECIES_TIP_IN_LCVP_BACKBONE","Lessingia_hololeuca",TRUE,FALSE
57074,"Trifolium barbigerum","Trifolium","Trifolium|128",128,"False","Trifolium barbigerum","species","Trifolium","Fabaceae","True","True","True","True","I_NATURALIST_RANKED_ANCESTORS","EXACT_SPECIES_FAMILY_GENUS_READY","EXACT_SPECIES_TIP_IN_LCVP_BACKBONE","Trifolium_barbigerum",TRUE,FALSE
57076,"Trifolium campestre","Trifolium","Trifolium|118",118,"True","Trifolium campestre","species","Trifolium","Fabaceae","True","True","True","True","I_NATURALIST_RANKED_ANCESTORS","EXACT_SPECIES_FAMILY_GENUS_READY","EXACT_SPECIES_TIP_IN_LCVP_BACKBONE","Trifolium_campestre",TRUE,FALSE
57079,"Trifolium microdon","Trifolium","Trifolium|128",128,"False","Trifolium microdon","species","Trifolium","Fabaceae","True","True","True","True","I_NATURALIST_RANKED_ANCESTORS","EXACT_SPECIES_FAMILY_GENUS_READY","EXACT_SPECIES_TIP_IN_LCVP_BACKBONE","Trifolium_microdon",TRUE,FALSE
57080,"Trifolium variegatum","Trifolium","Trifolium|128",128,"False","Trifolium variegatum","species","Trifolium","Fabaceae","True","True","True","True","I_NATURALIST_RANKED_ANCESTORS","EXACT_SPECIES_FAMILY_GENUS_READY","EXACT_SPECIES_TIP_IN_LCVP_BACKBONE","Trifolium_variegatum",TRUE,FALSE
58058,"Heliotropium curassavicum","Heliotropium","Heliotropium|119",119,"True","Heliotropium curassavicum","species","Heliotropium","Boraginaceae","True","True","True","True","I_NATURALIST_RANKED_ANCESTORS","EXACT_SPECIES_FAMILY_GENUS_READY","EXACT_SPECIES_TIP_IN_LCVP_BACKBONE","Heliotropium_curassavicum",TRUE,FALSE
58208,"Eucalyptus tereticornis","Eucalyptus","Eucalyptus|70",70,"True","Eucalyptus tereticornis","species","Eucalyptus","Myrtaceae","True","True","True","True","I_NATURALIST_RANKED_ANCESTORS","EXACT_SPECIES_FAMILY_GENUS_READY","GENUS_FAMILY_IN_LCVP_SYNTHETIC_NOT_DIRECT",,FALSE,TRUE
58829,"Pseudognaphalium biolettii","Pseudognaphalium","Pseudognaphalium|111",111,"True","Pseudognaphalium biolettii","species","Pseudognaphalium","Asteraceae","True","True","True","True","I_NATURALIST_RANKED_ANCESTORS","EXACT_SPECIES_FAMILY_GENUS_READY","EXACT_SPECIES_TIP_IN_LCVP_BACKBONE","Pseudognaphalium_biolettii",TRUE,FALSE
58886,"Sedum spathulifolium","Sedum","Sedum|128",128,"False","Sedum spathulifolium","species","Sedum","Crassulaceae","True","True","True","True","I_NATURALIST_RANKED_ANCESTORS","EXACT_SPECIES_FAMILY_GENUS_READY","EXACT_SPECIES_TIP_IN_LCVP_BACKBONE","Sedum_spathulifolium",TRUE,FALSE
58911,"Trifolium microcephalum","Trifolium","Trifolium|128",128,"False","Trifolium microcephalum","species","Trifolium","Fabaceae","True","True","True","True","I_NATURALIST_RANKED_ANCESTORS","EXACT_SPECIES_FAMILY_GENUS_READY","EXACT_SPECIES_TIP_IN_LCVP_BACKBONE","Trifolium_microcephalum",TRUE,FALSE
58923,"Phacelia malvifolia","Phacelia","Phacelia|128",128,"True","Phacelia malvifolia","species","Phacelia","Boraginaceae","True","True","True","True","I_NATURALIST_RANKED_ANCESTORS","EXACT_SPECIES_FAMILY_GENUS_READY","GENUS_FAMILY_IN_LCVP_SYNTHETIC_NOT_DIRECT",,FALSE,TRUE
58965,"Leptosiphon parviflorus","Leptosiphon","Leptosiphon|111",111,"True","Leptosiphon parviflorus","species","Leptosiphon","Polemoniaceae","True","True","True","True","I_NATURALIST_RANKED_ANCESTORS","EXACT_SPECIES_FAMILY_GENUS_READY","EXACT_SPECIES_TIP_GENUS_FAMILY_TAXONOMIC_CONFLICT",,FALSE,TRUE
59971,"Dichelostemma volubile","Dichelostemma","Dichelostemma|128",128,"False","Dichelostemma volubile","species","Dichelostemma","Asparagaceae","True","True","True","True","I_NATURALIST_RANKED_ANCESTORS","EXACT_SPECIES_FAMILY_GENUS_READY","EXACT_SPECIES_TIP_IN_LCVP_BACKBONE","Dichelostemma_volubile",TRUE,FALSE
60105,"Lampranthus aureus","Lampranthus","Lampranthus|45",45,"True","Lampranthus aureus","species","Lampranthus","Aizoaceae","True","True","True","True","I_NATURALIST_RANKED_ANCESTORS","EXACT_SPECIES_FAMILY_GENUS_READY","GENUS_FAMILY_IN_LCVP_SYNTHETIC_NOT_DIRECT",,FALSE,TRUE
60508,"Lessingia nemaclada","Lessingia","Lessingia|128",128,"True","Lessingia nemaclada","species","Lessingia","Asteraceae","True","True","True","True","I_NATURALIST_RANKED_ANCESTORS","EXACT_SPECIES_FAMILY_GENUS_READY","GENUS_FAMILY_IN_LCVP_SYNTHETIC_NOT_DIRECT",,FALSE,TRUE
61020,"Trifolium macraei","Trifolium","Trifolium|128",128,"False","Trifolium macraei","species","Trifolium","Fabaceae","True","True","True","True","I_NATURALIST_RANKED_ANCESTORS","EXACT_SPECIES_FAMILY_GENUS_READY","EXACT_SPECIES_TIP_IN_LCVP_BACKBONE","Trifolium_macraei",TRUE,FALSE
61410,"Osteospermum amplectens","Osteospermum","Osteospermum|45",45,"False","Osteospermum amplectens","species","Osteospermum","Asteraceae","True","True","True","True","I_NATURALIST_RANKED_ANCESTORS","EXACT_SPECIES_FAMILY_GENUS_READY","GENUS_FAMILY_IN_LCVP_SYNTHETIC_NOT_DIRECT",,FALSE,TRUE
61782,"Viola ocellata","Viola","Viola|128",128,"False","Viola ocellata","species","Viola","Violaceae","True","True","True","True","I_NATURALIST_RANKED_ANCESTORS","EXACT_SPECIES_FAMILY_GENUS_READY","GENUS_FAMILY_IN_LCVP_SYNTHETIC_NOT_DIRECT",,FALSE,TRUE
62228,"Ceanothus cordulatus","Ceanothus","Ceanothus|128",128,"False","Ceanothus cordulatus","species","Ceanothus","Rhamnaceae","True","True","True","True","I_NATURALIST_RANKED_ANCESTORS","EXACT_SPECIES_FAMILY_GENUS_READY","EXACT_SPECIES_TIP_IN_LCVP_BACKBONE","Ceanothus_cordulatus",TRUE,FALSE
62262,"Dichelostemma multiflorum","Dichelostemma","Dichelostemma|128",128,"False","Dichelostemma multiflorum","species","Dichelostemma","Asparagaceae","True","True","True","True","I_NATURALIST_RANKED_ANCESTORS","EXACT_SPECIES_FAMILY_GENUS_READY","EXACT_SPECIES_TIP_IN_LCVP_BACKBONE","Dichelostemma_multiflorum",TRUE,FALSE
62377,"Rubus odoratus","Rubus","Rubus|131",131,"True","Rubus odoratus","species","Rubus","Rosaceae","True","True","True","True","I_NATURALIST_RANKED_ANCESTORS","EXACT_SPECIES_FAMILY_GENUS_READY","EXACT_SPECIES_TIP_IN_LCVP_BACKBONE","Rubus_odoratus",TRUE,FALSE
63002,"Lessingia micradenia","Lessingia","Lessingia|128",128,"True","Lessingia micradenia","species","Lessingia","Asteraceae","True","True","True","True","I_NATURALIST_RANKED_ANCESTORS","EXACT_SPECIES_FAMILY_GENUS_READY","GENUS_FAMILY_IN_LCVP_SYNTHETIC_NOT_DIRECT",,FALSE,TRUE
69713,"Rubus hispidus","Rubus","Rubus|131",131,"True","Rubus hispidus","species","Rubus","Rosaceae","True","True","True","True","I_NATURALIST_RANKED_ANCESTORS","EXACT_SPECIES_FAMILY_GENUS_READY","GENUS_FAMILY_IN_LCVP_SYNTHETIC_NOT_DIRECT",,FALSE,TRUE
75469,"Antennaria racemosa","Antennaria","Antennaria|147",147,"True","Antennaria racemosa","species","Antennaria","Asteraceae","True","True","True","True","I_NATURALIST_RANKED_ANCESTORS","EXACT_SPECIES_FAMILY_GENUS_READY","GENUS_FAMILY_IN_LCVP_SYNTHETIC_NOT_DIRECT",,FALSE,TRUE
75574,"Arnica longifolia","Arnica","Arnica|145",145,"False","Arnica longifolia","species","Arnica","Asteraceae","True","True","True","True","I_NATURALIST_RANKED_ANCESTORS","EXACT_SPECIES_FAMILY_GENUS_READY","EXACT_SPECIES_TIP_IN_LCVP_BACKBONE","Arnica_longifolia",TRUE,FALSE
75727,"Baccharis glutinosa","Baccharis","Baccharis|24",24,"False","Baccharis glutinosa","species","Baccharis","Asteraceae","True","True","True","True","I_NATURALIST_RANKED_ANCESTORS","EXACT_SPECIES_FAMILY_GENUS_READY","GENUS_FAMILY_IN_LCVP_SYNTHETIC_NOT_DIRECT",,FALSE,TRUE
76173,"Ceanothus dentatus","Ceanothus","Ceanothus|128",128,"False","Ceanothus dentatus","species","Ceanothus","Rhamnaceae","True","True","True","True","I_NATURALIST_RANKED_ANCESTORS","EXACT_SPECIES_FAMILY_GENUS_READY","GENUS_FAMILY_IN_LCVP_SYNTHETIC_NOT_DIRECT",,FALSE,TRUE
76212,"Centaurea iberica","Centaurea","Centaurea|118",118,"True","Centaurea iberica","species","Centaurea","Asteraceae","True","True","True","True","I_NATURALIST_RANKED_ANCESTORS","EXACT_SPECIES_FAMILY_GENUS_READY","EXACT_SPECIES_TIP_IN_LCVP_BACKBONE","Centaurea_iberica",TRUE,FALSE
76343,"Cirsium arizonicum","Cirsium","Cirsium|111",111,"True","Cirsium arizonicum","species","Cirsium","Asteraceae","True","True","True","True","I_NATURALIST_RANKED_ANCESTORS","EXACT_SPECIES_FAMILY_GENUS_READY","EXACT_SPECIES_TIP_IN_LCVP_BACKBONE","Cirsium_arizonicum",TRUE,FALSE
76353,"Cirsium ochrocentrum","Cirsium","Cirsium|111",111,"True","Cirsium ochrocentrum","species","Cirsium","Asteraceae","True","True","True","True","I_NATURALIST_RANKED_ANCESTORS","EXACT_SPECIES_FAMILY_GENUS_READY","EXACT_SPECIES_TIP_IN_LCVP_BACKBONE","Cirsium_ochrocentrum",TRUE,FALSE
76596,"Cytisus multiflorus","Cytisus","Cytisus|134",134,"False","Cytisus multiflorus","species","Cytisus","Fabaceae","True","True","True","True","I_NATURALIST_RANKED_ANCESTORS","EXACT_SPECIES_FAMILY_GENUS_READY","GENUS_FAMILY_IN_LCVP_SYNTHETIC_NOT_DIRECT",,FALSE,TRUE
76598,"Cytisus striatus","Cytisus","Cytisus|134",134,"False","Cytisus striatus","species","Cytisus","Fabaceae","True","True","True","True","I_NATURALIST_RANKED_ANCESTORS","EXACT_SPECIES_FAMILY_GENUS_READY","GENUS_FAMILY_IN_LCVP_SYNTHETIC_NOT_DIRECT",,FALSE,TRUE
76649,"Dichelostemma ida-maia","Dichelostemma","Dichelostemma|128",128,"False","Dichelostemma ida-maia","species","Dichelostemma","Asparagaceae","True","True","True","True","I_NATURALIST_RANKED_ANCESTORS","EXACT_SPECIES_FAMILY_GENUS_READY","GENUS_FAMILY_IN_LCVP_SYNTHETIC_NOT_DIRECT",,FALSE,TRUE
76912,"Erigeron compositus","Erigeron","Erigeron|147",147,"False","Erigeron compositus","species","Erigeron","Asteraceae","True","True","True","True","I_NATURALIST_RANKED_ANCESTORS","EXACT_SPECIES_FAMILY_GENUS_READY","EXACT_SPECIES_TIP_IN_LCVP_BACKBONE","Erigeron_compositus",TRUE,FALSE
76932,"Erigeron nivalis","Erigeron","Erigeron|147",147,"False","Erigeron nivalis","species","Erigeron","Asteraceae","True","True","True","True","I_NATURALIST_RANKED_ANCESTORS","EXACT_SPECIES_FAMILY_GENUS_READY","GENUS_FAMILY_IN_LCVP_SYNTHETIC_NOT_DIRECT",,FALSE,TRUE
77056,"Erodium malacoides","Erodium","Erodium|118",118,"True","Erodium malacoides","species","Erodium","Geraniaceae","True","True","True","True","I_NATURALIST_RANKED_ANCESTORS","EXACT_SPECIES_FAMILY_GENUS_READY","EXACT_SPECIES_TIP_IN_LCVP_BACKBONE","Erodium_malacoides",TRUE,FALSE
77540,"Ixia maculata","Ixia","Ixia|27",27,"True","Ixia maculata","species","Ixia","Iridaceae","True","True","True","True","I_NATURALIST_RANKED_ANCESTORS","EXACT_SPECIES_FAMILY_GENUS_READY","GENUS_FAMILY_IN_LCVP_SYNTHETIC_NOT_DIRECT",,FALSE,TRUE
77683,"Leptosiphon breviculus","Leptosiphon","Leptosiphon|129",129,"False","Leptosiphon breviculus","species","Leptosiphon","Polemoniaceae","True","True","True","True","I_NATURALIST_RANKED_ANCESTORS","EXACT_SPECIES_FAMILY_GENUS_READY","EXACT_SPECIES_TIP_IN_LCVP_BACKBONE","Leptosiphon_breviculus",TRUE,FALSE
77687,"Leptosiphon floribundus","Leptosiphon","Leptosiphon|111",111,"True","Leptosiphon floribundus","species","Leptosiphon","Polemoniaceae","True","True","True","True","I_NATURALIST_RANKED_ANCESTORS","EXACT_SPECIES_FAMILY_GENUS_READY","GENUS_FAMILY_IN_LCVP_SYNTHETIC_NOT_DIRECT",,FALSE,TRUE
77696,"Leptosiphon nuttallii","Leptosiphon","Leptosiphon|129",129,"False","Leptosiphon nuttallii","species","Leptosiphon","Polemoniaceae","True","True","True","True","I_NATURALIST_RANKED_ANCESTORS","EXACT_SPECIES_FAMILY_GENUS_READY","EXACT_SPECIES_TIP_IN_LCVP_BACKBONE","Leptosiphon_nuttallii",TRUE,FALSE
77715,"Lessingia pectinata","Lessingia","Lessingia|128",128,"True","Lessingia pectinata","species","Lessingia","Asteraceae","True","True","True","True","I_NATURALIST_RANKED_ANCESTORS","EXACT_SPECIES_FAMILY_GENUS_READY","GENUS_FAMILY_IN_LCVP_SYNTHETIC_NOT_DIRECT",,FALSE,TRUE
77797,"Lobelia erinus","Lobelia","Lobelia|28",28,"False","Lobelia erinus","species","Lobelia","Campanulaceae","True","True","True","True","I_NATURALIST_RANKED_ANCESTORS","EXACT_SPECIES_FAMILY_GENUS_READY","EXACT_SPECIES_TIP_IN_LCVP_BACKBONE","Lobelia_erinus",TRUE,FALSE
78301,"Oxalis purpurea","Oxalis","Oxalis|27",27,"True","Oxalis purpurea","species","Oxalis","Oxalidaceae","True","True","True","True","I_NATURALIST_RANKED_ANCESTORS","EXACT_SPECIES_FAMILY_GENUS_READY","GENUS_FAMILY_IN_LCVP_SYNTHETIC_NOT_DIRECT",,FALSE,TRUE
78327,"Packera pauciflora","Packera","Packera|146",146,"False","Packera pauciflora","species","Packera","Asteraceae","True","True","True","True","I_NATURALIST_RANKED_ANCESTORS","EXACT_SPECIES_FAMILY_GENUS_READY","GENUS_FAMILY_IN_LCVP_SYNTHETIC_NOT_DIRECT",,FALSE,TRUE
78329,"Packera streptanthifolia","Packera","Packera|146",146,"False","Packera streptanthifolia","species","Packera","Asteraceae","True","True","True","True","I_NATURALIST_RANKED_ANCESTORS","EXACT_SPECIES_FAMILY_GENUS_READY","GENUS_FAMILY_IN_LCVP_SYNTHETIC_NOT_DIRECT",,FALSE,TRUE
78891,"Rubus laciniatus","Rubus","Rubus|128",128,"False","Rubus laciniatus","species","Rubus","Rosaceae","True","True","True","True","I_NATURALIST_RANKED_ANCESTORS","EXACT_SPECIES_FAMILY_GENUS_READY","GENUS_FAMILY_IN_LCVP_SYNTHETIC_NOT_DIRECT",,FALSE,TRUE
78892,"Rubus lasiococcus","Rubus","Rubus|128",128,"False","Rubus lasiococcus","species","Rubus","Rosaceae","True","True","True","True","I_NATURALIST_RANKED_ANCESTORS","EXACT_SPECIES_FAMILY_GENUS_READY","EXACT_SPECIES_TIP_IN_LCVP_BACKBONE","Rubus_lasiococcus",TRUE,FALSE
79030,"Sedum oreganum","Sedum","Sedum|128",128,"False","Sedum oreganum","species","Sedum","Crassulaceae","True","True","True","True","I_NATURALIST_RANKED_ANCESTORS","EXACT_SPECIES_FAMILY_GENUS_READY","EXACT_SPECIES_TIP_IN_LCVP_BACKBONE","Sedum_oreganum",TRUE,FALSE
79031,"Sedum oregonense","Sedum","Sedum|128",128,"False","Sedum oregonense","species","Sedum","Crassulaceae","True","True","True","True","I_NATURALIST_RANKED_ANCESTORS","EXACT_SPECIES_FAMILY_GENUS_READY","EXACT_SPECIES_TIP_IN_LCVP_BACKBONE","Sedum_oregonense",TRUE,FALSE
79414,"Trifolium cernuum","Trifolium","Trifolium|128",128,"False","Trifolium cernuum","species","Trifolium","Fabaceae","True","True","True","True","I_NATURALIST_RANKED_ANCESTORS","EXACT_SPECIES_FAMILY_GENUS_READY","EXACT_SPECIES_TIP_IN_LCVP_BACKBONE","Trifolium_cernuum",TRUE,FALSE
79416,"Trifolium grayi","Trifolium","Trifolium|128",128,"False","Trifolium grayi","species","Trifolium","Fabaceae","True","True","True","True","I_NATURALIST_RANKED_ANCESTORS","EXACT_SPECIES_FAMILY_GENUS_READY","GENUS_FAMILY_IN_LCVP_SYNTHETIC_NOT_DIRECT",,FALSE,TRUE
79512,"Viola lobata","Viola","Viola|128",128,"False","Viola lobata","species","Viola","Violaceae","True","True","True","True","I_NATURALIST_RANKED_ANCESTORS","EXACT_SPECIES_FAMILY_GENUS_READY","EXACT_SPECIES_TIP_IN_LCVP_BACKBONE","Viola_lobata",TRUE,FALSE
79515,"Viola pinetorum","Viola","Viola|128",128,"False","Viola pinetorum","species","Viola","Violaceae","True","True","True","True","I_NATURALIST_RANKED_ANCESTORS","EXACT_SPECIES_FAMILY_GENUS_READY","GENUS_FAMILY_IN_LCVP_SYNTHETIC_NOT_DIRECT",,FALSE,TRUE
82110,"Rubus allegheniensis","Rubus","Rubus|131",131,"True","Rubus allegheniensis","species","Rubus","Rosaceae","True","True","True","True","I_NATURALIST_RANKED_ANCESTORS","EXACT_SPECIES_FAMILY_GENUS_READY","EXACT_SPECIES_TIP_IN_LCVP_BACKBONE","Rubus_allegheniensis",TRUE,FALSE
82740,"Lathyrus sylvestris","Lathyrus","Lathyrus|157",157,"True","Lathyrus sylvestris","species","Lathyrus","Fabaceae","True","True","True","True","I_NATURALIST_RANKED_ANCESTORS","EXACT_SPECIES_FAMILY_GENUS_READY","EXACT_SPECIES_TIP_IN_LCVP_BACKBONE","Lathyrus_sylvestris",TRUE,FALSE
82834,"Valeriana tuberosa","Valeriana","Valeriana|155",155,"False","Valeriana tuberosa","species","Valeriana","Caprifoliaceae","True","True","True","True","I_NATURALIST_RANKED_ANCESTORS","EXACT_SPECIES_FAMILY_GENUS_READY","EXACT_SPECIES_TIP_IN_LCVP_BACKBONE","Valeriana_tuberosa",TRUE,FALSE
82989,"Stachys germanica","Stachys","Stachys|137",137,"False","Stachys germanica","species","Stachys","Lamiaceae","True","True","True","True","I_NATURALIST_RANKED_ANCESTORS","EXACT_SPECIES_FAMILY_GENUS_READY","GENUS_FAMILY_IN_LCVP_SYNTHETIC_NOT_DIRECT",,FALSE,TRUE
83009,"Viola reichei","Viola","Viola|5",5,"False","Viola reichei","species","Viola","Violaceae","True","True","True","True","I_NATURALIST_RANKED_ANCESTORS","EXACT_SPECIES_FAMILY_GENUS_READY","GENUS_FAMILY_IN_LCVP_SYNTHETIC_NOT_DIRECT",,FALSE,TRUE
83373,"Bossiaea obcordata","Bossiaea","Bossiaea|52",52,"False","Bossiaea obcordata","species","Bossiaea","Fabaceae","True","True","True","True","I_NATURALIST_RANKED_ANCESTORS","EXACT_SPECIES_FAMILY_GENUS_READY","GENUS_FAMILY_IN_LCVP_SYNTHETIC_NOT_DIRECT",,FALSE,TRUE
83423,"Evolvulus latifolius","Evolvulus","Evolvulus|61",61,"False","Evolvulus latifolius","species","Evolvulus","Convolvulaceae","True","True","True","True","I_NATURALIST_RANKED_ANCESTORS","EXACT_SPECIES_FAMILY_GENUS_READY","GENUS_FAMILY_IN_LCVP_SYNTHETIC_NOT_DIRECT",,FALSE,TRUE
83641,"Ziziphus rugosa","Ziziphus","Ziziphus|102",102,"True","Ziziphus rugosa","species","Ziziphus","Rhamnaceae","True","True","True","True","I_NATURALIST_RANKED_ANCESTORS","EXACT_SPECIES_FAMILY_GENUS_READY","GENUS_FAMILY_IN_LCVP_SYNTHETIC_NOT_DIRECT",,FALSE,TRUE
83886,"Drosera montana","Drosera","Drosera|60",60,"False","Drosera montana","species","Drosera","Droseraceae","True","True","True","True","I_NATURALIST_RANKED_ANCESTORS","EXACT_SPECIES_FAMILY_GENUS_READY","GENUS_FAMILY_IN_LCVP_SYNTHETIC_NOT_DIRECT",,FALSE,TRUE
84547,"Cipura paludosa","Cipura","Cipura|60",60,"True","Cipura paludosa","species","Cipura","Iridaceae","True","True","True","True","I_NATURALIST_RANKED_ANCESTORS","EXACT_SPECIES_FAMILY_GENUS_READY","EXACT_SPECIES_TIP_IN_LCVP_BACKBONE","Cipura_paludosa",TRUE,FALSE
84578,"Encyclia chloroleuca","Encyclia","Encyclia|78",78,"True","Encyclia chloroleuca","species","Encyclia","Orchidaceae","True","True","True","True","I_NATURALIST_RANKED_ANCESTORS","EXACT_SPECIES_FAMILY_GENUS_READY","GENUS_FAMILY_IN_LCVP_SYNTHETIC_NOT_DIRECT",,FALSE,TRUE
117262,"Jacksonia alata","Jacksonia","Jacksonia|50",50,"True","Jacksonia alata","species","Jacksonia","Fabaceae","True","True","True","True","I_NATURALIST_RANKED_ANCESTORS","EXACT_SPECIES_FAMILY_GENUS_READY","FAMILY_VERIFIED_GENUS_ABSENT_FROM_LCVP",,FALSE,TRUE
117481,"Monochaetum bonplandii","Monochaetum","Monochaetum|77",77,"False","Monochaetum bonplandii","species","Monochaetum","Melastomataceae","True","True","True","True","I_NATURALIST_RANKED_ANCESTORS","EXACT_SPECIES_FAMILY_GENUS_READY","GENUS_FAMILY_IN_LCVP_SYNTHETIC_NOT_DIRECT",,FALSE,TRUE
118975,"Utricularia graminifolia","Utricularia","Utricularia|102",102,"True","Utricularia graminifolia","species","Utricularia","Lentibulariaceae","True","True","True","True","I_NATURALIST_RANKED_ANCESTORS","EXACT_SPECIES_FAMILY_GENUS_READY","EXACT_SPECIES_TIP_IN_LCVP_BACKBONE","Utricularia_graminifolia",TRUE,FALSE
119182,"Moraea ochroleuca","Moraea","Moraea|27",27,"True","Moraea ochroleuca","species","Moraea","Iridaceae","True","True","True","True","I_NATURALIST_RANKED_ANCESTORS","EXACT_SPECIES_FAMILY_GENUS_READY","EXACT_SPECIES_TIP_IN_LCVP_BACKBONE","Moraea_ochroleuca",TRUE,FALSE
119193,"Lobelia pinifolia","Lobelia","Lobelia|27",27,"True","Lobelia pinifolia","species","Lobelia","Campanulaceae","True","True","True","True","I_NATURALIST_RANKED_ANCESTORS","EXACT_SPECIES_FAMILY_GENUS_READY","GENUS_FAMILY_IN_LCVP_SYNTHETIC_NOT_DIRECT",,FALSE,TRUE
119205,"Serruria glomerata","Serruria","Serruria|27",27,"True","Serruria glomerata","species","Serruria","Proteaceae","True","True","True","True","I_NATURALIST_RANKED_ANCESTORS","EXACT_SPECIES_FAMILY_GENUS_READY","GENUS_FAMILY_IN_LCVP_SYNTHETIC_NOT_DIRECT",,FALSE,TRUE
119206,"Babiana ambigua","Babiana","Babiana|27",27,"True","Babiana ambigua","species","Babiana","Iridaceae","True","True","True","True","I_NATURALIST_RANKED_ANCESTORS","EXACT_SPECIES_FAMILY_GENUS_READY","EXACT_SPECIES_TIP_IN_LCVP_BACKBONE","Babiana_ambigua",TRUE,FALSE
119221,"Syncarpha speciosissima","Syncarpha","Syncarpha|27",27,"True","Syncarpha speciosissima","species","Syncarpha","Asteraceae","True","True","True","True","I_NATURALIST_RANKED_ANCESTORS","EXACT_SPECIES_FAMILY_GENUS_READY","EXACT_SPECIES_TIP_IN_LCVP_BACKBONE","Syncarpha_speciosissima",TRUE,FALSE
119242,"Oxalis luteola","Oxalis","Oxalis|27",27,"True","Oxalis luteola","species","Oxalis","Oxalidaceae","True","True","True","True","I_NATURALIST_RANKED_ANCESTORS","EXACT_SPECIES_FAMILY_GENUS_READY","GENUS_FAMILY_IN_LCVP_SYNTHETIC_NOT_DIRECT",,FALSE,TRUE
119255,"Serruria aitonii","Serruria","Serruria|45",45,"True","Serruria aitonii","species","Serruria","Proteaceae","True","True","True","True","I_NATURALIST_RANKED_ANCESTORS","EXACT_SPECIES_FAMILY_GENUS_READY","EXACT_SPECIES_TIP_IN_LCVP_BACKBONE","Serruria_aitonii",TRUE,FALSE
119260,"Serruria acrocarpa","Serruria","Serruria|27",27,"True","Serruria acrocarpa","species","Serruria","Proteaceae","True","True","True","True","I_NATURALIST_RANKED_ANCESTORS","EXACT_SPECIES_FAMILY_GENUS_READY","GENUS_FAMILY_IN_LCVP_SYNTHETIC_NOT_DIRECT",,FALSE,TRUE
119356,"Moraea gawleri","Moraea","Moraea|27",27,"True","Moraea gawleri","species","Moraea","Iridaceae","True","True","True","True","I_NATURALIST_RANKED_ANCESTORS","EXACT_SPECIES_FAMILY_GENUS_READY","EXACT_SPECIES_TIP_IN_LCVP_BACKBONE","Moraea_gawleri",TRUE,FALSE
119358,"Moraea lugubris","Moraea","Moraea|27",27,"True","Moraea lugubris","species","Moraea","Iridaceae","True","True","True","True","I_NATURALIST_RANKED_ANCESTORS","EXACT_SPECIES_FAMILY_GENUS_READY","EXACT_SPECIES_TIP_IN_LCVP_BACKBONE","Moraea_lugubris",TRUE,FALSE
119485,"Helichrysum revolutum","Helichrysum","Helichrysum|27",27,"True","Helichrysum revolutum","species","Helichrysum","Asteraceae","True","True","True","True","I_NATURALIST_RANKED_ANCESTORS","EXACT_SPECIES_FAMILY_GENUS_READY","GENUS_FAMILY_IN_LCVP_SYNTHETIC_NOT_DIRECT",,FALSE,TRUE
119488,"Lachenalia unifolia","Lachenalia","Lachenalia|27",27,"True","Lachenalia unifolia","species","Lachenalia","Asparagaceae","True","True","True","True","I_NATURALIST_RANKED_ANCESTORS","EXACT_SPECIES_FAMILY_GENUS_READY","GENUS_FAMILY_IN_LCVP_SYNTHETIC_NOT_DIRECT",,FALSE,TRUE
119490,"Arctotis hirsuta","Arctotis","Arctotis|45",45,"False","Arctotis hirsuta","species","Arctotis","Asteraceae","True","True","True","True","I_NATURALIST_RANKED_ANCESTORS","EXACT_SPECIES_FAMILY_GENUS_READY","EXACT_SPECIES_TIP_IN_LCVP_BACKBONE","Arctotis_hirsuta",TRUE,FALSE
119497,"Zaluzianskya affinis","Zaluzianskya","Zaluzianskya|45",45,"False","Zaluzianskya affinis","species","Zaluzianskya","Scrophulariaceae","True","True","True","True","I_NATURALIST_RANKED_ANCESTORS","EXACT_SPECIES_FAMILY_GENUS_READY","EXACT_SPECIES_TIP_IN_LCVP_BACKBONE","Zaluzianskya_affinis",TRUE,FALSE
119519,"Moraea fugax","Moraea","Moraea|27",27,"True","Moraea fugax","species","Moraea","Iridaceae","True","True","True","True","I_NATURALIST_RANKED_ANCESTORS","EXACT_SPECIES_FAMILY_GENUS_READY","EXACT_SPECIES_TIP_IN_LCVP_BACKBONE","Moraea_fugax",TRUE,FALSE
119544,"Senecio sarcoides","Senecio","Senecio|45",45,"True","Senecio sarcoides","species","Senecio","Asteraceae","True","True","True","True","I_NATURALIST_RANKED_ANCESTORS","EXACT_SPECIES_FAMILY_GENUS_READY","GENUS_FAMILY_IN_LCVP_SYNTHETIC_NOT_DIRECT",,FALSE,TRUE
119565,"Felicia elongata","Felicia","Felicia|45",45,"False","Felicia elongata","species","Felicia","Asteraceae","True","True","True","True","I_NATURALIST_RANKED_ANCESTORS","EXACT_SPECIES_FAMILY_GENUS_READY","GENUS_FAMILY_IN_LCVP_SYNTHETIC_NOT_DIRECT",,FALSE,TRUE
119771,"Ixia rapunculoides","Ixia","Ixia|45",45,"False","Ixia rapunculoides","species","Ixia","Iridaceae","True","True","True","True","I_NATURALIST_RANKED_ANCESTORS","EXACT_SPECIES_FAMILY_GENUS_READY","GENUS_FAMILY_IN_LCVP_SYNTHETIC_NOT_DIRECT",,FALSE,TRUE
120059,"Diascia veronicoides","Diascia","Diascia|45",45,"True","Diascia veronicoides","species","Diascia","Scrophulariaceae","True","True","True","True","I_NATURALIST_RANKED_ANCESTORS","EXACT_SPECIES_FAMILY_GENUS_READY","GENUS_FAMILY_IN_LCVP_SYNTHETIC_NOT_DIRECT",,FALSE,TRUE
120062,"Gazania rigida","Gazania","Gazania|45",45,"False","Gazania rigida","species","Gazania","Asteraceae","True","True","True","True","I_NATURALIST_RANKED_ANCESTORS","EXACT_SPECIES_FAMILY_GENUS_READY","EXACT_SPECIES_TIP_IN_LCVP_BACKBONE","Gazania_rigida",TRUE,FALSE
120076,"Moraea ciliata","Moraea","Moraea|45",45,"False","Moraea ciliata","species","Moraea","Iridaceae","True","True","True","True","I_NATURALIST_RANKED_ANCESTORS","EXACT_SPECIES_FAMILY_GENUS_READY","EXACT_SPECIES_TIP_IN_LCVP_BACKBONE","Moraea_ciliata",TRUE,FALSE
120079,"Geissorhiza splendidissima","Geissorhiza","Geissorhiza|45",45,"False","Geissorhiza splendidissima","species","Geissorhiza","Iridaceae","True","True","True","True","I_NATURALIST_RANKED_ANCESTORS","EXACT_SPECIES_FAMILY_GENUS_READY","GENUS_FAMILY_IN_LCVP_SYNTHETIC_NOT_DIRECT",,FALSE,TRUE
120184,"Romulea hirta","Romulea","Romulea|45",45,"False","Romulea hirta","species","Romulea","Iridaceae","True","True","True","True","I_NATURALIST_RANKED_ANCESTORS","EXACT_SPECIES_FAMILY_GENUS_READY","GENUS_FAMILY_IN_LCVP_SYNTHETIC_NOT_DIRECT",,FALSE,TRUE
120196,"Gladiolus watermeyeri","Gladiolus","Gladiolus|45",45,"False","Gladiolus watermeyeri","species","Gladiolus","Iridaceae","True","True","True","True","I_NATURALIST_RANKED_ANCESTORS","EXACT_SPECIES_FAMILY_GENUS_READY","GENUS_FAMILY_IN_LCVP_SYNTHETIC_NOT_DIRECT",,FALSE,TRUE
120229,"Geissorhiza inaequalis","Geissorhiza","Geissorhiza|45",45,"False","Geissorhiza inaequalis","species","Geissorhiza","Iridaceae","True","True","True","True","I_NATURALIST_RANKED_ANCESTORS","EXACT_SPECIES_FAMILY_GENUS_READY","GENUS_FAMILY_IN_LCVP_SYNTHETIC_NOT_DIRECT",,FALSE,TRUE
120427,"Oxalis bifida","Oxalis","Oxalis|27",27,"True","Oxalis bifida","species","Oxalis","Oxalidaceae","True","True","True","True","I_NATURALIST_RANKED_ANCESTORS","EXACT_SPECIES_FAMILY_GENUS_READY","GENUS_FAMILY_IN_LCVP_SYNTHETIC_NOT_DIRECT",,FALSE,TRUE
120430,"Oxalis lanata","Oxalis","Oxalis|27",27,"True","Oxalis lanata","species","Oxalis","Oxalidaceae","True","True","True","True","I_NATURALIST_RANKED_ANCESTORS","EXACT_SPECIES_FAMILY_GENUS_READY","GENUS_FAMILY_IN_LCVP_SYNTHETIC_NOT_DIRECT",,FALSE,TRUE
120432,"Ixia capillaris","Ixia","Ixia|27",27,"True","Ixia capillaris","species","Ixia","Iridaceae","True","True","True","True","I_NATURALIST_RANKED_ANCESTORS","EXACT_SPECIES_FAMILY_GENUS_READY","GENUS_FAMILY_IN_LCVP_SYNTHETIC_NOT_DIRECT",,FALSE,TRUE
120465,"Ixia scillaris","Ixia","Ixia|27",27,"True","Ixia scillaris","species","Ixia","Iridaceae","True","True","True","True","I_NATURALIST_RANKED_ANCESTORS","EXACT_SPECIES_FAMILY_GENUS_READY","EXACT_SPECIES_TIP_GENUS_FAMILY_TAXONOMIC_CONFLICT",,FALSE,TRUE
121615,"Thysanotus multiflorus","Thysanotus","Thysanotus|32",32,"False","Thysanotus multiflorus","species","Thysanotus","Asparagaceae","True","True","True","True","I_NATURALIST_RANKED_ANCESTORS","EXACT_SPECIES_FAMILY_GENUS_READY","GENUS_FAMILY_IN_LCVP_SYNTHETIC_NOT_DIRECT",,FALSE,TRUE
121645,"Bossiaea linophylla","Bossiaea","Bossiaea|32",32,"False","Bossiaea linophylla","species","Bossiaea","Fabaceae","True","True","True","True","I_NATURALIST_RANKED_ANCESTORS","EXACT_SPECIES_FAMILY_GENUS_READY","GENUS_FAMILY_IN_LCVP_SYNTHETIC_NOT_DIRECT",,FALSE,TRUE
122249,"Symphyotrichum lateriflorum","Symphyotrichum","Symphyotrichum|113",113,"True","Symphyotrichum lateriflorum","species","Symphyotrichum","Asteraceae","True","True","True","True","I_NATURALIST_RANKED_ANCESTORS","EXACT_SPECIES_FAMILY_GENUS_READY","EXACT_SPECIES_TIP_IN_LCVP_BACKBONE","Symphyotrichum_lateriflorum",TRUE,FALSE
123171,"Levenhookia leptantha","Levenhookia","Levenhookia|50",50,"False","Levenhookia leptantha","species","Levenhookia","Stylidiaceae","True","True","True","True","I_NATURALIST_RANKED_ANCESTORS","EXACT_SPECIES_FAMILY_GENUS_READY","FAMILY_VERIFIED_GENUS_ABSENT_FROM_LCVP",,FALSE,TRUE
123195,"Levenhookia stipitata","Levenhookia","Levenhookia|50",50,"False","Levenhookia stipitata","species","Levenhookia","Stylidiaceae","True","True","True","True","I_NATURALIST_RANKED_ANCESTORS","EXACT_SPECIES_FAMILY_GENUS_READY","FAMILY_VERIFIED_GENUS_ABSENT_FROM_LCVP",,FALSE,TRUE
123196,"Levenhookia murfetii","Levenhookia","Levenhookia|50",50,"False","Levenhookia murfetii","species","Levenhookia","Stylidiaceae","True","True","True","True","I_NATURALIST_RANKED_ANCESTORS","EXACT_SPECIES_FAMILY_GENUS_READY","FAMILY_VERIFIED_GENUS_ABSENT_FROM_LCVP",,FALSE,TRUE
125787,"Lathyrus pratensis","Lathyrus","Lathyrus|157",157,"True","Lathyrus pratensis","species","Lathyrus","Fabaceae","True","True","True","True","I_NATURALIST_RANKED_ANCESTORS","EXACT_SPECIES_FAMILY_GENUS_READY","EXACT_SPECIES_TIP_IN_LCVP_BACKBONE","Lathyrus_pratensis",TRUE,FALSE
126658,"Solidago puberula","Solidago","Solidago|132",132,"False","Solidago puberula","species","Solidago","Asteraceae","True","True","True","True","I_NATURALIST_RANKED_ANCESTORS","EXACT_SPECIES_FAMILY_GENUS_READY","GENUS_FAMILY_IN_LCVP_SYNTHETIC_NOT_DIRECT",,FALSE,TRUE
127298,"Pelargonium graveolens","Pelargonium","Pelargonium|27",27,"True","Pelargonium graveolens","species","Pelargonium","Geraniaceae","True","True","True","True","I_NATURALIST_RANKED_ANCESTORS","EXACT_SPECIES_FAMILY_GENUS_READY","EXACT_SPECIES_TIP_IN_LCVP_BACKBONE","Pelargonium_graveolens",TRUE,FALSE
127634,"Trichostema dichotomum","Trichostema","Trichostema|112",112,"False","Trichostema dichotomum","species","Trichostema","Lamiaceae","True","True","True","True","I_NATURALIST_RANKED_ANCESTORS","EXACT_SPECIES_FAMILY_GENUS_READY","FAMILY_VERIFIED_GENUS_ABSENT_FROM_LCVP",,FALSE,TRUE
128017,"Drymonia rubra","Drymonia","Drymonia|94",94,"True","Drymonia rubra","species","Drymonia","Gesneriaceae","True","True","True","True","I_NATURALIST_RANKED_ANCESTORS","EXACT_SPECIES_FAMILY_GENUS_READY","EXACT_SPECIES_TIP_IN_LCVP_BACKBONE","Drymonia_rubra",TRUE,FALSE
128551,"Solidago rugosa","Solidago","Solidago|132",132,"False","Solidago rugosa","species","Solidago","Asteraceae","True","True","True","True","I_NATURALIST_RANKED_ANCESTORS","EXACT_SPECIES_FAMILY_GENUS_READY","EXACT_SPECIES_TIP_IN_LCVP_BACKBONE","Solidago_rugosa",TRUE,FALSE
128840,"Lobelia fenestralis","Lobelia","Lobelia|93",93,"False","Lobelia fenestralis","species","Lobelia","Campanulaceae","True","True","True","True","I_NATURALIST_RANKED_ANCESTORS","EXACT_SPECIES_FAMILY_GENUS_READY","EXACT_SPECIES_TIP_IN_LCVP_BACKBONE","Lobelia_fenestralis",TRUE,FALSE
129325,"Lobelia feayana","Lobelia","Lobelia|112",112,"False","Lobelia feayana","species","Lobelia","Campanulaceae","True","True","True","True","I_NATURALIST_RANKED_ANCESTORS","EXACT_SPECIES_FAMILY_GENUS_READY","GENUS_FAMILY_IN_LCVP_SYNTHETIC_NOT_DIRECT",,FALSE,TRUE
129461,"Moraea collina","Moraea","Moraea|27",27,"True","Moraea collina","species","Moraea","Iridaceae","True","True","True","True","I_NATURALIST_RANKED_ANCESTORS","EXACT_SPECIES_FAMILY_GENUS_READY","EXACT_SPECIES_TIP_IN_LCVP_BACKBONE","Moraea_collina",TRUE,FALSE
130738,"Melaleuca nesophila","Melaleuca","Melaleuca|32",32,"False","Melaleuca nesophila","species","Melaleuca","Myrtaceae","True","True","True","True","I_NATURALIST_RANKED_ANCESTORS","EXACT_SPECIES_FAMILY_GENUS_READY","EXACT_SPECIES_TIP_IN_LCVP_BACKBONE","Melaleuca_nesophila",TRUE,FALSE
131565,"Alysicarpus ovalifolius","Alysicarpus","Alysicarpus|120",120,"True","Alysicarpus ovalifolius","species","Alysicarpus","Fabaceae","True","True","True","True","I_NATURALIST_RANKED_ANCESTORS","EXACT_SPECIES_FAMILY_GENUS_READY","GENUS_FAMILY_IN_LCVP_SYNTHETIC_NOT_DIRECT",,FALSE,TRUE
132845,"Disa uniflora","Disa","Disa|27",27,"True","Disa uniflora","species","Disa","Orchidaceae","True","True","True","True","I_NATURALIST_RANKED_ANCESTORS","EXACT_SPECIES_FAMILY_GENUS_READY","EXACT_SPECIES_TIP_IN_LCVP_BACKBONE","Disa_uniflora",TRUE,FALSE
133720,"Viola rupestris","Viola","Viola|158",158,"False","Viola rupestris","species","Viola","Violaceae","True","True","True","True","I_NATURALIST_RANKED_ANCESTORS","EXACT_SPECIES_FAMILY_GENUS_READY","EXACT_SPECIES_TIP_IN_LCVP_BACKBONE","Viola_rupestris",TRUE,FALSE
135330,"Melaleuca incana","Melaleuca","Melaleuca|32",32,"False","Melaleuca incana","species","Melaleuca","Myrtaceae","True","True","True","True","I_NATURALIST_RANKED_ANCESTORS","EXACT_SPECIES_FAMILY_GENUS_READY","GENUS_FAMILY_IN_LCVP_SYNTHETIC_NOT_DIRECT",,FALSE,TRUE
135358,"Sannantha virgata","Sannantha","Sannantha|53",53,"False","Sannantha virgata","species","Sannantha","Myrtaceae","True","True","True","True","I_NATURALIST_RANKED_ANCESTORS","EXACT_SPECIES_FAMILY_GENUS_READY","EXACT_SPECIES_TIP_IN_LCVP_BACKBONE","Sannantha_virgata",TRUE,FALSE
135368,"Banksia speciosa","Banksia","Banksia|33",33,"True","Banksia speciosa","species","Banksia","Proteaceae","True","True","True","True","I_NATURALIST_RANKED_ANCESTORS","EXACT_SPECIES_FAMILY_GENUS_READY","EXACT_SPECIES_TIP_IN_LCVP_BACKBONE","Banksia_speciosa",TRUE,FALSE
135416,"Syringa reticulata","Syringa","Syringa|140",140,"True","Syringa reticulata","species","Syringa","Oleaceae","True","True","True","True","I_NATURALIST_RANKED_ANCESTORS","EXACT_SPECIES_FAMILY_GENUS_READY","EXACT_SPECIES_TIP_IN_LCVP_BACKBONE","Syringa_reticulata",TRUE,FALSE
138362,"Astragalus mongholicus","Astragalus","Astragalus|158",158,"False","Astragalus mongholicus","species","Astragalus","Fabaceae","True","True","True","True","I_NATURALIST_RANKED_ANCESTORS","EXACT_SPECIES_FAMILY_GENUS_READY","GENUS_FAMILY_IN_LCVP_SYNTHETIC_NOT_DIRECT",,FALSE,TRUE
139006,"Indigofera filifolia","Indigofera","Indigofera|28",28,"False","Indigofera filifolia","species","Indigofera","Fabaceae","True","True","True","True","I_NATURALIST_RANKED_ANCESTORS","EXACT_SPECIES_FAMILY_GENUS_READY","EXACT_SPECIES_TIP_IN_LCVP_BACKBONE","Indigofera_filifolia",TRUE,FALSE
139120,"Gompholobium viscidulum","Gompholobium","Gompholobium|32",32,"False","Gompholobium viscidulum","species","Gompholobium","Fabaceae","True","True","True","True","I_NATURALIST_RANKED_ANCESTORS","EXACT_SPECIES_FAMILY_GENUS_READY","GENUS_FAMILY_IN_LCVP_SYNTHETIC_NOT_DIRECT",,FALSE,TRUE
139293,"Daviesia nudiflora","Daviesia","Daviesia|50",50,"False","Daviesia nudiflora","species","Daviesia","Fabaceae","True","True","True","True","I_NATURALIST_RANKED_ANCESTORS","EXACT_SPECIES_FAMILY_GENUS_READY","GENUS_FAMILY_IN_LCVP_SYNTHETIC_NOT_DIRECT",,FALSE,TRUE
139294,"Cyclopia sessiliflora","Cyclopia","Cyclopia|28",28,"False","Cyclopia sessiliflora","species","Cyclopia","Fabaceae","True","True","True","True","I_NATURALIST_RANKED_ANCESTORS","EXACT_SPECIES_FAMILY_GENUS_READY","GENUS_FAMILY_IN_LCVP_SYNTHETIC_NOT_DIRECT",,FALSE,TRUE
139634,"Astragalus crassicarpus","Astragalus","Astragalus|147",147,"False","Astragalus crassicarpus","species","Astragalus","Fabaceae","True","True","True","True","I_NATURALIST_RANKED_ANCESTORS","EXACT_SPECIES_FAMILY_GENUS_READY","GENUS_FAMILY_IN_LCVP_SYNTHETIC_NOT_DIRECT",,FALSE,TRUE
139660,"Astragalus hancockii","Astragalus","Astragalus|140",140,"True","Astragalus hancockii","species","Astragalus","Fabaceae","True","True","True","True","I_NATURALIST_RANKED_ANCESTORS","EXACT_SPECIES_FAMILY_GENUS_READY","EXACT_SPECIES_TIP_IN_LCVP_BACKBONE","Astragalus_hancockii",TRUE,FALSE
139842,"Acacia longipedunculata","Acacia","Acacia|70",70,"False","Acacia longipedunculata","species","Acacia","Fabaceae","True","True","True","True","I_NATURALIST_RANKED_ANCESTORS","EXACT_SPECIES_FAMILY_GENUS_READY","GENUS_FAMILY_IN_LCVP_SYNTHETIC_NOT_DIRECT",,FALSE,TRUE
140883,"Caladenia brownii","Caladenia","Caladenia|32",32,"False","Caladenia brownii","species","Caladenia","Orchidaceae","True","True","True","True","I_NATURALIST_RANKED_ANCESTORS","EXACT_SPECIES_FAMILY_GENUS_READY","GENUS_FAMILY_IN_LCVP_SYNTHETIC_NOT_DIRECT",,FALSE,TRUE
140891,"Caladenia radialis","Caladenia","Caladenia|50",50,"False","Caladenia radialis","species","Caladenia","Orchidaceae","True","True","True","True","I_NATURALIST_RANKED_ANCESTORS","EXACT_SPECIES_FAMILY_GENUS_READY","GENUS_FAMILY_IN_LCVP_SYNTHETIC_NOT_DIRECT",,FALSE,TRUE
141301,"Tillandsia reichenbachii","Tillandsia","Tillandsia|41",41,"False","Tillandsia reichenbachii","species","Tillandsia","Bromeliaceae","True","True","True","True","I_NATURALIST_RANKED_ANCESTORS","EXACT_SPECIES_FAMILY_GENUS_READY","GENUS_FAMILY_IN_LCVP_SYNTHETIC_NOT_DIRECT",,FALSE,TRUE
141713,"Rorippa islandica","Rorippa","Rorippa|135",135,"False","Rorippa islandica","species","Rorippa","Brassicaceae","True","True","True","True","I_NATURALIST_RANKED_ANCESTORS","EXACT_SPECIES_FAMILY_GENUS_READY","EXACT_SPECIES_TIP_IN_LCVP_BACKBONE","Rorippa_islandica",TRUE,FALSE
143360,"Drosera glanduligera","Drosera","Drosera|32",32,"True","Drosera glanduligera","species","Drosera","Droseraceae","True","True","True","True","I_NATURALIST_RANKED_ANCESTORS","EXACT_SPECIES_FAMILY_GENUS_READY","EXACT_SPECIES_TIP_IN_LCVP_BACKBONE","Drosera_glanduligera",TRUE,FALSE
143667,"Erigeron aureus","Erigeron","Erigeron|147",147,"False","Erigeron aureus","species","Erigeron","Asteraceae","True","True","True","True","I_NATURALIST_RANKED_ANCESTORS","EXACT_SPECIES_FAMILY_GENUS_READY","GENUS_FAMILY_IN_LCVP_SYNTHETIC_NOT_DIRECT",,FALSE,TRUE
143679,"Antennaria lanata","Antennaria","Antennaria|147",147,"True","Antennaria lanata","species","Antennaria","Asteraceae","True","True","True","True","I_NATURALIST_RANKED_ANCESTORS","EXACT_SPECIES_FAMILY_GENUS_READY","GENUS_FAMILY_IN_LCVP_SYNTHETIC_NOT_DIRECT",,FALSE,TRUE
144086,"Banksia sessilis","Banksia","Banksia|50",50,"False","Banksia sessilis","species","Banksia","Proteaceae","True","True","True","True","I_NATURALIST_RANKED_ANCESTORS","EXACT_SPECIES_FAMILY_GENUS_READY","EXACT_SPECIES_TIP_IN_LCVP_BACKBONE","Banksia_sessilis",TRUE,FALSE
145403,"Hibbertia hypericoides","Hibbertia","Hibbertia|32",32,"False","Hibbertia hypericoides","species","Hibbertia","Dilleniaceae","True","True","True","True","I_NATURALIST_RANKED_ANCESTORS","EXACT_SPECIES_FAMILY_GENUS_READY","EXACT_SPECIES_TIP_IN_LCVP_BACKBONE","Hibbertia_hypericoides",TRUE,FALSE
145418,"Acacia alata","Acacia","Acacia|32",32,"False","Acacia alata","species","Acacia","Fabaceae","True","True","True","True","I_NATURALIST_RANKED_ANCESTORS","EXACT_SPECIES_FAMILY_GENUS_READY","EXACT_SPECIES_TIP_IN_LCVP_BACKBONE","Acacia_alata",TRUE,FALSE
145425,"Bossiaea ornata","Bossiaea","Bossiaea|32",32,"False","Bossiaea ornata","species","Bossiaea","Fabaceae","True","True","True","True","I_NATURALIST_RANKED_ANCESTORS","EXACT_SPECIES_FAMILY_GENUS_READY","GENUS_FAMILY_IN_LCVP_SYNTHETIC_NOT_DIRECT",,FALSE,TRUE
145430,"Hakea lissocarpha","Hakea","Hakea|50",50,"False","Hakea lissocarpha","species","Hakea","Proteaceae","True","True","True","True","I_NATURALIST_RANKED_ANCESTORS","EXACT_SPECIES_FAMILY_GENUS_READY","EXACT_SPECIES_TIP_IN_LCVP_BACKBONE","Hakea_lissocarpha",TRUE,FALSE
145483,"Symphyotrichum tenuifolium","Symphyotrichum","Symphyotrichum|113",113,"True","Symphyotrichum tenuifolium","species","Symphyotrichum","Asteraceae","True","True","True","True","I_NATURALIST_RANKED_ANCESTORS","EXACT_SPECIES_FAMILY_GENUS_READY","EXACT_SPECIES_TIP_IN_LCVP_BACKBONE","Symphyotrichum_tenuifolium",TRUE,FALSE
145502,"Stylidium schoenoides","Stylidium","Stylidium|32",32,"False","Stylidium schoenoides","species","Stylidium","Stylidiaceae","True","True","True","True","I_NATURALIST_RANKED_ANCESTORS","EXACT_SPECIES_FAMILY_GENUS_READY","FAMILY_VERIFIED_GENUS_ABSENT_FROM_LCVP",,FALSE,TRUE
145505,"Boronia spathulata","Boronia","Boronia|32",32,"False","Boronia spathulata","species","Boronia","Rutaceae","True","True","True","True","I_NATURALIST_RANKED_ANCESTORS","EXACT_SPECIES_FAMILY_GENUS_READY","GENUS_FAMILY_IN_LCVP_SYNTHETIC_NOT_DIRECT",,FALSE,TRUE
145663,"Stylidium adnatum","Stylidium","Stylidium|32",32,"False","Stylidium adnatum","species","Stylidium","Stylidiaceae","True","True","True","True","I_NATURALIST_RANKED_ANCESTORS","EXACT_SPECIES_FAMILY_GENUS_READY","FAMILY_VERIFIED_GENUS_ABSENT_FROM_LCVP",,FALSE,TRUE
145667,"Stylidium albomontis","Stylidium","Stylidium|51",51,"True","Stylidium albomontis","species","Stylidium","Stylidiaceae","True","True","True","True","I_NATURALIST_RANKED_ANCESTORS","EXACT_SPECIES_FAMILY_GENUS_READY","FAMILY_VERIFIED_GENUS_ABSENT_FROM_LCVP",,FALSE,TRUE
145674,"Stylidium breviscapum","Stylidium","Stylidium|51",51,"True","Stylidium breviscapum","species","Stylidium","Stylidiaceae","True","True","True","True","I_NATURALIST_RANKED_ANCESTORS","EXACT_SPECIES_FAMILY_GENUS_READY","FAMILY_VERIFIED_GENUS_ABSENT_FROM_LCVP",,FALSE,TRUE
145678,"Stylidium caricifolium","Stylidium","Stylidium|32",32,"False","Stylidium caricifolium","species","Stylidium","Stylidiaceae","True","True","True","True","I_NATURALIST_RANKED_ANCESTORS","EXACT_SPECIES_FAMILY_GENUS_READY","FAMILY_VERIFIED_GENUS_ABSENT_FROM_LCVP",,FALSE,TRUE
145679,"Stylidium carnosum","Stylidium","Stylidium|32",32,"False","Stylidium carnosum","species","Stylidium","Stylidiaceae","True","True","True","True","I_NATURALIST_RANKED_ANCESTORS","EXACT_SPECIES_FAMILY_GENUS_READY","FAMILY_VERIFIED_GENUS_ABSENT_FROM_LCVP",,FALSE,TRUE
145681,"Stylidium ciliatum","Stylidium","Stylidium|32",32,"False","Stylidium ciliatum","species","Stylidium","Stylidiaceae","True","True","True","True","I_NATURALIST_RANKED_ANCESTORS","EXACT_SPECIES_FAMILY_GENUS_READY","FAMILY_VERIFIED_GENUS_ABSENT_FROM_LCVP",,FALSE,TRUE
146883,"Begonia gracilis","Begonia","Begonia|93",93,"False","Begonia gracilis","species","Begonia","Begoniaceae","True","True","True","True","I_NATURALIST_RANKED_ANCESTORS","EXACT_SPECIES_FAMILY_GENUS_READY","EXACT_SPECIES_TIP_IN_LCVP_BACKBONE","Begonia_gracilis",TRUE,FALSE
148245,"Caladenia macrostylis","Caladenia","Caladenia|50",50,"False","Caladenia macrostylis","species","Caladenia","Orchidaceae","True","True","True","True","I_NATURALIST_RANKED_ANCESTORS","EXACT_SPECIES_FAMILY_GENUS_READY","EXACT_SPECIES_TIP_IN_LCVP_BACKBONE","Caladenia_macrostylis",TRUE,FALSE
148256,"Drosera microphylla","Drosera","Drosera|32",32,"True","Drosera microphylla","species","Drosera","Droseraceae","True","True","True","True","I_NATURALIST_RANKED_ANCESTORS","EXACT_SPECIES_FAMILY_GENUS_READY","GENUS_FAMILY_IN_LCVP_SYNTHETIC_NOT_DIRECT",,FALSE,TRUE
148276,"Stylidium scandens","Stylidium","Stylidium|32",32,"False","Stylidium scandens","species","Stylidium","Stylidiaceae","True","True","True","True","I_NATURALIST_RANKED_ANCESTORS","EXACT_SPECIES_FAMILY_GENUS_READY","FAMILY_VERIFIED_GENUS_ABSENT_FROM_LCVP",,FALSE,TRUE
148283,"Hakea amplexicaulis","Hakea","Hakea|50",50,"False","Hakea amplexicaulis","species","Hakea","Proteaceae","True","True","True","True","I_NATURALIST_RANKED_ANCESTORS","EXACT_SPECIES_FAMILY_GENUS_READY","GENUS_FAMILY_IN_LCVP_SYNTHETIC_NOT_DIRECT",,FALSE,TRUE
148287,"Hakea cucullata","Hakea","Hakea|32",32,"True","Hakea cucullata","species","Hakea","Proteaceae","True","True","True","True","I_NATURALIST_RANKED_ANCESTORS","EXACT_SPECIES_FAMILY_GENUS_READY","EXACT_SPECIES_TIP_IN_LCVP_BACKBONE","Hakea_cucullata",TRUE,FALSE
148391,"Stylidium spathulatum","Stylidium","Stylidium|32",32,"False","Stylidium spathulatum","species","Stylidium","Stylidiaceae","True","True","True","True","I_NATURALIST_RANKED_ANCESTORS","EXACT_SPECIES_FAMILY_GENUS_READY","FAMILY_VERIFIED_GENUS_ABSENT_FROM_LCVP",,FALSE,TRUE
153108,"Leucopogon verticillatus","Leucopogon","Leucopogon|32",32,"True","Leucopogon verticillatus","species","Leucopogon","Ericaceae","True","True","True","True","I_NATURALIST_RANKED_ANCESTORS","EXACT_SPECIES_FAMILY_GENUS_READY","GENUS_FAMILY_IN_LCVP_SYNTHETIC_NOT_DIRECT",,FALSE,TRUE
153172,"Stylidium pritzelianum","Stylidium","Stylidium|32",32,"False","Stylidium pritzelianum","species","Stylidium","Stylidiaceae","True","True","True","True","I_NATURALIST_RANKED_ANCESTORS","EXACT_SPECIES_FAMILY_GENUS_READY","FAMILY_VERIFIED_GENUS_ABSENT_FROM_LCVP",,FALSE,TRUE
157286,"Melaleuca leucadendra","Melaleuca","Melaleuca|70",70,"True","Melaleuca leucadendra","species","Melaleuca","Myrtaceae","True","True","True","True","I_NATURALIST_RANKED_ANCESTORS","EXACT_SPECIES_FAMILY_GENUS_READY","EXACT_SPECIES_TIP_IN_LCVP_BACKBONE","Melaleuca_leucadendra",TRUE,FALSE
157897,"Acalypha monostachya","Acalypha","Acalypha|112",112,"False","Acalypha monostachya","species","Acalypha","Euphorbiaceae","True","True","True","True","I_NATURALIST_RANKED_ANCESTORS","EXACT_SPECIES_FAMILY_GENUS_READY","GENUS_FAMILY_IN_LCVP_SYNTHETIC_NOT_DIRECT",,FALSE,TRUE
157900,"Acalypha phleoides","Acalypha","Acalypha|112",112,"False","Acalypha phleoides","species","Acalypha","Euphorbiaceae","True","True","True","True","I_NATURALIST_RANKED_ANCESTORS","EXACT_SPECIES_FAMILY_GENUS_READY","EXACT_SPECIES_TIP_IN_LCVP_BACKBONE","Acalypha_phleoides",TRUE,FALSE
157902,"Acalypha radians","Acalypha","Acalypha|112",112,"False","Acalypha radians","species","Acalypha","Euphorbiaceae","True","True","True","True","I_NATURALIST_RANKED_ANCESTORS","EXACT_SPECIES_FAMILY_GENUS_READY","EXACT_SPECIES_TIP_IN_LCVP_BACKBONE","Acalypha_radians",TRUE,FALSE
158687,"Arnica lessingii","Arnica","Arnica|145",145,"False","Arnica lessingii","species","Arnica","Asteraceae","True","True","True","True","I_NATURALIST_RANKED_ANCESTORS","EXACT_SPECIES_FAMILY_GENUS_READY","EXACT_SPECIES_TIP_IN_LCVP_BACKBONE","Arnica_lessingii",TRUE,FALSE
158845,"Astragalus bourgovii","Astragalus","Astragalus|147",147,"False","Astragalus bourgovii","species","Astragalus","Fabaceae","True","True","True","True","I_NATURALIST_RANKED_ANCESTORS","EXACT_SPECIES_FAMILY_GENUS_READY","GENUS_FAMILY_IN_LCVP_SYNTHETIC_NOT_DIRECT",,FALSE,TRUE
158988,"Astragalus robbinsii","Astragalus","Astragalus|147",147,"False","Astragalus robbinsii","species","Astragalus","Fabaceae","True","True","True","True","I_NATURALIST_RANKED_ANCESTORS","EXACT_SPECIES_FAMILY_GENUS_READY","GENUS_FAMILY_IN_LCVP_SYNTHETIC_NOT_DIRECT",,FALSE,TRUE
159034,"Astragalus vexilliflexus","Astragalus","Astragalus|147",147,"False","Astragalus vexilliflexus","species","Astragalus","Fabaceae","True","True","True","True","I_NATURALIST_RANKED_ANCESTORS","EXACT_SPECIES_FAMILY_GENUS_READY","GENUS_FAMILY_IN_LCVP_SYNTHETIC_NOT_DIRECT",,FALSE,TRUE
160538,"Chrysactinia mexicana","Chrysactinia","Chrysactinia|111",111,"True","Chrysactinia mexicana","species","Chrysactinia","Asteraceae","True","True","True","True","I_NATURALIST_RANKED_ANCESTORS","EXACT_SPECIES_FAMILY_GENUS_READY","EXACT_SPECIES_TIP_IN_LCVP_BACKBONE","Chrysactinia_mexicana",TRUE,FALSE
161424,"Cyperus compressus","Cyperus","Cyperus|123",123,"True","Cyperus compressus","species","Cyperus","Cyperaceae","True","True","True","True","I_NATURALIST_RANKED_ANCESTORS","EXACT_SPECIES_FAMILY_GENUS_READY","EXACT_SPECIES_TIP_IN_LCVP_BACKBONE","Cyperus_compressus",TRUE,FALSE
161473,"Cyperus pilosus","Cyperus","Cyperus|123",123,"True","Cyperus pilosus","species","Cyperus","Cyperaceae","True","True","True","True","I_NATURALIST_RANKED_ANCESTORS","EXACT_SPECIES_FAMILY_GENUS_READY","EXACT_SPECIES_TIP_IN_LCVP_BACKBONE","Cyperus_pilosus",TRUE,FALSE
161494,"Cyperus sphacelatus","Cyperus","Cyperus|123",123,"True","Cyperus sphacelatus","species","Cyperus","Cyperaceae","True","True","True","True","I_NATURALIST_RANKED_ANCESTORS","EXACT_SPECIES_FAMILY_GENUS_READY","EXACT_SPECIES_TIP_IN_LCVP_BACKBONE","Cyperus_sphacelatus",TRUE,FALSE
161939,"Diplacus calycinus","Diplacus","Diplacus|111",111,"True","Diplacus calycinus","species","Diplacus","Phrymaceae","True","True","True","True","I_NATURALIST_RANKED_ANCESTORS","EXACT_SPECIES_FAMILY_GENUS_READY","EXACT_SPECIES_TIP_IN_LCVP_BACKBONE","Diplacus_calycinus",TRUE,FALSE
161945,"Diplacus longiflorus","Diplacus","Diplacus|111",111,"True","Diplacus longiflorus","species","Diplacus","Phrymaceae","True","True","True","True","I_NATURALIST_RANKED_ANCESTORS","EXACT_SPECIES_FAMILY_GENUS_READY","GENUS_FAMILY_IN_LCVP_SYNTHETIC_NOT_DIRECT",,FALSE,TRUE
161947,"Diplacus puniceus","Diplacus","Diplacus|111",111,"True","Diplacus puniceus","species","Diplacus","Phrymaceae","True","True","True","True","I_NATURALIST_RANKED_ANCESTORS","EXACT_SPECIES_FAMILY_GENUS_READY","EXACT_SPECIES_TIP_IN_LCVP_BACKBONE","Diplacus_puniceus",TRUE,FALSE
162001,"Draba alpina","Draba","Draba|151",151,"False","Draba alpina","species","Draba","Brassicaceae","True","True","True","True","I_NATURALIST_RANKED_ANCESTORS","EXACT_SPECIES_FAMILY_GENUS_READY","EXACT_SPECIES_TIP_IN_LCVP_BACKBONE","Draba_alpina",TRUE,FALSE
162017,"Draba crassifolia","Draba","Draba|151",151,"False","Draba crassifolia","species","Draba","Brassicaceae","True","True","True","True","I_NATURALIST_RANKED_ANCESTORS","EXACT_SPECIES_FAMILY_GENUS_READY","EXACT_SPECIES_TIP_IN_LCVP_BACKBONE","Draba_crassifolia",TRUE,FALSE
162044,"Draba nivalis","Draba","Draba|151",151,"False","Draba nivalis","species","Draba","Brassicaceae","True","True","True","True","I_NATURALIST_RANKED_ANCESTORS","EXACT_SPECIES_FAMILY_GENUS_READY","EXACT_SPECIES_TIP_IN_LCVP_BACKBONE","Draba_nivalis",TRUE,FALSE
162477,"Erigeron glabellus","Erigeron","Erigeron|147",147,"False","Erigeron glabellus","species","Erigeron","Asteraceae","True","True","True","True","I_NATURALIST_RANKED_ANCESTORS","EXACT_SPECIES_FAMILY_GENUS_READY","EXACT_SPECIES_TIP_IN_LCVP_BACKBONE","Erigeron_glabellus",TRUE,FALSE
162690,"Erodium gruinum","Erodium","Erodium|118",118,"True","Erodium gruinum","species","Erodium","Geraniaceae","True","True","True","True","I_NATURALIST_RANKED_ANCESTORS","EXACT_SPECIES_FAMILY_GENUS_READY","EXACT_SPECIES_TIP_IN_LCVP_BACKBONE","Erodium_gruinum",TRUE,FALSE
162691,"Erodium laciniatum","Erodium","Erodium|118",118,"True","Erodium laciniatum","species","Erodium","Geraniaceae","True","True","True","True","I_NATURALIST_RANKED_ANCESTORS","EXACT_SPECIES_FAMILY_GENUS_READY","EXACT_SPECIES_TIP_IN_LCVP_BACKBONE","Erodium_laciniatum",TRUE,FALSE
163638,"Helichrysum foetidum","Helichrysum","Helichrysum|28",28,"False","Helichrysum foetidum","species","Helichrysum","Asteraceae","True","True","True","True","I_NATURALIST_RANKED_ANCESTORS","EXACT_SPECIES_FAMILY_GENUS_READY","EXACT_SPECIES_TIP_IN_LCVP_BACKBONE","Helichrysum_foetidum",TRUE,FALSE
164103,"Ipomoea trifida","Ipomoea","Ipomoea|93",93,"False","Ipomoea trifida","species","Ipomoea","Convolvulaceae","True","True","True","True","I_NATURALIST_RANKED_ANCESTORS","EXACT_SPECIES_FAMILY_GENUS_READY","EXACT_SPECIES_TIP_IN_LCVP_BACKBONE","Ipomoea_trifida",TRUE,FALSE
164213,"Jacquemontia pentanthos","Jacquemontia","Jacquemontia|61",61,"True","Jacquemontia pentanthos","species","Jacquemontia","Convolvulaceae","True","True","True","True","I_NATURALIST_RANKED_ANCESTORS","EXACT_SPECIES_FAMILY_GENUS_READY","EXACT_SPECIES_TIP_IN_LCVP_BACKBONE","Jacquemontia_pentanthos",TRUE,FALSE
165009,"Lysimachia mauritiana","Lysimachia","Lysimachia|123",123,"True","Lysimachia mauritiana","species","Lysimachia","Primulaceae","True","True","True","True","I_NATURALIST_RANKED_ANCESTORS","EXACT_SPECIES_FAMILY_GENUS_READY","EXACT_SPECIES_TIP_IN_LCVP_BACKBONE","Lysimachia_mauritiana",TRUE,FALSE
166039,"Packera hyperborealis","Packera","Packera|146",146,"False","Packera hyperborealis","species","Packera","Asteraceae","True","True","True","True","I_NATURALIST_RANKED_ANCESTORS","EXACT_SPECIES_FAMILY_GENUS_READY","GENUS_FAMILY_IN_LCVP_SYNTHETIC_NOT_DIRECT",,FALSE,TRUE
166270,"Pediomelum hypogaeum","Pediomelum","Pediomelum|112",112,"False","Pediomelum hypogaeum","species","Pediomelum","Fabaceae","True","True","True","True","I_NATURALIST_RANKED_ANCESTORS","EXACT_SPECIES_FAMILY_GENUS_READY","GENUS_FAMILY_IN_LCVP_SYNTHETIC_NOT_DIRECT",,FALSE,TRUE
166271,"Pediomelum latestipulatum","Pediomelum","Pediomelum|112",112,"False","Pediomelum latestipulatum","species","Pediomelum","Fabaceae","True","True","True","True","I_NATURALIST_RANKED_ANCESTORS","EXACT_SPECIES_FAMILY_GENUS_READY","GENUS_FAMILY_IN_LCVP_SYNTHETIC_NOT_DIRECT",,FALSE,TRUE
167340,"Potentilla atrosanguinea","Potentilla","Potentilla|120",120,"True","Potentilla atrosanguinea","species","Potentilla","Rosaceae","True","True","True","True","I_NATURALIST_RANKED_ANCESTORS","EXACT_SPECIES_FAMILY_GENUS_READY","GENUS_FAMILY_IN_LCVP_SYNTHETIC_NOT_DIRECT",,FALSE,TRUE
167366,"Potentilla nivea","Potentilla","Potentilla|149",149,"True","Potentilla nivea","species","Potentilla","Rosaceae","True","True","True","True","I_NATURALIST_RANKED_ANCESTORS","EXACT_SPECIES_FAMILY_GENUS_READY","EXACT_SPECIES_TIP_IN_LCVP_BACKBONE","Potentilla_nivea",TRUE,FALSE
167384,"Potentilla subvahliana","Potentilla","Potentilla|149",149,"True","Potentilla subvahliana","species","Potentilla","Rosaceae","True","True","True","True","I_NATURALIST_RANKED_ANCESTORS","EXACT_SPECIES_FAMILY_GENUS_READY","EXACT_SPECIES_TIP_IN_LCVP_BACKBONE","Potentilla_subvahliana",TRUE,FALSE
167957,"Rorippa amphibia","Rorippa","Rorippa|135",135,"False","Rorippa amphibia","species","Rorippa","Brassicaceae","True","True","True","True","I_NATURALIST_RANKED_ANCESTORS","EXACT_SPECIES_FAMILY_GENUS_READY","EXACT_SPECIES_TIP_IN_LCVP_BACKBONE","Rorippa_amphibia",TRUE,FALSE
167973,"Rorippa sylvestris","Rorippa","Rorippa|135",135,"False","Rorippa sylvestris","species","Rorippa","Brassicaceae","True","True","True","True","I_NATURALIST_RANKED_ANCESTORS","EXACT_SPECIES_FAMILY_GENUS_READY","EXACT_SPECIES_TIP_IN_LCVP_BACKBONE","Rorippa_sylvestris",TRUE,FALSE
168215,"Ruellia drummondiana","Ruellia","Ruellia|112",112,"False","Ruellia drummondiana","species","Ruellia","Acanthaceae","True","True","True","True","I_NATURALIST_RANKED_ANCESTORS","EXACT_SPECIES_FAMILY_GENUS_READY","EXACT_SPECIES_TIP_IN_LCVP_BACKBONE","Ruellia_drummondiana",TRUE,FALSE
168218,"Ruellia metziae","Ruellia","Ruellia|112",112,"False","Ruellia metziae","species","Ruellia","Acanthaceae","True","True","True","True","I_NATURALIST_RANKED_ANCESTORS","EXACT_SPECIES_FAMILY_GENUS_READY","EXACT_SPECIES_TIP_IN_LCVP_BACKBONE","Ruellia_metziae",TRUE,FALSE
168220,"Ruellia nudiflora","Ruellia","Ruellia|112",112,"False","Ruellia nudiflora","species","Ruellia","Acanthaceae","True","True","True","True","I_NATURALIST_RANKED_ANCESTORS","EXACT_SPECIES_FAMILY_GENUS_READY","EXACT_SPECIES_TIP_IN_LCVP_BACKBONE","Ruellia_nudiflora",TRUE,FALSE
168221,"Ruellia occidentalis","Ruellia","Ruellia|112",112,"False","Ruellia occidentalis","species","Ruellia","Acanthaceae","True","True","True","True","I_NATURALIST_RANKED_ANCESTORS","EXACT_SPECIES_FAMILY_GENUS_READY","EXACT_SPECIES_TIP_IN_LCVP_BACKBONE","Ruellia_occidentalis",TRUE,FALSE
168224,"Ruellia yucatana","Ruellia","Ruellia|112",112,"False","Ruellia yucatana","species","Ruellia","Acanthaceae","True","True","True","True","I_NATURALIST_RANKED_ANCESTORS","EXACT_SPECIES_FAMILY_GENUS_READY","GENUS_FAMILY_IN_LCVP_SYNTHETIC_NOT_DIRECT",,FALSE,TRUE
168320,"Salix barrattiana","Salix","Salix|147",147,"False","Salix barrattiana","species","Salix","Salicaceae","True","True","True","True","I_NATURALIST_RANKED_ANCESTORS","EXACT_SPECIES_FAMILY_GENUS_READY","EXACT_SPECIES_TIP_IN_LCVP_BACKBONE","Salix_barrattiana",TRUE,FALSE
168353,"Salix pyrifolia","Salix","Salix|147",147,"False","Salix pyrifolia","species","Salix","Salicaceae","True","True","True","True","I_NATURALIST_RANKED_ANCESTORS","EXACT_SPECIES_FAMILY_GENUS_READY","EXACT_SPECIES_TIP_IN_LCVP_BACKBONE","Salix_pyrifolia",TRUE,FALSE
168820,"Senecio madagascariensis","Senecio","Senecio|24",24,"False","Senecio madagascariensis","species","Senecio","Asteraceae","True","True","True","True","I_NATURALIST_RANKED_ANCESTORS","EXACT_SPECIES_FAMILY_GENUS_READY","EXACT_SPECIES_TIP_IN_LCVP_BACKBONE","Senecio_madagascariensis",TRUE,FALSE
169109,"Solidago hispida","Solidago","Solidago|132",132,"False","Solidago hispida","species","Solidago","Asteraceae","True","True","True","True","I_NATURALIST_RANKED_ANCESTORS","EXACT_SPECIES_FAMILY_GENUS_READY","EXACT_SPECIES_TIP_IN_LCVP_BACKBONE","Solidago_hispida",TRUE,FALSE
169114,"Solidago macrophylla","Solidago","Solidago|132",132,"False","Solidago macrophylla","species","Solidago","Asteraceae","True","True","True","True","I_NATURALIST_RANKED_ANCESTORS","EXACT_SPECIES_FAMILY_GENUS_READY","EXACT_SPECIES_TIP_IN_LCVP_BACKBONE","Solidago_macrophylla",TRUE,FALSE
169388,"Stevia salicifolia","Stevia","Stevia|111",111,"False","Stevia salicifolia","species","Stevia","Asteraceae","True","True","True","True","I_NATURALIST_RANKED_ANCESTORS","EXACT_SPECIES_FAMILY_GENUS_READY","EXACT_SPECIES_TIP_IN_LCVP_BACKBONE","Stevia_salicifolia",TRUE,FALSE
169456,"Symphyotrichum concolor","Symphyotrichum","Symphyotrichum|113",113,"True","Symphyotrichum concolor","species","Symphyotrichum","Asteraceae","True","True","True","True","I_NATURALIST_RANKED_ANCESTORS","EXACT_SPECIES_FAMILY_GENUS_READY","EXACT_SPECIES_TIP_IN_LCVP_BACKBONE","Symphyotrichum_concolor",TRUE,FALSE
169974,"Trifolium purpureum","Trifolium","Trifolium|118",118,"True","Trifolium purpureum","species","Trifolium","Fabaceae","True","True","True","True","I_NATURALIST_RANKED_ANCESTORS","EXACT_SPECIES_FAMILY_GENUS_READY","EXACT_SPECIES_TIP_IN_LCVP_BACKBONE","Trifolium_purpureum",TRUE,FALSE
170188,"Veronica cymbalaria","Veronica","Veronica|118",118,"True","Veronica cymbalaria","species","Veronica","Plantaginaceae","True","True","True","True","I_NATURALIST_RANKED_ANCESTORS","EXACT_SPECIES_FAMILY_GENUS_READY","EXACT_SPECIES_TIP_IN_LCVP_BACKBONE","Veronica_cymbalaria",TRUE,FALSE
170214,"Vicia peregrina","Vicia","Vicia|118",118,"True","Vicia peregrina","species","Vicia","Fabaceae","True","True","True","True","I_NATURALIST_RANKED_ANCESTORS","EXACT_SPECIES_FAMILY_GENUS_READY","EXACT_SPECIES_TIP_IN_LCVP_BACKBONE","Vicia_peregrina",TRUE,FALSE
185033,"Phylica abietina","Phylica","Phylica|28",28,"False","Phylica abietina","species","Phylica","Rhamnaceae","True","True","True","True","I_NATURALIST_RANKED_ANCESTORS","EXACT_SPECIES_FAMILY_GENUS_READY","EXACT_SPECIES_TIP_IN_LCVP_BACKBONE","Phylica_abietina",TRUE,FALSE
189191,"Alysicarpus bupleurifolius","Alysicarpus","Alysicarpus|120",120,"True","Alysicarpus bupleurifolius","species","Alysicarpus","Fabaceae","True","True","True","True","I_NATURALIST_RANKED_ANCESTORS","EXACT_SPECIES_FAMILY_GENUS_READY","GENUS_FAMILY_IN_LCVP_SYNTHETIC_NOT_DIRECT",,FALSE,TRUE
192324,"Euphorbia spiralis","Euphorbia","Euphorbia|101",101,"False","Euphorbia spiralis","species","Euphorbia","Euphorbiaceae","True","True","True","True","I_NATURALIST_RANKED_ANCESTORS","EXACT_SPECIES_FAMILY_GENUS_READY","EXACT_SPECIES_TIP_IN_LCVP_BACKBONE","Euphorbia_spiralis",TRUE,FALSE
193195,"Gynoxys hallii","Gynoxys","Gynoxys|77",77,"False","Gynoxys hallii","species","Gynoxys","Asteraceae","True","True","True","True","I_NATURALIST_RANKED_ANCESTORS","EXACT_SPECIES_FAMILY_GENUS_READY","GENUS_FAMILY_IN_LCVP_SYNTHETIC_NOT_DIRECT",,FALSE,TRUE
194547,"Eugenia brasiliensis","Eugenia","Eugenia|42",42,"False","Eugenia brasiliensis","species","Eugenia","Myrtaceae","True","True","True","True","I_NATURALIST_RANKED_ANCESTORS","EXACT_SPECIES_FAMILY_GENUS_READY","EXACT_SPECIES_TIP_IN_LCVP_BACKBONE","Eugenia_brasiliensis",TRUE,FALSE
200012,"Adenanthos sericeus","Adenanthos","Adenanthos|32",32,"True","Adenanthos sericeus","species","Adenanthos","Proteaceae","True","True","True","True","I_NATURALIST_RANKED_ANCESTORS","EXACT_SPECIES_FAMILY_GENUS_READY","EXACT_SPECIES_TIP_IN_LCVP_BACKBONE","Adenanthos_sericeus",TRUE,FALSE
204377,"Persicaria nepalensis","Persicaria","Persicaria|123",123,"True","Persicaria nepalensis","species","Persicaria","Polygonaceae","True","True","True","True","I_NATURALIST_RANKED_ANCESTORS","EXACT_SPECIES_FAMILY_GENUS_READY","EXACT_SPECIES_TIP_IN_LCVP_BACKBONE","Persicaria_nepalensis",TRUE,FALSE
204423,"Syringa villosa","Syringa","Syringa|140",140,"True","Syringa villosa","species","Syringa","Oleaceae","True","True","True","True","I_NATURALIST_RANKED_ANCESTORS","EXACT_SPECIES_FAMILY_GENUS_READY","EXACT_SPECIES_TIP_IN_LCVP_BACKBONE","Syringa_villosa",TRUE,FALSE
204749,"Opuntia lasiacantha","Opuntia","Opuntia|94",94,"True","Opuntia lasiacantha","species","Opuntia","Cactaceae","True","True","True","True","I_NATURALIST_RANKED_ANCESTORS","EXACT_SPECIES_FAMILY_GENUS_READY","EXACT_SPECIES_TIP_IN_LCVP_BACKBONE","Opuntia_lasiacantha",TRUE,FALSE
205799,"Opuntia hyptiacantha","Opuntia","Opuntia|94",94,"True","Opuntia hyptiacantha","species","Opuntia","Cactaceae","True","True","True","True","I_NATURALIST_RANKED_ANCESTORS","EXACT_SPECIES_FAMILY_GENUS_READY","GENUS_FAMILY_IN_LCVP_SYNTHETIC_NOT_DIRECT",,FALSE,TRUE
207816,"Androsace villosa","Androsace","Androsace|134",134,"False","Androsace villosa","species","Androsace","Primulaceae","True","True","True","True","I_NATURALIST_RANKED_ANCESTORS","EXACT_SPECIES_FAMILY_GENUS_READY","EXACT_SPECIES_TIP_IN_LCVP_BACKBONE","Androsace_villosa",TRUE,FALSE
208830,"Rhododendron indicum","Rhododendron","Rhododendron|141",141,"False","Rhododendron indicum","species","Rhododendron","Ericaceae","True","True","True","True","I_NATURALIST_RANKED_ANCESTORS","EXACT_SPECIES_FAMILY_GENUS_READY","EXACT_SPECIES_TIP_IN_LCVP_BACKBONE","Rhododendron_indicum",TRUE,FALSE
209397,"Tricoryne elatior","Tricoryne","Tricoryne|52",52,"False","Tricoryne elatior","species","Tricoryne","Asphodelaceae","True","True","True","True","I_NATURALIST_RANKED_ANCESTORS","EXACT_SPECIES_FAMILY_GENUS_READY","EXACT_SPECIES_TIP_IN_LCVP_BACKBONE","Tricoryne_elatior",TRUE,FALSE
210124,"Xerochrysum viscosum","Xerochrysum","Xerochrysum|34",34,"False","Xerochrysum viscosum","species","Xerochrysum","Asteraceae","True","True","True","True","I_NATURALIST_RANKED_ANCESTORS","EXACT_SPECIES_FAMILY_GENUS_READY","GENUS_FAMILY_IN_LCVP_SYNTHETIC_NOT_DIRECT",,FALSE,TRUE
210349,"Hibbertia riparia","Hibbertia","Hibbertia|33",33,"True","Hibbertia riparia","species","Hibbertia","Dilleniaceae","True","True","True","True","I_NATURALIST_RANKED_ANCESTORS","EXACT_SPECIES_FAMILY_GENUS_READY","GENUS_FAMILY_IN_LCVP_SYNTHETIC_NOT_DIRECT",,FALSE,TRUE
224056,"Lobelia floridana","Lobelia","Lobelia|112",112,"False","Lobelia floridana","species","Lobelia","Campanulaceae","True","True","True","True","I_NATURALIST_RANKED_ANCESTORS","EXACT_SPECIES_FAMILY_GENUS_READY","GENUS_FAMILY_IN_LCVP_SYNTHETIC_NOT_DIRECT",,FALSE,TRUE
224068,"Lobelia paludosa","Lobelia","Lobelia|112",112,"False","Lobelia paludosa","species","Lobelia","Campanulaceae","True","True","True","True","I_NATURALIST_RANKED_ANCESTORS","EXACT_SPECIES_FAMILY_GENUS_READY","GENUS_FAMILY_IN_LCVP_SYNTHETIC_NOT_DIRECT",,FALSE,TRUE
244734,"Ruellia inundata","Ruellia","Ruellia|61",61,"False","Ruellia inundata","species","Ruellia","Acanthaceae","True","True","True","True","I_NATURALIST_RANKED_ANCESTORS","EXACT_SPECIES_FAMILY_GENUS_READY","EXACT_SPECIES_TIP_IN_LCVP_BACKBONE","Ruellia_inundata",TRUE,FALSE
273836,"Pinguicula moranensis","Pinguicula","Pinguicula|94",94,"False","Pinguicula moranensis","species","Pinguicula","Lentibulariaceae","True","True","True","True","I_NATURALIST_RANKED_ANCESTORS","EXACT_SPECIES_FAMILY_GENUS_READY","EXACT_SPECIES_TIP_IN_LCVP_BACKBONE","Pinguicula_moranensis",TRUE,FALSE
273994,"Stevia lucida","Stevia","Stevia|111",111,"False","Stevia lucida","species","Stevia","Asteraceae","True","True","True","True","I_NATURALIST_RANKED_ANCESTORS","EXACT_SPECIES_FAMILY_GENUS_READY","GENUS_FAMILY_IN_LCVP_SYNTHETIC_NOT_DIRECT",,FALSE,TRUE
274164,"Ipomoea funis","Ipomoea","Ipomoea|93",93,"False","Ipomoea funis","species","Ipomoea","Convolvulaceae","True","True","True","True","I_NATURALIST_RANKED_ANCESTORS","EXACT_SPECIES_FAMILY_GENUS_READY","GENUS_FAMILY_IN_LCVP_SYNTHETIC_NOT_DIRECT",,FALSE,TRUE
274369,"Opuntia depressa","Opuntia","Opuntia|94",94,"True","Opuntia depressa","species","Opuntia","Cactaceae","True","True","True","True","I_NATURALIST_RANKED_ANCESTORS","EXACT_SPECIES_FAMILY_GENUS_READY","EXACT_SPECIES_TIP_IN_LCVP_BACKBONE","Opuntia_depressa",TRUE,FALSE
274374,"Opuntia huajuapensis","Opuntia","Opuntia|94",94,"True","Opuntia huajuapensis","species","Opuntia","Cactaceae","True","True","True","True","I_NATURALIST_RANKED_ANCESTORS","EXACT_SPECIES_FAMILY_GENUS_READY","GENUS_FAMILY_IN_LCVP_SYNTHETIC_NOT_DIRECT",,FALSE,TRUE
275384,"Euphorbia hypericifolia","Euphorbia","Euphorbia|118",118,"True","Euphorbia hypericifolia","species","Euphorbia","Euphorbiaceae","True","True","True","True","I_NATURALIST_RANKED_ANCESTORS","EXACT_SPECIES_FAMILY_GENUS_READY","EXACT_SPECIES_TIP_IN_LCVP_BACKBONE","Euphorbia_hypericifolia",TRUE,FALSE
276497,"Bletia adenocarpa","Bletia","Bletia|93",93,"True","Bletia adenocarpa","species","Bletia","Orchidaceae","True","True","True","True","I_NATURALIST_RANKED_ANCESTORS","EXACT_SPECIES_FAMILY_GENUS_READY","GENUS_FAMILY_IN_LCVP_SYNTHETIC_NOT_DIRECT",,FALSE,TRUE
276500,"Bletia macristhmochila","Bletia","Bletia|93",93,"True","Bletia macristhmochila","species","Bletia","Orchidaceae","True","True","True","True","I_NATURALIST_RANKED_ANCESTORS","EXACT_SPECIES_FAMILY_GENUS_READY","EXACT_SPECIES_TIP_IN_LCVP_BACKBONE","Bletia_macristhmochila",TRUE,FALSE
276846,"Lepanthes scopula","Lepanthes","Lepanthes|94",94,"False","Lepanthes scopula","species","Lepanthes","Orchidaceae","True","True","True","True","I_NATURALIST_RANKED_ANCESTORS","EXACT_SPECIES_FAMILY_GENUS_READY","GENUS_FAMILY_IN_LCVP_SYNTHETIC_NOT_DIRECT",,FALSE,TRUE
276963,"Oncidium ornithorhynchum","Oncidium","Oncidium|77",77,"False","Oncidium ornithorhynchum","species","Oncidium","Orchidaceae","True","True","True","True","I_NATURALIST_RANKED_ANCESTORS","EXACT_SPECIES_FAMILY_GENUS_READY","EXACT_SPECIES_TIP_IN_LCVP_BACKBONE","Oncidium_ornithorhynchum",TRUE,FALSE
277001,"Philodendron tripartitum","Philodendron","Philodendron|94",94,"True","Philodendron tripartitum","species","Philodendron","Araceae","True","True","True","True","I_NATURALIST_RANKED_ANCESTORS","EXACT_SPECIES_FAMILY_GENUS_READY","EXACT_SPECIES_TIP_IN_LCVP_BACKBONE","Philodendron_tripartitum",TRUE,FALSE
277480,"Gonolobus sororius","Gonolobus","Gonolobus|93",93,"False","Gonolobus sororius","species","Gonolobus","Apocynaceae","True","True","True","True","I_NATURALIST_RANKED_ANCESTORS","EXACT_SPECIES_FAMILY_GENUS_READY","GENUS_FAMILY_IN_LCVP_SYNTHETIC_NOT_DIRECT",,FALSE,TRUE
277624,"Begonia balmisiana","Begonia","Begonia|93",93,"False","Begonia balmisiana","species","Begonia","Begoniaceae","True","True","True","True","I_NATURALIST_RANKED_ANCESTORS","EXACT_SPECIES_FAMILY_GENUS_READY","GENUS_FAMILY_IN_LCVP_SYNTHETIC_NOT_DIRECT",,FALSE,TRUE
277748,"Ipomoea asarifolia","Ipomoea","Ipomoea|61",61,"False","Ipomoea asarifolia","species","Ipomoea","Convolvulaceae","True","True","True","True","I_NATURALIST_RANKED_ANCESTORS","EXACT_SPECIES_FAMILY_GENUS_READY","GENUS_FAMILY_IN_LCVP_SYNTHETIC_NOT_DIRECT",,FALSE,TRUE
277750,"Ipomoea chamelana","Ipomoea","Ipomoea|93",93,"False","Ipomoea chamelana","species","Ipomoea","Convolvulaceae","True","True","True","True","I_NATURALIST_RANKED_ANCESTORS","EXACT_SPECIES_FAMILY_GENUS_READY","GENUS_FAMILY_IN_LCVP_SYNTHETIC_NOT_DIRECT",,FALSE,TRUE
277777,"Ipomoea microsepala","Ipomoea","Ipomoea|93",93,"False","Ipomoea microsepala","species","Ipomoea","Convolvulaceae","True","True","True","True","I_NATURALIST_RANKED_ANCESTORS","EXACT_SPECIES_FAMILY_GENUS_READY","GENUS_FAMILY_IN_LCVP_SYNTHETIC_NOT_DIRECT",,FALSE,TRUE
277916,"Salvia lasiocephala","Salvia","Salvia|93",93,"False","Salvia lasiocephala","species","Salvia","Lamiaceae","True","True","True","True","I_NATURALIST_RANKED_ANCESTORS","EXACT_SPECIES_FAMILY_GENUS_READY","GENUS_FAMILY_IN_LCVP_SYNTHETIC_NOT_DIRECT",,FALSE,TRUE
277982,"Pinguicula hemiepiphytica","Pinguicula","Pinguicula|94",94,"False","Pinguicula hemiepiphytica","species","Pinguicula","Lentibulariaceae","True","True","True","True","I_NATURALIST_RANKED_ANCESTORS","EXACT_SPECIES_FAMILY_GENUS_READY","GENUS_FAMILY_IN_LCVP_SYNTHETIC_NOT_DIRECT",,FALSE,TRUE
277986,"Pinguicula orchidioides","Pinguicula","Pinguicula|94",94,"False","Pinguicula orchidioides","species","Pinguicula","Lentibulariaceae","True","True","True","True","I_NATURALIST_RANKED_ANCESTORS","EXACT_SPECIES_FAMILY_GENUS_READY","GENUS_FAMILY_IN_LCVP_SYNTHETIC_NOT_DIRECT",,FALSE,TRUE
278120,"Henriettea succosa","Henriettea","Henriettea|78",78,"True","Henriettea succosa","species","Henriettea","Melastomataceae","True","True","True","True","I_NATURALIST_RANKED_ANCESTORS","EXACT_SPECIES_FAMILY_GENUS_READY","EXACT_SPECIES_TIP_IN_LCVP_BACKBONE","Henriettea_succosa",TRUE,FALSE
278674,"Turnera pumilea","Turnera","Turnera|61",61,"False","Turnera pumilea","species","Turnera","Passifloraceae","True","True","True","True","I_NATURALIST_RANKED_ANCESTORS","EXACT_SPECIES_FAMILY_GENUS_READY","GENUS_FAMILY_IN_LCVP_SYNTHETIC_NOT_DIRECT",,FALSE,TRUE
279337,"Mimosa somnians","Mimosa","Mimosa|61",61,"False","Mimosa somnians","species","Mimosa","Fabaceae","True","True","True","True","I_NATURALIST_RANKED_ANCESTORS","EXACT_SPECIES_FAMILY_GENUS_READY","GENUS_FAMILY_IN_LCVP_SYNTHETIC_NOT_DIRECT",,FALSE,TRUE
281779,"Ipomoea pauciflora","Ipomoea","Ipomoea|93",93,"False","Ipomoea pauciflora","species","Ipomoea","Convolvulaceae","True","True","True","True","I_NATURALIST_RANKED_ANCESTORS","EXACT_SPECIES_FAMILY_GENUS_READY","GENUS_FAMILY_IN_LCVP_SYNTHETIC_NOT_DIRECT",,FALSE,TRUE
283340,"Bletia amabilis","Bletia","Bletia|93",93,"True","Bletia amabilis","species","Bletia","Orchidaceae","True","True","True","True","I_NATURALIST_RANKED_ANCESTORS","EXACT_SPECIES_FAMILY_GENUS_READY","GENUS_FAMILY_IN_LCVP_SYNTHETIC_NOT_DIRECT",,FALSE,TRUE
283341,"Bletia campanulata","Bletia","Bletia|93",93,"True","Bletia campanulata","species","Bletia","Orchidaceae","True","True","True","True","I_NATURALIST_RANKED_ANCESTORS","EXACT_SPECIES_FAMILY_GENUS_READY","EXACT_SPECIES_TIP_IN_LCVP_BACKBONE","Bletia_campanulata",TRUE,FALSE
284363,"Gonolobus barbatus","Gonolobus","Gonolobus|93",93,"False","Gonolobus barbatus","species","Gonolobus","Apocynaceae","True","True","True","True","I_NATURALIST_RANKED_ANCESTORS","EXACT_SPECIES_FAMILY_GENUS_READY","EXACT_SPECIES_TIP_IN_LCVP_BACKBONE","Gonolobus_barbatus",TRUE,FALSE
284371,"Gonolobus jaliscensis","Gonolobus","Gonolobus|93",93,"False","Gonolobus jaliscensis","species","Gonolobus","Apocynaceae","True","True","True","True","I_NATURALIST_RANKED_ANCESTORS","EXACT_SPECIES_FAMILY_GENUS_READY","GENUS_FAMILY_IN_LCVP_SYNTHETIC_NOT_DIRECT",,FALSE,TRUE
284655,"Begonia palmeri","Begonia","Begonia|93",93,"False","Begonia palmeri","species","Begonia","Begoniaceae","True","True","True","True","I_NATURALIST_RANKED_ANCESTORS","EXACT_SPECIES_FAMILY_GENUS_READY","GENUS_FAMILY_IN_LCVP_SYNTHETIC_NOT_DIRECT",,FALSE,TRUE
284858,"Ipomoea bracteata","Ipomoea","Ipomoea|93",93,"False","Ipomoea bracteata","species","Ipomoea","Convolvulaceae","True","True","True","True","I_NATURALIST_RANKED_ANCESTORS","EXACT_SPECIES_FAMILY_GENUS_READY","GENUS_FAMILY_IN_LCVP_SYNTHETIC_NOT_DIRECT",,FALSE,TRUE
284860,"Ipomoea clavata","Ipomoea","Ipomoea|93",93,"False","Ipomoea clavata","species","Ipomoea","Convolvulaceae","True","True","True","True","I_NATURALIST_RANKED_ANCESTORS","EXACT_SPECIES_FAMILY_GENUS_READY","GENUS_FAMILY_IN_LCVP_SYNTHETIC_NOT_DIRECT",,FALSE,TRUE
284882,"Ipomoea meyeri","Ipomoea","Ipomoea|93",93,"False","Ipomoea meyeri","species","Ipomoea","Convolvulaceae","True","True","True","True","I_NATURALIST_RANKED_ANCESTORS","EXACT_SPECIES_FAMILY_GENUS_READY","GENUS_FAMILY_IN_LCVP_SYNTHETIC_NOT_DIRECT",,FALSE,TRUE
284890,"Ipomoea ramosissima","Ipomoea","Ipomoea|61",61,"False","Ipomoea ramosissima","species","Ipomoea","Convolvulaceae","True","True","True","True","I_NATURALIST_RANKED_ANCESTORS","EXACT_SPECIES_FAMILY_GENUS_READY","GENUS_FAMILY_IN_LCVP_SYNTHETIC_NOT_DIRECT",,FALSE,TRUE
284898,"Ipomoea suaveolens","Ipomoea","Ipomoea|93",93,"False","Ipomoea suaveolens","species","Ipomoea","Convolvulaceae","True","True","True","True","I_NATURALIST_RANKED_ANCESTORS","EXACT_SPECIES_FAMILY_GENUS_READY","GENUS_FAMILY_IN_LCVP_SYNTHETIC_NOT_DIRECT",,FALSE,TRUE
285258,"Pinguicula heterophylla","Pinguicula","Pinguicula|94",94,"False","Pinguicula heterophylla","species","Pinguicula","Lentibulariaceae","True","True","True","True","I_NATURALIST_RANKED_ANCESTORS","EXACT_SPECIES_FAMILY_GENUS_READY","GENUS_FAMILY_IN_LCVP_SYNTHETIC_NOT_DIRECT",,FALSE,TRUE
285592,"Miconia mirabilis","Miconia","Miconia|78",78,"True","Miconia mirabilis","species","Miconia","Melastomataceae","True","True","True","True","I_NATURALIST_RANKED_ANCESTORS","EXACT_SPECIES_FAMILY_GENUS_READY","EXACT_SPECIES_TIP_IN_LCVP_BACKBONE","Miconia_mirabilis",TRUE,FALSE
286995,"Salvia longispicata","Salvia","Salvia|93",93,"False","Salvia longispicata","species","Salvia","Lamiaceae","True","True","True","True","I_NATURALIST_RANKED_ANCESTORS","EXACT_SPECIES_FAMILY_GENUS_READY","EXACT_SPECIES_TIP_IN_LCVP_BACKBONE","Salvia_longispicata",TRUE,FALSE
287591,"Salvia reptans","Salvia","Salvia|93",93,"False","Salvia reptans","species","Salvia","Lamiaceae","True","True","True","True","I_NATURALIST_RANKED_ANCESTORS","EXACT_SPECIES_FAMILY_GENUS_READY","GENUS_FAMILY_IN_LCVP_SYNTHETIC_NOT_DIRECT",,FALSE,TRUE
287691,"Mimosa ursina","Mimosa","Mimosa|61",61,"False","Mimosa ursina","species","Mimosa","Fabaceae","True","True","True","True","I_NATURALIST_RANKED_ANCESTORS","EXACT_SPECIES_FAMILY_GENUS_READY","EXACT_SPECIES_TIP_IN_LCVP_BACKBONE","Mimosa_ursina",TRUE,FALSE
288345,"Chrysactinia acerosa","Chrysactinia","Chrysactinia|111",111,"True","Chrysactinia acerosa","species","Chrysactinia","Asteraceae","True","True","True","True","I_NATURALIST_RANKED_ANCESTORS","EXACT_SPECIES_FAMILY_GENUS_READY","GENUS_FAMILY_IN_LCVP_SYNTHETIC_NOT_DIRECT",,FALSE,TRUE
289391,"Chrysactinia pinnata","Chrysactinia","Chrysactinia|111",111,"True","Chrysactinia pinnata","species","Chrysactinia","Asteraceae","True","True","True","True","I_NATURALIST_RANKED_ANCESTORS","EXACT_SPECIES_FAMILY_GENUS_READY","EXACT_SPECIES_TIP_IN_LCVP_BACKBONE","Chrysactinia_pinnata",TRUE,FALSE
289764,"Stevia trifida","Stevia","Stevia|111",111,"False","Stevia trifida","species","Stevia","Asteraceae","True","True","True","True","I_NATURALIST_RANKED_ANCESTORS","EXACT_SPECIES_FAMILY_GENUS_READY","EXACT_SPECIES_TIP_IN_LCVP_BACKBONE","Stevia_trifida",TRUE,FALSE
290515,"Cyperus diffusus","Cyperus","Cyperus|123",123,"True","Cyperus diffusus","species","Cyperus","Cyperaceae","True","True","True","True","I_NATURALIST_RANKED_ANCESTORS","EXACT_SPECIES_FAMILY_GENUS_READY","GENUS_FAMILY_IN_LCVP_SYNTHETIC_NOT_DIRECT",,FALSE,TRUE
290955,"Ruellia geminiflora","Ruellia","Ruellia|78",78,"True","Ruellia geminiflora","species","Ruellia","Acanthaceae","True","True","True","True","I_NATURALIST_RANKED_ANCESTORS","EXACT_SPECIES_FAMILY_GENUS_READY","GENUS_FAMILY_IN_LCVP_SYNTHETIC_NOT_DIRECT",,FALSE,TRUE
291819,"Trichocentrum cavendishianum","Trichocentrum","Trichocentrum|93",93,"False","Trichocentrum cavendishianum","species","Trichocentrum","Orchidaceae","True","True","True","True","I_NATURALIST_RANKED_ANCESTORS","EXACT_SPECIES_FAMILY_GENUS_READY","GENUS_FAMILY_IN_LCVP_SYNTHETIC_NOT_DIRECT",,FALSE,TRUE
316719,"Tigridia meleagris","Tigridia","Tigridia|93",93,"False","Tigridia meleagris","species","Tigridia","Iridaceae","True","True","True","True","I_NATURALIST_RANKED_ANCESTORS","EXACT_SPECIES_FAMILY_GENUS_READY","EXACT_SPECIES_TIP_IN_LCVP_BACKBONE","Tigridia_meleagris",TRUE,FALSE
316722,"Tigridia mortonii","Tigridia","Tigridia|93",93,"False","Tigridia mortonii","species","Tigridia","Iridaceae","True","True","True","True","I_NATURALIST_RANKED_ANCESTORS","EXACT_SPECIES_FAMILY_GENUS_READY","GENUS_FAMILY_IN_LCVP_SYNTHETIC_NOT_DIRECT",,FALSE,TRUE
319183,"Nicotiana tomentosa","Nicotiana","Nicotiana|59",59,"False","Nicotiana tomentosa","species","Nicotiana","Solanaceae","True","True","True","True","I_NATURALIST_RANKED_ANCESTORS","EXACT_SPECIES_FAMILY_GENUS_READY","EXACT_SPECIES_TIP_IN_LCVP_BACKBONE","Nicotiana_tomentosa",TRUE,FALSE
319972,"Cumulopuntia boliviana","Cumulopuntia","Cumulopuntia|41",41,"False","Cumulopuntia boliviana","species","Cumulopuntia","Cactaceae","True","True","True","True","I_NATURALIST_RANKED_ANCESTORS","EXACT_SPECIES_FAMILY_GENUS_READY","EXACT_SPECIES_TIP_IN_LCVP_BACKBONE","Cumulopuntia_boliviana",TRUE,FALSE
320042,"Protea compacta","Protea","Protea|27",27,"True","Protea compacta","species","Protea","Proteaceae","True","True","True","True","I_NATURALIST_RANKED_ANCESTORS","EXACT_SPECIES_FAMILY_GENUS_READY","EXACT_SPECIES_TIP_IN_LCVP_BACKBONE","Protea_compacta",TRUE,FALSE
320052,"Austrocylindropuntia subulata","Austrocylindropuntia","Austrocylindropuntia|59",59,"False","Austrocylindropuntia subulata","species","Austrocylindropuntia","Cactaceae","True","True","True","True","I_NATURALIST_RANKED_ANCESTORS","EXACT_SPECIES_FAMILY_GENUS_READY","EXACT_SPECIES_TIP_IN_LCVP_BACKBONE","Austrocylindropuntia_subulata",TRUE,FALSE
320082,"Erica cerinthoides","Erica","Erica|27",27,"True","Erica cerinthoides","species","Erica","Ericaceae","True","True","True","True","I_NATURALIST_RANKED_ANCESTORS","EXACT_SPECIES_FAMILY_GENUS_READY","EXACT_SPECIES_TIP_IN_LCVP_BACKBONE","Erica_cerinthoides",TRUE,FALSE
320587,"Roella ciliata","Roella","Roella|27",27,"True","Roella ciliata","species","Roella","Campanulaceae","True","True","True","True","I_NATURALIST_RANKED_ANCESTORS","EXACT_SPECIES_FAMILY_GENUS_READY","EXACT_SPECIES_TIP_IN_LCVP_BACKBONE","Roella_ciliata",TRUE,FALSE
320592,"Struthiola ciliata","Struthiola","Struthiola|27",27,"True","Struthiola ciliata","species","Struthiola","Thymelaeaceae","True","True","True","True","I_NATURALIST_RANKED_ANCESTORS","EXACT_SPECIES_FAMILY_GENUS_READY","EXACT_SPECIES_TIP_IN_LCVP_BACKBONE","Struthiola_ciliata",TRUE,FALSE
320839,"Daviesia alata","Daviesia","Daviesia|34",34,"False","Daviesia alata","species","Daviesia","Fabaceae","True","True","True","True","I_NATURALIST_RANKED_ANCESTORS","EXACT_SPECIES_FAMILY_GENUS_READY","GENUS_FAMILY_IN_LCVP_SYNTHETIC_NOT_DIRECT",,FALSE,TRUE
321066,"Baeckea linifolia","Baeckea","Baeckea|52",52,"False","Baeckea linifolia","species","Baeckea","Myrtaceae","True","True","True","True","I_NATURALIST_RANKED_ANCESTORS","EXACT_SPECIES_FAMILY_GENUS_READY","EXACT_SPECIES_TIP_IN_LCVP_BACKBONE","Baeckea_linifolia",TRUE,FALSE
321067,"Baeckea imbricata","Baeckea","Baeckea|52",52,"False","Baeckea imbricata","species","Baeckea","Myrtaceae","True","True","True","True","I_NATURALIST_RANKED_ANCESTORS","EXACT_SPECIES_FAMILY_GENUS_READY","EXACT_SPECIES_TIP_IN_LCVP_BACKBONE","Baeckea_imbricata",TRUE,FALSE
321139,"Hakea teretifolia","Hakea","Hakea|52",52,"False","Hakea teretifolia","species","Hakea","Proteaceae","True","True","True","True","I_NATURALIST_RANKED_ANCESTORS","EXACT_SPECIES_FAMILY_GENUS_READY","EXACT_SPECIES_TIP_IN_LCVP_BACKBONE","Hakea_teretifolia",TRUE,FALSE
321199,"Scaevola ramosissima","Scaevola","Scaevola|52",52,"False","Scaevola ramosissima","species","Scaevola","Goodeniaceae","True","True","True","True","I_NATURALIST_RANKED_ANCESTORS","EXACT_SPECIES_FAMILY_GENUS_READY","EXACT_SPECIES_TIP_IN_LCVP_BACKBONE","Scaevola_ramosissima",TRUE,FALSE
321215,"Pultenaea daphnoides","Pultenaea","Pultenaea|33",33,"True","Pultenaea daphnoides","species","Pultenaea","Fabaceae","True","True","True","True","I_NATURALIST_RANKED_ANCESTORS","EXACT_SPECIES_FAMILY_GENUS_READY","FAMILY_VERIFIED_GENUS_ABSENT_FROM_LCVP",,FALSE,TRUE
321333,"Cumulopuntia chichensis","Cumulopuntia","Cumulopuntia|41",41,"False","Cumulopuntia chichensis","species","Cumulopuntia","Cactaceae","True","True","True","True","I_NATURALIST_RANKED_ANCESTORS","EXACT_SPECIES_FAMILY_GENUS_READY","EXACT_SPECIES_TIP_IN_LCVP_BACKBONE","Cumulopuntia_chichensis",TRUE,FALSE
322569,"Haplopappus velutinus","Haplopappus","Haplopappus|41",41,"True","Haplopappus velutinus","species","Haplopappus","Asteraceae","True","True","True","True","I_NATURALIST_RANKED_ANCESTORS","EXACT_SPECIES_FAMILY_GENUS_READY","EXACT_SPECIES_TIP_IN_LCVP_BACKBONE","Haplopappus_velutinus",TRUE,FALSE
322764,"Pelargonium fragrans","Pelargonium","Pelargonium|28",28,"False","Pelargonium fragrans","species","Pelargonium","Geraniaceae","True","True","True","True","I_NATURALIST_RANKED_ANCESTORS","EXACT_SPECIES_FAMILY_GENUS_READY","GENUS_FAMILY_IN_LCVP_SYNTHETIC_NOT_DIRECT",,FALSE,TRUE
323196,"Sprengelia incarnata","Sprengelia","Sprengelia|52",52,"False","Sprengelia incarnata","species","Sprengelia","Ericaceae","True","True","True","True","I_NATURALIST_RANKED_ANCESTORS","EXACT_SPECIES_FAMILY_GENUS_READY","EXACT_SPECIES_TIP_IN_LCVP_BACKBONE","Sprengelia_incarnata",TRUE,FALSE
323230,"Daviesia latifolia","Daviesia","Daviesia|34",34,"False","Daviesia latifolia","species","Daviesia","Fabaceae","True","True","True","True","I_NATURALIST_RANKED_ANCESTORS","EXACT_SPECIES_FAMILY_GENUS_READY","EXACT_SPECIES_TIP_IN_LCVP_BACKBONE","Daviesia_latifolia",TRUE,FALSE
323238,"Scaevola hookeri","Scaevola","Scaevola|52",52,"False","Scaevola hookeri","species","Scaevola","Goodeniaceae","True","True","True","True","I_NATURALIST_RANKED_ANCESTORS","EXACT_SPECIES_FAMILY_GENUS_READY","EXACT_SPECIES_TIP_IN_LCVP_BACKBONE","Scaevola_hookeri",TRUE,FALSE
323330,"Ranunculus pimpinellifolius","Ranunculus","Ranunculus|34",34,"True","Ranunculus pimpinellifolius","species","Ranunculus","Ranunculaceae","True","True","True","True","I_NATURALIST_RANKED_ANCESTORS","EXACT_SPECIES_FAMILY_GENUS_READY","EXACT_SPECIES_TIP_IN_LCVP_BACKBONE","Ranunculus_pimpinellifolius",TRUE,FALSE
323356,"Pimelea drupacea","Pimelea","Pimelea|34",34,"False","Pimelea drupacea","species","Pimelea","Thymelaeaceae","True","True","True","True","I_NATURALIST_RANKED_ANCESTORS","EXACT_SPECIES_FAMILY_GENUS_READY","GENUS_FAMILY_IN_LCVP_SYNTHETIC_NOT_DIRECT",,FALSE,TRUE
323438,"Pterostylis parviflora","Pterostylis","Pterostylis|34",34,"False","Pterostylis parviflora","species","Pterostylis","Orchidaceae","True","True","True","True","I_NATURALIST_RANKED_ANCESTORS","EXACT_SPECIES_FAMILY_GENUS_READY","EXACT_SPECIES_TIP_IN_LCVP_BACKBONE","Pterostylis_parviflora",TRUE,FALSE
323858,"Pultenaea tenuifolia","Pultenaea","Pultenaea|33",33,"True","Pultenaea tenuifolia","species","Pultenaea","Fabaceae","True","True","True","True","I_NATURALIST_RANKED_ANCESTORS","EXACT_SPECIES_FAMILY_GENUS_READY","FAMILY_VERIFIED_GENUS_ABSENT_FROM_LCVP",,FALSE,TRUE
323860,"Pultenaea pedunculata","Pultenaea","Pultenaea|33",33,"True","Pultenaea pedunculata","species","Pultenaea","Fabaceae","True","True","True","True","I_NATURALIST_RANKED_ANCESTORS","EXACT_SPECIES_FAMILY_GENUS_READY","FAMILY_VERIFIED_GENUS_ABSENT_FROM_LCVP",,FALSE,TRUE
323889,"Pimelea humilis","Pimelea","Pimelea|34",34,"False","Pimelea humilis","species","Pimelea","Thymelaeaceae","True","True","True","True","I_NATURALIST_RANKED_ANCESTORS","EXACT_SPECIES_FAMILY_GENUS_READY","GENUS_FAMILY_IN_LCVP_SYNTHETIC_NOT_DIRECT",,FALSE,TRUE
323894,"Stylidium perpusillum","Stylidium","Stylidium|32",32,"False","Stylidium perpusillum","species","Stylidium","Stylidiaceae","True","True","True","True","I_NATURALIST_RANKED_ANCESTORS","EXACT_SPECIES_FAMILY_GENUS_READY","FAMILY_VERIFIED_GENUS_ABSENT_FROM_LCVP",,FALSE,TRUE
328096,"Euphrasia cuneata","Euphrasia","Euphrasia|35",35,"False","Euphrasia cuneata","species","Euphrasia","Orobanchaceae","True","True","True","True","I_NATURALIST_RANKED_ANCESTORS","EXACT_SPECIES_FAMILY_GENUS_READY","GENUS_FAMILY_IN_LCVP_SYNTHETIC_NOT_DIRECT",,FALSE,TRUE
332369,"Astragalus frigidus","Astragalus","Astragalus|158",158,"False","Astragalus frigidus","species","Astragalus","Fabaceae","True","True","True","True","I_NATURALIST_RANKED_ANCESTORS","EXACT_SPECIES_FAMILY_GENUS_READY","EXACT_SPECIES_TIP_IN_LCVP_BACKBONE","Astragalus_frigidus",TRUE,FALSE
333095,"Salvia languidula","Salvia","Salvia|93",93,"False","Salvia languidula","species","Salvia","Lamiaceae","True","True","True","True","I_NATURALIST_RANKED_ANCESTORS","EXACT_SPECIES_FAMILY_GENUS_READY","GENUS_FAMILY_IN_LCVP_SYNTHETIC_NOT_DIRECT",,FALSE,TRUE
333429,"Hedyotis shiuyingiae","Hedyotis","Hedyotis|122",122,"True","Hedyotis shiuyingiae","species","Hedyotis","Rubiaceae","True","True","True","True","I_NATURALIST_RANKED_ANCESTORS","EXACT_SPECIES_FAMILY_GENUS_READY","EXACT_SPECIES_TIP_IN_LCVP_BACKBONE","Hedyotis_shiuyingiae",TRUE,FALSE
334743,"Lathyrus annuus","Lathyrus","Lathyrus|118",118,"True","Lathyrus annuus","species","Lathyrus","Fabaceae","True","True","True","True","I_NATURALIST_RANKED_ANCESTORS","EXACT_SPECIES_FAMILY_GENUS_READY","EXACT_SPECIES_TIP_IN_LCVP_BACKBONE","Lathyrus_annuus",TRUE,FALSE
335634,"Austrocylindropuntia floccosa","Austrocylindropuntia","Austrocylindropuntia|59",59,"False","Austrocylindropuntia floccosa","species","Austrocylindropuntia","Cactaceae","True","True","True","True","I_NATURALIST_RANKED_ANCESTORS","EXACT_SPECIES_FAMILY_GENUS_READY","EXACT_SPECIES_TIP_IN_LCVP_BACKBONE","Austrocylindropuntia_floccosa",TRUE,FALSE
336086,"Centropogon solanifolius","Centropogon","Centropogon|94",94,"False","Centropogon solanifolius","species","Centropogon","Campanulaceae","True","True","True","True","I_NATURALIST_RANKED_ANCESTORS","EXACT_SPECIES_FAMILY_GENUS_READY","FAMILY_VERIFIED_GENUS_ABSENT_FROM_LCVP",,FALSE,TRUE
336638,"Espeletia incana","Espeletia","Espeletia|77",77,"True","Espeletia incana","species","Espeletia","Asteraceae","True","True","True","True","I_NATURALIST_RANKED_ANCESTORS","EXACT_SPECIES_FAMILY_GENUS_READY","EXACT_SPECIES_TIP_IN_LCVP_BACKBONE","Espeletia_incana",TRUE,FALSE
336647,"Espeletia boyacensis","Espeletia","Espeletia|77",77,"True","Espeletia boyacensis","species","Espeletia","Asteraceae","True","True","True","True","I_NATURALIST_RANKED_ANCESTORS","EXACT_SPECIES_FAMILY_GENUS_READY","EXACT_SPECIES_TIP_IN_LCVP_BACKBONE","Espeletia_boyacensis",TRUE,FALSE
336651,"Espeletia arbelaezii","Espeletia","Espeletia|77",77,"True","Espeletia arbelaezii","species","Espeletia","Asteraceae","True","True","True","True","I_NATURALIST_RANKED_ANCESTORS","EXACT_SPECIES_FAMILY_GENUS_READY","EXACT_SPECIES_TIP_IN_LCVP_BACKBONE","Espeletia_arbelaezii",TRUE,FALSE
336677,"Solanum chenopodioides","Solanum","Solanum|46",46,"True","Solanum chenopodioides","species","Solanum","Solanaceae","True","True","True","True","I_NATURALIST_RANKED_ANCESTORS","EXACT_SPECIES_FAMILY_GENUS_READY","EXACT_SPECIES_TIP_IN_LCVP_BACKBONE","Solanum_chenopodioides",TRUE,FALSE
337708,"Lotus creticus","Lotus","Lotus|118",118,"False","Lotus creticus","species","Lotus","Fabaceae","True","True","True","True","I_NATURALIST_RANKED_ANCESTORS","EXACT_SPECIES_FAMILY_GENUS_READY","GENUS_FAMILY_IN_LCVP_SYNTHETIC_NOT_DIRECT",,FALSE,TRUE
338346,"Convolvulus siculus","Convolvulus","Convolvulus|118",118,"True","Convolvulus siculus","species","Convolvulus","Convolvulaceae","True","True","True","True","I_NATURALIST_RANKED_ANCESTORS","EXACT_SPECIES_FAMILY_GENUS_READY","EXACT_SPECIES_TIP_IN_LCVP_BACKBONE","Convolvulus_siculus",TRUE,FALSE
340798,"Conospermum coerulescens","Conospermum","Conospermum|32",32,"True","Conospermum coerulescens","species","Conospermum","Proteaceae","True","True","True","True","I_NATURALIST_RANKED_ANCESTORS","EXACT_SPECIES_FAMILY_GENUS_READY","GENUS_FAMILY_IN_LCVP_SYNTHETIC_NOT_DIRECT",,FALSE,TRUE
342003,"Astragalus boeticus","Astragalus","Astragalus|118",118,"True","Astragalus boeticus","species","Astragalus","Fabaceae","True","True","True","True","I_NATURALIST_RANKED_ANCESTORS","EXACT_SPECIES_FAMILY_GENUS_READY","GENUS_FAMILY_IN_LCVP_SYNTHETIC_NOT_DIRECT",,FALSE,TRUE
342438,"Helichrysum cymosum","Helichrysum","Helichrysum|28",28,"False","Helichrysum cymosum","species","Helichrysum","Asteraceae","True","True","True","True","I_NATURALIST_RANKED_ANCESTORS","EXACT_SPECIES_FAMILY_GENUS_READY","EXACT_SPECIES_TIP_IN_LCVP_BACKBONE","Helichrysum_cymosum",TRUE,FALSE
343121,"Euphorbia schimperi","Euphorbia","Euphorbia|101",101,"False","Euphorbia schimperi","species","Euphorbia","Euphorbiaceae","True","True","True","True","I_NATURALIST_RANKED_ANCESTORS","EXACT_SPECIES_FAMILY_GENUS_READY","EXACT_SPECIES_TIP_IN_LCVP_BACKBONE","Euphorbia_schimperi",TRUE,FALSE
343769,"Cyanotis cristata","Cyanotis","Cyanotis|102",102,"False","Cyanotis cristata","species","Cyanotis","Commelinaceae","True","True","True","True","I_NATURALIST_RANKED_ANCESTORS","EXACT_SPECIES_FAMILY_GENUS_READY","EXACT_SPECIES_TIP_IN_LCVP_BACKBONE","Cyanotis_cristata",TRUE,FALSE
346359,"Ruellia longifolia","Ruellia","Ruellia|78",78,"True","Ruellia longifolia","species","Ruellia","Acanthaceae","True","True","True","True","I_NATURALIST_RANKED_ANCESTORS","EXACT_SPECIES_FAMILY_GENUS_READY","GENUS_FAMILY_IN_LCVP_SYNTHETIC_NOT_DIRECT",,FALSE,TRUE
347798,"Ipomoea crassipes","Ipomoea","Ipomoea|46",46,"False","Ipomoea crassipes","species","Ipomoea","Convolvulaceae","True","True","True","True","I_NATURALIST_RANKED_ANCESTORS","EXACT_SPECIES_FAMILY_GENUS_READY","GENUS_FAMILY_IN_LCVP_SYNTHETIC_NOT_DIRECT",,FALSE,TRUE
348985,"Rhododendron quinquefolium","Rhododendron","Rhododendron|141",141,"False","Rhododendron quinquefolium","species","Rhododendron","Ericaceae","True","True","True","True","I_NATURALIST_RANKED_ANCESTORS","EXACT_SPECIES_FAMILY_GENUS_READY","GENUS_FAMILY_IN_LCVP_SYNTHETIC_NOT_DIRECT",,FALSE,TRUE
349196,"Syringa pubescens","Syringa","Syringa|140",140,"True","Syringa pubescens","species","Syringa","Oleaceae","True","True","True","True","I_NATURALIST_RANKED_ANCESTORS","EXACT_SPECIES_FAMILY_GENUS_READY","EXACT_SPECIES_TIP_IN_LCVP_BACKBONE","Syringa_pubescens",TRUE,FALSE
353827,"Hakea dactyloides","Hakea","Hakea|52",52,"False","Hakea dactyloides","species","Hakea","Proteaceae","True","True","True","True","I_NATURALIST_RANKED_ANCESTORS","EXACT_SPECIES_FAMILY_GENUS_READY","EXACT_SPECIES_TIP_IN_LCVP_BACKBONE","Hakea_dactyloides",TRUE,FALSE
353873,"Leptospermum juniperinum","Leptospermum","Leptospermum|52",52,"False","Leptospermum juniperinum","species","Leptospermum","Myrtaceae","True","True","True","True","I_NATURALIST_RANKED_ANCESTORS","EXACT_SPECIES_FAMILY_GENUS_READY","GENUS_FAMILY_IN_LCVP_SYNTHETIC_NOT_DIRECT",,FALSE,TRUE
353890,"Veronica derwentiana","Veronica","Veronica|52",52,"False","Veronica derwentiana","species","Veronica","Plantaginaceae","True","True","True","True","I_NATURALIST_RANKED_ANCESTORS","EXACT_SPECIES_FAMILY_GENUS_READY","GENUS_FAMILY_IN_LCVP_SYNTHETIC_NOT_DIRECT",,FALSE,TRUE
353921,"Bossiaea ensata","Bossiaea","Bossiaea|52",52,"False","Bossiaea ensata","species","Bossiaea","Fabaceae","True","True","True","True","I_NATURALIST_RANKED_ANCESTORS","EXACT_SPECIES_FAMILY_GENUS_READY","GENUS_FAMILY_IN_LCVP_SYNTHETIC_NOT_DIRECT",,FALSE,TRUE
355849,"Protea repens","Protea","Protea|27",27,"True","Protea repens","species","Protea","Proteaceae","True","True","True","True","I_NATURALIST_RANKED_ANCESTORS","EXACT_SPECIES_FAMILY_GENUS_READY","EXACT_SPECIES_TIP_IN_LCVP_BACKBONE","Protea_repens",TRUE,FALSE
358048,"Hydrangea scandens","Hydrangea","Hydrangea|141",141,"True","Hydrangea scandens","species","Hydrangea","Hydrangeaceae","True","True","True","True","I_NATURALIST_RANKED_ANCESTORS","EXACT_SPECIES_FAMILY_GENUS_READY","EXACT_SPECIES_TIP_IN_LCVP_BACKBONE","Hydrangea_scandens",TRUE,FALSE
359565,"Draba arctica","Draba","Draba|151",151,"False","Draba arctica","species","Draba","Brassicaceae","True","True","True","True","I_NATURALIST_RANKED_ANCESTORS","EXACT_SPECIES_FAMILY_GENUS_READY","GENUS_FAMILY_IN_LCVP_SYNTHETIC_NOT_DIRECT",,FALSE,TRUE
360091,"Lobelia cordifolia","Lobelia","Lobelia|93",93,"False","Lobelia cordifolia","species","Lobelia","Campanulaceae","True","True","True","True","I_NATURALIST_RANKED_ANCESTORS","EXACT_SPECIES_FAMILY_GENUS_READY","EXACT_SPECIES_TIP_IN_LCVP_BACKBONE","Lobelia_cordifolia",TRUE,FALSE
362550,"Androsace obtusifolia","Androsace","Androsace|135",135,"True","Androsace obtusifolia","species","Androsace","Primulaceae","True","True","True","True","I_NATURALIST_RANKED_ANCESTORS","EXACT_SPECIES_FAMILY_GENUS_READY","EXACT_SPECIES_TIP_IN_LCVP_BACKBONE","Androsace_obtusifolia",TRUE,FALSE
362586,"Androsace vitaliana","Androsace","Androsace|134",134,"False","Androsace vitaliana","species","Androsace","Primulaceae","True","True","True","True","I_NATURALIST_RANKED_ANCESTORS","EXACT_SPECIES_FAMILY_GENUS_READY","EXACT_SPECIES_TIP_GENUS_FAMILY_TAXONOMIC_CONFLICT",,FALSE,TRUE
363595,"Senecio angulatus","Senecio","Senecio|28",28,"False","Senecio angulatus","species","Senecio","Asteraceae","True","True","True","True","I_NATURALIST_RANKED_ANCESTORS","EXACT_SPECIES_FAMILY_GENUS_READY","EXACT_SPECIES_TIP_IN_LCVP_BACKBONE","Senecio_angulatus",TRUE,FALSE
363811,"Diuris longifolia","Diuris","Diuris|32",32,"True","Diuris longifolia","species","Diuris","Orchidaceae","True","True","True","True","I_NATURALIST_RANKED_ANCESTORS","EXACT_SPECIES_FAMILY_GENUS_READY","GENUS_FAMILY_IN_LCVP_SYNTHETIC_NOT_DIRECT",,FALSE,TRUE
366712,"Pittosporum anomalum","Pittosporum","Pittosporum|35",35,"False","Pittosporum anomalum","species","Pittosporum","Pittosporaceae","True","True","True","True","I_NATURALIST_RANKED_ANCESTORS","EXACT_SPECIES_FAMILY_GENUS_READY","GENUS_FAMILY_IN_LCVP_SYNTHETIC_NOT_DIRECT",,FALSE,TRUE
367272,"Leucocoryne ixioides","Leucocoryne","Leucocoryne|41",41,"False","Leucocoryne ixioides","species","Leucocoryne","Amaryllidaceae","True","True","True","True","I_NATURALIST_RANKED_ANCESTORS","EXACT_SPECIES_FAMILY_GENUS_READY","EXACT_SPECIES_TIP_IN_LCVP_BACKBONE","Leucocoryne_ixioides",TRUE,FALSE
367718,"Gladiolus cardinalis","Gladiolus","Gladiolus|27",27,"True","Gladiolus cardinalis","species","Gladiolus","Iridaceae","True","True","True","True","I_NATURALIST_RANKED_ANCESTORS","EXACT_SPECIES_FAMILY_GENUS_READY","GENUS_FAMILY_IN_LCVP_SYNTHETIC_NOT_DIRECT",,FALSE,TRUE
369514,"Acacia simsii","Acacia","Acacia|70",70,"False","Acacia simsii","species","Acacia","Fabaceae","True","True","True","True","I_NATURALIST_RANKED_ANCESTORS","EXACT_SPECIES_FAMILY_GENUS_READY","EXACT_SPECIES_TIP_IN_LCVP_BACKBONE","Acacia_simsii",TRUE,FALSE
369907,"Melicope elleryana","Melicope","Melicope|70",70,"True","Melicope elleryana","species","Melicope","Rutaceae","True","True","True","True","I_NATURALIST_RANKED_ANCESTORS","EXACT_SPECIES_FAMILY_GENUS_READY","EXACT_SPECIES_TIP_IN_LCVP_BACKBONE","Melicope_elleryana",TRUE,FALSE
369918,"Persicaria dichotoma","Persicaria","Persicaria|123",123,"True","Persicaria dichotoma","species","Persicaria","Polygonaceae","True","True","True","True","I_NATURALIST_RANKED_ANCESTORS","EXACT_SPECIES_FAMILY_GENUS_READY","GENUS_FAMILY_IN_LCVP_SYNTHETIC_NOT_DIRECT",,FALSE,TRUE
369993,"Acacia umbellata","Acacia","Acacia|70",70,"False","Acacia umbellata","species","Acacia","Fabaceae","True","True","True","True","I_NATURALIST_RANKED_ANCESTORS","EXACT_SPECIES_FAMILY_GENUS_READY","EXACT_SPECIES_TIP_IN_LCVP_BACKBONE","Acacia_umbellata",TRUE,FALSE
370453,"Melicope vitiflora","Melicope","Melicope|70",70,"True","Melicope vitiflora","species","Melicope","Rutaceae","True","True","True","True","I_NATURALIST_RANKED_ANCESTORS","EXACT_SPECIES_FAMILY_GENUS_READY","EXACT_SPECIES_TIP_IN_LCVP_BACKBONE","Melicope_vitiflora",TRUE,FALSE
370606,"Pimelea latifolia","Pimelea","Pimelea|70",70,"True","Pimelea latifolia","species","Pimelea","Thymelaeaceae","True","True","True","True","I_NATURALIST_RANKED_ANCESTORS","EXACT_SPECIES_FAMILY_GENUS_READY","GENUS_FAMILY_IN_LCVP_SYNTHETIC_NOT_DIRECT",,FALSE,TRUE
372163,"Eupatorium chinense","Eupatorium","Eupatorium|123",123,"False","Eupatorium chinense","species","Eupatorium","Asteraceae","True","True","True","True","I_NATURALIST_RANKED_ANCESTORS","EXACT_SPECIES_FAMILY_GENUS_READY","EXACT_SPECIES_TIP_IN_LCVP_BACKBONE","Eupatorium_chinense",TRUE,FALSE
380834,"Helichrysum depressum","Helichrysum","Helichrysum|35",35,"True","Helichrysum depressum","species","Helichrysum","Asteraceae","True","True","True","True","I_NATURALIST_RANKED_ANCESTORS","EXACT_SPECIES_FAMILY_GENUS_READY","GENUS_FAMILY_IN_LCVP_SYNTHETIC_NOT_DIRECT",,FALSE,TRUE
380978,"Senecio crassiflorus","Senecio","Senecio|24",24,"False","Senecio crassiflorus","species","Senecio","Asteraceae","True","True","True","True","I_NATURALIST_RANKED_ANCESTORS","EXACT_SPECIES_FAMILY_GENUS_READY","GENUS_FAMILY_IN_LCVP_SYNTHETIC_NOT_DIRECT",,FALSE,TRUE
401777,"Euphrasia cockayneana","Euphrasia","Euphrasia|35",35,"False","Euphrasia cockayneana","species","Euphrasia","Orobanchaceae","True","True","True","True","I_NATURALIST_RANKED_ANCESTORS","EXACT_SPECIES_FAMILY_GENUS_READY","GENUS_FAMILY_IN_LCVP_SYNTHETIC_NOT_DIRECT",,FALSE,TRUE
401796,"Euphrasia wettsteiniana","Euphrasia","Euphrasia|35",35,"False","Euphrasia wettsteiniana","species","Euphrasia","Orobanchaceae","True","True","True","True","I_NATURALIST_RANKED_ANCESTORS","EXACT_SPECIES_FAMILY_GENUS_READY","GENUS_FAMILY_IN_LCVP_SYNTHETIC_NOT_DIRECT",,FALSE,TRUE
401803,"Euphrasia laingii","Euphrasia","Euphrasia|35",35,"False","Euphrasia laingii","species","Euphrasia","Orobanchaceae","True","True","True","True","I_NATURALIST_RANKED_ANCESTORS","EXACT_SPECIES_FAMILY_GENUS_READY","GENUS_FAMILY_IN_LCVP_SYNTHETIC_NOT_DIRECT",,FALSE,TRUE
401812,"Euphrasia townsonii","Euphrasia","Euphrasia|35",35,"False","Euphrasia townsonii","species","Euphrasia","Orobanchaceae","True","True","True","True","I_NATURALIST_RANKED_ANCESTORS","EXACT_SPECIES_FAMILY_GENUS_READY","GENUS_FAMILY_IN_LCVP_SYNTHETIC_NOT_DIRECT",,FALSE,TRUE
401813,"Euphrasia monroi","Euphrasia","Euphrasia|35",35,"False","Euphrasia monroi","species","Euphrasia","Orobanchaceae","True","True","True","True","I_NATURALIST_RANKED_ANCESTORS","EXACT_SPECIES_FAMILY_GENUS_READY","GENUS_FAMILY_IN_LCVP_SYNTHETIC_NOT_DIRECT",,FALSE,TRUE
402569,"Hydrocotyle elongata","Hydrocotyle","Hydrocotyle|35",35,"True","Hydrocotyle elongata","species","Hydrocotyle","Araliaceae","True","True","True","True","I_NATURALIST_RANKED_ANCESTORS","EXACT_SPECIES_FAMILY_GENUS_READY","GENUS_FAMILY_IN_LCVP_SYNTHETIC_NOT_DIRECT",,FALSE,TRUE
402583,"Hydrocotyle novae-zeelandiae","Hydrocotyle","Hydrocotyle|35",35,"True","Hydrocotyle novae-zeelandiae","species","Hydrocotyle","Araliaceae","True","True","True","True","I_NATURALIST_RANKED_ANCESTORS","EXACT_SPECIES_FAMILY_GENUS_READY","EXACT_SPECIES_TIP_IN_LCVP_BACKBONE","Hydrocotyle_novae-zeelandiae",TRUE,FALSE
402592,"Hydrocotyle sulcata","Hydrocotyle","Hydrocotyle|35",35,"True","Hydrocotyle sulcata","species","Hydrocotyle","Araliaceae","True","True","True","True","I_NATURALIST_RANKED_ANCESTORS","EXACT_SPECIES_FAMILY_GENUS_READY","GENUS_FAMILY_IN_LCVP_SYNTHETIC_NOT_DIRECT",,FALSE,TRUE
402603,"Hydrocotyle tripartita","Hydrocotyle","Hydrocotyle|52",52,"True","Hydrocotyle tripartita","species","Hydrocotyle","Araliaceae","True","True","True","True","I_NATURALIST_RANKED_ANCESTORS","EXACT_SPECIES_FAMILY_GENUS_READY","GENUS_FAMILY_IN_LCVP_SYNTHETIC_NOT_DIRECT",,FALSE,TRUE
402918,"Kelleria childii","Kelleria","Kelleria|35",35,"False","Kelleria childii","species","Kelleria","Thymelaeaceae","True","True","True","True","I_NATURALIST_RANKED_ANCESTORS","EXACT_SPECIES_FAMILY_GENUS_READY","GENUS_FAMILY_IN_LCVP_SYNTHETIC_NOT_DIRECT",,FALSE,TRUE
402922,"Kelleria dieffenbachii","Kelleria","Kelleria|35",35,"False","Kelleria dieffenbachii","species","Kelleria","Thymelaeaceae","True","True","True","True","I_NATURALIST_RANKED_ANCESTORS","EXACT_SPECIES_FAMILY_GENUS_READY","EXACT_SPECIES_TIP_IN_LCVP_BACKBONE","Kelleria_dieffenbachii",TRUE,FALSE
402924,"Kelleria multiflora","Kelleria","Kelleria|35",35,"False","Kelleria multiflora","species","Kelleria","Thymelaeaceae","True","True","True","True","I_NATURALIST_RANKED_ANCESTORS","EXACT_SPECIES_FAMILY_GENUS_READY","GENUS_FAMILY_IN_LCVP_SYNTHETIC_NOT_DIRECT",,FALSE,TRUE
402978,"Lampranthus glaucus","Lampranthus","Lampranthus|45",45,"True","Lampranthus glaucus","species","Lampranthus","Aizoaceae","True","True","True","True","I_NATURALIST_RANKED_ANCESTORS","EXACT_SPECIES_FAMILY_GENUS_READY","EXACT_SPECIES_TIP_IN_LCVP_BACKBONE","Lampranthus_glaucus",TRUE,FALSE
403364,"Leptinella pectinata","Leptinella","Leptinella|35",35,"False","Leptinella pectinata","species","Leptinella","Asteraceae","True","True","True","True","I_NATURALIST_RANKED_ANCESTORS","EXACT_SPECIES_FAMILY_GENUS_READY","GENUS_FAMILY_IN_LCVP_SYNTHETIC_NOT_DIRECT",,FALSE,TRUE
403372,"Leptinella minor","Leptinella","Leptinella|35",35,"False","Leptinella minor","species","Leptinella","Asteraceae","True","True","True","True","I_NATURALIST_RANKED_ANCESTORS","EXACT_SPECIES_FAMILY_GENUS_READY","GENUS_FAMILY_IN_LCVP_SYNTHETIC_NOT_DIRECT",,FALSE,TRUE
404430,"Oxalis polyphylla","Oxalis","Oxalis|27",27,"True","Oxalis polyphylla","species","Oxalis","Oxalidaceae","True","True","True","True","I_NATURALIST_RANKED_ANCESTORS","EXACT_SPECIES_FAMILY_GENUS_READY","GENUS_FAMILY_IN_LCVP_SYNTHETIC_NOT_DIRECT",,FALSE,TRUE
404911,"Pittosporum colensoi","Pittosporum","Pittosporum|35",35,"False","Pittosporum colensoi","species","Pittosporum","Pittosporaceae","True","True","True","True","I_NATURALIST_RANKED_ANCESTORS","EXACT_SPECIES_FAMILY_GENUS_READY","EXACT_SPECIES_TIP_IN_LCVP_BACKBONE","Pittosporum_colensoi",TRUE,FALSE
404917,"Pittosporum dallii","Pittosporum","Pittosporum|35",35,"False","Pittosporum dallii","species","Pittosporum","Pittosporaceae","True","True","True","True","I_NATURALIST_RANKED_ANCESTORS","EXACT_SPECIES_FAMILY_GENUS_READY","EXACT_SPECIES_TIP_IN_LCVP_BACKBONE","Pittosporum_dallii",TRUE,FALSE
404922,"Pittosporum rigidum","Pittosporum","Pittosporum|35",35,"False","Pittosporum rigidum","species","Pittosporum","Pittosporaceae","True","True","True","True","I_NATURALIST_RANKED_ANCESTORS","EXACT_SPECIES_FAMILY_GENUS_READY","EXACT_SPECIES_TIP_IN_LCVP_BACKBONE","Pittosporum_rigidum",TRUE,FALSE
405065,"Podalyria sericea","Podalyria","Podalyria|45",45,"True","Podalyria sericea","species","Podalyria","Fabaceae","True","True","True","True","I_NATURALIST_RANKED_ANCESTORS","EXACT_SPECIES_FAMILY_GENUS_READY","GENUS_FAMILY_IN_LCVP_SYNTHETIC_NOT_DIRECT",,FALSE,TRUE
407635,"Helichrysum parvifolium","Helichrysum","Helichrysum|35",35,"True","Helichrysum parvifolium","species","Helichrysum","Asteraceae","True","True","True","True","I_NATURALIST_RANKED_ANCESTORS","EXACT_SPECIES_FAMILY_GENUS_READY","GENUS_FAMILY_IN_LCVP_SYNTHETIC_NOT_DIRECT",,FALSE,TRUE
409238,"Leptinella pyrethrifolia","Leptinella","Leptinella|35",35,"False","Leptinella pyrethrifolia","species","Leptinella","Asteraceae","True","True","True","True","I_NATURALIST_RANKED_ANCESTORS","EXACT_SPECIES_FAMILY_GENUS_READY","GENUS_FAMILY_IN_LCVP_SYNTHETIC_NOT_DIRECT",,FALSE,TRUE
410876,"Phylica pubescens","Phylica","Phylica|27",27,"True","Phylica pubescens","species","Phylica","Rhamnaceae","True","True","True","True","I_NATURALIST_RANKED_ANCESTORS","EXACT_SPECIES_FAMILY_GENUS_READY","EXACT_SPECIES_TIP_IN_LCVP_BACKBONE","Phylica_pubescens",TRUE,FALSE
411078,"Daphne bholua","Daphne","Daphne|121",121,"False","Daphne bholua","species","Daphne","Thymelaeaceae","True","True","True","True","I_NATURALIST_RANKED_ANCESTORS","EXACT_SPECIES_FAMILY_GENUS_READY","GENUS_FAMILY_IN_LCVP_SYNTHETIC_NOT_DIRECT",,FALSE,TRUE
416522,"Petrophile divaricata","Petrophile","Petrophile|32",32,"False","Petrophile divaricata","species","Petrophile","Proteaceae","True","True","True","True","I_NATURALIST_RANKED_ANCESTORS","EXACT_SPECIES_FAMILY_GENUS_READY","GENUS_FAMILY_IN_LCVP_SYNTHETIC_NOT_DIRECT",,FALSE,TRUE
416527,"Rhododendron dilatatum","Rhododendron","Rhododendron|141",141,"False","Rhododendron dilatatum","species","Rhododendron","Ericaceae","True","True","True","True","I_NATURALIST_RANKED_ANCESTORS","EXACT_SPECIES_FAMILY_GENUS_READY","EXACT_SPECIES_TIP_IN_LCVP_BACKBONE","Rhododendron_dilatatum",TRUE,FALSE
416532,"Banksia coccinea","Banksia","Banksia|33",33,"True","Banksia coccinea","species","Banksia","Proteaceae","True","True","True","True","I_NATURALIST_RANKED_ANCESTORS","EXACT_SPECIES_FAMILY_GENUS_READY","EXACT_SPECIES_TIP_IN_LCVP_BACKBONE","Banksia_coccinea",TRUE,FALSE
416629,"Nicotiana otophora","Nicotiana","Nicotiana|59",59,"False","Nicotiana otophora","species","Nicotiana","Solanaceae","True","True","True","True","I_NATURALIST_RANKED_ANCESTORS","EXACT_SPECIES_FAMILY_GENUS_READY","EXACT_SPECIES_TIP_IN_LCVP_BACKBONE","Nicotiana_otophora",TRUE,FALSE
416788,"Caladenia polychroma","Caladenia","Caladenia|32",32,"False","Caladenia polychroma","species","Caladenia","Orchidaceae","True","True","True","True","I_NATURALIST_RANKED_ANCESTORS","EXACT_SPECIES_FAMILY_GENUS_READY","EXACT_SPECIES_TIP_IN_LCVP_BACKBONE","Caladenia_polychroma",TRUE,FALSE
417779,"Dillwynia tenuifolia","Dillwynia","Dillwynia|52",52,"False","Dillwynia tenuifolia","species","Dillwynia","Fabaceae","True","True","True","True","I_NATURALIST_RANKED_ANCESTORS","EXACT_SPECIES_FAMILY_GENUS_READY","FAMILY_VERIFIED_GENUS_ABSENT_FROM_LCVP",,FALSE,TRUE
417793,"Dillwynia sieberi","Dillwynia","Dillwynia|52",52,"False","Dillwynia sieberi","species","Dillwynia","Fabaceae","True","True","True","True","I_NATURALIST_RANKED_ANCESTORS","EXACT_SPECIES_FAMILY_GENUS_READY","FAMILY_VERIFIED_GENUS_ABSENT_FROM_LCVP",,FALSE,TRUE
418450,"Felicia tenella","Felicia","Felicia|45",45,"False","Felicia tenella","species","Felicia","Asteraceae","True","True","True","True","I_NATURALIST_RANKED_ANCESTORS","EXACT_SPECIES_FAMILY_GENUS_READY","EXACT_SPECIES_TIP_IN_LCVP_BACKBONE","Felicia_tenella",TRUE,FALSE
418548,"Gazania leiopoda","Gazania","Gazania|45",45,"False","Gazania leiopoda","species","Gazania","Asteraceae","True","True","True","True","I_NATURALIST_RANKED_ANCESTORS","EXACT_SPECIES_FAMILY_GENUS_READY","EXACT_SPECIES_TIP_IN_LCVP_BACKBONE","Gazania_leiopoda",TRUE,FALSE
418553,"Oxalis tomentosa","Oxalis","Oxalis|27",27,"True","Oxalis tomentosa","species","Oxalis","Oxalidaceae","True","True","True","True","I_NATURALIST_RANKED_ANCESTORS","EXACT_SPECIES_FAMILY_GENUS_READY","GENUS_FAMILY_IN_LCVP_SYNTHETIC_NOT_DIRECT",,FALSE,TRUE
418573,"Romulea sabulosa","Romulea","Romulea|45",45,"False","Romulea sabulosa","species","Romulea","Iridaceae","True","True","True","True","I_NATURALIST_RANKED_ANCESTORS","EXACT_SPECIES_FAMILY_GENUS_READY","GENUS_FAMILY_IN_LCVP_SYNTHETIC_NOT_DIRECT",,FALSE,TRUE
418613,"Gladiolus scullyi","Gladiolus","Gladiolus|45",45,"False","Gladiolus scullyi","species","Gladiolus","Iridaceae","True","True","True","True","I_NATURALIST_RANKED_ANCESTORS","EXACT_SPECIES_FAMILY_GENUS_READY","EXACT_SPECIES_TIP_IN_LCVP_BACKBONE","Gladiolus_scullyi",TRUE,FALSE
418700,"Leucospermum reflexum","Leucospermum","Leucospermum|45",45,"True","Leucospermum reflexum","species","Leucospermum","Proteaceae","True","True","True","True","I_NATURALIST_RANKED_ANCESTORS","EXACT_SPECIES_FAMILY_GENUS_READY","EXACT_SPECIES_TIP_IN_LCVP_BACKBONE","Leucospermum_reflexum",TRUE,FALSE
421590,"Scaevola calendulacea","Scaevola","Scaevola|52",52,"False","Scaevola calendulacea","species","Scaevola","Goodeniaceae","True","True","True","True","I_NATURALIST_RANKED_ANCESTORS","EXACT_SPECIES_FAMILY_GENUS_READY","EXACT_SPECIES_TIP_IN_LCVP_BACKBONE","Scaevola_calendulacea",TRUE,FALSE
424094,"Senecio bonariensis","Senecio","Senecio|24",24,"False","Senecio bonariensis","species","Senecio","Asteraceae","True","True","True","True","I_NATURALIST_RANKED_ANCESTORS","EXACT_SPECIES_FAMILY_GENUS_READY","EXACT_SPECIES_TIP_IN_LCVP_BACKBONE","Senecio_bonariensis",TRUE,FALSE
424659,"Conostylis candicans","Conostylis","Conostylis|50",50,"False","Conostylis candicans","species","Conostylis","Haemodoraceae","True","True","True","True","I_NATURALIST_RANKED_ANCESTORS","EXACT_SPECIES_FAMILY_GENUS_READY","EXACT_SPECIES_TIP_IN_LCVP_BACKBONE","Conostylis_candicans",TRUE,FALSE
424920,"Viola mandshurica","Viola","Viola|123",123,"True","Viola mandshurica","species","Viola","Violaceae","True","True","True","True","I_NATURALIST_RANKED_ANCESTORS","EXACT_SPECIES_FAMILY_GENUS_READY","EXACT_SPECIES_TIP_IN_LCVP_BACKBONE","Viola_mandshurica",TRUE,FALSE
425533,"Burmannia coelestis","Burmannia","Burmannia|104",104,"False","Burmannia coelestis","species","Burmannia","Burmanniaceae","True","True","True","True","I_NATURALIST_RANKED_ANCESTORS","EXACT_SPECIES_FAMILY_GENUS_READY","EXACT_SPECIES_TIP_IN_LCVP_BACKBONE","Burmannia_coelestis",TRUE,FALSE
426047,"Rhododendron ericoides","Rhododendron","Rhododendron|86",86,"True","Rhododendron ericoides","species","Rhododendron","Ericaceae","True","True","True","True","I_NATURALIST_RANKED_ANCESTORS","EXACT_SPECIES_FAMILY_GENUS_READY","EXACT_SPECIES_TIP_IN_LCVP_BACKBONE","Rhododendron_ericoides",TRUE,FALSE
426196,"Leucadendron pubescens","Leucadendron","Leucadendron|45",45,"True","Leucadendron pubescens","species","Leucadendron","Proteaceae","True","True","True","True","I_NATURALIST_RANKED_ANCESTORS","EXACT_SPECIES_FAMILY_GENUS_READY","EXACT_SPECIES_TIP_IN_LCVP_BACKBONE","Leucadendron_pubescens",TRUE,FALSE
426201,"Leucadendron rubrum","Leucadendron","Leucadendron|45",45,"True","Leucadendron rubrum","species","Leucadendron","Proteaceae","True","True","True","True","I_NATURALIST_RANKED_ANCESTORS","EXACT_SPECIES_FAMILY_GENUS_READY","EXACT_SPECIES_TIP_IN_LCVP_BACKBONE","Leucadendron_rubrum",TRUE,FALSE
426219,"Helichrysum teretifolium","Helichrysum","Helichrysum|28",28,"False","Helichrysum teretifolium","species","Helichrysum","Asteraceae","True","True","True","True","I_NATURALIST_RANKED_ANCESTORS","EXACT_SPECIES_FAMILY_GENUS_READY","GENUS_FAMILY_IN_LCVP_SYNTHETIC_NOT_DIRECT",,FALSE,TRUE
427009,"Leptospermum liversidgei","Leptospermum","Leptospermum|52",52,"False","Leptospermum liversidgei","species","Leptospermum","Myrtaceae","True","True","True","True","I_NATURALIST_RANKED_ANCESTORS","EXACT_SPECIES_FAMILY_GENUS_READY","EXACT_SPECIES_TIP_IN_LCVP_BACKBONE","Leptospermum_liversidgei",TRUE,FALSE
429510,"Grevillea fasciculata","Grevillea","Grevillea|32",32,"False","Grevillea fasciculata","species","Grevillea","Proteaceae","True","True","True","True","I_NATURALIST_RANKED_ANCESTORS","EXACT_SPECIES_FAMILY_GENUS_READY","GENUS_FAMILY_IN_LCVP_SYNTHETIC_NOT_DIRECT",,FALSE,TRUE
430456,"Chresta speciosa","Chresta","Chresta|60",60,"True","Chresta speciosa","species","Chresta","Asteraceae","True","True","True","True","I_NATURALIST_RANKED_ANCESTORS","EXACT_SPECIES_FAMILY_GENUS_READY","EXACT_SPECIES_TIP_IN_LCVP_BACKBONE","Chresta_speciosa",TRUE,FALSE
430752,"Brunia noduliflora","Brunia","Brunia|28",28,"False","Brunia noduliflora","species","Brunia","Bruniaceae","True","True","True","True","I_NATURALIST_RANKED_ANCESTORS","EXACT_SPECIES_FAMILY_GENUS_READY","EXACT_SPECIES_TIP_IN_LCVP_BACKBONE","Brunia_noduliflora",TRUE,FALSE
430980,"Erica chloroloma","Erica","Erica|28",28,"False","Erica chloroloma","species","Erica","Ericaceae","True","True","True","True","I_NATURALIST_RANKED_ANCESTORS","EXACT_SPECIES_FAMILY_GENUS_READY","EXACT_SPECIES_TIP_IN_LCVP_BACKBONE","Erica_chloroloma",TRUE,FALSE
431586,"Salvia lanceolata","Salvia","Salvia|45",45,"True","Salvia lanceolata","species","Salvia","Lamiaceae","True","True","True","True","I_NATURALIST_RANKED_ANCESTORS","EXACT_SPECIES_FAMILY_GENUS_READY","EXACT_SPECIES_TIP_IN_LCVP_BACKBONE","Salvia_lanceolata",TRUE,FALSE
431626,"Solanum bonariense","Solanum","Solanum|24",24,"False","Solanum bonariense","species","Solanum","Solanaceae","True","True","True","True","I_NATURALIST_RANKED_ANCESTORS","EXACT_SPECIES_FAMILY_GENUS_READY","EXACT_SPECIES_TIP_IN_LCVP_BACKBONE","Solanum_bonariense",TRUE,FALSE
436077,"Cyanotis axillaris","Cyanotis","Cyanotis|102",102,"False","Cyanotis axillaris","species","Cyanotis","Commelinaceae","True","True","True","True","I_NATURALIST_RANKED_ANCESTORS","EXACT_SPECIES_FAMILY_GENUS_READY","EXACT_SPECIES_TIP_IN_LCVP_BACKBONE","Cyanotis_axillaris",TRUE,FALSE
436080,"Cyanotis fasciculata","Cyanotis","Cyanotis|102",102,"False","Cyanotis fasciculata","species","Cyanotis","Commelinaceae","True","True","True","True","I_NATURALIST_RANKED_ANCESTORS","EXACT_SPECIES_FAMILY_GENUS_READY","GENUS_FAMILY_IN_LCVP_SYNTHETIC_NOT_DIRECT",,FALSE,TRUE
436132,"Cyperus sphaerospermus","Cyperus","Cyperus|46",46,"True","Cyperus sphaerospermus","species","Cyperus","Cyperaceae","True","True","True","True","I_NATURALIST_RANKED_ANCESTORS","EXACT_SPECIES_FAMILY_GENUS_READY","EXACT_SPECIES_TIP_IN_LCVP_BACKBONE","Cyperus_sphaerospermus",TRUE,FALSE
436300,"Eriocaulon cuspidatum","Eriocaulon","Eriocaulon|102",102,"True","Eriocaulon cuspidatum","species","Eriocaulon","Eriocaulaceae","True","True","True","True","I_NATURALIST_RANKED_ANCESTORS","EXACT_SPECIES_FAMILY_GENUS_READY","GENUS_FAMILY_IN_LCVP_SYNTHETIC_NOT_DIRECT",,FALSE,TRUE
436308,"Eriocaulon heterolepis","Eriocaulon","Eriocaulon|102",102,"True","Eriocaulon heterolepis","species","Eriocaulon","Eriocaulaceae","True","True","True","True","I_NATURALIST_RANKED_ANCESTORS","EXACT_SPECIES_FAMILY_GENUS_READY","GENUS_FAMILY_IN_LCVP_SYNTHETIC_NOT_DIRECT",,FALSE,TRUE
436339,"Eriocaulon sedgwickii","Eriocaulon","Eriocaulon|102",102,"True","Eriocaulon sedgwickii","species","Eriocaulon","Eriocaulaceae","True","True","True","True","I_NATURALIST_RANKED_ANCESTORS","EXACT_SPECIES_FAMILY_GENUS_READY","GENUS_FAMILY_IN_LCVP_SYNTHETIC_NOT_DIRECT",,FALSE,TRUE
437341,"Austrocylindropuntia shaferi","Austrocylindropuntia","Austrocylindropuntia|59",59,"False","Austrocylindropuntia shaferi","species","Austrocylindropuntia","Cactaceae","True","True","True","True","I_NATURALIST_RANKED_ANCESTORS","EXACT_SPECIES_FAMILY_GENUS_READY","EXACT_SPECIES_TIP_IN_LCVP_BACKBONE","Austrocylindropuntia_shaferi",TRUE,FALSE
437343,"Austrocylindropuntia vestita","Austrocylindropuntia","Austrocylindropuntia|59",59,"False","Austrocylindropuntia vestita","species","Austrocylindropuntia","Cactaceae","True","True","True","True","I_NATURALIST_RANKED_ANCESTORS","EXACT_SPECIES_FAMILY_GENUS_READY","EXACT_SPECIES_TIP_IN_LCVP_BACKBONE","Austrocylindropuntia_vestita",TRUE,FALSE
438437,"Cumulopuntia rossiana","Cumulopuntia","Cumulopuntia|41",41,"False","Cumulopuntia rossiana","species","Cumulopuntia","Cactaceae","True","True","True","True","I_NATURALIST_RANKED_ANCESTORS","EXACT_SPECIES_FAMILY_GENUS_READY","EXACT_SPECIES_TIP_IN_LCVP_BACKBONE","Cumulopuntia_rossiana",TRUE,FALSE
439821,"Lotus palustris","Lotus","Lotus|118",118,"False","Lotus palustris","species","Lotus","Fabaceae","True","True","True","True","I_NATURALIST_RANKED_ANCESTORS","EXACT_SPECIES_FAMILY_GENUS_READY","GENUS_FAMILY_IN_LCVP_SYNTHETIC_NOT_DIRECT",,FALSE,TRUE
444554,"Utricularia reticulata","Utricularia","Utricularia|102",102,"True","Utricularia reticulata","species","Utricularia","Lentibulariaceae","True","True","True","True","I_NATURALIST_RANKED_ANCESTORS","EXACT_SPECIES_FAMILY_GENUS_READY","GENUS_FAMILY_IN_LCVP_SYNTHETIC_NOT_DIRECT",,FALSE,TRUE
447656,"Aspalathus linearis","Aspalathus","Aspalathus|45",45,"True","Aspalathus linearis","species","Aspalathus","Fabaceae","True","True","True","True","I_NATURALIST_RANKED_ANCESTORS","EXACT_SPECIES_FAMILY_GENUS_READY","EXACT_SPECIES_TIP_IN_LCVP_BACKBONE","Aspalathus_linearis",TRUE,FALSE
448245,"Viola inconspicua","Viola","Viola|123",123,"True","Viola inconspicua","species","Viola","Violaceae","True","True","True","True","I_NATURALIST_RANKED_ANCESTORS","EXACT_SPECIES_FAMILY_GENUS_READY","EXACT_SPECIES_TIP_IN_LCVP_BACKBONE","Viola_inconspicua",TRUE,FALSE
450916,"Lathyrus pannonicus","Lathyrus","Lathyrus|157",157,"True","Lathyrus pannonicus","species","Lathyrus","Fabaceae","True","True","True","True","I_NATURALIST_RANKED_ANCESTORS","EXACT_SPECIES_FAMILY_GENUS_READY","EXACT_SPECIES_TIP_IN_LCVP_BACKBONE","Lathyrus_pannonicus",TRUE,FALSE
451999,"Cynorkis lowiana","Cynorkis","Cynorkis|65",65,"False","Cynorkis lowiana","species","Cynorkis","Orchidaceae","True","True","True","True","I_NATURALIST_RANKED_ANCESTORS","EXACT_SPECIES_FAMILY_GENUS_READY","FAMILY_VERIFIED_GENUS_ABSENT_FROM_LCVP",,FALSE,TRUE
452292,"Hydrangea involucrata","Hydrangea","Hydrangea|141",141,"True","Hydrangea involucrata","species","Hydrangea","Hydrangeaceae","True","True","True","True","I_NATURALIST_RANKED_ANCESTORS","EXACT_SPECIES_FAMILY_GENUS_READY","EXACT_SPECIES_TIP_IN_LCVP_BACKBONE","Hydrangea_involucrata",TRUE,FALSE
460162,"Leucospermum calligerum","Leucospermum","Leucospermum|27",27,"True","Leucospermum calligerum","species","Leucospermum","Proteaceae","True","True","True","True","I_NATURALIST_RANKED_ANCESTORS","EXACT_SPECIES_FAMILY_GENUS_READY","EXACT_SPECIES_TIP_IN_LCVP_BACKBONE","Leucospermum_calligerum",TRUE,FALSE
460168,"Leucospermum truncatum","Leucospermum","Leucospermum|27",27,"True","Leucospermum truncatum","species","Leucospermum","Proteaceae","True","True","True","True","I_NATURALIST_RANKED_ANCESTORS","EXACT_SPECIES_FAMILY_GENUS_READY","EXACT_SPECIES_TIP_IN_LCVP_BACKBONE","Leucospermum_truncatum",TRUE,FALSE
460478,"Erica perspicua","Erica","Erica|27",27,"True","Erica perspicua","species","Erica","Ericaceae","True","True","True","True","I_NATURALIST_RANKED_ANCESTORS","EXACT_SPECIES_FAMILY_GENUS_READY","EXACT_SPECIES_TIP_IN_LCVP_BACKBONE","Erica_perspicua",TRUE,FALSE
460482,"Erica pillansii","Erica","Erica|27",27,"True","Erica pillansii","species","Erica","Ericaceae","True","True","True","True","I_NATURALIST_RANKED_ANCESTORS","EXACT_SPECIES_FAMILY_GENUS_READY","EXACT_SPECIES_TIP_IN_LCVP_BACKBONE","Erica_pillansii",TRUE,FALSE
461684,"Corydalis pallida","Corydalis","Corydalis|123",123,"True","Corydalis pallida","species","Corydalis","Papaveraceae","True","True","True","True","I_NATURALIST_RANKED_ANCESTORS","EXACT_SPECIES_FAMILY_GENUS_READY","EXACT_SPECIES_TIP_IN_LCVP_BACKBONE","Corydalis_pallida",TRUE,FALSE
461857,"Centropogon costaricae","Centropogon","Centropogon|94",94,"False","Centropogon costaricae","species","Centropogon","Campanulaceae","True","True","True","True","I_NATURALIST_RANKED_ANCESTORS","EXACT_SPECIES_FAMILY_GENUS_READY","FAMILY_VERIFIED_GENUS_ABSENT_FROM_LCVP",,FALSE,TRUE
465912,"Melaleuca lanceolata","Melaleuca","Melaleuca|32",32,"False","Melaleuca lanceolata","species","Melaleuca","Myrtaceae","True","True","True","True","I_NATURALIST_RANKED_ANCESTORS","EXACT_SPECIES_FAMILY_GENUS_READY","GENUS_FAMILY_IN_LCVP_SYNTHETIC_NOT_DIRECT",,FALSE,TRUE
465914,"Olearia ramulosa","Olearia","Olearia|33",33,"True","Olearia ramulosa","species","Olearia","Asteraceae","True","True","True","True","I_NATURALIST_RANKED_ANCESTORS","EXACT_SPECIES_FAMILY_GENUS_READY","EXACT_SPECIES_TIP_IN_LCVP_BACKBONE","Olearia_ramulosa",TRUE,FALSE
465993,"Clusia palmicida","Clusia","Clusia|78",78,"True","Clusia palmicida","species","Clusia","Clusiaceae","True","True","True","True","I_NATURALIST_RANKED_ANCESTORS","EXACT_SPECIES_FAMILY_GENUS_READY","EXACT_SPECIES_TIP_IN_LCVP_BACKBONE","Clusia_palmicida",TRUE,FALSE
466411,"Anthurium clavigerum","Anthurium","Anthurium|95",95,"True","Anthurium clavigerum","species","Anthurium","Araceae","True","True","True","True","I_NATURALIST_RANKED_ANCESTORS","EXACT_SPECIES_FAMILY_GENUS_READY","EXACT_SPECIES_TIP_IN_LCVP_BACKBONE","Anthurium_clavigerum",TRUE,FALSE
466485,"Salvia clinopodioides","Salvia","Salvia|93",93,"False","Salvia clinopodioides","species","Salvia","Lamiaceae","True","True","True","True","I_NATURALIST_RANKED_ANCESTORS","EXACT_SPECIES_FAMILY_GENUS_READY","EXACT_SPECIES_TIP_IN_LCVP_BACKBONE","Salvia_clinopodioides",TRUE,FALSE
467308,"Pericallis steetzii","Pericallis","Pericallis|116",116,"True","Pericallis steetzii","species","Pericallis","Asteraceae","True","True","True","True","I_NATURALIST_RANKED_ANCESTORS","EXACT_SPECIES_FAMILY_GENUS_READY","EXACT_SPECIES_TIP_IN_LCVP_BACKBONE","Pericallis_steetzii",TRUE,FALSE
467317,"Pericallis papyracea","Pericallis","Pericallis|116",116,"True","Pericallis papyracea","species","Pericallis","Asteraceae","True","True","True","True","I_NATURALIST_RANKED_ANCESTORS","EXACT_SPECIES_FAMILY_GENUS_READY","EXACT_SPECIES_TIP_IN_LCVP_BACKBONE","Pericallis_papyracea",TRUE,FALSE
467636,"Salvia uruapana","Salvia","Salvia|93",93,"False","Salvia uruapana","species","Salvia","Lamiaceae","True","True","True","True","I_NATURALIST_RANKED_ANCESTORS","EXACT_SPECIES_FAMILY_GENUS_READY","GENUS_FAMILY_IN_LCVP_SYNTHETIC_NOT_DIRECT",,FALSE,TRUE
469621,"Cyrtanthus breviflorus","Cyrtanthus","Cyrtanthus|46",46,"False","Cyrtanthus breviflorus","species","Cyrtanthus","Amaryllidaceae","True","True","True","True","I_NATURALIST_RANKED_ANCESTORS","EXACT_SPECIES_FAMILY_GENUS_READY","GENUS_FAMILY_IN_LCVP_SYNTHETIC_NOT_DIRECT",,FALSE,TRUE
470089,"Bossiaea stephensonii","Bossiaea","Bossiaea|52",52,"False","Bossiaea stephensonii","species","Bossiaea","Fabaceae","True","True","True","True","I_NATURALIST_RANKED_ANCESTORS","EXACT_SPECIES_FAMILY_GENUS_READY","GENUS_FAMILY_IN_LCVP_SYNTHETIC_NOT_DIRECT",,FALSE,TRUE
470408,"Phylica ericoides","Phylica","Phylica|27",27,"True","Phylica ericoides","species","Phylica","Rhamnaceae","True","True","True","True","I_NATURALIST_RANKED_ANCESTORS","EXACT_SPECIES_FAMILY_GENUS_READY","EXACT_SPECIES_TIP_IN_LCVP_BACKBONE","Phylica_ericoides",TRUE,FALSE
471897,"Diuris laxiflora","Diuris","Diuris|32",32,"True","Diuris laxiflora","species","Diuris","Orchidaceae","True","True","True","True","I_NATURALIST_RANKED_ANCESTORS","EXACT_SPECIES_FAMILY_GENUS_READY","GENUS_FAMILY_IN_LCVP_SYNTHETIC_NOT_DIRECT",,FALSE,TRUE
472317,"Helichrysum melaleucum","Helichrysum","Helichrysum|116",116,"True","Helichrysum melaleucum","species","Helichrysum","Asteraceae","True","True","True","True","I_NATURALIST_RANKED_ANCESTORS","EXACT_SPECIES_FAMILY_GENUS_READY","GENUS_FAMILY_IN_LCVP_SYNTHETIC_NOT_DIRECT",,FALSE,TRUE
472816,"Solanum tomentosum","Solanum","Solanum|45",45,"False","Solanum tomentosum","species","Solanum","Solanaceae","True","True","True","True","I_NATURALIST_RANKED_ANCESTORS","EXACT_SPECIES_FAMILY_GENUS_READY","EXACT_SPECIES_TIP_IN_LCVP_BACKBONE","Solanum_tomentosum",TRUE,FALSE
473139,"Psychotria parkeri","Psychotria","Psychotria|65",65,"True","Psychotria parkeri","species","Psychotria","Rubiaceae","True","True","True","True","I_NATURALIST_RANKED_ANCESTORS","EXACT_SPECIES_FAMILY_GENUS_READY","EXACT_SPECIES_TIP_IN_LCVP_BACKBONE","Psychotria_parkeri",TRUE,FALSE
473147,"Psychotria imerinensis","Psychotria","Psychotria|65",65,"True","Psychotria imerinensis","species","Psychotria","Rubiaceae","True","True","True","True","I_NATURALIST_RANKED_ANCESTORS","EXACT_SPECIES_FAMILY_GENUS_READY","GENUS_FAMILY_IN_LCVP_SYNTHETIC_NOT_DIRECT",,FALSE,TRUE
473149,"Psychotria bullulata","Psychotria","Psychotria|65",65,"True","Psychotria bullulata","species","Psychotria","Rubiaceae","True","True","True","True","I_NATURALIST_RANKED_ANCESTORS","EXACT_SPECIES_FAMILY_GENUS_READY","GENUS_FAMILY_IN_LCVP_SYNTHETIC_NOT_DIRECT",,FALSE,TRUE
473152,"Psychotria andevorantensis","Psychotria","Psychotria|65",65,"True","Psychotria andevorantensis","species","Psychotria","Rubiaceae","True","True","True","True","I_NATURALIST_RANKED_ANCESTORS","EXACT_SPECIES_FAMILY_GENUS_READY","EXACT_SPECIES_TIP_IN_LCVP_BACKBONE","Psychotria_andevorantensis",TRUE,FALSE
473623,"Pogostemon purpurascens","Pogostemon","Pogostemon|102",102,"True","Pogostemon purpurascens","species","Pogostemon","Lamiaceae","True","True","True","True","I_NATURALIST_RANKED_ANCESTORS","EXACT_SPECIES_FAMILY_GENUS_READY","GENUS_FAMILY_IN_LCVP_SYNTHETIC_NOT_DIRECT",,FALSE,TRUE
475003,"Disa cylindrica","Disa","Disa|27",27,"True","Disa cylindrica","species","Disa","Orchidaceae","True","True","True","True","I_NATURALIST_RANKED_ANCESTORS","EXACT_SPECIES_FAMILY_GENUS_READY","EXACT_SPECIES_TIP_IN_LCVP_BACKBONE","Disa_cylindrica",TRUE,FALSE
475490,"Viola maculata","Viola","Viola|5",5,"False","Viola maculata","species","Viola","Violaceae","True","True","True","True","I_NATURALIST_RANKED_ANCESTORS","EXACT_SPECIES_FAMILY_GENUS_READY","EXACT_SPECIES_TIP_IN_LCVP_BACKBONE","Viola_maculata",TRUE,FALSE
482356,"Helichrysum obconicum","Helichrysum","Helichrysum|116",116,"True","Helichrysum obconicum","species","Helichrysum","Asteraceae","True","True","True","True","I_NATURALIST_RANKED_ANCESTORS","EXACT_SPECIES_FAMILY_GENUS_READY","GENUS_FAMILY_IN_LCVP_SYNTHETIC_NOT_DIRECT",,FALSE,TRUE
482842,"Ipomoea aristolochiifolia","Ipomoea","Ipomoea|61",61,"False","Ipomoea aristolochiifolia","species","Ipomoea","Convolvulaceae","True","True","True","True","I_NATURALIST_RANKED_ANCESTORS","EXACT_SPECIES_FAMILY_GENUS_READY","GENUS_FAMILY_IN_LCVP_SYNTHETIC_NOT_DIRECT",,FALSE,TRUE
485873,"Echium angustifolium","Echium","Echium|118",118,"True","Echium angustifolium","species","Echium","Boraginaceae","True","True","True","True","I_NATURALIST_RANKED_ANCESTORS","EXACT_SPECIES_FAMILY_GENUS_READY","GENUS_FAMILY_IN_LCVP_SYNTHETIC_NOT_DIRECT",,FALSE,TRUE
487707,"Turnera melochioides","Turnera","Turnera|61",61,"False","Turnera melochioides","species","Turnera","Passifloraceae","True","True","True","True","I_NATURALIST_RANKED_ANCESTORS","EXACT_SPECIES_FAMILY_GENUS_READY","EXACT_SPECIES_TIP_IN_LCVP_BACKBONE","Turnera_melochioides",TRUE,FALSE
488825,"Melicope rubra","Melicope","Melicope|70",70,"True","Melicope rubra","species","Melicope","Rutaceae","True","True","True","True","I_NATURALIST_RANKED_ANCESTORS","EXACT_SPECIES_FAMILY_GENUS_READY","EXACT_SPECIES_TIP_IN_LCVP_BACKBONE","Melicope_rubra",TRUE,FALSE
489414,"Heliotropium lasiocarpum","Heliotropium","Heliotropium|119",119,"True","Heliotropium lasiocarpum","species","Heliotropium","Boraginaceae","True","True","True","True","I_NATURALIST_RANKED_ANCESTORS","EXACT_SPECIES_FAMILY_GENUS_READY","EXACT_SPECIES_TIP_IN_LCVP_BACKBONE","Heliotropium_lasiocarpum",TRUE,FALSE
489457,"Veronica syriaca","Veronica","Veronica|118",118,"True","Veronica syriaca","species","Veronica","Plantaginaceae","True","True","True","True","I_NATURALIST_RANKED_ANCESTORS","EXACT_SPECIES_FAMILY_GENUS_READY","EXACT_SPECIES_TIP_IN_LCVP_BACKBONE","Veronica_syriaca",TRUE,FALSE
489726,"Erodium acaule","Erodium","Erodium|118",118,"True","Erodium acaule","species","Erodium","Geraniaceae","True","True","True","True","I_NATURALIST_RANKED_ANCESTORS","EXACT_SPECIES_FAMILY_GENUS_READY","EXACT_SPECIES_TIP_IN_LCVP_BACKBONE","Erodium_acaule",TRUE,FALSE
489788,"Salvia hierosolymitana","Salvia","Salvia|118",118,"False","Salvia hierosolymitana","species","Salvia","Lamiaceae","True","True","True","True","I_NATURALIST_RANKED_ANCESTORS","EXACT_SPECIES_FAMILY_GENUS_READY","GENUS_FAMILY_IN_LCVP_SYNTHETIC_NOT_DIRECT",,FALSE,TRUE
490034,"Tribulus pentandrus","Tribulus","Tribulus|119",119,"True","Tribulus pentandrus","species","Tribulus","Zygophyllaceae","True","True","True","True","I_NATURALIST_RANKED_ANCESTORS","EXACT_SPECIES_FAMILY_GENUS_READY","GENUS_FAMILY_IN_LCVP_SYNTHETIC_NOT_DIRECT",,FALSE,TRUE
490212,"Sannantha pinifolia","Sannantha","Sannantha|53",53,"False","Sannantha pinifolia","species","Sannantha","Myrtaceae","True","True","True","True","I_NATURALIST_RANKED_ANCESTORS","EXACT_SPECIES_FAMILY_GENUS_READY","GENUS_FAMILY_IN_LCVP_SYNTHETIC_NOT_DIRECT",,FALSE,TRUE
490494,"Limonium pectinatum","Limonium","Limonium|116",116,"False","Limonium pectinatum","species","Limonium","Plumbaginaceae","True","True","True","True","I_NATURALIST_RANKED_ANCESTORS","EXACT_SPECIES_FAMILY_GENUS_READY","GENUS_FAMILY_IN_LCVP_SYNTHETIC_NOT_DIRECT",,FALSE,TRUE
490847,"Salvia fruticosa","Salvia","Salvia|118",118,"False","Salvia fruticosa","species","Salvia","Lamiaceae","True","True","True","True","I_NATURALIST_RANKED_ANCESTORS","EXACT_SPECIES_FAMILY_GENUS_READY","EXACT_SPECIES_TIP_IN_LCVP_BACKBONE","Salvia_fruticosa",TRUE,FALSE
492107,"Trifolium clypeatum","Trifolium","Trifolium|118",118,"True","Trifolium clypeatum","species","Trifolium","Fabaceae","True","True","True","True","I_NATURALIST_RANKED_ANCESTORS","EXACT_SPECIES_FAMILY_GENUS_READY","EXACT_SPECIES_TIP_IN_LCVP_BACKBONE","Trifolium_clypeatum",TRUE,FALSE
492121,"Euphorbia hierosolymitana","Euphorbia","Euphorbia|118",118,"True","Euphorbia hierosolymitana","species","Euphorbia","Euphorbiaceae","True","True","True","True","I_NATURALIST_RANKED_ANCESTORS","EXACT_SPECIES_FAMILY_GENUS_READY","EXACT_SPECIES_TIP_IN_LCVP_BACKBONE","Euphorbia_hierosolymitana",TRUE,FALSE
492815,"Convolvulus pentapetaloides","Convolvulus","Convolvulus|118",118,"True","Convolvulus pentapetaloides","species","Convolvulus","Convolvulaceae","True","True","True","True","I_NATURALIST_RANKED_ANCESTORS","EXACT_SPECIES_FAMILY_GENUS_READY","GENUS_FAMILY_IN_LCVP_SYNTHETIC_NOT_DIRECT",,FALSE,TRUE
492838,"Echium judaeum","Echium","Echium|118",118,"True","Echium judaeum","species","Echium","Boraginaceae","True","True","True","True","I_NATURALIST_RANKED_ANCESTORS","EXACT_SPECIES_FAMILY_GENUS_READY","GENUS_FAMILY_IN_LCVP_SYNTHETIC_NOT_DIRECT",,FALSE,TRUE
492839,"Echium glomeratum","Echium","Echium|118",118,"True","Echium glomeratum","species","Echium","Boraginaceae","True","True","True","True","I_NATURALIST_RANKED_ANCESTORS","EXACT_SPECIES_FAMILY_GENUS_READY","GENUS_FAMILY_IN_LCVP_SYNTHETIC_NOT_DIRECT",,FALSE,TRUE
492910,"Lotus peregrinus","Lotus","Lotus|118",118,"False","Lotus peregrinus","species","Lotus","Fabaceae","True","True","True","True","I_NATURALIST_RANKED_ANCESTORS","EXACT_SPECIES_FAMILY_GENUS_READY","GENUS_FAMILY_IN_LCVP_SYNTHETIC_NOT_DIRECT",,FALSE,TRUE
493068,"Trifolium eriosphaerum","Trifolium","Trifolium|118",118,"True","Trifolium eriosphaerum","species","Trifolium","Fabaceae","True","True","True","True","I_NATURALIST_RANKED_ANCESTORS","EXACT_SPECIES_FAMILY_GENUS_READY","GENUS_FAMILY_IN_LCVP_SYNTHETIC_NOT_DIRECT",,FALSE,TRUE
493072,"Trifolium pilulare","Trifolium","Trifolium|118",118,"True","Trifolium pilulare","species","Trifolium","Fabaceae","True","True","True","True","I_NATURALIST_RANKED_ANCESTORS","EXACT_SPECIES_FAMILY_GENUS_READY","GENUS_FAMILY_IN_LCVP_SYNTHETIC_NOT_DIRECT",,FALSE,TRUE
493074,"Trigonella hierosolymitana","Trigonella","Trigonella|118",118,"True","Trigonella hierosolymitana","species","Trigonella","Fabaceae","True","True","True","True","I_NATURALIST_RANKED_ANCESTORS","EXACT_SPECIES_FAMILY_GENUS_READY","GENUS_FAMILY_IN_LCVP_SYNTHETIC_NOT_DIRECT",,FALSE,TRUE
493084,"Verbascum caesareum","Verbascum","Verbascum|118",118,"False","Verbascum caesareum","species","Verbascum","Scrophulariaceae","True","True","True","True","I_NATURALIST_RANKED_ANCESTORS","EXACT_SPECIES_FAMILY_GENUS_READY","GENUS_FAMILY_IN_LCVP_SYNTHETIC_NOT_DIRECT",,FALSE,TRUE
493489,"Searsia laevigata","Searsia","Searsia|28",28,"False","Searsia laevigata","species","Searsia","Anacardiaceae","True","True","True","True","I_NATURALIST_RANKED_ANCESTORS","EXACT_SPECIES_FAMILY_GENUS_READY","GENUS_FAMILY_IN_LCVP_SYNTHETIC_NOT_DIRECT",,FALSE,TRUE
494579,"Astragalus laxmannii","Astragalus","Astragalus|140",140,"True","Astragalus laxmannii","species","Astragalus","Fabaceae","True","True","True","True","I_NATURALIST_RANKED_ANCESTORS","EXACT_SPECIES_FAMILY_GENUS_READY","EXACT_SPECIES_TIP_IN_LCVP_BACKBONE","Astragalus_laxmannii",TRUE,FALSE
495944,"Lathyrus hierosolymitanus","Lathyrus","Lathyrus|118",118,"True","Lathyrus hierosolymitanus","species","Lathyrus","Fabaceae","True","True","True","True","I_NATURALIST_RANKED_ANCESTORS","EXACT_SPECIES_FAMILY_GENUS_READY","GENUS_FAMILY_IN_LCVP_SYNTHETIC_NOT_DIRECT",,FALSE,TRUE
495952,"Erodium crassifolium","Erodium","Erodium|118",118,"True","Erodium crassifolium","species","Erodium","Geraniaceae","True","True","True","True","I_NATURALIST_RANKED_ANCESTORS","EXACT_SPECIES_FAMILY_GENUS_READY","EXACT_SPECIES_TIP_IN_LCVP_BACKBONE","Erodium_crassifolium",TRUE,FALSE
495970,"Trigonella stellata","Trigonella","Trigonella|118",118,"True","Trigonella stellata","species","Trigonella","Fabaceae","True","True","True","True","I_NATURALIST_RANKED_ANCESTORS","EXACT_SPECIES_FAMILY_GENUS_READY","EXACT_SPECIES_TIP_IN_LCVP_BACKBONE","Trigonella_stellata",TRUE,FALSE
496016,"Trigonella arabica","Trigonella","Trigonella|118",118,"True","Trigonella arabica","species","Trigonella","Fabaceae","True","True","True","True","I_NATURALIST_RANKED_ANCESTORS","EXACT_SPECIES_FAMILY_GENUS_READY","EXACT_SPECIES_TIP_IN_LCVP_BACKBONE","Trigonella_arabica",TRUE,FALSE
496023,"Lotus lanuginosus","Lotus","Lotus|118",118,"False","Lotus lanuginosus","species","Lotus","Fabaceae","True","True","True","True","I_NATURALIST_RANKED_ANCESTORS","EXACT_SPECIES_FAMILY_GENUS_READY","GENUS_FAMILY_IN_LCVP_SYNTHETIC_NOT_DIRECT",,FALSE,TRUE
496059,"Astragalus aleppicus","Astragalus","Astragalus|118",118,"True","Astragalus aleppicus","species","Astragalus","Fabaceae","True","True","True","True","I_NATURALIST_RANKED_ANCESTORS","EXACT_SPECIES_FAMILY_GENUS_READY","GENUS_FAMILY_IN_LCVP_SYNTHETIC_NOT_DIRECT",,FALSE,TRUE
497820,"Andryala laxiflora","Andryala","Andryala|116",116,"False","Andryala laxiflora","species","Andryala","Asteraceae","True","True","True","True","I_NATURALIST_RANKED_ANCESTORS","EXACT_SPECIES_FAMILY_GENUS_READY","EXACT_SPECIES_TIP_IN_LCVP_BACKBONE","Andryala_laxiflora",TRUE,FALSE
498223,"Cynorkis ampullacea","Cynorkis","Cynorkis|65",65,"False","Cynorkis ampullacea","species","Cynorkis","Orchidaceae","True","True","True","True","I_NATURALIST_RANKED_ANCESTORS","EXACT_SPECIES_FAMILY_GENUS_READY","FAMILY_VERIFIED_GENUS_ABSENT_FROM_LCVP",,FALSE,TRUE
498745,"Verbascum gaillardotii","Verbascum","Verbascum|118",118,"False","Verbascum gaillardotii","species","Verbascum","Scrophulariaceae","True","True","True","True","I_NATURALIST_RANKED_ANCESTORS","EXACT_SPECIES_FAMILY_GENUS_READY","GENUS_FAMILY_IN_LCVP_SYNTHETIC_NOT_DIRECT",,FALSE,TRUE
499344,"Rhododendron brachycarpum","Rhododendron","Rhododendron|141",141,"False","Rhododendron brachycarpum","species","Rhododendron","Ericaceae","True","True","True","True","I_NATURALIST_RANKED_ANCESTORS","EXACT_SPECIES_FAMILY_GENUS_READY","EXACT_SPECIES_TIP_IN_LCVP_BACKBONE","Rhododendron_brachycarpum",TRUE,FALSE
501400,"Androsace alpina","Androsace","Androsace|135",135,"True","Androsace alpina","species","Androsace","Primulaceae","True","True","True","True","I_NATURALIST_RANKED_ANCESTORS","EXACT_SPECIES_FAMILY_GENUS_READY","EXACT_SPECIES_TIP_IN_LCVP_BACKBONE","Androsace_alpina",TRUE,FALSE
503253,"Orobanche lutea","Orobanche","Orobanche|137",137,"True","Orobanche lutea","species","Orobanche","Orobanchaceae","True","True","True","True","I_NATURALIST_RANKED_ANCESTORS","EXACT_SPECIES_FAMILY_GENUS_READY","GENUS_FAMILY_IN_LCVP_SYNTHETIC_NOT_DIRECT",,FALSE,TRUE
505800,"Asparagus lignosus","Asparagus","Asparagus|27",27,"True","Asparagus lignosus","species","Asparagus","Asparagaceae","True","True","True","True","I_NATURALIST_RANKED_ANCESTORS","EXACT_SPECIES_FAMILY_GENUS_READY","EXACT_SPECIES_TIP_IN_LCVP_BACKBONE","Asparagus_lignosus",TRUE,FALSE
506940,"Spermacoce stachydea","Spermacoce","Spermacoce|99",99,"True","Spermacoce stachydea","species","Spermacoce","Rubiaceae","True","True","True","True","I_NATURALIST_RANKED_ANCESTORS","EXACT_SPECIES_FAMILY_GENUS_READY","GENUS_FAMILY_IN_LCVP_SYNTHETIC_NOT_DIRECT",,FALSE,TRUE
506942,"Spermacoce radiata","Spermacoce","Spermacoce|99",99,"True","Spermacoce radiata","species","Spermacoce","Rubiaceae","True","True","True","True","I_NATURALIST_RANKED_ANCESTORS","EXACT_SPECIES_FAMILY_GENUS_READY","GENUS_FAMILY_IN_LCVP_SYNTHETIC_NOT_DIRECT",,FALSE,TRUE
506945,"Spermacoce filifolia","Spermacoce","Spermacoce|99",99,"True","Spermacoce filifolia","species","Spermacoce","Rubiaceae","True","True","True","True","I_NATURALIST_RANKED_ANCESTORS","EXACT_SPECIES_FAMILY_GENUS_READY","GENUS_FAMILY_IN_LCVP_SYNTHETIC_NOT_DIRECT",,FALSE,TRUE
507753,"Anemone biflora","Anemone","Anemone|138",138,"False","Anemone biflora","species","Anemone","Ranunculaceae","True","True","True","True","I_NATURALIST_RANKED_ANCESTORS","EXACT_SPECIES_FAMILY_GENUS_READY","GENUS_FAMILY_IN_LCVP_SYNTHETIC_NOT_DIRECT",,FALSE,TRUE
507768,"Cyperus erectus","Cyperus","Cyperus|46",46,"True","Cyperus erectus","species","Cyperus","Cyperaceae","True","True","True","True","I_NATURALIST_RANKED_ANCESTORS","EXACT_SPECIES_FAMILY_GENUS_READY","GENUS_FAMILY_IN_LCVP_SYNTHETIC_NOT_DIRECT",,FALSE,TRUE
508360,"Utricularia tenella","Utricularia","Utricularia|32",32,"True","Utricularia tenella","species","Utricularia","Lentibulariaceae","True","True","True","True","I_NATURALIST_RANKED_ANCESTORS","EXACT_SPECIES_FAMILY_GENUS_READY","GENUS_FAMILY_IN_LCVP_SYNTHETIC_NOT_DIRECT",,FALSE,TRUE
509797,"Diuris punctata","Diuris","Diuris|34",34,"False","Diuris punctata","species","Diuris","Orchidaceae","True","True","True","True","I_NATURALIST_RANKED_ANCESTORS","EXACT_SPECIES_FAMILY_GENUS_READY","GENUS_FAMILY_IN_LCVP_SYNTHETIC_NOT_DIRECT",,FALSE,TRUE
511213,"Trachymene coerulea","Trachymene","Trachymene|50",50,"False","Trachymene coerulea","species","Trachymene","Araliaceae","True","True","True","True","I_NATURALIST_RANKED_ANCESTORS","EXACT_SPECIES_FAMILY_GENUS_READY","GENUS_FAMILY_IN_LCVP_SYNTHETIC_NOT_DIRECT",,FALSE,TRUE
511217,"Thysanotus arenarius","Thysanotus","Thysanotus|32",32,"False","Thysanotus arenarius","species","Thysanotus","Asparagaceae","True","True","True","True","I_NATURALIST_RANKED_ANCESTORS","EXACT_SPECIES_FAMILY_GENUS_READY","GENUS_FAMILY_IN_LCVP_SYNTHETIC_NOT_DIRECT",,FALSE,TRUE
511233,"Thysanotus sparteus","Thysanotus","Thysanotus|32",32,"False","Thysanotus sparteus","species","Thysanotus","Asparagaceae","True","True","True","True","I_NATURALIST_RANKED_ANCESTORS","EXACT_SPECIES_FAMILY_GENUS_READY","GENUS_FAMILY_IN_LCVP_SYNTHETIC_NOT_DIRECT",,FALSE,TRUE
511323,"Drosera pallida","Drosera","Drosera|32",32,"True","Drosera pallida","species","Drosera","Droseraceae","True","True","True","True","I_NATURALIST_RANKED_ANCESTORS","EXACT_SPECIES_FAMILY_GENUS_READY","GENUS_FAMILY_IN_LCVP_SYNTHETIC_NOT_DIRECT",,FALSE,TRUE
511884,"Pedicularis anthemifolia","Pedicularis","Pedicularis|139",139,"False","Pedicularis anthemifolia","species","Pedicularis","Orobanchaceae","True","True","True","True","I_NATURALIST_RANKED_ANCESTORS","EXACT_SPECIES_FAMILY_GENUS_READY","EXACT_SPECIES_TIP_IN_LCVP_BACKBONE","Pedicularis_anthemifolia",TRUE,FALSE
511932,"Pedicularis compacta","Pedicularis","Pedicularis|139",139,"False","Pedicularis compacta","species","Pedicularis","Orobanchaceae","True","True","True","True","I_NATURALIST_RANKED_ANCESTORS","EXACT_SPECIES_FAMILY_GENUS_READY","GENUS_FAMILY_IN_LCVP_SYNTHETIC_NOT_DIRECT",,FALSE,TRUE
512222,"Verbascum xanthophoeniceum","Verbascum","Verbascum|136",136,"False","Verbascum xanthophoeniceum","species","Verbascum","Scrophulariaceae","True","True","True","True","I_NATURALIST_RANKED_ANCESTORS","EXACT_SPECIES_FAMILY_GENUS_READY","GENUS_FAMILY_IN_LCVP_SYNTHETIC_NOT_DIRECT",,FALSE,TRUE
512299,"Verbascum euboicum","Verbascum","Verbascum|136",136,"False","Verbascum euboicum","species","Verbascum","Scrophulariaceae","True","True","True","True","I_NATURALIST_RANKED_ANCESTORS","EXACT_SPECIES_FAMILY_GENUS_READY","GENUS_FAMILY_IN_LCVP_SYNTHETIC_NOT_DIRECT",,FALSE,TRUE
512309,"Verbascum lasianthum","Verbascum","Verbascum|136",136,"False","Verbascum lasianthum","species","Verbascum","Scrophulariaceae","True","True","True","True","I_NATURALIST_RANKED_ANCESTORS","EXACT_SPECIES_FAMILY_GENUS_READY","GENUS_FAMILY_IN_LCVP_SYNTHETIC_NOT_DIRECT",,FALSE,TRUE
512310,"Verbascum undulatum","Verbascum","Verbascum|136",136,"False","Verbascum undulatum","species","Verbascum","Scrophulariaceae","True","True","True","True","I_NATURALIST_RANKED_ANCESTORS","EXACT_SPECIES_FAMILY_GENUS_READY","GENUS_FAMILY_IN_LCVP_SYNTHETIC_NOT_DIRECT",,FALSE,TRUE
512313,"Verbascum pinnatifidum","Verbascum","Verbascum|136",136,"False","Verbascum pinnatifidum","species","Verbascum","Scrophulariaceae","True","True","True","True","I_NATURALIST_RANKED_ANCESTORS","EXACT_SPECIES_FAMILY_GENUS_READY","GENUS_FAMILY_IN_LCVP_SYNTHETIC_NOT_DIRECT",,FALSE,TRUE
514694,"Trifolium boissieri","Trifolium","Trifolium|118",118,"True","Trifolium boissieri","species","Trifolium","Fabaceae","True","True","True","True","I_NATURALIST_RANKED_ANCESTORS","EXACT_SPECIES_FAMILY_GENUS_READY","EXACT_SPECIES_TIP_IN_LCVP_BACKBONE","Trifolium_boissieri",TRUE,FALSE
516250,"Caladenia pusilla","Caladenia","Caladenia|33",33,"True","Caladenia pusilla","species","Caladenia","Orchidaceae","True","True","True","True","I_NATURALIST_RANKED_ANCESTORS","EXACT_SPECIES_FAMILY_GENUS_READY","GENUS_FAMILY_IN_LCVP_SYNTHETIC_NOT_DIRECT",,FALSE,TRUE
516278,"Jamesbrittenia glutinosa","Jamesbrittenia","Jamesbrittenia|45",45,"False","Jamesbrittenia glutinosa","species","Jamesbrittenia","Scrophulariaceae","True","True","True","True","I_NATURALIST_RANKED_ANCESTORS","EXACT_SPECIES_FAMILY_GENUS_READY","GENUS_FAMILY_IN_LCVP_SYNTHETIC_NOT_DIRECT",,FALSE,TRUE
518258,"Drymonia conchocalyx","Drymonia","Drymonia|94",94,"True","Drymonia conchocalyx","species","Drymonia","Gesneriaceae","True","True","True","True","I_NATURALIST_RANKED_ANCESTORS","EXACT_SPECIES_FAMILY_GENUS_READY","GENUS_FAMILY_IN_LCVP_SYNTHETIC_NOT_DIRECT",,FALSE,TRUE
518357,"Banksia prionotes","Banksia","Banksia|50",50,"False","Banksia prionotes","species","Banksia","Proteaceae","True","True","True","True","I_NATURALIST_RANKED_ANCESTORS","EXACT_SPECIES_FAMILY_GENUS_READY","EXACT_SPECIES_TIP_IN_LCVP_BACKBONE","Banksia_prionotes",TRUE,FALSE
520037,"Centaurea pubescens","Centaurea","Centaurea|116",116,"False","Centaurea pubescens","species","Centaurea","Asteraceae","True","True","True","True","I_NATURALIST_RANKED_ANCESTORS","EXACT_SPECIES_FAMILY_GENUS_READY","EXACT_SPECIES_TIP_IN_LCVP_BACKBONE","Centaurea_pubescens",TRUE,FALSE
520339,"Dillwynia phylicoides","Dillwynia","Dillwynia|52",52,"False","Dillwynia phylicoides","species","Dillwynia","Fabaceae","True","True","True","True","I_NATURALIST_RANKED_ANCESTORS","EXACT_SPECIES_FAMILY_GENUS_READY","FAMILY_VERIFIED_GENUS_ABSENT_FROM_LCVP",,FALSE,TRUE
521000,"Leucadendron xanthoconus","Leucadendron","Leucadendron|27",27,"True","Leucadendron xanthoconus","species","Leucadendron","Proteaceae","True","True","True","True","I_NATURALIST_RANKED_ANCESTORS","EXACT_SPECIES_FAMILY_GENUS_READY","EXACT_SPECIES_TIP_IN_LCVP_BACKBONE","Leucadendron_xanthoconus",TRUE,FALSE
521488,"Pelargonium papilionaceum","Pelargonium","Pelargonium|28",28,"False","Pelargonium papilionaceum","species","Pelargonium","Geraniaceae","True","True","True","True","I_NATURALIST_RANKED_ANCESTORS","EXACT_SPECIES_FAMILY_GENUS_READY","EXACT_SPECIES_TIP_IN_LCVP_BACKBONE","Pelargonium_papilionaceum",TRUE,FALSE
522101,"Ornithogalum dubium","Ornithogalum","Ornithogalum|28",28,"True","Ornithogalum dubium","species","Ornithogalum","Asparagaceae","True","True","True","True","I_NATURALIST_RANKED_ANCESTORS","EXACT_SPECIES_FAMILY_GENUS_READY","GENUS_FAMILY_IN_LCVP_SYNTHETIC_NOT_DIRECT",,FALSE,TRUE
523978,"Rhododendron crassifolium","Rhododendron","Rhododendron|86",86,"True","Rhododendron crassifolium","species","Rhododendron","Ericaceae","True","True","True","True","I_NATURALIST_RANKED_ANCESTORS","EXACT_SPECIES_FAMILY_GENUS_READY","EXACT_SPECIES_TIP_IN_LCVP_BACKBONE","Rhododendron_crassifolium",TRUE,FALSE
524455,"Euryops tenuissimus","Euryops","Euryops|28",28,"False","Euryops tenuissimus","species","Euryops","Asteraceae","True","True","True","True","I_NATURALIST_RANKED_ANCESTORS","EXACT_SPECIES_FAMILY_GENUS_READY","EXACT_SPECIES_TIP_IN_LCVP_BACKBONE","Euryops_tenuissimus",TRUE,FALSE
524456,"Euryops rehmannii","Euryops","Euryops|28",28,"False","Euryops rehmannii","species","Euryops","Asteraceae","True","True","True","True","I_NATURALIST_RANKED_ANCESTORS","EXACT_SPECIES_FAMILY_GENUS_READY","GENUS_FAMILY_IN_LCVP_SYNTHETIC_NOT_DIRECT",,FALSE,TRUE
524508,"Oedera genistifolia","Oedera","Oedera|28",28,"True","Oedera genistifolia","species","Oedera","Asteraceae","True","True","True","True","I_NATURALIST_RANKED_ANCESTORS","EXACT_SPECIES_FAMILY_GENUS_READY","EXACT_SPECIES_TIP_IN_LCVP_BACKBONE","Oedera_genistifolia",TRUE,FALSE
524673,"Drosanthemum bicolor","Drosanthemum","Drosanthemum|28",28,"False","Drosanthemum bicolor","species","Drosanthemum","Aizoaceae","True","True","True","True","I_NATURALIST_RANKED_ANCESTORS","EXACT_SPECIES_FAMILY_GENUS_READY","GENUS_FAMILY_IN_LCVP_SYNTHETIC_NOT_DIRECT",,FALSE,TRUE
524689,"Crassula rubricaulis","Crassula","Crassula|28",28,"False","Crassula rubricaulis","species","Crassula","Crassulaceae","True","True","True","True","I_NATURALIST_RANKED_ANCESTORS","EXACT_SPECIES_FAMILY_GENUS_READY","GENUS_FAMILY_IN_LCVP_SYNTHETIC_NOT_DIRECT",,FALSE,TRUE
525123,"Pimelea lehmanniana","Pimelea","Pimelea|32",32,"False","Pimelea lehmanniana","species","Pimelea","Thymelaeaceae","True","True","True","True","I_NATURALIST_RANKED_ANCESTORS","EXACT_SPECIES_FAMILY_GENUS_READY","EXACT_SPECIES_TIP_IN_LCVP_BACKBONE","Pimelea_lehmanniana",TRUE,FALSE
525127,"Banksia media","Banksia","Banksia|33",33,"True","Banksia media","species","Banksia","Proteaceae","True","True","True","True","I_NATURALIST_RANKED_ANCESTORS","EXACT_SPECIES_FAMILY_GENUS_READY","EXACT_SPECIES_TIP_IN_LCVP_BACKBONE","Banksia_media",TRUE,FALSE
525347,"Jacksonia sternbergiana","Jacksonia","Jacksonia|50",50,"True","Jacksonia sternbergiana","species","Jacksonia","Fabaceae","True","True","True","True","I_NATURALIST_RANKED_ANCESTORS","EXACT_SPECIES_FAMILY_GENUS_READY","FAMILY_VERIFIED_GENUS_ABSENT_FROM_LCVP",,FALSE,TRUE
525356,"Adenanthos cuneatus","Adenanthos","Adenanthos|32",32,"True","Adenanthos cuneatus","species","Adenanthos","Proteaceae","True","True","True","True","I_NATURALIST_RANKED_ANCESTORS","EXACT_SPECIES_FAMILY_GENUS_READY","GENUS_FAMILY_IN_LCVP_SYNTHETIC_NOT_DIRECT",,FALSE,TRUE
525364,"Jacksonia spinosa","Jacksonia","Jacksonia|32",32,"True","Jacksonia spinosa","species","Jacksonia","Fabaceae","True","True","True","True","I_NATURALIST_RANKED_ANCESTORS","EXACT_SPECIES_FAMILY_GENUS_READY","FAMILY_VERIFIED_GENUS_ABSENT_FROM_LCVP",,FALSE,TRUE
525445,"Daviesia striata","Daviesia","Daviesia|32",32,"False","Daviesia striata","species","Daviesia","Fabaceae","True","True","True","True","I_NATURALIST_RANKED_ANCESTORS","EXACT_SPECIES_FAMILY_GENUS_READY","GENUS_FAMILY_IN_LCVP_SYNTHETIC_NOT_DIRECT",,FALSE,TRUE
526815,"Pediomelum tenuiflorum","Pediomelum","Pediomelum|112",112,"False","Pediomelum tenuiflorum","species","Pediomelum","Fabaceae","True","True","True","True","I_NATURALIST_RANKED_ANCESTORS","EXACT_SPECIES_FAMILY_GENUS_READY","EXACT_SPECIES_TIP_IN_LCVP_BACKBONE","Pediomelum_tenuiflorum",TRUE,FALSE
526999,"Kalanchoe rotundifolia","Kalanchoe","Kalanchoe|46",46,"True","Kalanchoe rotundifolia","species","Kalanchoe","Crassulaceae","True","True","True","True","I_NATURALIST_RANKED_ANCESTORS","EXACT_SPECIES_FAMILY_GENUS_READY","GENUS_FAMILY_IN_LCVP_SYNTHETIC_NOT_DIRECT",,FALSE,TRUE
527452,"Athanasia trifurcata","Athanasia","Athanasia|28",28,"True","Athanasia trifurcata","species","Athanasia","Asteraceae","True","True","True","True","I_NATURALIST_RANKED_ANCESTORS","EXACT_SPECIES_FAMILY_GENUS_READY","GENUS_FAMILY_IN_LCVP_SYNTHETIC_NOT_DIRECT",,FALSE,TRUE
527497,"Osteospermum subulatum","Osteospermum","Osteospermum|28",28,"False","Osteospermum subulatum","species","Osteospermum","Asteraceae","True","True","True","True","I_NATURALIST_RANKED_ANCESTORS","EXACT_SPECIES_FAMILY_GENUS_READY","EXACT_SPECIES_TIP_IN_LCVP_BACKBONE","Osteospermum_subulatum",TRUE,FALSE
527592,"Metalasia muricata","Metalasia","Metalasia|27",27,"True","Metalasia muricata","species","Metalasia","Asteraceae","True","True","True","True","I_NATURALIST_RANKED_ANCESTORS","EXACT_SPECIES_FAMILY_GENUS_READY","EXACT_SPECIES_TIP_IN_LCVP_BACKBONE","Metalasia_muricata",TRUE,FALSE
528595,"Pelargonium ovale","Pelargonium","Pelargonium|27",27,"True","Pelargonium ovale","species","Pelargonium","Geraniaceae","True","True","True","True","I_NATURALIST_RANKED_ANCESTORS","EXACT_SPECIES_FAMILY_GENUS_READY","EXACT_SPECIES_TIP_IN_LCVP_BACKBONE","Pelargonium_ovale",TRUE,FALSE
528599,"Oxalis depressa","Oxalis","Oxalis|27",27,"True","Oxalis depressa","species","Oxalis","Oxalidaceae","True","True","True","True","I_NATURALIST_RANKED_ANCESTORS","EXACT_SPECIES_FAMILY_GENUS_READY","GENUS_FAMILY_IN_LCVP_SYNTHETIC_NOT_DIRECT",,FALSE,TRUE
528611,"Gladiolus hirsutus","Gladiolus","Gladiolus|27",27,"True","Gladiolus hirsutus","species","Gladiolus","Iridaceae","True","True","True","True","I_NATURALIST_RANKED_ANCESTORS","EXACT_SPECIES_FAMILY_GENUS_READY","EXACT_SPECIES_TIP_IN_LCVP_BACKBONE","Gladiolus_hirsutus",TRUE,FALSE
531579,"Crassula cotyledonis","Crassula","Crassula|28",28,"False","Crassula cotyledonis","species","Crassula","Crassulaceae","True","True","True","True","I_NATURALIST_RANKED_ANCESTORS","EXACT_SPECIES_FAMILY_GENUS_READY","GENUS_FAMILY_IN_LCVP_SYNTHETIC_NOT_DIRECT",,FALSE,TRUE
532008,"Melaleuca pulchella","Melaleuca","Melaleuca|32",32,"False","Melaleuca pulchella","species","Melaleuca","Myrtaceae","True","True","True","True","I_NATURALIST_RANKED_ANCESTORS","EXACT_SPECIES_FAMILY_GENUS_READY","GENUS_FAMILY_IN_LCVP_SYNTHETIC_NOT_DIRECT",,FALSE,TRUE
532137,"Struthiola myrsinites","Struthiola","Struthiola|27",27,"True","Struthiola myrsinites","species","Struthiola","Thymelaeaceae","True","True","True","True","I_NATURALIST_RANKED_ANCESTORS","EXACT_SPECIES_FAMILY_GENUS_READY","GENUS_FAMILY_IN_LCVP_SYNTHETIC_NOT_DIRECT",,FALSE,TRUE
532694,"Grevillea nudiflora","Grevillea","Grevillea|32",32,"False","Grevillea nudiflora","species","Grevillea","Proteaceae","True","True","True","True","I_NATURALIST_RANKED_ANCESTORS","EXACT_SPECIES_FAMILY_GENUS_READY","GENUS_FAMILY_IN_LCVP_SYNTHETIC_NOT_DIRECT",,FALSE,TRUE
532778,"Cephalophyllum ebracteatum","Cephalophyllum","Cephalophyllum|45",45,"True","Cephalophyllum ebracteatum","species","Cephalophyllum","Aizoaceae","True","True","True","True","I_NATURALIST_RANKED_ANCESTORS","EXACT_SPECIES_FAMILY_GENUS_READY","EXACT_SPECIES_TIP_IN_LCVP_BACKBONE","Cephalophyllum_ebracteatum",TRUE,FALSE
533085,"Helichrysum indicum","Helichrysum","Helichrysum|27",27,"True","Helichrysum indicum","species","Helichrysum","Asteraceae","True","True","True","True","I_NATURALIST_RANKED_ANCESTORS","EXACT_SPECIES_FAMILY_GENUS_READY","EXACT_SPECIES_TIP_IN_LCVP_BACKBONE","Helichrysum_indicum",TRUE,FALSE
533400,"Kalanchoe thyrsiflora","Kalanchoe","Kalanchoe|46",46,"True","Kalanchoe thyrsiflora","species","Kalanchoe","Crassulaceae","True","True","True","True","I_NATURALIST_RANKED_ANCESTORS","EXACT_SPECIES_FAMILY_GENUS_READY","EXACT_SPECIES_TIP_IN_LCVP_BACKBONE","Kalanchoe_thyrsiflora",TRUE,FALSE
533454,"Cyclopia intermedia","Cyclopia","Cyclopia|28",28,"False","Cyclopia intermedia","species","Cyclopia","Fabaceae","True","True","True","True","I_NATURALIST_RANKED_ANCESTORS","EXACT_SPECIES_FAMILY_GENUS_READY","GENUS_FAMILY_IN_LCVP_SYNTHETIC_NOT_DIRECT",,FALSE,TRUE
534359,"Hydrocotyle pedicellosa","Hydrocotyle","Hydrocotyle|52",52,"True","Hydrocotyle pedicellosa","species","Hydrocotyle","Araliaceae","True","True","True","True","I_NATURALIST_RANKED_ANCESTORS","EXACT_SPECIES_FAMILY_GENUS_READY","EXACT_SPECIES_TIP_IN_LCVP_BACKBONE","Hydrocotyle_pedicellosa",TRUE,FALSE
537718,"Vellozia compacta","Vellozia","Vellozia|42",42,"False","Vellozia compacta","species","Vellozia","Velloziaceae","True","True","True","True","I_NATURALIST_RANKED_ANCESTORS","EXACT_SPECIES_FAMILY_GENUS_READY","EXACT_SPECIES_TIP_IN_LCVP_BACKBONE","Vellozia_compacta",TRUE,FALSE
537955,"Melicope pteleifolia","Melicope","Melicope|123",123,"True","Melicope pteleifolia","species","Melicope","Rutaceae","True","True","True","True","I_NATURALIST_RANKED_ANCESTORS","EXACT_SPECIES_FAMILY_GENUS_READY","EXACT_SPECIES_TIP_IN_LCVP_BACKBONE","Melicope_pteleifolia",TRUE,FALSE
538032,"Eucalyptus tindaliae","Eucalyptus","Eucalyptus|70",70,"True","Eucalyptus tindaliae","species","Eucalyptus","Myrtaceae","True","True","True","True","I_NATURALIST_RANKED_ANCESTORS","EXACT_SPECIES_FAMILY_GENUS_READY","EXACT_SPECIES_TIP_IN_LCVP_BACKBONE","Eucalyptus_tindaliae",TRUE,FALSE
538174,"Ranunculus cantoniensis","Ranunculus","Ranunculus|123",123,"True","Ranunculus cantoniensis","species","Ranunculus","Ranunculaceae","True","True","True","True","I_NATURALIST_RANKED_ANCESTORS","EXACT_SPECIES_FAMILY_GENUS_READY","EXACT_SPECIES_TIP_IN_LCVP_BACKBONE","Ranunculus_cantoniensis",TRUE,FALSE
538208,"Heliotropium digynum","Heliotropium","Heliotropium|119",119,"True","Heliotropium digynum","species","Heliotropium","Boraginaceae","True","True","True","True","I_NATURALIST_RANKED_ANCESTORS","EXACT_SPECIES_FAMILY_GENUS_READY","GENUS_FAMILY_IN_LCVP_SYNTHETIC_NOT_DIRECT",,FALSE,TRUE
538474,"Monochaetum myrtoideum","Monochaetum","Monochaetum|77",77,"False","Monochaetum myrtoideum","species","Monochaetum","Melastomataceae","True","True","True","True","I_NATURALIST_RANKED_ANCESTORS","EXACT_SPECIES_FAMILY_GENUS_READY","GENUS_FAMILY_IN_LCVP_SYNTHETIC_NOT_DIRECT",,FALSE,TRUE
541372,"Craspedia aurantia","Craspedia","Craspedia|34",34,"True","Craspedia aurantia","species","Craspedia","Asteraceae","True","True","True","True","I_NATURALIST_RANKED_ANCESTORS","EXACT_SPECIES_FAMILY_GENUS_READY","EXACT_SPECIES_TIP_IN_LCVP_BACKBONE","Craspedia_aurantia",TRUE,FALSE
541558,"Trifolium glanduliferum","Trifolium","Trifolium|118",118,"True","Trifolium glanduliferum","species","Trifolium","Fabaceae","True","True","True","True","I_NATURALIST_RANKED_ANCESTORS","EXACT_SPECIES_FAMILY_GENUS_READY","EXACT_SPECIES_TIP_IN_LCVP_BACKBONE","Trifolium_glanduliferum",TRUE,FALSE
542119,"Boronia heterophylla","Boronia","Boronia|32",32,"False","Boronia heterophylla","species","Boronia","Rutaceae","True","True","True","True","I_NATURALIST_RANKED_ANCESTORS","EXACT_SPECIES_FAMILY_GENUS_READY","EXACT_SPECIES_TIP_IN_LCVP_BACKBONE","Boronia_heterophylla",TRUE,FALSE
543460,"Ranunculus silerifolius","Ranunculus","Ranunculus|123",123,"True","Ranunculus silerifolius","species","Ranunculus","Ranunculaceae","True","True","True","True","I_NATURALIST_RANKED_ANCESTORS","EXACT_SPECIES_FAMILY_GENUS_READY","EXACT_SPECIES_TIP_IN_LCVP_BACKBONE","Ranunculus_silerifolius",TRUE,FALSE
543863,"Potentilla arenosa","Potentilla","Potentilla|149",149,"True","Potentilla arenosa","species","Potentilla","Rosaceae","True","True","True","True","I_NATURALIST_RANKED_ANCESTORS","EXACT_SPECIES_FAMILY_GENUS_READY","GENUS_FAMILY_IN_LCVP_SYNTHETIC_NOT_DIRECT",,FALSE,TRUE
544357,"Ziziphus xylopyrus","Ziziphus","Ziziphus|102",102,"True","Ziziphus xylopyrus","species","Ziziphus","Rhamnaceae","True","True","True","True","I_NATURALIST_RANKED_ANCESTORS","EXACT_SPECIES_FAMILY_GENUS_READY","GENUS_FAMILY_IN_LCVP_SYNTHETIC_NOT_DIRECT",,FALSE,TRUE
544439,"Viburnum foetidum","Viburnum","Viburnum|123",123,"True","Viburnum foetidum","species","Viburnum","Viburnaceae","True","True","True","True","I_NATURALIST_RANKED_ANCESTORS","EXACT_SPECIES_FAMILY_GENUS_READY","EXACT_SPECIES_TIP_GENUS_FAMILY_TAXONOMIC_CONFLICT",,FALSE,TRUE
544767,"Baccharis spicata","Baccharis","Baccharis|24",24,"False","Baccharis spicata","species","Baccharis","Asteraceae","True","True","True","True","I_NATURALIST_RANKED_ANCESTORS","EXACT_SPECIES_FAMILY_GENUS_READY","GENUS_FAMILY_IN_LCVP_SYNTHETIC_NOT_DIRECT",,FALSE,TRUE
545095,"Gompholobium tomentosum","Gompholobium","Gompholobium|32",32,"False","Gompholobium tomentosum","species","Gompholobium","Fabaceae","True","True","True","True","I_NATURALIST_RANKED_ANCESTORS","EXACT_SPECIES_FAMILY_GENUS_READY","GENUS_FAMILY_IN_LCVP_SYNTHETIC_NOT_DIRECT",,FALSE,TRUE
545386,"Caladenia reptans","Caladenia","Caladenia|32",32,"False","Caladenia reptans","species","Caladenia","Orchidaceae","True","True","True","True","I_NATURALIST_RANKED_ANCESTORS","EXACT_SPECIES_FAMILY_GENUS_READY","GENUS_FAMILY_IN_LCVP_SYNTHETIC_NOT_DIRECT",,FALSE,TRUE
545388,"Sphaerolobium macranthum","Sphaerolobium","Sphaerolobium|32",32,"True","Sphaerolobium macranthum","species","Sphaerolobium","Fabaceae","True","True","True","True","I_NATURALIST_RANKED_ANCESTORS","EXACT_SPECIES_FAMILY_GENUS_READY","FAMILY_VERIFIED_GENUS_ABSENT_FROM_LCVP",,FALSE,TRUE
545668,"Ageratina tinifolia","Ageratina","Ageratina|77",77,"True","Ageratina tinifolia","species","Ageratina","Asteraceae","True","True","True","True","I_NATURALIST_RANKED_ANCESTORS","EXACT_SPECIES_FAMILY_GENUS_READY","GENUS_FAMILY_IN_LCVP_SYNTHETIC_NOT_DIRECT",,FALSE,TRUE
545832,"Ageratina popayanensis","Ageratina","Ageratina|77",77,"True","Ageratina popayanensis","species","Ageratina","Asteraceae","True","True","True","True","I_NATURALIST_RANKED_ANCESTORS","EXACT_SPECIES_FAMILY_GENUS_READY","GENUS_FAMILY_IN_LCVP_SYNTHETIC_NOT_DIRECT",,FALSE,TRUE
546090,"Lomandra purpurea","Lomandra","Lomandra|32",32,"True","Lomandra purpurea","species","Lomandra","Asparagaceae","True","True","True","True","I_NATURALIST_RANKED_ANCESTORS","EXACT_SPECIES_FAMILY_GENUS_READY","GENUS_FAMILY_IN_LCVP_SYNTHETIC_NOT_DIRECT",,FALSE,TRUE
546416,"Struthiola dodecandra","Struthiola","Struthiola|27",27,"True","Struthiola dodecandra","species","Struthiola","Thymelaeaceae","True","True","True","True","I_NATURALIST_RANKED_ANCESTORS","EXACT_SPECIES_FAMILY_GENUS_READY","EXACT_SPECIES_TIP_IN_LCVP_BACKBONE","Struthiola_dodecandra",TRUE,FALSE
546605,"Leptosiphon melingii","Leptosiphon","Leptosiphon|111",111,"True","Leptosiphon melingii","species","Leptosiphon","Polemoniaceae","True","True","True","True","I_NATURALIST_RANKED_ANCESTORS","EXACT_SPECIES_FAMILY_GENUS_READY","EXACT_SPECIES_TIP_GENUS_FAMILY_TAXONOMIC_CONFLICT",,FALSE,TRUE
546661,"Euphorbia antilibanotica","Euphorbia","Euphorbia|118",118,"True","Euphorbia antilibanotica","species","Euphorbia","Euphorbiaceae","True","True","True","True","I_NATURALIST_RANKED_ANCESTORS","EXACT_SPECIES_FAMILY_GENUS_READY","GENUS_FAMILY_IN_LCVP_SYNTHETIC_NOT_DIRECT",,FALSE,TRUE
546751,"Dichaea pendula","Dichaea","Dichaea|78",78,"True","Dichaea pendula","species","Dichaea","Orchidaceae","True","True","True","True","I_NATURALIST_RANKED_ANCESTORS","EXACT_SPECIES_FAMILY_GENUS_READY","EXACT_SPECIES_TIP_IN_LCVP_BACKBONE","Dichaea_pendula",TRUE,FALSE
547505,"Drosera tubaestylis","Drosera","Drosera|32",32,"True","Drosera tubaestylis","species","Drosera","Droseraceae","True","True","True","True","I_NATURALIST_RANKED_ANCESTORS","EXACT_SPECIES_FAMILY_GENUS_READY","GENUS_FAMILY_IN_LCVP_SYNTHETIC_NOT_DIRECT",,FALSE,TRUE
548412,"Ranunculus graniticola","Ranunculus","Ranunculus|34",34,"True","Ranunculus graniticola","species","Ranunculus","Ranunculaceae","True","True","True","True","I_NATURALIST_RANKED_ANCESTORS","EXACT_SPECIES_FAMILY_GENUS_READY","EXACT_SPECIES_TIP_IN_LCVP_BACKBONE","Ranunculus_graniticola",TRUE,FALSE
548643,"Kalanchoe sexangularis","Kalanchoe","Kalanchoe|46",46,"True","Kalanchoe sexangularis","species","Kalanchoe","Crassulaceae","True","True","True","True","I_NATURALIST_RANKED_ANCESTORS","EXACT_SPECIES_FAMILY_GENUS_READY","GENUS_FAMILY_IN_LCVP_SYNTHETIC_NOT_DIRECT",,FALSE,TRUE
549179,"Noticastrum diffusum","Noticastrum","Noticastrum|24",24,"True","Noticastrum diffusum","species","Noticastrum","Asteraceae","True","True","True","True","I_NATURALIST_RANKED_ANCESTORS","EXACT_SPECIES_FAMILY_GENUS_READY","GENUS_FAMILY_IN_LCVP_SYNTHETIC_NOT_DIRECT",,FALSE,TRUE
549238,"Drosera tentaculata","Drosera","Drosera|60",60,"False","Drosera tentaculata","species","Drosera","Droseraceae","True","True","True","True","I_NATURALIST_RANKED_ANCESTORS","EXACT_SPECIES_FAMILY_GENUS_READY","GENUS_FAMILY_IN_LCVP_SYNTHETIC_NOT_DIRECT",,FALSE,TRUE
550000,"Banksia occidentalis","Banksia","Banksia|33",33,"True","Banksia occidentalis","species","Banksia","Proteaceae","True","True","True","True","I_NATURALIST_RANKED_ANCESTORS","EXACT_SPECIES_FAMILY_GENUS_READY","EXACT_SPECIES_TIP_IN_LCVP_BACKBONE","Banksia_occidentalis",TRUE,FALSE
550016,"Acacia pentadenia","Acacia","Acacia|32",32,"False","Acacia pentadenia","species","Acacia","Fabaceae","True","True","True","True","I_NATURALIST_RANKED_ANCESTORS","EXACT_SPECIES_FAMILY_GENUS_READY","EXACT_SPECIES_TIP_IN_LCVP_BACKBONE","Acacia_pentadenia",TRUE,FALSE
550363,"Adenanthos obovatus","Adenanthos","Adenanthos|32",32,"True","Adenanthos obovatus","species","Adenanthos","Proteaceae","True","True","True","True","I_NATURALIST_RANKED_ANCESTORS","EXACT_SPECIES_FAMILY_GENUS_READY","EXACT_SPECIES_TIP_IN_LCVP_BACKBONE","Adenanthos_obovatus",TRUE,FALSE
550367,"Corydalis caudata","Corydalis","Corydalis|140",140,"False","Corydalis caudata","species","Corydalis","Papaveraceae","True","True","True","True","I_NATURALIST_RANKED_ANCESTORS","EXACT_SPECIES_FAMILY_GENUS_READY","GENUS_FAMILY_IN_LCVP_SYNTHETIC_NOT_DIRECT",,FALSE,TRUE
550415,"Potentilla nepalensis","Potentilla","Potentilla|120",120,"True","Potentilla nepalensis","species","Potentilla","Rosaceae","True","True","True","True","I_NATURALIST_RANKED_ANCESTORS","EXACT_SPECIES_FAMILY_GENUS_READY","EXACT_SPECIES_TIP_IN_LCVP_BACKBONE","Potentilla_nepalensis",TRUE,FALSE
550641,"Melaleuca suberosa","Melaleuca","Melaleuca|32",32,"False","Melaleuca suberosa","species","Melaleuca","Myrtaceae","True","True","True","True","I_NATURALIST_RANKED_ANCESTORS","EXACT_SPECIES_FAMILY_GENUS_READY","GENUS_FAMILY_IN_LCVP_SYNTHETIC_NOT_DIRECT",,FALSE,TRUE
550645,"Scaevola nitida","Scaevola","Scaevola|32",32,"False","Scaevola nitida","species","Scaevola","Goodeniaceae","True","True","True","True","I_NATURALIST_RANKED_ANCESTORS","EXACT_SPECIES_FAMILY_GENUS_READY","EXACT_SPECIES_TIP_IN_LCVP_BACKBONE","Scaevola_nitida",TRUE,FALSE
551381,"Convolvulus libanoticus","Convolvulus","Convolvulus|118",118,"True","Convolvulus libanoticus","species","Convolvulus","Convolvulaceae","True","True","True","True","I_NATURALIST_RANKED_ANCESTORS","EXACT_SPECIES_FAMILY_GENUS_READY","GENUS_FAMILY_IN_LCVP_SYNTHETIC_NOT_DIRECT",,FALSE,TRUE
552337,"Boronia cymosa","Boronia","Boronia|50",50,"True","Boronia cymosa","species","Boronia","Rutaceae","True","True","True","True","I_NATURALIST_RANKED_ANCESTORS","EXACT_SPECIES_FAMILY_GENUS_READY","GENUS_FAMILY_IN_LCVP_SYNTHETIC_NOT_DIRECT",,FALSE,TRUE
552338,"Boronia fastigiata","Boronia","Boronia|50",50,"True","Boronia fastigiata","species","Boronia","Rutaceae","True","True","True","True","I_NATURALIST_RANKED_ANCESTORS","EXACT_SPECIES_FAMILY_GENUS_READY","GENUS_FAMILY_IN_LCVP_SYNTHETIC_NOT_DIRECT",,FALSE,TRUE
552380,"Drosera subhirtella","Drosera","Drosera|32",32,"True","Drosera subhirtella","species","Drosera","Droseraceae","True","True","True","True","I_NATURALIST_RANKED_ANCESTORS","EXACT_SPECIES_FAMILY_GENUS_READY","GENUS_FAMILY_IN_LCVP_SYNTHETIC_NOT_DIRECT",,FALSE,TRUE
552421,"Hibbertia cuneiformis","Hibbertia","Hibbertia|32",32,"False","Hibbertia cuneiformis","species","Hibbertia","Dilleniaceae","True","True","True","True","I_NATURALIST_RANKED_ANCESTORS","EXACT_SPECIES_FAMILY_GENUS_READY","EXACT_SPECIES_TIP_IN_LCVP_BACKBONE","Hibbertia_cuneiformis",TRUE,FALSE
552443,"Banksia blechnifolia","Banksia","Banksia|50",50,"False","Banksia blechnifolia","species","Banksia","Proteaceae","True","True","True","True","I_NATURALIST_RANKED_ANCESTORS","EXACT_SPECIES_FAMILY_GENUS_READY","EXACT_SPECIES_TIP_IN_LCVP_BACKBONE","Banksia_blechnifolia",TRUE,FALSE
552558,"Hibbertia exutiacies","Hibbertia","Hibbertia|33",33,"True","Hibbertia exutiacies","species","Hibbertia","Dilleniaceae","True","True","True","True","I_NATURALIST_RANKED_ANCESTORS","EXACT_SPECIES_FAMILY_GENUS_READY","GENUS_FAMILY_IN_LCVP_SYNTHETIC_NOT_DIRECT",,FALSE,TRUE
552999,"Pimelea flava","Pimelea","Pimelea|34",34,"False","Pimelea flava","species","Pimelea","Thymelaeaceae","True","True","True","True","I_NATURALIST_RANKED_ANCESTORS","EXACT_SPECIES_FAMILY_GENUS_READY","GENUS_FAMILY_IN_LCVP_SYNTHETIC_NOT_DIRECT",,FALSE,TRUE
553046,"Calea peruviana","Calea","Calea|77",77,"False","Calea peruviana","species","Calea","Asteraceae","True","True","True","True","I_NATURALIST_RANKED_ANCESTORS","EXACT_SPECIES_FAMILY_GENUS_READY","GENUS_FAMILY_IN_LCVP_SYNTHETIC_NOT_DIRECT",,FALSE,TRUE
553092,"Diuris chryseopsis","Diuris","Diuris|34",34,"False","Diuris chryseopsis","species","Diuris","Orchidaceae","True","True","True","True","I_NATURALIST_RANKED_ANCESTORS","EXACT_SPECIES_FAMILY_GENUS_READY","GENUS_FAMILY_IN_LCVP_SYNTHETIC_NOT_DIRECT",,FALSE,TRUE
553155,"Hibbertia crinita","Hibbertia","Hibbertia|33",33,"True","Hibbertia crinita","species","Hibbertia","Dilleniaceae","True","True","True","True","I_NATURALIST_RANKED_ANCESTORS","EXACT_SPECIES_FAMILY_GENUS_READY","GENUS_FAMILY_IN_LCVP_SYNTHETIC_NOT_DIRECT",,FALSE,TRUE
553368,"Disa racemosa","Disa","Disa|28",28,"True","Disa racemosa","species","Disa","Orchidaceae","True","True","True","True","I_NATURALIST_RANKED_ANCESTORS","EXACT_SPECIES_FAMILY_GENUS_READY","EXACT_SPECIES_TIP_IN_LCVP_BACKBONE","Disa_racemosa",TRUE,FALSE
553430,"Syncarpha vestita","Syncarpha","Syncarpha|27",27,"True","Syncarpha vestita","species","Syncarpha","Asteraceae","True","True","True","True","I_NATURALIST_RANKED_ANCESTORS","EXACT_SPECIES_FAMILY_GENUS_READY","EXACT_SPECIES_TIP_IN_LCVP_BACKBONE","Syncarpha_vestita",TRUE,FALSE
553609,"Olearia pannosa","Olearia","Olearia|33",33,"True","Olearia pannosa","species","Olearia","Asteraceae","True","True","True","True","I_NATURALIST_RANKED_ANCESTORS","EXACT_SPECIES_FAMILY_GENUS_READY","EXACT_SPECIES_TIP_IN_LCVP_BACKBONE","Olearia_pannosa",TRUE,FALSE
553846,"Jamesbrittenia fruticosa","Jamesbrittenia","Jamesbrittenia|45",45,"False","Jamesbrittenia fruticosa","species","Jamesbrittenia","Scrophulariaceae","True","True","True","True","I_NATURALIST_RANKED_ANCESTORS","EXACT_SPECIES_FAMILY_GENUS_READY","GENUS_FAMILY_IN_LCVP_SYNTHETIC_NOT_DIRECT",,FALSE,TRUE
554061,"Daviesia divaricata","Daviesia","Daviesia|50",50,"False","Daviesia divaricata","species","Daviesia","Fabaceae","True","True","True","True","I_NATURALIST_RANKED_ANCESTORS","EXACT_SPECIES_FAMILY_GENUS_READY","GENUS_FAMILY_IN_LCVP_SYNTHETIC_NOT_DIRECT",,FALSE,TRUE
554215,"Stylidium guttatum","Stylidium","Stylidium|32",32,"False","Stylidium guttatum","species","Stylidium","Stylidiaceae","True","True","True","True","I_NATURALIST_RANKED_ANCESTORS","EXACT_SPECIES_FAMILY_GENUS_READY","FAMILY_VERIFIED_GENUS_ABSENT_FROM_LCVP",,FALSE,TRUE
555556,"Hibbertia virgata","Hibbertia","Hibbertia|33",33,"True","Hibbertia virgata","species","Hibbertia","Dilleniaceae","True","True","True","True","I_NATURALIST_RANKED_ANCESTORS","EXACT_SPECIES_FAMILY_GENUS_READY","GENUS_FAMILY_IN_LCVP_SYNTHETIC_NOT_DIRECT",,FALSE,TRUE
555941,"Logania saxatilis","Logania","Logania|33",33,"True","Logania saxatilis","species","Logania","Loganiaceae","True","True","True","True","I_NATURALIST_RANKED_ANCESTORS","EXACT_SPECIES_FAMILY_GENUS_READY","GENUS_FAMILY_IN_LCVP_SYNTHETIC_NOT_DIRECT",,FALSE,TRUE
556266,"Acacia drummondii","Acacia","Acacia|32",32,"False","Acacia drummondii","species","Acacia","Fabaceae","True","True","True","True","I_NATURALIST_RANKED_ANCESTORS","EXACT_SPECIES_FAMILY_GENUS_READY","EXACT_SPECIES_TIP_IN_LCVP_BACKBONE","Acacia_drummondii",TRUE,FALSE
556312,"Mutisia subspinosa","Mutisia","Mutisia|41",41,"True","Mutisia subspinosa","species","Mutisia","Asteraceae","True","True","True","True","I_NATURALIST_RANKED_ANCESTORS","EXACT_SPECIES_FAMILY_GENUS_READY","GENUS_FAMILY_IN_LCVP_SYNTHETIC_NOT_DIRECT",,FALSE,TRUE
556456,"Pterostylis atrans","Pterostylis","Pterostylis|34",34,"False","Pterostylis atrans","species","Pterostylis","Orchidaceae","True","True","True","True","I_NATURALIST_RANKED_ANCESTORS","EXACT_SPECIES_FAMILY_GENUS_READY","GENUS_FAMILY_IN_LCVP_SYNTHETIC_NOT_DIRECT",,FALSE,TRUE
556460,"Anthurium ochranthum","Anthurium","Anthurium|95",95,"True","Anthurium ochranthum","species","Anthurium","Araceae","True","True","True","True","I_NATURALIST_RANKED_ANCESTORS","EXACT_SPECIES_FAMILY_GENUS_READY","EXACT_SPECIES_TIP_IN_LCVP_BACKBONE","Anthurium_ochranthum",TRUE,FALSE
556462,"Daviesia triflora","Daviesia","Daviesia|50",50,"False","Daviesia triflora","species","Daviesia","Fabaceae","True","True","True","True","I_NATURALIST_RANKED_ANCESTORS","EXACT_SPECIES_FAMILY_GENUS_READY","GENUS_FAMILY_IN_LCVP_SYNTHETIC_NOT_DIRECT",,FALSE,TRUE
556463,"Leucocoryne coquimbensis","Leucocoryne","Leucocoryne|41",41,"False","Leucocoryne coquimbensis","species","Leucocoryne","Amaryllidaceae","True","True","True","True","I_NATURALIST_RANKED_ANCESTORS","EXACT_SPECIES_FAMILY_GENUS_READY","EXACT_SPECIES_TIP_IN_LCVP_BACKBONE","Leucocoryne_coquimbensis",TRUE,FALSE
556799,"Spatalla setacea","Spatalla","Spatalla|27",27,"True","Spatalla setacea","species","Spatalla","Proteaceae","True","True","True","True","I_NATURALIST_RANKED_ANCESTORS","EXACT_SPECIES_FAMILY_GENUS_READY","EXACT_SPECIES_TIP_IN_LCVP_BACKBONE","Spatalla_setacea",TRUE,FALSE
556801,"Spatalla racemosa","Spatalla","Spatalla|27",27,"True","Spatalla racemosa","species","Spatalla","Proteaceae","True","True","True","True","I_NATURALIST_RANKED_ANCESTORS","EXACT_SPECIES_FAMILY_GENUS_READY","EXACT_SPECIES_TIP_IN_LCVP_BACKBONE","Spatalla_racemosa",TRUE,FALSE
556805,"Spatalla squamata","Spatalla","Spatalla|27",27,"True","Spatalla squamata","species","Spatalla","Proteaceae","True","True","True","True","I_NATURALIST_RANKED_ANCESTORS","EXACT_SPECIES_FAMILY_GENUS_READY","GENUS_FAMILY_IN_LCVP_SYNTHETIC_NOT_DIRECT",,FALSE,TRUE
556923,"Bupleurum aureum","Bupleurum","Bupleurum|157",157,"False","Bupleurum aureum","species","Bupleurum","Apiaceae","True","True","True","True","I_NATURALIST_RANKED_ANCESTORS","EXACT_SPECIES_FAMILY_GENUS_READY","EXACT_SPECIES_TIP_IN_LCVP_BACKBONE","Bupleurum_aureum",TRUE,FALSE
557749,"Pavonia missionum","Pavonia","Pavonia|24",24,"False","Pavonia missionum","species","Pavonia","Malvaceae","True","True","True","True","I_NATURALIST_RANKED_ANCESTORS","EXACT_SPECIES_FAMILY_GENUS_READY","GENUS_FAMILY_IN_LCVP_SYNTHETIC_NOT_DIRECT",,FALSE,TRUE
557887,"Hakea undulata","Hakea","Hakea|50",50,"False","Hakea undulata","species","Hakea","Proteaceae","True","True","True","True","I_NATURALIST_RANKED_ANCESTORS","EXACT_SPECIES_FAMILY_GENUS_READY","GENUS_FAMILY_IN_LCVP_SYNTHETIC_NOT_DIRECT",,FALSE,TRUE
558208,"Spyridium thymifolium","Spyridium","Spyridium|33",33,"True","Spyridium thymifolium","species","Spyridium","Rhamnaceae","True","True","True","True","I_NATURALIST_RANKED_ANCESTORS","EXACT_SPECIES_FAMILY_GENUS_READY","EXACT_SPECIES_TIP_IN_LCVP_BACKBONE","Spyridium_thymifolium",TRUE,FALSE
559053,"Pterostylis crassicaulis","Pterostylis","Pterostylis|34",34,"False","Pterostylis crassicaulis","species","Pterostylis","Orchidaceae","True","True","True","True","I_NATURALIST_RANKED_ANCESTORS","EXACT_SPECIES_FAMILY_GENUS_READY","GENUS_FAMILY_IN_LCVP_SYNTHETIC_NOT_DIRECT",,FALSE,TRUE
559124,"Diuris monticola","Diuris","Diuris|34",34,"False","Diuris monticola","species","Diuris","Orchidaceae","True","True","True","True","I_NATURALIST_RANKED_ANCESTORS","EXACT_SPECIES_FAMILY_GENUS_READY","GENUS_FAMILY_IN_LCVP_SYNTHETIC_NOT_DIRECT",,FALSE,TRUE
559363,"Babiana angustifolia","Babiana","Babiana|27",27,"True","Babiana angustifolia","species","Babiana","Iridaceae","True","True","True","True","I_NATURALIST_RANKED_ANCESTORS","EXACT_SPECIES_FAMILY_GENUS_READY","EXACT_SPECIES_TIP_IN_LCVP_BACKBONE","Babiana_angustifolia",TRUE,FALSE
559392,"Salvia palaestina","Salvia","Salvia|118",118,"False","Salvia palaestina","species","Salvia","Lamiaceae","True","True","True","True","I_NATURALIST_RANKED_ANCESTORS","EXACT_SPECIES_FAMILY_GENUS_READY","EXACT_SPECIES_TIP_IN_LCVP_BACKBONE","Salvia_palaestina",TRUE,FALSE
559449,"Caladenia discoidea","Caladenia","Caladenia|50",50,"False","Caladenia discoidea","species","Caladenia","Orchidaceae","True","True","True","True","I_NATURALIST_RANKED_ANCESTORS","EXACT_SPECIES_FAMILY_GENUS_READY","GENUS_FAMILY_IN_LCVP_SYNTHETIC_NOT_DIRECT",,FALSE,TRUE
560256,"Trachyandra muricata","Trachyandra","Trachyandra|45",45,"True","Trachyandra muricata","species","Trachyandra","Asphodelaceae","True","True","True","True","I_NATURALIST_RANKED_ANCESTORS","EXACT_SPECIES_FAMILY_GENUS_READY","GENUS_FAMILY_IN_LCVP_SYNTHETIC_NOT_DIRECT",,FALSE,TRUE
560258,"Gladiolus caeruleus","Gladiolus","Gladiolus|45",45,"False","Gladiolus caeruleus","species","Gladiolus","Iridaceae","True","True","True","True","I_NATURALIST_RANKED_ANCESTORS","EXACT_SPECIES_FAMILY_GENUS_READY","EXACT_SPECIES_TIP_IN_LCVP_BACKBONE","Gladiolus_caeruleus",TRUE,FALSE
560613,"Hakea actites","Hakea","Hakea|52",52,"False","Hakea actites","species","Hakea","Proteaceae","True","True","True","True","I_NATURALIST_RANKED_ANCESTORS","EXACT_SPECIES_FAMILY_GENUS_READY","GENUS_FAMILY_IN_LCVP_SYNTHETIC_NOT_DIRECT",,FALSE,TRUE
560746,"Cynorkis hologlossa","Cynorkis","Cynorkis|65",65,"False","Cynorkis hologlossa","species","Cynorkis","Orchidaceae","True","True","True","True","I_NATURALIST_RANKED_ANCESTORS","EXACT_SPECIES_FAMILY_GENUS_READY","FAMILY_VERIFIED_GENUS_ABSENT_FROM_LCVP",,FALSE,TRUE
563409,"Zephyranthes minima","Zephyranthes","Zephyranthes|24",24,"False","Zephyranthes minima","species","Zephyranthes","Amaryllidaceae","True","True","True","True","I_NATURALIST_RANKED_ANCESTORS","EXACT_SPECIES_FAMILY_GENUS_READY","EXACT_SPECIES_TIP_IN_LCVP_BACKBONE","Zephyranthes_minima",TRUE,FALSE
563521,"Cyperus sphaerocephalus","Cyperus","Cyperus|46",46,"True","Cyperus sphaerocephalus","species","Cyperus","Cyperaceae","True","True","True","True","I_NATURALIST_RANKED_ANCESTORS","EXACT_SPECIES_FAMILY_GENUS_READY","GENUS_FAMILY_IN_LCVP_SYNTHETIC_NOT_DIRECT",,FALSE,TRUE
563595,"Moraea galaxia","Moraea","Moraea|45",45,"False","Moraea galaxia","species","Moraea","Iridaceae","True","True","True","True","I_NATURALIST_RANKED_ANCESTORS","EXACT_SPECIES_FAMILY_GENUS_READY","EXACT_SPECIES_TIP_IN_LCVP_BACKBONE","Moraea_galaxia",TRUE,FALSE
563782,"Gompholobium venustum","Gompholobium","Gompholobium|32",32,"False","Gompholobium venustum","species","Gompholobium","Fabaceae","True","True","True","True","I_NATURALIST_RANKED_ANCESTORS","EXACT_SPECIES_FAMILY_GENUS_READY","GENUS_FAMILY_IN_LCVP_SYNTHETIC_NOT_DIRECT",,FALSE,TRUE
564192,"Gompholobium polymorphum","Gompholobium","Gompholobium|32",32,"False","Gompholobium polymorphum","species","Gompholobium","Fabaceae","True","True","True","True","I_NATURALIST_RANKED_ANCESTORS","EXACT_SPECIES_FAMILY_GENUS_READY","GENUS_FAMILY_IN_LCVP_SYNTHETIC_NOT_DIRECT",,FALSE,TRUE
564312,"Daviesia horrida","Daviesia","Daviesia|50",50,"False","Daviesia horrida","species","Daviesia","Fabaceae","True","True","True","True","I_NATURALIST_RANKED_ANCESTORS","EXACT_SPECIES_FAMILY_GENUS_READY","GENUS_FAMILY_IN_LCVP_SYNTHETIC_NOT_DIRECT",,FALSE,TRUE
564641,"Xerochrysum papillosum","Xerochrysum","Xerochrysum|34",34,"False","Xerochrysum papillosum","species","Xerochrysum","Asteraceae","True","True","True","True","I_NATURALIST_RANKED_ANCESTORS","EXACT_SPECIES_FAMILY_GENUS_READY","GENUS_FAMILY_IN_LCVP_SYNTHETIC_NOT_DIRECT",,FALSE,TRUE
564896,"Pultenaea acerosa","Pultenaea","Pultenaea|33",33,"True","Pultenaea acerosa","species","Pultenaea","Fabaceae","True","True","True","True","I_NATURALIST_RANKED_ANCESTORS","EXACT_SPECIES_FAMILY_GENUS_READY","FAMILY_VERIFIED_GENUS_ABSENT_FROM_LCVP",,FALSE,TRUE
564916,"Hakea laevipes","Hakea","Hakea|52",52,"False","Hakea laevipes","species","Hakea","Proteaceae","True","True","True","True","I_NATURALIST_RANKED_ANCESTORS","EXACT_SPECIES_FAMILY_GENUS_READY","GENUS_FAMILY_IN_LCVP_SYNTHETIC_NOT_DIRECT",,FALSE,TRUE
565079,"Melaleuca spathulata","Melaleuca","Melaleuca|32",32,"False","Melaleuca spathulata","species","Melaleuca","Myrtaceae","True","True","True","True","I_NATURALIST_RANKED_ANCESTORS","EXACT_SPECIES_FAMILY_GENUS_READY","GENUS_FAMILY_IN_LCVP_SYNTHETIC_NOT_DIRECT",,FALSE,TRUE
565911,"Erica cruenta","Erica","Erica|27",27,"True","Erica cruenta","species","Erica","Ericaceae","True","True","True","True","I_NATURALIST_RANKED_ANCESTORS","EXACT_SPECIES_FAMILY_GENUS_READY","EXACT_SPECIES_TIP_IN_LCVP_BACKBONE","Erica_cruenta",TRUE,FALSE
566080,"Serruria villosa","Serruria","Serruria|27",27,"True","Serruria villosa","species","Serruria","Proteaceae","True","True","True","True","I_NATURALIST_RANKED_ANCESTORS","EXACT_SPECIES_FAMILY_GENUS_READY","EXACT_SPECIES_TIP_IN_LCVP_BACKBONE","Serruria_villosa",TRUE,FALSE
566160,"Gastrolobium ebracteolatum","Gastrolobium","Gastrolobium|50",50,"True","Gastrolobium ebracteolatum","species","Gastrolobium","Fabaceae","True","True","True","True","I_NATURALIST_RANKED_ANCESTORS","EXACT_SPECIES_FAMILY_GENUS_READY","GENUS_FAMILY_IN_LCVP_SYNTHETIC_NOT_DIRECT",,FALSE,TRUE
566311,"Erica massonii","Erica","Erica|27",27,"True","Erica massonii","species","Erica","Ericaceae","True","True","True","True","I_NATURALIST_RANKED_ANCESTORS","EXACT_SPECIES_FAMILY_GENUS_READY","EXACT_SPECIES_TIP_IN_LCVP_BACKBONE","Erica_massonii",TRUE,FALSE
566312,"Moraea tricuspidata","Moraea","Moraea|27",27,"True","Moraea tricuspidata","species","Moraea","Iridaceae","True","True","True","True","I_NATURALIST_RANKED_ANCESTORS","EXACT_SPECIES_FAMILY_GENUS_READY","EXACT_SPECIES_TIP_IN_LCVP_BACKBONE","Moraea_tricuspidata",TRUE,FALSE
566480,"Acacia browniana","Acacia","Acacia|32",32,"False","Acacia browniana","species","Acacia","Fabaceae","True","True","True","True","I_NATURALIST_RANKED_ANCESTORS","EXACT_SPECIES_FAMILY_GENUS_READY","GENUS_FAMILY_IN_LCVP_SYNTHETIC_NOT_DIRECT",,FALSE,TRUE
566489,"Taxandria spathulata","Taxandria","Taxandria|32",32,"False","Taxandria spathulata","species","Taxandria","Myrtaceae","True","True","True","True","I_NATURALIST_RANKED_ANCESTORS","EXACT_SPECIES_FAMILY_GENUS_READY","GENUS_FAMILY_IN_LCVP_SYNTHETIC_NOT_DIRECT",,FALSE,TRUE
566585,"Zaluzianskya divaricata","Zaluzianskya","Zaluzianskya|45",45,"False","Zaluzianskya divaricata","species","Zaluzianskya","Scrophulariaceae","True","True","True","True","I_NATURALIST_RANKED_ANCESTORS","EXACT_SPECIES_FAMILY_GENUS_READY","EXACT_SPECIES_TIP_IN_LCVP_BACKBONE","Zaluzianskya_divaricata",TRUE,FALSE
566623,"Protea scolymocephala","Protea","Protea|45",45,"True","Protea scolymocephala","species","Protea","Proteaceae","True","True","True","True","I_NATURALIST_RANKED_ANCESTORS","EXACT_SPECIES_FAMILY_GENUS_READY","EXACT_SPECIES_TIP_IN_LCVP_BACKBONE","Protea_scolymocephala",TRUE,FALSE
566663,"Orobanche gamosepala","Orobanche","Orobanche|137",137,"True","Orobanche gamosepala","species","Orobanche","Orobanchaceae","True","True","True","True","I_NATURALIST_RANKED_ANCESTORS","EXACT_SPECIES_FAMILY_GENUS_READY","GENUS_FAMILY_IN_LCVP_SYNTHETIC_NOT_DIRECT",,FALSE,TRUE
566705,"Sphaerolobium medium","Sphaerolobium","Sphaerolobium|32",32,"True","Sphaerolobium medium","species","Sphaerolobium","Fabaceae","True","True","True","True","I_NATURALIST_RANKED_ANCESTORS","EXACT_SPECIES_FAMILY_GENUS_READY","FAMILY_VERIFIED_GENUS_ABSENT_FROM_LCVP",,FALSE,TRUE
566742,"Phylica keetii","Phylica","Phylica|28",28,"False","Phylica keetii","species","Phylica","Rhamnaceae","True","True","True","True","I_NATURALIST_RANKED_ANCESTORS","EXACT_SPECIES_FAMILY_GENUS_READY","GENUS_FAMILY_IN_LCVP_SYNTHETIC_NOT_DIRECT",,FALSE,TRUE
566744,"Phylica pinea","Phylica","Phylica|28",28,"False","Phylica pinea","species","Phylica","Rhamnaceae","True","True","True","True","I_NATURALIST_RANKED_ANCESTORS","EXACT_SPECIES_FAMILY_GENUS_READY","EXACT_SPECIES_TIP_IN_LCVP_BACKBONE","Phylica_pinea",TRUE,FALSE
566745,"Phylica purpurea","Phylica","Phylica|28",28,"False","Phylica purpurea","species","Phylica","Rhamnaceae","True","True","True","True","I_NATURALIST_RANKED_ANCESTORS","EXACT_SPECIES_FAMILY_GENUS_READY","EXACT_SPECIES_TIP_IN_LCVP_BACKBONE","Phylica_purpurea",TRUE,FALSE
566803,"Acacia leioderma","Acacia","Acacia|32",32,"False","Acacia leioderma","species","Acacia","Fabaceae","True","True","True","True","I_NATURALIST_RANKED_ANCESTORS","EXACT_SPECIES_FAMILY_GENUS_READY","EXACT_SPECIES_TIP_IN_LCVP_BACKBONE","Acacia_leioderma",TRUE,FALSE
567141,"Oedera imbricata","Oedera","Oedera|28",28,"True","Oedera imbricata","species","Oedera","Asteraceae","True","True","True","True","I_NATURALIST_RANKED_ANCESTORS","EXACT_SPECIES_FAMILY_GENUS_READY","GENUS_FAMILY_IN_LCVP_SYNTHETIC_NOT_DIRECT",,FALSE,TRUE
567314,"Lobelia neglecta","Lobelia","Lobelia|28",28,"False","Lobelia neglecta","species","Lobelia","Campanulaceae","True","True","True","True","I_NATURALIST_RANKED_ANCESTORS","EXACT_SPECIES_FAMILY_GENUS_READY","GENUS_FAMILY_IN_LCVP_SYNTHETIC_NOT_DIRECT",,FALSE,TRUE
567393,"Carpobrotus deliciosus","Carpobrotus","Carpobrotus|28",28,"False","Carpobrotus deliciosus","species","Carpobrotus","Aizoaceae","True","True","True","True","I_NATURALIST_RANKED_ANCESTORS","EXACT_SPECIES_FAMILY_GENUS_READY","EXACT_SPECIES_TIP_IN_LCVP_BACKBONE","Carpobrotus_deliciosus",TRUE,FALSE
567550,"Roella prostrata","Roella","Roella|27",27,"True","Roella prostrata","species","Roella","Campanulaceae","True","True","True","True","I_NATURALIST_RANKED_ANCESTORS","EXACT_SPECIES_FAMILY_GENUS_READY","GENUS_FAMILY_IN_LCVP_SYNTHETIC_NOT_DIRECT",,FALSE,TRUE
567551,"Roella spicata","Roella","Roella|27",27,"True","Roella spicata","species","Roella","Campanulaceae","True","True","True","True","I_NATURALIST_RANKED_ANCESTORS","EXACT_SPECIES_FAMILY_GENUS_READY","GENUS_FAMILY_IN_LCVP_SYNTHETIC_NOT_DIRECT",,FALSE,TRUE
567568,"Helichrysum felinum","Helichrysum","Helichrysum|28",28,"False","Helichrysum felinum","species","Helichrysum","Asteraceae","True","True","True","True","I_NATURALIST_RANKED_ANCESTORS","EXACT_SPECIES_FAMILY_GENUS_READY","EXACT_SPECIES_TIP_IN_LCVP_BACKBONE","Helichrysum_felinum",TRUE,FALSE
567612,"Moraea versicolor","Moraea","Moraea|27",27,"True","Moraea versicolor","species","Moraea","Iridaceae","True","True","True","True","I_NATURALIST_RANKED_ANCESTORS","EXACT_SPECIES_FAMILY_GENUS_READY","EXACT_SPECIES_TIP_IN_LCVP_BACKBONE","Moraea_versicolor",TRUE,FALSE
567758,"Cyclopia pubescens","Cyclopia","Cyclopia|28",28,"False","Cyclopia pubescens","species","Cyclopia","Fabaceae","True","True","True","True","I_NATURALIST_RANKED_ANCESTORS","EXACT_SPECIES_FAMILY_GENUS_READY","GENUS_FAMILY_IN_LCVP_SYNTHETIC_NOT_DIRECT",,FALSE,TRUE
567800,"Stylidium rhynchocarpum","Stylidium","Stylidium|32",32,"False","Stylidium rhynchocarpum","species","Stylidium","Stylidiaceae","True","True","True","True","I_NATURALIST_RANKED_ANCESTORS","EXACT_SPECIES_FAMILY_GENUS_READY","FAMILY_VERIFIED_GENUS_ABSENT_FROM_LCVP",,FALSE,TRUE
567827,"Serruria phylicoides","Serruria","Serruria|27",27,"True","Serruria phylicoides","species","Serruria","Proteaceae","True","True","True","True","I_NATURALIST_RANKED_ANCESTORS","EXACT_SPECIES_FAMILY_GENUS_READY","GENUS_FAMILY_IN_LCVP_SYNTHETIC_NOT_DIRECT",,FALSE,TRUE
567837,"Erica holosericea","Erica","Erica|27",27,"True","Erica holosericea","species","Erica","Ericaceae","True","True","True","True","I_NATURALIST_RANKED_ANCESTORS","EXACT_SPECIES_FAMILY_GENUS_READY","EXACT_SPECIES_TIP_IN_LCVP_BACKBONE","Erica_holosericea",TRUE,FALSE
567844,"Helichrysum appendiculatum","Helichrysum","Helichrysum|28",28,"False","Helichrysum appendiculatum","species","Helichrysum","Asteraceae","True","True","True","True","I_NATURALIST_RANKED_ANCESTORS","EXACT_SPECIES_FAMILY_GENUS_READY","EXACT_SPECIES_TIP_IN_LCVP_BACKBONE","Helichrysum_appendiculatum",TRUE,FALSE
567909,"Acacia extensa","Acacia","Acacia|32",32,"False","Acacia extensa","species","Acacia","Fabaceae","True","True","True","True","I_NATURALIST_RANKED_ANCESTORS","EXACT_SPECIES_FAMILY_GENUS_READY","EXACT_SPECIES_TIP_IN_LCVP_BACKBONE","Acacia_extensa",TRUE,FALSE
567914,"Cullumia carlinoides","Cullumia","Cullumia|28",28,"True","Cullumia carlinoides","species","Cullumia","Asteraceae","True","True","True","True","I_NATURALIST_RANKED_ANCESTORS","EXACT_SPECIES_FAMILY_GENUS_READY","GENUS_FAMILY_IN_LCVP_SYNTHETIC_NOT_DIRECT",,FALSE,TRUE
567934,"Boronia gracilipes","Boronia","Boronia|32",32,"False","Boronia gracilipes","species","Boronia","Rutaceae","True","True","True","True","I_NATURALIST_RANKED_ANCESTORS","EXACT_SPECIES_FAMILY_GENUS_READY","GENUS_FAMILY_IN_LCVP_SYNTHETIC_NOT_DIRECT",,FALSE,TRUE
567952,"Erica lasciva","Erica","Erica|28",28,"False","Erica lasciva","species","Erica","Ericaceae","True","True","True","True","I_NATURALIST_RANKED_ANCESTORS","EXACT_SPECIES_FAMILY_GENUS_READY","EXACT_SPECIES_TIP_IN_LCVP_BACKBONE","Erica_lasciva",TRUE,FALSE
568096,"Senecio lanceus","Senecio","Senecio|28",28,"False","Senecio lanceus","species","Senecio","Asteraceae","True","True","True","True","I_NATURALIST_RANKED_ANCESTORS","EXACT_SPECIES_FAMILY_GENUS_READY","GENUS_FAMILY_IN_LCVP_SYNTHETIC_NOT_DIRECT",,FALSE,TRUE
568317,"Senecio ilicifolius","Senecio","Senecio|28",28,"False","Senecio ilicifolius","species","Senecio","Asteraceae","True","True","True","True","I_NATURALIST_RANKED_ANCESTORS","EXACT_SPECIES_FAMILY_GENUS_READY","EXACT_SPECIES_TIP_IN_LCVP_BACKBONE","Senecio_ilicifolius",TRUE,FALSE
568345,"Othonna quinquedentata","Othonna","Othonna|28",28,"True","Othonna quinquedentata","species","Othonna","Asteraceae","True","True","True","True","I_NATURALIST_RANKED_ANCESTORS","EXACT_SPECIES_FAMILY_GENUS_READY","GENUS_FAMILY_IN_LCVP_SYNTHETIC_NOT_DIRECT",,FALSE,TRUE
568447,"Isopogon teretifolius","Isopogon","Isopogon|32",32,"True","Isopogon teretifolius","species","Isopogon","Proteaceae","True","True","True","True","I_NATURALIST_RANKED_ANCESTORS","EXACT_SPECIES_FAMILY_GENUS_READY","GENUS_FAMILY_IN_LCVP_SYNTHETIC_NOT_DIRECT",,FALSE,TRUE
568502,"Prismatocarpus sessilis","Prismatocarpus","Prismatocarpus|27",27,"True","Prismatocarpus sessilis","species","Prismatocarpus","Campanulaceae","True","True","True","True","I_NATURALIST_RANKED_ANCESTORS","EXACT_SPECIES_FAMILY_GENUS_READY","EXACT_SPECIES_TIP_IN_LCVP_BACKBONE","Prismatocarpus_sessilis",TRUE,FALSE
568505,"Agathosma imbricata","Agathosma","Agathosma|45",45,"True","Agathosma imbricata","species","Agathosma","Rutaceae","True","True","True","True","I_NATURALIST_RANKED_ANCESTORS","EXACT_SPECIES_FAMILY_GENUS_READY","GENUS_FAMILY_IN_LCVP_SYNTHETIC_NOT_DIRECT",,FALSE,TRUE
568532,"Erica setacea","Erica","Erica|28",28,"False","Erica setacea","species","Erica","Ericaceae","True","True","True","True","I_NATURALIST_RANKED_ANCESTORS","EXACT_SPECIES_FAMILY_GENUS_READY","EXACT_SPECIES_TIP_IN_LCVP_BACKBONE","Erica_setacea",TRUE,FALSE
568546,"Crassula capensis","Crassula","Crassula|27",27,"True","Crassula capensis","species","Crassula","Crassulaceae","True","True","True","True","I_NATURALIST_RANKED_ANCESTORS","EXACT_SPECIES_FAMILY_GENUS_READY","EXACT_SPECIES_TIP_IN_LCVP_BACKBONE","Crassula_capensis",TRUE,FALSE
568565,"Moraea fugacissima","Moraea","Moraea|27",27,"True","Moraea fugacissima","species","Moraea","Iridaceae","True","True","True","True","I_NATURALIST_RANKED_ANCESTORS","EXACT_SPECIES_FAMILY_GENUS_READY","EXACT_SPECIES_TIP_IN_LCVP_BACKBONE","Moraea_fugacissima",TRUE,FALSE
568586,"Leucadendron gandogeri","Leucadendron","Leucadendron|27",27,"True","Leucadendron gandogeri","species","Leucadendron","Proteaceae","True","True","True","True","I_NATURALIST_RANKED_ANCESTORS","EXACT_SPECIES_FAMILY_GENUS_READY","EXACT_SPECIES_TIP_IN_LCVP_BACKBONE","Leucadendron_gandogeri",TRUE,FALSE
568655,"Muraltia saturejoides","Muraltia","Muraltia|28",28,"True","Muraltia saturejoides","species","Muraltia","Polygalaceae","True","True","True","True","I_NATURALIST_RANKED_ANCESTORS","EXACT_SPECIES_FAMILY_GENUS_READY","GENUS_FAMILY_IN_LCVP_SYNTHETIC_NOT_DIRECT",,FALSE,TRUE
568974,"Rubus pectinellus","Rubus","Rubus|123",123,"True","Rubus pectinellus","species","Rubus","Rosaceae","True","True","True","True","I_NATURALIST_RANKED_ANCESTORS","EXACT_SPECIES_FAMILY_GENUS_READY","EXACT_SPECIES_TIP_IN_LCVP_BACKBONE","Rubus_pectinellus",TRUE,FALSE
569123,"Felicia muricata","Felicia","Felicia|46",46,"False","Felicia muricata","species","Felicia","Asteraceae","True","True","True","True","I_NATURALIST_RANKED_ANCESTORS","EXACT_SPECIES_FAMILY_GENUS_READY","GENUS_FAMILY_IN_LCVP_SYNTHETIC_NOT_DIRECT",,FALSE,TRUE
569207,"Geissorhiza tenella","Geissorhiza","Geissorhiza|45",45,"False","Geissorhiza tenella","species","Geissorhiza","Iridaceae","True","True","True","True","I_NATURALIST_RANKED_ANCESTORS","EXACT_SPECIES_FAMILY_GENUS_READY","GENUS_FAMILY_IN_LCVP_SYNTHETIC_NOT_DIRECT",,FALSE,TRUE
569327,"Erica bergiana","Erica","Erica|27",27,"True","Erica bergiana","species","Erica","Ericaceae","True","True","True","True","I_NATURALIST_RANKED_ANCESTORS","EXACT_SPECIES_FAMILY_GENUS_READY","EXACT_SPECIES_TIP_IN_LCVP_BACKBONE","Erica_bergiana",TRUE,FALSE
569345,"Helichrysum fruticans","Helichrysum","Helichrysum|27",27,"True","Helichrysum fruticans","species","Helichrysum","Asteraceae","True","True","True","True","I_NATURALIST_RANKED_ANCESTORS","EXACT_SPECIES_FAMILY_GENUS_READY","GENUS_FAMILY_IN_LCVP_SYNTHETIC_NOT_DIRECT",,FALSE,TRUE
569351,"Protea nana","Protea","Protea|45",45,"True","Protea nana","species","Protea","Proteaceae","True","True","True","True","I_NATURALIST_RANKED_ANCESTORS","EXACT_SPECIES_FAMILY_GENUS_READY","EXACT_SPECIES_TIP_IN_LCVP_BACKBONE","Protea_nana",TRUE,FALSE
569496,"Senecio burchellii","Senecio","Senecio|27",27,"True","Senecio burchellii","species","Senecio","Asteraceae","True","True","True","True","I_NATURALIST_RANKED_ANCESTORS","EXACT_SPECIES_FAMILY_GENUS_READY","EXACT_SPECIES_TIP_IN_LCVP_BACKBONE","Senecio_burchellii",TRUE,FALSE
569516,"Podalyria biflora","Podalyria","Podalyria|45",45,"True","Podalyria biflora","species","Podalyria","Fabaceae","True","True","True","True","I_NATURALIST_RANKED_ANCESTORS","EXACT_SPECIES_FAMILY_GENUS_READY","GENUS_FAMILY_IN_LCVP_SYNTHETIC_NOT_DIRECT",,FALSE,TRUE
569519,"Pelargonium laevigatum","Pelargonium","Pelargonium|28",28,"False","Pelargonium laevigatum","species","Pelargonium","Geraniaceae","True","True","True","True","I_NATURALIST_RANKED_ANCESTORS","EXACT_SPECIES_FAMILY_GENUS_READY","EXACT_SPECIES_TIP_IN_LCVP_BACKBONE","Pelargonium_laevigatum",TRUE,FALSE
569570,"Hakea cristata","Hakea","Hakea|50",50,"False","Hakea cristata","species","Hakea","Proteaceae","True","True","True","True","I_NATURALIST_RANKED_ANCESTORS","EXACT_SPECIES_FAMILY_GENUS_READY","EXACT_SPECIES_TIP_IN_LCVP_BACKBONE","Hakea_cristata",TRUE,FALSE
569574,"Kunzea micrantha","Kunzea","Kunzea|50",50,"False","Kunzea micrantha","species","Kunzea","Myrtaceae","True","True","True","True","I_NATURALIST_RANKED_ANCESTORS","EXACT_SPECIES_FAMILY_GENUS_READY","GENUS_FAMILY_IN_LCVP_SYNTHETIC_NOT_DIRECT",,FALSE,TRUE
569575,"Leucopogon glabellus","Leucopogon","Leucopogon|32",32,"True","Leucopogon glabellus","species","Leucopogon","Ericaceae","True","True","True","True","I_NATURALIST_RANKED_ANCESTORS","EXACT_SPECIES_FAMILY_GENUS_READY","GENUS_FAMILY_IN_LCVP_SYNTHETIC_NOT_DIRECT",,FALSE,TRUE
569578,"Petrophile serruriae","Petrophile","Petrophile|32",32,"False","Petrophile serruriae","species","Petrophile","Proteaceae","True","True","True","True","I_NATURALIST_RANKED_ANCESTORS","EXACT_SPECIES_FAMILY_GENUS_READY","GENUS_FAMILY_IN_LCVP_SYNTHETIC_NOT_DIRECT",,FALSE,TRUE
569597,"Hibbertia gracilipes","Hibbertia","Hibbertia|32",32,"False","Hibbertia gracilipes","species","Hibbertia","Dilleniaceae","True","True","True","True","I_NATURALIST_RANKED_ANCESTORS","EXACT_SPECIES_FAMILY_GENUS_READY","GENUS_FAMILY_IN_LCVP_SYNTHETIC_NOT_DIRECT",,FALSE,TRUE
569606,"Rubus croceacanthus","Rubus","Rubus|123",123,"True","Rubus croceacanthus","species","Rubus","Rosaceae","True","True","True","True","I_NATURALIST_RANKED_ANCESTORS","EXACT_SPECIES_FAMILY_GENUS_READY","GENUS_FAMILY_IN_LCVP_SYNTHETIC_NOT_DIRECT",,FALSE,TRUE
569783,"Erica seriphiifolia","Erica","Erica|28",28,"False","Erica seriphiifolia","species","Erica","Ericaceae","True","True","True","True","I_NATURALIST_RANKED_ANCESTORS","EXACT_SPECIES_FAMILY_GENUS_READY","EXACT_SPECIES_TIP_IN_LCVP_BACKBONE","Erica_seriphiifolia",TRUE,FALSE
569790,"Erica transparens","Erica","Erica|27",27,"True","Erica transparens","species","Erica","Ericaceae","True","True","True","True","I_NATURALIST_RANKED_ANCESTORS","EXACT_SPECIES_FAMILY_GENUS_READY","GENUS_FAMILY_IN_LCVP_SYNTHETIC_NOT_DIRECT",,FALSE,TRUE
569835,"Pimelea rosea","Pimelea","Pimelea|32",32,"False","Pimelea rosea","species","Pimelea","Thymelaeaceae","True","True","True","True","I_NATURALIST_RANKED_ANCESTORS","EXACT_SPECIES_FAMILY_GENUS_READY","GENUS_FAMILY_IN_LCVP_SYNTHETIC_NOT_DIRECT",,FALSE,TRUE
569836,"Pimelea longiflora","Pimelea","Pimelea|32",32,"False","Pimelea longiflora","species","Pimelea","Thymelaeaceae","True","True","True","True","I_NATURALIST_RANKED_ANCESTORS","EXACT_SPECIES_FAMILY_GENUS_READY","EXACT_SPECIES_TIP_IN_LCVP_BACKBONE","Pimelea_longiflora",TRUE,FALSE
569839,"Pimelea sylvestris","Pimelea","Pimelea|32",32,"False","Pimelea sylvestris","species","Pimelea","Thymelaeaceae","True","True","True","True","I_NATURALIST_RANKED_ANCESTORS","EXACT_SPECIES_FAMILY_GENUS_READY","GENUS_FAMILY_IN_LCVP_SYNTHETIC_NOT_DIRECT",,FALSE,TRUE
569865,"Delosperma inconspicuum","Delosperma","Delosperma|28",28,"False","Delosperma inconspicuum","species","Delosperma","Aizoaceae","True","True","True","True","I_NATURALIST_RANKED_ANCESTORS","EXACT_SPECIES_FAMILY_GENUS_READY","GENUS_FAMILY_IN_LCVP_SYNTHETIC_NOT_DIRECT",,FALSE,TRUE
569875,"Erica articularis","Erica","Erica|27",27,"True","Erica articularis","species","Erica","Ericaceae","True","True","True","True","I_NATURALIST_RANKED_ANCESTORS","EXACT_SPECIES_FAMILY_GENUS_READY","EXACT_SPECIES_TIP_IN_LCVP_BACKBONE","Erica_articularis",TRUE,FALSE
570161,"Agathosma capensis","Agathosma","Agathosma|28",28,"True","Agathosma capensis","species","Agathosma","Rutaceae","True","True","True","True","I_NATURALIST_RANKED_ANCESTORS","EXACT_SPECIES_FAMILY_GENUS_READY","GENUS_FAMILY_IN_LCVP_SYNTHETIC_NOT_DIRECT",,FALSE,TRUE
570185,"Erica glandulosa","Erica","Erica|28",28,"False","Erica glandulosa","species","Erica","Ericaceae","True","True","True","True","I_NATURALIST_RANKED_ANCESTORS","EXACT_SPECIES_FAMILY_GENUS_READY","EXACT_SPECIES_TIP_IN_LCVP_BACKBONE","Erica_glandulosa",TRUE,FALSE
570338,"Hedyotis acutangula","Hedyotis","Hedyotis|122",122,"True","Hedyotis acutangula","species","Hedyotis","Rubiaceae","True","True","True","True","I_NATURALIST_RANKED_ANCESTORS","EXACT_SPECIES_FAMILY_GENUS_READY","EXACT_SPECIES_TIP_IN_LCVP_BACKBONE","Hedyotis_acutangula",TRUE,FALSE
570483,"Disa purpurascens","Disa","Disa|27",27,"True","Disa purpurascens","species","Disa","Orchidaceae","True","True","True","True","I_NATURALIST_RANKED_ANCESTORS","EXACT_SPECIES_FAMILY_GENUS_READY","EXACT_SPECIES_TIP_IN_LCVP_BACKBONE","Disa_purpurascens",TRUE,FALSE
570554,"Agathosma planifolia","Agathosma","Agathosma|28",28,"True","Agathosma planifolia","species","Agathosma","Rutaceae","True","True","True","True","I_NATURALIST_RANKED_ANCESTORS","EXACT_SPECIES_FAMILY_GENUS_READY","GENUS_FAMILY_IN_LCVP_SYNTHETIC_NOT_DIRECT",,FALSE,TRUE
570559,"Osteospermum junceum","Osteospermum","Osteospermum|28",28,"False","Osteospermum junceum","species","Osteospermum","Asteraceae","True","True","True","True","I_NATURALIST_RANKED_ANCESTORS","EXACT_SPECIES_FAMILY_GENUS_READY","EXACT_SPECIES_TIP_IN_LCVP_BACKBONE","Osteospermum_junceum",TRUE,FALSE
570823,"Daviesia flexuosa","Daviesia","Daviesia|32",32,"False","Daviesia flexuosa","species","Daviesia","Fabaceae","True","True","True","True","I_NATURALIST_RANKED_ANCESTORS","EXACT_SPECIES_FAMILY_GENUS_READY","GENUS_FAMILY_IN_LCVP_SYNTHETIC_NOT_DIRECT",,FALSE,TRUE
570824,"Grevillea pulchella","Grevillea","Grevillea|32",32,"False","Grevillea pulchella","species","Grevillea","Proteaceae","True","True","True","True","I_NATURALIST_RANKED_ANCESTORS","EXACT_SPECIES_FAMILY_GENUS_READY","GENUS_FAMILY_IN_LCVP_SYNTHETIC_NOT_DIRECT",,FALSE,TRUE
570826,"Conostylis aculeata","Conostylis","Conostylis|50",50,"False","Conostylis aculeata","species","Conostylis","Haemodoraceae","True","True","True","True","I_NATURALIST_RANKED_ANCESTORS","EXACT_SPECIES_FAMILY_GENUS_READY","EXACT_SPECIES_TIP_IN_LCVP_BACKBONE","Conostylis_aculeata",TRUE,FALSE
570829,"Stylidium caespitosum","Stylidium","Stylidium|32",32,"False","Stylidium caespitosum","species","Stylidium","Stylidiaceae","True","True","True","True","I_NATURALIST_RANKED_ANCESTORS","EXACT_SPECIES_FAMILY_GENUS_READY","FAMILY_VERIFIED_GENUS_ABSENT_FROM_LCVP",,FALSE,TRUE
570830,"Acacia hastulata","Acacia","Acacia|32",32,"False","Acacia hastulata","species","Acacia","Fabaceae","True","True","True","True","I_NATURALIST_RANKED_ANCESTORS","EXACT_SPECIES_FAMILY_GENUS_READY","EXACT_SPECIES_TIP_IN_LCVP_BACKBONE","Acacia_hastulata",TRUE,FALSE
570865,"Agathosma recurvifolia","Agathosma","Agathosma|28",28,"True","Agathosma recurvifolia","species","Agathosma","Rutaceae","True","True","True","True","I_NATURALIST_RANKED_ANCESTORS","EXACT_SPECIES_FAMILY_GENUS_READY","GENUS_FAMILY_IN_LCVP_SYNTHETIC_NOT_DIRECT",,FALSE,TRUE
571183,"Serruria triternata","Serruria","Serruria|45",45,"True","Serruria triternata","species","Serruria","Proteaceae","True","True","True","True","I_NATURALIST_RANKED_ANCESTORS","EXACT_SPECIES_FAMILY_GENUS_READY","GENUS_FAMILY_IN_LCVP_SYNTHETIC_NOT_DIRECT",,FALSE,TRUE
571184,"Gladiolus cunonius","Gladiolus","Gladiolus|27",27,"True","Gladiolus cunonius","species","Gladiolus","Iridaceae","True","True","True","True","I_NATURALIST_RANKED_ANCESTORS","EXACT_SPECIES_FAMILY_GENUS_READY","EXACT_SPECIES_TIP_IN_LCVP_BACKBONE","Gladiolus_cunonius",TRUE,FALSE
571209,"Lachenalia fistulosa","Lachenalia","Lachenalia|27",27,"True","Lachenalia fistulosa","species","Lachenalia","Asparagaceae","True","True","True","True","I_NATURALIST_RANKED_ANCESTORS","EXACT_SPECIES_FAMILY_GENUS_READY","GENUS_FAMILY_IN_LCVP_SYNTHETIC_NOT_DIRECT",,FALSE,TRUE
571303,"Leucadendron levisanus","Leucadendron","Leucadendron|27",27,"True","Leucadendron levisanus","species","Leucadendron","Proteaceae","True","True","True","True","I_NATURALIST_RANKED_ANCESTORS","EXACT_SPECIES_FAMILY_GENUS_READY","EXACT_SPECIES_TIP_IN_LCVP_BACKBONE","Leucadendron_levisanus",TRUE,FALSE
571325,"Erica tegulifolia","Erica","Erica|27",27,"True","Erica tegulifolia","species","Erica","Ericaceae","True","True","True","True","I_NATURALIST_RANKED_ANCESTORS","EXACT_SPECIES_FAMILY_GENUS_READY","EXACT_SPECIES_TIP_IN_LCVP_BACKBONE","Erica_tegulifolia",TRUE,FALSE
571465,"Pelargonium incarnatum","Pelargonium","Pelargonium|27",27,"True","Pelargonium incarnatum","species","Pelargonium","Geraniaceae","True","True","True","True","I_NATURALIST_RANKED_ANCESTORS","EXACT_SPECIES_FAMILY_GENUS_READY","EXACT_SPECIES_TIP_IN_LCVP_BACKBONE","Pelargonium_incarnatum",TRUE,FALSE
571481,"Cipura xanthomelas","Cipura","Cipura|60",60,"True","Cipura xanthomelas","species","Cipura","Iridaceae","True","True","True","True","I_NATURALIST_RANKED_ANCESTORS","EXACT_SPECIES_FAMILY_GENUS_READY","GENUS_FAMILY_IN_LCVP_SYNTHETIC_NOT_DIRECT",,FALSE,TRUE
574080,"Selago corymbosa","Selago","Selago|28",28,"False","Selago corymbosa","species","Selago","Scrophulariaceae","True","True","True","True","I_NATURALIST_RANKED_ANCESTORS","EXACT_SPECIES_FAMILY_GENUS_READY","EXACT_SPECIES_TIP_IN_LCVP_BACKBONE","Selago_corymbosa",TRUE,FALSE
574122,"Pelargonium betulinum","Pelargonium","Pelargonium|27",27,"True","Pelargonium betulinum","species","Pelargonium","Geraniaceae","True","True","True","True","I_NATURALIST_RANKED_ANCESTORS","EXACT_SPECIES_FAMILY_GENUS_READY","EXACT_SPECIES_TIP_IN_LCVP_BACKBONE","Pelargonium_betulinum",TRUE,FALSE
574618,"Erica bruniades","Erica","Erica|27",27,"True","Erica bruniades","species","Erica","Ericaceae","True","True","True","True","I_NATURALIST_RANKED_ANCESTORS","EXACT_SPECIES_FAMILY_GENUS_READY","EXACT_SPECIES_TIP_IN_LCVP_BACKBONE","Erica_bruniades",TRUE,FALSE
574685,"Jacksonia condensata","Jacksonia","Jacksonia|32",32,"True","Jacksonia condensata","species","Jacksonia","Fabaceae","True","True","True","True","I_NATURALIST_RANKED_ANCESTORS","EXACT_SPECIES_FAMILY_GENUS_READY","FAMILY_VERIFIED_GENUS_ABSENT_FROM_LCVP",,FALSE,TRUE
574777,"Serruria fasciflora","Serruria","Serruria|45",45,"True","Serruria fasciflora","species","Serruria","Proteaceae","True","True","True","True","I_NATURALIST_RANKED_ANCESTORS","EXACT_SPECIES_FAMILY_GENUS_READY","EXACT_SPECIES_TIP_IN_LCVP_BACKBONE","Serruria_fasciflora",TRUE,FALSE
574852,"Aristea bakeri","Aristea","Aristea|28",28,"True","Aristea bakeri","species","Aristea","Iridaceae","True","True","True","True","I_NATURALIST_RANKED_ANCESTORS","EXACT_SPECIES_FAMILY_GENUS_READY","GENUS_FAMILY_IN_LCVP_SYNTHETIC_NOT_DIRECT",,FALSE,TRUE
575123,"Moraea ramosissima","Moraea","Moraea|27",27,"True","Moraea ramosissima","species","Moraea","Iridaceae","True","True","True","True","I_NATURALIST_RANKED_ANCESTORS","EXACT_SPECIES_FAMILY_GENUS_READY","EXACT_SPECIES_TIP_IN_LCVP_BACKBONE","Moraea_ramosissima",TRUE,FALSE
577581,"Aristea racemosa","Aristea","Aristea|28",28,"True","Aristea racemosa","species","Aristea","Iridaceae","True","True","True","True","I_NATURALIST_RANKED_ANCESTORS","EXACT_SPECIES_FAMILY_GENUS_READY","GENUS_FAMILY_IN_LCVP_SYNTHETIC_NOT_DIRECT",,FALSE,TRUE
578692,"Eulophia ensata","Eulophia","Eulophia|46",46,"False","Eulophia ensata","species","Eulophia","Orchidaceae","True","True","True","True","I_NATURALIST_RANKED_ANCESTORS","EXACT_SPECIES_FAMILY_GENUS_READY","GENUS_FAMILY_IN_LCVP_SYNTHETIC_NOT_DIRECT",,FALSE,TRUE
578703,"Pauridia affinis","Pauridia","Pauridia|45",45,"True","Pauridia affinis","species","Pauridia","Hypoxidaceae","True","True","True","True","I_NATURALIST_RANKED_ANCESTORS","EXACT_SPECIES_FAMILY_GENUS_READY","FAMILY_VERIFIED_GENUS_ABSENT_FROM_LCVP",,FALSE,TRUE
579231,"Agathosma capitata","Agathosma","Agathosma|45",45,"True","Agathosma capitata","species","Agathosma","Rutaceae","True","True","True","True","I_NATURALIST_RANKED_ANCESTORS","EXACT_SPECIES_FAMILY_GENUS_READY","GENUS_FAMILY_IN_LCVP_SYNTHETIC_NOT_DIRECT",,FALSE,TRUE
579276,"Agathosma latipetala","Agathosma","Agathosma|45",45,"True","Agathosma latipetala","species","Agathosma","Rutaceae","True","True","True","True","I_NATURALIST_RANKED_ANCESTORS","EXACT_SPECIES_FAMILY_GENUS_READY","GENUS_FAMILY_IN_LCVP_SYNTHETIC_NOT_DIRECT",,FALSE,TRUE
579299,"Agathosma pilifera","Agathosma","Agathosma|28",28,"True","Agathosma pilifera","species","Agathosma","Rutaceae","True","True","True","True","I_NATURALIST_RANKED_ANCESTORS","EXACT_SPECIES_FAMILY_GENUS_READY","GENUS_FAMILY_IN_LCVP_SYNTHETIC_NOT_DIRECT",,FALSE,TRUE
579980,"Antimima compacta","Antimima","Antimima|45",45,"False","Antimima compacta","species","Antimima","Aizoaceae","True","True","True","True","I_NATURALIST_RANKED_ANCESTORS","EXACT_SPECIES_FAMILY_GENUS_READY","GENUS_FAMILY_IN_LCVP_SYNTHETIC_NOT_DIRECT",,FALSE,TRUE
579999,"Antimima granitica","Antimima","Antimima|45",45,"False","Antimima granitica","species","Antimima","Aizoaceae","True","True","True","True","I_NATURALIST_RANKED_ANCESTORS","EXACT_SPECIES_FAMILY_GENUS_READY","GENUS_FAMILY_IN_LCVP_SYNTHETIC_NOT_DIRECT",,FALSE,TRUE
580055,"Antimima solida","Antimima","Antimima|45",45,"False","Antimima solida","species","Antimima","Aizoaceae","True","True","True","True","I_NATURALIST_RANKED_ANCESTORS","EXACT_SPECIES_FAMILY_GENUS_READY","EXACT_SPECIES_TIP_IN_LCVP_BACKBONE","Antimima_solida",TRUE,FALSE
580124,"Arctotis angustifolia","Arctotis","Arctotis|45",45,"False","Arctotis angustifolia","species","Arctotis","Asteraceae","True","True","True","True","I_NATURALIST_RANKED_ANCESTORS","EXACT_SPECIES_FAMILY_GENUS_READY","EXACT_SPECIES_TIP_IN_LCVP_BACKBONE","Arctotis_angustifolia",TRUE,FALSE
580163,"Arctotis sulcocarpa","Arctotis","Arctotis|45",45,"False","Arctotis sulcocarpa","species","Arctotis","Asteraceae","True","True","True","True","I_NATURALIST_RANKED_ANCESTORS","EXACT_SPECIES_FAMILY_GENUS_READY","EXACT_SPECIES_TIP_IN_LCVP_BACKBONE","Arctotis_sulcocarpa",TRUE,FALSE
580227,"Aristea abyssinica","Aristea","Aristea|46",46,"False","Aristea abyssinica","species","Aristea","Iridaceae","True","True","True","True","I_NATURALIST_RANKED_ANCESTORS","EXACT_SPECIES_FAMILY_GENUS_READY","GENUS_FAMILY_IN_LCVP_SYNTHETIC_NOT_DIRECT",,FALSE,TRUE
580232,"Aristea cistiflora","Aristea","Aristea|28",28,"True","Aristea cistiflora","species","Aristea","Iridaceae","True","True","True","True","I_NATURALIST_RANKED_ANCESTORS","EXACT_SPECIES_FAMILY_GENUS_READY","GENUS_FAMILY_IN_LCVP_SYNTHETIC_NOT_DIRECT",,FALSE,TRUE
580241,"Aristea glauca","Aristea","Aristea|27",27,"True","Aristea glauca","species","Aristea","Iridaceae","True","True","True","True","I_NATURALIST_RANKED_ANCESTORS","EXACT_SPECIES_FAMILY_GENUS_READY","EXACT_SPECIES_TIP_IN_LCVP_BACKBONE","Aristea_glauca",TRUE,FALSE
580247,"Aristea montana","Aristea","Aristea|46",46,"False","Aristea montana","species","Aristea","Iridaceae","True","True","True","True","I_NATURALIST_RANKED_ANCESTORS","EXACT_SPECIES_FAMILY_GENUS_READY","GENUS_FAMILY_IN_LCVP_SYNTHETIC_NOT_DIRECT",,FALSE,TRUE
580263,"Aristea spiralis","Aristea","Aristea|27",27,"True","Aristea spiralis","species","Aristea","Iridaceae","True","True","True","True","I_NATURALIST_RANKED_ANCESTORS","EXACT_SPECIES_FAMILY_GENUS_READY","GENUS_FAMILY_IN_LCVP_SYNTHETIC_NOT_DIRECT",,FALSE,TRUE
580264,"Aristea teretifolia","Aristea","Aristea|27",27,"True","Aristea teretifolia","species","Aristea","Iridaceae","True","True","True","True","I_NATURALIST_RANKED_ANCESTORS","EXACT_SPECIES_FAMILY_GENUS_READY","GENUS_FAMILY_IN_LCVP_SYNTHETIC_NOT_DIRECT",,FALSE,TRUE
580265,"Aristea torulosa","Aristea","Aristea|46",46,"False","Aristea torulosa","species","Aristea","Iridaceae","True","True","True","True","I_NATURALIST_RANKED_ANCESTORS","EXACT_SPECIES_FAMILY_GENUS_READY","GENUS_FAMILY_IN_LCVP_SYNTHETIC_NOT_DIRECT",,FALSE,TRUE
580396,"Aspalathus aculeata","Aspalathus","Aspalathus|45",45,"True","Aspalathus aculeata","species","Aspalathus","Fabaceae","True","True","True","True","I_NATURALIST_RANKED_ANCESTORS","EXACT_SPECIES_FAMILY_GENUS_READY","GENUS_FAMILY_IN_LCVP_SYNTHETIC_NOT_DIRECT",,FALSE,TRUE
580400,"Aspalathus albens","Aspalathus","Aspalathus|27",27,"True","Aspalathus albens","species","Aspalathus","Fabaceae","True","True","True","True","I_NATURALIST_RANKED_ANCESTORS","EXACT_SPECIES_FAMILY_GENUS_READY","GENUS_FAMILY_IN_LCVP_SYNTHETIC_NOT_DIRECT",,FALSE,TRUE
580434,"Aspalathus capensis","Aspalathus","Aspalathus|27",27,"True","Aspalathus capensis","species","Aspalathus","Fabaceae","True","True","True","True","I_NATURALIST_RANKED_ANCESTORS","EXACT_SPECIES_FAMILY_GENUS_READY","GENUS_FAMILY_IN_LCVP_SYNTHETIC_NOT_DIRECT",,FALSE,TRUE
580435,"Aspalathus cephalotes","Aspalathus","Aspalathus|27",27,"True","Aspalathus cephalotes","species","Aspalathus","Fabaceae","True","True","True","True","I_NATURALIST_RANKED_ANCESTORS","EXACT_SPECIES_FAMILY_GENUS_READY","EXACT_SPECIES_TIP_IN_LCVP_BACKBONE","Aspalathus_cephalotes",TRUE,FALSE
580452,"Aspalathus crewiana","Aspalathus","Aspalathus|45",45,"True","Aspalathus crewiana","species","Aspalathus","Fabaceae","True","True","True","True","I_NATURALIST_RANKED_ANCESTORS","EXACT_SPECIES_FAMILY_GENUS_READY","GENUS_FAMILY_IN_LCVP_SYNTHETIC_NOT_DIRECT",,FALSE,TRUE
580513,"Aspalathus lebeckioides","Aspalathus","Aspalathus|27",27,"True","Aspalathus lebeckioides","species","Aspalathus","Fabaceae","True","True","True","True","I_NATURALIST_RANKED_ANCESTORS","EXACT_SPECIES_FAMILY_GENUS_READY","GENUS_FAMILY_IN_LCVP_SYNTHETIC_NOT_DIRECT",,FALSE,TRUE
580639,"Asparagus declinatus","Asparagus","Asparagus|27",27,"True","Asparagus declinatus","species","Asparagus","Asparagaceae","True","True","True","True","I_NATURALIST_RANKED_ANCESTORS","EXACT_SPECIES_FAMILY_GENUS_READY","EXACT_SPECIES_TIP_IN_LCVP_BACKBONE","Asparagus_declinatus",TRUE,FALSE
580674,"Asparagus ovatus","Asparagus","Asparagus|27",27,"True","Asparagus ovatus","species","Asparagus","Asparagaceae","True","True","True","True","I_NATURALIST_RANKED_ANCESTORS","EXACT_SPECIES_FAMILY_GENUS_READY","EXACT_SPECIES_TIP_IN_LCVP_BACKBONE","Asparagus_ovatus",TRUE,FALSE
580806,"Athanasia linifolia","Athanasia","Athanasia|28",28,"True","Athanasia linifolia","species","Athanasia","Asteraceae","True","True","True","True","I_NATURALIST_RANKED_ANCESTORS","EXACT_SPECIES_FAMILY_GENUS_READY","GENUS_FAMILY_IN_LCVP_SYNTHETIC_NOT_DIRECT",,FALSE,TRUE
580813,"Athanasia pinnata","Athanasia","Athanasia|28",28,"True","Athanasia pinnata","species","Athanasia","Asteraceae","True","True","True","True","I_NATURALIST_RANKED_ANCESTORS","EXACT_SPECIES_FAMILY_GENUS_READY","GENUS_FAMILY_IN_LCVP_SYNTHETIC_NOT_DIRECT",,FALSE,TRUE
580900,"Babiana mucronata","Babiana","Babiana|45",45,"True","Babiana mucronata","species","Babiana","Iridaceae","True","True","True","True","I_NATURALIST_RANKED_ANCESTORS","EXACT_SPECIES_FAMILY_GENUS_READY","GENUS_FAMILY_IN_LCVP_SYNTHETIC_NOT_DIRECT",,FALSE,TRUE
580902,"Babiana noctiflora","Babiana","Babiana|45",45,"True","Babiana noctiflora","species","Babiana","Iridaceae","True","True","True","True","I_NATURALIST_RANKED_ANCESTORS","EXACT_SPECIES_FAMILY_GENUS_READY","EXACT_SPECIES_TIP_IN_LCVP_BACKBONE","Babiana_noctiflora",TRUE,FALSE
580914,"Babiana regia","Babiana","Babiana|45",45,"True","Babiana regia","species","Babiana","Iridaceae","True","True","True","True","I_NATURALIST_RANKED_ANCESTORS","EXACT_SPECIES_FAMILY_GENUS_READY","EXACT_SPECIES_TIP_IN_LCVP_BACKBONE","Babiana_regia",TRUE,FALSE
580919,"Babiana secunda","Babiana","Babiana|45",45,"True","Babiana secunda","species","Babiana","Iridaceae","True","True","True","True","I_NATURALIST_RANKED_ANCESTORS","EXACT_SPECIES_FAMILY_GENUS_READY","EXACT_SPECIES_TIP_IN_LCVP_BACKBONE","Babiana_secunda",TRUE,FALSE
580932,"Babiana villosa","Babiana","Babiana|45",45,"True","Babiana villosa","species","Babiana","Iridaceae","True","True","True","True","I_NATURALIST_RANKED_ANCESTORS","EXACT_SPECIES_FAMILY_GENUS_READY","EXACT_SPECIES_TIP_IN_LCVP_BACKBONE","Babiana_villosa",TRUE,FALSE
581053,"Berkheya armata","Berkheya","Berkheya|27",27,"True","Berkheya armata","species","Berkheya","Asteraceae","True","True","True","True","I_NATURALIST_RANKED_ANCESTORS","EXACT_SPECIES_FAMILY_GENUS_READY","GENUS_FAMILY_IN_LCVP_SYNTHETIC_NOT_DIRECT",,FALSE,TRUE
581054,"Berkheya barbata","Berkheya","Berkheya|27",27,"True","Berkheya barbata","species","Berkheya","Asteraceae","True","True","True","True","I_NATURALIST_RANKED_ANCESTORS","EXACT_SPECIES_FAMILY_GENUS_READY","GENUS_FAMILY_IN_LCVP_SYNTHETIC_NOT_DIRECT",,FALSE,TRUE
581084,"Berkheya herbacea","Berkheya","Berkheya|27",27,"True","Berkheya herbacea","species","Berkheya","Asteraceae","True","True","True","True","I_NATURALIST_RANKED_ANCESTORS","EXACT_SPECIES_FAMILY_GENUS_READY","GENUS_FAMILY_IN_LCVP_SYNTHETIC_NOT_DIRECT",,FALSE,TRUE
581401,"Brunia bullata","Brunia","Brunia|28",28,"False","Brunia bullata","species","Brunia","Bruniaceae","True","True","True","True","I_NATURALIST_RANKED_ANCESTORS","EXACT_SPECIES_FAMILY_GENUS_READY","EXACT_SPECIES_TIP_IN_LCVP_BACKBONE","Brunia_bullata",TRUE,FALSE
581402,"Brunia callunoides","Brunia","Brunia|28",28,"False","Brunia callunoides","species","Brunia","Bruniaceae","True","True","True","True","I_NATURALIST_RANKED_ANCESTORS","EXACT_SPECIES_FAMILY_GENUS_READY","EXACT_SPECIES_TIP_IN_LCVP_BACKBONE","Brunia_callunoides",TRUE,FALSE
581404,"Brunia cordata","Brunia","Brunia|28",28,"False","Brunia cordata","species","Brunia","Bruniaceae","True","True","True","True","I_NATURALIST_RANKED_ANCESTORS","EXACT_SPECIES_FAMILY_GENUS_READY","EXACT_SPECIES_TIP_IN_LCVP_BACKBONE","Brunia_cordata",TRUE,FALSE
581574,"Bulbophyllum sandersonii","Bulbophyllum","Bulbophyllum|81",81,"False","Bulbophyllum sandersonii","species","Bulbophyllum","Orchidaceae","True","True","True","True","I_NATURALIST_RANKED_ANCESTORS","EXACT_SPECIES_FAMILY_GENUS_READY","GENUS_FAMILY_IN_LCVP_SYNTHETIC_NOT_DIRECT",,FALSE,TRUE
581788,"Carpobrotus mellei","Carpobrotus","Carpobrotus|28",28,"False","Carpobrotus mellei","species","Carpobrotus","Aizoaceae","True","True","True","True","I_NATURALIST_RANKED_ANCESTORS","EXACT_SPECIES_FAMILY_GENUS_READY","GENUS_FAMILY_IN_LCVP_SYNTHETIC_NOT_DIRECT",,FALSE,TRUE
581789,"Carpobrotus muirii","Carpobrotus","Carpobrotus|28",28,"False","Carpobrotus muirii","species","Carpobrotus","Aizoaceae","True","True","True","True","I_NATURALIST_RANKED_ANCESTORS","EXACT_SPECIES_FAMILY_GENUS_READY","EXACT_SPECIES_TIP_IN_LCVP_BACKBONE","Carpobrotus_muirii",TRUE,FALSE
581900,"Cephalophyllum herrei","Cephalophyllum","Cephalophyllum|45",45,"True","Cephalophyllum herrei","species","Cephalophyllum","Aizoaceae","True","True","True","True","I_NATURALIST_RANKED_ANCESTORS","EXACT_SPECIES_FAMILY_GENUS_READY","GENUS_FAMILY_IN_LCVP_SYNTHETIC_NOT_DIRECT",,FALSE,TRUE
581901,"Cephalophyllum inaequale","Cephalophyllum","Cephalophyllum|45",45,"True","Cephalophyllum inaequale","species","Cephalophyllum","Aizoaceae","True","True","True","True","I_NATURALIST_RANKED_ANCESTORS","EXACT_SPECIES_FAMILY_GENUS_READY","EXACT_SPECIES_TIP_IN_LCVP_BACKBONE","Cephalophyllum_inaequale",TRUE,FALSE
581908,"Cephalophyllum pillansii","Cephalophyllum","Cephalophyllum|45",45,"True","Cephalophyllum pillansii","species","Cephalophyllum","Aizoaceae","True","True","True","True","I_NATURALIST_RANKED_ANCESTORS","EXACT_SPECIES_FAMILY_GENUS_READY","EXACT_SPECIES_TIP_IN_LCVP_BACKBONE","Cephalophyllum_pillansii",TRUE,FALSE
581994,"Chaenostoma aethiopicum","Chaenostoma","Chaenostoma|28",28,"False","Chaenostoma aethiopicum","species","Chaenostoma","Scrophulariaceae","True","True","True","True","I_NATURALIST_RANKED_ANCESTORS","EXACT_SPECIES_FAMILY_GENUS_READY","GENUS_FAMILY_IN_LCVP_SYNTHETIC_NOT_DIRECT",,FALSE,TRUE
582000,"Chaenostoma campanulatum","Chaenostoma","Chaenostoma|28",28,"False","Chaenostoma campanulatum","species","Chaenostoma","Scrophulariaceae","True","True","True","True","I_NATURALIST_RANKED_ANCESTORS","EXACT_SPECIES_FAMILY_GENUS_READY","GENUS_FAMILY_IN_LCVP_SYNTHETIC_NOT_DIRECT",,FALSE,TRUE
582011,"Chaenostoma integrifolium","Chaenostoma","Chaenostoma|28",28,"False","Chaenostoma integrifolium","species","Chaenostoma","Scrophulariaceae","True","True","True","True","I_NATURALIST_RANKED_ANCESTORS","EXACT_SPECIES_FAMILY_GENUS_READY","GENUS_FAMILY_IN_LCVP_SYNTHETIC_NOT_DIRECT",,FALSE,TRUE
582027,"Chaenostoma revolutum","Chaenostoma","Chaenostoma|28",28,"False","Chaenostoma revolutum","species","Chaenostoma","Scrophulariaceae","True","True","True","True","I_NATURALIST_RANKED_ANCESTORS","EXACT_SPECIES_FAMILY_GENUS_READY","GENUS_FAMILY_IN_LCVP_SYNTHETIC_NOT_DIRECT",,FALSE,TRUE
582934,"Crassula mollis","Crassula","Crassula|28",28,"False","Crassula mollis","species","Crassula","Crassulaceae","True","True","True","True","I_NATURALIST_RANKED_ANCESTORS","EXACT_SPECIES_FAMILY_GENUS_READY","GENUS_FAMILY_IN_LCVP_SYNTHETIC_NOT_DIRECT",,FALSE,TRUE
582942,"Crassula oblanceolata","Crassula","Crassula|27",27,"True","Crassula oblanceolata","species","Crassula","Crassulaceae","True","True","True","True","I_NATURALIST_RANKED_ANCESTORS","EXACT_SPECIES_FAMILY_GENUS_READY","GENUS_FAMILY_IN_LCVP_SYNTHETIC_NOT_DIRECT",,FALSE,TRUE
582959,"Crassula saxifraga","Crassula","Crassula|27",27,"True","Crassula saxifraga","species","Crassula","Crassulaceae","True","True","True","True","I_NATURALIST_RANKED_ANCESTORS","EXACT_SPECIES_FAMILY_GENUS_READY","GENUS_FAMILY_IN_LCVP_SYNTHETIC_NOT_DIRECT",,FALSE,TRUE
582961,"Crassula sebaeoides","Crassula","Crassula|28",28,"False","Crassula sebaeoides","species","Crassula","Crassulaceae","True","True","True","True","I_NATURALIST_RANKED_ANCESTORS","EXACT_SPECIES_FAMILY_GENUS_READY","EXACT_SPECIES_TIP_IN_LCVP_BACKBONE","Crassula_sebaeoides",TRUE,FALSE
582972,"Crassula subulata","Crassula","Crassula|28",28,"False","Crassula subulata","species","Crassula","Crassulaceae","True","True","True","True","I_NATURALIST_RANKED_ANCESTORS","EXACT_SPECIES_FAMILY_GENUS_READY","GENUS_FAMILY_IN_LCVP_SYNTHETIC_NOT_DIRECT",,FALSE,TRUE
583115,"Cullumia decurrens","Cullumia","Cullumia|28",28,"True","Cullumia decurrens","species","Cullumia","Asteraceae","True","True","True","True","I_NATURALIST_RANKED_ANCESTORS","EXACT_SPECIES_FAMILY_GENUS_READY","EXACT_SPECIES_TIP_IN_LCVP_BACKBONE","Cullumia_decurrens",TRUE,FALSE
583122,"Cullumia sulcata","Cullumia","Cullumia|28",28,"True","Cullumia sulcata","species","Cullumia","Asteraceae","True","True","True","True","I_NATURALIST_RANKED_ANCESTORS","EXACT_SPECIES_FAMILY_GENUS_READY","GENUS_FAMILY_IN_LCVP_SYNTHETIC_NOT_DIRECT",,FALSE,TRUE
583175,"Cyclopia longifolia","Cyclopia","Cyclopia|28",28,"False","Cyclopia longifolia","species","Cyclopia","Fabaceae","True","True","True","True","I_NATURALIST_RANKED_ANCESTORS","EXACT_SPECIES_FAMILY_GENUS_READY","GENUS_FAMILY_IN_LCVP_SYNTHETIC_NOT_DIRECT",,FALSE,TRUE
583222,"Cynorkis kassneriana","Cynorkis","Cynorkis|64",64,"True","Cynorkis kassneriana","species","Cynorkis","Orchidaceae","True","True","True","True","I_NATURALIST_RANKED_ANCESTORS","EXACT_SPECIES_FAMILY_GENUS_READY","FAMILY_VERIFIED_GENUS_ABSENT_FROM_LCVP",,FALSE,TRUE
583361,"Cyrtanthus brachyscyphus","Cyrtanthus","Cyrtanthus|46",46,"False","Cyrtanthus brachyscyphus","species","Cyrtanthus","Amaryllidaceae","True","True","True","True","I_NATURALIST_RANKED_ANCESTORS","EXACT_SPECIES_FAMILY_GENUS_READY","GENUS_FAMILY_IN_LCVP_SYNTHETIC_NOT_DIRECT",,FALSE,TRUE
583373,"Cyrtanthus flanaganii","Cyrtanthus","Cyrtanthus|46",46,"False","Cyrtanthus flanaganii","species","Cyrtanthus","Amaryllidaceae","True","True","True","True","I_NATURALIST_RANKED_ANCESTORS","EXACT_SPECIES_FAMILY_GENUS_READY","GENUS_FAMILY_IN_LCVP_SYNTHETIC_NOT_DIRECT",,FALSE,TRUE
583535,"Delosperma maxwelliae","Delosperma","Delosperma|28",28,"False","Delosperma maxwelliae","species","Delosperma","Aizoaceae","True","True","True","True","I_NATURALIST_RANKED_ANCESTORS","EXACT_SPECIES_FAMILY_GENUS_READY","GENUS_FAMILY_IN_LCVP_SYNTHETIC_NOT_DIRECT",,FALSE,TRUE
583548,"Delosperma patersoniae","Delosperma","Delosperma|28",28,"False","Delosperma patersoniae","species","Delosperma","Aizoaceae","True","True","True","True","I_NATURALIST_RANKED_ANCESTORS","EXACT_SPECIES_FAMILY_GENUS_READY","GENUS_FAMILY_IN_LCVP_SYNTHETIC_NOT_DIRECT",,FALSE,TRUE
583579,"Delosperma uncinatum","Delosperma","Delosperma|28",28,"False","Delosperma uncinatum","species","Delosperma","Aizoaceae","True","True","True","True","I_NATURALIST_RANKED_ANCESTORS","EXACT_SPECIES_FAMILY_GENUS_READY","GENUS_FAMILY_IN_LCVP_SYNTHETIC_NOT_DIRECT",,FALSE,TRUE
583642,"Diascia capensis","Diascia","Diascia|45",45,"True","Diascia capensis","species","Diascia","Scrophulariaceae","True","True","True","True","I_NATURALIST_RANKED_ANCESTORS","EXACT_SPECIES_FAMILY_GENUS_READY","GENUS_FAMILY_IN_LCVP_SYNTHETIC_NOT_DIRECT",,FALSE,TRUE
583854,"Diosma arenicola","Diosma","Diosma|28",28,"True","Diosma arenicola","species","Diosma","Rutaceae","True","True","True","True","I_NATURALIST_RANKED_ANCESTORS","EXACT_SPECIES_FAMILY_GENUS_READY","FAMILY_VERIFIED_GENUS_ABSENT_FROM_LCVP",,FALSE,TRUE
583862,"Diosma guthriei","Diosma","Diosma|28",28,"True","Diosma guthriei","species","Diosma","Rutaceae","True","True","True","True","I_NATURALIST_RANKED_ANCESTORS","EXACT_SPECIES_FAMILY_GENUS_READY","FAMILY_VERIFIED_GENUS_ABSENT_FROM_LCVP",,FALSE,TRUE
583866,"Diosma passerinoides","Diosma","Diosma|28",28,"True","Diosma passerinoides","species","Diosma","Rutaceae","True","True","True","True","I_NATURALIST_RANKED_ANCESTORS","EXACT_SPECIES_FAMILY_GENUS_READY","FAMILY_VERIFIED_GENUS_ABSENT_FROM_LCVP",,FALSE,TRUE
583945,"Disa aurata","Disa","Disa|28",28,"True","Disa aurata","species","Disa","Orchidaceae","True","True","True","True","I_NATURALIST_RANKED_ANCESTORS","EXACT_SPECIES_FAMILY_GENUS_READY","EXACT_SPECIES_TIP_IN_LCVP_BACKBONE","Disa_aurata",TRUE,FALSE
583954,"Disa cardinalis","Disa","Disa|28",28,"True","Disa cardinalis","species","Disa","Orchidaceae","True","True","True","True","I_NATURALIST_RANKED_ANCESTORS","EXACT_SPECIES_FAMILY_GENUS_READY","EXACT_SPECIES_TIP_IN_LCVP_BACKBONE","Disa_cardinalis",TRUE,FALSE
584193,"Drosanthemum ambiguum","Drosanthemum","Drosanthemum|45",45,"False","Drosanthemum ambiguum","species","Drosanthemum","Aizoaceae","True","True","True","True","I_NATURALIST_RANKED_ANCESTORS","EXACT_SPECIES_FAMILY_GENUS_READY","GENUS_FAMILY_IN_LCVP_SYNTHETIC_NOT_DIRECT",,FALSE,TRUE
584235,"Drosanthemum hallii","Drosanthemum","Drosanthemum|45",45,"False","Drosanthemum hallii","species","Drosanthemum","Aizoaceae","True","True","True","True","I_NATURALIST_RANKED_ANCESTORS","EXACT_SPECIES_FAMILY_GENUS_READY","GENUS_FAMILY_IN_LCVP_SYNTHETIC_NOT_DIRECT",,FALSE,TRUE
584239,"Drosanthemum intermedium","Drosanthemum","Drosanthemum|28",28,"False","Drosanthemum intermedium","species","Drosanthemum","Aizoaceae","True","True","True","True","I_NATURALIST_RANKED_ANCESTORS","EXACT_SPECIES_FAMILY_GENUS_READY","GENUS_FAMILY_IN_LCVP_SYNTHETIC_NOT_DIRECT",,FALSE,TRUE
584262,"Drosanthemum parvifolium","Drosanthemum","Drosanthemum|45",45,"False","Drosanthemum parvifolium","species","Drosanthemum","Aizoaceae","True","True","True","True","I_NATURALIST_RANKED_ANCESTORS","EXACT_SPECIES_FAMILY_GENUS_READY","GENUS_FAMILY_IN_LCVP_SYNTHETIC_NOT_DIRECT",,FALSE,TRUE
584264,"Drosanthemum praecultum","Drosanthemum","Drosanthemum|28",28,"False","Drosanthemum praecultum","species","Drosanthemum","Aizoaceae","True","True","True","True","I_NATURALIST_RANKED_ANCESTORS","EXACT_SPECIES_FAMILY_GENUS_READY","EXACT_SPECIES_TIP_IN_LCVP_BACKBONE","Drosanthemum_praecultum",TRUE,FALSE
584272,"Drosanthemum schoenlandianum","Drosanthemum","Drosanthemum|45",45,"False","Drosanthemum schoenlandianum","species","Drosanthemum","Aizoaceae","True","True","True","True","I_NATURALIST_RANKED_ANCESTORS","EXACT_SPECIES_FAMILY_GENUS_READY","EXACT_SPECIES_TIP_IN_LCVP_BACKBONE","Drosanthemum_schoenlandianum",TRUE,FALSE
584654,"Erica aneimena","Erica","Erica|28",28,"False","Erica aneimena","species","Erica","Ericaceae","True","True","True","True","I_NATURALIST_RANKED_ANCESTORS","EXACT_SPECIES_FAMILY_GENUS_READY","EXACT_SPECIES_TIP_IN_LCVP_BACKBONE","Erica_aneimena",TRUE,FALSE
584656,"Erica anguligera","Erica","Erica|27",27,"True","Erica anguligera","species","Erica","Ericaceae","True","True","True","True","I_NATURALIST_RANKED_ANCESTORS","EXACT_SPECIES_FAMILY_GENUS_READY","GENUS_FAMILY_IN_LCVP_SYNTHETIC_NOT_DIRECT",,FALSE,TRUE
584658,"Erica annectens","Erica","Erica|27",27,"True","Erica annectens","species","Erica","Ericaceae","True","True","True","True","I_NATURALIST_RANKED_ANCESTORS","EXACT_SPECIES_FAMILY_GENUS_READY","EXACT_SPECIES_TIP_IN_LCVP_BACKBONE","Erica_annectens",TRUE,FALSE
584662,"Erica ardens","Erica","Erica|28",28,"False","Erica ardens","species","Erica","Ericaceae","True","True","True","True","I_NATURALIST_RANKED_ANCESTORS","EXACT_SPECIES_FAMILY_GENUS_READY","EXACT_SPECIES_TIP_IN_LCVP_BACKBONE","Erica_ardens",TRUE,FALSE
584692,"Erica bicolor","Erica","Erica|45",45,"True","Erica bicolor","species","Erica","Ericaceae","True","True","True","True","I_NATURALIST_RANKED_ANCESTORS","EXACT_SPECIES_FAMILY_GENUS_READY","EXACT_SPECIES_TIP_IN_LCVP_BACKBONE","Erica_bicolor",TRUE,FALSE
584696,"Erica blenna","Erica","Erica|28",28,"False","Erica blenna","species","Erica","Ericaceae","True","True","True","True","I_NATURALIST_RANKED_ANCESTORS","EXACT_SPECIES_FAMILY_GENUS_READY","EXACT_SPECIES_TIP_IN_LCVP_BACKBONE","Erica_blenna",TRUE,FALSE
584717,"Erica calcareophila","Erica","Erica|27",27,"True","Erica calcareophila","species","Erica","Ericaceae","True","True","True","True","I_NATURALIST_RANKED_ANCESTORS","EXACT_SPECIES_FAMILY_GENUS_READY","EXACT_SPECIES_TIP_IN_LCVP_BACKBONE","Erica_calcareophila",TRUE,FALSE
584731,"Erica ceraria","Erica","Erica|27",27,"True","Erica ceraria","species","Erica","Ericaceae","True","True","True","True","I_NATURALIST_RANKED_ANCESTORS","EXACT_SPECIES_FAMILY_GENUS_READY","GENUS_FAMILY_IN_LCVP_SYNTHETIC_NOT_DIRECT",,FALSE,TRUE
584764,"Erica cristata","Erica","Erica|27",27,"True","Erica cristata","species","Erica","Ericaceae","True","True","True","True","I_NATURALIST_RANKED_ANCESTORS","EXACT_SPECIES_FAMILY_GENUS_READY","EXACT_SPECIES_TIP_IN_LCVP_BACKBONE","Erica_cristata",TRUE,FALSE
584767,"Erica cubica","Erica","Erica|28",28,"False","Erica cubica","species","Erica","Ericaceae","True","True","True","True","I_NATURALIST_RANKED_ANCESTORS","EXACT_SPECIES_FAMILY_GENUS_READY","EXACT_SPECIES_TIP_IN_LCVP_BACKBONE","Erica_cubica",TRUE,FALSE
584773,"Erica curvirostris","Erica","Erica|27",27,"True","Erica curvirostris","species","Erica","Ericaceae","True","True","True","True","I_NATURALIST_RANKED_ANCESTORS","EXACT_SPECIES_FAMILY_GENUS_READY","EXACT_SPECIES_TIP_IN_LCVP_BACKBONE","Erica_curvirostris",TRUE,FALSE
584789,"Erica diaphana","Erica","Erica|28",28,"False","Erica diaphana","species","Erica","Ericaceae","True","True","True","True","I_NATURALIST_RANKED_ANCESTORS","EXACT_SPECIES_FAMILY_GENUS_READY","EXACT_SPECIES_TIP_IN_LCVP_BACKBONE","Erica_diaphana",TRUE,FALSE
584795,"Erica dodii","Erica","Erica|27",27,"True","Erica dodii","species","Erica","Ericaceae","True","True","True","True","I_NATURALIST_RANKED_ANCESTORS","EXACT_SPECIES_FAMILY_GENUS_READY","EXACT_SPECIES_TIP_IN_LCVP_BACKBONE","Erica_dodii",TRUE,FALSE
584811,"Erica empetrina","Erica","Erica|27",27,"True","Erica empetrina","species","Erica","Ericaceae","True","True","True","True","I_NATURALIST_RANKED_ANCESTORS","EXACT_SPECIES_FAMILY_GENUS_READY","EXACT_SPECIES_TIP_IN_LCVP_BACKBONE","Erica_empetrina",TRUE,FALSE
584817,"Erica eriocephala","Erica","Erica|27",27,"True","Erica eriocephala","species","Erica","Ericaceae","True","True","True","True","I_NATURALIST_RANKED_ANCESTORS","EXACT_SPECIES_FAMILY_GENUS_READY","EXACT_SPECIES_TIP_IN_LCVP_BACKBONE","Erica_eriocephala",TRUE,FALSE
584834,"Erica ferrea","Erica","Erica|45",45,"True","Erica ferrea","species","Erica","Ericaceae","True","True","True","True","I_NATURALIST_RANKED_ANCESTORS","EXACT_SPECIES_FAMILY_GENUS_READY","EXACT_SPECIES_TIP_IN_LCVP_BACKBONE","Erica_ferrea",TRUE,FALSE
584877,"Erica gysbertii","Erica","Erica|27",27,"True","Erica gysbertii","species","Erica","Ericaceae","True","True","True","True","I_NATURALIST_RANKED_ANCESTORS","EXACT_SPECIES_FAMILY_GENUS_READY","EXACT_SPECIES_TIP_IN_LCVP_BACKBONE","Erica_gysbertii",TRUE,FALSE
584896,"Erica hirta","Erica","Erica|27",27,"True","Erica hirta","species","Erica","Ericaceae","True","True","True","True","I_NATURALIST_RANKED_ANCESTORS","EXACT_SPECIES_FAMILY_GENUS_READY","GENUS_FAMILY_IN_LCVP_SYNTHETIC_NOT_DIRECT",,FALSE,TRUE
584897,"Erica hispidula","Erica","Erica|28",28,"False","Erica hispidula","species","Erica","Ericaceae","True","True","True","True","I_NATURALIST_RANKED_ANCESTORS","EXACT_SPECIES_FAMILY_GENUS_READY","EXACT_SPECIES_TIP_IN_LCVP_BACKBONE","Erica_hispidula",TRUE,FALSE
584918,"Erica interrupta","Erica","Erica|27",27,"True","Erica interrupta","species","Erica","Ericaceae","True","True","True","True","I_NATURALIST_RANKED_ANCESTORS","EXACT_SPECIES_FAMILY_GENUS_READY","EXACT_SPECIES_TIP_IN_LCVP_BACKBONE","Erica_interrupta",TRUE,FALSE
584928,"Erica ixanthera","Erica","Erica|28",28,"False","Erica ixanthera","species","Erica","Ericaceae","True","True","True","True","I_NATURALIST_RANKED_ANCESTORS","EXACT_SPECIES_FAMILY_GENUS_READY","GENUS_FAMILY_IN_LCVP_SYNTHETIC_NOT_DIRECT",,FALSE,TRUE
584949,"Erica laeta","Erica","Erica|27",27,"True","Erica laeta","species","Erica","Ericaceae","True","True","True","True","I_NATURALIST_RANKED_ANCESTORS","EXACT_SPECIES_FAMILY_GENUS_READY","EXACT_SPECIES_TIP_IN_LCVP_BACKBONE","Erica_laeta",TRUE,FALSE
584986,"Erica lucida","Erica","Erica|27",27,"True","Erica lucida","species","Erica","Ericaceae","True","True","True","True","I_NATURALIST_RANKED_ANCESTORS","EXACT_SPECIES_FAMILY_GENUS_READY","EXACT_SPECIES_TIP_IN_LCVP_BACKBONE","Erica_lucida",TRUE,FALSE
584989,"Erica macilenta","Erica","Erica|28",28,"False","Erica macilenta","species","Erica","Ericaceae","True","True","True","True","I_NATURALIST_RANKED_ANCESTORS","EXACT_SPECIES_FAMILY_GENUS_READY","GENUS_FAMILY_IN_LCVP_SYNTHETIC_NOT_DIRECT",,FALSE,TRUE
585009,"Erica melastoma","Erica","Erica|27",27,"True","Erica melastoma","species","Erica","Ericaceae","True","True","True","True","I_NATURALIST_RANKED_ANCESTORS","EXACT_SPECIES_FAMILY_GENUS_READY","EXACT_SPECIES_TIP_IN_LCVP_BACKBONE","Erica_melastoma",TRUE,FALSE
585022,"Erica multumbellifera","Erica","Erica|27",27,"True","Erica multumbellifera","species","Erica","Ericaceae","True","True","True","True","I_NATURALIST_RANKED_ANCESTORS","EXACT_SPECIES_FAMILY_GENUS_READY","EXACT_SPECIES_TIP_IN_LCVP_BACKBONE","Erica_multumbellifera",TRUE,FALSE
585073,"Erica paniculata","Erica","Erica|45",45,"True","Erica paniculata","species","Erica","Ericaceae","True","True","True","True","I_NATURALIST_RANKED_ANCESTORS","EXACT_SPECIES_FAMILY_GENUS_READY","EXACT_SPECIES_TIP_IN_LCVP_BACKBONE","Erica_paniculata",TRUE,FALSE
585083,"Erica pectinifolia","Erica","Erica|28",28,"False","Erica pectinifolia","species","Erica","Ericaceae","True","True","True","True","I_NATURALIST_RANKED_ANCESTORS","EXACT_SPECIES_FAMILY_GENUS_READY","EXACT_SPECIES_TIP_IN_LCVP_BACKBONE","Erica_pectinifolia",TRUE,FALSE
585093,"Erica petrusiana","Erica","Erica|27",27,"True","Erica petrusiana","species","Erica","Ericaceae","True","True","True","True","I_NATURALIST_RANKED_ANCESTORS","EXACT_SPECIES_FAMILY_GENUS_READY","GENUS_FAMILY_IN_LCVP_SYNTHETIC_NOT_DIRECT",,FALSE,TRUE
585105,"Erica pinea","Erica","Erica|45",45,"True","Erica pinea","species","Erica","Ericaceae","True","True","True","True","I_NATURALIST_RANKED_ANCESTORS","EXACT_SPECIES_FAMILY_GENUS_READY","EXACT_SPECIES_TIP_IN_LCVP_BACKBONE","Erica_pinea",TRUE,FALSE
585111,"Erica plumosa","Erica","Erica|45",45,"True","Erica plumosa","species","Erica","Ericaceae","True","True","True","True","I_NATURALIST_RANKED_ANCESTORS","EXACT_SPECIES_FAMILY_GENUS_READY","EXACT_SPECIES_TIP_IN_LCVP_BACKBONE","Erica_plumosa",TRUE,FALSE
585130,"Erica pulchella","Erica","Erica|27",27,"True","Erica pulchella","species","Erica","Ericaceae","True","True","True","True","I_NATURALIST_RANKED_ANCESTORS","EXACT_SPECIES_FAMILY_GENUS_READY","EXACT_SPECIES_TIP_IN_LCVP_BACKBONE","Erica_pulchella",TRUE,FALSE
585141,"Erica radicans","Erica","Erica|28",28,"False","Erica radicans","species","Erica","Ericaceae","True","True","True","True","I_NATURALIST_RANKED_ANCESTORS","EXACT_SPECIES_FAMILY_GENUS_READY","EXACT_SPECIES_TIP_IN_LCVP_BACKBONE","Erica_radicans",TRUE,FALSE
585148,"Erica retorta","Erica","Erica|27",27,"True","Erica retorta","species","Erica","Ericaceae","True","True","True","True","I_NATURALIST_RANKED_ANCESTORS","EXACT_SPECIES_FAMILY_GENUS_READY","EXACT_SPECIES_TIP_IN_LCVP_BACKBONE","Erica_retorta",TRUE,FALSE
585194,"Erica sitiens","Erica","Erica|27",27,"True","Erica sitiens","species","Erica","Ericaceae","True","True","True","True","I_NATURALIST_RANKED_ANCESTORS","EXACT_SPECIES_FAMILY_GENUS_READY","EXACT_SPECIES_TIP_IN_LCVP_BACKBONE","Erica_sitiens",TRUE,FALSE
585204,"Erica steinbergiana","Erica","Erica|28",28,"False","Erica steinbergiana","species","Erica","Ericaceae","True","True","True","True","I_NATURALIST_RANKED_ANCESTORS","EXACT_SPECIES_FAMILY_GENUS_READY","EXACT_SPECIES_TIP_IN_LCVP_BACKBONE","Erica_steinbergiana",TRUE,FALSE
585213,"Erica subdivaricata","Erica","Erica|27",27,"True","Erica subdivaricata","species","Erica","Ericaceae","True","True","True","True","I_NATURALIST_RANKED_ANCESTORS","EXACT_SPECIES_FAMILY_GENUS_READY","EXACT_SPECIES_TIP_IN_LCVP_BACKBONE","Erica_subdivaricata",TRUE,FALSE
585220,"Erica taxifolia","Erica","Erica|27",27,"True","Erica taxifolia","species","Erica","Ericaceae","True","True","True","True","I_NATURALIST_RANKED_ANCESTORS","EXACT_SPECIES_FAMILY_GENUS_READY","EXACT_SPECIES_TIP_IN_LCVP_BACKBONE","Erica_taxifolia",TRUE,FALSE
585238,"Erica totta","Erica","Erica|45",45,"True","Erica totta","species","Erica","Ericaceae","True","True","True","True","I_NATURALIST_RANKED_ANCESTORS","EXACT_SPECIES_FAMILY_GENUS_READY","EXACT_SPECIES_TIP_IN_LCVP_BACKBONE","Erica_totta",TRUE,FALSE
585243,"Erica triceps","Erica","Erica|28",28,"False","Erica triceps","species","Erica","Ericaceae","True","True","True","True","I_NATURALIST_RANKED_ANCESTORS","EXACT_SPECIES_FAMILY_GENUS_READY","EXACT_SPECIES_TIP_IN_LCVP_BACKBONE","Erica_triceps",TRUE,FALSE
585263,"Erica unicolor","Erica","Erica|28",28,"False","Erica unicolor","species","Erica","Ericaceae","True","True","True","True","I_NATURALIST_RANKED_ANCESTORS","EXACT_SPECIES_FAMILY_GENUS_READY","EXACT_SPECIES_TIP_IN_LCVP_BACKBONE","Erica_unicolor",TRUE,FALSE
585530,"Eulophia angolensis","Eulophia","Eulophia|46",46,"False","Eulophia angolensis","species","Eulophia","Orchidaceae","True","True","True","True","I_NATURALIST_RANKED_ANCESTORS","EXACT_SPECIES_FAMILY_GENUS_READY","EXACT_SPECIES_TIP_IN_LCVP_BACKBONE","Eulophia_angolensis",TRUE,FALSE
585541,"Eulophia longisepala","Eulophia","Eulophia|63",63,"True","Eulophia longisepala","species","Eulophia","Orchidaceae","True","True","True","True","I_NATURALIST_RANKED_ANCESTORS","EXACT_SPECIES_FAMILY_GENUS_READY","EXACT_SPECIES_TIP_IN_LCVP_BACKBONE","Eulophia_longisepala",TRUE,FALSE
585686,"Euryops algoensis","Euryops","Euryops|28",28,"False","Euryops algoensis","species","Euryops","Asteraceae","True","True","True","True","I_NATURALIST_RANKED_ANCESTORS","EXACT_SPECIES_FAMILY_GENUS_READY","EXACT_SPECIES_TIP_IN_LCVP_BACKBONE","Euryops_algoensis",TRUE,FALSE
585709,"Euryops ericoides","Euryops","Euryops|28",28,"False","Euryops ericoides","species","Euryops","Asteraceae","True","True","True","True","I_NATURALIST_RANKED_ANCESTORS","EXACT_SPECIES_FAMILY_GENUS_READY","EXACT_SPECIES_TIP_IN_LCVP_BACKBONE","Euryops_ericoides",TRUE,FALSE
585760,"Euryops ursinoides","Euryops","Euryops|28",28,"False","Euryops ursinoides","species","Euryops","Asteraceae","True","True","True","True","I_NATURALIST_RANKED_ANCESTORS","EXACT_SPECIES_FAMILY_GENUS_READY","EXACT_SPECIES_TIP_IN_LCVP_BACKBONE","Euryops_ursinoides",TRUE,FALSE
585813,"Felicia clavipilosa","Felicia","Felicia|46",46,"False","Felicia clavipilosa","species","Felicia","Asteraceae","True","True","True","True","I_NATURALIST_RANKED_ANCESTORS","EXACT_SPECIES_FAMILY_GENUS_READY","EXACT_SPECIES_TIP_IN_LCVP_BACKBONE","Felicia_clavipilosa",TRUE,FALSE
585820,"Felicia dregei","Felicia","Felicia|45",45,"False","Felicia dregei","species","Felicia","Asteraceae","True","True","True","True","I_NATURALIST_RANKED_ANCESTORS","EXACT_SPECIES_FAMILY_GENUS_READY","GENUS_FAMILY_IN_LCVP_SYNTHETIC_NOT_DIRECT",,FALSE,TRUE
585833,"Felicia hyssopifolia","Felicia","Felicia|45",45,"False","Felicia hyssopifolia","species","Felicia","Asteraceae","True","True","True","True","I_NATURALIST_RANKED_ANCESTORS","EXACT_SPECIES_FAMILY_GENUS_READY","GENUS_FAMILY_IN_LCVP_SYNTHETIC_NOT_DIRECT",,FALSE,TRUE
585846,"Felicia mossamedensis","Felicia","Felicia|46",46,"False","Felicia mossamedensis","species","Felicia","Asteraceae","True","True","True","True","I_NATURALIST_RANKED_ANCESTORS","EXACT_SPECIES_FAMILY_GENUS_READY","GENUS_FAMILY_IN_LCVP_SYNTHETIC_NOT_DIRECT",,FALSE,TRUE
585909,"Ficinia ecklonea","Ficinia","Ficinia|27",27,"True","Ficinia ecklonea","species","Ficinia","Cyperaceae","True","True","True","True","I_NATURALIST_RANKED_ANCESTORS","EXACT_SPECIES_FAMILY_GENUS_READY","GENUS_FAMILY_IN_LCVP_SYNTHETIC_NOT_DIRECT",,FALSE,TRUE
585924,"Ficinia lateralis","Ficinia","Ficinia|27",27,"True","Ficinia lateralis","species","Ficinia","Cyperaceae","True","True","True","True","I_NATURALIST_RANKED_ANCESTORS","EXACT_SPECIES_FAMILY_GENUS_READY","GENUS_FAMILY_IN_LCVP_SYNTHETIC_NOT_DIRECT",,FALSE,TRUE
585926,"Ficinia levynsiae","Ficinia","Ficinia|27",27,"True","Ficinia levynsiae","species","Ficinia","Cyperaceae","True","True","True","True","I_NATURALIST_RANKED_ANCESTORS","EXACT_SPECIES_FAMILY_GENUS_READY","GENUS_FAMILY_IN_LCVP_SYNTHETIC_NOT_DIRECT",,FALSE,TRUE
585934,"Ficinia oligantha","Ficinia","Ficinia|27",27,"True","Ficinia oligantha","species","Ficinia","Cyperaceae","True","True","True","True","I_NATURALIST_RANKED_ANCESTORS","EXACT_SPECIES_FAMILY_GENUS_READY","GENUS_FAMILY_IN_LCVP_SYNTHETIC_NOT_DIRECT",,FALSE,TRUE
585936,"Ficinia pallens","Ficinia","Ficinia|27",27,"True","Ficinia pallens","species","Ficinia","Cyperaceae","True","True","True","True","I_NATURALIST_RANKED_ANCESTORS","EXACT_SPECIES_FAMILY_GENUS_READY","GENUS_FAMILY_IN_LCVP_SYNTHETIC_NOT_DIRECT",,FALSE,TRUE
586174,"Gazania serrata","Gazania","Gazania|45",45,"False","Gazania serrata","species","Gazania","Asteraceae","True","True","True","True","I_NATURALIST_RANKED_ANCESTORS","EXACT_SPECIES_FAMILY_GENUS_READY","EXACT_SPECIES_TIP_IN_LCVP_BACKBONE","Gazania_serrata",TRUE,FALSE
586217,"Geissorhiza erosa","Geissorhiza","Geissorhiza|27",27,"True","Geissorhiza erosa","species","Geissorhiza","Iridaceae","True","True","True","True","I_NATURALIST_RANKED_ANCESTORS","EXACT_SPECIES_FAMILY_GENUS_READY","GENUS_FAMILY_IN_LCVP_SYNTHETIC_NOT_DIRECT",,FALSE,TRUE
586220,"Geissorhiza eurystigma","Geissorhiza","Geissorhiza|45",45,"False","Geissorhiza eurystigma","species","Geissorhiza","Iridaceae","True","True","True","True","I_NATURALIST_RANKED_ANCESTORS","EXACT_SPECIES_FAMILY_GENUS_READY","GENUS_FAMILY_IN_LCVP_SYNTHETIC_NOT_DIRECT",,FALSE,TRUE
586238,"Geissorhiza lewisiae","Geissorhiza","Geissorhiza|27",27,"True","Geissorhiza lewisiae","species","Geissorhiza","Iridaceae","True","True","True","True","I_NATURALIST_RANKED_ANCESTORS","EXACT_SPECIES_FAMILY_GENUS_READY","GENUS_FAMILY_IN_LCVP_SYNTHETIC_NOT_DIRECT",,FALSE,TRUE
586245,"Geissorhiza monanthos","Geissorhiza","Geissorhiza|45",45,"False","Geissorhiza monanthos","species","Geissorhiza","Iridaceae","True","True","True","True","I_NATURALIST_RANKED_ANCESTORS","EXACT_SPECIES_FAMILY_GENUS_READY","GENUS_FAMILY_IN_LCVP_SYNTHETIC_NOT_DIRECT",,FALSE,TRUE
586268,"Geissorhiza setacea","Geissorhiza","Geissorhiza|27",27,"True","Geissorhiza setacea","species","Geissorhiza","Iridaceae","True","True","True","True","I_NATURALIST_RANKED_ANCESTORS","EXACT_SPECIES_FAMILY_GENUS_READY","GENUS_FAMILY_IN_LCVP_SYNTHETIC_NOT_DIRECT",,FALSE,TRUE
586409,"Gladiolus griseus","Gladiolus","Gladiolus|45",45,"False","Gladiolus griseus","species","Gladiolus","Iridaceae","True","True","True","True","I_NATURALIST_RANKED_ANCESTORS","EXACT_SPECIES_FAMILY_GENUS_READY","EXACT_SPECIES_TIP_IN_LCVP_BACKBONE","Gladiolus_griseus",TRUE,FALSE
586450,"Gladiolus phoenix","Gladiolus","Gladiolus|45",45,"False","Gladiolus phoenix","species","Gladiolus","Iridaceae","True","True","True","True","I_NATURALIST_RANKED_ANCESTORS","EXACT_SPECIES_FAMILY_GENUS_READY","GENUS_FAMILY_IN_LCVP_SYNTHETIC_NOT_DIRECT",,FALSE,TRUE
586452,"Gladiolus priorii","Gladiolus","Gladiolus|27",27,"True","Gladiolus priorii","species","Gladiolus","Iridaceae","True","True","True","True","I_NATURALIST_RANKED_ANCESTORS","EXACT_SPECIES_FAMILY_GENUS_READY","EXACT_SPECIES_TIP_IN_LCVP_BACKBONE","Gladiolus_priorii",TRUE,FALSE
586456,"Gladiolus quadrangulus","Gladiolus","Gladiolus|45",45,"False","Gladiolus quadrangulus","species","Gladiolus","Iridaceae","True","True","True","True","I_NATURALIST_RANKED_ANCESTORS","EXACT_SPECIES_FAMILY_GENUS_READY","EXACT_SPECIES_TIP_IN_LCVP_BACKBONE","Gladiolus_quadrangulus",TRUE,FALSE
586457,"Gladiolus recurvus","Gladiolus","Gladiolus|45",45,"False","Gladiolus recurvus","species","Gladiolus","Iridaceae","True","True","True","True","I_NATURALIST_RANKED_ANCESTORS","EXACT_SPECIES_FAMILY_GENUS_READY","EXACT_SPECIES_TIP_IN_LCVP_BACKBONE","Gladiolus_recurvus",TRUE,FALSE
586482,"Gladiolus trichonemifolius","Gladiolus","Gladiolus|45",45,"False","Gladiolus trichonemifolius","species","Gladiolus","Iridaceae","True","True","True","True","I_NATURALIST_RANKED_ANCESTORS","EXACT_SPECIES_FAMILY_GENUS_READY","EXACT_SPECIES_TIP_IN_LCVP_BACKBONE","Gladiolus_trichonemifolius",TRUE,FALSE
586491,"Gladiolus violaceolineatus","Gladiolus","Gladiolus|45",45,"False","Gladiolus violaceolineatus","species","Gladiolus","Iridaceae","True","True","True","True","I_NATURALIST_RANKED_ANCESTORS","EXACT_SPECIES_FAMILY_GENUS_READY","GENUS_FAMILY_IN_LCVP_SYNTHETIC_NOT_DIRECT",,FALSE,TRUE
586714,"Habenaria malacophylla","Habenaria","Habenaria|64",64,"True","Habenaria malacophylla","species","Habenaria","Orchidaceae","True","True","True","True","I_NATURALIST_RANKED_ANCESTORS","EXACT_SPECIES_FAMILY_GENUS_READY","EXACT_SPECIES_TIP_IN_LCVP_BACKBONE","Habenaria_malacophylla",TRUE,FALSE
586719,"Habenaria rautaneniana","Habenaria","Habenaria|64",64,"True","Habenaria rautaneniana","species","Habenaria","Orchidaceae","True","True","True","True","I_NATURALIST_RANKED_ANCESTORS","EXACT_SPECIES_FAMILY_GENUS_READY","GENUS_FAMILY_IN_LCVP_SYNTHETIC_NOT_DIRECT",,FALSE,TRUE
586724,"Habenaria trilobulata","Habenaria","Habenaria|64",64,"True","Habenaria trilobulata","species","Habenaria","Orchidaceae","True","True","True","True","I_NATURALIST_RANKED_ANCESTORS","EXACT_SPECIES_FAMILY_GENUS_READY","GENUS_FAMILY_IN_LCVP_SYNTHETIC_NOT_DIRECT",,FALSE,TRUE
586928,"Helichrysum herbaceum","Helichrysum","Helichrysum|28",28,"False","Helichrysum herbaceum","species","Helichrysum","Asteraceae","True","True","True","True","I_NATURALIST_RANKED_ANCESTORS","EXACT_SPECIES_FAMILY_GENUS_READY","EXACT_SPECIES_TIP_IN_LCVP_BACKBONE","Helichrysum_herbaceum",TRUE,FALSE
586969,"Helichrysum moeserianum","Helichrysum","Helichrysum|28",28,"False","Helichrysum moeserianum","species","Helichrysum","Asteraceae","True","True","True","True","I_NATURALIST_RANKED_ANCESTORS","EXACT_SPECIES_FAMILY_GENUS_READY","GENUS_FAMILY_IN_LCVP_SYNTHETIC_NOT_DIRECT",,FALSE,TRUE
587001,"Helichrysum plebeium","Helichrysum","Helichrysum|28",28,"False","Helichrysum plebeium","species","Helichrysum","Asteraceae","True","True","True","True","I_NATURALIST_RANKED_ANCESTORS","EXACT_SPECIES_FAMILY_GENUS_READY","GENUS_FAMILY_IN_LCVP_SYNTHETIC_NOT_DIRECT",,FALSE,TRUE
587013,"Helichrysum rosum","Helichrysum","Helichrysum|28",28,"False","Helichrysum rosum","species","Helichrysum","Asteraceae","True","True","True","True","I_NATURALIST_RANKED_ANCESTORS","EXACT_SPECIES_FAMILY_GENUS_READY","EXACT_SPECIES_TIP_IN_LCVP_BACKBONE","Helichrysum_rosum",TRUE,FALSE
587218,"Hermannia decipiens","Hermannia","Hermannia|28",28,"False","Hermannia decipiens","species","Hermannia","Malvaceae","True","True","True","True","I_NATURALIST_RANKED_ANCESTORS","EXACT_SPECIES_FAMILY_GENUS_READY","FAMILY_VERIFIED_GENUS_ABSENT_FROM_LCVP",,FALSE,TRUE
587219,"Hermannia decumbens","Hermannia","Hermannia|28",28,"False","Hermannia decumbens","species","Hermannia","Malvaceae","True","True","True","True","I_NATURALIST_RANKED_ANCESTORS","EXACT_SPECIES_FAMILY_GENUS_READY","FAMILY_VERIFIED_GENUS_ABSENT_FROM_LCVP",,FALSE,TRUE
587232,"Hermannia flammea","Hermannia","Hermannia|28",28,"False","Hermannia flammea","species","Hermannia","Malvaceae","True","True","True","True","I_NATURALIST_RANKED_ANCESTORS","EXACT_SPECIES_FAMILY_GENUS_READY","FAMILY_VERIFIED_GENUS_ABSENT_FROM_LCVP",,FALSE,TRUE
587253,"Hermannia joubertiana","Hermannia","Hermannia|28",28,"False","Hermannia joubertiana","species","Hermannia","Malvaceae","True","True","True","True","I_NATURALIST_RANKED_ANCESTORS","EXACT_SPECIES_FAMILY_GENUS_READY","FAMILY_VERIFIED_GENUS_ABSENT_FROM_LCVP",,FALSE,TRUE
587278,"Hermannia odorata","Hermannia","Hermannia|28",28,"False","Hermannia odorata","species","Hermannia","Malvaceae","True","True","True","True","I_NATURALIST_RANKED_ANCESTORS","EXACT_SPECIES_FAMILY_GENUS_READY","FAMILY_VERIFIED_GENUS_ABSENT_FROM_LCVP",,FALSE,TRUE
587296,"Hermannia salviifolia","Hermannia","Hermannia|28",28,"False","Hermannia salviifolia","species","Hermannia","Malvaceae","True","True","True","True","I_NATURALIST_RANKED_ANCESTORS","EXACT_SPECIES_FAMILY_GENUS_READY","FAMILY_VERIFIED_GENUS_ABSENT_FROM_LCVP",,FALSE,TRUE
587759,"Indigofera candicans","Indigofera","Indigofera|28",28,"False","Indigofera candicans","species","Indigofera","Fabaceae","True","True","True","True","I_NATURALIST_RANKED_ANCESTORS","EXACT_SPECIES_FAMILY_GENUS_READY","GENUS_FAMILY_IN_LCVP_SYNTHETIC_NOT_DIRECT",,FALSE,TRUE
587800,"Indigofera frutescens","Indigofera","Indigofera|27",27,"True","Indigofera frutescens","species","Indigofera","Fabaceae","True","True","True","True","I_NATURALIST_RANKED_ANCESTORS","EXACT_SPECIES_FAMILY_GENUS_READY","EXACT_SPECIES_TIP_IN_LCVP_BACKBONE","Indigofera_frutescens",TRUE,FALSE
587806,"Indigofera glaucescens","Indigofera","Indigofera|28",28,"False","Indigofera glaucescens","species","Indigofera","Fabaceae","True","True","True","True","I_NATURALIST_RANKED_ANCESTORS","EXACT_SPECIES_FAMILY_GENUS_READY","GENUS_FAMILY_IN_LCVP_SYNTHETIC_NOT_DIRECT",,FALSE,TRUE
587851,"Indigofera nigromontana","Indigofera","Indigofera|28",28,"False","Indigofera nigromontana","species","Indigofera","Fabaceae","True","True","True","True","I_NATURALIST_RANKED_ANCESTORS","EXACT_SPECIES_FAMILY_GENUS_READY","GENUS_FAMILY_IN_LCVP_SYNTHETIC_NOT_DIRECT",,FALSE,TRUE
587862,"Indigofera pilgeriana","Indigofera","Indigofera|27",27,"True","Indigofera pilgeriana","species","Indigofera","Fabaceae","True","True","True","True","I_NATURALIST_RANKED_ANCESTORS","EXACT_SPECIES_FAMILY_GENUS_READY","GENUS_FAMILY_IN_LCVP_SYNTHETIC_NOT_DIRECT",,FALSE,TRUE
587866,"Indigofera poliotes","Indigofera","Indigofera|28",28,"False","Indigofera poliotes","species","Indigofera","Fabaceae","True","True","True","True","I_NATURALIST_RANKED_ANCESTORS","EXACT_SPECIES_FAMILY_GENUS_READY","GENUS_FAMILY_IN_LCVP_SYNTHETIC_NOT_DIRECT",,FALSE,TRUE
587938,"Ipomoea ommanneyi","Ipomoea","Ipomoea|46",46,"False","Ipomoea ommanneyi","species","Ipomoea","Convolvulaceae","True","True","True","True","I_NATURALIST_RANKED_ANCESTORS","EXACT_SPECIES_FAMILY_GENUS_READY","GENUS_FAMILY_IN_LCVP_SYNTHETIC_NOT_DIRECT",,FALSE,TRUE
587943,"Ipomoea simplex","Ipomoea","Ipomoea|46",46,"False","Ipomoea simplex","species","Ipomoea","Convolvulaceae","True","True","True","True","I_NATURALIST_RANKED_ANCESTORS","EXACT_SPECIES_FAMILY_GENUS_READY","GENUS_FAMILY_IN_LCVP_SYNTHETIC_NOT_DIRECT",,FALSE,TRUE
587944,"Ipomoea sinensis","Ipomoea","Ipomoea|46",46,"False","Ipomoea sinensis","species","Ipomoea","Convolvulaceae","True","True","True","True","I_NATURALIST_RANKED_ANCESTORS","EXACT_SPECIES_FAMILY_GENUS_READY","GENUS_FAMILY_IN_LCVP_SYNTHETIC_NOT_DIRECT",,FALSE,TRUE
588034,"Ixia latifolia","Ixia","Ixia|45",45,"False","Ixia latifolia","species","Ixia","Iridaceae","True","True","True","True","I_NATURALIST_RANKED_ANCESTORS","EXACT_SPECIES_FAMILY_GENUS_READY","EXACT_SPECIES_TIP_IN_LCVP_BACKBONE","Ixia_latifolia",TRUE,FALSE
588041,"Ixia marginifolia","Ixia","Ixia|45",45,"False","Ixia marginifolia","species","Ixia","Iridaceae","True","True","True","True","I_NATURALIST_RANKED_ANCESTORS","EXACT_SPECIES_FAMILY_GENUS_READY","GENUS_FAMILY_IN_LCVP_SYNTHETIC_NOT_DIRECT",,FALSE,TRUE
588048,"Ixia namaquana","Ixia","Ixia|45",45,"False","Ixia namaquana","species","Ixia","Iridaceae","True","True","True","True","I_NATURALIST_RANKED_ANCESTORS","EXACT_SPECIES_FAMILY_GENUS_READY","GENUS_FAMILY_IN_LCVP_SYNTHETIC_NOT_DIRECT",,FALSE,TRUE
588051,"Ixia patens","Ixia","Ixia|27",27,"True","Ixia patens","species","Ixia","Iridaceae","True","True","True","True","I_NATURALIST_RANKED_ANCESTORS","EXACT_SPECIES_FAMILY_GENUS_READY","GENUS_FAMILY_IN_LCVP_SYNTHETIC_NOT_DIRECT",,FALSE,TRUE
588073,"Ixia tenuifolia","Ixia","Ixia|45",45,"False","Ixia tenuifolia","species","Ixia","Iridaceae","True","True","True","True","I_NATURALIST_RANKED_ANCESTORS","EXACT_SPECIES_FAMILY_GENUS_READY","GENUS_FAMILY_IN_LCVP_SYNTHETIC_NOT_DIRECT",,FALSE,TRUE
588079,"Ixia versicolor","Ixia","Ixia|27",27,"True","Ixia versicolor","species","Ixia","Iridaceae","True","True","True","True","I_NATURALIST_RANKED_ANCESTORS","EXACT_SPECIES_FAMILY_GENUS_READY","GENUS_FAMILY_IN_LCVP_SYNTHETIC_NOT_DIRECT",,FALSE,TRUE
588096,"Jamesbrittenia aurantiaca","Jamesbrittenia","Jamesbrittenia|46",46,"False","Jamesbrittenia aurantiaca","species","Jamesbrittenia","Scrophulariaceae","True","True","True","True","I_NATURALIST_RANKED_ANCESTORS","EXACT_SPECIES_FAMILY_GENUS_READY","GENUS_FAMILY_IN_LCVP_SYNTHETIC_NOT_DIRECT",,FALSE,TRUE
588101,"Jamesbrittenia breviflora","Jamesbrittenia","Jamesbrittenia|46",46,"False","Jamesbrittenia breviflora","species","Jamesbrittenia","Scrophulariaceae","True","True","True","True","I_NATURALIST_RANKED_ANCESTORS","EXACT_SPECIES_FAMILY_GENUS_READY","GENUS_FAMILY_IN_LCVP_SYNTHETIC_NOT_DIRECT",,FALSE,TRUE
588102,"Jamesbrittenia burkeana","Jamesbrittenia","Jamesbrittenia|46",46,"False","Jamesbrittenia burkeana","species","Jamesbrittenia","Scrophulariaceae","True","True","True","True","I_NATURALIST_RANKED_ANCESTORS","EXACT_SPECIES_FAMILY_GENUS_READY","GENUS_FAMILY_IN_LCVP_SYNTHETIC_NOT_DIRECT",,FALSE,TRUE
588116,"Jamesbrittenia grandiflora","Jamesbrittenia","Jamesbrittenia|46",46,"False","Jamesbrittenia grandiflora","species","Jamesbrittenia","Scrophulariaceae","True","True","True","True","I_NATURALIST_RANKED_ANCESTORS","EXACT_SPECIES_FAMILY_GENUS_READY","GENUS_FAMILY_IN_LCVP_SYNTHETIC_NOT_DIRECT",,FALSE,TRUE
588139,"Jamesbrittenia pristisepala","Jamesbrittenia","Jamesbrittenia|46",46,"False","Jamesbrittenia pristisepala","species","Jamesbrittenia","Scrophulariaceae","True","True","True","True","I_NATURALIST_RANKED_ANCESTORS","EXACT_SPECIES_FAMILY_GENUS_READY","GENUS_FAMILY_IN_LCVP_SYNTHETIC_NOT_DIRECT",,FALSE,TRUE
588147,"Jamesbrittenia thunbergii","Jamesbrittenia","Jamesbrittenia|45",45,"False","Jamesbrittenia thunbergii","species","Jamesbrittenia","Scrophulariaceae","True","True","True","True","I_NATURALIST_RANKED_ANCESTORS","EXACT_SPECIES_FAMILY_GENUS_READY","GENUS_FAMILY_IN_LCVP_SYNTHETIC_NOT_DIRECT",,FALSE,TRUE
588238,"Kalanchoe waterbergensis","Kalanchoe","Kalanchoe|46",46,"True","Kalanchoe waterbergensis","species","Kalanchoe","Crassulaceae","True","True","True","True","I_NATURALIST_RANKED_ANCESTORS","EXACT_SPECIES_FAMILY_GENUS_READY","GENUS_FAMILY_IN_LCVP_SYNTHETIC_NOT_DIRECT",,FALSE,TRUE
588362,"Lachenalia corymbosa","Lachenalia","Lachenalia|27",27,"True","Lachenalia corymbosa","species","Lachenalia","Asparagaceae","True","True","True","True","I_NATURALIST_RANKED_ANCESTORS","EXACT_SPECIES_FAMILY_GENUS_READY","EXACT_SPECIES_TIP_IN_LCVP_BACKBONE","Lachenalia_corymbosa",TRUE,FALSE
588364,"Lachenalia dehoopensis","Lachenalia","Lachenalia|28",28,"True","Lachenalia dehoopensis","species","Lachenalia","Asparagaceae","True","True","True","True","I_NATURALIST_RANKED_ANCESTORS","EXACT_SPECIES_FAMILY_GENUS_READY","GENUS_FAMILY_IN_LCVP_SYNTHETIC_NOT_DIRECT",,FALSE,TRUE
588384,"Lachenalia leomontana","Lachenalia","Lachenalia|28",28,"True","Lachenalia leomontana","species","Lachenalia","Asparagaceae","True","True","True","True","I_NATURALIST_RANKED_ANCESTORS","EXACT_SPECIES_FAMILY_GENUS_READY","GENUS_FAMILY_IN_LCVP_SYNTHETIC_NOT_DIRECT",,FALSE,TRUE
588389,"Lachenalia lutzeyeri","Lachenalia","Lachenalia|27",27,"True","Lachenalia lutzeyeri","species","Lachenalia","Asparagaceae","True","True","True","True","I_NATURALIST_RANKED_ANCESTORS","EXACT_SPECIES_FAMILY_GENUS_READY","GENUS_FAMILY_IN_LCVP_SYNTHETIC_NOT_DIRECT",,FALSE,TRUE
588400,"Lachenalia montana","Lachenalia","Lachenalia|27",27,"True","Lachenalia montana","species","Lachenalia","Asparagaceae","True","True","True","True","I_NATURALIST_RANKED_ANCESTORS","EXACT_SPECIES_FAMILY_GENUS_READY","GENUS_FAMILY_IN_LCVP_SYNTHETIC_NOT_DIRECT",,FALSE,TRUE
588406,"Lachenalia nervosa","Lachenalia","Lachenalia|28",28,"True","Lachenalia nervosa","species","Lachenalia","Asparagaceae","True","True","True","True","I_NATURALIST_RANKED_ANCESTORS","EXACT_SPECIES_FAMILY_GENUS_READY","GENUS_FAMILY_IN_LCVP_SYNTHETIC_NOT_DIRECT",,FALSE,TRUE
588420,"Lachenalia rosea","Lachenalia","Lachenalia|27",27,"True","Lachenalia rosea","species","Lachenalia","Asparagaceae","True","True","True","True","I_NATURALIST_RANKED_ANCESTORS","EXACT_SPECIES_FAMILY_GENUS_READY","GENUS_FAMILY_IN_LCVP_SYNTHETIC_NOT_DIRECT",,FALSE,TRUE
588425,"Lachenalia sessiliflora","Lachenalia","Lachenalia|28",28,"True","Lachenalia sessiliflora","species","Lachenalia","Asparagaceae","True","True","True","True","I_NATURALIST_RANKED_ANCESTORS","EXACT_SPECIES_FAMILY_GENUS_READY","GENUS_FAMILY_IN_LCVP_SYNTHETIC_NOT_DIRECT",,FALSE,TRUE
588436,"Lachenalia variegata","Lachenalia","Lachenalia|27",27,"True","Lachenalia variegata","species","Lachenalia","Asparagaceae","True","True","True","True","I_NATURALIST_RANKED_ANCESTORS","EXACT_SPECIES_FAMILY_GENUS_READY","GENUS_FAMILY_IN_LCVP_SYNTHETIC_NOT_DIRECT",,FALSE,TRUE
588501,"Lampranthus antonii","Lampranthus","Lampranthus|45",45,"True","Lampranthus antonii","species","Lampranthus","Aizoaceae","True","True","True","True","I_NATURALIST_RANKED_ANCESTORS","EXACT_SPECIES_FAMILY_GENUS_READY","GENUS_FAMILY_IN_LCVP_SYNTHETIC_NOT_DIRECT",,FALSE,TRUE
588517,"Lampranthus ceriseus","Lampranthus","Lampranthus|28",28,"False","Lampranthus ceriseus","species","Lampranthus","Aizoaceae","True","True","True","True","I_NATURALIST_RANKED_ANCESTORS","EXACT_SPECIES_FAMILY_GENUS_READY","GENUS_FAMILY_IN_LCVP_SYNTHETIC_NOT_DIRECT",,FALSE,TRUE
588525,"Lampranthus debilis","Lampranthus","Lampranthus|27",27,"True","Lampranthus debilis","species","Lampranthus","Aizoaceae","True","True","True","True","I_NATURALIST_RANKED_ANCESTORS","EXACT_SPECIES_FAMILY_GENUS_READY","EXACT_SPECIES_TIP_IN_LCVP_BACKBONE","Lampranthus_debilis",TRUE,FALSE
588540,"Lampranthus emarginatoides","Lampranthus","Lampranthus|45",45,"True","Lampranthus emarginatoides","species","Lampranthus","Aizoaceae","True","True","True","True","I_NATURALIST_RANKED_ANCESTORS","EXACT_SPECIES_FAMILY_GENUS_READY","GENUS_FAMILY_IN_LCVP_SYNTHETIC_NOT_DIRECT",,FALSE,TRUE
588545,"Lampranthus explanatus","Lampranthus","Lampranthus|27",27,"True","Lampranthus explanatus","species","Lampranthus","Aizoaceae","True","True","True","True","I_NATURALIST_RANKED_ANCESTORS","EXACT_SPECIES_FAMILY_GENUS_READY","GENUS_FAMILY_IN_LCVP_SYNTHETIC_NOT_DIRECT",,FALSE,TRUE
588546,"Lampranthus falcatus","Lampranthus","Lampranthus|27",27,"True","Lampranthus falcatus","species","Lampranthus","Aizoaceae","True","True","True","True","I_NATURALIST_RANKED_ANCESTORS","EXACT_SPECIES_FAMILY_GENUS_READY","EXACT_SPECIES_TIP_IN_LCVP_BACKBONE","Lampranthus_falcatus",TRUE,FALSE
588547,"Lampranthus fergusoniae","Lampranthus","Lampranthus|28",28,"False","Lampranthus fergusoniae","species","Lampranthus","Aizoaceae","True","True","True","True","I_NATURALIST_RANKED_ANCESTORS","EXACT_SPECIES_FAMILY_GENUS_READY","GENUS_FAMILY_IN_LCVP_SYNTHETIC_NOT_DIRECT",,FALSE,TRUE
588557,"Lampranthus glomeratus","Lampranthus","Lampranthus|27",27,"True","Lampranthus glomeratus","species","Lampranthus","Aizoaceae","True","True","True","True","I_NATURALIST_RANKED_ANCESTORS","EXACT_SPECIES_FAMILY_GENUS_READY","GENUS_FAMILY_IN_LCVP_SYNTHETIC_NOT_DIRECT",,FALSE,TRUE
588574,"Lampranthus lavisii","Lampranthus","Lampranthus|28",28,"False","Lampranthus lavisii","species","Lampranthus","Aizoaceae","True","True","True","True","I_NATURALIST_RANKED_ANCESTORS","EXACT_SPECIES_FAMILY_GENUS_READY","GENUS_FAMILY_IN_LCVP_SYNTHETIC_NOT_DIRECT",,FALSE,TRUE
588578,"Lampranthus leptaleon","Lampranthus","Lampranthus|45",45,"True","Lampranthus leptaleon","species","Lampranthus","Aizoaceae","True","True","True","True","I_NATURALIST_RANKED_ANCESTORS","EXACT_SPECIES_FAMILY_GENUS_READY","GENUS_FAMILY_IN_LCVP_SYNTHETIC_NOT_DIRECT",,FALSE,TRUE
588625,"Lampranthus reptans","Lampranthus","Lampranthus|45",45,"True","Lampranthus reptans","species","Lampranthus","Aizoaceae","True","True","True","True","I_NATURALIST_RANKED_ANCESTORS","EXACT_SPECIES_FAMILY_GENUS_READY","GENUS_FAMILY_IN_LCVP_SYNTHETIC_NOT_DIRECT",,FALSE,TRUE
588633,"Lampranthus scaber","Lampranthus","Lampranthus|45",45,"True","Lampranthus scaber","species","Lampranthus","Aizoaceae","True","True","True","True","I_NATURALIST_RANKED_ANCESTORS","EXACT_SPECIES_FAMILY_GENUS_READY","GENUS_FAMILY_IN_LCVP_SYNTHETIC_NOT_DIRECT",,FALSE,TRUE
588646,"Lampranthus stipulaceus","Lampranthus","Lampranthus|27",27,"True","Lampranthus stipulaceus","species","Lampranthus","Aizoaceae","True","True","True","True","I_NATURALIST_RANKED_ANCESTORS","EXACT_SPECIES_FAMILY_GENUS_READY","GENUS_FAMILY_IN_LCVP_SYNTHETIC_NOT_DIRECT",,FALSE,TRUE
589049,"Leucadendron burchellii","Leucadendron","Leucadendron|27",27,"True","Leucadendron burchellii","species","Leucadendron","Proteaceae","True","True","True","True","I_NATURALIST_RANKED_ANCESTORS","EXACT_SPECIES_FAMILY_GENUS_READY","EXACT_SPECIES_TIP_IN_LCVP_BACKBONE","Leucadendron_burchellii",TRUE,FALSE
589052,"Leucadendron cinereum","Leucadendron","Leucadendron|45",45,"True","Leucadendron cinereum","species","Leucadendron","Proteaceae","True","True","True","True","I_NATURALIST_RANKED_ANCESTORS","EXACT_SPECIES_FAMILY_GENUS_READY","GENUS_FAMILY_IN_LCVP_SYNTHETIC_NOT_DIRECT",,FALSE,TRUE
589097,"Leucadendron thymifolium","Leucadendron","Leucadendron|45",45,"True","Leucadendron thymifolium","species","Leucadendron","Proteaceae","True","True","True","True","I_NATURALIST_RANKED_ANCESTORS","EXACT_SPECIES_FAMILY_GENUS_READY","EXACT_SPECIES_TIP_IN_LCVP_BACKBONE","Leucadendron_thymifolium",TRUE,FALSE
589119,"Leucospermum gracile","Leucospermum","Leucospermum|27",27,"True","Leucospermum gracile","species","Leucospermum","Proteaceae","True","True","True","True","I_NATURALIST_RANKED_ANCESTORS","EXACT_SPECIES_FAMILY_GENUS_READY","EXACT_SPECIES_TIP_IN_LCVP_BACKBONE","Leucospermum_gracile",TRUE,FALSE
589120,"Leucospermum grandiflorum","Leucospermum","Leucospermum|45",45,"True","Leucospermum grandiflorum","species","Leucospermum","Proteaceae","True","True","True","True","I_NATURALIST_RANKED_ANCESTORS","EXACT_SPECIES_FAMILY_GENUS_READY","EXACT_SPECIES_TIP_GENUS_FAMILY_TAXONOMIC_CONFLICT",,FALSE,TRUE
589127,"Leucospermum parile","Leucospermum","Leucospermum|45",45,"True","Leucospermum parile","species","Leucospermum","Proteaceae","True","True","True","True","I_NATURALIST_RANKED_ANCESTORS","EXACT_SPECIES_FAMILY_GENUS_READY","EXACT_SPECIES_TIP_IN_LCVP_BACKBONE","Leucospermum_parile",TRUE,FALSE
589130,"Leucospermum prostratum","Leucospermum","Leucospermum|27",27,"True","Leucospermum prostratum","species","Leucospermum","Proteaceae","True","True","True","True","I_NATURALIST_RANKED_ANCESTORS","EXACT_SPECIES_FAMILY_GENUS_READY","EXACT_SPECIES_TIP_IN_LCVP_BACKBONE","Leucospermum_prostratum",TRUE,FALSE
589135,"Leucospermum tomentosum","Leucospermum","Leucospermum|45",45,"True","Leucospermum tomentosum","species","Leucospermum","Proteaceae","True","True","True","True","I_NATURALIST_RANKED_ANCESTORS","EXACT_SPECIES_FAMILY_GENUS_READY","EXACT_SPECIES_TIP_IN_LCVP_BACKBONE","Leucospermum_tomentosum",TRUE,FALSE
589138,"Leucospermum vestitum","Leucospermum","Leucospermum|45",45,"True","Leucospermum vestitum","species","Leucospermum","Proteaceae","True","True","True","True","I_NATURALIST_RANKED_ANCESTORS","EXACT_SPECIES_FAMILY_GENUS_READY","EXACT_SPECIES_TIP_IN_LCVP_BACKBONE","Leucospermum_vestitum",TRUE,FALSE
589311,"Lobelia capillifolia","Lobelia","Lobelia|27",27,"True","Lobelia capillifolia","species","Lobelia","Campanulaceae","True","True","True","True","I_NATURALIST_RANKED_ANCESTORS","EXACT_SPECIES_FAMILY_GENUS_READY","GENUS_FAMILY_IN_LCVP_SYNTHETIC_NOT_DIRECT",,FALSE,TRUE
589313,"Lobelia chamaepitys","Lobelia","Lobelia|27",27,"True","Lobelia chamaepitys","species","Lobelia","Campanulaceae","True","True","True","True","I_NATURALIST_RANKED_ANCESTORS","EXACT_SPECIES_FAMILY_GENUS_READY","GENUS_FAMILY_IN_LCVP_SYNTHETIC_NOT_DIRECT",,FALSE,TRUE
589317,"Lobelia coronopifolia","Lobelia","Lobelia|27",27,"True","Lobelia coronopifolia","species","Lobelia","Campanulaceae","True","True","True","True","I_NATURALIST_RANKED_ANCESTORS","EXACT_SPECIES_FAMILY_GENUS_READY","GENUS_FAMILY_IN_LCVP_SYNTHETIC_NOT_DIRECT",,FALSE,TRUE
589322,"Lobelia dichroma","Lobelia","Lobelia|28",28,"False","Lobelia dichroma","species","Lobelia","Campanulaceae","True","True","True","True","I_NATURALIST_RANKED_ANCESTORS","EXACT_SPECIES_FAMILY_GENUS_READY","GENUS_FAMILY_IN_LCVP_SYNTHETIC_NOT_DIRECT",,FALSE,TRUE
589331,"Lobelia hypsibata","Lobelia","Lobelia|28",28,"False","Lobelia hypsibata","species","Lobelia","Campanulaceae","True","True","True","True","I_NATURALIST_RANKED_ANCESTORS","EXACT_SPECIES_FAMILY_GENUS_READY","GENUS_FAMILY_IN_LCVP_SYNTHETIC_NOT_DIRECT",,FALSE,TRUE
589336,"Lobelia muscoides","Lobelia","Lobelia|28",28,"False","Lobelia muscoides","species","Lobelia","Campanulaceae","True","True","True","True","I_NATURALIST_RANKED_ANCESTORS","EXACT_SPECIES_FAMILY_GENUS_READY","GENUS_FAMILY_IN_LCVP_SYNTHETIC_NOT_DIRECT",,FALSE,TRUE
589650,"Marasmodes fasciculata","Marasmodes","Marasmodes|45",45,"True","Marasmodes fasciculata","species","Marasmodes","Asteraceae","True","True","True","True","I_NATURALIST_RANKED_ANCESTORS","EXACT_SPECIES_FAMILY_GENUS_READY","GENUS_FAMILY_IN_LCVP_SYNTHETIC_NOT_DIRECT",,FALSE,TRUE
589652,"Marasmodes oligocephala","Marasmodes","Marasmodes|45",45,"True","Marasmodes oligocephala","species","Marasmodes","Asteraceae","True","True","True","True","I_NATURALIST_RANKED_ANCESTORS","EXACT_SPECIES_FAMILY_GENUS_READY","EXACT_SPECIES_TIP_IN_LCVP_BACKBONE","Marasmodes_oligocephala",TRUE,FALSE
589657,"Marasmodes spinosa","Marasmodes","Marasmodes|45",45,"True","Marasmodes spinosa","species","Marasmodes","Asteraceae","True","True","True","True","I_NATURALIST_RANKED_ANCESTORS","EXACT_SPECIES_FAMILY_GENUS_READY","EXACT_SPECIES_TIP_IN_LCVP_BACKBONE","Marasmodes_spinosa",TRUE,FALSE
589658,"Marasmodes trifida","Marasmodes","Marasmodes|45",45,"True","Marasmodes trifida","species","Marasmodes","Asteraceae","True","True","True","True","I_NATURALIST_RANKED_ANCESTORS","EXACT_SPECIES_FAMILY_GENUS_READY","GENUS_FAMILY_IN_LCVP_SYNTHETIC_NOT_DIRECT",,FALSE,TRUE
589711,"Melaleuca glauca","Melaleuca","Melaleuca|32",32,"False","Melaleuca glauca","species","Melaleuca","Myrtaceae","True","True","True","True","I_NATURALIST_RANKED_ANCESTORS","EXACT_SPECIES_FAMILY_GENUS_READY","GENUS_FAMILY_IN_LCVP_SYNTHETIC_NOT_DIRECT",,FALSE,TRUE
589910,"Metalasia brevifolia","Metalasia","Metalasia|27",27,"True","Metalasia brevifolia","species","Metalasia","Asteraceae","True","True","True","True","I_NATURALIST_RANKED_ANCESTORS","EXACT_SPECIES_FAMILY_GENUS_READY","EXACT_SPECIES_TIP_IN_LCVP_BACKBONE","Metalasia_brevifolia",TRUE,FALSE
589930,"Metalasia lichtensteinii","Metalasia","Metalasia|27",27,"True","Metalasia lichtensteinii","species","Metalasia","Asteraceae","True","True","True","True","I_NATURALIST_RANKED_ANCESTORS","EXACT_SPECIES_FAMILY_GENUS_READY","EXACT_SPECIES_TIP_IN_LCVP_BACKBONE","Metalasia_lichtensteinii",TRUE,FALSE
590095,"Monsonia luederitziana","Monsonia","Monsonia|45",45,"False","Monsonia luederitziana","species","Monsonia","Geraniaceae","True","True","True","True","I_NATURALIST_RANKED_ANCESTORS","EXACT_SPECIES_FAMILY_GENUS_READY","EXACT_SPECIES_TIP_IN_LCVP_BACKBONE","Monsonia_luederitziana",TRUE,FALSE
590100,"Monsonia parvifolia","Monsonia","Monsonia|45",45,"False","Monsonia parvifolia","species","Monsonia","Geraniaceae","True","True","True","True","I_NATURALIST_RANKED_ANCESTORS","EXACT_SPECIES_FAMILY_GENUS_READY","EXACT_SPECIES_TIP_IN_LCVP_BACKBONE","Monsonia_parvifolia",TRUE,FALSE
590107,"Monsonia spinosa","Monsonia","Monsonia|45",45,"False","Monsonia spinosa","species","Monsonia","Geraniaceae","True","True","True","True","I_NATURALIST_RANKED_ANCESTORS","EXACT_SPECIES_FAMILY_GENUS_READY","GENUS_FAMILY_IN_LCVP_SYNTHETIC_NOT_DIRECT",,FALSE,TRUE
590130,"Moraea barnardii","Moraea","Moraea|27",27,"True","Moraea barnardii","species","Moraea","Iridaceae","True","True","True","True","I_NATURALIST_RANKED_ANCESTORS","EXACT_SPECIES_FAMILY_GENUS_READY","EXACT_SPECIES_TIP_IN_LCVP_BACKBONE","Moraea_barnardii",TRUE,FALSE
590150,"Moraea cooperi","Moraea","Moraea|45",45,"False","Moraea cooperi","species","Moraea","Iridaceae","True","True","True","True","I_NATURALIST_RANKED_ANCESTORS","EXACT_SPECIES_FAMILY_GENUS_READY","EXACT_SPECIES_TIP_IN_LCVP_BACKBONE","Moraea_cooperi",TRUE,FALSE
590174,"Moraea fragrans","Moraea","Moraea|45",45,"False","Moraea fragrans","species","Moraea","Iridaceae","True","True","True","True","I_NATURALIST_RANKED_ANCESTORS","EXACT_SPECIES_FAMILY_GENUS_READY","EXACT_SPECIES_TIP_IN_LCVP_BACKBONE","Moraea_fragrans",TRUE,FALSE
590196,"Moraea knersvlaktensis","Moraea","Moraea|45",45,"False","Moraea knersvlaktensis","species","Moraea","Iridaceae","True","True","True","True","I_NATURALIST_RANKED_ANCESTORS","EXACT_SPECIES_FAMILY_GENUS_READY","EXACT_SPECIES_TIP_IN_LCVP_BACKBONE","Moraea_knersvlaktensis",TRUE,FALSE
590206,"Moraea luteoalba","Moraea","Moraea|45",45,"False","Moraea luteoalba","species","Moraea","Iridaceae","True","True","True","True","I_NATURALIST_RANKED_ANCESTORS","EXACT_SPECIES_FAMILY_GENUS_READY","EXACT_SPECIES_TIP_IN_LCVP_BACKBONE","Moraea_luteoalba",TRUE,FALSE
590231,"Moraea papilionacea","Moraea","Moraea|45",45,"False","Moraea papilionacea","species","Moraea","Iridaceae","True","True","True","True","I_NATURALIST_RANKED_ANCESTORS","EXACT_SPECIES_FAMILY_GENUS_READY","EXACT_SPECIES_TIP_IN_LCVP_BACKBONE","Moraea_papilionacea",TRUE,FALSE
590234,"Moraea pendula","Moraea","Moraea|45",45,"False","Moraea pendula","species","Moraea","Iridaceae","True","True","True","True","I_NATURALIST_RANKED_ANCESTORS","EXACT_SPECIES_FAMILY_GENUS_READY","EXACT_SPECIES_TIP_IN_LCVP_BACKBONE","Moraea_pendula",TRUE,FALSE
590251,"Moraea schlechteri","Moraea","Moraea|45",45,"False","Moraea schlechteri","species","Moraea","Iridaceae","True","True","True","True","I_NATURALIST_RANKED_ANCESTORS","EXACT_SPECIES_FAMILY_GENUS_READY","EXACT_SPECIES_TIP_IN_LCVP_BACKBONE","Moraea_schlechteri",TRUE,FALSE
590328,"Muraltia depressa","Muraltia","Muraltia|28",28,"True","Muraltia depressa","species","Muraltia","Polygalaceae","True","True","True","True","I_NATURALIST_RANKED_ANCESTORS","EXACT_SPECIES_FAMILY_GENUS_READY","GENUS_FAMILY_IN_LCVP_SYNTHETIC_NOT_DIRECT",,FALSE,TRUE
590348,"Muraltia knysnaensis","Muraltia","Muraltia|28",28,"True","Muraltia knysnaensis","species","Muraltia","Polygalaceae","True","True","True","True","I_NATURALIST_RANKED_ANCESTORS","EXACT_SPECIES_FAMILY_GENUS_READY","GENUS_FAMILY_IN_LCVP_SYNTHETIC_NOT_DIRECT",,FALSE,TRUE
590375,"Muraltia pappeana","Muraltia","Muraltia|28",28,"True","Muraltia pappeana","species","Muraltia","Polygalaceae","True","True","True","True","I_NATURALIST_RANKED_ANCESTORS","EXACT_SPECIES_FAMILY_GENUS_READY","GENUS_FAMILY_IN_LCVP_SYNTHETIC_NOT_DIRECT",,FALSE,TRUE
590862,"Ornithogalum juncifolium","Ornithogalum","Ornithogalum|28",28,"True","Ornithogalum juncifolium","species","Ornithogalum","Asparagaceae","True","True","True","True","I_NATURALIST_RANKED_ANCESTORS","EXACT_SPECIES_FAMILY_GENUS_READY","EXACT_SPECIES_TIP_IN_LCVP_BACKBONE","Ornithogalum_juncifolium",TRUE,FALSE
590870,"Ornithogalum neopatersonia","Ornithogalum","Ornithogalum|28",28,"True","Ornithogalum neopatersonia","species","Ornithogalum","Asparagaceae","True","True","True","True","I_NATURALIST_RANKED_ANCESTORS","EXACT_SPECIES_FAMILY_GENUS_READY","EXACT_SPECIES_TIP_IN_LCVP_BACKBONE","Ornithogalum_neopatersonia",TRUE,FALSE
590976,"Osteospermum calcicola","Osteospermum","Osteospermum|45",45,"False","Osteospermum calcicola","species","Osteospermum","Asteraceae","True","True","True","True","I_NATURALIST_RANKED_ANCESTORS","EXACT_SPECIES_FAMILY_GENUS_READY","GENUS_FAMILY_IN_LCVP_SYNTHETIC_NOT_DIRECT",,FALSE,TRUE
590983,"Osteospermum glabrum","Osteospermum","Osteospermum|28",28,"False","Osteospermum glabrum","species","Osteospermum","Asteraceae","True","True","True","True","I_NATURALIST_RANKED_ANCESTORS","EXACT_SPECIES_FAMILY_GENUS_READY","GENUS_FAMILY_IN_LCVP_SYNTHETIC_NOT_DIRECT",,FALSE,TRUE
590992,"Osteospermum imbricatum","Osteospermum","Osteospermum|28",28,"False","Osteospermum imbricatum","species","Osteospermum","Asteraceae","True","True","True","True","I_NATURALIST_RANKED_ANCESTORS","EXACT_SPECIES_FAMILY_GENUS_READY","GENUS_FAMILY_IN_LCVP_SYNTHETIC_NOT_DIRECT",,FALSE,TRUE
591001,"Osteospermum oppositifolium","Osteospermum","Osteospermum|45",45,"False","Osteospermum oppositifolium","species","Osteospermum","Asteraceae","True","True","True","True","I_NATURALIST_RANKED_ANCESTORS","EXACT_SPECIES_FAMILY_GENUS_READY","GENUS_FAMILY_IN_LCVP_SYNTHETIC_NOT_DIRECT",,FALSE,TRUE
591004,"Osteospermum polygaloides","Osteospermum","Osteospermum|45",45,"False","Osteospermum polygaloides","species","Osteospermum","Asteraceae","True","True","True","True","I_NATURALIST_RANKED_ANCESTORS","EXACT_SPECIES_FAMILY_GENUS_READY","GENUS_FAMILY_IN_LCVP_SYNTHETIC_NOT_DIRECT",,FALSE,TRUE
591020,"Osteospermum triquetrum","Osteospermum","Osteospermum|28",28,"False","Osteospermum triquetrum","species","Osteospermum","Asteraceae","True","True","True","True","I_NATURALIST_RANKED_ANCESTORS","EXACT_SPECIES_FAMILY_GENUS_READY","EXACT_SPECIES_TIP_IN_LCVP_BACKBONE","Osteospermum_triquetrum",TRUE,FALSE
591098,"Othonna membranifolia","Othonna","Othonna|28",28,"True","Othonna membranifolia","species","Othonna","Asteraceae","True","True","True","True","I_NATURALIST_RANKED_ANCESTORS","EXACT_SPECIES_FAMILY_GENUS_READY","GENUS_FAMILY_IN_LCVP_SYNTHETIC_NOT_DIRECT",,FALSE,TRUE
591126,"Othonna rufibarbis","Othonna","Othonna|28",28,"True","Othonna rufibarbis","species","Othonna","Asteraceae","True","True","True","True","I_NATURALIST_RANKED_ANCESTORS","EXACT_SPECIES_FAMILY_GENUS_READY","GENUS_FAMILY_IN_LCVP_SYNTHETIC_NOT_DIRECT",,FALSE,TRUE
591164,"Oxalis capillacea","Oxalis","Oxalis|28",28,"True","Oxalis capillacea","species","Oxalis","Oxalidaceae","True","True","True","True","I_NATURALIST_RANKED_ANCESTORS","EXACT_SPECIES_FAMILY_GENUS_READY","GENUS_FAMILY_IN_LCVP_SYNTHETIC_NOT_DIRECT",,FALSE,TRUE
591167,"Oxalis commutata","Oxalis","Oxalis|27",27,"True","Oxalis commutata","species","Oxalis","Oxalidaceae","True","True","True","True","I_NATURALIST_RANKED_ANCESTORS","EXACT_SPECIES_FAMILY_GENUS_READY","GENUS_FAMILY_IN_LCVP_SYNTHETIC_NOT_DIRECT",,FALSE,TRUE
591177,"Oxalis dilatata","Oxalis","Oxalis|28",28,"True","Oxalis dilatata","species","Oxalis","Oxalidaceae","True","True","True","True","I_NATURALIST_RANKED_ANCESTORS","EXACT_SPECIES_FAMILY_GENUS_READY","GENUS_FAMILY_IN_LCVP_SYNTHETIC_NOT_DIRECT",,FALSE,TRUE
591179,"Oxalis duriuscula","Oxalis","Oxalis|27",27,"True","Oxalis duriuscula","species","Oxalis","Oxalidaceae","True","True","True","True","I_NATURALIST_RANKED_ANCESTORS","EXACT_SPECIES_FAMILY_GENUS_READY","GENUS_FAMILY_IN_LCVP_SYNTHETIC_NOT_DIRECT",,FALSE,TRUE
591187,"Oxalis fibrosa","Oxalis","Oxalis|28",28,"True","Oxalis fibrosa","species","Oxalis","Oxalidaceae","True","True","True","True","I_NATURALIST_RANKED_ANCESTORS","EXACT_SPECIES_FAMILY_GENUS_READY","GENUS_FAMILY_IN_LCVP_SYNTHETIC_NOT_DIRECT",,FALSE,TRUE
591209,"Oxalis ioeides","Oxalis","Oxalis|28",28,"True","Oxalis ioeides","species","Oxalis","Oxalidaceae","True","True","True","True","I_NATURALIST_RANKED_ANCESTORS","EXACT_SPECIES_FAMILY_GENUS_READY","GENUS_FAMILY_IN_LCVP_SYNTHETIC_NOT_DIRECT",,FALSE,TRUE
591223,"Oxalis livida","Oxalis","Oxalis|27",27,"True","Oxalis livida","species","Oxalis","Oxalidaceae","True","True","True","True","I_NATURALIST_RANKED_ANCESTORS","EXACT_SPECIES_FAMILY_GENUS_READY","GENUS_FAMILY_IN_LCVP_SYNTHETIC_NOT_DIRECT",,FALSE,TRUE
591281,"Oxalis stellata","Oxalis","Oxalis|27",27,"True","Oxalis stellata","species","Oxalis","Oxalidaceae","True","True","True","True","I_NATURALIST_RANKED_ANCESTORS","EXACT_SPECIES_FAMILY_GENUS_READY","GENUS_FAMILY_IN_LCVP_SYNTHETIC_NOT_DIRECT",,FALSE,TRUE
591292,"Oxalis tenuifolia","Oxalis","Oxalis|27",27,"True","Oxalis tenuifolia","species","Oxalis","Oxalidaceae","True","True","True","True","I_NATURALIST_RANKED_ANCESTORS","EXACT_SPECIES_FAMILY_GENUS_READY","GENUS_FAMILY_IN_LCVP_SYNTHETIC_NOT_DIRECT",,FALSE,TRUE
591455,"Pauridia pusilla","Pauridia","Pauridia|45",45,"True","Pauridia pusilla","species","Pauridia","Hypoxidaceae","True","True","True","True","I_NATURALIST_RANKED_ANCESTORS","EXACT_SPECIES_FAMILY_GENUS_READY","FAMILY_VERIFIED_GENUS_ABSENT_FROM_LCVP",,FALSE,TRUE
591456,"Pauridia pygmaea","Pauridia","Pauridia|45",45,"True","Pauridia pygmaea","species","Pauridia","Hypoxidaceae","True","True","True","True","I_NATURALIST_RANKED_ANCESTORS","EXACT_SPECIES_FAMILY_GENUS_READY","FAMILY_VERIFIED_GENUS_ABSENT_FROM_LCVP",,FALSE,TRUE
591553,"Pelargonium candicans","Pelargonium","Pelargonium|28",28,"False","Pelargonium candicans","species","Pelargonium","Geraniaceae","True","True","True","True","I_NATURALIST_RANKED_ANCESTORS","EXACT_SPECIES_FAMILY_GENUS_READY","EXACT_SPECIES_TIP_IN_LCVP_BACKBONE","Pelargonium_candicans",TRUE,FALSE
591579,"Pelargonium elegans","Pelargonium","Pelargonium|28",28,"False","Pelargonium elegans","species","Pelargonium","Geraniaceae","True","True","True","True","I_NATURALIST_RANKED_ANCESTORS","EXACT_SPECIES_FAMILY_GENUS_READY","EXACT_SPECIES_TIP_IN_LCVP_BACKBONE","Pelargonium_elegans",TRUE,FALSE
591622,"Pelargonium longifolium","Pelargonium","Pelargonium|27",27,"True","Pelargonium longifolium","species","Pelargonium","Geraniaceae","True","True","True","True","I_NATURALIST_RANKED_ANCESTORS","EXACT_SPECIES_FAMILY_GENUS_READY","EXACT_SPECIES_TIP_IN_LCVP_BACKBONE","Pelargonium_longifolium",TRUE,FALSE
591695,"Pelargonium ternatum","Pelargonium","Pelargonium|28",28,"False","Pelargonium ternatum","species","Pelargonium","Geraniaceae","True","True","True","True","I_NATURALIST_RANKED_ANCESTORS","EXACT_SPECIES_FAMILY_GENUS_READY","EXACT_SPECIES_TIP_IN_LCVP_BACKBONE","Pelargonium_ternatum",TRUE,FALSE
591969,"Phylica axillaris","Phylica","Phylica|28",28,"False","Phylica axillaris","species","Phylica","Rhamnaceae","True","True","True","True","I_NATURALIST_RANKED_ANCESTORS","EXACT_SPECIES_FAMILY_GENUS_READY","EXACT_SPECIES_TIP_IN_LCVP_BACKBONE","Phylica_axillaris",TRUE,FALSE
591976,"Phylica calcarata","Phylica","Phylica|27",27,"True","Phylica calcarata","species","Phylica","Rhamnaceae","True","True","True","True","I_NATURALIST_RANKED_ANCESTORS","EXACT_SPECIES_FAMILY_GENUS_READY","GENUS_FAMILY_IN_LCVP_SYNTHETIC_NOT_DIRECT",,FALSE,TRUE
591977,"Phylica callosa","Phylica","Phylica|27",27,"True","Phylica callosa","species","Phylica","Rhamnaceae","True","True","True","True","I_NATURALIST_RANKED_ANCESTORS","EXACT_SPECIES_FAMILY_GENUS_READY","GENUS_FAMILY_IN_LCVP_SYNTHETIC_NOT_DIRECT",,FALSE,TRUE
591978,"Phylica cephalantha","Phylica","Phylica|45",45,"True","Phylica cephalantha","species","Phylica","Rhamnaceae","True","True","True","True","I_NATURALIST_RANKED_ANCESTORS","EXACT_SPECIES_FAMILY_GENUS_READY","EXACT_SPECIES_TIP_IN_LCVP_BACKBONE","Phylica_cephalantha",TRUE,FALSE
591999,"Phylica floribunda","Phylica","Phylica|28",28,"False","Phylica floribunda","species","Phylica","Rhamnaceae","True","True","True","True","I_NATURALIST_RANKED_ANCESTORS","EXACT_SPECIES_FAMILY_GENUS_READY","GENUS_FAMILY_IN_LCVP_SYNTHETIC_NOT_DIRECT",,FALSE,TRUE
592014,"Phylica karroica","Phylica","Phylica|28",28,"False","Phylica karroica","species","Phylica","Rhamnaceae","True","True","True","True","I_NATURALIST_RANKED_ANCESTORS","EXACT_SPECIES_FAMILY_GENUS_READY","GENUS_FAMILY_IN_LCVP_SYNTHETIC_NOT_DIRECT",,FALSE,TRUE
592019,"Phylica lanata","Phylica","Phylica|28",28,"False","Phylica lanata","species","Phylica","Rhamnaceae","True","True","True","True","I_NATURALIST_RANKED_ANCESTORS","EXACT_SPECIES_FAMILY_GENUS_READY","EXACT_SPECIES_TIP_IN_LCVP_BACKBONE","Phylica_lanata",TRUE,FALSE
592022,"Phylica leipoldtii","Phylica","Phylica|45",45,"True","Phylica leipoldtii","species","Phylica","Rhamnaceae","True","True","True","True","I_NATURALIST_RANKED_ANCESTORS","EXACT_SPECIES_FAMILY_GENUS_READY","EXACT_SPECIES_TIP_IN_LCVP_BACKBONE","Phylica_leipoldtii",TRUE,FALSE
592025,"Phylica litoralis","Phylica","Phylica|28",28,"False","Phylica litoralis","species","Phylica","Rhamnaceae","True","True","True","True","I_NATURALIST_RANKED_ANCESTORS","EXACT_SPECIES_FAMILY_GENUS_READY","GENUS_FAMILY_IN_LCVP_SYNTHETIC_NOT_DIRECT",,FALSE,TRUE
592033,"Phylica minutiflora","Phylica","Phylica|27",27,"True","Phylica minutiflora","species","Phylica","Rhamnaceae","True","True","True","True","I_NATURALIST_RANKED_ANCESTORS","EXACT_SPECIES_FAMILY_GENUS_READY","GENUS_FAMILY_IN_LCVP_SYNTHETIC_NOT_DIRECT",,FALSE,TRUE
592037,"Phylica nervosa","Phylica","Phylica|45",45,"True","Phylica nervosa","species","Phylica","Rhamnaceae","True","True","True","True","I_NATURALIST_RANKED_ANCESTORS","EXACT_SPECIES_FAMILY_GENUS_READY","GENUS_FAMILY_IN_LCVP_SYNTHETIC_NOT_DIRECT",,FALSE,TRUE
592068,"Phylica stenopetala","Phylica","Phylica|45",45,"True","Phylica stenopetala","species","Phylica","Rhamnaceae","True","True","True","True","I_NATURALIST_RANKED_ANCESTORS","EXACT_SPECIES_FAMILY_GENUS_READY","GENUS_FAMILY_IN_LCVP_SYNTHETIC_NOT_DIRECT",,FALSE,TRUE
592291,"Podalyria variabilis","Podalyria","Podalyria|45",45,"True","Podalyria variabilis","species","Podalyria","Fabaceae","True","True","True","True","I_NATURALIST_RANKED_ANCESTORS","EXACT_SPECIES_FAMILY_GENUS_READY","GENUS_FAMILY_IN_LCVP_SYNTHETIC_NOT_DIRECT",,FALSE,TRUE
592473,"Prismatocarpus cordifolius","Prismatocarpus","Prismatocarpus|27",27,"True","Prismatocarpus cordifolius","species","Prismatocarpus","Campanulaceae","True","True","True","True","I_NATURALIST_RANKED_ANCESTORS","EXACT_SPECIES_FAMILY_GENUS_READY","GENUS_FAMILY_IN_LCVP_SYNTHETIC_NOT_DIRECT",,FALSE,TRUE
592488,"Prismatocarpus pedunculatus","Prismatocarpus","Prismatocarpus|27",27,"True","Prismatocarpus pedunculatus","species","Prismatocarpus","Campanulaceae","True","True","True","True","I_NATURALIST_RANKED_ANCESTORS","EXACT_SPECIES_FAMILY_GENUS_READY","GENUS_FAMILY_IN_LCVP_SYNTHETIC_NOT_DIRECT",,FALSE,TRUE
592520,"Protea lepidocarpodendron","Protea","Protea|27",27,"True","Protea lepidocarpodendron","species","Protea","Proteaceae","True","True","True","True","I_NATURALIST_RANKED_ANCESTORS","EXACT_SPECIES_FAMILY_GENUS_READY","EXACT_SPECIES_TIP_IN_LCVP_BACKBONE","Protea_lepidocarpodendron",TRUE,FALSE
592521,"Protea longifolia","Protea","Protea|27",27,"True","Protea longifolia","species","Protea","Proteaceae","True","True","True","True","I_NATURALIST_RANKED_ANCESTORS","EXACT_SPECIES_FAMILY_GENUS_READY","EXACT_SPECIES_TIP_IN_LCVP_BACKBONE","Protea_longifolia",TRUE,FALSE
592522,"Protea lorea","Protea","Protea|27",27,"True","Protea lorea","species","Protea","Proteaceae","True","True","True","True","I_NATURALIST_RANKED_ANCESTORS","EXACT_SPECIES_FAMILY_GENUS_READY","EXACT_SPECIES_TIP_IN_LCVP_BACKBONE","Protea_lorea",TRUE,FALSE
592538,"Protea scabriuscula","Protea","Protea|45",45,"True","Protea scabriuscula","species","Protea","Proteaceae","True","True","True","True","I_NATURALIST_RANKED_ANCESTORS","EXACT_SPECIES_FAMILY_GENUS_READY","EXACT_SPECIES_TIP_IN_LCVP_BACKBONE","Protea_scabriuscula",TRUE,FALSE
592624,"Psoralea filifolia","Psoralea","Psoralea|45",45,"True","Psoralea filifolia","species","Psoralea","Fabaceae","True","True","True","True","I_NATURALIST_RANKED_ANCESTORS","EXACT_SPECIES_FAMILY_GENUS_READY","EXACT_SPECIES_TIP_IN_LCVP_BACKBONE","Psoralea_filifolia",TRUE,FALSE
593229,"Roella dunantii","Roella","Roella|27",27,"True","Roella dunantii","species","Roella","Campanulaceae","True","True","True","True","I_NATURALIST_RANKED_ANCESTORS","EXACT_SPECIES_FAMILY_GENUS_READY","GENUS_FAMILY_IN_LCVP_SYNTHETIC_NOT_DIRECT",,FALSE,TRUE
593239,"Roella triflora","Roella","Roella|27",27,"True","Roella triflora","species","Roella","Campanulaceae","True","True","True","True","I_NATURALIST_RANKED_ANCESTORS","EXACT_SPECIES_FAMILY_GENUS_READY","GENUS_FAMILY_IN_LCVP_SYNTHETIC_NOT_DIRECT",,FALSE,TRUE
593275,"Romulea barkerae","Romulea","Romulea|45",45,"False","Romulea barkerae","species","Romulea","Iridaceae","True","True","True","True","I_NATURALIST_RANKED_ANCESTORS","EXACT_SPECIES_FAMILY_GENUS_READY","GENUS_FAMILY_IN_LCVP_SYNTHETIC_NOT_DIRECT",,FALSE,TRUE
593279,"Romulea citrina","Romulea","Romulea|45",45,"False","Romulea citrina","species","Romulea","Iridaceae","True","True","True","True","I_NATURALIST_RANKED_ANCESTORS","EXACT_SPECIES_FAMILY_GENUS_READY","GENUS_FAMILY_IN_LCVP_SYNTHETIC_NOT_DIRECT",,FALSE,TRUE
593281,"Romulea cruciata","Romulea","Romulea|45",45,"False","Romulea cruciata","species","Romulea","Iridaceae","True","True","True","True","I_NATURALIST_RANKED_ANCESTORS","EXACT_SPECIES_FAMILY_GENUS_READY","GENUS_FAMILY_IN_LCVP_SYNTHETIC_NOT_DIRECT",,FALSE,TRUE
593287,"Romulea eximia","Romulea","Romulea|45",45,"False","Romulea eximia","species","Romulea","Iridaceae","True","True","True","True","I_NATURALIST_RANKED_ANCESTORS","EXACT_SPECIES_FAMILY_GENUS_READY","GENUS_FAMILY_IN_LCVP_SYNTHETIC_NOT_DIRECT",,FALSE,TRUE
593328,"Romulea tabularis","Romulea","Romulea|45",45,"False","Romulea tabularis","species","Romulea","Iridaceae","True","True","True","True","I_NATURALIST_RANKED_ANCESTORS","EXACT_SPECIES_FAMILY_GENUS_READY","GENUS_FAMILY_IN_LCVP_SYNTHETIC_NOT_DIRECT",,FALSE,TRUE
593330,"Romulea triflora","Romulea","Romulea|45",45,"False","Romulea triflora","species","Romulea","Iridaceae","True","True","True","True","I_NATURALIST_RANKED_ANCESTORS","EXACT_SPECIES_FAMILY_GENUS_READY","GENUS_FAMILY_IN_LCVP_SYNTHETIC_NOT_DIRECT",,FALSE,TRUE
593697,"Salvia albicaulis","Salvia","Salvia|45",45,"True","Salvia albicaulis","species","Salvia","Lamiaceae","True","True","True","True","I_NATURALIST_RANKED_ANCESTORS","EXACT_SPECIES_FAMILY_GENUS_READY","EXACT_SPECIES_TIP_IN_LCVP_BACKBONE","Salvia_albicaulis",TRUE,FALSE
593871,"Searsia crenata","Searsia","Searsia|28",28,"False","Searsia crenata","species","Searsia","Anacardiaceae","True","True","True","True","I_NATURALIST_RANKED_ANCESTORS","EXACT_SPECIES_FAMILY_GENUS_READY","GENUS_FAMILY_IN_LCVP_SYNTHETIC_NOT_DIRECT",,FALSE,TRUE
593905,"Searsia pallens","Searsia","Searsia|28",28,"False","Searsia pallens","species","Searsia","Anacardiaceae","True","True","True","True","I_NATURALIST_RANKED_ANCESTORS","EXACT_SPECIES_FAMILY_GENUS_READY","GENUS_FAMILY_IN_LCVP_SYNTHETIC_NOT_DIRECT",,FALSE,TRUE
593914,"Searsia rehmanniana","Searsia","Searsia|28",28,"False","Searsia rehmanniana","species","Searsia","Anacardiaceae","True","True","True","True","I_NATURALIST_RANKED_ANCESTORS","EXACT_SPECIES_FAMILY_GENUS_READY","GENUS_FAMILY_IN_LCVP_SYNTHETIC_NOT_DIRECT",,FALSE,TRUE
594012,"Selago canescens","Selago","Selago|28",28,"False","Selago canescens","species","Selago","Scrophulariaceae","True","True","True","True","I_NATURALIST_RANKED_ANCESTORS","EXACT_SPECIES_FAMILY_GENUS_READY","EXACT_SPECIES_TIP_IN_LCVP_BACKBONE","Selago_canescens",TRUE,FALSE
594038,"Selago dolosa","Selago","Selago|27",27,"True","Selago dolosa","species","Selago","Scrophulariaceae","True","True","True","True","I_NATURALIST_RANKED_ANCESTORS","EXACT_SPECIES_FAMILY_GENUS_READY","EXACT_SPECIES_TIP_IN_LCVP_BACKBONE","Selago_dolosa",TRUE,FALSE
594076,"Selago levynsiae","Selago","Selago|27",27,"True","Selago levynsiae","species","Selago","Scrophulariaceae","True","True","True","True","I_NATURALIST_RANKED_ANCESTORS","EXACT_SPECIES_FAMILY_GENUS_READY","EXACT_SPECIES_TIP_IN_LCVP_BACKBONE","Selago_levynsiae",TRUE,FALSE
594119,"Selago prostrata","Selago","Selago|27",27,"True","Selago prostrata","species","Selago","Scrophulariaceae","True","True","True","True","I_NATURALIST_RANKED_ANCESTORS","EXACT_SPECIES_FAMILY_GENUS_READY","GENUS_FAMILY_IN_LCVP_SYNTHETIC_NOT_DIRECT",,FALSE,TRUE
594129,"Selago rotundifolia","Selago","Selago|28",28,"False","Selago rotundifolia","species","Selago","Scrophulariaceae","True","True","True","True","I_NATURALIST_RANKED_ANCESTORS","EXACT_SPECIES_FAMILY_GENUS_READY","GENUS_FAMILY_IN_LCVP_SYNTHETIC_NOT_DIRECT",,FALSE,TRUE
594156,"Selago villicaulis","Selago","Selago|28",28,"False","Selago villicaulis","species","Selago","Scrophulariaceae","True","True","True","True","I_NATURALIST_RANKED_ANCESTORS","EXACT_SPECIES_FAMILY_GENUS_READY","GENUS_FAMILY_IN_LCVP_SYNTHETIC_NOT_DIRECT",,FALSE,TRUE
594169,"Senecio abbreviatus","Senecio","Senecio|45",45,"True","Senecio abbreviatus","species","Senecio","Asteraceae","True","True","True","True","I_NATURALIST_RANKED_ANCESTORS","EXACT_SPECIES_FAMILY_GENUS_READY","GENUS_FAMILY_IN_LCVP_SYNTHETIC_NOT_DIRECT",,FALSE,TRUE
594180,"Senecio aloides","Senecio","Senecio|45",45,"True","Senecio aloides","species","Senecio","Asteraceae","True","True","True","True","I_NATURALIST_RANKED_ANCESTORS","EXACT_SPECIES_FAMILY_GENUS_READY","GENUS_FAMILY_IN_LCVP_SYNTHETIC_NOT_DIRECT",,FALSE,TRUE
594258,"Senecio hastatus","Senecio","Senecio|45",45,"True","Senecio hastatus","species","Senecio","Asteraceae","True","True","True","True","I_NATURALIST_RANKED_ANCESTORS","EXACT_SPECIES_FAMILY_GENUS_READY","EXACT_SPECIES_TIP_IN_LCVP_BACKBONE","Senecio_hastatus",TRUE,FALSE
594282,"Senecio junceus","Senecio","Senecio|28",28,"False","Senecio junceus","species","Senecio","Asteraceae","True","True","True","True","I_NATURALIST_RANKED_ANCESTORS","EXACT_SPECIES_FAMILY_GENUS_READY","EXACT_SPECIES_TIP_IN_LCVP_BACKBONE","Senecio_junceus",TRUE,FALSE
594296,"Senecio litorosus","Senecio","Senecio|28",28,"False","Senecio litorosus","species","Senecio","Asteraceae","True","True","True","True","I_NATURALIST_RANKED_ANCESTORS","EXACT_SPECIES_FAMILY_GENUS_READY","GENUS_FAMILY_IN_LCVP_SYNTHETIC_NOT_DIRECT",,FALSE,TRUE
594297,"Senecio littoreus","Senecio","Senecio|45",45,"True","Senecio littoreus","species","Senecio","Asteraceae","True","True","True","True","I_NATURALIST_RANKED_ANCESTORS","EXACT_SPECIES_FAMILY_GENUS_READY","EXACT_SPECIES_TIP_IN_LCVP_BACKBONE","Senecio_littoreus",TRUE,FALSE
594298,"Senecio lycopodioides","Senecio","Senecio|28",28,"False","Senecio lycopodioides","species","Senecio","Asteraceae","True","True","True","True","I_NATURALIST_RANKED_ANCESTORS","EXACT_SPECIES_FAMILY_GENUS_READY","GENUS_FAMILY_IN_LCVP_SYNTHETIC_NOT_DIRECT",,FALSE,TRUE
594341,"Senecio pinifolius","Senecio","Senecio|27",27,"True","Senecio pinifolius","species","Senecio","Asteraceae","True","True","True","True","I_NATURALIST_RANKED_ANCESTORS","EXACT_SPECIES_FAMILY_GENUS_READY","EXACT_SPECIES_TIP_IN_LCVP_BACKBONE","Senecio_pinifolius",TRUE,FALSE
594362,"Senecio rhomboideus","Senecio","Senecio|28",28,"False","Senecio rhomboideus","species","Senecio","Asteraceae","True","True","True","True","I_NATURALIST_RANKED_ANCESTORS","EXACT_SPECIES_FAMILY_GENUS_READY","GENUS_FAMILY_IN_LCVP_SYNTHETIC_NOT_DIRECT",,FALSE,TRUE
594364,"Senecio rigidus","Senecio","Senecio|27",27,"True","Senecio rigidus","species","Senecio","Asteraceae","True","True","True","True","I_NATURALIST_RANKED_ANCESTORS","EXACT_SPECIES_FAMILY_GENUS_READY","GENUS_FAMILY_IN_LCVP_SYNTHETIC_NOT_DIRECT",,FALSE,TRUE
594366,"Senecio rosmarinifolius","Senecio","Senecio|27",27,"True","Senecio rosmarinifolius","species","Senecio","Asteraceae","True","True","True","True","I_NATURALIST_RANKED_ANCESTORS","EXACT_SPECIES_FAMILY_GENUS_READY","GENUS_FAMILY_IN_LCVP_SYNTHETIC_NOT_DIRECT",,FALSE,TRUE
594410,"Senecio verbascifolius","Senecio","Senecio|27",27,"True","Senecio verbascifolius","species","Senecio","Asteraceae","True","True","True","True","I_NATURALIST_RANKED_ANCESTORS","EXACT_SPECIES_FAMILY_GENUS_READY","GENUS_FAMILY_IN_LCVP_SYNTHETIC_NOT_DIRECT",,FALSE,TRUE
594449,"Serruria brownii","Serruria","Serruria|45",45,"True","Serruria brownii","species","Serruria","Proteaceae","True","True","True","True","I_NATURALIST_RANKED_ANCESTORS","EXACT_SPECIES_FAMILY_GENUS_READY","GENUS_FAMILY_IN_LCVP_SYNTHETIC_NOT_DIRECT",,FALSE,TRUE
594451,"Serruria candicans","Serruria","Serruria|45",45,"True","Serruria candicans","species","Serruria","Proteaceae","True","True","True","True","I_NATURALIST_RANKED_ANCESTORS","EXACT_SPECIES_FAMILY_GENUS_READY","GENUS_FAMILY_IN_LCVP_SYNTHETIC_NOT_DIRECT",,FALSE,TRUE
594452,"Serruria collina","Serruria","Serruria|27",27,"True","Serruria collina","species","Serruria","Proteaceae","True","True","True","True","I_NATURALIST_RANKED_ANCESTORS","EXACT_SPECIES_FAMILY_GENUS_READY","GENUS_FAMILY_IN_LCVP_SYNTHETIC_NOT_DIRECT",,FALSE,TRUE
594458,"Serruria effusa","Serruria","Serruria|45",45,"True","Serruria effusa","species","Serruria","Proteaceae","True","True","True","True","I_NATURALIST_RANKED_ANCESTORS","EXACT_SPECIES_FAMILY_GENUS_READY","GENUS_FAMILY_IN_LCVP_SYNTHETIC_NOT_DIRECT",,FALSE,TRUE
594462,"Serruria gremialis","Serruria","Serruria|27",27,"True","Serruria gremialis","species","Serruria","Proteaceae","True","True","True","True","I_NATURALIST_RANKED_ANCESTORS","EXACT_SPECIES_FAMILY_GENUS_READY","GENUS_FAMILY_IN_LCVP_SYNTHETIC_NOT_DIRECT",,FALSE,TRUE
594464,"Serruria hirsuta","Serruria","Serruria|27",27,"True","Serruria hirsuta","species","Serruria","Proteaceae","True","True","True","True","I_NATURALIST_RANKED_ANCESTORS","EXACT_SPECIES_FAMILY_GENUS_READY","GENUS_FAMILY_IN_LCVP_SYNTHETIC_NOT_DIRECT",,FALSE,TRUE
594467,"Serruria kraussii","Serruria","Serruria|27",27,"True","Serruria kraussii","species","Serruria","Proteaceae","True","True","True","True","I_NATURALIST_RANKED_ANCESTORS","EXACT_SPECIES_FAMILY_GENUS_READY","GENUS_FAMILY_IN_LCVP_SYNTHETIC_NOT_DIRECT",,FALSE,TRUE
594470,"Serruria linearis","Serruria","Serruria|45",45,"True","Serruria linearis","species","Serruria","Proteaceae","True","True","True","True","I_NATURALIST_RANKED_ANCESTORS","EXACT_SPECIES_FAMILY_GENUS_READY","GENUS_FAMILY_IN_LCVP_SYNTHETIC_NOT_DIRECT",,FALSE,TRUE
594482,"Serruria rubricaulis","Serruria","Serruria|27",27,"True","Serruria rubricaulis","species","Serruria","Proteaceae","True","True","True","True","I_NATURALIST_RANKED_ANCESTORS","EXACT_SPECIES_FAMILY_GENUS_READY","GENUS_FAMILY_IN_LCVP_SYNTHETIC_NOT_DIRECT",,FALSE,TRUE
594485,"Serruria trilopha","Serruria","Serruria|27",27,"True","Serruria trilopha","species","Serruria","Proteaceae","True","True","True","True","I_NATURALIST_RANKED_ANCESTORS","EXACT_SPECIES_FAMILY_GENUS_READY","EXACT_SPECIES_TIP_IN_LCVP_BACKBONE","Serruria_trilopha",TRUE,FALSE
594568,"Solanum campylacanthum","Solanum","Solanum|46",46,"True","Solanum campylacanthum","species","Solanum","Solanaceae","True","True","True","True","I_NATURALIST_RANKED_ANCESTORS","EXACT_SPECIES_FAMILY_GENUS_READY","EXACT_SPECIES_TIP_IN_LCVP_BACKBONE","Solanum_campylacanthum",TRUE,FALSE
594576,"Solanum guineense","Solanum","Solanum|45",45,"False","Solanum guineense","species","Solanum","Solanaceae","True","True","True","True","I_NATURALIST_RANKED_ANCESTORS","EXACT_SPECIES_FAMILY_GENUS_READY","EXACT_SPECIES_TIP_IN_LCVP_BACKBONE","Solanum_guineense",TRUE,FALSE
594577,"Solanum lichtensteinii","Solanum","Solanum|46",46,"True","Solanum lichtensteinii","species","Solanum","Solanaceae","True","True","True","True","I_NATURALIST_RANKED_ANCESTORS","EXACT_SPECIES_FAMILY_GENUS_READY","EXACT_SPECIES_TIP_IN_LCVP_BACKBONE","Solanum_lichtensteinii",TRUE,FALSE
594630,"Spatalla curvifolia","Spatalla","Spatalla|27",27,"True","Spatalla curvifolia","species","Spatalla","Proteaceae","True","True","True","True","I_NATURALIST_RANKED_ANCESTORS","EXACT_SPECIES_FAMILY_GENUS_READY","EXACT_SPECIES_TIP_IN_LCVP_BACKBONE","Spatalla_curvifolia",TRUE,FALSE
594633,"Spatalla propinqua","Spatalla","Spatalla|27",27,"True","Spatalla propinqua","species","Spatalla","Proteaceae","True","True","True","True","I_NATURALIST_RANKED_ANCESTORS","EXACT_SPECIES_FAMILY_GENUS_READY","GENUS_FAMILY_IN_LCVP_SYNTHETIC_NOT_DIRECT",,FALSE,TRUE
595007,"Struthiola tomentosa","Struthiola","Struthiola|27",27,"True","Struthiola tomentosa","species","Struthiola","Thymelaeaceae","True","True","True","True","I_NATURALIST_RANKED_ANCESTORS","EXACT_SPECIES_FAMILY_GENUS_READY","GENUS_FAMILY_IN_LCVP_SYNTHETIC_NOT_DIRECT",,FALSE,TRUE
595051,"Syncarpha staehelina","Syncarpha","Syncarpha|27",27,"True","Syncarpha staehelina","species","Syncarpha","Asteraceae","True","True","True","True","I_NATURALIST_RANKED_ANCESTORS","EXACT_SPECIES_FAMILY_GENUS_READY","EXACT_SPECIES_TIP_IN_LCVP_BACKBONE","Syncarpha_staehelina",TRUE,FALSE
595566,"Trachyandra hirsuta","Trachyandra","Trachyandra|45",45,"True","Trachyandra hirsuta","species","Trachyandra","Asphodelaceae","True","True","True","True","I_NATURALIST_RANKED_ANCESTORS","EXACT_SPECIES_FAMILY_GENUS_READY","GENUS_FAMILY_IN_LCVP_SYNTHETIC_NOT_DIRECT",,FALSE,TRUE
595581,"Trachyandra revoluta","Trachyandra","Trachyandra|45",45,"True","Trachyandra revoluta","species","Trachyandra","Asphodelaceae","True","True","True","True","I_NATURALIST_RANKED_ANCESTORS","EXACT_SPECIES_FAMILY_GENUS_READY","GENUS_FAMILY_IN_LCVP_SYNTHETIC_NOT_DIRECT",,FALSE,TRUE
595894,"Ursinia chrysanthemoides","Ursinia","Ursinia|28",28,"True","Ursinia chrysanthemoides","species","Ursinia","Asteraceae","True","True","True","True","I_NATURALIST_RANKED_ANCESTORS","EXACT_SPECIES_FAMILY_GENUS_READY","GENUS_FAMILY_IN_LCVP_SYNTHETIC_NOT_DIRECT",,FALSE,TRUE
595903,"Ursinia heterodonta","Ursinia","Ursinia|28",28,"True","Ursinia heterodonta","species","Ursinia","Asteraceae","True","True","True","True","I_NATURALIST_RANKED_ANCESTORS","EXACT_SPECIES_FAMILY_GENUS_READY","GENUS_FAMILY_IN_LCVP_SYNTHETIC_NOT_DIRECT",,FALSE,TRUE
595913,"Ursinia paleacea","Ursinia","Ursinia|28",28,"True","Ursinia paleacea","species","Ursinia","Asteraceae","True","True","True","True","I_NATURALIST_RANKED_ANCESTORS","EXACT_SPECIES_FAMILY_GENUS_READY","GENUS_FAMILY_IN_LCVP_SYNTHETIC_NOT_DIRECT",,FALSE,TRUE
595921,"Ursinia scariosa","Ursinia","Ursinia|28",28,"True","Ursinia scariosa","species","Ursinia","Asteraceae","True","True","True","True","I_NATURALIST_RANKED_ANCESTORS","EXACT_SPECIES_FAMILY_GENUS_READY","GENUS_FAMILY_IN_LCVP_SYNTHETIC_NOT_DIRECT",,FALSE,TRUE
596088,"Wahlenbergia desmantha","Wahlenbergia","Wahlenbergia|28",28,"True","Wahlenbergia desmantha","species","Wahlenbergia","Campanulaceae","True","True","True","True","I_NATURALIST_RANKED_ANCESTORS","EXACT_SPECIES_FAMILY_GENUS_READY","GENUS_FAMILY_IN_LCVP_SYNTHETIC_NOT_DIRECT",,FALSE,TRUE
596156,"Wahlenbergia procumbens","Wahlenbergia","Wahlenbergia|28",28,"True","Wahlenbergia procumbens","species","Wahlenbergia","Campanulaceae","True","True","True","True","I_NATURALIST_RANKED_ANCESTORS","EXACT_SPECIES_FAMILY_GENUS_READY","GENUS_FAMILY_IN_LCVP_SYNTHETIC_NOT_DIRECT",,FALSE,TRUE
596191,"Wahlenbergia tenella","Wahlenbergia","Wahlenbergia|28",28,"True","Wahlenbergia tenella","species","Wahlenbergia","Campanulaceae","True","True","True","True","I_NATURALIST_RANKED_ANCESTORS","EXACT_SPECIES_FAMILY_GENUS_READY","GENUS_FAMILY_IN_LCVP_SYNTHETIC_NOT_DIRECT",,FALSE,TRUE
596197,"Wahlenbergia thunbergii","Wahlenbergia","Wahlenbergia|28",28,"True","Wahlenbergia thunbergii","species","Wahlenbergia","Campanulaceae","True","True","True","True","I_NATURALIST_RANKED_ANCESTORS","EXACT_SPECIES_FAMILY_GENUS_READY","GENUS_FAMILY_IN_LCVP_SYNTHETIC_NOT_DIRECT",,FALSE,TRUE
596409,"Zaluzianskya pilosissima","Zaluzianskya","Zaluzianskya|45",45,"False","Zaluzianskya pilosissima","species","Zaluzianskya","Scrophulariaceae","True","True","True","True","I_NATURALIST_RANKED_ANCESTORS","EXACT_SPECIES_FAMILY_GENUS_READY","GENUS_FAMILY_IN_LCVP_SYNTHETIC_NOT_DIRECT",,FALSE,TRUE
596413,"Zaluzianskya regalis","Zaluzianskya","Zaluzianskya|45",45,"False","Zaluzianskya regalis","species","Zaluzianskya","Scrophulariaceae","True","True","True","True","I_NATURALIST_RANKED_ANCESTORS","EXACT_SPECIES_FAMILY_GENUS_READY","GENUS_FAMILY_IN_LCVP_SYNTHETIC_NOT_DIRECT",,FALSE,TRUE
596633,"Erica grandiflora","Erica","Erica|45",45,"True","Erica grandiflora","species","Erica","Ericaceae","True","True","True","True","I_NATURALIST_RANKED_ANCESTORS","EXACT_SPECIES_FAMILY_GENUS_READY","GENUS_FAMILY_IN_LCVP_SYNTHETIC_NOT_DIRECT",,FALSE,TRUE
603380,"Elatostema platyphyllum","Elatostema","Elatostema|123",123,"True","Elatostema platyphyllum","species","Elatostema","Urticaceae","True","True","True","True","I_NATURALIST_RANKED_ANCESTORS","EXACT_SPECIES_FAMILY_GENUS_READY","GENUS_FAMILY_IN_LCVP_SYNTHETIC_NOT_DIRECT",,FALSE,TRUE
603607,"Helichrysum nitens","Helichrysum","Helichrysum|64",64,"False","Helichrysum nitens","species","Helichrysum","Asteraceae","True","True","True","True","I_NATURALIST_RANKED_ANCESTORS","EXACT_SPECIES_FAMILY_GENUS_READY","GENUS_FAMILY_IN_LCVP_SYNTHETIC_NOT_DIRECT",,FALSE,TRUE
604293,"Viburnum luzonicum","Viburnum","Viburnum|123",123,"True","Viburnum luzonicum","species","Viburnum","Viburnaceae","True","True","True","True","I_NATURALIST_RANKED_ANCESTORS","EXACT_SPECIES_FAMILY_GENUS_READY","EXACT_SPECIES_TIP_GENUS_FAMILY_TAXONOMIC_CONFLICT",,FALSE,TRUE
604580,"Encyclia granitica","Encyclia","Encyclia|78",78,"True","Encyclia granitica","species","Encyclia","Orchidaceae","True","True","True","True","I_NATURALIST_RANKED_ANCESTORS","EXACT_SPECIES_FAMILY_GENUS_READY","GENUS_FAMILY_IN_LCVP_SYNTHETIC_NOT_DIRECT",,FALSE,TRUE
604584,"Lepanthes monoptera","Lepanthes","Lepanthes|77",77,"False","Lepanthes monoptera","species","Lepanthes","Orchidaceae","True","True","True","True","I_NATURALIST_RANKED_ANCESTORS","EXACT_SPECIES_FAMILY_GENUS_READY","GENUS_FAMILY_IN_LCVP_SYNTHETIC_NOT_DIRECT",,FALSE,TRUE
606314,"Viola formosana","Viola","Viola|123",123,"True","Viola formosana","species","Viola","Violaceae","True","True","True","True","I_NATURALIST_RANKED_ANCESTORS","EXACT_SPECIES_FAMILY_GENUS_READY","GENUS_FAMILY_IN_LCVP_SYNTHETIC_NOT_DIRECT",,FALSE,TRUE
606845,"Ranunculus anemoneus","Ranunculus","Ranunculus|34",34,"True","Ranunculus anemoneus","species","Ranunculus","Ranunculaceae","True","True","True","True","I_NATURALIST_RANKED_ANCESTORS","EXACT_SPECIES_FAMILY_GENUS_READY","EXACT_SPECIES_TIP_IN_LCVP_BACKBONE","Ranunculus_anemoneus",TRUE,FALSE
622606,"Stylidium repens","Stylidium","Stylidium|32",32,"False","Stylidium repens","species","Stylidium","Stylidiaceae","True","True","True","True","I_NATURALIST_RANKED_ANCESTORS","EXACT_SPECIES_FAMILY_GENUS_READY","FAMILY_VERIFIED_GENUS_ABSENT_FROM_LCVP",,FALSE,TRUE
623016,"Verticordia nobilis","Verticordia","Verticordia|50",50,"False","Verticordia nobilis","species","Verticordia","Myrtaceae","True","True","True","True","I_NATURALIST_RANKED_ANCESTORS","EXACT_SPECIES_FAMILY_GENUS_READY","GENUS_FAMILY_IN_LCVP_SYNTHETIC_NOT_DIRECT",,FALSE,TRUE
623587,"Polycarpaea nivea","Polycarpaea","Polycarpaea|116",116,"False","Polycarpaea nivea","species","Polycarpaea","Caryophyllaceae","True","True","True","True","I_NATURALIST_RANKED_ANCESTORS","EXACT_SPECIES_FAMILY_GENUS_READY","GENUS_FAMILY_IN_LCVP_SYNTHETIC_NOT_DIRECT",,FALSE,TRUE
624183,"Chuquiraga erinacea","Chuquiraga","Chuquiraga|23",23,"False","Chuquiraga erinacea","species","Chuquiraga","Asteraceae","True","True","True","True","I_NATURALIST_RANKED_ANCESTORS","EXACT_SPECIES_FAMILY_GENUS_READY","EXACT_SPECIES_TIP_IN_LCVP_BACKBONE","Chuquiraga_erinacea",TRUE,FALSE
624337,"Centropogon gutierrezii","Centropogon","Centropogon|94",94,"False","Centropogon gutierrezii","species","Centropogon","Campanulaceae","True","True","True","True","I_NATURALIST_RANKED_ANCESTORS","EXACT_SPECIES_FAMILY_GENUS_READY","FAMILY_VERIFIED_GENUS_ABSENT_FROM_LCVP",,FALSE,TRUE
625478,"Andryala glandulosa","Andryala","Andryala|116",116,"False","Andryala glandulosa","species","Andryala","Asteraceae","True","True","True","True","I_NATURALIST_RANKED_ANCESTORS","EXACT_SPECIES_FAMILY_GENUS_READY","EXACT_SPECIES_TIP_IN_LCVP_BACKBONE","Andryala_glandulosa",TRUE,FALSE
625502,"Helichrysum devium","Helichrysum","Helichrysum|116",116,"True","Helichrysum devium","species","Helichrysum","Asteraceae","True","True","True","True","I_NATURALIST_RANKED_ANCESTORS","EXACT_SPECIES_FAMILY_GENUS_READY","GENUS_FAMILY_IN_LCVP_SYNTHETIC_NOT_DIRECT",,FALSE,TRUE
627208,"Hedyotis uncinella","Hedyotis","Hedyotis|122",122,"True","Hedyotis uncinella","species","Hedyotis","Rubiaceae","True","True","True","True","I_NATURALIST_RANKED_ANCESTORS","EXACT_SPECIES_FAMILY_GENUS_READY","EXACT_SPECIES_TIP_IN_LCVP_BACKBONE","Hedyotis_uncinella",TRUE,FALSE
628885,"Barbacenia tomentosa","Barbacenia","Barbacenia|42",42,"True","Barbacenia tomentosa","species","Barbacenia","Velloziaceae","True","True","True","True","I_NATURALIST_RANKED_ANCESTORS","EXACT_SPECIES_FAMILY_GENUS_READY","EXACT_SPECIES_TIP_IN_LCVP_BACKBONE","Barbacenia_tomentosa",TRUE,FALSE
630591,"Peixotoa tomentosa","Peixotoa","Peixotoa|60",60,"True","Peixotoa tomentosa","species","Peixotoa","Malpighiaceae","True","True","True","True","I_NATURALIST_RANKED_ANCESTORS","EXACT_SPECIES_FAMILY_GENUS_READY","GENUS_FAMILY_IN_LCVP_SYNTHETIC_NOT_DIRECT",,FALSE,TRUE
631402,"Conospermum crassinervium","Conospermum","Conospermum|50",50,"True","Conospermum crassinervium","species","Conospermum","Proteaceae","True","True","True","True","I_NATURALIST_RANKED_ANCESTORS","EXACT_SPECIES_FAMILY_GENUS_READY","GENUS_FAMILY_IN_LCVP_SYNTHETIC_NOT_DIRECT",,FALSE,TRUE
635200,"Thalictrum reniforme","Thalictrum","Thalictrum|121",121,"True","Thalictrum reniforme","species","Thalictrum","Ranunculaceae","True","True","True","True","I_NATURALIST_RANKED_ANCESTORS","EXACT_SPECIES_FAMILY_GENUS_READY","EXACT_SPECIES_TIP_IN_LCVP_BACKBONE","Thalictrum_reniforme",TRUE,FALSE
635239,"Drosera platypoda","Drosera","Drosera|32",32,"True","Drosera platypoda","species","Drosera","Droseraceae","True","True","True","True","I_NATURALIST_RANKED_ANCESTORS","EXACT_SPECIES_FAMILY_GENUS_READY","EXACT_SPECIES_TIP_IN_LCVP_BACKBONE","Drosera_platypoda",TRUE,FALSE
635249,"Drosera erythrogyne","Drosera","Drosera|32",32,"True","Drosera erythrogyne","species","Drosera","Droseraceae","True","True","True","True","I_NATURALIST_RANKED_ANCESTORS","EXACT_SPECIES_FAMILY_GENUS_READY","GENUS_FAMILY_IN_LCVP_SYNTHETIC_NOT_DIRECT",,FALSE,TRUE
635251,"Drosera modesta","Drosera","Drosera|32",32,"True","Drosera modesta","species","Drosera","Droseraceae","True","True","True","True","I_NATURALIST_RANKED_ANCESTORS","EXACT_SPECIES_FAMILY_GENUS_READY","GENUS_FAMILY_IN_LCVP_SYNTHETIC_NOT_DIRECT",,FALSE,TRUE
635282,"Drosera huegelii","Drosera","Drosera|32",32,"True","Drosera huegelii","species","Drosera","Droseraceae","True","True","True","True","I_NATURALIST_RANKED_ANCESTORS","EXACT_SPECIES_FAMILY_GENUS_READY","GENUS_FAMILY_IN_LCVP_SYNTHETIC_NOT_DIRECT",,FALSE,TRUE
636301,"Chuquiraga oppositifolia","Chuquiraga","Chuquiraga|23",23,"False","Chuquiraga oppositifolia","species","Chuquiraga","Asteraceae","True","True","True","True","I_NATURALIST_RANKED_ANCESTORS","EXACT_SPECIES_FAMILY_GENUS_READY","EXACT_SPECIES_TIP_IN_LCVP_BACKBONE","Chuquiraga_oppositifolia",TRUE,FALSE
637560,"Pimelea ciliata","Pimelea","Pimelea|50",50,"True","Pimelea ciliata","species","Pimelea","Thymelaeaceae","True","True","True","True","I_NATURALIST_RANKED_ANCESTORS","EXACT_SPECIES_FAMILY_GENUS_READY","EXACT_SPECIES_TIP_IN_LCVP_BACKBONE","Pimelea_ciliata",TRUE,FALSE
638157,"Lepanthes troxis","Lepanthes","Lepanthes|77",77,"False","Lepanthes troxis","species","Lepanthes","Orchidaceae","True","True","True","True","I_NATURALIST_RANKED_ANCESTORS","EXACT_SPECIES_FAMILY_GENUS_READY","GENUS_FAMILY_IN_LCVP_SYNTHETIC_NOT_DIRECT",,FALSE,TRUE
699263,"Micromeria hyssopifolia","Micromeria","Micromeria|116",116,"True","Micromeria hyssopifolia","species","Micromeria","Lamiaceae","True","True","True","True","I_NATURALIST_RANKED_ANCESTORS","EXACT_SPECIES_FAMILY_GENUS_READY","EXACT_SPECIES_TIP_IN_LCVP_BACKBONE","Micromeria_hyssopifolia",TRUE,FALSE
699383,"Convolvulus stachydifolius","Convolvulus","Convolvulus|118",118,"True","Convolvulus stachydifolius","species","Convolvulus","Convolvulaceae","True","True","True","True","I_NATURALIST_RANKED_ANCESTORS","EXACT_SPECIES_FAMILY_GENUS_READY","GENUS_FAMILY_IN_LCVP_SYNTHETIC_NOT_DIRECT",,FALSE,TRUE
699908,"Hydrocotyle acutiloba","Hydrocotyle","Hydrocotyle|52",52,"True","Hydrocotyle acutiloba","species","Hydrocotyle","Araliaceae","True","True","True","True","I_NATURALIST_RANKED_ANCESTORS","EXACT_SPECIES_FAMILY_GENUS_READY","GENUS_FAMILY_IN_LCVP_SYNTHETIC_NOT_DIRECT",,FALSE,TRUE
700633,"Oxalis confertifolia","Oxalis","Oxalis|28",28,"True","Oxalis confertifolia","species","Oxalis","Oxalidaceae","True","True","True","True","I_NATURALIST_RANKED_ANCESTORS","EXACT_SPECIES_FAMILY_GENUS_READY","GENUS_FAMILY_IN_LCVP_SYNTHETIC_NOT_DIRECT",,FALSE,TRUE
701042,"Pogostemon deccanensis","Pogostemon","Pogostemon|102",102,"True","Pogostemon deccanensis","species","Pogostemon","Lamiaceae","True","True","True","True","I_NATURALIST_RANKED_ANCESTORS","EXACT_SPECIES_FAMILY_GENUS_READY","GENUS_FAMILY_IN_LCVP_SYNTHETIC_NOT_DIRECT",,FALSE,TRUE
701246,"Eupatorium tashiroi","Eupatorium","Eupatorium|123",123,"False","Eupatorium tashiroi","species","Eupatorium","Asteraceae","True","True","True","True","I_NATURALIST_RANKED_ANCESTORS","EXACT_SPECIES_FAMILY_GENUS_READY","EXACT_SPECIES_TIP_IN_LCVP_BACKBONE","Eupatorium_tashiroi",TRUE,FALSE
701306,"Leptospermum grandifolium","Leptospermum","Leptospermum|52",52,"False","Leptospermum grandifolium","species","Leptospermum","Myrtaceae","True","True","True","True","I_NATURALIST_RANKED_ANCESTORS","EXACT_SPECIES_FAMILY_GENUS_READY","EXACT_SPECIES_TIP_IN_LCVP_BACKBONE","Leptospermum_grandifolium",TRUE,FALSE
701928,"Sedum morrisonense","Sedum","Sedum|123",123,"True","Sedum morrisonense","species","Sedum","Crassulaceae","True","True","True","True","I_NATURALIST_RANKED_ANCESTORS","EXACT_SPECIES_FAMILY_GENUS_READY","EXACT_SPECIES_TIP_IN_LCVP_BACKBONE","Sedum_morrisonense",TRUE,FALSE
702017,"Polycarpaea latifolia","Polycarpaea","Polycarpaea|116",116,"False","Polycarpaea latifolia","species","Polycarpaea","Caryophyllaceae","True","True","True","True","I_NATURALIST_RANKED_ANCESTORS","EXACT_SPECIES_FAMILY_GENUS_READY","EXACT_SPECIES_TIP_IN_LCVP_BACKBONE","Polycarpaea_latifolia",TRUE,FALSE
702383,"Pericallis lanata","Pericallis","Pericallis|116",116,"True","Pericallis lanata","species","Pericallis","Asteraceae","True","True","True","True","I_NATURALIST_RANKED_ANCESTORS","EXACT_SPECIES_FAMILY_GENUS_READY","EXACT_SPECIES_TIP_IN_LCVP_BACKBONE","Pericallis_lanata",TRUE,FALSE
702397,"Andryala pinnatifida","Andryala","Andryala|116",116,"False","Andryala pinnatifida","species","Andryala","Asteraceae","True","True","True","True","I_NATURALIST_RANKED_ANCESTORS","EXACT_SPECIES_FAMILY_GENUS_READY","EXACT_SPECIES_TIP_IN_LCVP_BACKBONE","Andryala_pinnatifida",TRUE,FALSE
702875,"Melicope semecarpifolia","Melicope","Melicope|123",123,"True","Melicope semecarpifolia","species","Melicope","Rutaceae","True","True","True","True","I_NATURALIST_RANKED_ANCESTORS","EXACT_SPECIES_FAMILY_GENUS_READY","EXACT_SPECIES_TIP_IN_LCVP_BACKBONE","Melicope_semecarpifolia",TRUE,FALSE
703644,"Trifolium erubescens","Trifolium","Trifolium|118",118,"True","Trifolium erubescens","species","Trifolium","Fabaceae","True","True","True","True","I_NATURALIST_RANKED_ANCESTORS","EXACT_SPECIES_FAMILY_GENUS_READY","EXACT_SPECIES_TIP_IN_LCVP_BACKBONE","Trifolium_erubescens",TRUE,FALSE
703843,"Eulophia milnei","Eulophia","Eulophia|63",63,"True","Eulophia milnei","species","Eulophia","Orchidaceae","True","True","True","True","I_NATURALIST_RANKED_ANCESTORS","EXACT_SPECIES_FAMILY_GENUS_READY","GENUS_FAMILY_IN_LCVP_SYNTHETIC_NOT_DIRECT",,FALSE,TRUE
703869,"Streptocarpus eylesii","Streptocarpus","Streptocarpus|64",64,"False","Streptocarpus eylesii","species","Streptocarpus","Gesneriaceae","True","True","True","True","I_NATURALIST_RANKED_ANCESTORS","EXACT_SPECIES_FAMILY_GENUS_READY","EXACT_SPECIES_TIP_IN_LCVP_BACKBONE","Streptocarpus_eylesii",TRUE,FALSE
704167,"Vicia cuspidata","Vicia","Vicia|118",118,"True","Vicia cuspidata","species","Vicia","Fabaceae","True","True","True","True","I_NATURALIST_RANKED_ANCESTORS","EXACT_SPECIES_FAMILY_GENUS_READY","EXACT_SPECIES_TIP_IN_LCVP_BACKBONE","Vicia_cuspidata",TRUE,FALSE
705062,"Veronica panormitana","Veronica","Veronica|118",118,"True","Veronica panormitana","species","Veronica","Plantaginaceae","True","True","True","True","I_NATURALIST_RANKED_ANCESTORS","EXACT_SPECIES_FAMILY_GENUS_READY","EXACT_SPECIES_TIP_IN_LCVP_BACKBONE","Veronica_panormitana",TRUE,FALSE
705119,"Banksia fraseri","Banksia","Banksia|50",50,"False","Banksia fraseri","species","Banksia","Proteaceae","True","True","True","True","I_NATURALIST_RANKED_ANCESTORS","EXACT_SPECIES_FAMILY_GENUS_READY","EXACT_SPECIES_TIP_GENUS_FAMILY_TAXONOMIC_CONFLICT",,FALSE,TRUE
705275,"Sedum actinocarpum","Sedum","Sedum|123",123,"True","Sedum actinocarpum","species","Sedum","Crassulaceae","True","True","True","True","I_NATURALIST_RANKED_ANCESTORS","EXACT_SPECIES_FAMILY_GENUS_READY","GENUS_FAMILY_IN_LCVP_SYNTHETIC_NOT_DIRECT",,FALSE,TRUE
705287,"Haplopappus foliosus","Haplopappus","Haplopappus|41",41,"True","Haplopappus foliosus","species","Haplopappus","Asteraceae","True","True","True","True","I_NATURALIST_RANKED_ANCESTORS","EXACT_SPECIES_FAMILY_GENUS_READY","EXACT_SPECIES_TIP_IN_LCVP_BACKBONE","Haplopappus_foliosus",TRUE,FALSE
705904,"Hypericum geminiflorum","Hypericum","Hypericum|123",123,"True","Hypericum geminiflorum","species","Hypericum","Hypericaceae","True","True","True","True","I_NATURALIST_RANKED_ANCESTORS","EXACT_SPECIES_FAMILY_GENUS_READY","EXACT_SPECIES_TIP_IN_LCVP_BACKBONE","Hypericum_geminiflorum",TRUE,FALSE
707256,"Daphne papyracea","Daphne","Daphne|121",121,"False","Daphne papyracea","species","Daphne","Thymelaeaceae","True","True","True","True","I_NATURALIST_RANKED_ANCESTORS","EXACT_SPECIES_FAMILY_GENUS_READY","GENUS_FAMILY_IN_LCVP_SYNTHETIC_NOT_DIRECT",,FALSE,TRUE
707582,"Hakea tuberculata","Hakea","Hakea|32",32,"True","Hakea tuberculata","species","Hakea","Proteaceae","True","True","True","True","I_NATURALIST_RANKED_ANCESTORS","EXACT_SPECIES_FAMILY_GENUS_READY","GENUS_FAMILY_IN_LCVP_SYNTHETIC_NOT_DIRECT",,FALSE,TRUE
708335,"Rhododendron rugosum","Rhododendron","Rhododendron|86",86,"True","Rhododendron rugosum","species","Rhododendron","Ericaceae","True","True","True","True","I_NATURALIST_RANKED_ANCESTORS","EXACT_SPECIES_FAMILY_GENUS_READY","EXACT_SPECIES_TIP_IN_LCVP_BACKBONE","Rhododendron_rugosum",TRUE,FALSE
708831,"Sipanea pratensis","Sipanea","Sipanea|78",78,"True","Sipanea pratensis","species","Sipanea","Rubiaceae","True","True","True","True","I_NATURALIST_RANKED_ANCESTORS","EXACT_SPECIES_FAMILY_GENUS_READY","EXACT_SPECIES_TIP_IN_LCVP_BACKBONE","Sipanea_pratensis",TRUE,FALSE
708905,"Viburnum taitoense","Viburnum","Viburnum|123",123,"True","Viburnum taitoense","species","Viburnum","Viburnaceae","True","True","True","True","I_NATURALIST_RANKED_ANCESTORS","EXACT_SPECIES_FAMILY_GENUS_READY","EXACT_SPECIES_TIP_GENUS_FAMILY_TAXONOMIC_CONFLICT",,FALSE,TRUE
709077,"Eupatorium amabile","Eupatorium","Eupatorium|123",123,"False","Eupatorium amabile","species","Eupatorium","Asteraceae","True","True","True","True","I_NATURALIST_RANKED_ANCESTORS","EXACT_SPECIES_FAMILY_GENUS_READY","GENUS_FAMILY_IN_LCVP_SYNTHETIC_NOT_DIRECT",,FALSE,TRUE
709081,"Eupatorium kiirunense","Eupatorium","Eupatorium|123",123,"False","Eupatorium kiirunense","species","Eupatorium","Asteraceae","True","True","True","True","I_NATURALIST_RANKED_ANCESTORS","EXACT_SPECIES_FAMILY_GENUS_READY","GENUS_FAMILY_IN_LCVP_SYNTHETIC_NOT_DIRECT",,FALSE,TRUE
709146,"Viola uniflora","Viola","Viola|158",158,"False","Viola uniflora","species","Viola","Violaceae","True","True","True","True","I_NATURALIST_RANKED_ANCESTORS","EXACT_SPECIES_FAMILY_GENUS_READY","EXACT_SPECIES_TIP_IN_LCVP_BACKBONE","Viola_uniflora",TRUE,FALSE
710098,"Acacia biflora","Acacia","Acacia|32",32,"False","Acacia biflora","species","Acacia","Fabaceae","True","True","True","True","I_NATURALIST_RANKED_ANCESTORS","EXACT_SPECIES_FAMILY_GENUS_READY","GENUS_FAMILY_IN_LCVP_SYNTHETIC_NOT_DIRECT",,FALSE,TRUE
711445,"Viola dissecta","Viola","Viola|158",158,"False","Viola dissecta","species","Viola","Violaceae","True","True","True","True","I_NATURALIST_RANKED_ANCESTORS","EXACT_SPECIES_FAMILY_GENUS_READY","EXACT_SPECIES_TIP_IN_LCVP_BACKBONE","Viola_dissecta",TRUE,FALSE
711664,"Elatostema parvum","Elatostema","Elatostema|123",123,"True","Elatostema parvum","species","Elatostema","Urticaceae","True","True","True","True","I_NATURALIST_RANKED_ANCESTORS","EXACT_SPECIES_FAMILY_GENUS_READY","EXACT_SPECIES_TIP_IN_LCVP_BACKBONE","Elatostema_parvum",TRUE,FALSE
715288,"Monochaetum lineatum","Monochaetum","Monochaetum|77",77,"False","Monochaetum lineatum","species","Monochaetum","Melastomataceae","True","True","True","True","I_NATURALIST_RANKED_ANCESTORS","EXACT_SPECIES_FAMILY_GENUS_READY","EXACT_SPECIES_TIP_IN_LCVP_BACKBONE","Monochaetum_lineatum",TRUE,FALSE
716934,"Eremurus stenophyllus","Eremurus","Eremurus|138",138,"False","Eremurus stenophyllus","species","Eremurus","Asphodelaceae","True","True","True","True","I_NATURALIST_RANKED_ANCESTORS","EXACT_SPECIES_FAMILY_GENUS_READY","EXACT_SPECIES_TIP_IN_LCVP_BACKBONE","Eremurus_stenophyllus",TRUE,FALSE
735326,"Chaetanthera lanata","Chaetanthera","Chaetanthera|41",41,"False","Chaetanthera lanata","species","Chaetanthera","Asteraceae","True","True","True","True","I_NATURALIST_RANKED_ANCESTORS","EXACT_SPECIES_FAMILY_GENUS_READY","EXACT_SPECIES_TIP_IN_LCVP_BACKBONE","Chaetanthera_lanata",TRUE,FALSE
736907,"Hypericum sampsonii","Hypericum","Hypericum|123",123,"True","Hypericum sampsonii","species","Hypericum","Hypericaceae","True","True","True","True","I_NATURALIST_RANKED_ANCESTORS","EXACT_SPECIES_FAMILY_GENUS_READY","EXACT_SPECIES_TIP_IN_LCVP_BACKBONE","Hypericum_sampsonii",TRUE,FALSE
736977,"Rubus parviaraliifolius","Rubus","Rubus|123",123,"True","Rubus parviaraliifolius","species","Rubus","Rosaceae","True","True","True","True","I_NATURALIST_RANKED_ANCESTORS","EXACT_SPECIES_FAMILY_GENUS_READY","GENUS_FAMILY_IN_LCVP_SYNTHETIC_NOT_DIRECT",,FALSE,TRUE
737126,"Lepidagathis cristata","Lepidagathis","Lepidagathis|102",102,"True","Lepidagathis cristata","species","Lepidagathis","Acanthaceae","True","True","True","True","I_NATURALIST_RANKED_ANCESTORS","EXACT_SPECIES_FAMILY_GENUS_READY","GENUS_FAMILY_IN_LCVP_SYNTHETIC_NOT_DIRECT",,FALSE,TRUE
737471,"Daviesia hakeoides","Daviesia","Daviesia|50",50,"False","Daviesia hakeoides","species","Daviesia","Fabaceae","True","True","True","True","I_NATURALIST_RANKED_ANCESTORS","EXACT_SPECIES_FAMILY_GENUS_READY","GENUS_FAMILY_IN_LCVP_SYNTHETIC_NOT_DIRECT",,FALSE,TRUE
738163,"Torenia fordii","Torenia","Torenia|122",122,"True","Torenia fordii","species","Torenia","Linderniaceae","True","True","True","True","I_NATURALIST_RANKED_ANCESTORS","EXACT_SPECIES_FAMILY_GENUS_READY","GENUS_FAMILY_IN_LCVP_SYNTHETIC_NOT_DIRECT",,FALSE,TRUE
738830,"Veronica orientalis","Veronica","Veronica|118",118,"True","Veronica orientalis","species","Veronica","Plantaginaceae","True","True","True","True","I_NATURALIST_RANKED_ANCESTORS","EXACT_SPECIES_FAMILY_GENUS_READY","EXACT_SPECIES_TIP_IN_LCVP_BACKBONE","Veronica_orientalis",TRUE,FALSE
739319,"Corydalis ophiocarpa","Corydalis","Corydalis|123",123,"True","Corydalis ophiocarpa","species","Corydalis","Papaveraceae","True","True","True","True","I_NATURALIST_RANKED_ANCESTORS","EXACT_SPECIES_FAMILY_GENUS_READY","EXACT_SPECIES_TIP_IN_LCVP_BACKBONE","Corydalis_ophiocarpa",TRUE,FALSE
739801,"Cytisus oromediterraneus","Cytisus","Cytisus|134",134,"False","Cytisus oromediterraneus","species","Cytisus","Fabaceae","True","True","True","True","I_NATURALIST_RANKED_ANCESTORS","EXACT_SPECIES_FAMILY_GENUS_READY","GENUS_FAMILY_IN_LCVP_SYNTHETIC_NOT_DIRECT",,FALSE,TRUE
740971,"Ranunculus formosa-montanus","Ranunculus","Ranunculus|123",123,"True","Ranunculus formosa-montanus","species","Ranunculus","Ranunculaceae","True","True","True","True","I_NATURALIST_RANKED_ANCESTORS","EXACT_SPECIES_FAMILY_GENUS_READY","GENUS_FAMILY_IN_LCVP_SYNTHETIC_NOT_DIRECT",,FALSE,TRUE
741410,"Hypericum nagasawae","Hypericum","Hypericum|123",123,"True","Hypericum nagasawae","species","Hypericum","Hypericaceae","True","True","True","True","I_NATURALIST_RANKED_ANCESTORS","EXACT_SPECIES_FAMILY_GENUS_READY","EXACT_SPECIES_TIP_IN_LCVP_BACKBONE","Hypericum_nagasawae",TRUE,FALSE
746904,"Mutisia rosea","Mutisia","Mutisia|41",41,"True","Mutisia rosea","species","Mutisia","Asteraceae","True","True","True","True","I_NATURALIST_RANKED_ANCESTORS","EXACT_SPECIES_FAMILY_GENUS_READY","GENUS_FAMILY_IN_LCVP_SYNTHETIC_NOT_DIRECT",,FALSE,TRUE
747528,"Leucocoryne vittata","Leucocoryne","Leucocoryne|41",41,"False","Leucocoryne vittata","species","Leucocoryne","Amaryllidaceae","True","True","True","True","I_NATURALIST_RANKED_ANCESTORS","EXACT_SPECIES_FAMILY_GENUS_READY","GENUS_FAMILY_IN_LCVP_SYNTHETIC_NOT_DIRECT",,FALSE,TRUE
751501,"Euphorbia reuteriana","Euphorbia","Euphorbia|118",118,"True","Euphorbia reuteriana","species","Euphorbia","Euphorbiaceae","True","True","True","True","I_NATURALIST_RANKED_ANCESTORS","EXACT_SPECIES_FAMILY_GENUS_READY","GENUS_FAMILY_IN_LCVP_SYNTHETIC_NOT_DIRECT",,FALSE,TRUE
752167,"Corydalis formosana","Corydalis","Corydalis|123",123,"True","Corydalis formosana","species","Corydalis","Papaveraceae","True","True","True","True","I_NATURALIST_RANKED_ANCESTORS","EXACT_SPECIES_FAMILY_GENUS_READY","GENUS_FAMILY_IN_LCVP_SYNTHETIC_NOT_DIRECT",,FALSE,TRUE
752465,"Bistorta amplexicaulis","Bistorta","Bistorta|121",121,"False","Bistorta amplexicaulis","species","Bistorta","Polygonaceae","True","True","True","True","I_NATURALIST_RANKED_ANCESTORS","EXACT_SPECIES_FAMILY_GENUS_READY","EXACT_SPECIES_TIP_GENUS_FAMILY_TAXONOMIC_CONFLICT",,FALSE,TRUE
765237,"Melaleuca nervosa","Melaleuca","Melaleuca|70",70,"True","Melaleuca nervosa","species","Melaleuca","Myrtaceae","True","True","True","True","I_NATURALIST_RANKED_ANCESTORS","EXACT_SPECIES_FAMILY_GENUS_READY","GENUS_FAMILY_IN_LCVP_SYNTHETIC_NOT_DIRECT",,FALSE,TRUE
769050,"Salvia vazquezii","Salvia","Salvia|93",93,"False","Salvia vazquezii","species","Salvia","Lamiaceae","True","True","True","True","I_NATURALIST_RANKED_ANCESTORS","EXACT_SPECIES_FAMILY_GENUS_READY","GENUS_FAMILY_IN_LCVP_SYNTHETIC_NOT_DIRECT",,FALSE,TRUE
769293,"Bothriospermum chinense","Bothriospermum","Bothriospermum|140",140,"True","Bothriospermum chinense","species","Bothriospermum","Boraginaceae","True","True","True","True","I_NATURALIST_RANKED_ANCESTORS","EXACT_SPECIES_FAMILY_GENUS_READY","EXACT_SPECIES_TIP_IN_LCVP_BACKBONE","Bothriospermum_chinense",TRUE,FALSE
769295,"Bothriospermum kusnetzowii","Bothriospermum","Bothriospermum|140",140,"True","Bothriospermum kusnetzowii","species","Bothriospermum","Boraginaceae","True","True","True","True","I_NATURALIST_RANKED_ANCESTORS","EXACT_SPECIES_FAMILY_GENUS_READY","GENUS_FAMILY_IN_LCVP_SYNTHETIC_NOT_DIRECT",,FALSE,TRUE
769296,"Bothriospermum secundum","Bothriospermum","Bothriospermum|140",140,"True","Bothriospermum secundum","species","Bothriospermum","Boraginaceae","True","True","True","True","I_NATURALIST_RANKED_ANCESTORS","EXACT_SPECIES_FAMILY_GENUS_READY","GENUS_FAMILY_IN_LCVP_SYNTHETIC_NOT_DIRECT",,FALSE,TRUE
769976,"Heliotropium brevilimbe","Heliotropium","Heliotropium|119",119,"True","Heliotropium brevilimbe","species","Heliotropium","Boraginaceae","True","True","True","True","I_NATURALIST_RANKED_ANCESTORS","EXACT_SPECIES_FAMILY_GENUS_READY","GENUS_FAMILY_IN_LCVP_SYNTHETIC_NOT_DIRECT",,FALSE,TRUE
770066,"Heliotropium kotschyi","Heliotropium","Heliotropium|119",119,"True","Heliotropium kotschyi","species","Heliotropium","Boraginaceae","True","True","True","True","I_NATURALIST_RANKED_ANCESTORS","EXACT_SPECIES_FAMILY_GENUS_READY","GENUS_FAMILY_IN_LCVP_SYNTHETIC_NOT_DIRECT",,FALSE,TRUE
771814,"Diplacus brevipes","Diplacus","Diplacus|111",111,"True","Diplacus brevipes","species","Diplacus","Phrymaceae","True","True","True","True","I_NATURALIST_RANKED_ANCESTORS","EXACT_SPECIES_FAMILY_GENUS_READY","EXACT_SPECIES_TIP_IN_LCVP_BACKBONE","Diplacus_brevipes",TRUE,FALSE
774023,"Corydalis raddeana","Corydalis","Corydalis|140",140,"False","Corydalis raddeana","species","Corydalis","Papaveraceae","True","True","True","True","I_NATURALIST_RANKED_ANCESTORS","EXACT_SPECIES_FAMILY_GENUS_READY","GENUS_FAMILY_IN_LCVP_SYNTHETIC_NOT_DIRECT",,FALSE,TRUE
774024,"Corydalis bungeana","Corydalis","Corydalis|140",140,"False","Corydalis bungeana","species","Corydalis","Papaveraceae","True","True","True","True","I_NATURALIST_RANKED_ANCESTORS","EXACT_SPECIES_FAMILY_GENUS_READY","EXACT_SPECIES_TIP_IN_LCVP_BACKBONE","Corydalis_bungeana",TRUE,FALSE
774563,"Lysimachia capillipes","Lysimachia","Lysimachia|123",123,"True","Lysimachia capillipes","species","Lysimachia","Primulaceae","True","True","True","True","I_NATURALIST_RANKED_ANCESTORS","EXACT_SPECIES_FAMILY_GENUS_READY","EXACT_SPECIES_TIP_IN_LCVP_BACKBONE","Lysimachia_capillipes",TRUE,FALSE
774566,"Lysimachia remota","Lysimachia","Lysimachia|123",123,"True","Lysimachia remota","species","Lysimachia","Primulaceae","True","True","True","True","I_NATURALIST_RANKED_ANCESTORS","EXACT_SPECIES_FAMILY_GENUS_READY","GENUS_FAMILY_IN_LCVP_SYNTHETIC_NOT_DIRECT",,FALSE,TRUE
774718,"Rubus taiwanicola","Rubus","Rubus|123",123,"True","Rubus taiwanicola","species","Rubus","Rosaceae","True","True","True","True","I_NATURALIST_RANKED_ANCESTORS","EXACT_SPECIES_FAMILY_GENUS_READY","GENUS_FAMILY_IN_LCVP_SYNTHETIC_NOT_DIRECT",,FALSE,TRUE
774793,"Elatostema microcephalanthum","Elatostema","Elatostema|123",123,"True","Elatostema microcephalanthum","species","Elatostema","Urticaceae","True","True","True","True","I_NATURALIST_RANKED_ANCESTORS","EXACT_SPECIES_FAMILY_GENUS_READY","GENUS_FAMILY_IN_LCVP_SYNTHETIC_NOT_DIRECT",,FALSE,TRUE
776973,"Hibbertia melhanioides","Hibbertia","Hibbertia|70",70,"True","Hibbertia melhanioides","species","Hibbertia","Dilleniaceae","True","True","True","True","I_NATURALIST_RANKED_ANCESTORS","EXACT_SPECIES_FAMILY_GENUS_READY","GENUS_FAMILY_IN_LCVP_SYNTHETIC_NOT_DIRECT",,FALSE,TRUE
778116,"Valeriana wolgensis","Valeriana","Valeriana|155",155,"False","Valeriana wolgensis","species","Valeriana","Caprifoliaceae","True","True","True","True","I_NATURALIST_RANKED_ANCESTORS","EXACT_SPECIES_FAMILY_GENUS_READY","GENUS_FAMILY_IN_LCVP_SYNTHETIC_NOT_DIRECT",,FALSE,TRUE
780290,"Ceropegia santapaui","Ceropegia","Ceropegia|102",102,"True","Ceropegia santapaui","species","Ceropegia","Apocynaceae","True","True","True","True","I_NATURALIST_RANKED_ANCESTORS","EXACT_SPECIES_FAMILY_GENUS_READY","EXACT_SPECIES_TIP_IN_LCVP_BACKBONE","Ceropegia_santapaui",TRUE,FALSE
780507,"Taxandria parviceps","Taxandria","Taxandria|32",32,"False","Taxandria parviceps","species","Taxandria","Myrtaceae","True","True","True","True","I_NATURALIST_RANKED_ANCESTORS","EXACT_SPECIES_FAMILY_GENUS_READY","EXACT_SPECIES_TIP_IN_LCVP_BACKBONE","Taxandria_parviceps",TRUE,FALSE
780541,"Utricularia arcuata","Utricularia","Utricularia|102",102,"True","Utricularia arcuata","species","Utricularia","Lentibulariaceae","True","True","True","True","I_NATURALIST_RANKED_ANCESTORS","EXACT_SPECIES_FAMILY_GENUS_READY","GENUS_FAMILY_IN_LCVP_SYNTHETIC_NOT_DIRECT",,FALSE,TRUE
781125,"Corydalis edulis","Corydalis","Corydalis|140",140,"False","Corydalis edulis","species","Corydalis","Papaveraceae","True","True","True","True","I_NATURALIST_RANKED_ANCESTORS","EXACT_SPECIES_FAMILY_GENUS_READY","EXACT_SPECIES_TIP_IN_LCVP_BACKBONE","Corydalis_edulis",TRUE,FALSE
781155,"Melaleuca transversa","Melaleuca","Melaleuca|32",32,"False","Melaleuca transversa","species","Melaleuca","Myrtaceae","True","True","True","True","I_NATURALIST_RANKED_ANCESTORS","EXACT_SPECIES_FAMILY_GENUS_READY","GENUS_FAMILY_IN_LCVP_SYNTHETIC_NOT_DIRECT",,FALSE,TRUE
781158,"Melaleuca anisandra","Melaleuca","Melaleuca|32",32,"False","Melaleuca anisandra","species","Melaleuca","Myrtaceae","True","True","True","True","I_NATURALIST_RANKED_ANCESTORS","EXACT_SPECIES_FAMILY_GENUS_READY","GENUS_FAMILY_IN_LCVP_SYNTHETIC_NOT_DIRECT",,FALSE,TRUE
781164,"Melaleuca jonesii","Melaleuca","Melaleuca|32",32,"False","Melaleuca jonesii","species","Melaleuca","Myrtaceae","True","True","True","True","I_NATURALIST_RANKED_ANCESTORS","EXACT_SPECIES_FAMILY_GENUS_READY","GENUS_FAMILY_IN_LCVP_SYNTHETIC_NOT_DIRECT",,FALSE,TRUE
781622,"Ceropegia huberi","Ceropegia","Ceropegia|102",102,"True","Ceropegia huberi","species","Ceropegia","Apocynaceae","True","True","True","True","I_NATURALIST_RANKED_ANCESTORS","EXACT_SPECIES_FAMILY_GENUS_READY","GENUS_FAMILY_IN_LCVP_SYNTHETIC_NOT_DIRECT",,FALSE,TRUE
781701,"Drosera marchantii","Drosera","Drosera|32",32,"True","Drosera marchantii","species","Drosera","Droseraceae","True","True","True","True","I_NATURALIST_RANKED_ANCESTORS","EXACT_SPECIES_FAMILY_GENUS_READY","GENUS_FAMILY_IN_LCVP_SYNTHETIC_NOT_DIRECT",,FALSE,TRUE
782137,"Lepanthes falx-bellica","Lepanthes","Lepanthes|94",94,"False","Lepanthes falx-bellica","species","Lepanthes","Orchidaceae","True","True","True","True","I_NATURALIST_RANKED_ANCESTORS","EXACT_SPECIES_FAMILY_GENUS_READY","GENUS_FAMILY_IN_LCVP_SYNTHETIC_NOT_DIRECT",,FALSE,TRUE
782301,"Conostylis juncea","Conostylis","Conostylis|50",50,"False","Conostylis juncea","species","Conostylis","Haemodoraceae","True","True","True","True","I_NATURALIST_RANKED_ANCESTORS","EXACT_SPECIES_FAMILY_GENUS_READY","EXACT_SPECIES_TIP_IN_LCVP_BACKBONE","Conostylis_juncea",TRUE,FALSE
784808,"Taxandria linearifolia","Taxandria","Taxandria|32",32,"False","Taxandria linearifolia","species","Taxandria","Myrtaceae","True","True","True","True","I_NATURALIST_RANKED_ANCESTORS","EXACT_SPECIES_FAMILY_GENUS_READY","EXACT_SPECIES_TIP_IN_LCVP_BACKBONE","Taxandria_linearifolia",TRUE,FALSE
785419,"Viola tridentata","Viola","Viola|5",5,"False","Viola tridentata","species","Viola","Violaceae","True","True","True","True","I_NATURALIST_RANKED_ANCESTORS","EXACT_SPECIES_FAMILY_GENUS_READY","EXACT_SPECIES_TIP_IN_LCVP_BACKBONE","Viola_tridentata",TRUE,FALSE
786063,"Senecio brasiliensis","Senecio","Senecio|24",24,"False","Senecio brasiliensis","species","Senecio","Asteraceae","True","True","True","True","I_NATURALIST_RANKED_ANCESTORS","EXACT_SPECIES_FAMILY_GENUS_READY","EXACT_SPECIES_TIP_IN_LCVP_BACKBONE","Senecio_brasiliensis",TRUE,FALSE
787329,"Rubus taitoensis","Rubus","Rubus|123",123,"True","Rubus taitoensis","species","Rubus","Rosaceae","True","True","True","True","I_NATURALIST_RANKED_ANCESTORS","EXACT_SPECIES_FAMILY_GENUS_READY","GENUS_FAMILY_IN_LCVP_SYNTHETIC_NOT_DIRECT",,FALSE,TRUE
787918,"Ptilotus fusiformis","Ptilotus","Ptilotus|69",69,"False","Ptilotus fusiformis","species","Ptilotus","Amaranthaceae","True","True","True","True","I_NATURALIST_RANKED_ANCESTORS","EXACT_SPECIES_FAMILY_GENUS_READY","GENUS_FAMILY_IN_LCVP_SYNTHETIC_NOT_DIRECT",,FALSE,TRUE
789749,"Sprengelia monticola","Sprengelia","Sprengelia|52",52,"False","Sprengelia monticola","species","Sprengelia","Ericaceae","True","True","True","True","I_NATURALIST_RANKED_ANCESTORS","EXACT_SPECIES_FAMILY_GENUS_READY","GENUS_FAMILY_IN_LCVP_SYNTHETIC_NOT_DIRECT",,FALSE,TRUE
790139,"Grevillea quercifolia","Grevillea","Grevillea|32",32,"False","Grevillea quercifolia","species","Grevillea","Proteaceae","True","True","True","True","I_NATURALIST_RANKED_ANCESTORS","EXACT_SPECIES_FAMILY_GENUS_READY","EXACT_SPECIES_TIP_IN_LCVP_BACKBONE","Grevillea_quercifolia",TRUE,FALSE
790259,"Prostanthera linearis","Prostanthera","Prostanthera|52",52,"False","Prostanthera linearis","species","Prostanthera","Lamiaceae","True","True","True","True","I_NATURALIST_RANKED_ANCESTORS","EXACT_SPECIES_FAMILY_GENUS_READY","EXACT_SPECIES_TIP_IN_LCVP_BACKBONE","Prostanthera_linearis",TRUE,FALSE
790303,"Senecio selloi","Senecio","Senecio|24",24,"False","Senecio selloi","species","Senecio","Asteraceae","True","True","True","True","I_NATURALIST_RANKED_ANCESTORS","EXACT_SPECIES_FAMILY_GENUS_READY","EXACT_SPECIES_TIP_IN_LCVP_BACKBONE","Senecio_selloi",TRUE,FALSE
790526,"Caladenia reticulata","Caladenia","Caladenia|33",33,"True","Caladenia reticulata","species","Caladenia","Orchidaceae","True","True","True","True","I_NATURALIST_RANKED_ANCESTORS","EXACT_SPECIES_FAMILY_GENUS_READY","EXACT_SPECIES_TIP_IN_LCVP_BACKBONE","Caladenia_reticulata",TRUE,FALSE
790654,"Tigridia longispatha","Tigridia","Tigridia|93",93,"False","Tigridia longispatha","species","Tigridia","Iridaceae","True","True","True","True","I_NATURALIST_RANKED_ANCESTORS","EXACT_SPECIES_FAMILY_GENUS_READY","GENUS_FAMILY_IN_LCVP_SYNTHETIC_NOT_DIRECT",,FALSE,TRUE
792590,"Olearia tubuliflora","Olearia","Olearia|33",33,"True","Olearia tubuliflora","species","Olearia","Asteraceae","True","True","True","True","I_NATURALIST_RANKED_ANCESTORS","EXACT_SPECIES_FAMILY_GENUS_READY","GENUS_FAMILY_IN_LCVP_SYNTHETIC_NOT_DIRECT",,FALSE,TRUE
794147,"Mutisia linifolia","Mutisia","Mutisia|41",41,"True","Mutisia linifolia","species","Mutisia","Asteraceae","True","True","True","True","I_NATURALIST_RANKED_ANCESTORS","EXACT_SPECIES_FAMILY_GENUS_READY","EXACT_SPECIES_TIP_IN_LCVP_BACKBONE","Mutisia_linifolia",TRUE,FALSE
794157,"Mutisia retrorsa","Mutisia","Mutisia|41",41,"True","Mutisia retrorsa","species","Mutisia","Asteraceae","True","True","True","True","I_NATURALIST_RANKED_ANCESTORS","EXACT_SPECIES_FAMILY_GENUS_READY","EXACT_SPECIES_TIP_IN_LCVP_BACKBONE","Mutisia_retrorsa",TRUE,FALSE
794602,"Soroseris depressa","Soroseris","Soroseris|121",121,"False","Soroseris depressa","species","Soroseris","Asteraceae","True","True","True","True","I_NATURALIST_RANKED_ANCESTORS","EXACT_SPECIES_FAMILY_GENUS_READY","GENUS_FAMILY_IN_LCVP_SYNTHETIC_NOT_DIRECT",,FALSE,TRUE
794605,"Soroseris hookeriana","Soroseris","Soroseris|121",121,"False","Soroseris hookeriana","species","Soroseris","Asteraceae","True","True","True","True","I_NATURALIST_RANKED_ANCESTORS","EXACT_SPECIES_FAMILY_GENUS_READY","EXACT_SPECIES_TIP_IN_LCVP_BACKBONE","Soroseris_hookeriana",TRUE,FALSE
794607,"Soroseris teres","Soroseris","Soroseris|121",121,"False","Soroseris teres","species","Soroseris","Asteraceae","True","True","True","True","I_NATURALIST_RANKED_ANCESTORS","EXACT_SPECIES_FAMILY_GENUS_READY","EXACT_SPECIES_TIP_IN_LCVP_BACKBONE","Soroseris_teres",TRUE,FALSE
794717,"Melicope triphylla","Melicope","Melicope|123",123,"True","Melicope triphylla","species","Melicope","Rutaceae","True","True","True","True","I_NATURALIST_RANKED_ANCESTORS","EXACT_SPECIES_FAMILY_GENUS_READY","EXACT_SPECIES_TIP_IN_LCVP_BACKBONE","Melicope_triphylla",TRUE,FALSE
796084,"Lathyrus gmelinii","Lathyrus","Lathyrus|157",157,"True","Lathyrus gmelinii","species","Lathyrus","Fabaceae","True","True","True","True","I_NATURALIST_RANKED_ANCESTORS","EXACT_SPECIES_FAMILY_GENUS_READY","GENUS_FAMILY_IN_LCVP_SYNTHETIC_NOT_DIRECT",,FALSE,TRUE
803026,"Tricoryne anceps","Tricoryne","Tricoryne|52",52,"False","Tricoryne anceps","species","Tricoryne","Asphodelaceae","True","True","True","True","I_NATURALIST_RANKED_ANCESTORS","EXACT_SPECIES_FAMILY_GENUS_READY","GENUS_FAMILY_IN_LCVP_SYNTHETIC_NOT_DIRECT",,FALSE,TRUE
803056,"Ceropegia sahyadrica","Ceropegia","Ceropegia|102",102,"True","Ceropegia sahyadrica","species","Ceropegia","Apocynaceae","True","True","True","True","I_NATURALIST_RANKED_ANCESTORS","EXACT_SPECIES_FAMILY_GENUS_READY","GENUS_FAMILY_IN_LCVP_SYNTHETIC_NOT_DIRECT",,FALSE,TRUE
803892,"Hibbertia pilosa","Hibbertia","Hibbertia|32",32,"False","Hibbertia pilosa","species","Hibbertia","Dilleniaceae","True","True","True","True","I_NATURALIST_RANKED_ANCESTORS","EXACT_SPECIES_FAMILY_GENUS_READY","GENUS_FAMILY_IN_LCVP_SYNTHETIC_NOT_DIRECT",,FALSE,TRUE
803966,"Clusia nemorosa","Clusia","Clusia|78",78,"True","Clusia nemorosa","species","Clusia","Clusiaceae","True","True","True","True","I_NATURALIST_RANKED_ANCESTORS","EXACT_SPECIES_FAMILY_GENUS_READY","EXACT_SPECIES_TIP_IN_LCVP_BACKBONE","Clusia_nemorosa",TRUE,FALSE
804412,"Verticordia grandis","Verticordia","Verticordia|50",50,"False","Verticordia grandis","species","Verticordia","Myrtaceae","True","True","True","True","I_NATURALIST_RANKED_ANCESTORS","EXACT_SPECIES_FAMILY_GENUS_READY","GENUS_FAMILY_IN_LCVP_SYNTHETIC_NOT_DIRECT",,FALSE,TRUE
804469,"Veronica gracilis","Veronica","Veronica|52",52,"False","Veronica gracilis","species","Veronica","Plantaginaceae","True","True","True","True","I_NATURALIST_RANKED_ANCESTORS","EXACT_SPECIES_FAMILY_GENUS_READY","GENUS_FAMILY_IN_LCVP_SYNTHETIC_NOT_DIRECT",,FALSE,TRUE
805539,"Caladenia stricta","Caladenia","Caladenia|33",33,"True","Caladenia stricta","species","Caladenia","Orchidaceae","True","True","True","True","I_NATURALIST_RANKED_ANCESTORS","EXACT_SPECIES_FAMILY_GENUS_READY","GENUS_FAMILY_IN_LCVP_SYNTHETIC_NOT_DIRECT",,FALSE,TRUE
809371,"Trachymene anisocarpa","Trachymene","Trachymene|50",50,"False","Trachymene anisocarpa","species","Trachymene","Araliaceae","True","True","True","True","I_NATURALIST_RANKED_ANCESTORS","EXACT_SPECIES_FAMILY_GENUS_READY","GENUS_FAMILY_IN_LCVP_SYNTHETIC_NOT_DIRECT",,FALSE,TRUE
816306,"Centaurea involucrata","Centaurea","Centaurea|116",116,"False","Centaurea involucrata","species","Centaurea","Asteraceae","True","True","True","True","I_NATURALIST_RANKED_ANCESTORS","EXACT_SPECIES_FAMILY_GENUS_READY","EXACT_SPECIES_TIP_IN_LCVP_BACKBONE","Centaurea_involucrata",TRUE,FALSE
818673,"Eremurus lactiflorus","Eremurus","Eremurus|138",138,"False","Eremurus lactiflorus","species","Eremurus","Asphodelaceae","True","True","True","True","I_NATURALIST_RANKED_ANCESTORS","EXACT_SPECIES_FAMILY_GENUS_READY","GENUS_FAMILY_IN_LCVP_SYNTHETIC_NOT_DIRECT",,FALSE,TRUE
820857,"Onobrychis chorassanica","Onobrychis","Onobrychis|138",138,"False","Onobrychis chorassanica","species","Onobrychis","Fabaceae","True","True","True","True","I_NATURALIST_RANKED_ANCESTORS","EXACT_SPECIES_FAMILY_GENUS_READY","GENUS_FAMILY_IN_LCVP_SYNTHETIC_NOT_DIRECT",,FALSE,TRUE
820956,"Verbascum eremobium","Verbascum","Verbascum|118",118,"False","Verbascum eremobium","species","Verbascum","Scrophulariaceae","True","True","True","True","I_NATURALIST_RANKED_ANCESTORS","EXACT_SPECIES_FAMILY_GENUS_READY","GENUS_FAMILY_IN_LCVP_SYNTHETIC_NOT_DIRECT",,FALSE,TRUE
824441,"Tribulus macropterus","Tribulus","Tribulus|119",119,"True","Tribulus macropterus","species","Tribulus","Zygophyllaceae","True","True","True","True","I_NATURALIST_RANKED_ANCESTORS","EXACT_SPECIES_FAMILY_GENUS_READY","EXACT_SPECIES_TIP_IN_LCVP_BACKBONE","Tribulus_macropterus",TRUE,FALSE
825100,"Viola confusa","Viola","Viola|123",123,"True","Viola confusa","species","Viola","Violaceae","True","True","True","True","I_NATURALIST_RANKED_ANCESTORS","EXACT_SPECIES_FAMILY_GENUS_READY","GENUS_FAMILY_IN_LCVP_SYNTHETIC_NOT_DIRECT",,FALSE,TRUE
828857,"Drymonia warszewicziana","Drymonia","Drymonia|94",94,"True","Drymonia warszewicziana","species","Drymonia","Gesneriaceae","True","True","True","True","I_NATURALIST_RANKED_ANCESTORS","EXACT_SPECIES_FAMILY_GENUS_READY","GENUS_FAMILY_IN_LCVP_SYNTHETIC_NOT_DIRECT",,FALSE,TRUE
829096,"Eupatorium shimadae","Eupatorium","Eupatorium|123",123,"False","Eupatorium shimadae","species","Eupatorium","Asteraceae","True","True","True","True","I_NATURALIST_RANKED_ANCESTORS","EXACT_SPECIES_FAMILY_GENUS_READY","GENUS_FAMILY_IN_LCVP_SYNTHETIC_NOT_DIRECT",,FALSE,TRUE
829501,"Diuris littoralis","Diuris","Diuris|32",32,"True","Diuris littoralis","species","Diuris","Orchidaceae","True","True","True","True","I_NATURALIST_RANKED_ANCESTORS","EXACT_SPECIES_FAMILY_GENUS_READY","GENUS_FAMILY_IN_LCVP_SYNTHETIC_NOT_DIRECT",,FALSE,TRUE
829536,"Chloraea bidentata","Chloraea","Chloraea|23",23,"False","Chloraea bidentata","species","Chloraea","Orchidaceae","True","True","True","True","I_NATURALIST_RANKED_ANCESTORS","EXACT_SPECIES_FAMILY_GENUS_READY","EXACT_SPECIES_TIP_IN_LCVP_BACKBONE","Chloraea_bidentata",TRUE,FALSE
829547,"Chloraea cylindrostachya","Chloraea","Chloraea|23",23,"False","Chloraea cylindrostachya","species","Chloraea","Orchidaceae","True","True","True","True","I_NATURALIST_RANKED_ANCESTORS","EXACT_SPECIES_FAMILY_GENUS_READY","EXACT_SPECIES_TIP_IN_LCVP_BACKBONE","Chloraea_cylindrostachya",TRUE,FALSE
829575,"Chloraea lechleri","Chloraea","Chloraea|23",23,"False","Chloraea lechleri","species","Chloraea","Orchidaceae","True","True","True","True","I_NATURALIST_RANKED_ANCESTORS","EXACT_SPECIES_FAMILY_GENUS_READY","EXACT_SPECIES_TIP_IN_LCVP_BACKBONE","Chloraea_lechleri",TRUE,FALSE
829582,"Chloraea nudilabia","Chloraea","Chloraea|23",23,"False","Chloraea nudilabia","species","Chloraea","Orchidaceae","True","True","True","True","I_NATURALIST_RANKED_ANCESTORS","EXACT_SPECIES_FAMILY_GENUS_READY","EXACT_SPECIES_TIP_IN_LCVP_BACKBONE","Chloraea_nudilabia",TRUE,FALSE
830676,"Logania recurva","Logania","Logania|33",33,"True","Logania recurva","species","Logania","Loganiaceae","True","True","True","True","I_NATURALIST_RANKED_ANCESTORS","EXACT_SPECIES_FAMILY_GENUS_READY","GENUS_FAMILY_IN_LCVP_SYNTHETIC_NOT_DIRECT",,FALSE,TRUE
834370,"Lathyrus humilis","Lathyrus","Lathyrus|157",157,"True","Lathyrus humilis","species","Lathyrus","Fabaceae","True","True","True","True","I_NATURALIST_RANKED_ANCESTORS","EXACT_SPECIES_FAMILY_GENUS_READY","EXACT_SPECIES_TIP_IN_LCVP_BACKBONE","Lathyrus_humilis",TRUE,FALSE
836504,"Hibbertia stellaris","Hibbertia","Hibbertia|32",32,"False","Hibbertia stellaris","species","Hibbertia","Dilleniaceae","True","True","True","True","I_NATURALIST_RANKED_ANCESTORS","EXACT_SPECIES_FAMILY_GENUS_READY","GENUS_FAMILY_IN_LCVP_SYNTHETIC_NOT_DIRECT",,FALSE,TRUE
840324,"Drosera hirtella","Drosera","Drosera|60",60,"False","Drosera hirtella","species","Drosera","Droseraceae","True","True","True","True","I_NATURALIST_RANKED_ANCESTORS","EXACT_SPECIES_FAMILY_GENUS_READY","EXACT_SPECIES_TIP_IN_LCVP_BACKBONE","Drosera_hirtella",TRUE,FALSE
841443,"Verticordia brachypoda","Verticordia","Verticordia|50",50,"False","Verticordia brachypoda","species","Verticordia","Myrtaceae","True","True","True","True","I_NATURALIST_RANKED_ANCESTORS","EXACT_SPECIES_FAMILY_GENUS_READY","GENUS_FAMILY_IN_LCVP_SYNTHETIC_NOT_DIRECT",,FALSE,TRUE
841591,"Pimelea argentea","Pimelea","Pimelea|50",50,"True","Pimelea argentea","species","Pimelea","Thymelaeaceae","True","True","True","True","I_NATURALIST_RANKED_ANCESTORS","EXACT_SPECIES_FAMILY_GENUS_READY","EXACT_SPECIES_TIP_IN_LCVP_BACKBONE","Pimelea_argentea",TRUE,FALSE
841603,"Pimelea imbricata","Pimelea","Pimelea|50",50,"True","Pimelea imbricata","species","Pimelea","Thymelaeaceae","True","True","True","True","I_NATURALIST_RANKED_ANCESTORS","EXACT_SPECIES_FAMILY_GENUS_READY","GENUS_FAMILY_IN_LCVP_SYNTHETIC_NOT_DIRECT",,FALSE,TRUE
842444,"Potentilla purpurea","Potentilla","Potentilla|120",120,"True","Potentilla purpurea","species","Potentilla","Rosaceae","True","True","True","True","I_NATURALIST_RANKED_ANCESTORS","EXACT_SPECIES_FAMILY_GENUS_READY","GENUS_FAMILY_IN_LCVP_SYNTHETIC_NOT_DIRECT",,FALSE,TRUE
848263,"Epidendrum bambusiforme","Epidendrum","Epidendrum|59",59,"True","Epidendrum bambusiforme","species","Epidendrum","Orchidaceae","True","True","True","True","I_NATURALIST_RANKED_ANCESTORS","EXACT_SPECIES_FAMILY_GENUS_READY","GENUS_FAMILY_IN_LCVP_SYNTHETIC_NOT_DIRECT",,FALSE,TRUE
850757,"Hakea baxteri","Hakea","Hakea|32",32,"True","Hakea baxteri","species","Hakea","Proteaceae","True","True","True","True","I_NATURALIST_RANKED_ANCESTORS","EXACT_SPECIES_FAMILY_GENUS_READY","EXACT_SPECIES_TIP_IN_LCVP_BACKBONE","Hakea_baxteri",TRUE,FALSE
851018,"Lobelia volcanica","Lobelia","Lobelia|93",93,"False","Lobelia volcanica","species","Lobelia","Campanulaceae","True","True","True","True","I_NATURALIST_RANKED_ANCESTORS","EXACT_SPECIES_FAMILY_GENUS_READY","EXACT_SPECIES_TIP_IN_LCVP_BACKBONE","Lobelia_volcanica",TRUE,FALSE
851358,"Goodenia eatoniana","Goodenia","Goodenia|32",32,"True","Goodenia eatoniana","species","Goodenia","Goodeniaceae","True","True","True","True","I_NATURALIST_RANKED_ANCESTORS","EXACT_SPECIES_FAMILY_GENUS_READY","EXACT_SPECIES_TIP_IN_LCVP_BACKBONE","Goodenia_eatoniana",TRUE,FALSE
851421,"Goodenia micrantha","Goodenia","Goodenia|32",32,"True","Goodenia micrantha","species","Goodenia","Goodeniaceae","True","True","True","True","I_NATURALIST_RANKED_ANCESTORS","EXACT_SPECIES_FAMILY_GENUS_READY","EXACT_SPECIES_TIP_IN_LCVP_BACKBONE","Goodenia_micrantha",TRUE,FALSE
851613,"Astartea affinis","Astartea","Astartea|50",50,"True","Astartea affinis","species","Astartea","Myrtaceae","True","True","True","True","I_NATURALIST_RANKED_ANCESTORS","EXACT_SPECIES_FAMILY_GENUS_READY","GENUS_FAMILY_IN_LCVP_SYNTHETIC_NOT_DIRECT",,FALSE,TRUE
851627,"Astartea leptophylla","Astartea","Astartea|50",50,"True","Astartea leptophylla","species","Astartea","Myrtaceae","True","True","True","True","I_NATURALIST_RANKED_ANCESTORS","EXACT_SPECIES_FAMILY_GENUS_READY","GENUS_FAMILY_IN_LCVP_SYNTHETIC_NOT_DIRECT",,FALSE,TRUE
851635,"Astartea scoparia","Astartea","Astartea|50",50,"True","Astartea scoparia","species","Astartea","Myrtaceae","True","True","True","True","I_NATURALIST_RANKED_ANCESTORS","EXACT_SPECIES_FAMILY_GENUS_READY","GENUS_FAMILY_IN_LCVP_SYNTHETIC_NOT_DIRECT",,FALSE,TRUE
852127,"Leucheria rosea","Leucheria","Leucheria|41",41,"True","Leucheria rosea","species","Leucheria","Asteraceae","True","True","True","True","I_NATURALIST_RANKED_ANCESTORS","EXACT_SPECIES_FAMILY_GENUS_READY","EXACT_SPECIES_TIP_IN_LCVP_BACKBONE","Leucheria_rosea",TRUE,FALSE
852593,"Cirsium obvallatum","Cirsium","Cirsium|137",137,"False","Cirsium obvallatum","species","Cirsium","Asteraceae","True","True","True","True","I_NATURALIST_RANKED_ANCESTORS","EXACT_SPECIES_FAMILY_GENUS_READY","GENUS_FAMILY_IN_LCVP_SYNTHETIC_NOT_DIRECT",,FALSE,TRUE
852594,"Cirsium simplex","Cirsium","Cirsium|137",137,"False","Cirsium simplex","species","Cirsium","Asteraceae","True","True","True","True","I_NATURALIST_RANKED_ANCESTORS","EXACT_SPECIES_FAMILY_GENUS_READY","GENUS_FAMILY_IN_LCVP_SYNTHETIC_NOT_DIRECT",,FALSE,TRUE
852606,"Peixotoa goiana","Peixotoa","Peixotoa|60",60,"True","Peixotoa goiana","species","Peixotoa","Malpighiaceae","True","True","True","True","I_NATURALIST_RANKED_ANCESTORS","EXACT_SPECIES_FAMILY_GENUS_READY","GENUS_FAMILY_IN_LCVP_SYNTHETIC_NOT_DIRECT",,FALSE,TRUE
852858,"Arboa berneriana","Arboa","Arboa|65",65,"False","Arboa berneriana","species","Arboa","Passifloraceae","True","True","True","True","I_NATURALIST_RANKED_ANCESTORS","EXACT_SPECIES_FAMILY_GENUS_READY","EXACT_SPECIES_TIP_IN_LCVP_BACKBONE","Arboa_berneriana",TRUE,FALSE
852859,"Arboa integrifolia","Arboa","Arboa|65",65,"False","Arboa integrifolia","species","Arboa","Passifloraceae","True","True","True","True","I_NATURALIST_RANKED_ANCESTORS","EXACT_SPECIES_FAMILY_GENUS_READY","GENUS_FAMILY_IN_LCVP_SYNTHETIC_NOT_DIRECT",,FALSE,TRUE
852861,"Arboa madagascariensis","Arboa","Arboa|65",65,"False","Arboa madagascariensis","species","Arboa","Passifloraceae","True","True","True","True","I_NATURALIST_RANKED_ANCESTORS","EXACT_SPECIES_FAMILY_GENUS_READY","GENUS_FAMILY_IN_LCVP_SYNTHETIC_NOT_DIRECT",,FALSE,TRUE
853102,"Turnera blanchetiana","Turnera","Turnera|61",61,"False","Turnera blanchetiana","species","Turnera","Passifloraceae","True","True","True","True","I_NATURALIST_RANKED_ANCESTORS","EXACT_SPECIES_FAMILY_GENUS_READY","GENUS_FAMILY_IN_LCVP_SYNTHETIC_NOT_DIRECT",,FALSE,TRUE
853113,"Turnera cearensis","Turnera","Turnera|61",61,"False","Turnera cearensis","species","Turnera","Passifloraceae","True","True","True","True","I_NATURALIST_RANKED_ANCESTORS","EXACT_SPECIES_FAMILY_GENUS_READY","EXACT_SPECIES_TIP_IN_LCVP_BACKBONE","Turnera_cearensis",TRUE,FALSE
853114,"Turnera chamaedrifolia","Turnera","Turnera|61",61,"False","Turnera chamaedrifolia","species","Turnera","Passifloraceae","True","True","True","True","I_NATURALIST_RANKED_ANCESTORS","EXACT_SPECIES_FAMILY_GENUS_READY","EXACT_SPECIES_TIP_IN_LCVP_BACKBONE","Turnera_chamaedrifolia",TRUE,FALSE
853154,"Turnera hermannioides","Turnera","Turnera|61",61,"False","Turnera hermannioides","species","Turnera","Passifloraceae","True","True","True","True","I_NATURALIST_RANKED_ANCESTORS","EXACT_SPECIES_FAMILY_GENUS_READY","GENUS_FAMILY_IN_LCVP_SYNTHETIC_NOT_DIRECT",,FALSE,TRUE
853743,"Astragalus davuricus","Astragalus","Astragalus|140",140,"True","Astragalus davuricus","species","Astragalus","Fabaceae","True","True","True","True","I_NATURALIST_RANKED_ANCESTORS","EXACT_SPECIES_FAMILY_GENUS_READY","GENUS_FAMILY_IN_LCVP_SYNTHETIC_NOT_DIRECT",,FALSE,TRUE
854272,"Leptosiphon chrysanthus","Leptosiphon","Leptosiphon|129",129,"False","Leptosiphon chrysanthus","species","Leptosiphon","Polemoniaceae","True","True","True","True","I_NATURALIST_RANKED_ANCESTORS","EXACT_SPECIES_FAMILY_GENUS_READY","GENUS_FAMILY_IN_LCVP_SYNTHETIC_NOT_DIRECT",,FALSE,TRUE
854354,"Craspedia costiniana","Craspedia","Craspedia|34",34,"True","Craspedia costiniana","species","Craspedia","Asteraceae","True","True","True","True","I_NATURALIST_RANKED_ANCESTORS","EXACT_SPECIES_FAMILY_GENUS_READY","EXACT_SPECIES_TIP_IN_LCVP_BACKBONE","Craspedia_costiniana",TRUE,FALSE
854355,"Craspedia alba","Craspedia","Craspedia|34",34,"True","Craspedia alba","species","Craspedia","Asteraceae","True","True","True","True","I_NATURALIST_RANKED_ANCESTORS","EXACT_SPECIES_FAMILY_GENUS_READY","EXACT_SPECIES_TIP_IN_LCVP_BACKBONE","Craspedia_alba",TRUE,FALSE
854402,"Xerochrysum collierianum","Xerochrysum","Xerochrysum|34",34,"False","Xerochrysum collierianum","species","Xerochrysum","Asteraceae","True","True","True","True","I_NATURALIST_RANKED_ANCESTORS","EXACT_SPECIES_FAMILY_GENUS_READY","GENUS_FAMILY_IN_LCVP_SYNTHETIC_NOT_DIRECT",,FALSE,TRUE
854404,"Xerochrysum milliganii","Xerochrysum","Xerochrysum|34",34,"False","Xerochrysum milliganii","species","Xerochrysum","Asteraceae","True","True","True","True","I_NATURALIST_RANKED_ANCESTORS","EXACT_SPECIES_FAMILY_GENUS_READY","GENUS_FAMILY_IN_LCVP_SYNTHETIC_NOT_DIRECT",,FALSE,TRUE
855006,"Maxillaria alticola","Maxillaria","Maxillaria|77",77,"True","Maxillaria alticola","species","Maxillaria","Orchidaceae","True","True","True","True","I_NATURALIST_RANKED_ANCESTORS","EXACT_SPECIES_FAMILY_GENUS_READY","GENUS_FAMILY_IN_LCVP_SYNTHETIC_NOT_DIRECT",,FALSE,TRUE
855068,"Noticastrum sericeum","Noticastrum","Noticastrum|24",24,"True","Noticastrum sericeum","species","Noticastrum","Asteraceae","True","True","True","True","I_NATURALIST_RANKED_ANCESTORS","EXACT_SPECIES_FAMILY_GENUS_READY","GENUS_FAMILY_IN_LCVP_SYNTHETIC_NOT_DIRECT",,FALSE,TRUE
855270,"Polycarpaea carnosa","Polycarpaea","Polycarpaea|116",116,"False","Polycarpaea carnosa","species","Polycarpaea","Caryophyllaceae","True","True","True","True","I_NATURALIST_RANKED_ANCESTORS","EXACT_SPECIES_FAMILY_GENUS_READY","GENUS_FAMILY_IN_LCVP_SYNTHETIC_NOT_DIRECT",,FALSE,TRUE
856072,"Hibbertia australis","Hibbertia","Hibbertia|33",33,"True","Hibbertia australis","species","Hibbertia","Dilleniaceae","True","True","True","True","I_NATURALIST_RANKED_ANCESTORS","EXACT_SPECIES_FAMILY_GENUS_READY","GENUS_FAMILY_IN_LCVP_SYNTHETIC_NOT_DIRECT",,FALSE,TRUE
856543,"Daphne retusa","Daphne","Daphne|121",121,"False","Daphne retusa","species","Daphne","Thymelaeaceae","True","True","True","True","I_NATURALIST_RANKED_ANCESTORS","EXACT_SPECIES_FAMILY_GENUS_READY","GENUS_FAMILY_IN_LCVP_SYNTHETIC_NOT_DIRECT",,FALSE,TRUE
856746,"Stachys atherocalyx","Stachys","Stachys|137",137,"False","Stachys atherocalyx","species","Stachys","Lamiaceae","True","True","True","True","I_NATURALIST_RANKED_ANCESTORS","EXACT_SPECIES_FAMILY_GENUS_READY","GENUS_FAMILY_IN_LCVP_SYNTHETIC_NOT_DIRECT",,FALSE,TRUE
858248,"Bupleurum bicaule","Bupleurum","Bupleurum|157",157,"False","Bupleurum bicaule","species","Bupleurum","Apiaceae","True","True","True","True","I_NATURALIST_RANKED_ANCESTORS","EXACT_SPECIES_FAMILY_GENUS_READY","EXACT_SPECIES_TIP_IN_LCVP_BACKBONE","Bupleurum_bicaule",TRUE,FALSE
858918,"Calanthe hololeuca","Calanthe","Calanthe|53",53,"True","Calanthe hololeuca","species","Calanthe","Orchidaceae","True","True","True","True","I_NATURALIST_RANKED_ANCESTORS","EXACT_SPECIES_FAMILY_GENUS_READY","GENUS_FAMILY_IN_LCVP_SYNTHETIC_NOT_DIRECT",,FALSE,TRUE
859182,"Thysanotus thyrsoideus","Thysanotus","Thysanotus|32",32,"False","Thysanotus thyrsoideus","species","Thysanotus","Asparagaceae","True","True","True","True","I_NATURALIST_RANKED_ANCESTORS","EXACT_SPECIES_FAMILY_GENUS_READY","EXACT_SPECIES_TIP_IN_LCVP_BACKBONE","Thysanotus_thyrsoideus",TRUE,FALSE
859830,"Veronica arcuata","Veronica","Veronica|52",52,"False","Veronica arcuata","species","Veronica","Plantaginaceae","True","True","True","True","I_NATURALIST_RANKED_ANCESTORS","EXACT_SPECIES_FAMILY_GENUS_READY","EXACT_SPECIES_TIP_IN_LCVP_BACKBONE","Veronica_arcuata",TRUE,FALSE
860863,"Hibbertia trachyphylla","Hibbertia","Hibbertia|53",53,"True","Hibbertia trachyphylla","species","Hibbertia","Dilleniaceae","True","True","True","True","I_NATURALIST_RANKED_ANCESTORS","EXACT_SPECIES_FAMILY_GENUS_READY","GENUS_FAMILY_IN_LCVP_SYNTHETIC_NOT_DIRECT",,FALSE,TRUE
861488,"Anemonastrum dichotomum","Anemonastrum","Anemonastrum|158",158,"True","Anemonastrum dichotomum","species","Anemonastrum","Ranunculaceae","True","True","True","True","I_NATURALIST_RANKED_ANCESTORS","EXACT_SPECIES_FAMILY_GENUS_READY","FAMILY_VERIFIED_GENUS_ABSENT_FROM_LCVP",,FALSE,TRUE
861919,"Arctotis breviscapa","Arctotis","Arctotis|45",45,"False","Arctotis breviscapa","species","Arctotis","Asteraceae","True","True","True","True","I_NATURALIST_RANKED_ANCESTORS","EXACT_SPECIES_FAMILY_GENUS_READY","GENUS_FAMILY_IN_LCVP_SYNTHETIC_NOT_DIRECT",,FALSE,TRUE
861967,"Pericallis murrayi","Pericallis","Pericallis|116",116,"True","Pericallis murrayi","species","Pericallis","Asteraceae","True","True","True","True","I_NATURALIST_RANKED_ANCESTORS","EXACT_SPECIES_FAMILY_GENUS_READY","EXACT_SPECIES_TIP_IN_LCVP_BACKBONE","Pericallis_murrayi",TRUE,FALSE
862380,"Lomandra pauciflora","Lomandra","Lomandra|32",32,"True","Lomandra pauciflora","species","Lomandra","Asparagaceae","True","True","True","True","I_NATURALIST_RANKED_ANCESTORS","EXACT_SPECIES_FAMILY_GENUS_READY","GENUS_FAMILY_IN_LCVP_SYNTHETIC_NOT_DIRECT",,FALSE,TRUE
862393,"Lachenalia liliiflora","Lachenalia","Lachenalia|27",27,"True","Lachenalia liliiflora","species","Lachenalia","Asparagaceae","True","True","True","True","I_NATURALIST_RANKED_ANCESTORS","EXACT_SPECIES_FAMILY_GENUS_READY","GENUS_FAMILY_IN_LCVP_SYNTHETIC_NOT_DIRECT",,FALSE,TRUE
862407,"Lomandra integra","Lomandra","Lomandra|32",32,"True","Lomandra integra","species","Lomandra","Asparagaceae","True","True","True","True","I_NATURALIST_RANKED_ANCESTORS","EXACT_SPECIES_FAMILY_GENUS_READY","GENUS_FAMILY_IN_LCVP_SYNTHETIC_NOT_DIRECT",,FALSE,TRUE
862704,"Scilla siberica","Scilla","Scilla|137",137,"False","Scilla siberica","species","Scilla","Asparagaceae","True","True","True","True","I_NATURALIST_RANKED_ANCESTORS","EXACT_SPECIES_FAMILY_GENUS_READY","GENUS_FAMILY_IN_LCVP_SYNTHETIC_NOT_DIRECT",,FALSE,TRUE
862734,"Scilla rosenii","Scilla","Scilla|137",137,"False","Scilla rosenii","species","Scilla","Asparagaceae","True","True","True","True","I_NATURALIST_RANKED_ANCESTORS","EXACT_SPECIES_FAMILY_GENUS_READY","GENUS_FAMILY_IN_LCVP_SYNTHETIC_NOT_DIRECT",,FALSE,TRUE
862739,"Scilla monanthos","Scilla","Scilla|137",137,"False","Scilla monanthos","species","Scilla","Asparagaceae","True","True","True","True","I_NATURALIST_RANKED_ANCESTORS","EXACT_SPECIES_FAMILY_GENUS_READY","GENUS_FAMILY_IN_LCVP_SYNTHETIC_NOT_DIRECT",,FALSE,TRUE
866081,"Vincetoxicum inamoenum","Vincetoxicum","Vincetoxicum|140",140,"True","Vincetoxicum inamoenum","species","Vincetoxicum","Apocynaceae","True","True","True","True","I_NATURALIST_RANKED_ANCESTORS","EXACT_SPECIES_FAMILY_GENUS_READY","EXACT_SPECIES_TIP_IN_LCVP_BACKBONE","Vincetoxicum_inamoenum",TRUE,FALSE
866561,"Hydrangea alternifolia","Hydrangea","Hydrangea|141",141,"True","Hydrangea alternifolia","species","Hydrangea","Hydrangeaceae","True","True","True","True","I_NATURALIST_RANKED_ANCESTORS","EXACT_SPECIES_FAMILY_GENUS_READY","EXACT_SPECIES_TIP_GENUS_FAMILY_TAXONOMIC_CONFLICT",,FALSE,TRUE
866739,"Bistorta macrophylla","Bistorta","Bistorta|121",121,"False","Bistorta macrophylla","species","Bistorta","Polygonaceae","True","True","True","True","I_NATURALIST_RANKED_ANCESTORS","EXACT_SPECIES_FAMILY_GENUS_READY","EXACT_SPECIES_TIP_IN_LCVP_BACKBONE","Bistorta_macrophylla",TRUE,FALSE
867284,"Tigridia convoluta","Tigridia","Tigridia|93",93,"False","Tigridia convoluta","species","Tigridia","Iridaceae","True","True","True","True","I_NATURALIST_RANKED_ANCESTORS","EXACT_SPECIES_FAMILY_GENUS_READY","EXACT_SPECIES_TIP_IN_LCVP_BACKBONE","Tigridia_convoluta",TRUE,FALSE
867455,"Solanum subinerme","Solanum","Solanum|78",78,"False","Solanum subinerme","species","Solanum","Solanaceae","True","True","True","True","I_NATURALIST_RANKED_ANCESTORS","EXACT_SPECIES_FAMILY_GENUS_READY","GENUS_FAMILY_IN_LCVP_SYNTHETIC_NOT_DIRECT",,FALSE,TRUE
867603,"Henriettea caudata","Henriettea","Henriettea|78",78,"True","Henriettea caudata","species","Henriettea","Melastomataceae","True","True","True","True","I_NATURALIST_RANKED_ANCESTORS","EXACT_SPECIES_FAMILY_GENUS_READY","GENUS_FAMILY_IN_LCVP_SYNTHETIC_NOT_DIRECT",,FALSE,TRUE
867883,"Chamaecrista ramosa","Chamaecrista","Chamaecrista|61",61,"False","Chamaecrista ramosa","species","Chamaecrista","Fabaceae","True","True","True","True","I_NATURALIST_RANKED_ANCESTORS","EXACT_SPECIES_FAMILY_GENUS_READY","GENUS_FAMILY_IN_LCVP_SYNTHETIC_NOT_DIRECT",,FALSE,TRUE
868078,"Bistorta griffithii","Bistorta","Bistorta|121",121,"False","Bistorta griffithii","species","Bistorta","Polygonaceae","True","True","True","True","I_NATURALIST_RANKED_ANCESTORS","EXACT_SPECIES_FAMILY_GENUS_READY","GENUS_FAMILY_IN_LCVP_SYNTHETIC_NOT_DIRECT",,FALSE,TRUE
868106,"Chaetanthera incana","Chaetanthera","Chaetanthera|41",41,"False","Chaetanthera incana","species","Chaetanthera","Asteraceae","True","True","True","True","I_NATURALIST_RANKED_ANCESTORS","EXACT_SPECIES_FAMILY_GENUS_READY","EXACT_SPECIES_TIP_IN_LCVP_BACKBONE","Chaetanthera_incana",TRUE,FALSE
868701,"Limonium macrophyllum","Limonium","Limonium|116",116,"False","Limonium macrophyllum","species","Limonium","Plumbaginaceae","True","True","True","True","I_NATURALIST_RANKED_ANCESTORS","EXACT_SPECIES_FAMILY_GENUS_READY","GENUS_FAMILY_IN_LCVP_SYNTHETIC_NOT_DIRECT",,FALSE,TRUE
869031,"Bupleurum martjanovii","Bupleurum","Bupleurum|157",157,"False","Bupleurum martjanovii","species","Bupleurum","Apiaceae","True","True","True","True","I_NATURALIST_RANKED_ANCESTORS","EXACT_SPECIES_FAMILY_GENUS_READY","GENUS_FAMILY_IN_LCVP_SYNTHETIC_NOT_DIRECT",,FALSE,TRUE
869061,"Leucheria salinae","Leucheria","Leucheria|41",41,"True","Leucheria salinae","species","Leucheria","Asteraceae","True","True","True","True","I_NATURALIST_RANKED_ANCESTORS","EXACT_SPECIES_FAMILY_GENUS_READY","GENUS_FAMILY_IN_LCVP_SYNTHETIC_NOT_DIRECT",,FALSE,TRUE
869998,"Lobivia cinnabarina","Lobivia","Lobivia|59",59,"False","Lobivia cinnabarina","species","Lobivia","Cactaceae","True","True","True","True","I_NATURALIST_RANKED_ANCESTORS","EXACT_SPECIES_FAMILY_GENUS_READY","FAMILY_VERIFIED_GENUS_ABSENT_FROM_LCVP",,FALSE,TRUE
870009,"Lobivia ferox","Lobivia","Lobivia|59",59,"False","Lobivia ferox","species","Lobivia","Cactaceae","True","True","True","True","I_NATURALIST_RANKED_ANCESTORS","EXACT_SPECIES_FAMILY_GENUS_READY","FAMILY_VERIFIED_GENUS_ABSENT_FROM_LCVP",,FALSE,TRUE
870033,"Lobivia pentlandii","Lobivia","Lobivia|59",59,"False","Lobivia pentlandii","species","Lobivia","Cactaceae","True","True","True","True","I_NATURALIST_RANKED_ANCESTORS","EXACT_SPECIES_FAMILY_GENUS_READY","FAMILY_VERIFIED_GENUS_ABSENT_FROM_LCVP",,FALSE,TRUE
870649,"Valeriana rossica","Valeriana","Valeriana|155",155,"False","Valeriana rossica","species","Valeriana","Caprifoliaceae","True","True","True","True","I_NATURALIST_RANKED_ANCESTORS","EXACT_SPECIES_FAMILY_GENUS_READY","GENUS_FAMILY_IN_LCVP_SYNTHETIC_NOT_DIRECT",,FALSE,TRUE
871332,"Eremurus czatkalicus","Eremurus","Eremurus|138",138,"False","Eremurus czatkalicus","species","Eremurus","Asphodelaceae","True","True","True","True","I_NATURALIST_RANKED_ANCESTORS","EXACT_SPECIES_FAMILY_GENUS_READY","GENUS_FAMILY_IN_LCVP_SYNTHETIC_NOT_DIRECT",,FALSE,TRUE
871508,"Caladenia rhomboidiformis","Caladenia","Caladenia|32",32,"False","Caladenia rhomboidiformis","species","Caladenia","Orchidaceae","True","True","True","True","I_NATURALIST_RANKED_ANCESTORS","EXACT_SPECIES_FAMILY_GENUS_READY","GENUS_FAMILY_IN_LCVP_SYNTHETIC_NOT_DIRECT",,FALSE,TRUE
871509,"Caladenia ensata","Caladenia","Caladenia|32",32,"False","Caladenia ensata","species","Caladenia","Orchidaceae","True","True","True","True","I_NATURALIST_RANKED_ANCESTORS","EXACT_SPECIES_FAMILY_GENUS_READY","GENUS_FAMILY_IN_LCVP_SYNTHETIC_NOT_DIRECT",,FALSE,TRUE
872528,"Anemonastrum baicalense","Anemonastrum","Anemonastrum|158",158,"True","Anemonastrum baicalense","species","Anemonastrum","Ranunculaceae","True","True","True","True","I_NATURALIST_RANKED_ANCESTORS","EXACT_SPECIES_FAMILY_GENUS_READY","FAMILY_VERIFIED_GENUS_ABSENT_FROM_LCVP",,FALSE,TRUE
873766,"Leucheria floribunda","Leucheria","Leucheria|41",41,"True","Leucheria floribunda","species","Leucheria","Asteraceae","True","True","True","True","I_NATURALIST_RANKED_ANCESTORS","EXACT_SPECIES_FAMILY_GENUS_READY","GENUS_FAMILY_IN_LCVP_SYNTHETIC_NOT_DIRECT",,FALSE,TRUE
873768,"Nicotiana tabacum","Nicotiana","Nicotiana|59",59,"False","Nicotiana tabacum","species","Nicotiana","Solanaceae","True","True","True","True","I_NATURALIST_RANKED_ANCESTORS","EXACT_SPECIES_FAMILY_GENUS_READY","EXACT_SPECIES_TIP_IN_LCVP_BACKBONE","Nicotiana_tabacum",TRUE,FALSE
873915,"Convolvulus secundus","Convolvulus","Convolvulus|118",118,"True","Convolvulus secundus","species","Convolvulus","Convolvulaceae","True","True","True","True","I_NATURALIST_RANKED_ANCESTORS","EXACT_SPECIES_FAMILY_GENUS_READY","GENUS_FAMILY_IN_LCVP_SYNTHETIC_NOT_DIRECT",,FALSE,TRUE
874868,"Rubus incanus","Rubus","Rubus|123",123,"True","Rubus incanus","species","Rubus","Rosaceae","True","True","True","True","I_NATURALIST_RANKED_ANCESTORS","EXACT_SPECIES_FAMILY_GENUS_READY","GENUS_FAMILY_IN_LCVP_SYNTHETIC_NOT_DIRECT",,FALSE,TRUE
876995,"Pericallis echinata","Pericallis","Pericallis|116",116,"True","Pericallis echinata","species","Pericallis","Asteraceae","True","True","True","True","I_NATURALIST_RANKED_ANCESTORS","EXACT_SPECIES_FAMILY_GENUS_READY","EXACT_SPECIES_TIP_IN_LCVP_BACKBONE","Pericallis_echinata",TRUE,FALSE
878445,"Tribulus arabicus","Tribulus","Tribulus|119",119,"True","Tribulus arabicus","species","Tribulus","Zygophyllaceae","True","True","True","True","I_NATURALIST_RANKED_ANCESTORS","EXACT_SPECIES_FAMILY_GENUS_READY","GENUS_FAMILY_IN_LCVP_SYNTHETIC_NOT_DIRECT",,FALSE,TRUE
883734,"Maxillaria standleyi","Maxillaria","Maxillaria|77",77,"True","Maxillaria standleyi","species","Maxillaria","Orchidaceae","True","True","True","True","I_NATURALIST_RANKED_ANCESTORS","EXACT_SPECIES_FAMILY_GENUS_READY","GENUS_FAMILY_IN_LCVP_SYNTHETIC_NOT_DIRECT",,FALSE,TRUE
884775,"Oedera calycina","Oedera","Oedera|28",28,"True","Oedera calycina","species","Oedera","Asteraceae","True","True","True","True","I_NATURALIST_RANKED_ANCESTORS","EXACT_SPECIES_FAMILY_GENUS_READY","GENUS_FAMILY_IN_LCVP_SYNTHETIC_NOT_DIRECT",,FALSE,TRUE
884816,"Hydrangea serrata","Hydrangea","Hydrangea|141",141,"True","Hydrangea serrata","species","Hydrangea","Hydrangeaceae","True","True","True","True","I_NATURALIST_RANKED_ANCESTORS","EXACT_SPECIES_FAMILY_GENUS_READY","EXACT_SPECIES_TIP_IN_LCVP_BACKBONE","Hydrangea_serrata",TRUE,FALSE
886370,"Ipomoea yardiensis","Ipomoea","Ipomoea|50",50,"False","Ipomoea yardiensis","species","Ipomoea","Convolvulaceae","True","True","True","True","I_NATURALIST_RANKED_ANCESTORS","EXACT_SPECIES_FAMILY_GENUS_READY","GENUS_FAMILY_IN_LCVP_SYNTHETIC_NOT_DIRECT",,FALSE,TRUE
887378,"Veronica polifolia","Veronica","Veronica|118",118,"True","Veronica polifolia","species","Veronica","Plantaginaceae","True","True","True","True","I_NATURALIST_RANKED_ANCESTORS","EXACT_SPECIES_FAMILY_GENUS_READY","EXACT_SPECIES_TIP_IN_LCVP_BACKBONE","Veronica_polifolia",TRUE,FALSE
887393,"Tillandsia australis","Tillandsia","Tillandsia|41",41,"False","Tillandsia australis","species","Tillandsia","Bromeliaceae","True","True","True","True","I_NATURALIST_RANKED_ANCESTORS","EXACT_SPECIES_FAMILY_GENUS_READY","EXACT_SPECIES_TIP_IN_LCVP_BACKBONE","Tillandsia_australis",TRUE,FALSE
888451,"Lathyrus inconspicuus","Lathyrus","Lathyrus|118",118,"True","Lathyrus inconspicuus","species","Lathyrus","Fabaceae","True","True","True","True","I_NATURALIST_RANKED_ANCESTORS","EXACT_SPECIES_FAMILY_GENUS_READY","EXACT_SPECIES_TIP_IN_LCVP_BACKBONE","Lathyrus_inconspicuus",TRUE,FALSE
890452,"Streptocarpus goetzei","Streptocarpus","Streptocarpus|64",64,"False","Streptocarpus goetzei","species","Streptocarpus","Gesneriaceae","True","True","True","True","I_NATURALIST_RANKED_ANCESTORS","EXACT_SPECIES_FAMILY_GENUS_READY","EXACT_SPECIES_TIP_IN_LCVP_BACKBONE","Streptocarpus_goetzei",TRUE,FALSE
890622,"Senecio pulcher","Senecio","Senecio|24",24,"False","Senecio pulcher","species","Senecio","Asteraceae","True","True","True","True","I_NATURALIST_RANKED_ANCESTORS","EXACT_SPECIES_FAMILY_GENUS_READY","GENUS_FAMILY_IN_LCVP_SYNTHETIC_NOT_DIRECT",,FALSE,TRUE
892006,"Petrophile squamata","Petrophile","Petrophile|32",32,"False","Petrophile squamata","species","Petrophile","Proteaceae","True","True","True","True","I_NATURALIST_RANKED_ANCESTORS","EXACT_SPECIES_FAMILY_GENUS_READY","EXACT_SPECIES_TIP_IN_LCVP_BACKBONE","Petrophile_squamata",TRUE,FALSE
892007,"Taxandria marginata","Taxandria","Taxandria|32",32,"False","Taxandria marginata","species","Taxandria","Myrtaceae","True","True","True","True","I_NATURALIST_RANKED_ANCESTORS","EXACT_SPECIES_FAMILY_GENUS_READY","EXACT_SPECIES_TIP_IN_LCVP_BACKBONE","Taxandria_marginata",TRUE,FALSE
893921,"Spyridium halmaturinum","Spyridium","Spyridium|33",33,"True","Spyridium halmaturinum","species","Spyridium","Rhamnaceae","True","True","True","True","I_NATURALIST_RANKED_ANCESTORS","EXACT_SPECIES_FAMILY_GENUS_READY","EXACT_SPECIES_TIP_IN_LCVP_BACKBONE","Spyridium_halmaturinum",TRUE,FALSE
893925,"Logania ovata","Logania","Logania|33",33,"True","Logania ovata","species","Logania","Loganiaceae","True","True","True","True","I_NATURALIST_RANKED_ANCESTORS","EXACT_SPECIES_FAMILY_GENUS_READY","GENUS_FAMILY_IN_LCVP_SYNTHETIC_NOT_DIRECT",,FALSE,TRUE
894977,"Helichrysum kirkii","Helichrysum","Helichrysum|64",64,"False","Helichrysum kirkii","species","Helichrysum","Asteraceae","True","True","True","True","I_NATURALIST_RANKED_ANCESTORS","EXACT_SPECIES_FAMILY_GENUS_READY","GENUS_FAMILY_IN_LCVP_SYNTHETIC_NOT_DIRECT",,FALSE,TRUE
895341,"Trichocentrum pendulum","Trichocentrum","Trichocentrum|93",93,"False","Trichocentrum pendulum","species","Trichocentrum","Orchidaceae","True","True","True","True","I_NATURALIST_RANKED_ANCESTORS","EXACT_SPECIES_FAMILY_GENUS_READY","GENUS_FAMILY_IN_LCVP_SYNTHETIC_NOT_DIRECT",,FALSE,TRUE
895655,"Drosera verrucata","Drosera","Drosera|32",32,"True","Drosera verrucata","species","Drosera","Droseraceae","True","True","True","True","I_NATURALIST_RANKED_ANCESTORS","EXACT_SPECIES_FAMILY_GENUS_READY","GENUS_FAMILY_IN_LCVP_SYNTHETIC_NOT_DIRECT",,FALSE,TRUE
895673,"Drosera scorpioides","Drosera","Drosera|32",32,"True","Drosera scorpioides","species","Drosera","Droseraceae","True","True","True","True","I_NATURALIST_RANKED_ANCESTORS","EXACT_SPECIES_FAMILY_GENUS_READY","EXACT_SPECIES_TIP_IN_LCVP_BACKBONE","Drosera_scorpioides",TRUE,FALSE
896444,"Trachymene ornata","Trachymene","Trachymene|50",50,"False","Trachymene ornata","species","Trachymene","Araliaceae","True","True","True","True","I_NATURALIST_RANKED_ANCESTORS","EXACT_SPECIES_FAMILY_GENUS_READY","GENUS_FAMILY_IN_LCVP_SYNTHETIC_NOT_DIRECT",,FALSE,TRUE
897785,"Gastrolobium polystachyum","Gastrolobium","Gastrolobium|50",50,"True","Gastrolobium polystachyum","species","Gastrolobium","Fabaceae","True","True","True","True","I_NATURALIST_RANKED_ANCESTORS","EXACT_SPECIES_FAMILY_GENUS_READY","GENUS_FAMILY_IN_LCVP_SYNTHETIC_NOT_DIRECT",,FALSE,TRUE
898507,"Anemone bucharica","Anemone","Anemone|138",138,"False","Anemone bucharica","species","Anemone","Ranunculaceae","True","True","True","True","I_NATURALIST_RANKED_ANCESTORS","EXACT_SPECIES_FAMILY_GENUS_READY","GENUS_FAMILY_IN_LCVP_SYNTHETIC_NOT_DIRECT",,FALSE,TRUE
902208,"Chresta sphaerocephala","Chresta","Chresta|60",60,"True","Chresta sphaerocephala","species","Chresta","Asteraceae","True","True","True","True","I_NATURALIST_RANKED_ANCESTORS","EXACT_SPECIES_FAMILY_GENUS_READY","EXACT_SPECIES_TIP_IN_LCVP_BACKBONE","Chresta_sphaerocephala",TRUE,FALSE
903837,"Eucalyptus paedoglauca","Eucalyptus","Eucalyptus|70",70,"True","Eucalyptus paedoglauca","species","Eucalyptus","Myrtaceae","True","True","True","True","I_NATURALIST_RANKED_ANCESTORS","EXACT_SPECIES_FAMILY_GENUS_READY","EXACT_SPECIES_TIP_IN_LCVP_BACKBONE","Eucalyptus_paedoglauca",TRUE,FALSE
904096,"Lepidagathis trinervis","Lepidagathis","Lepidagathis|102",102,"True","Lepidagathis trinervis","species","Lepidagathis","Acanthaceae","True","True","True","True","I_NATURALIST_RANKED_ANCESTORS","EXACT_SPECIES_FAMILY_GENUS_READY","GENUS_FAMILY_IN_LCVP_SYNTHETIC_NOT_DIRECT",,FALSE,TRUE
904193,"Sprengelia sprengelioides","Sprengelia","Sprengelia|52",52,"False","Sprengelia sprengelioides","species","Sprengelia","Ericaceae","True","True","True","True","I_NATURALIST_RANKED_ANCESTORS","EXACT_SPECIES_FAMILY_GENUS_READY","GENUS_FAMILY_IN_LCVP_SYNTHETIC_NOT_DIRECT",,FALSE,TRUE
905258,"Chamaecrista duckeana","Chamaecrista","Chamaecrista|61",61,"False","Chamaecrista duckeana","species","Chamaecrista","Fabaceae","True","True","True","True","I_NATURALIST_RANKED_ANCESTORS","EXACT_SPECIES_FAMILY_GENUS_READY","GENUS_FAMILY_IN_LCVP_SYNTHETIC_NOT_DIRECT",,FALSE,TRUE
906668,"Bossiaea webbii","Bossiaea","Bossiaea|32",32,"False","Bossiaea webbii","species","Bossiaea","Fabaceae","True","True","True","True","I_NATURALIST_RANKED_ANCESTORS","EXACT_SPECIES_FAMILY_GENUS_READY","GENUS_FAMILY_IN_LCVP_SYNTHETIC_NOT_DIRECT",,FALSE,TRUE
907706,"Acacia gilbertii","Acacia","Acacia|32",32,"False","Acacia gilbertii","species","Acacia","Fabaceae","True","True","True","True","I_NATURALIST_RANKED_ANCESTORS","EXACT_SPECIES_FAMILY_GENUS_READY","GENUS_FAMILY_IN_LCVP_SYNTHETIC_NOT_DIRECT",,FALSE,TRUE
908087,"Cirsium echinus","Cirsium","Cirsium|137",137,"False","Cirsium echinus","species","Cirsium","Asteraceae","True","True","True","True","I_NATURALIST_RANKED_ANCESTORS","EXACT_SPECIES_FAMILY_GENUS_READY","EXACT_SPECIES_TIP_IN_LCVP_BACKBONE","Cirsium_echinus",TRUE,FALSE
909614,"Kunzea glabrescens","Kunzea","Kunzea|50",50,"False","Kunzea glabrescens","species","Kunzea","Myrtaceae","True","True","True","True","I_NATURALIST_RANKED_ANCESTORS","EXACT_SPECIES_FAMILY_GENUS_READY","EXACT_SPECIES_TIP_IN_LCVP_BACKBONE","Kunzea_glabrescens",TRUE,FALSE
909630,"Sphaerolobium alatum","Sphaerolobium","Sphaerolobium|32",32,"True","Sphaerolobium alatum","species","Sphaerolobium","Fabaceae","True","True","True","True","I_NATURALIST_RANKED_ANCESTORS","EXACT_SPECIES_FAMILY_GENUS_READY","FAMILY_VERIFIED_GENUS_ABSENT_FROM_LCVP",,FALSE,TRUE
910405,"Hibbertia longifolia","Hibbertia","Hibbertia|70",70,"True","Hibbertia longifolia","species","Hibbertia","Dilleniaceae","True","True","True","True","I_NATURALIST_RANKED_ANCESTORS","EXACT_SPECIES_FAMILY_GENUS_READY","GENUS_FAMILY_IN_LCVP_SYNTHETIC_NOT_DIRECT",,FALSE,TRUE
910418,"Hakea invaginata","Hakea","Hakea|50",50,"False","Hakea invaginata","species","Hakea","Proteaceae","True","True","True","True","I_NATURALIST_RANKED_ANCESTORS","EXACT_SPECIES_FAMILY_GENUS_READY","EXACT_SPECIES_TIP_IN_LCVP_BACKBONE","Hakea_invaginata",TRUE,FALSE
911583,"Oxalis dentata","Oxalis","Oxalis|27",27,"True","Oxalis dentata","species","Oxalis","Oxalidaceae","True","True","True","True","I_NATURALIST_RANKED_ANCESTORS","EXACT_SPECIES_FAMILY_GENUS_READY","GENUS_FAMILY_IN_LCVP_SYNTHETIC_NOT_DIRECT",,FALSE,TRUE
914093,"Epidendrum splendens","Epidendrum","Epidendrum|59",59,"True","Epidendrum splendens","species","Epidendrum","Orchidaceae","True","True","True","True","I_NATURALIST_RANKED_ANCESTORS","EXACT_SPECIES_FAMILY_GENUS_READY","GENUS_FAMILY_IN_LCVP_SYNTHETIC_NOT_DIRECT",,FALSE,TRUE
914402,"Bistorta vacciniifolia","Bistorta","Bistorta|121",121,"False","Bistorta vacciniifolia","species","Bistorta","Polygonaceae","True","True","True","True","I_NATURALIST_RANKED_ANCESTORS","EXACT_SPECIES_FAMILY_GENUS_READY","EXACT_SPECIES_TIP_IN_LCVP_BACKBONE","Bistorta_vacciniifolia",TRUE,FALSE
914404,"Persicaria runcinata","Persicaria","Persicaria|123",123,"True","Persicaria runcinata","species","Persicaria","Polygonaceae","True","True","True","True","I_NATURALIST_RANKED_ANCESTORS","EXACT_SPECIES_FAMILY_GENUS_READY","EXACT_SPECIES_TIP_GENUS_FAMILY_TAXONOMIC_CONFLICT",,FALSE,TRUE
914865,"Drosera australis","Drosera","Drosera|32",32,"True","Drosera australis","species","Drosera","Droseraceae","True","True","True","True","I_NATURALIST_RANKED_ANCESTORS","EXACT_SPECIES_FAMILY_GENUS_READY","GENUS_FAMILY_IN_LCVP_SYNTHETIC_NOT_DIRECT",,FALSE,TRUE
915306,"Persicaria japonica","Persicaria","Persicaria|123",123,"True","Persicaria japonica","species","Persicaria","Polygonaceae","True","True","True","True","I_NATURALIST_RANKED_ANCESTORS","EXACT_SPECIES_FAMILY_GENUS_READY","EXACT_SPECIES_TIP_GENUS_FAMILY_TAXONOMIC_CONFLICT",,FALSE,TRUE
916935,"Pimelea decora","Pimelea","Pimelea|70",70,"True","Pimelea decora","species","Pimelea","Thymelaeaceae","True","True","True","True","I_NATURALIST_RANKED_ANCESTORS","EXACT_SPECIES_FAMILY_GENUS_READY","EXACT_SPECIES_TIP_IN_LCVP_BACKBONE","Pimelea_decora",TRUE,FALSE
918394,"Mimosa sensitiva","Mimosa","Mimosa|61",61,"False","Mimosa sensitiva","species","Mimosa","Fabaceae","True","True","True","True","I_NATURALIST_RANKED_ANCESTORS","EXACT_SPECIES_FAMILY_GENUS_READY","GENUS_FAMILY_IN_LCVP_SYNTHETIC_NOT_DIRECT",,FALSE,TRUE
919863,"Hakea propinqua","Hakea","Hakea|52",52,"False","Hakea propinqua","species","Hakea","Proteaceae","True","True","True","True","I_NATURALIST_RANKED_ANCESTORS","EXACT_SPECIES_FAMILY_GENUS_READY","EXACT_SPECIES_TIP_IN_LCVP_BACKBONE","Hakea_propinqua",TRUE,FALSE
920553,"Senna georgica","Senna","Senna|61",61,"True","Senna georgica","species","Senna","Fabaceae","True","True","True","True","I_NATURALIST_RANKED_ANCESTORS","EXACT_SPECIES_FAMILY_GENUS_READY","GENUS_FAMILY_IN_LCVP_SYNTHETIC_NOT_DIRECT",,FALSE,TRUE
920958,"Swertia kilimandscharica","Swertia","Swertia|82",82,"False","Swertia kilimandscharica","species","Swertia","Gentianaceae","True","True","True","True","I_NATURALIST_RANKED_ANCESTORS","EXACT_SPECIES_FAMILY_GENUS_READY","GENUS_FAMILY_IN_LCVP_SYNTHETIC_NOT_DIRECT",,FALSE,TRUE
922632,"Hibbertia grossulariifolia","Hibbertia","Hibbertia|32",32,"False","Hibbertia grossulariifolia","species","Hibbertia","Dilleniaceae","True","True","True","True","I_NATURALIST_RANKED_ANCESTORS","EXACT_SPECIES_FAMILY_GENUS_READY","EXACT_SPECIES_TIP_IN_LCVP_BACKBONE","Hibbertia_grossulariifolia",TRUE,FALSE
924430,"Rubus repens","Rubus","Rubus|131",131,"True","Rubus repens","species","Rubus","Rosaceae","True","True","True","True","I_NATURALIST_RANKED_ANCESTORS","EXACT_SPECIES_FAMILY_GENUS_READY","GENUS_FAMILY_IN_LCVP_SYNTHETIC_NOT_DIRECT",,FALSE,TRUE
925179,"Baccharis aliena","Baccharis","Baccharis|24",24,"False","Baccharis aliena","species","Baccharis","Asteraceae","True","True","True","True","I_NATURALIST_RANKED_ANCESTORS","EXACT_SPECIES_FAMILY_GENUS_READY","GENUS_FAMILY_IN_LCVP_SYNTHETIC_NOT_DIRECT",,FALSE,TRUE
926535,"Orobanche kurdica","Orobanche","Orobanche|137",137,"True","Orobanche kurdica","species","Orobanche","Orobanchaceae","True","True","True","True","I_NATURALIST_RANKED_ANCESTORS","EXACT_SPECIES_FAMILY_GENUS_READY","GENUS_FAMILY_IN_LCVP_SYNTHETIC_NOT_DIRECT",,FALSE,TRUE
926897,"Ageratina vacciniifolia","Ageratina","Ageratina|77",77,"True","Ageratina vacciniifolia","species","Ageratina","Asteraceae","True","True","True","True","I_NATURALIST_RANKED_ANCESTORS","EXACT_SPECIES_FAMILY_GENUS_READY","GENUS_FAMILY_IN_LCVP_SYNTHETIC_NOT_DIRECT",,FALSE,TRUE
928749,"Barbacenia squamata","Barbacenia","Barbacenia|42",42,"True","Barbacenia squamata","species","Barbacenia","Velloziaceae","True","True","True","True","I_NATURALIST_RANKED_ANCESTORS","EXACT_SPECIES_FAMILY_GENUS_READY","GENUS_FAMILY_IN_LCVP_SYNTHETIC_NOT_DIRECT",,FALSE,TRUE
928766,"Barbacenia purpurea","Barbacenia","Barbacenia|42",42,"True","Barbacenia purpurea","species","Barbacenia","Velloziaceae","True","True","True","True","I_NATURALIST_RANKED_ANCESTORS","EXACT_SPECIES_FAMILY_GENUS_READY","EXACT_SPECIES_TIP_IN_LCVP_BACKBONE","Barbacenia_purpurea",TRUE,FALSE
929137,"Vellozia obtecta","Vellozia","Vellozia|42",42,"False","Vellozia obtecta","species","Vellozia","Velloziaceae","True","True","True","True","I_NATURALIST_RANKED_ANCESTORS","EXACT_SPECIES_FAMILY_GENUS_READY","GENUS_FAMILY_IN_LCVP_SYNTHETIC_NOT_DIRECT",,FALSE,TRUE
929152,"Vellozia intermedia","Vellozia","Vellozia|42",42,"False","Vellozia intermedia","species","Vellozia","Velloziaceae","True","True","True","True","I_NATURALIST_RANKED_ANCESTORS","EXACT_SPECIES_FAMILY_GENUS_READY","GENUS_FAMILY_IN_LCVP_SYNTHETIC_NOT_DIRECT",,FALSE,TRUE
929163,"Vellozia graminea","Vellozia","Vellozia|42",42,"False","Vellozia graminea","species","Vellozia","Velloziaceae","True","True","True","True","I_NATURALIST_RANKED_ANCESTORS","EXACT_SPECIES_FAMILY_GENUS_READY","GENUS_FAMILY_IN_LCVP_SYNTHETIC_NOT_DIRECT",,FALSE,TRUE
929600,"Drosera intricata","Drosera","Drosera|32",32,"True","Drosera intricata","species","Drosera","Droseraceae","True","True","True","True","I_NATURALIST_RANKED_ANCESTORS","EXACT_SPECIES_FAMILY_GENUS_READY","GENUS_FAMILY_IN_LCVP_SYNTHETIC_NOT_DIRECT",,FALSE,TRUE
929606,"Utricularia benthamii","Utricularia","Utricularia|32",32,"True","Utricularia benthamii","species","Utricularia","Lentibulariaceae","True","True","True","True","I_NATURALIST_RANKED_ANCESTORS","EXACT_SPECIES_FAMILY_GENUS_READY","GENUS_FAMILY_IN_LCVP_SYNTHETIC_NOT_DIRECT",,FALSE,TRUE
930767,"Torenia oblonga","Torenia","Torenia|122",122,"True","Torenia oblonga","species","Torenia","Linderniaceae","True","True","True","True","I_NATURALIST_RANKED_ANCESTORS","EXACT_SPECIES_FAMILY_GENUS_READY","GENUS_FAMILY_IN_LCVP_SYNTHETIC_NOT_DIRECT",,FALSE,TRUE
930797,"Torenia biniflora","Torenia","Torenia|122",122,"True","Torenia biniflora","species","Torenia","Linderniaceae","True","True","True","True","I_NATURALIST_RANKED_ANCESTORS","EXACT_SPECIES_FAMILY_GENUS_READY","GENUS_FAMILY_IN_LCVP_SYNTHETIC_NOT_DIRECT",,FALSE,TRUE
930840,"Androsace chamaejasme","Androsace","Androsace|135",135,"True","Androsace chamaejasme","species","Androsace","Primulaceae","True","True","True","True","I_NATURALIST_RANKED_ANCESTORS","EXACT_SPECIES_FAMILY_GENUS_READY","GENUS_FAMILY_IN_LCVP_SYNTHETIC_NOT_DIRECT",,FALSE,TRUE
931007,"Anemonastrum crinitum","Anemonastrum","Anemonastrum|158",158,"True","Anemonastrum crinitum","species","Anemonastrum","Ranunculaceae","True","True","True","True","I_NATURALIST_RANKED_ANCESTORS","EXACT_SPECIES_FAMILY_GENUS_READY","FAMILY_VERIFIED_GENUS_ABSENT_FROM_LCVP",,FALSE,TRUE
931094,"Dillwynia brunioides","Dillwynia","Dillwynia|52",52,"False","Dillwynia brunioides","species","Dillwynia","Fabaceae","True","True","True","True","I_NATURALIST_RANKED_ANCESTORS","EXACT_SPECIES_FAMILY_GENUS_READY","FAMILY_VERIFIED_GENUS_ABSENT_FROM_LCVP",,FALSE,TRUE
931626,"Peixotoa reticulata","Peixotoa","Peixotoa|60",60,"True","Peixotoa reticulata","species","Peixotoa","Malpighiaceae","True","True","True","True","I_NATURALIST_RANKED_ANCESTORS","EXACT_SPECIES_FAMILY_GENUS_READY","EXACT_SPECIES_TIP_IN_LCVP_BACKBONE","Peixotoa_reticulata",TRUE,FALSE
932013,"Conospermum caeruleum","Conospermum","Conospermum|32",32,"True","Conospermum caeruleum","species","Conospermum","Proteaceae","True","True","True","True","I_NATURALIST_RANKED_ANCESTORS","EXACT_SPECIES_FAMILY_GENUS_READY","GENUS_FAMILY_IN_LCVP_SYNTHETIC_NOT_DIRECT",,FALSE,TRUE
932658,"Chorizema glycinifolium","Chorizema","Chorizema|32",32,"False","Chorizema glycinifolium","species","Chorizema","Fabaceae","True","True","True","True","I_NATURALIST_RANKED_ANCESTORS","EXACT_SPECIES_FAMILY_GENUS_READY","FAMILY_VERIFIED_GENUS_ABSENT_FROM_LCVP",,FALSE,TRUE
933533,"Ipomoea muelleri","Ipomoea","Ipomoea|50",50,"False","Ipomoea muelleri","species","Ipomoea","Convolvulaceae","True","True","True","True","I_NATURALIST_RANKED_ANCESTORS","EXACT_SPECIES_FAMILY_GENUS_READY","GENUS_FAMILY_IN_LCVP_SYNTHETIC_NOT_DIRECT",,FALSE,TRUE
934443,"Diascia whiteheadii","Diascia","Diascia|45",45,"True","Diascia whiteheadii","species","Diascia","Scrophulariaceae","True","True","True","True","I_NATURALIST_RANKED_ANCESTORS","EXACT_SPECIES_FAMILY_GENUS_READY","GENUS_FAMILY_IN_LCVP_SYNTHETIC_NOT_DIRECT",,FALSE,TRUE
934495,"Cheirolophus webbianus","Cheirolophus","Cheirolophus|116",116,"True","Cheirolophus webbianus","species","Cheirolophus","Asteraceae","True","True","True","True","I_NATURALIST_RANKED_ANCESTORS","EXACT_SPECIES_FAMILY_GENUS_READY","GENUS_FAMILY_IN_LCVP_SYNTHETIC_NOT_DIRECT",,FALSE,TRUE
934497,"Cheirolophus arbutifolius","Cheirolophus","Cheirolophus|116",116,"True","Cheirolophus arbutifolius","species","Cheirolophus","Asteraceae","True","True","True","True","I_NATURALIST_RANKED_ANCESTORS","EXACT_SPECIES_FAMILY_GENUS_READY","GENUS_FAMILY_IN_LCVP_SYNTHETIC_NOT_DIRECT",,FALSE,TRUE
934499,"Cheirolophus burchardii","Cheirolophus","Cheirolophus|116",116,"True","Cheirolophus burchardii","species","Cheirolophus","Asteraceae","True","True","True","True","I_NATURALIST_RANKED_ANCESTORS","EXACT_SPECIES_FAMILY_GENUS_READY","GENUS_FAMILY_IN_LCVP_SYNTHETIC_NOT_DIRECT",,FALSE,TRUE
934674,"Swertia uniflora","Swertia","Swertia|82",82,"False","Swertia uniflora","species","Swertia","Gentianaceae","True","True","True","True","I_NATURALIST_RANKED_ANCESTORS","EXACT_SPECIES_FAMILY_GENUS_READY","GENUS_FAMILY_IN_LCVP_SYNTHETIC_NOT_DIRECT",,FALSE,TRUE
934867,"Swertia crassiuscula","Swertia","Swertia|82",82,"False","Swertia crassiuscula","species","Swertia","Gentianaceae","True","True","True","True","I_NATURALIST_RANKED_ANCESTORS","EXACT_SPECIES_FAMILY_GENUS_READY","GENUS_FAMILY_IN_LCVP_SYNTHETIC_NOT_DIRECT",,FALSE,TRUE
934900,"Dorstenia urceolata","Dorstenia","Dorstenia|42",42,"False","Dorstenia urceolata","species","Dorstenia","Moraceae","True","True","True","True","I_NATURALIST_RANKED_ANCESTORS","EXACT_SPECIES_FAMILY_GENUS_READY","GENUS_FAMILY_IN_LCVP_SYNTHETIC_NOT_DIRECT",,FALSE,TRUE
934918,"Dorstenia romaniucii","Dorstenia","Dorstenia|42",42,"False","Dorstenia romaniucii","species","Dorstenia","Moraceae","True","True","True","True","I_NATURALIST_RANKED_ANCESTORS","EXACT_SPECIES_FAMILY_GENUS_READY","GENUS_FAMILY_IN_LCVP_SYNTHETIC_NOT_DIRECT",,FALSE,TRUE
934923,"Dorstenia ramosa","Dorstenia","Dorstenia|42",42,"False","Dorstenia ramosa","species","Dorstenia","Moraceae","True","True","True","True","I_NATURALIST_RANKED_ANCESTORS","EXACT_SPECIES_FAMILY_GENUS_READY","GENUS_FAMILY_IN_LCVP_SYNTHETIC_NOT_DIRECT",,FALSE,TRUE
934948,"Dorstenia hirta","Dorstenia","Dorstenia|42",42,"False","Dorstenia hirta","species","Dorstenia","Moraceae","True","True","True","True","I_NATURALIST_RANKED_ANCESTORS","EXACT_SPECIES_FAMILY_GENUS_READY","EXACT_SPECIES_TIP_IN_LCVP_BACKBONE","Dorstenia_hirta",TRUE,FALSE
935866,"Strobilanthes lupulina","Strobilanthes","Strobilanthes|103",103,"True","Strobilanthes lupulina","species","Strobilanthes","Acanthaceae","True","True","True","True","I_NATURALIST_RANKED_ANCESTORS","EXACT_SPECIES_FAMILY_GENUS_READY","GENUS_FAMILY_IN_LCVP_SYNTHETIC_NOT_DIRECT",,FALSE,TRUE
936075,"Ruellia bahiensis","Ruellia","Ruellia|61",61,"False","Ruellia bahiensis","species","Ruellia","Acanthaceae","True","True","True","True","I_NATURALIST_RANKED_ANCESTORS","EXACT_SPECIES_FAMILY_GENUS_READY","GENUS_FAMILY_IN_LCVP_SYNTHETIC_NOT_DIRECT",,FALSE,TRUE
936553,"Espeletia tibamoensis","Espeletia","Espeletia|77",77,"True","Espeletia tibamoensis","species","Espeletia","Asteraceae","True","True","True","True","I_NATURALIST_RANKED_ANCESTORS","EXACT_SPECIES_FAMILY_GENUS_READY","GENUS_FAMILY_IN_LCVP_SYNTHETIC_NOT_DIRECT",,FALSE,TRUE
936711,"Philodendron findens","Philodendron","Philodendron|94",94,"True","Philodendron findens","species","Philodendron","Araceae","True","True","True","True","I_NATURALIST_RANKED_ANCESTORS","EXACT_SPECIES_FAMILY_GENUS_READY","GENUS_FAMILY_IN_LCVP_SYNTHETIC_NOT_DIRECT",,FALSE,TRUE
937257,"Caladenia saccharata","Caladenia","Caladenia|50",50,"False","Caladenia saccharata","species","Caladenia","Orchidaceae","True","True","True","True","I_NATURALIST_RANKED_ANCESTORS","EXACT_SPECIES_FAMILY_GENUS_READY","EXACT_SPECIES_TIP_GENUS_FAMILY_TAXONOMIC_CONFLICT",,FALSE,TRUE
938910,"Salvia africana","Salvia","Salvia|45",45,"True","Salvia africana","species","Salvia","Lamiaceae","True","True","True","True","I_NATURALIST_RANKED_ANCESTORS","EXACT_SPECIES_FAMILY_GENUS_READY","GENUS_FAMILY_IN_LCVP_SYNTHETIC_NOT_DIRECT",,FALSE,TRUE
939787,"Chresta angustifolia","Chresta","Chresta|60",60,"True","Chresta angustifolia","species","Chresta","Asteraceae","True","True","True","True","I_NATURALIST_RANKED_ANCESTORS","EXACT_SPECIES_FAMILY_GENUS_READY","EXACT_SPECIES_TIP_IN_LCVP_BACKBONE","Chresta_angustifolia",TRUE,FALSE
940133,"Strobilanthes cordifolia","Strobilanthes","Strobilanthes|103",103,"True","Strobilanthes cordifolia","species","Strobilanthes","Acanthaceae","True","True","True","True","I_NATURALIST_RANKED_ANCESTORS","EXACT_SPECIES_FAMILY_GENUS_READY","GENUS_FAMILY_IN_LCVP_SYNTHETIC_NOT_DIRECT",,FALSE,TRUE
940755,"Strobilanthes walkeri","Strobilanthes","Strobilanthes|103",103,"True","Strobilanthes walkeri","species","Strobilanthes","Acanthaceae","True","True","True","True","I_NATURALIST_RANKED_ANCESTORS","EXACT_SPECIES_FAMILY_GENUS_READY","GENUS_FAMILY_IN_LCVP_SYNTHETIC_NOT_DIRECT",,FALSE,TRUE
941586,"Melaleuca borealis","Melaleuca","Melaleuca|70",70,"True","Melaleuca borealis","species","Melaleuca","Myrtaceae","True","True","True","True","I_NATURALIST_RANKED_ANCESTORS","EXACT_SPECIES_FAMILY_GENUS_READY","GENUS_FAMILY_IN_LCVP_SYNTHETIC_NOT_DIRECT",,FALSE,TRUE
949146,"Hakea anadenia","Hakea","Hakea|50",50,"False","Hakea anadenia","species","Hakea","Proteaceae","True","True","True","True","I_NATURALIST_RANKED_ANCESTORS","EXACT_SPECIES_FAMILY_GENUS_READY","EXACT_SPECIES_TIP_IN_LCVP_BACKBONE","Hakea_anadenia",TRUE,FALSE
950255,"Achyranthemum paniculatum","Achyranthemum","Achyranthemum|28",28,"True","Achyranthemum paniculatum","species","Achyranthemum","Asteraceae","True","True","True","True","I_NATURALIST_RANKED_ANCESTORS","EXACT_SPECIES_FAMILY_GENUS_READY","FAMILY_VERIFIED_GENUS_ABSENT_FROM_LCVP",,FALSE,TRUE
950259,"Achyranthemum striatum","Achyranthemum","Achyranthemum|28",28,"True","Achyranthemum striatum","species","Achyranthemum","Asteraceae","True","True","True","True","I_NATURALIST_RANKED_ANCESTORS","EXACT_SPECIES_FAMILY_GENUS_READY","FAMILY_VERIFIED_GENUS_ABSENT_FROM_LCVP",,FALSE,TRUE
950260,"Achyranthemum affine","Achyranthemum","Achyranthemum|28",28,"True","Achyranthemum affine","species","Achyranthemum","Asteraceae","True","True","True","True","I_NATURALIST_RANKED_ANCESTORS","EXACT_SPECIES_FAMILY_GENUS_READY","FAMILY_VERIFIED_GENUS_ABSENT_FROM_LCVP",,FALSE,TRUE
950587,"Anemonoides uralensis","Anemonoides","Anemonoides|155",155,"True","Anemonoides uralensis","species","Anemonoides","Ranunculaceae","True","True","True","True","I_NATURALIST_RANKED_ANCESTORS","EXACT_SPECIES_FAMILY_GENUS_READY","FAMILY_VERIFIED_GENUS_ABSENT_FROM_LCVP",,FALSE,TRUE
950596,"Anemonoides ranunculoides","Anemonoides","Anemonoides|155",155,"True","Anemonoides ranunculoides","species","Anemonoides","Ranunculaceae","True","True","True","True","I_NATURALIST_RANKED_ANCESTORS","EXACT_SPECIES_FAMILY_GENUS_READY","FAMILY_VERIFIED_GENUS_ABSENT_FROM_LCVP",,FALSE,TRUE
950621,"Anemonoides altaica","Anemonoides","Anemonoides|155",155,"True","Anemonoides altaica","species","Anemonoides","Ranunculaceae","True","True","True","True","I_NATURALIST_RANKED_ANCESTORS","EXACT_SPECIES_FAMILY_GENUS_READY","FAMILY_VERIFIED_GENUS_ABSENT_FROM_LCVP",,FALSE,TRUE
952048,"Anemone baissunensis","Anemone","Anemone|138",138,"False","Anemone baissunensis","species","Anemone","Ranunculaceae","True","True","True","True","I_NATURALIST_RANKED_ANCESTORS","EXACT_SPECIES_FAMILY_GENUS_READY","GENUS_FAMILY_IN_LCVP_SYNTHETIC_NOT_DIRECT",,FALSE,TRUE
952501,"Tetratheca hirsuta","Tetratheca","Tetratheca|50",50,"False","Tetratheca hirsuta","species","Tetratheca","Elaeocarpaceae","True","True","True","True","I_NATURALIST_RANKED_ANCESTORS","EXACT_SPECIES_FAMILY_GENUS_READY","EXACT_SPECIES_TIP_IN_LCVP_BACKBONE","Tetratheca_hirsuta",TRUE,FALSE
952731,"Pultenaea trinervis","Pultenaea","Pultenaea|33",33,"True","Pultenaea trinervis","species","Pultenaea","Fabaceae","True","True","True","True","I_NATURALIST_RANKED_ANCESTORS","EXACT_SPECIES_FAMILY_GENUS_READY","FAMILY_VERIFIED_GENUS_ABSENT_FROM_LCVP",,FALSE,TRUE
954781,"Daviesia inflata","Daviesia","Daviesia|32",32,"False","Daviesia inflata","species","Daviesia","Fabaceae","True","True","True","True","I_NATURALIST_RANKED_ANCESTORS","EXACT_SPECIES_FAMILY_GENUS_READY","GENUS_FAMILY_IN_LCVP_SYNTHETIC_NOT_DIRECT",,FALSE,TRUE
955074,"Leptospermum arachnoides","Leptospermum","Leptospermum|52",52,"False","Leptospermum arachnoides","species","Leptospermum","Myrtaceae","True","True","True","True","I_NATURALIST_RANKED_ANCESTORS","EXACT_SPECIES_FAMILY_GENUS_READY","GENUS_FAMILY_IN_LCVP_SYNTHETIC_NOT_DIRECT",,FALSE,TRUE
955176,"Gastrolobium velutinum","Gastrolobium","Gastrolobium|32",32,"True","Gastrolobium velutinum","species","Gastrolobium","Fabaceae","True","True","True","True","I_NATURALIST_RANKED_ANCESTORS","EXACT_SPECIES_FAMILY_GENUS_READY","GENUS_FAMILY_IN_LCVP_SYNTHETIC_NOT_DIRECT",,FALSE,TRUE
955269,"Chaetanthera linearis","Chaetanthera","Chaetanthera|41",41,"False","Chaetanthera linearis","species","Chaetanthera","Asteraceae","True","True","True","True","I_NATURALIST_RANKED_ANCESTORS","EXACT_SPECIES_FAMILY_GENUS_READY","GENUS_FAMILY_IN_LCVP_SYNTHETIC_NOT_DIRECT",,FALSE,TRUE
955272,"Chaetanthera flabellata","Chaetanthera","Chaetanthera|41",41,"False","Chaetanthera flabellata","species","Chaetanthera","Asteraceae","True","True","True","True","I_NATURALIST_RANKED_ANCESTORS","EXACT_SPECIES_FAMILY_GENUS_READY","EXACT_SPECIES_TIP_IN_LCVP_BACKBONE","Chaetanthera_flabellata",TRUE,FALSE
955362,"Onobrychis echidna","Onobrychis","Onobrychis|138",138,"False","Onobrychis echidna","species","Onobrychis","Fabaceae","True","True","True","True","I_NATURALIST_RANKED_ANCESTORS","EXACT_SPECIES_FAMILY_GENUS_READY","GENUS_FAMILY_IN_LCVP_SYNTHETIC_NOT_DIRECT",,FALSE,TRUE
955555,"Psychotria rupicola","Psychotria","Psychotria|53",53,"True","Psychotria rupicola","species","Psychotria","Rubiaceae","True","True","True","True","I_NATURALIST_RANKED_ANCESTORS","EXACT_SPECIES_FAMILY_GENUS_READY","EXACT_SPECIES_TIP_IN_LCVP_BACKBONE","Psychotria_rupicola",TRUE,FALSE
956262,"Calanthe ventilabrum","Calanthe","Calanthe|53",53,"True","Calanthe ventilabrum","species","Calanthe","Orchidaceae","True","True","True","True","I_NATURALIST_RANKED_ANCESTORS","EXACT_SPECIES_FAMILY_GENUS_READY","GENUS_FAMILY_IN_LCVP_SYNTHETIC_NOT_DIRECT",,FALSE,TRUE
956760,"Spyridium phylicoides","Spyridium","Spyridium|33",33,"True","Spyridium phylicoides","species","Spyridium","Rhamnaceae","True","True","True","True","I_NATURALIST_RANKED_ANCESTORS","EXACT_SPECIES_FAMILY_GENUS_READY","GENUS_FAMILY_IN_LCVP_SYNTHETIC_NOT_DIRECT",,FALSE,TRUE
958256,"Henriettea ininiensis","Henriettea","Henriettea|78",78,"True","Henriettea ininiensis","species","Henriettea","Melastomataceae","True","True","True","True","I_NATURALIST_RANKED_ANCESTORS","EXACT_SPECIES_FAMILY_GENUS_READY","GENUS_FAMILY_IN_LCVP_SYNTHETIC_NOT_DIRECT",,FALSE,TRUE
958945,"Dendrobium poissonianum","Dendrobium","Dendrobium|53",53,"False","Dendrobium poissonianum","species","Dendrobium","Orchidaceae","True","True","True","True","I_NATURALIST_RANKED_ANCESTORS","EXACT_SPECIES_FAMILY_GENUS_READY","GENUS_FAMILY_IN_LCVP_SYNTHETIC_NOT_DIRECT",,FALSE,TRUE
959479,"Chamaecrista supplex","Chamaecrista","Chamaecrista|61",61,"False","Chamaecrista supplex","species","Chamaecrista","Fabaceae","True","True","True","True","I_NATURALIST_RANKED_ANCESTORS","EXACT_SPECIES_FAMILY_GENUS_READY","EXACT_SPECIES_TIP_IN_LCVP_BACKBONE","Chamaecrista_supplex",TRUE,FALSE
959830,"Ageratina gynoxoides","Ageratina","Ageratina|77",77,"True","Ageratina gynoxoides","species","Ageratina","Asteraceae","True","True","True","True","I_NATURALIST_RANKED_ANCESTORS","EXACT_SPECIES_FAMILY_GENUS_READY","GENUS_FAMILY_IN_LCVP_SYNTHETIC_NOT_DIRECT",,FALSE,TRUE
959929,"Spyridium waterhousei","Spyridium","Spyridium|33",33,"True","Spyridium waterhousei","species","Spyridium","Rhamnaceae","True","True","True","True","I_NATURALIST_RANKED_ANCESTORS","EXACT_SPECIES_FAMILY_GENUS_READY","GENUS_FAMILY_IN_LCVP_SYNTHETIC_NOT_DIRECT",,FALSE,TRUE
961034,"Eulophia rolfeana","Eulophia","Eulophia|63",63,"True","Eulophia rolfeana","species","Eulophia","Orchidaceae","True","True","True","True","I_NATURALIST_RANKED_ANCESTORS","EXACT_SPECIES_FAMILY_GENUS_READY","GENUS_FAMILY_IN_LCVP_SYNTHETIC_NOT_DIRECT",,FALSE,TRUE
963570,"Scaevola microphylla","Scaevola","Scaevola|32",32,"False","Scaevola microphylla","species","Scaevola","Goodeniaceae","True","True","True","True","I_NATURALIST_RANKED_ANCESTORS","EXACT_SPECIES_FAMILY_GENUS_READY","EXACT_SPECIES_TIP_IN_LCVP_BACKBONE","Scaevola_microphylla",TRUE,FALSE
963744,"Calea bucaramangensis","Calea","Calea|77",77,"False","Calea bucaramangensis","species","Calea","Asteraceae","True","True","True","True","I_NATURALIST_RANKED_ANCESTORS","EXACT_SPECIES_FAMILY_GENUS_READY","GENUS_FAMILY_IN_LCVP_SYNTHETIC_NOT_DIRECT",,FALSE,TRUE
963752,"Calea clematidea","Calea","Calea|42",42,"False","Calea clematidea","species","Calea","Asteraceae","True","True","True","True","I_NATURALIST_RANKED_ANCESTORS","EXACT_SPECIES_FAMILY_GENUS_READY","GENUS_FAMILY_IN_LCVP_SYNTHETIC_NOT_DIRECT",,FALSE,TRUE
963760,"Calea cymosa","Calea","Calea|42",42,"False","Calea cymosa","species","Calea","Asteraceae","True","True","True","True","I_NATURALIST_RANKED_ANCESTORS","EXACT_SPECIES_FAMILY_GENUS_READY","GENUS_FAMILY_IN_LCVP_SYNTHETIC_NOT_DIRECT",,FALSE,TRUE
963780,"Calea hymenolepis","Calea","Calea|60",60,"True","Calea hymenolepis","species","Calea","Asteraceae","True","True","True","True","I_NATURALIST_RANKED_ANCESTORS","EXACT_SPECIES_FAMILY_GENUS_READY","GENUS_FAMILY_IN_LCVP_SYNTHETIC_NOT_DIRECT",,FALSE,TRUE
963785,"Calea irwinii","Calea","Calea|60",60,"True","Calea irwinii","species","Calea","Asteraceae","True","True","True","True","I_NATURALIST_RANKED_ANCESTORS","EXACT_SPECIES_FAMILY_GENUS_READY","GENUS_FAMILY_IN_LCVP_SYNTHETIC_NOT_DIRECT",,FALSE,TRUE
963830,"Calea pinnatifida","Calea","Calea|42",42,"False","Calea pinnatifida","species","Calea","Asteraceae","True","True","True","True","I_NATURALIST_RANKED_ANCESTORS","EXACT_SPECIES_FAMILY_GENUS_READY","GENUS_FAMILY_IN_LCVP_SYNTHETIC_NOT_DIRECT",,FALSE,TRUE
963849,"Calea sessiliflora","Calea","Calea|77",77,"False","Calea sessiliflora","species","Calea","Asteraceae","True","True","True","True","I_NATURALIST_RANKED_ANCESTORS","EXACT_SPECIES_FAMILY_GENUS_READY","GENUS_FAMILY_IN_LCVP_SYNTHETIC_NOT_DIRECT",,FALSE,TRUE
963850,"Calea sickii","Calea","Calea|60",60,"True","Calea sickii","species","Calea","Asteraceae","True","True","True","True","I_NATURALIST_RANKED_ANCESTORS","EXACT_SPECIES_FAMILY_GENUS_READY","GENUS_FAMILY_IN_LCVP_SYNTHETIC_NOT_DIRECT",,FALSE,TRUE
963987,"Pelargonium psammophilum","Pelargonium","Pelargonium|27",27,"True","Pelargonium psammophilum","species","Pelargonium","Geraniaceae","True","True","True","True","I_NATURALIST_RANKED_ANCESTORS","EXACT_SPECIES_FAMILY_GENUS_READY","GENUS_FAMILY_IN_LCVP_SYNTHETIC_NOT_DIRECT",,FALSE,TRUE
964117,"Ranunculus millanii","Ranunculus","Ranunculus|34",34,"True","Ranunculus millanii","species","Ranunculus","Ranunculaceae","True","True","True","True","I_NATURALIST_RANKED_ANCESTORS","EXACT_SPECIES_FAMILY_GENUS_READY","EXACT_SPECIES_TIP_IN_LCVP_BACKBONE","Ranunculus_millanii",TRUE,FALSE
964721,"Sedum sasakii","Sedum","Sedum|123",123,"True","Sedum sasakii","species","Sedum","Crassulaceae","True","True","True","True","I_NATURALIST_RANKED_ANCESTORS","EXACT_SPECIES_FAMILY_GENUS_READY","GENUS_FAMILY_IN_LCVP_SYNTHETIC_NOT_DIRECT",,FALSE,TRUE
965438,"Limonium puberulum","Limonium","Limonium|116",116,"False","Limonium puberulum","species","Limonium","Plumbaginaceae","True","True","True","True","I_NATURALIST_RANKED_ANCESTORS","EXACT_SPECIES_FAMILY_GENUS_READY","GENUS_FAMILY_IN_LCVP_SYNTHETIC_NOT_DIRECT",,FALSE,TRUE
966576,"Eulophia macaulayae","Eulophia","Eulophia|63",63,"True","Eulophia macaulayae","species","Eulophia","Orchidaceae","True","True","True","True","I_NATURALIST_RANKED_ANCESTORS","EXACT_SPECIES_FAMILY_GENUS_READY","GENUS_FAMILY_IN_LCVP_SYNTHETIC_NOT_DIRECT",,FALSE,TRUE
967278,"Baccharis punctulata","Baccharis","Baccharis|24",24,"False","Baccharis punctulata","species","Baccharis","Asteraceae","True","True","True","True","I_NATURALIST_RANKED_ANCESTORS","EXACT_SPECIES_FAMILY_GENUS_READY","GENUS_FAMILY_IN_LCVP_SYNTHETIC_NOT_DIRECT",,FALSE,TRUE
967411,"Limonium imbricatum","Limonium","Limonium|116",116,"False","Limonium imbricatum","species","Limonium","Plumbaginaceae","True","True","True","True","I_NATURALIST_RANKED_ANCESTORS","EXACT_SPECIES_FAMILY_GENUS_READY","GENUS_FAMILY_IN_LCVP_SYNTHETIC_NOT_DIRECT",,FALSE,TRUE
971755,"Centaurea cyanoides","Centaurea","Centaurea|118",118,"True","Centaurea cyanoides","species","Centaurea","Asteraceae","True","True","True","True","I_NATURALIST_RANKED_ANCESTORS","EXACT_SPECIES_FAMILY_GENUS_READY","GENUS_FAMILY_IN_LCVP_SYNTHETIC_NOT_DIRECT",,FALSE,TRUE
971766,"Centaurea axillaris","Centaurea","Centaurea|118",118,"True","Centaurea axillaris","species","Centaurea","Asteraceae","True","True","True","True","I_NATURALIST_RANKED_ANCESTORS","EXACT_SPECIES_FAMILY_GENUS_READY","GENUS_FAMILY_IN_LCVP_SYNTHETIC_NOT_DIRECT",,FALSE,TRUE
973188,"Ptilotus conicus","Ptilotus","Ptilotus|69",69,"False","Ptilotus conicus","species","Ptilotus","Amaranthaceae","True","True","True","True","I_NATURALIST_RANKED_ANCESTORS","EXACT_SPECIES_FAMILY_GENUS_READY","GENUS_FAMILY_IN_LCVP_SYNTHETIC_NOT_DIRECT",,FALSE,TRUE
973206,"Ptilotus giganteus","Ptilotus","Ptilotus|69",69,"False","Ptilotus giganteus","species","Ptilotus","Amaranthaceae","True","True","True","True","I_NATURALIST_RANKED_ANCESTORS","EXACT_SPECIES_FAMILY_GENUS_READY","GENUS_FAMILY_IN_LCVP_SYNTHETIC_NOT_DIRECT",,FALSE,TRUE
973220,"Alysicarpus hamosus","Alysicarpus","Alysicarpus|120",120,"True","Alysicarpus hamosus","species","Alysicarpus","Fabaceae","True","True","True","True","I_NATURALIST_RANKED_ANCESTORS","EXACT_SPECIES_FAMILY_GENUS_READY","GENUS_FAMILY_IN_LCVP_SYNTHETIC_NOT_DIRECT",,FALSE,TRUE
973402,"Gastrolobium villosum","Gastrolobium","Gastrolobium|50",50,"True","Gastrolobium villosum","species","Gastrolobium","Fabaceae","True","True","True","True","I_NATURALIST_RANKED_ANCESTORS","EXACT_SPECIES_FAMILY_GENUS_READY","GENUS_FAMILY_IN_LCVP_SYNTHETIC_NOT_DIRECT",,FALSE,TRUE
974212,"Scaevola lanceolata","Scaevola","Scaevola|32",32,"False","Scaevola lanceolata","species","Scaevola","Goodeniaceae","True","True","True","True","I_NATURALIST_RANKED_ANCESTORS","EXACT_SPECIES_FAMILY_GENUS_READY","EXACT_SPECIES_TIP_IN_LCVP_BACKBONE","Scaevola_lanceolata",TRUE,FALSE
974964,"Hibbertia inclusa","Hibbertia","Hibbertia|32",32,"False","Hibbertia inclusa","species","Hibbertia","Dilleniaceae","True","True","True","True","I_NATURALIST_RANKED_ANCESTORS","EXACT_SPECIES_FAMILY_GENUS_READY","GENUS_FAMILY_IN_LCVP_SYNTHETIC_NOT_DIRECT",,FALSE,TRUE
976615,"Conospermum densiflorum","Conospermum","Conospermum|50",50,"True","Conospermum densiflorum","species","Conospermum","Proteaceae","True","True","True","True","I_NATURALIST_RANKED_ANCESTORS","EXACT_SPECIES_FAMILY_GENUS_READY","GENUS_FAMILY_IN_LCVP_SYNTHETIC_NOT_DIRECT",,FALSE,TRUE
976778,"Rhododendron retivenium","Rhododendron","Rhododendron|86",86,"True","Rhododendron retivenium","species","Rhododendron","Ericaceae","True","True","True","True","I_NATURALIST_RANKED_ANCESTORS","EXACT_SPECIES_FAMILY_GENUS_READY","GENUS_FAMILY_IN_LCVP_SYNTHETIC_NOT_DIRECT",,FALSE,TRUE
977402,"Caladenia roei","Caladenia","Caladenia|50",50,"False","Caladenia roei","species","Caladenia","Orchidaceae","True","True","True","True","I_NATURALIST_RANKED_ANCESTORS","EXACT_SPECIES_FAMILY_GENUS_READY","EXACT_SPECIES_TIP_IN_LCVP_BACKBONE","Caladenia_roei",TRUE,FALSE
977801,"Baeckea diosmifolia","Baeckea","Baeckea|52",52,"False","Baeckea diosmifolia","species","Baeckea","Myrtaceae","True","True","True","True","I_NATURALIST_RANKED_ANCESTORS","EXACT_SPECIES_FAMILY_GENUS_READY","GENUS_FAMILY_IN_LCVP_SYNTHETIC_NOT_DIRECT",,FALSE,TRUE
977896,"Conospermum teretifolium","Conospermum","Conospermum|32",32,"True","Conospermum teretifolium","species","Conospermum","Proteaceae","True","True","True","True","I_NATURALIST_RANKED_ANCESTORS","EXACT_SPECIES_FAMILY_GENUS_READY","GENUS_FAMILY_IN_LCVP_SYNTHETIC_NOT_DIRECT",,FALSE,TRUE
980696,"Rhododendron stenophyllum","Rhododendron","Rhododendron|86",86,"True","Rhododendron stenophyllum","species","Rhododendron","Ericaceae","True","True","True","True","I_NATURALIST_RANKED_ANCESTORS","EXACT_SPECIES_FAMILY_GENUS_READY","GENUS_FAMILY_IN_LCVP_SYNTHETIC_NOT_DIRECT",,FALSE,TRUE
981186,"Sannantha leratii","Sannantha","Sannantha|53",53,"False","Sannantha leratii","species","Sannantha","Myrtaceae","True","True","True","True","I_NATURALIST_RANKED_ANCESTORS","EXACT_SPECIES_FAMILY_GENUS_READY","GENUS_FAMILY_IN_LCVP_SYNTHETIC_NOT_DIRECT",,FALSE,TRUE
984220,"Chamaecrista amiciella","Chamaecrista","Chamaecrista|61",61,"False","Chamaecrista amiciella","species","Chamaecrista","Fabaceae","True","True","True","True","I_NATURALIST_RANKED_ANCESTORS","EXACT_SPECIES_FAMILY_GENUS_READY","GENUS_FAMILY_IN_LCVP_SYNTHETIC_NOT_DIRECT",,FALSE,TRUE
985283,"Euphorbia hadramautica","Euphorbia","Euphorbia|101",101,"False","Euphorbia hadramautica","species","Euphorbia","Euphorbiaceae","True","True","True","True","I_NATURALIST_RANKED_ANCESTORS","EXACT_SPECIES_FAMILY_GENUS_READY","EXACT_SPECIES_TIP_IN_LCVP_BACKBONE","Euphorbia_hadramautica",TRUE,FALSE
985497,"Gynoxys fuliginosa","Gynoxys","Gynoxys|77",77,"False","Gynoxys fuliginosa","species","Gynoxys","Asteraceae","True","True","True","True","I_NATURALIST_RANKED_ANCESTORS","EXACT_SPECIES_FAMILY_GENUS_READY","GENUS_FAMILY_IN_LCVP_SYNTHETIC_NOT_DIRECT",,FALSE,TRUE
985537,"Gynoxys sodiroi","Gynoxys","Gynoxys|77",77,"False","Gynoxys sodiroi","species","Gynoxys","Asteraceae","True","True","True","True","I_NATURALIST_RANKED_ANCESTORS","EXACT_SPECIES_FAMILY_GENUS_READY","EXACT_SPECIES_TIP_IN_LCVP_BACKBONE","Gynoxys_sodiroi",TRUE,FALSE
985548,"Gynoxys tolimensis","Gynoxys","Gynoxys|77",77,"False","Gynoxys tolimensis","species","Gynoxys","Asteraceae","True","True","True","True","I_NATURALIST_RANKED_ANCESTORS","EXACT_SPECIES_FAMILY_GENUS_READY","EXACT_SPECIES_TIP_IN_LCVP_BACKBONE","Gynoxys_tolimensis",TRUE,FALSE
993965,"Argyreia cheliensis","Argyreia","Argyreia|103",103,"False","Argyreia cheliensis","species","Argyreia","Convolvulaceae","True","True","True","True","I_NATURALIST_RANKED_ANCESTORS","EXACT_SPECIES_FAMILY_GENUS_READY","GENUS_FAMILY_IN_LCVP_SYNTHETIC_NOT_DIRECT",,FALSE,TRUE
994332,"Boronia stricta","Boronia","Boronia|32",32,"False","Boronia stricta","species","Boronia","Rutaceae","True","True","True","True","I_NATURALIST_RANKED_ANCESTORS","EXACT_SPECIES_FAMILY_GENUS_READY","GENUS_FAMILY_IN_LCVP_SYNTHETIC_NOT_DIRECT",,FALSE,TRUE
995126,"Argyreia siamensis","Argyreia","Argyreia|103",103,"False","Argyreia siamensis","species","Argyreia","Convolvulaceae","True","True","True","True","I_NATURALIST_RANKED_ANCESTORS","EXACT_SPECIES_FAMILY_GENUS_READY","GENUS_FAMILY_IN_LCVP_SYNTHETIC_NOT_DIRECT",,FALSE,TRUE
1006923,"Astragalus echinus","Astragalus","Astragalus|118",118,"True","Astragalus echinus","species","Astragalus","Fabaceae","True","True","True","True","I_NATURALIST_RANKED_ANCESTORS","EXACT_SPECIES_FAMILY_GENUS_READY","GENUS_FAMILY_IN_LCVP_SYNTHETIC_NOT_DIRECT",,FALSE,TRUE
1008687,"Cipura paradisiaca","Cipura","Cipura|60",60,"True","Cipura paradisiaca","species","Cipura","Iridaceae","True","True","True","True","I_NATURALIST_RANKED_ANCESTORS","EXACT_SPECIES_FAMILY_GENUS_READY","GENUS_FAMILY_IN_LCVP_SYNTHETIC_NOT_DIRECT",,FALSE,TRUE
1013134,"Stylidium rupestre","Stylidium","Stylidium|32",32,"False","Stylidium rupestre","species","Stylidium","Stylidiaceae","True","True","True","True","I_NATURALIST_RANKED_ANCESTORS","EXACT_SPECIES_FAMILY_GENUS_READY","FAMILY_VERIFIED_GENUS_ABSENT_FROM_LCVP",,FALSE,TRUE
1013366,"Micromeria lanata","Micromeria","Micromeria|116",116,"True","Micromeria lanata","species","Micromeria","Lamiaceae","True","True","True","True","I_NATURALIST_RANKED_ANCESTORS","EXACT_SPECIES_FAMILY_GENUS_READY","GENUS_FAMILY_IN_LCVP_SYNTHETIC_NOT_DIRECT",,FALSE,TRUE
1013520,"Ipomoea megapotamica","Ipomoea","Ipomoea|61",61,"False","Ipomoea megapotamica","species","Ipomoea","Convolvulaceae","True","True","True","True","I_NATURALIST_RANKED_ANCESTORS","EXACT_SPECIES_FAMILY_GENUS_READY","GENUS_FAMILY_IN_LCVP_SYNTHETIC_NOT_DIRECT",,FALSE,TRUE
1020943,"Astragalus sericeocanus","Astragalus","Astragalus|158",158,"False","Astragalus sericeocanus","species","Astragalus","Fabaceae","True","True","True","True","I_NATURALIST_RANKED_ANCESTORS","EXACT_SPECIES_FAMILY_GENUS_READY","GENUS_FAMILY_IN_LCVP_SYNTHETIC_NOT_DIRECT",,FALSE,TRUE
1020975,"Onobrychis pulchella","Onobrychis","Onobrychis|138",138,"False","Onobrychis pulchella","species","Onobrychis","Fabaceae","True","True","True","True","I_NATURALIST_RANKED_ANCESTORS","EXACT_SPECIES_FAMILY_GENUS_READY","EXACT_SPECIES_TIP_IN_LCVP_BACKBONE","Onobrychis_pulchella",TRUE,FALSE
1023146,"Oncidium ligiae","Oncidium","Oncidium|77",77,"False","Oncidium ligiae","species","Oncidium","Orchidaceae","True","True","True","True","I_NATURALIST_RANKED_ANCESTORS","EXACT_SPECIES_FAMILY_GENUS_READY","GENUS_FAMILY_IN_LCVP_SYNTHETIC_NOT_DIRECT",,FALSE,TRUE
1028541,"Hakea ferruginea","Hakea","Hakea|32",32,"True","Hakea ferruginea","species","Hakea","Proteaceae","True","True","True","True","I_NATURALIST_RANKED_ANCESTORS","EXACT_SPECIES_FAMILY_GENUS_READY","GENUS_FAMILY_IN_LCVP_SYNTHETIC_NOT_DIRECT",,FALSE,TRUE
1028700,"Solanum humile","Solanum","Solanum|45",45,"False","Solanum humile","species","Solanum","Solanaceae","True","True","True","True","I_NATURALIST_RANKED_ANCESTORS","EXACT_SPECIES_FAMILY_GENUS_READY","GENUS_FAMILY_IN_LCVP_SYNTHETIC_NOT_DIRECT",,FALSE,TRUE
1030413,"Pancheria hirsuta","Pancheria","Pancheria|53",53,"True","Pancheria hirsuta","species","Pancheria","Cunoniaceae","True","True","True","True","I_NATURALIST_RANKED_ANCESTORS","EXACT_SPECIES_FAMILY_GENUS_READY","EXACT_SPECIES_TIP_IN_LCVP_BACKBONE","Pancheria_hirsuta",TRUE,FALSE
1031112,"Baccharis oxyodonta","Baccharis","Baccharis|24",24,"False","Baccharis oxyodonta","species","Baccharis","Asteraceae","True","True","True","True","I_NATURALIST_RANKED_ANCESTORS","EXACT_SPECIES_FAMILY_GENUS_READY","GENUS_FAMILY_IN_LCVP_SYNTHETIC_NOT_DIRECT",,FALSE,TRUE
1031724,"Noticastrum acuminatum","Noticastrum","Noticastrum|24",24,"True","Noticastrum acuminatum","species","Noticastrum","Asteraceae","True","True","True","True","I_NATURALIST_RANKED_ANCESTORS","EXACT_SPECIES_FAMILY_GENUS_READY","GENUS_FAMILY_IN_LCVP_SYNTHETIC_NOT_DIRECT",,FALSE,TRUE
1032224,"Limonium bollei","Limonium","Limonium|116",116,"False","Limonium bollei","species","Limonium","Plumbaginaceae","True","True","True","True","I_NATURALIST_RANKED_ANCESTORS","EXACT_SPECIES_FAMILY_GENUS_READY","GENUS_FAMILY_IN_LCVP_SYNTHETIC_NOT_DIRECT",,FALSE,TRUE
1032874,"Petrophile longifolia","Petrophile","Petrophile|32",32,"False","Petrophile longifolia","species","Petrophile","Proteaceae","True","True","True","True","I_NATURALIST_RANKED_ANCESTORS","EXACT_SPECIES_FAMILY_GENUS_READY","GENUS_FAMILY_IN_LCVP_SYNTHETIC_NOT_DIRECT",,FALSE,TRUE
1032913,"Petrophile anceps","Petrophile","Petrophile|32",32,"False","Petrophile anceps","species","Petrophile","Proteaceae","True","True","True","True","I_NATURALIST_RANKED_ANCESTORS","EXACT_SPECIES_FAMILY_GENUS_READY","GENUS_FAMILY_IN_LCVP_SYNTHETIC_NOT_DIRECT",,FALSE,TRUE
1033026,"Banksia carlinoides","Banksia","Banksia|50",50,"False","Banksia carlinoides","species","Banksia","Proteaceae","True","True","True","True","I_NATURALIST_RANKED_ANCESTORS","EXACT_SPECIES_FAMILY_GENUS_READY","EXACT_SPECIES_TIP_GENUS_FAMILY_TAXONOMIC_CONFLICT",,FALSE,TRUE
1033128,"Banksia grossa","Banksia","Banksia|50",50,"False","Banksia grossa","species","Banksia","Proteaceae","True","True","True","True","I_NATURALIST_RANKED_ANCESTORS","EXACT_SPECIES_FAMILY_GENUS_READY","EXACT_SPECIES_TIP_IN_LCVP_BACKBONE","Banksia_grossa",TRUE,FALSE
1033154,"Conospermum acerosum","Conospermum","Conospermum|50",50,"True","Conospermum acerosum","species","Conospermum","Proteaceae","True","True","True","True","I_NATURALIST_RANKED_ANCESTORS","EXACT_SPECIES_FAMILY_GENUS_READY","GENUS_FAMILY_IN_LCVP_SYNTHETIC_NOT_DIRECT",,FALSE,TRUE
1033345,"Grevillea muelleri","Grevillea","Grevillea|32",32,"False","Grevillea muelleri","species","Grevillea","Proteaceae","True","True","True","True","I_NATURALIST_RANKED_ANCESTORS","EXACT_SPECIES_FAMILY_GENUS_READY","GENUS_FAMILY_IN_LCVP_SYNTHETIC_NOT_DIRECT",,FALSE,TRUE
1033354,"Grevillea occidentalis","Grevillea","Grevillea|32",32,"False","Grevillea occidentalis","species","Grevillea","Proteaceae","True","True","True","True","I_NATURALIST_RANKED_ANCESTORS","EXACT_SPECIES_FAMILY_GENUS_READY","GENUS_FAMILY_IN_LCVP_SYNTHETIC_NOT_DIRECT",,FALSE,TRUE
1033451,"Hakea costata","Hakea","Hakea|50",50,"False","Hakea costata","species","Hakea","Proteaceae","True","True","True","True","I_NATURALIST_RANKED_ANCESTORS","EXACT_SPECIES_FAMILY_GENUS_READY","GENUS_FAMILY_IN_LCVP_SYNTHETIC_NOT_DIRECT",,FALSE,TRUE
1033455,"Hakea falcata","Hakea","Hakea|32",32,"True","Hakea falcata","species","Hakea","Proteaceae","True","True","True","True","I_NATURALIST_RANKED_ANCESTORS","EXACT_SPECIES_FAMILY_GENUS_READY","GENUS_FAMILY_IN_LCVP_SYNTHETIC_NOT_DIRECT",,FALSE,TRUE
1033458,"Hakea gilbertii","Hakea","Hakea|50",50,"False","Hakea gilbertii","species","Hakea","Proteaceae","True","True","True","True","I_NATURALIST_RANKED_ANCESTORS","EXACT_SPECIES_FAMILY_GENUS_READY","EXACT_SPECIES_TIP_IN_LCVP_BACKBONE","Hakea_gilbertii",TRUE,FALSE
1033475,"Hakea marginata","Hakea","Hakea|32",32,"True","Hakea marginata","species","Hakea","Proteaceae","True","True","True","True","I_NATURALIST_RANKED_ANCESTORS","EXACT_SPECIES_FAMILY_GENUS_READY","EXACT_SPECIES_TIP_IN_LCVP_BACKBONE","Hakea_marginata",TRUE,FALSE
1033497,"Hakea smilacifolia","Hakea","Hakea|50",50,"False","Hakea smilacifolia","species","Hakea","Proteaceae","True","True","True","True","I_NATURALIST_RANKED_ANCESTORS","EXACT_SPECIES_FAMILY_GENUS_READY","EXACT_SPECIES_TIP_IN_LCVP_BACKBONE","Hakea_smilacifolia",TRUE,FALSE
1033600,"Isopogon longifolius","Isopogon","Isopogon|32",32,"True","Isopogon longifolius","species","Isopogon","Proteaceae","True","True","True","True","I_NATURALIST_RANKED_ANCESTORS","EXACT_SPECIES_FAMILY_GENUS_READY","EXACT_SPECIES_TIP_IN_LCVP_BACKBONE","Isopogon_longifolius",TRUE,FALSE
1033921,"Leucopogon oppositifolius","Leucopogon","Leucopogon|32",32,"True","Leucopogon oppositifolius","species","Leucopogon","Ericaceae","True","True","True","True","I_NATURALIST_RANKED_ANCESTORS","EXACT_SPECIES_FAMILY_GENUS_READY","GENUS_FAMILY_IN_LCVP_SYNTHETIC_NOT_DIRECT",,FALSE,TRUE
1033950,"Leucopogon gibbosus","Leucopogon","Leucopogon|32",32,"True","Leucopogon gibbosus","species","Leucopogon","Ericaceae","True","True","True","True","I_NATURALIST_RANKED_ANCESTORS","EXACT_SPECIES_FAMILY_GENUS_READY","GENUS_FAMILY_IN_LCVP_SYNTHETIC_NOT_DIRECT",,FALSE,TRUE
1033961,"Leucopogon obovatus","Leucopogon","Leucopogon|32",32,"True","Leucopogon obovatus","species","Leucopogon","Ericaceae","True","True","True","True","I_NATURALIST_RANKED_ANCESTORS","EXACT_SPECIES_FAMILY_GENUS_READY","GENUS_FAMILY_IN_LCVP_SYNTHETIC_NOT_DIRECT",,FALSE,TRUE
1033972,"Leucopogon rubricaulis","Leucopogon","Leucopogon|32",32,"True","Leucopogon rubricaulis","species","Leucopogon","Ericaceae","True","True","True","True","I_NATURALIST_RANKED_ANCESTORS","EXACT_SPECIES_FAMILY_GENUS_READY","GENUS_FAMILY_IN_LCVP_SYNTHETIC_NOT_DIRECT",,FALSE,TRUE
1034000,"Leucopogon distans","Leucopogon","Leucopogon|32",32,"True","Leucopogon distans","species","Leucopogon","Ericaceae","True","True","True","True","I_NATURALIST_RANKED_ANCESTORS","EXACT_SPECIES_FAMILY_GENUS_READY","GENUS_FAMILY_IN_LCVP_SYNTHETIC_NOT_DIRECT",,FALSE,TRUE
1035185,"Leucopogon interstans","Leucopogon","Leucopogon|32",32,"True","Leucopogon interstans","species","Leucopogon","Ericaceae","True","True","True","True","I_NATURALIST_RANKED_ANCESTORS","EXACT_SPECIES_FAMILY_GENUS_READY","GENUS_FAMILY_IN_LCVP_SYNTHETIC_NOT_DIRECT",,FALSE,TRUE
1035318,"Erica bauera","Erica","Erica|28",28,"False","Erica bauera","species","Erica","Ericaceae","True","True","True","True","I_NATURALIST_RANKED_ANCESTORS","EXACT_SPECIES_FAMILY_GENUS_READY","EXACT_SPECIES_TIP_IN_LCVP_BACKBONE","Erica_bauera",TRUE,FALSE
1035371,"Erica sparrmanni","Erica","Erica|28",28,"False","Erica sparrmanni","species","Erica","Ericaceae","True","True","True","True","I_NATURALIST_RANKED_ANCESTORS","EXACT_SPECIES_FAMILY_GENUS_READY","GENUS_FAMILY_IN_LCVP_SYNTHETIC_NOT_DIRECT",,FALSE,TRUE
1038696,"Baeckea omissa","Baeckea","Baeckea|52",52,"False","Baeckea omissa","species","Baeckea","Myrtaceae","True","True","True","True","I_NATURALIST_RANKED_ANCESTORS","EXACT_SPECIES_FAMILY_GENUS_READY","GENUS_FAMILY_IN_LCVP_SYNTHETIC_NOT_DIRECT",,FALSE,TRUE
1038994,"Micromeria lachnophylla","Micromeria","Micromeria|116",116,"True","Micromeria lachnophylla","species","Micromeria","Lamiaceae","True","True","True","True","I_NATURALIST_RANKED_ANCESTORS","EXACT_SPECIES_FAMILY_GENUS_READY","GENUS_FAMILY_IN_LCVP_SYNTHETIC_NOT_DIRECT",,FALSE,TRUE
1041046,"Acacia pycnocephala","Acacia","Acacia|32",32,"False","Acacia pycnocephala","species","Acacia","Fabaceae","True","True","True","True","I_NATURALIST_RANKED_ANCESTORS","EXACT_SPECIES_FAMILY_GENUS_READY","GENUS_FAMILY_IN_LCVP_SYNTHETIC_NOT_DIRECT",,FALSE,TRUE
1042371,"Besleria patrisii","Besleria","Besleria|78",78,"True","Besleria patrisii","species","Besleria","Gesneriaceae","True","True","True","True","I_NATURALIST_RANKED_ANCESTORS","EXACT_SPECIES_FAMILY_GENUS_READY","GENUS_FAMILY_IN_LCVP_SYNTHETIC_NOT_DIRECT",,FALSE,TRUE
1043748,"Melaleuca pyramidalis","Melaleuca","Melaleuca|70",70,"True","Melaleuca pyramidalis","species","Melaleuca","Myrtaceae","True","True","True","True","I_NATURALIST_RANKED_ANCESTORS","EXACT_SPECIES_FAMILY_GENUS_READY","GENUS_FAMILY_IN_LCVP_SYNTHETIC_NOT_DIRECT",,FALSE,TRUE
1043839,"Utricularia violacea","Utricularia","Utricularia|32",32,"True","Utricularia violacea","species","Utricularia","Lentibulariaceae","True","True","True","True","I_NATURALIST_RANKED_ANCESTORS","EXACT_SPECIES_FAMILY_GENUS_READY","EXACT_SPECIES_TIP_IN_LCVP_BACKBONE","Utricularia_violacea",TRUE,FALSE
1044654,"Ptilotus spicatus","Ptilotus","Ptilotus|69",69,"False","Ptilotus spicatus","species","Ptilotus","Amaranthaceae","True","True","True","True","I_NATURALIST_RANKED_ANCESTORS","EXACT_SPECIES_FAMILY_GENUS_READY","GENUS_FAMILY_IN_LCVP_SYNTHETIC_NOT_DIRECT",,FALSE,TRUE
1044700,"Pedicularis tristis","Pedicularis","Pedicularis|139",139,"False","Pedicularis tristis","species","Pedicularis","Orobanchaceae","True","True","True","True","I_NATURALIST_RANKED_ANCESTORS","EXACT_SPECIES_FAMILY_GENUS_READY","EXACT_SPECIES_TIP_IN_LCVP_BACKBONE","Pedicularis_tristis",TRUE,FALSE
1048923,"Indigofera sp-aff-platypoda","Indigofera","Indigofera|27",27,"True","Indigofera sp-aff-platypoda","species","Indigofera","Fabaceae","True","True","True","True","I_NATURALIST_RANKED_ANCESTORS","EXACT_SPECIES_FAMILY_GENUS_READY","GENUS_FAMILY_IN_LCVP_SYNTHETIC_NOT_DIRECT",,FALSE,TRUE
1051083,"Hibbertia furfuracea","Hibbertia","Hibbertia|32",32,"False","Hibbertia furfuracea","species","Hibbertia","Dilleniaceae","True","True","True","True","I_NATURALIST_RANKED_ANCESTORS","EXACT_SPECIES_FAMILY_GENUS_READY","GENUS_FAMILY_IN_LCVP_SYNTHETIC_NOT_DIRECT",,FALSE,TRUE
1051326,"Pedicularis brachystachys","Pedicularis","Pedicularis|139",139,"False","Pedicularis brachystachys","species","Pedicularis","Orobanchaceae","True","True","True","True","I_NATURALIST_RANKED_ANCESTORS","EXACT_SPECIES_FAMILY_GENUS_READY","GENUS_FAMILY_IN_LCVP_SYNTHETIC_NOT_DIRECT",,FALSE,TRUE
1062114,"Pancheria elegans","Pancheria","Pancheria|53",53,"True","Pancheria elegans","species","Pancheria","Cunoniaceae","True","True","True","True","I_NATURALIST_RANKED_ANCESTORS","EXACT_SPECIES_FAMILY_GENUS_READY","GENUS_FAMILY_IN_LCVP_SYNTHETIC_NOT_DIRECT",,FALSE,TRUE
1062145,"Prostanthera teretifolia","Prostanthera","Prostanthera|52",52,"False","Prostanthera teretifolia","species","Prostanthera","Lamiaceae","True","True","True","True","I_NATURALIST_RANKED_ANCESTORS","EXACT_SPECIES_FAMILY_GENUS_READY","EXACT_SPECIES_TIP_IN_LCVP_BACKBONE","Prostanthera_teretifolia",TRUE,FALSE
1062470,"Hibbertia pancheri","Hibbertia","Hibbertia|53",53,"True","Hibbertia pancheri","species","Hibbertia","Dilleniaceae","True","True","True","True","I_NATURALIST_RANKED_ANCESTORS","EXACT_SPECIES_FAMILY_GENUS_READY","GENUS_FAMILY_IN_LCVP_SYNTHETIC_NOT_DIRECT",,FALSE,TRUE
1062471,"Hibbertia lucens","Hibbertia","Hibbertia|53",53,"True","Hibbertia lucens","species","Hibbertia","Dilleniaceae","True","True","True","True","I_NATURALIST_RANKED_ANCESTORS","EXACT_SPECIES_FAMILY_GENUS_READY","EXACT_SPECIES_TIP_IN_LCVP_BACKBONE","Hibbertia_lucens",TRUE,FALSE
1062524,"Haplopappus chrysanthemifolius","Haplopappus","Haplopappus|41",41,"True","Haplopappus chrysanthemifolius","species","Haplopappus","Asteraceae","True","True","True","True","I_NATURALIST_RANKED_ANCESTORS","EXACT_SPECIES_FAMILY_GENUS_READY","GENUS_FAMILY_IN_LCVP_SYNTHETIC_NOT_DIRECT",,FALSE,TRUE
1064540,"Thalictrum virgatum","Thalictrum","Thalictrum|121",121,"True","Thalictrum virgatum","species","Thalictrum","Ranunculaceae","True","True","True","True","I_NATURALIST_RANKED_ANCESTORS","EXACT_SPECIES_FAMILY_GENUS_READY","EXACT_SPECIES_TIP_IN_LCVP_BACKBONE","Thalictrum_virgatum",TRUE,FALSE
1066066,"Chuquiraga rosulata","Chuquiraga","Chuquiraga|23",23,"False","Chuquiraga rosulata","species","Chuquiraga","Asteraceae","True","True","True","True","I_NATURALIST_RANKED_ANCESTORS","EXACT_SPECIES_FAMILY_GENUS_READY","EXACT_SPECIES_TIP_IN_LCVP_BACKBONE","Chuquiraga_rosulata",TRUE,FALSE
1067819,"Mimosa sprengelii","Mimosa","Mimosa|24",24,"False","Mimosa sprengelii","species","Mimosa","Fabaceae","True","True","True","True","I_NATURALIST_RANKED_ANCESTORS","EXACT_SPECIES_FAMILY_GENUS_READY","GENUS_FAMILY_IN_LCVP_SYNTHETIC_NOT_DIRECT",,FALSE,TRUE
1071571,"Babiana nervosa","Babiana","Babiana|27",27,"True","Babiana nervosa","species","Babiana","Iridaceae","True","True","True","True","I_NATURALIST_RANKED_ANCESTORS","EXACT_SPECIES_FAMILY_GENUS_READY","EXACT_SPECIES_TIP_IN_LCVP_BACKBONE","Babiana_nervosa",TRUE,FALSE
1071875,"Patersonia babianoides","Patersonia","Patersonia|50",50,"True","Patersonia babianoides","species","Patersonia","Iridaceae","True","True","True","True","I_NATURALIST_RANKED_ANCESTORS","EXACT_SPECIES_FAMILY_GENUS_READY","GENUS_FAMILY_IN_LCVP_SYNTHETIC_NOT_DIRECT",,FALSE,TRUE
1071899,"Patersonia pygmaea","Patersonia","Patersonia|50",50,"True","Patersonia pygmaea","species","Patersonia","Iridaceae","True","True","True","True","I_NATURALIST_RANKED_ANCESTORS","EXACT_SPECIES_FAMILY_GENUS_READY","GENUS_FAMILY_IN_LCVP_SYNTHETIC_NOT_DIRECT",,FALSE,TRUE
1071901,"Patersonia rudis","Patersonia","Patersonia|50",50,"True","Patersonia rudis","species","Patersonia","Iridaceae","True","True","True","True","I_NATURALIST_RANKED_ANCESTORS","EXACT_SPECIES_FAMILY_GENUS_READY","GENUS_FAMILY_IN_LCVP_SYNTHETIC_NOT_DIRECT",,FALSE,TRUE
1072235,"Strobilanthes diandra","Strobilanthes","Strobilanthes|103",103,"True","Strobilanthes diandra","species","Strobilanthes","Acanthaceae","True","True","True","True","I_NATURALIST_RANKED_ANCESTORS","EXACT_SPECIES_FAMILY_GENUS_READY","GENUS_FAMILY_IN_LCVP_SYNTHETIC_NOT_DIRECT",,FALSE,TRUE
1073562,"Solanum commersonii","Solanum","Solanum|24",24,"False","Solanum commersonii","species","Solanum","Solanaceae","True","True","True","True","I_NATURALIST_RANKED_ANCESTORS","EXACT_SPECIES_FAMILY_GENUS_READY","GENUS_FAMILY_IN_LCVP_SYNTHETIC_NOT_DIRECT",,FALSE,TRUE
1079573,"Mimosa rocae","Mimosa","Mimosa|24",24,"False","Mimosa rocae","species","Mimosa","Fabaceae","True","True","True","True","I_NATURALIST_RANKED_ANCESTORS","EXACT_SPECIES_FAMILY_GENUS_READY","GENUS_FAMILY_IN_LCVP_SYNTHETIC_NOT_DIRECT",,FALSE,TRUE
1079977,"Gompholobium capitatum","Gompholobium","Gompholobium|32",32,"False","Gompholobium capitatum","species","Gompholobium","Fabaceae","True","True","True","True","I_NATURALIST_RANKED_ANCESTORS","EXACT_SPECIES_FAMILY_GENUS_READY","GENUS_FAMILY_IN_LCVP_SYNTHETIC_NOT_DIRECT",,FALSE,TRUE
1080017,"Caladenia straminichila","Caladenia","Caladenia|32",32,"False","Caladenia straminichila","species","Caladenia","Orchidaceae","True","True","True","True","I_NATURALIST_RANKED_ANCESTORS","EXACT_SPECIES_FAMILY_GENUS_READY","GENUS_FAMILY_IN_LCVP_SYNTHETIC_NOT_DIRECT",,FALSE,TRUE
1081394,"Eulophia welwitschii","Eulophia","Eulophia|46",46,"False","Eulophia welwitschii","species","Eulophia","Orchidaceae","True","True","True","True","I_NATURALIST_RANKED_ANCESTORS","EXACT_SPECIES_FAMILY_GENUS_READY","GENUS_FAMILY_IN_LCVP_SYNTHETIC_NOT_DIRECT",,FALSE,TRUE
1085001,"Caladenia thinicola","Caladenia","Caladenia|32",32,"False","Caladenia thinicola","species","Caladenia","Orchidaceae","True","True","True","True","I_NATURALIST_RANKED_ANCESTORS","EXACT_SPECIES_FAMILY_GENUS_READY","EXACT_SPECIES_TIP_IN_LCVP_BACKBONE","Caladenia_thinicola",TRUE,FALSE
1089993,"Tricoryne muricata","Tricoryne","Tricoryne|52",52,"False","Tricoryne muricata","species","Tricoryne","Asphodelaceae","True","True","True","True","I_NATURALIST_RANKED_ANCESTORS","EXACT_SPECIES_FAMILY_GENUS_READY","GENUS_FAMILY_IN_LCVP_SYNTHETIC_NOT_DIRECT",,FALSE,TRUE
1091369,"Leucocoryne violacescens","Leucocoryne","Leucocoryne|41",41,"False","Leucocoryne violacescens","species","Leucocoryne","Amaryllidaceae","True","True","True","True","I_NATURALIST_RANKED_ANCESTORS","EXACT_SPECIES_FAMILY_GENUS_READY","GENUS_FAMILY_IN_LCVP_SYNTHETIC_NOT_DIRECT",,FALSE,TRUE
1091443,"Gompholobium cyaninum","Gompholobium","Gompholobium|32",32,"False","Gompholobium cyaninum","species","Gompholobium","Fabaceae","True","True","True","True","I_NATURALIST_RANKED_ANCESTORS","EXACT_SPECIES_FAMILY_GENUS_READY","GENUS_FAMILY_IN_LCVP_SYNTHETIC_NOT_DIRECT",,FALSE,TRUE
1092289,"Sipanea wilson-brownei","Sipanea","Sipanea|78",78,"True","Sipanea wilson-brownei","species","Sipanea","Rubiaceae","True","True","True","True","I_NATURALIST_RANKED_ANCESTORS","EXACT_SPECIES_FAMILY_GENUS_READY","GENUS_FAMILY_IN_LCVP_SYNTHETIC_NOT_DIRECT",,FALSE,TRUE
1092342,"Sipanea ovalifolia","Sipanea","Sipanea|78",78,"True","Sipanea ovalifolia","species","Sipanea","Rubiaceae","True","True","True","True","I_NATURALIST_RANKED_ANCESTORS","EXACT_SPECIES_FAMILY_GENUS_READY","GENUS_FAMILY_IN_LCVP_SYNTHETIC_NOT_DIRECT",,FALSE,TRUE
1092440,"Clusia blattophila","Clusia","Clusia|78",78,"True","Clusia blattophila","species","Clusia","Clusiaceae","True","True","True","True","I_NATURALIST_RANKED_ANCESTORS","EXACT_SPECIES_FAMILY_GENUS_READY","EXACT_SPECIES_TIP_IN_LCVP_BACKBONE","Clusia_blattophila",TRUE,FALSE
1093922,"Ruellia fulgens","Ruellia","Ruellia|78",78,"True","Ruellia fulgens","species","Ruellia","Acanthaceae","True","True","True","True","I_NATURALIST_RANKED_ANCESTORS","EXACT_SPECIES_FAMILY_GENUS_READY","EXACT_SPECIES_TIP_IN_LCVP_BACKBONE","Ruellia_fulgens",TRUE,FALSE
1094835,"Senecio ostenii","Senecio","Senecio|24",24,"False","Senecio ostenii","species","Senecio","Asteraceae","True","True","True","True","I_NATURALIST_RANKED_ANCESTORS","EXACT_SPECIES_FAMILY_GENUS_READY","GENUS_FAMILY_IN_LCVP_SYNTHETIC_NOT_DIRECT",,FALSE,TRUE
1094924,"Stylidium preissii","Stylidium","Stylidium|32",32,"False","Stylidium preissii","species","Stylidium","Stylidiaceae","True","True","True","True","I_NATURALIST_RANKED_ANCESTORS","EXACT_SPECIES_FAMILY_GENUS_READY","FAMILY_VERIFIED_GENUS_ABSENT_FROM_LCVP",,FALSE,TRUE
1095664,"Miconia ceramicarpa","Miconia","Miconia|78",78,"True","Miconia ceramicarpa","species","Miconia","Melastomataceae","True","True","True","True","I_NATURALIST_RANKED_ANCESTORS","EXACT_SPECIES_FAMILY_GENUS_READY","GENUS_FAMILY_IN_LCVP_SYNTHETIC_NOT_DIRECT",,FALSE,TRUE
1096643,"Arnica griscomii","Arnica","Arnica|145",145,"False","Arnica griscomii","species","Arnica","Asteraceae","True","True","True","True","I_NATURALIST_RANKED_ANCESTORS","EXACT_SPECIES_FAMILY_GENUS_READY","EXACT_SPECIES_TIP_IN_LCVP_BACKBONE","Arnica_griscomii",TRUE,FALSE
1096930,"Stachys iberica","Stachys","Stachys|137",137,"False","Stachys iberica","species","Stachys","Lamiaceae","True","True","True","True","I_NATURALIST_RANKED_ANCESTORS","EXACT_SPECIES_FAMILY_GENUS_READY","GENUS_FAMILY_IN_LCVP_SYNTHETIC_NOT_DIRECT",,FALSE,TRUE
1098120,"Clusia panapanari","Clusia","Clusia|78",78,"True","Clusia panapanari","species","Clusia","Clusiaceae","True","True","True","True","I_NATURALIST_RANKED_ANCESTORS","EXACT_SPECIES_FAMILY_GENUS_READY","EXACT_SPECIES_TIP_IN_LCVP_BACKBONE","Clusia_panapanari",TRUE,FALSE
1098330,"Gompholobium burtonioides","Gompholobium","Gompholobium|32",32,"False","Gompholobium burtonioides","species","Gompholobium","Fabaceae","True","True","True","True","I_NATURALIST_RANKED_ANCESTORS","EXACT_SPECIES_FAMILY_GENUS_READY","GENUS_FAMILY_IN_LCVP_SYNTHETIC_NOT_DIRECT",,FALSE,TRUE
1099225,"Dillwynia elegans","Dillwynia","Dillwynia|52",52,"False","Dillwynia elegans","species","Dillwynia","Fabaceae","True","True","True","True","I_NATURALIST_RANKED_ANCESTORS","EXACT_SPECIES_FAMILY_GENUS_READY","FAMILY_VERIFIED_GENUS_ABSENT_FROM_LCVP",,FALSE,TRUE
1102161,"Lepidagathis mitis","Lepidagathis","Lepidagathis|102",102,"True","Lepidagathis mitis","species","Lepidagathis","Acanthaceae","True","True","True","True","I_NATURALIST_RANKED_ANCESTORS","EXACT_SPECIES_FAMILY_GENUS_READY","GENUS_FAMILY_IN_LCVP_SYNTHETIC_NOT_DIRECT",,FALSE,TRUE
1103487,"Cynorkis anisoloba","Cynorkis","Cynorkis|64",64,"True","Cynorkis anisoloba","species","Cynorkis","Orchidaceae","True","True","True","True","I_NATURALIST_RANKED_ANCESTORS","EXACT_SPECIES_FAMILY_GENUS_READY","FAMILY_VERIFIED_GENUS_ABSENT_FROM_LCVP",,FALSE,TRUE
1105076,"Chaetanthera schroederi","Chaetanthera","Chaetanthera|41",41,"False","Chaetanthera schroederi","species","Chaetanthera","Asteraceae","True","True","True","True","I_NATURALIST_RANKED_ANCESTORS","EXACT_SPECIES_FAMILY_GENUS_READY","GENUS_FAMILY_IN_LCVP_SYNTHETIC_NOT_DIRECT",,FALSE,TRUE
1106121,"Oncidium lehmannii","Oncidium","Oncidium|77",77,"False","Oncidium lehmannii","species","Oncidium","Orchidaceae","True","True","True","True","I_NATURALIST_RANKED_ANCESTORS","EXACT_SPECIES_FAMILY_GENUS_READY","EXACT_SPECIES_TIP_IN_LCVP_BACKBONE","Oncidium_lehmannii",TRUE,FALSE
1106380,"Ageratina theifolia","Ageratina","Ageratina|77",77,"True","Ageratina theifolia","species","Ageratina","Asteraceae","True","True","True","True","I_NATURALIST_RANKED_ANCESTORS","EXACT_SPECIES_FAMILY_GENUS_READY","GENUS_FAMILY_IN_LCVP_SYNTHETIC_NOT_DIRECT",,FALSE,TRUE
1106564,"Prostanthera violacea","Prostanthera","Prostanthera|52",52,"False","Prostanthera violacea","species","Prostanthera","Lamiaceae","True","True","True","True","I_NATURALIST_RANKED_ANCESTORS","EXACT_SPECIES_FAMILY_GENUS_READY","EXACT_SPECIES_TIP_IN_LCVP_BACKBONE","Prostanthera_violacea",TRUE,FALSE
1109811,"Bulbophyllum oxychilum","Bulbophyllum","Bulbophyllum|81",81,"False","Bulbophyllum oxychilum","species","Bulbophyllum","Orchidaceae","True","True","True","True","I_NATURALIST_RANKED_ANCESTORS","EXACT_SPECIES_FAMILY_GENUS_READY","GENUS_FAMILY_IN_LCVP_SYNTHETIC_NOT_DIRECT",,FALSE,TRUE
1115379,"Daviesia acicularis","Daviesia","Daviesia|34",34,"False","Daviesia acicularis","species","Daviesia","Fabaceae","True","True","True","True","I_NATURALIST_RANKED_ANCESTORS","EXACT_SPECIES_FAMILY_GENUS_READY","GENUS_FAMILY_IN_LCVP_SYNTHETIC_NOT_DIRECT",,FALSE,TRUE
1118048,"Nothoscordum dialystemon","Nothoscordum","Nothoscordum|24",24,"True","Nothoscordum dialystemon","species","Nothoscordum","Amaryllidaceae","True","True","True","True","I_NATURALIST_RANKED_ANCESTORS","EXACT_SPECIES_FAMILY_GENUS_READY","GENUS_FAMILY_IN_LCVP_SYNTHETIC_NOT_DIRECT",,FALSE,TRUE
1119754,"Espeletia corymbosa","Espeletia","Espeletia|77",77,"True","Espeletia corymbosa","species","Espeletia","Asteraceae","True","True","True","True","I_NATURALIST_RANKED_ANCESTORS","EXACT_SPECIES_FAMILY_GENUS_READY","GENUS_FAMILY_IN_LCVP_SYNTHETIC_NOT_DIRECT",,FALSE,TRUE
1119756,"Espeletia muiska","Espeletia","Espeletia|77",77,"True","Espeletia muiska","species","Espeletia","Asteraceae","True","True","True","True","I_NATURALIST_RANKED_ANCESTORS","EXACT_SPECIES_FAMILY_GENUS_READY","GENUS_FAMILY_IN_LCVP_SYNTHETIC_NOT_DIRECT",,FALSE,TRUE
1120064,"Besleria insolita","Besleria","Besleria|78",78,"True","Besleria insolita","species","Besleria","Gesneriaceae","True","True","True","True","I_NATURALIST_RANKED_ANCESTORS","EXACT_SPECIES_FAMILY_GENUS_READY","GENUS_FAMILY_IN_LCVP_SYNTHETIC_NOT_DIRECT",,FALSE,TRUE
1120296,"Caladenia georgei","Caladenia","Caladenia|50",50,"False","Caladenia georgei","species","Caladenia","Orchidaceae","True","True","True","True","I_NATURALIST_RANKED_ANCESTORS","EXACT_SPECIES_FAMILY_GENUS_READY","GENUS_FAMILY_IN_LCVP_SYNTHETIC_NOT_DIRECT",,FALSE,TRUE
1120833,"Pancheria billardierei","Pancheria","Pancheria|53",53,"True","Pancheria billardierei","species","Pancheria","Cunoniaceae","True","True","True","True","I_NATURALIST_RANKED_ANCESTORS","EXACT_SPECIES_FAMILY_GENUS_READY","GENUS_FAMILY_IN_LCVP_SYNTHETIC_NOT_DIRECT",,FALSE,TRUE
1124675,"Philodendron microstictum","Philodendron","Philodendron|94",94,"True","Philodendron microstictum","species","Philodendron","Araceae","True","True","True","True","I_NATURALIST_RANKED_ANCESTORS","EXACT_SPECIES_FAMILY_GENUS_READY","GENUS_FAMILY_IN_LCVP_SYNTHETIC_NOT_DIRECT",,FALSE,TRUE
1125100,"Strobilanthes adenophora","Strobilanthes","Strobilanthes|103",103,"True","Strobilanthes adenophora","species","Strobilanthes","Acanthaceae","True","True","True","True","I_NATURALIST_RANKED_ANCESTORS","EXACT_SPECIES_FAMILY_GENUS_READY","GENUS_FAMILY_IN_LCVP_SYNTHETIC_NOT_DIRECT",,FALSE,TRUE
1125136,"Strobilanthes anceps","Strobilanthes","Strobilanthes|103",103,"True","Strobilanthes anceps","species","Strobilanthes","Acanthaceae","True","True","True","True","I_NATURALIST_RANKED_ANCESTORS","EXACT_SPECIES_FAMILY_GENUS_READY","GENUS_FAMILY_IN_LCVP_SYNTHETIC_NOT_DIRECT",,FALSE,TRUE
1125809,"Anthurium jefense","Anthurium","Anthurium|95",95,"True","Anthurium jefense","species","Anthurium","Araceae","True","True","True","True","I_NATURALIST_RANKED_ANCESTORS","EXACT_SPECIES_FAMILY_GENUS_READY","GENUS_FAMILY_IN_LCVP_SYNTHETIC_NOT_DIRECT",,FALSE,TRUE
1129198,"Conostylis prolifera","Conostylis","Conostylis|50",50,"False","Conostylis prolifera","species","Conostylis","Haemodoraceae","True","True","True","True","I_NATURALIST_RANKED_ANCESTORS","EXACT_SPECIES_FAMILY_GENUS_READY","EXACT_SPECIES_TIP_IN_LCVP_BACKBONE","Conostylis_prolifera",TRUE,FALSE
1129536,"Hermannia aff-denudata","Hermannia","Hermannia|28",28,"False","Hermannia aff-denudata","species","Hermannia","Malvaceae","True","True","True","True","I_NATURALIST_RANKED_ANCESTORS","EXACT_SPECIES_FAMILY_GENUS_READY","FAMILY_VERIFIED_GENUS_ABSENT_FROM_LCVP",,FALSE,TRUE
1136404,"Arctotis formosa","Arctotis","Arctotis|45",45,"False","Arctotis formosa","species","Arctotis","Asteraceae","True","True","True","True","I_NATURALIST_RANKED_ANCESTORS","EXACT_SPECIES_FAMILY_GENUS_READY","GENUS_FAMILY_IN_LCVP_SYNTHETIC_NOT_DIRECT",,FALSE,TRUE
1136508,"Lepanthes effusa","Lepanthes","Lepanthes|77",77,"False","Lepanthes effusa","species","Lepanthes","Orchidaceae","True","True","True","True","I_NATURALIST_RANKED_ANCESTORS","EXACT_SPECIES_FAMILY_GENUS_READY","GENUS_FAMILY_IN_LCVP_SYNTHETIC_NOT_DIRECT",,FALSE,TRUE
1136569,"Stylidium pulchellum","Stylidium","Stylidium|32",32,"False","Stylidium pulchellum","species","Stylidium","Stylidiaceae","True","True","True","True","I_NATURALIST_RANKED_ANCESTORS","EXACT_SPECIES_FAMILY_GENUS_READY","FAMILY_VERIFIED_GENUS_ABSENT_FROM_LCVP",,FALSE,TRUE
1137850,"Indigofera complanata","Indigofera","Indigofera|27",27,"True","Indigofera complanata","species","Indigofera","Fabaceae","True","True","True","True","I_NATURALIST_RANKED_ANCESTORS","EXACT_SPECIES_FAMILY_GENUS_READY","GENUS_FAMILY_IN_LCVP_SYNTHETIC_NOT_DIRECT",,FALSE,TRUE
1142299,"Boronia ovata","Boronia","Boronia|50",50,"True","Boronia ovata","species","Boronia","Rutaceae","True","True","True","True","I_NATURALIST_RANKED_ANCESTORS","EXACT_SPECIES_FAMILY_GENUS_READY","GENUS_FAMILY_IN_LCVP_SYNTHETIC_NOT_DIRECT",,FALSE,TRUE
1143996,"Salix pseudomyrsinites","Salix","Salix|147",147,"False","Salix pseudomyrsinites","species","Salix","Salicaceae","True","True","True","True","I_NATURALIST_RANKED_ANCESTORS","EXACT_SPECIES_FAMILY_GENUS_READY","EXACT_SPECIES_TIP_IN_LCVP_BACKBONE","Salix_pseudomyrsinites",TRUE,FALSE
1144182,"Besleria flavovirens","Besleria","Besleria|78",78,"True","Besleria flavovirens","species","Besleria","Gesneriaceae","True","True","True","True","I_NATURALIST_RANKED_ANCESTORS","EXACT_SPECIES_FAMILY_GENUS_READY","GENUS_FAMILY_IN_LCVP_SYNTHETIC_NOT_DIRECT",,FALSE,TRUE
1146036,"Maxillaria frontinoensis","Maxillaria","Maxillaria|77",77,"True","Maxillaria frontinoensis","species","Maxillaria","Orchidaceae","True","True","True","True","I_NATURALIST_RANKED_ANCESTORS","EXACT_SPECIES_FAMILY_GENUS_READY","EXACT_SPECIES_TIP_IN_LCVP_BACKBONE","Maxillaria_frontinoensis",TRUE,FALSE
1146860,"Stylidium spinulosum","Stylidium","Stylidium|32",32,"False","Stylidium spinulosum","species","Stylidium","Stylidiaceae","True","True","True","True","I_NATURALIST_RANKED_ANCESTORS","EXACT_SPECIES_FAMILY_GENUS_READY","FAMILY_VERIFIED_GENUS_ABSENT_FROM_LCVP",,FALSE,TRUE
1147515,"Stylidium plantagineum","Stylidium","Stylidium|32",32,"False","Stylidium plantagineum","species","Stylidium","Stylidiaceae","True","True","True","True","I_NATURALIST_RANKED_ANCESTORS","EXACT_SPECIES_FAMILY_GENUS_READY","FAMILY_VERIFIED_GENUS_ABSENT_FROM_LCVP",,FALSE,TRUE
1149236,"Hibbertia setifera","Hibbertia","Hibbertia|33",33,"True","Hibbertia setifera","species","Hibbertia","Dilleniaceae","True","True","True","True","I_NATURALIST_RANKED_ANCESTORS","EXACT_SPECIES_FAMILY_GENUS_READY","GENUS_FAMILY_IN_LCVP_SYNTHETIC_NOT_DIRECT",,FALSE,TRUE
1150241,"Centaurea maroccana","Centaurea","Centaurea|116",116,"False","Centaurea maroccana","species","Centaurea","Asteraceae","True","True","True","True","I_NATURALIST_RANKED_ANCESTORS","EXACT_SPECIES_FAMILY_GENUS_READY","GENUS_FAMILY_IN_LCVP_SYNTHETIC_NOT_DIRECT",,FALSE,TRUE
1150364,"Weingartia neocumingii","Weingartia","Weingartia|59",59,"True","Weingartia neocumingii","species","Weingartia","Cactaceae","True","True","True","True","I_NATURALIST_RANKED_ANCESTORS","EXACT_SPECIES_FAMILY_GENUS_READY","FAMILY_VERIFIED_GENUS_ABSENT_FROM_LCVP",,FALSE,TRUE
1151813,"Scaevola striata","Scaevola","Scaevola|32",32,"False","Scaevola striata","species","Scaevola","Goodeniaceae","True","True","True","True","I_NATURALIST_RANKED_ANCESTORS","EXACT_SPECIES_FAMILY_GENUS_READY","GENUS_FAMILY_IN_LCVP_SYNTHETIC_NOT_DIRECT",,FALSE,TRUE
1154572,"Ruellia viscidula","Ruellia","Ruellia|61",61,"False","Ruellia viscidula","species","Ruellia","Acanthaceae","True","True","True","True","I_NATURALIST_RANKED_ANCESTORS","EXACT_SPECIES_FAMILY_GENUS_READY","GENUS_FAMILY_IN_LCVP_SYNTHETIC_NOT_DIRECT",,FALSE,TRUE
1158673,"Centropogon luteynii","Centropogon","Centropogon|94",94,"False","Centropogon luteynii","species","Centropogon","Campanulaceae","True","True","True","True","I_NATURALIST_RANKED_ANCESTORS","EXACT_SPECIES_FAMILY_GENUS_READY","FAMILY_VERIFIED_GENUS_ABSENT_FROM_LCVP",,FALSE,TRUE
1164551,"Craspedia gracilis","Craspedia","Craspedia|34",34,"True","Craspedia gracilis","species","Craspedia","Asteraceae","True","True","True","True","I_NATURALIST_RANKED_ANCESTORS","EXACT_SPECIES_FAMILY_GENUS_READY","GENUS_FAMILY_IN_LCVP_SYNTHETIC_NOT_DIRECT",,FALSE,TRUE
1164919,"Kunzea ciliata","Kunzea","Kunzea|50",50,"False","Kunzea ciliata","species","Kunzea","Myrtaceae","True","True","True","True","I_NATURALIST_RANKED_ANCESTORS","EXACT_SPECIES_FAMILY_GENUS_READY","GENUS_FAMILY_IN_LCVP_SYNTHETIC_NOT_DIRECT",,FALSE,TRUE
1169162,"Ziziphus oenopolia","Ziziphus","Ziziphus|102",102,"True","Ziziphus oenopolia","species","Ziziphus","Rhamnaceae","True","True","True","True","I_NATURALIST_RANKED_ANCESTORS","EXACT_SPECIES_FAMILY_GENUS_READY","GENUS_FAMILY_IN_LCVP_SYNTHETIC_NOT_DIRECT",,FALSE,TRUE
1169181,"Solanum pilcomayense","Solanum","Solanum|24",24,"False","Solanum pilcomayense","species","Solanum","Solanaceae","True","True","True","True","I_NATURALIST_RANKED_ANCESTORS","EXACT_SPECIES_FAMILY_GENUS_READY","GENUS_FAMILY_IN_LCVP_SYNTHETIC_NOT_DIRECT",,FALSE,TRUE
1180405,"Eugenia stigmatosa","Eugenia","Eugenia|42",42,"False","Eugenia stigmatosa","species","Eugenia","Myrtaceae","True","True","True","True","I_NATURALIST_RANKED_ANCESTORS","EXACT_SPECIES_FAMILY_GENUS_READY","EXACT_SPECIES_TIP_IN_LCVP_BACKBONE","Eugenia_stigmatosa",TRUE,FALSE
1180580,"Bossiaea neoanglica","Bossiaea","Bossiaea|52",52,"False","Bossiaea neoanglica","species","Bossiaea","Fabaceae","True","True","True","True","I_NATURALIST_RANKED_ANCESTORS","EXACT_SPECIES_FAMILY_GENUS_READY","GENUS_FAMILY_IN_LCVP_SYNTHETIC_NOT_DIRECT",,FALSE,TRUE
1182557,"Stylidium imbricatum","Stylidium","Stylidium|32",32,"False","Stylidium imbricatum","species","Stylidium","Stylidiaceae","True","True","True","True","I_NATURALIST_RANKED_ANCESTORS","EXACT_SPECIES_FAMILY_GENUS_READY","FAMILY_VERIFIED_GENUS_ABSENT_FROM_LCVP",,FALSE,TRUE
1191050,"Eugenia catharinae","Eugenia","Eugenia|42",42,"False","Eugenia catharinae","species","Eugenia","Myrtaceae","True","True","True","True","I_NATURALIST_RANKED_ANCESTORS","EXACT_SPECIES_FAMILY_GENUS_READY","GENUS_FAMILY_IN_LCVP_SYNTHETIC_NOT_DIRECT",,FALSE,TRUE
1198721,"Gompholobium preissii","Gompholobium","Gompholobium|32",32,"False","Gompholobium preissii","species","Gompholobium","Fabaceae","True","True","True","True","I_NATURALIST_RANKED_ANCESTORS","EXACT_SPECIES_FAMILY_GENUS_READY","GENUS_FAMILY_IN_LCVP_SYNTHETIC_NOT_DIRECT",,FALSE,TRUE
1199706,"Tillandsia pedicellata","Tillandsia","Tillandsia|41",41,"False","Tillandsia pedicellata","species","Tillandsia","Bromeliaceae","True","True","True","True","I_NATURALIST_RANKED_ANCESTORS","EXACT_SPECIES_FAMILY_GENUS_READY","GENUS_FAMILY_IN_LCVP_SYNTHETIC_NOT_DIRECT",,FALSE,TRUE
1215180,"Linochilus alveolatus","Linochilus","Linochilus|77",77,"False","Linochilus alveolatus","species","Linochilus","Asteraceae","True","True","True","True","I_NATURALIST_RANKED_ANCESTORS","EXACT_SPECIES_FAMILY_GENUS_READY","FAMILY_VERIFIED_GENUS_ABSENT_FROM_LCVP",,FALSE,TRUE
1218489,"Linochilus eriophorus","Linochilus","Linochilus|77",77,"False","Linochilus eriophorus","species","Linochilus","Asteraceae","True","True","True","True","I_NATURALIST_RANKED_ANCESTORS","EXACT_SPECIES_FAMILY_GENUS_READY","FAMILY_VERIFIED_GENUS_ABSENT_FROM_LCVP",,FALSE,TRUE
1225020,"Linochilus glutinosus","Linochilus","Linochilus|77",77,"False","Linochilus glutinosus","species","Linochilus","Asteraceae","True","True","True","True","I_NATURALIST_RANKED_ANCESTORS","EXACT_SPECIES_FAMILY_GENUS_READY","FAMILY_VERIFIED_GENUS_ABSENT_FROM_LCVP",,FALSE,TRUE
1225022,"Linochilus heterophyllus","Linochilus","Linochilus|77",77,"False","Linochilus heterophyllus","species","Linochilus","Asteraceae","True","True","True","True","I_NATURALIST_RANKED_ANCESTORS","EXACT_SPECIES_FAMILY_GENUS_READY","FAMILY_VERIFIED_GENUS_ABSENT_FROM_LCVP",,FALSE,TRUE
1225042,"Linochilus revolutus","Linochilus","Linochilus|77",77,"False","Linochilus revolutus","species","Linochilus","Asteraceae","True","True","True","True","I_NATURALIST_RANKED_ANCESTORS","EXACT_SPECIES_FAMILY_GENUS_READY","FAMILY_VERIFIED_GENUS_ABSENT_FROM_LCVP",,FALSE,TRUE
1225047,"Linochilus rosmarinifolius","Linochilus","Linochilus|77",77,"False","Linochilus rosmarinifolius","species","Linochilus","Asteraceae","True","True","True","True","I_NATURALIST_RANKED_ANCESTORS","EXACT_SPECIES_FAMILY_GENUS_READY","FAMILY_VERIFIED_GENUS_ABSENT_FROM_LCVP",,FALSE,TRUE
1225057,"Linochilus tenuifolius","Linochilus","Linochilus|77",77,"False","Linochilus tenuifolius","species","Linochilus","Asteraceae","True","True","True","True","I_NATURALIST_RANKED_ANCESTORS","EXACT_SPECIES_FAMILY_GENUS_READY","FAMILY_VERIFIED_GENUS_ABSENT_FROM_LCVP",,FALSE,TRUE
1225148,"Mimosa australis","Mimosa","Mimosa|24",24,"False","Mimosa australis","species","Mimosa","Fabaceae","True","True","True","True","I_NATURALIST_RANKED_ANCESTORS","EXACT_SPECIES_FAMILY_GENUS_READY","GENUS_FAMILY_IN_LCVP_SYNTHETIC_NOT_DIRECT",,FALSE,TRUE
1225419,"Clusia cuneata","Clusia","Clusia|78",78,"True","Clusia cuneata","species","Clusia","Clusiaceae","True","True","True","True","I_NATURALIST_RANKED_ANCESTORS","EXACT_SPECIES_FAMILY_GENUS_READY","GENUS_FAMILY_IN_LCVP_SYNTHETIC_NOT_DIRECT",,FALSE,TRUE
1226457,"Habenaria schwackei","Habenaria","Habenaria|78",78,"False","Habenaria schwackei","species","Habenaria","Orchidaceae","True","True","True","True","I_NATURALIST_RANKED_ANCESTORS","EXACT_SPECIES_FAMILY_GENUS_READY","GENUS_FAMILY_IN_LCVP_SYNTHETIC_NOT_DIRECT",,FALSE,TRUE
1227503,"Evolvulus saxifragus","Evolvulus","Evolvulus|61",61,"False","Evolvulus saxifragus","species","Evolvulus","Convolvulaceae","True","True","True","True","I_NATURALIST_RANKED_ANCESTORS","EXACT_SPECIES_FAMILY_GENUS_READY","GENUS_FAMILY_IN_LCVP_SYNTHETIC_NOT_DIRECT",,FALSE,TRUE
1230248,"Spermacoce leptoloba","Spermacoce","Spermacoce|69",69,"False","Spermacoce leptoloba","species","Spermacoce","Rubiaceae","True","True","True","True","I_NATURALIST_RANKED_ANCESTORS","EXACT_SPECIES_FAMILY_GENUS_READY","GENUS_FAMILY_IN_LCVP_SYNTHETIC_NOT_DIRECT",,FALSE,TRUE
1231133,"Ptilotus corymbosus","Ptilotus","Ptilotus|69",69,"False","Ptilotus corymbosus","species","Ptilotus","Amaranthaceae","True","True","True","True","I_NATURALIST_RANKED_ANCESTORS","EXACT_SPECIES_FAMILY_GENUS_READY","GENUS_FAMILY_IN_LCVP_SYNTHETIC_NOT_DIRECT",,FALSE,TRUE
1232991,"Mimosa amphigena","Mimosa","Mimosa|24",24,"False","Mimosa amphigena","species","Mimosa","Fabaceae","True","True","True","True","I_NATURALIST_RANKED_ANCESTORS","EXACT_SPECIES_FAMILY_GENUS_READY","GENUS_FAMILY_IN_LCVP_SYNTHETIC_NOT_DIRECT",,FALSE,TRUE
1233701,"Mitrasacme nummularia","Mitrasacme","Mitrasacme|69",69,"False","Mitrasacme nummularia","species","Mitrasacme","Loganiaceae","True","True","True","True","I_NATURALIST_RANKED_ANCESTORS","EXACT_SPECIES_FAMILY_GENUS_READY","FAMILY_VERIFIED_GENUS_ABSENT_FROM_LCVP",,FALSE,TRUE
1238461,"Pogostemon pubescens","Pogostemon","Pogostemon|102",102,"True","Pogostemon pubescens","species","Pogostemon","Lamiaceae","True","True","True","True","I_NATURALIST_RANKED_ANCESTORS","EXACT_SPECIES_FAMILY_GENUS_READY","GENUS_FAMILY_IN_LCVP_SYNTHETIC_NOT_DIRECT",,FALSE,TRUE
1239569,"Hibbertia depressa","Hibbertia","Hibbertia|32",32,"False","Hibbertia depressa","species","Hibbertia","Dilleniaceae","True","True","True","True","I_NATURALIST_RANKED_ANCESTORS","EXACT_SPECIES_FAMILY_GENUS_READY","GENUS_FAMILY_IN_LCVP_SYNTHETIC_NOT_DIRECT",,FALSE,TRUE
1239747,"Acacia subcaerulea","Acacia","Acacia|32",32,"False","Acacia subcaerulea","species","Acacia","Fabaceae","True","True","True","True","I_NATURALIST_RANKED_ANCESTORS","EXACT_SPECIES_FAMILY_GENUS_READY","GENUS_FAMILY_IN_LCVP_SYNTHETIC_NOT_DIRECT",,FALSE,TRUE
1241172,"Taxandria angustifolia","Taxandria","Taxandria|32",32,"False","Taxandria angustifolia","species","Taxandria","Myrtaceae","True","True","True","True","I_NATURALIST_RANKED_ANCESTORS","EXACT_SPECIES_FAMILY_GENUS_READY","GENUS_FAMILY_IN_LCVP_SYNTHETIC_NOT_DIRECT",,FALSE,TRUE
1242446,"Spyridium nitidum","Spyridium","Spyridium|33",33,"True","Spyridium nitidum","species","Spyridium","Rhamnaceae","True","True","True","True","I_NATURALIST_RANKED_ANCESTORS","EXACT_SPECIES_FAMILY_GENUS_READY","EXACT_SPECIES_TIP_IN_LCVP_BACKBONE","Spyridium_nitidum",TRUE,FALSE
1243308,"Eugenia paracatuana","Eugenia","Eugenia|42",42,"False","Eugenia paracatuana","species","Eugenia","Myrtaceae","True","True","True","True","I_NATURALIST_RANKED_ANCESTORS","EXACT_SPECIES_FAMILY_GENUS_READY","GENUS_FAMILY_IN_LCVP_SYNTHETIC_NOT_DIRECT",,FALSE,TRUE
1243858,"Bossiaea praetermissa","Bossiaea","Bossiaea|32",32,"False","Bossiaea praetermissa","species","Bossiaea","Fabaceae","True","True","True","True","I_NATURALIST_RANKED_ANCESTORS","EXACT_SPECIES_FAMILY_GENUS_READY","GENUS_FAMILY_IN_LCVP_SYNTHETIC_NOT_DIRECT",,FALSE,TRUE
1243890,"Chorizema trigonum","Chorizema","Chorizema|32",32,"False","Chorizema trigonum","species","Chorizema","Fabaceae","True","True","True","True","I_NATURALIST_RANKED_ANCESTORS","EXACT_SPECIES_FAMILY_GENUS_READY","FAMILY_VERIFIED_GENUS_ABSENT_FROM_LCVP",,FALSE,TRUE
1244032,"Jacksonia lehmannii","Jacksonia","Jacksonia|50",50,"True","Jacksonia lehmannii","species","Jacksonia","Fabaceae","True","True","True","True","I_NATURALIST_RANKED_ANCESTORS","EXACT_SPECIES_FAMILY_GENUS_READY","FAMILY_VERIFIED_GENUS_ABSENT_FROM_LCVP",,FALSE,TRUE
1244047,"Jacksonia capitata","Jacksonia","Jacksonia|32",32,"True","Jacksonia capitata","species","Jacksonia","Fabaceae","True","True","True","True","I_NATURALIST_RANKED_ANCESTORS","EXACT_SPECIES_FAMILY_GENUS_READY","FAMILY_VERIFIED_GENUS_ABSENT_FROM_LCVP",,FALSE,TRUE
1244067,"Daviesia trigonophylla","Daviesia","Daviesia|32",32,"False","Daviesia trigonophylla","species","Daviesia","Fabaceae","True","True","True","True","I_NATURALIST_RANKED_ANCESTORS","EXACT_SPECIES_FAMILY_GENUS_READY","GENUS_FAMILY_IN_LCVP_SYNTHETIC_NOT_DIRECT",,FALSE,TRUE
1244068,"Daviesia cardiophylla","Daviesia","Daviesia|50",50,"False","Daviesia cardiophylla","species","Daviesia","Fabaceae","True","True","True","True","I_NATURALIST_RANKED_ANCESTORS","EXACT_SPECIES_FAMILY_GENUS_READY","GENUS_FAMILY_IN_LCVP_SYNTHETIC_NOT_DIRECT",,FALSE,TRUE
1244093,"Daviesia emarginata","Daviesia","Daviesia|32",32,"False","Daviesia emarginata","species","Daviesia","Fabaceae","True","True","True","True","I_NATURALIST_RANKED_ANCESTORS","EXACT_SPECIES_FAMILY_GENUS_READY","GENUS_FAMILY_IN_LCVP_SYNTHETIC_NOT_DIRECT",,FALSE,TRUE
1244096,"Daviesia decipiens","Daviesia","Daviesia|32",32,"False","Daviesia decipiens","species","Daviesia","Fabaceae","True","True","True","True","I_NATURALIST_RANKED_ANCESTORS","EXACT_SPECIES_FAMILY_GENUS_READY","GENUS_FAMILY_IN_LCVP_SYNTHETIC_NOT_DIRECT",,FALSE,TRUE
1244199,"Gastrolobium linearifolium","Gastrolobium","Gastrolobium|50",50,"True","Gastrolobium linearifolium","species","Gastrolobium","Fabaceae","True","True","True","True","I_NATURALIST_RANKED_ANCESTORS","EXACT_SPECIES_FAMILY_GENUS_READY","GENUS_FAMILY_IN_LCVP_SYNTHETIC_NOT_DIRECT",,FALSE,TRUE
1246025,"Hibbertia pulchra","Hibbertia","Hibbertia|32",32,"False","Hibbertia pulchra","species","Hibbertia","Dilleniaceae","True","True","True","True","I_NATURALIST_RANKED_ANCESTORS","EXACT_SPECIES_FAMILY_GENUS_READY","GENUS_FAMILY_IN_LCVP_SYNTHETIC_NOT_DIRECT",,FALSE,TRUE
1248015,"Caladenia erythronema","Caladenia","Caladenia|50",50,"False","Caladenia erythronema","species","Caladenia","Orchidaceae","True","True","True","True","I_NATURALIST_RANKED_ANCESTORS","EXACT_SPECIES_FAMILY_GENUS_READY","GENUS_FAMILY_IN_LCVP_SYNTHETIC_NOT_DIRECT",,FALSE,TRUE
1248030,"Caladenia fluvialis","Caladenia","Caladenia|50",50,"False","Caladenia fluvialis","species","Caladenia","Orchidaceae","True","True","True","True","I_NATURALIST_RANKED_ANCESTORS","EXACT_SPECIES_FAMILY_GENUS_READY","GENUS_FAMILY_IN_LCVP_SYNTHETIC_NOT_DIRECT",,FALSE,TRUE
1248991,"Stylidium diademum","Stylidium","Stylidium|32",32,"False","Stylidium diademum","species","Stylidium","Stylidiaceae","True","True","True","True","I_NATURALIST_RANKED_ANCESTORS","EXACT_SPECIES_FAMILY_GENUS_READY","FAMILY_VERIFIED_GENUS_ABSENT_FROM_LCVP",,FALSE,TRUE
1249987,"Tetratheca virgata","Tetratheca","Tetratheca|50",50,"False","Tetratheca virgata","species","Tetratheca","Elaeocarpaceae","True","True","True","True","I_NATURALIST_RANKED_ANCESTORS","EXACT_SPECIES_FAMILY_GENUS_READY","EXACT_SPECIES_TIP_IN_LCVP_BACKBONE","Tetratheca_virgata",TRUE,FALSE
1250011,"Tetratheca confertifolia","Tetratheca","Tetratheca|50",50,"False","Tetratheca confertifolia","species","Tetratheca","Elaeocarpaceae","True","True","True","True","I_NATURALIST_RANKED_ANCESTORS","EXACT_SPECIES_FAMILY_GENUS_READY","EXACT_SPECIES_TIP_IN_LCVP_BACKBONE","Tetratheca_confertifolia",TRUE,FALSE
1252839,"Psychotria coptosperma","Psychotria","Psychotria|53",53,"True","Psychotria coptosperma","species","Psychotria","Rubiaceae","True","True","True","True","I_NATURALIST_RANKED_ANCESTORS","EXACT_SPECIES_FAMILY_GENUS_READY","GENUS_FAMILY_IN_LCVP_SYNTHETIC_NOT_DIRECT",,FALSE,TRUE
1253286,"Codia discolor","Codia","Codia|53",53,"False","Codia discolor","species","Codia","Cunoniaceae","True","True","True","True","I_NATURALIST_RANKED_ANCESTORS","EXACT_SPECIES_FAMILY_GENUS_READY","EXACT_SPECIES_TIP_IN_LCVP_BACKBONE","Codia_discolor",TRUE,FALSE
1253289,"Pancheria engleriana","Pancheria","Pancheria|53",53,"True","Pancheria engleriana","species","Pancheria","Cunoniaceae","True","True","True","True","I_NATURALIST_RANKED_ANCESTORS","EXACT_SPECIES_FAMILY_GENUS_READY","EXACT_SPECIES_TIP_IN_LCVP_BACKBONE","Pancheria_engleriana",TRUE,FALSE
1253290,"Codia nitida","Codia","Codia|53",53,"False","Codia nitida","species","Codia","Cunoniaceae","True","True","True","True","I_NATURALIST_RANKED_ANCESTORS","EXACT_SPECIES_FAMILY_GENUS_READY","GENUS_FAMILY_IN_LCVP_SYNTHETIC_NOT_DIRECT",,FALSE,TRUE
1253299,"Pancheria ternata","Pancheria","Pancheria|53",53,"True","Pancheria ternata","species","Pancheria","Cunoniaceae","True","True","True","True","I_NATURALIST_RANKED_ANCESTORS","EXACT_SPECIES_FAMILY_GENUS_READY","GENUS_FAMILY_IN_LCVP_SYNTHETIC_NOT_DIRECT",,FALSE,TRUE
1253808,"Acacia subracemosa","Acacia","Acacia|32",32,"False","Acacia subracemosa","species","Acacia","Fabaceae","True","True","True","True","I_NATURALIST_RANKED_ANCESTORS","EXACT_SPECIES_FAMILY_GENUS_READY","GENUS_FAMILY_IN_LCVP_SYNTHETIC_NOT_DIRECT",,FALSE,TRUE
1253838,"Acacia jackesiana","Acacia","Acacia|70",70,"False","Acacia jackesiana","species","Acacia","Fabaceae","True","True","True","True","I_NATURALIST_RANKED_ANCESTORS","EXACT_SPECIES_FAMILY_GENUS_READY","GENUS_FAMILY_IN_LCVP_SYNTHETIC_NOT_DIRECT",,FALSE,TRUE
1253845,"Acacia uliginosa","Acacia","Acacia|32",32,"False","Acacia uliginosa","species","Acacia","Fabaceae","True","True","True","True","I_NATURALIST_RANKED_ANCESTORS","EXACT_SPECIES_FAMILY_GENUS_READY","GENUS_FAMILY_IN_LCVP_SYNTHETIC_NOT_DIRECT",,FALSE,TRUE
1254386,"Acacia luteola","Acacia","Acacia|32",32,"False","Acacia luteola","species","Acacia","Fabaceae","True","True","True","True","I_NATURALIST_RANKED_ANCESTORS","EXACT_SPECIES_FAMILY_GENUS_READY","GENUS_FAMILY_IN_LCVP_SYNTHETIC_NOT_DIRECT",,FALSE,TRUE
1254637,"Pavonia betonicifolia","Pavonia","Pavonia|24",24,"False","Pavonia betonicifolia","species","Pavonia","Malvaceae","True","True","True","True","I_NATURALIST_RANKED_ANCESTORS","EXACT_SPECIES_FAMILY_GENUS_READY","GENUS_FAMILY_IN_LCVP_SYNTHETIC_NOT_DIRECT",,FALSE,TRUE
1254856,"Acacia squamata","Acacia","Acacia|32",32,"False","Acacia squamata","species","Acacia","Fabaceae","True","True","True","True","I_NATURALIST_RANKED_ANCESTORS","EXACT_SPECIES_FAMILY_GENUS_READY","GENUS_FAMILY_IN_LCVP_SYNTHETIC_NOT_DIRECT",,FALSE,TRUE
1259391,"Eulophia tricristata","Eulophia","Eulophia|63",63,"True","Eulophia tricristata","species","Eulophia","Orchidaceae","True","True","True","True","I_NATURALIST_RANKED_ANCESTORS","EXACT_SPECIES_FAMILY_GENUS_READY","GENUS_FAMILY_IN_LCVP_SYNTHETIC_NOT_DIRECT",,FALSE,TRUE
1260432,"Jacquemontia corymbulosa","Jacquemontia","Jacquemontia|61",61,"True","Jacquemontia corymbulosa","species","Jacquemontia","Convolvulaceae","True","True","True","True","I_NATURALIST_RANKED_ANCESTORS","EXACT_SPECIES_FAMILY_GENUS_READY","GENUS_FAMILY_IN_LCVP_SYNTHETIC_NOT_DIRECT",,FALSE,TRUE
1261692,"Stylidium turleyae","Stylidium","Stylidium|51",51,"True","Stylidium turleyae","species","Stylidium","Stylidiaceae","True","True","True","True","I_NATURALIST_RANKED_ANCESTORS","EXACT_SPECIES_FAMILY_GENUS_READY","FAMILY_VERIFIED_GENUS_ABSENT_FROM_LCVP",,FALSE,TRUE
1261962,"Pimelea confertiflora","Pimelea","Pimelea|70",70,"True","Pimelea confertiflora","species","Pimelea","Thymelaeaceae","True","True","True","True","I_NATURALIST_RANKED_ANCESTORS","EXACT_SPECIES_FAMILY_GENUS_READY","GENUS_FAMILY_IN_LCVP_SYNTHETIC_NOT_DIRECT",,FALSE,TRUE
1263317,"Baccharis arenaria","Baccharis","Baccharis|24",24,"False","Baccharis arenaria","species","Baccharis","Asteraceae","True","True","True","True","I_NATURALIST_RANKED_ANCESTORS","EXACT_SPECIES_FAMILY_GENUS_READY","GENUS_FAMILY_IN_LCVP_SYNTHETIC_NOT_DIRECT",,FALSE,TRUE
1263938,"Anemone tschernaewii","Anemone","Anemone|138",138,"False","Anemone tschernaewii","species","Anemone","Ranunculaceae","True","True","True","True","I_NATURALIST_RANKED_ANCESTORS","EXACT_SPECIES_FAMILY_GENUS_READY","GENUS_FAMILY_IN_LCVP_SYNTHETIC_NOT_DIRECT",,FALSE,TRUE
1264600,"Zephyranthes bifida","Zephyranthes","Zephyranthes|24",24,"False","Zephyranthes bifida","species","Zephyranthes","Amaryllidaceae","True","True","True","True","I_NATURALIST_RANKED_ANCESTORS","EXACT_SPECIES_FAMILY_GENUS_READY","GENUS_FAMILY_IN_LCVP_SYNTHETIC_NOT_DIRECT",,FALSE,TRUE
1264655,"Zephyranthes estensis","Zephyranthes","Zephyranthes|24",24,"False","Zephyranthes estensis","species","Zephyranthes","Amaryllidaceae","True","True","True","True","I_NATURALIST_RANKED_ANCESTORS","EXACT_SPECIES_FAMILY_GENUS_READY","GENUS_FAMILY_IN_LCVP_SYNTHETIC_NOT_DIRECT",,FALSE,TRUE
1264994,"Jacquemontia mucronifera","Jacquemontia","Jacquemontia|61",61,"True","Jacquemontia mucronifera","species","Jacquemontia","Convolvulaceae","True","True","True","True","I_NATURALIST_RANKED_ANCESTORS","EXACT_SPECIES_FAMILY_GENUS_READY","GENUS_FAMILY_IN_LCVP_SYNTHETIC_NOT_DIRECT",,FALSE,TRUE
1274241,"Hibbertia villifera","Hibbertia","Hibbertia|33",33,"True","Hibbertia villifera","species","Hibbertia","Dilleniaceae","True","True","True","True","I_NATURALIST_RANKED_ANCESTORS","EXACT_SPECIES_FAMILY_GENUS_READY","GENUS_FAMILY_IN_LCVP_SYNTHETIC_NOT_DIRECT",,FALSE,TRUE
1276012,"Psychotria gabriellae","Psychotria","Psychotria|53",53,"True","Psychotria gabriellae","species","Psychotria","Rubiaceae","True","True","True","True","I_NATURALIST_RANKED_ANCESTORS","EXACT_SPECIES_FAMILY_GENUS_READY","GENUS_FAMILY_IN_LCVP_SYNTHETIC_NOT_DIRECT",,FALSE,TRUE
1278453,"Pterostylis unicornis","Pterostylis","Pterostylis|34",34,"False","Pterostylis unicornis","species","Pterostylis","Orchidaceae","True","True","True","True","I_NATURALIST_RANKED_ANCESTORS","EXACT_SPECIES_FAMILY_GENUS_READY","GENUS_FAMILY_IN_LCVP_SYNTHETIC_NOT_DIRECT",,FALSE,TRUE
1279778,"Dendrobium closterium","Dendrobium","Dendrobium|53",53,"False","Dendrobium closterium","species","Dendrobium","Orchidaceae","True","True","True","True","I_NATURALIST_RANKED_ANCESTORS","EXACT_SPECIES_FAMILY_GENUS_READY","GENUS_FAMILY_IN_LCVP_SYNTHETIC_NOT_DIRECT",,FALSE,TRUE
1279779,"Dendrobium virotii","Dendrobium","Dendrobium|53",53,"False","Dendrobium virotii","species","Dendrobium","Orchidaceae","True","True","True","True","I_NATURALIST_RANKED_ANCESTORS","EXACT_SPECIES_FAMILY_GENUS_READY","GENUS_FAMILY_IN_LCVP_SYNTHETIC_NOT_DIRECT",,FALSE,TRUE
1284122,"Spermacoce stenophylla","Spermacoce","Spermacoce|69",69,"False","Spermacoce stenophylla","species","Spermacoce","Rubiaceae","True","True","True","True","I_NATURALIST_RANKED_ANCESTORS","EXACT_SPECIES_FAMILY_GENUS_READY","GENUS_FAMILY_IN_LCVP_SYNTHETIC_NOT_DIRECT",,FALSE,TRUE
1284421,"Codia montana","Codia","Codia|53",53,"False","Codia montana","species","Codia","Cunoniaceae","True","True","True","True","I_NATURALIST_RANKED_ANCESTORS","EXACT_SPECIES_FAMILY_GENUS_READY","GENUS_FAMILY_IN_LCVP_SYNTHETIC_NOT_DIRECT",,FALSE,TRUE
1287116,"Ruellia rubra","Ruellia","Ruellia|78",78,"True","Ruellia rubra","species","Ruellia","Acanthaceae","True","True","True","True","I_NATURALIST_RANKED_ANCESTORS","EXACT_SPECIES_FAMILY_GENUS_READY","EXACT_SPECIES_TIP_IN_LCVP_BACKBONE","Ruellia_rubra",TRUE,FALSE
1298129,"Senna aversiflora","Senna","Senna|61",61,"True","Senna aversiflora","species","Senna","Fabaceae","True","True","True","True","I_NATURALIST_RANKED_ANCESTORS","EXACT_SPECIES_FAMILY_GENUS_READY","GENUS_FAMILY_IN_LCVP_SYNTHETIC_NOT_DIRECT",,FALSE,TRUE
1308767,"Bulbophyllum comatum","Bulbophyllum","Bulbophyllum|81",81,"False","Bulbophyllum comatum","species","Bulbophyllum","Orchidaceae","True","True","True","True","I_NATURALIST_RANKED_ANCESTORS","EXACT_SPECIES_FAMILY_GENUS_READY","GENUS_FAMILY_IN_LCVP_SYNTHETIC_NOT_DIRECT",,FALSE,TRUE
1309448,"Baccharis genistifolia","Baccharis","Baccharis|24",24,"False","Baccharis genistifolia","species","Baccharis","Asteraceae","True","True","True","True","I_NATURALIST_RANKED_ANCESTORS","EXACT_SPECIES_FAMILY_GENUS_READY","GENUS_FAMILY_IN_LCVP_SYNTHETIC_NOT_DIRECT",,FALSE,TRUE
1318581,"Stylidium salmoneum","Stylidium","Stylidium|51",51,"True","Stylidium salmoneum","species","Stylidium","Stylidiaceae","True","True","True","True","I_NATURALIST_RANKED_ANCESTORS","EXACT_SPECIES_FAMILY_GENUS_READY","FAMILY_VERIFIED_GENUS_ABSENT_FROM_LCVP",,FALSE,TRUE
1322241,"Styphelia pallida","Styphelia","Styphelia|50",50,"False","Styphelia pallida","species","Styphelia","Ericaceae","True","True","True","True","I_NATURALIST_RANKED_ANCESTORS","EXACT_SPECIES_FAMILY_GENUS_READY","GENUS_FAMILY_IN_LCVP_SYNTHETIC_NOT_DIRECT",,FALSE,TRUE
1327450,"Burmannia oblonga","Burmannia","Burmannia|104",104,"False","Burmannia oblonga","species","Burmannia","Burmanniaceae","True","True","True","True","I_NATURALIST_RANKED_ANCESTORS","EXACT_SPECIES_FAMILY_GENUS_READY","EXACT_SPECIES_TIP_IN_LCVP_BACKBONE","Burmannia_oblonga",TRUE,FALSE
1332737,"Psychotria baillonii","Psychotria","Psychotria|53",53,"True","Psychotria baillonii","species","Psychotria","Rubiaceae","True","True","True","True","I_NATURALIST_RANKED_ANCESTORS","EXACT_SPECIES_FAMILY_GENUS_READY","EXACT_SPECIES_TIP_IN_LCVP_BACKBONE","Psychotria_baillonii",TRUE,FALSE
1339638,"Miconia aliquantula","Miconia","Miconia|78",78,"True","Miconia aliquantula","species","Miconia","Melastomataceae","True","True","True","True","I_NATURALIST_RANKED_ANCESTORS","EXACT_SPECIES_FAMILY_GENUS_READY","EXACT_SPECIES_TIP_IN_LCVP_BACKBONE","Miconia_aliquantula",TRUE,FALSE
1339659,"Miconia diaphanea","Miconia","Miconia|78",78,"True","Miconia diaphanea","species","Miconia","Melastomataceae","True","True","True","True","I_NATURALIST_RANKED_ANCESTORS","EXACT_SPECIES_FAMILY_GENUS_READY","EXACT_SPECIES_TIP_IN_LCVP_BACKBONE","Miconia_diaphanea",TRUE,FALSE
1341616,"Gastrolobium spathulatum","Gastrolobium","Gastrolobium|50",50,"True","Gastrolobium spathulatum","species","Gastrolobium","Fabaceae","True","True","True","True","I_NATURALIST_RANKED_ANCESTORS","EXACT_SPECIES_FAMILY_GENUS_READY","GENUS_FAMILY_IN_LCVP_SYNTHETIC_NOT_DIRECT",,FALSE,TRUE
1347903,"Ipomoea costata","Ipomoea","Ipomoea|50",50,"False","Ipomoea costata","species","Ipomoea","Convolvulaceae","True","True","True","True","I_NATURALIST_RANKED_ANCESTORS","EXACT_SPECIES_FAMILY_GENUS_READY","GENUS_FAMILY_IN_LCVP_SYNTHETIC_NOT_DIRECT",,FALSE,TRUE
1349278,"Micromeria lasiophylla","Micromeria","Micromeria|116",116,"True","Micromeria lasiophylla","species","Micromeria","Lamiaceae","True","True","True","True","I_NATURALIST_RANKED_ANCESTORS","EXACT_SPECIES_FAMILY_GENUS_READY","EXACT_SPECIES_TIP_IN_LCVP_BACKBONE","Micromeria_lasiophylla",TRUE,FALSE
1349529,"Salvia polystachia","Salvia","Salvia|93",93,"False","Salvia polystachia","species","Salvia","Lamiaceae","True","True","True","True","I_NATURALIST_RANKED_ANCESTORS","EXACT_SPECIES_FAMILY_GENUS_READY","GENUS_FAMILY_IN_LCVP_SYNTHETIC_NOT_DIRECT",,FALSE,TRUE
1350246,"Rudgea stipulacea","Rudgea","Rudgea|78",78,"True","Rudgea stipulacea","species","Rudgea","Rubiaceae","True","True","True","True","I_NATURALIST_RANKED_ANCESTORS","EXACT_SPECIES_FAMILY_GENUS_READY","EXACT_SPECIES_TIP_IN_LCVP_BACKBONE","Rudgea_stipulacea",TRUE,FALSE
1350418,"Rudgea pungens","Rudgea","Rudgea|78",78,"True","Rudgea pungens","species","Rudgea","Rubiaceae","True","True","True","True","I_NATURALIST_RANKED_ANCESTORS","EXACT_SPECIES_FAMILY_GENUS_READY","GENUS_FAMILY_IN_LCVP_SYNTHETIC_NOT_DIRECT",,FALSE,TRUE
1352574,"Lepanthes matisii","Lepanthes","Lepanthes|77",77,"False","Lepanthes matisii","species","Lepanthes","Orchidaceae","True","True","True","True","I_NATURALIST_RANKED_ANCESTORS","EXACT_SPECIES_FAMILY_GENUS_READY","GENUS_FAMILY_IN_LCVP_SYNTHETIC_NOT_DIRECT",,FALSE,TRUE
1352867,"Salvia chalarothyrsa","Salvia","Salvia|93",93,"False","Salvia chalarothyrsa","species","Salvia","Lamiaceae","True","True","True","True","I_NATURALIST_RANKED_ANCESTORS","EXACT_SPECIES_FAMILY_GENUS_READY","GENUS_FAMILY_IN_LCVP_SYNTHETIC_NOT_DIRECT",,FALSE,TRUE
1353260,"Dichaea venezuelensis","Dichaea","Dichaea|78",78,"True","Dichaea venezuelensis","species","Dichaea","Orchidaceae","True","True","True","True","I_NATURALIST_RANKED_ANCESTORS","EXACT_SPECIES_FAMILY_GENUS_READY","GENUS_FAMILY_IN_LCVP_SYNTHETIC_NOT_DIRECT",,FALSE,TRUE
1354140,"Solanum oppositifolium","Solanum","Solanum|78",78,"False","Solanum oppositifolium","species","Solanum","Solanaceae","True","True","True","True","I_NATURALIST_RANKED_ANCESTORS","EXACT_SPECIES_FAMILY_GENUS_READY","GENUS_FAMILY_IN_LCVP_SYNTHETIC_NOT_DIRECT",,FALSE,TRUE
1354142,"Solanum morii","Solanum","Solanum|78",78,"False","Solanum morii","species","Solanum","Solanaceae","True","True","True","True","I_NATURALIST_RANKED_ANCESTORS","EXACT_SPECIES_FAMILY_GENUS_READY","GENUS_FAMILY_IN_LCVP_SYNTHETIC_NOT_DIRECT",,FALSE,TRUE
1357978,"Rudgea lanceifolia","Rudgea","Rudgea|78",78,"True","Rudgea lanceifolia","species","Rudgea","Rubiaceae","True","True","True","True","I_NATURALIST_RANKED_ANCESTORS","EXACT_SPECIES_FAMILY_GENUS_READY","GENUS_FAMILY_IN_LCVP_SYNTHETIC_NOT_DIRECT",,FALSE,TRUE
1358025,"Sipanea biflora","Sipanea","Sipanea|78",78,"True","Sipanea biflora","species","Sipanea","Rubiaceae","True","True","True","True","I_NATURALIST_RANKED_ANCESTORS","EXACT_SPECIES_FAMILY_GENUS_READY","EXACT_SPECIES_TIP_IN_LCVP_BACKBONE","Sipanea_biflora",TRUE,FALSE
1360939,"Oncidium tipuloides","Oncidium","Oncidium|77",77,"False","Oncidium tipuloides","species","Oncidium","Orchidaceae","True","True","True","True","I_NATURALIST_RANKED_ANCESTORS","EXACT_SPECIES_FAMILY_GENUS_READY","EXACT_SPECIES_TIP_IN_LCVP_BACKBONE","Oncidium_tipuloides",TRUE,FALSE
1361897,"Trichocentrum natalieae","Trichocentrum","Trichocentrum|93",93,"False","Trichocentrum natalieae","species","Trichocentrum","Orchidaceae","True","True","True","True","I_NATURALIST_RANKED_ANCESTORS","EXACT_SPECIES_FAMILY_GENUS_READY","GENUS_FAMILY_IN_LCVP_SYNTHETIC_NOT_DIRECT",,FALSE,TRUE
1362811,"Maxillaria mapiriensis","Maxillaria","Maxillaria|77",77,"True","Maxillaria mapiriensis","species","Maxillaria","Orchidaceae","True","True","True","True","I_NATURALIST_RANKED_ANCESTORS","EXACT_SPECIES_FAMILY_GENUS_READY","GENUS_FAMILY_IN_LCVP_SYNTHETIC_NOT_DIRECT",,FALSE,TRUE
1363220,"Argyreia ionantha","Argyreia","Argyreia|103",103,"False","Argyreia ionantha","species","Argyreia","Convolvulaceae","True","True","True","True","I_NATURALIST_RANKED_ANCESTORS","EXACT_SPECIES_FAMILY_GENUS_READY","GENUS_FAMILY_IN_LCVP_SYNTHETIC_NOT_DIRECT",,FALSE,TRUE
1364920,"Begonia sorsogonensis","Begonia","Begonia|105",105,"False","Begonia sorsogonensis","species","Begonia","Begoniaceae","True","True","True","True","I_NATURALIST_RANKED_ANCESTORS","EXACT_SPECIES_FAMILY_GENUS_READY","GENUS_FAMILY_IN_LCVP_SYNTHETIC_NOT_DIRECT",,FALSE,TRUE
1365717,"Hibbertia cravenii","Hibbertia","Hibbertia|69",69,"False","Hibbertia cravenii","species","Hibbertia","Dilleniaceae","True","True","True","True","I_NATURALIST_RANKED_ANCESTORS","EXACT_SPECIES_FAMILY_GENUS_READY","GENUS_FAMILY_IN_LCVP_SYNTHETIC_NOT_DIRECT",,FALSE,TRUE
1365720,"Hibbertia goyderi","Hibbertia","Hibbertia|69",69,"False","Hibbertia goyderi","species","Hibbertia","Dilleniaceae","True","True","True","True","I_NATURALIST_RANKED_ANCESTORS","EXACT_SPECIES_FAMILY_GENUS_READY","EXACT_SPECIES_TIP_IN_LCVP_BACKBONE","Hibbertia_goyderi",TRUE,FALSE
1365723,"Hibbertia haplostemona","Hibbertia","Hibbertia|69",69,"False","Hibbertia haplostemona","species","Hibbertia","Dilleniaceae","True","True","True","True","I_NATURALIST_RANKED_ANCESTORS","EXACT_SPECIES_FAMILY_GENUS_READY","GENUS_FAMILY_IN_LCVP_SYNTHETIC_NOT_DIRECT",,FALSE,TRUE
1368958,"Hibbertia concinna","Hibbertia","Hibbertia|70",70,"True","Hibbertia concinna","species","Hibbertia","Dilleniaceae","True","True","True","True","I_NATURALIST_RANKED_ANCESTORS","EXACT_SPECIES_FAMILY_GENUS_READY","GENUS_FAMILY_IN_LCVP_SYNTHETIC_NOT_DIRECT",,FALSE,TRUE
1372365,"Psychotria calothyrsa","Psychotria","Psychotria|53",53,"True","Psychotria calothyrsa","species","Psychotria","Rubiaceae","True","True","True","True","I_NATURALIST_RANKED_ANCESTORS","EXACT_SPECIES_FAMILY_GENUS_READY","GENUS_FAMILY_IN_LCVP_SYNTHETIC_NOT_DIRECT",,FALSE,TRUE
1372889,"Habenaria spathulifera","Habenaria","Habenaria|78",78,"False","Habenaria spathulifera","species","Habenaria","Orchidaceae","True","True","True","True","I_NATURALIST_RANKED_ANCESTORS","EXACT_SPECIES_FAMILY_GENUS_READY","GENUS_FAMILY_IN_LCVP_SYNTHETIC_NOT_DIRECT",,FALSE,TRUE
1373319,"Indigofera priorii","Indigofera","Indigofera|28",28,"False","Indigofera priorii","species","Indigofera","Fabaceae","True","True","True","True","I_NATURALIST_RANKED_ANCESTORS","EXACT_SPECIES_FAMILY_GENUS_READY","GENUS_FAMILY_IN_LCVP_SYNTHETIC_NOT_DIRECT",,FALSE,TRUE
1375466,"Vicia orientalis","Vicia","Vicia|118",118,"True","Vicia orientalis","species","Vicia","Fabaceae","True","True","True","True","I_NATURALIST_RANKED_ANCESTORS","EXACT_SPECIES_FAMILY_GENUS_READY","GENUS_FAMILY_IN_LCVP_SYNTHETIC_NOT_DIRECT",,FALSE,TRUE
1375909,"Habenaria sprucei","Habenaria","Habenaria|78",78,"False","Habenaria sprucei","species","Habenaria","Orchidaceae","True","True","True","True","I_NATURALIST_RANKED_ANCESTORS","EXACT_SPECIES_FAMILY_GENUS_READY","GENUS_FAMILY_IN_LCVP_SYNTHETIC_NOT_DIRECT",,FALSE,TRUE
1393223,"Viola incisa","Viola","Viola|158",158,"False","Viola incisa","species","Viola","Violaceae","True","True","True","True","I_NATURALIST_RANKED_ANCESTORS","EXACT_SPECIES_FAMILY_GENUS_READY","GENUS_FAMILY_IN_LCVP_SYNTHETIC_NOT_DIRECT",,FALSE,TRUE
1393413,"Micromeria helianthemifolia","Micromeria","Micromeria|116",116,"True","Micromeria helianthemifolia","species","Micromeria","Lamiaceae","True","True","True","True","I_NATURALIST_RANKED_ANCESTORS","EXACT_SPECIES_FAMILY_GENUS_READY","GENUS_FAMILY_IN_LCVP_SYNTHETIC_NOT_DIRECT",,FALSE,TRUE
1393778,"Encyclia guianensis","Encyclia","Encyclia|78",78,"True","Encyclia guianensis","species","Encyclia","Orchidaceae","True","True","True","True","I_NATURALIST_RANKED_ANCESTORS","EXACT_SPECIES_FAMILY_GENUS_READY","GENUS_FAMILY_IN_LCVP_SYNTHETIC_NOT_DIRECT",,FALSE,TRUE
1394715,"Lepidagathis mahakassapae","Lepidagathis","Lepidagathis|102",102,"True","Lepidagathis mahakassapae","species","Lepidagathis","Acanthaceae","True","True","True","True","I_NATURALIST_RANKED_ANCESTORS","EXACT_SPECIES_FAMILY_GENUS_READY","GENUS_FAMILY_IN_LCVP_SYNTHETIC_NOT_DIRECT",,FALSE,TRUE
1398087,"Hibbertia caudice","Hibbertia","Hibbertia|69",69,"False","Hibbertia caudice","species","Hibbertia","Dilleniaceae","True","True","True","True","I_NATURALIST_RANKED_ANCESTORS","EXACT_SPECIES_FAMILY_GENUS_READY","GENUS_FAMILY_IN_LCVP_SYNTHETIC_NOT_DIRECT",,FALSE,TRUE
1399912,"Begonia lagunensis","Begonia","Begonia|105",105,"False","Begonia lagunensis","species","Begonia","Begoniaceae","True","True","True","True","I_NATURALIST_RANKED_ANCESTORS","EXACT_SPECIES_FAMILY_GENUS_READY","EXACT_SPECIES_TIP_IN_LCVP_BACKBONE","Begonia_lagunensis",TRUE,FALSE
1401891,"Bossiaea concolor","Bossiaea","Bossiaea|52",52,"False","Bossiaea concolor","species","Bossiaea","Fabaceae","True","True","True","True","I_NATURALIST_RANKED_ANCESTORS","EXACT_SPECIES_FAMILY_GENUS_READY","GENUS_FAMILY_IN_LCVP_SYNTHETIC_NOT_DIRECT",,FALSE,TRUE
1405712,"Cynorkis kirkii","Cynorkis","Cynorkis|64",64,"True","Cynorkis kirkii","species","Cynorkis","Orchidaceae","True","True","True","True","I_NATURALIST_RANKED_ANCESTORS","EXACT_SPECIES_FAMILY_GENUS_READY","FAMILY_VERIFIED_GENUS_ABSENT_FROM_LCVP",,FALSE,TRUE
1412019,"Tapeinosperma squarrosum","Tapeinosperma","Tapeinosperma|53",53,"True","Tapeinosperma squarrosum","species","Tapeinosperma","Primulaceae","True","True","True","True","I_NATURALIST_RANKED_ANCESTORS","EXACT_SPECIES_FAMILY_GENUS_READY","FAMILY_VERIFIED_GENUS_ABSENT_FROM_LCVP",,FALSE,TRUE
1413563,"Mimosa tandilensis","Mimosa","Mimosa|24",24,"False","Mimosa tandilensis","species","Mimosa","Fabaceae","True","True","True","True","I_NATURALIST_RANKED_ANCESTORS","EXACT_SPECIES_FAMILY_GENUS_READY","GENUS_FAMILY_IN_LCVP_SYNTHETIC_NOT_DIRECT",,FALSE,TRUE
1416060,"Romulea luteiflora","Romulea","Romulea|45",45,"False","Romulea luteiflora","species","Romulea","Iridaceae","True","True","True","True","I_NATURALIST_RANKED_ANCESTORS","EXACT_SPECIES_FAMILY_GENUS_READY","GENUS_FAMILY_IN_LCVP_SYNTHETIC_NOT_DIRECT",,FALSE,TRUE
1418536,"Styphelia nitens","Styphelia","Styphelia|50",50,"False","Styphelia nitens","species","Styphelia","Ericaceae","True","True","True","True","I_NATURALIST_RANKED_ANCESTORS","EXACT_SPECIES_FAMILY_GENUS_READY","GENUS_FAMILY_IN_LCVP_SYNTHETIC_NOT_DIRECT",,FALSE,TRUE
1418973,"Goodenia brendannarum","Goodenia","Goodenia|32",32,"True","Goodenia brendannarum","species","Goodenia","Goodeniaceae","True","True","True","True","I_NATURALIST_RANKED_ANCESTORS","EXACT_SPECIES_FAMILY_GENUS_READY","GENUS_FAMILY_IN_LCVP_SYNTHETIC_NOT_DIRECT",,FALSE,TRUE
1419339,"Vincetoxicum versicolor","Vincetoxicum","Vincetoxicum|140",140,"True","Vincetoxicum versicolor","species","Vincetoxicum","Apocynaceae","True","True","True","True","I_NATURALIST_RANKED_ANCESTORS","EXACT_SPECIES_FAMILY_GENUS_READY","EXACT_SPECIES_TIP_GENUS_FAMILY_TAXONOMIC_CONFLICT",,FALSE,TRUE
1419468,"Sphaerolobium hygrophilum","Sphaerolobium","Sphaerolobium|32",32,"True","Sphaerolobium hygrophilum","species","Sphaerolobium","Fabaceae","True","True","True","True","I_NATURALIST_RANKED_ANCESTORS","EXACT_SPECIES_FAMILY_GENUS_READY","FAMILY_VERIFIED_GENUS_ABSENT_FROM_LCVP",,FALSE,TRUE
1420823,"Petrophile axillaris","Petrophile","Petrophile|32",32,"False","Petrophile axillaris","species","Petrophile","Proteaceae","True","True","True","True","I_NATURALIST_RANKED_ANCESTORS","EXACT_SPECIES_FAMILY_GENUS_READY","GENUS_FAMILY_IN_LCVP_SYNTHETIC_NOT_DIRECT",,FALSE,TRUE
1423442,"Dendrophyllanthus serpentinus","Dendrophyllanthus","Dendrophyllanthus|53",53,"True","Dendrophyllanthus serpentinus","species","Dendrophyllanthus","Phyllanthaceae","True","True","True","True","I_NATURALIST_RANKED_ANCESTORS","EXACT_SPECIES_FAMILY_GENUS_READY","FAMILY_VERIFIED_GENUS_ABSENT_FROM_LCVP",,FALSE,TRUE
1423443,"Dendrophyllanthus tiebaghiensis","Dendrophyllanthus","Dendrophyllanthus|53",53,"True","Dendrophyllanthus tiebaghiensis","species","Dendrophyllanthus","Phyllanthaceae","True","True","True","True","I_NATURALIST_RANKED_ANCESTORS","EXACT_SPECIES_FAMILY_GENUS_READY","FAMILY_VERIFIED_GENUS_ABSENT_FROM_LCVP",,FALSE,TRUE
1425348,"Mitrasacme subvolubilis","Mitrasacme","Mitrasacme|69",69,"False","Mitrasacme subvolubilis","species","Mitrasacme","Loganiaceae","True","True","True","True","I_NATURALIST_RANKED_ANCESTORS","EXACT_SPECIES_FAMILY_GENUS_READY","FAMILY_VERIFIED_GENUS_ABSENT_FROM_LCVP",,FALSE,TRUE
1428386,"Styphelia serratifolia","Styphelia","Styphelia|50",50,"False","Styphelia serratifolia","species","Styphelia","Ericaceae","True","True","True","True","I_NATURALIST_RANKED_ANCESTORS","EXACT_SPECIES_FAMILY_GENUS_READY","GENUS_FAMILY_IN_LCVP_SYNTHETIC_NOT_DIRECT",,FALSE,TRUE
1431708,"Gladiolus jonquilodorus","Gladiolus","Gladiolus|27",27,"True","Gladiolus jonquilodorus","species","Gladiolus","Iridaceae","True","True","True","True","I_NATURALIST_RANKED_ANCESTORS","EXACT_SPECIES_FAMILY_GENUS_READY","EXACT_SPECIES_TIP_IN_LCVP_BACKBONE","Gladiolus_jonquilodorus",TRUE,FALSE
1432906,"Levenhookia aestiva","Levenhookia","Levenhookia|50",50,"False","Levenhookia aestiva","species","Levenhookia","Stylidiaceae","True","True","True","True","I_NATURALIST_RANKED_ANCESTORS","EXACT_SPECIES_FAMILY_GENUS_READY","FAMILY_VERIFIED_GENUS_ABSENT_FROM_LCVP",,FALSE,TRUE
1433132,"Androsace argentea","Androsace","Androsace|134",134,"False","Androsace argentea","species","Androsace","Primulaceae","True","True","True","True","I_NATURALIST_RANKED_ANCESTORS","EXACT_SPECIES_FAMILY_GENUS_READY","GENUS_FAMILY_IN_LCVP_SYNTHETIC_NOT_DIRECT",,FALSE,TRUE
1434174,"Psoralea hirta","Psoralea","Psoralea|45",45,"True","Psoralea hirta","species","Psoralea","Fabaceae","True","True","True","True","I_NATURALIST_RANKED_ANCESTORS","EXACT_SPECIES_FAMILY_GENUS_READY","GENUS_FAMILY_IN_LCVP_SYNTHETIC_NOT_DIRECT",,FALSE,TRUE
1434307,"Psoralea bolusii","Psoralea","Psoralea|45",45,"True","Psoralea bolusii","species","Psoralea","Fabaceae","True","True","True","True","I_NATURALIST_RANKED_ANCESTORS","EXACT_SPECIES_FAMILY_GENUS_READY","GENUS_FAMILY_IN_LCVP_SYNTHETIC_NOT_DIRECT",,FALSE,TRUE
1434378,"Myrcia graciliflora","Myrcia","Myrcia|78",78,"True","Myrcia graciliflora","species","Myrcia","Myrtaceae","True","True","True","True","I_NATURALIST_RANKED_ANCESTORS","EXACT_SPECIES_FAMILY_GENUS_READY","GENUS_FAMILY_IN_LCVP_SYNTHETIC_NOT_DIRECT",,FALSE,TRUE
1434888,"Hibbertia bicarpellata","Hibbertia","Hibbertia|70",70,"True","Hibbertia bicarpellata","species","Hibbertia","Dilleniaceae","True","True","True","True","I_NATURALIST_RANKED_ANCESTORS","EXACT_SPECIES_FAMILY_GENUS_READY","GENUS_FAMILY_IN_LCVP_SYNTHETIC_NOT_DIRECT",,FALSE,TRUE
1447160,"Spermacoce gibba","Spermacoce","Spermacoce|69",69,"False","Spermacoce gibba","species","Spermacoce","Rubiaceae","True","True","True","True","I_NATURALIST_RANKED_ANCESTORS","EXACT_SPECIES_FAMILY_GENUS_READY","GENUS_FAMILY_IN_LCVP_SYNTHETIC_NOT_DIRECT",,FALSE,TRUE
1448609,"Leichhardtia dognyensis","Leichhardtia","Leichhardtia|53",53,"True","Leichhardtia dognyensis","species","Leichhardtia","Apocynaceae","True","True","True","True","I_NATURALIST_RANKED_ANCESTORS","EXACT_SPECIES_FAMILY_GENUS_READY","FAMILY_VERIFIED_GENUS_ABSENT_FROM_LCVP",,FALSE,TRUE
1448737,"Leichhardtia neomicrostoma","Leichhardtia","Leichhardtia|53",53,"True","Leichhardtia neomicrostoma","species","Leichhardtia","Apocynaceae","True","True","True","True","I_NATURALIST_RANKED_ANCESTORS","EXACT_SPECIES_FAMILY_GENUS_READY","FAMILY_VERIFIED_GENUS_ABSENT_FROM_LCVP",,FALSE,TRUE
1449354,"Leichhardtia nigriflora","Leichhardtia","Leichhardtia|53",53,"True","Leichhardtia nigriflora","species","Leichhardtia","Apocynaceae","True","True","True","True","I_NATURALIST_RANKED_ANCESTORS","EXACT_SPECIES_FAMILY_GENUS_READY","FAMILY_VERIFIED_GENUS_ABSENT_FROM_LCVP",,FALSE,TRUE
1452058,"Melaleuca crispii","Melaleuca","Melaleuca|32",32,"False","Melaleuca crispii","species","Melaleuca","Myrtaceae","True","True","True","True","I_NATURALIST_RANKED_ANCESTORS","EXACT_SPECIES_FAMILY_GENUS_READY","GENUS_FAMILY_IN_LCVP_SYNTHETIC_NOT_DIRECT",,FALSE,TRUE
1452910,"Pimelea plurinervia","Pimelea","Pimelea|70",70,"True","Pimelea plurinervia","species","Pimelea","Thymelaeaceae","True","True","True","True","I_NATURALIST_RANKED_ANCESTORS","EXACT_SPECIES_FAMILY_GENUS_READY","GENUS_FAMILY_IN_LCVP_SYNTHETIC_NOT_DIRECT",,FALSE,TRUE
1455743,"Tapeinosperma minutum","Tapeinosperma","Tapeinosperma|53",53,"True","Tapeinosperma minutum","species","Tapeinosperma","Primulaceae","True","True","True","True","I_NATURALIST_RANKED_ANCESTORS","EXACT_SPECIES_FAMILY_GENUS_READY","FAMILY_VERIFIED_GENUS_ABSENT_FROM_LCVP",,FALSE,TRUE
1456861,"Tapeinosperma glandulosum","Tapeinosperma","Tapeinosperma|53",53,"True","Tapeinosperma glandulosum","species","Tapeinosperma","Primulaceae","True","True","True","True","I_NATURALIST_RANKED_ANCESTORS","EXACT_SPECIES_FAMILY_GENUS_READY","FAMILY_VERIFIED_GENUS_ABSENT_FROM_LCVP",,FALSE,TRUE
1457093,"Streptocarpus pumilus","Streptocarpus","Streptocarpus|64",64,"False","Streptocarpus pumilus","species","Streptocarpus","Gesneriaceae","True","True","True","True","I_NATURALIST_RANKED_ANCESTORS","EXACT_SPECIES_FAMILY_GENUS_READY","EXACT_SPECIES_TIP_IN_LCVP_BACKBONE","Streptocarpus_pumilus",TRUE,FALSE
1459069,"Dendrophyllanthus loranthoides","Dendrophyllanthus","Dendrophyllanthus|53",53,"True","Dendrophyllanthus loranthoides","species","Dendrophyllanthus","Phyllanthaceae","True","True","True","True","I_NATURALIST_RANKED_ANCESTORS","EXACT_SPECIES_FAMILY_GENUS_READY","FAMILY_VERIFIED_GENUS_ABSENT_FROM_LCVP",,FALSE,TRUE
1459147,"Lachenalia glaucina","Lachenalia","Lachenalia|27",27,"True","Lachenalia glaucina","species","Lachenalia","Asparagaceae","True","True","True","True","I_NATURALIST_RANKED_ANCESTORS","EXACT_SPECIES_FAMILY_GENUS_READY","GENUS_FAMILY_IN_LCVP_SYNTHETIC_NOT_DIRECT",,FALSE,TRUE
1463001,"Lepanthes intonsa","Lepanthes","Lepanthes|77",77,"False","Lepanthes intonsa","species","Lepanthes","Orchidaceae","True","True","True","True","I_NATURALIST_RANKED_ANCESTORS","EXACT_SPECIES_FAMILY_GENUS_READY","GENUS_FAMILY_IN_LCVP_SYNTHETIC_NOT_DIRECT",,FALSE,TRUE
1465428,"Chamaecrista brevicalyx","Chamaecrista","Chamaecrista|61",61,"False","Chamaecrista brevicalyx","species","Chamaecrista","Fabaceae","True","True","True","True","I_NATURALIST_RANKED_ANCESTORS","EXACT_SPECIES_FAMILY_GENUS_READY","GENUS_FAMILY_IN_LCVP_SYNTHETIC_NOT_DIRECT",,FALSE,TRUE
1466946,"Hibbertia brownii","Hibbertia","Hibbertia|69",69,"False","Hibbertia brownii","species","Hibbertia","Dilleniaceae","True","True","True","True","I_NATURALIST_RANKED_ANCESTORS","EXACT_SPECIES_FAMILY_GENUS_READY","GENUS_FAMILY_IN_LCVP_SYNTHETIC_NOT_DIRECT",,FALSE,TRUE
1469019,"Pavonia orientalis","Pavonia","Pavonia|24",24,"False","Pavonia orientalis","species","Pavonia","Malvaceae","True","True","True","True","I_NATURALIST_RANKED_ANCESTORS","EXACT_SPECIES_FAMILY_GENUS_READY","GENUS_FAMILY_IN_LCVP_SYNTHETIC_NOT_DIRECT",,FALSE,TRUE
1469423,"Burmannia candida","Burmannia","Burmannia|104",104,"False","Burmannia candida","species","Burmannia","Burmanniaceae","True","True","True","True","I_NATURALIST_RANKED_ANCESTORS","EXACT_SPECIES_FAMILY_GENUS_READY","GENUS_FAMILY_IN_LCVP_SYNTHETIC_NOT_DIRECT",,FALSE,TRUE
1470298,"Jacquemontia multiflora","Jacquemontia","Jacquemontia|61",61,"True","Jacquemontia multiflora","species","Jacquemontia","Convolvulaceae","True","True","True","True","I_NATURALIST_RANKED_ANCESTORS","EXACT_SPECIES_FAMILY_GENUS_READY","GENUS_FAMILY_IN_LCVP_SYNTHETIC_NOT_DIRECT",,FALSE,TRUE
1471096,"Styphelia erectifolia","Styphelia","Styphelia|50",50,"False","Styphelia erectifolia","species","Styphelia","Ericaceae","True","True","True","True","I_NATURALIST_RANKED_ANCESTORS","EXACT_SPECIES_FAMILY_GENUS_READY","GENUS_FAMILY_IN_LCVP_SYNTHETIC_NOT_DIRECT",,FALSE,TRUE
1478465,"Styphelia compacta","Styphelia","Styphelia|50",50,"False","Styphelia compacta","species","Styphelia","Ericaceae","True","True","True","True","I_NATURALIST_RANKED_ANCESTORS","EXACT_SPECIES_FAMILY_GENUS_READY","GENUS_FAMILY_IN_LCVP_SYNTHETIC_NOT_DIRECT",,FALSE,TRUE
1478466,"Styphelia foliosa","Styphelia","Styphelia|50",50,"False","Styphelia foliosa","species","Styphelia","Ericaceae","True","True","True","True","I_NATURALIST_RANKED_ANCESTORS","EXACT_SPECIES_FAMILY_GENUS_READY","GENUS_FAMILY_IN_LCVP_SYNTHETIC_NOT_DIRECT",,FALSE,TRUE
1478473,"Styphelia stomarrhena","Styphelia","Styphelia|50",50,"False","Styphelia stomarrhena","species","Styphelia","Ericaceae","True","True","True","True","I_NATURALIST_RANKED_ANCESTORS","EXACT_SPECIES_FAMILY_GENUS_READY","GENUS_FAMILY_IN_LCVP_SYNTHETIC_NOT_DIRECT",,FALSE,TRUE
1478474,"Styphelia xerophylla","Styphelia","Styphelia|50",50,"False","Styphelia xerophylla","species","Styphelia","Ericaceae","True","True","True","True","I_NATURALIST_RANKED_ANCESTORS","EXACT_SPECIES_FAMILY_GENUS_READY","GENUS_FAMILY_IN_LCVP_SYNTHETIC_NOT_DIRECT",,FALSE,TRUE
1483639,"Trichostema bridgesii-orzellii","Trichostema","Trichostema|112",112,"False","Trichostema bridgesii-orzellii","species","Trichostema","Lamiaceae","True","True","True","True","I_NATURALIST_RANKED_ANCESTORS","EXACT_SPECIES_FAMILY_GENUS_READY","FAMILY_VERIFIED_GENUS_ABSENT_FROM_LCVP",,FALSE,TRUE
1483641,"Trichostema floridanum","Trichostema","Trichostema|112",112,"False","Trichostema floridanum","species","Trichostema","Lamiaceae","True","True","True","True","I_NATURALIST_RANKED_ANCESTORS","EXACT_SPECIES_FAMILY_GENUS_READY","FAMILY_VERIFIED_GENUS_ABSENT_FROM_LCVP",,FALSE,TRUE
1483643,"Trichostema gracile","Trichostema","Trichostema|112",112,"False","Trichostema gracile","species","Trichostema","Lamiaceae","True","True","True","True","I_NATURALIST_RANKED_ANCESTORS","EXACT_SPECIES_FAMILY_GENUS_READY","FAMILY_VERIFIED_GENUS_ABSENT_FROM_LCVP",,FALSE,TRUE
1487402,"Thalictrum elegans","Thalictrum","Thalictrum|121",121,"True","Thalictrum elegans","species","Thalictrum","Ranunculaceae","True","True","True","True","I_NATURALIST_RANKED_ANCESTORS","EXACT_SPECIES_FAMILY_GENUS_READY","EXACT_SPECIES_TIP_IN_LCVP_BACKBONE","Thalictrum_elegans",TRUE,FALSE
1490956,"Hibbertia radians","Hibbertia","Hibbertia|33",33,"True","Hibbertia radians","species","Hibbertia","Dilleniaceae","True","True","True","True","I_NATURALIST_RANKED_ANCESTORS","EXACT_SPECIES_FAMILY_GENUS_READY","GENUS_FAMILY_IN_LCVP_SYNTHETIC_NOT_DIRECT",,FALSE,TRUE
1491024,"Eugenia kleinii","Eugenia","Eugenia|42",42,"False","Eugenia kleinii","species","Eugenia","Myrtaceae","True","True","True","True","I_NATURALIST_RANKED_ANCESTORS","EXACT_SPECIES_FAMILY_GENUS_READY","GENUS_FAMILY_IN_LCVP_SYNTHETIC_NOT_DIRECT",,FALSE,TRUE
1496322,"Gastrolobium brownii","Gastrolobium","Gastrolobium|32",32,"True","Gastrolobium brownii","species","Gastrolobium","Fabaceae","True","True","True","True","I_NATURALIST_RANKED_ANCESTORS","EXACT_SPECIES_FAMILY_GENUS_READY","GENUS_FAMILY_IN_LCVP_SYNTHETIC_NOT_DIRECT",,FALSE,TRUE
1501394,"Mitrasacme scrithicola","Mitrasacme","Mitrasacme|69",69,"False","Mitrasacme scrithicola","species","Mitrasacme","Loganiaceae","True","True","True","True","I_NATURALIST_RANKED_ANCESTORS","EXACT_SPECIES_FAMILY_GENUS_READY","FAMILY_VERIFIED_GENUS_ABSENT_FROM_LCVP",,FALSE,TRUE
1501395,"Mitrasacme exserta","Mitrasacme","Mitrasacme|69",69,"False","Mitrasacme exserta","species","Mitrasacme","Loganiaceae","True","True","True","True","I_NATURALIST_RANKED_ANCESTORS","EXACT_SPECIES_FAMILY_GENUS_READY","FAMILY_VERIFIED_GENUS_ABSENT_FROM_LCVP",,FALSE,TRUE
1504548,"Daviesia audax","Daviesia","Daviesia|50",50,"False","Daviesia audax","species","Daviesia","Fabaceae","True","True","True","True","I_NATURALIST_RANKED_ANCESTORS","EXACT_SPECIES_FAMILY_GENUS_READY","GENUS_FAMILY_IN_LCVP_SYNTHETIC_NOT_DIRECT",,FALSE,TRUE
1513699,"Ipomoea cynanchifolia","Ipomoea","Ipomoea|61",61,"False","Ipomoea cynanchifolia","species","Ipomoea","Convolvulaceae","True","True","True","True","I_NATURALIST_RANKED_ANCESTORS","EXACT_SPECIES_FAMILY_GENUS_READY","GENUS_FAMILY_IN_LCVP_SYNTHETIC_NOT_DIRECT",,FALSE,TRUE
1517111,"Chorizema spathulatum","Chorizema","Chorizema|32",32,"False","Chorizema spathulatum","species","Chorizema","Fabaceae","True","True","True","True","I_NATURALIST_RANKED_ANCESTORS","EXACT_SPECIES_FAMILY_GENUS_READY","FAMILY_VERIFIED_GENUS_ABSENT_FROM_LCVP",,FALSE,TRUE
1518356,"Myrcia rupta","Myrcia","Myrcia|78",78,"True","Myrcia rupta","species","Myrcia","Myrtaceae","True","True","True","True","I_NATURALIST_RANKED_ANCESTORS","EXACT_SPECIES_FAMILY_GENUS_READY","GENUS_FAMILY_IN_LCVP_SYNTHETIC_NOT_DIRECT",,FALSE,TRUE
1518698,"Scaevola filifolia","Scaevola","Scaevola|32",32,"False","Scaevola filifolia","species","Scaevola","Goodeniaceae","True","True","True","True","I_NATURALIST_RANKED_ANCESTORS","EXACT_SPECIES_FAMILY_GENUS_READY","GENUS_FAMILY_IN_LCVP_SYNTHETIC_NOT_DIRECT",,FALSE,TRUE
1529216,"Sedum brachyrhinchum","Sedum","Sedum|123",123,"True","Sedum brachyrhinchum","species","Sedum","Crassulaceae","True","True","True","True","I_NATURALIST_RANKED_ANCESTORS","EXACT_SPECIES_FAMILY_GENUS_READY","GENUS_FAMILY_IN_LCVP_SYNTHETIC_NOT_DIRECT",,FALSE,TRUE
1533444,"Myrcia neomontana","Myrcia","Myrcia|78",78,"True","Myrcia neomontana","species","Myrcia","Myrtaceae","True","True","True","True","I_NATURALIST_RANKED_ANCESTORS","EXACT_SPECIES_FAMILY_GENUS_READY","GENUS_FAMILY_IN_LCVP_SYNTHETIC_NOT_DIRECT",,FALSE,TRUE
1535261,"Isopogon spathulatus","Isopogon","Isopogon|32",32,"True","Isopogon spathulatus","species","Isopogon","Proteaceae","True","True","True","True","I_NATURALIST_RANKED_ANCESTORS","EXACT_SPECIES_FAMILY_GENUS_READY","GENUS_FAMILY_IN_LCVP_SYNTHETIC_NOT_DIRECT",,FALSE,TRUE
1535482,"Eremurus soogdianus","Eremurus","Eremurus|138",138,"False","Eremurus soogdianus","species","Eremurus","Asphodelaceae","True","True","True","True","I_NATURALIST_RANKED_ANCESTORS","EXACT_SPECIES_FAMILY_GENUS_READY","GENUS_FAMILY_IN_LCVP_SYNTHETIC_NOT_DIRECT",,FALSE,TRUE
1536674,"Hibbertia brevipedunculata","Hibbertia","Hibbertia|69",69,"False","Hibbertia brevipedunculata","species","Hibbertia","Dilleniaceae","True","True","True","True","I_NATURALIST_RANKED_ANCESTORS","EXACT_SPECIES_FAMILY_GENUS_READY","GENUS_FAMILY_IN_LCVP_SYNTHETIC_NOT_DIRECT",,FALSE,TRUE
1542751,"Tapeinosperma golonense","Tapeinosperma","Tapeinosperma|53",53,"True","Tapeinosperma golonense","species","Tapeinosperma","Primulaceae","True","True","True","True","I_NATURALIST_RANKED_ANCESTORS","EXACT_SPECIES_FAMILY_GENUS_READY","FAMILY_VERIFIED_GENUS_ABSENT_FROM_LCVP",,FALSE,TRUE
1543110,"Gastrolobium vestitum","Gastrolobium","Gastrolobium|32",32,"True","Gastrolobium vestitum","species","Gastrolobium","Fabaceae","True","True","True","True","I_NATURALIST_RANKED_ANCESTORS","EXACT_SPECIES_FAMILY_GENUS_READY","GENUS_FAMILY_IN_LCVP_SYNTHETIC_NOT_DIRECT",,FALSE,TRUE
1546087,"Cirsium townsendii","Cirsium","Cirsium|111",111,"True","Cirsium townsendii","species","Cirsium","Asteraceae","True","True","True","True","I_NATURALIST_RANKED_ANCESTORS","EXACT_SPECIES_FAMILY_GENUS_READY","GENUS_FAMILY_IN_LCVP_SYNTHETIC_NOT_DIRECT",,FALSE,TRUE
1557479,"Habenaria subfiliformis","Habenaria","Habenaria|78",78,"False","Habenaria subfiliformis","species","Habenaria","Orchidaceae","True","True","True","True","I_NATURALIST_RANKED_ANCESTORS","EXACT_SPECIES_FAMILY_GENUS_READY","GENUS_FAMILY_IN_LCVP_SYNTHETIC_NOT_DIRECT",,FALSE,TRUE
1559087,"Pinguicula tlahuica","Pinguicula","Pinguicula|94",94,"False","Pinguicula tlahuica","species","Pinguicula","Lentibulariaceae","True","True","True","True","I_NATURALIST_RANKED_ANCESTORS","EXACT_SPECIES_FAMILY_GENUS_READY","GENUS_FAMILY_IN_LCVP_SYNTHETIC_NOT_DIRECT",,FALSE,TRUE
1559493,"Lysimachia taiwaniana","Lysimachia","Lysimachia|123",123,"True","Lysimachia taiwaniana","species","Lysimachia","Primulaceae","True","True","True","True","I_NATURALIST_RANKED_ANCESTORS","EXACT_SPECIES_FAMILY_GENUS_READY","GENUS_FAMILY_IN_LCVP_SYNTHETIC_NOT_DIRECT",,FALSE,TRUE
1561847,"Helichrysum densiflorum","Helichrysum","Helichrysum|64",64,"False","Helichrysum densiflorum","species","Helichrysum","Asteraceae","True","True","True","True","I_NATURALIST_RANKED_ANCESTORS","EXACT_SPECIES_FAMILY_GENUS_READY","GENUS_FAMILY_IN_LCVP_SYNTHETIC_NOT_DIRECT",,FALSE,TRUE
1562177,"Helichrysum whyteanum","Helichrysum","Helichrysum|64",64,"False","Helichrysum whyteanum","species","Helichrysum","Asteraceae","True","True","True","True","I_NATURALIST_RANKED_ANCESTORS","EXACT_SPECIES_FAMILY_GENUS_READY","GENUS_FAMILY_IN_LCVP_SYNTHETIC_NOT_DIRECT",,FALSE,TRUE
1568859,"Gastrolobium epacridioides","Gastrolobium","Gastrolobium|50",50,"True","Gastrolobium epacridioides","species","Gastrolobium","Fabaceae","True","True","True","True","I_NATURALIST_RANKED_ANCESTORS","EXACT_SPECIES_FAMILY_GENUS_READY","GENUS_FAMILY_IN_LCVP_SYNTHETIC_NOT_DIRECT",,FALSE,TRUE
1569026,"Onobrychis tavernierifolia","Onobrychis","Onobrychis|138",138,"False","Onobrychis tavernierifolia","species","Onobrychis","Fabaceae","True","True","True","True","I_NATURALIST_RANKED_ANCESTORS","EXACT_SPECIES_FAMILY_GENUS_READY","GENUS_FAMILY_IN_LCVP_SYNTHETIC_NOT_DIRECT",,FALSE,TRUE
1576161,"Weingartia canigueralii","Weingartia","Weingartia|59",59,"True","Weingartia canigueralii","species","Weingartia","Cactaceae","True","True","True","True","I_NATURALIST_RANKED_ANCESTORS","EXACT_SPECIES_FAMILY_GENUS_READY","FAMILY_VERIFIED_GENUS_ABSENT_FROM_LCVP",,FALSE,TRUE
1576177,"Weingartia cylindrica","Weingartia","Weingartia|59",59,"True","Weingartia cylindrica","species","Weingartia","Cactaceae","True","True","True","True","I_NATURALIST_RANKED_ANCESTORS","EXACT_SPECIES_FAMILY_GENUS_READY","FAMILY_VERIFIED_GENUS_ABSENT_FROM_LCVP",,FALSE,TRUE
1576198,"Weingartia tiraquensis","Weingartia","Weingartia|59",59,"True","Weingartia tiraquensis","species","Weingartia","Cactaceae","True","True","True","True","I_NATURALIST_RANKED_ANCESTORS","EXACT_SPECIES_FAMILY_GENUS_READY","FAMILY_VERIFIED_GENUS_ABSENT_FROM_LCVP",,FALSE,TRUE
1581159,"Tapeinosperma scrobiculatum","Tapeinosperma","Tapeinosperma|53",53,"True","Tapeinosperma scrobiculatum","species","Tapeinosperma","Primulaceae","True","True","True","True","I_NATURALIST_RANKED_ANCESTORS","EXACT_SPECIES_FAMILY_GENUS_READY","FAMILY_VERIFIED_GENUS_ABSENT_FROM_LCVP",,FALSE,TRUE
1587180,"Mitrasacme latiflora","Mitrasacme","Mitrasacme|69",69,"False","Mitrasacme latiflora","species","Mitrasacme","Loganiaceae","True","True","True","True","I_NATURALIST_RANKED_ANCESTORS","EXACT_SPECIES_FAMILY_GENUS_READY","FAMILY_VERIFIED_GENUS_ABSENT_FROM_LCVP",,FALSE,TRUE
1590084,"Epidendrum amaruense","Epidendrum","Epidendrum|59",59,"True","Epidendrum amaruense","species","Epidendrum","Orchidaceae","True","True","True","True","I_NATURALIST_RANKED_ANCESTORS","EXACT_SPECIES_FAMILY_GENUS_READY","GENUS_FAMILY_IN_LCVP_SYNTHETIC_NOT_DIRECT",,FALSE,TRUE
1590416,"Evolvulus flavus","Evolvulus","Evolvulus|61",61,"False","Evolvulus flavus","species","Evolvulus","Convolvulaceae","True","True","True","True","I_NATURALIST_RANKED_ANCESTORS","EXACT_SPECIES_FAMILY_GENUS_READY","GENUS_FAMILY_IN_LCVP_SYNTHETIC_NOT_DIRECT",,FALSE,TRUE
1598879,"Leschenaultia stenosepala","Leschenaultia","Leschenaultia|50",50,"True","Leschenaultia stenosepala","species","Leschenaultia","Goodeniaceae","True","True","True","True","I_NATURALIST_RANKED_ANCESTORS","EXACT_SPECIES_FAMILY_GENUS_READY","EXACT_SPECIES_TIP_GENUS_FAMILY_TAXONOMIC_CONFLICT",,FALSE,TRUE
1598880,"Leschenaultia floribunda","Leschenaultia","Leschenaultia|50",50,"True","Leschenaultia floribunda","species","Leschenaultia","Goodeniaceae","True","True","True","True","I_NATURALIST_RANKED_ANCESTORS","EXACT_SPECIES_FAMILY_GENUS_READY","EXACT_SPECIES_TIP_GENUS_FAMILY_TAXONOMIC_CONFLICT",,FALSE,TRUE
1598897,"Leschenaultia biloba","Leschenaultia","Leschenaultia|50",50,"True","Leschenaultia biloba","species","Leschenaultia","Goodeniaceae","True","True","True","True","I_NATURALIST_RANKED_ANCESTORS","EXACT_SPECIES_FAMILY_GENUS_READY","FAMILY_VERIFIED_GENUS_ABSENT_FROM_LCVP",,FALSE,TRUE
1603067,"Helichrysum simpsonii","Helichrysum","Helichrysum|35",35,"True","Helichrysum simpsonii","species","Helichrysum","Asteraceae","True","True","True","True","I_NATURALIST_RANKED_ANCESTORS","EXACT_SPECIES_FAMILY_GENUS_READY","GENUS_FAMILY_IN_LCVP_SYNTHETIC_NOT_DIRECT",,FALSE,TRUE
1613899,"Nothoscordum vittatum","Nothoscordum","Nothoscordum|24",24,"True","Nothoscordum vittatum","species","Nothoscordum","Amaryllidaceae","True","True","True","True","I_NATURALIST_RANKED_ANCESTORS","EXACT_SPECIES_FAMILY_GENUS_READY","GENUS_FAMILY_IN_LCVP_SYNTHETIC_NOT_DIRECT",,FALSE,TRUE
1616083,"Dichaea trinitensis","Dichaea","Dichaea|78",78,"True","Dichaea trinitensis","species","Dichaea","Orchidaceae","True","True","True","True","I_NATURALIST_RANKED_ANCESTORS","EXACT_SPECIES_FAMILY_GENUS_READY","GENUS_FAMILY_IN_LCVP_SYNTHETIC_NOT_DIRECT",,FALSE,TRUE
1638659,"Vincetoxicum bungei","Vincetoxicum","Vincetoxicum|140",140,"True","Vincetoxicum bungei","species","Vincetoxicum","Apocynaceae","True","True","True","True","I_NATURALIST_RANKED_ANCESTORS","EXACT_SPECIES_FAMILY_GENUS_READY","GENUS_FAMILY_IN_LCVP_SYNTHETIC_NOT_DIRECT",,FALSE,TRUE
1640688,"Nothoscordum hirtellum","Nothoscordum","Nothoscordum|24",24,"True","Nothoscordum hirtellum","species","Nothoscordum","Amaryllidaceae","True","True","True","True","I_NATURALIST_RANKED_ANCESTORS","EXACT_SPECIES_FAMILY_GENUS_READY","GENUS_FAMILY_IN_LCVP_SYNTHETIC_NOT_DIRECT",,FALSE,TRUE
1642823,"Bossiaea obovata","Bossiaea","Bossiaea|52",52,"False","Bossiaea obovata","species","Bossiaea","Fabaceae","True","True","True","True","I_NATURALIST_RANKED_ANCESTORS","EXACT_SPECIES_FAMILY_GENUS_READY","GENUS_FAMILY_IN_LCVP_SYNTHETIC_NOT_DIRECT",,FALSE,TRUE
1644217,"Begonia platyphylla","Begonia","Begonia|105",105,"False","Begonia platyphylla","species","Begonia","Begoniaceae","True","True","True","True","I_NATURALIST_RANKED_ANCESTORS","EXACT_SPECIES_FAMILY_GENUS_READY","GENUS_FAMILY_IN_LCVP_SYNTHETIC_NOT_DIRECT",,FALSE,TRUE
1644771,"Calanthe tankervilleae","Calanthe","Calanthe|53",53,"True","Calanthe tankervilleae","species","Calanthe","Orchidaceae","True","True","True","True","I_NATURALIST_RANKED_ANCESTORS","EXACT_SPECIES_FAMILY_GENUS_READY","GENUS_FAMILY_IN_LCVP_SYNTHETIC_NOT_DIRECT",,FALSE,TRUE
1644775,"Calanthe amboinensis","Calanthe","Calanthe|53",53,"True","Calanthe amboinensis","species","Calanthe","Orchidaceae","True","True","True","True","I_NATURALIST_RANKED_ANCESTORS","EXACT_SPECIES_FAMILY_GENUS_READY","GENUS_FAMILY_IN_LCVP_SYNTHETIC_NOT_DIRECT",,FALSE,TRUE
1645175,"Nothoscordum felipponei","Nothoscordum","Nothoscordum|24",24,"True","Nothoscordum felipponei","species","Nothoscordum","Amaryllidaceae","True","True","True","True","I_NATURALIST_RANKED_ANCESTORS","EXACT_SPECIES_FAMILY_GENUS_READY","GENUS_FAMILY_IN_LCVP_SYNTHETIC_NOT_DIRECT",,FALSE,TRUE
1659842,"Lepanthes fonnegrae","Lepanthes","Lepanthes|77",77,"False","Lepanthes fonnegrae","species","Lepanthes","Orchidaceae","True","True","True","True","I_NATURALIST_RANKED_ANCESTORS","EXACT_SPECIES_FAMILY_GENUS_READY","GENUS_FAMILY_IN_LCVP_SYNTHETIC_NOT_DIRECT",,FALSE,TRUE
1672236,"Senna gloriosa","Senna","Senna|61",61,"True","Senna gloriosa","species","Senna","Fabaceae","True","True","True","True","I_NATURALIST_RANKED_ANCESTORS","EXACT_SPECIES_FAMILY_GENUS_READY","GENUS_FAMILY_IN_LCVP_SYNTHETIC_NOT_DIRECT",,FALSE,TRUE
1681533,"Lepanthes barbosae","Lepanthes","Lepanthes|94",94,"False","Lepanthes barbosae","species","Lepanthes","Orchidaceae","True","True","True","True","I_NATURALIST_RANKED_ANCESTORS","EXACT_SPECIES_FAMILY_GENUS_READY","EXACT_SPECIES_TIP_IN_LCVP_BACKBONE","Lepanthes_barbosae",TRUE,FALSE
1682947,"Habenaria montis-wilhelminae","Habenaria","Habenaria|78",78,"False","Habenaria montis-wilhelminae","species","Habenaria","Orchidaceae","True","True","True","True","I_NATURALIST_RANKED_ANCESTORS","EXACT_SPECIES_FAMILY_GENUS_READY","GENUS_FAMILY_IN_LCVP_SYNTHETIC_NOT_DIRECT",,FALSE,TRUE
1693295,"Cynorkis volombato","Cynorkis","Cynorkis|65",65,"False","Cynorkis volombato","species","Cynorkis","Orchidaceae","True","True","True","True","I_NATURALIST_RANKED_ANCESTORS","EXACT_SPECIES_FAMILY_GENUS_READY","FAMILY_VERIFIED_GENUS_ABSENT_FROM_LCVP",,FALSE,TRUE
