species,inat_taxon_id,observation_id,photo_id,photo_url_large,photo_license,attribution,latitude,longitude,positional_accuracy_m,observed_on,observer_id,observer,row_hash,h9_selection_order,query_species
Taraxacum officinale,47602,143599095,246297803,https://inaturalist-open-data.s3.amazonaws.com/photos/246297803/large.jpeg,cc-by-nc-sa,"(c) Colin Meurk, some rights reserved (CC BY-NC-SA)",-45.0278784,168.6560272,98.0,2022-12-04,5302,meurkc,6003f7bfef206fc211b4c2b842504e1dd59a7346fada38bf6c4c31408712ed5d,1,Taraxacum officinale
Taraxacum officinale,47602,32209591,50498247,https://inaturalist-open-data.s3.amazonaws.com/photos/50498247/large.jpg,cc-by-nc,"(c) Simão Mateus, some rights reserved (CC BY-NC)",39.2842482977,-9.220542706,2.0,2019-09-06,1997051,simaomateus,3fada1945a3eb6332b9014583cb91d82e4abd905872c3282bc7eadf91a263e3b,2,Taraxacum officinale
Taraxacum officinale,47602,72695166,118567108,https://inaturalist-open-data.s3.amazonaws.com/photos/118567108/large.jpg,cc-by-nc,"(c) bio96, some rights reserved (CC BY-NC)",35.9103653646,128.6133688385,4.0,2021-03-30,577909,bio96,530c2b8f8eb181a1c2acceb5777aad67bcc9a770a070319ac5d03c310d5b62d8,3,Taraxacum officinale
Taraxacum officinale,47602,94398702,156588439,https://inaturalist-open-data.s3.amazonaws.com/photos/156588439/large.jpg,cc-by,"(c) Tomás Carranza Perales, some rights reserved (CC BY)",-31.3177947465,-64.5014056563,21.0,2021-07-16,2512321,tomascarper,9839f7a6d1a009ea8b321ecb5247c80018ed30b6312ef1704b1998b624c5a2b7,4,Taraxacum officinale
Taraxacum officinale,47602,79206897,129712354,https://inaturalist-open-data.s3.amazonaws.com/photos/129712354/large.jpeg,cc-by-nc,"(c) rlbutler260, some rights reserved (CC BY-NC)",34.0244,-118.3136972222,4.0,2021-05-17,3774387,rlbutler260,e89ca408fc535bdf037e679c7e21c4acdc2685dd31937197bb3f0ad2d430a829,5,Taraxacum officinale
Taraxacum officinale,47602,166799100,288876807,https://inaturalist-open-data.s3.amazonaws.com/photos/288876807/large.jpg,cc-by-nc,"(c) Athol Ferguson, some rights reserved (CC BY-NC)",-26.1596861667,28.0025222167,14.0,2023-06-11,1453825,athol_ferguson,c178f742ad4399c46b28280f5d26a88acbccc3557e0a8b8f612621bbb7971702,6,Taraxacum officinale
Taraxacum officinale,47602,383830142,702548863,https://inaturalist-open-data.s3.amazonaws.com/photos/702548863/large.jpg,cc-by-nc,"(c) vlasovav, some rights reserved (CC BY-NC)",55.049280512,61.4527981728,3.0,2026-07-18,5604155,vlasovav,ce683d002d602bfb103e8e727813d10dcb73ee58523599a1fe1098995584869d,7,Taraxacum officinale
Taraxacum officinale,47602,324388219,587117151,https://inaturalist-open-data.s3.amazonaws.com/photos/587117151/large.jpg,cc-by-nc,"(c) grivesolitaire, some rights reserved (CC BY-NC)",44.48332,-63.7898833333,3.0,2025-11-01,3502842,grivesolitaire,775b3a39c75727c15439b5c7aa2ee9403b7ddbd869d2cb5319aedeafffc37dcd,8,Taraxacum officinale
Taraxacum officinale,47602,15901992,23780205,https://inaturalist-open-data.s3.amazonaws.com/photos/23780205/large.jpeg,cc-by-nc-sa,"(c) Gabriel Camilo Jaramillo Giraldo, some rights reserved (CC BY-NC-SA)",6.8494491394,-75.6843479939,8.0,2018-08-24,86081,camilojotage,df4a44d6c09d41bbf14d83ff7ae2903787401d40b106e205ce9d48b087730539,9,Taraxacum officinale
Taraxacum officinale,47602,59585608,95196744,https://inaturalist-open-data.s3.amazonaws.com/photos/95196744/large.jpeg,cc-by-nc,"(c) Богданович Светлана, some rights reserved (CC BY-NC)",54.195932871,158.0564012443,219.0,2015-06-25,2788085,svetlana-bogdanovich,9e78775cfa20d39a84408ed1666c38cb462d3acf230347f497472c460216705f,10,Taraxacum officinale
Taraxacum officinale,47602,265043492,476006701,https://inaturalist-open-data.s3.amazonaws.com/photos/476006701/large.jpeg,cc-by,"(c) Radu Teodoreanu, some rights reserved (CC BY)",44.8474389276,24.8495792225,22.0,2025-03-12,7838074,ra_teo,a611e34f3efb1b0e809b2d27d27115ce6cabc4f5ec7bf49f3be5a594b4fb8233,11,Taraxacum officinale
Taraxacum officinale,47602,8948212,12058165,https://inaturalist-open-data.s3.amazonaws.com/photos/12058165/large.jpeg,cc-by-nc,"(c) Elizabeth Torres Bahena, some rights reserved (CC BY-NC)",19.2985932569,-99.0945035228,1506.0,2017-03-25,12345,elizatorres,46ae6d891a82089c19ce7bd0e4c582afd7a2a4d417d9db9a204694b88ae2f66a,12,Taraxacum officinale
Taraxacum officinale,47602,25834082,40055363,https://inaturalist-open-data.s3.amazonaws.com/photos/40055363/large.jpg,cc-by,"(c) Mary Krieger, some rights reserved (CC BY)",50.2560847393,-97.4760619272,5.0,2019-05-26,296618,marykrieger,093c49072cb0ad15606241832e63cf1386ffc6f49892a440379064e6b0660471,13,Taraxacum officinale
Taraxacum officinale,47602,68056351,110109135,https://inaturalist-open-data.s3.amazonaws.com/photos/110109135/large.jpg,cc-by-nc,"(c) Otgonbayar Baasansuren, some rights reserved (CC BY-NC)",49.4612700791,105.9789819956,15.0,2020-06-08,3904751,otgonbayar,028c1f40e07d439953c1df5bea35fc335bdf56afd526bacfe55c5795aea2ca43,14,Taraxacum officinale
Taraxacum officinale,47602,301446724,543205448,https://inaturalist-open-data.s3.amazonaws.com/photos/543205448/large.jpg,cc-by-nc,"(c) z_kia_r, some rights reserved (CC BY-NC)",35.7159507929,51.4145152643,4.0,2025-07-27,3065127,z_kia_r,7dda608ccb51a529f73d5028d3e40d1270b57ff30d31034aebfeaca01bab484c,15,Taraxacum officinale
Taraxacum officinale,47602,197011459,346880845,https://inaturalist-open-data.s3.amazonaws.com/photos/346880845/large.jpg,cc0,no rights reserved,26.0123674801,-80.2490462162,9.0,2024-01-18,738947,lizardking,0224612ebbd3455f8e42d2b4339a80dc9a3c27b7efc839b34a3df4801084237f,16,Taraxacum officinale
Taraxacum officinale,47602,333107207,604686113,https://inaturalist-open-data.s3.amazonaws.com/photos/604686113/large.jpg,cc-by-nc,"(c) Amber Brodie, some rights reserved (CC BY-NC)",-32.6920291494,151.5364743769,6.0,2026-01-02,10007033,amberro27,57b4e395e5c8456d2c2fd0931c0ece8cbfc499165a6b80b1db5d16050d72fa8a,17,Taraxacum officinale
Taraxacum officinale,47602,355356404,648102870,https://inaturalist-open-data.s3.amazonaws.com/photos/648102870/large.jpg,cc0,no rights reserved,55.8835639,-3.3379149,100.0,2026-04-27,4313659,sauciepepper,f9e10596e1a7f5cce1e245ec4ee212be15907e16516c8e2184bd8f0a189bcfd1,18,Taraxacum officinale
Taraxacum officinale,47602,340453189,619557296,https://inaturalist-open-data.s3.amazonaws.com/photos/619557296/large.jpg,cc-by,"(c) Elliot Greiner, some rights reserved (CC BY)",-9.5326114675,-77.5201193054,34.0,2026-02-27,292489,elliotgreiner,7e27f77ca452079af3daea4f32c927306016bd9362366eb358ace92c139cee18,19,Taraxacum officinale
Taraxacum officinale,47602,46212589,73295878,https://inaturalist-open-data.s3.amazonaws.com/photos/73295878/large.jpeg,cc-by-nc,"(c) jellona, some rights reserved (CC BY-NC)",60.30049492,25.049105,9.0,2020-05-17,2987024,jellona,102593eccc0acf2cb2608c67924a717f1e0a015a916db9841acf4d7b349057b8,20,Taraxacum officinale
Taraxacum officinale,47602,350086572,638708224,https://inaturalist-open-data.s3.amazonaws.com/photos/638708224/large.jpg,cc-by-nc,"(c) Probably birding!, some rights reserved (CC BY-NC)",48.3762333333,-123.72325,4.0,2026-04-05,9352021,joooosh,4f499898c0b18b3a7ab9174b895d3c8c01d66a2c17654019d3c6986636f8070c,21,Taraxacum officinale
Taraxacum officinale,47602,194443252,341790346,https://inaturalist-open-data.s3.amazonaws.com/photos/341790346/large.jpg,cc-by-nc,"(c) ILoveGroundFowl, some rights reserved (CC BY-NC)",32.9412621389,-97.389137281,20.0,2023-12-20,7332874,ilovegroundfowl,bc2980cf5dd9d50a6e57322457e411313f792c792027e624c59f84122fc5dfb9,22,Taraxacum officinale
Taraxacum officinale,47602,223583328,396176019,https://inaturalist-open-data.s3.amazonaws.com/photos/396176019/large.jpeg,cc-by-nc,"(c) Константин Самодуров, some rights reserved (CC BY-NC)",57.3582343141,85.8926867321,29.0,2024-06-16,1308042,konstantinsamodurov,94798206b45293431611c5050c0b1225217a3a8d6be692c15b88d82bdd601e2d,23,Taraxacum officinale
Taraxacum officinale,47602,205982173,364272042,https://inaturalist-open-data.s3.amazonaws.com/photos/364272042/large.jpeg,cc-by-nc,"(c) Cindy Clark, some rights reserved (CC BY-NC)",41.4185943158,-82.634068653,81.0,2024-04-06,3522197,lakeerie,7d44ad21487b53b724930c159d78b41fda4b2e467fac41685d51690910e7d4ba,24,Taraxacum officinale
Taraxacum officinale,47602,228028295,404597774,https://inaturalist-open-data.s3.amazonaws.com/photos/404597774/large.jpg,cc-by-nc,"(c) sasetka, some rights reserved (CC BY-NC)",43.977717,7.391097,184.0,2024-06-27,6072272,sasetka,e439635f97232e6799b1c5533c1f5474076b873f29220da2b928db8465d2b933,25,Taraxacum officinale
Taraxacum officinale,47602,279046865,501062054,https://inaturalist-open-data.s3.amazonaws.com/photos/501062054/large.jpg,cc-by-nc,"(c) Анна Мостовая, some rights reserved (CC BY-NC)",50.7977156797,42.00832785,8.0,2025-04-12,2798271,ankhen,b5e6ef1c390005e6367cc2fc07bbf000d288655a86e748a66076bd6aeb6e5d4b,26,Taraxacum officinale
Taraxacum officinale,47602,236719978,421178693,https://inaturalist-open-data.s3.amazonaws.com/photos/421178693/large.jpeg,cc-by,"(c) Jo Roberts, some rights reserved (CC BY)",-33.98913755,18.43411504,9.0,2024-08-19,3920526,bacchusrock,0b287d5ef057801129864d894837e9861de2cde5a3d5da437320d07806100881,27,Taraxacum officinale
Taraxacum officinale,47602,374430627,685062778,https://inaturalist-open-data.s3.amazonaws.com/photos/685062778/large.jpg,cc-by,"(c) Bob Walker, some rights reserved (CC BY)",39.4673616667,-105.955375,4.0,2026-06-22,2680987,bobw75,015d7d0d95035a7852fb49408e8cfe4d94978c21e8cd368c0f3cf34874b6d918,28,Taraxacum officinale
Taraxacum officinale,47602,16950371,25619223,https://inaturalist-open-data.s3.amazonaws.com/photos/25619223/large.jpg,cc-by-sa,"(c) Oscar C. González Martínez, some rights reserved (CC BY-SA)",26.9317167253,-105.6490413846,5.0,2018-09-26,26738,oscargsol,b3efb001785788bf31abc9f624cd6ed07cd4f14b096d3f02defc601363b31856,29,Taraxacum officinale
Taraxacum officinale,47602,101823660,170091395,https://inaturalist-open-data.s3.amazonaws.com/photos/170091395/large.jpeg,cc-by,"(c) Se Lena, some rights reserved (CC BY)",35.3885074097,139.5445862295,61.0,2021-11-24,1424706,se1,843e12002c8514f29430595c54abb9d5ad75b18c8c4be37dbd2a6b336f8c6d6c,30,Taraxacum officinale
Taraxacum officinale,47602,157316299,272016521,https://inaturalist-open-data.s3.amazonaws.com/photos/272016521/large.jpeg,cc-by-nc,"(c) michalsvit, some rights reserved (CC BY-NC)",51.8683158,19.5562563,1799.0,2023-04-28,6271452,michalsvit,8334d31b63b29a932b588733520315c9c5abc558b583264dc1841848154bfbd4,31,Taraxacum officinale
Taraxacum officinale,47602,337886757,614339807,https://inaturalist-open-data.s3.amazonaws.com/photos/614339807/large.jpg,cc-by-nc,"(c) daniela_gaibor, some rights reserved (CC BY-NC)",-0.3157490286,-78.4403888343,16.0,2026-02-08,9982898,daniela_gaibor,dcce896f30031a47f7991867d094c59c6a578567bf0e2488e3cf34cb4978dee3,32,Taraxacum officinale
Taraxacum officinale,47602,143230063,245616238,https://inaturalist-open-data.s3.amazonaws.com/photos/245616238/large.jpg,cc-by-nc-sa,"(c) chert_hollow, some rights reserved (CC BY-NC-SA)",39.0968758634,-92.3542974834,9.0,2022-11-28,2113679,chert_hollow,572b6fd628e41ba26b300a09c7a305624df7bcff6d1f1e8435fc2b4cb6bf4230,33,Taraxacum officinale
Taraxacum officinale,47602,218334246,386345609,https://inaturalist-open-data.s3.amazonaws.com/photos/386345609/large.jpg,cc-by-nc,"(c) semshoumabani, some rights reserved (CC BY-NC)",47.2116352802,-1.638018627,5.0,2024-05-26,7891735,semshoumabani,ffa1995cd31defd7293e4dd1c632eae30752ed8a1092ef6c071e993373bfc5b2,34,Taraxacum officinale
Taraxacum officinale,47602,352771210,643775135,https://inaturalist-open-data.s3.amazonaws.com/photos/643775135/large.jpg,cc-by-nc,"(c) mrbirder98, some rights reserved (CC BY-NC)",41.4089382492,-73.2905219277,10.0,2026-04-24,523529,mrbirder98,cfefbeeff0842ad17ce308ab93f836739323a366e294a602b88a8a7d48d2ecac,35,Taraxacum officinale
Taraxacum officinale,47602,44844226,71092989,https://inaturalist-open-data.s3.amazonaws.com/photos/71092989/large.jpg,cc-by-nc,"(c) oracleofdelphi, some rights reserved (CC BY-NC)",51.033585547,-114.0714020057,22.0,2020-05-02,2705824,oracleofdelphi,9a88dcc9dd6674ef119cff6e7e50e8bf45f270eea75f17cc2777104d813346fa,36,Taraxacum officinale
Taraxacum officinale,47602,62059956,99383648,https://inaturalist-open-data.s3.amazonaws.com/photos/99383648/large.jpeg,cc-by-nc,"(c) Богданович Светлана, some rights reserved (CC BY-NC)",44.6777160236,34.3974912866,15.0,2020-05-09,2788085,svetlana-bogdanovich,e55e48e34dd79cf2b5a4a267831ead48c7f7939bb2289cbb828ced2ce1579284,37,Taraxacum officinale
Taraxacum officinale,47602,171822239,298195248,https://inaturalist-open-data.s3.amazonaws.com/photos/298195248/large.jpeg,cc-by-nc,"(c) Daniel Ayola, some rights reserved (CC BY-NC)",-24.8209120706,-65.4196387902,192.0,2023-07-08,7094895,metalphylum,8d6654f7f124bb69649344f2b0436f2a2935776b44c395e54badbe4df39022a2,38,Taraxacum officinale
Taraxacum officinale,47602,42254553,67082201,https://inaturalist-open-data.s3.amazonaws.com/photos/67082201/large.jpg,cc-by-nc,"(c) ccs470, some rights reserved (CC BY-NC)",33.4529952659,-88.8106237818,5.0,2020-04-15,2672952,ccs470,307562aa3215593e990fe7abbbc8d438d14214bf76b36b0061fd73bbf0c84a22,39,Taraxacum officinale
Taraxacum officinale,47602,75525491,123576292,https://inaturalist-open-data.s3.amazonaws.com/photos/123576292/large.jpg,cc-by-nc,"(c) Vladimir Travkin, some rights reserved (CC BY-NC)",53.041139,51.636583,3.0,2021-04-27,367038,vladimirtravkin,de8f7ae913b9f570a10c2b0fd7c0cbfb4ee105c5f96f345c15387c9e0b849c79,40,Taraxacum officinale
Taraxacum officinale,47602,40240675,63924308,https://inaturalist-open-data.s3.amazonaws.com/photos/63924308/large.jpeg,cc-by-nc,"(c) Rob Westerduijn, some rights reserved (CC BY-NC)",52.0929110314,4.4258864284,8.0,2020-03-19,1442162,rob-westerduijn,2e042a6127f02f4765141196736517c2893a3e104f7809fda6b24f8ecdac48f1,41,Taraxacum officinale
Taraxacum officinale,47602,140443727,240407167,https://inaturalist-open-data.s3.amazonaws.com/photos/240407167/large.jpeg,cc-by-nc-sa,"(c) Colin Meurk, some rights reserved (CC BY-NC-SA)",-41.2734033333,174.777945,6.0,2022-10-30,5302,meurkc,33ddc63d286a678546eece9fd6bb1ee3237336c66773fac63d4e233120981122,42,Taraxacum officinale
Taraxacum officinale,47602,119681490,202346908,https://inaturalist-open-data.s3.amazonaws.com/photos/202346908/large.jpeg,cc-by-nc,"(c) Neil O. Frakes, some rights reserved (CC BY-NC)",39.1492908428,-114.8906556511,10.0,2022-05-28,153982,nofrakes,84f0fd540c4e15f9e581a87efb0e92d15145169f68c7ccb4b11f7c7a18b9790b,43,Taraxacum officinale
Taraxacum officinale,47602,273903755,492513809,https://inaturalist-open-data.s3.amazonaws.com/photos/492513809/large.jpeg,cc-by-nc,"(c) Emilio, some rights reserved (CC BY-NC)",45.0840634,-93.7242979,2299.0,2025-04-26,1077973,darlingbeetle,dbb9f44ead58a2e52daf92b3b656baf6ba3bbd05fd645248edadb8d4910a8560,44,Taraxacum officinale
Taraxacum officinale,47602,219861230,389196502,https://inaturalist-open-data.s3.amazonaws.com/photos/389196502/large.jpg,cc-by,"(c) Dalton Watt, some rights reserved (CC BY)",35.7655966667,-82.2654283333,4.0,2024-06-01,8069556,dalton_watt,349a6becdde91292502d7fd19b2ca58e42d1e862e4c6abedcca8e752bfb23ec9,45,Taraxacum officinale
Taraxacum officinale,47602,90367649,149348580,https://inaturalist-open-data.s3.amazonaws.com/photos/149348580/large.jpeg,cc-by-nc,"(c) alina1234, some rights reserved (CC BY-NC)",55.7797891021,37.543813227,19.0,2021-08-08,4824188,alina1234,607080ddd9cf34a528192143301633b655e8868252d0fa72538d5e10c137b75b,46,Taraxacum officinale
Taraxacum officinale,47602,31881483,49944669,https://inaturalist-open-data.s3.amazonaws.com/photos/49944669/large.jpeg,cc-by-nc,"(c) Sean Cozart, some rights reserved (CC BY-NC)",44.50132727,-118.18415768,3.0,2019-08-31,29091,birdwhisperer,690ad744375a231c7632f01eac40f9af9ceb51ef4f4b584d9aba855845e20453,47,Taraxacum officinale
Taraxacum officinale,47602,63030104,101087718,https://inaturalist-open-data.s3.amazonaws.com/photos/101087718/large.jpg,cc-by,"(c) Markus Krieger, some rights reserved (CC BY)",48.8077872414,12.8816575994,2.0,2020-10-18,1365773,markuskrieger,1e4a7a32205990fa750028192d222fecafa6d530d631c8e45e458e8583b35af3,48,Taraxacum officinale
Taraxacum officinale,47602,280604811,503984414,https://inaturalist-open-data.s3.amazonaws.com/photos/503984414/large.jpg,cc-by-nc,"(c) snsergeevna, some rights reserved (CC BY-NC)",58.1394114902,52.6984056598,2.0,2025-05-12,8827422,snsergeevna,bc6a904bc23db37f2b92c7c295fb9af35d49e34d317c6067fbc0c3a9830ccfb1,49,Taraxacum officinale
Taraxacum officinale,47602,327121474,592566761,https://inaturalist-open-data.s3.amazonaws.com/photos/592566761/large.jpg,cc-by,"(c) Ricardo Jaimes-López, some rights reserved (CC BY)",25.3464464614,-100.2871677749,8.0,2025-11-18,2501393,entrelasramas,c600049b37cb6388c0ac60fbf0493766d9cb102cfbc19a6c08e43a5708b65f70,50,Taraxacum officinale
Taraxacum officinale,47602,61802379,98928502,https://inaturalist-open-data.s3.amazonaws.com/photos/98928502/large.png,cc-by-nc-sa,"(c) protondonor, some rights reserved (CC BY-NC-SA)",37.7727227605,-122.5034760546,93.0,2020-10-04,3695188,protondonor,d1d8d058a59ee15feed5b3c8ac4fe27173978d7d20ea0a9ccd70f25622352884,51,Taraxacum officinale
Taraxacum officinale,47602,25591852,39656157,https://inaturalist-open-data.s3.amazonaws.com/photos/39656157/large.jpg,cc-by-nc,"(c) tushitbarua, some rights reserved (CC BY-NC)",52.1259500194,-106.6985068117,16.0,2019-05-22,1780819,tushitbarua,9849800e28aa9cdd6fa0e2f5120ba46bb13cf2221c58d0e7480f9cfcb8389d41,52,Taraxacum officinale
Taraxacum officinale,47602,228511981,405433899,https://inaturalist-open-data.s3.amazonaws.com/photos/405433899/large.jpeg,cc-by-nc,"(c) pes_c515, some rights reserved (CC BY-NC)",45.6815111111,-80.0417166667,5.0,2024-06-30,3199540,pes_c515,6d502a9aa81a655797d3d8258030be66db9acfa76ed86a897e77b19e00f042b6,53,Taraxacum officinale
Taraxacum officinale,47602,45988232,72938847,https://inaturalist-open-data.s3.amazonaws.com/photos/72938847/large.jpeg,cc-by-nc,"(c) Jurga Motiejūnaitė, some rights reserved (CC BY-NC)",54.9652191085,25.3579800268,5.0,2020-05-15,1369015,jurga_li,78f08837395745be1d9ba0cc574f059069c6f446fc91f27d0c30478620118b95,54,Taraxacum officinale
Taraxacum officinale,47602,41632269,66044535,https://inaturalist-open-data.s3.amazonaws.com/photos/66044535/large.jpeg,cc-by-nc,"(c) htripp, some rights reserved (CC BY-NC)",35.1566423,-101.9053916,2500.0,2020-04-07,2341406,htripp,04cf3e9f64d24fca0e54a1600fe0e15a09eebda55884e0b8c716d71ffd3e00d6,55,Taraxacum officinale
Taraxacum officinale,47602,42698146,67807710,https://inaturalist-open-data.s3.amazonaws.com/photos/67807710/large.jpg,cc-by-nc,"(c) morgangladson, some rights reserved (CC BY-NC)",42.2006411287,-88.3763204795,358.0,2020-04-20,2692447,morgangladson,bd54f952ce14c13b41de34bf607cfc0d30d4ac3386d0c11bb01272254959658b,56,Taraxacum officinale
Taraxacum officinale,47602,24607915,38047703,https://inaturalist-open-data.s3.amazonaws.com/photos/38047703/large.jpeg,cc-by-nc,"(c) Barbara L. Wilson, some rights reserved (CC BY-NC)",37.5199167423,-77.3405878491,59.0,2019-05-02,1309897,sedgequeen,0e78f366b24d3f4e5ad0b7e097ac8bf6b5e3a4e46be70eaa5b2bf3ce82bda77a,57,Taraxacum officinale
Taraxacum officinale,47602,217299517,384402253,https://inaturalist-open-data.s3.amazonaws.com/photos/384402253/large.jpeg,cc-by-nc,"(c) Timofey Zalutsky, some rights reserved (CC BY-NC)",53.2496034315,83.7421679869,18.0,2024-05-21,4359732,zalutskytim,8cced46ced2ff3a96f32961417d9ea40cb0dec8e606dd551ed0850a1fc296e3c,58,Taraxacum officinale
Taraxacum officinale,47602,93413187,154820601,https://inaturalist-open-data.s3.amazonaws.com/photos/154820601/large.jpeg,cc-by-nc,"(c) Dale, some rights reserved (CC BY-NC)",46.7719264304,-100.8128087227,15.0,2021-09-02,1288418,daleheinert,f041e507bfe41753c115c080dd89117ca7c0673c849172902d2117f509438186,59,Taraxacum officinale
Taraxacum officinale,47602,161961336,279997659,https://inaturalist-open-data.s3.amazonaws.com/photos/279997659/large.jpg,cc0,no rights reserved,45.4404694,-73.6011922417,4.0,2023-05-13,696204,elacroix-carignan,9ba47f9f238f9e5877c4a028f0a89d4b1d10cdac46c5e1dabdcabfb4b1a45166,60,Taraxacum officinale
Lantana camara,50333,201488089,355684672,https://inaturalist-open-data.s3.amazonaws.com/photos/355684672/large.jpg,cc-by-nc,"(c) Paul Tavares, some rights reserved (CC BY-NC)",38.4893920695,-28.2359643762,12.0,2024-02-15,3181,paultavares,c7fa3de3accc8e6b1fc5d928e88dab0194dfd15f3cfa0d5ef43d322f43972ac3,1,Lantana camara
Lantana camara,50333,280892678,504538823,https://inaturalist-open-data.s3.amazonaws.com/photos/504538823/large.jpg,cc-by-nc,"(c) Luke Cooper, some rights reserved (CC BY-NC)",-36.3112161608,150.071984902,15.0,2025-05-13,3896439,lukemcooo,cc00ba2dde68ff1d4b2bb2c626c64a1a4f9b348cdff5b90cf4d3ee664880efdb,2,Lantana camara
Lantana camara,50333,145965483,250822222,https://inaturalist-open-data.s3.amazonaws.com/photos/250822222/large.jpeg,cc-by-nc,"(c) Craig Peter, some rights reserved (CC BY-NC)",-32.8442423999,28.0027145,20.0,2022-05-08,833117,craigpeter,19c16264725a1553fd00cf6e48613d0ed74480178c2d7596a965eb78c43b1aa8,3,Lantana camara
Lantana camara,50333,68359312,110667588,https://inaturalist-open-data.s3.amazonaws.com/photos/110667588/large.jpeg,cc-by-nc,"(c) Reta Bahadur Powrel, some rights reserved (CC BY-NC)",26.8243833333,90.5410166667,4.0,2021-01-20,3909672,retabpowrel,15d5f73d001f61335129e26dfe55acd5e49d0e1524cbf07a5b24e0f71c9764fb,4,Lantana camara
Lantana camara,50333,100385358,167536789,https://inaturalist-open-data.s3.amazonaws.com/photos/167536789/large.jpeg,cc-by-nc,"(c) Norberto Muzzachiodi, some rights reserved (CC BY-NC)",-31.636112,-60.6744043,515.0,2021-11-04,3424269,nmuzzachiodi,aa105834a4761724e1c7334a9e8619cd93bb6bdf28bc1135eee8a5ffa95d49c7,5,Lantana camara
Lantana camara,50333,186784829,326490105,https://inaturalist-open-data.s3.amazonaws.com/photos/326490105/large.jpeg,cc-by-nc,"(c) Jorge A. Pérez Torres, some rights reserved (CC BY-NC)",20.0592116957,-100.6709005781,61.0,2023-07-27,270397,panecillo,7e3b42151f6efbab4a98328a9826c30af65b046c849a594264a49455da12c793,6,Lantana camara
Lantana camara,50333,28550895,44514930,https://inaturalist-open-data.s3.amazonaws.com/photos/44514930/large.jpg,cc-by-nc,"(c) Dave Richardson, some rights reserved (CC BY-NC)",37.0315888333,27.4290783333,9.0,2019-07-10,745172,daverichardson,4545797f26c5e587398076e70c30d94ba92bbf801023c0955e26dbcadf972ca7,7,Lantana camara
Lantana camara,50333,289816566,521299983,https://inaturalist-open-data.s3.amazonaws.com/photos/521299983/large.jpg,cc-by-nc,"(c) MUHAMAD RIZKI RAHMATTULOH, some rights reserved (CC BY-NC)",-6.8552339816,111.9450392202,214.0,2025-03-29,9437927,zakipetualang,94751fa650e86909bc8e385e70dd330cdd4e65115c0beba31c960ac6b00fb401,8,Lantana camara
Lantana camara,50333,50151511,79636420,https://inaturalist-open-data.s3.amazonaws.com/photos/79636420/large.jpeg,cc-by-nc,"(c) charlesavenengo, some rights reserved (CC BY-NC)",-7.9223690148,-34.8614743705,15.0,2020-06-14,690411,charlesavenengo,12b3a718b45254db6f513bb33f2c88b2463cd0f0726d6fd54b574032c79b0052,9,Lantana camara
Lantana camara,50333,36882452,58375930,https://inaturalist-open-data.s3.amazonaws.com/photos/58375930/large.jpeg,cc-by-nc,"(c) pathfinder, some rights reserved (CC BY-NC)",26.2038547,127.7153279,200.0,2019-12-15,759108,pathfinder,75be144cc2121532118391fe5cc02a81ffd7b88d801698e5ec343106525e5267,10,Lantana camara
Lantana camara,50333,108472330,182634756,https://inaturalist-open-data.s3.amazonaws.com/photos/182634756/large.jpeg,cc-by-nc,"(c) Brice C., some rights reserved (CC BY-NC)",12.1141401357,-68.292752832,17.0,2022-02-15,641829,brice_c,b0e47c5bc2abdce422600f89313e6a7a6b8cc63d47cd286e5fa581038993bd2f,11,Lantana camara
Lantana camara,50333,244908211,436924834,https://inaturalist-open-data.s3.amazonaws.com/photos/436924834/large.jpeg,cc-by,"(c) Matteo Bellucci, some rights reserved (CC BY)",-20.9451722222,55.5841,168.0,2024-09-21,8162663,matteobellu239,420992b72afddd460a9c05fa28ddd7d5d083eeca51945b337421b6f3f634118c,12,Lantana camara
Lantana camara,50333,248175843,443383028,https://inaturalist-open-data.s3.amazonaws.com/photos/443383028/large.jpeg,cc-by-nc,"(c) Brindley, some rights reserved (CC BY-NC)",6.8943934454,79.8840809055,4.0,2024-10-20,3429243,brindley,eafaecd7052740537a83879b2fd605a567c634ae067a9394f3a7b2afa574e4ca,13,Lantana camara
Lantana camara,50333,183522744,320192703,https://inaturalist-open-data.s3.amazonaws.com/photos/320192703/large.jpg,cc-by-nc,"(c) naturito, some rights reserved (CC BY-NC)",38.3882693042,-0.4104852892,807.0,2023-09-16,7248547,naturito,4c3d550b129f8809fb0097f8bb1cfe32d4c03862ccc9329ccea8c054c0321cf1,14,Lantana camara
Lantana camara,50333,225219352,399278673,https://inaturalist-open-data.s3.amazonaws.com/photos/399278673/large.jpg,cc-by-nc,"(c) juju98, some rights reserved (CC BY-NC)",-20.7722853966,165.2209425093,628.0,2017-05-17,795297,juju98,bc916353e5f03c5d1341430a1aeb72939c7ec2848097b78de2c160b872212048,15,Lantana camara
Lantana camara,50333,100031181,166892461,https://inaturalist-open-data.s3.amazonaws.com/photos/166892461/large.jpeg,cc-by-nc,"(c) shawnj, some rights reserved (CC BY-NC)",-36.7884832,175.0825613,30.0,2021-11-02,605663,shawnj,b8975fa0254f1844db9bfc7f45a17f5ff52edd014597d7a1b26f9188fb775f8c,16,Lantana camara
Lantana camara,50333,125098957,212116046,https://inaturalist-open-data.s3.amazonaws.com/photos/212116046/large.jpg,cc-by-nc,"(c) Edie Banner, some rights reserved (CC BY-NC)",27.3925866667,-82.5650333333,4.0,2022-07-06,26603,ejbanner,9ba421df53ce07482bb98aed19f5569a531ddbfe45df662fcf0b90d37e76d3ac,17,Lantana camara
Lantana camara,50333,203459442,359479627,https://inaturalist-open-data.s3.amazonaws.com/photos/359479627/large.jpg,cc-by-nc,"(c) Malcolm Tattersall, some rights reserved (CC BY-NC)",-19.7538947038,146.4585117699,1466.0,2024-03-17,2509297,malcolm_in_townsville,b1846e500d08b70bd571e3f02d557f2cac000ec075fd5e0bfca303fcf1cda234,18,Lantana camara
Lantana camara,50333,386195462,707085572,https://inaturalist-open-data.s3.amazonaws.com/photos/707085572/large.jpg,cc-by-nc,"(c) Himanshu Shekhar Palei, some rights reserved (CC BY-NC)",23.0049388833,72.5981966667,21.0,2026-07-28,9867593,himanshusp,30e65d8dc147e18bd3580fb16aa9010b21c53ebe91eb2a4e0f5560706249dddb,19,Lantana camara
Lantana camara,50333,78717615,128857992,https://inaturalist-open-data.s3.amazonaws.com/photos/128857992/large.jpg,cc-by-nc,"(c) Motmot Project Costa Rica, some rights reserved (CC BY-NC)",10.1044733576,-84.5645638844,4.0,2021-05-10,380379,motmotprojectcr,1ce11f918552690879adcac2c811ff266b327541a71608bbff5f7d25988173db,20,Lantana camara
Lantana camara,50333,141835741,243071023,https://inaturalist-open-data.s3.amazonaws.com/photos/243071023/large.jpeg,cc-by-nc,"(c) David Ballesteros, some rights reserved (CC BY-NC)",28.0892210054,-15.592590213,7.0,2022-10-27,4173263,balles2601,9e4e4947c0516aade09701b0ea934ddf73432080ca2ba2531aaba9c81d372e3c,21,Lantana camara
Lantana camara,50333,105416781,176870156,https://inaturalist-open-data.s3.amazonaws.com/photos/176870156/large.jpeg,cc-by-nc,"(c) 路人一個, some rights reserved (CC BY-NC)",22.2866840363,114.036605835,35.0,2022-01-23,1894874,passingbyjsml0125,a69fcdc28257dae7a5a4e343156ea7b809c7058de7c8b979dfee56ca477d5731,22,Lantana camara
Lantana camara,50333,379969146,695098877,https://inaturalist-open-data.s3.amazonaws.com/photos/695098877/large.jpg,cc-by-nc,"(c) robburrett, some rights reserved (CC BY-NC)",-20.1633861667,28.57097,4.0,2026-07-10,7752651,robburrett,ca0256c86e4182a5b043c7a8c8a6583015204a3a6713f759210b08fc822225bf,23,Lantana camara
Lantana camara,50333,328099471,594472380,https://inaturalist-open-data.s3.amazonaws.com/photos/594472380/large.jpg,cc-by,"(c) Cristiane Colodel, some rights reserved (CC BY)",-24.266569,-49.694302,60.0,2025-11-24,3873955,criscolodel,bf054a88390e26524c09a30870fd8326d15560841082859b2a6b62cb98a1136a,24,Lantana camara
Lantana camara,50333,313752617,566625116,https://inaturalist-open-data.s3.amazonaws.com/photos/566625116/large.jpg,cc-by,"(c) Boson, some rights reserved (CC BY)",17.7560595506,83.2562261447,94.0,2025-09-14,8947850,einsum,b449523ef7de9035027632e9eb41d48837046426a3d343d7091e35aa49389f2d,25,Lantana camara
Lantana camara,50333,237496023,422677501,https://inaturalist-open-data.s3.amazonaws.com/photos/422677501/large.jpeg,cc-by-nc,"(c) Martin Vašina, some rights reserved (CC BY-NC)",36.9924217761,15.2620660141,30.0,2024-08-23,1506635,martinvas,fef6a3d354a828622f83f350d008f4b86efc5cb3c1b076f48a1e39d69fbbee39,26,Lantana camara
Lantana camara,50333,376091379,687611813,https://inaturalist-open-data.s3.amazonaws.com/photos/687611813/large.jpg,cc-by-nc,"(c) Ashton Curtis, some rights reserved (CC BY-NC)",-27.225260844,153.0697702244,436.0,2026-06-28,10338542,cu_ashton,952cf5ec1425cd4158883d1bccc63ba2e86bdd3d70560269e63e3dc8ae2f23a7,27,Lantana camara
Lantana camara,50333,37207408,58946096,https://inaturalist-open-data.s3.amazonaws.com/photos/58946096/large.jpeg,cc-by-nc-sa,"(c) Gabriel Camilo Jaramillo Giraldo, some rights reserved (CC BY-NC-SA)",6.0325326703,-75.4188355809,4.0,2019-12-31,86081,camilojotage,30d302cb3504711df5fc63813aae4a03befa33a185664ead1d4e4c5d02406848,28,Lantana camara
Lantana camara,50333,99190190,165300588,https://inaturalist-open-data.s3.amazonaws.com/photos/165300588/large.jpeg,cc-by-nc,"(c) naturalist_neel, some rights reserved (CC BY-NC)",31.620648546,74.8801088333,233.0,2021-10-24,5136743,naturalist_neel,96979f098a3a654d6ef48c7cfbc0238afbf495d249f99ef1729d2af096f48554,29,Lantana camara
Lantana camara,50333,298506124,537694825,https://inaturalist-open-data.s3.amazonaws.com/photos/537694825/large.jpg,cc-by-nc,"(c) Martim Bettencourt, some rights reserved (CC BY-NC)",38.7075283333,-9.3770783333,5.0,2025-07-16,9356196,martimbett,6af5300d58ae1e4889cbe4965db6d640b04f8c8841411735b851eabcbda97d1b,30,Lantana camara
Lantana camara,50333,117536803,198510752,https://inaturalist-open-data.s3.amazonaws.com/photos/198510752/large.jpeg,cc-by-nc,"(c) leoram25, some rights reserved (CC BY-NC)",18.4919183059,-69.9508612602,756.0,2022-05-14,5623429,leoram25,9108d6d878e478326654bc2638559746db4609378a0ff85c476415ae8e5712a8,31,Lantana camara
Lantana camara,50333,85311992,140348709,https://inaturalist-open-data.s3.amazonaws.com/photos/140348709/large.jpeg,cc0,no rights reserved,22.8827314425,120.6142255195,4.0,2021-05-23,1128020,leaf0605,927d26ad7a588b9b774e050ed841f3ef24853267fcbcbbd8f3694a836a959be3,32,Lantana camara
Lantana camara,50333,147440039,253707238,https://inaturalist-open-data.s3.amazonaws.com/photos/253707238/large.jpeg,cc-by-nc,"(c) apusaffinis, some rights reserved (CC BY-NC)",-26.128795,27.881996,4.0,2023-01-27,5482929,apusaffinis,2c1dc087b588f2a53acf56005987ed541a454304894a91031a93fdf7976a5979,33,Lantana camara
Lantana camara,50333,59575179,95199916,https://inaturalist-open-data.s3.amazonaws.com/photos/95199916/large.jpeg,cc-by-nc,"(c) Belén Olivera, some rights reserved (CC BY-NC)",-34.9426640065,-54.9135595188,75.0,2020-09-06,2726254,belen_olivera,41ce250078bd9b3f954d04328b4ed957a9628e212d3dcb60b70d202525113f03,34,Lantana camara
Lantana camara,50333,35208998,55494924,https://inaturalist-open-data.s3.amazonaws.com/photos/55494924/large.jpg,cc-by-nc,"(c) diegofranco1998, some rights reserved (CC BY-NC)",25.60433333,-100.35228667,128.0,2019-11-02,2149269,diegofranco1998,0f14ed74ac7f1d90af96db4c8830d298adad240fb93267652148cbcf45fa26df,35,Lantana camara
Lantana camara,50333,72706383,118587337,https://inaturalist-open-data.s3.amazonaws.com/photos/118587337/large.jpg,cc-by-nc,"(c) Rosabel Miro, some rights reserved (CC BY-NC)",9.0805830936,-79.4703379163,50.0,2021-04-02,377565,rosabelmiro,ea0d8f3ef587026b3d470999d27911a0cd8f80515a76da1d2271bd9f73cc58e7,36,Lantana camara
Lantana camara,50333,329812208,597919599,https://inaturalist-open-data.s3.amazonaws.com/photos/597919599/large.jpg,cc-by-nc,"(c) thecuts, some rights reserved (CC BY-NC)",18.3868296253,73.5240237522,1251.0,2025-12-07,9827212,thecuts,b3d10ea4a41670743de16b6354393e8740d86051031af3fbf57ac1fe849181a6,37,Lantana camara
Lantana camara,50333,335474516,609444290,https://inaturalist-open-data.s3.amazonaws.com/photos/609444290/large.jpg,cc-by-nc,"(c) inesfreitas8, some rights reserved (CC BY-NC)",32.6488658405,-16.9015223062,24.0,2026-01-20,10019486,inesfreitas8,93239b2d1541dafaf7c4f44865b42a05cc29e31b89e4c166802a7b81fa9eaa83,38,Lantana camara
Lantana camara,50333,174999922,304093384,https://inaturalist-open-data.s3.amazonaws.com/photos/304093384/large.jpeg,cc-by-nc,"(c) KDendle, some rights reserved (CC BY-NC)",-23.136487974,150.7273746282,1542.0,2023-07-26,6144532,weevilyday,f8168c56c3992c5604b45d5256b92ca3c8d0b8370088d71a843c5728b297409a,39,Lantana camara
Lantana camara,50333,349053022,636685069,https://inaturalist-open-data.s3.amazonaws.com/photos/636685069/large.jpg,cc-by-nc,"(c) Ibarra Camila Eugenia, some rights reserved (CC BY-NC)",-27.4642133,-58.844683,151.0,2026-04-11,10306988,ibarra3,c175e73043b5e9cd70a91f98a676571aa31d9a81183291e58f50950b38ca7883,40,Lantana camara
Lantana camara,50333,338534417,615675284,https://inaturalist-open-data.s3.amazonaws.com/photos/615675284/large.jpg,cc-by-nc,"(c) jorgia_e, some rights reserved (CC BY-NC)",-32.394087,152.48342,3162.0,2026-02-11,8586095,jorgia_e,2b4d7f68c34e5a97e094188972e9cd1fcfaca36be6cbaaf36ec9225d1b6e718b,41,Lantana camara
Lantana camara,50333,194545839,341999936,https://inaturalist-open-data.s3.amazonaws.com/photos/341999936/large.jpeg,cc0,no rights reserved,-25.8510771618,-54.1738378073,244.0,2023-11-28,1514402,hhulsberg,a5e3f3a730e707cc8c041622e16e930a72222070dcf5d4169d74a2757be48e5d,42,Lantana camara
Lantana camara,50333,198989638,350836388,https://inaturalist-open-data.s3.amazonaws.com/photos/350836388/large.jpeg,cc-by-nc,"(c) jemsyj, some rights reserved (CC BY-NC)",36.8943458564,22.2262859344,135.0,2023-11-21,7789468,jemsyj,33e33c85b5027be0fd08200296aa12f1f7fc45ef094d023ad9ee1e4b580df10f,43,Lantana camara
Lantana camara,50333,109532650,184624789,https://inaturalist-open-data.s3.amazonaws.com/photos/184624789/large.jpeg,cc-by,"(c) Mahomed Desai, some rights reserved (CC BY)",-29.6657333333,30.375865,10.0,2022-03-24,2572233,m_d,bcac89ec740dd1ad103069a310f9bd8efa7426687472d0847e2886b8da03fde3,44,Lantana camara
Lantana camara,50333,77626708,126968942,https://inaturalist-open-data.s3.amazonaws.com/photos/126968942/large.jpeg,cc-by-nc,"(c) Esmeralda, some rights reserved (CC BY-NC)",18.8713081161,-97.02296298,2550.0,2021-04-25,4014221,leaaxy,1fd76365a680c693a6bb29dd7a3637607325b1d5f2cfa9e13fce2502ca412854,45,Lantana camara
Lantana camara,50333,18882260,28934276,https://inaturalist-open-data.s3.amazonaws.com/photos/28934276/large.jpeg,cc0,no rights reserved,-27.6837000293,-48.48723144,115.0,2018-12-07,723907,pajeu,cdde0376ca188d487502edb37ad24e9793cc53bd8c5c706fa9844a5a8a5e0d3e,46,Lantana camara
Lantana camara,50333,372301750,680304724,https://inaturalist-open-data.s3.amazonaws.com/photos/680304724/large.jpg,cc-by-nc,"(c) Dr MC Moshobane, some rights reserved (CC BY-NC)",-23.68444377,30.13583732,6.0,2026-06-16,688827,alienwatch,b47a8b99fb0520a0cc1fedd54410f2a319b9256f13c7d207a2bc3cdabb997a16,47,Lantana camara
Lantana camara,50333,376518349,688430405,https://inaturalist-open-data.s3.amazonaws.com/photos/688430405/large.jpg,cc-by-nc,"(c) botswanabugs, some rights reserved (CC BY-NC)",-22.404817,26.676197,2.0,2026-06-29,499272,botswanabugs,99cccaeb26838684a7e24f8cc658c24ab1b4a043ae7d83ae4461aa5fb234d084,48,Lantana camara
Lantana camara,50333,229683358,407824636,https://inaturalist-open-data.s3.amazonaws.com/photos/407824636/large.jpeg,cc-by-nc,"(c) Ruby MacGillivray, some rights reserved (CC BY-NC)",39.7102551646,2.6249320267,35.0,2024-07-16,781701,rubymac,af8ea3bc703112af322f765830a67388ff7e74224724f5cc5ce0866ec777cec0,49,Lantana camara
Lantana camara,50333,68261302,110484878,https://inaturalist-open-data.s3.amazonaws.com/photos/110484878/large.jpg,cc-by-nc,"(c) Larry Chen, some rights reserved (CC BY-NC)",25.647255,-80.35673667,10.0,2021-01-17,161086,cypselurus,66e7d432958b4cc44eee6c5872083ddf9439aaa3aea1b4a504807f42aea5be74,50,Lantana camara
Lantana camara,50333,358327381,653665406,https://inaturalist-open-data.s3.amazonaws.com/photos/653665406/large.jpg,cc-by-nc,"(c) Martin Arregui, some rights reserved (CC BY-NC)",-34.8706897902,-58.0753988085,31.0,2026-05-03,893121,martin_arregui,5c73441bf57bb6a6e3170aaff470602d791591ea72e4beece1e214b999814ed7,51,Lantana camara
Lantana camara,50333,142819994,244924514,https://inaturalist-open-data.s3.amazonaws.com/photos/244924514/large.jpg,cc-by-nc,"(c) leonardonunez, some rights reserved (CC BY-NC)",8.4999810532,-82.6025053394,5.0,2022-11-25,6315199,leonardonunez,71a9a5e0c242403ebfc997d9219cf142d54e8fb4d1d65f5b8c92b2eb6ab8761e,52,Lantana camara
Lantana camara,50333,314600510,568226216,https://inaturalist-open-data.s3.amazonaws.com/photos/568226216/large.jpg,cc-by-nc,"(c) Gerhard Lemmer, some rights reserved (CC BY-NC)",-33.92012,25.2913016667,5.0,2025-09-15,6876203,gerhardlemmer,5eff26209f1be35cc18fcc11bd69d8aff8e71ebf1267a3ea1d68cff241014c25,53,Lantana camara
Lantana camara,50333,338294544,615175420,https://inaturalist-open-data.s3.amazonaws.com/photos/615175420/large.jpg,cc-by-nc,"(c) belawarra, some rights reserved (CC BY-NC)",-30.0094384138,153.2130806645,15.0,2026-02-11,9923241,belawarra,ab3398594b67b4df4c3c9a0eab5d2e3c1ffc329b368c597a7c21c5bdbc68b350,54,Lantana camara
Lantana camara,50333,282512610,507568491,https://inaturalist-open-data.s3.amazonaws.com/photos/507568491/large.jpg,cc-by-nc,"(c) Barbara Parris, some rights reserved (CC BY-NC)",-34.9906226992,173.5010936679,2.0,2025-04-22,355160,barbaraparris,c19c56b24480ae498ed45e145268538ae200aaf39d07f18f7d29aa2eb8fc122a,55,Lantana camara
Lantana camara,50333,320603524,579688685,https://inaturalist-open-data.s3.amazonaws.com/photos/579688685/large.jpg,cc-by-nc,"(c) Lando K, some rights reserved (CC BY-NC)",-33.8956216667,150.6033033333,135.0,2025-10-13,6448368,lmk96,e636c004033c65e4f9f8cc4c96b5be425726072f739d3d643c6826db6b648d6f,56,Lantana camara
Lantana camara,50333,184229066,321555175,https://inaturalist-open-data.s3.amazonaws.com/photos/321555175/large.jpeg,cc-by-nc,"(c) Anima Motrix, some rights reserved (CC BY-NC)",-31.8718316764,-58.2206390798,160.0,2023-09-20,2530824,animamotrix1,24f441fa169358dff40d2e5382797d6f0cdd336eebd6889f6e4f0fdec7083608,57,Lantana camara
Lantana camara,50333,158029720,273163367,https://inaturalist-open-data.s3.amazonaws.com/photos/273163367/large.jpg,cc-by-nc,"(c) 陳正守, some rights reserved (CC BY-NC)",24.60067,121.8517783333,4.0,2023-04-29,1384928,chengshou,d964ddd18899d9689198733c97ae8eb00c21e32da2f8757a381155ba5520a037,58,Lantana camara
Lantana camara,50333,85668157,140989664,https://inaturalist-open-data.s3.amazonaws.com/photos/140989664/large.jpeg,cc-by-nc,"(c) Charcos Companhia, some rights reserved (CC BY-NC)",40.4622250783,-8.7166029146,4.0,2021-07-04,4119945,charcoscompanhia,554f4d23ec9cac6cb29001369b39c15cab3cc6e657fbd082d67ae93cb93e4713,59,Lantana camara
Lantana camara,50333,99114344,165148395,https://inaturalist-open-data.s3.amazonaws.com/photos/165148395/large.jpg,cc-by-nc,"(c) Agustin Benegas, some rights reserved (CC BY-NC)",-33.3000810742,-60.2436070087,282.0,2021-10-23,2912651,agustinbene,aff3d6c7933376f0a98d81ee9a98e65f1940841e164951ad4a1a4b55acd272ab,60,Lantana camara
Veronica chamaedrys,51610,162071510,280202120,https://inaturalist-open-data.s3.amazonaws.com/photos/280202120/large.jpg,cc-by-nc,"(c) lilyskin, some rights reserved (CC BY-NC)",36.1834249468,-81.6099872433,4.0,2023-05-16,6895580,lilyskin,79486bcb62a0251bbd4d2fdd9208780c0791c25eb0240cf9e445d08e4a565ef2,1,Veronica chamaedrys
Veronica chamaedrys,51610,121577285,205748911,https://inaturalist-open-data.s3.amazonaws.com/photos/205748911/large.jpeg,cc-by,"(c) iljar, some rights reserved (CC BY)",56.60289438,61.24476604,3.0,2022-06-13,3417562,iljar,7b3c197a6a8c47c085cfa3c5592b1ffab1da9a25b3657941fe16cbac1abffd98,2,Veronica chamaedrys
Veronica chamaedrys,51610,163358250,282533077,https://inaturalist-open-data.s3.amazonaws.com/photos/282533077/large.jpeg,cc-by-nc,"(c) Miguel Ángel Bermejo Roa, some rights reserved (CC BY-NC)",41.0813343015,-3.4514662251,84.0,2023-05-14,6322256,brutaflor,e77fd5717441643f8b5876bf72cf1fcc42887e98f787d6e1ef9faf690fc60f46,3,Veronica chamaedrys
Veronica chamaedrys,51610,225768405,400317831,https://inaturalist-open-data.s3.amazonaws.com/photos/400317831/large.jpg,cc-by-nc,"(c) em_kn, some rights reserved (CC BY-NC)",47.5671835431,-52.7029046346,49.0,2024-06-16,2575857,em_kn,ba26d9362539b9b345d11f806035ad581248bf9617e97a29114d32865b91cfb2,4,Veronica chamaedrys
Veronica chamaedrys,51610,365072487,666504910,https://inaturalist-open-data.s3.amazonaws.com/photos/666504910/large.jpg,cc-by-nc,"(c) Anna MT Jansson, some rights reserved (CC BY-NC)",59.98979076,17.58249145,4.0,2026-05-25,10349119,annamtj,abd0c78c93193cb066929a4b6da8b1cc1a7ca44b3042e21d471488512fc68be6,5,Veronica chamaedrys
Veronica chamaedrys,51610,219543919,388606017,https://inaturalist-open-data.s3.amazonaws.com/photos/388606017/large.jpeg,cc-by,"(c) Andreas Schneider, some rights reserved (CC BY)",43.5636919849,17.8956760839,26.0,2024-05-30,2509775,andreass1,86bbfe8a76141798661bd21d43cd781e2797572e24465a9fded244cfbc764c4d,6,Veronica chamaedrys
Veronica chamaedrys,51610,378724424,692688510,https://inaturalist-open-data.s3.amazonaws.com/photos/692688510/large.jpg,cc-by-nc,"(c) yung_botanist, some rights reserved (CC BY-NC)",54.7591020035,-5.7227222621,18.0,2026-06-29,10467278,yung_botanist,190a8cf01e91fbf025c350e33547dc8875bd3c5f8c7b9f14f59687662f7378fd,7,Veronica chamaedrys
Veronica chamaedrys,51610,348233132,635048125,https://inaturalist-open-data.s3.amazonaws.com/photos/635048125/large.jpg,cc-by-nc,"(c) Zolotukhina Irina, some rights reserved (CC BY-NC)",51.5704444,36.0906050793,31.0,2025-05-20,2554644,zibzap,8279e8444093575667f7483f104b7d9beac0fc0f90359cafbd2982a36c2f1aaa,8,Veronica chamaedrys
Veronica chamaedrys,51610,228898122,406248480,https://inaturalist-open-data.s3.amazonaws.com/photos/406248480/large.jpg,cc-by-nc,"(c) Irina Butorina, some rights reserved (CC BY-NC)",65.8282159444,44.2763833174,15.0,2024-07-11,3254589,irinabutorina,79ddbc0c98ed294916ba31be9da295909e5aa8aa526cd9de44530b1146fee757,9,Veronica chamaedrys
Veronica chamaedrys,51610,160976020,278212126,https://inaturalist-open-data.s3.amazonaws.com/photos/278212126/large.jpg,cc-by-nc,"(c) littlebrowncreeper, some rights reserved (CC BY-NC)",44.7509616667,-68.8337033333,4.0,2023-05-10,5968173,littlebrowncreeper,4d9294f0812a4c38dacd437259727dad54518b496e14c836da8484f2357ce66a,10,Veronica chamaedrys
Veronica chamaedrys,51610,121689782,205953558,https://inaturalist-open-data.s3.amazonaws.com/photos/205953558/large.jpeg,cc-by-nc,"(c) Robert Kahl, some rights reserved (CC BY-NC)",46.4992586587,-87.3552761972,3.0,2022-06-13,499660,bob_kahl,2b071318a1d896689f870f16be057ed93bfe2b977251ffe4e131a58b9c0211fd,11,Veronica chamaedrys
Veronica chamaedrys,51610,368939880,673888817,https://inaturalist-open-data.s3.amazonaws.com/photos/673888817/large.jpg,cc-by-nc,"(c) sipelgas, some rights reserved (CC BY-NC)",50.915924795,8.8982274849,56.0,2026-06-06,10486091,sipelgas,898b5816d8ff8f71459f56dae38a50dc182b8b1b0fd384dc1b016bd480bf71c0,12,Veronica chamaedrys
Veronica chamaedrys,51610,367001578,670187968,https://inaturalist-open-data.s3.amazonaws.com/photos/670187968/large.jpg,cc-by-nc,"(c) vadzim0, some rights reserved (CC BY-NC)",52.1772193909,21.0832805634,14.0,2026-05-31,9593802,vadzim0,e3778cc6d16c67c6f8987e17f6236c9f089e5f08da9ebe42709fdb9c8db76f3f,13,Veronica chamaedrys
Veronica chamaedrys,51610,223616759,396241015,https://inaturalist-open-data.s3.amazonaws.com/photos/396241015/large.jpeg,cc-by-nc,"(c) alexfamilyteam, some rights reserved (CC BY-NC)",58.565985,31.71648,20.0,2024-06-16,4212520,alexfamilyteam,0f3a74e3418e3419a9e3ae673996197eed4221aec0e6e243e00fa22d937f1ce0,14,Veronica chamaedrys
Veronica chamaedrys,51610,269763855,485077526,https://inaturalist-open-data.s3.amazonaws.com/photos/485077526/large.jpg,cc-by-nc,"(c) Stéphane Bello, some rights reserved (CC BY-NC)",48.0670366696,-1.6873459572,4.0,2025-04-07,7210576,stefane35,55a8cf0dc27b9bf78c808a0709de7446e5636397b27adee96a3f077b86a0de29,15,Veronica chamaedrys
Veronica chamaedrys,51610,369343305,674639182,https://inaturalist-open-data.s3.amazonaws.com/photos/674639182/large.jpg,cc-by-nc,"(c) Maxime VASSEUR, some rights reserved (CC BY-NC)",44.2714174531,6.3819050944,2.0,2026-06-06,2385296,massiverameux,416ae20603666e9495c945db43c4383b9d5cc6407e5f386d4e108117859ac5e8,16,Veronica chamaedrys
Veronica chamaedrys,51610,119871505,202686850,https://inaturalist-open-data.s3.amazonaws.com/photos/202686850/large.jpeg,cc-by,"(c) Rinrin, some rights reserved (CC BY)",56.2970007475,43.9814314619,3.0,2022-06-01,2430756,rinaberry,16c4f1fe42f2f66af8950ba75aa71425afa1a6a50b20ac6db9e93a437fdef7ca,17,Veronica chamaedrys
Veronica chamaedrys,51610,78514158,128501243,https://inaturalist-open-data.s3.amazonaws.com/photos/128501243/large.jpg,cc-by-nc,"(c) Simon Wyatt, some rights reserved (CC BY-NC)",42.3534592593,-76.4797014881,357.0,2021-05-12,4352178,simonwyatt,7d7358dda961dbaf82e195774c5b5ec7d55643a103974ec31eb61e6b6ceac644,18,Veronica chamaedrys
Veronica chamaedrys,51610,66784991,107741848,https://inaturalist-open-data.s3.amazonaws.com/photos/107741848/large.jpg,cc-by-nc,"(c) Jacques, some rights reserved (CC BY-NC)",45.2379856705,25.9376751926,4.0,2002-05-04,3816029,jacqu0,c4a5620f1951da7f978ae904bc80112cec82a452443d6b7e34ecb1a1afe57701,19,Veronica chamaedrys
Veronica chamaedrys,51610,291407829,524310263,https://inaturalist-open-data.s3.amazonaws.com/photos/524310263/large.jpg,cc-by-nc,"(c) nillenalle, some rights reserved (CC BY-NC)",64.213684082,27.679889679,52.0,2025-06-21,8465599,nillenalle,b99b1c622b465e21798f7c2a2fccd13651bd23872028541f730cd27556030eb0,20,Veronica chamaedrys
Veronica chamaedrys,51610,113577673,191853248,https://inaturalist-open-data.s3.amazonaws.com/photos/191853248/large.jpeg,cc0,no rights reserved,48.2018944316,15.6296490075,6.0,2022-04-29,4259004,nicoweg,54e86e2b4ea6f07edb629565b065b51d69541a68f2e21ce13fec9bee0819d86f,21,Veronica chamaedrys
Veronica chamaedrys,51610,261871181,470555354,https://inaturalist-open-data.s3.amazonaws.com/photos/470555354/large.jpg,cc-by-nc,"(c) snsergeevna, some rights reserved (CC BY-NC)",58.0602278694,52.6089609286,2.0,2011-06-20,8827422,snsergeevna,fc5a06f0c0c744e02d4ee8086afddfd1fee2ee2c330a5fb3f722fec82817bf0d,22,Veronica chamaedrys
Veronica chamaedrys,51610,371689720,679120107,https://inaturalist-open-data.s3.amazonaws.com/photos/679120107/large.jpg,cc-by,"(c) Andrés Romero Bravo, some rights reserved (CC BY)",55.6932183333,13.3690333333,4.0,2026-06-14,4173551,andresrb,e53bbeb92a0c4d97b1d112c6486c8921a7dc0869af2e3288b8d886468cb50104,23,Veronica chamaedrys
Veronica chamaedrys,51610,352907975,643975087,https://inaturalist-open-data.s3.amazonaws.com/photos/643975087/large.jpg,cc-by,"(c) olmagon, some rights reserved (CC BY)",52.6451939291,1.1625041949,2.0,2026-04-24,9214932,olmagon,bb805ac96e12eafbc560e02fb815733b5d76451034a2ac5dca5995641e80fdaf,24,Veronica chamaedrys
Veronica chamaedrys,51610,162375421,280760610,https://inaturalist-open-data.s3.amazonaws.com/photos/280760610/large.jpg,cc-by-nc,"(c) kadeemgilbert, some rights reserved (CC BY-NC)",42.4000957422,-85.3824126442,6.0,2023-05-18,5002216,kadeemgilbert,bf2a4315895a44b74383211bd0d0b7cf3a6f78fbc261e37edddc019972fa562f,25,Veronica chamaedrys
Veronica chamaedrys,51610,216344890,382607497,https://inaturalist-open-data.s3.amazonaws.com/photos/382607497/large.jpg,cc-by-nc,"(c) Татьяна Полячок, some rights reserved (CC BY-NC)",54.4318,27.176075,4.0,2024-05-17,7205759,tapolya,5b6b9ae0c7a3319d41c2b3af5cc3ef68175a9025dbf8a50e53e151b4810a52a7,26,Veronica chamaedrys
Veronica chamaedrys,51610,362312443,661281175,https://inaturalist-open-data.s3.amazonaws.com/photos/661281175/large.jpg,cc-by-nc,"(c) Марина Цибуля, some rights reserved (CC BY-NC)",50.1756671316,26.8953573704,9.0,2026-05-17,7694695,marynatsybulia,1cd033246125a57a713a5698d4ac27d92eb2198b5f7ee6caeab3d8dbb5fdaf98,27,Veronica chamaedrys
Veronica chamaedrys,51610,350478063,639482613,https://inaturalist-open-data.s3.amazonaws.com/photos/639482613/large.jpg,cc-by-nc,"(c) Marie-Noëlle LIAUD, some rights reserved (CC BY-NC)",44.2159537525,0.6277983674,96.0,2026-04-17,10196837,marie_noelle_liaud,7a5ce7cd8f17c2c3bed43ece54a286ab9e10e4e8f579932c30e4e0d50ec8de0c,28,Veronica chamaedrys
Veronica chamaedrys,51610,229865406,408080323,https://inaturalist-open-data.s3.amazonaws.com/photos/408080323/large.jpeg,cc-by-nc,"(c) nsaw777, some rights reserved (CC BY-NC)",52.1266887384,-10.3062181547,7.0,2024-07-17,8330640,nsaw777,c436332618ef5529d2376f59795f0b2deb98578cf60f8578dae4837d9ec42676,29,Veronica chamaedrys
Veronica chamaedrys,51610,367677645,671486674,https://inaturalist-open-data.s3.amazonaws.com/photos/671486674/large.jpg,cc-by-nc,"(c) peppilotta, some rights reserved (CC BY-NC)",60.53748804,25.12585467,4.0,2026-06-02,3005686,peppilotta,ef809f84970538e55c0408cd52d3ad4a5e9a16cddee5575713b98d5f140f22b2,30,Veronica chamaedrys
Veronica chamaedrys,51610,350120482,638766521,https://inaturalist-open-data.s3.amazonaws.com/photos/638766521/large.jpg,cc-by-nc,"(c) drobyazko_darya, some rights reserved (CC BY-NC)",55.3482541561,36.1624824002,50.0,2025-06-04,8199943,punochka,3757fa62f7c2694792e447dcf70ae47a16c8cf2dedeffc9a1d4fca28bd372684,31,Veronica chamaedrys
Veronica chamaedrys,51610,216502338,382906854,https://inaturalist-open-data.s3.amazonaws.com/photos/382906854/large.jpeg,cc-by,"(c) Paulius Rupšas, some rights reserved (CC BY)",55.8335508116,21.1776562035,3.0,2024-05-18,1198134,solokultas,98865ed468467fbae51f3aaee780e15e952f258f7350e4222c15acef925c8ea9,32,Veronica chamaedrys
Veronica chamaedrys,51610,123438478,209110179,https://inaturalist-open-data.s3.amazonaws.com/photos/209110179/large.jpg,cc-by-nc,"(c) Beatrice Melone, some rights reserved (CC BY-NC)",46.1542471667,10.8139716667,4.0,2022-06-21,62484,beatricemelone,6d3f2af94091309eb1a40015bdb032474b7e09f56b2eb57e445f3a6955789a7f,33,Veronica chamaedrys
Veronica chamaedrys,51610,46102098,73120866,https://inaturalist-open-data.s3.amazonaws.com/photos/73120866/large.jpg,cc-by-nc,"(c) Erik, some rights reserved (CC BY-NC)",39.46763833,-79.29429667,48.0,2020-05-16,2494062,erikoid,36b3f84cc3142e29e5b5dc20b6c898a8ddf9dee61d9b709d8e662b53789a61a2,34,Veronica chamaedrys
Veronica chamaedrys,51610,254379053,455627460,https://inaturalist-open-data.s3.amazonaws.com/photos/455627460/large.jpeg,cc-by-nc,"(c) jltasset, some rights reserved (CC BY-NC)",48.5208300292,3.2597588652,31.0,2010-05-23,6496801,jltasset,1c50953b71d0d41aa4a82539cd501e91145a58f315922445eecf955c68b74b79,35,Veronica chamaedrys
Veronica chamaedrys,51610,364650827,665704429,https://inaturalist-open-data.s3.amazonaws.com/photos/665704429/large.jpg,cc-by-nc,"(c) merone, some rights reserved (CC BY-NC)",50.6217333333,-4.769305,2.0,2026-05-24,3497997,merone,b3ce0bc0634642b85223ae49191cb9d9d5447be9ca447b71d74c48f066dd8e0e,36,Veronica chamaedrys
Veronica chamaedrys,51610,53199560,84600800,https://inaturalist-open-data.s3.amazonaws.com/photos/84600800/large.jpeg,cc-by-nc,"(c) Elena_Velichko, some rights reserved (CC BY-NC)",58.2367092122,38.577603735,663.0,2020-06-06,2788161,elena_velichko,00a88256643d342e4956ae53a80b746180b4909932d89c701fa813135496a9e4,37,Veronica chamaedrys
Veronica chamaedrys,51610,161390631,278960290,https://inaturalist-open-data.s3.amazonaws.com/photos/278960290/large.jpeg,cc-by-nc,"(c) Vincinek, some rights reserved (CC BY-NC)",51.0352596174,13.7651050463,330.0,2023-05-13,4920301,vincinek,beee0d847fc2c850a61edc031b3f57aa73960596d6cfe844b8b7ead8d798ebea,38,Veronica chamaedrys
Veronica chamaedrys,51610,376857123,689085183,https://inaturalist-open-data.s3.amazonaws.com/photos/689085183/large.jpg,cc-by-nc,"(c) kathyhill, some rights reserved (CC BY-NC)",57.6115916667,-4.4225383333,4.0,2026-05-29,225553,kathyhill,856ccd5a10304e70bf0eb02b140fe8500b04f0a06d4fad350711508a51f357f8,39,Veronica chamaedrys
Veronica chamaedrys,51610,271276,335504,https://inaturalist-open-data.s3.amazonaws.com/photos/335504/large.JPG,cc-by-nc,"(c) Kyle Jones, some rights reserved (CC BY-NC)",43.872963,-72.601401,23.0,2013-05-18,11792,kylejones,ab58a40bed062aa90a3631a0b5ccb627e0f4a5611a0057ce5c1f24cdd77e5e7a,40,Veronica chamaedrys
Veronica chamaedrys,51610,374314006,684154182,https://inaturalist-open-data.s3.amazonaws.com/photos/684154182/large.jpg,cc-by-nc,"(c) Ruslan Gleb, some rights reserved (CC BY-NC)",47.9246004645,24.302532747,15.0,2026-06-22,4041820,ruslan_gleb,93c81c94d74a743497e2ca492ab90582b259f99885a102231d5c09e58097df2a,41,Veronica chamaedrys
Veronica chamaedrys,51610,273717176,492234421,https://inaturalist-open-data.s3.amazonaws.com/photos/492234421/large.jpeg,cc-by,"(c) Jono, some rights reserved (CC BY)",47.8557316667,7.286575,3.0,2025-04-26,8134970,spint,119a3b693065ccb196821afcc7310b3479878ebc4a975c708c400f5ec5dcdcb0,42,Veronica chamaedrys
Veronica chamaedrys,51610,393898285,722044218,https://inaturalist-open-data.s3.amazonaws.com/photos/722044218/large.jpg,cc-by-nc,"(c) Мария Вадимовна, some rights reserved (CC BY-NC)",53.892896,46.088122,39.0,2026-08-16,4341038,lady-mary,52b2fb6c4dd8ef98e669098e5380470497cc7dd296303336c1348e69f6af927b,43,Veronica chamaedrys
Veronica chamaedrys,51610,271673265,488703872,https://inaturalist-open-data.s3.amazonaws.com/photos/488703872/large.jpeg,cc-by-nc,"(c) Daniel Gaona Carrilero, some rights reserved (CC BY-NC)",43.4575809119,-4.9333038926,8.0,2025-04-20,5891931,blai_y_dani,330e43614941fa6a1761f7659515ad911a90c4073985cdcbc12a35190b6e5509,44,Veronica chamaedrys
Veronica chamaedrys,51610,268228802,482115900,https://inaturalist-open-data.s3.amazonaws.com/photos/482115900/large.jpeg,cc-by-nc,"(c) ivaruk, some rights reserved (CC BY-NC)",45.0618193396,14.111914672,4.0,2025-04-02,8955191,ivaruk,d23fd040d775d94e49b0fbab7cecbb70e9a1fe3bee1e9e13307da40c52b43e20,45,Veronica chamaedrys
Veronica chamaedrys,51610,208879207,369613698,https://inaturalist-open-data.s3.amazonaws.com/photos/369613698/large.jpeg,cc-by-nc,"(c) konovalov, some rights reserved (CC BY-NC)",52.0395202637,5.1014242172,49.0,2024-04-23,104132,konovalov,4ab1d332ebc4f4b7b046d92935141b0140ca3dd2ca99103d921032cec49a3706,46,Veronica chamaedrys
Veronica chamaedrys,51610,366574170,669370406,https://inaturalist-open-data.s3.amazonaws.com/photos/669370406/large.jpg,cc-by-nc,"(c) Arne Fredenhagen, some rights reserved (CC BY-NC)",54.1350885834,10.0250370854,3.0,2026-05-23,9630573,arne_fredenhagen,531e61f266f0efe2ead5477e47348fdc9456bce08c52c63e96c6a7e35d699755,47,Veronica chamaedrys
Veronica chamaedrys,51610,393248094,720750958,https://inaturalist-open-data.s3.amazonaws.com/photos/720750958/large.jpg,cc-by-nc,"(c) cambala, some rights reserved (CC BY-NC)",54.7438981267,31.9852320776,8.0,2026-08-21,1475901,cambala,6d285cbeee9269f73ae6059c12c171c3768de73ab5b8a0a008fbeda70cd6c702,48,Veronica chamaedrys
Veronica chamaedrys,51610,368594133,673237523,https://inaturalist-open-data.s3.amazonaws.com/photos/673237523/large.jpg,cc-by-nc,"(c) mikaasmith, some rights reserved (CC BY-NC)",57.9517669678,11.5724229813,12.0,2026-06-05,9708114,mikaasmith,080500bcf096f6ea91142bb901f829990b69dd4cd48179ed5d74670d9b17afc2,49,Veronica chamaedrys
Veronica chamaedrys,51610,372091111,679889137,https://inaturalist-open-data.s3.amazonaws.com/photos/679889137/large.jpg,cc-by-nc,"(c) Denys Davydov, some rights reserved (CC BY-NC)",49.3786457178,34.3796601769,15.0,2026-05-15,1775236,davydovbotany,cd9f4d977cf9dd8a53dc3972d4845220a68a6c4ccd6cfcef9aecb30f3510266e,50,Veronica chamaedrys
Veronica chamaedrys,51610,275433467,494943103,https://inaturalist-open-data.s3.amazonaws.com/photos/494943103/large.jpg,cc-by-nc,"(c) Victoria Brázdová, some rights reserved (CC BY-NC)",49.8144886391,18.3502179422,4.0,2025-04-28,9192957,victoria59931,81e84149264406321208d3edfb80c58027f31fd5d15734da1dd13aed2316111e,51,Veronica chamaedrys
Veronica chamaedrys,51610,372918535,681481878,https://inaturalist-open-data.s3.amazonaws.com/photos/681481878/large.jpg,cc-by-nc,"(c) Claire Bidnell, some rights reserved (CC BY-NC)",54.7886280135,-1.6248634401,8.0,2026-06-18,10682603,claire66169,29d9e1eea254456bf011278dff943d5502958f2d1856d873ed98766cf9a63b6c,52,Veronica chamaedrys
Veronica chamaedrys,51610,363740871,663994356,https://inaturalist-open-data.s3.amazonaws.com/photos/663994356/large.jpg,cc-by-nc,"(c) alexfamilyteam, some rights reserved (CC BY-NC)",55.721431,52.259475,114.0,2026-05-21,4212520,alexfamilyteam,45c42fe35723ab4cb6fe0d862f1c326ebaed8e5e1cf8f40dd6aef2a591717b60,53,Veronica chamaedrys
Veronica chamaedrys,51610,51897405,82478953,https://inaturalist-open-data.s3.amazonaws.com/photos/82478953/large.jpg,cc-by-nc,"(c) Mykyta Peregrym, some rights reserved (CC BY-NC)",50.4443891772,30.5013794428,4.0,2007-04-28,3078835,mykytaperegrym,f2d86a2f22a2809d8f6299bf6b75eb384e3d8c12d41b1e9f45cf3299ba0fa560,54,Veronica chamaedrys
Veronica chamaedrys,51610,116059398,195883204,https://inaturalist-open-data.s3.amazonaws.com/photos/195883204/large.jpeg,cc-by,"(c) dcourtine, some rights reserved (CC BY)",45.69577013,2.99058426,46.0,2022-05-08,2385839,dcourtine,ba78c2d0f7432906514c607d88d784b304a4f1513fa20e8f1f8ab62b574a6f80,55,Veronica chamaedrys
Veronica chamaedrys,51610,119399808,201839698,https://inaturalist-open-data.s3.amazonaws.com/photos/201839698/large.jpeg,cc-by,"(c) Dave, some rights reserved (CC BY)",52.20473,-2.484296,2.0,2022-05-30,5745502,dave2022,49ebc3001a38ca6a3ebf42f626ffb37a4edcfc2b03c3bd7052c156f487e6f4be,56,Veronica chamaedrys
Veronica chamaedrys,51610,221092646,391527291,https://inaturalist-open-data.s3.amazonaws.com/photos/391527291/large.jpg,cc-by-nc,"(c) elainehendrickson, some rights reserved (CC BY-NC)",46.7188145174,-67.7896609456,4.0,2024-06-07,4137478,elainehendrickson,e393d28c895ec00814c32e181f2f78cefa5e8a630b4ed38ab578141b569807de,57,Veronica chamaedrys
Veronica chamaedrys,51610,334740970,607952910,https://inaturalist-open-data.s3.amazonaws.com/photos/607952910/large.jpg,cc-by-nc,"(c) J. IGNASI, some rights reserved (CC BY-NC)",43.0046395925,-2.2636897164,61.0,2023-05-14,6051588,montsec,259eacb8d22cdad07436d2405f3eadda4e133caf127fde7e8fde891f492edf24,58,Veronica chamaedrys
Veronica chamaedrys,51610,252169910,451360945,https://inaturalist-open-data.s3.amazonaws.com/photos/451360945/large.jpeg,cc-by-nc,"(c) fkfhof, some rights reserved (CC BY-NC)",53.5650152434,13.1773518817,122.0,2009-05-24,7840501,fkfhof,a38782d02659f1323c9d6046d6ef5fd5df575bb43524fd345c6288b953940ea2,59,Veronica chamaedrys
Veronica chamaedrys,51610,357510926,652077318,https://inaturalist-open-data.s3.amazonaws.com/photos/652077318/large.jpg,cc-by-nc,"(c) philippmorgenstern, some rights reserved (CC BY-NC)",49.5540720171,11.0434524375,7.0,2026-05-02,10455402,philippmorgenstern,0bc7676ba1abb44c0da2b6e39a03432b52772f6cb288b0d2e7d41cd0f2659f1e,60,Veronica chamaedrys
Trifolium pratense,51875,38529625,61248770,https://inaturalist-open-data.s3.amazonaws.com/photos/61248770/large.jpeg,cc-by-nc,"(c) jabba, some rights reserved (CC BY-NC)",-43.5582236387,172.5786126405,5.0,2020-02-11,1538116,jabba,bcca7493f12759534abda412cd2c7bcf470001f38a1017501f26688c8a30a2f2,1,Trifolium pratense
Trifolium pratense,51875,357573311,652195620,https://inaturalist-open-data.s3.amazonaws.com/photos/652195620/large.jpg,cc-by-nc,"(c) Juliana, some rights reserved (CC BY-NC)",41.1473133101,-8.5847281292,17.0,2026-05-02,6950914,juliana_dollis,69d28fe0fe4d6768ddadf4bafa04c1902b9d161fd56057de0cd96c5b1e38c58e,2,Trifolium pratense
Trifolium pratense,51875,283276544,508992572,https://inaturalist-open-data.s3.amazonaws.com/photos/508992572/large.jpg,cc-by-nc,"(c) onlyu040107, some rights reserved (CC BY-NC)",37.4616004394,126.9580118358,81.0,2025-05-22,9344667,onlyu040107,4a62120992f3627abde6a5b7805b59e381732fa13bdaf02de35efcfc334d9c35,3,Trifolium pratense
Trifolium pratense,51875,282421515,507401464,https://inaturalist-open-data.s3.amazonaws.com/photos/507401464/large.jpg,cc-by-nc,"(c) Yao Ming, some rights reserved (CC BY-NC)",37.8403166667,-122.2785716667,3659.0,2025-05-19,9117664,trev0r-28,255c7d84f0ddf457e1edd4fc7d853b4c6d1c701d268cbff4d000077e6ef70f6c,4,Trifolium pratense
Trifolium pratense,51875,240114201,427742788,https://inaturalist-open-data.s3.amazonaws.com/photos/427742788/large.jpeg,cc-by-nc,"(c) daisan, some rights reserved (CC BY-NC)",50.288435,57.214994,2.0,2024-09-06,7997399,daisan,937e37360ff93388c21be9686bb9b8398d335fd8685386d46bcffd80d87c3bae,5,Trifolium pratense
Trifolium pratense,51875,34804253,54820360,https://inaturalist-open-data.s3.amazonaws.com/photos/54820360/large.jpeg,cc-by-nc,"(c) tengtengy, some rights reserved (CC BY-NC)",44.3368703932,-68.0611238256,33.0,2019-10-24,2388858,tengtengy,f47f3d1bbfc18c15b3012f3bd6381f187068988ff08266381a02e6ab37a1b372,6,Trifolium pratense
Trifolium pratense,51875,126318324,214318055,https://inaturalist-open-data.s3.amazonaws.com/photos/214318055/large.jpeg,cc0,no rights reserved,59.1960462057,17.7940115483,1.0,2022-07-15,2041659,jensu,f0b60241c507e252dfb8eb21abe2d7fb883140d77936efe296a670353ed37248,7,Trifolium pratense
Trifolium pratense,51875,125212146,212320531,https://inaturalist-open-data.s3.amazonaws.com/photos/212320531/large.jpg,cc-by-nc,"(c) ginnylh, some rights reserved (CC BY-NC)",59.5028583333,-135.3580633333,4.0,2022-07-05,5484642,ginnylh,5058d92b18e13c47aac15cdf744c8f58eefbee8aa8bf5cdfdcf0b864d470a59a,8,Trifolium pratense
Trifolium pratense,51875,386916516,708461129,https://inaturalist-open-data.s3.amazonaws.com/photos/708461129/large.jpg,cc-by-nc,"(c) Hyacinth Belcher, some rights reserved (CC BY-NC)",36.0644833333,-93.3596633333,4.0,2026-07-29,10170987,hyacinth16489,c7e43f76ed93f91181282c9512bac49a1144eac4547f6edda60cadb838d7c9cd,9,Trifolium pratense
Trifolium pratense,51875,233351796,414698991,https://inaturalist-open-data.s3.amazonaws.com/photos/414698991/large.jpeg,cc-by-nc,"(c) gbiodiversity, some rights reserved (CC BY-NC)",42.1548585309,14.1239626612,122.0,2015-07-18,7838712,gbiodiversity,bacba90c14a1b96aeada0dd175c9a3d0b7b463d6048b6da18880d105d91fd1b4,10,Trifolium pratense
Trifolium pratense,51875,42740472,67877733,https://inaturalist-open-data.s3.amazonaws.com/photos/67877733/large.jpg,cc-by-nc,"(c) tatyana_kolesnikova, some rights reserved (CC BY-NC)",54.5950943419,84.0934371518,159.0,2017-08-06,2475836,tatyana_kolesnikova,e974d1e3c589aeb58016986af271507e217db532297ca1ea63d21b2ff9982717,11,Trifolium pratense
Trifolium pratense,51875,17058205,25812763,https://inaturalist-open-data.s3.amazonaws.com/photos/25812763/large.jpg,cc-by,"(c) Mary Krieger, some rights reserved (CC BY)",50.46227,-97.49443,5.0,2018-09-29,296618,marykrieger,e25c0c9970402f55c334d00a92092a26efad526b85422ba10ed910be47006016,12,Trifolium pratense
Trifolium pratense,51875,386167257,707029363,https://inaturalist-open-data.s3.amazonaws.com/photos/707029363/large.jpg,cc-by-nc,"(c) Ellen Scott, some rights reserved (CC BY-NC)",50.691573542,-119.2916689919,52.0,2026-07-24,5497015,ellensc,3cabe761087f749e2807727d6c6244782d0fea7c04c07a4deca4f086944efd1f,13,Trifolium pratense
Trifolium pratense,51875,308275285,556152100,https://inaturalist-open-data.s3.amazonaws.com/photos/556152100/large.jpg,cc-by,"(c) mikami-kun, some rights reserved (CC BY)",51.9682768032,35.975211896,156.0,2025-08-20,5880989,mikami-kun,e95ba8595ad71a7840b7a0affa67cdc5e8b9b8d858363f4a87ade0e12bc3a465,14,Trifolium pratense
Trifolium pratense,51875,183661362,320460392,https://inaturalist-open-data.s3.amazonaws.com/photos/320460392/large.jpg,cc-by-nc,"(c) Peter Hollings, some rights reserved (CC BY-NC)",52.405468,-1.501647,3.0,2023-09-17,6504865,p_hollings,3b4eb14e254364a99f282d08632750be05afc0dc39eaabb60de2f58784feeb1f,15,Trifolium pratense
Trifolium pratense,51875,212992267,376398275,https://inaturalist-open-data.s3.amazonaws.com/photos/376398275/large.jpeg,cc-by-nc,"(c) Anders Z., some rights reserved (CC BY-NC)",37.0280603013,-79.4309689477,1736.0,2024-05-02,6633773,jabburwock,f1156e02b1979a75a7abb1752317aa75a8aabb9d685ad5f24479fa0dbfa362bb,16,Trifolium pratense
Trifolium pratense,51875,79206942,129712515,https://inaturalist-open-data.s3.amazonaws.com/photos/129712515/large.jpg,cc-by-nc,"(c) watakei, some rights reserved (CC BY-NC)",35.639587107,139.5903939254,19.0,2021-05-18,2616939,watakei,5d44011f5c630087a2a96e5f01fcd35e34f9ad8a40b127855452c3de9200103c,17,Trifolium pratense
Trifolium pratense,51875,93644699,155982891,https://inaturalist-open-data.s3.amazonaws.com/photos/155982891/large.jpeg,cc-by-nc,"(c) desiree-m, some rights reserved (CC BY-NC)",40.5720404552,-105.1272903755,7.0,2021-09-04,4936417,desiree-m,a6ff05f904b3380cdf817672e4920a2187ed238342efd961f5e1561c7c348571,18,Trifolium pratense
Trifolium pratense,51875,200091108,352954582,https://inaturalist-open-data.s3.amazonaws.com/photos/352954582/large.jpg,cc-by-nc,"(c) Małgorzata Śliż, some rights reserved (CC BY-NC)",50.0265900118,19.9024877841,1.0,2022-05-27,3813240,goosiaczek,e6e9db0750068eb1beeed90696585727c1d0571d6c5f25d41ac1c51785acb930,19,Trifolium pratense
Trifolium pratense,51875,134221073,228744884,https://inaturalist-open-data.s3.amazonaws.com/photos/228744884/large.jpeg,cc-by-nc,"(c) Lynn Callahan, some rights reserved (CC BY-NC)",44.5978088379,-83.3487701416,4.0,2022-09-08,3566146,lynnluck75,da04a8c7d12b0f0ba91847c2d5f04ea1b1c3697a910e3af79ee63664d028b89d,20,Trifolium pratense
Trifolium pratense,51875,223522799,396066569,https://inaturalist-open-data.s3.amazonaws.com/photos/396066569/large.jpeg,cc-by-nc,"(c) olegsamakin, some rights reserved (CC BY-NC)",55.7841260722,47.173454985,68.0,2024-06-18,8267329,olegsamakin,ebdf608d436e3645527bde8e91688f64f56d612aa9880b547a8071e55efa13ed,21,Trifolium pratense
Trifolium pratense,51875,125678750,213141332,https://inaturalist-open-data.s3.amazonaws.com/photos/213141332/large.jpg,cc-by-nc,"(c) Nicolas Schwab, some rights reserved (CC BY-NC)",47.1286400314,6.9330394543,4.0,2022-07-10,4350079,nschwab,05d0b874fa52dc423eecf896e7bcd637888d4bcee296c26c3f3257a2834f5258,22,Trifolium pratense
Trifolium pratense,51875,28966205,45181201,https://inaturalist-open-data.s3.amazonaws.com/photos/45181201/large.jpg,cc-by-nc,"(c) Lynn Pyle, some rights reserved (CC BY-NC)",44.1035836265,-115.4508093713,244.0,2018-06-20,1917261,texasgirl27,f49bb90799497e69daf75b162ef0206924c55cb2ebf0ef6e46cb8b6be0397342,23,Trifolium pratense
Trifolium pratense,51875,227607344,403790033,https://inaturalist-open-data.s3.amazonaws.com/photos/403790033/large.jpeg,cc-by-nc,"(c) alexfamilyteam, some rights reserved (CC BY-NC)",58.502575,31.2494066667,15.0,2024-07-06,4212520,alexfamilyteam,5be069d33c155c574dd104b86cf46b72bafe7a8b412a5876a658a44b864df833,24,Trifolium pratense
Trifolium pratense,51875,365252355,666844276,https://inaturalist-open-data.s3.amazonaws.com/photos/666844276/large.jpg,cc-by,"(c) Carolyn Koehn, some rights reserved (CC BY)",44.568187,-92.51877,6.0,2026-05-25,5845944,qtcarolyn,a926a906b2b022e4ba1a2632880e275ad3005b2bd859f1478c054f80e1247c37,25,Trifolium pratense
Trifolium pratense,51875,318226992,575116391,https://inaturalist-open-data.s3.amazonaws.com/photos/575116391/large.jpg,cc-by,"(c) Cenaida, some rights reserved (CC BY)",42.5641716667,-0.5620883333,6.0,2025-10-02,207300,cenaida,a90b04a06919f9b2a71981a4ceb4f893854bf6422b7e738aafba7ba3038661cc,26,Trifolium pratense
Trifolium pratense,51875,307004767,553697538,https://inaturalist-open-data.s3.amazonaws.com/photos/553697538/large.jpg,cc-by-nc,"(c) Jimi Korpela, some rights reserved (CC BY-NC)",64.0597983333,25.6847816667,8.0,2025-08-17,9465144,roki5,8b3b98ed607e779aade1eec38873dce9ea3d79997d7edd66cd31385d687cb04c,27,Trifolium pratense
Trifolium pratense,51875,140916460,241293160,https://inaturalist-open-data.s3.amazonaws.com/photos/241293160/large.jpg,cc-by-nc,"(c) justinmcg, some rights reserved (CC BY-NC)",46.1457695519,-60.1916751887,75.0,2022-11-02,5324408,justinmcg,fa1bb0745f76146fcc8f06d7afa6aecdc5f4fadb033b1dd17e9edf7ed7ceb368,28,Trifolium pratense
Trifolium pratense,51875,17991037,27500628,https://inaturalist-open-data.s3.amazonaws.com/photos/27500628/large.jpg,cc-by-nc,"(c) Susan J. Hewitt, some rights reserved (CC BY-NC)",40.8028921578,-73.9601331857,10.0,2018-10-31,50920,susanhewitt,02e776660d49d62c92d7102e9ac4810fdda96176fed350deb8d185445ec26c80,29,Trifolium pratense
Trifolium pratense,51875,69575937,112921751,https://inaturalist-open-data.s3.amazonaws.com/photos/112921751/large.jpg,cc-by-nc,"(c) mobbini, some rights reserved (CC BY-NC)",53.749215298,7.5110465944,15.0,2010-05-31,1409524,mobbini,aeaa84a7d2a779db0d871c26f8e5c04c75b71b69c885d7e642624532978a3df4,30,Trifolium pratense
Trifolium pratense,51875,83723108,137529230,https://inaturalist-open-data.s3.amazonaws.com/photos/137529230/large.jpg,cc-by-nc,"(c) SpyingNaturalist, some rights reserved (CC BY-NC)",45.4348833333,-122.7639383333,5.0,2021-06-19,1359300,spyingnaturalist,007b1df56f02ae4f234b58fdc73ecc712a8f4a96d7cfca3dad2c236f710b12b7,31,Trifolium pratense
Trifolium pratense,51875,385792932,706305206,https://inaturalist-open-data.s3.amazonaws.com/photos/706305206/large.jpg,cc-by-nc,"(c) Joshua Driskell, some rights reserved (CC BY-NC)",38.2777452055,-85.803003234,3.0,2026-07-27,9928908,earthwindwaterspirit,1f652d10669fa604f7c0abc9b73e0dbdd4556a67357d1549f0eb969c2812123d,32,Trifolium pratense
Trifolium pratense,51875,202973193,358549939,https://inaturalist-open-data.s3.amazonaws.com/photos/358549939/large.jpeg,cc-by,"(c) Evgenij Samarin, some rights reserved (CC BY)",45.2270156342,19.8504693434,4.0,2024-03-18,1574965,evsam,46629ee95b6f4f0dc4ffdcaff533ac8862a1cdd3efd6a4d83583e17bb853eab8,33,Trifolium pratense
Trifolium pratense,51875,20842239,32151877,https://inaturalist-open-data.s3.amazonaws.com/photos/32151877/large.jpg,cc-by-sa,"(c) Gordon Johnston, some rights reserved (CC BY-SA)",45.4115362671,-75.7252512553,31.0,2014-06-21,1041151,gordon_johnston,b712e7a5c8db6c49cdd02917791601064936ba545ab8edc47f0973ea02e04f03,34,Trifolium pratense
Trifolium pratense,51875,127175422,215875473,https://inaturalist-open-data.s3.amazonaws.com/photos/215875473/large.jpg,cc-by-nc,"(c) Ryan Grow, some rights reserved (CC BY-NC)",48.6568127922,-89.2890666953,2.0,2022-07-17,3146308,ryangrow,07050e45c56dd4bb3a1de694d91146605ce97f6e30c303103ce46c1c8e91b343,35,Trifolium pratense
Trifolium pratense,51875,292048651,525517691,https://inaturalist-open-data.s3.amazonaws.com/photos/525517691/large.jpg,cc-by-nc,"(c) napporaivo, some rights reserved (CC BY-NC)",54.7660628023,56.0167482599,2.0,2025-06-13,7665223,napporaivo,406886420528afc9e252e49942be876fd4487cd214d5a9b0610d31fc725f86e0,36,Trifolium pratense
Trifolium pratense,51875,371459827,678686372,https://inaturalist-open-data.s3.amazonaws.com/photos/678686372/large.jpg,cc-by-sa,"(c) Chris, some rights reserved (CC BY-SA)",42.0265445619,-88.0525449291,103.0,2026-06-05,434667,chalax91,4edcace3aec3a3892bba74df35d9a8e13a7e0907e4938fff2d4a0f4db6d41409,37,Trifolium pratense
Trifolium pratense,51875,191670174,336297000,https://inaturalist-open-data.s3.amazonaws.com/photos/336297000/large.jpeg,cc-by-nc,"(c) Татьяна Абазова, some rights reserved (CC BY-NC)",55.8990815355,37.5879041717,31.0,2023-11-08,2617823,tanniii66,ae752f2b3d5390fb828b39df916b93276a6a2a698bb91ea1a55c4bed7a4c3050,38,Trifolium pratense
Trifolium pratense,51875,331069908,600501560,https://inaturalist-open-data.s3.amazonaws.com/photos/600501560/large.jpg,cc-by-nc,"(c) Chris Kettinger, some rights reserved (CC BY-NC)",47.0535,12.624617,7.0,2025-07-13,4237532,pantalaimon,1ee636f428edbd5a82d81471648500fe52315f43d919d6f51613744842cff1a1,39,Trifolium pratense
Trifolium pratense,51875,162584821,281137604,https://inaturalist-open-data.s3.amazonaws.com/photos/281137604/large.jpg,cc-by-nc,"(c) Danny Tipton, some rights reserved (CC BY-NC)",35.665445,-118.30552,4.0,2023-05-19,3153137,dtcalypso,a5dd67031c2a21782a928835958c1ec120307c8a149086ffe560e645c7e6a151,40,Trifolium pratense
Trifolium pratense,51875,26432677,41045327,https://inaturalist-open-data.s3.amazonaws.com/photos/41045327/large.jpeg,cc-by-nc,"(c) jansson, some rights reserved (CC BY-NC)",51.2944998978,12.3775715222,17.0,2019-06-02,1530557,jansson,c2f178f5a54bcb735bebddd2d9446b1dd74b9becf57b24bee1677a5feb417f51,41,Trifolium pratense
Trifolium pratense,51875,229173734,406770869,https://inaturalist-open-data.s3.amazonaws.com/photos/406770869/large.jpeg,cc-by-nc,"(c) India D, some rights reserved (CC BY-NC)",41.3015846287,-80.7536699835,2.0,2024-07-13,8092512,indiaeyelash,c480447ae73c5d92fa924034ec8e3bbcd1699bf7f2985c63f6e12e934993e43e,42,Trifolium pratense
Trifolium pratense,51875,223816368,396616774,https://inaturalist-open-data.s3.amazonaws.com/photos/396616774/large.jpg,cc-by-nc,"(c) moriyko, some rights reserved (CC BY-NC)",50.3759883333,30.50147,25.0,2024-06-17,8279121,moriyko,671c9c4c73660116c8031c80fe7dda0ae8977863dcb1118ac699492503868cfe,43,Trifolium pratense
Trifolium pratense,51875,324079929,586506415,https://inaturalist-open-data.s3.amazonaws.com/photos/586506415/large.jpg,cc-by-nc,"(c) kadena02436, some rights reserved (CC BY-NC)",40.2722151309,-109.9852303019,31.0,2025-06-19,9922477,kadena02436,d09040965986d10fa20ef39c0c87acd3e077db97090593e6caa6b8689e2109dc,44,Trifolium pratense
Trifolium pratense,51875,14643310,21839631,https://inaturalist-open-data.s3.amazonaws.com/photos/21839631/large.jpeg,cc-by-nc,"(c) Mathieu Gilbert, some rights reserved (CC BY-NC)",50.629825,4.7832116667,4.0,2018-07-23,1096943,mathg89,c93f55e33cdfb5c88b6f7dee8dcf4db3a5c5ea1f02b5c418cf55212affc6a980,45,Trifolium pratense
Trifolium pratense,51875,89029237,146972486,https://inaturalist-open-data.s3.amazonaws.com/photos/146972486/large.jpeg,cc-by-nc,"(c) Merav Vonshak, some rights reserved (CC BY-NC)",41.0693055556,-124.1522361111,7.0,2021-07-04,34038,merav,6367d037f96867823796a9c61701b5a98922a33a2b79db83bd78956d4665f904,46,Trifolium pratense
Trifolium pratense,51875,49665032,78844274,https://inaturalist-open-data.s3.amazonaws.com/photos/78844274/large.jpg,cc-by-nc,"(c) will_birds, some rights reserved (CC BY-NC)",47.4895792176,-117.4853251689,5.0,2020-06-14,3156711,will_birds,e44c12e3dcb3a3f984923f32d00502b3a6a978d3f0114d486d84dae7bf8e7939,47,Trifolium pratense
Trifolium pratense,51875,312377762,563985877,https://inaturalist-open-data.s3.amazonaws.com/photos/563985877/large.jpg,cc-by,"(c) Carolyn Koehn, some rights reserved (CC BY)",44.52008,-110.833396,6.0,2025-09-06,5845944,qtcarolyn,444688592978a7d806fffd4a78ac48982ab5d657eebf9b23a0362b71164d6d93,48,Trifolium pratense
Trifolium pratense,51875,26671156,41428173,https://inaturalist-open-data.s3.amazonaws.com/photos/41428173/large.jpg,cc-by-nc,"(c) Mona Phipps, some rights reserved (CC BY-NC)",56.7730002388,9.9438718334,66.0,2019-06-08,1695507,monaphipps,96ac09ba1ff8b0ce08520ec418560105d51bded1189d138f5831d8fa4e45ab0d,49,Trifolium pratense
Trifolium pratense,51875,144528965,248074994,https://inaturalist-open-data.s3.amazonaws.com/photos/248074994/large.jpeg,cc-by-nc,"(c) michalsvit, some rights reserved (CC BY-NC)",53.1208398968,18.0095086992,93.0,2022-10-17,6271452,michalsvit,e14916d4084865da27f436064d8576a0fa3bc781ef2cbd511364dcfe397b0d28,50,Trifolium pratense
Trifolium pratense,51875,56071657,89325273,https://inaturalist-open-data.s3.amazonaws.com/photos/89325273/large.jpg,cc-by,"(c) Cole Shoemaker, some rights reserved (CC BY)",35.1029634868,-84.9318862413,22.0,2020-08-10,3234999,zealouswizard,6e0946f7826f9dbbac85bcc644335fae9aa4f1dcd03ec2d3ad4ae5018f54cb6d,51,Trifolium pratense
Trifolium pratense,51875,329210392,596705620,https://inaturalist-open-data.s3.amazonaws.com/photos/596705620/large.jpg,cc-by-nc,"(c) Александр Жуковский, some rights reserved (CC BY-NC)",52.0742930284,23.7097055988,4.0,2025-11-07,9642441,alexanderfb,2cc31284769ee00a74b845abb4529ee3fa86489ebc159bd620937fc9d7303f12,52,Trifolium pratense
Trifolium pratense,51875,48784908,77447149,https://inaturalist-open-data.s3.amazonaws.com/photos/77447149/large.jpg,cc-by-nc,"(c) adby9b, some rights reserved (CC BY-NC)",43.5309816283,-72.458260366,28.0,2020-06-07,2904878,adby9b,7036076f432560ec452675bd0f10f014ae7a3b1310acb4bfbe47f68486b478c9,53,Trifolium pratense
Trifolium pratense,51875,120361159,203561404,https://inaturalist-open-data.s3.amazonaws.com/photos/203561404/large.jpg,cc-by-nc,"(c) clrlh, some rights reserved (CC BY-NC)",46.085575,-64.77475,4.0,2022-06-05,5646330,clrlh,fd7b9d6b38ebb2675136db9becb522e4451a40e312fc2b78bca14fbd4d165580,54,Trifolium pratense
Trifolium pratense,51875,98939030,164823085,https://inaturalist-open-data.s3.amazonaws.com/photos/164823085/large.jpeg,cc-by-nc,"(c) Kate McKeown, some rights reserved (CC BY-NC)",49.3992527778,-123.2047666667,8.0,2021-09-18,1421387,katemckeown,d3f8ccc9affbf8c17516afdeafa9b8ba6440c537c009058ec891eeb8fb6de8ea,55,Trifolium pratense
Trifolium pratense,51875,301971072,544177150,https://inaturalist-open-data.s3.amazonaws.com/photos/544177150/large.jpg,cc-by-nc,"(c) Gerry Bates, some rights reserved (CC BY-NC)",50.7977573989,-114.8478986626,31.0,2025-07-20,670899,gerrybates,6e9054910e4a7d21126e7b5391d1ae8441a8c07152abaf035e4fae3feb55a099,56,Trifolium pratense
Trifolium pratense,51875,213538131,377384634,https://inaturalist-open-data.s3.amazonaws.com/photos/377384634/large.jpeg,cc0,no rights reserved,-41.2607372971,174.7570917145,100.0,2024-04-26,605047,dianne_and_gordon_purdie,151bf2de19771e571ffedadd6841f642cc67e8fae13c653280454d5ce5349fd1,57,Trifolium pratense
Trifolium pratense,51875,295554016,532078418,https://inaturalist-open-data.s3.amazonaws.com/photos/532078418/large.jpg,cc-by-nc,"(c) mitchoutdoors, some rights reserved (CC BY-NC)",43.82713,-79.170395,10.0,2025-07-05,5636370,mitchoutdoors,1abe52f3f4d4afec95dc68e9f16ee76ca6fc0421cfd6e51cea51d6e68815e83d,58,Trifolium pratense
Trifolium pratense,51875,207795981,367593006,https://inaturalist-open-data.s3.amazonaws.com/photos/367593006/large.jpg,cc-by-nc,"(c) Norbert Sauberer, some rights reserved (CC BY-NC)",48.2188431138,16.3519251765,1.0,2024-04-17,2626695,brothernorbert,10e1ab31d8a7232b2780d4c523a74338eb4b95c3726144b566e185173295407e,59,Trifolium pratense
Trifolium pratense,51875,62810596,100701179,https://inaturalist-open-data.s3.amazonaws.com/photos/100701179/large.jpeg,cc-by-nc,"(c) kristin-marie, some rights reserved (CC BY-NC)",38.9758674888,-76.9851457287,4132.0,2020-10-17,3738218,kristin-marie,b88dde0a346a98c6c0a31f34ebc670ddc0c38e95bac2d35415a56632117952f9,60,Trifolium pratense
Achillea millefolium,52821,41337183,65567375,https://inaturalist-open-data.s3.amazonaws.com/photos/65567375/large.jpeg,cc-by,"(c) John Barkla, some rights reserved (CC BY)",-45.8577403,170.5012268,2900.0,2020-04-04,57756,john_barkla,3fd70cfcea3af76b4f51da40024f42afef77b1cc5eaecef588fa0c6f6f82cf0f,1,Achillea millefolium
Achillea millefolium,52821,180590594,314602943,https://inaturalist-open-data.s3.amazonaws.com/photos/314602943/large.jpeg,cc-by-nc,"(c) Pedro Beja, some rights reserved (CC BY-NC)",43.06802307,-6.18813523,3.0,2023-08-28,691165,pbeja65,42a689f7623fd2a9da5127d937f9aa712784689ec3b3694a48189e9863af1d6f,2,Achillea millefolium
Achillea millefolium,52821,170327852,295401278,https://inaturalist-open-data.s3.amazonaws.com/photos/295401278/large.jpg,cc0,no rights reserved,36.46922,-121.9053416667,8.0,2023-06-29,3188668,aparrot1,607d689c87f2c115c86c08f41f19d7a6e44fdd00bbb83449bebb8f018a2fa958,3,Achillea millefolium
Achillea millefolium,52821,99842191,166527992,https://inaturalist-open-data.s3.amazonaws.com/photos/166527992/large.jpeg,cc-by-nc,"(c) Сергей Квашнин, some rights reserved (CC BY-NC)",56.1321231701,69.5254239015,8.0,2021-10-29,2477536,diogeno,5b0a21edd537904cc0af5b8b7b5282e6eb825ebf637aae8fd5a7e0364cdafdb7,4,Achillea millefolium
Achillea millefolium,52821,7298649,9443963,https://inaturalist-open-data.s3.amazonaws.com/photos/9443963/large.jpg,cc-by-nc,"(c) whalecamp, some rights reserved (CC BY-NC)",44.6506204829,-66.8126702775,5.0,2017-07-31,536644,whalecamp,2c2f324184c0c09ea5724b2cd6e1a6d65f457395a71fe21fc65441ac771cf4a8,5,Achillea millefolium
Achillea millefolium,52821,13622156,20048108,https://inaturalist-open-data.s3.amazonaws.com/photos/20048108/large.jpeg,cc-by-nc,"(c) Manuel Cortina, some rights reserved (CC BY-NC)",19.7180763337,-97.4811875557,5.0,2018-06-20,112245,ingftalmm,e45d4f8923516b80ae1b1fa2a687cfd94d8ab269d64c1ab0dbf37104998c77cb,6,Achillea millefolium
Achillea millefolium,52821,94915342,157506954,https://inaturalist-open-data.s3.amazonaws.com/photos/157506954/large.jpeg,cc-by-nc,"(c) fiebser, some rights reserved (CC BY-NC)",68.0701599121,13.5337677002,95.0,2021-09-15,4986940,fiebser,f848c5a1c8ab8666c9d8b2914a0db56898f4cdb452fa7e1ecf40cde916d9f00c,7,Achillea millefolium
Achillea millefolium,52821,29344803,45793788,https://inaturalist-open-data.s3.amazonaws.com/photos/45793788/large.jpg,cc-by-nc,"(c) Stephen Petersen, some rights reserved (CC BY-NC)",58.771625,-94.228005,8.0,2019-07-22,239769,stephenresearch,52627a02f4b728eed40807fd547a6444856d48f4c438193f50ad39d774b4bf01,8,Achillea millefolium
Achillea millefolium,52821,60931206,97458081,https://inaturalist-open-data.s3.amazonaws.com/photos/97458081/large.jpeg,cc-by,"(c) Maxim Shashkov, some rights reserved (CC BY)",54.79306507,37.52151111,5.0,2020-09-26,519014,max_carabus,26d875355a295a17f1f3417ce88c1e88458ab716e8b5ff6b3e50de63ee47962f,9,Achillea millefolium
Achillea millefolium,52821,364458746,665336735,https://inaturalist-open-data.s3.amazonaws.com/photos/665336735/large.jpg,cc-by-nc,"(c) jillono, some rights reserved (CC BY-NC)",36.8993626072,-86.5345607591,2.0,2026-05-23,10353907,jillono,8dc97b13277fd969f4d387cc507c6db0ad058eb09f6ea50452b7505bfdce4b58,10,Achillea millefolium
Achillea millefolium,52821,218362075,386392756,https://inaturalist-open-data.s3.amazonaws.com/photos/386392756/large.jpeg,cc-by-nc,"(c) Zoë Ferraris, some rights reserved (CC BY-NC)",40.6842062306,14.7553184775,1.0,2024-05-26,2096981,zaf2103,56d911f78f8d38c8a4db2fa38da8db1f2a7f2ed0305ea81b639756d0131c81b1,11,Achillea millefolium
Achillea millefolium,52821,167967205,291082427,https://inaturalist-open-data.s3.amazonaws.com/photos/291082427/large.jpg,cc-by-nc,"(c) woodslane, some rights reserved (CC BY-NC)",52.920628097,-118.0010883139,3.0,2023-06-17,3847614,woodslane,5c3785fad62c6a4c72ca1a1ab5b1fffa1051f990ac1eb90a788f8f9aea7378dd,12,Achillea millefolium
Achillea millefolium,52821,234019606,415966745,https://inaturalist-open-data.s3.amazonaws.com/photos/415966745/large.jpeg,cc-by,"(c) Jonathan Layman, some rights reserved (CC BY)",40.6223043752,-105.1400064191,22.0,2024-05-31,291618,jlayman,0566e073d29b9ab7df9f4b1316ca7ba41d54090bc87c90f3456f32689fe4b073,13,Achillea millefolium
Achillea millefolium,52821,223350026,395735355,https://inaturalist-open-data.s3.amazonaws.com/photos/395735355/large.jpeg,cc-by-nc,"(c) mijur, some rights reserved (CC BY-NC)",54.49084838,9.84454902,5.0,2024-06-17,7058385,mijur,6ca1edd35cdae358c6f1200d90c4027779358b2342e529f4e1ca767cfee8a958,14,Achillea millefolium
Achillea millefolium,52821,305828910,551458520,https://inaturalist-open-data.s3.amazonaws.com/photos/551458520/large.jpg,cc-by-nc,"(c) P. Lahiff, some rights reserved (CC BY-NC)",53.2439606197,-8.9699570462,100.0,2025-08-12,9419538,seaweedpete,835f905d8bb47f82116fee99907369a89f9c6c8eeaa1f7025c26e1d68a4f3bc7,15,Achillea millefolium
Achillea millefolium,52821,38130072,60557005,https://inaturalist-open-data.s3.amazonaws.com/photos/60557005/large.jpg,cc-by-nc,"(c) Mark Olivier, some rights reserved (CC BY-NC)",46.825688,-83.14938,100.0,2018-07-16,168813,markolivier,36cf84b91e0f53af5fe58743913a8b0b19de02703f6a01323a50830230700a53,16,Achillea millefolium
Achillea millefolium,52821,279109957,501187127,https://inaturalist-open-data.s3.amazonaws.com/photos/501187127/large.jpeg,cc-by-nc,"(c) Roberto R. Calderón, some rights reserved (CC BY-NC)",33.243607,-97.153716,6.0,2025-05-06,115129,aguilita,c2bce7206981ab9a1bde6fba160f773ca8ccf7cf077b612a8554d7ded5ffb1d0,17,Achillea millefolium
Achillea millefolium,52821,53277975,84729130,https://inaturalist-open-data.s3.amazonaws.com/photos/84729130/large.jpeg,cc-by-nc,"(c) junen, some rights reserved (CC BY-NC)",49.8197534,-97.07891136,9.0,2020-07-16,2375580,junen,fc9094947fb40f20a8b04a8ab81b4ee01b866f91e1b6e507aa04f687edb65c42,18,Achillea millefolium
Achillea millefolium,52821,236233717,420251796,https://inaturalist-open-data.s3.amazonaws.com/photos/420251796/large.jpeg,cc-by-nc,"(c) idaelinaa, some rights reserved (CC BY-NC)",60.22792446,25.01347964,7.0,2024-08-17,8452978,idaelinaa,ad3aacdd0a2b041d4042fe7c81482a71db34219b2b316cbeefad44e995ab129d,19,Achillea millefolium
Achillea millefolium,52821,4174045,4970664,https://inaturalist-open-data.s3.amazonaws.com/photos/4970664/large.jpg,cc-by-nc,"(c) _manon_, some rights reserved (CC BY-NC)",46.238179,6.082037,5.0,2016-09-22,324395,_manon_,4b8daaf4a435b1b31091fc1b14ed665ff811daf6807dc3d4edba3d9afacbf57c,20,Achillea millefolium
Achillea millefolium,52821,295942091,532822517,https://inaturalist-open-data.s3.amazonaws.com/photos/532822517/large.jpg,cc-by-nc,"(c) Arthur Yang, some rights reserved (CC BY-NC)",44.4260444396,-115.2902014737,4.0,2025-07-01,4561144,helmwige,2192893c51f88e73a44d88a19d8483177ee5b679bb154586f53c07ad3887faed,21,Achillea millefolium
Achillea millefolium,52821,178766698,311125858,https://inaturalist-open-data.s3.amazonaws.com/photos/311125858/large.jpg,cc0,no rights reserved,39.2706833333,-75.4683616667,4.0,2023-08-16,2772975,barbhauckmah,3aa8d839bf4792ccfbb2437713051ad539debebaf6816449136d5128e7217598,22,Achillea millefolium
Achillea millefolium,52821,142322951,243976124,https://inaturalist-open-data.s3.amazonaws.com/photos/243976124/large.jpg,cc-by-nc,"(c) radinis, some rights reserved (CC BY-NC)",33.8582466029,-109.226935626,128.0,2022-08-13,922012,radinis,2d8ce69b6b8d09f40bc96be87991f522895b3982e3adc59922ddd1752ee6b57a,23,Achillea millefolium
Achillea millefolium,52821,2735949,3087753,https://inaturalist-open-data.s3.amazonaws.com/photos/3087753/large.JPG,cc-by-nc,"(c) Phil Bendle, some rights reserved (CC BY-NC)",-39.088578,174.108643,12.0,2016-02-29,58552,nzwide,9745674c70cae3b9701712f015324c7acca9ee862e96f1a1dab9a08095c3217a,24,Achillea millefolium
Achillea millefolium,52821,90280157,149189171,https://inaturalist-open-data.s3.amazonaws.com/photos/149189171/large.jpeg,cc-by,"(c) Tristan Haab, some rights reserved (CC BY)",48.1686973572,16.3543262482,110.0,2021-08-07,1877700,wario512,15c645d5384a7bbc97c4c28d9bd4e2672b64352a1b3748ce1ea3f15896ec6b9b,25,Achillea millefolium
Achillea millefolium,52821,262107320,470955017,https://inaturalist-open-data.s3.amazonaws.com/photos/470955017/large.jpg,cc-by-nc,"(c) spencerh17, some rights reserved (CC BY-NC)",48.8372563581,-125.2032804867,10.0,2024-07-06,8370128,spencerh17,a668275cbf2b17098fe06f4d01dfb9b060ac289e7f9f43c7e9d4fd033058db52,26,Achillea millefolium
Achillea millefolium,52821,94161403,156166445,https://inaturalist-open-data.s3.amazonaws.com/photos/156166445/large.jpg,cc-by-nc,"(c) Zarek, some rights reserved (CC BY-NC)",42.1583888333,-124.3609616667,5.0,2021-08-26,433578,zrrrk,d80b9dc98daf4157889d484dfe8513a0be53592a5b7bd5a9a13beab575f131fc,27,Achillea millefolium
Achillea millefolium,52821,105374450,176780089,https://inaturalist-open-data.s3.amazonaws.com/photos/176780089/large.jpeg,cc-by-nc,"(c) Angus Mossman, some rights reserved (CC BY-NC)",43.3391797265,-89.9502335253,6.0,2021-07-04,2196333,mossman13,4bb3154f42fd73dedf59f0f8493028041088437e62f474c3447e762e52b5811c,28,Achillea millefolium
Achillea millefolium,52821,231582450,411333574,https://inaturalist-open-data.s3.amazonaws.com/photos/411333574/large.jpeg,cc-by-nc,"(c) calmac26, some rights reserved (CC BY-NC)",51.5622160872,-0.0204232234,3.0,2024-07-25,8391767,calmac26,735eb469454ff9e93f92a804d01c7705c24053fe832892187e14cd9be21fcd20,29,Achillea millefolium
Achillea millefolium,52821,296187747,533295198,https://inaturalist-open-data.s3.amazonaws.com/photos/533295198/large.jpg,cc-by-nc,"(c) Alexander Naumov, some rights reserved (CC BY-NC)",54.5956830517,26.3514773678,31.0,2025-07-05,8298776,alexander_naumov,dd00a6beff56b5a69fa280b18ccbc6de94154976310779fe5004d58b703cd4f3,30,Achillea millefolium
Achillea millefolium,52821,83620450,137356191,https://inaturalist-open-data.s3.amazonaws.com/photos/137356191/large.jpeg,cc-by-nc,"(c) Billy, some rights reserved (CC BY-NC)",37.8916396434,-114.0525883064,9.0,2021-06-18,2528756,tigre86,ab25be632bf4f0c740f927909ca78698dd901f8f0b5bf60d45ce4526b9642b0b,31,Achillea millefolium
Achillea millefolium,52821,193121384,339196174,https://inaturalist-open-data.s3.amazonaws.com/photos/339196174/large.jpeg,cc-by-nc,"(c) Christian Grenier, some rights reserved (CC BY-NC)",45.5633608954,-75.433004801,15.0,2023-10-08,1442912,krisskinou,a06f46bfb8ba1e582a817a64bedb7f1305f9a0388bc82bce6df7dc1229405e5b,32,Achillea millefolium
Achillea millefolium,52821,361373451,659503314,https://inaturalist-open-data.s3.amazonaws.com/photos/659503314/large.jpg,cc0,no rights reserved,46.728196198,-0.5954987082,9.0,2026-05-14,1626241,tadpole1tail,2d282dfb16feba1dfc1e579e095408b60d3a9f6df347e588fbb37d5715c19ea3,33,Achillea millefolium
Achillea millefolium,52821,55907424,89053786,https://inaturalist-open-data.s3.amazonaws.com/photos/89053786/large.jpg,cc0,no rights reserved,69.463355,25.49582833,6.0,2020-08-09,5739,dagendresen,35756ea9367cb8e9711d643bcc65d6fec7386c529de6caf1f7d062766241b2bd,34,Achillea millefolium
Achillea millefolium,52821,27608138,42973089,https://inaturalist-open-data.s3.amazonaws.com/photos/42973089/large.jpg,cc-by-nc,"(c) eknuth, some rights reserved (CC BY-NC)",45.38633,-96.53483,4.0,2019-06-22,199809,eknuth,9348634bf9636dca382a8808ecc92010c8e6e5a9f88b20ff7cc0367e920027b4,35,Achillea millefolium
Achillea millefolium,52821,310494989,560388698,https://inaturalist-open-data.s3.amazonaws.com/photos/560388698/large.jpg,cc0,no rights reserved,55.9553089078,-2.9999782489,61.0,2025-08-31,4313659,sauciepepper,da0188985373cc0c7aabe0f7c6d2731dd41d456cbc7e9a68660cffb61d76f020,36,Achillea millefolium
Achillea millefolium,52821,68902948,111683708,https://inaturalist-open-data.s3.amazonaws.com/photos/111683708/large.jpg,cc-by-nc,"(c) juliadawson3, some rights reserved (CC BY-NC)",34.221655,-116.893775,5.0,2020-08-10,3992277,juliadawson3,bb3e8dccbc7cb4c4c8593f36c9f50ef31e7cfe89f1dfc53b0a1da05d96df843a,37,Achillea millefolium
Achillea millefolium,52821,218658941,387164541,https://inaturalist-open-data.s3.amazonaws.com/photos/387164541/large.jpg,cc-by-nc,"(c) raf06001, some rights reserved (CC BY-NC)",35.4073787237,-91.4979172832,75.0,2024-05-27,6886889,raf06001,744f0a73d0705d1b3207f5b8568733e39a16e1d91b83379ef8dfe00c23d9da0f,38,Achillea millefolium
Achillea millefolium,52821,219789774,389063543,https://inaturalist-open-data.s3.amazonaws.com/photos/389063543/large.jpeg,cc-by-nc,"(c) Michal Svit, some rights reserved (CC BY-NC)",51.8954956858,19.5630693063,82.0,2024-06-01,7074899,msvit,7c10b64e6c062aa75b754a949e7095f98550bb2e4cf9d6b66248359d585ec0f1,39,Achillea millefolium
Achillea millefolium,52821,384692461,704211610,https://inaturalist-open-data.s3.amazonaws.com/photos/704211610/large.jpg,cc-by,"(c) Chris Baer, some rights reserved (CC BY)",41.4544456635,-70.605240578,28.0,2026-07-24,4456635,cbaer8,de3109c5787174f8e40ebdfab950fb464ece13bc210047d22713a11fbac35e2a,40,Achillea millefolium
Achillea millefolium,52821,3217050,3724465,https://inaturalist-open-data.s3.amazonaws.com/photos/3724465/large.jpg,cc-by-nc,"(c) corbettgs, some rights reserved (CC BY-NC)",45.688122,-121.304897,718.0,2016-05-18,236601,corbettgs,d4a09eae1742e5355982e6750371c54a045df17652f62ae19ae6f9a9c8ff7694,41,Achillea millefolium
Achillea millefolium,52821,174028222,302287759,https://inaturalist-open-data.s3.amazonaws.com/photos/302287759/large.jpg,cc-by-nc,"(c) Carolyn Hart, some rights reserved (CC BY-NC)",36.1649971667,-81.6171416667,4.0,2023-07-09,2020575,carolynhart1,32dec9e1d2b67c1877cc538680183a62857c47bde634b9f605f768e3f16ce2fb,42,Achillea millefolium
Achillea millefolium,52821,388477169,711492228,https://inaturalist-open-data.s3.amazonaws.com/photos/711492228/large.jpg,cc-by-nc,"(c) alexfamilyteam, some rights reserved (CC BY-NC)",57.9888610047,33.3643886132,40.0,2026-07-24,4212520,alexfamilyteam,bccec454b250d9bf7b8ce5e43918db4625692afaf2469c0d05950bad58b2e29d,43,Achillea millefolium
Achillea millefolium,52821,330435633,599182028,https://inaturalist-open-data.s3.amazonaws.com/photos/599182028/large.jpg,cc-by-nc,"(c) Bryce Rytting, some rights reserved (CC BY-NC)",40.9225055556,-110.8279416667,10.0,2025-06-27,9572872,rytting,f351a07faf0deaefd1342fbcb135a14c0618009174b14d2653bbcbd081a8e29a,44,Achillea millefolium
Achillea millefolium,52821,325854468,590056179,https://inaturalist-open-data.s3.amazonaws.com/photos/590056179/large.jpg,cc-by-nc,"(c) Romain, some rights reserved (CC BY-NC)",43.7319491783,2.3435982317,3.0,2025-11-10,9817639,romain_va,1d36a39726edd9372ad3cf9e1deed7f6f427b59f3f2bfde9b83674653cc03966,45,Achillea millefolium
Achillea millefolium,52821,301577015,543442856,https://inaturalist-open-data.s3.amazonaws.com/photos/543442856/large.jpg,cc-by-nc,"(c) eugenezakharov, some rights reserved (CC BY-NC)",57.99604,40.4507,3.0,2025-07-07,1748277,eugenezakharov,e254d4cb4082f6ac70b19fb01dd45b8efacb115bedffe2f471f720fe488dc1bb,46,Achillea millefolium
Achillea millefolium,52821,132146368,224994011,https://inaturalist-open-data.s3.amazonaws.com/photos/224994011/large.jpg,cc-by-nc,"(c) Ivy Austin, some rights reserved (CC BY-NC)",47.855151,-64.66544,1455.0,2022-08-24,218505,austiniv,6689455368cdf5ef98752eb0261be870978d36cf3f720d6c381c88b0582a23d4,47,Achillea millefolium
Achillea millefolium,52821,15158544,22662932,https://inaturalist-open-data.s3.amazonaws.com/photos/22662932/large.jpg,cc-by-nc,"(c) Todd Ramsden, some rights reserved (CC BY-NC)",39.6943583333,-120.68812,10.0,2018-08-02,304764,twr61,e4d28cd159172bed7e7b492f9bbaa6fe2a7acdfe5d047a8c988924eb97616775,48,Achillea millefolium
Achillea millefolium,52821,301482282,543272806,https://inaturalist-open-data.s3.amazonaws.com/photos/543272806/large.jpg,cc-by-nc,"(c) Mathieu Gilbert, some rights reserved (CC BY-NC)",50.4501390822,4.87532828,3.0,2025-07-25,1096943,mathg89,8fa12ba1d90a7af8b37c9c82aaa251fa79e3e47af3d598de0d712041dca66b8c,49,Achillea millefolium
Achillea millefolium,52821,57446318,91630973,https://inaturalist-open-data.s3.amazonaws.com/photos/91630973/large.jpg,cc-by-nc,"(c) rhem42, some rights reserved (CC BY-NC)",46.95420833,11.847675,5.0,2020-08-24,3495429,rhem42,85a8bf14c765964b04a787da202eb14f96c3c485e731b393b1bfe236336aaed0,50,Achillea millefolium
Achillea millefolium,52821,173423310,301169687,https://inaturalist-open-data.s3.amazonaws.com/photos/301169687/large.jpg,cc-by-nc,"(c) Courtney Kelly Jett, some rights reserved (CC BY-NC)",42.4846526531,-76.4178447244,4.0,2023-07-17,315756,ckjannabirds,53b41a9770f01b0d82d65c05f19bb52fd4d4ae8b4c3dbbb54a1c038038102637,51,Achillea millefolium
Achillea millefolium,52821,52623158,83663921,https://inaturalist-open-data.s3.amazonaws.com/photos/83663921/large.jpeg,cc-by-nc,"(c) Mindi Summers, some rights reserved (CC BY-NC)",51.0426565,-114.0160333,11.0,2020-07-10,12526,m_summers,3e19db39d637ac2dcc32fda3832dc073663ddb0623643a47ff092ee4c3453f44,52,Achillea millefolium
Achillea millefolium,52821,364096798,664658464,https://inaturalist-open-data.s3.amazonaws.com/photos/664658464/large.jpg,cc-by-nc,"(c) David Frazier, some rights reserved (CC BY-NC)",36.2836216667,-97.3019116667,2.0,2026-05-22,2704370,davidfra69,819ca39c749d26325f56a040a8a44a42bd98d2052ec73aa21e52f6e580ac17ea,53,Achillea millefolium
Achillea millefolium,52821,235904088,419599042,https://inaturalist-open-data.s3.amazonaws.com/photos/419599042/large.jpeg,cc0,no rights reserved,50.48635012,-120.5481734,10.0,2024-08-13,450592,quillipede,649caa7c0ca24b543d3b5b1e8e3b9f932df0fd2517dc0313f0bfba6d71b567e1,54,Achillea millefolium
Achillea millefolium,52821,244267487,435710246,https://inaturalist-open-data.s3.amazonaws.com/photos/435710246/large.jpeg,cc-by-nc,"(c) Pedro Beja, some rights reserved (CC BY-NC)",52.5144037278,13.3359096106,4.0,2024-09-27,691165,pbeja65,099aa02a25f5945253e23725b796ecb93dfd64cf2a7f76fb3c2e359859aebae5,55,Achillea millefolium
Achillea millefolium,52821,169030059,293008337,https://inaturalist-open-data.s3.amazonaws.com/photos/293008337/large.jpeg,cc-by-nc,"(c) Daniel Gaona Carrilero, some rights reserved (CC BY-NC)",41.03961703,-3.49786977,4.0,2023-06-23,5891931,blai_y_dani,5589d392219e97a5a31e95a30b6a8310c1af781cfe74019e0b5aa22fdb4119e4,56,Achillea millefolium
Achillea millefolium,52821,244878585,436883406,https://inaturalist-open-data.s3.amazonaws.com/photos/436883406/large.jpeg,cc-by-nc,"(c) hollyyoung, some rights reserved (CC BY-NC)",44.1565022756,-72.0294679393,2.0,2024-09-29,2863877,hollyyoung,608ff60760d23a620ec7a0e94b34df75c9860941af5861d699ba0ef9731c51f7,57,Achillea millefolium
Achillea millefolium,52821,147434343,253696422,https://inaturalist-open-data.s3.amazonaws.com/photos/253696422/large.jpeg,cc-by-nc,"(c) Jesse Saofia, some rights reserved (CC BY-NC)",-43.4677536578,172.4609411135,222.0,2023-01-27,5065744,jessesaofia,b43261aff91a6cf92eae9fa2b1612256ae258c332a4c6973e38550bb2fdb2be9,58,Achillea millefolium
Achillea millefolium,52821,96151747,159699724,https://inaturalist-open-data.s3.amazonaws.com/photos/159699724/large.jpg,cc-by-nc,"(c) deborahgreen, some rights reserved (CC BY-NC)",38.2526284947,-78.6669579497,152.0,2021-09-23,936929,deborahgreen,dbb015fb6504908caf8d94da755d84395303e7cdd84c4790609231fc1618aacf,59,Achillea millefolium
Achillea millefolium,52821,102402137,171167794,https://inaturalist-open-data.s3.amazonaws.com/photos/171167794/large.jpeg,cc-by-nc,"(c) kasi0125, some rights reserved (CC BY-NC)",45.7230467135,-62.7332639694,108.0,2021-12-01,4306006,kasi0125,bdd63460d2e195f9ac257c0161c6ac0d032e55e2918bad4b2cb47ceacc74a058,60,Achillea millefolium
Anaphalis margaritacea,52833,323164203,584704512,https://inaturalist-open-data.s3.amazonaws.com/photos/584704512/large.jpg,cc-by-nc,"(c) Deepa Mohan, some rights reserved (CC BY-NC)",27.251848,88.7775017,255.0,2025-10-20,5956273,deemopahan,79853f7ea5ed09076545f84bfb290f1f8c0d21271707d4cfc5445ac8b8b5bc1b,1,Anaphalis margaritacea
Anaphalis margaritacea,52833,180861673,315120624,https://inaturalist-open-data.s3.amazonaws.com/photos/315120624/large.jpg,cc-by-nc,"(c) Sequoia Janirella Wrens, some rights reserved (CC BY-NC)",34.9893883333,-111.7475666667,9.0,2023-08-08,420537,astrobirder,3262c39f8a837f1649bd948b642167a3f1274509edc3914412ab56faa8605d53,2,Anaphalis margaritacea
Anaphalis margaritacea,52833,310541764,560478406,https://inaturalist-open-data.s3.amazonaws.com/photos/560478406/large.jpg,cc-by-nc,"(c) Trude Just, some rights reserved (CC BY-NC)",48.5796783333,14.773875,16.0,2025-08-31,2680115,justtrude,1bffbd7191ff1f828fff7cd77290d7cecb8bc59a4a7afbdf0c19700dabc0a91c,3,Anaphalis margaritacea
Anaphalis margaritacea,52833,310245246,559911729,https://inaturalist-open-data.s3.amazonaws.com/photos/559911729/large.jpg,cc-by-nc,"(c) Mark Cumming, some rights reserved (CC BY-NC)",47.5910194444,-52.7128416667,7.0,2025-07-31,8017840,markdcumming,62b9952a4b3ed6272c0d20610e758c6634a01be0942991ed83befcc4afcd4941,4,Anaphalis margaritacea
Anaphalis margaritacea,52833,390204043,714845333,https://inaturalist-open-data.s3.amazonaws.com/photos/714845333/large.jpg,cc-by-nc,"(c) Ryoko Fukuyama, some rights reserved (CC BY-NC)",36.0583402229,138.3452059388,201.0,2026-08-09,6483911,matangoo,cb741e4c91c817ecfa1d99057b60b6f5f5329297f7937551ee55a0f682a3a1e0,5,Anaphalis margaritacea
Anaphalis margaritacea,52833,314054229,567205469,https://inaturalist-open-data.s3.amazonaws.com/photos/567205469/large.jpg,cc-by-nc,"(c) Daniela Tamayo, some rights reserved (CC BY-NC)",53.8719466667,-166.5575116667,5.0,2025-09-14,1679090,danielatamayo,5ace175d1bbb5b9176093e153549cd03380d606314cb6437576d1f741cac900a,6,Anaphalis margaritacea
Anaphalis margaritacea,52833,187638371,328172925,https://inaturalist-open-data.s3.amazonaws.com/photos/328172925/large.jpeg,cc-by-nc,"(c) pes_c515, some rights reserved (CC BY-NC)",52.3503832905,-91.0239663899,23.0,2023-09-28,3199540,pes_c515,3672eb923b63feb3f15663325f2c2381bf065203c4fca1a90720259e560dfa83,7,Anaphalis margaritacea
Anaphalis margaritacea,52833,243699733,434572428,https://inaturalist-open-data.s3.amazonaws.com/photos/434572428/large.jpeg,cc-by-nc,"(c) Julia Carr, some rights reserved (CC BY-NC)",53.5770490001,-132.898758,24.0,2024-08-14,1256862,juliakcarr,ad6b564f8ad383eb21e289826c66bf7bf62211ca2b80f07275cbc15f377bcde6,8,Anaphalis margaritacea
Anaphalis margaritacea,52833,57680175,92026633,https://inaturalist-open-data.s3.amazonaws.com/photos/92026633/large.jpg,cc-by-nc,"(c) dholscher, some rights reserved (CC BY-NC)",41.0634,-75.47971333,1188.0,2020-08-26,2875528,dholscher,efa538cc9e12f3030aab9ab4b833b350263b8680905be3717a0c7d6aeb1ed8dd,9,Anaphalis margaritacea
Anaphalis margaritacea,52833,303677426,547373139,https://inaturalist-open-data.s3.amazonaws.com/photos/547373139/large.jpg,cc-by-nc-sa,"(c) Cathy Buchanan, some rights reserved (CC BY-NC-SA)",48.4836273039,-113.3695382134,3.0,2025-08-03,7891728,cathy_buchanan,173b468cc75f4012987410926b5310f5a21d4ff838d1206384c4d32d304ce095,10,Anaphalis margaritacea
Anaphalis margaritacea,52833,31326149,49019328,https://inaturalist-open-data.s3.amazonaws.com/photos/49019328/large.jpg,cc-by-nc,"(c) John Reiss, some rights reserved (CC BY-NC)",40.8576783333,-124.1665721667,5.0,2019-08-22,322934,johnreiss,73a5ac84e9d8bfd922426d71b668ee9d237ce684c1b7991b88d30caf33cf0d30,11,Anaphalis margaritacea
Anaphalis margaritacea,52833,278972929,500935293,https://inaturalist-open-data.s3.amazonaws.com/photos/500935293/large.jpeg,cc-by-nc,"(c) birderbb, some rights reserved (CC BY-NC)",48.4462021617,-69.3036932384,22.0,2024-09-14,1046332,birderbb,2a0054888c90b1d6fd0ac8f7b19b08de91e93f1954ecaad20e51c4005aad0a4e,12,Anaphalis margaritacea
Anaphalis margaritacea,52833,307135181,553942992,https://inaturalist-open-data.s3.amazonaws.com/photos/553942992/large.jpg,cc-by-nc,"(c) Jeff Steele, some rights reserved (CC BY-NC)",44.32042,-103.7751866667,3.0,2025-08-11,2782928,steeljef,313ea2cbdced33d60d2fff775d64ab93671fb8da00e953bf035b4d3ecc082db3,13,Anaphalis margaritacea
Anaphalis margaritacea,52833,305575308,550972661,https://inaturalist-open-data.s3.amazonaws.com/photos/550972661/large.jpg,cc-by-nc,"(c) Cameron Chevalier, some rights reserved (CC BY-NC)",46.5833383333,-82.704675,36.0,2025-08-02,3192801,camchev,73e736f232d8c42fa81ca2374ba9819672aa15dc0b6b1e25898cbe20b1d6704c,14,Anaphalis margaritacea
Anaphalis margaritacea,52833,181951783,317147501,https://inaturalist-open-data.s3.amazonaws.com/photos/317147501/large.jpeg,cc0,no rights reserved,48.5654475496,-124.5973797488,30.0,2023-08-25,450592,quillipede,b2a8a485f6cb5852669a6b125a645299ad673214ef2e675f0e70419b050836e1,15,Anaphalis margaritacea
Anaphalis margaritacea,52833,314048830,567194885,https://inaturalist-open-data.s3.amazonaws.com/photos/567194885/large.jpg,cc-by,"(c) Rachael Benjamin, some rights reserved (CC BY)",55.9659833333,-122.0146861167,3.0,2025-09-14,3595612,rachael_benjamin,b573780a28eb8f4053fc25a263151ef8fb0586a8b0e4081f7cdaef9e623c0877,16,Anaphalis margaritacea
Anaphalis margaritacea,52833,59838095,95641954,https://inaturalist-open-data.s3.amazonaws.com/photos/95641954/large.jpeg,cc-by-nc,"(c) suechannen, some rights reserved (CC BY-NC)",45.2295738614,-61.3722819462,2789.0,2020-09-15,1805892,suechannen,14a2dbe23523805912575b868f4a25f8913b76cf83f9a123aa6012db382d520d,17,Anaphalis margaritacea
Anaphalis margaritacea,52833,299947743,540406892,https://inaturalist-open-data.s3.amazonaws.com/photos/540406892/large.jpg,cc-by-nc,"(c) reutfeldman, some rights reserved (CC BY-NC)",36.6085530262,-118.6900975183,1745.0,2025-07-19,1182766,reutfeldman,cb4498deede1aed51af0da3a480295c2111f6e07fec9b97d20a8b1455c58efd4,18,Anaphalis margaritacea
Anaphalis margaritacea,52833,313176178,565523682,https://inaturalist-open-data.s3.amazonaws.com/photos/565523682/large.jpg,cc-by-nc,"(c) ckehus, some rights reserved (CC BY-NC)",46.7742385864,-92.1568222046,3.0,2025-09-11,5719192,ckehus,76d4330b70ff72222ba774b8ac3a85a4cf345d71db76ae1638c5fb4c4d4848b0,19,Anaphalis margaritacea
Anaphalis margaritacea,52833,305371132,550586969,https://inaturalist-open-data.s3.amazonaws.com/photos/550586969/large.jpg,cc-by-nc,"(c) Ulysses M, some rights reserved (CC BY-NC)",39.1218916667,-106.5812616667,2.0,2025-08-09,70032,ulysses20,ceff09225d5d40e6418b41d29d3501af08d15c542112d7520ffcc4d0b98a5118,20,Anaphalis margaritacea
Anaphalis margaritacea,52833,179259964,312059328,https://inaturalist-open-data.s3.amazonaws.com/photos/312059328/large.jpg,cc-by-nc,"(c) Sue Brady, some rights reserved (CC BY-NC)",44.9589016213,-118.2351973594,4.0,2023-08-19,5887648,soobie,92d6026b9aa1b6a493ce3aa02523db6ba7c644b42cb08f12be5d5c847433a5c6,21,Anaphalis margaritacea
Anaphalis margaritacea,52833,90424192,149465966,https://inaturalist-open-data.s3.amazonaws.com/photos/149465966/large.jpg,cc-by-nc,"(c) kehonka, some rights reserved (CC BY-NC)",43.9569269608,-69.9494070868,78.0,2021-08-08,3073606,kehonka,4ed3740fba58d97cad0b50ed1fe5994ca60cffff75b87b979963203b8e2f6970,22,Anaphalis margaritacea
Anaphalis margaritacea,52833,322241840,582906547,https://inaturalist-open-data.s3.amazonaws.com/photos/582906547/large.jpg,cc-by-nc,"(c) menaturally, some rights reserved (CC BY-NC)",45.4292809241,-75.7013613243,5.0,2025-10-14,9812101,menaturally,97f8312b41a49c7f4b59aaf01d1ac661d8b5005f63187722ba39a6e8d2b7bf4b,23,Anaphalis margaritacea
Anaphalis margaritacea,52833,295182074,531373266,https://inaturalist-open-data.s3.amazonaws.com/photos/531373266/large.jpg,cc-by,"(c) Dylan Liu, some rights reserved (CC BY)",44.5256204904,-110.8686054592,3.0,2025-07-04,9198443,dylan_liu_48,6a16f194994ca5aff8862e0f9b70c9afb051b5bcf99980931c26b4fb000683e1,24,Anaphalis margaritacea
Anaphalis margaritacea,52833,322405044,583219717,https://inaturalist-open-data.s3.amazonaws.com/photos/583219717/large.jpg,cc-by-nc,"(c) Barbara L. Wilson, some rights reserved (CC BY-NC)",44.97298,-123.51454,40.0,2025-10-21,1309897,sedgequeen,f98ce6b683c48ab6c0512689f45d11cb859f708f9ca4d2f4e8e303baf3cf892b,25,Anaphalis margaritacea
Anaphalis margaritacea,52833,314703895,568426883,https://inaturalist-open-data.s3.amazonaws.com/photos/568426883/large.jpg,cc-by-nc,"(c) Eli Loftis, some rights reserved (CC BY-NC)",48.745895,-119.0881805,13.0,2025-09-17,3146316,eliloftis,e8860822009f590b9c8974e99de52ab6d1f01e01f61146ff88daf1a7d47e1671,26,Anaphalis margaritacea
Anaphalis margaritacea,52833,333751715,605939184,https://inaturalist-open-data.s3.amazonaws.com/photos/605939184/large.jpg,cc-by-nc,"(c) franbast, some rights reserved (CC BY-NC)",49.7166683602,-94.7801010758,4.0,2025-08-23,5917812,franbast,a2c76a08d910082d36ec17147a331d3ebb87c5f9f6639e87c23fd4178df81070,27,Anaphalis margaritacea
Anaphalis margaritacea,52833,233082600,414186057,https://inaturalist-open-data.s3.amazonaws.com/photos/414186057/large.jpg,cc-by-nc,"(c) Paul Tavares, some rights reserved (CC BY-NC)",49.7425833333,-84.0098055556,20.0,2024-07-24,3181,paultavares,a8c63193ccf3d9016ddd3a50215747df2fbcedfaacda3e97c12bf518002fe803,28,Anaphalis margaritacea
Anaphalis margaritacea,52833,32117844,50340696,https://inaturalist-open-data.s3.amazonaws.com/photos/50340696/large.jpeg,cc-by-nc,"(c) Alexis Babayan, some rights reserved (CC BY-NC)",37.7828582518,-122.5116348267,268.0,2019-08-27,896378,alexis_amphibian,ee6ed02c0f95794c989465ce046ef1cbe84b24be75b498f630a4ae8a2e99555c,29,Anaphalis margaritacea
Anaphalis margaritacea,52833,135111461,230405687,https://inaturalist-open-data.s3.amazonaws.com/photos/230405687/large.jpg,cc-by-nc,"(c) ahebert, some rights reserved (CC BY-NC)",47.785325,-64.96125,3.0,2022-09-10,3616664,ahebert,d7faceb5d53ef4df2e132f55614b7868236164d229d33a413a013949c3653915,30,Anaphalis margaritacea
Anaphalis margaritacea,52833,308438688,556464066,https://inaturalist-open-data.s3.amazonaws.com/photos/556464066/large.jpg,cc-by,"(c) Willem Span, some rights reserved (CC BY)",48.3657583333,-88.8049616667,21.0,2025-08-18,1329388,willemspan,3aa6d30e1581bc2043570d16a8319c57e5752b3fe4251d80e2a0f5a46b4e09a2,31,Anaphalis margaritacea
Anaphalis margaritacea,52833,93790704,155495369,https://inaturalist-open-data.s3.amazonaws.com/photos/155495369/large.jpeg,cc-by-nc,"(c) lisabusa, some rights reserved (CC BY-NC)",41.4420872451,-79.063799344,711.0,2021-09-03,3364137,lisabusa,a2afc7975848226aa4e952184401fa522e127759a7bc4b936171148099a010d1,32,Anaphalis margaritacea
Anaphalis margaritacea,52833,246816991,440696626,https://inaturalist-open-data.s3.amazonaws.com/photos/440696626/large.jpg,cc-by-nc,"(c) Joel Stave, some rights reserved (CC BY-NC)",50.6231352718,-115.7873534359,724.0,2007-08-20,4516381,jstave,61143c9bfdd1510423d38592cf0ba139355f321f64e5b0682203d7c92e93121f,33,Anaphalis margaritacea
Anaphalis margaritacea,52833,308518196,556612227,https://inaturalist-open-data.s3.amazonaws.com/photos/556612227/large.jpg,cc-by-nc,"(c) mkromidas, some rights reserved (CC BY-NC)",41.3169033333,-72.0351638333,2.0,2025-08-23,7198299,mkromidas,c98b62d5cc4bcc4f27abb9b6416430fc2344207e81e0192e58d298fd6b6580f7,34,Anaphalis margaritacea
Anaphalis margaritacea,52833,133323921,227081460,https://inaturalist-open-data.s3.amazonaws.com/photos/227081460/large.jpg,cc-by-nc,"(c) klankralik, some rights reserved (CC BY-NC)",45.7286083333,-67.1506945,77.0,2022-09-01,4792219,klankralik,291fc122d6a4447a7cb88de966b056cd5d1881511d0d3d16d0d23ce16b8d7a6f,35,Anaphalis margaritacea
Anaphalis margaritacea,52833,132232500,225155401,https://inaturalist-open-data.s3.amazonaws.com/photos/225155401/large.jpg,cc-by-nc,"(c) mlcase, some rights reserved (CC BY-NC)",47.94435,-79.7442383333,4.0,2022-08-23,3863384,mlcase,3b43fc3b3eed4cf33a80429210d2caed331c5374cec5ad1b19f5f29f4a51930d,36,Anaphalis margaritacea
Anaphalis margaritacea,52833,306140860,552055107,https://inaturalist-open-data.s3.amazonaws.com/photos/552055107/large.jpg,cc-by-nc,"(c) antlisa, some rights reserved (CC BY-NC)",46.8745783333,-121.5164283333,4.0,2025-08-13,2069260,antlisa,60f82dbdd1f6960afe968e07108f96c76f5dde8446735e7b25818515c106a87d,37,Anaphalis margaritacea
Anaphalis margaritacea,52833,230571081,409413581,https://inaturalist-open-data.s3.amazonaws.com/photos/409413581/large.jpeg,cc-by-nc,"(c) melyan, some rights reserved (CC BY-NC)",46.06431441,-71.33114821,8.0,2024-07-19,3123599,melyan,b7010f817a6a1252b3973194f9e6e7619c1de567b4a5449b32b01117692f4602,38,Anaphalis margaritacea
Anaphalis margaritacea,52833,298832011,538322174,https://inaturalist-open-data.s3.amazonaws.com/photos/538322174/large.jpg,cc-by-nc,"(c) stawelle, some rights reserved (CC BY-NC)",42.9034765973,-122.1385365352,444.0,2025-07-15,9055648,stawelle,3a2a9610ab2b4493420f8f85ec0f3d249cd9e8f411a15738d0b88691456e407b,39,Anaphalis margaritacea
Anaphalis margaritacea,52833,301702080,543682152,https://inaturalist-open-data.s3.amazonaws.com/photos/543682152/large.jpg,cc-by-nc,"(c) Genevieve G. Mount, some rights reserved (CC BY-NC)",38.6990358163,-119.8451064412,4.0,2025-07-27,316716,lizardeve,98a1b8d32f5801a25c3fec41883cc394bdfceaf013fcbff9f097fc05996cae6e,40,Anaphalis margaritacea
Anaphalis margaritacea,52833,237135249,421980327,https://inaturalist-open-data.s3.amazonaws.com/photos/421980327/large.jpeg,cc-by-nc,"(c) Iain Walker, some rights reserved (CC BY-NC)",46.6723362956,-85.9638908076,202.0,2024-08-18,6093521,iainmwalker,2431f939cfbb3b8511dab1f6c7147f70c241e07987c4df595727a3ad3c98739c,41,Anaphalis margaritacea
Anaphalis margaritacea,52833,311791612,562871464,https://inaturalist-open-data.s3.amazonaws.com/photos/562871464/large.jpg,cc-by-nc,"(c) coonnk192, some rights reserved (CC BY-NC)",43.2455439296,-75.4934067999,3.0,2025-09-05,9534478,coonnk192,8ee31e2030bfb11ccbf4902b1d5798b595fc19067c3976ab18dc8e8e569b0bd5,42,Anaphalis margaritacea
Anaphalis margaritacea,52833,60236324,96298724,https://inaturalist-open-data.s3.amazonaws.com/photos/96298724/large.jpeg,cc-by-nc,"(c) finnwells, some rights reserved (CC BY-NC)",44.3171816439,-78.3098931791,20.0,2020-09-20,3480980,finnwells,7862b86124b6ab10d67e26408540131b290dd96a0fc2cbf12738ec6c4494b1b4,43,Anaphalis margaritacea
Anaphalis margaritacea,52833,309014006,557572034,https://inaturalist-open-data.s3.amazonaws.com/photos/557572034/large.jpg,cc-by-nc,"(c) sarah thibodeau-caouette, some rights reserved (CC BY-NC)",47.40637,-61.8758466667,73.0,2025-08-12,5013748,sarah_tc,4cf5d266fcf022323e9c18d6829c0daba75d904b4235ea66bd1b180e1da51a24,44,Anaphalis margaritacea
Anaphalis margaritacea,52833,241639333,430686852,https://inaturalist-open-data.s3.amazonaws.com/photos/430686852/large.jpeg,cc-by-nc,"(c) sclowes, some rights reserved (CC BY-NC)",44.1187028333,-72.8492366667,5.0,2024-09-01,4178721,sclowes,a8cb953a30a4d8ac6467c02de0cfefd5bf9af85dc93e2ae1c2c3ea0a67dbc002,45,Anaphalis margaritacea
Anaphalis margaritacea,52833,309205272,557942058,https://inaturalist-open-data.s3.amazonaws.com/photos/557942058/large.jpg,cc-by-nc,"(c) Janet Wright, some rights reserved (CC BY-NC)",45.8395888889,-89.6726083333,5.0,2025-08-25,56162,janetwright,7eacb4fee22280459a6acdee22b7f96e79f5d4ab819e233b4264aac51665155c,46,Anaphalis margaritacea
Anaphalis margaritacea,52833,318935895,576471008,https://inaturalist-open-data.s3.amazonaws.com/photos/576471008/large.jpg,cc-by-nc,"(c) Sandy Dobbyn, some rights reserved (CC BY-NC)",44.9465004207,-81.1857159312,5.0,2025-10-05,3079431,sandy_dobbyn,4092436cbfd1bd62b508e677a228f8d24a97db9532ee9853f1e446d300a7f082,47,Anaphalis margaritacea
Anaphalis margaritacea,52833,342910394,624532744,https://inaturalist-open-data.s3.amazonaws.com/photos/624532744/large.jpg,cc-by-nc,"(c) roger_e_n_smith, some rights reserved (CC BY-NC)",50.0967322,-122.8955641,178.0,2016-06-26,10128453,roger_e_n_smith,6e719f903125853f853a2c4f3e6ff3e594259c5c6da2b64c0d6e06ce4bbb9d52,48,Anaphalis margaritacea
Anaphalis margaritacea,52833,312052856,563363342,https://inaturalist-open-data.s3.amazonaws.com/photos/563363342/large.jpg,cc-by-nc,"(c) Ella Coleman, some rights reserved (CC BY-NC)",47.3812947064,-115.6416685271,1258.0,2025-09-06,5800829,squatchwatches,f4463d9671ba7bf650a24c1a4e2a3b469d047068efe9c5ceecaa0aa826501ace,49,Anaphalis margaritacea
Anaphalis margaritacea,52833,299608670,539774367,https://inaturalist-open-data.s3.amazonaws.com/photos/539774367/large.jpg,cc-by-nc,"(c) thomasburgi, some rights reserved (CC BY-NC)",46.0563055,-63.9971783333,4.0,2025-07-20,7677979,thomasburgi,a9f7d64ec2122eb4fde09d95f54cb9281f56a408a2a97cef0f286c7c3f1bd9ba,50,Anaphalis margaritacea
Anaphalis margaritacea,52833,297716868,536192697,https://inaturalist-open-data.s3.amazonaws.com/photos/536192697/large.jpg,cc-by-nc,"(c) brooketrout, some rights reserved (CC BY-NC)",40.8263558064,-105.9350914108,3.0,2025-07-10,3093284,brooketrout,aa2fbd45982d3c8c32aacbf675fae028c275d2928f8ab9f04738039fc962f047,51,Anaphalis margaritacea
Anaphalis margaritacea,52833,243419240,434046312,https://inaturalist-open-data.s3.amazonaws.com/photos/434046312/large.jpeg,cc-by-nc,"(c) Aaron Ashdown, some rights reserved (CC BY-NC)",42.7014123383,-124.4541549683,5.0,2024-09-22,6106939,aashdown,ff407c5c6194d6901390882a52d6620290a8fad00e3405346271cc71e8424d28,52,Anaphalis margaritacea
Anaphalis margaritacea,52833,305892061,551577756,https://inaturalist-open-data.s3.amazonaws.com/photos/551577756/large.jpg,cc0,no rights reserved,37.72941935,-107.71058993,4.0,2025-08-12,5799120,andrew2285,7634d3a9bb4faf322c934dfd7c8a79696917d56b4969218b5ba63ededde8a05b,53,Anaphalis margaritacea
Anaphalis margaritacea,52833,307830842,555293512,https://inaturalist-open-data.s3.amazonaws.com/photos/555293512/large.jpg,cc-by-nc,"(c) geoffberg, some rights reserved (CC BY-NC)",48.5190959881,-121.6024393124,3.0,2025-07-12,5099560,geoffberg,747d925aadc3ddf87abeeb3baf23265b81daaca22dbea506863aded31891a1c8,54,Anaphalis margaritacea
Anaphalis margaritacea,52833,313220546,565607702,https://inaturalist-open-data.s3.amazonaws.com/photos/565607702/large.jpg,cc-by-nc,"(c) elsaliu08, some rights reserved (CC BY-NC)",45.5041845387,-73.5872174118,3.0,2025-09-11,9737839,elsaliu08,45c1f0330db16cca0d66241126cf9f42c64899c066573d949076185144e16c85,55,Anaphalis margaritacea
Anaphalis margaritacea,52833,297804964,536365514,https://inaturalist-open-data.s3.amazonaws.com/photos/536365514/large.jpg,cc-by-nc,"(c) hjk1221, some rights reserved (CC BY-NC)",44.945094928,-116.1471839018,7.0,2025-07-13,9536041,hjk1221,5d0cc2b35125a3022dd2f053f39b0986f9d6cc6d71cd4510e007db6b28063167,56,Anaphalis margaritacea
Anaphalis margaritacea,52833,230557710,409387786,https://inaturalist-open-data.s3.amazonaws.com/photos/409387786/large.jpeg,cc-by-nc,"(c) csoucy4, some rights reserved (CC BY-NC)",42.699432373,-71.3475494385,35.0,2024-07-20,7194354,csoucy4,bc05ae7c1cdad20442acfae32032d9ebfc512eb7a8e7a8c9d6550e8cd02e277d,57,Anaphalis margaritacea
Anaphalis margaritacea,52833,324576684,587498972,https://inaturalist-open-data.s3.amazonaws.com/photos/587498972/large.jpg,cc-by-nc,"(c) westsidepalace, some rights reserved (CC BY-NC)",42.7228033333,-73.2782616667,4.0,2025-11-02,4476908,westsidepalace,ab295d55fb2fe532bb9b79b48369f9755cc3b50b5242f0ca33300177120ae868,58,Anaphalis margaritacea
Anaphalis margaritacea,52833,3959447,4667518,https://inaturalist-open-data.s3.amazonaws.com/photos/4667518/large.jpeg,cc-by-nc,"(c) libby_orcutt, some rights reserved (CC BY-NC)",44.43296013,-67.89667711,10.0,2016-08-25,276431,libby_orcutt,49dcd0a5bffcaecf82aab62f33127ef7e55fca479a88e968349ab8311ca668e9,59,Anaphalis margaritacea
Anaphalis margaritacea,52833,310631182,560691732,https://inaturalist-open-data.s3.amazonaws.com/photos/560691732/large.jpg,cc-by-nc,"(c) joshg724, some rights reserved (CC BY-NC)",46.3077583333,-124.0634916667,10.0,2025-08-31,1927214,joshg724,569a7a87d6c6bff057620469178b869f6be2d13705ccafdf4e0d919c161d514a,60,Anaphalis margaritacea
Convolvulus arvensis,53021,18658603,28562880,https://inaturalist-open-data.s3.amazonaws.com/photos/28562880/large.jpg,cc-by-nc,"(c) Chris Ecroyd, some rights reserved (CC BY-NC)",-41.3413888889,173.2094444444,20.0,2018-11-26,59179,chrise,9495e9282ddbf4741e16449d4b7f52fc3c98396a5fdb016e830848390974c818,1,Convolvulus arvensis
Convolvulus arvensis,53021,304724875,549369464,https://inaturalist-open-data.s3.amazonaws.com/photos/549369464/large.jpg,cc-by-nc,"(c) deramosverdinhos, some rights reserved (CC BY-NC)",40.1106114542,-7.7181201428,82.0,2025-08-08,9364278,deramosverdinhos,22a96ee50ddaed4612412b0ec66db836e8ca46ef4eef614da777b6ce53e1c3e6,2,Convolvulus arvensis
Convolvulus arvensis,53021,112810297,190575160,https://inaturalist-open-data.s3.amazonaws.com/photos/190575160/large.jpg,cc-by-nc,"(c) thereiselena, some rights reserved (CC BY-NC)",34.8081006805,114.3532994499,2.0,2022-04-13,5453687,thereiselena,f31d3fbece35b9429b712852f5c472419d860290d7bb1e7dfed7de6c39b2e623,3,Convolvulus arvensis
Convolvulus arvensis,53021,194647461,342532938,https://inaturalist-open-data.s3.amazonaws.com/photos/342532938/large.jpeg,cc-by-nc,"(c) jorgemu, some rights reserved (CC BY-NC)",-22.9167330835,-68.1946428493,8.0,2023-12-23,6353557,jorgemu,64685c5e43bd8fd0005097d37a1a702e857c34410ab2e37b7ec6325740ae2276,4,Convolvulus arvensis
Convolvulus arvensis,53021,79014263,129373434,https://inaturalist-open-data.s3.amazonaws.com/photos/129373434/large.jpg,cc-by-nc,"(c) djvelasquez, some rights reserved (CC BY-NC)",39.0199447324,-122.9026888726,9.0,2021-05-16,4164474,djvelasquez,a6dd699b3aec61c5a71b46cff14ea531cf947a1a8597878b65beb7c07b28ed33,5,Convolvulus arvensis
Convolvulus arvensis,53021,49973134,79343332,https://inaturalist-open-data.s3.amazonaws.com/photos/79343332/large.jpeg,cc-by-nc,"(c) z_kia_r, some rights reserved (CC BY-NC)",35.66852,52.683866,500.0,2020-06-17,3065127,z_kia_r,f9a56f834bcada74a8b2c1a8419e77392019b61b599329938146fef45ad395d6,6,Convolvulus arvensis
Convolvulus arvensis,53021,31476377,49266203,https://inaturalist-open-data.s3.amazonaws.com/photos/49266203/large.jpg,cc-by-nc,"(c) tiffany_y, some rights reserved (CC BY-NC)",40.640925,-73.8716716667,10.0,2019-08-05,2075687,tiffany_y,985ffffd692e0790939a3dacd9f17e2eeb44528754ae3c4e77e498b28a1b4aaf,7,Convolvulus arvensis
Convolvulus arvensis,53021,122125069,206740605,https://inaturalist-open-data.s3.amazonaws.com/photos/206740605/large.jpg,cc-by-nc,"(c) Anna_R, some rights reserved (CC BY-NC)",53.7132363644,84.9519249628,8.0,2022-06-17,4633021,anuta_r,331be9e927d5b59626132a16e892fee5b8218bcee582bf8d0a8c4288172fc287,8,Convolvulus arvensis
Convolvulus arvensis,53021,289977614,521603450,https://inaturalist-open-data.s3.amazonaws.com/photos/521603450/large.jpg,cc-by-nc,"(c) Paweł Garski, some rights reserved (CC BY-NC)",54.62291879,18.51009204,8.0,2025-06-15,7121491,nordur,454a5cb2a3418f3bf73d18e9c4075dfaeb454cb520f41b0ca7361c3e3655284d,9,Convolvulus arvensis
Convolvulus arvensis,53021,88884697,146713740,https://inaturalist-open-data.s3.amazonaws.com/photos/146713740/large.jpg,cc-by-nc,"(c) vturner, some rights reserved (CC BY-NC)",32.6566049658,-100.7822067722,198.0,2021-07-27,2625910,vturner,418dbff879a65d0844305459fcc31989dbf3a585999601f0f930ab91636efc00,10,Convolvulus arvensis
Convolvulus arvensis,53021,225045392,398951162,https://inaturalist-open-data.s3.amazonaws.com/photos/398951162/large.jpeg,cc-by-nc,"(c) Yury Buyvolov, some rights reserved (CC BY-NC)",53.7529033333,49.73927,1.0,2024-06-25,2326494,ybuyvolov,4a34ebfabd3f702993c1898dc9932716d919098f4634276047905011cf92d7fa,11,Convolvulus arvensis
Convolvulus arvensis,53021,306111052,551996155,https://inaturalist-open-data.s3.amazonaws.com/photos/551996155/large.jpg,cc-by-nc,"(c) Kathryn McBride, some rights reserved (CC BY-NC)",49.8997255823,-97.1229810421,461.0,2025-08-13,7302361,katecreates73,3693eeb100c6bff6f32b654bd5267f985d597499cbe38d1c8438197a02b9704c,12,Convolvulus arvensis
Convolvulus arvensis,53021,103833668,173880690,https://inaturalist-open-data.s3.amazonaws.com/photos/173880690/large.jpeg,cc-by,"(c) Bruno Avilez, some rights reserved (CC BY)",-36.7477713014,-73.0122456056,113.0,2021-11-18,5076272,avilezbf,7c511b08ebeb6dbcd0799fb93a33aaec5ad41685ddfbd6501fff1122242344c7,13,Convolvulus arvensis
Convolvulus arvensis,53021,187473225,327861776,https://inaturalist-open-data.s3.amazonaws.com/photos/327861776/large.jpg,cc-by-nc,"(c) yanastiakost1, some rights reserved (CC BY-NC)",44.5305629974,33.5557258307,180.0,2023-10-14,7480217,yanastiakost1,787c27622a4d1fb32ef44e292a58342d2cabd53344962a45e8f48c2cfef1062b,14,Convolvulus arvensis
Convolvulus arvensis,53021,122621008,207632884,https://inaturalist-open-data.s3.amazonaws.com/photos/207632884/large.jpg,cc-by-nc,"(c) dischlerin, some rights reserved (CC BY-NC)",41.4663583333,14.41512,54.0,2022-06-20,2061278,dischlerin,c56a3817cae3d5b7d075c48008ba5cddbffa8e4e707a5f644eaa1e022593a327,15,Convolvulus arvensis
Convolvulus arvensis,53021,227727554,404028454,https://inaturalist-open-data.s3.amazonaws.com/photos/404028454/large.jpeg,cc-by-nc,"(c) David Butt, some rights reserved (CC BY-NC)",51.9069213867,-2.0963039398,35.0,2024-07-07,1281154,davidmbutt,3a40a40fcec5419e72ab6e6e8354e2199c3c0f6e07ef3a35ff2a120305d25054,16,Convolvulus arvensis
Convolvulus arvensis,53021,87059383,143493586,https://inaturalist-open-data.s3.amazonaws.com/photos/143493586/large.jpeg,cc-by,"(c) Liam Steele, some rights reserved (CC BY)",50.2948315941,-119.2694769355,289.0,2021-07-08,3029117,liamsteele,37eafae6f98962e879d868bd46eb7280f905d548a61b5abed817909adac1a216,17,Convolvulus arvensis
Convolvulus arvensis,53021,82059927,134648448,https://inaturalist-open-data.s3.amazonaws.com/photos/134648448/large.jpg,cc-by-nc,"(c) andrew0517, some rights reserved (CC BY-NC)",40.534846983,-89.0093827621,3.0,2021-06-07,4548815,andrew0517,28298491075ccd4bed5d4011123db7c080c81f91d357d984f91f6233f8a47457,18,Convolvulus arvensis
Convolvulus arvensis,53021,329212834,596710935,https://inaturalist-open-data.s3.amazonaws.com/photos/596710935/large.jpg,cc-by-nc,"(c) thecolinfromuf, some rights reserved (CC BY-NC)",35.1591868932,-111.7318674737,4.0,2025-06-20,5135024,thecolinfromuf,6acb9a80dbb43facb2249d694a90a7d6e833207e258dc2c781e0aeb26c586cc6,19,Convolvulus arvensis
Convolvulus arvensis,53021,248414984,443859156,https://inaturalist-open-data.s3.amazonaws.com/photos/443859156/large.jpeg,cc-by-nc,"(c) Andrea Kreuzhage, some rights reserved (CC BY-NC)",43.3622666667,3.224275,5.0,2024-07-30,828394,andreacala,2638ce9b3942fba80992764dd67a9b30ba189cccba207ed377ae12cb0a4bbdf8,20,Convolvulus arvensis
Convolvulus arvensis,53021,122488228,207389037,https://inaturalist-open-data.s3.amazonaws.com/photos/207389037/large.jpeg,cc-by,"(c) Jo Roberts, some rights reserved (CC BY)",44.80720708,-106.94217236,5.0,2022-06-19,3920526,bacchusrock,43c2e512563d0606a5f04211601e73b8cac59978af660b1a7678615f3bfad90d,21,Convolvulus arvensis
Convolvulus arvensis,53021,167651909,290454399,https://inaturalist-open-data.s3.amazonaws.com/photos/290454399/large.jpeg,cc-by-nc,"(c) demetre12, some rights reserved (CC BY-NC)",41.4570015466,46.1069590598,10.0,2023-06-16,6845449,demetre12,afea954f1dae28c52b4fb4d08d51dc0f70be1846f189adbebb38bbf859a9715b,22,Convolvulus arvensis
Convolvulus arvensis,53021,177318190,308383681,https://inaturalist-open-data.s3.amazonaws.com/photos/308383681/large.jpeg,cc-by-nc,"(c) AnnaA2023, some rights reserved (CC BY-NC)",55.66766523,37.5819489,9.0,2023-08-08,7148632,annaabakumova2023,25b2cf839b0f54b213f24d4bc728498ac7634c51c10336f1e967acb4072e5dcf,23,Convolvulus arvensis
Convolvulus arvensis,53021,382280789,699572492,https://inaturalist-open-data.s3.amazonaws.com/photos/699572492/large.jpg,cc-by,"(c) Brenda Black, some rights reserved (CC BY)",48.2229830296,11.6112339269,30.0,2026-07-09,5383183,spiphany,9bb0e002002e065b2542029db9a98e6ca8600aee29bc0dfab2c0bf2a6e5a3e29,24,Convolvulus arvensis
Convolvulus arvensis,53021,92692428,153514212,https://inaturalist-open-data.s3.amazonaws.com/photos/153514212/large.jpg,cc-by-nc,"(c) spectrovenator25, some rights reserved (CC BY-NC)",43.6902801041,-116.3881605306,4.0,2021-08-27,4024542,spectrovenator25,402a65355f284da7a510f68b68fcd239967f41c7f1b9e642b5f7386c2ce2c256,25,Convolvulus arvensis
Convolvulus arvensis,53021,260197966,467226368,https://inaturalist-open-data.s3.amazonaws.com/photos/467226368/large.jpg,cc-by,"(c) Jared Shorma, some rights reserved (CC BY)",38.6946116667,-104.172675,5.0,2020-05-29,491170,blazeclaw,483bad9800e852a7c80eee4b5f22ffa44921c3315c06c0ee2f56c811a8d59aaa,26,Convolvulus arvensis
Convolvulus arvensis,53021,43911961,69634438,https://inaturalist-open-data.s3.amazonaws.com/photos/69634438/large.jpeg,cc-by-nc,"(c) Alexander Baransky, some rights reserved (CC BY-NC)",50.5487545937,30.2089941502,15.0,2007-06-11,2826522,alexander_baransky,228a9be46e546a011a84d326cbe3cfd06b05cf6837dfe0809225d0f95655dc85,27,Convolvulus arvensis
Convolvulus arvensis,53021,378684048,692604638,https://inaturalist-open-data.s3.amazonaws.com/photos/692604638/large.jpg,cc-by-nc,"(c) aleksey_strahov, some rights reserved (CC BY-NC)",53.0491188558,59.5948295088,4.0,2026-06-29,5510934,aleksey_strahov,3a2348946556d27872fec9a95b6aff9000d3db3327dacc2b03eb0ed24b72ca24,28,Convolvulus arvensis
Convolvulus arvensis,53021,30284259,47304584,https://inaturalist-open-data.s3.amazonaws.com/photos/47304584/large.jpg,cc-by-nc,"(c) Jazz (aka turtlehelper), some rights reserved (CC BY-NC)",43.6001966667,-80.5598,10.0,2019-08-05,1802180,turtlehelper,75893b937708e8f9195152e5ba7ef8b3351b2ca56b021bdd9d35ca9b27558945,29,Convolvulus arvensis
Convolvulus arvensis,53021,149822440,240830783,https://inaturalist-open-data.s3.amazonaws.com/photos/240830783/large.jpg,cc-by-nc,"(c) scottjg, some rights reserved (CC BY-NC)",34.0064042568,-119.6341518078,1488.0,2022-10-24,5978127,gail89411,3f711f67b9cdcdd57dbc5d97f9c5f89f794f2346c9f7e2881e73de1b21d63ca3,30,Convolvulus arvensis
Convolvulus arvensis,53021,27095865,42122319,https://inaturalist-open-data.s3.amazonaws.com/photos/42122319/large.jpeg,cc-by-nc,"(c) Amanda Dean, some rights reserved (CC BY-NC)",38.97351441,-97.03824844,5.0,2019-06-16,1881713,deanfam07,c4e97472d7e05484d79e5b7b0adc836589f2c464d3bdf9a47cce8f51ea281829,31,Convolvulus arvensis
Convolvulus arvensis,53021,165151165,285920984,https://inaturalist-open-data.s3.amazonaws.com/photos/285920984/large.jpg,cc-by-nc,"(c) acevibes, some rights reserved (CC BY-NC)",44.9640883333,-93.3700116667,50.0,2023-06-02,6543011,acevibes,dc5854985a48a3d27f95c52a803677eb1ca191c9f2b9a2e2e57648a96a6a3afe,32,Convolvulus arvensis
Convolvulus arvensis,53021,86559194,142615719,https://inaturalist-open-data.s3.amazonaws.com/photos/142615719/large.jpeg,cc-by-nc,"(c) cecilielykke, some rights reserved (CC BY-NC)",56.1284370422,9.5531730652,65.0,2021-07-11,4711378,cecilielykke,e2f80fc2d0401738d1cb10c6a1c3fff9f69b180ace2d3d2f34b4d83be39e3704,33,Convolvulus arvensis
Convolvulus arvensis,53021,98626920,165538373,https://inaturalist-open-data.s3.amazonaws.com/photos/165538373/large.jpg,cc-by-nc,"(c) ericramirez2023, some rights reserved (CC BY-NC)",44.9591785808,-123.0828075843,65.0,2021-10-18,5134845,ericramirez2023,d1e51fe804b838d27598bd45ce5c92ea72ecd34c89867a56537ed220e0f658c9,34,Convolvulus arvensis
Convolvulus arvensis,53021,123138960,208569168,https://inaturalist-open-data.s3.amazonaws.com/photos/208569168/large.jpeg,cc-by-nc,"(c) Kathryn Wells, some rights reserved (CC BY-NC)",40.437707047,-111.5084108064,122.0,2022-06-23,701556,kathrynwells333,d283e6e10065f441c9debb0f8a1ec1b77e665f8d0167e2dcc0e09e5a5ba74424,35,Convolvulus arvensis
Convolvulus arvensis,53021,197463957,347793042,https://inaturalist-open-data.s3.amazonaws.com/photos/347793042/large.jpeg,cc-by-nc,"(c) Stephen Moores, some rights reserved (CC BY-NC)",41.0404563834,20.8049123362,244.0,2023-07-13,350459,stephen54,e0ea3bccb5300136bff9bfe57bba559c489c2ad8c047072a84399970a0de5ca7,36,Convolvulus arvensis
Convolvulus arvensis,53021,203536836,359612596,https://inaturalist-open-data.s3.amazonaws.com/photos/359612596/large.jpeg,cc-by-nc,"(c) Małgorzata Śliż, some rights reserved (CC BY-NC)",49.9853958389,20.4133067176,4.0,2022-06-05,3813240,goosiaczek,4cc8ac259559d72a699ca74962e4bf543db1a01b2863f9a223f836011d10d826,37,Convolvulus arvensis
Convolvulus arvensis,53021,112770405,190499805,https://inaturalist-open-data.s3.amazonaws.com/photos/190499805/large.jpg,cc-by-nc,"(c) tabyar, some rights reserved (CC BY-NC)",31.6605029349,-106.2675443665,5.0,2022-04-24,4893359,tabyar,08528a926767efba9cbeaed4125a625e8cc01aae2948817aaa858395cabc53ac,38,Convolvulus arvensis
Convolvulus arvensis,53021,123401473,209042765,https://inaturalist-open-data.s3.amazonaws.com/photos/209042765/large.jpg,cc-by-nc,"(c) gkcol, some rights reserved (CC BY-NC)",37.9896490179,-84.2110107139,371.0,2022-06-25,2618107,gkcol,c5b4165d25fe32165b34b5bee6be737f11113369ba999f0eab2ae9297a7c1d6c,39,Convolvulus arvensis
Convolvulus arvensis,53021,217656455,385077882,https://inaturalist-open-data.s3.amazonaws.com/photos/385077882/large.jpeg,cc-by-nc,"(c) gpylades, some rights reserved (CC BY-NC)",48.81200039,2.14365756,9.0,2024-05-23,7292077,gpylades,f16079c9bd62b3913085470d19fec3038d8982e53efde43865e7a8229ba6b213,40,Convolvulus arvensis
Convolvulus arvensis,53021,161376694,278937681,https://inaturalist-open-data.s3.amazonaws.com/photos/278937681/large.jpg,cc-by-nc,"(c) lsvssll, some rights reserved (CC BY-NC)",38.8791688905,-2.7778833464,1835.0,2023-05-13,5915828,lsvssll,be46709fc271846caf2d3abe9d2af4d32bbc68899aa20e8be52f57e1184ccb60,41,Convolvulus arvensis
Convolvulus arvensis,53021,222288367,393740710,https://inaturalist-open-data.s3.amazonaws.com/photos/393740710/large.jpeg,cc-by,"(c) Andrey Polstianoi, some rights reserved (CC BY)",49.8973639845,36.1997296629,4.0,2024-06-12,5639297,p_andrey,9d0a045888235e637783508cde38d04d91b6d043eb6807d715be890035d527b2,42,Convolvulus arvensis
Convolvulus arvensis,53021,105216868,176488885,https://inaturalist-open-data.s3.amazonaws.com/photos/176488885/large.jpg,cc-by-nc,"(c) Stefan Neuwirth, some rights reserved (CC BY-NC)",52.04848,11.69137,30.0,2015-06-28,1234247,gaertnerneuwirth,cc616bd300fa6e01f21391a2a111c6e1d1e0a7ea8b5333a5c324429b2c7d7287,43,Convolvulus arvensis
Convolvulus arvensis,53021,99452592,165789429,https://inaturalist-open-data.s3.amazonaws.com/photos/165789429/large.jpeg,cc-by-nc,"(c) kuzmanic, some rights reserved (CC BY-NC)",45.8070907593,15.9606389999,60.0,2021-10-26,5157556,kuzmanic,7b1e970d818e66907aaf82b4985375014accc0641f1fb5b192da665509a61f1c,44,Convolvulus arvensis
Convolvulus arvensis,53021,28241026,44009402,https://inaturalist-open-data.s3.amazonaws.com/photos/44009402/large.jpeg,cc0,no rights reserved,44.60246952,11.01676468,4.0,2019-07-05,1608051,lvdt,409959928feac302c94f122cc16c8077bb4f0b10764316107b344bb460218351,45,Convolvulus arvensis
Convolvulus arvensis,53021,123879362,209909708,https://inaturalist-open-data.s3.amazonaws.com/photos/209909708/large.jpg,cc-by-nc,"(c) aaronfost27, some rights reserved (CC BY-NC)",35.2218662622,-106.6250820738,8.0,2022-06-28,2837995,aaronfost27,f04a147127fabfb87e5720cf3906b11e8511ecf401ed06b4e3277ce258ccc85c,46,Convolvulus arvensis
Convolvulus arvensis,53021,123542145,209298166,https://inaturalist-open-data.s3.amazonaws.com/photos/209298166/large.jpg,cc-by-nc,"(c) Serych, some rights reserved (CC BY-NC)",56.4447284559,43.6437515152,472.0,2022-06-26,4847520,serycherny,0dafb4cba5bebc0cc28271d0fbfcdb2aa903678411bfd29183d0247437231249,47,Convolvulus arvensis
Convolvulus arvensis,53021,131344008,223502316,https://inaturalist-open-data.s3.amazonaws.com/photos/223502316/large.jpg,cc-by-nc,"(c) prairieboy, some rights reserved (CC BY-NC)",50.8944383333,-114.0150083333,6.0,2022-08-17,1527919,prairieboy,d77f3ba36faa8368b6c5fe5838fb8e932f911701aec126653da8bdfeb69083d0,48,Convolvulus arvensis
Convolvulus arvensis,53021,167588574,290332862,https://inaturalist-open-data.s3.amazonaws.com/photos/290332862/large.jpeg,cc-by-nc,"(c) Kaitlyn, some rights reserved (CC BY-NC)",44.9106254,-76.26159068,7.0,2023-06-15,2401605,rosewaterwillow,3d7a0f05bd6b403770ed31943867fadd6530d0f0bff971890aaf1446e53b8935,49,Convolvulus arvensis
Convolvulus arvensis,53021,79180855,129666058,https://inaturalist-open-data.s3.amazonaws.com/photos/129666058/large.jpg,cc-by-nc,"(c) lonnyholmes, some rights reserved (CC BY-NC)",36.0702159908,-115.4569374585,5.0,2021-05-17,53702,lonnyholmes,d486d3500d120b8393712882766374fed7393453648593dcc87ee525656d9a1e,50,Convolvulus arvensis
Convolvulus arvensis,53021,123254626,208778985,https://inaturalist-open-data.s3.amazonaws.com/photos/208778985/large.jpg,cc-by-nc,"(c) Ольга Садчикова, some rights reserved (CC BY-NC)",51.4768333333,46.1610971667,4.0,2022-06-24,3523817,olenula,89aac5d2477f55181a38809bccb07f51ac8bdfc0eb28590d5ae261d30c964c41,51,Convolvulus arvensis
Convolvulus arvensis,53021,165524569,286533344,https://inaturalist-open-data.s3.amazonaws.com/photos/286533344/large.jpg,cc-by-nc,"(c) wainesworld, some rights reserved (CC BY-NC)",40.8896604245,-82.7149985567,4.0,2023-06-04,6680112,wainesworld,7184f40236b2e3ba18dc3c012658c8295696991c64bab95238a6af6b1b82ebd0,52,Convolvulus arvensis
Convolvulus arvensis,53021,168361460,291766050,https://inaturalist-open-data.s3.amazonaws.com/photos/291766050/large.jpg,cc-by-nc,"(c) lathane, some rights reserved (CC BY-NC)",46.2196604317,-119.1452753072,4.0,2023-06-19,7055698,lathane,b2ad5410dba5af241cd7519b677a1caa2a8e2a3887f44b5f26102557855b81fa,53,Convolvulus arvensis
Convolvulus arvensis,53021,47145525,74768430,https://inaturalist-open-data.s3.amazonaws.com/photos/74768430/large.jpeg,cc-by-nc,"(c) Helena Vlasáková, some rights reserved (CC BY-NC)",50.0422438252,15.7598903775,11.0,2020-05-20,394132,helik7,aba0974c8caa074bd000af924fae1ce6595c5fa7b280c79163ac21d355e23897,54,Convolvulus arvensis
Convolvulus arvensis,53021,381322108,697715687,https://inaturalist-open-data.s3.amazonaws.com/photos/697715687/large.jpg,cc-by-nc,"(c) g2_kato, some rights reserved (CC BY-NC)",49.9932119322,7.942738155,3.0,2026-07-14,10402692,g2_kato,0387334524304a07638181b8c9a5d9f9d595d342b7be14013525b7d612691855,55,Convolvulus arvensis
Convolvulus arvensis,53021,112759263,190479833,https://inaturalist-open-data.s3.amazonaws.com/photos/190479833/large.jpg,cc-by-nc,"(c) everettdaugherty, some rights reserved (CC BY-NC)",36.1314637343,-97.0643472119,123.0,2022-04-24,5257731,everettdaugherty,45a0189e81e208db951b2db789fccbfd680ced102439412af3f6392fda5e2463,56,Convolvulus arvensis
Convolvulus arvensis,53021,297153154,535132676,https://inaturalist-open-data.s3.amazonaws.com/photos/535132676/large.jpg,cc-by-nc,"(c) Gina Genduso, some rights reserved (CC BY-NC)",37.9155533333,-107.7014383333,22.0,2025-07-11,116021,gina-genduso,31dc96bf6774b3fd9317018163dd23ddf09a50eccf119d68ae066c9179686f3e,57,Convolvulus arvensis
Convolvulus arvensis,53021,124335106,210735142,https://inaturalist-open-data.s3.amazonaws.com/photos/210735142/large.jpeg,cc-by-nc,"(c) Karla González, some rights reserved (CC BY-NC)",32.353199091,-117.0320755988,223.0,2022-07-01,206822,sierragonzalez,8963e086d1bae1b1ff443fe0bcb44723acb07c355257205fb74b251cc6b0a774,58,Convolvulus arvensis
Convolvulus arvensis,53021,123915018,209974603,https://inaturalist-open-data.s3.amazonaws.com/photos/209974603/large.jpg,cc-by-nc,"(c) vyezene, some rights reserved (CC BY-NC)",48.7230398503,-122.4868622048,24.0,2022-06-28,5209082,vyezene,0ca6b7afdbd9b3bce526234d01fcf1ccd191e2f75e4bcc622480eaf25d11c8d6,59,Convolvulus arvensis
Convolvulus arvensis,53021,101277344,169122098,https://inaturalist-open-data.s3.amazonaws.com/photos/169122098/large.jpeg,cc-by-nc,"(c) Bill Harms, some rights reserved (CC BY-NC)",39.2083885462,-76.7090689138,64.0,2010-05-29,43448,urban_botanist,fb37005065cfb4949cdb8f9e14b84752853c3d8fcfb8303fb0449785d57a83ed,60,Convolvulus arvensis
Bellis perennis,55563,250205156,447425482,https://inaturalist-open-data.s3.amazonaws.com/photos/447425482/large.jpeg,cc-by,"(c) derek_onley, some rights reserved (CC BY)",-45.7697964,170.5775432,204.0,2024-11-03,59052,derek_onley,6dfcc337ea28e4664659d3941cd6d337b39f9482b7739f9116e38be8b5fe3b6d,1,Bellis perennis
Bellis perennis,55563,193329698,339604476,https://inaturalist-open-data.s3.amazonaws.com/photos/339604476/large.jpg,cc-by,"(c) Joss Carr, some rights reserved (CC BY)",49.9345083333,-6.2911283333,4.0,2023-12-07,5655763,josscarr,068898537f7b79d86848998f1c9b6900b9e65fa520c07f9807f4dd1d8dfb79a3,2,Bellis perennis
Bellis perennis,55563,18065717,27621743,https://inaturalist-open-data.s3.amazonaws.com/photos/27621743/large.jpg,cc-by-nc,"(c) sydneypahle, some rights reserved (CC BY-NC)",34.4126666431,-119.8465341144,5.0,2018-11-03,1279354,sydneypahle,716282c25ccf125621c6403ed1a0a7aafc872d99726ff5c6873f6b2495e557e7,3,Bellis perennis
Bellis perennis,55563,190613970,334194625,https://inaturalist-open-data.s3.amazonaws.com/photos/334194625/large.jpeg,cc-by-nc,"(c) luisvillanueva, some rights reserved (CC BY-NC)",-40.5691002026,-73.1375654787,291.0,2023-11-10,7467787,luisvillanueva,0976f5d7af729adf97dffb3816c460c4e70964cee4769770a735a6d726ef6429,4,Bellis perennis
Bellis perennis,55563,203261664,359095738,https://inaturalist-open-data.s3.amazonaws.com/photos/359095738/large.jpg,cc-by-nc,"(c) Maddie, some rights reserved (CC BY-NC)",43.0517194444,-75.4096,4.0,2023-04-15,2629394,trilobite88,3c4b24eea2cbfd8e34ad0e9b509117d72aa22d48d109f76a2192d680417193e1,5,Bellis perennis
Bellis perennis,55563,282683809,507889258,https://inaturalist-open-data.s3.amazonaws.com/photos/507889258/large.jpg,cc-by,"(c) Георгий Виноградов (Georgy Vinogradov), some rights reserved (CC BY)",55.6219930532,37.6810897344,15.0,2025-05-17,1434599,prokhozhyj,3b683c3bd3fd90a39102666368ca98e829ec6e9d5c07b091e4a6a7003988d691,6,Bellis perennis
Bellis perennis,55563,109887037,185285288,https://inaturalist-open-data.s3.amazonaws.com/photos/185285288/large.jpg,cc-by-nc,"(c) Efraín Octavio Aguilar Pérez, some rights reserved (CC BY-NC)",19.3107454957,-99.3134235456,4.0,2022-02-20,1997635,efrain_octavio,92abba0a741cb4b8e29ff6ee2a4379ceef27f21da8d4ce52be907e11d996e676,7,Bellis perennis
Bellis perennis,55563,101747827,169959826,https://inaturalist-open-data.s3.amazonaws.com/photos/169959826/large.jpg,cc-by-nc,"(c) woodendscouts, some rights reserved (CC BY-NC)",-37.4055539266,144.5797296671,9.0,2021-11-23,5206930,woodendscouts,d87348d0cf7f43c99c815193e65b63f739eac2c2b6337e921236e36b3fae8c0f,8,Bellis perennis
Bellis perennis,55563,108258416,182238926,https://inaturalist-open-data.s3.amazonaws.com/photos/182238926/large.jpg,cc-by-nc,"(c) matt_youngg, some rights reserved (CC BY-NC)",49.3118376565,-123.0865248387,3.0,2022-03-09,4167718,matt_youngg,d77bd7f4286ceea62cabcf85c7aa6ba3cb70bcc3d5bb75d24ca7860e38029789,9,Bellis perennis
Bellis perennis,55563,108531930,182748836,https://inaturalist-open-data.s3.amazonaws.com/photos/182748836/large.jpeg,cc-by-nc,"(c) magdalena1180, some rights reserved (CC BY-NC)",48.2390696111,16.3215959072,28.0,2022-03-13,2623190,magdalena1180,99c9d14225c4f8b6cbd2e280ec76843cd9cccfcc4af263da3aab6f4723a9b718,10,Bellis perennis
Bellis perennis,55563,217888673,385514678,https://inaturalist-open-data.s3.amazonaws.com/photos/385514678/large.jpeg,cc-by-nc,"(c) emoq, some rights reserved (CC BY-NC)",62.4054477454,5.6198330976,10.0,2024-05-22,1427739,emoq,5db5564c2723df8dab776ae971da2d19471c36065cb576447c0db5ea6e0b1898,11,Bellis perennis
Bellis perennis,55563,73329443,119700383,https://inaturalist-open-data.s3.amazonaws.com/photos/119700383/large.jpeg,cc-by-nc,"(c) atasistro, some rights reserved (CC BY-NC)",33.862896,-83.408771,2851.0,2021-03-13,3761266,armando_s,75f602dfb122e70a8270d66845b4409176c04be706f68f40944c7cb51ad49a0a,12,Bellis perennis
Bellis perennis,55563,317875162,574438711,https://inaturalist-open-data.s3.amazonaws.com/photos/574438711/large.jpg,cc-by-nc,"(c) alanahoflaherty, some rights reserved (CC BY-NC)",-36.292121314,174.5312711139,33.0,2025-10-01,5512562,alanahoflaherty,a9a63b1f3842a410cab8b6fefae65c8ba5d6c569285cb07d9f90c33ae95a94e2,13,Bellis perennis
Bellis perennis,55563,188048626,329004689,https://inaturalist-open-data.s3.amazonaws.com/photos/329004689/large.jpg,cc-by-nc,"(c) Pedro Antonio Lázaro Molinero, some rights reserved (CC BY-NC)",40.32349767,-3.7918925281,264.0,2019-03-24,53985,pedroantoniolazaro,e3e128d4ac7146e0fb459e65c0379ab819a9dd2d5bed0790f3cec4897aff24c5,14,Bellis perennis
Bellis perennis,55563,124463608,210962448,https://inaturalist-open-data.s3.amazonaws.com/photos/210962448/large.jpeg,cc-by-nc,"(c) Mr. K, some rights reserved (CC BY-NC)",42.2919044495,-89.6578826904,37.0,2022-07-02,4330164,lk2881,3be12592e9f34c537a9e4a4a321a14d527ff5e3da3c98bc540dd054df694b396,15,Bellis perennis
Bellis perennis,55563,70318628,114289342,https://inaturalist-open-data.s3.amazonaws.com/photos/114289342/large.jpg,cc-by-nc,"(c) sauvageon, some rights reserved (CC BY-NC)",45.3244728595,5.2673431858,5.0,2021-02-28,4051869,sauvageon,03a014204d947aac0f49202ec35ca437d829b60968ff281ccbf83c2c269f233e,16,Bellis perennis
Bellis perennis,55563,371505100,678783753,https://inaturalist-open-data.s3.amazonaws.com/photos/678783753/large.jpg,cc-by-nc,"(c) Dhugal Lindsay, some rights reserved (CC BY-NC)",56.0847971667,14.3462916667,3.0,2026-06-14,1597538,dhugallindsay,a72019c9a08637bc680abc4f3b19de02a5a7b592900b6bf9c489c86b04ac67c0,17,Bellis perennis
Bellis perennis,55563,224709608,398298630,https://inaturalist-open-data.s3.amazonaws.com/photos/398298630/large.jpeg,cc-by,"(c) Jo Roberts, some rights reserved (CC BY)",58.354535,-6.59915329,3.0,2024-06-23,3920526,bacchusrock,f6f20998838d0aed9ff58e0d400460cf942db421e51dacf2db0367574479fbde,18,Bellis perennis
Bellis perennis,55563,214519523,379179972,https://inaturalist-open-data.s3.amazonaws.com/photos/379179972/large.jpeg,cc-by-nc,"(c) Barbara L. Wilson, some rights reserved (CC BY-NC)",42.2644295504,-123.5780062583,10.0,2024-05-07,1309897,sedgequeen,7f3270a648400b05a7276cfbec4eca10683fac75620393e9aac97202b9e76c2c,19,Bellis perennis
Bellis perennis,55563,45479666,72119739,https://inaturalist-open-data.s3.amazonaws.com/photos/72119739/large.jpg,cc-by-nc,"(c) Denise, some rights reserved (CC BY-NC)",52.3030518916,4.6365514906,395.0,2020-05-09,2817502,daenyse,c580a818ea20109fc1a7be7387b12399fc2c03b4aa1df01f1233f1923dcb2908,20,Bellis perennis
Bellis perennis,55563,345714685,630079552,https://inaturalist-open-data.s3.amazonaws.com/photos/630079552/large.jpg,cc-by-nc,"(c) umkylvyn, some rights reserved (CC BY-NC)",54.225095,27.401195,4.0,2026-03-28,6771160,umkylvyn,072a7c9fd3f280bb5da446f8d8c01eb9a4c2a164a498d84fca5b2c4d1aaed6e9,21,Bellis perennis
Bellis perennis,55563,101917704,170914377,https://inaturalist-open-data.s3.amazonaws.com/photos/170914377/large.jpg,cc-by-nc,"(c) johnrosendale, some rights reserved (CC BY-NC)",-42.8526548009,147.2862994427,70.0,2021-11-26,4673505,johnbot,f2e2f06eb03ffc375442e712e26e98d9a0555576d6e29ec5e212f8fdf444e612,22,Bellis perennis
Bellis perennis,55563,222577086,394289461,https://inaturalist-open-data.s3.amazonaws.com/photos/394289461/large.jpeg,cc-by-nc,"(c) Elena Tokmakova, some rights reserved (CC BY-NC)",59.8509140015,30.3883152008,153.0,2024-06-14,7702056,elenaptokmakova,fa56b09566104807b7ed9042e061a8ef35315b50e0cfe9a1900bc94b47975371,23,Bellis perennis
Bellis perennis,55563,79198765,129698011,https://inaturalist-open-data.s3.amazonaws.com/photos/129698011/large.jpeg,cc-by-nc,"(c) travpatrick89, some rights reserved (CC BY-NC)",45.8513717651,-84.6178665161,5.0,2021-05-17,4416415,travpatrick89,409f36c8edcad5502bb4b295dc7ceaec5f361474346850f761e9b0b6988708af,24,Bellis perennis
Bellis perennis,55563,288904971,521009572,https://inaturalist-open-data.s3.amazonaws.com/photos/521009572/large.jpg,cc-by-nc,"(c) makingarecord, some rights reserved (CC BY-NC)",41.2635224152,-81.5585748057,4.0,2025-06-11,1797235,makingarecord,f204f24e829d26e13b2c6e74a6319d1c3243853f6d0176406bf58e57caa6e3ae,25,Bellis perennis
Bellis perennis,55563,179769354,313029682,https://inaturalist-open-data.s3.amazonaws.com/photos/313029682/large.jpg,cc-by-nc,"(c) wynnejoy, some rights reserved (CC BY-NC)",-41.260955,172.97162,6.0,2023-08-21,6029435,wynnejoy,ef36a9fcfd4d95f109b775b72257ce4321bf961b0eec58a9154e66211fb17293,26,Bellis perennis
Bellis perennis,55563,41434595,65732286,https://inaturalist-open-data.s3.amazonaws.com/photos/65732286/large.jpg,cc-by,"(c) Konrad Kałużyński, some rights reserved (CC BY)",52.1535450008,20.2078768279,4.0,2020-04-05,2254300,konrad_k,423829d0434607829476352e8f97f3aaa5aa73ab701d06be0ad8e881468bbff8,27,Bellis perennis
Bellis perennis,55563,223323926,395688448,https://inaturalist-open-data.s3.amazonaws.com/photos/395688448/large.jpg,cc-by-nc,"(c) stowers, some rights reserved (CC BY-NC)",53.7795829642,-2.2558911495,52.0,2024-06-17,5233909,stowers,929b7c181d83fca9810a96dc629167a2d909695115600082a65430ab05f393d2,28,Bellis perennis
Bellis perennis,55563,286365724,514806665,https://inaturalist-open-data.s3.amazonaws.com/photos/514806665/large.jpg,cc-by-nc,"(c) Dee Warenycia, some rights reserved (CC BY-NC)",38.0428388333,-122.7919166667,4.0,2025-06-02,4915,birdgal5,772ec2eab99660a42b29cf9eebcd8fba1f7b30f1b284cb1a0d62154d1d21eaa1,29,Bellis perennis
Bellis perennis,55563,221320911,391929002,https://inaturalist-open-data.s3.amazonaws.com/photos/391929002/large.jpeg,cc-by-nc,"(c) thephoxinus, some rights reserved (CC BY-NC)",49.9820427223,10.5553321097,25.0,2024-05-26,2078240,thephoxinus,189970c1232ee93debb8ab06a75e609df3d89baaba1fddaf905c6f511e2a31e8,30,Bellis perennis
Bellis perennis,55563,269510737,484587789,https://inaturalist-open-data.s3.amazonaws.com/photos/484587789/large.jpeg,cc-by-nc,"(c) Laure Theunissen, some rights reserved (CC BY-NC)",46.3255378829,-0.4666855931,3.0,2025-04-09,8021801,late77,a8256c1a8216ae2de8ddf4b59f3e7448177a4348219d2bf031cb98622a4d17ca,31,Bellis perennis
Bellis perennis,55563,195565905,344086903,https://inaturalist-open-data.s3.amazonaws.com/photos/344086903/large.jpg,cc-by-nc,"(c) Vlasta Loya, some rights reserved (CC BY-NC)",48.62085,22.2944633333,8.0,2024-01-02,2179089,vlasta_loya,d06e1c11ff4b2e28d74b5bfccf187e84b988c6618f7317ce9a3d40f0a253518a,32,Bellis perennis
Bellis perennis,55563,2691405,3028134,https://inaturalist-open-data.s3.amazonaws.com/photos/3028134/large.jpeg,cc-by-nc,"(c) giadapizza, some rights reserved (CC BY-NC)",45.0324020354,10.4731524736,33.0,2016-02-17,180458,giadapizza,d9fdb0ae9b8b6bdc477b98cade8133d5ec12ff226d8852bb91b9ce5e247f56e7,33,Bellis perennis
Bellis perennis,55563,8829180,11861643,https://inaturalist-open-data.s3.amazonaws.com/photos/11861643/large.jpg,cc0,no rights reserved,45.6280417135,-122.6620855463,5.0,2017-11-16,450483,jeffreyleeisanaturalist,5ee1e882c050c6dc5d0922d4353537c62415c2426f0a88e82259171c88ed367d,34,Bellis perennis
Bellis perennis,55563,230507542,409298692,https://inaturalist-open-data.s3.amazonaws.com/photos/409298692/large.jpeg,cc-by-nc,"(c) Rune Bjerre, some rights reserved (CC BY-NC)",55.9664916667,8.369625,4.0,2024-07-20,1793717,runebjerre,4dbc7b250fc472e8d96536c1ffc878fde85e0ebc73b06e5532de16569e35d283,35,Bellis perennis
Bellis perennis,55563,3092528,3566352,https://inaturalist-open-data.s3.amazonaws.com/photos/3566352/large.jpg,cc-by,"(c) alvarosaurus, some rights reserved (CC BY)",52.7090734586,13.3245656267,18.0,2016-04-29,82834,alvarosaurus,eb33a00cfe6a471b08bf9f7caefa7621ca8a32b282c24c6f8c3c4d345f2cf030,36,Bellis perennis
Bellis perennis,55563,76972849,125880385,https://inaturalist-open-data.s3.amazonaws.com/photos/125880385/large.jpeg,cc-by-nc,"(c) ac111222, some rights reserved (CC BY-NC)",50.8670890929,-0.0879140943,789.0,2021-05-01,4217851,ac111222,a6942e74c932a227bb56056b8969a5235080903a0495f3f13b5e8799884df882,37,Bellis perennis
Bellis perennis,55563,165231928,285995682,https://inaturalist-open-data.s3.amazonaws.com/photos/285995682/large.jpeg,cc-by-nc-sa,"(c) Dan Schuurman, some rights reserved (CC BY-NC-SA)",44.3415425241,-80.3715354379,28.0,2023-04-28,219083,danshuurman,13c171cfd3632c206c17e8e794a9b12a83567195a28d1a7cea847f1bb9d1cba5,38,Bellis perennis
Bellis perennis,55563,263394472,473175216,https://inaturalist-open-data.s3.amazonaws.com/photos/473175216/large.jpg,cc-by,"(c) silasheyman, some rights reserved (CC BY)",47.710025,7.6581583333,19.0,2025-02-27,8517872,silasheyman,63ea69fde551f7debe892bf2d227025c48f5879da39639344edffaa931f3aa1e,39,Bellis perennis
Bellis perennis,55563,77279655,126378058,https://inaturalist-open-data.s3.amazonaws.com/photos/126378058/large.jpeg,cc-by-nc,"(c) irisamice, some rights reserved (CC BY-NC)",48.8497047424,2.4198029041,65.0,2021-05-04,2125732,irisamice,b6eeaaf68b2d8cf3a127b701fa8e52830199b9f7ed3e64b081907f8a48a8c722,40,Bellis perennis
Bellis perennis,55563,40344233,64076148,https://inaturalist-open-data.s3.amazonaws.com/photos/64076148/large.jpeg,cc-by-nc,"(c) comradepossum, some rights reserved (CC BY-NC)",56.0127698,-4.5833145,171.0,2019-05-03,2537551,comradepossum,f0196d21ed0bb90f16b552649e054cea7f224a2a122078c1746a344735ef4df5,41,Bellis perennis
Bellis perennis,55563,104368075,174862494,https://inaturalist-open-data.s3.amazonaws.com/photos/174862494/large.jpeg,cc-by-nc,"(c) Adrian Kreft, some rights reserved (CC BY-NC)",53.2058658,8.5987048,159.0,2021-03-24,5266780,adriankreft,0b1dc150e8a0646d636b5c283c6868100ce125b9df4e7f9f517f81874a7e1a23,42,Bellis perennis
Bellis perennis,55563,96289751,159945338,https://inaturalist-open-data.s3.amazonaws.com/photos/159945338/large.jpeg,cc-by,"(c) Alexandr Stanislavschi, some rights reserved (CC BY)",54.5095134964,18.5382049531,12.0,2021-09-26,3805776,stanislavschi_alexandr,43fcaf5b001246d8bdf71445716806270fe2c3684cb63e24de449ce13f7de430,43,Bellis perennis
Bellis perennis,55563,41223754,65378225,https://inaturalist-open-data.s3.amazonaws.com/photos/65378225/large.jpeg,cc-by-nc,"(c) Thierry Meyre, some rights reserved (CC BY-NC)",44.14236845,0.54317047,3.0,2020-03-24,1989186,tmeyre,57be6c8f90f34bafb7fdd73498b900395c72d14a807ec552d28a85cdd1a5e023,44,Bellis perennis
Bellis perennis,55563,365671392,667651495,https://inaturalist-open-data.s3.amazonaws.com/photos/667651495/large.jpg,cc-by-nc,"(c) Ann Durham, some rights reserved (CC BY-NC)",53.5226783333,-6.0820945,2.0,2026-05-22,9924833,rocksann,6a42697ae45223e6c201ae180a9a3a7756a2722cfe0510d51fa7c0224bb0a69f,45,Bellis perennis
Bellis perennis,55563,156034182,269775268,https://inaturalist-open-data.s3.amazonaws.com/photos/269775268/large.jpeg,cc-by-nc,"(c) Nikita Anaņjevs, some rights reserved (CC BY-NC)",56.49590549,27.32024703,8.0,2023-04-22,6709768,nikitopoko,faeefd0a667e78be4d1c3ce43caffdcb8e79dc6795ddcf93ada400e441408b13,46,Bellis perennis
Bellis perennis,55563,268526784,482690470,https://inaturalist-open-data.s3.amazonaws.com/photos/482690470/large.jpg,cc-by-nc,"(c) Samuel Prucha, some rights reserved (CC BY-NC)",50.1076667959,14.3983614613,4.0,2025-04-04,9092163,pampeliska80neco,904fb09d3e133b0ff4dd1757a8ce35de339673cf9dcbee2df4ea78e918298779,47,Bellis perennis
Bellis perennis,55563,118428709,231243643,https://inaturalist-open-data.s3.amazonaws.com/photos/231243643/large.jpg,cc-by-nc,"(c) may_bee_tree, some rights reserved (CC BY-NC)",46.4964461363,-87.669367254,52.0,2022-05-23,5058502,may_bee_tree,59a77f7b507c8034a7e136e5c3410099efba39eea6ac65435c4d3c058a45b184,48,Bellis perennis
Bellis perennis,55563,146687159,252250633,https://inaturalist-open-data.s3.amazonaws.com/photos/252250633/large.jpeg,cc-by-nc,"(c) Martin Baudrexl, some rights reserved (CC BY-NC)",47.8127520247,11.1221304316,2.0,2023-01-15,5915488,martinbaudrexl,ff16b40c039d7cf6ae9c91b61ab01a021fb2e29678c3e277879164593a737e29,49,Bellis perennis
Bellis perennis,55563,257123241,461180001,https://inaturalist-open-data.s3.amazonaws.com/photos/461180001/large.jpeg,cc0,no rights reserved,49.59509521,6.13704047,3.0,2025-01-02,419580,paul_luap,cb559c26bc44af65c0fd335ca5a4c9e70e1926e9c92e0390f955b187a5f13e15,50,Bellis perennis
Bellis perennis,55563,267355937,480452461,https://inaturalist-open-data.s3.amazonaws.com/photos/480452461/large.jpeg,cc-by-nc,"(c) IndigoAdek, some rights reserved (CC BY-NC)",50.28211536,18.65868779,8.0,2025-03-28,5670261,indigoadek,b676a1465c34542a0df396208eb16600df5d1adb274d5a6a00138eaaa500794e,51,Bellis perennis
Bellis perennis,55563,72197507,117669466,https://inaturalist-open-data.s3.amazonaws.com/photos/117669466/large.jpeg,cc-by-nc,"(c) charliersinclair0p, some rights reserved (CC BY-NC)",50.7034266667,-3.2120683333,6.0,2021-03-14,2852585,charliersinclair0p,476795ec1c89451f58b1ff839f6a01a489b2910fce7949abe4ebcec82956d811,52,Bellis perennis
Bellis perennis,55563,150647126,259806798,https://inaturalist-open-data.s3.amazonaws.com/photos/259806798/large.jpeg,cc-by-nc,"(c) anais13127, some rights reserved (CC BY-NC)",43.4544944763,5.4677467346,77.0,2023-03-09,2128392,anais13127,26d7561e5a40695c5e9c148f2ce76d5a09781bbe3775c447f2f00108b7430b35,53,Bellis perennis
Bellis perennis,55563,167617734,290401678,https://inaturalist-open-data.s3.amazonaws.com/photos/290401678/large.jpeg,cc-by-nc,"(c) straw3, some rights reserved (CC BY-NC)",47.6514701843,-124.3877105713,11.0,2023-06-15,3918527,straw3,8b7b19f77d29213112e6673fb33a9f16d64daebb67562367fbe37126550e49f3,54,Bellis perennis
Bellis perennis,55563,80269352,131546983,https://inaturalist-open-data.s3.amazonaws.com/photos/131546983/large.jpg,cc-by-nc,"(c) Mathias, some rights reserved (CC BY-NC)",50.6213252396,3.16693079,6.0,2021-05-25,1643612,butor,591b790657fda217f97d03b6be4479561938a4e53344433e82a149ac6a210b5f,55,Bellis perennis
Bellis perennis,55563,286060545,514180921,https://inaturalist-open-data.s3.amazonaws.com/photos/514180921/large.jpg,cc0,no rights reserved,51.9025752292,10.4238061757,15.0,2025-05-31,6164054,sturuss,b166531b6e054681153076e165a99ab7f3b1bf6e2161772a372b3f89904270f5,56,Bellis perennis
Bellis perennis,55563,215211218,380471940,https://inaturalist-open-data.s3.amazonaws.com/photos/380471940/large.jpeg,cc-by-nc,"(c) Lars Carlsen, some rights reserved (CC BY-NC)",55.38305391,11.21013685,4.0,2024-05-12,4182426,larscarlsen,5e2270b4c8be13f81d7f72864b740599c87600ddb1bb316d29378b4c810967a9,57,Bellis perennis
Bellis perennis,55563,68418965,110780604,https://inaturalist-open-data.s3.amazonaws.com/photos/110780604/large.jpeg,cc-by-nc,"(c) Barbara L. Wilson, some rights reserved (CC BY-NC)",44.2837653414,-124.1102311787,15.0,2021-01-20,1309897,sedgequeen,b97aee396d6d2388a301e57a01f7dc4cad8eab9ed63ae6c9614b15d149342c81,58,Bellis perennis
Bellis perennis,55563,20739660,31976988,https://inaturalist-open-data.s3.amazonaws.com/photos/31976988/large.jpg,cc-by-nc,"(c) Jennifer Rycenga, some rights reserved (CC BY-NC)",36.6021444875,-121.8541863041,6.0,2019-02-24,8778,gyrrlfalcon,fb1d95203679f28cc7423333a02c8df27ff6d0060c32bc7aba798dc074335610,59,Bellis perennis
Bellis perennis,55563,215940515,381841913,https://inaturalist-open-data.s3.amazonaws.com/photos/381841913/large.jpeg,cc-by-nc,"(c) erin_reagan, some rights reserved (CC BY-NC)",43.1238746643,-77.6279144287,41.0,2024-05-15,4665099,erin_reagan,3d8c83cbbb96b6cac7b53079d8ea603a8b2e5796013c6d1fd804274f5ad95309,60,Bellis perennis
Veronica persica,55666,312801415,564805449,https://inaturalist-open-data.s3.amazonaws.com/photos/564805449/large.jpg,cc-by,"(c) Dave Richardson, some rights reserved (CC BY)",-43.6425116667,172.4849383333,6.0,2025-09-10,745172,daverichardson,bdf3b2e7c38cc1af0505724348bd37618d5349aaa9f123ab7d4a61c5b6d30e17,1,Veronica persica
Veronica persica,55666,37760445,59926128,https://inaturalist-open-data.s3.amazonaws.com/photos/59926128/large.jpg,cc-by-nc,"(c) Tânia Araújo, some rights reserved (CC BY-NC)",41.011644958,-8.6009355481,108.0,2020-01-19,769306,taniaaraujo,6a06673e677acb6fa93ff7f938a2e48ebfc5cbc1b83dd1e12bd22945cc0c9e05,2,Veronica persica
Veronica persica,55666,314472167,567983361,https://inaturalist-open-data.s3.amazonaws.com/photos/567983361/large.jpg,cc-by-nc,"(c) Tomás Molina Ehrman, some rights reserved (CC BY-NC)",-34.5386117545,-58.4430260584,38.0,2025-09-16,8128215,tom_molehr,a01cf01a22d01afe3a1beef84d6e3cd6c57692777f7e30511a259330d9cef70e,3,Veronica persica
Veronica persica,55666,341481112,621656687,https://inaturalist-open-data.s3.amazonaws.com/photos/621656687/large.jpg,cc-by-nc,"(c) Yuxuan Liu, some rights reserved (CC BY-NC)",31.3,121.4888,300.0,2020-03-18,7756468,donredstart,308bea5c24b23ffc43648f0502af9c5ea39eaf8194c604bb35b004f1da1d7f2a,4,Veronica persica
Veronica persica,55666,266797974,479379219,https://inaturalist-open-data.s3.amazonaws.com/photos/479379219/large.jpg,cc-by-nc,"(c) halfkite, some rights reserved (CC BY-NC)",33.703325855,-117.7610494129,142.0,2025-03-24,6948527,halfkite,265f9a5840716d8be7ca5d58fd6cbd4a6574a240c15c846e7a5d7460b4a14261,5,Veronica persica
Veronica persica,55666,204480924,361438915,https://inaturalist-open-data.s3.amazonaws.com/photos/361438915/large.jpg,cc-by-nc,"(c) tylernoonan, some rights reserved (CC BY-NC)",40.7614533333,-73.4682,4.0,2024-03-26,1390928,tylernoonan,b831cbf361cf5129a362e7e011b2bee496592400030d4b673b24fb6c15cd5c9d,6,Veronica persica
Veronica persica,55666,343092723,624901350,https://inaturalist-open-data.s3.amazonaws.com/photos/624901350/large.jpg,cc-by,"(c) Юрий Данилевский (Yuriy Danilevsky), some rights reserved (CC BY)",45.2097563128,39.6727936235,150.0,2026-03-15,1365659,yuriydanilevsky,82c1bb64ad126765f6690a31ae2c4ba8faaf7434b60b35a4344bae441b02f73b,7,Veronica persica
Veronica persica,55666,94677407,157084473,https://inaturalist-open-data.s3.amazonaws.com/photos/157084473/large.jpg,cc-by-nc,"(c) Lise Kool, some rights reserved (CC BY-NC)",-29.2781033608,151.7416850476,938.0,2021-09-13,2571526,lisekool,6e7300b44d9a915b40e3190b7685530d9a12e7f4add1b71f3c6d48a222cb97e5,8,Veronica persica
Veronica persica,55666,250479162,447982009,https://inaturalist-open-data.s3.amazonaws.com/photos/447982009/large.jpeg,cc-by-nc,"(c) chuusbruunz, some rights reserved (CC BY-NC)",19.2792060032,-99.5735995844,22.0,2024-11-03,6580426,chuusbruunz,c68791b90c18cb56537f1d33bd82321d481fb77408237bfb8f00c5603dbd74ba,9,Veronica persica
Veronica persica,55666,21626994,33481771,https://inaturalist-open-data.s3.amazonaws.com/photos/33481771/large.jpg,cc-by-nc,"(c) KirstenMarie, some rights reserved (CC BY-NC)",56.4554880141,9.6720536705,5.0,2019-03-26,1539107,kirstenmarie,11b579da77792855d56484d225e846bc25c0da245845fd9ec2bd9230ec83ee0a,10,Veronica persica
Veronica persica,55666,210149194,371753235,https://inaturalist-open-data.s3.amazonaws.com/photos/371753235/large.jpeg,cc0,no rights reserved,-17.4192116377,-66.355804503,1087.0,2024-04-27,3796503,brian_cesp,a59972e022448a949c4859cae2a93d8ca8ea85e0690cce8874743b891b82d7a5,11,Veronica persica
Veronica persica,55666,73572110,120124586,https://inaturalist-open-data.s3.amazonaws.com/photos/120124586/large.jpeg,cc-by-nc,"(c) mimsa, some rights reserved (CC BY-NC)",36.1498515274,-95.891704412,321.0,2021-04-04,2091493,mimsa,6431548ea77efd74fde5b40bd3760015eddcca87fbf88bbc6f4cab4e51fbf366,12,Veronica persica
Veronica persica,55666,106578051,179065039,https://inaturalist-open-data.s3.amazonaws.com/photos/179065039/large.jpeg,cc-by-nc,"(c) Alessandro, some rights reserved (CC BY-NC)",40.5032807829,16.7368048884,52.0,2022-02-11,476945,philodendronjoe,a13c7a4056529fa978e38151ac1bff0b52c30e0cdca0d814244b3254796c1ea7,13,Veronica persica
Veronica persica,55666,353231665,644558706,https://inaturalist-open-data.s3.amazonaws.com/photos/644558706/large.jpg,cc-by-nc,"(c) totsutotsu, some rights reserved (CC BY-NC)",35.5941025854,139.6514547004,4.0,2026-04-25,6753418,totsutotsu,6fe4e7e6736868767b96757449f62134a69d28e027141353f7f5f0cbe87024ec,14,Veronica persica
Veronica persica,55666,336410669,611330060,https://inaturalist-open-data.s3.amazonaws.com/photos/611330060/large.jpg,cc-by-nc,"(c) Michael G. Shepard, some rights reserved (CC BY-NC)",48.4177904609,-123.3419440991,100.0,2009-04-09,7593463,mgshepard,e948702784695f71eb84e85ccb492ce2f97f726ae6f4d8e5dae8174550cd3f89,15,Veronica persica
Veronica persica,55666,148236694,255232596,https://inaturalist-open-data.s3.amazonaws.com/photos/255232596/large.jpg,cc-by-nc-sa,"(c) Jinmin Li, some rights reserved (CC BY-NC-SA)",29.6305855,106.524186,2232.0,2023-02-03,4157319,ttimmy,208020eff159e8906d3c1c5d2ddf88ca5d5af2564a5dd5d93db03038971827df,16,Veronica persica
Veronica persica,55666,290261081,522142738,https://inaturalist-open-data.s3.amazonaws.com/photos/522142738/large.jpg,cc-by,"(c) Jhonatan Matheus, some rights reserved (CC BY)",-25.3805834603,-51.4829209819,47.0,2025-06-16,8157623,doisjhols,b728348c919d89e775358bc58e308dd02944bfc400b900856077a556f7090ad1,17,Veronica persica
Veronica persica,55666,119864637,202674450,https://inaturalist-open-data.s3.amazonaws.com/photos/202674450/large.jpg,cc-by-nc,"(c) Lilia Efimtseva, some rights reserved (CC BY-NC)",55.6829383333,37.3536616667,4.0,2022-05-30,3912061,lilia_efimtseva,7e871077bf264ed908d2c185cd87826533b5e7f5af0958a1cd5b837e10b9e7cf,18,Veronica persica
Veronica persica,55666,149738958,258067409,https://inaturalist-open-data.s3.amazonaws.com/photos/258067409/large.jpg,cc-by-nc,"(c) mathis07, some rights reserved (CC BY-NC)",45.1056604456,3.5035427765,2.0,2023-02-26,4565320,mathis07,764f485a1021e4cf80d5b3b1bdd25788900baf596944a970c432099080c9522e,19,Veronica persica
Veronica persica,55666,342305613,623327855,https://inaturalist-open-data.s3.amazonaws.com/photos/623327855/large.jpg,cc-by-nc,"(c) ansley_prescott, some rights reserved (CC BY-NC)",34.3287505787,-82.388755836,40.0,2026-03-10,10161950,ansley_prescott,6a43524885b27c7cf7c541db20cd0dca20d8aa9d70aa013fc1a411ea592198e5,20,Veronica persica
Veronica persica,55666,342757672,624226171,https://inaturalist-open-data.s3.amazonaws.com/photos/624226171/large.jpg,cc-by-nc,"(c) Avie's Nature Pics, some rights reserved (CC BY-NC)",41.7280893178,-111.8541231853,9.0,2026-03-13,10002790,dale_avie,15ad9d6ce4131668ebebedb079bbb0fed0715712c4124dcfe1a0d8cdf3c2f46e,21,Veronica persica
Veronica persica,55666,319882762,578284318,https://inaturalist-open-data.s3.amazonaws.com/photos/578284318/large.jpg,cc-by-nc,"(c) Analía Benavidez, some rights reserved (CC BY-NC)",-27.830803,-65.79772,207.0,2025-10-05,688093,analiab87,a30471ac88ba2cdefed8a412b6b3e3977f41c7e0cfbed67256610b92f79dd30d,22,Veronica persica
Veronica persica,55666,272818234,490827280,https://inaturalist-open-data.s3.amazonaws.com/photos/490827280/large.jpg,cc-by-nc,"(c) Bethany Kilcrease, some rights reserved (CC BY-NC)",42.9975666667,-85.738275,4.0,2023-04-08,9167971,bethanykilcrease,b450cc83865073216865856086544b799b2f049cf70ef8b7a052720cbae351e4,23,Veronica persica
Veronica persica,55666,156428181,270493475,https://inaturalist-open-data.s3.amazonaws.com/photos/270493475/large.jpg,cc-by-nc,"(c) Vlasta Loya, some rights reserved (CC BY-NC)",48.623445,22.2933366667,6.0,2023-04-24,2179089,vlasta_loya,5bf88c3aeb1a2a680d7e6a9bee2465a851d84fd1de62931bd247de7f2c335832,24,Veronica persica
Veronica persica,55666,355225086,647904985,https://inaturalist-open-data.s3.amazonaws.com/photos/647904985/large.jpg,cc-by-nc,"(c) Dilara Yazgı, some rights reserved (CC BY-NC)",40.9718205329,29.1510853218,27.0,2026-04-27,10464737,dilara9730,5c6e100ed654ac27422b18f9cb3e6161bb45e1fb2f48271630b4253163317836,25,Veronica persica
Veronica persica,55666,346716879,632056732,https://inaturalist-open-data.s3.amazonaws.com/photos/632056732/large.jpg,cc-by-nc,"(c) 신민수, some rights reserved (CC BY-NC)",35.2345871249,129.0811054902,14.0,2026-04-02,10325775,naturalist112141,c2758bea2ee1adc376fa55264ec07f0254fbdceb31f1b86794a34c33b4079d1d,26,Veronica persica
Veronica persica,55666,160336756,277049900,https://inaturalist-open-data.s3.amazonaws.com/photos/277049900/large.jpg,cc-by-nc,"(c) Hester Stanwood, some rights reserved (CC BY-NC)",51.0214968931,-3.1241372215,2.0,2023-05-07,4937936,hestan,7513d8b6dbd1a10454c382b6a55017eb235574c86b7382e4242f5a90322e6705,27,Veronica persica
Veronica persica,55666,136205112,232423296,https://inaturalist-open-data.s3.amazonaws.com/photos/232423296/large.jpeg,cc-by-nc,"(c) samhg, some rights reserved (CC BY-NC)",-36.89509137,174.85273647,8.0,2022-09-24,58535,samhg,937293da0b9c848189067694419b1e2de6c457bc3c3fc5ced39ba0440193e0c5,28,Veronica persica
Veronica persica,55666,106497714,178910188,https://inaturalist-open-data.s3.amazonaws.com/photos/178910188/large.jpg,cc-by-nc,"(c) kjdeluca, some rights reserved (CC BY-NC)",39.7231048315,-121.792220061,155.0,2022-02-08,5334387,kjdeluca,9aed611a21d491426eee6dad4a024bf4da77feec3a107e0bc4ca7cbb771906db,29,Veronica persica
Veronica persica,55666,263742792,473862529,https://inaturalist-open-data.s3.amazonaws.com/photos/473862529/large.jpeg,cc-by-nc,"(c) Konrad and Roland Greinwald, some rights reserved (CC BY-NC)",50.1320534269,9.8908270622,60.0,2014-03-03,5339666,kr_greinwald,b63a84a5640008ea8d37735646ac2de92755189669e7aa2b5e5e2ac2ee3014f5,30,Veronica persica
Veronica persica,55666,200854852,354447930,https://inaturalist-open-data.s3.amazonaws.com/photos/354447930/large.jpg,cc-by-nc,"(c) Arnan Pawawongsak, some rights reserved (CC BY-NC)",30.2871953983,-97.7362235509,15.0,2024-02-15,3053196,arnanthescout,9cdeb9d008036612c3d9dfbf53330ab43dd0d3d6f820ee734ff94f3e5759d0db,31,Veronica persica
Veronica persica,55666,329971627,598242787,https://inaturalist-open-data.s3.amazonaws.com/photos/598242787/large.jpg,cc-by-nc,"(c) Isa Klee, some rights reserved (CC BY-NC)",45.4412505122,13.5284273201,485.0,2025-12-08,3300737,isadoraisadorable,4e5410657bb031ee4bdc9a00d48750fe281652f8f6e420f2ec46b2027c51ddfe,32,Veronica persica
Veronica persica,55666,348758408,636109404,https://inaturalist-open-data.s3.amazonaws.com/photos/636109404/large.jpg,cc-by,"(c) Chase Mathey, some rights reserved (CC BY)",55.9403133333,-3.1053721667,59.0,2026-04-10,696052,chasemathey,627b3c0f1bab91635313c8e3f2dc34e818fc453dfa824d111d6419d0eebd13c3,33,Veronica persica
Veronica persica,55666,21705695,33611529,https://inaturalist-open-data.s3.amazonaws.com/photos/33611529/large.jpg,cc-by-nc,"(c) Nathan Peters, some rights reserved (CC BY-NC)",40.5053828331,-80.0630506129,30.0,2019-03-28,616772,nrpeters,6cf4f52f43208ac3ff59def3a8bdd4bf3e02a389bb0a5182269a8d257516374b,34,Veronica persica
Veronica persica,55666,176734155,307301734,https://inaturalist-open-data.s3.amazonaws.com/photos/307301734/large.jpg,cc-by-sa,"(c) James K. Douch, some rights reserved (CC BY-SA)",-33.77978,151.0330971667,25.0,2023-08-05,2366151,douch,cda062642bf18efbe42ba9306a03a004922dc42d9ad053a6fdc12f4854a3e879,35,Veronica persica
Veronica persica,55666,188231449,329383618,https://inaturalist-open-data.s3.amazonaws.com/photos/329383618/large.jpg,cc-by-nc,"(c) Pedro Antonio Lázaro Molinero, some rights reserved (CC BY-NC)",42.6722692,-1.7614594,63.0,2018-03-28,53985,pedroantoniolazaro,a7fe3a791025ad892fb68b3b31d1fdf725ae320bd7dcdff441720689e1c3d12e,36,Veronica persica
Veronica persica,55666,212777196,376017505,https://inaturalist-open-data.s3.amazonaws.com/photos/376017505/large.jpeg,cc-by-nc,"(c) murkrow, some rights reserved (CC BY-NC)",36.8125648899,-114.0593290329,190.0,2024-04-30,8081425,murkrow,84a1f4f3f37ba2cddd4cf68a44a51784e81380e5a0746b785ef18ea6bc4015a7,37,Veronica persica
Veronica persica,55666,202513796,357675326,https://inaturalist-open-data.s3.amazonaws.com/photos/357675326/large.jpeg,cc-by-nc,"(c) arnorrian, some rights reserved (CC BY-NC)",44.3919849877,21.2073703855,4728.0,2024-03-15,7205461,arnorrian,ed39edb260c75e6e79f74843d06ea5e9986f201dea8e75a826d9848bf606c6e2,38,Veronica persica
Veronica persica,55666,204926800,362276423,https://inaturalist-open-data.s3.amazonaws.com/photos/362276423/large.jpg,cc-by-nc,"(c) Cameron Martin J., some rights reserved (CC BY-NC)",37.2721064772,-76.7002716872,7.0,2024-04-01,4848254,suburban_witch,f8d1590d9d89e10e8872ffc6463984685b4c444432824e8e8da931b489cb980f,39,Veronica persica
Veronica persica,55666,21255732,32862478,https://inaturalist-open-data.s3.amazonaws.com/photos/32862478/large.jpeg,cc-by-nc,"(c) Mina Zaki, some rights reserved (CC BY-NC)",51.0353235328,3.7227452336,8.0,2019-02-25,64204,minazaki,ae7aa034f234b25f1465682c5f3b13c6e49f17f66c9a726b03174c2fd0026d1d,40,Veronica persica
Veronica persica,55666,384604710,704044873,https://inaturalist-open-data.s3.amazonaws.com/photos/704044873/large.jpg,cc-by-nc,"(c) picot1, some rights reserved (CC BY-NC)",38.0478600427,-83.9575161785,191.0,2026-03-06,9083648,picot1,6d0ad65b03ef12830f3677a5e4eac7d3b361c1882db5e952c6c3e7de0f0918fc,41,Veronica persica
Veronica persica,55666,94866502,157416037,https://inaturalist-open-data.s3.amazonaws.com/photos/157416037/large.jpeg,cc-by,"(c) Luísa Moura, some rights reserved (CC BY)",-28.3007122826,-54.2270565033,182.0,2021-09-14,2546729,lusa8,0a875b1a667946c54da822e82baaafed963bf6077b8871858e95fa3336a23050,42,Veronica persica
Veronica persica,55666,67206164,108520228,https://inaturalist-open-data.s3.amazonaws.com/photos/108520228/large.jpg,cc-by-nc,"(c) Богданович Светлана, some rights reserved (CC BY-NC)",44.6394650833,34.3695669753,15.0,2020-12-15,2788085,svetlana-bogdanovich,3096f40fbe16c70299e9fcfebb1154f12703ba3054d32731b80d8543d48be750,43,Veronica persica
Veronica persica,55666,344489739,627679003,https://inaturalist-open-data.s3.amazonaws.com/photos/627679003/large.jpg,cc-by,"(c) Julien Fougeroux, some rights reserved (CC BY)",47.5200306355,-0.6678883766,2.0,2026-03-22,8413688,julien_fgx,2fd5f53f8ed2ff8c98d2f7546c162634ea033eccf4023a7b6c5bd1454a882291,44,Veronica persica
Veronica persica,55666,77424921,126844945,https://inaturalist-open-data.s3.amazonaws.com/photos/126844945/large.jpg,cc-by-nc,"(c) salka9, some rights reserved (CC BY-NC)",49.2328371776,16.652032737,24.0,2021-05-05,4337364,salka9,4a6881b3cc6e25579dd473109fbca8de62b17b93b460654a3b1d1b41e28f9869,45,Veronica persica
Veronica persica,55666,356364928,649879710,https://inaturalist-open-data.s3.amazonaws.com/photos/649879710/large.jpg,cc-by-nc,"(c) oyamia, some rights reserved (CC BY-NC)",34.9164281398,135.1658456996,23.0,2026-04-29,8656589,oyamia,24cc3cfa078dac2f8848904800c2e4f52a568d1568b6d26de5626ba1e02a72e4,46,Veronica persica
Veronica persica,55666,237027415,421703404,https://inaturalist-open-data.s3.amazonaws.com/photos/421703404/large.jpeg,cc-by-nc-sa,"(c) Gustavo Fernando Durán, some rights reserved (CC BY-NC-SA)",-31.5509418188,-61.0677071481,1934.0,2024-08-18,144,trekman,24f6c5b1881e0d0f2cfcfbdd99c4e460acff09cc69240535ea9177e5dd2e8514,47,Veronica persica
Veronica persica,55666,140420156,240363776,https://inaturalist-open-data.s3.amazonaws.com/photos/240363776/large.jpeg,cc-by,"(c) Alexis Tinker-Tsavalas, some rights reserved (CC BY)",53.058015211,13.529173135,3.0,2022-10-29,999066,alexis_orion,ceb53b31e17f08f8c3550cde5cd5aab06939966cf718c70f2f4ed87ee44efeb7,48,Veronica persica
Veronica persica,55666,19984216,30841933,https://inaturalist-open-data.s3.amazonaws.com/photos/30841933/large.jpeg,cc-by-nc,"(c) mich8, some rights reserved (CC BY-NC)",44.3370857368,8.3415657654,9.0,2019-01-29,1118671,mich8,b1af79cf8db791ce6b9ba782d6f6e0be18fbbd9a889f449d3c2efe8e0afcd06c,49,Veronica persica
Veronica persica,55666,223210767,395469738,https://inaturalist-open-data.s3.amazonaws.com/photos/395469738/large.jpg,cc-by-nc,"(c) Jocele Capaldo, some rights reserved (CC BY-NC)",41.8875116667,12.4838583333,4.0,2024-03-28,1802807,casa_de_chaos,8ddc96a732e1bc8d1d47f610d17e6d975028d11f2c05e8ffad2ab53b21c827c6,50,Veronica persica
Veronica persica,55666,104149313,174483500,https://inaturalist-open-data.s3.amazonaws.com/photos/174483500/large.jpg,cc-by-nc,"(c) Bruce Neville, some rights reserved (CC BY-NC)",31.935978957,-94.2923600506,4.0,2022-01-01,355652,bruceneville,999185c7fe193c5429a88ec764ed254ae64c978b10ead856d28f3b4d0470bbc3,51,Veronica persica
Veronica persica,55666,286950812,515921695,https://inaturalist-open-data.s3.amazonaws.com/photos/515921695/large.jpg,cc-by,"(c) Sandy Wolkenberg, some rights reserved (CC BY)",43.1756043889,-77.5272187953,25.0,2025-06-04,572980,sadawolk,a08ffe637129f3b22c1e902afa72434505bfbeaac3b61f016ae1217525fce022,52,Veronica persica
Veronica persica,55666,209844436,371268738,https://inaturalist-open-data.s3.amazonaws.com/photos/371268738/large.jpg,cc-by,"(c) Lisa Bennett, some rights reserved (CC BY)",-41.1096085422,175.2571915371,8.0,2024-04-27,59227,lisa_bennett,10ce4bc06f26027948156b72646d97233b36221bc4d03024313fdf8825ffa908,53,Veronica persica
Veronica persica,55666,355145679,647787342,https://inaturalist-open-data.s3.amazonaws.com/photos/647787342/large.jpg,cc-by,"(c) Barry Walter, some rights reserved (CC BY)",53.44303,0.033835,10.0,2026-03-05,1006407,bazwal,95de933246a961ed8d1b618fa7e074cc1c166a500af7a1ca23ff78c86732f5fd,54,Veronica persica
Veronica persica,55666,288463791,518766145,https://inaturalist-open-data.s3.amazonaws.com/photos/518766145/large.jpg,cc-by-nc,"(c) aroooon, some rights reserved (CC BY-NC)",47.3941535773,7.7526438761,17.0,2025-06-10,9418978,aroooon,4df60577c68676b2b22a2a8cf08a0360056c8f1e77e78d8c84d33c60c78f1059,55,Veronica persica
Veronica persica,55666,198162526,349201816,https://inaturalist-open-data.s3.amazonaws.com/photos/349201816/large.jpg,cc-by-nc,"(c) Zev D., some rights reserved (CC BY-NC)",45.381511074,-122.8324456655,20.0,2024-02-01,5858303,inkadillo,e2cc6bae895496ba91e60712af02e983e64ffc6a430770ee6b7ccf7ffc0eee2d,56,Veronica persica
Veronica persica,55666,272402674,490079372,https://inaturalist-open-data.s3.amazonaws.com/photos/490079372/large.jpg,cc-by-nc,"(c) Ezgi Sığan, some rights reserved (CC BY-NC)",39.8945358802,32.786373494,23.0,2025-04-23,9174869,ezgi_sigan,77458c79c0ae14b7f8a6e3ea103de3a7d9657f8ebe13e280913a8287353c827a,57,Veronica persica
Veronica persica,55666,257572462,462090143,https://inaturalist-open-data.s3.amazonaws.com/photos/462090143/large.jpg,cc-by,"(c) gerardbertrand, some rights reserved (CC BY)",48.0931262859,3.4525521845,20.0,2025-01-06,5306777,gerardbertrand,7d17e2279ae2f7f8d03759da9167f30a2db12778e08d58bf9b501f6ce092b585,58,Veronica persica
Veronica persica,55666,152494071,263257281,https://inaturalist-open-data.s3.amazonaws.com/photos/263257281/large.jpg,cc-by,"(c) Curtis Burke, some rights reserved (CC BY)",35.0922014168,-85.5262454761,15.0,2023-03-25,3524952,curtisburke,077b4bcb395ef1e586400de2f8b4e29f2b23ab6367ce108f8d12e13bb58dff8b,59,Veronica persica
Veronica persica,55666,271063617,487546338,https://inaturalist-open-data.s3.amazonaws.com/photos/487546338/large.jpg,cc-by-nc,"(c) Naoko Nguyen, some rights reserved (CC BY-NC)",43.0124731022,-81.2792017821,22.0,2025-04-17,6597956,nana_nguyen,af6e15738de58c17d886b5e902d1d7ed147525d1ad7bbc6c91968f24076df218,60,Veronica persica
Lathyrus tuberosus,55729,290830045,523219676,https://inaturalist-open-data.s3.amazonaws.com/photos/523219676/large.jpg,cc-by-nc,"(c) mjjanzen, some rights reserved (CC BY-NC)",46.8064883333,-100.9161533333,14.0,2025-06-17,7852253,mjjanzen,e62614a868dacfedd9d3b5b94bb4b2155270a3183bb7ffffcfc09a65c5261d99,1,Lathyrus tuberosus
Lathyrus tuberosus,55729,287309777,516593593,https://inaturalist-open-data.s3.amazonaws.com/photos/516593593/large.jpg,cc-by-nc,"(c) op-viviyan, some rights reserved (CC BY-NC)",42.7047466667,76.0760278333,32.0,2025-05-30,7952814,op-viviyan,80b55ef70bf931114df7859b69063d30667b21004bdcd0f3d88d0da110593ff2,2,Lathyrus tuberosus
Lathyrus tuberosus,55729,87955780,145572433,https://inaturalist-open-data.s3.amazonaws.com/photos/145572433/large.jpeg,cc-by-nc-sa,"(c) caroline45p, some rights reserved (CC BY-NC-SA)",46.71892448,2.45499977,48.0,2021-07-11,2612584,caroline45p,41a8275bfcee65dd54c8a532dfa54c9b5f247f433a7c1604696cadf8a8a231bc,3,Lathyrus tuberosus
Lathyrus tuberosus,55729,392659815,719626913,https://inaturalist-open-data.s3.amazonaws.com/photos/719626913/large.jpg,cc-by-nc,"(c) Aleksandr Borodin, some rights reserved (CC BY-NC)",44.5343883333,40.1036,12.0,2026-08-19,7779834,aleksandrborodin,2dd5168b51e1fa1840dfb054bdb9307d2eb55a206920d2dc5e37802ea014b2b8,4,Lathyrus tuberosus
Lathyrus tuberosus,55729,92238253,152693324,https://inaturalist-open-data.s3.amazonaws.com/photos/152693324/large.jpeg,cc-by-nc,"(c) Наталья Коротких, some rights reserved (CC BY-NC)",61.1931029,62.8551876,1899.0,2021-08-23,1402552,natalyakorotkikh,e6ba36761016c82a900cb7d50b1a89afde4581ca6576e85c82cd4bff9ebb1de2,5,Lathyrus tuberosus
Lathyrus tuberosus,55729,375281468,686029671,https://inaturalist-open-data.s3.amazonaws.com/photos/686029671/large.jpg,cc-by-nc,"(c) Janet Elliott, some rights reserved (CC BY-NC)",44.2474944444,-76.5143277778,2.0,2026-06-24,2368172,salamandersearcher,eff1c2d376a122f9b1304cd46ee992c867b683b97ee7c9db23db8d17ac1b5a81,6,Lathyrus tuberosus
Lathyrus tuberosus,55729,374987694,685461669,https://inaturalist-open-data.s3.amazonaws.com/photos/685461669/large.jpg,cc-by-nc,"(c) aurumgreenjr, some rights reserved (CC BY-NC)",59.8156481,30.3109846,503.0,2026-06-24,10630825,aurumgreenjr,ea5d130b15ccdd0f9ca8fe55a9da59cbcf6064d19081ef594c288c7f231d8ff1,7,Lathyrus tuberosus
Lathyrus tuberosus,55729,88239619,145566410,https://inaturalist-open-data.s3.amazonaws.com/photos/145566410/large.jpeg,cc-by,"(c) Марина Садыкова, some rights reserved (CC BY)",53.9035285575,87.491487324,15.0,2021-07-14,3071151,marina_sad,1503f48bd06cbb1fba246ec0c4a9c1988f58f2f72a074b343b69d7ae6e3522f9,8,Lathyrus tuberosus
Lathyrus tuberosus,55729,393029956,720346986,https://inaturalist-open-data.s3.amazonaws.com/photos/720346986/large.jpg,cc-by-nc,"(c) Sajti Emese, some rights reserved (CC BY-NC)",46.7603133333,21.370845,14.0,2026-05-22,3156509,hellogoodbye_,7aee01a54d4b8e9a503b2c319e1c70afe6b10f909488240973fc39c04bcc5f81,9,Lathyrus tuberosus
Lathyrus tuberosus,55729,220449432,390306748,https://inaturalist-open-data.s3.amazonaws.com/photos/390306748/large.jpeg,cc-by-nc,"(c) Наталья Сазонова, some rights reserved (CC BY-NC)",53.2134621,50.2044296,18.0,2024-06-04,5791765,sazonovanatka,9f7dbbf718589c1ef3c4f58e70c32f05b198f9cf5d4ea8796e51adeb01e75e00,10,Lathyrus tuberosus
Lathyrus tuberosus,55729,396183708,726520282,https://inaturalist-open-data.s3.amazonaws.com/photos/726520282/large.jpg,cc-by,"(c) Елена А. Кизилова, some rights reserved (CC BY)",51.1082893505,71.4188554571,15.0,2026-08-31,1717993,xilaria-step,0dc5583463b16d7ef5d96b5a4ad66e19e153628a1ad22118d4e9e06ad358712a,11,Lathyrus tuberosus
Lathyrus tuberosus,55729,302701423,545530036,https://inaturalist-open-data.s3.amazonaws.com/photos/545530036/large.jpg,cc-by-nc,"(c) janelew, some rights reserved (CC BY-NC)",42.1677033333,-87.829445,8.0,2025-07-31,5682097,janelew,633883f1e9a190f14a001a9147daaecf734837e71260c38723478adab556e003,12,Lathyrus tuberosus
Lathyrus tuberosus,55729,121448756,205511937,https://inaturalist-open-data.s3.amazonaws.com/photos/205511937/large.jpeg,cc-by,"(c) Petro Miroshnyk, some rights reserved (CC BY)",51.5711964984,32.6396271586,282.0,2020-07-03,4054319,beren_ua,8de7379099a4c1543fd87c601ca695d5f19bc2f589a2bbb0d7ac8a8ef665ce0b,13,Lathyrus tuberosus
Lathyrus tuberosus,55729,373835096,683235535,https://inaturalist-open-data.s3.amazonaws.com/photos/683235535/large.jpg,cc-by-nc,"(c) madamoulin, some rights reserved (CC BY-NC)",52.5608100891,13.1377573013,12.0,2026-06-21,7558310,madamoulin,11d5aecead0c0acc93e9f60a04541eca7d159096a31505bc54889e3381d3561a,14,Lathyrus tuberosus
Lathyrus tuberosus,55729,377120839,689596059,https://inaturalist-open-data.s3.amazonaws.com/photos/689596059/large.jpg,cc-by,"(c) Евгений Маринкин, some rights reserved (CC BY)",55.478550215,60.2057754993,3.0,2026-07-01,3835890,evgeniy_marinkin,e5e9d355d60067f80bdd34f2dea4448326ad7ec92773b1c98c79833516cea895,15,Lathyrus tuberosus
Lathyrus tuberosus,55729,174515294,303186996,https://inaturalist-open-data.s3.amazonaws.com/photos/303186996/large.jpg,cc-by,"(c) Stanislav Murashkin, some rights reserved (CC BY)",50.4321327053,41.7814811838,7.0,2023-07-23,4664943,stanislav_murashkin,4b35e0fc14b6dde35999452aaf54240755178c36f691f6e57545a446962f505d,16,Lathyrus tuberosus
Lathyrus tuberosus,55729,283999379,510349424,https://inaturalist-open-data.s3.amazonaws.com/photos/510349424/large.jpg,cc-by-nc,"(c) fabriziolanfredi, some rights reserved (CC BY-NC)",45.0642465334,10.4439709615,8.0,2025-05-25,156837,fabriziolanfredi,caf873fc283f1ea7ed9be311b3dd2d02d614d96e47309f891f2ef5ca3c99b1c5,17,Lathyrus tuberosus
Lathyrus tuberosus,55729,49428435,78466674,https://inaturalist-open-data.s3.amazonaws.com/photos/78466674/large.jpeg,cc-by-nc,"(c) Владимир, some rights reserved (CC BY-NC)",56.8295996628,72.735042572,61.0,2020-06-13,1479123,vladimir_teplouhov,d574189a90afc5980450de9023a60068461c9622045b8e8da4a242be8bc4e4c9,18,Lathyrus tuberosus
Lathyrus tuberosus,55729,98521145,164037064,https://inaturalist-open-data.s3.amazonaws.com/photos/164037064/large.jpg,cc-by,"(c) Anna Petrosyan, some rights reserved (CC BY)",46.4426567039,30.7701698238,36.0,2021-07-06,4552489,anna_petrosyan,3c8dee86d275da9f579a54bd71cdf54e2ba315455367e5d63b3c3a505a9bf702,19,Lathyrus tuberosus
Lathyrus tuberosus,55729,58894274,94055954,https://inaturalist-open-data.s3.amazonaws.com/photos/94055954/large.jpeg,cc-by-nc,"(c) Julia V. Shner, some rights reserved (CC BY-NC)",55.6238896289,38.1282301476,15.0,2020-08-05,1434014,julia_shner,adfdccd5947d1cade2c51a45d4cfd9046ddd6baad41a0068afbe88e2d53167a8,20,Lathyrus tuberosus
Lathyrus tuberosus,55729,296835869,534527626,https://inaturalist-open-data.s3.amazonaws.com/photos/534527626/large.jpg,cc-by-nc,"(c) stefan_hageman, some rights reserved (CC BY-NC)",51.9095301627,5.3159531829,8.0,2025-07-10,2477159,stefan_hageman,d06f967f2323c987b3b55c54505be6415b8845ca0acaf4d89353433a78fcfc1b,21,Lathyrus tuberosus
Lathyrus tuberosus,55729,106011149,178002165,https://inaturalist-open-data.s3.amazonaws.com/photos/178002165/large.jpeg,cc-by-nc,"(c) nmukhanova, some rights reserved (CC BY-NC)",58.1287762854,52.8395923853,31.0,2018-08-10,4950462,nmukhanova,a8328a93403ff00791a544b2d5c8d2b7a197e1e8bbcad19d1eacd5e2554feb46,22,Lathyrus tuberosus
Lathyrus tuberosus,55729,175108304,304287870,https://inaturalist-open-data.s3.amazonaws.com/photos/304287870/large.jpg,cc-by,"(c) Bobo-X, some rights reserved (CC BY)",51.0785890175,23.5736240143,2.0,2022-07-10,7125499,bobo-x,19b2397515e670c36b54e48553e70a5234d204818a3cb1765f577d3998a5d3ed,23,Lathyrus tuberosus
Lathyrus tuberosus,55729,20203013,31183428,https://inaturalist-open-data.s3.amazonaws.com/photos/31183428/large.jpg,cc-by-nc,"(c) Aleksandr Ebel, some rights reserved (CC BY-NC)",54.4832,80.38421,200.0,2018-08-14,1235381,aleksandrebel,4433f9dff94a49de986b80de8dddd8c841e5c450436c2f0e3d3937f789fe7599,24,Lathyrus tuberosus
Lathyrus tuberosus,55729,370497580,676838322,https://inaturalist-open-data.s3.amazonaws.com/photos/676838322/large.jpg,cc-by-nc,"(c) avena hale, some rights reserved (CC BY-NC)",40.00562046,-83.10003587,4.0,2026-06-10,9521950,avena1,227dbb34c7b7a2657488eb499cef51e652b840c3ba6d52ab71fc2d8b30362c14,25,Lathyrus tuberosus
Lathyrus tuberosus,55729,288551412,518923877,https://inaturalist-open-data.s3.amazonaws.com/photos/518923877/large.jpg,cc-by,"(c) Patrick Hacker, some rights reserved (CC BY)",48.1985742065,15.6319796932,10.0,2025-06-10,2438113,pastabaum,5b62729f09652412a064e90313509e6712df81a9139f941eedea053b9fc7ce4a,26,Lathyrus tuberosus
Lathyrus tuberosus,55729,84300021,138540198,https://inaturalist-open-data.s3.amazonaws.com/photos/138540198/large.jpeg,cc-by-nc,"(c) Séraphin Poudrier, some rights reserved (CC BY-NC)",49.8929296095,-97.0605548099,34.0,2021-06-24,1936091,seraphinpoudrier,85efd8a879472a2f3776057b29a63aab869bc8a4d20329ea3a1a62e0f12c3ddb,27,Lathyrus tuberosus
Lathyrus tuberosus,55729,286506490,515078664,https://inaturalist-open-data.s3.amazonaws.com/photos/515078664/large.jpg,cc-by-nc,"(c) r_oksana1709, some rights reserved (CC BY-NC)",48.4572083591,36.4347299561,3743.0,2025-06-03,9287784,r_oksana1709,8b6f3324bd378e9ec7077ae71cd1909c37228567bbc420fcc4826c3ef4e0c60c,28,Lathyrus tuberosus
Lathyrus tuberosus,55729,55784598,88849002,https://inaturalist-open-data.s3.amazonaws.com/photos/88849002/large.jpg,cc-by-nc,"(c) Varvara Falaleyeva, some rights reserved (CC BY-NC)",53.8647151267,27.5809920912,269.0,2020-08-08,3339295,korrida_da,2c65d2aba340417e6d7edd4fe03911bb4d8abb84795ea7deace4cd1bae1b51aa,29,Lathyrus tuberosus
Lathyrus tuberosus,55729,83820821,137695776,https://inaturalist-open-data.s3.amazonaws.com/photos/137695776/large.jpeg,cc-by-nc,"(c) gehazett, some rights reserved (CC BY-NC)",49.1409108259,9.1398049146,4.0,2021-06-20,4127182,gehazett,1e5a5e17ac53048aa85c8aeaf1cf260776e29291f419ab24162f763147001a62,30,Lathyrus tuberosus
Lathyrus tuberosus,55729,219721668,388941196,https://inaturalist-open-data.s3.amazonaws.com/photos/388941196/large.jpg,cc-by-nc,"(c) robertbau, some rights reserved (CC BY-NC)",42.0228111667,43.7690966667,4.0,2024-05-31,8158459,robertbau,ef67e5fee0dc0650b5c8028ed407b779d4332d76af89f0645c46e37bf54e0a20,31,Lathyrus tuberosus
Lathyrus tuberosus,55729,125631495,213067169,https://inaturalist-open-data.s3.amazonaws.com/photos/213067169/large.jpg,cc-by-nc,"(c) Puzankov Aleksei, some rights reserved (CC BY-NC)",55.3121083333,45.0913861667,8.0,2022-07-10,4128676,alexey_p,9820b6843e3b977552fd1a0d5f653bc79d5a89a136e391f19d32fc976c1c8197,32,Lathyrus tuberosus
Lathyrus tuberosus,55729,362292540,661243161,https://inaturalist-open-data.s3.amazonaws.com/photos/661243161/large.jpg,cc-by-nc,"(c) Nicolas Delarue, some rights reserved (CC BY-NC)",43.673805,4.66041,5.0,2026-05-17,5923808,nicolasdelarue,ba7c23b8ab418c230a178c3f5b7e939adc0962c18cfa13e991618841f0551835,33,Lathyrus tuberosus
Lathyrus tuberosus,55729,293382612,528049075,https://inaturalist-open-data.s3.amazonaws.com/photos/528049075/large.jpg,cc-by-nc,"(c) Упоров Роман, some rights reserved (CC BY-NC)",57.2086141929,65.3418077901,3.0,2025-06-28,6916487,uprsv,4e30c2095eb532b4a152629186c58c7781b24784294182cb056ac43f0d4451e0,34,Lathyrus tuberosus
Lathyrus tuberosus,55729,165263686,286058937,https://inaturalist-open-data.s3.amazonaws.com/photos/286058937/large.jpeg,cc-by-nc,"(c) elena_andriyanova, some rights reserved (CC BY-NC)",51.7567983333,55.09458,8.0,2023-06-03,2393346,elena_andriyanova,9977a54ced8e34211ca957bcf591cd1150c226e263d74156d2cf5fba84d1c49c,35,Lathyrus tuberosus
Lathyrus tuberosus,55729,193103163,339155417,https://inaturalist-open-data.s3.amazonaws.com/photos/339155417/large.jpeg,cc-by-nc,"(c) Daba, some rights reserved (CC BY-NC)",51.8951861111,83.4653944444,4.0,2023-07-16,1559501,daba,7e6eb74ff9643b06549f5c7ed9553abdfe05a9f137ed5c7b0511cc4762cb8a0a,36,Lathyrus tuberosus
Lathyrus tuberosus,55729,90015799,148708754,https://inaturalist-open-data.s3.amazonaws.com/photos/148708754/large.jpeg,cc-by-nc,"(c) Еlena, some rights reserved (CC BY-NC)",44.946624815,34.7157664539,33.0,2021-08-04,1725290,lenatara,81ce9bf3a24a513ed7950796100af2f09240d6f252b3639481644fcd36a5d694,37,Lathyrus tuberosus
Lathyrus tuberosus,55729,118511120,200241184,https://inaturalist-open-data.s3.amazonaws.com/photos/200241184/large.jpg,cc-by-nc,"(c) Tatyana, some rights reserved (CC BY-NC)",52.2130592069,76.9557922148,488.0,2013-07-04,4489974,tatyana_vakhlamova,d85b52325667a3f4b44f241ea510e85986c929b191c830a2cc6e80c4aef14f46,38,Lathyrus tuberosus
Lathyrus tuberosus,55729,288799339,519393153,https://inaturalist-open-data.s3.amazonaws.com/photos/519393153/large.jpg,cc-by,"(c) Maxim Shashkov, some rights reserved (CC BY)",49.42264331,75.35031508,4.0,2025-06-10,519014,max_carabus,b9f7880ea374a6fdc0b49bdb4dcb1a5f46be7076953883fd2cfadf979fc81391,39,Lathyrus tuberosus
Lathyrus tuberosus,55729,191496450,335956733,https://inaturalist-open-data.s3.amazonaws.com/photos/335956733/large.jpeg,cc-by-nc,"(c) Вадим Рыбаков, some rights reserved (CC BY-NC)",58.4997103604,37.3088304115,31.0,2017-07-12,5295699,vadimrybakov69,9c960efa57da44d78bda3e4a5b695734912b80fc9aa8b753a2d95ed1a16ec580,40,Lathyrus tuberosus
Lathyrus tuberosus,55729,171392849,297404774,https://inaturalist-open-data.s3.amazonaws.com/photos/297404774/large.jpg,cc-by-nc,"(c) Alexander Iosipenko, some rights reserved (CC BY-NC)",51.584255,46.2702916667,6.0,2023-07-02,2554773,alex_iosipenko,ccd33712346621c53853fd3e415565df98512a5fb64d99cb33b21ed847281178,41,Lathyrus tuberosus
Lathyrus tuberosus,55729,289198729,520140904,https://inaturalist-open-data.s3.amazonaws.com/photos/520140904/large.jpg,cc-by-nc,"(c) Эвелина Сандалова, some rights reserved (CC BY-NC)",54.6075244682,55.2185461298,94.0,2025-06-13,9350622,evelina9600,65b499d7ca91cec19e7c5af2e1b4f77f2c146be683698657c91b3a7fbef09659,42,Lathyrus tuberosus
Lathyrus tuberosus,55729,84928071,139650468,https://inaturalist-open-data.s3.amazonaws.com/photos/139650468/large.jpg,cc-by-nc,"(c) Jazz (aka turtlehelper), some rights reserved (CC BY-NC)",43.3145833333,-80.1098333333,5.0,2021-06-28,1802180,turtlehelper,9382d1755d1c4668c5bb451bd10cd539ab5d1195f2bab2d8180241ff035ceeca,43,Lathyrus tuberosus
Lathyrus tuberosus,55729,232194670,412489016,https://inaturalist-open-data.s3.amazonaws.com/photos/412489016/large.jpg,cc-by-nc,"(c) aleksey_strahov, some rights reserved (CC BY-NC)",52.6692328599,59.2577683993,8.0,2024-07-27,5510934,aleksey_strahov,6d29cf2bbcdb7a5a4cf6982eded823cf166ad5fc96673d8f6f114526179205c4,44,Lathyrus tuberosus
Lathyrus tuberosus,55729,291232223,523971758,https://inaturalist-open-data.s3.amazonaws.com/photos/523971758/large.jpg,cc-by-nc,"(c) Miryoku, some rights reserved (CC BY-NC)",50.0276489258,19.9678134918,1100.0,2025-06-20,9254658,miryoku,f10cc10730a97b57db4e35e80b7c8262a8fc5efb0746cfcaca8ca85fb502c576,45,Lathyrus tuberosus
Lathyrus tuberosus,55729,30694103,47965106,https://inaturalist-open-data.s3.amazonaws.com/photos/47965106/large.jpeg,cc-by-nc,"(c) tatyana-omck, some rights reserved (CC BY-NC)",53.9932433333,74.14182,50.0,2019-08-11,1388219,tatyana-omck,ea1826a57cb0413a53fff28e2efede114ebd7fe521e1185e3ec697d73bb5b307,46,Lathyrus tuberosus
Lathyrus tuberosus,55729,227680355,403938693,https://inaturalist-open-data.s3.amazonaws.com/photos/403938693/large.jpeg,cc-by-nc,"(c) Екатерина Солохина, some rights reserved (CC BY-NC)",57.922357641,60.1701353118,743.0,2024-07-06,5354207,ekaterina_1988ru,61b79c1089d2fa29102c1db950f78d62492e58451e326b260d50396d2c2815cb,47,Lathyrus tuberosus
Lathyrus tuberosus,55729,120412771,203613024,https://inaturalist-open-data.s3.amazonaws.com/photos/203613024/large.jpeg,cc-by-nc,"(c) Ольга Мирошникова, some rights reserved (CC BY-NC)",48.2644355973,40.2825270156,122.0,2022-06-05,3937377,olga-2021,be60b3b420e76c24e604f85080e36f811a16d3fea1e2c248e8228d2fb050af45,48,Lathyrus tuberosus
Lathyrus tuberosus,55729,294396715,529876182,https://inaturalist-open-data.s3.amazonaws.com/photos/529876182/large.jpg,cc-by-nc,"(c) Stepan Lomako, some rights reserved (CC BY-NC)",53.2544222222,38.4012861111,10.0,2025-06-10,4478351,stepan_lomako,da0cf1ed1519daf4435ec94463d72b2de0b0657a4f8c988f3ad1610ea5cddcf3,49,Lathyrus tuberosus
Lathyrus tuberosus,55729,229000328,406445359,https://inaturalist-open-data.s3.amazonaws.com/photos/406445359/large.jpg,cc-by-nc,"(c) Piece of Ice, some rights reserved (CC BY-NC)",55.4694777009,49.3755085429,50.0,2024-07-13,6714420,piece_of_ice,ba9b8fb1382affb458610ff538cad267f37a86399026c1720cacc617c56ad2af,50,Lathyrus tuberosus
Lathyrus tuberosus,55729,167918670,290941710,https://inaturalist-open-data.s3.amazonaws.com/photos/290941710/large.jpeg,cc-by-sa,"(c) Howard Williams, some rights reserved (CC BY-SA)",42.2645059094,-83.0743611722,770.0,2023-06-17,1214605,howardw,1b6a63af4c50f23cb3d182037f9abc68391e54e457e751cf76a64f7666b71b49,51,Lathyrus tuberosus
Lathyrus tuberosus,55729,40708020,64529820,https://inaturalist-open-data.s3.amazonaws.com/photos/64529820/large.jpeg,cc-by-nc,"(c) Andrii Churilov, some rights reserved (CC BY-NC)",50.1062819666,30.0054403626,31.0,2014-06-24,1371261,churilovam,7db8647f2523cd2033c354b4d2aa0da72534eb6cfcd7a284f5d02a223255b4e1,52,Lathyrus tuberosus
Lathyrus tuberosus,55729,373659913,682893383,https://inaturalist-open-data.s3.amazonaws.com/photos/682893383/large.jpg,cc-by-nc,"(c) ur6s77, some rights reserved (CC BY-NC)",45.5004966667,13.5170383333,3.0,2026-06-20,9488947,ur6s77,fd0b412fcc39eeb257ac6ccd62e32aa9c817fd28abe84cad41e3b36b583134c1,53,Lathyrus tuberosus
Lathyrus tuberosus,55729,228267626,405046670,https://inaturalist-open-data.s3.amazonaws.com/photos/405046670/large.jpeg,cc-by-nc,"(c) leneoa, some rights reserved (CC BY-NC)",50.4181342497,13.8102250445,300.0,2024-06-26,5645618,leneoa,909e45ca84622bdc917d0e14cdc43c8160c90201e9dada692453b9b4bf6d4672,54,Lathyrus tuberosus
Lathyrus tuberosus,55729,92117183,152451635,https://inaturalist-open-data.s3.amazonaws.com/photos/152451635/large.jpg,cc-by-nc,"(c) Zolotukhina Irina, some rights reserved (CC BY-NC)",51.5698099693,36.0956043886,15.0,2021-08-21,2554644,zibzap,a2fa5a32f1c70b885059c3cceb1b0bf7bd7a8caef426b63b5ad9b1bc290817d1,55,Lathyrus tuberosus
Lathyrus tuberosus,55729,173625411,301538079,https://inaturalist-open-data.s3.amazonaws.com/photos/301538079/large.jpg,cc-by-nc,"(c) tsekhmister_k, some rights reserved (CC BY-NC)",56.053775,69.4687283333,5.0,2023-07-18,6474271,tsekhmister_k,de11a716d66ea6ba7c0db117cbbd8003230c66fcaae78594f56ad503edbed57d,56,Lathyrus tuberosus
Lathyrus tuberosus,55729,288316851,518480976,https://inaturalist-open-data.s3.amazonaws.com/photos/518480976/large.jpg,cc-by-nc,"(c) Frédéric Dupont, some rights reserved (CC BY-NC)",50.6030055556,3.0311833333,4.0,2025-06-03,5261850,fredericdupont,c064aa8735a59d7d563fa7e17cc0f1333ab93e67330e7b1426b112cd88c02c6b,57,Lathyrus tuberosus
Lathyrus tuberosus,55729,220012528,389484007,https://inaturalist-open-data.s3.amazonaws.com/photos/389484007/large.jpeg,cc-by-nc,"(c) tanyazherebtsova, some rights reserved (CC BY-NC)",53.2158533333,34.427645,6.0,2024-06-02,6699424,tanyazherebtsova,cafad580ae4d353a235177d8e535c0b7565a8b036bb8f63e67e8daf1235822a6,58,Lathyrus tuberosus
Lathyrus tuberosus,55729,223492060,396011107,https://inaturalist-open-data.s3.amazonaws.com/photos/396011107/large.jpeg,cc-by,"(c) Alok Mahendroo, some rights reserved (CC BY)",49.51838871,6.27534843,20.0,2024-06-18,5040,alok,650bd02a544482aaecaeb37477328d0fc0cab9f12e5ec21de2fe5327a81d9002,59,Lathyrus tuberosus
Lathyrus tuberosus,55729,231646063,412116630,https://inaturalist-open-data.s3.amazonaws.com/photos/412116630/large.jpeg,cc-by-nc,"(c) gaara181196, some rights reserved (CC BY-NC)",47.3222961426,5.1024017334,90.0,2024-07-25,7773267,gaara181196,5d3fbf0c050f6b9c99d98a364f22b5e9da71bb6bb3b3a36c93a59232a2664303,60,Lathyrus tuberosus
Trifolium repens,55745,333771812,605978569,https://inaturalist-open-data.s3.amazonaws.com/photos/605978569/large.jpg,cc-by-nc,"(c) greyone, some rights reserved (CC BY-NC)",-41.3832166667,146.3248283333,4.0,2026-01-06,2606286,greyone,0be1344ef069499a3229669e45073d4a67585409e5bd4cdf7bb9efe2064d9e28,1,Trifolium repens
Trifolium repens,55745,141147774,241737012,https://inaturalist-open-data.s3.amazonaws.com/photos/241737012/large.jpeg,cc-by-nc,"(c) Pedro Beja, some rights reserved (CC BY-NC)",38.97960225,-9.28829466,3.0,2022-11-05,691165,pbeja65,c261a3fdb7e92898a4c91b6632f0311d35812ab8aeed71aff23536f2cb2924ab,2,Trifolium repens
Trifolium repens,55745,94313829,156439754,https://inaturalist-open-data.s3.amazonaws.com/photos/156439754/large.jpeg,cc-by-nc,"(c) Magdalena Carabio Foti, some rights reserved (CC BY-NC)",-34.86504506,-56.22816873,6.0,2021-09-10,2520526,carabio_mag,9954c4641330e79f3f4a5d3c19b412020dad1528ec5014cfe1083aa75c81c026,3,Trifolium repens
Trifolium repens,55745,274729396,493825374,https://inaturalist-open-data.s3.amazonaws.com/photos/493825374/large.jpg,cc0,no rights reserved,35.2674033333,-120.6462083333,4.0,2025-04-26,856986,kristennelson,5689e1f7053ea5bcbde84f6f5c8f9dea7fa7bf1a74c356d3454352b0c9de7d62,4,Trifolium repens
Trifolium repens,55745,281022314,504783818,https://inaturalist-open-data.s3.amazonaws.com/photos/504783818/large.jpg,cc-by-nc,"(c) coralga, some rights reserved (CC BY-NC)",36.1828716667,120.4818333333,16.0,2025-05-13,331609,coralga,cd5ebf55c15df07ce109167c45b44b3fc6db84fc1e0879bb6cc2271f2f1bff47,5,Trifolium repens
Trifolium repens,55745,62917658,100888631,https://inaturalist-open-data.s3.amazonaws.com/photos/100888631/large.jpeg,cc-by,"(c) Shaun Swanepoel, some rights reserved (CC BY)",-33.97442,22.5164763889,20.0,2020-10-18,389997,shauns,69f020ce5294f122d9f69a4f7b031da6b2245b96c5b04d6d79cd79f64fa98420,6,Trifolium repens
Trifolium repens,55745,365670070,667649248,https://inaturalist-open-data.s3.amazonaws.com/photos/667649248/large.jpg,cc-by-nc,"(c) z_kia_r, some rights reserved (CC BY-NC)",35.7585852836,51.5447961912,4.0,2026-05-27,3065127,z_kia_r,0a554c8381e91ca6bb268c11642d239360ad29d1273c3b1d46fc75aa4d4a1e1f,7,Trifolium repens
Trifolium repens,55745,256665958,460244578,https://inaturalist-open-data.s3.amazonaws.com/photos/460244578/large.jpg,cc-by-nc,"(c) Paul Tavares, some rights reserved (CC BY-NC)",4.7288333333,-75.5784444444,50.0,2020-01-26,3181,paultavares,75e8b7fefc742afbd3e3ba297d3bfccc88a5113848679638c5d017155251fc47,8,Trifolium repens
Trifolium repens,55745,31867406,49921106,https://inaturalist-open-data.s3.amazonaws.com/photos/49921106/large.jpg,cc-by-nc,"(c) kemah1906, some rights reserved (CC BY-NC)",43.7015145573,-70.1435667583,330.0,2019-08-31,2165762,kemah1906,7ee86664b26469998c0e653ad5f2cc1a674ad1c1f01aaed84da7bab3fdc5fb67,9,Trifolium repens
Trifolium repens,55745,291775930,524997332,https://inaturalist-open-data.s3.amazonaws.com/photos/524997332/large.jpg,cc-by-nc,"(c) Marjatta, some rights reserved (CC BY-NC)",61.1203508467,25.361470748,5.0,2025-06-22,9145703,marjatta85,b532969465ab3e70e8511e648d60527253f086cf81a67885f2ef5b52711fcc4d,10,Trifolium repens
Trifolium repens,55745,173891641,302034888,https://inaturalist-open-data.s3.amazonaws.com/photos/302034888/large.jpeg,cc-by-nc,"(c) Cesar Manrique, some rights reserved (CC BY-NC)",19.4384150635,-99.181736881,2.0,2023-07-19,6054646,cesar583,abab0f90ecccab70f8a1183277883c4a6b31ba2080a8825a5a2dc69896265609,11,Trifolium repens
Trifolium repens,55745,200367997,353500049,https://inaturalist-open-data.s3.amazonaws.com/photos/353500049/large.jpeg,cc-by-nc,"(c) Brendan Doogan, some rights reserved (CC BY-NC)",-36.9119530574,174.9065658823,51.0,2024-02-12,1492344,brendandoogan,05d58b06354759ce45aa8b6605b4a76692d86f898bc843240a63e7859d52b5f9,12,Trifolium repens
Trifolium repens,55745,274105182,492834502,https://inaturalist-open-data.s3.amazonaws.com/photos/492834502/large.jpeg,cc-by-nc,"(c) Bruno G Vargas F., some rights reserved (CC BY-NC)",-16.5398425,-68.0706274,163.0,2025-04-26,9213601,bruno_g,2ab91b0d620a25915d5fb07fb6e936fe7eaf1367cf13915bbe5e4d9570ba1934,13,Trifolium repens
Trifolium repens,55745,130961955,222791891,https://inaturalist-open-data.s3.amazonaws.com/photos/222791891/large.jpg,cc-by-nc,"(c) Helga Green, some rights reserved (CC BY-NC)",55.130648363,61.0127438693,1.0,2022-08-14,3693005,helgagreen,6812e9e97bf132dced081eedf287e25493738135a222922a691fb354ebcabb44,14,Trifolium repens
Trifolium repens,55745,298454222,537596461,https://inaturalist-open-data.s3.amazonaws.com/photos/537596461/large.jpg,cc-by-nc,"(c) Maianthemum, some rights reserved (CC BY-NC)",49.87237524,-97.22428064,5.0,2025-07-16,8021854,maianthemum,b6cfbe1231c2fc0146bf0892ece2b6c3f67dbedd5dd468f9fca4ce02ddcc8175,15,Trifolium repens
Trifolium repens,55745,305570342,550963910,https://inaturalist-open-data.s3.amazonaws.com/photos/550963910/large.jpg,cc-by-nc,"(c) Matteo, some rights reserved (CC BY-NC)",42.20347961,13.52092732,3.0,2025-08-11,9630633,pj1860,af264c5ec6f66869aba180025d18416a93ad480f8f519ce5a0123c52d22902c8,16,Trifolium repens
Trifolium repens,55745,344298725,627311247,https://inaturalist-open-data.s3.amazonaws.com/photos/627311247/large.jpg,cc-by,"(c) Laura Davis, some rights reserved (CC BY)",30.1932166667,-82.602905,6.0,2026-03-21,3341238,davisla,0ddebb40d46eef3c2a97b7c6902dbf747c49e4af1d8612a0803dd3b7f89767bc,17,Trifolium repens
Trifolium repens,55745,318283350,575219079,https://inaturalist-open-data.s3.amazonaws.com/photos/575219079/large.jpg,cc0,no rights reserved,-26.5655032148,152.7390018174,6.0,2025-10-01,176845,rich_fuller,1fb640feb99bff8f84e1594b8305c46359397146386d46733d00f30c2068386f,18,Trifolium repens
Trifolium repens,55745,369250336,674478735,https://inaturalist-open-data.s3.amazonaws.com/photos/674478735/large.jpg,cc-by-nc,"(c) fz_urb, some rights reserved (CC BY-NC)",35.7466156471,139.9215482683,20.0,2026-06-07,5259502,fz_urb,6da201c1b230974a0d6a57072509663d4ed0d459ed29cbe25ad1b1942bbb9b3d,19,Trifolium repens
Trifolium repens,55745,362306016,661268585,https://inaturalist-open-data.s3.amazonaws.com/photos/661268585/large.jpg,cc-by-nc,"(c) Mehmet YILDIRIM, some rights reserved (CC BY-NC)",39.7812435,32.82273,158.0,2026-05-17,10541875,hitamashi,acf8a861182619bcf12a55b75ab7d88516bb08f632c18575f796c4b8a0c63fd1,20,Trifolium repens
Trifolium repens,55745,64305795,103363331,https://inaturalist-open-data.s3.amazonaws.com/photos/103363331/large.jpeg,cc-by-nc,"(c) Derreck Ramirez, some rights reserved (CC BY-NC)",33.5724413784,-101.8829637766,252.0,2020-10-02,3561128,dram1997,810c844dcb0e22c6cd4a5f7dd0eff6a9ff017fb1660e84e8685aba554339185d,21,Trifolium repens
Trifolium repens,55745,368573981,673198782,https://inaturalist-open-data.s3.amazonaws.com/photos/673198782/large.jpg,cc-by-nc,"(c) Rachel Mc Kenna, some rights reserved (CC BY-NC)",53.1193744664,-7.786141634,100.0,2026-06-05,6288648,inaturalistrmck,817579eadc9f52ecebcab91a7b839b5dcd193f075e6a252ff38a54f420b94264,22,Trifolium repens
Trifolium repens,55745,123648340,209484930,https://inaturalist-open-data.s3.amazonaws.com/photos/209484930/large.jpg,cc-by-nc,"(c) Gerry Bates, some rights reserved (CC BY-NC)",49.2114121445,-122.9578876053,15.0,2022-06-16,670899,gerrybates,7fd2ba74cd043955e5020ca6334ec109172f28ff7cf365a3549d39553ed4e595,23,Trifolium repens
Trifolium repens,55745,69446076,112679871,https://inaturalist-open-data.s3.amazonaws.com/photos/112679871/large.jpeg,cc-by-nc,"(c) 彭啟賢, some rights reserved (CC BY-NC)",24.9765691,121.5187321,210.0,2021-02-12,1870902,rickyp,67b2ee63dd3b210191575a145934cb9aa864f691233c1b1c2d80be730c38cf9b,24,Trifolium repens
Trifolium repens,55745,364320178,665077284,https://inaturalist-open-data.s3.amazonaws.com/photos/665077284/large.jpg,cc-by-nc,"(c) nicandra711ph, some rights reserved (CC BY-NC)",52.674675687,9.6715759858,419.0,2026-05-23,9591762,nicandra711ph,5f95ad0b00e295f52e5ac67c95a6221cb534ed2342a242481c317792dc1684cb,25,Trifolium repens
Trifolium repens,55745,282737259,507990397,https://inaturalist-open-data.s3.amazonaws.com/photos/507990397/large.jpg,cc-by-nc,"(c) Bethany Kilcrease, some rights reserved (CC BY-NC)",42.99147,-85.7368916667,4.0,2025-05-20,9167971,bethanykilcrease,bf1b484ae0301c0efd29a6e07c4421db6e7b658e2342447a5c17e277d24cc349,26,Trifolium repens
Trifolium repens,55745,66870892,107900445,https://inaturalist-open-data.s3.amazonaws.com/photos/107900445/large.jpeg,cc-by-nc,"(c) Alexander Baransky, some rights reserved (CC BY-NC)",50.805979041,25.2860462659,4.0,2017-06-26,2826522,alexander_baransky,2d6a3efc998783a435186ea2f5f0185dfc16f54534cb266c936186aacf4f45f0,27,Trifolium repens
Trifolium repens,55745,121453148,205519466,https://inaturalist-open-data.s3.amazonaws.com/photos/205519466/large.jpeg,cc-by,"(c) Vladimir Romanov, some rights reserved (CC BY)",55.8049926758,38.9423332214,35.0,2022-06-12,5692979,varxan,650b867a21e62ad22c1a0418a7e8e3373d2ca144aa73578bccf3cc71e04b1abd,28,Trifolium repens
Trifolium repens,55745,272937956,491023870,https://inaturalist-open-data.s3.amazonaws.com/photos/491023870/large.jpeg,cc-by-nc,"(c) tnaturalist, some rights reserved (CC BY-NC)",41.41368199,2.17120158,7.0,2025-04-25,3328728,tnaturalist,880de41e519c929e3c2a38ebbf07b5a3d83aebbeadf1af6fa9d59231060a6456,29,Trifolium repens
Trifolium repens,55745,3099778,3579465,https://inaturalist-open-data.s3.amazonaws.com/photos/3579465/large.jpg,cc-by-nc,"(c) kara_oliver, some rights reserved (CC BY-NC)",35.8466810268,-90.6755857543,10.0,2016-05-04,210539,kara_oliver,2b9cb31cd5e715a3b613740e068c3c0668780f0381d5adf3fc1df577c3e0bde3,30,Trifolium repens
Trifolium repens,55745,158635005,274130643,https://inaturalist-open-data.s3.amazonaws.com/photos/274130643/large.jpg,cc-by-nc,"(c) Marv Elliott, some rights reserved (CC BY-NC)",37.237516994,-76.0076565739,4.0,2023-05-01,18303,marvelliott,c3c94e611b4049e710fe1bab4e5762e07489001314a4bbe4a1170f19b9260e38,31,Trifolium repens
Trifolium repens,55745,156248183,270160307,https://inaturalist-open-data.s3.amazonaws.com/photos/270160307/large.jpeg,cc-by-nc,"(c) Chaym Turak, some rights reserved (CC BY-NC)",32.230686358,35.1634166301,122.0,2023-04-21,5521474,chaym_turak,401ce803d2541e0ecf8f966e2ac861a128ab4dba0c8c3c8e7fb8c5a406981bec,32,Trifolium repens
Trifolium repens,55745,148113136,254984533,https://inaturalist-open-data.s3.amazonaws.com/photos/254984533/large.jpg,cc-by,"(c) Wendy McCrady, some rights reserved (CC BY)",44.4007028814,-114.3440115363,34.0,2018-06-21,421102,wendybirds,5707b1da335166a99c7a45b4df9d6b3e6ffe7214300469080c626d27125661ca,33,Trifolium repens
Trifolium repens,55745,218039558,385796885,https://inaturalist-open-data.s3.amazonaws.com/photos/385796885/large.jpg,cc-by-nc,"(c) Sequoia Janirella Wrens, some rights reserved (CC BY-NC)",40.5715633333,-105.0815111667,45.0,2024-05-24,420537,astrobirder,3eedf7bdc65f9972fb96ae7488b7f7022503cefb34486c603926b598952fad80,34,Trifolium repens
Trifolium repens,55745,136002040,232051405,https://inaturalist-open-data.s3.amazonaws.com/photos/232051405/large.jpg,cc-by-sa,"(c) James K. Douch, some rights reserved (CC BY-SA)",-33.7305133333,150.9329216667,5.0,2022-09-22,2366151,douch,f754f160df2074e8705272b0d8ad2beb277884a5a9cacb658d6d561a5427e5ed,35,Trifolium repens
Trifolium repens,55745,149798098,258180917,https://inaturalist-open-data.s3.amazonaws.com/photos/258180917/large.jpeg,cc-by-nc,"(c) Élise, some rights reserved (CC BY-NC)",-43.6427947822,172.4665070325,12.0,2023-02-27,6524593,elise12_,54b96ed9358f690f32a546808fc2fa96070574ab15d3b32a44faab4cfa32ac22,36,Trifolium repens
Trifolium repens,55745,184264049,321617249,https://inaturalist-open-data.s3.amazonaws.com/photos/321617249/large.jpg,cc0,no rights reserved,41.2407003922,-95.9906964004,15.0,2023-07-19,4877377,regnierda,bbd54f0be96d3bd1376542506c45a77eab547571339e37b167390a4eb22b8033,37,Trifolium repens
Trifolium repens,55745,273252669,491495195,https://inaturalist-open-data.s3.amazonaws.com/photos/491495195/large.jpeg,cc-by-nc,"(c) Isaac Block, some rights reserved (CC BY-NC)",29.7985916138,-95.5370483398,18.0,2025-04-25,9191287,isaac88428,fe51d0ae552ed8c6cf99479bc399bbdfeadbc0cc3e382c6a6b058a39abd7c3ec,38,Trifolium repens
Trifolium repens,55745,213431935,377193679,https://inaturalist-open-data.s3.amazonaws.com/photos/377193679/large.jpeg,cc-by-nc,"(c) Andreas Ranner, some rights reserved (CC BY-NC)",48.1626258958,16.5003450215,3.0,2024-05-04,4797721,aranner,a0cd08592a2272f701bd7b43e2084fa30396cd0da40918c2d95213b7464079e3,39,Trifolium repens
Trifolium repens,55745,260037269,466907698,https://inaturalist-open-data.s3.amazonaws.com/photos/466907698/large.jpg,cc-by-nc,"(c) snsergeevna, some rights reserved (CC BY-NC)",58.0599969908,52.6087983833,2.0,2011-06-22,8827422,snsergeevna,32dc2124773119685c5bc740705efc8d8c6c5c32fece08becde477286382fb7d,40,Trifolium repens
Trifolium repens,55745,231545218,411260828,https://inaturalist-open-data.s3.amazonaws.com/photos/411260828/large.jpeg,cc-by,"(c) Sandy Wolkenberg, some rights reserved (CC BY)",43.1935848446,-77.512818654,16.0,2024-07-24,572980,sadawolk,0f4264c6f9e125af6205ee9e803084ff16673c5b90c31e4f03cedd9ec23f4cfa,41,Trifolium repens
Trifolium repens,55745,287510773,516972860,https://inaturalist-open-data.s3.amazonaws.com/photos/516972860/large.jpg,cc-by-nc,"(c) Grigory Heaton, some rights reserved (CC BY-NC)",45.9000866667,6.1301583333,7.0,2025-06-07,2177281,g_heaton,e8d5867dfc370ec14c88205a4d30a2169750ea580b147b53981960ca0c0d057d,42,Trifolium repens
Trifolium repens,55745,239027499,425634109,https://inaturalist-open-data.s3.amazonaws.com/photos/425634109/large.jpeg,cc-by-nc-sa,"(c) Gustavo Fernando Durán, some rights reserved (CC BY-NC-SA)",-31.5508824994,-61.0886170466,280.0,2022-08-07,144,trekman,d4fec322169fdbd95ac8ae217c9fc29a12a2016c5e78e0ab352516ab18c0059b,43,Trifolium repens
Trifolium repens,55745,235602551,419027427,https://inaturalist-open-data.s3.amazonaws.com/photos/419027427/large.jpeg,cc-by-nc,"(c) Rusch, some rights reserved (CC BY-NC)",51.2508534776,-0.1813450823,122.0,2024-08-12,5954623,rushin-bushin,b04cf3bbcf10fb7a4dc803ddfbaaef60fa76268611bb3b7933c6ff6d27878e73,44,Trifolium repens
Trifolium repens,55745,292258042,525919710,https://inaturalist-open-data.s3.amazonaws.com/photos/525919710/large.jpg,cc-by-nc,"(c) Garrett heggelund, some rights reserved (CC BY-NC)",52.8526988012,-118.0859719112,5.0,2025-06-23,9467026,garrett73053,1308cd348e3c4b6166316d09f00a9e0f933d9d00312521894a83f4e8b6bfbfd2,45,Trifolium repens
Trifolium repens,55745,279132040,501229937,https://inaturalist-open-data.s3.amazonaws.com/photos/501229937/large.jpg,cc-by-nc,"(c) campbellfmh, some rights reserved (CC BY-NC)",36.7047429231,126.3426406977,268.0,2025-05-06,8604725,campbellfmh,fd708026f34b9077f70c01beba64c6f10e22febe4748bc689130ccec55afe310,46,Trifolium repens
Trifolium repens,55745,286131315,514355351,https://inaturalist-open-data.s3.amazonaws.com/photos/514355351/large.jpg,cc-by-nc,"(c) Abrão Leite, some rights reserved (CC BY-NC)",38.2411302673,-85.6240524352,55.0,2025-06-01,1586803,dracoabe,858e44576f7fbe9edd9fea3068a60765f1d673e7f437750aa0ea8f7ee823db01,47,Trifolium repens
Trifolium repens,55745,368713028,673457028,https://inaturalist-open-data.s3.amazonaws.com/photos/673457028/large.jpg,cc-by-nc,"(c) roisinkruse, some rights reserved (CC BY-NC)",44.542583005,-123.2834595227,4.0,2026-06-01,10357180,roisinkruse,bf9db4ca575b32f262de04b8cf6635f2c9e23b0b3f5b7c4afb2ffdad9640df95,48,Trifolium repens
Trifolium repens,55745,158081561,273245986,https://inaturalist-open-data.s3.amazonaws.com/photos/273245986/large.jpeg,cc0,no rights reserved,29.9564316667,-90.1631083333,6.0,2023-04-30,6659674,sformel,d8f65e8c38fca4be1d200687756613a95e03f94eed7599c86a4796f2dbff8282,49,Trifolium repens
Trifolium repens,55745,167995454,291087449,https://inaturalist-open-data.s3.amazonaws.com/photos/291087449/large.jpeg,cc-by-nc,"(c) Jace, some rights reserved (CC BY-NC)",46.4508104684,-92.7686757222,2337.0,2023-06-17,6090816,sp4rrows,1e921cc5299a86912f0ec2ed880a9e70f3fc214596293056ffcdad482c75fba6,50,Trifolium repens
Trifolium repens,55745,164178810,284041584,https://inaturalist-open-data.s3.amazonaws.com/photos/284041584/large.jpeg,cc-by-nc,"(c) Daniel Gaona Carrilero, some rights reserved (CC BY-NC)",40.39549473,-3.70522525,4.0,2023-05-28,5891931,blai_y_dani,74e3ca7604e219c79618e573a62b52948564ec28ca599ebe9aff5ef45445980f,51,Trifolium repens
Trifolium repens,55745,290488002,522578221,https://inaturalist-open-data.s3.amazonaws.com/photos/522578221/large.jpg,cc-by,"(c) Marcello Manara, some rights reserved (CC BY)",57.1226166667,8.6097283333,2000.0,2025-06-17,6428212,marcellomanara,6ba531d9d144e74c56f061b19f7310068b44b5abf2406201ef843ec58792f7b5,52,Trifolium repens
Trifolium repens,55745,102196207,170780884,https://inaturalist-open-data.s3.amazonaws.com/photos/170780884/large.jpg,cc-by-nc,"(c) Stephen Clifford, some rights reserved (CC BY-NC)",39.4623962839,-121.6045364155,26.0,2021-11-29,492778,suburbanpoison,ed81c14fbbb67a08cdc357b9f5017f6c640a083a7bce525797aa7a2bb3a91635,53,Trifolium repens
Trifolium repens,55745,268664188,482954053,https://inaturalist-open-data.s3.amazonaws.com/photos/482954053/large.jpg,cc-by,"(c) Jay Pruett, some rights reserved (CC BY)",35.9893501168,-95.8516910877,130.0,2025-04-02,2033687,greenjay6,879eb6cd4d1a321187168c3846347f66471a40b25bb4550031fc5ed38703bf5c,54,Trifolium repens
Trifolium repens,55745,301462741,543236487,https://inaturalist-open-data.s3.amazonaws.com/photos/543236487/large.jpg,cc-by-nc,"(c) leosmyle, some rights reserved (CC BY-NC)",54.9185515,23.92672603,3.0,2025-07-27,9580138,leosmyle,f141e1c9639646000021c1afb9cd8c37c4a385b9bef07035c72203df7c5739b3,55,Trifolium repens
Trifolium repens,55745,226271436,401267862,https://inaturalist-open-data.s3.amazonaws.com/photos/401267862/large.jpeg,cc-by-nc,"(c) alexfamilyteam, some rights reserved (CC BY-NC)",58.530765,31.6671583333,15.0,2024-06-29,4212520,alexfamilyteam,1c7cca1d8a8a72d6629bf12aec8e1fb08123013d46019c61d5157f81c36b4d75,56,Trifolium repens
Trifolium repens,55745,377779076,690869474,https://inaturalist-open-data.s3.amazonaws.com/photos/690869474/large.jpg,cc-by-nc,"(c) Derek Hudgins, some rights reserved (CC BY-NC)",36.4422810936,-81.031306118,4.0,2026-07-03,252899,tdhudgins,1ece40d45a21e6fac15c8b6409e1f91371b7dab2c629178c2d9a03e5c7070ecd,57,Trifolium repens
Trifolium repens,55745,74254737,121338953,https://inaturalist-open-data.s3.amazonaws.com/photos/121338953/large.jpg,cc-by-nc,"(c) dhosa, some rights reserved (CC BY-NC)",32.7496719919,-116.9582400006,5.0,2021-04-17,398680,dhosa,401cc57a00b178e1b3144063bcab0fc113d3fdc16028d690c40b47d0e84ef65c,58,Trifolium repens
Trifolium repens,55745,95374086,158328247,https://inaturalist-open-data.s3.amazonaws.com/photos/158328247/large.jpg,cc-by-sa,"(c) James K. Douch, some rights reserved (CC BY-SA)",-37.8180883333,144.973525,5.0,2021-09-19,2366151,douch,0bb28bad51ea204a9a9bf4dae84d83f4fe891b45b918878552f6f8de99129464,59,Trifolium repens
Trifolium repens,55745,217556131,384880401,https://inaturalist-open-data.s3.amazonaws.com/photos/384880401/large.jpeg,cc-by-nc,"(c) Michael Müller, some rights reserved (CC BY-NC)",48.2918291738,10.0934560841,61.0,2024-05-22,4462642,michael_mueller,e0fa0970bfe8dd05183dc3bdd7aa0c3854040a5129d19ba37196ccb24686811f,60,Trifolium repens
Lamium purpureum,55851,60772849,107598176,https://inaturalist-open-data.s3.amazonaws.com/photos/107598176/large.jpg,cc-by-nc,"(c) heather_sherwood, some rights reserved (CC BY-NC)",-37.8712379276,175.4576829221,7.0,2020-09-26,2515058,heather_sherwood,0e9ff458a0c11642b1d78191df7febe935e38547460e605681528f1a3764547a,1,Lamium purpureum
Lamium purpureum,55851,265942157,477775501,https://inaturalist-open-data.s3.amazonaws.com/photos/477775501/large.jpeg,cc-by-nc,"(c) Daniel Gaona Carrilero, some rights reserved (CC BY-NC)",40.4169333866,-3.73546849,2.0,2025-03-19,5891931,blai_y_dani,4f033ae0a78ae3aaf0e409b7cc48311f868eabaafb0bbf354851ca72f4e48211,2,Lamium purpureum
Lamium purpureum,55851,272385759,490047426,https://inaturalist-open-data.s3.amazonaws.com/photos/490047426/large.jpg,cc-by-nc,"(c) Looby Loo Loo, some rights reserved (CC BY-NC)",39.9292397129,139.7671899945,30.0,2025-04-23,6865635,loobylooloo,e87e72bf742045b4f9d9e395943281aa10a59258f26cb663bb8ee752eca6a44e,3,Lamium purpureum
Lamium purpureum,55851,24523441,37919991,https://inaturalist-open-data.s3.amazonaws.com/photos/37919991/large.jpg,cc-by-nc-sa,"(c) luken, some rights reserved (CC BY-NC-SA)",40.5501767977,-111.9159482174,5.0,2019-05-04,483574,luken,c01ece8cb6fb6169ee95ae8d3b8b2dfab568d92d9c2a420ba518cef24fab9ef6,4,Lamium purpureum
Lamium purpureum,55851,341891623,622493765,https://inaturalist-open-data.s3.amazonaws.com/photos/622493765/large.jpg,cc-by,"(c) María Regina Silva, some rights reserved (CC BY)",-54.87829316,-67.32835364,5.0,2026-02-28,1570706,marreginas,d543ba0e19289aa5d1385debf407989f54e6a9df5feb3b5a2dcfe04593145001,5,Lamium purpureum
Lamium purpureum,55851,322387506,583201219,https://inaturalist-open-data.s3.amazonaws.com/photos/583201219/large.jpg,cc-by,"(c) Евгений Маринкин, some rights reserved (CC BY)",55.3400653768,59.4477842376,3.0,2025-10-22,3835890,evgeniy_marinkin,58bd9d34355c99a06841f21ed10cacae586679b9f7ceac9749fb2f7920e62768,6,Lamium purpureum
Lamium purpureum,55851,11769519,16831707,https://inaturalist-open-data.s3.amazonaws.com/photos/16831707/large.jpeg,cc-by-nc,"(c) dcz3432, some rights reserved (CC BY-NC)",41.80521757,-71.45341793,6.0,2018-04-29,297539,dcz3432,d91971f6e8019376f3ae4de68fc8b842b3340ded0f66549b3f6411ed9f2f3679,7,Lamium purpureum
Lamium purpureum,55851,351921231,642279816,https://inaturalist-open-data.s3.amazonaws.com/photos/642279816/large.jpg,cc-by-nc,"(c) memozan, some rights reserved (CC BY-NC)",41.0682689062,29.0349466538,62.0,2026-04-22,10415626,memozan,9b461ec56e1761b9f46d4ea1a2dac40bebb70c382b4c03b80879ef89a7c6d34e,8,Lamium purpureum
Lamium purpureum,55851,76940247,125830744,https://inaturalist-open-data.s3.amazonaws.com/photos/125830744/large.jpg,cc-by-nc,"(c) JODY HSIEH, some rights reserved (CC BY-NC)",24.0470611667,121.236075,24.0,2021-04-11,1415857,jodyhsieh,332ad20c2d9e034bda8e4c6a880af65ed62a169d7e70a033dc892019a7aa9ee9,9,Lamium purpureum
Lamium purpureum,55851,46940015,74446017,https://inaturalist-open-data.s3.amazonaws.com/photos/74446017/large.jpeg,cc0,no rights reserved,60.3928393252,22.3077811673,6.0,2020-05-23,2929242,channara,df6fb1420e66042d20559dc9d06817efdd0e287acadcdde0588fdd8f324dfa4f,10,Lamium purpureum
Lamium purpureum,55851,38490418,61180750,https://inaturalist-open-data.s3.amazonaws.com/photos/61180750/large.jpg,cc-by-nc,"(c) baileyhill, some rights reserved (CC BY-NC)",31.827025,-89.13385,7.0,2020-02-09,2555342,baileyhill,913dfbb02991efa563f01dcd484fdd320cae504e3cbac2c66ea77cba0dc5436d,11,Lamium purpureum
Lamium purpureum,55851,359184629,655315012,https://inaturalist-open-data.s3.amazonaws.com/photos/655315012/large.jpg,cc-by,"(c) Robyn, some rights reserved (CC BY)",55.8875600466,-3.6090443283,8.0,2026-05-07,5066577,nature_chick,46ce212a0e5659e3a941dc12dae9e08ccdf664051a60722b67aec65074d81dbb,12,Lamium purpureum
Lamium purpureum,55851,76093139,124498715,https://inaturalist-open-data.s3.amazonaws.com/photos/124498715/large.jpeg,cc-by-nc,"(c) Peter H, some rights reserved (CC BY-NC)",48.8558172,15.8622063,3200.0,2021-05-01,4266606,piet_314159,365033e0680fc37929084f966ba88749b4e41e949fd7665154251073b48099c5,13,Lamium purpureum
Lamium purpureum,55851,102782234,171888088,https://inaturalist-open-data.s3.amazonaws.com/photos/171888088/large.jpeg,cc-by-nc,"(c) francesedana, some rights reserved (CC BY-NC)",49.2666333333,-123.2436138889,4.0,2021-11-06,5022085,francesedana,225348c1755187eb33d392d7c6ed35197101a26099ae04105088f51fa851a43b,14,Lamium purpureum
Lamium purpureum,55851,350092439,638711304,https://inaturalist-open-data.s3.amazonaws.com/photos/638711304/large.jpg,cc-by-nc,"(c) Антон Хохлов, some rights reserved (CC BY-NC)",44.1850138926,42.6590116427,25.0,2026-04-03,9155445,anton_hohlov,85e32b973cb130fcc509cd22ce82b2d00470c6882a1f1303136507c193bc75e7,15,Lamium purpureum
Lamium purpureum,55851,24599758,38037166,https://inaturalist-open-data.s3.amazonaws.com/photos/38037166/large.jpg,cc-by-nc,"(c) Robb Telfer, some rights reserved (CC BY-NC)",41.9670367102,-87.7027217579,10.0,2019-05-05,68132,jackassgardener,842053da02ecca2ef4a0c9d3c9dc11bee950799938294abf581185932894f0c4,16,Lamium purpureum
Lamium purpureum,55851,357433080,651934234,https://inaturalist-open-data.s3.amazonaws.com/photos/651934234/large.jpg,cc-by-nc,"(c) victoriatigris, some rights reserved (CC BY-NC)",55.9079227131,38.7862544507,9.0,2026-05-02,8946054,victoriatigris,030671694a3569d88848118434af34ed8746d89c9b429cf26324b376344e70f5,17,Lamium purpureum
Lamium purpureum,55851,339769250,618156483,https://inaturalist-open-data.s3.amazonaws.com/photos/618156483/large.jpg,cc-by-nc,"(c) Alicia Di Rado, some rights reserved (CC BY-NC)",38.5650666667,-122.8033616667,14.0,2026-02-22,4235249,adirado,2532748749a1b904e54ced6cdffbbbee0db3aa742775a67e221b51705d5e6f96,18,Lamium purpureum
Lamium purpureum,55851,281009060,504489984,https://inaturalist-open-data.s3.amazonaws.com/photos/504489984/large.jpg,cc-by-nc,"(c) ice_cube79, some rights reserved (CC BY-NC)",36.0367867835,-79.0472104773,15.0,2025-04-17,7219762,ice_cube79,2207056c62fb2d7aeeeb8c6cfd6443246f257c53e5c5818e14820cd9f0abf161,19,Lamium purpureum
Lamium purpureum,55851,341091047,620855932,https://inaturalist-open-data.s3.amazonaws.com/photos/620855932/large.jpg,cc-by-nc,"(c) martinedesmolles, some rights reserved (CC BY-NC)",45.5551014449,4.9167532792,31.0,2026-02-28,1273097,martinedesmolles,0c637ba57d60ca23dc047ab7e3cd78f7e6c28873975e01e296eacfca1ac980d8,20,Lamium purpureum
Lamium purpureum,55851,343118440,624954615,https://inaturalist-open-data.s3.amazonaws.com/photos/624954615/large.jpg,cc-by-nc,"(c) Morten Christensen, some rights reserved (CC BY-NC)",55.7418783333,10.8743166667,67.0,2026-03-15,2213529,mortenchristensen,0e1538273badf3a84b2330526ab177f1bbc4b2c55ad3f2c67993a6c82b894852,21,Lamium purpureum
Lamium purpureum,55851,34977811,55118464,https://inaturalist-open-data.s3.amazonaws.com/photos/55118464/large.jpeg,cc-by-nc,"(c) Станислав, some rights reserved (CC BY-NC)",53.5983774259,25.8314524196,4.0,2019-10-27,1183872,leschij,1636f31e6b83c47b0d686e3ee138776fd12119bd2079a1c5fdb278953d28aa88,22,Lamium purpureum
Lamium purpureum,55851,342588740,623904577,https://inaturalist-open-data.s3.amazonaws.com/photos/623904577/large.jpg,cc-by-nc,"(c) noahlane, some rights reserved (CC BY-NC)",33.997325,-96.45181,13.0,2026-03-10,10183436,noahlane,120cf6298ab70d2773940611dd49e8cfe022bf7d46d88061dcb461f2b2696c44,23,Lamium purpureum
Lamium purpureum,55851,157150076,273106446,https://inaturalist-open-data.s3.amazonaws.com/photos/273106446/large.jpg,cc-by-nc,"(c) Natasha Khan, some rights reserved (CC BY-NC)",43.904008777,-79.4636512367,8.0,2023-04-28,2016591,bio-lover,6c942b6b138ec405eaaff1a4d993f8469c0eeba2a950beaaefd4a4aeeceb6298,24,Lamium purpureum
Lamium purpureum,55851,388137603,710833122,https://inaturalist-open-data.s3.amazonaws.com/photos/710833122/large.jpg,cc-by-nc,"(c) arddison, some rights reserved (CC BY-NC)",42.66592,21.1570778333,18.0,2026-07-13,7944025,arddison,32a104e67de0c88290ffd255914df8d2eb952da27970fe5523cd7edc6ca3745a,25,Lamium purpureum
Lamium purpureum,55851,34691464,54629263,https://inaturalist-open-data.s3.amazonaws.com/photos/54629263/large.jpeg,cc-by-nc,"(c) anton_clijsters, some rights reserved (CC BY-NC)",50.923827,4.7680802,82.0,2019-10-21,1922768,anton_clijsters,047d14e31c5b1c610dd1285f28849507b13b668e30c9b9526e29a7e915c36710,26,Lamium purpureum
Lamium purpureum,55851,208389690,368699924,https://inaturalist-open-data.s3.amazonaws.com/photos/368699924/large.jpeg,cc-by,"(c) florawhite, some rights reserved (CC BY)",38.7591648643,-93.7365659326,4.0,2024-04-20,3299255,florawhite,162665784158db76f9f27825504a46d0db7e72cad618dea1ffaa2d63e7478bb7,27,Lamium purpureum
Lamium purpureum,55851,71555271,116517347,https://inaturalist-open-data.s3.amazonaws.com/photos/116517347/large.jpeg,cc-by-nc,"(c) Ed Dolphin, some rights reserved (CC BY-NC)",50.6870699594,-3.2337689606,4.0,2021-03-19,3918693,ed-in-sidmouth,7c6cb27f235700cc05a867b28fb2088912a4e3e268f75577163a38a7fd2da17c,28,Lamium purpureum
Lamium purpureum,55851,345754159,630153470,https://inaturalist-open-data.s3.amazonaws.com/photos/630153470/large.jpg,cc-by-nc,"(c) Delilah Talbott, some rights reserved (CC BY-NC)",36.6662216667,-85.0739221667,2581.0,2026-03-28,7312103,ddeltal,ad8d841a75f2f0260b1e442ce1360635b2a5804e323893568bdd58b3a39e4fb2,29,Lamium purpureum
Lamium purpureum,55851,340456143,619562566,https://inaturalist-open-data.s3.amazonaws.com/photos/619562566/large.jpg,cc-by-nc,"(c) Andrea Sanzo, some rights reserved (CC BY-NC)",44.484213,11.353031,143.0,2026-02-27,9810159,sancio,c6835aad92c31ff9e86a739dd460947b4a23f31d9748daa3844b5c3bc85a9167,30,Lamium purpureum
Lamium purpureum,55851,284033813,510412342,https://inaturalist-open-data.s3.amazonaws.com/photos/510412342/large.jpg,cc-by-nc,"(c) mishamarhytich, some rights reserved (CC BY-NC)",48.2585633071,22.8362438467,44.0,2025-05-25,9009797,mishamarhytich,3e3732443e2dbd5b756cacc39b1238ba12bbf98deeea2dee3b5e192216773394,31,Lamium purpureum
Lamium purpureum,55851,363386840,663320458,https://inaturalist-open-data.s3.amazonaws.com/photos/663320458/large.jpg,cc-by-nc,"(c) Liliana Nieznańska, some rights reserved (CC BY-NC)",54.4074447167,18.6276356833,18.0,2026-05-20,10562908,kiwigiwichan,7d8817f74c274fec30995e5c8f33a72a8c2d31bab8fc7c2ea30e973801cd048b,32,Lamium purpureum
Lamium purpureum,55851,271881839,489097060,https://inaturalist-open-data.s3.amazonaws.com/photos/489097060/large.jpeg,cc-by-nc,"(c) Kevin Barry, some rights reserved (CC BY-NC)",39.9609850056,-80.4689315334,130.0,2025-04-18,408618,kjbarry,d7c193031f4467c1c6fbb17c50dd77b32e36d4c0753fcbd4ad8ed3c7b59ab388,33,Lamium purpureum
Lamium purpureum,55851,110870610,187098735,https://inaturalist-open-data.s3.amazonaws.com/photos/187098735/large.jpg,cc-by-nc,"(c) Michael Stein, some rights reserved (CC BY-NC)",45.48978,-122.49765,3.0,2022-04-09,4155577,steinm,214ef91eb72748260fcba2923ab4390963facb7f249bd6fe93e1917a22c26829,34,Lamium purpureum
Lamium purpureum,55851,22716745,35199989,https://inaturalist-open-data.s3.amazonaws.com/photos/35199989/large.jpeg,cc-by-nc,"(c) Sara Rall, some rights reserved (CC BY-NC)",39.6017486768,-75.5505889004,113.0,2019-04-13,35078,srall,779756f43252dda8418e832d32995ae12b4ff3f18cf7e6b631cdf2c7ca713ea0,35,Lamium purpureum
Lamium purpureum,55851,348338719,635274870,https://inaturalist-open-data.s3.amazonaws.com/photos/635274870/large.jpg,cc-by-nc,"(c) collybita11, some rights reserved (CC BY-NC)",41.1719795055,-8.6174564436,487.0,2026-04-08,6923140,collybita11,daea305f3d1cbbf162cba56989534453485c9e446abfe2e26b966f5a4db00b16,36,Lamium purpureum
Lamium purpureum,55851,346118612,630872466,https://inaturalist-open-data.s3.amazonaws.com/photos/630872466/large.jpg,cc-by-nc,"(c) silvije, some rights reserved (CC BY-NC)",45.2618793924,17.3759931723,3.0,2026-03-30,9378433,silvije,aaa65fe5b8b9eae703ca7276497c5a0c85d2d84073b7b116e40a5a5bb644e6c8,37,Lamium purpureum
Lamium purpureum,55851,359302409,655529340,https://inaturalist-open-data.s3.amazonaws.com/photos/655529340/large.jpg,cc-by-nc,"(c) bibimoncada, some rights reserved (CC BY-NC)",52.4415501218,13.3368793287,977.0,2026-04-26,6765738,bibimoncada,fc4fcc0dfe038141de2fcf647a18414f59eb685a4e9ecc9476d2cec8047a208f,38,Lamium purpureum
Lamium purpureum,55851,345663327,629980425,https://inaturalist-open-data.s3.amazonaws.com/photos/629980425/large.jpg,cc-by-nc,"(c) tilman78, some rights reserved (CC BY-NC)",44.2394040007,28.2738212626,6.0,2026-03-28,3472470,tilman78,deb08ca40df75c4638f188e201b66b0c4064b9f8411bc3361c18b8130bf33ce2,39,Lamium purpureum
Lamium purpureum,55851,357257484,651570903,https://inaturalist-open-data.s3.amazonaws.com/photos/651570903/large.jpg,cc-by-nc,"(c) paulila, some rights reserved (CC BY-NC)",49.4517408289,11.0913626902,18.0,2026-04-26,6983894,paulila,3b51d310edbe7a27ca0e80b5a2d4f759eba0fe60f8430d6f9f970075cfaa3168,40,Lamium purpureum
Lamium purpureum,55851,22627892,35058789,https://inaturalist-open-data.s3.amazonaws.com/photos/35058789/large.jpg,cc-by-nc,"(c) Josh Poland, some rights reserved (CC BY-NC)",35.2970366667,-93.1530083333,8.0,2019-04-17,1508936,josh_poland,598a3cb4a4646e6b6968388ec1df9944ac758838f134d5d6967f3c144f34f4f5,41,Lamium purpureum
Lamium purpureum,55851,347261356,633141410,https://inaturalist-open-data.s3.amazonaws.com/photos/633141410/large.jpg,cc-by-sa,"(c) Romain Boisseau, some rights reserved (CC BY-SA)",48.1913033333,-0.7216133333,6.0,2026-04-04,8416319,romainpboisseau,269b027a75aa9a7c08438eee5673511a48bb5e23cde1f3aea2f40715bb0616a7,42,Lamium purpureum
Lamium purpureum,55851,21557676,33365430,https://inaturalist-open-data.s3.amazonaws.com/photos/33365430/large.jpg,cc-by-nc,"(c) annasams, some rights reserved (CC BY-NC)",33.7641904014,-84.2951593574,32.0,2019-03-24,1459569,annasams,8307939f8dd3811ad08ba75e4ba6f4dadd826c063bbe77200fcf43aa66968e49,43,Lamium purpureum
Lamium purpureum,55851,352760909,643759833,https://inaturalist-open-data.s3.amazonaws.com/photos/643759833/large.jpg,cc-by-nc,"(c) Дмитро Щепний, some rights reserved (CC BY-NC)",50.7386866667,25.3143166667,7.0,2026-04-24,10430099,dimaschepny,bbd80f4d812cc396a7ea27154b842330b63b9238a71eccf2f0180cfe88154512,44,Lamium purpureum
Lamium purpureum,55851,267063629,479890761,https://inaturalist-open-data.s3.amazonaws.com/photos/479890761/large.jpeg,cc-by-nc,"(c) probablydead, some rights reserved (CC BY-NC)",39.40341682,-84.55009419,6.0,2025-03-26,8358486,probablydead,cf1532589878dc9d5a08d421bf8ef228d309b8950c646a6a7494865765deae7d,45,Lamium purpureum
Lamium purpureum,55851,37940181,60223328,https://inaturalist-open-data.s3.amazonaws.com/photos/60223328/large.jpg,cc-by-nc,"(c) FreckLes, some rights reserved (CC BY-NC)",50.2059751063,-119.2509292314,2616.0,2017-05-03,825722,lesfreck,459c95a0cda56361f185d612c3edf9ab741ba383b9ff9a1374b6991270de4f61,46,Lamium purpureum
Lamium purpureum,55851,250567880,448160174,https://inaturalist-open-data.s3.amazonaws.com/photos/448160174/large.jpeg,cc-by-nc,"(c) Michal Svit, some rights reserved (CC BY-NC)",51.7388550389,19.4340912625,177.0,2024-11-05,7074899,msvit,6ab15181802d44ac7cf42758ff7ac399c7928d2a633f63a571ee0ea8535e3e23,47,Lamium purpureum
Lamium purpureum,55851,333002969,604471456,https://inaturalist-open-data.s3.amazonaws.com/photos/604471456/large.jpg,cc-by,"(c) Karen Fry, some rights reserved (CC BY)",52.9680816667,-1.1358833333,1.0,2026-01-01,2559497,melica,9b0f4066357e532c24bbf4f7a87588e7f30686755f099c06dda452dc295fd235,48,Lamium purpureum
Lamium purpureum,55851,21139123,32676295,https://inaturalist-open-data.s3.amazonaws.com/photos/32676295/large.jpeg,cc-by-nc,"(c) eml10, some rights reserved (CC BY-NC)",40.8509833333,-124.0889972222,270.0,2019-03-10,1455761,eml10,a11542065c22be6a0b16415550eed7975d8aa5dfa414b93ed3cf81c3dd7a12cc,49,Lamium purpureum
Lamium purpureum,55851,152338397,262967805,https://inaturalist-open-data.s3.amazonaws.com/photos/262967805/large.jpeg,cc-by-nc,"(c) Vincze Tibor, some rights reserved (CC BY-NC)",47.03003231,19.81297338,3.0,2023-03-26,6409863,tiborvincze,ae90e4bb0a4805a3c24882759e8a42936844911fe15fd9d7730acb53736ef9e4,50,Lamium purpureum
Lamium purpureum,55851,10187571,14069311,https://inaturalist-open-data.s3.amazonaws.com/photos/14069311/large.jpg,cc-by-nc,"(c) phoenixfluker, some rights reserved (CC BY-NC)",34.8523366667,-86.7561116667,5.0,2018-03-11,763406,phoenixfluker,eb481249c99d5c09bcdbc2620ecf9a1643fc9d8d2533de01794a91452298d456,51,Lamium purpureum
Lamium purpureum,55851,22612896,35035659,https://inaturalist-open-data.s3.amazonaws.com/photos/35035659/large.jpg,cc-by-nc,"(c) jillianallen, some rights reserved (CC BY-NC)",39.4704283333,-87.399675,5.0,2019-04-10,1580270,jillianallen,5dc9831d90a77c71d36af36918a5907d2a33e1df791498e46b332cbc43611a12,52,Lamium purpureum
Lamium purpureum,55851,317182452,573124926,https://inaturalist-open-data.s3.amazonaws.com/photos/573124926/large.jpg,cc-by-nc,"(c) nicandra711ph, some rights reserved (CC BY-NC)",52.6771506885,9.7563009337,801.0,2025-09-28,9591762,nicandra711ph,b7ad7a9b49970a02d1b921e6e06bf714f286b9005ee3538dd66ce21b06a5ae20,53,Lamium purpureum
Lamium purpureum,55851,340715502,620085186,https://inaturalist-open-data.s3.amazonaws.com/photos/620085186/large.jpg,cc-by-nc,"(c) Halil Arda Evliyaoğlu, some rights reserved (CC BY-NC)",48.8188666667,2.44372,4.0,2026-02-25,7116422,hallogallo,be512a81efc2f5e4091fa92281f02d6029b5fb838bfd669794616b281a77ae89,54,Lamium purpureum
Lamium purpureum,55851,268311536,482274871,https://inaturalist-open-data.s3.amazonaws.com/photos/482274871/large.jpg,cc-by-nc,"(c) dinomama789, some rights reserved (CC BY-NC)",38.2563568072,-78.7669183843,1246.0,2025-03-29,2271180,dinomama789,5a79fedf7569b97dad9f82d3014ff935ab1f6d044d07115b03de7e937d1a9f0b,55,Lamium purpureum
Lamium purpureum,55851,42474005,67442163,https://inaturalist-open-data.s3.amazonaws.com/photos/67442163/large.jpg,cc-by-nc,"(c) epage__, some rights reserved (CC BY-NC)",37.451449548,-91.6806495983,63.0,2020-04-18,2771414,epage__,c398e2ce4d0a79a21b6b93f216d772636bf3baacbe03f77381612c93926e3911,56,Lamium purpureum
Lamium purpureum,55851,343505525,625972792,https://inaturalist-open-data.s3.amazonaws.com/photos/625972792/large.jpg,cc-by-nc,"(c) Vlad Ștefan Olteanu, some rights reserved (CC BY-NC)",43.6176407328,3.8711223006,42.0,2026-03-17,7764131,vlad_stefan_olteanu,5a32ee0df18824d1cfe6aeb268d86520938ca16ab8070ea02db7e094f2d8faed,57,Lamium purpureum
Lamium purpureum,55851,385625092,705989496,https://inaturalist-open-data.s3.amazonaws.com/photos/705989496/large.jpg,cc-by-nc,"(c) SzkalnyDzięcioł, some rights reserved (CC BY-NC)",50.1091934193,21.4975092933,77.0,2024-02-25,10545930,wojtek41121,cd750edae0d6b6929e6dd99bebb101a514cfded004ac462b4dabb2cf5a3b4a49,58,Lamium purpureum
Lamium purpureum,55851,358951605,654865389,https://inaturalist-open-data.s3.amazonaws.com/photos/654865389/large.jpg,cc-by-nc,"(c) Valentina Kostina, some rights reserved (CC BY-NC)",44.2330788476,39.9013527619,15.0,2026-05-03,3552484,valentina_kostina,cda4cc7c76f4cad8ef3fc9bc20daed9deabda378c8e9c2947278efad2de1b08e,59,Lamium purpureum
Lamium purpureum,55851,5867781,7308324,https://inaturalist-open-data.s3.amazonaws.com/photos/7308324/large.jpeg,cc-by-nc,"(c) Mike, some rights reserved (CC BY-NC)",47.4103538979,-122.1599650383,31.0,2017-04-02,35478,mrfish33,fb2cc946669a3f54526db2950352f795776a9d68fc8d4020293599eb34ef2408,60,Lamium purpureum
Caltha palustris,56224,194259529,341416146,https://inaturalist-open-data.s3.amazonaws.com/photos/341416146/large.jpeg,cc-by-nc,"(c) Daba, some rights reserved (CC BY-NC)",51.3791166667,136.4489888889,11.0,2023-05-10,1559501,daba,ef1713ec2098e655937adc0462374e360a87166744f450818f73ff444507aeac,1,Caltha palustris
Caltha palustris,56224,360035467,656941165,https://inaturalist-open-data.s3.amazonaws.com/photos/656941165/large.jpg,cc-by-nc,"(c) duggan74, some rights reserved (CC BY-NC)",38.37862,-79.64657,4.0,2026-05-09,9785168,duggan74,9aa727457789de9b9f9ed14c4e9662012117216033a3203083ea82a968d01de5,2,Caltha palustris
Caltha palustris,56224,103442682,173126612,https://inaturalist-open-data.s3.amazonaws.com/photos/173126612/large.jpeg,cc-by-nc,"(c) lastovka, some rights reserved (CC BY-NC)",46.94346,16.09526,3000.0,2020-04-11,4724645,lastovka,4d29256a9efca81a9bdd06201f081e6bbf87ae6d2dcb20469a750d530227ef7b,3,Caltha palustris
Caltha palustris,56224,117283829,198056573,https://inaturalist-open-data.s3.amazonaws.com/photos/198056573/large.jpeg,cc-by-nc,"(c) olegdavydov, some rights reserved (CC BY-NC)",56.7779966264,72.071039515,3.0,2022-05-09,1493352,olegdavydov,a41ee74687ddbe7f1f5a3eb67e37ad3792aa381b8259b02b988a6c372eee6a0f,4,Caltha palustris
Caltha palustris,56224,283279030,508997445,https://inaturalist-open-data.s3.amazonaws.com/photos/508997445/large.jpg,cc0,no rights reserved,53.7323533333,-115.5826116667,11.0,2025-05-22,6418031,kallummcdonald,40e9ac33f6fa8aa9778edf86e6fe80a8e747cb659cc91aa7ceb15272974b09db,5,Caltha palustris
Caltha palustris,56224,143194550,245548939,https://inaturalist-open-data.s3.amazonaws.com/photos/245548939/large.jpeg,cc-by-nc,"(c) Данилова Валерия, some rights reserved (CC BY-NC)",67.9225235769,34.7403369813,122.0,2022-06-20,1390832,valeriya_xoma,5764c4737aa59905376967b84a4a2ce7b3c8fb150d2faaccda4f5a157861eeb3,6,Caltha palustris
Caltha palustris,56224,82989264,136258457,https://inaturalist-open-data.s3.amazonaws.com/photos/136258457/large.jpeg,cc-by-nc,"(c) Сергей, some rights reserved (CC BY-NC)",52.6844928134,103.2263084943,15.0,2021-06-14,1588804,smsergey,0033b68e89bee438a6495f563244c39d049edda2143227571ab866f31e240c8a,7,Caltha palustris
Caltha palustris,56224,203328961,359230741,https://inaturalist-open-data.s3.amazonaws.com/photos/359230741/large.jpeg,cc-by-nc,"(c) davidchas, some rights reserved (CC BY-NC)",43.248030045,-8.411786668,4.0,2024-03-20,2622109,davidchas,ae1477cea16d673a3d9d04e0343258d09c65d1674fefbd12ee182a68cdce6752,8,Caltha palustris
Caltha palustris,56224,135918140,231895377,https://inaturalist-open-data.s3.amazonaws.com/photos/231895377/large.jpeg,cc-by-nc,"(c) Игорь Поспелов, some rights reserved (CC BY-NC)",69.5612833333,94.1523266667,10.0,2022-08-14,1426686,taimyr,323954d2681f56d5838cf6beb504b1934af97fb480d8fb6c07e222293a3861d6,9,Caltha palustris
Caltha palustris,56224,116809437,197210158,https://inaturalist-open-data.s3.amazonaws.com/photos/197210158/large.jpg,cc-by-nc,"(c) palkramona, some rights reserved (CC BY-NC)",46.2045533333,-62.55928,10.0,2022-05-12,1912512,palkramona,c0b5eaf4393f9f4b2aa0223d3e3369a3d2ef66d08d15c1cc53e5d6b123345ff6,10,Caltha palustris
Caltha palustris,56224,359437163,655804650,https://inaturalist-open-data.s3.amazonaws.com/photos/655804650/large.jpg,cc-by,"(c) Sinclair Laing, some rights reserved (CC BY)",57.1761900014,-2.1132749204,13.0,2026-05-08,8772093,sinclairlaing,a922dd5aa32b4b87c8e7658ad268ca0b469a0a86671dbbac1dad3761cb7b5440,11,Caltha palustris
Caltha palustris,56224,219818768,389117781,https://inaturalist-open-data.s3.amazonaws.com/photos/389117781/large.jpg,cc-by-nc,"(c) Mary Boyer, some rights reserved (CC BY-NC)",47.19367,-95.17392,4.0,2024-06-01,297994,mary93,cb4439d402643619d8ac8f4701ca9f80da1b90fff0382763ad760104bcf0c552,12,Caltha palustris
Caltha palustris,56224,116258040,196224978,https://inaturalist-open-data.s3.amazonaws.com/photos/196224978/large.jpg,cc-by-nc,"(c) nofutureinendlessdreaming, some rights reserved (CC BY-NC)",55.619298,37.360556,10.0,2022-05-08,4427494,nofutureinendlessdreaming,ecda52b71adc37b9a781adee1af5070e5e3c24cf1a102feb3073c973b72d391f,13,Caltha palustris
Caltha palustris,56224,115884623,195585109,https://inaturalist-open-data.s3.amazonaws.com/photos/195585109/large.jpg,cc-by-nc,"(c) Thomas Bergstedt, some rights reserved (CC BY-NC)",59.4466939832,18.4815630025,51.0,2022-05-07,1998079,swe15,14ada09964072497b14ba7bf0b295f14482987981babad81f4806a9f0392c4f7,14,Caltha palustris
Caltha palustris,56224,116581720,196802779,https://inaturalist-open-data.s3.amazonaws.com/photos/196802779/large.jpg,cc-by,"(c) Nina Filippova, some rights reserved (CC BY)",51.5685989031,85.475725022,9.0,2022-05-07,927267,ninacourlee,7099c1691f2c9e9253a11a6b6f8e52be674686cd2b9c7421e4dbcae0d9e53f5b,15,Caltha palustris
Caltha palustris,56224,78453364,128396930,https://inaturalist-open-data.s3.amazonaws.com/photos/128396930/large.jpeg,cc-by-nc,"(c) Татьяна Губина, some rights reserved (CC BY-NC)",54.8196626712,55.9846329689,30.0,2021-05-11,1467231,tany_gu,c4273cbccd74063ca424dc16de4972bd8dddd5ff7389e09e970c4948f5c92141,16,Caltha palustris
Caltha palustris,56224,342545903,623819168,https://inaturalist-open-data.s3.amazonaws.com/photos/623819168/large.jpg,cc-by-nc,"(c) maribalt, some rights reserved (CC BY-NC)",47.9518529801,2.7806642244,132.0,2026-03-12,7907871,maribalt,a0c63562e89e73460f146191545f5b19b2152119062a4c8ae0b61233c89ff3ce,17,Caltha palustris
Caltha palustris,56224,165580970,286637559,https://inaturalist-open-data.s3.amazonaws.com/photos/286637559/large.jpg,cc-by-nc,"(c) Kevin_Ireland, some rights reserved (CC BY-NC)",46.6584283333,-82.8223283333,4.0,2023-06-04,2686621,kevinwireland,06408031565a8305602b3803cb308c55853190971426bbbc1aedb4ebb5715d92,18,Caltha palustris
Caltha palustris,56224,42712805,67830732,https://inaturalist-open-data.s3.amazonaws.com/photos/67830732/large.jpg,cc-by-nc,"(c) lol1999, some rights reserved (CC BY-NC)",42.2679207281,-71.4794450392,82.0,2020-04-20,1828954,lol1999,ee596ac6f5a4724f553410130edc7e76e823c3ca7fef09d13d35308d1ed3cdf3,19,Caltha palustris
Caltha palustris,56224,215188931,380415890,https://inaturalist-open-data.s3.amazonaws.com/photos/380415890/large.jpeg,cc-by-nc,"(c) Станислав, some rights reserved (CC BY-NC)",53.362321065,26.0055498472,4.0,2024-05-11,1183872,leschij,f8ef12eaa4b835f1028e06b657f2b196fa9d257d6598ef477258c293f4fdf363,20,Caltha palustris
Caltha palustris,56224,204778659,361995539,https://inaturalist-open-data.s3.amazonaws.com/photos/361995539/large.jpg,cc-by-nc,"(c) Birger, some rights reserved (CC BY-NC)",54.3069333333,10.2276466667,5.0,2024-03-31,5875012,birgerreibisch,37918af4d7aed3a29bf0944d46a065e0188cb50fdae4430bbabd8806abe0f06f,21,Caltha palustris
Caltha palustris,56224,162122481,280307939,https://inaturalist-open-data.s3.amazonaws.com/photos/280307939/large.jpg,cc-by-nc,"(c) Татьяна, some rights reserved (CC BY-NC)",56.1226368318,93.4424084099,4.0,2023-05-17,4040579,sibirtania,da9ff5e8d539e8e9c93267c769a0d0988ae024a6f8e4d76f6f1e9e21864609ff,22,Caltha palustris
Caltha palustris,56224,35719033,56352323,https://inaturalist-open-data.s3.amazonaws.com/photos/56352323/large.jpeg,cc-by-nc,"(c) radinis, some rights reserved (CC BY-NC)",47.0815310975,25.4737124764,232.0,2019-09-14,922012,radinis,2e2a7b8ea28601db2d3d5b6a4950ea1a43689ced9e2883754c81232e7fc44a7c,23,Caltha palustris
Caltha palustris,56224,282634475,507799772,https://inaturalist-open-data.s3.amazonaws.com/photos/507799772/large.jpg,cc-by-sa,"(c) avsdov, some rights reserved (CC BY-SA)",61.7864433313,34.3760708347,36.0,2025-05-20,9275928,avsdov,4b3daeaff5a39b548efa62a1f0a3d13718a330c9b08a7ca14a5c2e27a746c12e,24,Caltha palustris
Caltha palustris,56224,266479194,478795704,https://inaturalist-open-data.s3.amazonaws.com/photos/478795704/large.jpeg,cc-by-nc,"(c) Grace Schumacher, some rights reserved (CC BY-NC)",40.4084983568,-87.063969858,210.0,2025-03-22,3111404,gschumac,fed8f36d01ae8f392b99a4544e42d212172c1c2b20b2476e5a97cb5bf3fda359,25,Caltha palustris
Caltha palustris,56224,168317062,291687025,https://inaturalist-open-data.s3.amazonaws.com/photos/291687025/large.jpg,cc-by-nc,"(c) Lana Wilson, some rights reserved (CC BY-NC)",53.95828958,-106.074347224,2427.0,2023-06-18,3445405,wilsonlanamarie,f685cf1836953aaedeb4817af016dfe57ec0de685272badf5981857e896a676d,26,Caltha palustris
Caltha palustris,56224,222477724,394087559,https://inaturalist-open-data.s3.amazonaws.com/photos/394087559/large.jpeg,cc-by-nc,"(c) Sylvain G, some rights reserved (CC BY-NC)",42.73674,0.10637,2.0,2024-06-10,6276602,sylvain_naturaliste,ef2c77c76ef27c6d5419b16c7b77634c85dde094d70cd0364f181cdc3da81970,27,Caltha palustris
Caltha palustris,56224,218737205,387093791,https://inaturalist-open-data.s3.amazonaws.com/photos/387093791/large.jpeg,cc-by-nc-sa,"(c) Stefano Macchetta, some rights reserved (CC BY-NC-SA)",44.361435,7.4516966667,2.0,2024-05-19,542126,stefano_macchetta,7224c68644b84e6df89aa637528a6d95b9764f7e54e8d2a78e976c76ed589802,28,Caltha palustris
Caltha palustris,56224,117445282,198347439,https://inaturalist-open-data.s3.amazonaws.com/photos/198347439/large.jpg,cc-by,"(c) Maurice Raymond, some rights reserved (CC BY)",47.070605,-70.794703,1000.0,2022-05-14,740180,maurice13,b8b15ed23a223e0a09326e0b0b84d39e30dd937b65a1d17131afbfb95ba1749e,29,Caltha palustris
Caltha palustris,56224,267354827,480456077,https://inaturalist-open-data.s3.amazonaws.com/photos/480456077/large.jpeg,cc0,no rights reserved,51.493106842,-2.2319822311,30.0,2025-03-28,646847,paulgraham,4525f453a5097410ac093b94d15c21d476e96ee2f6d495d8eed329f33cebf80f,30,Caltha palustris
Caltha palustris,56224,54652114,86972843,https://inaturalist-open-data.s3.amazonaws.com/photos/86972843/large.jpg,cc-by-nc,"(c) Eirik Sortevik, some rights reserved (CC BY-NC)",62.68253667,11.25138,54.0,2020-07-28,3013966,blackvik,2216b3e9fb56cdc20a50b1de8e1982d0e7b6809b4fd8bf42cdbfa02d6c4d368d,31,Caltha palustris
Caltha palustris,56224,220074880,389579791,https://inaturalist-open-data.s3.amazonaws.com/photos/389579791/large.jpg,cc-by-nc,"(c) Leonid, some rights reserved (CC BY-NC)",56.230482486,84.984829702,15.0,2024-06-02,3910133,sibnaturalist,a39022ccd55f6c2e2be99b8f32a80dbf8a6b1e9f4383022b05f852477d44e59c,32,Caltha palustris
Caltha palustris,56224,153801019,265685413,https://inaturalist-open-data.s3.amazonaws.com/photos/265685413/large.jpg,cc-by-nc,"(c) gisela_adelsberger, some rights reserved (CC BY-NC)",48.8037083333,9.506755,10.0,2023-04-07,6186013,gisela_adelsberger,5f3baf3c267fd65fcf42e761dd8191bb4c42f763a5ed3ea0935c8dc83883db5b,33,Caltha palustris
Caltha palustris,56224,279273398,501483411,https://inaturalist-open-data.s3.amazonaws.com/photos/501483411/large.jpg,cc-by-nc,"(c) Ben Schiltz, some rights reserved (CC BY-NC)",44.5387763484,-89.5655369573,3.0,2025-05-07,9234743,bschi639,f6b023224c88bab3133c02e6240c91d702b2db6f0486debfbf89004ef7d1b488,34,Caltha palustris
Caltha palustris,56224,44622306,70744026,https://inaturalist-open-data.s3.amazonaws.com/photos/70744026/large.jpg,cc-by-nc,"(c) Porter Lesiv, some rights reserved (CC BY-NC)",42.69226167,-77.575295,10.0,2020-05-02,503953,rubyo,6e9278cd97fc3be5f6638d52f6f3b0915c070afaf760e853e4e09214e4175af8,35,Caltha palustris
Caltha palustris,56224,200010672,352762908,https://inaturalist-open-data.s3.amazonaws.com/photos/352762908/large.jpeg,cc-by-nc,"(c) Małgorzata Śliż, some rights reserved (CC BY-NC)",50.3339417543,20.7513321045,8.0,2022-05-14,3813240,goosiaczek,302e0138b3e10a84bb809f67ee6d052933a8c51aad80946e64fef3b082bec902,36,Caltha palustris
Caltha palustris,56224,64131783,103053258,https://inaturalist-open-data.s3.amazonaws.com/photos/103053258/large.jpg,cc-by-nc,"(c) Oleksandr Kalashnykov, some rights reserved (CC BY-NC)",50.3678297937,30.6492295599,61.0,2020-06-04,3806137,alex_kalashnikov,9e57fe67b2ba894d6883d3be9b01d70f7e9364eb6c21eb760a8343c3a728b985,37,Caltha palustris
Caltha palustris,56224,51979901,82611307,https://inaturalist-open-data.s3.amazonaws.com/photos/82611307/large.jpg,cc-by-nc,"(c) amygee, some rights reserved (CC BY-NC)",48.47696333,-89.19133,8.0,2020-05-31,1602668,amygee,3aa8c9d836a83d63d381b2edf60031d4105137cd71ca3cb24b5b08769e9632b3,38,Caltha palustris
Caltha palustris,56224,216774930,383413833,https://inaturalist-open-data.s3.amazonaws.com/photos/383413833/large.jpeg,cc-by-nc,"(c) Mika Tomta, some rights reserved (CC BY-NC)",59.0442559359,10.9324764088,2.0,2024-05-19,2770419,mikat78,bbbbdbdbcd15ef074cca47082229fc82afb1cc7293d5dad56d6beece25d74734,39,Caltha palustris
Caltha palustris,56224,218463863,386580657,https://inaturalist-open-data.s3.amazonaws.com/photos/386580657/large.jpg,cc-by-nc,"(c) agubbels1, some rights reserved (CC BY-NC)",50.680325,-96.5165033333,4.0,2024-05-26,3134723,agubbels1,09359a414450784a16749376de75ad1774965e82fe70c698a75380c60ec30a47,40,Caltha palustris
Caltha palustris,56224,185235659,323478505,https://inaturalist-open-data.s3.amazonaws.com/photos/323478505/large.jpg,cc-by,"(c) Oleg Kosterin, some rights reserved (CC BY)",52.79652595,91.5117422167,8.0,2023-07-05,2511740,oleg_kosterin,d7086265487fb542a4a287a13c3de7cbc766410e004e15726725d43f77b661f3,41,Caltha palustris
Caltha palustris,56224,12194262,17514384,https://inaturalist-open-data.s3.amazonaws.com/photos/17514384/large.jpeg,cc-by-nc-sa,"(c) rorippa, some rights reserved (CC BY-NC-SA)",60.3127740892,25.0641274452,109.0,2018-05-06,883928,rorippa,a72784b584662b7700a3fde5e87b795975317ffddfbe43777d666b8293f48d1a,42,Caltha palustris
Caltha palustris,56224,75019628,122683510,https://inaturalist-open-data.s3.amazonaws.com/photos/122683510/large.jpg,cc-by-nc,"(c) Tom Fishburn, some rights reserved (CC BY-NC)",40.9735661,-82.4698796,199.0,2021-04-20,585399,tomfishburn,367c5ea180a9dbe745892f88d92f222215e6f5d74cd6d0d14fae9183805af60c,43,Caltha palustris
Caltha palustris,56224,115685601,195250914,https://inaturalist-open-data.s3.amazonaws.com/photos/195250914/large.jpeg,cc-by-nc,"(c) ekaterina_arkadevna, some rights reserved (CC BY-NC)",57.9762333278,56.1497252138,31.0,2022-05-06,2457251,ekaterina_arkadevna,fd1fc9662ef077bdcd5343d0fd1de62ab097000cb6ece2c674bcfd93e4c0d80b,44,Caltha palustris
Caltha palustris,56224,156133876,269946281,https://inaturalist-open-data.s3.amazonaws.com/photos/269946281/large.jpg,cc-by,"(c) Derek, some rights reserved (CC BY)",43.7373883333,-85.40207,39.0,2023-04-22,30597,calloftheloon,b012238f8d6d36f8676e106eeca1625b085ea01c7ff803e715bbc518393e6fb0,45,Caltha palustris
Caltha palustris,56224,69010700,111882155,https://inaturalist-open-data.s3.amazonaws.com/photos/111882155/large.jpeg,cc-by-nc,"(c) anna_efimova, some rights reserved (CC BY-NC)",57.6139648548,41.1097913447,15.0,2016-05-15,1567835,anna_efimova,ac5aa0c25523e00cb75b3cb866d953203dd560b4b4666a3a9ff0a2aa536be3c7,46,Caltha palustris
Caltha palustris,56224,81297967,133335027,https://inaturalist-open-data.s3.amazonaws.com/photos/133335027/large.jpeg,cc-by-nc,"(c) olmominore, some rights reserved (CC BY-NC)",46.50745246,11.97615676,5.0,2021-06-02,4518667,olmominore,76dc86bf2f0b2e50428e1a3a218d1d19c450880593802102157560563ca6da41,47,Caltha palustris
Caltha palustris,56224,116866509,197307775,https://inaturalist-open-data.s3.amazonaws.com/photos/197307775/large.jpeg,cc-by-nc,"(c) Bug in a Rug, some rights reserved (CC BY-NC)",45.5037651062,-74.1072235107,1565.0,2022-05-12,2276067,bug_in_a_rug,73d5054cbc5093ab365270318b7d9cdd2ed46af9a0a8e275f111274cdd59e542,48,Caltha palustris
Caltha palustris,56224,81054366,132903503,https://inaturalist-open-data.s3.amazonaws.com/photos/132903503/large.jpg,cc-by-nc,"(c) Иван Тисленко, some rights reserved (CC BY-NC)",59.6933913994,30.4640579224,1664.0,2021-05-29,1514573,tivanik,6d2538ba790519fbe08bfb4540a39e60811960e113104e4c5cf70dd3003ccd68,49,Caltha palustris
Caltha palustris,56224,117628258,198693348,https://inaturalist-open-data.s3.amazonaws.com/photos/198693348/large.jpg,cc-by-nc,"(c) kbtee, some rights reserved (CC BY-NC)",44.4876147972,-80.3782426221,4.0,2022-05-18,3702402,kbtee,74cb3aefbfdbce59df8c0a5c04a01f56e99b990547acc28392bcaec15d7024de,50,Caltha palustris
Caltha palustris,56224,355620773,648518778,https://inaturalist-open-data.s3.amazonaws.com/photos/648518778/large.jpg,cc-by-nc,"(c) Sylvain G, some rights reserved (CC BY-NC)",44.9164107691,2.3285672094,2.0,2026-04-27,6276602,sylvain_naturaliste,4b6901c24b5764e1ca695f228c15c5533874e780f88c10d8aae41cfb95c4ffbe,51,Caltha palustris
Caltha palustris,56224,242950906,433157911,https://inaturalist-open-data.s3.amazonaws.com/photos/433157911/large.jpeg,cc-by,"(c) Alynn, some rights reserved (CC BY)",44.9118593429,-93.2069657743,10.0,2024-09-20,2043150,asiniins,b02105f6f6ea1e2f3292632b944584460d3b4cfe1e07ff69ec0586c8ca464139,52,Caltha palustris
Caltha palustris,56224,203231153,359041285,https://inaturalist-open-data.s3.amazonaws.com/photos/359041285/large.jpg,cc-by,"(c) Smriti S., some rights reserved (CC BY)",53.9462924368,-1.0518862844,200.0,2024-03-20,783757,smriti,8fcfe1b77ee44be9acbb34aad3ff041eec130bb5bf76db5b567b46f474a60e12,53,Caltha palustris
Caltha palustris,56224,116593228,196824279,https://inaturalist-open-data.s3.amazonaws.com/photos/196824279/large.jpeg,cc-by-nc,"(c) Hanna, some rights reserved (CC BY-NC)",56.7458039951,12.9732427534,24.0,2022-05-03,4536783,mbht,4dbaadfedf0bb5562918226364101719baef7f3460d437276175e5f46df7e1fb,54,Caltha palustris
Caltha palustris,56224,274606450,493637005,https://inaturalist-open-data.s3.amazonaws.com/photos/493637005/large.jpg,cc-by-nc,"(c) max56koelmel, some rights reserved (CC BY-NC)",49.1174502094,13.1749348772,3.0,2025-04-27,3159021,max56koelmel,556c790df8f513e1942660fb5d41399d5a61447b8f3f9cb5ab12214a0e54198b,55,Caltha palustris
Caltha palustris,56224,112135110,189389389,https://inaturalist-open-data.s3.amazonaws.com/photos/189389389/large.jpg,cc-by-nc,"(c) ayaa120, some rights reserved (CC BY-NC)",49.6061806883,6.1114397872,35.0,2022-04-20,5341515,ayaa120,18d587fd1db6234f9abd5ac34966085e2bf2038c38118f3cc5de879035983aa6,56,Caltha palustris
Caltha palustris,56224,69147844,112139115,https://inaturalist-open-data.s3.amazonaws.com/photos/112139115/large.jpg,cc-by-nc,"(c) serge vauchel, some rights reserved (CC BY-NC)",49.8347859874,0.6255373123,2.0,2014-04-02,323851,sergevauchel,25883064a14439fab42c402a49080fac8eda15be25c9dda5e65c099263d2be66,57,Caltha palustris
Caltha palustris,56224,116048499,195865537,https://inaturalist-open-data.s3.amazonaws.com/photos/195865537/large.jpg,cc-by-nc,"(c) artemarts, some rights reserved (CC BY-NC)",53.6733727633,87.1892434663,113.0,2022-05-08,5519958,artemarts,0216182367fc7c2d54491e39acd3a5ebc32d617dea72d33c846c3d03c1182080,58,Caltha palustris
Caltha palustris,56224,135017959,230227452,https://inaturalist-open-data.s3.amazonaws.com/photos/230227452/large.jpg,cc-by-nc,"(c) Dina Nesterkova, some rights reserved (CC BY-NC)",56.8611046585,59.8203789839,15.0,2022-05-19,1431497,dinanesterkova,a552c04d6c5ea2db9ff5aa47b0d36c22a9207ed88aab63e3aefd204578da0360,59,Caltha palustris
Caltha palustris,56224,275589125,495164601,https://inaturalist-open-data.s3.amazonaws.com/photos/495164601/large.jpg,cc-by-nc,"(c) noelhefele, some rights reserved (CC BY-NC)",40.8898470777,-73.8889653333,9.0,2025-04-27,35892,noelhefele,228bff16b6b9e1a20d15c643df56991f44476caa1a7a885c2586b8aa1737d4bc,60,Caltha palustris
Nicotiana glauca,58334,246989882,441026081,https://inaturalist-open-data.s3.amazonaws.com/photos/441026081/large.jpeg,cc-by,"(c) Shaun Swanepoel, some rights reserved (CC BY)",-28.8953530556,31.0254413889,5.0,2024-10-11,389997,shauns,272d79fb7de19603322bf7d7dae30346ec5919425afebc4361b989f577b5887f,1,Nicotiana glauca
Nicotiana glauca,58334,36447314,57612646,https://inaturalist-open-data.s3.amazonaws.com/photos/57612646/large.jpg,cc-by-nc,"(c) catherine_archbold, some rights reserved (CC BY-NC)",37.7662444688,-122.4673591084,28.0,2019-12-07,24270,catherine_archbold,4807314618750dc59064121169dc8a9bc82672088cee11362650e6f2e70a52d5,2,Nicotiana glauca
Nicotiana glauca,58334,148174369,255113011,https://inaturalist-open-data.s3.amazonaws.com/photos/255113011/large.jpg,cc-by-nc,"(c) Chris Jonkers, some rights reserved (CC BY-NC)",-33.1225994444,150.3148391944,10.0,2023-02-05,2600549,chrisjonkers,21615e7d5e110a09f94b1e75b543d810171433c1476bdefd8d132e68ea1e8237,3,Nicotiana glauca
Nicotiana glauca,58334,72210936,117676188,https://inaturalist-open-data.s3.amazonaws.com/photos/117676188/large.jpeg,cc-by-nc,"(c) María Belén Dri, some rights reserved (CC BY-NC)",-29.0993801223,-67.7120863442,488.0,2019-10-09,753960,belendri,7dd2cec9125b57ce02bdfbdddf457453adc5042e40f6087030a7d6b53999b365,4,Nicotiana glauca
Nicotiana glauca,58334,153783716,265653099,https://inaturalist-open-data.s3.amazonaws.com/photos/265653099/large.jpeg,cc-by-nc,"(c) Pedro Beja, some rights reserved (CC BY-NC)",38.72905585,-9.22601599,3.0,2023-04-07,691165,pbeja65,d50a413ed28a82ae9dc9bd5c882aca7d5acaf81b175d384b8024dd6e78865027,5,Nicotiana glauca
Nicotiana glauca,58334,35054193,55251377,https://inaturalist-open-data.s3.amazonaws.com/photos/55251377/large.jpeg,cc-by-nc,"(c) Ron Frumkin, some rights reserved (CC BY-NC)",31.7366809289,35.2243184601,8.0,2019-10-29,1097120,ronf,dd46e8185a4f2c0ed66c7c8e403acc9586d954c4ebd2ddc550b21c35cf3e36a2,6,Nicotiana glauca
Nicotiana glauca,58334,45870911,72752535,https://inaturalist-open-data.s3.amazonaws.com/photos/72752535/large.jpeg,cc-by-nc,"(c) Eduardo Obando, some rights reserved (CC BY-NC)",0.35296897,-78.11086916,9.0,2020-05-14,652507,edu_obando,1b2d240b0579fcb9be5806cebdb3e14fa07c51387f7e8250ba002daeded6dae5,7,Nicotiana glauca
Nicotiana glauca,58334,172045354,298609725,https://inaturalist-open-data.s3.amazonaws.com/photos/298609725/large.jpeg,cc-by-nc,"(c) Alan Medina, some rights reserved (CC BY-NC)",19.130728376,-98.7713183463,7.0,2023-07-09,2519292,alanmedinare,290e3c08f73d72348b87e598dc5ee785db06ea87263f631015e19594fd1a577a,8,Nicotiana glauca
Nicotiana glauca,58334,384253073,703364797,https://inaturalist-open-data.s3.amazonaws.com/photos/703364797/large.jpg,cc-by-nc,"(c) suzannebd, some rights reserved (CC BY-NC)",36.02925,14.2159466667,3.0,2026-07-15,8662478,suzannebd,39530a9acc972d0f4f87030899fe9c8dfbc724d6f12008968ff3b5dc9dd51b33,9,Nicotiana glauca
Nicotiana glauca,58334,175279057,304599965,https://inaturalist-open-data.s3.amazonaws.com/photos/304599965/large.jpeg,cc0,no rights reserved,-13.1776864997,-74.2287437618,34.0,2023-07-27,7141141,prins6mend,f48fab137ea5e1c4cf825cca9329dc1ebdad3d347a2dd6fa2939045571515559,10,Nicotiana glauca
Nicotiana glauca,58334,384992579,704766403,https://inaturalist-open-data.s3.amazonaws.com/photos/704766403/large.jpg,cc-by-nc,"(c) Maks Syratt, some rights reserved (CC BY-NC)",28.1775319001,-17.214309054,56.0,2026-07-20,1311619,makss,da99712ce98234446101e343a1525220613ffcf5b9e1105476be470c937a226e,11,Nicotiana glauca
Nicotiana glauca,58334,333293252,605062266,https://inaturalist-open-data.s3.amazonaws.com/photos/605062266/large.jpg,cc-by-nc,"(c) eckerd, some rights reserved (CC BY-NC)",-38.1674021817,-57.6596687698,244.0,2026-01-01,9275818,eckerd,ad6948c370e6d2418b78050e28bb81ab04501705a8572323f1c44829cc74190c,12,Nicotiana glauca
Nicotiana glauca,58334,111609950,188434317,https://inaturalist-open-data.s3.amazonaws.com/photos/188434317/large.jpg,cc-by-nc,"(c) Pau AP, some rights reserved (CC BY-NC)",24.1956217161,-110.2611429345,89.0,2022-04-15,5356153,paulinaampa,0a72dc125f907e1017351911d370dea70db0f5694c2435c2fd0bad76ac2c0056,13,Nicotiana glauca
Nicotiana glauca,58334,184837164,322690530,https://inaturalist-open-data.s3.amazonaws.com/photos/322690530/large.jpeg,cc-by-nc,"(c) Craig Peter, some rights reserved (CC BY-NC)",-30.111172,17.5877798,10.0,2023-08-22,833117,craigpeter,2e5f7b7fde9efb5a890a8875e733997ec9b2f410010bfffbbda1cf3eb3e1c0aa,14,Nicotiana glauca
Nicotiana glauca,58334,133386567,227275756,https://inaturalist-open-data.s3.amazonaws.com/photos/227275756/large.jpg,cc-by-nc,"(c) kbohm, some rights reserved (CC BY-NC)",42.5261783333,2.8398416667,4.0,2022-09-02,4770733,kbohm,c674d41d941a386de972006e1620b6cb88cc49c381495f8ff1dfed0178a547b9,15,Nicotiana glauca
Nicotiana glauca,58334,69168949,112185588,https://inaturalist-open-data.s3.amazonaws.com/photos/112185588/large.jpeg,cc-by-nc,"(c) Mel, some rights reserved (CC BY-NC)",-34.963903,138.651626,54.0,2021-02-07,1505157,melbo,6732fb662c1f6a04792ed9d17e7b6508ebb0ea5ff32b46b1f063b3731cc7a0b1,16,Nicotiana glauca
Nicotiana glauca,58334,278397511,499883378,https://inaturalist-open-data.s3.amazonaws.com/photos/499883378/large.jpeg,cc-by-nc,"(c) shortnmad, some rights reserved (CC BY-NC)",33.3901426414,-112.2582453738,8.0,2025-05-04,9216400,shortnmad,253dbc1f68cbb668d7972c0276c74c0924a0cc2bbc891156d3d9db947f79c1bd,17,Nicotiana glauca
Nicotiana glauca,58334,129121219,219390801,https://inaturalist-open-data.s3.amazonaws.com/photos/219390801/large.jpeg,cc-by-nc,"(c) Peter Nociar, some rights reserved (CC BY-NC)",35.3043207831,25.3719927371,123.0,2022-08-01,2508459,upupanociar,cbdb51fcfd0d47fc2f005dd432fcfab5889981718d6a25df0d28a7e1c4f1bfcc,18,Nicotiana glauca
Nicotiana glauca,58334,276170381,496017588,https://inaturalist-open-data.s3.amazonaws.com/photos/496017588/large.jpeg,cc-by-nc,"(c) Soledad Alvarez UNITEPC, some rights reserved (CC BY-NC)",-17.5669443745,-66.3468030095,1966.0,2025-04-25,9073391,soledadalvarezunitepc,b703343bccb15605cbbc5cd8966febaa1ba74fcb204653fc6df0a76d4b0b0124,19,Nicotiana glauca
Nicotiana glauca,58334,143377132,245877782,https://inaturalist-open-data.s3.amazonaws.com/photos/245877782/large.jpeg,cc-by-nc,"(c) Sequoia Janirella Wrens, some rights reserved (CC BY-NC)",29.199764,-102.917572,4.0,2022-10-26,420537,astrobirder,3e39bfaa8fb5a93b951b166831055edac99c9c2695a06ee03eb8d2e437d6249f,20,Nicotiana glauca
Nicotiana glauca,58334,104006008,174208488,https://inaturalist-open-data.s3.amazonaws.com/photos/174208488/large.jpg,cc-by,"(c) Oleg Kosterin, some rights reserved (CC BY)",31.1763710667,-8.0779553167,8.0,2021-05-12,2511740,oleg_kosterin,8d2f631a3b383f21013dd42f8b57e556a20807f9aa20a6231975e87779afea75,21,Nicotiana glauca
Nicotiana glauca,58334,127638008,216715005,https://inaturalist-open-data.s3.amazonaws.com/photos/216715005/large.jpg,cc-by-nc,"(c) zachsavage, some rights reserved (CC BY-NC)",-22.3757883333,31.230355,4.0,2022-07-20,5739001,zachsavage,d2454df359f0bff76c6a4c90b3df7c9bf28e7b6e40581506c36e299f715235a0,22,Nicotiana glauca
Nicotiana glauca,58334,305537694,550902275,https://inaturalist-open-data.s3.amazonaws.com/photos/550902275/large.jpg,cc-by-sa,"(c) Thibaud Aronson, some rights reserved (CC BY-SA)",-5.8039317205,-79.4495730847,6.0,2025-08-11,645653,thibaudaronson,c839d901319fcdb5684cde30517fc6328f61ffa6775e1fc71611abc61efab4a8,23,Nicotiana glauca
Nicotiana glauca,58334,395048197,724310664,https://inaturalist-open-data.s3.amazonaws.com/photos/724310664/large.jpg,cc-by,"(c) Nico Yak, some rights reserved (CC BY)",-32.90087,-60.65962,4.0,2026-08-23,8196324,nicokayak,2c2a61a174f6cc8f15b5ab34c3efc5ef76450d66338e24b9830bb769dce184aa,24,Nicotiana glauca
Nicotiana glauca,58334,323857886,586039417,https://inaturalist-open-data.s3.amazonaws.com/photos/586039417/large.jpg,cc-by-nc,"(c) Craig Peter, some rights reserved (CC BY-NC)",-33.2501185,26.9660186001,33.0,2025-10-25,833117,craigpeter,2a4f0c561b1f10b42f2c377e20501def339151e050634ff3c2ea16e78adfb2e7,25,Nicotiana glauca
Nicotiana glauca,58334,343757732,626256347,https://inaturalist-open-data.s3.amazonaws.com/photos/626256347/large.jpg,cc-by-nc,"(c) Dulce Paulina Corral Silva, some rights reserved (CC BY-NC)",22.9293907519,-102.6990687847,71.0,2026-03-18,10205638,dulce_paulina1,fd3fae6ad1c5ebb7b1126954f56dadca62e877431238cc8edb69e3beabdcd650,26,Nicotiana glauca
Nicotiana glauca,58334,355138964,647777802,https://inaturalist-open-data.s3.amazonaws.com/photos/647777802/large.jpg,cc-by,"(c) Alejandro Rodríguez Zapata, some rights reserved (CC BY)",38.0691966667,-0.8402666667,1.0,2026-04-27,6600564,alejanroza,f68454c8808d2c3751f4345813736c91175b4ce870b1f8445759841f20604bb4,27,Nicotiana glauca
Nicotiana glauca,58334,101666996,169797756,https://inaturalist-open-data.s3.amazonaws.com/photos/169797756/large.jpg,cc-by-nc,"(c) daniela_cervantes, some rights reserved (CC BY-NC)",33.756358808,-118.3657234019,4.0,2021-11-21,5076619,daniela_cervantes,d5b0598a91973716978c86c2ee39f647ef47216638f474df50239c0adc939b0e,28,Nicotiana glauca
Nicotiana glauca,58334,61243117,97978479,https://inaturalist-open-data.s3.amazonaws.com/photos/97978479/large.jpg,cc-by-nc,"(c) Thaddeus Charles Jones, some rights reserved (CC BY-NC)",26.1407848,-98.3282428,216.0,2018-11-06,1127820,hydapse,a0bc3939b4e7f0ab698b6e1e7cdf0863d068df4be2d68a8a7876ac14732fdcdd,29,Nicotiana glauca
Nicotiana glauca,58334,342766975,624233089,https://inaturalist-open-data.s3.amazonaws.com/photos/624233089/large.jpg,cc-by,"(c) Shaun Swanepoel, some rights reserved (CC BY)",-33.5005805399,21.5899438054,10.0,2026-03-12,389997,shauns,82683c9989452f575ed7140a8a4f59d6f667f040c1976f8464dc903772247a14,30,Nicotiana glauca
Nicotiana glauca,58334,221077035,391482234,https://inaturalist-open-data.s3.amazonaws.com/photos/391482234/large.jpg,cc-by-nc,"(c) fredur, some rights reserved (CC BY-NC)",32.6375185505,-16.8501891688,8.0,2024-06-07,5525623,fredur,38f10bff9605c3ff455421d3e4e2c828a781d24cf9ad7b3797d9e0a2809ff8c8,31,Nicotiana glauca
Nicotiana glauca,58334,130341323,221651099,https://inaturalist-open-data.s3.amazonaws.com/photos/221651099/large.jpeg,cc-by-nc-sa,"(c) Arthur Chapman, some rights reserved (CC BY-NC-SA)",-31.390065,141.6117433333,10.0,2022-06-09,2851,arthur_chapman,c3627c79eda1ee49b9a3429f8a823ff86fb325c38c018896c3f41affb4d0b88d,32,Nicotiana glauca
Nicotiana glauca,58334,310786112,560949055,https://inaturalist-open-data.s3.amazonaws.com/photos/560949055/large.jpg,cc-by-nc,"(c) Ciclolibres, some rights reserved (CC BY-NC)",-17.3465763139,-70.2764299884,183.0,2025-08-31,9219969,ciclolibres,623e13e0516c5454782517ea499fafbe6b9adf60d4a5d1546e427b1903c67d42,33,Nicotiana glauca
Nicotiana glauca,58334,324772709,587899371,https://inaturalist-open-data.s3.amazonaws.com/photos/587899371/large.jpg,cc-by-nc,"(c) tricks96, some rights reserved (CC BY-NC)",36.1063305,-115.0204695,14.0,2025-10-07,74320,tricks96,cd59701666a803923248e681411d13095a29ca3e9dbea7fd17bdb7a577af29c4,34,Nicotiana glauca
Nicotiana glauca,58334,188570727,330078415,https://inaturalist-open-data.s3.amazonaws.com/photos/330078415/large.jpeg,cc-by-nc,"(c) Tomas Cedhagen, some rights reserved (CC BY-NC)",36.6736998134,-4.4567645053,808.0,2023-10-13,5229631,tomas_cedhagen,287598202f937e8010d435150a96eefdeba68d18b18cf4dc7fc45126bad3926d,35,Nicotiana glauca
Nicotiana glauca,58334,153473559,265076011,https://inaturalist-open-data.s3.amazonaws.com/photos/265076011/large.jpeg,cc-by-nc,"(c) Annerie Senekal, some rights reserved (CC BY-NC)",-27.4947321674,19.2114535163,8.0,2023-03-23,1123840,anneriesenekal,08ce09e71a784d0a2841381e5a2c63d17eb6717e77ed820b386c025331444390,36,Nicotiana glauca
Nicotiana glauca,58334,110943736,187232136,https://inaturalist-open-data.s3.amazonaws.com/photos/187232136/large.jpeg,cc-by-nc,"(c) thephoxinus, some rights reserved (CC BY-NC)",28.478028503,-13.9095681738,100.0,2022-04-08,2078240,thephoxinus,314ea07ff9713564dcc17af3f4da54dbd55c7b27cbed116f4fb76aac7c30be80,37,Nicotiana glauca
Nicotiana glauca,58334,76415513,125003365,https://inaturalist-open-data.s3.amazonaws.com/photos/125003365/large.jpeg,cc-by-nc,"(c) Alejandra Peña Estrada, some rights reserved (CC BY-NC)",28.6730456225,-106.0697422422,6.0,2021-05-01,32343,ale-alep,8e10e8e77c0fc780fbc32b1a710d8f7b037e86a108cb3c040438aa79980c6f39,38,Nicotiana glauca
Nicotiana glauca,58334,64364143,103466079,https://inaturalist-open-data.s3.amazonaws.com/photos/103466079/large.jpeg,cc-by,"(c) Ellky Arteta Paredes, some rights reserved (CC BY)",-12.2357059,-76.8675918,2099.0,2020-11-07,1682528,ellky,8f630bc76943a03fd2682111f8a303ac465a2a49cbb00fb827229f5f685cc09f,39,Nicotiana glauca
Nicotiana glauca,58334,347916994,634438117,https://inaturalist-open-data.s3.amazonaws.com/photos/634438117/large.jpg,cc-by-nc,"(c) jrabbon, some rights reserved (CC BY-NC)",36.3315079001,-119.1667391472,5.0,2026-04-06,8639284,jrabbon,8e7f6528460748395768f21ca32c509ee20ee89fbb93b573dc75c80f4cf471b1,40,Nicotiana glauca
Nicotiana glauca,58334,120462114,203745294,https://inaturalist-open-data.s3.amazonaws.com/photos/203745294/large.jpeg,cc-by-nc,"(c) Gonzalo Diaz, some rights reserved (CC BY-NC)",-34.6081059,-58.3509217,2005.0,2022-06-05,1368063,goncrisdi,be6e638e2479e09c042d7ee124b0468d15614c35b8b675c267438b44e82efbb8,41,Nicotiana glauca
Nicotiana glauca,58334,108830671,183311693,https://inaturalist-open-data.s3.amazonaws.com/photos/183311693/large.jpeg,cc-by-nc-sa,"(c) María Eugenia Mendiola González, some rights reserved (CC BY-NC-SA)",21.538915027,-100.3893844674,172.0,2022-03-04,36496,marumg,01ac313517019481cc65c22f3656ae034c79b1b2353d79e41c9e9f0970a41295,42,Nicotiana glauca
Nicotiana glauca,58334,159773503,276064082,https://inaturalist-open-data.s3.amazonaws.com/photos/276064082/large.jpeg,cc-by-nc-sa,"(c) Cristian A. D. Meling L., some rights reserved (CC BY-NC-SA)",31.7406014428,-116.7135347641,4.0,2023-05-01,175484,c-meling-cm11,6b39de2c6a3e820c3b1b014dceb03ffb1bc80a2612d7d9b0ea77a545f618cf2b,43,Nicotiana glauca
Nicotiana glauca,58334,92042449,152329822,https://inaturalist-open-data.s3.amazonaws.com/photos/152329822/large.jpeg,cc-by-nc,"(c) Efraín Octavio Aguilar Pérez, some rights reserved (CC BY-NC)",20.7100952249,-103.393741589,4.0,2021-08-21,1997635,efrain_octavio,bd478dadf8c55f06a3b83b99be5086370a29a59c63a41e6d3abe962e593b01c3,44,Nicotiana glauca
Nicotiana glauca,58334,196798651,346445493,https://inaturalist-open-data.s3.amazonaws.com/photos/346445493/large.jpeg,cc-by-nc,"(c) rakshas, some rights reserved (CC BY-NC)",25.4872673,-100.5807067,200.0,2023-08-20,1556863,rakshas,1885037f7ba716c5cdef764add98f084db3f77dbf0e969b3a22fd4f6a5e330ea,45,Nicotiana glauca
Nicotiana glauca,58334,103481786,173202915,https://inaturalist-open-data.s3.amazonaws.com/photos/173202915/large.jpeg,cc-by,"(c) Oleg Kosterin, some rights reserved (CC BY)",33.292902,-8.342589,100.0,2021-05-10,2511740,oleg_kosterin,73900510706792b17741f0161daf3031ed659bee907411cbce0f4b4de907828b,46,Nicotiana glauca
Nicotiana glauca,58334,149646964,257897502,https://inaturalist-open-data.s3.amazonaws.com/photos/257897502/large.jpeg,cc-by-nc,"(c) Victor González, some rights reserved (CC BY-NC)",19.6063164868,-101.2890261412,197.0,2023-02-24,2527021,victorglez19,83fcd6ebdc0b54ffa3c940e3b95a16a5007eb745b025253a0444c7176c22a371,47,Nicotiana glauca
Nicotiana glauca,58334,130096627,221191290,https://inaturalist-open-data.s3.amazonaws.com/photos/221191290/large.jpg,cc-by-nc-sa,"(c) Álvaro Alemany, some rights reserved (CC BY-NC-SA)",37.185025,-6.9820583333,9.0,2022-08-08,3683558,alvaro_alemany,6a7fb6d64ffcd52f1cb5ea2afd4f9608d9d2a2fbf6f4dcecfbf49732285448d6,48,Nicotiana glauca
Nicotiana glauca,58334,274654636,493710852,https://inaturalist-open-data.s3.amazonaws.com/photos/493710852/large.jpeg,cc-by,"(c) ARIANA VILLAFAN ROJAS, some rights reserved (CC BY)",-16.5491933333,-68.0938016667,7.0,2025-04-27,5496004,ariana175,acaef78c1d21de345bd9b19e8bb29d8764ba7ee6884423bf5ef95fe96f6d215b,49,Nicotiana glauca
Nicotiana glauca,58334,162319820,280658220,https://inaturalist-open-data.s3.amazonaws.com/photos/280658220/large.jpeg,cc-by-nc,"(c) anes1821, some rights reserved (CC BY-NC)",39.8199107,-0.24573287,8.0,2023-05-18,6604400,anes1821,43659c45e64539c9a0d589d50883e3d0f92e4187710b065faea753d6d234c25f,50,Nicotiana glauca
Nicotiana glauca,58334,392707277,719715158,https://inaturalist-open-data.s3.amazonaws.com/photos/719715158/large.jpg,cc-by-nc,"(c) Nickolas Rangousis, some rights reserved (CC BY-NC)",37.0745823998,25.1346675139,122.0,2026-01-08,10770252,nickragk,87c6d7387aa37a252e9db42852ac6bfe5bb5dcf6cca446c35f240ae751da17e2,51,Nicotiana glauca
Nicotiana glauca,58334,118613942,200428861,https://inaturalist-open-data.s3.amazonaws.com/photos/200428861/large.jpg,cc-by-nc,"(c) Jeanne MW, some rights reserved (CC BY-NC)",37.6657783333,-120.478805,4.0,2022-05-23,3922703,jeannefh,ee14aa2de4d61a135d3db5974bb6f33fa55725c8e98752838911eda475e7d047,52,Nicotiana glauca
Nicotiana glauca,58334,355456444,648258325,https://inaturalist-open-data.s3.amazonaws.com/photos/648258325/large.jpg,cc-by-nc,"(c) Laurent Barthe, some rights reserved (CC BY-NC)",30.5457887198,-9.7106809169,5.0,2026-04-27,2374600,laurentbarthe,992c5354974383c04e43bd4a1908e2693f370add62402528642ab4a6087b9d71,53,Nicotiana glauca
Nicotiana glauca,58334,170430286,295598606,https://inaturalist-open-data.s3.amazonaws.com/photos/295598606/large.jpeg,cc-by,"(c) Esteban Poveda, some rights reserved (CC BY)",-1.0976678304,-78.5877581787,4.0,2023-06-26,2570780,quilicotriste,5059b40b4c37c50f028d4302315f3e0d71fc668b24839e3a0ff6eab6baee6f2f,54,Nicotiana glauca
Nicotiana glauca,58334,344234814,627184002,https://inaturalist-open-data.s3.amazonaws.com/photos/627184002/large.jpg,cc-by-nc,"(c) michele sheehan, some rights reserved (CC BY-NC)",32.2784083333,-111.0247583333,4.0,2026-03-21,10178522,landwoven,960cb04d48c264faeaae16051db9feb14747bc711377a7d2e3958efd7532be95,55,Nicotiana glauca
Nicotiana glauca,58334,172354577,299193767,https://inaturalist-open-data.s3.amazonaws.com/photos/299193767/large.jpeg,cc-by-nc-sa,"(c) Jose Antonio Aranda Pineda, some rights reserved (CC BY-NC-SA)",20.3639033052,-99.6714479104,5.0,2023-07-09,16367,joseantonioap,88a16d2e6ecda693b6a9ae432f692eed4faae15bfcd1c870d6f1a64f6cc59699,56,Nicotiana glauca
Nicotiana glauca,58334,329807317,597909969,https://inaturalist-open-data.s3.amazonaws.com/photos/597909969/large.jpg,cc-by-nc,"(c) jrauton30, some rights reserved (CC BY-NC)",33.4939624497,-116.8153805955,588.0,2025-05-22,9618298,jrauton30,b8b5e2bca748278ed5554d22247afe91291197d9188da6d59ff6afb15de4cac9,57,Nicotiana glauca
Nicotiana glauca,58334,299724046,539993532,https://inaturalist-open-data.s3.amazonaws.com/photos/539993532/large.jpg,cc-by-nc,"(c) Metrodoro De Lámpsaco, some rights reserved (CC BY-NC)",21.7237871,-102.3995545,3500.0,2025-07-20,9561598,metrodoro,bb39033cb9a1f16aae48a65f7e46412b8e992df6231bac1977bbf9562de88a49,58,Nicotiana glauca
Nicotiana glauca,58334,47030616,74590868,https://inaturalist-open-data.s3.amazonaws.com/photos/74590868/large.jpeg,cc-by-nc,"(c) tarawise1, some rights reserved (CC BY-NC)",34.4530780613,-119.5908937789,16.0,2020-05-23,3045129,tarawise1,108bf39b1b49327fc62475a2bf93abf8f694343b8d29fa65a9938db6e780db6a,59,Nicotiana glauca
Nicotiana glauca,58334,355908316,649041512,https://inaturalist-open-data.s3.amazonaws.com/photos/649041512/large.jpg,cc-by-nc,"(c) Dr Manfred Jusaitis, some rights reserved (CC BY-NC)",-34.1418694444,139.6565555556,2.0,2025-05-07,2384289,manfdot,f29a38376423396dcd405b05a75f3fc3283089198659a6ac450d57c71bf71360,60,Nicotiana glauca
Ipomoea pes-caprae,60879,195773290,344502441,https://inaturalist-open-data.s3.amazonaws.com/photos/344502441/large.jpg,cc-by-nc,"(c) Júlia Gava Sandrini, some rights reserved (CC BY-NC)",-28.8233286407,-49.2157127676,8.0,2024-01-04,2345661,juliagava,ddab992fee31d5330bbb4038c14b127f428507ce7ea7f566284caaa7185d29c6,1,Ipomoea pes-caprae
Ipomoea pes-caprae,60879,130610511,222149581,https://inaturalist-open-data.s3.amazonaws.com/photos/222149581/large.jpeg,cc-by-nc,"(c) K_Kawashima, some rights reserved (CC BY-NC)",30.6927456691,130.963208336,4.0,2021-07-14,5296640,ka84mambo,7d665ac415cf6cb67957c8c571d587933d75f92d029a926b19423f53f43acc31,2,Ipomoea pes-caprae
Ipomoea pes-caprae,60879,207171105,366424283,https://inaturalist-open-data.s3.amazonaws.com/photos/366424283/large.jpg,cc-by-nc,"(c) Joe Zito, some rights reserved (CC BY-NC)",-17.0947028786,49.8111612347,357.0,2024-04-14,5308912,name_name_name,ab2361c2480b02981971a85a0266d9f4e846ed43d5e920a40526187692ae4904,3,Ipomoea pes-caprae
Ipomoea pes-caprae,60879,296231818,533381448,https://inaturalist-open-data.s3.amazonaws.com/photos/533381448/large.jpg,cc-by-nc,"(c) Sam, some rights reserved (CC BY-NC)",27.672455,-97.1711883333,4.0,2025-07-03,4031590,sm356,4d22827a19d91b522e9f7535078a387f5eaf0b0bf8db6e3706c2cf91494527d7,4,Ipomoea pes-caprae
Ipomoea pes-caprae,60879,16321380,24521230,https://inaturalist-open-data.s3.amazonaws.com/photos/24521230/large.jpeg,cc-by-nc,"(c) Raphael Forns, some rights reserved (CC BY-NC)",33.0634232052,-16.318131499,25.0,2018-08-31,772396,raphaelforns,98652c77361e6a6c9478d4c6b9e56a26d589d6d58734f90cf5ba230e55d5e21c,5,Ipomoea pes-caprae
Ipomoea pes-caprae,60879,334489845,607445887,https://inaturalist-open-data.s3.amazonaws.com/photos/607445887/large.jpg,cc-by-nc,"(c) choughed, some rights reserved (CC BY-NC)",-31.4474083333,152.93225,118.0,2026-01-12,9992705,choughed,a4b51fda918e91e49d6c24a875fe4b2f84d7dae633ba3a688099f1ae780c3d5a,6,Ipomoea pes-caprae
Ipomoea pes-caprae,60879,33989979,53443554,https://inaturalist-open-data.s3.amazonaws.com/photos/53443554/large.jpeg,cc-by-nc,"(c) Brad Grimm, some rights reserved (CC BY-NC)",22.0972305556,-159.3056333333,4.0,2019-10-06,42124,bradgrimm,dfcdd876584284448f079c7cb03fbfb7a66cb22d84b2c24b36a0d0da25d28571,7,Ipomoea pes-caprae
Ipomoea pes-caprae,60879,194430749,341764930,https://inaturalist-open-data.s3.amazonaws.com/photos/341764930/large.jpeg,cc-by-nc-sa,"(c) Vivek.N.Rathod, some rights reserved (CC BY-NC-SA)",17.8724375688,83.4427301958,67.0,2023-12-20,4179939,vivek32,72921e1429acd2031a81d27e8285fd3bd3b5832146262be52c033224338458be,8,Ipomoea pes-caprae
Ipomoea pes-caprae,60879,311863880,563013801,https://inaturalist-open-data.s3.amazonaws.com/photos/563013801/large.jpg,cc-by-nc,"(c) taralobrien, some rights reserved (CC BY-NC)",-21.8304366667,114.173375,7.0,2025-08-26,9703361,taralobrien,be11ae0be5da7c6af2058b15da2c0f021f6d39f226d6fdef5419ba171eacb2b0,9,Ipomoea pes-caprae
Ipomoea pes-caprae,60879,329829156,597956315,https://inaturalist-open-data.s3.amazonaws.com/photos/597956315/large.jpg,cc-by-nc,"(c) thibaud_gaudry, some rights reserved (CC BY-NC)",16.3503754633,-61.7508559674,2797.0,2025-01-04,5346894,thibaud_gaudry,761aff69a2aba12ad1f31fd1966988f6209bd90cd412a5b578311ae5267f7738,10,Ipomoea pes-caprae
Ipomoea pes-caprae,60879,106397799,178723913,https://inaturalist-open-data.s3.amazonaws.com/photos/178723913/large.jpeg,cc-by-nc,"(c) Dale Kristensen, some rights reserved (CC BY-NC)",-1.3758160617,-89.7005679439,3906.0,2011-07-27,3177697,dkristensen,b449627b1c2144953aafe6ce163ba330eb967662c8a49cdc2188ae3149bbd38d,11,Ipomoea pes-caprae
Ipomoea pes-caprae,60879,104030331,174255274,https://inaturalist-open-data.s3.amazonaws.com/photos/174255274/large.jpeg,cc-by-nc,"(c) Pedro G Coscarelli, some rights reserved (CC BY-NC)",-4.1912660599,-38.0725669861,2500.0,2021-12-31,12514,pedrogc,e04e1e9aa1a3931a2e3771a45aad2f53118aa418a6592bee9c977834ed684436,12,Ipomoea pes-caprae
Ipomoea pes-caprae,60879,154594314,267124806,https://inaturalist-open-data.s3.amazonaws.com/photos/267124806/large.jpeg,cc-by-nc,"(c) Craig Peter, some rights reserved (CC BY-NC)",-32.89126,28.09507,5.0,2023-04-04,833117,craigpeter,19f6022607d109cca928428ddf9ac5671b20cdc8bde6b4e9c116b44997c7298e,13,Ipomoea pes-caprae
Ipomoea pes-caprae,60879,272899575,490968009,https://inaturalist-open-data.s3.amazonaws.com/photos/490968009/large.jpg,cc-by-nc,"(c) Ace Angelo Crisostomo, some rights reserved (CC BY-NC)",7.3608583333,125.808455,4.0,2025-04-25,9185023,lgubac_esanghelo,b6bf806aa088d9562f225136b5f2ba7667453b360dca5a850079501d813c72bc,14,Ipomoea pes-caprae
Ipomoea pes-caprae,60879,34341343,54034340,https://inaturalist-open-data.s3.amazonaws.com/photos/54034340/large.jpg,cc-by-nc,"(c) JODY HSIEH, some rights reserved (CC BY-NC)",2.41884667,101.872895,4.0,2019-10-14,1415857,jodyhsieh,54a643590544d16f3ab8a8d20e55360578198cef284cfe56616b56eaa2d13006,15,Ipomoea pes-caprae
Ipomoea pes-caprae,60879,267666823,481051678,https://inaturalist-open-data.s3.amazonaws.com/photos/481051678/large.jpg,cc-by-nc,"(c) Cassy Nancarrow, some rights reserved (CC BY-NC)",-16.6647460255,139.1633395107,381.0,2014-03-30,6433388,cassy_nancarrow,59d4094f5700263d0439e6291a641e06c72e76f2121c29303323c2adb0b5e62e,16,Ipomoea pes-caprae
Ipomoea pes-caprae,60879,297017260,534876122,https://inaturalist-open-data.s3.amazonaws.com/photos/534876122/large.jpg,cc-by-nc,"(c) sarahmshapiro, some rights reserved (CC BY-NC)",19.6949607989,-80.0611712131,59.0,2025-07-11,9526231,sarahmshapiro,0ab52d96d438b671adedea79eb6a9f609880e81409aaca9e190c725681a62f36,17,Ipomoea pes-caprae
Ipomoea pes-caprae,60879,344767959,628219247,https://inaturalist-open-data.s3.amazonaws.com/photos/628219247/large.jpg,cc-by-nc,"(c) maemiti teiho, some rights reserved (CC BY-NC)",-20.5665283333,164.27427,4.0,2026-03-24,10149593,maemiti,1a24f61302f1a137c65f311e24b7a186c652be07ad5523d06ee5ff48f00ae1e5,18,Ipomoea pes-caprae
Ipomoea pes-caprae,60879,96687601,160663760,https://inaturalist-open-data.s3.amazonaws.com/photos/160663760/large.jpeg,cc-by-nc,"(c) Sébastien SANT, some rights reserved (CC BY-NC)",4.9275045659,-52.2769580873,8.0,2021-06-30,2875686,sebsant,1c1b4e1fe0f0ea39b97dda4bc1a84734880eff9869ce8adfb111ad024e47a31d,19,Ipomoea pes-caprae
Ipomoea pes-caprae,60879,314901479,568806763,https://inaturalist-open-data.s3.amazonaws.com/photos/568806763/large.jpg,cc-by,"(c) chiuluan, some rights reserved (CC BY)",23.26030326,119.51460696,3.0,2025-09-19,1583469,chiuluan,421407ad955e9d86116b13edf3c2289c4ffc968b7e49de146ecdcedd7370b38b,20,Ipomoea pes-caprae
Ipomoea pes-caprae,60879,242219063,431806353,https://inaturalist-open-data.s3.amazonaws.com/photos/431806353/large.jpeg,cc-by-nc,"(c) saracarothers, some rights reserved (CC BY-NC)",32.1688583333,-80.7142416667,4.0,2024-09-16,6620493,saracarothers,04bc8d5350a1d9843c0735f67c0e14aa90fefdeb5bf4899fe06acc5edcc489ae,21,Ipomoea pes-caprae
Ipomoea pes-caprae,60879,147673661,254151491,https://inaturalist-open-data.s3.amazonaws.com/photos/254151491/large.jpeg,cc-by-nc,"(c) Jan Ruzicka, some rights reserved (CC BY-NC)",6.5253284,79.9772021,104.0,2023-01-30,1365184,ruzickajan,8e948229ac5aa01e14354fb151794b44710c9d29a44eb06f68a8444425780f87,22,Ipomoea pes-caprae
Ipomoea pes-caprae,60879,179787759,313053134,https://inaturalist-open-data.s3.amazonaws.com/photos/313053134/large.jpeg,cc-by-nc,"(c) Belton, some rights reserved (CC BY-NC)",15.9693833333,-97.6764055556,40.0,2023-01-31,5516490,belton_belton,6b9f96c0aeef34195e24aae8c66fd0313ca793aad3080e5c13f81b09de0ef161,23,Ipomoea pes-caprae
Ipomoea pes-caprae,60879,337181365,612891819,https://inaturalist-open-data.s3.amazonaws.com/photos/612891819/large.jpg,cc0,no rights reserved,11.499770172,92.7031645595,2.0,2026-02-03,2197143,prodewald,404c0e049949dbddc2d4780548b8cc2ed563afa118a3d1a67131a9bb1d821275,24,Ipomoea pes-caprae
Ipomoea pes-caprae,60879,327787348,593885013,https://inaturalist-open-data.s3.amazonaws.com/photos/593885013/large.jpg,cc-by-nc,"(c) majkam, some rights reserved (CC BY-NC)",-16.1428503838,123.7566953233,544.0,2025-11-22,9900236,majkam,401f2bf75dd6c75b4331d010dcaae4201d99b859f730cb316f1cadb77cd44cc9,25,Ipomoea pes-caprae
Ipomoea pes-caprae,60879,147857521,254501759,https://inaturalist-open-data.s3.amazonaws.com/photos/254501759/large.jpeg,cc-by-nc,"(c) Radha Veach, some rights reserved (CC BY-NC)",19.6930632556,72.7117373431,31.0,2017-01-15,6375545,radhaveach,6933e90b852a561069926f308974dec4102bcff62a8184dd1f13305abf782c2f,26,Ipomoea pes-caprae
Ipomoea pes-caprae,60879,390961186,716317069,https://inaturalist-open-data.s3.amazonaws.com/photos/716317069/large.jpg,cc-by,"(c) Martin Jung, some rights reserved (CC BY)",9.7312933333,-82.8146916667,2.0,2026-08-13,1592520,martinjung,4206a35441bbe09f9fc4a77235e659d1c74ddf447bc6d9e9f5d831d853b44547,27,Ipomoea pes-caprae
Ipomoea pes-caprae,60879,104882436,175843219,https://inaturalist-open-data.s3.amazonaws.com/photos/175843219/large.jpeg,cc-by-nc,"(c) Martin Reith, some rights reserved (CC BY-NC)",19.7550166667,-70.41552,8.0,2022-01-13,1401081,mreith,4de72135f224fdaa8bc919e78d13362b41e1b4495c144b6fbf3589fcf629b87c,28,Ipomoea pes-caprae
Ipomoea pes-caprae,60879,268877499,483365882,https://inaturalist-open-data.s3.amazonaws.com/photos/483365882/large.jpg,cc-by,"(c) Caleb Catto, some rights reserved (CC BY)",-19.87975,147.8572533333,2.0,2025-04-06,1781642,calebcatto,9bc7e8ea09124a8677f2a08f19725af79d72989b2f1dbacaef7a6f6d36964a9d,29,Ipomoea pes-caprae
Ipomoea pes-caprae,60879,50844309,80755677,https://inaturalist-open-data.s3.amazonaws.com/photos/80755677/large.jpeg,cc-by,"(c) Utain Pummarin, some rights reserved (CC BY)",12.82711156,100.91029003,8.0,2020-06-25,852868,utain,c6470b809a10723b49738bd9dd679f2ecc8c0efc6723b06c43694c0e8d5a419a,30,Ipomoea pes-caprae
Ipomoea pes-caprae,60879,103708516,173635776,https://inaturalist-open-data.s3.amazonaws.com/photos/173635776/large.jpeg,cc-by-nc,"(c) claudia_mermelstein, some rights reserved (CC BY-NC)",-22.9430244324,-43.1779543371,4.0,2021-12-26,3622442,claudia_mermelstein,6a85fe5785d6d79e77ccc9b2b7fd78ca68fb98969280c35327dca59de548790c,31,Ipomoea pes-caprae
Ipomoea pes-caprae,60879,344117076,626962903,https://inaturalist-open-data.s3.amazonaws.com/photos/626962903/large.jpg,cc-by,"(c) pavlaki1968, some rights reserved (CC BY)",-25.9588383333,32.6062666667,3.0,2026-03-21,2874814,pavlaki1968,ecb211e72f618712d17cc99cd049a4ad064d257774a9923f86e512af9c87e2c5,32,Ipomoea pes-caprae
Ipomoea pes-caprae,60879,358174958,653366405,https://inaturalist-open-data.s3.amazonaws.com/photos/653366405/large.jpg,cc-by-nc,"(c) Donna Schakelaar, some rights reserved (CC BY-NC)",-12.3316758864,130.898675099,502.0,2026-05-03,1183361,donna165,ff73dab05e27d7adff663cd5e954fe4287846b61c33a9f37c588344e6b7d4276,33,Ipomoea pes-caprae
Ipomoea pes-caprae,60879,340496769,619642876,https://inaturalist-open-data.s3.amazonaws.com/photos/619642876/large.jpg,cc-by-nc,"(c) Shawn Brescia, some rights reserved (CC BY-NC)",19.170828,-104.660074,31.0,2026-02-19,3615306,shawnb2,742755a0df0ac1859cd58a0c61c9cfc4a06efd05f472978bfd62e5e37c202b6d,34,Ipomoea pes-caprae
Ipomoea pes-caprae,60879,86001617,141601972,https://inaturalist-open-data.s3.amazonaws.com/photos/141601972/large.jpeg,cc-by-nc,"(c) andresmoraless, some rights reserved (CC BY-NC)",14.5391418,-90.4465306,208.0,2021-07-06,4057876,andresmoraless,9579077f7e6c3166fc1406539e9c019d9a9cb5fd8a041a54284020d6b66b2bfc,35,Ipomoea pes-caprae
Ipomoea pes-caprae,60879,313133726,565444325,https://inaturalist-open-data.s3.amazonaws.com/photos/565444325/large.jpg,cc-by-nc,"(c) Howard Horne, some rights reserved (CC BY-NC)",30.2332533333,-88.288025,4.0,2025-09-11,1059509,howardhorne,043ec46dfcdef1421a0a1c6f09cac3b5d595f0db6a9ff711949b8b7ce7f9a32c,36,Ipomoea pes-caprae
Ipomoea pes-caprae,60879,313538404,566226948,https://inaturalist-open-data.s3.amazonaws.com/photos/566226948/large.jpg,cc-by-nc,"(c) lolinameg, some rights reserved (CC BY-NC)",20.6281959924,-87.0672228338,9.0,2025-09-13,5563764,lolinameg,afe5cff99610e9a5c811ba67241282df4db1d889f022354b808b4ffb24a93c66,37,Ipomoea pes-caprae
Ipomoea pes-caprae,60879,164164543,284015989,https://inaturalist-open-data.s3.amazonaws.com/photos/284015989/large.jpeg,cc-by-nc,"(c) bushreader, some rights reserved (CC BY-NC)",-24.9223371015,152.4918617681,15.0,2023-03-27,2994779,bushreader,197530898c58df285ad86ea97105925afdc0723fca8beed1ba5af102749405f2,38,Ipomoea pes-caprae
Ipomoea pes-caprae,60879,312026231,563312523,https://inaturalist-open-data.s3.amazonaws.com/photos/563312523/large.jpg,cc-by-nc,"(c) Juan Diego Döke, some rights reserved (CC BY-NC)",26.1362879523,-81.8060028674,15.0,2025-08-14,2713693,bigoti,c3410680bf415f9124667d3bb9bc6ca8768c4390a73c955480c7dbd75ff45156,39,Ipomoea pes-caprae
Ipomoea pes-caprae,60879,138627472,236978301,https://inaturalist-open-data.s3.amazonaws.com/photos/236978301/large.jpeg,cc-by-nc,"(c) Eric Fischer Rempe, some rights reserved (CC BY-NC)",-9.8594710213,-35.9039891884,47.0,2022-10-13,1699754,ericfischerrempe,b796e3c60993f988ddc1c4277301954cf582424c860b8b59bce7d0a201610dcc,40,Ipomoea pes-caprae
Ipomoea pes-caprae,60879,247869541,442785219,https://inaturalist-open-data.s3.amazonaws.com/photos/442785219/large.jpeg,cc-by,"(c) renaradelt, some rights reserved (CC BY)",7.4859447008,99.0838983678,6.0,2024-10-18,5947771,renaradelt,aa4e6d039bd60ffc8f3041e95c94df6452b86c0b241457f1f29ff07ef053e3e3,41,Ipomoea pes-caprae
Ipomoea pes-caprae,60879,203692259,359926662,https://inaturalist-open-data.s3.amazonaws.com/photos/359926662/large.jpg,cc-by,"(c) krumpianking, some rights reserved (CC BY)",-15.471589793,145.2633097536,39.0,2024-02-27,3959431,krumpianking,4dc66f8a9cb45abbc1b3a0a71b6213f425b0d7ab7dedadc170439cd83e5efbad,42,Ipomoea pes-caprae
Ipomoea pes-caprae,60879,320123845,578753396,https://inaturalist-open-data.s3.amazonaws.com/photos/578753396/large.jpg,cc-by-nc,"(c) Rex Jiang, some rights reserved (CC BY-NC)",26.4928541177,127.8428278347,3.0,2025-10-11,9225182,rexjiang,66a195a03b2a3ba1a381096f060d3dc8b3376ff9aa863fc671a2491c97cf1c42,43,Ipomoea pes-caprae
Ipomoea pes-caprae,60879,65319157,105111311,https://inaturalist-open-data.s3.amazonaws.com/photos/105111311/large.jpeg,cc-by-nc,"(c) Mayur Fulmali, some rights reserved (CC BY-NC)",11.5182480607,79.7673464566,237.0,2020-10-26,3855036,mayur_fulmali,b7ba48974e6a1b672489c1efbc0c9ba8ebc87f1cf85441e4e46a803cd5365996,44,Ipomoea pes-caprae
Ipomoea pes-caprae,60879,2762989,3126988,https://inaturalist-open-data.s3.amazonaws.com/photos/3126988/large.JPG,cc-by-nc,"(c) Liselle Santos, some rights reserved (CC BY-NC)",18.515814,120.727386,4032.0,2016-03-05,104203,liselle,cdb64d62089a11f45f8798081cac09989a7a0e15d7f92cb571f00ffd981c14e3,45,Ipomoea pes-caprae
Ipomoea pes-caprae,60879,251686227,450388873,https://inaturalist-open-data.s3.amazonaws.com/photos/450388873/large.jpeg,cc-by,"(c) white_cheeked_barbet, some rights reserved (CC BY)",9.1321386565,76.463900283,330.0,2024-11-09,8552322,anand_mohan_,9ef06981c2c9d57e4a72b652e7c79d165f3928673ffa74a3d5be4aacc615d458,46,Ipomoea pes-caprae
Ipomoea pes-caprae,60879,67705071,109458627,https://inaturalist-open-data.s3.amazonaws.com/photos/109458627/large.jpeg,cc-by-nc,"(c) Martin Reith, some rights reserved (CC BY-NC)",18.32992488,-74.39932305,5.0,2021-01-03,1401081,mreith,3b612dade049bbdabdf5834c94c20e25def851a3b0523575f1905371181df7e0,47,Ipomoea pes-caprae
Ipomoea pes-caprae,60879,335967374,610435558,https://inaturalist-open-data.s3.amazonaws.com/photos/610435558/large.jpg,cc-by-nc,"(c) altagray, some rights reserved (CC BY-NC)",-29.712773415,31.0931754365,2.0,2026-01-24,7897411,altagray,7ecef6694db33591a71beac62dcccbab40517bf513b893d88961ce66e5105745,48,Ipomoea pes-caprae
Ipomoea pes-caprae,60879,340754086,620164172,https://inaturalist-open-data.s3.amazonaws.com/photos/620164172/large.jpg,cc-by-nc,"(c) Fabio Pires, some rights reserved (CC BY-NC)",-24.16108007,-46.74121163,6.0,2026-03-01,9338841,fabio34864,1f7d60994d9f5cd0c272b947c56844983fb975808d866c3c2d0410a19b47c4d8,49,Ipomoea pes-caprae
Ipomoea pes-caprae,60879,15106277,22566627,https://inaturalist-open-data.s3.amazonaws.com/photos/22566627/large.jpg,cc-by,"(c) Cheng-Tao Lin, some rights reserved (CC BY)",25.48517,122.104195,16.0,2018-07-31,668245,mutolisp,60917a97b67e9ce66c4d99c2c3e61a677b5bf9d519adcc4cc4b0a1c44b3842d5,50,Ipomoea pes-caprae
Ipomoea pes-caprae,60879,1612146,1981782,https://inaturalist-open-data.s3.amazonaws.com/photos/1981782/large.jpg,cc0,no rights reserved,-27.980241,153.429759,3.0,2011-11-04,57661,pjd1,59ff62e5665d74dc1108792caa5eed969a2e54134605e12346a5f7cf16715de6,51,Ipomoea pes-caprae
Ipomoea pes-caprae,60879,286990698,515998976,https://inaturalist-open-data.s3.amazonaws.com/photos/515998976/large.jpg,cc-by-nc,"(c) jmincham, some rights reserved (CC BY-NC)",-20.6323033333,117.1980366667,4.0,2025-06-05,6068562,jmincham,2e8d4d9e1474ddfd6dce83949c9d98e443e4a9c03a4226869aee90933db7a050,52,Ipomoea pes-caprae
Ipomoea pes-caprae,60879,281278785,505262969,https://inaturalist-open-data.s3.amazonaws.com/photos/505262969/large.jpg,cc-by-nc,"(c) sparkypetunia, some rights reserved (CC BY-NC)",29.0361290235,-80.9180379286,200.0,2025-05-15,5685596,sparkypetunia,fad32d63e31e02e825a6bb342c322d9ed2c4c2fcf3525ee547c3c5f511218e31,53,Ipomoea pes-caprae
Ipomoea pes-caprae,60879,230923465,410077760,https://inaturalist-open-data.s3.amazonaws.com/photos/410077760/large.jpeg,cc-by,"(c) Maura, some rights reserved (CC BY)",20.71574512,-156.44641829,9.0,2024-07-10,59490,mduffy,30bd71104bd6253154cd2701961e99141cf034133ba878b41e80b82b567de793,54,Ipomoea pes-caprae
Ipomoea pes-caprae,60879,393871791,721993936,https://inaturalist-open-data.s3.amazonaws.com/photos/721993936/large.jpg,cc-by-nc,"(c) Tom Radocy, some rights reserved (CC BY-NC)",18.49305,-77.63321,6.0,2026-08-23,6627312,tomnatprairie,4099b625f718651dd51a9ca3e28490b45718e9774723f69dbdacd18e8f819bf9,55,Ipomoea pes-caprae
Ipomoea pes-caprae,60879,49140826,78005217,https://inaturalist-open-data.s3.amazonaws.com/photos/78005217/large.jpg,cc-by-nc,"(c) mereknox, some rights reserved (CC BY-NC)",29.2328812913,-94.886282649,18.0,2020-06-10,2785197,mereknox,f20262469410052143a718d0c1864cbd8292e6e202fdde59f268e707944a4927,56,Ipomoea pes-caprae
Ipomoea pes-caprae,60879,304162369,548297147,https://inaturalist-open-data.s3.amazonaws.com/photos/548297147/large.jpg,cc-by,"(c) Sarka Masova, some rights reserved (CC BY)",9.7955857,99.98117698,4.0,2025-08-06,2798683,eeuforiee,7e323c179f0b13de9786361c73925a70ff7f786e0425668f72a178d6c4891b0f,57,Ipomoea pes-caprae
Ipomoea pes-caprae,60879,350373097,639271287,https://inaturalist-open-data.s3.amazonaws.com/photos/639271287/large.jpg,cc-by-nc,"(c) Hendrik McCarthy, some rights reserved (CC BY-NC)",-23.12852293,150.74955073,3.0,2026-04-17,6532399,hendrikmc,c859764bf52b8e12e82e463d625b3310a1a681b62854403dc704c182757aa1d2,58,Ipomoea pes-caprae
Ipomoea pes-caprae,60879,311606942,562527398,https://inaturalist-open-data.s3.amazonaws.com/photos/562527398/large.jpg,cc-by-nc,"(c) Remi Osborne, some rights reserved (CC BY-NC)",-17.998640254,122.1956732869,6.0,2025-09-05,9160844,remiaosborne,5732a2fb7661e1dad603c80cdca64aa469bead21abc1d110d299e7e6dfbc1284,59,Ipomoea pes-caprae
Ipomoea pes-caprae,60879,122808336,207972908,https://inaturalist-open-data.s3.amazonaws.com/photos/207972908/large.jpg,cc-by-nc,"(c) smathichong, some rights reserved (CC BY-NC)",6.8846383333,101.2840116667,5.0,2022-06-21,2886775,smathichong,2e9613cace6094e50476855cc5765cd6fcaebfedf02771df8e798554987624f9,60,Ipomoea pes-caprae
Delonix regia,62839,150641369,259796024,https://inaturalist-open-data.s3.amazonaws.com/photos/259796024/large.jpg,cc-by-nc,"(c) chorthippus, some rights reserved (CC BY-NC)",-24.856052317,113.7060818443,15.0,2022-11-24,2197258,chorthippus,07e787903b5ed19a75ad8e2de0274f5d0e99f2ad7c5627519cb419edae832026,1,Delonix regia
Delonix regia,62839,375950986,687333708,https://inaturalist-open-data.s3.amazonaws.com/photos/687333708/large.jpg,cc-by-nc,"(c) naturalcomoelcoqui, some rights reserved (CC BY-NC)",18.4362337,-66.02033738,3.0,2026-06-27,9396456,naturalcomoelcoqui,5977cd2fad03ad16e1cf10ed4b21d91e6b805916c7b82e8aeff162630ceec63d,2,Delonix regia
Delonix regia,62839,291525665,524521932,https://inaturalist-open-data.s3.amazonaws.com/photos/524521932/large.jpg,cc-by-nc,"(c) redwyrm, some rights reserved (CC BY-NC)",34.6762218991,33.0433917047,372.0,2025-06-21,9411118,redwyrm,b9a17058e9603e226e06af732110332e116e4bde61c8045008a816099c99ae10,3,Delonix regia
Delonix regia,62839,344618866,627939368,https://inaturalist-open-data.s3.amazonaws.com/photos/627939368/large.jpg,cc-by-nc,"(c) Sabelo norman Nkosi, some rights reserved (CC BY-NC)",-28.3549943,32.2474863,899.0,2026-03-23,10153749,sabelo_norman,c69dbaaf392687352463975b2b2e95e3e43595cac08e852300b20cde94c69f89,4,Delonix regia
Delonix regia,62839,273243511,491479872,https://inaturalist-open-data.s3.amazonaws.com/photos/491479872/large.jpeg,cc-by,"(c) HM Emon, some rights reserved (CC BY)",22.7115729529,90.356694907,210.0,2025-04-13,8889571,hello_hmemon,72fba59037b7634f66c2b54c9adcfa7023e9e00846ae2b234210c89dcea4cf07,5,Delonix regia
Delonix regia,62839,366563322,669349916,https://inaturalist-open-data.s3.amazonaws.com/photos/669349916/large.jpg,cc-by,"(c) Gabriel, some rights reserved (CC BY)",13.4753666667,144.7310633333,5.0,2026-05-30,9048013,miqeri,54cf33a4dd1bfb994f181fb7d0b0f61249276718d629f1d476e28d944614dea2,6,Delonix regia
Delonix regia,62839,150592136,259698972,https://inaturalist-open-data.s3.amazonaws.com/photos/259698972/large.jpg,cc-by,"(c) Diogo Luiz, some rights reserved (CC BY)",-22.8728907562,-41.9832680493,419.0,2023-02-24,1876348,diogoluiz,69cacfa89813791c229a8204159d2aa4cfa865afe71b5467f9ce4d7a5b46485d,7,Delonix regia
Delonix regia,62839,82966376,136219632,https://inaturalist-open-data.s3.amazonaws.com/photos/136219632/large.jpeg,cc-by-nc,"(c) Pierre-Louis Stenger, some rights reserved (CC BY-NC)",-21.7274645528,165.7168418448,55.0,2020-12-21,3208595,pl_stenger,095cf698eca3ead363fd728124a83c7c4a3a41cb5351811b8772e4c2ba86f108,8,Delonix regia
Delonix regia,62839,366447245,669125559,https://inaturalist-open-data.s3.amazonaws.com/photos/669125559/large.jpg,cc-by-nc,"(c) hectorjmz, some rights reserved (CC BY-NC)",19.1146221667,-104.400405,29.0,2026-05-29,6487437,hectorjmz,16073f4db7a6e05740530b4475ecade9891213e22ee87f25aa1d87fd31152553,9,Delonix regia
Delonix regia,62839,18860059,28923809,https://inaturalist-open-data.s3.amazonaws.com/photos/28923809/large.jpg,cc-by-nc,"(c) thierola, some rights reserved (CC BY-NC)",-0.5247471621,34.4536397327,5.0,2018-12-06,48333,thierola,fc680ce32ace91a927740d2dc84f2e9df44ff81152e8a9a0a040ca795711ddba,10,Delonix regia
Delonix regia,62839,297830149,536412694,https://inaturalist-open-data.s3.amazonaws.com/photos/536412694/large.jpg,cc-by-nc,"(c) Lin, Zhanyi, some rights reserved (CC BY-NC)",24.2085942941,118.0213607537,1812.0,2018-06-21,2118040,antongsky,c6129b8a7c72fb9835436e4cdee84588336ae21cedefcc6830c1d9d89963c8a2,11,Delonix regia
Delonix regia,62839,41000880,65005804,https://inaturalist-open-data.s3.amazonaws.com/photos/65005804/large.jpeg,cc-by,"(c) Frank Dietze, some rights reserved (CC BY)",-0.9031235,-89.6108942,3388.0,2013-01-22,1366509,frankdietze,c582848400b6e66bc40795f258c4d1763938bc8e828f425b7cb955456e84e9d7,12,Delonix regia
Delonix regia,62839,367024900,670229948,https://inaturalist-open-data.s3.amazonaws.com/photos/670229948/large.jpg,cc-by-nc,"(c) karlslug, some rights reserved (CC BY-NC)",-20.2145540522,57.4046498437,5.0,2023-12-22,10024853,karlslug,ada66581f7ec2dcd8c846b744b14e9963f03a7d66ae1c7a803fde7f5b71c5f16,13,Delonix regia
Delonix regia,62839,140962262,241379798,https://inaturalist-open-data.s3.amazonaws.com/photos/241379798/large.jpg,cc-by-nc,"(c) Luísa Salema, some rights reserved (CC BY-NC)",-8.82577876,13.2277120973,1678.0,2022-11-03,4362045,zizazul,15279c1710a887c4465bf24f541eb8e110d802a6bfe4963f9fff16162ba9c24d,14,Delonix regia
Delonix regia,62839,44675559,70829180,https://inaturalist-open-data.s3.amazonaws.com/photos/70829180/large.jpeg,cc-by-nc,"(c) Renata Xavier, some rights reserved (CC BY-NC)",-3.0766288058,-59.9775472906,244.0,2020-04-25,920992,renata_xavier,ead81b230ad8915340c36884f3711068fb6ed66de816a3c60620cbdc0b05439b,15,Delonix regia
Delonix regia,62839,321448143,581334569,https://inaturalist-open-data.s3.amazonaws.com/photos/581334569/large.jpg,cc-by-nc,"(c) Jim Moore (Maryland), some rights reserved (CC BY-NC)",-12.467646,130.842342,216.0,2025-09-26,2168790,jimmoore,db0e5cfffe0dcbafd9c7183b06e6a70730cda2f9ace5c948411994438166b671,16,Delonix regia
Delonix regia,62839,342396723,623517030,https://inaturalist-open-data.s3.amazonaws.com/photos/623517030/large.jpg,cc-by-nc,"(c) Cleo Maryflor Robin, some rights reserved (CC BY-NC)",6.4837234939,124.839768447,30.0,2026-03-10,10188225,cleo_maryflor,c18db33fdc32912677a1f424dd0ec0990960ef003d515561362f385ecf62e48e,17,Delonix regia
Delonix regia,62839,276727704,496885736,https://inaturalist-open-data.s3.amazonaws.com/photos/496885736/large.jpg,cc-by,"(c) Ashwin A, some rights reserved (CC BY)",9.9761158989,76.5979762003,383.0,2025-04-27,6782812,bioexplorer_ash,e30f24325807123192b1ec62cd49532a6f223092318fdd03ca46933d6741a992,18,Delonix regia
Delonix regia,62839,19664015,30285054,https://inaturalist-open-data.s3.amazonaws.com/photos/30285054/large.jpg,cc-by-nc,"(c) elbuendia, some rights reserved (CC BY-NC)",22.6698283333,-83.7075716667,5.0,2018-06-15,1430178,elbuendia,ca1f5237dc8f5481f9725c4b238252812b000e52b673da1a8e92478a7e91c783,19,Delonix regia
Delonix regia,62839,157114128,271694654,https://inaturalist-open-data.s3.amazonaws.com/photos/271694654/large.jpeg,cc-by-nc,"(c) Татьяна Химера, some rights reserved (CC BY-NC)",8.0672963372,98.9170101118,1.0,2023-02-27,6739329,tatiana_chimera,7df26a2c95bafa70b3d11ea5fd85be1ed6b32fc4195976989e24fd6f1869e80e,20,Delonix regia
Delonix regia,62839,356132849,649445715,https://inaturalist-open-data.s3.amazonaws.com/photos/649445715/large.jpg,cc-by-nc,"(c) Sahil Sharma, some rights reserved (CC BY-NC)",29.9132877788,73.8827859756,2.0,2026-04-28,9959232,sahiltree,f9e21f376515c587c51ce7a4774de1c81d0af67a91811ae9772bdfc1f6715938,21,Delonix regia
Delonix regia,62839,50110889,79567242,https://inaturalist-open-data.s3.amazonaws.com/photos/79567242/large.jpeg,cc-by-nc-sa,"(c) Gabriel Camilo Jaramillo Giraldo, some rights reserved (CC BY-NC-SA)",6.2521932948,-75.5809302348,4.0,2020-06-09,86081,camilojotage,67dca7e7373a68d3b5bc6e4fdd2be74ff26272873abc0f3b3fb50a03a3a6b930,22,Delonix regia
Delonix regia,62839,265098253,476109821,https://inaturalist-open-data.s3.amazonaws.com/photos/476109821/large.jpeg,cc-by-nc,"(c) Evandro Mariano, some rights reserved (CC BY-NC)",-9.491334827,-35.5779137542,2000.0,2023-01-23,6486116,evandro-mariano,69ac68f29e50e5dec1f96b15fcd87a660b1db37a11e3a7d42efcc5323df16bb5,23,Delonix regia
Delonix regia,62839,153071812,264329373,https://inaturalist-open-data.s3.amazonaws.com/photos/264329373/large.jpg,cc-by,"(c) Morten Ross, some rights reserved (CC BY)",-19.4941,-56.95784,10.0,2013-11-14,98825,morten,49832a255f4e58f9bc3dc51771f340f2b915d9f1a02e081cc428be49d83840a6,24,Delonix regia
Delonix regia,62839,170492891,295714080,https://inaturalist-open-data.s3.amazonaws.com/photos/295714080/large.jpg,cc-by-nc,"(c) allirk9, some rights reserved (CC BY-NC)",32.34893,-64.7098783333,6.0,2023-06-24,2981087,allirk9,38a835f092e559a6e0803950803dcd526687d81f4b42f6cf3e49ec03d2642a86,25,Delonix regia
Delonix regia,62839,248895695,444818921,https://inaturalist-open-data.s3.amazonaws.com/photos/444818921/large.jpeg,cc-by-nc,"(c) riddhishukla, some rights reserved (CC BY-NC)",22.3158345784,39.0924835812,249.0,2024-10-24,8674787,riddhishukla,f96253637f9ee19b8db61a9dc7f428f73271aeeb8f4fc7adb6a93e0fe474fb5d,26,Delonix regia
Delonix regia,62839,327216523,592768595,https://inaturalist-open-data.s3.amazonaws.com/photos/592768595/large.jpg,cc-by-nc,"(c) melissafor, some rights reserved (CC BY-NC)",-28.4183416667,153.3524783333,2.0,2025-11-19,7014874,melissafor,184143d11a5b7012e8ad96f59b2fdea1b34b3d577ce8201bf0c097a7fa78741a,27,Delonix regia
Delonix regia,62839,255372958,457640751,https://inaturalist-open-data.s3.amazonaws.com/photos/457640751/large.jpeg,cc-by-nc,"(c) Nashka, some rights reserved (CC BY-NC)",-22.9178919106,44.5738500982,1953.0,2024-11-18,7060119,nashka1205,afcfb0e68d723f907a8a3e2d1f7f6c1e41e3e9ff891e9a5df23d3bdcd20c04be,28,Delonix regia
Delonix regia,62839,390570239,715556459,https://inaturalist-open-data.s3.amazonaws.com/photos/715556459/large.jpg,cc-by-nc,"(c) mia-thi-bup, some rights reserved (CC BY-NC)",20.2287566,105.9353977,350.0,2026-05-09,10140042,mia-thi-bup,e9583217148c6213f68a0487c3dc1476fa72dadb85eafb1dac074c1cbb21425e,29,Delonix regia
Delonix regia,62839,44238857,70114459,https://inaturalist-open-data.s3.amazonaws.com/photos/70114459/large.jpeg,cc-by-nc,"(c) Eric van den Berghe, some rights reserved (CC BY-NC)",11.4432199214,-86.080699703,31.0,2003-05-04,777230,ericvandenberghe,01bc7cb20eceb9429a2e3a9b31eefcef10f3d0fd1a3ac97a4bbe8b77fe854878,30,Delonix regia
Delonix regia,62839,85069191,139907351,https://inaturalist-open-data.s3.amazonaws.com/photos/139907351/large.jpeg,cc-by-nc,"(c) feno, some rights reserved (CC BY-NC)",-12.3381458,49.35225896,7.0,2020-12-13,177295,feno,655c9474c200a8598470f55954909f2c013a3f6b15c8508ab2e3f9bdc8892ea2,31,Delonix regia
Delonix regia,62839,81733275,134071605,https://inaturalist-open-data.s3.amazonaws.com/photos/134071605/large.jpeg,cc-by-nc,"(c) Miguel A. Casado, some rights reserved (CC BY-NC)",7.5910794444,38.691922471,4.0,2020-03-03,4303576,macasado,ca7244b08c35d96b3931a691d0f76399595d0ccd73cd18a0a982929f8e6f42b5,32,Delonix regia
Delonix regia,62839,350747170,640009111,https://inaturalist-open-data.s3.amazonaws.com/photos/640009111/large.jpg,cc-by-nc,"(c) steve-v, some rights reserved (CC BY-NC)",18.6702502844,73.7598745844,47.0,2017-05-13,5527136,steve-v,14c108366db87b3e27a149d84640678f34aec00c1ac301265562a69027d08e24,33,Delonix regia
Delonix regia,62839,12466738,18003276,https://inaturalist-open-data.s3.amazonaws.com/photos/18003276/large.jpg,cc-by-nc,"(c) adaylin1, some rights reserved (CC BY-NC)",26.2117283333,-98.1931616667,65.0,2018-05-14,929331,adaylin1,b274ef81ad305e620e59b5e4aa42f32f18729cba09362d5592edd8d9a3f479c7,34,Delonix regia
Delonix regia,62839,365192690,666728508,https://inaturalist-open-data.s3.amazonaws.com/photos/666728508/large.jpg,cc-by-nc,"(c) Christine Mae Dela Cruz (Dela Cruz, Christine Mae), some rights reserved (CC BY-NC)",14.5554433333,121.042625,3.0,2026-05-26,10566758,christine_mae2,8bea146c7c0a1340ac9b347d287330d15c41816f389601761e05a35cd51df790,35,Delonix regia
Delonix regia,62839,223052644,395180692,https://inaturalist-open-data.s3.amazonaws.com/photos/395180692/large.jpeg,cc-by-nc-sa,"(c) Vivek.N.Rathod, some rights reserved (CC BY-NC-SA)",17.7717973212,83.3424361155,244.0,2024-06-16,4179939,vivek32,a8ea80b91d88a854b00e509e3d0cd4d0720d83b6e658b969e076a5b1fefff8c5,36,Delonix regia
Delonix regia,62839,31324637,49016711,https://inaturalist-open-data.s3.amazonaws.com/photos/49016711/large.jpg,cc-by-nc,"(c) feverz, some rights reserved (CC BY-NC)",17.9409833333,-76.9074083333,16.0,2019-08-22,1622151,feverz,24f3c4f15e29625740b0e800ba2e924ab875e64a682dba0f42aabadb8e13d333,37,Delonix regia
Delonix regia,62839,41652371,66078146,https://inaturalist-open-data.s3.amazonaws.com/photos/66078146/large.jpeg,cc-by-nc,"(c) ivanfedericoebrecht, some rights reserved (CC BY-NC)",-27.0398570216,-55.2307280526,4208.0,2019-12-18,2485502,ivanfedericoebrecht,8cae404acd13b8d519411ede80509239fcd04ee82c0f8ffa84b199871ba467fd,38,Delonix regia
Delonix regia,62839,248243726,443519151,https://inaturalist-open-data.s3.amazonaws.com/photos/443519151/large.jpg,cc-by-nc,"(c) guillaumecalcagni, some rights reserved (CC BY-NC)",-8.2162951889,124.5260831652,74.0,2024-10-19,7276480,guillaumecalcagni,44701979c699ab75c3435f4850d5602b3d22aa4c3afa59f8ea7810a031f17f4b,39,Delonix regia
Delonix regia,62839,155213761,268265182,https://inaturalist-open-data.s3.amazonaws.com/photos/268265182/large.jpeg,cc-by-nc,"(c) Jacques, some rights reserved (CC BY-NC)",13.3643527778,103.860375,5.0,2018-06-29,3816029,jacqu0,e6b21091101da1960fe2abcb21e75d42325ab5171cd8ce5bc66a78dccee2f5fa,40,Delonix regia
Delonix regia,62839,68382371,110710647,https://inaturalist-open-data.s3.amazonaws.com/photos/110710647/large.jpeg,cc-by-nc,"(c) Andrés Guevara, some rights reserved (CC BY-NC)",0.9900857159,-79.6460502546,22.0,2018-12-13,3966661,andres_guevara,3192bc87076665f70ca3fdf28b82dc4b364c664070121542ef4681d5eef252e0,41,Delonix regia
Delonix regia,62839,191822861,336611651,https://inaturalist-open-data.s3.amazonaws.com/photos/336611651/large.jpeg,cc-by-nc,"(c) Pedro Mira, some rights reserved (CC BY-NC)",-19.7161753083,-47.9603001103,5.0,2023-10-31,6354539,pedromira,00d7f0a60649b554f55b3ce8fba98a93eb4ac8d237c2690aa7df976831b36a40,42,Delonix regia
Delonix regia,62839,228492310,405471965,https://inaturalist-open-data.s3.amazonaws.com/photos/405471965/large.jpeg,cc-by,"(c) Rosalinda Melendrez, some rights reserved (CC BY)",16.6294331465,-89.8745956644,221.0,2024-07-10,7323498,rosalinda30074,27d3e1171a1eb39577b3cd3937a1e9d4290e1683efe1451e7e26ce97114ffe10,43,Delonix regia
Delonix regia,62839,167614124,290379748,https://inaturalist-open-data.s3.amazonaws.com/photos/290379748/large.jpeg,cc-by-nc,"(c) Kristin A. Bakkegard, some rights reserved (CC BY-NC)",25.04408792,-77.2686726,8.0,2023-06-15,45587,kbakkegard,a6b6cfa602fe0408425b44e8e4f225b26a67f4a662c1bca3b8c893b56a868ae6,44,Delonix regia
Delonix regia,62839,373201555,682024310,https://inaturalist-open-data.s3.amazonaws.com/photos/682024310/large.jpg,cc-by-nc,"(c) Manu, some rights reserved (CC BY-NC)",23.121749,79.9276651,1327.0,2026-06-19,8763876,aditya_puthenpura,f11905f9450c0831dd1496cd583a8101d9fdb932f6096ae25e3d0bcca6ba0da1,45,Delonix regia
Delonix regia,62839,269185231,483961962,https://inaturalist-open-data.s3.amazonaws.com/photos/483961962/large.jpeg,cc-by-nc,"(c) Vinícius, some rights reserved (CC BY-NC)",2.8209223904,-60.6671724468,224.0,2025-04-07,8101435,viniciusviana,49180aa64a706afe657ea9b3c96f2c8f6b3143167db844a849408d476e982ad3,46,Delonix regia
Delonix regia,62839,81524731,133732192,https://inaturalist-open-data.s3.amazonaws.com/photos/133732192/large.jpeg,cc-by,"(c) Guillermo J. Fadul R., some rights reserved (CC BY)",8.6878851,-80.6437834,210.0,2019-05-10,1189406,guillermofadul,a0d8a312823bd2970805d6c9307f584fc44a4168f7263f4f8c0c02a197cc46d4,47,Delonix regia
Delonix regia,62839,65918243,106175906,https://inaturalist-open-data.s3.amazonaws.com/photos/106175906/large.jpeg,cc-by-nc,"(c) Jacques, some rights reserved (CC BY-NC)",22.014417,96.106883,73.0,2016-08-15,3816029,jacqu0,4e17e5a230e081c09e2fa7a166bd772eebf856f028f8a15027df43a53998c267,48,Delonix regia
Delonix regia,62839,292941344,529564191,https://inaturalist-open-data.s3.amazonaws.com/photos/529564191/large.jpg,cc-by-nc,"(c) anyeli Sanchez, some rights reserved (CC BY-NC)",19.3977550391,-71.4046308104,56.0,2025-06-23,9456017,anyeli_sanchez16,9530cb55bca2fbc5d281e681f09f127adfad5e5b6e52c80a9fbafdb53c781083,49,Delonix regia
Delonix regia,62839,300302988,541074791,https://inaturalist-open-data.s3.amazonaws.com/photos/541074791/large.jpg,cc-by,"(c) Raja Sekhar Chimirala, some rights reserved (CC BY)",15.4728263,78.4977803,185.0,2025-07-23,6815041,raja_sekhar,6f370250f08dcf6d28ff6ea10dbdaa88873a3ea61e33edbdd5fa2f5c471f72e0,50,Delonix regia
Delonix regia,62839,99084869,165106205,https://inaturalist-open-data.s3.amazonaws.com/photos/165106205/large.jpeg,cc-by-nc,"(c) Matheus Maximilian Ratz Scoarize, some rights reserved (CC BY-NC)",-23.410351,-51.91552,28.0,2021-10-23,4692082,matheus_scoarize,62cc1d2550adb01f666effaed8eac116efcd686e449faa245e1cae84aa2bd1fb,51,Delonix regia
Delonix regia,62839,382249290,699513883,https://inaturalist-open-data.s3.amazonaws.com/photos/699513883/large.jpg,cc-by-nc,"(c) eldian, some rights reserved (CC BY-NC)",23.0304123106,72.5669224933,8.0,2026-07-17,10519790,eldian,7435aad02d270717efd11b0c2a2a692a97beb7afff2c22f3ad79211c8c3f15e7,52,Delonix regia
Delonix regia,62839,218252198,386187128,https://inaturalist-open-data.s3.amazonaws.com/photos/386187128/large.jpg,cc-by-nc,"(c) AMAURI DIAZ SOLIS, some rights reserved (CC BY-NC)",21.1454686,-88.1496087,4507.0,2024-05-18,1356479,amaurydiaz,99c08d227d6867780fe4b1d1736627ce2473d302a87e01233d6cbe931d8c31ae,53,Delonix regia
Delonix regia,62839,24404754,37737237,https://inaturalist-open-data.s3.amazonaws.com/photos/37737237/large.jpeg,cc-by-nc,"(c) Cheongweei Gan, some rights reserved (CC BY-NC)",16.6299998,100.9398685,175.0,2019-05-02,44170,gancw1,5193326dd9fd6f37ff98c16c2adc9816a1f8d38745a64ee95033a54d0fdf721f,54,Delonix regia
Delonix regia,62839,47379643,75143959,https://inaturalist-open-data.s3.amazonaws.com/photos/75143959/large.jpeg,cc-by-nc-sa,"(c) Thomas Becker, some rights reserved (CC BY-NC-SA)",-3.306981676,37.6887768132,1349.0,2018-12-15,1008037,thbecker,dcb7bab8344769816c68849186efa875fbe76f9fbf9cae29b129e4746945c84e,55,Delonix regia
Delonix regia,62839,46965876,74485046,https://inaturalist-open-data.s3.amazonaws.com/photos/74485046/large.jpeg,cc-by-nc,"(c) Leung Pak keung, some rights reserved (CC BY-NC)",22.2321483333,113.9303866667,9.0,2020-05-23,1340149,leung3,5bf795cb5cb1ada13bc76b079800d4203a56dfe60e075202ffe2440333309660,56,Delonix regia
Delonix regia,62839,230518128,409316859,https://inaturalist-open-data.s3.amazonaws.com/photos/409316859/large.jpeg,cc-by-nc,"(c) jnitzky, some rights reserved (CC BY-NC)",26.4040366667,-81.8068466667,4.0,2024-07-13,1127449,jnitzky,be7f5248341175ee119e022f432b1888033406961527f0ec15e32fae33d3d3d6,57,Delonix regia
Delonix regia,62839,294349318,529808389,https://inaturalist-open-data.s3.amazonaws.com/photos/529808389/large.jpg,cc-by-nc,"(c) Darius Lewis, some rights reserved (CC BY-NC)",16.7562432957,-62.2190134369,90.0,2025-07-01,9490440,dvol1,3c34e8a5e29bb4175561546446a9f347e7a0386bd468b6a2ea37dfbc91094f09,58,Delonix regia
Delonix regia,62839,307445796,554554683,https://inaturalist-open-data.s3.amazonaws.com/photos/554554683/large.jpg,cc-by-nc,"(c) Darío Yee, some rights reserved (CC BY-NC)",22.2486,-97.8800366667,3.0,2025-08-17,1022800,darioyee,7c7bc0aabaa714998061995dbec5da128c84b4ce9929e16a585bacfae930767c,59,Delonix regia
Delonix regia,62839,220522199,390439219,https://inaturalist-open-data.s3.amazonaws.com/photos/390439219/large.jpg,cc-by-nc,"(c) Anne Schlösser, some rights reserved (CC BY-NC)",21.8639782923,-80.020566952,9.0,2016-05-29,1122934,anne168,d7e058b873d2fe8bda2e087aca9523f185d97620a8021073800b30509ebeb851,60,Delonix regia
Hibiscus tiliaceus,62868,59339366,94806279,https://inaturalist-open-data.s3.amazonaws.com/photos/94806279/large.jpeg,cc-by-nc,"(c) Olivier Fortune - Isabelle Delafosse, some rights reserved (CC BY-NC)",4.8593926604,-52.2569027063,31.0,2020-09-11,3178839,olivier_fortune,c0c7feba0809fd12b31575d78df8846a9e8f3c47e51b94f4ff6fbb5d48884e3f,1,Hibiscus tiliaceus
Hibiscus tiliaceus,62868,178294855,310227058,https://inaturalist-open-data.s3.amazonaws.com/photos/310227058/large.jpeg,cc-by-nc,"(c) Pete Woodall, some rights reserved (CC BY-NC)",-1.9722284403,124.3177578995,200.0,2023-07-06,108966,nyoni-pete,4546370f12ec20abe3ee863596835c921b1a87402afa9a3240e06d7437386e6b,2,Hibiscus tiliaceus
Hibiscus tiliaceus,62868,359541112,655997005,https://inaturalist-open-data.s3.amazonaws.com/photos/655997005/large.jpg,cc-by-nc,"(c) Adel Liebenberg, some rights reserved (CC BY-NC)",-26.9604436916,32.8265110776,190.0,2019-10-13,9789419,adelliebenberg,a9702c71797ca70c882b16ace8d57abc48a1e849d8d15027ed06e8f8d47c7b64,3,Hibiscus tiliaceus
Hibiscus tiliaceus,62868,196806977,346465334,https://inaturalist-open-data.s3.amazonaws.com/photos/346465334/large.jpg,cc-by-nc,"(c) Judy Hall Jacobson, some rights reserved (CC BY-NC)",19.1097995861,-155.8255694058,31.0,2010-12-04,40489,ptarmigan,7d4e0d57d88489f4b1f4e85fd931a40ca6d844ea43bbf1d168e37b6451517fb5,4,Hibiscus tiliaceus
Hibiscus tiliaceus,62868,40893884,64833539,https://inaturalist-open-data.s3.amazonaws.com/photos/64833539/large.jpeg,cc-by-nc,"(c) Shiwalee Samant, some rights reserved (CC BY-NC)",19.2930553402,72.9282577553,167.0,2020-03-07,2159276,shiwalee,c7efccdf04584b317140a5c851fc4a5a5530437d4022eac294094758aab62d0d,5,Hibiscus tiliaceus
Hibiscus tiliaceus,62868,69907786,113546842,https://inaturalist-open-data.s3.amazonaws.com/photos/113546842/large.jpeg,cc-by,"(c) nasua, some rights reserved (CC BY)",18.6519776953,-103.698895862,8.0,2013-05-29,16911,nasua,3ca6f65979373a04e51d035987af311cb6fb6e41380d3434f224bd6554c66672,6,Hibiscus tiliaceus
Hibiscus tiliaceus,62868,195888851,344737348,https://inaturalist-open-data.s3.amazonaws.com/photos/344737348/large.jpeg,cc-by-nc,"(c) Graham Cleaver, some rights reserved (CC BY-NC)",-33.8580154813,151.201634754,10.0,2024-01-06,6489483,huntsmang,d243cac33690eeeec90822a26dfbe70e14b8d099b0eff782e0f653ed0bbebd4d,7,Hibiscus tiliaceus
Hibiscus tiliaceus,62868,34762159,54749386,https://inaturalist-open-data.s3.amazonaws.com/photos/54749386/large.jpeg,cc0,no rights reserved,6.90853677,158.15883809,4.0,2019-10-23,1577733,danaleeling,37593dac8ea8dd8d5c87ccefdea035a0f7134703eb371bf32b6b115b70535256,8,Hibiscus tiliaceus
Hibiscus tiliaceus,62868,173911160,302074185,https://inaturalist-open-data.s3.amazonaws.com/photos/302074185/large.jpeg,cc-by-nc,"(c) K_Kawashima, some rights reserved (CC BY-NC)",30.5556027294,130.9374816756,4.0,2023-07-20,5296640,ka84mambo,cb607722f85b6c785002f7c8f27b543065416b2cddafc2ab3a9451be9a4003f2,9,Hibiscus tiliaceus
Hibiscus tiliaceus,62868,197494013,347855148,https://inaturalist-open-data.s3.amazonaws.com/photos/347855148/large.jpeg,cc-by-nc,"(c) cristianhergenreder, some rights reserved (CC BY-NC)",-27.1429384425,-48.544094637,605.0,2024-01-08,5600744,cristianhergenreder,be5755cf0643a298183996b30edf64e5f0c34f6902c6cba543ae5817c22a8209,10,Hibiscus tiliaceus
Hibiscus tiliaceus,62868,226361489,401453952,https://inaturalist-open-data.s3.amazonaws.com/photos/401453952/large.jpeg,cc-by-nc,"(c) peterlynch1, some rights reserved (CC BY-NC)",-33.897463535,115.0293023139,7.0,2024-07-01,7765093,peterlynch1,baf9a30a7ccaf16d8e66e1c25958e1e9529f31e5b0c0eb8cbc33bb360d966986,11,Hibiscus tiliaceus
Hibiscus tiliaceus,62868,338807097,616211576,https://inaturalist-open-data.s3.amazonaws.com/photos/616211576/large.jpg,cc-by-nc,"(c) Ciclolibres, some rights reserved (CC BY-NC)",-11.8718167807,-77.1390505135,7.0,2026-02-15,9219969,ciclolibres,a98ab38423149042a4643bd6a50096da5a21a0133bfcbeba8824b4e2a2517040,12,Hibiscus tiliaceus
Hibiscus tiliaceus,62868,35409429,55832266,https://inaturalist-open-data.s3.amazonaws.com/photos/55832266/large.jpg,cc-by-nc,"(c) ricksbird, some rights reserved (CC BY-NC)",8.039375,98.815155,6.0,2019-11-07,1646268,ricksbird,f14e5c3cd133b2c49ba3bd03b0ca5764b3ddd0b7e4e3781a1d6fd66b46bcdd1a,13,Hibiscus tiliaceus
Hibiscus tiliaceus,62868,197331697,347526638,https://inaturalist-open-data.s3.amazonaws.com/photos/347526638/large.jpg,cc-by-nc,"(c) lfranz1, some rights reserved (CC BY-NC)",28.4075589892,-80.5913051797,15.0,2024-01-22,2524636,lfranz1,a46737500fe61c1afec108be4bb7b1c90aef739a46fc5a1340d09f00ff60fe8f,14,Hibiscus tiliaceus
Hibiscus tiliaceus,62868,35325285,55693143,https://inaturalist-open-data.s3.amazonaws.com/photos/55693143/large.jpg,cc-by-nc-sa,"(c) philchris, some rights reserved (CC BY-NC-SA)",-21.0826135939,55.7484723442,5.0,2019-11-05,2418393,philchris,201fcbd2e37f7915693b42bdd259458dc1f0328acfa4ff324e7ab5ac51ddc2b0,15,Hibiscus tiliaceus
Hibiscus tiliaceus,62868,290364558,522339175,https://inaturalist-open-data.s3.amazonaws.com/photos/522339175/large.jpg,cc-by-nc,"(c) Cassy Nancarrow, some rights reserved (CC BY-NC)",-16.6669444444,139.1711888889,6.0,2025-06-17,6433388,cassy_nancarrow,16a3b09dd27a455bd2f5cd2768b798db07bee6f7c5ca54804dea39e07e80943e,16,Hibiscus tiliaceus
Hibiscus tiliaceus,62868,186526334,325990413,https://inaturalist-open-data.s3.amazonaws.com/photos/325990413/large.jpeg,cc-by-nc,"(c) Analía Benavidez, some rights reserved (CC BY-NC)",-5.9830413928,-35.1227493422,31.0,2023-08-01,688093,analiab87,5de084d6edfd86ba5353f50f0ab0d5ba8d644b86dbe6d44da259adf2f4a21b98,17,Hibiscus tiliaceus
Hibiscus tiliaceus,62868,298678514,538029972,https://inaturalist-open-data.s3.amazonaws.com/photos/538029972/large.jpg,cc-by-nc,"(c) Eric Gren, some rights reserved (CC BY-NC)",8.6222211791,-83.7341714101,271.0,2025-07-13,6463009,greneric59,39d00c51689ecd671ea98723f24e3eb407425275df49a60e15512f800161194a,18,Hibiscus tiliaceus
Hibiscus tiliaceus,62868,17954162,27435661,https://inaturalist-open-data.s3.amazonaws.com/photos/27435661/large.jpg,cc-by,"(c) portioid, some rights reserved (CC BY)",22.4700585,114.0065831,204.0,2018-06-28,495142,portioid,ca1107b05c8af58b969f2483dfb2612b7cb5f98913be02b93f9a4d6191ce6584,19,Hibiscus tiliaceus
Hibiscus tiliaceus,62868,38205002,60684867,https://inaturalist-open-data.s3.amazonaws.com/photos/60684867/large.jpeg,cc-by-nc,"(c) smeierotto, some rights reserved (CC BY-NC)",18.3208351014,-65.8197242351,887.0,2014-09-13,2553699,smeierotto,5cf22608864b419bc629460183bbec8d6aafde907fdff9a4484e672293bd092d,20,Hibiscus tiliaceus
Hibiscus tiliaceus,62868,141766091,242942114,https://inaturalist-open-data.s3.amazonaws.com/photos/242942114/large.jpg,cc-by-nc,"(c) Анастасия Корнишкина, some rights reserved (CC BY-NC)",5.9415083333,80.4655,18.0,2022-11-12,4416992,lestales,da967385809937608f160b55d15a3fd90a5dad7dcd39d009685ab6d181252353,21,Hibiscus tiliaceus
Hibiscus tiliaceus,62868,331039862,600440454,https://inaturalist-open-data.s3.amazonaws.com/photos/600440454/large.jpg,cc0,no rights reserved,13.4810604555,144.7537565231,10.0,2025-12-17,1577733,danaleeling,f6a678de3d69eef167151817b6dd54de9a5f98ea5f2995db495d5ff6860c7359,22,Hibiscus tiliaceus
Hibiscus tiliaceus,62868,374951960,685380770,https://inaturalist-open-data.s3.amazonaws.com/photos/685380770/large.jpg,cc-by,"(c) Gabriel, some rights reserved (CC BY)",13.6206837678,123.5342935702,2.0,2026-06-24,9048013,miqeri,d6b2fdd43d4e1da79f78ac2077c42f447d5deac3f1feba8607f8e10899088784,23,Hibiscus tiliaceus
Hibiscus tiliaceus,62868,205043254,362497484,https://inaturalist-open-data.s3.amazonaws.com/photos/362497484/large.jpg,cc-by-nc,"(c) Patricia Jaramillo Díaz, some rights reserved (CC BY-NC)",-0.7505605371,-90.3112040134,567.0,2012-07-17,7372482,pjaramillod,08d08981550f3ae81a268d63181683f967a9d421cb542fbb1ea03045f8874844,24,Hibiscus tiliaceus
Hibiscus tiliaceus,62868,355118350,647747755,https://inaturalist-open-data.s3.amazonaws.com/photos/647747755/large.jpg,cc-by-nc,"(c) alistairscholtz, some rights reserved (CC BY-NC)",-34.0499134813,22.4006955698,1226.0,2026-04-26,10463744,alistairscholtz,6ff6cd475fd91f75c85d13bf6f067b93aece9b4fa1e52428574459abba6ef460,25,Hibiscus tiliaceus
Hibiscus tiliaceus,62868,339803326,618226956,https://inaturalist-open-data.s3.amazonaws.com/photos/618226956/large.jpg,cc-by-nc,"(c) Mariane Kaizer, some rights reserved (CC BY-NC)",-19.9714916667,-40.1371166667,4.0,2026-02-22,611517,marikaizer,53c21b8c505488a643da07e13acb8755b5bfec037812407326fff680e21fa49b,26,Hibiscus tiliaceus
Hibiscus tiliaceus,62868,346328451,631291897,https://inaturalist-open-data.s3.amazonaws.com/photos/631291897/large.jpg,cc-by-nc,"(c) nicotiana, some rights reserved (CC BY-NC)",-8.4059083333,116.058975,22.0,2026-03-31,4623611,nicotiana,5cfa5c4f021b8b943e92f21a7a57711e3b1339136d89c71aa0e50c298107b42f,27,Hibiscus tiliaceus
Hibiscus tiliaceus,62868,131241894,223310216,https://inaturalist-open-data.s3.amazonaws.com/photos/223310216/large.jpeg,cc-by-nc,"(c) worldtraveler27, some rights reserved (CC BY-NC)",11.3122335606,-73.9453109273,15.0,2019-06-10,6006481,worldtraveler27,1ba7b40bec6d0399026e26db4e554620e1c0bd7e239bd40e9431c1560f73c472,28,Hibiscus tiliaceus
Hibiscus tiliaceus,62868,39777090,63141169,https://inaturalist-open-data.s3.amazonaws.com/photos/63141169/large.jpeg,cc-by-nc,"(c) Jon McIntyre, some rights reserved (CC BY-NC)",26.1377359439,-97.1735999283,2.0,2020-03-09,18812,mako252,4dfb220d1e3ec2ccf771c3c304e593befad87d285486d5342d71007ee4d4e685,29,Hibiscus tiliaceus
Hibiscus tiliaceus,62868,357876615,652785340,https://inaturalist-open-data.s3.amazonaws.com/photos/652785340/large.jpg,cc-by-nc,"(c) Donna Schakelaar, some rights reserved (CC BY-NC)",-12.3333453551,130.89988444,2000.0,2026-05-03,1183361,donna165,9a4ad37075204e1d920654af6877e9256ffc536391e76d5749d50a6b3578b106,30,Hibiscus tiliaceus
Hibiscus tiliaceus,62868,37054464,58677746,https://inaturalist-open-data.s3.amazonaws.com/photos/58677746/large.jpeg,cc-by,"(c) Tim, some rights reserved (CC BY)",-25.2957228178,153.2219909504,33.0,2019-12-05,793005,twan3253,1ba9b9de0ef0b4054169a5da0b53471f266af0ac2fe1b195279df57b6e1b800b,31,Hibiscus tiliaceus
Hibiscus tiliaceus,62868,269573868,484712717,https://inaturalist-open-data.s3.amazonaws.com/photos/484712717/large.jpeg,cc0,no rights reserved,24.33122802,124.08032933,8.0,2025-04-10,2108179,thomas_ferguson,cff447da08851874bac44adacf7ef4405d2ac53ebceacf132d1ead3ac725cde5,32,Hibiscus tiliaceus
Hibiscus tiliaceus,62868,33184317,52097939,https://inaturalist-open-data.s3.amazonaws.com/photos/52097939/large.jpg,cc-by-nc,"(c) venus5026, some rights reserved (CC BY-NC)",1.2193857032,103.8506144863,15.0,2018-09-20,453925,venus5026,b8f2ace731c9528dca44b3df48cde3a2cb016a1d0c03a3732c8a2df9f88c73ff,33,Hibiscus tiliaceus
Hibiscus tiliaceus,62868,319276910,577125276,https://inaturalist-open-data.s3.amazonaws.com/photos/577125276/large.jpg,cc-by-nc,"(c) Peter Ewin, some rights reserved (CC BY-NC)",-19.1503295688,146.8675169521,26.0,2025-10-07,2657386,pewin,630091943065368dd948293f209babfd159d2cc9b06952aa94fa4645f7d7d6de,34,Hibiscus tiliaceus
Hibiscus tiliaceus,62868,381737720,698523262,https://inaturalist-open-data.s3.amazonaws.com/photos/698523262/large.jpg,cc-by-nc,"(c) mettabeshay, some rights reserved (CC BY-NC)",-12.9724918264,-38.5141811491,49.0,2026-07-15,9130676,mettabeshay,80e006863829dccfdce208bb9edc35b0ccc98153b00a4f5b5ddf89e23f5bb941,35,Hibiscus tiliaceus
Hibiscus tiliaceus,62868,355151025,647795368,https://inaturalist-open-data.s3.amazonaws.com/photos/647795368/large.jpg,cc-by-nc,"(c) lgutourism_elyza, some rights reserved (CC BY-NC)",7.4839985057,125.7570654899,3045.0,2026-04-27,10413910,lgutourism_elyza,08c4fee06785cdabd09af1a33071b2b0ac70417c5c6c38ba7760b189b008b0b8,36,Hibiscus tiliaceus
Hibiscus tiliaceus,62868,360553046,657916573,https://inaturalist-open-data.s3.amazonaws.com/photos/657916573/large.jpg,cc-by-nc,"(c) P_Phoommarin, some rights reserved (CC BY-NC)",12.5302126379,102.0949500223,3.0,2026-05-11,10528020,pphoommarin,e0e5196b5ed3520ed7774644bb68369cb999cf3aa2ee24d11a4ac561e99e1dcb,37,Hibiscus tiliaceus
Hibiscus tiliaceus,62868,313501068,569796091,https://inaturalist-open-data.s3.amazonaws.com/photos/569796091/large.jpg,cc-by-nc,"(c) lisahelen, some rights reserved (CC BY-NC)",-28.61079809,114.7281392786,474.0,2025-09-13,4867572,lisahelen,2c2a4c6b356f28cd6d0db27ebf3ab7c97b88a917f61fcbe51e9b7763ec0233b9,38,Hibiscus tiliaceus
Hibiscus tiliaceus,62868,32122909,50350988,https://inaturalist-open-data.s3.amazonaws.com/photos/50350988/large.jpeg,cc-by-nc,"(c) Nelson Wisnik, some rights reserved (CC BY-NC)",-23.2393481588,-44.6355332276,4.0,2019-08-25,102919,nelson_wisnik,32d5537ce06b4b1d9ed1aa9dd5ad856104fb4f72ba2f73d010f7e62335ea5f4a,39,Hibiscus tiliaceus
Hibiscus tiliaceus,62868,38382145,60992899,https://inaturalist-open-data.s3.amazonaws.com/photos/60992899/large.jpeg,cc-by-nc,"(c) Craig Peter, some rights reserved (CC BY-NC)",-31.2879916667,30.010985,5.0,2020-01-27,833117,craigpeter,1567c74b8d5d6c4ad5291bfa85e492dea552051cbe83dac24257ade2ebe5df2b,40,Hibiscus tiliaceus
Hibiscus tiliaceus,62868,39646976,62920888,https://inaturalist-open-data.s3.amazonaws.com/photos/62920888/large.jpg,cc-by-nc,"(c) cesdamess, some rights reserved (CC BY-NC)",-29.4200111468,153.3619711177,31.0,2020-03-07,2329106,cesdamess,5d4237214d5edbe25a7fef7733f8d6d608bace6b1ea7fb85b4fa8c0e6bf58f6d,41,Hibiscus tiliaceus
Hibiscus tiliaceus,62868,273853655,492434715,https://inaturalist-open-data.s3.amazonaws.com/photos/492434715/large.jpg,cc-by-nc,"(c) Alan Perkins, some rights reserved (CC BY-NC)",24.5472486902,-81.792770785,4.0,2002-02-24,964118,nhaperkins,5f09b83e18cf3de0ce365f2dfed363c0b19dfd373133ea0b45061d670f903766,42,Hibiscus tiliaceus
Hibiscus tiliaceus,62868,51962096,82582054,https://inaturalist-open-data.s3.amazonaws.com/photos/82582054/large.jpeg,cc-by-nc,"(c) Aliénor Royer, some rights reserved (CC BY-NC)",26.3563523655,127.8043134883,145.0,2020-07-04,3136392,exornali,b886079df79d90259a8862b73c8302dd53da2cafdd2df9686132868c9c1d415c,43,Hibiscus tiliaceus
Hibiscus tiliaceus,62868,161582198,279306701,https://inaturalist-open-data.s3.amazonaws.com/photos/279306701/large.jpeg,cc-by-nc,"(c) Shang-Kwei Wang, some rights reserved (CC BY-NC)",22.573210362,120.2967296056,50.0,2023-05-10,2042993,skwang,00786bb1b2c8b7c2ec6f6dcd7a82080ff6290cf957e4ef90ab94d2530ae689a7,44,Hibiscus tiliaceus
Hibiscus tiliaceus,62868,188689459,330322509,https://inaturalist-open-data.s3.amazonaws.com/photos/330322509/large.jpg,cc-by,"(c) Donald Davesne, some rights reserved (CC BY)",-16.0407252111,145.4625196671,41.0,2023-08-06,1891727,donalddavesne,b102f982d014c74981f96d1239016233edba6b0e3f3b9c1dd2e4814e2f3e57cc,45,Hibiscus tiliaceus
Hibiscus tiliaceus,62868,9414885,12790657,https://inaturalist-open-data.s3.amazonaws.com/photos/12790657/large.jpg,cc-by-nc,"(c) Mark Fishbein, some rights reserved (CC BY-NC)",7.4,-80.9,2000.0,2013-05-25,442526,milkweedguy,04b58ac2c863c3444b0af645c194ce089aa9cc1a9f48cd23382536317aca5c74,46,Hibiscus tiliaceus
Hibiscus tiliaceus,62868,328414617,595100317,https://inaturalist-open-data.s3.amazonaws.com/photos/595100317/large.jpg,cc-by-nc,"(c) Vinícius Luvizotto Denardi, some rights reserved (CC BY-NC)",-23.1722144219,-47.730861832,129.0,2022-03-05,9983035,viniluvi,ae3aba33d32ff9e17eaacad9c9a82b0d19be6dd8418f7f25698b02d0052476ba,47,Hibiscus tiliaceus
Hibiscus tiliaceus,62868,188621489,330185267,https://inaturalist-open-data.s3.amazonaws.com/photos/330185267/large.jpg,cc-by,"(c) Howard Hontanosas, some rights reserved (CC BY)",9.5589120616,123.8073399753,24.0,2023-10-22,2463789,howhontanozaz,428a8662329f90363591dcc2455593efa0d47324a41b0838034efced299a10f1,48,Hibiscus tiliaceus
Hibiscus tiliaceus,62868,326555635,591452415,https://inaturalist-open-data.s3.amazonaws.com/photos/591452415/large.jpg,cc-by-nc,"(c) smathichong, some rights reserved (CC BY-NC)",6.8847583333,101.2405916667,8.0,2025-11-13,2886775,smathichong,b6e33ff1595275befe17a3e441f8db87e07e917ffa8654cd282c3f9ffbb0ef68,49,Hibiscus tiliaceus
Hibiscus tiliaceus,62868,174238724,302681569,https://inaturalist-open-data.s3.amazonaws.com/photos/302681569/large.jpg,cc-by-nc,"(c) happy0502, some rights reserved (CC BY-NC)",25.1944435342,121.4195115679,3.0,2023-07-22,5601938,happy0502,3c275f2c03d8532b5f60ae2726342c4bf0f846ce71846cfa79fedce811303881,50,Hibiscus tiliaceus
Hibiscus tiliaceus,62868,257802754,462526575,https://inaturalist-open-data.s3.amazonaws.com/photos/462526575/large.jpeg,cc-by-nc,"(c) Agus, some rights reserved (CC BY-NC)",-22.87711797,-42.0377539471,5.0,2025-01-08,6286629,agusbb,1284fea4e969d39e6b54e718122bce5557ccc71e71159c4fe6f952f61c2a31e0,51,Hibiscus tiliaceus
Hibiscus tiliaceus,62868,256981802,460880310,https://inaturalist-open-data.s3.amazonaws.com/photos/460880310/large.jpeg,cc-by,"(c) Sam Westbrook, some rights reserved (CC BY)",-27.3439102033,153.0936613285,4.0,2025-01-01,6942725,samwesty,469436abf63a0cde10b771028fec9cfff5598b0f0f0707c83d7d26ac70999c78,52,Hibiscus tiliaceus
Hibiscus tiliaceus,62868,196263746,345489508,https://inaturalist-open-data.s3.amazonaws.com/photos/345489508/large.jpeg,cc-by-nc,"(c) Chris Chadwick, some rights reserved (CC BY-NC)",-12.4300377016,132.9686565341,15.0,2023-07-23,205653,chrisc,01a708be8bcc1ea488b7ab6bdef7d54c58b6967957643638e2f5f24eecd2fad6,53,Hibiscus tiliaceus
Hibiscus tiliaceus,62868,247445175,441751408,https://inaturalist-open-data.s3.amazonaws.com/photos/441751408/large.jpeg,cc-by,"(c) Shaun Swanepoel, some rights reserved (CC BY)",-28.7740680556,32.0695947222,5.0,2024-10-12,389997,shauns,a63d98632544d9cbbe54fed0fd4ea233eb0751019d0dcc8f1e387b5ffb9e012d,54,Hibiscus tiliaceus
Hibiscus tiliaceus,62868,39601813,62844018,https://inaturalist-open-data.s3.amazonaws.com/photos/62844018/large.jpg,cc-by-nc,"(c) Rachel Hall, some rights reserved (CC BY-NC)",26.4355904,-82.0771613,66.0,2020-02-15,438302,rachelkunchall,4328025097f9f5c0a7689f0bb8f83563b51f3affd8a507d124d0411a125ed379,55,Hibiscus tiliaceus
Hibiscus tiliaceus,62868,253911844,454703750,https://inaturalist-open-data.s3.amazonaws.com/photos/454703750/large.jpeg,cc-by-nc,"(c) ninabiagini, some rights reserved (CC BY-NC)",-17.5596916667,146.0903778333,4.0,2024-12-02,6881137,ninabiagini,0dc505bac80f7c5ee384b8476dbcb7f14b7a7c0f5ddb3e7645d9894f6b3ab98d,56,Hibiscus tiliaceus
Hibiscus tiliaceus,62868,45344845,71901861,https://inaturalist-open-data.s3.amazonaws.com/photos/71901861/large.jpg,cc-by,"(c) Gerard Chartier, some rights reserved (CC BY)",11.5126683333,103.1279166667,100.0,2020-05-03,25103,geechartier,dfeeb3cb00c558e5fbfbe05c1ca0e9a377b3c99ad74316effa4c4bd5de6fa760,57,Hibiscus tiliaceus
Hibiscus tiliaceus,62868,70183661,114041390,https://inaturalist-open-data.s3.amazonaws.com/photos/114041390/large.jpg,cc-by-nc,"(c) Rea Orthner, some rights reserved (CC BY-NC)",9.7374533333,-82.82457,232.0,2021-02-22,3054208,rea_orthner,dd7d92dff78dc495719b8e2a7dbfcd0de658356f667ff42b9827ca142af4605d,58,Hibiscus tiliaceus
Hibiscus tiliaceus,62868,169350553,293595187,https://inaturalist-open-data.s3.amazonaws.com/photos/293595187/large.jpeg,cc-by-nc,"(c) 張淑閔, some rights reserved (CC BY-NC)",23.9685330638,120.3259224817,195.0,2023-06-24,6654810,shwumiin,cde8fe1a53fc6cd3e7313b262dce65aef4ef421f775dd9445d7560f8f926d625,59,Hibiscus tiliaceus
Hibiscus tiliaceus,62868,361050705,658847295,https://inaturalist-open-data.s3.amazonaws.com/photos/658847295/large.jpg,cc-by-nc,"(c) elenafn00, some rights reserved (CC BY-NC)",-14.2820444444,-38.986575,15.0,2026-04-04,10436872,elenafn00,21a0fb87485e7e00904d9082134d92fbb10a9da1bd00f89c106de6570a024f25,60,Hibiscus tiliaceus
Arctostaphylos uva-ursi,68049,80085270,131229029,https://inaturalist-open-data.s3.amazonaws.com/photos/131229029/large.jpeg,cc-by-nc,"(c) Сергей, some rights reserved (CC BY-NC)",52.8275140554,103.220204937,61.0,2021-05-24,1588804,smsergey,16073e7696fcd0353cf35e64901c3c8e6cc74010c6b1dd2d920d6b674e204cfb,1,Arctostaphylos uva-ursi
Arctostaphylos uva-ursi,68049,263614817,473610607,https://inaturalist-open-data.s3.amazonaws.com/photos/473610607/large.jpg,cc-by,"(c) Michael Newlon, some rights reserved (CC BY)",39.7520424404,-74.3903056818,288.0,2013-05-04,7180679,michaelcnewlon,e765267cbde9ba618dd57ca54a9c8e33aea2bcfb3ab444ee15c6117c5aeda4b4,2,Arctostaphylos uva-ursi
Arctostaphylos uva-ursi,68049,22837023,35395833,https://inaturalist-open-data.s3.amazonaws.com/photos/35395833/large.jpeg,cc-by-nc,"(c) guido_teppa, some rights reserved (CC BY-NC)",45.3714307725,7.3607204854,349.0,2019-04-20,1095620,guido_teppa,fd2f9402d5e945b919625d0cddb3927a6bad753a33c10e892093b8b0145b9898,3,Arctostaphylos uva-ursi
Arctostaphylos uva-ursi,68049,283142225,508745027,https://inaturalist-open-data.s3.amazonaws.com/photos/508745027/large.jpg,cc-by-nc,"(c) Jonathan, some rights reserved (CC BY-NC)",64.7702166667,-147.2360216667,65.0,2025-05-19,2506021,jcarcache,bfe548f1bc41599511ce1de4fbd4ceb42f290e02429a527649589b62dfa27745,4,Arctostaphylos uva-ursi
Arctostaphylos uva-ursi,68049,22129747,34259533,https://inaturalist-open-data.s3.amazonaws.com/photos/34259533/large.jpg,cc-by-nc,"(c) Cat Chang, some rights reserved (CC BY-NC)",37.685275,-122.4336383333,6.0,2019-04-06,179103,catchang,8054d34a166aa6ee2b4ba96fb266efe80b4db4b87bc9ffbe8c71a9a4a4d27e36,5,Arctostaphylos uva-ursi
Arctostaphylos uva-ursi,68049,120565337,203932116,https://inaturalist-open-data.s3.amazonaws.com/photos/203932116/large.jpeg,cc-by-nc,"(c) samx, some rights reserved (CC BY-NC)",69.7463237276,27.033180669,561.0,2022-06-05,3248306,samx,4071058e8e1adee0feff492f93ca952b05500946e5ec59347122e8046ae0a85c,6,Arctostaphylos uva-ursi
Arctostaphylos uva-ursi,68049,80997332,132806140,https://inaturalist-open-data.s3.amazonaws.com/photos/132806140/large.jpg,cc-by-nc,"(c) jemanich, some rights reserved (CC BY-NC)",50.70378,-99.6018216667,23.0,2021-05-30,4483507,jemanich,6af74b99c60ce17b36b3b1495b6d2f1c23bd8efd8281514828453fa20641857d,7,Arctostaphylos uva-ursi
Arctostaphylos uva-ursi,68049,288170669,518205233,https://inaturalist-open-data.s3.amazonaws.com/photos/518205233/large.jpg,cc-by-nc,"(c) Jackson Nesbit, some rights reserved (CC BY-NC)",63.6885033333,-19.5375883333,4.0,2025-06-07,1038015,jnesbit_wild,fddf9cf180dcd5248e78f14ecbb599d8a1988d0408abdf6b54e2c224e1e3a465,8,Arctostaphylos uva-ursi
Arctostaphylos uva-ursi,68049,82799007,135929830,https://inaturalist-open-data.s3.amazonaws.com/photos/135929830/large.jpeg,cc-by-nc,"(c) Елена Шинкарук, some rights reserved (CC BY-NC)",65.5330871812,72.5200327858,71.0,2021-06-12,4428740,shinkaruk_elena,4bca59b4baca379cc5e4527fb0ec01345fc88009327f35286ce20e2fcc3040ad,9,Arctostaphylos uva-ursi
Arctostaphylos uva-ursi,68049,47814488,75845737,https://inaturalist-open-data.s3.amazonaws.com/photos/75845737/large.jpeg,cc-by-nc,"(c) Maleen Mund, some rights reserved (CC BY-NC)",53.645211075,-124.9433225056,31.0,2020-05-17,1424971,mmund,f980bc34aeee19d8b49cb15be47c0f212e596492edacda7d46340b65f7da26cf,10,Arctostaphylos uva-ursi
Arctostaphylos uva-ursi,68049,45980296,72926713,https://inaturalist-open-data.s3.amazonaws.com/photos/72926713/large.jpg,cc-by-nc,"(c) daksha, some rights reserved (CC BY-NC)",38.9026896624,-105.1747628328,4.0,2020-05-15,2085986,daksha,a9611019773f531c859a876f79bc58dfe97cd3db73c34a199a0229cba4a8d142,11,Arctostaphylos uva-ursi
Arctostaphylos uva-ursi,68049,167878972,290870745,https://inaturalist-open-data.s3.amazonaws.com/photos/290870745/large.jpg,cc-by-nc,"(c) Suzanne Labbé, some rights reserved (CC BY-NC)",47.4786654493,-61.7292403058,316.0,2023-06-09,1483784,suelabbe,7a447f667aa40d15b77c7ca37dcca92f6a611ff74166801186fa1eb02a22d9dd,12,Arctostaphylos uva-ursi
Arctostaphylos uva-ursi,68049,13651304,20098145,https://inaturalist-open-data.s3.amazonaws.com/photos/20098145/large.jpg,cc-by,"(c) Suzanne Carriere, some rights reserved (CC BY)",64.1119388333,-117.3472883333,5.0,2018-06-18,1937,scarriere,9ee4939f6e9d7e8cd8e0ce9a76a1ae4d6426dff857620f0fed179fc2ae8c6e97,13,Arctostaphylos uva-ursi
Arctostaphylos uva-ursi,68049,47346341,75082539,https://inaturalist-open-data.s3.amazonaws.com/photos/75082539/large.jpeg,cc-by-nc,"(c) John Boldt, some rights reserved (CC BY-NC)",42.4159375931,-87.8045840335,61.0,2020-05-25,931776,johnhboldt,ad92ce1891b02147e4599fa6ae1f23a10c07374b52441ce344b8719cb512a660,14,Arctostaphylos uva-ursi
Arctostaphylos uva-ursi,68049,116948493,197456017,https://inaturalist-open-data.s3.amazonaws.com/photos/197456017/large.jpg,cc-by-nc,"(c) lucycd, some rights reserved (CC BY-NC)",57.1256580599,-3.6781377519,4.0,2022-05-14,5674589,lucycd,b03dee4286e8c690ecae19f7ba47eb5b28b7209a2434a42b5f9b5902d1b8e99d,15,Arctostaphylos uva-ursi
Arctostaphylos uva-ursi,68049,283619675,509641200,https://inaturalist-open-data.s3.amazonaws.com/photos/509641200/large.jpg,cc-by-nc,"(c) Kauko Paltta, some rights reserved (CC BY-NC)",59.8654314,22.1993795,2700.0,2025-05-24,2975720,kauko_paltta,87df24d36ef5b8a9860f315ee532dcceb86bf95a5e3a9b229b0c21a10ae2da32,16,Arctostaphylos uva-ursi
Arctostaphylos uva-ursi,68049,44679031,70834924,https://inaturalist-open-data.s3.amazonaws.com/photos/70834924/large.jpg,cc-by-nc,"(c) alliedryx, some rights reserved (CC BY-NC)",46.0530195,-114.27240833,5.0,2020-05-02,1991982,alliedryx,01c0700be65afa32fe6e43630d969fbd6acded700451c99b4ce75ed30abd251c,17,Arctostaphylos uva-ursi
Arctostaphylos uva-ursi,68049,119803927,202557212,https://inaturalist-open-data.s3.amazonaws.com/photos/202557212/large.jpeg,cc0,no rights reserved,47.2902110829,-79.4620159045,15.0,2022-06-01,696204,elacroix-carignan,e710ed77c0f0ecb58c58774d3cd27aae8057b8bc9bf642e7797262153cf075de,18,Arctostaphylos uva-ursi
Arctostaphylos uva-ursi,68049,364674698,665748037,https://inaturalist-open-data.s3.amazonaws.com/photos/665748037/large.jpg,cc-by-nc,"(c) killerwhelan, some rights reserved (CC BY-NC)",59.5507670213,-133.6468036174,4.0,2026-05-22,7265181,killerwhelan,94fbd423fb495b8734a21b52d27319d954d993f27af2552e26b37ca27859ae81,19,Arctostaphylos uva-ursi
Arctostaphylos uva-ursi,68049,207651064,367319110,https://inaturalist-open-data.s3.amazonaws.com/photos/367319110/large.jpeg,cc-by-nc,"(c) gardatxanae, some rights reserved (CC BY-NC)",42.6382413543,-2.2102471814,11.0,2024-04-09,4503576,gardatxanae,cc05a3461145634669b2e406703e73866d6a96cd541364b78e9768902e05e46b,20,Arctostaphylos uva-ursi
Arctostaphylos uva-ursi,68049,120045158,202995079,https://inaturalist-open-data.s3.amazonaws.com/photos/202995079/large.jpg,cc-by-nc,"(c) galliumsphinx, some rights reserved (CC BY-NC)",57.4613216667,-111.5505916667,32.0,2022-06-03,3017088,galliumsphinx,8d8eff2d354bb162584c64ea0bb79d136e281c45096a35f847affb9104aad34c,21,Arctostaphylos uva-ursi
Arctostaphylos uva-ursi,68049,283031875,508541149,https://inaturalist-open-data.s3.amazonaws.com/photos/508541149/large.jpg,cc-by-nc,"(c) Dina Pavlis, some rights reserved (CC BY-NC)",43.8786555556,-124.1413638889,135.0,2025-05-19,6327231,pnwcoasthiker,67e831e9bf7c732a41e9f90adbb3a796a8700cfc83db58295ed125278d560bfa,22,Arctostaphylos uva-ursi
Arctostaphylos uva-ursi,68049,48850454,77529402,https://inaturalist-open-data.s3.amazonaws.com/photos/77529402/large.jpg,cc-by-nc,"(c) cmsamoila, some rights reserved (CC BY-NC)",51.94458333,-112.95085333,64.0,2020-05-14,1892887,cmsamoila,019d59f99c54fc5f120a6f440f78bdb96a2813697ef49232655f2f018c646816,23,Arctostaphylos uva-ursi
Arctostaphylos uva-ursi,68049,165532604,286547703,https://inaturalist-open-data.s3.amazonaws.com/photos/286547703/large.jpg,cc-by-nc,"(c) dexternienhaus, some rights reserved (CC BY-NC)",47.3202189699,-91.2121527809,24.0,2023-05-30,1590417,dexternienhaus,1acb860658f9f9cb7c23dacad8a5f6e2cef2a09ed361b07be1cf1d774fbf6aaf,24,Arctostaphylos uva-ursi
Arctostaphylos uva-ursi,68049,269972189,485466548,https://inaturalist-open-data.s3.amazonaws.com/photos/485466548/large.jpg,cc-by-nc-sa,"(c) Sarah Gregg, some rights reserved (CC BY-NC-SA)",42.35306784,13.59315098,10.0,2025-04-11,1100647,lynkos,2a16b0398cd93e19f294b6c53f99382b26cf1dfa5e590fc00da87f36bf52e581,25,Arctostaphylos uva-ursi
Arctostaphylos uva-ursi,68049,218571782,386788021,https://inaturalist-open-data.s3.amazonaws.com/photos/386788021/large.jpg,cc-by-nc,"(c) awoodside, some rights reserved (CC BY-NC)",48.727875,-121.0523695,5.0,2024-05-26,2240476,awoodside,8f2eadcd8eb3081c0d8faba994d0f0ee207d65837568a10ffe0347760318d4a3,26,Arctostaphylos uva-ursi
Arctostaphylos uva-ursi,68049,119475158,201923454,https://inaturalist-open-data.s3.amazonaws.com/photos/201923454/large.jpeg,cc-by-nc,"(c) saipelcsa, some rights reserved (CC BY-NC)",43.8678866667,-103.553665,25.0,2022-05-21,3358314,saipelcsa,b0467cb6aec401adf8a5281fee86a85deea8145b13b9cc2898e376f22757ab97,27,Arctostaphylos uva-ursi
Arctostaphylos uva-ursi,68049,116887923,197345342,https://inaturalist-open-data.s3.amazonaws.com/photos/197345342/large.jpg,cc-by-nc,"(c) pnuccio368, some rights reserved (CC BY-NC)",43.893325,-71.0925,4.0,2022-05-10,5190277,pnuccio368,e39b13938697be4ba634c239ccdc5d0173126d012c9b423da2c454931072daf3,28,Arctostaphylos uva-ursi
Arctostaphylos uva-ursi,68049,290510333,522619940,https://inaturalist-open-data.s3.amazonaws.com/photos/522619940/large.jpg,cc-by,"(c) Zach Earl, some rights reserved (CC BY)",40.6909116667,-110.9057,8.0,2025-06-16,7034910,zacharyearl08,786abda6ff1ad631edf189c16427c12a4ad2f11c15e09322366fb2b30e3800da,29,Arctostaphylos uva-ursi
Arctostaphylos uva-ursi,68049,75427745,123400903,https://inaturalist-open-data.s3.amazonaws.com/photos/123400903/large.jpg,cc0,no rights reserved,43.2501616667,-81.8492583333,11.0,2021-04-27,245707,kat_the_nat,02550c48365fbb843e9cab0d94fe04885d0812f05c67c2922e91ff70b943aef4,30,Arctostaphylos uva-ursi
Arctostaphylos uva-ursi,68049,217012310,383862088,https://inaturalist-open-data.s3.amazonaws.com/photos/383862088/large.jpg,cc-by-nc,"(c) c738, some rights reserved (CC BY-NC)",63.3607359492,27.4017305056,4.0,2024-05-20,8168834,c738,e6847074c1badf6e94e4d9c04aff0ae84b64936b65d80d34bea2df76096831de,31,Arctostaphylos uva-ursi
Arctostaphylos uva-ursi,68049,119451319,201916800,https://inaturalist-open-data.s3.amazonaws.com/photos/201916800/large.jpeg,cc-by-nc,"(c) Trevor Floreani, some rights reserved (CC BY-NC)",56.1411583333,-118.5765138889,3.0,2022-05-25,1275124,trevorf,1c0f644a9f13a7ecf09fab65d97ff294fb2b96076c959d8cfc5815164f140946,32,Arctostaphylos uva-ursi
Arctostaphylos uva-ursi,68049,12905444,18743380,https://inaturalist-open-data.s3.amazonaws.com/photos/18743380/large.jpg,cc-by-nc,"(c) Danielle St. Louis, some rights reserved (CC BY-NC)",43.5839283333,-65.5182116667,128.0,2018-05-28,521073,daniellestlouis,751a5f95fce28bc2370fa1a4efe6dbaa3f45f34ae37457aba79d00b3d45c5f7b,33,Arctostaphylos uva-ursi
Arctostaphylos uva-ursi,68049,169374778,293638024,https://inaturalist-open-data.s3.amazonaws.com/photos/293638024/large.jpeg,cc-by-nc,"(c) Yury Buyvolov, some rights reserved (CC BY-NC)",54.344505,109.50294,6.0,2023-06-24,2326494,ybuyvolov,51f54bdf498013b81c72ae754417d85342d286afa0d819a953b0071cc350d5ed,34,Arctostaphylos uva-ursi
Arctostaphylos uva-ursi,68049,167592765,290382534,https://inaturalist-open-data.s3.amazonaws.com/photos/290382534/large.jpeg,cc-by,"(c) Mike Tilley, some rights reserved (CC BY)",46.7700424861,-84.9561473858,21.0,2023-06-15,93120,miketilley,3ba8856ef8ef7f6a3fba100944839d14b2090d97c52c21b0dd3ec2a96d35bd11,35,Arctostaphylos uva-ursi
Arctostaphylos uva-ursi,68049,163638221,283050168,https://inaturalist-open-data.s3.amazonaws.com/photos/283050168/large.jpeg,cc-by-nc,"(c) Julian, some rights reserved (CC BY-NC)",46.448705578,12.5132634491,8.0,2023-05-25,3523567,julian_tr,4a12a43704f1b1f561c62037f9955fa8dad7f9724953b1e63fa6706d2d684b64,36,Arctostaphylos uva-ursi
Arctostaphylos uva-ursi,68049,358815359,654609280,https://inaturalist-open-data.s3.amazonaws.com/photos/654609280/large.jpg,cc-by-nc,"(c) Justin Chan, some rights reserved (CC BY-NC)",49.2732733333,-126.143325,10.0,2026-05-02,7104488,justinchans,08ca61d763b23b33b11991e11eeef6e4697fe2511dc3f2c862b49078e70dc7b6,37,Arctostaphylos uva-ursi
Arctostaphylos uva-ursi,68049,116123810,196371038,https://inaturalist-open-data.s3.amazonaws.com/photos/196371038/large.jpeg,cc-by-nc,"(c) tcarin, some rights reserved (CC BY-NC)",52.9213981628,-117.9991149902,98.0,2022-05-08,4735489,tcarin,bb00859d9d39cacfbad6361f8b006e04aab5b32b8ebaf10bdb66c8b42d0f812d,38,Arctostaphylos uva-ursi
Arctostaphylos uva-ursi,68049,79099976,129524230,https://inaturalist-open-data.s3.amazonaws.com/photos/129524230/large.jpg,cc-by-nc,"(c) Carol McDougall, some rights reserved (CC BY-NC)",49.3701313,-115.8421061,191.0,2021-05-16,100322,salmonskyview,86cc034f0472dbbf79f19a43115bc3f6f0ed05920f3161248b03e65bed17f6c4,39,Arctostaphylos uva-ursi
Arctostaphylos uva-ursi,68049,163927172,283585517,https://inaturalist-open-data.s3.amazonaws.com/photos/283585517/large.jpg,cc-by-nc,"(c) mbohnet, some rights reserved (CC BY-NC)",49.6526133333,-109.54477,4.0,2023-05-26,4709661,mbohnet,50d2a1b58f309f12bf88740344ced848e9185319751f8ffdaa07e37d9cb52b91,40,Arctostaphylos uva-ursi
Arctostaphylos uva-ursi,68049,155309610,268449752,https://inaturalist-open-data.s3.amazonaws.com/photos/268449752/large.jpeg,cc-by-nc,"(c) Alexandre Leroy Delande, some rights reserved (CC BY-NC)",44.2689922924,3.216454424,41.0,2023-04-17,6558236,alexbot,207628cbf4f787c0a2a0fc883cbc23c6c1a40ef04c1614b00b465f5fb539ebd5,41,Arctostaphylos uva-ursi
Arctostaphylos uva-ursi,68049,165223829,286028099,https://inaturalist-open-data.s3.amazonaws.com/photos/286028099/large.jpg,cc-by-nc,"(c) sequoiaak, some rights reserved (CC BY-NC)",43.7616644795,-110.5906669827,4.0,2023-06-02,682464,sequoiaak,5d58ac575103028ee39d41b76c5f7767c0392d65a88b71aefcc91ad7dd374e47,42,Arctostaphylos uva-ursi
Arctostaphylos uva-ursi,68049,120912576,204557643,https://inaturalist-open-data.s3.amazonaws.com/photos/204557643/large.jpg,cc-by-nc,"(c) max_forster, some rights reserved (CC BY-NC)",40.8317334744,-124.1826736087,386.0,2022-06-08,2521869,max_forster,ee36b94e551c3f63138a94f30d4335c25727c76b31cab34f2a0eda7f32a25179,43,Arctostaphylos uva-ursi
Arctostaphylos uva-ursi,68049,47670442,75609350,https://inaturalist-open-data.s3.amazonaws.com/photos/75609350/large.jpeg,cc-by-nc,"(c) Ken Allison, some rights reserved (CC BY-NC)",45.27723744,-76.2044150874,348.0,2020-05-28,2866061,ken_j_allison,caeddd27a03c5fa7820341db56101393a0a1f4c5a65b8c32cc09fbc1851b4f1f,44,Arctostaphylos uva-ursi
Arctostaphylos uva-ursi,68049,163423220,282663785,https://inaturalist-open-data.s3.amazonaws.com/photos/282663785/large.jpg,cc-by-nc,"(c) Sue Brady, some rights reserved (CC BY-NC)",45.370282683,-118.2983069123,20.0,2023-05-23,5887648,soobie,a07801c1112d6980e6b5f15c58680e4c2d05f84b352c10f4a47f800faec92ec1,45,Arctostaphylos uva-ursi
Arctostaphylos uva-ursi,68049,169056011,293047679,https://inaturalist-open-data.s3.amazonaws.com/photos/293047679/large.jpeg,cc0,no rights reserved,51.4316527778,-122.0396638889,4.0,2023-05-28,6451183,arianne35,dfb37344d9a9a4c915d1fcc3b721fef32909978483554b54831cc05f0e856099,46,Arctostaphylos uva-ursi
Arctostaphylos uva-ursi,68049,115796167,195434137,https://inaturalist-open-data.s3.amazonaws.com/photos/195434137/large.jpeg,cc-by-nc,"(c) hiker101, some rights reserved (CC BY-NC)",42.5992988471,-74.3585207686,712.0,2022-05-05,2923800,hiker101,1a23add653205e5f8c8ad2993e2a134953d4ebf2f12f3cd1048fc62226a9692f,47,Arctostaphylos uva-ursi
Arctostaphylos uva-ursi,68049,28932992,45127291,https://inaturalist-open-data.s3.amazonaws.com/photos/45127291/large.jpeg,cc-by-nc,"(c) teresap, some rights reserved (CC BY-NC)",49.6274004,-95.9177652,4526.0,2019-06-01,479865,teresap,5ae4d6026bd94a1192923cab2b3a30a95141597bc1a1a06c8f2366167e734026,48,Arctostaphylos uva-ursi
Arctostaphylos uva-ursi,68049,119255253,201576359,https://inaturalist-open-data.s3.amazonaws.com/photos/201576359/large.jpg,cc-by-nc,"(c) dmartinlorenzo, some rights reserved (CC BY-NC)",42.2386586692,1.6891851047,60.0,2022-05-29,5589473,dmartinlorenzo,0be44361d0f09762c4a1a1867c3614f67545f2fb70382bc0e7ff70a610816d3f,49,Arctostaphylos uva-ursi
Arctostaphylos uva-ursi,68049,165642521,286751343,https://inaturalist-open-data.s3.amazonaws.com/photos/286751343/large.jpeg,cc-by-nc,"(c) bobcurry, some rights reserved (CC BY-NC)",48.7375726198,-86.3511584002,8.0,2023-05-29,585155,bobcurry,af34c73716190701b5385253ac3169ff9013ff0cafcc11eee7e52eede3c59ed2,50,Arctostaphylos uva-ursi
Arctostaphylos uva-ursi,68049,119035058,201189016,https://inaturalist-open-data.s3.amazonaws.com/photos/201189016/large.jpg,cc-by-nc,"(c) Jennifer Heron, some rights reserved (CC BY-NC)",65.6855466667,-17.5418616667,4.0,2022-05-28,520124,jennyheron,c8d924992f2e9c0573fb1670f099f4c03f568dc27a8f5d9122976f79e65dd8b5,51,Arctostaphylos uva-ursi
Arctostaphylos uva-ursi,68049,75391885,123334185,https://inaturalist-open-data.s3.amazonaws.com/photos/123334185/large.jpg,cc-by-nc-sa,"(c) sicloot, some rights reserved (CC BY-NC-SA)",41.8818887359,-69.9967964481,639.0,2021-04-24,13595,sicloot,44392a20692eb96ecbc912e966f800030121b4b09ab2ac04d45dafd65ec8a45b,52,Arctostaphylos uva-ursi
Arctostaphylos uva-ursi,68049,163730720,283212768,https://inaturalist-open-data.s3.amazonaws.com/photos/283212768/large.jpeg,cc-by-nc,"(c) Bryan P, some rights reserved (CC BY-NC)",46.9134149185,-122.7169633657,4.0,2023-05-25,6631106,bpcamas438,4c2b05fb432f29065a9ad90396dfa70c598609a062336b0d933512be07e77266,53,Arctostaphylos uva-ursi
Arctostaphylos uva-ursi,68049,280832398,504420914,https://inaturalist-open-data.s3.amazonaws.com/photos/504420914/large.jpg,cc-by-nc,"(c) Jimv, some rights reserved (CC BY-NC)",44.7416883333,-84.437575,17.0,2025-05-13,2717779,jimv,4c295a2ee2aa6692bb347c7da3078c40d0c7acd8a1750e7d2a269c63a051487f,54,Arctostaphylos uva-ursi
Arctostaphylos uva-ursi,68049,287518127,516984820,https://inaturalist-open-data.s3.amazonaws.com/photos/516984820/large.jpg,cc-by-nc,"(c) Janice Quirt, some rights reserved (CC BY-NC)",45.2579079208,-81.655988479,5.0,2025-06-06,9089183,janice5790,4b015554f7dfa3c4d473b2b23dadef230d75b757561a16445326dac7ee4f0509,55,Arctostaphylos uva-ursi
Arctostaphylos uva-ursi,68049,161138565,278504345,https://inaturalist-open-data.s3.amazonaws.com/photos/278504345/large.jpg,cc-by-nc,"(c) danicaarmstrong, some rights reserved (CC BY-NC)",50.4569966667,-119.30732,4.0,2023-05-11,4671615,danicaarmstrong,7eeba788c0bf2b3fb3b6936bd456c06820cb712f2d49c9d8443da178d8666eb4,56,Arctostaphylos uva-ursi
Arctostaphylos uva-ursi,68049,118832559,200816983,https://inaturalist-open-data.s3.amazonaws.com/photos/200816983/large.jpeg,cc-by-nc,"(c) Hubert Taube, some rights reserved (CC BY-NC)",53.8560861649,-112.9901386741,45.0,2022-05-22,1916992,rfdgrs,f410c54448d3137d25d2711a017999f83354728f3040d90c6832219a0cc87875,57,Arctostaphylos uva-ursi
Arctostaphylos uva-ursi,68049,48107347,76317572,https://inaturalist-open-data.s3.amazonaws.com/photos/76317572/large.jpeg,cc-by-nc,"(c) Raija Paltta Os Laiho, some rights reserved (CC BY-NC)",61.51445232,27.35256383,10.0,2020-06-01,2975717,raija_paltta,23df15bae871f223b23431e79419616b720986f2b81045900dcd5f8ce3c14eae,58,Arctostaphylos uva-ursi
Arctostaphylos uva-ursi,68049,76545897,125205900,https://inaturalist-open-data.s3.amazonaws.com/photos/125205900/large.jpg,cc-by-nc,"(c) grassgirl, some rights reserved (CC BY-NC)",48.2339871966,-117.8816922884,253.0,2021-05-01,1598198,grassgirl,f277c6539f6b669125bfdcbe15ba93c1cb21b6ce56fd852263df1b63dff4e803,59,Arctostaphylos uva-ursi
Arctostaphylos uva-ursi,68049,13493270,19817067,https://inaturalist-open-data.s3.amazonaws.com/photos/19817067/large.jpg,cc-by-nc,"(c) A. Norman, some rights reserved (CC BY-NC)",51.4455646836,-116.5356381052,5.0,2018-06-13,788371,anorman,1275ce526330f41fdda1086e3f2f90fb07f8e90a59849fdc84ecda4287161774,60,Arctostaphylos uva-ursi
Asclepias curassavica,75602,313726738,566767637,https://inaturalist-open-data.s3.amazonaws.com/photos/566767637/large.jpg,cc-by-nc,"(c) Ponmani S, some rights reserved (CC BY-NC)",10.2221246576,77.1868944168,7.0,2025-09-13,9685122,ponmanichssselvapuram,14aac1aa40901f21b0f9b412bc7e3165ce7e455f6c3315fa95d343c5c333e705,1,Asclepias curassavica
Asclepias curassavica,75602,175825038,305603618,https://inaturalist-open-data.s3.amazonaws.com/photos/305603618/large.jpeg,cc-by-nc,"(c) purihuaman_katherine1, some rights reserved (CC BY-NC)",-7.3605808541,-79.4430382177,651.0,2023-07-27,7192924,purihuaman_katherine1,84eb8512997658ad1c8739f24d200df53bcd8a084127d0d128faef2074c005ed,2,Asclepias curassavica
Asclepias curassavica,75602,375146393,685773474,https://inaturalist-open-data.s3.amazonaws.com/photos/685773474/large.jpg,cc-by-nc-sa,"(c) Nick Lambert, some rights reserved (CC BY-NC-SA)",-30.29853338,153.10504086,6.0,2026-06-25,661392,nicklambert,21a3551e56832ebe30aa083741624ab1d11e7a219bf5aaf96fa8f673a7f2b588,3,Asclepias curassavica
Asclepias curassavica,75602,49044774,77846395,https://inaturalist-open-data.s3.amazonaws.com/photos/77846395/large.jpg,cc-by,"(c) Dave Richardson, some rights reserved (CC BY)",-33.92831333,18.87034667,8.0,2020-06-09,745172,daverichardson,c1f8511e2d115deb6a9a87129467030dc484d20ac024fc302c21822629febddd,4,Asclepias curassavica
Asclepias curassavica,75602,39847237,63260312,https://inaturalist-open-data.s3.amazonaws.com/photos/63260312/large.jpg,cc-by-nc,"(c) Paolo Mazzei, some rights reserved (CC BY-NC)",28.4522457607,-16.2572384789,244.0,2020-03-11,208284,mazzeip,33997d4b62281674e4f0b352d4eac981785948af578d224862a8d80e70174b4f,5,Asclepias curassavica
Asclepias curassavica,75602,246825531,440713344,https://inaturalist-open-data.s3.amazonaws.com/photos/440713344/large.jpeg,cc-by-nc,"(c) jujucal, some rights reserved (CC BY-NC)",37.7340659715,-122.4352548032,12.0,2024-10-11,1385131,jujucal,e91aef2c5027dcec615eeb0fdb272146bca5fdae649c42414c003f2799e8557c,6,Asclepias curassavica
Asclepias curassavica,75602,90255401,149146049,https://inaturalist-open-data.s3.amazonaws.com/photos/149146049/large.jpg,cc-by-nc,"(c) brownmaya, some rights reserved (CC BY-NC)",14.15165,145.23192,9.0,2021-08-07,1507863,brownmaya,7f4bedd529822feb992ca5d5ddafeabd87103ad33eeb28d5dcf4e4fa24351f78,7,Asclepias curassavica
Asclepias curassavica,75602,327960213,594206290,https://inaturalist-open-data.s3.amazonaws.com/photos/594206290/large.jpg,cc-by-nc,"(c) hcoste, some rights reserved (CC BY-NC)",32.351258,-64.712123,3.0,2025-11-23,6326166,hcoste,81e4ade3359703b59497a15d619749018613d21c41b3d1b1dbedce0424a63ddb,8,Asclepias curassavica
Asclepias curassavica,75602,71654848,116688065,https://inaturalist-open-data.s3.amazonaws.com/photos/116688065/large.jpg,cc-by-nc,"(c) Célio Moura Neto, some rights reserved (CC BY-NC)",-3.9593472453,-38.6309338915,1723.0,2018-07-13,2869,celiomoura,f38bb37de2af99679363f2278dc51098a059da0327eecc1504d3476a650b90dd,9,Asclepias curassavica
Asclepias curassavica,75602,331703704,601800975,https://inaturalist-open-data.s3.amazonaws.com/photos/601800975/large.jpg,cc-by-nc,"(c) Juan Rita, some rights reserved (CC BY-NC)",-34.59555,-54.1289138333,4.0,2023-12-25,4449228,juanrita,ce571ab1726d7746e2087a6b24e47857753825376aa0a6762087f7c8d3eeb6e8,10,Asclepias curassavica
Asclepias curassavica,75602,208060958,368094807,https://inaturalist-open-data.s3.amazonaws.com/photos/368094807/large.jpg,cc-by-nc,"(c) Joe Zito, some rights reserved (CC BY-NC)",-17.0624736311,49.8252257851,357.0,2024-04-19,5308912,name_name_name,d99106e4b4c2d681c632d71094ab5cbd4954a1647c4e3c8cc5792b2eb55fa2ba,11,Asclepias curassavica
Asclepias curassavica,75602,274338097,493220107,https://inaturalist-open-data.s3.amazonaws.com/photos/493220107/large.jpg,cc-by-nc,"(c) 高善悠, some rights reserved (CC BY-NC)",22.1239084564,113.5707312985,14.0,2025-04-27,9062292,naturalist110129,c27739a95f106fdcd88fab0944facf2ad34e8730b63ead416b060e373d1c7bea,12,Asclepias curassavica
Asclepias curassavica,75602,145718177,250384716,https://inaturalist-open-data.s3.amazonaws.com/photos/250384716/large.jpg,cc-by-nc,"(c) sdelao, some rights reserved (CC BY-NC)",18.27395,-95.6400133333,4.0,2022-12-31,4223878,sdelao,3add1d1e52fe4988a8a0367979347767d1af676f236fc5efb58ef69e88c210ef,13,Asclepias curassavica
Asclepias curassavica,75602,144634196,248281993,https://inaturalist-open-data.s3.amazonaws.com/photos/248281993/large.jpeg,cc-by-nc,"(c) Yasmin Yuniray Contreras Peña, some rights reserved (CC BY-NC)",10.3632690543,-66.9479467347,210.0,2022-12-17,1879115,yascontreras,8cb2a65b5d1669aa374066654e05410f8e0b9560a78f520ef6e07b5cd9fa9e47,14,Asclepias curassavica
Asclepias curassavica,75602,139376839,238374354,https://inaturalist-open-data.s3.amazonaws.com/photos/238374354/large.jpg,cc-by-nc,"(c) thiagolyra, some rights reserved (CC BY-NC)",-20.9628736,-42.0423018,1370.0,2022-10-12,5859391,thiagolyra,432c999c52b2e195e4712e48ae24740117be64f5282bce3216a8141f62d19ffa,15,Asclepias curassavica
Asclepias curassavica,75602,135455546,231030675,https://inaturalist-open-data.s3.amazonaws.com/photos/231030675/large.jpeg,cc-by-nc,"(c) Thomas CK Hall, some rights reserved (CC BY-NC)",43.7377770499,-79.2850209028,19.0,2022-09-17,517331,murex13,af6c14539f7ec29c1228fdcab038479059fc6d0e41d7b9879cfa1ba1ad8eefb3,16,Asclepias curassavica
Asclepias curassavica,75602,276599610,497134038,https://inaturalist-open-data.s3.amazonaws.com/photos/497134038/large.jpg,cc-by-nc,"(c) rodriguez_s, some rights reserved (CC BY-NC)",28.1373083333,-82.2404033333,4.0,2025-04-29,2533785,rodriguez_s,45381216b4a69a04d82d8a2e2be2ded7413c3c10e55a6c40377ad37be12a715f,17,Asclepias curassavica
Asclepias curassavica,75602,114232681,192921246,https://inaturalist-open-data.s3.amazonaws.com/photos/192921246/large.jpeg,cc-by-nc,"(c) Luis Ricardo Beltrán Vizcarra, some rights reserved (CC BY-NC)",24.8784847042,-107.2768566012,205.0,2022-05-01,5428700,lrbv,d85173310fd4def84ad108b11b3efc59dd244737cc2948efdf9b56ef5f2c956b,18,Asclepias curassavica
Asclepias curassavica,75602,103172119,172617029,https://inaturalist-open-data.s3.amazonaws.com/photos/172617029/large.jpeg,cc-by-nc,"(c) Carolyn Maxwell Rigdon, some rights reserved (CC BY-NC)",29.721246399,-95.3069513582,61.0,2009-03-22,493392,carolynmaxwellgilmore,a8237041140f37d7070ddb6f2bad9a62def3d9175abaef1059a43d14a668ae0f,19,Asclepias curassavica
Asclepias curassavica,75602,69800666,113347281,https://inaturalist-open-data.s3.amazonaws.com/photos/113347281/large.jpg,cc-by-nc,"(c) Jonathan Mills-Anderson, some rights reserved (CC BY-NC)",8.8052655,-78.4511375,2144.0,2017-08-30,4030693,jmillsand,276cacc7951f138faa3c21d4e16a40fcb9854f0d8de1ddbf2c0b44ce4b6e5b07,20,Asclepias curassavica
Asclepias curassavica,75602,282082625,506769407,https://inaturalist-open-data.s3.amazonaws.com/photos/506769407/large.jpg,cc-by-nc,"(c) Ryan Grow, some rights reserved (CC BY-NC)",21.7828533333,-72.2231833333,4.0,2025-05-17,3146308,ryangrow,1caf00210214e213db8a90929a511cd2f838e3358fdd4e8486f1ca7660b29313,21,Asclepias curassavica
Asclepias curassavica,75602,269619961,484800147,https://inaturalist-open-data.s3.amazonaws.com/photos/484800147/large.jpeg,cc-by-nc,"(c) Claudia Mejia de Mendoza, some rights reserved (CC BY-NC)",14.0215152942,-86.5977858379,207.0,2025-04-10,4855526,claudia_mejia_de_mendoza,402eed257938b2bbb6ff256f258a00895841ec326a9018c7a45a42b155edbfc6,22,Asclepias curassavica
Asclepias curassavica,75602,293057576,527441530,https://inaturalist-open-data.s3.amazonaws.com/photos/527441530/large.jpg,cc-by-nc,"(c) shashikantfand, some rights reserved (CC BY-NC)",19.1469795779,74.7000152618,18.0,2025-06-27,9015645,shashikantfand,a81fbcf5c794a1c583190614b1a79e5e0458cfd63497beb371cad5d0c798d4e7,23,Asclepias curassavica
Asclepias curassavica,75602,165530715,286544178,https://inaturalist-open-data.s3.amazonaws.com/photos/286544178/large.jpeg,cc-by,"(c) Júlio Castellain, some rights reserved (CC BY)",-26.7828716468,-48.6985476315,2621.0,2023-06-04,2405239,juliocastellain,5b093e08b1f09a32b0b2fc086c22df9acc8ad52b67947fece9b5fe947e93379b,24,Asclepias curassavica
Asclepias curassavica,75602,210526082,372358639,https://inaturalist-open-data.s3.amazonaws.com/photos/372358639/large.jpeg,cc0,no rights reserved,-13.2621770733,-73.3879912645,6.0,2024-04-27,7141141,prins6mend,599b99428b1a1370787c705b78ac8f36d620cca244d8ec0d68a2bb2f8dc84321,25,Asclepias curassavica
Asclepias curassavica,75602,146088617,251084225,https://inaturalist-open-data.s3.amazonaws.com/photos/251084225/large.jpg,cc-by-nc,"(c) edimar_silva87, some rights reserved (CC BY-NC)",-16.609640917,-49.218622872,2.0,2021-07-18,6391415,edimar_silva87,b1fe8a22ac6b04bb1f46af8dd41fee5d009e0651da64c5dbde62e75c6d75af56,26,Asclepias curassavica
Asclepias curassavica,75602,259769506,466369919,https://inaturalist-open-data.s3.amazonaws.com/photos/466369919/large.jpeg,cc-by-nc,"(c) Cheng-wei, Liu (Jack), some rights reserved (CC BY-NC)",17.1412495217,-62.574161535,15.0,2025-01-11,7826305,jack_liu_2024,7417d228983ba81ea2b5102b40965a581f724e92f8b8f1a282024f89b9eb31c3,27,Asclepias curassavica
Asclepias curassavica,75602,260438695,467706565,https://inaturalist-open-data.s3.amazonaws.com/photos/467706565/large.jpg,cc-by-nc,"(c) Ermilo López-Cobá, some rights reserved (CC BY-NC)",21.4646216667,-87.9564366667,4.0,2025-02-02,4151959,milohongo76,0d9973724db53f7cd2c0e006b256e85983d9ad518c75fe54ebb2c1c7902017d6,28,Asclepias curassavica
Asclepias curassavica,75602,335819064,610141748,https://inaturalist-open-data.s3.amazonaws.com/photos/610141748/large.jpg,cc-by-nc,"(c) lubukun, some rights reserved (CC BY-NC)",24.6367799305,120.9934334457,98.0,2026-01-23,8024339,lubukun,4c14bfc1b743936c6af60f0794a735db140d6b5902c879fbccf9da6b1e1b84f7,29,Asclepias curassavica
Asclepias curassavica,75602,248076399,443185353,https://inaturalist-open-data.s3.amazonaws.com/photos/443185353/large.jpeg,cc-by-nc,"(c) jaircza21, some rights reserved (CC BY-NC)",-0.1869452441,-78.4949069675,14.0,2024-10-19,8699165,jaircza21,44fcf2f6e34ffd4ec7a358269c55de0a65701d1500e0d892f6a78e85c5508d06,30,Asclepias curassavica
Asclepias curassavica,75602,111066271,187448493,https://inaturalist-open-data.s3.amazonaws.com/photos/187448493/large.jpg,cc-by-nc,"(c) djdoctorkatz, some rights reserved (CC BY-NC)",32.737505,-117.0929416667,4.0,2022-04-10,2541264,djdoctorkatz,8bb71649ea06fcc17e0e18efa01241cf8ae44f1023600855f2a98ea36a8ee1d5,31,Asclepias curassavica
Asclepias curassavica,75602,35114108,55350639,https://inaturalist-open-data.s3.amazonaws.com/photos/55350639/large.jpeg,cc-by-nc,"(c) pedronoe, some rights reserved (CC BY-NC)",23.7246195134,-99.1513465857,4.0,2019-10-30,1480303,pedronoe,28373d97066ed79f900ee96a6416f81246e465377d99f65e4925aadee20b9eca,32,Asclepias curassavica
Asclepias curassavica,75602,381120252,697319270,https://inaturalist-open-data.s3.amazonaws.com/photos/697319270/large.jpg,cc-by-nc,"(c) Tia Robertson, some rights reserved (CC BY-NC)",11.3019734343,-60.6199114721,600.0,2026-07-05,9039443,tia_27,5b0184264a43dd365b508eae551dff173c0deeb27dc1e8a46da203ec27aa1f83,33,Asclepias curassavica
Asclepias curassavica,75602,270889989,487211368,https://inaturalist-open-data.s3.amazonaws.com/photos/487211368/large.jpeg,cc-by-nc-sa,"(c) Mateo Hernandez Schmidt, some rights reserved (CC BY-NC-SA)",4.6803459494,-74.4187740393,61.0,2025-04-10,391471,mateohernandezschmidt,7cbe3b456184af3e2eb09e2325194681b3da067eccd1fe1ee84748b1a5f60668,34,Asclepias curassavica
Asclepias curassavica,75602,243712413,434614437,https://inaturalist-open-data.s3.amazonaws.com/photos/434614437/large.jpeg,cc-by-nc,"(c) veronicarubio, some rights reserved (CC BY-NC)",19.8033916667,-104.3786083333,60.0,2024-09-22,8595302,veronicarubio,8115d3ebb77256c02e4c8e2314afb6d541dca14d4354039f5223f4b5adcd79c6,35,Asclepias curassavica
Asclepias curassavica,75602,6992896,8953350,https://inaturalist-open-data.s3.amazonaws.com/photos/8953350/large.jpg,cc-by-nc,"(c) Pepe Paulín, some rights reserved (CC BY-NC)",27.8386864506,-101.1233943701,4.0,2017-07-05,48929,pepepaulin,4f4620f962c132bf5611fe1819ef743cb323a0c53d99881da137690ed06157bf,36,Asclepias curassavica
Asclepias curassavica,75602,136701369,233346768,https://inaturalist-open-data.s3.amazonaws.com/photos/233346768/large.jpeg,cc-by,"(c) Ricard Busquets Reverte, some rights reserved (CC BY)",16.9934768695,-89.6899140983,10.0,2022-09-17,4026605,ricardelremate,b5b5d93c50a9de7c1d63bfb3203bc3fd032ee5f9045054ac4af59ed4b43309ac,37,Asclepias curassavica
Asclepias curassavica,75602,86924992,143283286,https://inaturalist-open-data.s3.amazonaws.com/photos/143283286/large.jpeg,cc-by-nc,"(c) Eusebio Roldán Félix, some rights reserved (CC BY-NC)",19.2640477103,-100.2687821907,4.0,2021-07-08,37413,eusebio78,47b300b88f58ed9decd81d91fc0abb77656743b5e40f218891805647c23a110d,38,Asclepias curassavica
Asclepias curassavica,75602,150775743,260049394,https://inaturalist-open-data.s3.amazonaws.com/photos/260049394/large.jpg,cc-by-nc,"(c) lepi_registros, some rights reserved (CC BY-NC)",-23.458795,-46.5278883333,35.0,2023-03-01,6454056,lepi_registros,26f58495d3794b6859dfa60f0d440a0debca323bdd65168ddd496abd9c708588,39,Asclepias curassavica
Asclepias curassavica,75602,266956349,479684399,https://inaturalist-open-data.s3.amazonaws.com/photos/479684399/large.jpg,cc-by-nc,"(c) leticiaeras, some rights reserved (CC BY-NC)",-33.7014903327,150.9585670073,4.0,2025-03-26,7871392,leticiaeras,62ceddba774d682cc1e0c35e32035048cae489d12164147f0ff01ef004a03cb1,40,Asclepias curassavica
Asclepias curassavica,75602,153447753,265030189,https://inaturalist-open-data.s3.amazonaws.com/photos/265030189/large.jpeg,cc-by,"(c) Monics Paredes, some rights reserved (CC BY)",-12.0851422079,-77.0487589762,21.0,2023-04-01,2924383,monics,f1412792ca73a8302222c8c0103ad1b28e8c12fb697195d7786cfbcad6df09e7,41,Asclepias curassavica
Asclepias curassavica,75602,105668785,177346974,https://inaturalist-open-data.s3.amazonaws.com/photos/177346974/large.jpeg,cc-by,"(c) Sue Carnahan, some rights reserved (CC BY)",-3.6575894649,-79.7712126187,263.0,2022-01-10,37566,suecar,64cf150764f08a41443f5daf7b937c58426ce46b774695bdbf99c23ea8821da4,42,Asclepias curassavica
Asclepias curassavica,75602,293203714,527705236,https://inaturalist-open-data.s3.amazonaws.com/photos/527705236/large.jpg,cc-by-nc,"(c) Juan Diego Döke, some rights reserved (CC BY-NC)",-34.440893395,-58.5455249036,1.0,2025-06-27,2713693,bigoti,66d01079c2f277a827a95d5d0fa97893ff6672d1cfc5db0f47e04e748b17162f,43,Asclepias curassavica
Asclepias curassavica,75602,37906678,60164307,https://inaturalist-open-data.s3.amazonaws.com/photos/60164307/large.jpg,cc-by-sa,"(c) Judy Gallagher, some rights reserved (CC BY-SA)",24.7092981,-81.3824824,208.0,2020-01-23,1515879,judygva,8af3a7c3e010f4c0c79d154e12f82ce524e6880c445ef1b5dee7b05c0f11f372,44,Asclepias curassavica
Asclepias curassavica,75602,360456258,657736499,https://inaturalist-open-data.s3.amazonaws.com/photos/657736499/large.jpg,cc-by-nc,"(c) dorma, some rights reserved (CC BY-NC)",-26.8900907682,152.9171686247,1330.0,2026-05-11,8752023,dorma,5f035111c7e6840b124441e6648f07b9942944936aab20dc4470dd91db238eab,45,Asclepias curassavica
Asclepias curassavica,75602,242946817,433146351,https://inaturalist-open-data.s3.amazonaws.com/photos/433146351/large.jpg,cc-by-sa,"(c) Guilherme Cameis Freda, some rights reserved (CC BY-SA)",-31.8041787677,-52.4150237167,2.0,2024-09-19,6010511,guilhermefreda,47b9b99115c2cd806c4aafc1c56c6e2313c687f5395729a376d26cc70380cf79,46,Asclepias curassavica
Asclepias curassavica,75602,132757700,226042234,https://inaturalist-open-data.s3.amazonaws.com/photos/226042234/large.jpeg,cc-by-nc,"(c) Diego Manzano Méndez, some rights reserved (CC BY-NC)",16.0082623085,-93.4456126392,16.0,2022-08-25,132585,diegoman,44c5c8ffcc28eb008c785d5993956858bb728399b48534329f23adfab20dde8b,47,Asclepias curassavica
Asclepias curassavica,75602,260303373,467439996,https://inaturalist-open-data.s3.amazonaws.com/photos/467439996/large.jpg,cc0,no rights reserved,-6.3380033333,-76.5631866667,20.0,2025-02-01,932362,gptwisted,0ceb46b615844305928047db6a8d181cd52e2278280708d81cf155a70002f9fa,48,Asclepias curassavica
Asclepias curassavica,75602,149867932,258317394,https://inaturalist-open-data.s3.amazonaws.com/photos/258317394/large.jpg,cc-by-nc,"(c) solg_c, some rights reserved (CC BY-NC)",21.9424613383,-102.3057948586,24.0,2023-02-27,6532650,solg_c,a46267b4520fc5b358dd6656a513840b03aad5394dc11e8892467dde70bd94be,49,Asclepias curassavica
Asclepias curassavica,75602,256924154,460766681,https://inaturalist-open-data.s3.amazonaws.com/photos/460766681/large.jpg,cc-by-nc,"(c) Marley Diehl, some rights reserved (CC BY-NC)",29.406855,-98.493195,4.0,2024-12-31,1713542,satxmar,74a73c0e2e10695cb2ae0acd50ffbcfd943350af098b14a0a745adc783e129b6,50,Asclepias curassavica
Asclepias curassavica,75602,164238053,284145092,https://inaturalist-open-data.s3.amazonaws.com/photos/284145092/large.jpg,cc-by-nc,"(c) lcalderoncim2023, some rights reserved (CC BY-NC)",14.5453250124,-90.7339718716,13.0,2023-05-28,5487288,lcalderoncim2023,34cb484d4ddb27acb9afb0a62f6855b2a56f690d42edad719900e4ffb6912bcd,51,Asclepias curassavica
Asclepias curassavica,75602,72004161,117320928,https://inaturalist-open-data.s3.amazonaws.com/photos/117320928/large.jpg,cc-by-nc,"(c) rodrigo026, some rights reserved (CC BY-NC)",20.1786217999,-97.5842086537,4.0,2021-03-23,4087106,rodrigo026,abd46c5165fd7d2b8e58eac7c72169e85014e3e2b97d66d1751e1e786f2fd3be,52,Asclepias curassavica
Asclepias curassavica,75602,384357467,703564590,https://inaturalist-open-data.s3.amazonaws.com/photos/703564590/large.jpg,cc-by-nc,"(c) Adian Kaltenbaugh, some rights reserved (CC BY-NC)",30.6442,-81.4405366667,1102.0,2026-07-09,10092712,adian3,76dbac6428338fdb2715a4de353fa4721fe4c84ca99856bd1d2be59f5241b03a,53,Asclepias curassavica
Asclepias curassavica,75602,157574801,272431505,https://inaturalist-open-data.s3.amazonaws.com/photos/272431505/large.jpeg,cc-by-nc,"(c) Madai Rios, some rights reserved (CC BY-NC)",18.658025,-91.76702006,9.0,2023-04-29,6293819,kkj54,fb1e7ec21b97601b0e985778558802f6cd59f3db0f33c1ff99a1851ce5c082fd,54,Asclepias curassavica
Asclepias curassavica,75602,159566948,275686515,https://inaturalist-open-data.s3.amazonaws.com/photos/275686515/large.jpeg,cc-by-nc,"(c) RaulBaG, some rights reserved (CC BY-NC)",22.8384047685,-105.7768184098,525.0,2023-04-28,1339499,raoultb,cf0eea25be5b5acff46b7a52c734316342ddefe60fff941f6dd4b1e179c5930e,55,Asclepias curassavica
Asclepias curassavica,75602,103129210,172538268,https://inaturalist-open-data.s3.amazonaws.com/photos/172538268/large.jpeg,cc-by-nc,"(c) Daniel Velasco, some rights reserved (CC BY-NC)",-1.5857903732,-80.7571526617,801.0,2021-12-15,3976016,davelascoc,e95fea09f5ff6817868b5f91b68ac8e0e59ac223bdcad4fd6afae47888a2f188,56,Asclepias curassavica
Asclepias curassavica,75602,174297520,302785583,https://inaturalist-open-data.s3.amazonaws.com/photos/302785583/large.jpg,cc-by-nc,"(c) Kin Martinez, some rights reserved (CC BY-NC)",17.6755303818,-97.9617688788,179.0,2023-06-30,3152954,dkinmar,0c0d8b7b93070becd58a9f2828c063f66889b710bddcd4d7e16e0fadf0aecdbe,57,Asclepias curassavica
Asclepias curassavica,75602,268378274,482404637,https://inaturalist-open-data.s3.amazonaws.com/photos/482404637/large.jpg,cc-by-nc,"(c) filouminou, some rights reserved (CC BY-NC)",26.8306959483,-80.1546786534,69.0,2025-04-03,9086186,filouminou,01a3fed6045ac2f8a58c0065fd31b0d9d78225a0f84eb8d98654a8be35947c96,58,Asclepias curassavica
Asclepias curassavica,75602,285763051,511955475,https://inaturalist-open-data.s3.amazonaws.com/photos/511955475/large.jpg,cc-by-nc,"(c) cesaryc, some rights reserved (CC BY-NC)",25.7252162664,-100.3161487085,4.0,2025-05-27,8971264,cesaryc,136c37b31e9a75d4679c9f346906e995cd535d12327e82ddfe369337e657076e,59,Asclepias curassavica
Asclepias curassavica,75602,290745434,523054622,https://inaturalist-open-data.s3.amazonaws.com/photos/523054622/large.jpg,cc-by,"(c) Oleg Kosterin, some rights reserved (CC BY)",11.9066531104,75.9895439581,8.0,2025-05-22,2511740,oleg_kosterin,36262f4bda4cf255c1723cab1a4b7a00866ae5798ca0858c4e7d19fb77727738,60,Asclepias curassavica
Commelina benghalensis,76425,388916833,712356431,https://inaturalist-open-data.s3.amazonaws.com/photos/712356431/large.jpg,cc0,no rights reserved,21.2942342264,-157.8158398345,6.0,2026-08-06,5880267,damienxw,704be25c81dc5e6ad255959d1df0fbb3741278536726251729f4c7e19f99d2be,1,Commelina benghalensis
Commelina benghalensis,76425,44428390,70417672,https://inaturalist-open-data.s3.amazonaws.com/photos/70417672/large.jpeg,cc-by-nc,"(c) Christine Sydes, some rights reserved (CC BY-NC)",-24.5562860741,25.963954912,588.0,2020-04-26,632306,tuli,1dbccc220fed2cb60347e3d6b934521b2fc026277934d557026f5d0e90bf560f,2,Commelina benghalensis
Commelina benghalensis,76425,331624443,601639268,https://inaturalist-open-data.s3.amazonaws.com/photos/601639268/large.jpg,cc-by-nc,"(c) Rob Macfie, some rights reserved (CC BY-NC)",16.0969747977,108.2244103029,20.0,2025-12-22,1508007,rmacfie,f522737230c2217bd5499e5aa61fc0e12247ef5eb30a35574501be6375c470a6,3,Commelina benghalensis
Commelina benghalensis,76425,252513578,452045599,https://inaturalist-open-data.s3.amazonaws.com/photos/452045599/large.jpeg,cc-by-nc,"(c) Elvis Camacaro, some rights reserved (CC BY-NC)",10.2761853632,-68.0159560964,6.0,2024-11-13,7679729,hellviskamacaro,09dee48e1d6bdcf42e33c1e92e2e8a2575664f1557f74348379f25f6f7d24058,4,Commelina benghalensis
Commelina benghalensis,76425,337180224,612889437,https://inaturalist-open-data.s3.amazonaws.com/photos/612889437/large.jpg,cc-by-nc,"(c) sarahjane88, some rights reserved (CC BY-NC)",-28.1240043281,153.1886486311,234.0,2024-05-06,5043056,sarahjane88,47455f7296e225ecc30b277466187f62dd9c7e0b240c15a8d104a4fca83174c7,5,Commelina benghalensis
Commelina benghalensis,76425,122813560,207981445,https://inaturalist-open-data.s3.amazonaws.com/photos/207981445/large.jpg,cc-by-nc-sa,"(c) Maria Emília Martins, some rights reserved (CC BY-NC-SA)",32.8267495367,-16.9545728316,283.0,2022-06-21,1138701,maremimar,af50a472b1aaf0e2b96795470ff7e3a10b25c53465c009da08848bb55b84b979,6,Commelina benghalensis
Commelina benghalensis,76425,273261951,491493228,https://inaturalist-open-data.s3.amazonaws.com/photos/491493228/large.jpeg,cc-by-nc,"(c) a_f_r, some rights reserved (CC BY-NC)",-19.893195,-43.916303,216.0,2025-04-25,4060614,a_f_r,f59662e3cd7618d0c4a4dfe6b84c1098bfcd557c370910b3db48b5b20836e13c,7,Commelina benghalensis
Commelina benghalensis,76425,69527789,117670865,https://inaturalist-open-data.s3.amazonaws.com/photos/117670865/large.jpg,cc-by-nc,"(c) nhavrella, some rights reserved (CC BY-NC)",32.7633533333,-116.992255,4.0,2021-02-13,2513960,nhavrella,9eb9922bd74e5b77cf92108dd939b1aaaf66f5a1e65d047871137ef09a41f140,8,Commelina benghalensis
Commelina benghalensis,76425,41886632,66468598,https://inaturalist-open-data.s3.amazonaws.com/photos/66468598/large.jpg,cc-by-nc,"(c) makarandsaraf, some rights reserved (CC BY-NC)",19.2283462,72.9138528,2659.0,2013-08-11,1467842,makarandsaraf,026d5413cbf1217738c1ec17d5f543a060601d317589ff6e910a7f0d05d07fe8,9,Commelina benghalensis
Commelina benghalensis,76425,172309602,299112034,https://inaturalist-open-data.s3.amazonaws.com/photos/299112034/large.jpeg,cc-by,"(c) 岸本年郎, some rights reserved (CC BY)",34.9470055556,138.4266972222,5.0,2023-07-11,5473583,kishimoto_toshio,62960ac3559e25191c8009ee72938efb6e95ba2f4b799d122ac9a0f154e537c5,10,Commelina benghalensis
Commelina benghalensis,76425,356665275,650431643,https://inaturalist-open-data.s3.amazonaws.com/photos/650431643/large.jpg,cc-by-nc,"(c) Jesus Rodriguez, some rights reserved (CC BY-NC)",19.6985223177,-98.981844043,55.0,2026-04-26,4913876,jesus_rodriguez1,ab92239bcc147d884a20fe055a6eb70ac956b707e4e3078e8fe371a24301c982,11,Commelina benghalensis
Commelina benghalensis,76425,336066258,610625158,https://inaturalist-open-data.s3.amazonaws.com/photos/610625158/large.jpg,cc-by-nc,"(c) Cecile from Earth, some rights reserved (CC BY-NC)",40.1304791685,116.2964164263,244.0,2024-08-30,4400203,cecile_from_earth,e9171e04f567feec593a38451a9ed2b27b6771b03c5d4b3096a6ab2ed4ad506e,12,Commelina benghalensis
Commelina benghalensis,76425,220349811,390115544,https://inaturalist-open-data.s3.amazonaws.com/photos/390115544/large.jpeg,cc-by-nc,"(c) Lucas Tavares, some rights reserved (CC BY-NC)",-3.8041022148,-38.4482092783,305.0,2024-06-03,8133394,lucastavares,a93d29d6d1d64ee0552c9abddc58289aa66099937a14b8f65e77f460a2cc7d00,13,Commelina benghalensis
Commelina benghalensis,76425,13450933,19742965,https://inaturalist-open-data.s3.amazonaws.com/photos/19742965/large.jpeg,cc-by-nc,"(c) Cheongweei Gan, some rights reserved (CC BY-NC)",1.2065726117,103.774780081,312.0,2009-10-10,44170,gancw1,ace3106ea4e70336cae225df3bc660f984f7eafa3681ac1a176dd3614814a1ea,14,Commelina benghalensis
Commelina benghalensis,76425,16516092,24860550,https://inaturalist-open-data.s3.amazonaws.com/photos/24860550/large.jpeg,cc-by-nc,"(c) sc80923, some rights reserved (CC BY-NC)",24.74986,121.147994,10.0,2018-09-13,1039408,sc80923,89ccb6b2151b5e5e7049757364681081a1d6580c717ea1f089bccde1343b082f,15,Commelina benghalensis
Commelina benghalensis,76425,121176787,205029081,https://inaturalist-open-data.s3.amazonaws.com/photos/205029081/large.jpg,cc-by-sa,"(c) Steve Fitzgerald, some rights reserved (CC BY-SA)",-16.88969,145.7001,5.0,2022-06-11,2267790,junglenut,a20d1160b93b2386073a8f9811045cc68515b3cea84188c197b47b0f84c565eb,16,Commelina benghalensis
Commelina benghalensis,76425,32142661,50384665,https://inaturalist-open-data.s3.amazonaws.com/photos/50384665/large.jpeg,cc-by-nc,"(c) 王颖, some rights reserved (CC BY-NC)",28.87338098,105.4309636824,6.0,2019-09-05,1202031,wangying,12a3f721ec8ed3fb0cb632b38ac7233e1044c4873e37dcb83f4d61420a2c5d0f,17,Commelina benghalensis
Commelina benghalensis,76425,379639421,694460001,https://inaturalist-open-data.s3.amazonaws.com/photos/694460001/large.jpg,cc-by-nc,"(c) prameena, some rights reserved (CC BY-NC)",8.1818515311,77.4129579675,9.0,2026-07-09,10408565,prameena,c1f6a033d39f5a8b0e75a7fc9a33a3afc6e01de7da32deed747badf0363fc0d5,18,Commelina benghalensis
Commelina benghalensis,76425,10874372,15266530,https://inaturalist-open-data.s3.amazonaws.com/photos/15266530/large.jpg,cc-by-nc,"(c) Dagmar Gleiss, some rights reserved (CC BY-NC)",-34.1403,18.3292,1.0,2011-02-03,776043,michdagforcioli,49ec96e6b535cd74e7c03d18ebe7d7b7b3fba9edbb2f187cbaebdd302f931c44,19,Commelina benghalensis
Commelina benghalensis,76425,374486626,684498661,https://inaturalist-open-data.s3.amazonaws.com/photos/684498661/large.jpg,cc-by,"(c) Gabriel, some rights reserved (CC BY)",13.6281416667,123.2213533333,3.0,2026-06-23,9048013,miqeri,8e009239b952605e1d6f57104cf880ac98cf5bc7c557bfd3a095017055b0e7e9,20,Commelina benghalensis
Commelina benghalensis,76425,324822768,588005004,https://inaturalist-open-data.s3.amazonaws.com/photos/588005004/large.jpg,cc-by-nc,"(c) Krishna Verma, some rights reserved (CC BY-NC)",25.4486248338,81.7850888148,5.0,2025-11-04,9465386,krishnainthewild,09559f82857c7b0982934bc0ebf32e83524f38a9d1401d2f2b37c8c95f52a640,21,Commelina benghalensis
Commelina benghalensis,76425,323426046,585213342,https://inaturalist-open-data.s3.amazonaws.com/photos/585213342/large.jpg,cc-by-nc,"(c) Bart Wursten, some rights reserved (CC BY-NC)",-18.93392,34.58805,50.0,2013-04-27,19767,bartwursten,0cc8573f97fe3706e9c45513a9f46812ead5b43b91d402b7167e91bfd591363b,22,Commelina benghalensis
Commelina benghalensis,76425,337302635,613140056,https://inaturalist-open-data.s3.amazonaws.com/photos/613140056/large.jpg,cc-by-nc,"(c) benjawan_intaraprasert, some rights reserved (CC BY-NC)",13.6991083333,100.5652,4.0,2025-08-23,8752089,benjawan_intaraprasert,fec75fe4af40a5c76f1fd01c2d68f58cc7130d4e59850b6cd4b81ee2708db314,23,Commelina benghalensis
Commelina benghalensis,76425,352702531,643650951,https://inaturalist-open-data.s3.amazonaws.com/photos/643650951/large.jpg,cc-by-nc,"(c) agapantha, some rights reserved (CC BY-NC)",-30.9979295257,30.2663557403,264.0,2026-04-24,5213041,agapantha,5d6ea2927bb0de79c35795210ad053c7862e65750e3974e9fdb342fafb1822d0,24,Commelina benghalensis
Commelina benghalensis,76425,111411438,188074718,https://inaturalist-open-data.s3.amazonaws.com/photos/188074718/large.jpg,cc-by-nc,"(c) Gustavo Gonsioroski, some rights reserved (CC BY-NC)",-4.9638033333,-44.3728366667,4.0,2022-04-14,2761991,gustavogonsioroski,438f153b420f1fb120f0c2a6593c744681623a391658d7d3b0e005301d74dcd3,25,Commelina benghalensis
Commelina benghalensis,76425,349474223,637520089,https://inaturalist-open-data.s3.amazonaws.com/photos/637520089/large.jpg,cc-by-nc,"(c) brianrode, some rights reserved (CC BY-NC)",-24.4533883333,31.9782966667,2.0,2026-04-13,4227487,brianrode,5acbc7b5b6b1c1083e91e65399d23e33e198a3b077f427326efa40bfbe7e1e71,26,Commelina benghalensis
Commelina benghalensis,76425,391435100,717242296,https://inaturalist-open-data.s3.amazonaws.com/photos/717242296/large.jpg,cc-by-nc,"(c) Gerhard Lemmer, some rights reserved (CC BY-NC)",-33.7612038646,24.8101993417,2.0,2026-08-15,6876203,gerhardlemmer,5ae2400f39be395b54209874498c3b4ed64f340cb1fb2b5dab774ddb29ba1638,27,Commelina benghalensis
Commelina benghalensis,76425,181199718,315767280,https://inaturalist-open-data.s3.amazonaws.com/photos/315767280/large.jpg,cc-by-nc,"(c) Chuangzao, some rights reserved (CC BY-NC)",36.1228756386,120.561526578,15.0,2023-08-30,5084574,chuangzao,4e27780dd44c77803b66bb2a2446691a9b3c1bb39399c8890238656ee9e907a0,28,Commelina benghalensis
Commelina benghalensis,76425,389624726,713698672,https://inaturalist-open-data.s3.amazonaws.com/photos/713698672/large.jpg,cc-by-nc,"(c) Deepa Mohan, some rights reserved (CC BY-NC)",12.8915028,77.5923063,207.0,2026-08-09,5956273,deemopahan,c660d91cc07b705e2772d3351b01a226933956de2f7b8dc211ce8d219bf32613,29,Commelina benghalensis
Commelina benghalensis,76425,70079896,113860640,https://inaturalist-open-data.s3.amazonaws.com/photos/113860640/large.jpeg,cc-by-nc,"(c) Moira FitzPatrick, some rights reserved (CC BY-NC)",-20.5682409728,28.4210955235,955.0,2021-02-21,3465995,moira_fitzpatrick,5d362ab754a38366ce6d306bdbf1fdb2ef21cccb0a0d6ef3c19bf7ac73ddd4a3,30,Commelina benghalensis
Commelina benghalensis,76425,196540137,346012180,https://inaturalist-open-data.s3.amazonaws.com/photos/346012180/large.jpeg,cc-by-nc,"(c) Yby Naturalista, some rights reserved (CC BY-NC)",-5.9306941999,-35.223514773,220.0,2024-01-13,6531202,ybynatureza,afba4b1dc240b41e39a6e6eb7c5ece24f8b8dfdf8909b72b07241ad7747efdee,31,Commelina benghalensis
Commelina benghalensis,76425,318374877,575400475,https://inaturalist-open-data.s3.amazonaws.com/photos/575400475/large.jpg,cc-by-nc,"(c) supapond13, some rights reserved (CC BY-NC)",16.4596160609,102.8068582942,15.0,2025-10-03,2634102,supapond13,916754e8f29df4472d50cca161063e252ac13843b1af735dbcfdee34e272b2e0,32,Commelina benghalensis
Commelina benghalensis,76425,331510625,601411494,https://inaturalist-open-data.s3.amazonaws.com/photos/601411494/large.jpg,cc-by-nc,"(c) Duraiswamy Navaneetham, some rights reserved (CC BY-NC)",10.4229339745,79.3887471467,2.0,2025-12-20,9031792,durainava,d2ceabb592ed1320fb354f96ec0675d283136601787651d3b194d077fc79c19c,33,Commelina benghalensis
Commelina benghalensis,76425,323143263,584689891,https://inaturalist-open-data.s3.amazonaws.com/photos/584689891/large.jpg,cc-by-nc,"(c) Cornelia McCarthy, some rights reserved (CC BY-NC)",-28.6043946,32.11626965,4.0,2025-10-26,7049923,corneliamc,b6f060592f036aec14c9820a1e88b37536443474d800f67144904c7c256f6f23,34,Commelina benghalensis
Commelina benghalensis,76425,333756955,605949097,https://inaturalist-open-data.s3.amazonaws.com/photos/605949097/large.jpg,cc-by-nc,"(c) Terry Rheeder, some rights reserved (CC BY-NC)",-26.4833533333,28.2119183333,3.0,2026-01-06,7998458,terry_rheeder,81117eb0b33c1b9c23fc8bb20181eeab6ccfb801a3e1a439e3713a469afea1dd,35,Commelina benghalensis
Commelina benghalensis,76425,27147966,42209103,https://inaturalist-open-data.s3.amazonaws.com/photos/42209103/large.jpg,cc-by-nc,"(c) Hong, some rights reserved (CC BY-NC)",22.0402561449,120.6954756854,50.0,2019-06-16,995117,doggy0406,41662cf0814ffd0d015f76e1ea1dd1b9c90a9dfba5c6ce1f02752af6cb216a5f,36,Commelina benghalensis
Commelina benghalensis,76425,127872018,217116947,https://inaturalist-open-data.s3.amazonaws.com/photos/217116947/large.jpg,cc-by-nc,"(c) Célio Moura Neto, some rights reserved (CC BY-NC)",-6.3667581201,-39.2983562569,142.0,2022-05-24,2869,celiomoura,e2cdc6615f079fc9528be706cb83715084b4989e981c8264537fd51c10e77a7c,37,Commelina benghalensis
Commelina benghalensis,76425,383246091,701427164,https://inaturalist-open-data.s3.amazonaws.com/photos/701427164/large.jpg,cc-by-nc,"(c) Thomas Rihm, some rights reserved (CC BY-NC)",-23.0383343531,29.4430876226,6.0,2026-04-15,10130015,thomas_rihm,c6c351f6fad9703dd11c76f25746d0e7627581b294a13e69474e9c6de9bac24d,38,Commelina benghalensis
Commelina benghalensis,76425,395107697,724428686,https://inaturalist-open-data.s3.amazonaws.com/photos/724428686/large.jpg,cc-by-nc,"(c) Arnuparp Y., some rights reserved (CC BY-NC)",15.2355319883,104.8531102762,209.0,2026-08-28,10142123,arnuparp_y,e4117bf9b084b5dc5cdc822264267e40746c6af861e18cdd5ce47db03e347939,39,Commelina benghalensis
Commelina benghalensis,76425,193152245,339254705,https://inaturalist-open-data.s3.amazonaws.com/photos/339254705/large.jpeg,cc-by-nc,"(c) Linda Loffler, some rights reserved (CC BY-NC)",-26.2819472222,30.9757333333,6.0,2023-11-25,892221,lindaloffler,ae8d53c05a047ac26960479239ae4d688135223d6f08688ff570ad3ce7488d26,40,Commelina benghalensis
Commelina benghalensis,76425,288832649,519454303,https://inaturalist-open-data.s3.amazonaws.com/photos/519454303/large.jpg,cc-by-nc,"(c) Milena, some rights reserved (CC BY-NC)",34.233001709,-118.5816879272,44.0,2025-06-11,6793284,milenatharalson,3d7d4db1f0e5ee4408decd4a6356b74245aac0983a2c178288823d5339f07801,41,Commelina benghalensis
Commelina benghalensis,76425,343602305,625942780,https://inaturalist-open-data.s3.amazonaws.com/photos/625942780/large.jpg,cc-by-nc,"(c) Dave Walter, some rights reserved (CC BY-NC)",-26.2348616728,152.6398245194,122.0,2026-03-13,4062037,davewalter,d1da59e18d22f17738e833bf9cf57de66bf2ddcc4dd2d55b98c7e4a31559df21,42,Commelina benghalensis
Commelina benghalensis,76425,109353946,184293528,https://inaturalist-open-data.s3.amazonaws.com/photos/184293528/large.jpeg,cc-by-nc,"(c) tikisa, some rights reserved (CC BY-NC)",-32.6300117571,26.6455619037,213.0,2022-03-23,3923366,tikisaasanda,3d02acc57b30e7f52e9e6455384ca70c6c135689676097a93ce95781b0a3f78b,43,Commelina benghalensis
Commelina benghalensis,76425,66870996,107900388,https://inaturalist-open-data.s3.amazonaws.com/photos/107900388/large.jpeg,cc-by,"(c) Matthew Fainman, some rights reserved (CC BY)",-33.9880666667,22.6084972222,20.0,2020-12-21,1826406,mattf1996,0eb37a8e687f5253e4681d6b1a9fbdf0dcd405b9f3eab486f1850878351eeee3,44,Commelina benghalensis
Commelina benghalensis,76425,16480679,24802666,https://inaturalist-open-data.s3.amazonaws.com/photos/24802666/large.jpg,cc-by-nc,"(c) 大肚魚, some rights reserved (CC BY-NC)",23.6031836266,119.6237610926,1374.0,2017-05-28,807395,wallacechen,99aaebc4f3f6c51e06daa393f9eadea418a9a246c914b8245d51241323094703,45,Commelina benghalensis
Commelina benghalensis,76425,206401281,365045134,https://inaturalist-open-data.s3.amazonaws.com/photos/365045134/large.jpg,cc-by-nc,"(c) moniquesouza, some rights reserved (CC BY-NC)",-5.2038033333,-37.3292116667,47.0,2024-04-10,7659990,moniquesouza,934afa4926499b8529e516050930b97f7368832153c42af9acd18a26aa89dfa9,46,Commelina benghalensis
Commelina benghalensis,76425,200499738,353760519,https://inaturalist-open-data.s3.amazonaws.com/photos/353760519/large.jpg,cc-by-nc,"(c) ParkerW, some rights reserved (CC BY-NC)",-34.3748725753,20.5337538294,2.0,2024-02-23,790425,parkerwaseem,49e6da6d638af4a00561f85bd87c7e9aae89cf223ea47f60633152776fea6c7e,47,Commelina benghalensis
Commelina benghalensis,76425,115777054,195377662,https://inaturalist-open-data.s3.amazonaws.com/photos/195377662/large.jpeg,cc-by-nc,"(c) magdastlucia, some rights reserved (CC BY-NC)",-27.0329,32.4481,2000.0,2022-05-02,659922,magdastlucia,41904c759daac06611f90d560a0835ed009498ef96d28114b51be1c255d2e279,48,Commelina benghalensis
Commelina benghalensis,76425,197387578,347640131,https://inaturalist-open-data.s3.amazonaws.com/photos/347640131/large.jpg,cc-by-nc,"(c) Nicole Dealtry (nee wienand), some rights reserved (CC BY-NC)",-23.7464987722,27.3040818773,2.0,2024-01-12,5133607,nicole_dealtry,4e2f2bc44b5a6863a1cb97ab84325170cbb2de9b88ccf3f3ed0a154ac3868c2a,49,Commelina benghalensis
Commelina benghalensis,76425,337087432,612702564,https://inaturalist-open-data.s3.amazonaws.com/photos/612702564/large.jpg,cc-by-nc,"(c) Brad Hean, some rights reserved (CC BY-NC)",-29.7623331681,30.74871821,4.0,2026-02-02,7615591,bradhean,151cae983d9f9c0d7af2a2ec6e8b216292920a3b160134031028069615e7c6d9,50,Commelina benghalensis
Commelina benghalensis,76425,115526070,194969960,https://inaturalist-open-data.s3.amazonaws.com/photos/194969960/large.jpeg,cc-by-nc,"(c) Solly Modimola, some rights reserved (CC BY-NC)",-22.8174434963,30.6487188019,4.0,2022-04-30,1580934,isolly,87b46c78d837e874c39a52b79807548410010f8c46228093a4f43a8a208ee528,51,Commelina benghalensis
Commelina benghalensis,76425,355019937,647585268,https://inaturalist-open-data.s3.amazonaws.com/photos/647585268/large.jpg,cc-by-nc,"(c) Jayant M Deshpande, some rights reserved (CC BY-NC)",18.48184261,73.8106171407,4.0,2026-04-27,1436437,jayantdeshpande,17166ef44c1ebe238348c7b22bd508b07c49236799c3e4b1917d76bdc23dec00,52,Commelina benghalensis
Commelina benghalensis,76425,305189696,550242906,https://inaturalist-open-data.s3.amazonaws.com/photos/550242906/large.jpg,cc-by-nc,"(c) kanapol99, some rights reserved (CC BY-NC)",14.7535941553,100.4402407631,5.0,2025-08-10,6834136,kanapol99,dd814ac6e646da510dc3992b2eb2c8490a62fea4ba5542c15bb256089dc6c7af,53,Commelina benghalensis
Commelina benghalensis,76425,285061029,512351193,https://inaturalist-open-data.s3.amazonaws.com/photos/512351193/large.jpg,cc-by-nc,"(c) sarah_on_earth, some rights reserved (CC BY-NC)",-25.7481553658,27.3644837753,246.0,2025-04-14,6291746,sarah_on_earth,d624695d7ae97d9e6baa4c4ec23c75b74e1c072450d7ae6f719b3cc77138ec3c,54,Commelina benghalensis
Commelina benghalensis,76425,367365810,670883833,https://inaturalist-open-data.s3.amazonaws.com/photos/670883833/large.jpg,cc-by-nc,"(c) cinstad, some rights reserved (CC BY-NC)",-33.47847,26.05551,8.0,2026-06-01,8643648,cinstad,fe538ea6312b4b9d1d120758a9bf90fe83b713a67da4067d01107efa6edaae37,55,Commelina benghalensis
Commelina benghalensis,76425,369218558,674418398,https://inaturalist-open-data.s3.amazonaws.com/photos/674418398/large.jpg,cc-by-nc,"(c) Christal Dumbleton, some rights reserved (CC BY-NC)",-24.3731666667,30.94372,120.0,2026-04-05,10588057,christal_dumbleton,13954ced979df8a6c80aa4fded511be9b9c2a6455c8e2aa587ab8568f5f31d67,56,Commelina benghalensis
Commelina benghalensis,76425,341637549,621981064,https://inaturalist-open-data.s3.amazonaws.com/photos/621981064/large.jpg,cc-by-nc,"(c) scottfrichardson, some rights reserved (CC BY-NC)",-24.6803716948,27.1647274929,61.0,2026-03-05,7931525,scottfrichardson,5529bf6990612836294cb8d80108e4a2bb01e2dd119a63aa6b52c2438f3591f1,57,Commelina benghalensis
Commelina benghalensis,76425,259540676,465920041,https://inaturalist-open-data.s3.amazonaws.com/photos/465920041/large.jpg,cc0,no rights reserved,-23.9071716667,29.832675,13.0,2025-01-25,6268265,prince_za,9e29fb366873a49725c8b93e1a86b4f3a484a55ba036002ba48e164e2d22bcee,58,Commelina benghalensis
Commelina benghalensis,76425,336435719,611372541,https://inaturalist-open-data.s3.amazonaws.com/photos/611372541/large.jpg,cc-by-nc,"(c) Elena_Sherehora, some rights reserved (CC BY-NC)",-25.3646749764,31.7615722524,8.0,2026-01-27,2626171,sherehora,9284b805e67b6853de454f32ce6287fa737f6cdfc9803e15c034755312a84ede,59,Commelina benghalensis
Commelina benghalensis,76425,346319907,631276092,https://inaturalist-open-data.s3.amazonaws.com/photos/631276092/large.jpg,cc-by-nc,"(c) marcfreeman, some rights reserved (CC BY-NC)",-26.1020889785,29.9783955668,1384.0,2026-03-31,8692061,marcfreeman,8e97a7c0b7aea2a3cf6fe168ae01bb6cabab87589ff624fbd809953c99acc825,60,Commelina benghalensis
Ipomoea cairica,77494,273055110,491194246,https://inaturalist-open-data.s3.amazonaws.com/photos/491194246/large.jpeg,cc-by-nc,"(c) germayony Zelada moreno, some rights reserved (CC BY-NC)",-14.8081583333,-64.9391316667,5.0,2025-04-25,9112006,mariscal26germa,1cf79720a3f6d575dd55051c9aa358eb9b0056063de8745891d027f345d20d59,1,Ipomoea cairica
Ipomoea cairica,77494,70649769,114893538,https://inaturalist-open-data.s3.amazonaws.com/photos/114893538/large.jpg,cc-by-nc,"(c) gplatt, some rights reserved (CC BY-NC)",22.205105,114.12654167,9.0,2021-03-06,1744206,gplatt,8fd2ea8cb49ae59c4ff619a1b445965214b52516b9a1ac5f9612803dd4fdd098,2,Ipomoea cairica
Ipomoea cairica,77494,77039316,125986214,https://inaturalist-open-data.s3.amazonaws.com/photos/125986214/large.jpeg,cc-by-sa,"(c) Margaret Burger, some rights reserved (CC BY-SA)",-29.8078427239,31.0383755341,198.0,2021-05-01,1010437,margaretburger,f5480cd5bdafce5bb1dd590400d185c5fc7cb089490eba5dff4d49aa5d4f00a7,3,Ipomoea cairica
Ipomoea cairica,77494,22176697,34335268,https://inaturalist-open-data.s3.amazonaws.com/photos/34335268/large.jpeg,cc-by-nc,"(c) Stephen Thorpe, some rights reserved (CC BY-NC)",-36.921616,174.718589,3.0,2019-04-08,15329,stephen_thorpe,5425be0e7eb2ddb1e571d2b71ba0835d5b9b7850bd042a29b709b72c1b66b065,4,Ipomoea cairica
Ipomoea cairica,77494,31279269,48942495,https://inaturalist-open-data.s3.amazonaws.com/photos/48942495/large.jpeg,cc-by-nc,"(c) bobasil, some rights reserved (CC BY-NC)",32.0334444444,34.7439694444,5.0,2019-08-21,1471471,bobasil,cfd1c245a7328acd0751b7523fe95b3d5e98b752e5c5f447af5633de39de9255,5,Ipomoea cairica
Ipomoea cairica,77494,262655672,471703509,https://inaturalist-open-data.s3.amazonaws.com/photos/471703509/large.jpeg,cc-by-nc,"(c) Liam Carlier, some rights reserved (CC BY-NC)",-31.9845265696,116.0438846065,4.0,2025-02-22,5095101,hillsflora,965ab194e45a93e821131049dcad769d789367af809f3e0fa46b97f4c214c853,6,Ipomoea cairica
Ipomoea cairica,77494,185578220,324129647,https://inaturalist-open-data.s3.amazonaws.com/photos/324129647/large.jpg,cc-by-nc,"(c) larvalfishguy, some rights reserved (CC BY-NC)",28.0013111117,-80.62233,4.0,2023-09-30,6893799,larvalfishguy,5119243f27f83ae9e2a80946866764b09af97b24de08bd531ac5e61c0fbf12cd,7,Ipomoea cairica
Ipomoea cairica,77494,353315278,644699969,https://inaturalist-open-data.s3.amazonaws.com/photos/644699969/large.jpg,cc-by-nc,"(c) Gaurav S. Soman., some rights reserved (CC BY-NC)",19.1298416667,72.89669,4.0,2026-04-25,2241050,gs5,6321bacb6811281b9abd5cec0d98781ad357ca02598e145a5ae13ae29d9e9004,8,Ipomoea cairica
Ipomoea cairica,77494,327892553,594075629,https://inaturalist-open-data.s3.amazonaws.com/photos/594075629/large.jpg,cc-by,"(c) Dr. Alexey Yakovlev, some rights reserved (CC BY)",3.7026079305,101.7317537266,15.0,2009-03-28,41937,botalex,727c27f4e0deaa871bd86f26fae0a30ed5d8cd7eba921267848c6440790e2c6c,9,Ipomoea cairica
Ipomoea cairica,77494,105416554,176868783,https://inaturalist-open-data.s3.amazonaws.com/photos/176868783/large.jpeg,cc-by-nc,"(c) Roy T Smalley, some rights reserved (CC BY-NC)",-25.5276386992,152.686427917,4.0,2022-01-23,3637508,rsmalley,48d31d6c557bc043acff45d628d5a82d8fc4ff7d14780f844e9d65a9395d7daa,10,Ipomoea cairica
Ipomoea cairica,77494,265827026,477548762,https://inaturalist-open-data.s3.amazonaws.com/photos/477548762/large.jpeg,cc-by-nc,"(c) Lucía Rodríguez-Tricot, some rights reserved (CC BY-NC)",-34.7793559871,-55.4638767242,396.0,2025-03-15,2633413,lurtri,57bd8c6ad6ccfe0efc5a2708dc1daaaa1bb1a5c02849e0f9d4c4eb6a17f92384,11,Ipomoea cairica
Ipomoea cairica,77494,327967360,594217903,https://inaturalist-open-data.s3.amazonaws.com/photos/594217903/large.jpg,cc-by-nc,"(c) Noelis BG, some rights reserved (CC BY-NC)",8.0024892178,-81.3150357082,8.0,2025-11-23,9958622,noeelissb,b94dac7ed9fee7c063ab6eca96be6dfb6f7ecd7ebf9deeb690132b8570f3bac4,12,Ipomoea cairica
Ipomoea cairica,77494,141281607,241998593,https://inaturalist-open-data.s3.amazonaws.com/photos/241998593/large.jpeg,cc-by-nc,"(c) Eric Fischer Rempe, some rights reserved (CC BY-NC)",-15.6830547336,-47.8652533516,3.0,2022-11-06,1699754,ericfischerrempe,3373a7d2c720e0a27169e641e54a8afcda824b54617cb502b4b358abfd9c95e1,13,Ipomoea cairica
Ipomoea cairica,77494,70505803,114635099,https://inaturalist-open-data.s3.amazonaws.com/photos/114635099/large.jpeg,cc-by-nc,"(c) Warren Lewis, some rights reserved (CC BY-NC)",-34.0181480073,18.4289468452,12.0,2021-03-03,2518700,dinofelis,73213571ae6ce4452e9a3c1aea81bbf62c23baf94b8cc989bce61a850da3a091,14,Ipomoea cairica
Ipomoea cairica,77494,312067877,563392459,https://inaturalist-open-data.s3.amazonaws.com/photos/563392459/large.jpg,cc-by,"(c) John Tann, some rights reserved (CC BY)",-36.250275,150.22792,5.0,2025-09-07,1021482,johntann99,c3f0bc3962ccb951b4a4abd8c4b4448d99b2aee6fd5b3efdd77958d54293928f,15,Ipomoea cairica
Ipomoea cairica,77494,76914604,125767099,https://inaturalist-open-data.s3.amazonaws.com/photos/125767099/large.jpeg,cc-by-nc,"(c) Jose Luis Navarro, some rights reserved (CC BY-NC)",-27.5700015829,-64.4588749889,409.0,2021-05-02,3653245,jose_navarro,5f6c0bc4598c1afd213f61cd428d4c8d4a60e124a91216877e196da6ddbbeb73,16,Ipomoea cairica
Ipomoea cairica,77494,330946530,600296286,https://inaturalist-open-data.s3.amazonaws.com/photos/600296286/large.jpg,cc-by-nc,"(c) Anil Dabbe, some rights reserved (CC BY-NC)",12.8996984599,77.5922291726,208.0,2025-12-16,10010990,anil_kumara,6bae013248b7d4a961755359cb4a416dd40aeb949d866b6b1708f51d942a7967,17,Ipomoea cairica
Ipomoea cairica,77494,144124250,247584909,https://inaturalist-open-data.s3.amazonaws.com/photos/247584909/large.jpeg,cc-by,"(c) Yung-Lun Lin, some rights reserved (CC BY)",25.04151883,121.61724285,7.0,2022-12-11,1438015,yunglunlin,d815dcbd0e792b0c4923e04a79fb2e15ab66f3ed269253a1241b14477e26cf03,18,Ipomoea cairica
Ipomoea cairica,77494,260453694,467737430,https://inaturalist-open-data.s3.amazonaws.com/photos/467737430/large.jpg,cc-by-nc,"(c) 陳正守, some rights reserved (CC BY-NC)",20.9623116667,107.0473945,2.0,2025-02-03,1384928,chengshou,0889e42750274831caa59f11c685e1307d6821aedfeddde21ea6cbd8d3d339df,19,Ipomoea cairica
Ipomoea cairica,77494,382569370,700124533,https://inaturalist-open-data.s3.amazonaws.com/photos/700124533/large.jpg,cc-by-nc,"(c) Gerhard Lemmer, some rights reserved (CC BY-NC)",-33.93487246,25.59716636,2.0,2026-07-18,6876203,gerhardlemmer,9bc229ae1e4320dbf73f536b23dab34fd1e5163cdc4833f4a9ade0479a3c70aa,20,Ipomoea cairica
Ipomoea cairica,77494,115816890,195469626,https://inaturalist-open-data.s3.amazonaws.com/photos/195469626/large.jpeg,cc-by-nc-sa,"(c) Gustavo Fernando Durán, some rights reserved (CC BY-NC-SA)",-31.665755246,-60.713169118,178.0,2022-04-30,144,trekman,1d28ec8375b3156d013b081f8218f962c3ce3c144abb6b05bac42a8dc5265137,21,Ipomoea cairica
Ipomoea cairica,77494,261510385,469829548,https://inaturalist-open-data.s3.amazonaws.com/photos/469829548/large.jpeg,cc-by-nc,"(c) greg n, some rights reserved (CC BY-NC)",-31.6063083333,152.8381983333,1.0,2025-02-13,1768865,gjn,cdc6ca1c0a0aae59c41d9180499c119ea8f63750f79a21e871502605584cc646,22,Ipomoea cairica
Ipomoea cairica,77494,359350638,655630843,https://inaturalist-open-data.s3.amazonaws.com/photos/655630843/large.jpg,cc-by-nc,"(c) Zamokuhle Buhle, some rights reserved (CC BY-NC)",-25.7538934956,28.194912044,50.0,2026-05-08,10483271,zamokuhle_buhle,76af508b22fbc759821c2ea36dfadab677c1c077fee415c846d89908c58f3fc2,23,Ipomoea cairica
Ipomoea cairica,77494,259275898,465390382,https://inaturalist-open-data.s3.amazonaws.com/photos/465390382/large.jpg,cc-by-nc,"(c) Gastón., some rights reserved (CC BY-NC)",-31.2075062583,-64.4861155706,122.0,2025-01-22,6324688,gastonnavarro,8b6491714fc119f987cdccb02e714ccb670a8a616fc1aa80c89d7ca23d8e8d11,24,Ipomoea cairica
Ipomoea cairica,77494,72977403,119083325,https://inaturalist-open-data.s3.amazonaws.com/photos/119083325/large.jpeg,cc-by,"(c) Loïc Chalmandrier, some rights reserved (CC BY)",-34.45476453,172.80314573,6.0,2021-04-04,2497990,charmander88,94eb38128704d4ea0012032681f451aac9dfb06cd08bed7484203dea96db5d38,25,Ipomoea cairica
Ipomoea cairica,77494,286076070,514180320,https://inaturalist-open-data.s3.amazonaws.com/photos/514180320/large.jpg,cc-by,"(c) Shaun Swanepoel, some rights reserved (CC BY)",-34.1410547222,22.105235,10.0,2025-06-01,389997,shauns,662b90738b2c4c2f1f78e8af99709c29e3fffb8251bd33a1a86a9b6c8ce1dada,26,Ipomoea cairica
Ipomoea cairica,77494,156315376,270282819,https://inaturalist-open-data.s3.amazonaws.com/photos/270282819/large.jpg,cc-by-nc,"(c) Nicolas Mazzini, some rights reserved (CC BY-NC)",-34.414876943,-58.919911856,216.0,2023-04-23,6408783,nimazmedia,732ea6a50f5b21cd0c96da488fb6c0645f40ba08d50fd2800005ac24991a5632,27,Ipomoea cairica
Ipomoea cairica,77494,359127563,655210456,https://inaturalist-open-data.s3.amazonaws.com/photos/655210456/large.jpg,cc-by-nc,"(c) dustin7392, some rights reserved (CC BY-NC)",-28.180534853,153.3925746878,39.0,2026-05-07,10292674,dustin7392,ad87047f28ed777c6d70343e3dba2005b60579adc88703a4f9b58f2c5f7518d5,28,Ipomoea cairica
Ipomoea cairica,77494,55926500,89079088,https://inaturalist-open-data.s3.amazonaws.com/photos/89079088/large.jpg,cc-by-nc,"(c) 張哲綸, some rights reserved (CC BY-NC)",22.6442438266,120.2529396879,100.0,2019-12-26,1241375,allen83059,20e89926f292a61a5fe858d1a3a81235c0cf5dd6e11c3e06a20a9bd6cf991d76,29,Ipomoea cairica
Ipomoea cairica,77494,366558567,669340689,https://inaturalist-open-data.s3.amazonaws.com/photos/669340689/large.jpg,cc-by-sa,"(c) James K. Douch, some rights reserved (CC BY-SA)",-33.7342716667,151.3048866667,3.0,2026-05-30,2366151,douch,11509453fa32dda85730610203c08d2f8ff7088b54649a418064ff1f34b5e9a6,30,Ipomoea cairica
Ipomoea cairica,77494,145737024,250277040,https://inaturalist-open-data.s3.amazonaws.com/photos/250277040/large.jpeg,cc-by-nc,"(c) Craig Peter, some rights reserved (CC BY-NC)",-32.9386116667,27.88774,10.0,2022-12-29,833117,craigpeter,94ee59cab96b4baea128bb2ae39f3658db55d0813178daf7ca3cbc627cb51857,31,Ipomoea cairica
Ipomoea cairica,77494,273628092,492101893,https://inaturalist-open-data.s3.amazonaws.com/photos/492101893/large.jpeg,cc-by-nc,"(c) rishibhalakiya, some rights reserved (CC BY-NC)",21.1814643621,72.8070361912,7.0,2025-04-25,9161670,rishibhalakiya,a54f85ab4d0908c188451789011c434929ee1f1fc14fc8295234114eb5ceedd7,32,Ipomoea cairica
Ipomoea cairica,77494,194688960,342289702,https://inaturalist-open-data.s3.amazonaws.com/photos/342289702/large.jpeg,cc-by-nc,"(c) Mariano Aimar, some rights reserved (CC BY-NC)",-33.0656277774,-58.2690918446,204.0,2023-12-17,5419216,mariano_aimar,95b379aeb28302c8ba86ecd85e282be1500a8a06fd4014fc80230f8c999850d9,33,Ipomoea cairica
Ipomoea cairica,77494,240133276,427779485,https://inaturalist-open-data.s3.amazonaws.com/photos/427779485/large.jpeg,cc-by-nc,"(c) Elize Geraghty, some rights reserved (CC BY-NC)",-30.9863772237,30.2734551206,28.0,2024-09-06,8059004,elize34,13acd69013a8b20d69cca56eb0e587580c84f6ccbfb10d7259ec61a6522e0def,34,Ipomoea cairica
Ipomoea cairica,77494,226654894,402004273,https://inaturalist-open-data.s3.amazonaws.com/photos/402004273/large.jpg,cc-by-nc,"(c) Chi Chun, some rights reserved (CC BY-NC)",23.485955,121.4007033333,3.0,2024-06-30,2476329,chi-chun,6a4a427ee0a8bf191c238caf23fc5b2b2fb79ece3178cf546fb7f57fb71144cb,35,Ipomoea cairica
Ipomoea cairica,77494,370203067,676293658,https://inaturalist-open-data.s3.amazonaws.com/photos/676293658/large.jpg,cc-by-nc,"(c) nudiobsessed, some rights reserved (CC BY-NC)",-35.622455,174.53392,35.0,2026-06-10,10135240,nudiobsessed,7c8f2c3806ec58800807bebecf0790755e679ddc2e603d885c460a203cd9e2f3,36,Ipomoea cairica
Ipomoea cairica,77494,360120491,657105560,https://inaturalist-open-data.s3.amazonaws.com/photos/657105560/large.jpg,cc-by-nc,"(c) Arthur Yang, some rights reserved (CC BY-NC)",24.3033022218,120.5464196519,4.0,2026-04-19,4561144,helmwige,2afd450da333a4ed337befc4b44565505eb199bb32bf532d15db01755e73d975,37,Ipomoea cairica
Ipomoea cairica,77494,360608628,658023000,https://inaturalist-open-data.s3.amazonaws.com/photos/658023000/large.jpg,cc-by-nc,"(c) Penelope Brown, some rights reserved (CC BY-NC)",-33.7707333333,20.8992833333,7.0,2026-05-04,669707,penel1,d28e4251aff6c72bd8295a04b20b0a99221ab6aae95b9a31555de15edf4eb193,38,Ipomoea cairica
Ipomoea cairica,77494,253617731,454153765,https://inaturalist-open-data.s3.amazonaws.com/photos/454153765/large.jpeg,cc-by,"(c) Luke Lythgoe, some rights reserved (CC BY)",-32.8399353146,151.7048758641,154.0,2024-11-20,3111561,lukelythgoe,3ca8092f99a442fb318daa6948b0c34206c0e959cd88500bc205146a7f2b33f0,39,Ipomoea cairica
Ipomoea cairica,77494,19736727,30409277,https://inaturalist-open-data.s3.amazonaws.com/photos/30409277/large.jpg,cc-by-nc,"(c) Martin Arregui, some rights reserved (CC BY-NC)",-34.9083525499,-57.9355643001,578.0,2019-01-19,893121,martin_arregui,eddd20d99d4cb020f350eb14ff7fda2d57617223b21338730c530ab1832b76d8,40,Ipomoea cairica
Ipomoea cairica,77494,206211227,364703853,https://inaturalist-open-data.s3.amazonaws.com/photos/364703853/large.jpg,cc-by,"(c) Martin Hannan-Jones, some rights reserved (CC BY)",-27.33637,153.0296333333,10.0,2024-04-09,783667,martinhj,cd646d86b96b03179e41af55a786e575f88f0ee14cdf3a5a5032fa2db800fde0,41,Ipomoea cairica
Ipomoea cairica,77494,19488187,29986469,https://inaturalist-open-data.s3.amazonaws.com/photos/29986469/large.jpeg,cc-by-nc,"(c) 蘇昱, some rights reserved (CC BY-NC)",23.4664180983,120.4868127778,17.0,2019-01-07,675403,astersu,9d373fe1f8a1f4a13722b9329e5158486886cfbb6f9319c4d709d33c711fb54c,42,Ipomoea cairica
Ipomoea cairica,77494,38252604,60774923,https://inaturalist-open-data.s3.amazonaws.com/photos/60774923/large.jpeg,cc-by,"(c) chiuluan, some rights reserved (CC BY)",24.79604784,120.98696074,3.0,2020-02-03,1583469,chiuluan,2cae22c22ba731dfe51b47f1999d2a6db59f32fc5f00af536531f2c8777bada2,43,Ipomoea cairica
Ipomoea cairica,77494,56814904,90566535,https://inaturalist-open-data.s3.amazonaws.com/photos/90566535/large.jpeg,cc-by-nc,"(c) Peter Vos, some rights reserved (CC BY-NC)",-30.2966004112,30.7454694811,2.0,2020-08-14,662724,bushboy,37bc4cfb1cff66a1120d9706a8ce04dd0651ec571f47c7e8fae927b0852dc8a6,44,Ipomoea cairica
Ipomoea cairica,77494,216070878,382088655,https://inaturalist-open-data.s3.amazonaws.com/photos/382088655/large.jpg,cc-by-nc,"(c) Joseph Knight, some rights reserved (CC BY-NC)",-36.0913555556,174.5905138889,4.0,2024-03-17,7327328,joknight_nz,9e7153ad286db4003b713c243139b67f49fd4f6772da1f2401ab3efa0a5651d2,45,Ipomoea cairica
Ipomoea cairica,77494,151615408,261625703,https://inaturalist-open-data.s3.amazonaws.com/photos/261625703/large.jpeg,cc-by-nc,"(c) Diego Kondratzky, some rights reserved (CC BY-NC)",-34.6016420879,-58.360243688,31.0,2023-03-19,1490215,diegokondratzky,0cae5c384364c807a3b80506f5bebf4b1c5b5dc312127cb80d4ca73538dc34af,46,Ipomoea cairica
Ipomoea cairica,77494,202007970,356684137,https://inaturalist-open-data.s3.amazonaws.com/photos/356684137/large.jpeg,cc-by,"(c) Yung-Lun Lin, some rights reserved (CC BY)",23.8272731597,120.8001856453,15.0,2024-03-11,1438015,yunglunlin,35fed51ec660a7cd243646f5306484f4fdf5a1778ff2e714b8063b24d1fc82e4,47,Ipomoea cairica
Ipomoea cairica,77494,343265458,625255070,https://inaturalist-open-data.s3.amazonaws.com/photos/625255070/large.jpg,cc-by-nc,"(c) jen_w1, some rights reserved (CC BY-NC)",-35.8024783333,150.23082,4.0,2026-03-16,2560563,jen_w1,9cb121ca9f9daebcd62570d02f6cffecc4b890df7fa0f5e4a5deaae439c66db4,48,Ipomoea cairica
Ipomoea cairica,77494,315168864,572082673,https://inaturalist-open-data.s3.amazonaws.com/photos/572082673/large.jpg,cc-by-nc,"(c) Lee McAuliffe, some rights reserved (CC BY-NC)",-25.8098580371,153.0540531501,4299.0,2025-09-20,9514859,lee65724,e2e4b9b56ae34ed9cc51c95b083a2a1e49541df2ae7d766a4b443acb99ac23ad,49,Ipomoea cairica
Ipomoea cairica,77494,277956290,499094260,https://inaturalist-open-data.s3.amazonaws.com/photos/499094260/large.jpg,cc-by-nc,"(c) 黃以謙, some rights reserved (CC BY-NC)",23.8960016631,121.5383503972,6.0,2025-05-03,9256844,applecc,fdaabc18ad9ff7b6589ec0308fbe44e263bb9a5b12bffcf209ffd343cfb353a0,50,Ipomoea cairica
Ipomoea cairica,77494,296733120,534336876,https://inaturalist-open-data.s3.amazonaws.com/photos/534336876/large.jpg,cc-by-nc,"(c) David Babitsky, some rights reserved (CC BY-NC)",31.67909795,34.5560731,8.0,2025-07-10,9510449,david_2017,749156d2f33305e421f2c38529b997e86822b9f99aee638c89cef1bb2d280330,51,Ipomoea cairica
Ipomoea cairica,77494,349721249,638003265,https://inaturalist-open-data.s3.amazonaws.com/photos/638003265/large.jpg,cc-by,"(c) Shaun Swanepoel, some rights reserved (CC BY)",-33.9633080556,22.4466013889,10.0,2026-04-13,389997,shauns,2e960bcbaa1545d6e56d46e3a2d4df2134447db88734eb44903383fafa4d1bdc,52,Ipomoea cairica
Ipomoea cairica,77494,353469991,644954049,https://inaturalist-open-data.s3.amazonaws.com/photos/644954049/large.jpg,cc-by-nc,"(c) Coralee Stewart, some rights reserved (CC BY-NC)",-27.662553921,153.0786376074,1472.0,2026-04-24,10448444,coralee5,006fb84c7c0dac9c7ff793affe42691bb645439596f1b919fe5db77d44cee828,53,Ipomoea cairica
Ipomoea cairica,77494,266050531,477981403,https://inaturalist-open-data.s3.amazonaws.com/photos/477981403/large.jpg,cc-by-nc,"(c) Michael R. Mahoney, some rights reserved (CC BY-NC)",-33.890295,150.9609216667,20.0,2025-03-20,5086659,michael_2003,55f7a355d26d2948b316e0f3497ceea4ffcf00161cd246e855824b78c90695fb,54,Ipomoea cairica
Ipomoea cairica,77494,343954732,626643497,https://inaturalist-open-data.s3.amazonaws.com/photos/626643497/large.jpg,cc-by-nc,"(c) liushengyu, some rights reserved (CC BY-NC)",24.5062111111,120.9097611111,5.0,2026-03-15,5602214,liushengyu,f881d971c58add970fa72c193689ae1a326ab766a2774e02dee9cda730090444,55,Ipomoea cairica
Ipomoea cairica,77494,340380287,619407825,https://inaturalist-open-data.s3.amazonaws.com/photos/619407825/large.jpg,cc0,no rights reserved,-33.95731658,151.2453303278,20.0,2026-02-27,3234199,walruswatermelon,49ed6606592922ca72001114674c2f19327683104f68977bf36dd8be23de78fe,56,Ipomoea cairica
Ipomoea cairica,77494,42738991,67875322,https://inaturalist-open-data.s3.amazonaws.com/photos/67875322/large.jpeg,cc-by,"(c) Jacqui Geux, some rights reserved (CC BY)",-36.9465382036,174.4684408102,8.0,2020-04-21,58314,jacqui-nz,b010fc6d663e0b5e06a3df98e1e0eccc68943b797e461694456ccae0338672c0,57,Ipomoea cairica
Ipomoea cairica,77494,154558812,267073053,https://inaturalist-open-data.s3.amazonaws.com/photos/267073053/large.jpg,cc-by-nc,"(c) ㄒㄓ, some rights reserved (CC BY-NC)",24.2056333333,120.7281333333,4.0,2023-04-09,942407,shinochen,92a9187b07e5931c9c25e628c4ce96507e64835cffdd00e899bf1422331e0cd1,58,Ipomoea cairica
Ipomoea cairica,77494,195269962,343482538,https://inaturalist-open-data.s3.amazonaws.com/photos/343482538/large.jpg,cc-by,"(c) 胡正恆(Jackson Hu), some rights reserved (CC BY)",24.9723767734,121.4221517461,31.0,2021-06-25,1104711,deerjacksonhu,7b0225bdb17e708c3e3f88364c5a36341b1d27dbb2238509d0a85b7a41dd5b9f,59,Ipomoea cairica
Ipomoea cairica,77494,366889170,669960855,https://inaturalist-open-data.s3.amazonaws.com/photos/669960855/large.jpg,cc0,no rights reserved,-27.5976538273,152.8976787674,3.0,2026-05-31,176845,rich_fuller,6c0398239da73e75d65254181d63c94468dc79d6a49ce64dafa6422f3c297195,60,Ipomoea cairica
Parnassia palustris,78352,129959842,220936826,https://inaturalist-open-data.s3.amazonaws.com/photos/220936826/large.jpg,cc-by-nc,"(c) 山野人, some rights reserved (CC BY-NC)",24.3951633333,121.3616466667,16.0,2022-05-01,4359816,kevinyu589,8d60ea29b6f6ede1632949922329d8c8af8027a42ea67e3e45bc6cd7394589c0,1,Parnassia palustris
Parnassia palustris,78352,234573062,417033557,https://inaturalist-open-data.s3.amazonaws.com/photos/417033557/large.jpeg,cc-by-nc,"(c) cfcote, some rights reserved (CC BY-NC)",48.4391333333,-89.333855,24.0,2024-08-08,6121557,cfcote,b671a84fa56ae762a49b21be7de555d6e4c09152235a83e442f9dffa49ee3172,2,Parnassia palustris
Parnassia palustris,78352,242058607,431492122,https://inaturalist-open-data.s3.amazonaws.com/photos/431492122/large.jpeg,cc-by-nc,"(c) Lee Oliver, some rights reserved (CC BY-NC)",38.8253783333,22.2376916667,7.0,2024-09-16,7817176,leeoliver,b9349dd9019dd56adf5658118040cdd70c963b55cd738460e34742579345d6ad,3,Parnassia palustris
Parnassia palustris,78352,7398030,9605207,https://inaturalist-open-data.s3.amazonaws.com/photos/9605207/large.jpeg,cc-by-nc,"(c) lonnyholmes, some rights reserved (CC BY-NC)",63.1148029,-151.192595,164.0,2017-07-21,53702,lonnyholmes,1f2c9fd0edc23fef7be4b51910356fd561f4245216b8167a29f7b81908aa654e,4,Parnassia palustris
Parnassia palustris,78352,299020423,538680387,https://inaturalist-open-data.s3.amazonaws.com/photos/538680387/large.jpg,cc-by-nc,"(c) kristina-jjj, some rights reserved (CC BY-NC)",63.7964917068,-18.048164025,5.0,2025-07-17,9531534,kristina-jjj,ea49d9e2216be929bb1fcdb44ccace02d2cef6e9020c593706571e3984d9d47d,5,Parnassia palustris
Parnassia palustris,78352,306160945,552085772,https://inaturalist-open-data.s3.amazonaws.com/photos/552085772/large.jpg,cc-by-nc,"(c) anastasijairkutsk, some rights reserved (CC BY-NC)",52.1967098331,104.2666986681,4.0,2025-08-13,4251404,anastasijairkutsk,56957c3e2269d2ffa1101c0afe21dc31c19b1346049131bf95d68e6fce7cfba7,6,Parnassia palustris
Parnassia palustris,78352,237047564,421814888,https://inaturalist-open-data.s3.amazonaws.com/photos/421814888/large.jpeg,cc-by-nc,"(c) sethtantuico, some rights reserved (CC BY-NC)",40.1133833333,-124.1307971667,11.0,2024-08-20,6433758,sethtantuico,ecabe3c255d25c9c04f4568b239595fdb3df4cc0ae9efeffab91f5745c717021,7,Parnassia palustris
Parnassia palustris,78352,88917647,146776046,https://inaturalist-open-data.s3.amazonaws.com/photos/146776046/large.jpeg,cc-by-nc,"(c) Idan Istomin, some rights reserved (CC BY-NC)",57.6582330678,59.6417515352,146.0,2021-07-27,1800831,chickeninegg,61dcba767e118a05d148ecb0a98fe522a0b5ebfaeb15b113d6eb5b7ebc63e8e3,8,Parnassia palustris
Parnassia palustris,78352,89519976,147839792,https://inaturalist-open-data.s3.amazonaws.com/photos/147839792/large.jpg,cc0,no rights reserved,42.873681443,-6.8305843871,61.0,2002-08-06,1724130,joluca,548e2463638c3df5a87c891cab153fc88214868cea3d3aafc31c0303c0e2f297,9,Parnassia palustris
Parnassia palustris,78352,314484112,568007355,https://inaturalist-open-data.s3.amazonaws.com/photos/568007355/large.jpg,cc-by-nc,"(c) yu_kuma, some rights reserved (CC BY-NC)",36.5464699495,138.3903970197,8.0,2025-09-17,8761317,yu_kuma,5a8630acc61199ce71a8404eaaeae18eb23dce291d82cbe3e04072e886513f10,10,Parnassia palustris
Parnassia palustris,78352,388996979,712512958,https://inaturalist-open-data.s3.amazonaws.com/photos/712512958/large.jpg,cc-by-nc,"(c) tferwerda, some rights reserved (CC BY-NC)",64.9691848755,24.7157402039,4.0,2026-08-07,10833618,tferwerda,242502345192a7dba7b59c6ee560c58ba1fa22a51b0336bc8d798c23f4a31717,11,Parnassia palustris
Parnassia palustris,78352,305092846,550058661,https://inaturalist-open-data.s3.amazonaws.com/photos/550058661/large.jpg,cc-by-nc,"(c) josiane00, some rights reserved (CC BY-NC)",56.9372833333,-119.3828583333,13.0,2025-08-09,2182271,josiane00,6db6a1108c06e1eb9b029ad55185643ea39c454adbc1639a8f93ec6f4de42142,12,Parnassia palustris
Parnassia palustris,78352,183800890,320713661,https://inaturalist-open-data.s3.amazonaws.com/photos/320713661/large.jpeg,cc-by-nc,"(c) 红梅, some rights reserved (CC BY-NC)",40.0757493712,115.5178423279,4.0,2023-09-17,1825607,koubai,8b3e425b34e5b0d087a9ce262cef8244346dc42ac47066d703724b2e6ce80e92,13,Parnassia palustris
Parnassia palustris,78352,395427445,725060509,https://inaturalist-open-data.s3.amazonaws.com/photos/725060509/large.jpg,cc-by-nc,"(c) janko_k, some rights reserved (CC BY-NC)",51.1958,19.6984616667,3.0,2026-08-28,8743901,janko_k,d46269e27b7a99e6af46de93ccc6551d0a7f7c8d370b6af80740a36509f37cf9,14,Parnassia palustris
Parnassia palustris,78352,180498798,314422845,https://inaturalist-open-data.s3.amazonaws.com/photos/314422845/large.jpg,cc-by-nc,"(c) nicoladidsbury, some rights reserved (CC BY-NC)",54.4042292047,-2.636242997,305.0,2023-08-27,3328688,nicoladidsbury,b030a0c42a2864269ea0ef8ca4201f2bf8512a8a145f2cace6b26669b8ba01fc,15,Parnassia palustris
Parnassia palustris,78352,303193354,546454098,https://inaturalist-open-data.s3.amazonaws.com/photos/546454098/large.jpg,cc-by-nc,"(c) hsplendens, some rights reserved (CC BY-NC)",56.534775,-76.430345,13.0,2025-08-02,2280587,hsplendens,4f626ac963073486e91cc68e5d8a9cd94ca1c4aa58f98d7f5d57b8a0e61ee0c9,16,Parnassia palustris
Parnassia palustris,78352,397058167,728205306,https://inaturalist-open-data.s3.amazonaws.com/photos/728205306/large.jpg,cc-by,"(c) Tony KM, some rights reserved (CC BY)",44.0793028333,7.40452,4.0,2026-08-26,5062657,t0nb0,a3025b1c55a44390cb941f6a74788d3ed1d98ad0e894faa279f28af3303ecad2,17,Parnassia palustris
Parnassia palustris,78352,232907843,416456430,https://inaturalist-open-data.s3.amazonaws.com/photos/416456430/large.jpeg,cc-by-nc,"(c) peteramsden, some rights reserved (CC BY-NC)",58.76683,-94.167305,19.0,2024-07-31,5867657,peteramsden,05d28bf258ce7a0a1e0386961cf1e571083354c60131233414b0c190434e4872,18,Parnassia palustris
Parnassia palustris,78352,232302867,412692129,https://inaturalist-open-data.s3.amazonaws.com/photos/412692129/large.jpeg,cc-by-nc,"(c) carmenheinrichs, some rights reserved (CC BY-NC)",51.0398638333,-106.4997466667,4.0,2024-07-28,947919,carmenheinrichs,1f3bdcd93749737a614650e31e9c62fa3e1573a4125bafc111600d9e63ee663a,19,Parnassia palustris
Parnassia palustris,78352,228966650,406385489,https://inaturalist-open-data.s3.amazonaws.com/photos/406385489/large.jpeg,cc-by-nc,"(c) nwtrohan, some rights reserved (CC BY-NC)",66.3299601778,-117.7817513421,447.0,2024-07-09,8309155,nwtrohan,03a3f737c50872c0d3815963064bac61b1acb4f061175a47857be2d5c79c7a52,20,Parnassia palustris
Parnassia palustris,78352,302450965,545074094,https://inaturalist-open-data.s3.amazonaws.com/photos/545074094/large.jpg,cc-by-nc,"(c) Ane Østergaard, some rights reserved (CC BY-NC)",59.1311805,12.0758945,3.0,2025-07-30,2649280,aneoe,e446d45eecf86003b3a1f5bc1e7532a3ac40646b4fa4f1a6a0d75499874f152c,21,Parnassia palustris
Parnassia palustris,78352,58107303,92739949,https://inaturalist-open-data.s3.amazonaws.com/photos/92739949/large.jpg,cc-by-nc,"(c) licheness, some rights reserved (CC BY-NC)",60.7280198713,-135.1515688527,4.0,2020-08-30,562173,licheness,fc1214713e9e8d01b1af13ad90fac23f3216747bfcf9ea2d8e8a1b619a15007c,22,Parnassia palustris
Parnassia palustris,78352,234647003,417181920,https://inaturalist-open-data.s3.amazonaws.com/photos/417181920/large.jpeg,cc-by-nc,"(c) meirosurazvanandrei, some rights reserved (CC BY-NC)",45.41525,25.4934633333,9.0,2024-08-08,8024676,meirosurazvanandrei,aa088d43f74774459cee4e227a7e67bef751e3d4d2ab891d566c0d9c38a99a06,23,Parnassia palustris
Parnassia palustris,78352,127343280,216181817,https://inaturalist-open-data.s3.amazonaws.com/photos/216181817/large.jpg,cc-by-nc,"(c) Martin Baudrexl, some rights reserved (CC BY-NC)",71.1691475732,25.7848589833,4982.0,2022-07-15,5915488,martinbaudrexl,51049819d1f327db1a8ce6110c262fd418353df57821107ef99a4f91c477847a,24,Parnassia palustris
Parnassia palustris,78352,39629344,62890395,https://inaturalist-open-data.s3.amazonaws.com/photos/62890395/large.jpeg,cc-by-nc,"(c) Cayla N, some rights reserved (CC BY-NC)",51.1878642878,-116.1258269161,308.0,2014-08-04,2590203,gentoopenguin21,983b5bb79a6fd213a412261780ea2209f572e10ff4716b7fb354728be3603ddb,25,Parnassia palustris
Parnassia palustris,78352,301515209,548391279,https://inaturalist-open-data.s3.amazonaws.com/photos/548391279/large.jpg,cc-by-nc,"(c) christianpl03, some rights reserved (CC BY-NC)",49.6714165749,5.6801668488,13.0,2025-07-27,4444250,christianpl03,a5fac35f8f8a92e4e6203a7d6eec4b214113f4158ed1d83a2bf3cef84b244194,26,Parnassia palustris
Parnassia palustris,78352,174787066,303693563,https://inaturalist-open-data.s3.amazonaws.com/photos/303693563/large.jpg,cc-by-nc,"(c) Brent Guinn, some rights reserved (CC BY-NC)",50.3887466667,-97.8215116667,4.0,2023-07-24,3119920,brguinn,608604bd2fb84b9b68b32407f5f0a2d20f9b463ef2b7e14691b9b046a2932cb6,27,Parnassia palustris
Parnassia palustris,78352,305278537,550408839,https://inaturalist-open-data.s3.amazonaws.com/photos/550408839/large.jpg,cc-by-nc,"(c) beateharr, some rights reserved (CC BY-NC)",47.6566966667,13.2863383333,3.0,2025-08-09,3822066,beateharr,84af274e3471842c0d0bf4af55192cebf14ede5940f20a02a69d2410fc09d14b,28,Parnassia palustris
Parnassia palustris,78352,325914386,590169286,https://inaturalist-open-data.s3.amazonaws.com/photos/590169286/large.jpg,cc-by-nc,"(c) Elora, some rights reserved (CC BY-NC)",51.871563,-124.641281,10.0,2025-08-23,1585824,eloraa,c6ee443160e39cc78ad88cae32691ee188b1b11e70ed2555c605bbea4c90ba0f,29,Parnassia palustris
Parnassia palustris,78352,134259969,228821065,https://inaturalist-open-data.s3.amazonaws.com/photos/228821065/large.jpg,cc-by-nc,"(c) bfeuss, some rights reserved (CC BY-NC)",37.0897221667,-118.5486133333,4.0,2022-09-07,163466,bfeuss,a2f011714db88aa6843736a8325b43f53766d219db61c4d7519c3c4fa0b8ec41,30,Parnassia palustris
Parnassia palustris,78352,394261106,722765074,https://inaturalist-open-data.s3.amazonaws.com/photos/722765074/large.jpg,cc-by-nc,"(c) fermin_y_ana, some rights reserved (CC BY-NC)",42.4190389429,0.6422740001,8.0,2026-08-21,4377775,fermin_y_ana,d612246edbf1e725643fca5de6c8fd713b7bdc7c86d3a3d0afa050c5bf5f990e,31,Parnassia palustris
Parnassia palustris,78352,174758644,303639161,https://inaturalist-open-data.s3.amazonaws.com/photos/303639161/large.jpeg,cc-by-nc,"(c) Karoline L, some rights reserved (CC BY-NC)",67.18508517,13.7818353251,527.0,2023-07-24,7095120,sarrit,87f5f4dc1210ed681c3a8b6e5044c009b41063bc19e66edc65cd30fe74975e91,32,Parnassia palustris
Parnassia palustris,78352,241730738,430857925,https://inaturalist-open-data.s3.amazonaws.com/photos/430857925/large.jpeg,cc-by,"(c) Joss Carr, some rights reserved (CC BY)",43.1334,19.0750916667,5.0,2024-08-21,5655763,josscarr,0c8fee65ad77d62c83373b421c0341a663c4613efea9345c6467310227a62ad9,33,Parnassia palustris
Parnassia palustris,78352,132373966,225418139,https://inaturalist-open-data.s3.amazonaws.com/photos/225418139/large.jpg,cc-by-nc,"(c) Hunter Jackson, some rights reserved (CC BY-NC)",55.368595,-111.1603471667,24.0,2022-08-25,4947477,huntybunty,9793084180c9c5a04fe7d883ffaf9e8764572d0294ffb2835780e6e5d6e1102a,34,Parnassia palustris
Parnassia palustris,78352,229709302,407780233,https://inaturalist-open-data.s3.amazonaws.com/photos/407780233/large.jpeg,cc-by-nc,"(c) borzyy, some rights reserved (CC BY-NC)",65.0092060254,35.7187199578,855.0,2024-07-16,5303218,borzyy,5fe4ead618348d4363272b5e9c60a1c8f3e593bdf96867901a2cb6ab6f4ee26c,35,Parnassia palustris
Parnassia palustris,78352,238880375,425342297,https://inaturalist-open-data.s3.amazonaws.com/photos/425342297/large.jpg,cc-by-nc,"(c) Gregory Pohl, some rights reserved (CC BY-NC)",61.608499896,-125.7547154998,17.0,2024-07-30,1087911,gpohl,15304b6b4295e00d07d3c4a3f577614c5d6f931414e85dca2063f0f0348103fc,36,Parnassia palustris
Parnassia palustris,78352,304785142,550874342,https://inaturalist-open-data.s3.amazonaws.com/photos/550874342/large.jpg,cc-by-nc,"(c) judi68, some rights reserved (CC BY-NC)",58.5645555788,-3.9964562695,3.0,2025-08-08,8461765,judi68,f38eff89e54db5bbfc99e396a40584fa6b871c75ea3cec3fa912b5c5c516a282,37,Parnassia palustris
Parnassia palustris,78352,129330815,219763551,https://inaturalist-open-data.s3.amazonaws.com/photos/219763551/large.jpeg,cc-by-nc,"(c) Philippe Hénault, some rights reserved (CC BY-NC)",62.4564127414,-114.3778003384,8.0,2022-08-02,1700589,phil_crimson,41670beefa118b13fb2e869e2acf3b6c97e7a2961abf30745d22af8402ef2079,38,Parnassia palustris
Parnassia palustris,78352,56095235,89365965,https://inaturalist-open-data.s3.amazonaws.com/photos/89365965/large.jpg,cc-by-nc,"(c) ruddyduck, some rights reserved (CC BY-NC)",64.5103138213,-132.0875823437,25.0,2020-07-28,219551,ruddyduck,d331a38cb02cc525f6fe8c696ed095e11aa50320b21c3d8e59122806941c6dda,39,Parnassia palustris
Parnassia palustris,78352,233281775,414565849,https://inaturalist-open-data.s3.amazonaws.com/photos/414565849/large.jpeg,cc-by-nc,"(c) Markus Källander, some rights reserved (CC BY-NC)",63.4119186401,13.0753736496,4.0,2024-08-02,4539742,markuskallander,c58cbd6c959a2fcc19450cbc284936376cac4382efc2b29cf62ffdd0a237d857,40,Parnassia palustris
Parnassia palustris,78352,238835595,425266238,https://inaturalist-open-data.s3.amazonaws.com/photos/425266238/large.jpeg,cc-by,"(c) Tania Walisch, some rights reserved (CC BY)",54.3802701575,-8.4131209174,6.0,2024-08-30,250740,taniaw,8f773773c9cb636ca12b3685ad8a6430337c5658b7ce911fa1d198226044a58a,41,Parnassia palustris
Parnassia palustris,78352,29129829,45448445,https://inaturalist-open-data.s3.amazonaws.com/photos/45448445/large.jpeg,cc-by,"(c) Alexandria 'Alex' Wenninger, some rights reserved (CC BY)",62.6183128357,-141.0084533691,10.0,2019-07-18,491114,awenninger,cdd35ffd65d531550549845582b350f1bbcb527f6b248fcd7b8e2b873000a872,42,Parnassia palustris
Parnassia palustris,78352,90023207,148726773,https://inaturalist-open-data.s3.amazonaws.com/photos/148726773/large.jpg,cc-by-nc,"(c) René Stalder, some rights reserved (CC BY-NC)",47.1025305,8.57383,4.0,2021-08-05,1436169,horticultix,28fb85039ec90345b1fc3ec2f7df09290e256da0082a3e9931e007405cfb2e93,43,Parnassia palustris
Parnassia palustris,78352,98115099,163282772,https://inaturalist-open-data.s3.amazonaws.com/photos/163282772/large.jpg,cc-by-nc,"(c) Jason Headley, some rights reserved (CC BY-NC)",58.6455083333,-124.7111666667,12.0,2021-07-29,499708,jasonheadley,9df48f6641db83fe118d90beb8a4d2c5f5034b77654b9f1ddfbe29eab79c5af6,44,Parnassia palustris
Parnassia palustris,78352,249008429,445038857,https://inaturalist-open-data.s3.amazonaws.com/photos/445038857/large.jpeg,cc-by-nc,"(c) Sergio López Castelo, some rights reserved (CC BY-NC)",40.8503702307,-3.9479754821,2.0,2024-10-10,4104835,sergiolc_el_avistador,64473aa9b11616f6383b10b3fc7b2646d6b01ab9fa5c14c59c7c22839d5dbb4b,45,Parnassia palustris
Parnassia palustris,78352,301664298,543608535,https://inaturalist-open-data.s3.amazonaws.com/photos/543608535/large.jpg,cc-by-nc,"(c) bailinator, some rights reserved (CC BY-NC)",59.62673,-117.1633388333,3.0,2025-07-26,3629142,bailinator,201ad0715e3edc5f7168eb435419c9607a35926ec482867944e8180c3178871b,46,Parnassia palustris
Parnassia palustris,78352,386107189,706914611,https://inaturalist-open-data.s3.amazonaws.com/photos/706914611/large.jpg,cc-by-nc,"(c) ethanrglass, some rights reserved (CC BY-NC)",53.9054333333,-106.0267805,4.0,2026-07-28,8768777,ethanrglass,e91c5a981de4a5cd68ecdbf58c54e7f257ff40121dc934ed3ecb1e28f543ab96,47,Parnassia palustris
Parnassia palustris,78352,300129743,540746683,https://inaturalist-open-data.s3.amazonaws.com/photos/540746683/large.jpg,cc-by-nc,"(c) Rasmus Stobbe, some rights reserved (CC BY-NC)",61.46495653,8.52044829,7.0,2025-07-22,1985050,stobbe,08aec03216ecff5488686c9dd3e53f50e6cacdc72b718c6a87211dc1f7e569e6,48,Parnassia palustris
Parnassia palustris,78352,127444949,216366050,https://inaturalist-open-data.s3.amazonaws.com/photos/216366050/large.jpeg,cc-by-nc,"(c) Jake Danner, some rights reserved (CC BY-NC)",60.4820597047,-149.9748490378,104.0,2022-07-22,3424713,jdanner,ac0a39da69431b34a90c882dd04fcadc808394ddfabc08ef5db1988e98c39452,49,Parnassia palustris
Parnassia palustris,78352,93425457,154843117,https://inaturalist-open-data.s3.amazonaws.com/photos/154843117/large.jpeg,cc-by-nc,"(c) Matthias Buck, some rights reserved (CC BY-NC)",53.7377604924,-117.0106933183,70.0,2021-07-23,1040988,matthias22,fb0af8deef97eaaf02ccb5cb0756c908cb1c7df59b49031d592bb898b8e695d2,50,Parnassia palustris
Parnassia palustris,78352,309672951,558840792,https://inaturalist-open-data.s3.amazonaws.com/photos/558840792/large.jpg,cc-by-nc,"(c) Rhea, some rights reserved (CC BY-NC)",44.3718641281,3.8002975658,11.0,2025-08-27,4486821,mauzelinus,13b64f22d4f727bc08dd83ea0306629d82ec5e861b8f5da3393dfb85aae4d3bb,51,Parnassia palustris
Parnassia palustris,78352,250214799,447443090,https://inaturalist-open-data.s3.amazonaws.com/photos/447443090/large.jpeg,cc-by-nc,"(c) Marcin Scelina, some rights reserved (CC BY-NC)",49.3643421126,22.2610278821,4.0,2020-09-09,8627468,marcin_scelina,7f9eaa8d996d6449f6c2490c5e85b7a0768944a7184325715794f6e29fe3f9af,52,Parnassia palustris
Parnassia palustris,78352,128716299,218659914,https://inaturalist-open-data.s3.amazonaws.com/photos/218659914/large.jpg,cc-by-sa,"(c) Donald Hampton, some rights reserved (CC BY-SA)",63.8463888621,-145.6983819616,4.0,2022-07-30,1876556,akdhampton,32d543f693b4d73cb5ca26b42d6f2a24984a788ce8d1deb5d57f92c5f9e0bf1a,53,Parnassia palustris
Parnassia palustris,78352,382698296,700368408,https://inaturalist-open-data.s3.amazonaws.com/photos/700368408/large.jpg,cc-by-nc,"(c) Marika Isojärvi, some rights reserved (CC BY-NC)",69.8561992862,19.6667601541,15.0,2026-07-18,8256471,marikaiso,d32e0781fdca9aeb64900cf7323448759de629acb4b172e886b80e8f6e322b0d,54,Parnassia palustris
Parnassia palustris,78352,385389265,705531459,https://inaturalist-open-data.s3.amazonaws.com/photos/705531459/large.jpg,cc-by-nc,"(c) Sebastian J. Dunkl, some rights reserved (CC BY-NC)",47.9206839832,16.8636363327,15.0,2022-08-10,6727927,sebastiandunkl,f2202021f5a74416542ccdb4687d56aa7c323e57b30ab1028ef14956e06ebcf8,55,Parnassia palustris
Parnassia palustris,78352,317382942,573498586,https://inaturalist-open-data.s3.amazonaws.com/photos/573498586/large.jpg,cc-by-nc,"(c) raeraspecimen, some rights reserved (CC BY-NC)",56.3268484291,-5.5104110017,106.0,2025-09-15,9819327,raeraspecimen,c38dfede399df3dd0bc47619d38462a01a3f6abffd252c8c7cbbd712cd8a6a0e,56,Parnassia palustris
Parnassia palustris,78352,386835136,709511103,https://inaturalist-open-data.s3.amazonaws.com/photos/709511103/large.jpg,cc-by-nc,"(c) Susanna Repokuru, some rights reserved (CC BY-NC)",66.3753846443,29.2958815381,4.0,2026-07-31,10445585,pyllivae-botanist,346bf99ac377f436ab12faaf8b75dad8b7fd43de51f84a2105d6ab128660e2ad,57,Parnassia palustris
Parnassia palustris,78352,390028232,714499138,https://inaturalist-open-data.s3.amazonaws.com/photos/714499138/large.jpg,cc-by-nc,"(c) victoriadurazo, some rights reserved (CC BY-NC)",38.92877,-120.2051083333,11.0,2026-08-08,2602615,victoriadurazo,0f2ec41f028e3a76c7c2ef7357304067faf4f9a353908e4dc0d9ae8898ef7eed,58,Parnassia palustris
Parnassia palustris,78352,389356210,713185545,https://inaturalist-open-data.s3.amazonaws.com/photos/713185545/large.jpg,cc-by-nc,"(c) jodabrowski, some rights reserved (CC BY-NC)",45.9540142758,5.5925673991,3.0,2026-08-08,10201405,jodabrowski,da152a395d6a38736d7cd3fc2ab1d424d84d4b6770154c544516ee55d7cf1419,59,Parnassia palustris
Parnassia palustris,78352,299945783,540366370,https://inaturalist-open-data.s3.amazonaws.com/photos/540366370/large.jpg,cc-by-nc,"(c) Filip Vyskočil, some rights reserved (CC BY-NC)",50.0569662033,17.2356515892,2.0,2025-07-16,2404423,filipvyskocil,8ec5d77ff0a490050bce1d7388f3327b14623f781cf6d88e913281dcf5880e11,60,Parnassia palustris
Arundina graminifolia,117504,256219536,459332437,https://inaturalist-open-data.s3.amazonaws.com/photos/459332437/large.jpeg,cc-by-nc,"(c) Jonas Franke Raupp, some rights reserved (CC BY-NC)",-27.2236330288,-49.1062863171,9.0,2024-12-25,8100987,frankeraupp,60a134e9a7dbc2344c7f3cc768154bd26df218ea10270eb43aaf2c221005569c,1,Arundina graminifolia
Arundina graminifolia,117504,173933860,302114419,https://inaturalist-open-data.s3.amazonaws.com/photos/302114419/large.jpg,cc-by-nc,"(c) cheungsaichoi, some rights reserved (CC BY-NC)",22.4907582312,114.2109599865,373.0,2022-12-10,7169423,cheungsaichoi,7d89f3c87d89bd049ebe7c606526e987291279fadbc98006fcb2521aa09f705f,2,Arundina graminifolia
Arundina graminifolia,117504,198873674,350609245,https://inaturalist-open-data.s3.amazonaws.com/photos/350609245/large.jpg,cc0,no rights reserved,19.4209450044,-155.2551716667,500.0,2024-02-09,6418031,kallummcdonald,b01d15820e74724c1df1c5370297e94d6a21298617657343c301bcae7919337e,3,Arundina graminifolia
Arundina graminifolia,117504,337387314,613314518,https://inaturalist-open-data.s3.amazonaws.com/photos/613314518/large.jpg,cc-by-nc,"(c) Alfonso Auerbach, some rights reserved (CC BY-NC)",14.1410503239,-87.3913437149,61.0,2020-08-19,10051401,alf_auerbach,c7414b7989e6fb733fba22da085766ecaaf64c7943d802821ae3c6e77d32ffcc,4,Arundina graminifolia
Arundina graminifolia,117504,324459112,587263992,https://inaturalist-open-data.s3.amazonaws.com/photos/587263992/large.jpg,cc-by-nc,"(c) Pete Woodall, some rights reserved (CC BY-NC)",6.433,80.418,500.0,2025-10-07,108966,nyoni-pete,6bdea04572901934c65990eddb233db2a03a9e5c67ed1c472107618b9bd91a0d,5,Arundina graminifolia
Arundina graminifolia,117504,364143685,664750664,https://inaturalist-open-data.s3.amazonaws.com/photos/664750664/large.jpg,cc-by,"(c) Gabriel, some rights reserved (CC BY)",13.3913466667,144.7218783333,6.0,2026-05-23,9048013,miqeri,d2d55c67a6a2bbf8f8da6893891e54ec392ae54d5af90c5936533ec3bc1c08e7,6,Arundina graminifolia
Arundina graminifolia,117504,338770388,616103904,https://inaturalist-open-data.s3.amazonaws.com/photos/616103904/large.jpg,cc-by-nc,"(c) joseballesteros, some rights reserved (CC BY-NC)",-3.8246764283,-70.2530994863,31.0,2023-08-10,7690747,joseballesteros,c933c85952583749fbf3fcce487d5f98f504cd9cfbec9d283992c07ef4f517df,7,Arundina graminifolia
Arundina graminifolia,117504,395160169,724532170,https://inaturalist-open-data.s3.amazonaws.com/photos/724532170/large.jpg,cc-by,"(c) Donald Davesne, some rights reserved (CC BY)",1.3446568713,103.7814785085,15.0,2023-08-23,1891727,donalddavesne,b74846a361ec4e40f72a22fb56baaf2769d65426148b45940ab9b108fd93aed8,8,Arundina graminifolia
Arundina graminifolia,117504,166251361,287940176,https://inaturalist-open-data.s3.amazonaws.com/photos/287940176/large.jpg,cc-by-nc,"(c) Wesley Torres-Pérez, some rights reserved (CC BY-NC)",18.0884191439,-66.0005072296,4.0,2023-06-08,5876549,wesleyxtorres,77932cd9fe6e4fefcc22434ebfdcec668f9670ad1459f8e3d121eacbfccf3481,9,Arundina graminifolia
Arundina graminifolia,117504,156702381,270996142,https://inaturalist-open-data.s3.amazonaws.com/photos/270996142/large.jpeg,cc-by-nc,"(c) Татьяна Химера, some rights reserved (CC BY-NC)",18.7544435937,98.9214395068,15.0,2022-11-13,6739329,tatiana_chimera,31ebedbfa0b4c48843ac67376c626326f4479dcb96d7d27327428a0b8b49319f,10,Arundina graminifolia
Arundina graminifolia,117504,145892268,250696946,https://inaturalist-open-data.s3.amazonaws.com/photos/250696946/large.jpeg,cc-by-nc,"(c) Ryan E. Gray, some rights reserved (CC BY-NC)",4.7040395545,117.6104179466,977.0,2014-03-04,4766419,regray,14703de0380476fdee722f29296e3ebe5ecde7245e5abcfda47d3b3f5274e11b,11,Arundina graminifolia
Arundina graminifolia,117504,336976447,613786987,https://inaturalist-open-data.s3.amazonaws.com/photos/613786987/large.jpg,cc-by-nc,"(c) Eneidis Atencio, some rights reserved (CC BY-NC)",7.9357163082,-76.7176587135,971.0,2026-02-01,10029298,eneidis_atencio,8056d4b045b04c7d0d122139bd32a31c2a5366a3f2c09f181df2de348b40de87,12,Arundina graminifolia
Arundina graminifolia,117504,274979559,494219139,https://inaturalist-open-data.s3.amazonaws.com/photos/494219139/large.jpeg,cc-by-nc,"(c) Nathãn do Nascimento Tesch, some rights reserved (CC BY-NC)",-19.9824608681,-40.5689689144,983.0,2025-04-27,9170345,gign0101,82a0e44787ec760e52e17a2b74ec8124e642ae806d0167862b8996b6ae05f1fa,13,Arundina graminifolia
Arundina graminifolia,117504,152477633,263228244,https://inaturalist-open-data.s3.amazonaws.com/photos/263228244/large.jpeg,cc-by,"(c) Dmitry Ivanov, some rights reserved (CC BY)",14.51961094,108.60649018,4.0,2023-03-26,1417423,ivanovdg19,6c8ac38ea20048935bd8b96a4240ded5b88997534dbaa31483d0aad42b525937,14,Arundina graminifolia
Arundina graminifolia,117504,187775669,328463844,https://inaturalist-open-data.s3.amazonaws.com/photos/328463844/large.jpg,cc0,no rights reserved,23.3214470511,105.7990778963,28.0,2023-10-14,176845,rich_fuller,3b46140414292913ce6085c864b93e3a544c62d4ca327c6c1b174e56f7f1d8a1,15,Arundina graminifolia
Arundina graminifolia,117504,173394609,301117682,https://inaturalist-open-data.s3.amazonaws.com/photos/301117682/large.jpg,cc-by-nc,"(c) missour, some rights reserved (CC BY-NC)",7.4791298961,99.644752553,703.0,1995-12-13,6948008,missour,70d72fdc3424bf5dcb05afdf59286df9ee9b5eb404c123b91b5a435562d8afd7,16,Arundina graminifolia
Arundina graminifolia,117504,9024328,12171044,https://inaturalist-open-data.s3.amazonaws.com/photos/12171044/large.jpg,cc-by-nc,"(c) jlloyd, some rights reserved (CC BY-NC)",1.2223013397,111.4629870002,5.0,2017-12-03,16381,jlloyd,fdaeceff4cd0705a2a638da771c138ffd66fc7d5f8c6b92a912d81ca057b8eaa,17,Arundina graminifolia
Arundina graminifolia,117504,338761324,616120208,https://inaturalist-open-data.s3.amazonaws.com/photos/616120208/large.jpg,cc-by-nc,"(c) mollyric, some rights reserved (CC BY-NC)",-0.44185,-76.3094633333,4.0,2026-02-15,4964943,mollyric,17dd3015b5382691a79ec069e1bf742e4f96d6d247acd628973f199bbd6329da,18,Arundina graminifolia
Arundina graminifolia,117504,184127744,321352220,https://inaturalist-open-data.s3.amazonaws.com/photos/321352220/large.jpg,cc-by,"(c) LeeAnn Latremouille, some rights reserved (CC BY)",8.520798987,-83.4017958036,231.0,2010-11-22,1093817,leeann_latremouille,814f6430432e76a8937e153aba7e293a2cbf8110f6f3aa94a14d680686f74857,19,Arundina graminifolia
Arundina graminifolia,117504,38117213,60534712,https://inaturalist-open-data.s3.amazonaws.com/photos/60534712/large.jpeg,cc-by,"(c) Oleg Kosterin, some rights reserved (CC BY)",10.6512463743,104.0427889285,367.0,2011-08-18,2511740,oleg_kosterin,0c0f7efed2ca68da08f64ccf638b52be0a58ff4f5472778e9beee35e737b362a,20,Arundina graminifolia
Arundina graminifolia,117504,253471986,453859705,https://inaturalist-open-data.s3.amazonaws.com/photos/453859705/large.jpeg,cc-by-nc,"(c) Leandro França Vilaça, some rights reserved (CC BY-NC)",-23.5231166667,-45.2465666667,4.0,2024-03-20,7807498,leandrofvilaca,9e8f07402cf99206fbbc517843fb99eaf8711e16264fadc97224509cf31ce184,21,Arundina graminifolia
Arundina graminifolia,117504,53467764,85042100,https://inaturalist-open-data.s3.amazonaws.com/photos/85042100/large.jpg,cc-by-nc,"(c) Wich’yanan (Jay) Limparungpatthanakij, some rights reserved (CC BY-NC)",17.984708,104.1402002,224.0,2018-09-13,2107812,plains-wanderer,22fba845b43afcdee0a6b8794c946a4f85daf0a13bbd5aabebf0f4f8019da9d0,22,Arundina graminifolia
Arundina graminifolia,117504,330568710,599465539,https://inaturalist-open-data.s3.amazonaws.com/photos/599465539/large.jpg,cc-by-nc,"(c) davduf, some rights reserved (CC BY-NC)",11.0948766782,-74.078869188,324.0,2025-11-23,6445735,davduf,8b2da07bde6c357f7a451ce6c7770c6a100a95ac8d5cc030dd09854821030018,23,Arundina graminifolia
Arundina graminifolia,117504,314728275,568475492,https://inaturalist-open-data.s3.amazonaws.com/photos/568475492/large.jpg,cc-by-nc-sa,"(c) Alponsin, some rights reserved (CC BY-NC-SA)",-0.9123678097,100.4691335186,21.0,2025-09-17,5223602,alponsin,4cb7ad2801e9d43830d889646bf4cc6b8f0f376231959676a250e517aaa80f07,24,Arundina graminifolia
Arundina graminifolia,117504,309870987,559201963,https://inaturalist-open-data.s3.amazonaws.com/photos/559201963/large.jpg,cc-by-nc,"(c) dari1721, some rights reserved (CC BY-NC)",7.1404312684,-73.1173719945,2.0,2025-08-27,9676000,dari1721,4191d978098ef50ee11a90978c575e28c41cfcc0df0765cf85b6412160338ba7,25,Arundina graminifolia
Arundina graminifolia,117504,269117746,483833111,https://inaturalist-open-data.s3.amazonaws.com/photos/483833111/large.jpg,cc-by-nc,"(c) Yuliana Diaz, some rights reserved (CC BY-NC)",4.4847752041,-75.7451084672,74.0,2025-04-07,9102763,yuliana_diaz,635c763fd894fa341f605199e6228785db3cda5d2fe8a611c9b7f7031c9f1e17,26,Arundina graminifolia
Arundina graminifolia,117504,250245468,447510247,https://inaturalist-open-data.s3.amazonaws.com/photos/447510247/large.jpeg,cc-by,"(c) renaradelt, some rights reserved (CC BY)",4.4773416775,101.3616528111,16.0,2024-11-03,5947771,renaradelt,cade46e24e37654be859663dd228f38ccfad57cd97173d7ba488461b6cf602bb,27,Arundina graminifolia
Arundina graminifolia,117504,32155922,50407648,https://inaturalist-open-data.s3.amazonaws.com/photos/50407648/large.jpg,cc-by-nc,"(c) brandon_moeck, some rights reserved (CC BY-NC)",8.6022005417,-80.0634485018,5.0,2019-09-05,2079880,brandon_moeck,a35d0bafa2e0dd93d2e08b2a6e9a03b371108516011f842a9fb3cceee88a52f0,28,Arundina graminifolia
Arundina graminifolia,117504,146885708,252641654,https://inaturalist-open-data.s3.amazonaws.com/photos/252641654/large.jpg,cc-by-nc,"(c) Douglas Napier, some rights reserved (CC BY-NC)",-22.3092638841,-42.4962914084,3.0,2023-01-19,3954473,dougallii,af1a7e25f907c2adf82a5e77925c09a78e2c70f9627a39f7cd8645b8dab1b4d3,29,Arundina graminifolia
Arundina graminifolia,117504,259172345,466383198,https://inaturalist-open-data.s3.amazonaws.com/photos/466383198/large.jpg,cc-by-nc,"(c) diegoespinizadaisies, some rights reserved (CC BY-NC)",10.5554952535,-84.6780246038,4.0,2025-01-21,5212309,diegoespinizadaisies,1509d95c3fca5269cb87a07950173c42c3b70c2ea5c5aecca7749fbb607226a1,30,Arundina graminifolia
Arundina graminifolia,117504,338790891,616178875,https://inaturalist-open-data.s3.amazonaws.com/photos/616178875/large.jpg,cc-by-nc,"(c) sara_isabela, some rights reserved (CC BY-NC)",6.3061716667,-75.0218416667,78.0,2026-02-15,10082316,sara_isabela,589251cba7bc80ff0a32d7fad874d06257b7289b601c07439fae0be3f1d19668,31,Arundina graminifolia
Arundina graminifolia,117504,7093331,9112523,https://inaturalist-open-data.s3.amazonaws.com/photos/9112523/large.jpg,cc-by-nc,"(c) Andy Lazere, some rights reserved (CC BY-NC)",6.0753131,116.5588237,211.0,2005-01-23,475845,alazere,d2b4282b75eb9024c223d233a7638b0268fe33d3389a6eeada4557414ec880ad,32,Arundina graminifolia
Arundina graminifolia,117504,268926797,483458064,https://inaturalist-open-data.s3.amazonaws.com/photos/483458064/large.jpg,cc-by-nc,"(c) Woraphot Bunkhwamdi, some rights reserved (CC BY-NC)",5.8064545092,101.8160788001,395.0,2025-04-06,412246,woraphot,655b3dc0564982f30f29bd23728c81aa032152ca458dbabcf90a27dce8c44849,33,Arundina graminifolia
Arundina graminifolia,117504,9993069,13736850,https://inaturalist-open-data.s3.amazonaws.com/photos/13736850/large.jpg,cc-by-nc,"(c) Bastiaan Notebaert, some rights reserved (CC BY-NC)",9.7353501338,-82.8299446095,809.0,2012-12-15,587819,bastiaan,d7a31a1200a81b881f8768a0effbf39a0954832ac178bdb625ac90fe8210a7cf,34,Arundina graminifolia
Arundina graminifolia,117504,334032345,606512064,https://inaturalist-open-data.s3.amazonaws.com/photos/606512064/large.jpg,cc-by-nc,"(c) Carroll Perkins, some rights reserved (CC BY-NC)",9.3171960656,-78.99032852,4.0,2013-03-31,5296018,carrollperkins,f5aab97fcbdac0f466263ff48296abe6ae3e9218fdcacaf5603ed0760e9cf8ec,35,Arundina graminifolia
Arundina graminifolia,117504,292378129,526145052,https://inaturalist-open-data.s3.amazonaws.com/photos/526145052/large.jpg,cc-by-nc,"(c) Craig Ontl, some rights reserved (CC BY-NC)",9.5318414318,-84.0778866783,45.0,2025-06-13,469593,crontl72,07fbd5aad4ac59a6395f94e12e1ddffb84d1f11be4aeaf52eb360714dc8e849e,36,Arundina graminifolia
Arundina graminifolia,117504,141971288,243326942,https://inaturalist-open-data.s3.amazonaws.com/photos/243326942/large.jpeg,cc-by-nc,"(c) lunarjade, some rights reserved (CC BY-NC)",3.400997,101.846822,3484.0,2022-11-09,3772847,lunarjade,3177d1e5e99667813c86c2e93ce45a9092983473055a871ee371a66de807f34c,37,Arundina graminifolia
Arundina graminifolia,117504,35093064,55315700,https://inaturalist-open-data.s3.amazonaws.com/photos/55315700/large.jpeg,cc-by,"(c) Letizia Weichgrebe, some rights reserved (CC BY)",8.7223349586,-82.2376441957,44.0,2019-06-12,2220426,letiziaw,f081d07468698f5f8b55c6173a773ba3ed4d7ddcb9a40ca86d59664f154ac95e,38,Arundina graminifolia
Arundina graminifolia,117504,216486703,382877790,https://inaturalist-open-data.s3.amazonaws.com/photos/382877790/large.jpeg,cc-by-nc,"(c) Luis de Ossorno, some rights reserved (CC BY-NC)",10.5523370225,-83.5114869475,9.0,2006-07-28,7948882,ossorno,2fe16776c5ebfd61dd7b807a7811ffa04388d6746528e523c97d26e26a3cfdec,39,Arundina graminifolia
Arundina graminifolia,117504,93407243,154809673,https://inaturalist-open-data.s3.amazonaws.com/photos/154809673/large.jpeg,cc-by-nc,"(c) Cristian Londoño, some rights reserved (CC BY-NC)",5.2619765752,-76.0611505703,705.0,2019-01-15,2928788,cristianlondo7,67990ac8feda500226fe46bfc78857d831de9508cc78c6467dad88a8b635b08e,40,Arundina graminifolia
Arundina graminifolia,117504,29001425,45236988,https://inaturalist-open-data.s3.amazonaws.com/photos/45236988/large.jpg,cc-by-nc,"(c) Kinmatsu Lin, some rights reserved (CC BY-NC)",5.4015959395,116.0989310706,206.0,2016-04-17,386262,kinmatsu,9b734179b62960ba37f87102ad0029555d666112c5396b89238d229909ca5487,41,Arundina graminifolia
Arundina graminifolia,117504,335911940,610329614,https://inaturalist-open-data.s3.amazonaws.com/photos/610329614/large.jpg,cc-by-nc,"(c) Maira Rocio Mendoza Garcia, some rights reserved (CC BY-NC)",4.9250392931,-75.0666001439,470.0,2026-01-03,10060978,maymayisakat_,3282861c8eab2ef868cd341cd89e11b9939bbf988daddc403429ca6bef71abe0,42,Arundina graminifolia
Arundina graminifolia,117504,85394668,140492554,https://inaturalist-open-data.s3.amazonaws.com/photos/140492554/large.jpg,cc-by-nc,"(c) batworker, some rights reserved (CC BY-NC)",22.6304940247,105.9084348293,30.0,2018-10-02,1477605,batworker,cf5f4ca4539c8182fa48c942862cd72a8c24cd8776de6af69e7b498a1f0308a5,43,Arundina graminifolia
Arundina graminifolia,117504,336243031,610984287,https://inaturalist-open-data.s3.amazonaws.com/photos/610984287/large.jpg,cc-by-nc,"(c) babivelezrivera, some rights reserved (CC BY-NC)",18.1702383333,-66.7237916667,4.0,2026-01-25,10080625,babivelezrivera,1d5e5694682f7f772f92e5fcbe950146f25b239341054999bea6eedb950d8e3b,44,Arundina graminifolia
Arundina graminifolia,117504,333568056,605617686,https://inaturalist-open-data.s3.amazonaws.com/photos/605617686/large.jpg,cc-by,"(c) Paulo C. O. Cunha, some rights reserved (CC BY)",-26.5353750559,-49.0745132895,8.0,2018-04-29,8803815,paulo_celso_cunha,4bbc4c3d752ed303135b3351e9616a2efb179ea35bf878e84b0dbdafb04ecc92,45,Arundina graminifolia
Arundina graminifolia,117504,145544827,250022337,https://inaturalist-open-data.s3.amazonaws.com/photos/250022337/large.jpg,cc-by-nc,"(c) lappuggla, some rights reserved (CC BY-NC)",6.9858489138,-75.1097946177,699.0,2011-03-03,5808897,lappuggla,a351abc80063d2dbf0a2ee0224ee5c6b7bbcd19ae0e5b2153cdbf9ba36f07338,46,Arundina graminifolia
Arundina graminifolia,117504,364890899,666154369,https://inaturalist-open-data.s3.amazonaws.com/photos/666154369/large.jpg,cc-by-nc,"(c) Alejandro Llanes, some rights reserved (CC BY-NC)",8.9936548809,-79.5463861159,61.0,2016-08-20,10586235,allanes,6290d7ce8c235dba2438dcd64b179382e77ce290fab054e816ad56bc2b9d41fc,47,Arundina graminifolia
Arundina graminifolia,117504,156153181,269981570,https://inaturalist-open-data.s3.amazonaws.com/photos/269981570/large.jpeg,cc-by,"(c) Christina S. Baer, some rights reserved (CC BY)",10.3024816705,-84.0358255786,1605.0,2018-03-22,5446742,bugbaer,7a15af6c807d5a2094ecbe0456114399602949250431a4b44ca9c4cc249b229a,48,Arundina graminifolia
Arundina graminifolia,117504,150267639,259071250,https://inaturalist-open-data.s3.amazonaws.com/photos/259071250/large.jpg,cc-by-nc,"(c) kristbay, some rights reserved (CC BY-NC)",9.9999166667,-83.5424416667,4.0,2023-03-03,2809843,kristbay,4c853a83a1ba422184ec85cdb6c6f558408d5ea6553412f789f3e4f0d4dfc45a,49,Arundina graminifolia
Arundina graminifolia,117504,65312098,105097896,https://inaturalist-open-data.s3.amazonaws.com/photos/105097896/large.jpg,cc-by-nc,"(c) sboon, some rights reserved (CC BY-NC)",9.15990833,-83.71061667,5.0,2020-11-19,1211829,sboon,1bc62fc967bb817f60f512f1dc9c2152e9afde5a4e342972f9fc14b306c9d3c5,50,Arundina graminifolia
Arundina graminifolia,117504,394221913,722689414,https://inaturalist-open-data.s3.amazonaws.com/photos/722689414/large.jpg,cc0,no rights reserved,8.7894245,-82.9546511,206.0,2014-02-11,1738816,dixiesommers,760c42388cca0af30c803f0b0471152154c4820b2b522c974023c623b7511ca9,51,Arundina graminifolia
Arundina graminifolia,117504,291289075,524081109,https://inaturalist-open-data.s3.amazonaws.com/photos/524081109/large.jpg,cc-by-nc,"(c) UNIRSE Sam,Case, some rights reserved (CC BY-NC)",9.7278866667,-84.517975,8.0,2025-06-19,9446365,unirse_sam_case,9436be41aba73e9836adb1dfb004d6f4f3b521061811f9eb46c8eec197c15914,52,Arundina graminifolia
Arundina graminifolia,117504,201406720,355527623,https://inaturalist-open-data.s3.amazonaws.com/photos/355527623/large.jpeg,cc-by-nc,"(c) Manequinho Correia, some rights reserved (CC BY-NC)",-23.7841853,-45.6300931,583.0,2024-03-02,6253068,manequinho,dfb655c6cfad212b04714d0409569b953e4a4f642d6e4faf89d4d7e054a70880,53,Arundina graminifolia
Arundina graminifolia,117504,23556540,36475129,https://inaturalist-open-data.s3.amazonaws.com/photos/36475129/large.jpg,cc-by-nc,"(c) Richard Fielding, some rights reserved (CC BY-NC)",22.2626713988,113.9013075014,3906.0,2018-10-09,1687679,richard438,21d08126df5edf9189f081c5a6a1dd1db2c2450ed581d231f2cdce8b0d0f10de,54,Arundina graminifolia
Arundina graminifolia,117504,200052014,352877419,https://inaturalist-open-data.s3.amazonaws.com/photos/352877419/large.jpg,cc-by-nc,"(c) Lynette, some rights reserved (CC BY-NC)",3.7168699922,101.7484047236,61.0,2024-02-15,925480,lynetteclennell,6b7e1845ac9817636376d751efee5e5d4176b1b050cdaa4682f575fa8d121897,55,Arundina graminifolia
Arundina graminifolia,117504,327569850,593466737,https://inaturalist-open-data.s3.amazonaws.com/photos/593466737/large.jpg,cc-by-nc,"(c) Guilherme Werner Baenteli, some rights reserved (CC BY-NC)",-26.9063096047,-49.0782738131,10.0,2025-10-29,8440147,gwbaenteli,fc028daad191ef5900664ec8f4de662148af60087ad28fff2880fa0a8150996f,56,Arundina graminifolia
Arundina graminifolia,117504,9495093,12934165,https://inaturalist-open-data.s3.amazonaws.com/photos/12934165/large.jpeg,cc-by-nc,"(c) original_cyn, some rights reserved (CC BY-NC)",10.03765804,-84.18170548,5.0,2018-01-16,647360,original_cyn,3c161e6d1678d73dec54466aee36f8a4a2f619b9a71bc8dfd1f8c306ba8a23b8,57,Arundina graminifolia
Arundina graminifolia,117504,338971591,616524691,https://inaturalist-open-data.s3.amazonaws.com/photos/616524691/large.jpg,cc-by-nc,"(c) valerie acevedo, some rights reserved (CC BY-NC)",6.0405635008,-74.9943403798,8.0,2026-02-13,10131184,val3_rr,aab017f29edd6d6c57dcdd0d8c670f73e8933ff1d3e0e974d5fb0dc9be4bb74b,58,Arundina graminifolia
Arundina graminifolia,117504,200343511,353448184,https://inaturalist-open-data.s3.amazonaws.com/photos/353448184/large.jpg,cc-by-nc,"(c) Steve Davis, some rights reserved (CC BY-NC)",8.6973281,-83.2047646,505.0,2020-02-17,3697206,spdavis81,99f33900908d9cc0aafa0551194c90bf62e3f6378964754e558a62552f878147,59,Arundina graminifolia
Arundina graminifolia,117504,88099242,145320246,https://inaturalist-open-data.s3.amazonaws.com/photos/145320246/large.jpg,cc-by-nc,"(c) Roger Frost, some rights reserved (CC BY-NC)",22.2414035838,114.2468141398,1953.0,2008-09-13,58469,rogerfrost,6fe78ba0554092741ff23658edcc2eb2be8bc88f8018c5fbe8a8a914aff194a6,60,Arundina graminifolia
Calotropis procera,120917,271640368,488643700,https://inaturalist-open-data.s3.amazonaws.com/photos/488643700/large.jpg,cc-by,"(c) Caroline Coupland, some rights reserved (CC BY)",-20.7316633333,139.51085,4.0,2025-04-20,7480238,caroline_coupland,0ca055c411e385b7af6d61254d5a7a972b7596417546d380a5cc5da4c8e63fe3,1,Calotropis procera
Calotropis procera,120917,335081050,608655150,https://inaturalist-open-data.s3.amazonaws.com/photos/608655150/large.jpg,cc-by-nc,"(c) thibaud_gaudry, some rights reserved (CC BY-NC)",15.8606292217,-61.5940212231,419.0,2023-08-02,5346894,thibaud_gaudry,b47863c682844c2ef38019c81c0eee7692054eabe10be9861742cf4836630748,2,Calotropis procera
Calotropis procera,120917,240097210,427711962,https://inaturalist-open-data.s3.amazonaws.com/photos/427711962/large.jpeg,cc-by-nc,"(c) kenny_well, some rights reserved (CC BY-NC)",-4.2978651028,37.7893842596,4.0,2024-09-06,3282226,kenny_well,da31f08316ad386694f1d550b876bad9036d2b704e274ffd3edb084af92d5a0c,3,Calotropis procera
Calotropis procera,120917,317147591,573057043,https://inaturalist-open-data.s3.amazonaws.com/photos/573057043/large.jpg,cc-by-nc,"(c) bosquegrande, some rights reserved (CC BY-NC)",20.6315127865,-156.4462053039,26.0,2025-09-27,8757041,bosquegrande,5815901cb8bb157c1c9cc27fa2ac59519e358617e697fc50c61236a5110c3e02,4,Calotropis procera
Calotropis procera,120917,274563451,493571056,https://inaturalist-open-data.s3.amazonaws.com/photos/493571056/large.jpeg,cc-by-nc,"(c) Rahul kumar, some rights reserved (CC BY-NC)",25.27785,85.4378466667,7.0,2025-04-27,145009,rahulwildlife,43029c8ab64fa4c03b6052619217c753d8ad71aee738069e38e518c9a07f06e5,5,Calotropis procera
Calotropis procera,120917,261273634,469360325,https://inaturalist-open-data.s3.amazonaws.com/photos/469360325/large.jpg,cc-by-nc,"(c) Vincent Laurie, some rights reserved (CC BY-NC)",29.8515777778,-6.2155361111,1.0,2025-01-26,170921,vincentlaurie,8b35347d1e1de0c05a2c75ba5e3824114eb53eb9b4f4399cbab0944673b9d329,6,Calotropis procera
Calotropis procera,120917,290150754,521933782,https://inaturalist-open-data.s3.amazonaws.com/photos/521933782/large.jpg,cc-by-nc,"(c) Alex Karasoulos, some rights reserved (CC BY-NC)",-19.0740278333,-41.861155,4.0,2025-06-04,3745892,radbackedsalamander,a70408edfe99c6ea90b4f9a72d105ddd1783b5c12d3f7177ff436a8e36ff8b02,7,Calotropis procera
Calotropis procera,120917,35037597,55222130,https://inaturalist-open-data.s3.amazonaws.com/photos/55222130/large.jpeg,cc-by-sa,"(c) Ángela Patricia Rojas Cortés, some rights reserved (CC BY-SA)",19.1814708444,-102.8594413988,61.0,2019-04-15,23728,anpatty,26c2f03cd777f5f9d63ca5a91b9352b099eced8b8fbfc7f8ca83574ac4f3a167,8,Calotropis procera
Calotropis procera,120917,22004391,34108006,https://inaturalist-open-data.s3.amazonaws.com/photos/34108006/large.jpeg,cc-by-nc,"(c) Heidi Ware Carlisle, some rights reserved (CC BY-NC)",31.7156264,35.45268865,4.0,2019-04-03,428432,heidiwarecarlisle,7afbc99f0460dc0b54248224ebc40a461d9956fc975246cf6ebcd46e936efdb3,9,Calotropis procera
Calotropis procera,120917,341468359,621634434,https://inaturalist-open-data.s3.amazonaws.com/photos/621634434/large.jpg,cc-by-nc,"(c) suchihfen, some rights reserved (CC BY-NC)",23.396145,120.38015,11.0,2026-03-05,2711319,suchihfen,ab53e1fe34f41fcf82da782442ce82bd6a3825a9b7d30867cde92d9b84d33423,10,Calotropis procera
Calotropis procera,120917,79132200,129583049,https://inaturalist-open-data.s3.amazonaws.com/photos/129583049/large.jpeg,cc-by-nc,"(c) Elias, some rights reserved (CC BY-NC)",6.5036333333,2.35269,1.0,2021-05-17,2581773,soglohoun,0231bf8358cd07ca46dcdfbd724026593e74e6f62f04e8d1d2b1105674863661,11,Calotropis procera
Calotropis procera,120917,107097780,180058573,https://inaturalist-open-data.s3.amazonaws.com/photos/180058573/large.jpg,cc-by-nc,"(c) rosyates, some rights reserved (CC BY-NC)",23.5499033333,58.364045,4.0,2022-02-19,2403683,rosyates,acb95fa74cc52cecc4e4f050f22bdef6e7a5174037fcbbdd458cb05de9f1d81b,12,Calotropis procera
Calotropis procera,120917,295005784,531042158,https://inaturalist-open-data.s3.amazonaws.com/photos/531042158/large.jpg,cc-by-nc,"(c) Courtenay, some rights reserved (CC BY-NC)",-20.3254101143,118.6668813229,209.0,2025-07-04,9492202,quarts88,b2d86949c4ab48314d85247330159af977548c74188e768f6466a16d42f44239,13,Calotropis procera
Calotropis procera,120917,364795983,665972854,https://inaturalist-open-data.s3.amazonaws.com/photos/665972854/large.jpg,cc-by-nc,"(c) Ann Stafford, some rights reserved (CC BY-NC)",19.38888,-81.4061583333,6.0,2026-05-17,112114,caymannature,d9135d256921bc066c3522a64ec46624e96ebde7bcda1abc5365ca695fdf734f,14,Calotropis procera
Calotropis procera,120917,364436931,665293926,https://inaturalist-open-data.s3.amazonaws.com/photos/665293926/large.jpg,cc-by,"(c) Lucy Keith-Diagne, some rights reserved (CC BY)",14.3294781866,-16.9307148943,8.0,2026-05-23,3533960,lucykeith-diagne,e8de80d1054dd3098985801c113523627cf442b10cc56c714a816e089b437fb3,15,Calotropis procera
Calotropis procera,120917,190319954,334122814,https://inaturalist-open-data.s3.amazonaws.com/photos/334122814/large.jpg,cc-by-nc,"(c) Nicole, some rights reserved (CC BY-NC)",-22.3691,-60.3389783333,7.0,2023-11-03,1183723,stepanni,6b55b276c80c1d971378eb99d6108937ba27ab27633ff0cd98a2db220f91f37d,16,Calotropis procera
Calotropis procera,120917,282583697,507703425,https://inaturalist-open-data.s3.amazonaws.com/photos/507703425/large.jpg,cc-by,"(c) Dr. Alexey Yakovlev, some rights reserved (CC BY)",-20.9521611589,32.1588904212,2.0,2025-02-16,41937,botalex,b3db0c8076d50404b3a9406d1e4575c6f1d4327d7e5f7ee36f829016a9ccbbc9,17,Calotropis procera
Calotropis procera,120917,237602700,422889304,https://inaturalist-open-data.s3.amazonaws.com/photos/422889304/large.jpeg,cc-by-nc,"(c) Eric Fischer Rempe, some rights reserved (CC BY-NC)",-2.9060418199,-41.5921599045,6.0,2024-08-24,1699754,ericfischerrempe,66aea46c5c38fa48799eab9fb0d8d457b6cbae2568c06d5e4827657e5adac480,18,Calotropis procera
Calotropis procera,120917,308916216,557384813,https://inaturalist-open-data.s3.amazonaws.com/photos/557384813/large.jpg,cc-by-nc,"(c) Apipa, some rights reserved (CC BY-NC)",6.901498,-73.184106,29.0,2025-08-24,1527701,apipa,c3024d39697810f9fb6a188a5bd89ba3db4bd3e341305330473c7c668ce01d5d,19,Calotropis procera
Calotropis procera,120917,279833127,502538004,https://inaturalist-open-data.s3.amazonaws.com/photos/502538004/large.jpeg,cc-by,"(c) TreeClouds Permaculture, some rights reserved (CC BY)",14.3496360779,77.5907287598,100.0,2025-05-10,792911,treecloudspermaculture,7e1cd25998c2a5c6eb06ae2357675dc92074c25dd0ebec4bece8a56e88b0bb1b,20,Calotropis procera
Calotropis procera,120917,278849049,500707701,https://inaturalist-open-data.s3.amazonaws.com/photos/500707701/large.jpg,cc-by-nc,"(c) Adnan Alvi, some rights reserved (CC BY-NC)",32.515943723,73.6079797364,28.0,2025-05-05,9265655,adnanalvi,559b2de58f385c08137556ff60e119e9d40b22bd488378379bce8cb6a54af4a3,21,Calotropis procera
Calotropis procera,120917,266639359,479092101,https://inaturalist-open-data.s3.amazonaws.com/photos/479092101/large.jpeg,cc-by,"(c) Abdenour Kheloufi, some rights reserved (CC BY)",34.6853561345,6.5226756781,72.0,2025-03-07,1433981,akheloufi,c0715ad43d6fc64c349b5260084959a3a52cd0d81892766b06d1e3d042bb3579,22,Calotropis procera
Calotropis procera,120917,168491490,292010433,https://inaturalist-open-data.s3.amazonaws.com/photos/292010433/large.jpeg,cc-by-nc,"(c) mimsa, some rights reserved (CC BY-NC)",25.4326110864,46.312029479,61.0,2023-05-27,2091493,mimsa,34c83f3078cb0f26a136071adf7d63e2a3b1ed1670fecd0464a3ed551dcd98ad,23,Calotropis procera
Calotropis procera,120917,38867346,61806401,https://inaturalist-open-data.s3.amazonaws.com/photos/61806401/large.jpeg,cc-by-nc,"(c) Luis Humberto Vicente-Rivera, some rights reserved (CC BY-NC)",14.7258928851,-92.4094954062,488.0,2014-12-21,154885,luishumbertonambue,d6e19d12d3986a008c2c9e7d95f28596c6e61f419ec09a5bdb64adb1d3246e5f,24,Calotropis procera
Calotropis procera,120917,302296810,544795411,https://inaturalist-open-data.s3.amazonaws.com/photos/544795411/large.jpg,cc-by-nc-sa,"(c) Shivam Bhatt, some rights reserved (CC BY-NC-SA)",22.3546966667,70.6146083333,3.0,2025-07-28,5891510,smkbhatt,e4e973ce6d9a2765e9a9501c6539712382b4bbe0339a9cea18a8a5acb1066d89,25,Calotropis procera
Calotropis procera,120917,36339766,57433212,https://inaturalist-open-data.s3.amazonaws.com/photos/57433212/large.jpeg,cc-by-nc,"(c) Martin Reith, some rights reserved (CC BY-NC)",17.965054,-71.637002,10.0,2019-12-02,1401081,mreith,4db59ec94348efc9242501c272928c1779420a9c3e656dfd45b87e96a08a36de,26,Calotropis procera
Calotropis procera,120917,261684973,470179043,https://inaturalist-open-data.s3.amazonaws.com/photos/470179043/large.jpg,cc-by-nc,"(c) Ashley M Bradford, some rights reserved (CC BY-NC)",2.3898866667,31.4850383333,4.0,2025-01-08,9432,ashley_bradford,3902fd92c65fa768db5425ae5e11cb84e453305f8987952df1657d53fb6d800c,27,Calotropis procera
Calotropis procera,120917,239968798,427461065,https://inaturalist-open-data.s3.amazonaws.com/photos/427461065/large.jpg,cc-by-nc,"(c) mtfoliveira, some rights reserved (CC BY-NC)",24.0252109,32.8842688,203.0,2024-08-23,3043180,mtfoliveira,385ec7cad7de2e32dbd0ff66716e2b435675aa7819aed4c15630e71c19a76cc0,28,Calotropis procera
Calotropis procera,120917,266402877,478650292,https://inaturalist-open-data.s3.amazonaws.com/photos/478650292/large.jpg,cc-by,"(c) Demian Hiß, some rights reserved (CC BY)",21.1003955,-13.0724178,15.0,2025-01-31,2353577,demianhiss,9383909db590f86c71870f189ffd31a8f849ef7a874e32a942b373b710ea1527,29,Calotropis procera
Calotropis procera,120917,36755438,58151319,https://inaturalist-open-data.s3.amazonaws.com/photos/58151319/large.jpg,cc0,no rights reserved,-14.07693221,34.92651436,10.0,2019-08-13,677329,klauswehrlin,03a55eb4684d0077983fc516b6d2d64feb372fbc33591ac55c68d30bc88dd4f3,30,Calotropis procera
Calotropis procera,120917,291633522,524721624,https://inaturalist-open-data.s3.amazonaws.com/photos/524721624/large.jpg,cc-by-nc,"(c) Jorge Alonso-Cabrera, some rights reserved (CC BY-NC)",21.3089102939,-89.5390704184,39.0,2024-07-09,9460916,jorgealonsoca,16265a11c2535bc54fc5c3718073c6128c559be090be71b77c0b6da7b08a19b6,31,Calotropis procera
Calotropis procera,120917,304335258,548624543,https://inaturalist-open-data.s3.amazonaws.com/photos/548624543/large.jpg,cc-by-nc,"(c) Pedro Rosales, some rights reserved (CC BY-NC)",10.6014183474,-67.0401054248,644.0,2025-08-06,9611774,polejandro,964dfa10d03700814f4e829d29319aca7c0bed27ad5c00344bb5b39e69c6518e,32,Calotropis procera
Calotropis procera,120917,301653511,543588458,https://inaturalist-open-data.s3.amazonaws.com/photos/543588458/large.jpg,cc-by,"(c) Sylvain Montagner, some rights reserved (CC BY)",28.0545270881,-14.3216614053,5.0,2025-07-27,5972409,sylvainm_53,45d1904bb9260b2e3b6090ac410a5fa2602676e94b95e3c1f0c2ca03edebee85,33,Calotropis procera
Calotropis procera,120917,348983207,636869836,https://inaturalist-open-data.s3.amazonaws.com/photos/636869836/large.jpg,cc-by-nc,"(c) Dhugal Lindsay, some rights reserved (CC BY-NC)",-13.0046886904,-38.4534560982,3.0,2026-04-11,1597538,dhugallindsay,8c5f65855b33a214db5679854ea0bbe6b0d63a8005c023cdc79931b5bda3809a,34,Calotropis procera
Calotropis procera,120917,147778481,254348296,https://inaturalist-open-data.s3.amazonaws.com/photos/254348296/large.jpg,cc-by-nc,"(c) Gina Genduso, some rights reserved (CC BY-NC)",21.8479533333,79.255555,4.0,2023-01-26,116021,gina-genduso,5e13cedf1424d79c6627d251d2a6ee9a3c1e074a93e67f061a4ccd3e71a271b7,35,Calotropis procera
Calotropis procera,120917,276465360,496477957,https://inaturalist-open-data.s3.amazonaws.com/photos/496477957/large.jpg,cc-by-nc,"(c) jessebborden, some rights reserved (CC BY-NC)",21.6141358903,39.1225360707,5.0,2025-04-29,1106130,jessebborden,3f2ac6151117fdc3700010d0f4ace811961958bb10947af5289f3bf03970820d,36,Calotropis procera
Calotropis procera,120917,294571391,530222773,https://inaturalist-open-data.s3.amazonaws.com/photos/530222773/large.jpg,cc-by-nc,"(c) Carla Guedes, some rights reserved (CC BY-NC)",-5.437702975,-36.2173957805,3022.0,2022-11-29,8974164,carlaguedes,57ba74b3e34345c473315141e2c33a2f1e0529c37194262653878f63aa779849,37,Calotropis procera
Calotropis procera,120917,267416552,480566982,https://inaturalist-open-data.s3.amazonaws.com/photos/480566982/large.jpeg,cc-by-nc,"(c) Bryan Kallef, some rights reserved (CC BY-NC)",-14.187350571,-44.5294208452,33.0,2025-03-28,9023393,kallef29,8cd06627c601126a11a3fa2378538612f9f125da78732a1d709f0e3c296732a0,38,Calotropis procera
Calotropis procera,120917,342711811,624136755,https://inaturalist-open-data.s3.amazonaws.com/photos/624136755/large.jpg,cc-by-nc,"(c) Mary Kimberly, some rights reserved (CC BY-NC)",28.1544638333,77.1955033333,9.0,2026-03-03,97928,mmkimberly,ccbe2fbc7d7a0dda42a5f499cc5105ee7689642bbac03562756fa3223d83d54f,39,Calotropis procera
Calotropis procera,120917,96549933,160416564,https://inaturalist-open-data.s3.amazonaws.com/photos/160416564/large.jpeg,cc-by-nc,"(c) Rujuta Vinod, some rights reserved (CC BY-NC)",18.1808194,74.1533563,4385.0,2021-09-23,1423584,rujutavinod,aea907b0091d8153b3a31a651df6d92a69c8f0bf31e932526b7c2207323d8051,40,Calotropis procera
Calotropis procera,120917,267955945,481595970,https://inaturalist-open-data.s3.amazonaws.com/photos/481595970/large.jpeg,cc-by-nc,"(c) z_kia_r, some rights reserved (CC BY-NC)",27.8780554746,55.9644721448,10.0,2025-03-31,3065127,z_kia_r,e943abae771ba1a4d8e94ddd4dad939cee6a45c94b57f68cf2019307b4cf6ec6,41,Calotropis procera
Calotropis procera,120917,63058830,101141355,https://inaturalist-open-data.s3.amazonaws.com/photos/101141355/large.jpg,cc-by,"(c) Rabah Al-Shammary, some rights reserved (CC BY)",26.134675,41.178355,16.0,2020-10-14,2432544,rabah-al-shammary,f869d473c6567840c89ffd963ad766decacc14dcb0adedd50fe1be3585d42f95,42,Calotropis procera
Calotropis procera,120917,369820741,675558569,https://inaturalist-open-data.s3.amazonaws.com/photos/675558569/large.jpg,cc-by-nc,"(c) meriddien, some rights reserved (CC BY-NC)",18.3773273971,-65.7161358625,5.0,2026-06-08,155274,meriddien,432013860a3ba58ba503d306b4ade49f116bb68ada101a6a30277cd6a61434fd,43,Calotropis procera
Calotropis procera,120917,312474286,564174323,https://inaturalist-open-data.s3.amazonaws.com/photos/564174323/large.jpg,cc-by-nc,"(c) Libis Saida Meza Epieyu, some rights reserved (CC BY-NC)",11.538098754,-72.9141270742,1817.0,2025-09-08,9629010,libismeza,434ab83b8e4b970eb8241e3865a178c3f4c7891f6b83ec78a14d72f309c426e9,44,Calotropis procera
Calotropis procera,120917,340325634,619297907,https://inaturalist-open-data.s3.amazonaws.com/photos/619297907/large.jpg,cc-by-nc,"(c) Dhaivat Hathi, some rights reserved (CC BY-NC)",26.8736133333,70.4290383333,7.0,2026-02-05,6133150,dhaivat_hathi,5fcb37f5a6b94370b3768fe4e9cce8e3241ea614218e70384634cdc24d82185c,45,Calotropis procera
Calotropis procera,120917,94084123,156028183,https://inaturalist-open-data.s3.amazonaws.com/photos/156028183/large.jpeg,cc-by-nc,"(c) Mohammad Marafi, some rights reserved (CC BY-NC)",29.3454518284,47.9506146535,9.0,2021-09-08,810754,mohammadm,1e72a54f72e6edc8135b737438fcb76f9d696fb8f4cd4554a156b386f35d9627,46,Calotropis procera
Calotropis procera,120917,282868634,508239406,https://inaturalist-open-data.s3.amazonaws.com/photos/508239406/large.jpg,cc-by-nc,"(c) L.F Tófoli, some rights reserved (CC BY-NC)",-9.4021533333,-40.5046216667,3.0,2025-05-21,5908160,tofoli,18467ea855685ce08076edd87968c61f98cea3f578f376cda877cc3fba393332,47,Calotropis procera
Calotropis procera,120917,73940997,120788475,https://inaturalist-open-data.s3.amazonaws.com/photos/120788475/large.jpg,cc-by,"(c) Mohammad Amin Ghaffari, some rights reserved (CC BY)",26.494125,61.188415,7.0,2016-09-04,3948500,amin_ghaffari,d2d09dee41a4d5990b2ee522107ebc52fbd36d6e8acc8284a3adb20de39d187e,48,Calotropis procera
Calotropis procera,120917,99618032,166103296,https://inaturalist-open-data.s3.amazonaws.com/photos/166103296/large.jpeg,cc-by-nc,"(c) Elias, some rights reserved (CC BY-NC)",10.2548183333,1.3810516667,2.0,2021-10-28,2581773,soglohoun,c15af335348c74c8ece8d7969c814ec3c3635d9bccd2367ba32ea7a26f3baef7,49,Calotropis procera
Calotropis procera,120917,76120993,124534301,https://inaturalist-open-data.s3.amazonaws.com/photos/124534301/large.jpeg,cc-by-nc,"(c) La Rata Mutante, some rights reserved (CC BY-NC)",15.7818831996,-96.1406507204,4.0,2021-04-30,2745652,laratamutante,b3496747609d1efb3f2c9c77df9b02cdd9c1a38dc1653fa34636fd67d22b9cb2,50,Calotropis procera
Calotropis procera,120917,286990315,515998160,https://inaturalist-open-data.s3.amazonaws.com/photos/515998160/large.jpg,cc-by-nc,"(c) Dragonhunter, some rights reserved (CC BY-NC)",26.2853482985,50.120876583,54.0,2025-06-04,8394447,mreeej,40cb1ffb3bff7083da19e2c283d7b011cf03feb7f0dfe438114ebcd4d49380a9,51,Calotropis procera
Calotropis procera,120917,321357466,581167799,https://inaturalist-open-data.s3.amazonaws.com/photos/581167799/large.jpg,cc-by-nc,"(c) coanne, some rights reserved (CC BY-NC)",-17.4656002083,140.830731375,10.0,2025-09-01,5194391,coanne,d5c2d553aaee08e2dfa201e21cd48e1572fc42e03a594782737d16e53a6d872b,52,Calotropis procera
Calotropis procera,120917,258076898,462980637,https://inaturalist-open-data.s3.amazonaws.com/photos/462980637/large.jpg,cc-by-nc,"(c) Lori Anne, some rights reserved (CC BY-NC)",21.9723059805,-159.7316095705,4.0,2025-01-10,270792,loriannek,87cbfcb925a757c0ae17bf7f324cc4cb90da40d770412054bb67362ebcb6f3c1,53,Calotropis procera
Calotropis procera,120917,158566019,274026161,https://inaturalist-open-data.s3.amazonaws.com/photos/274026161/large.jpeg,cc-by,"(c) Breno Figueiredo, some rights reserved (CC BY)",-6.35749169,-39.30540166,9.0,2023-05-01,1448257,brenocf,9effe87a51d5f7534bd33e14c2f62b8c7fbcc9108ea23ac5e0a3066ccee27dc8,54,Calotropis procera
Calotropis procera,120917,260999915,468818047,https://inaturalist-open-data.s3.amazonaws.com/photos/468818047/large.jpg,cc-by-nc,"(c) Ashley M Bradford, some rights reserved (CC BY-NC)",2.471,34.68475,1680.0,2025-01-01,9432,ashley_bradford,3878be7864a5d36809362dd2a1801a16027e8c4b99630febb38412c5e9cd0e54,55,Calotropis procera
Calotropis procera,120917,273758258,492287240,https://inaturalist-open-data.s3.amazonaws.com/photos/492287240/large.jpeg,cc-by-nc,"(c) Shilpa Gadgil, some rights reserved (CC BY-NC)",21.0236297116,75.557762386,182.0,2025-04-26,6793845,shilpagadgil,4fb342074ad90e6186f3dc16675448eda9904630e1601537f81ffdd97a89f2a6,56,Calotropis procera
Calotropis procera,120917,322050041,582516041,https://inaturalist-open-data.s3.amazonaws.com/photos/582516041/large.jpg,cc-by-nc,"(c) Steve Parr, some rights reserved (CC BY-NC)",24.8403774377,55.2507362627,2294.0,2014-07-19,9621929,steveparr,4a5dbfaf0cde634d3e38a583ff38de749fd72f833e2f07e02b524cde455f5074,57,Calotropis procera
Calotropis procera,120917,140802579,241075665,https://inaturalist-open-data.s3.amazonaws.com/photos/241075665/large.jpg,cc-by-nc,"(c) Caian Pelles, some rights reserved (CC BY-NC)",-3.7247116667,-38.4944383333,4.0,2022-10-31,2688893,caianp,8c9b40e6a9cbf46faf20cf4f1459761f4d1f4717f1b00d0d2e634e3dcb8b19a3,58,Calotropis procera
Calotropis procera,120917,129777920,220596294,https://inaturalist-open-data.s3.amazonaws.com/photos/220596294/large.jpg,cc-by-nc,"(c) marmaa, some rights reserved (CC BY-NC)",12.3504966667,-69.1515805,7.0,2022-08-06,6000641,marmaa,8fd69d97246948d7bc9cd2f39db1e0f758e826d6712c8eae878970c6d5b89f0d,59,Calotropis procera
Calotropis procera,120917,268570860,482772159,https://inaturalist-open-data.s3.amazonaws.com/photos/482772159/large.jpg,cc-by-nc,"(c) Tausif Ahmad, some rights reserved (CC BY-NC)",30.0346124977,72.3394989884,49.0,2025-04-04,8518205,tausifahmad,525b984fce004914364adeaa205cdd39bbdb62450ac7efbf38d8093d82833a13,60,Calotropis procera
Ruellia simplex,126633,256465952,459838183,https://inaturalist-open-data.s3.amazonaws.com/photos/459838183/large.jpeg,cc-by-nc,"(c) Greg keighery, some rights reserved (CC BY-NC)",-31.9519694444,115.8181083333,5.0,2024-03-12,8749822,bronwenk,3887e4a727d2da6e541ff27e4300842b0095f5128041c0e0c95fcab3329498de,1,Ruellia simplex
Ruellia simplex,126633,135517549,231148156,https://inaturalist-open-data.s3.amazonaws.com/photos/231148156/large.jpg,cc-by-nc,"(c) kathymac58, some rights reserved (CC BY-NC)",38.3203374362,-75.2072569449,5.0,2022-09-18,4774570,kathymac58,d61ecc60e6f9f596025f2a9870c86ba1b47240f86266b6d35fa8e87fa1e4f04b,2,Ruellia simplex
Ruellia simplex,126633,245933224,438947779,https://inaturalist-open-data.s3.amazonaws.com/photos/438947779/large.jpeg,cc-by-nc,"(c) ipurc, some rights reserved (CC BY-NC)",25.0581927,55.29617463,6.0,2024-10-06,8653051,ipurc,aae5b49b1ec610f99fa343e27548572d40e7f7667651b45976d62310a82a41d6,3,Ruellia simplex
Ruellia simplex,126633,65037562,104649440,https://inaturalist-open-data.s3.amazonaws.com/photos/104649440/large.jpg,cc-by-nc,"(c) ferbz, some rights reserved (CC BY-NC)",-34.6391408351,-58.4917008775,87.0,2020-11-16,1660295,ferbz,ab1b37a024312d90079595acc6b04ffec571bc3db4a4fd004cbf67c8cc8b70e0,4,Ruellia simplex
Ruellia simplex,126633,302786350,545714119,https://inaturalist-open-data.s3.amazonaws.com/photos/545714119/large.jpg,cc-by-nc,"(c) JIN Pin-Tsen, some rights reserved (CC BY-NC)",26.7120013759,128.0158572125,11.0,2025-08-01,5043304,islander_iskander,2de55996aca87d09399739bcbaac71396b9c746d5a19f1ecc8f5713b3262d92f,5,Ruellia simplex
Ruellia simplex,126633,255089192,457061812,https://inaturalist-open-data.s3.amazonaws.com/photos/457061812/large.jpeg,cc-by,"(c) Guillaume Delaitre, some rights reserved (CC BY)",4.9321322233,-52.3062495142,45.0,2024-12-14,3209456,guillaume_delaitre,9cb37c9d80ed09f9a1ae46236c6596456467cf16ce22fa250c497ada37c2259e,6,Ruellia simplex
Ruellia simplex,126633,317174712,573109319,https://inaturalist-open-data.s3.amazonaws.com/photos/573109319/large.jpg,cc-by-nc,"(c) Panita K, some rights reserved (CC BY-NC)",8.1220082564,98.6244962364,1096.0,2025-09-28,9257005,spa12021panita,f881071754ce22197017812bf9f06e3c3a41053938b66a1439ff2adebe9e2a2a,7,Ruellia simplex
Ruellia simplex,126633,191946506,336854372,https://inaturalist-open-data.s3.amazonaws.com/photos/336854372/large.jpg,cc-by-nc,"(c) E. A. Mayer, some rights reserved (CC BY-NC)",24.1176249773,-110.3130223231,3.0,2023-11-24,4475952,hf-bcs,7167b02f2cb804acbc7f9945f21f0c05aab4eb7e0c9726234c2e314e0322441c,8,Ruellia simplex
Ruellia simplex,126633,80466852,131889010,https://inaturalist-open-data.s3.amazonaws.com/photos/131889010/large.jpeg,cc-by-nc,"(c) Scott W. Gavins, some rights reserved (CC BY-NC)",-25.5304433718,152.6853572067,20.0,2020-02-11,1774496,scottwgavins,61bd09d90dac56ae3060ffb57ea0fef2fd6aad982fef37ece733fbb81e165c6b,9,Ruellia simplex
Ruellia simplex,126633,48732878,77339750,https://inaturalist-open-data.s3.amazonaws.com/photos/77339750/large.png,cc-by-nc,"(c) katiuska19, some rights reserved (CC BY-NC)",8.5083258222,-82.4218248154,4.0,2020-06-05,1493572,katiuska19,ef1c824c3efef44b798626030d7a8baf8931d58f93ef15c89714a6ef020839e1,10,Ruellia simplex
Ruellia simplex,126633,19677202,30307032,https://inaturalist-open-data.s3.amazonaws.com/photos/30307032/large.jpeg,cc-by-nc-sa,"(c) Carleandro de Souza Dias, some rights reserved (CC BY-NC-SA)",-13.0632240465,-41.106598936,79.0,2019-01-16,1417833,carleandro,49ece7b336c4b547d31fa305cc2eee5a5eafdfb9e8e7dafc89b19234ca20dea2,11,Ruellia simplex
Ruellia simplex,126633,274637378,493684082,https://inaturalist-open-data.s3.amazonaws.com/photos/493684082/large.jpeg,cc-by-nc,"(c) Sheila Soliz guaji, some rights reserved (CC BY-NC)",-14.8462139344,-64.9073109439,6.0,2025-04-27,9099624,clubtzedekasheila-soliz09,32db3d3a6827df45d0b1b3e0dae5cf74baa0af63b3bbce54778a80bf10b271fb,12,Ruellia simplex
Ruellia simplex,126633,190381624,333727855,https://inaturalist-open-data.s3.amazonaws.com/photos/333727855/large.jpeg,cc-by-nc,"(c) ryuzaki_1729, some rights reserved (CC BY-NC)",28.6887182578,77.2103644162,5.0,2023-10-17,6394575,ryuzaki_1729,c55c39cee6d8de909c06a7d036426810c1b23374c6d5f8dc1dcb128f80f34f87,13,Ruellia simplex
Ruellia simplex,126633,320316661,579124719,https://inaturalist-open-data.s3.amazonaws.com/photos/579124719/large.jpg,cc-by-nc,"(c) Andini Listiyanti, some rights reserved (CC BY-NC)",-7.0099733333,110.439405,8.0,2025-10-12,9779598,andini_ayu,e15406d79417c44b02650ae8317097ff5eb5674fab27a005b340e1ae6740c03f,14,Ruellia simplex
Ruellia simplex,126633,264979807,475880023,https://inaturalist-open-data.s3.amazonaws.com/photos/475880023/large.jpg,cc-by-nc,"(c) daniella_maldonado, some rights reserved (CC BY-NC)",18.4274170857,-66.0664934161,33.0,2025-03-11,8994952,daniella_maldonado,9caf471c2da57594cf280b5b902ded4c798ca797fee7362ae21b3090a86ffcc1,15,Ruellia simplex
Ruellia simplex,126633,292011314,525445593,https://inaturalist-open-data.s3.amazonaws.com/photos/525445593/large.jpg,cc-by-nc,"(c) Udhaya Raj, some rights reserved (CC BY-NC)",13.0505140001,80.2514768019,16.0,2025-06-22,9028784,udhaya1,ef71f186d21114cf3e1c1c19d8f7cd98b4927c6dd638563bd1bd7552091ae0cb,16,Ruellia simplex
Ruellia simplex,126633,300919109,542225051,https://inaturalist-open-data.s3.amazonaws.com/photos/542225051/large.jpg,cc-by,"(c) Jana Winberg, some rights reserved (CC BY)",30.4131334057,-94.2198131606,12.0,2025-07-25,56487,janawinberg,549b2992901f56a44f052bd2781590242e663c08f9bab114f33993edd288e2a3,17,Ruellia simplex
Ruellia simplex,126633,380268689,695685618,https://inaturalist-open-data.s3.amazonaws.com/photos/695685618/large.jpg,cc-by,"(c) Gabriel, some rights reserved (CC BY)",12.7402866667,124.0847083333,29.0,2026-07-10,9048013,miqeri,63c9923bc6912b1c7fd35eb704df8f80a48ae84ffef352df2480664b1b442dbd,18,Ruellia simplex
Ruellia simplex,126633,24383161,37702404,https://inaturalist-open-data.s3.amazonaws.com/photos/37702404/large.jpg,cc-by-nc,"(c) Leanette Castellanos, some rights reserved (CC BY-NC)",25.1528670179,-80.3874827039,4.0,2019-05-02,1658338,leanette1,b3edf19cb3a776b8ba7d28136a90fbf0e82c8a66c15737052783a3cbde33f386,19,Ruellia simplex
Ruellia simplex,126633,132127731,224941232,https://inaturalist-open-data.s3.amazonaws.com/photos/224941232/large.jpeg,cc-by-nc,"(c) pollenlegend, some rights reserved (CC BY-NC)",22.3317635086,114.2462438476,31.0,2022-08-24,5567047,pollenlegend,5bec7f8c89a92d20b053f62eae399cf4b23e1ca68b9a4f20560a4ef0ec7711ce,20,Ruellia simplex
Ruellia simplex,126633,22608424,35029127,https://inaturalist-open-data.s3.amazonaws.com/photos/35029127/large.jpeg,cc-by-nc,"(c) Jorge santos, some rights reserved (CC BY-NC)",18.4066440258,-93.214907879,14.0,2019-04-17,1607683,murdo_santos,538f6e2355dac1182f26e093f33e65e2b90750f8ce2b2ffb71225c27a5baf5b5,21,Ruellia simplex
Ruellia simplex,126633,36403891,57541310,https://inaturalist-open-data.s3.amazonaws.com/photos/57541310/large.jpg,cc-by-nc,"(c) onidiras-iNaturalist, some rights reserved (CC BY-NC)",19.8869432056,102.1339190005,1088.0,2017-01-03,2027679,onidiras,8bb41a91aaa96d0a3c856d2a287d67d4bab50a8031d9bdafc1fc95c7ec2bb20f,22,Ruellia simplex
Ruellia simplex,126633,74646105,122024771,https://inaturalist-open-data.s3.amazonaws.com/photos/122024771/large.jpg,cc0,no rights reserved,-20.4765151184,-54.5801572812,15.0,2021-04-20,1930242,ninawenoli,acb131f917118bab6e26d70c878547d021bb535288187d58c8bfd5822ee07ffe,23,Ruellia simplex
Ruellia simplex,126633,246945042,440948220,https://inaturalist-open-data.s3.amazonaws.com/photos/440948220/large.jpg,cc-by-nc,"(c) Vinícius, some rights reserved (CC BY-NC)",-2.7631698105,-42.282256636,15.0,2024-10-10,6915260,vinicius_damasceno,b83e31e1313f8a0a1ab442cfcccdeab068e85ad8b6a065f15396595d37af6e98,24,Ruellia simplex
Ruellia simplex,126633,309482483,558473631,https://inaturalist-open-data.s3.amazonaws.com/photos/558473631/large.jpg,cc-by-nc,"(c) AlmndButtrToast, some rights reserved (CC BY-NC)",-0.572355,-80.0447528333,17.0,2025-06-19,6080507,almndbuttrtoast,215d53e4c9adb4db2c07dde8d5c10798db102ad6ac3cbb38343415fdbeca3699,25,Ruellia simplex
Ruellia simplex,126633,208601559,369090217,https://inaturalist-open-data.s3.amazonaws.com/photos/369090217/large.jpeg,cc-by-nc,"(c) bettinadungs, some rights reserved (CC BY-NC)",-22.3100763,-42.4970617,204.0,2023-12-11,3817905,bettinadungs,fdc144d8bd327ec5e9b8f5ecb0531a26418e72009a75ab55a9d0cae97aef31d3,26,Ruellia simplex
Ruellia simplex,126633,336581438,611671083,https://inaturalist-open-data.s3.amazonaws.com/photos/611671083/large.jpg,cc-by-nc,"(c) LT01DL, some rights reserved (CC BY-NC)",32.4043336175,-106.8012813497,55.0,2025-06-02,10075739,lt01dl,1dfaba8cdd67518546acb4825042e487e6dc5592dd2a526c7afb2189f0fcbfa3,27,Ruellia simplex
Ruellia simplex,126633,251209749,449443076,https://inaturalist-open-data.s3.amazonaws.com/photos/449443076/large.jpeg,cc-by-nc,"(c) Elena S., some rights reserved (CC BY-NC)",33.8095116667,-84.44792,1.0,2024-11-10,8055358,elenata,8089bfbcfcddfeb89bc81956c065268c9c31f87a2a873fb880b90f3fa3e989de,28,Ruellia simplex
Ruellia simplex,126633,286045595,514190522,https://inaturalist-open-data.s3.amazonaws.com/photos/514190522/large.jpg,cc-by-nc,"(c) Jonas Franke Raupp, some rights reserved (CC BY-NC)",-27.0916106232,-48.923628889,14.0,2025-06-01,8100987,frankeraupp,24bad8ba34e2922cf91ce41f3e0cf105b251447fd7c86153449379129d7930b0,29,Ruellia simplex
Ruellia simplex,126633,159347983,275307914,https://inaturalist-open-data.s3.amazonaws.com/photos/275307914/large.jpeg,cc-by,"(c) nasua, some rights reserved (CC BY)",19.1202866885,-104.3773393705,16.0,2023-05-01,16911,nasua,5975a3f74dfbf9d1643c2274ec0b607238ec52a394eb67860e749c4decfbb41b,30,Ruellia simplex
Ruellia simplex,126633,247156653,441364770,https://inaturalist-open-data.s3.amazonaws.com/photos/441364770/large.jpeg,cc-by-nc,"(c) Fernanda, some rights reserved (CC BY-NC)",25.2331265082,-100.0417396054,5.0,2024-10-13,8668698,fernandaespinozaa,7e975ef74b453cf6202319d8e5384904a54b990ba27aedb1e809b667d21c4e01,31,Ruellia simplex
Ruellia simplex,126633,77057855,126016229,https://inaturalist-open-data.s3.amazonaws.com/photos/126016229/large.jpeg,cc-by-nc,"(c) João Víctor, some rights reserved (CC BY-NC)",-15.8256988234,-47.9764208251,4.0,2021-05-03,4187166,jvcruz,3595b4a68e08f0bdb7f15eceee38d3ca73d9b5338a187ceb7c0965757294d0e5,32,Ruellia simplex
Ruellia simplex,126633,344084505,626895498,https://inaturalist-open-data.s3.amazonaws.com/photos/626895498/large.jpg,cc-by-nc,"(c) pes_c515, some rights reserved (CC BY-NC)",21.7727133333,-72.2113033333,8.0,2026-03-20,3199540,pes_c515,387b02b58483ee8fc0881d817aa7e7f8d12a9bbe1964948aaf90df9be04b0ed2,33,Ruellia simplex
Ruellia simplex,126633,126071078,213867696,https://inaturalist-open-data.s3.amazonaws.com/photos/213867696/large.jpg,cc-by-nc,"(c) alfcast, some rights reserved (CC BY-NC)",21.1590638333,-86.8038633333,4.0,2022-07-12,5575295,alfcast,c4d5ccb8e1cc5e7275fa72b225cf01fd7fb812992efc8a0019d81ca076d1f309,34,Ruellia simplex
Ruellia simplex,126633,331026345,600414215,https://inaturalist-open-data.s3.amazonaws.com/photos/600414215/large.jpg,cc-by-nc,"(c) 歐陽秀華, some rights reserved (CC BY-NC)",24.493075,120.6818583333,3.0,2025-12-17,1730676,sh1025,6f4d26caa82ced25df8a082abd68de3aebcfbc3ed5bc062e84fab4344df2c763,35,Ruellia simplex
Ruellia simplex,126633,304210921,548388745,https://inaturalist-open-data.s3.amazonaws.com/photos/548388745/large.jpg,cc-by-nc,"(c) maggda, some rights reserved (CC BY-NC)",12.1717224121,-86.762840271,15.0,2025-08-06,4089902,maggda,d1ed561d728a7165e391228e824bbe6ab1bf189f5ddc5552aa08dd3aeca0a5aa,36,Ruellia simplex
Ruellia simplex,126633,373474544,682388209,https://inaturalist-open-data.s3.amazonaws.com/photos/682388209/large.jpg,cc-by-nc,"(c) Homo paraguayensis, some rights reserved (CC BY-NC)",-25.263125,-57.5382388889,3.0,2025-10-09,9959338,raulrivarola,16770ef9c888c702587617856f017e2da7bbe9ba8a75e3dad4831c48a7400590,37,Ruellia simplex
Ruellia simplex,126633,166038098,287488683,https://inaturalist-open-data.s3.amazonaws.com/photos/287488683/large.jpeg,cc-by-nc,"(c) R.M, some rights reserved (CC BY-NC)",-21.1245334722,149.1724387393,4.0,2021-01-01,6294062,alx4mtmel,bdaf5b45a950186fa0ec2f0e58ec00705a679d0f51be88bd3759049daf2dfb6f,38,Ruellia simplex
Ruellia simplex,126633,163050209,281972315,https://inaturalist-open-data.s3.amazonaws.com/photos/281972315/large.jpeg,cc-by-nc,"(c) Cesar Manrique, some rights reserved (CC BY-NC)",19.4265901526,-99.1824616541,260.0,2023-05-20,6054646,cesar583,abccb500274d7a6d91aa6f6991256513793ecc1e80e7af14f5c190ea6a34f692,39,Ruellia simplex
Ruellia simplex,126633,23163772,35901052,https://inaturalist-open-data.s3.amazonaws.com/photos/35901052/large.jpeg,cc-by-nc,"(c) Francisco Valdes Perezgasga, some rights reserved (CC BY-NC)",29.0970959636,-111.0233907028,5.0,2019-04-26,17056,fvaldesp,9bcba099002d33f27ea6e16eb780a059ae6e2d345647f56f5fc79f010d611033,40,Ruellia simplex
Ruellia simplex,126633,243355006,433928572,https://inaturalist-open-data.s3.amazonaws.com/photos/433928572/large.jpeg,cc-by-nc,"(c) hanraile, some rights reserved (CC BY-NC)",33.8326246525,-78.6382824742,4.0,2024-09-22,4904981,hanraile,bfa7e6f419980dced4cfa7a465aca0b93406c9781cc54465e7b772502a9f173a,41,Ruellia simplex
Ruellia simplex,126633,129441142,219971973,https://inaturalist-open-data.s3.amazonaws.com/photos/219971973/large.jpg,cc-by-nc,"(c) mstelljes, some rights reserved (CC BY-NC)",30.3922633333,-88.7770616667,9.0,2022-08-04,2090599,mstelljes,f36fe39c5765552e08a41d3b39cae5f2aa5355705af9586da46e1027cc75fdd9,42,Ruellia simplex
Ruellia simplex,126633,247004697,441057534,https://inaturalist-open-data.s3.amazonaws.com/photos/441057534/large.jpeg,cc-by-nc,"(c) Larry Swift, some rights reserved (CC BY-NC)",29.7297972222,-100.9610666667,63.0,2024-10-06,25068,lswift,0ffd5d77ca8832e4b5db8b4fc5699b5d495f15cd85aa469387fe987a6c61e00c,43,Ruellia simplex
Ruellia simplex,126633,171517505,297637051,https://inaturalist-open-data.s3.amazonaws.com/photos/297637051/large.jpeg,cc-by-nc,"(c) Robert Simons, some rights reserved (CC BY-NC)",29.6350468761,-82.3387209909,8.0,2019-10-23,2070597,simonsr35,9da34a33cd5e30727be149ae8f26eef5f73ca756202371dbd8e0972b6dff5cd6,44,Ruellia simplex
Ruellia simplex,126633,372508724,680695276,https://inaturalist-open-data.s3.amazonaws.com/photos/680695276/large.jpg,cc-by,"(c) Ken Clark, some rights reserved (CC BY)",34.4965860346,-93.0495859957,2.0,2026-06-15,1767753,peliken,3480530ff731ceb5e116f9d3128969195ab81d543097c979c4c5a9fff025b155,45,Ruellia simplex
Ruellia simplex,126633,19432383,29893950,https://inaturalist-open-data.s3.amazonaws.com/photos/29893950/large.jpg,cc-by-nc,"(c) Antonio Vega Páez, some rights reserved (CC BY-NC)",14.8616616667,-90.0730278333,6.0,2019-01-04,423233,vegapaez,22652a815119fbcc920742d1855bf42d62919d1d826ec9a80db9c8d2094befb2,46,Ruellia simplex
Ruellia simplex,126633,271036144,487498483,https://inaturalist-open-data.s3.amazonaws.com/photos/487498483/large.jpg,cc-by-nc,"(c) namyen, some rights reserved (CC BY-NC)",17.8079416667,98.3662116667,11.0,2024-07-05,9034863,namyen,3b2fabef7f34f4aa3052305c7b7e9467db1e88314ecf4085374ade289f270651,47,Ruellia simplex
Ruellia simplex,126633,313444208,566036563,https://inaturalist-open-data.s3.amazonaws.com/photos/566036563/large.jpg,cc-by-nc,"(c) Ludwika L. Arias🌿, some rights reserved (CC BY-NC)",23.2157083333,-106.4066,15.0,2025-09-11,9065861,ludwikaarias,8fb8c03cb24a00b161d641ea4df99f63e398b4178b206f25e2c1c3b9cddc5cc5,48,Ruellia simplex
Ruellia simplex,126633,34671807,54594968,https://inaturalist-open-data.s3.amazonaws.com/photos/54594968/large.jpg,cc-by-nc,"(c) Kathryn Wells, some rights reserved (CC BY-NC)",33.213075,-97.13623883,5.0,2019-10-15,701556,kathrynwells333,ddf5595d100bf6ec094a4462b95d5fcda741a95d00aeccc72a06c4fb6b3ae90b,49,Ruellia simplex
Ruellia simplex,126633,367031557,670242837,https://inaturalist-open-data.s3.amazonaws.com/photos/670242837/large.jpg,cc-by-nc,"(c) Sophia Charlize Perez, some rights reserved (CC BY-NC)",14.6378117357,121.0780158672,21.0,2025-10-16,9729158,your_little_charlie,dddee0e911d08f48f4c91dbe4477a0936cb5f08c9d20ae2655fff23419be9303,50,Ruellia simplex
Ruellia simplex,126633,114823360,193850888,https://inaturalist-open-data.s3.amazonaws.com/photos/193850888/large.jpeg,cc-by-nc,"(c) borges29, some rights reserved (CC BY-NC)",9.0384882745,-79.4648211077,32.0,2022-05-02,5606841,borges29,91d4fc78add3cadfc6dc0db3dc5c6a273414f10aa9f1431cbef6ab00497e40f3,51,Ruellia simplex
Ruellia simplex,126633,318688458,575999442,https://inaturalist-open-data.s3.amazonaws.com/photos/575999442/large.jpg,cc-by-nc,"(c) jerv2409, some rights reserved (CC BY-NC)",36.66457348,-79.41566756,10.0,2025-10-04,8662310,jerv2409,f7124b34d9b3456f733485c64b20dee617b3597d7b9150dff3b275fbc4052995,52,Ruellia simplex
Ruellia simplex,126633,60565233,96855731,https://inaturalist-open-data.s3.amazonaws.com/photos/96855731/large.jpg,cc-by-nc,"(c) jsardell, some rights reserved (CC BY-NC)",30.31064332,-97.7240541951,5.0,2020-09-23,3623410,jsardell,9a1a452ad7dae246450c8f9c8f0a584ec8efcd0c649ef568fe049880a50db0bb,53,Ruellia simplex
Ruellia simplex,126633,269786763,485120833,https://inaturalist-open-data.s3.amazonaws.com/photos/485120833/large.jpeg,cc-by-nc,"(c) Nathalie Nunes, some rights reserved (CC BY-NC)",-19.9826703,-44.0255519,44.0,2025-04-11,9109583,nathalie42129,331667fd07c06baf491a93fe21dfebc5ec18098232f8be220f09015afb7a0025,54,Ruellia simplex
Ruellia simplex,126633,264325629,474768694,https://inaturalist-open-data.s3.amazonaws.com/photos/474768694/large.jpg,cc-by-nc,"(c) carolyncw, some rights reserved (CC BY-NC)",23.1386262561,-82.3753508028,3528.0,2025-03-03,2881792,carolyncw,e4acc80710432fbe15e307d44a62993fd1143c0f69000edc2b448be3d492cf37,55,Ruellia simplex
Ruellia simplex,126633,224868043,398605935,https://inaturalist-open-data.s3.amazonaws.com/photos/398605935/large.jpeg,cc-by-nc,"(c) Jonas Franke Raupp, some rights reserved (CC BY-NC)",-25.5847400908,-54.5823821425,8.0,2024-06-24,8100987,frankeraupp,75170f59f5579b736a95425143c96ac13b35d1e8f15eb38dce7975dcc1b15649,56,Ruellia simplex
Ruellia simplex,126633,268236609,482130235,https://inaturalist-open-data.s3.amazonaws.com/photos/482130235/large.jpeg,cc-by-nc,"(c) Departamento de Botánica del Jardín Botánico de Santiago, some rights reserved (CC BY-NC)",19.4968366667,-70.6992316667,5.0,2025-04-02,8403462,botanicajbs,016a157f2bbd92f77f8aaacb3fa32503bbfa2f70c662021abb68b5c19c76d022,57,Ruellia simplex
Ruellia simplex,126633,292375204,526135932,https://inaturalist-open-data.s3.amazonaws.com/photos/526135932/large.jpg,cc-by-nc,"(c) practamuin, some rights reserved (CC BY-NC)",22.0417867952,-98.8679495187,8.0,2025-05-26,1556586,practamuin,08f6a488d6175eeda4a724fbee55f6ada504dc33ba003c8c04228d906b6ae1aa,58,Ruellia simplex
Ruellia simplex,126633,227789976,404141225,https://inaturalist-open-data.s3.amazonaws.com/photos/404141225/large.jpg,cc-by-nc,"(c) Sam, some rights reserved (CC BY-NC)",31.9521833333,-81.0903083333,3.0,2024-07-04,4031590,sm356,6d8aa98919f1e95cd2f584349135c939283de541bb0cf615f008de0e849d1359,59,Ruellia simplex
Ruellia simplex,126633,131695845,224155606,https://inaturalist-open-data.s3.amazonaws.com/photos/224155606/large.jpg,cc0,no rights reserved,9.7779333333,-84.6255716667,10.0,2022-08-12,3188668,aparrot1,2f82c58764ca3e9251daef5e42812349d58676710af6aeaf0671e1b724c87f97,60,Ruellia simplex
Fritillaria camschatcensis,128770,291717917,524890729,https://inaturalist-open-data.s3.amazonaws.com/photos/524890729/large.jpg,cc-by-nc,"(c) 山添寛治, some rights reserved (CC BY-NC)",35.7915153028,137.8151756407,4.0,2025-06-22,9353267,zoe_jp,ceba23a03fcc0f723be2c6a5666eacad7d2fbb9b610cac2588094457699d09fc,1,Fritillaria camschatcensis
Fritillaria camschatcensis,128770,113578427,191875301,https://inaturalist-open-data.s3.amazonaws.com/photos/191875301/large.jpg,cc-by-nc,"(c) port_moody, some rights reserved (CC BY-NC)",49.2814658814,-122.8348964627,8.0,2022-04-29,5241515,port_moody,07eb6e6d94f644b936a9436d5816cde8e1c30b76ef7e96a862891d9996605d2a,2,Fritillaria camschatcensis
Fritillaria camschatcensis,128770,294029560,529207313,https://inaturalist-open-data.s3.amazonaws.com/photos/529207313/large.jpg,cc-by-nc,"(c) Дарья Кондакова, some rights reserved (CC BY-NC)",59.6151235819,150.4601887241,146.0,2025-06-30,7147170,naturalist87460,f5913f283c13cba0df7fc1e5ae5ff5dd787d97a8ab2b9f930e00b42c0803e80a,3,Fritillaria camschatcensis
Fritillaria camschatcensis,128770,124856137,211676414,https://inaturalist-open-data.s3.amazonaws.com/photos/211676414/large.jpg,cc-by-nc,"(c) Sungstress, some rights reserved (CC BY-NC)",62.8449833333,-150.678405,4.0,2022-07-02,3202806,emsung,8864b69fa73552836d46971b2fb749431b51e02de5e5013eb44b007336831f8f,4,Fritillaria camschatcensis
Fritillaria camschatcensis,128770,173889729,302034968,https://inaturalist-open-data.s3.amazonaws.com/photos/302034968/large.jpeg,cc-by-nc,"(c) rolandwirth, some rights reserved (CC BY-NC)",57.0393611111,-135.0792277778,1.0,2023-07-09,314317,rolandwirth,81a46ce9cbf7344b2a456ab8ecda861b5d4eeef860698cb5b0ef008ee1f132d3,5,Fritillaria camschatcensis
Fritillaria camschatcensis,128770,20385319,31479606,https://inaturalist-open-data.s3.amazonaws.com/photos/31479606/large.jpeg,cc-by-nc,"(c) V.S. Volkotrub, some rights reserved (CC BY-NC)",42.970395242,131.8600593453,1592.0,2017-06-12,1204740,vvolkotrub,45981643ef424f06c75978e7466acebcfbd573ba22b55153d2aaf5f02a643c2f,6,Fritillaria camschatcensis
Fritillaria camschatcensis,128770,123933695,210010368,https://inaturalist-open-data.s3.amazonaws.com/photos/210010368/large.jpeg,cc-by-nc,"(c) vadim_kirichenko, some rights reserved (CC BY-NC)",52.77808038,158.61698725,20.0,2022-06-29,1809814,vadim_kirichenko,5451c139827f64b7333bd3aa687aebb61a159451979cd4f71b6720af2f893653,7,Fritillaria camschatcensis
Fritillaria camschatcensis,128770,132033028,224798982,https://inaturalist-open-data.s3.amazonaws.com/photos/224798982/large.jpg,cc-by-nc,"(c) Hayden Page, some rights reserved (CC BY-NC)",57.6729452191,-153.6457003879,49.0,2022-06-14,5456331,haydenpage,1d1e8d09aef7b0dcdcd70e54b39844ea7caa9655847a193306ef7ea122e0e22d,8,Fritillaria camschatcensis
Fritillaria camschatcensis,128770,124983435,211908839,https://inaturalist-open-data.s3.amazonaws.com/photos/211908839/large.jpg,cc-by-nc,"(c) kerewinp, some rights reserved (CC BY-NC)",54.4576372251,-122.2656700398,4412.0,2022-07-05,3185297,kerewinp,2f7072f30b73a7dfd49e6f4769d247fbc22e7286ded3eb24c5ee82d376f4c833,9,Fritillaria camschatcensis
Fritillaria camschatcensis,128770,234524667,416940315,https://inaturalist-open-data.s3.amazonaws.com/photos/416940315/large.jpeg,cc-by-nc,"(c) riandel, some rights reserved (CC BY-NC)",52.80282288,-131.4832821617,9.0,2024-06-27,6822592,riandel,b3f850520921a5b0737986c7f1d0cfc8b58e89a8300862db45e6c3abc5ff7f8f,10,Fritillaria camschatcensis
Fritillaria camschatcensis,128770,123264552,208800154,https://inaturalist-open-data.s3.amazonaws.com/photos/208800154/large.jpg,cc-by-nc,"(c) flipwarn, some rights reserved (CC BY-NC)",60.5296583333,-145.3748633333,4.0,2022-06-23,5840453,flipwarn,d11e6294fe945be1bda6b486de6a4b212227e9de992ccdfbf3a9ac61cf62df8e,11,Fritillaria camschatcensis
Fritillaria camschatcensis,128770,59850280,95663365,https://inaturalist-open-data.s3.amazonaws.com/photos/95663365/large.jpeg,cc-by-nc,"(c) Luke Halpin, some rights reserved (CC BY-NC)",50.5125555556,-128.0304555556,5.0,2017-06-23,733691,lukehalpin,ec4d5d7868ddaf86b6ca219606b674445ec73fa8bcaf538b5f1125f13e4782f4,12,Fritillaria camschatcensis
Fritillaria camschatcensis,128770,230235019,408780854,https://inaturalist-open-data.s3.amazonaws.com/photos/408780854/large.jpg,cc-by-nc,"(c) John D Reynolds, some rights reserved (CC BY-NC)",59.92981,-136.799484,5.0,2024-07-10,459348,johndreynolds,2dfc0e0a49c063e14cd91bfc532a08c0549f6998f996dfd17e36094817ab890a,13,Fritillaria camschatcensis
Fritillaria camschatcensis,128770,42730082,67859717,https://inaturalist-open-data.s3.amazonaws.com/photos/67859717/large.jpeg,cc-by-nc,"(c) andytaggartsmith, some rights reserved (CC BY-NC)",55.9348447135,-129.9969778104,122.0,2017-06-20,1655484,andytaggartsmith,e0e064c915648661519f2fad8b5a8886fc297be3aa2fe1a95d9cb0b5630386db,14,Fritillaria camschatcensis
Fritillaria camschatcensis,128770,7013408,8990277,https://inaturalist-open-data.s3.amazonaws.com/photos/8990277/large.jpeg,cc-by,"(c) Matt Bowser, some rights reserved (CC BY)",60.0503362359,-151.6655516624,22.0,2017-07-07,46255,mbowser,092f4250a284f010a0097118f364850b0f71e9dc156efacf9050c1b13c708fd0,15,Fritillaria camschatcensis
Fritillaria camschatcensis,128770,396439808,727021775,https://inaturalist-open-data.s3.amazonaws.com/photos/727021775/large.jpg,cc-by-nc,"(c) Barb Lake, some rights reserved (CC BY-NC)",54.8615638889,-133.5413055556,4.0,2023-06-24,10970742,bar-el,b74b6eda7fa385ed0f0a8d67e1cd47934e3d417b04b9ffc59ae3c80bb8b4c6ca,16,Fritillaria camschatcensis
Fritillaria camschatcensis,128770,124004238,210137870,https://inaturalist-open-data.s3.amazonaws.com/photos/210137870/large.jpg,cc-by-nc,"(c) jamievod, some rights reserved (CC BY-NC)",54.7091344666,-127.0378193586,744.0,2022-06-23,5824123,jamievod,99ae201aa281ff52ce77467c24ab0f679b2386e07c1639daf8f632b404ea8d6b,17,Fritillaria camschatcensis
Fritillaria camschatcensis,128770,119778112,202517941,https://inaturalist-open-data.s3.amazonaws.com/photos/202517941/large.jpeg,cc-by-nc,"(c) gws99, some rights reserved (CC BY-NC)",49.107170105,-125.8790206909,57.0,2022-05-31,5633642,gws99,d666eb9673d9b442dd47747d35e754831eb1a4e712bc51d0cd281f2cbecf4b55,18,Fritillaria camschatcensis
Fritillaria camschatcensis,128770,123589822,209380455,https://inaturalist-open-data.s3.amazonaws.com/photos/209380455/large.jpg,cc-by-nc,"(c) losleigh, some rights reserved (CC BY-NC)",52.566855,-128.509505,16.0,2022-06-25,1735438,losleigh,8fc0f760f19965fcd34733e2f33bac7f88db191d21485d030545faed435c0c7c,19,Fritillaria camschatcensis
Fritillaria camschatcensis,128770,373460071,682519983,https://inaturalist-open-data.s3.amazonaws.com/photos/682519983/large.jpg,cc-by-nc,"(c) Jenifer Shapland, some rights reserved (CC BY-NC)",58.662125,-134.9439383333,3.0,2026-06-19,1851241,jeniferak,419b517787b2f73b0ecba36bfeaecfe1cfa0c1fd6d74af4cd89ee91a43bf77d3,20,Fritillaria camschatcensis
Fritillaria camschatcensis,128770,289817040,521301134,https://inaturalist-open-data.s3.amazonaws.com/photos/521301134/large.jpg,cc-by-nc,"(c) abbytinsley, some rights reserved (CC BY-NC)",50.5751266248,-125.3021213354,113.0,2025-06-14,6275728,abbytinsley,a88c300c395933aa52055777eddd2cb4b39d7debad75d9f18e26950ad8ce3b1b,21,Fritillaria camschatcensis
Fritillaria camschatcensis,128770,170583736,295886948,https://inaturalist-open-data.s3.amazonaws.com/photos/295886948/large.jpg,cc-by-nc,"(c) Ariel Berg, some rights reserved (CC BY-NC)",61.1526671984,-149.6740393808,9.0,2023-07-01,4677072,ariel-berg,a737b831e81826d177428bef14d7d50a432696e7b9c530f50ad06f9fa88ced3b,22,Fritillaria camschatcensis
Fritillaria camschatcensis,128770,166540979,288412765,https://inaturalist-open-data.s3.amazonaws.com/photos/288412765/large.jpg,cc-by-nc,"(c) birdwatcher9, some rights reserved (CC BY-NC)",56.6709583333,-132.6754616667,2.0,2023-06-08,4355747,birdwatcher9,134773b9e416d59f14f6209aeb22a621cd1db481d00d1faf1f581fcdf323b85f,23,Fritillaria camschatcensis
Fritillaria camschatcensis,128770,67016304,108170281,https://inaturalist-open-data.s3.amazonaws.com/photos/108170281/large.jpeg,cc-by-nc,"(c) eacameron, some rights reserved (CC BY-NC)",54.154725,-131.6629944444,5.0,2019-07-03,1542376,eacameron,f052934736783f3e18ba13d724cbf0b7bbbe34c3e5025e4ff9ad7b79a3f4530f,24,Fritillaria camschatcensis
Fritillaria camschatcensis,128770,142273158,243890146,https://inaturalist-open-data.s3.amazonaws.com/photos/243890146/large.jpeg,cc-by-nc,"(c) Светлана Мещерягина, some rights reserved (CC BY-NC)",53.003535,156.701608,1.0,2022-06-21,2519747,swetlana_meshcheryagina,5b6cb802be5a2e77d3d57a62668fe420e5e36264dec9baebe663993cbd54e06c,25,Fritillaria camschatcensis
Fritillaria camschatcensis,128770,122723847,207817547,https://inaturalist-open-data.s3.amazonaws.com/photos/207817547/large.jpg,cc-by-nc,"(c) brokedownoffgrid, some rights reserved (CC BY-NC)",54.0473768578,-128.6651387005,40.0,2022-06-20,5836259,brokedownoffgrid,12b42c02fd092f6e86bb188f32dfa1c7861dd6689c7d90441e9dc02c1450f554,26,Fritillaria camschatcensis
Fritillaria camschatcensis,128770,249684559,446383533,https://inaturalist-open-data.s3.amazonaws.com/photos/446383533/large.jpeg,cc-by-nc,"(c) ghoude, some rights reserved (CC BY-NC)",60.01289445,-149.4115,7.0,2024-06-29,6662040,ghoude,93ec106d47f3efb5aaaac6176d10abe99d4b3843e70c08b1115e7e4e2bdc5365,27,Fritillaria camschatcensis
Fritillaria camschatcensis,128770,144276587,247591192,https://inaturalist-open-data.s3.amazonaws.com/photos/247591192/large.jpeg,cc-by-nc,"(c) Justin Dunning, some rights reserved (CC BY-NC)",48.5824277778,-124.3892222222,4.0,2022-06-03,4151600,pnwdunning,2111491cef56a722ab88bb17c16d65833190cd04ddda2436178ef8de0151cb52,28,Fritillaria camschatcensis
Fritillaria camschatcensis,128770,172287479,299070047,https://inaturalist-open-data.s3.amazonaws.com/photos/299070047/large.jpg,cc-by-nc,"(c) bernierae, some rights reserved (CC BY-NC)",55.4256517348,-131.6890084651,207.0,2023-06-03,5208667,bernierae,fe3c6921dfddd783a44e2c5d2b2ae9ea0003cdb0f3f715d7ed2e73f01badbca6,29,Fritillaria camschatcensis
Fritillaria camschatcensis,128770,313601014,566329944,https://inaturalist-open-data.s3.amazonaws.com/photos/566329944/large.jpg,cc-by-nc,"(c) Jack Bindernagel, some rights reserved (CC BY-NC)",51.645542,-128.147537,24.0,2025-05-31,2041339,jbindernagel,5910e8f7ea26431d2afa04b0cba578416cae82e0365ee0d3af8fccec182daac5,30,Fritillaria camschatcensis
Fritillaria camschatcensis,128770,126160773,214031182,https://inaturalist-open-data.s3.amazonaws.com/photos/214031182/large.jpeg,cc0,no rights reserved,53.695915,157.634048,1284.0,2022-07-11,3182997,svetlanarussia,104d42db7b3e479d8c552a48571888f81b4ee20cb089af7d7e5d12482bf63a8c,31,Fritillaria camschatcensis
Fritillaria camschatcensis,128770,82950279,136190743,https://inaturalist-open-data.s3.amazonaws.com/photos/136190743/large.jpg,cc-by-nc,"(c) berremk, some rights reserved (CC BY-NC)",60.7983296857,-148.0632682737,28.0,2021-06-13,4481710,berremk,62286ff04bb5c10106a216d69ad82a66720f5126bcb54d40428e3985ecc2788f,32,Fritillaria camschatcensis
Fritillaria camschatcensis,128770,167974244,291047497,https://inaturalist-open-data.s3.amazonaws.com/photos/291047497/large.jpg,cc-by-nc,"(c) bluespruceherbal, some rights reserved (CC BY-NC)",59.5021796164,-135.350804759,219.0,2023-06-17,7048471,bluespruceherbal,efdc5190578109e3a9f7f13147384ad2f58b4182b0115654e0dd8d7b804f0a09,33,Fritillaria camschatcensis
Fritillaria camschatcensis,128770,218411599,386482736,https://inaturalist-open-data.s3.amazonaws.com/photos/386482736/large.jpg,cc-by-nc,"(c) tgower, some rights reserved (CC BY-NC)",49.6830107155,-124.9792115531,6.0,2024-05-25,3297978,tgower,536aa0999e5d137fbb13df6665071480d64a09704f79d778b4861ad8dbd1980f,34,Fritillaria camschatcensis
Fritillaria camschatcensis,128770,83720599,137523795,https://inaturalist-open-data.s3.amazonaws.com/photos/137523795/large.jpg,cc-by-nc,"(c) anwygant, some rights reserved (CC BY-NC)",61.1381034978,-146.3297478517,31.0,2021-06-15,4587844,anwygant,c5049e1698456900f861edc5b4e2ff314ab6c04b23c85d17208fcfd6140cfc25,35,Fritillaria camschatcensis
Fritillaria camschatcensis,128770,229616254,407602486,https://inaturalist-open-data.s3.amazonaws.com/photos/407602486/large.jpeg,cc-by-nc,"(c) lydradcliffe, some rights reserved (CC BY-NC)",59.8659583333,-153.1252138333,4.0,2024-07-15,2100747,lydradcliffe,799cb51b4ef59d367c112266e576628fbdaefdba6a024e3f4b43855d0be21f19,36,Fritillaria camschatcensis
Fritillaria camschatcensis,128770,38068043,60448496,https://inaturalist-open-data.s3.amazonaws.com/photos/60448496/large.jpeg,cc-by-nc,"(c) Karen L. Johnson, some rights reserved (CC BY-NC)",57.7777555825,-135.1401786793,244.0,2012-06-26,390883,kljinsitka,fc059eeb6062a44a3f8da2471dca4b6bd5ed5c9ba5728a6dca9a27ebf6984a0c,37,Fritillaria camschatcensis
Fritillaria camschatcensis,128770,12747240,18467028,https://inaturalist-open-data.s3.amazonaws.com/photos/18467028/large.jpg,cc-by-nc,"(c) Nicole LaRoche, some rights reserved (CC BY-NC)",55.5779458074,-133.2906846659,8.0,2018-05-23,31602,nlaroche,cfacf8ffbd020f1f0c5a707a6423a2a942b698ddc49d96cadebc93c816064b96,38,Fritillaria camschatcensis
Fritillaria camschatcensis,128770,344181296,627085373,https://inaturalist-open-data.s3.amazonaws.com/photos/627085373/large.jpg,cc-by-nc,"(c) Grace Melchers, some rights reserved (CC BY-NC)",49.5850366667,-126.6812216667,8.0,2025-06-13,4001112,gmelchers,b0717edc9fa40477d22455549759be3365d29603e0303b92ecf737a40a3d9a64,39,Fritillaria camschatcensis
Fritillaria camschatcensis,128770,26943326,41869582,https://inaturalist-open-data.s3.amazonaws.com/photos/41869582/large.jpeg,cc-by-nc,"(c) belyykit, some rights reserved (CC BY-NC)",57.8363426,-152.35995817,4.0,2019-06-13,164735,belyykit,13c8185862bd4878620b2138fefff250cb62a9ed05f5775a7b8d70578ef98f9e,40,Fritillaria camschatcensis
Fritillaria camschatcensis,128770,129373903,219850563,https://inaturalist-open-data.s3.amazonaws.com/photos/219850563/large.jpg,cc-by-nc,"(c) Rebecca Twiss, some rights reserved (CC BY-NC)",61.7976533333,-149.1158305,15.0,2022-08-03,1507815,rebeccatwiss,716797606ba518acbb56d10f2fa5aafc6a932f517f62a45a1bb56c654556a577,41,Fritillaria camschatcensis
Fritillaria camschatcensis,128770,167146987,289521193,https://inaturalist-open-data.s3.amazonaws.com/photos/289521193/large.jpeg,cc-by-nc,"(c) Paul Norwood, some rights reserved (CC BY-NC)",56.28410433,-133.65567607,9.0,2023-06-10,25990,paul_norwood,78f97826f530ef0a3dd7a92d6516dd9cdf06e2de00fa8229e5922b38a89afa8d,42,Fritillaria camschatcensis
Fritillaria camschatcensis,128770,81741484,134088841,https://inaturalist-open-data.s3.amazonaws.com/photos/134088841/large.jpeg,cc0,no rights reserved,49.1323595529,-123.9080652849,37.0,2021-06-05,2495324,bradenjudson,90c8f0176e3a51a49b480ce2b96eba75b2a83c0274e5466be72936ce6b63343e,43,Fritillaria camschatcensis
Fritillaria camschatcensis,128770,27485747,42771928,https://inaturalist-open-data.s3.amazonaws.com/photos/42771928/large.jpg,cc-by-nc,"(c) Blaine T. Spellman, some rights reserved (CC BY-NC)",63.1201344987,-149.4646974499,4.0,2019-06-22,805156,blainespellman,1fdc474ddac5c0bb40655530e5b41ef3b19debd4e248c5935b9ec2a567f07f6c,44,Fritillaria camschatcensis
Fritillaria camschatcensis,128770,171421988,297456681,https://inaturalist-open-data.s3.amazonaws.com/photos/297456681/large.jpg,cc-by-nc,"(c) Kenai Peninsula Zone Terrestrial Team, some rights reserved (CC BY-NC)",60.5535913176,-149.5977712179,9.0,2023-06-25,5797081,cnf_kpz_terrestrial,67ab3bc2b4f553ec42711271aff4a06759692147c6dae691ba443952a15f8c41,45,Fritillaria camschatcensis
Fritillaria camschatcensis,128770,122443259,207312689,https://inaturalist-open-data.s3.amazonaws.com/photos/207312689/large.jpg,cc-by-nc,"(c) Boris Bolshakov, some rights reserved (CC BY-NC)",53.2779426572,158.4320831297,10.0,2022-06-19,1431994,borisbolshakov,edf556ad5f88252899564ff86c33aadd555134baca2871dc5059de04a5b9f321,46,Fritillaria camschatcensis
Fritillaria camschatcensis,128770,47592947,75489426,https://inaturalist-open-data.s3.amazonaws.com/photos/75489426/large.jpg,cc-by-sa,"(c) birdspaz, some rights reserved (CC BY-SA)",49.70171333,-123.16487217,8.0,2020-05-27,380446,birdspaz,0ffdffb24e997a2300683bc399e384e277cdff144f413000b354fc346dad6096,47,Fritillaria camschatcensis
Fritillaria camschatcensis,128770,51821953,82363875,https://inaturalist-open-data.s3.amazonaws.com/photos/82363875/large.jpg,cc-by-nc,"(c) rebeccabeth, some rights reserved (CC BY-NC)",58.3115068357,-134.3461496649,5.0,2020-07-03,3251126,rebeccabeth,74d32d7734adfb37f724d4aeae36e6df4b6e0ce42d4bf4714a963c65ad4fbcef,48,Fritillaria camschatcensis
Fritillaria camschatcensis,128770,60412218,96599837,https://inaturalist-open-data.s3.amazonaws.com/photos/96599837/large.jpg,cc0,no rights reserved,50.1181977147,-125.4056016131,567.0,2007-06-05,3550339,jeanpaulboerekamps,2b1e2720c6c99b670599b5830a9bb875767665a9c921292a2facd1fd8e74f5d8,49,Fritillaria camschatcensis
Fritillaria camschatcensis,128770,341427764,621549369,https://inaturalist-open-data.s3.amazonaws.com/photos/621549369/large.jpg,cc-by-nc,"(c) Michael G. Shepard, some rights reserved (CC BY-NC)",50.3738569439,-125.9504971593,50.0,2009-06-14,7593463,mgshepard,faa12197ebe26abcad4f0952585e436b00d6c69e4807cb10afb4b5ae7ebd0b92,50,Fritillaria camschatcensis
Fritillaria camschatcensis,128770,151187468,260822900,https://inaturalist-open-data.s3.amazonaws.com/photos/260822900/large.jpeg,cc-by-nc,"(c) M. Torre Jorgenson, some rights reserved (CC BY-NC)",60.3790342042,-148.1476611254,122.0,2005-06-03,735390,torrejorgenson,ffa433f7280d2283eb9d0f064e9f0009939dfc1187ef3ed070e58fdfcfc655bc,51,Fritillaria camschatcensis
Fritillaria camschatcensis,128770,297164095,535154351,https://inaturalist-open-data.s3.amazonaws.com/photos/535154351/large.jpg,cc-by-nc,"(c) rockybranch, some rights reserved (CC BY-NC)",59.6480855,-151.5299245,3638.0,2022-06-11,740848,rockybranch,f8e170c0f8decee3d0d34663093a461ff3c733bd8ac549e5f5b5808c681f0951,52,Fritillaria camschatcensis
Fritillaria camschatcensis,128770,87563741,144380745,https://inaturalist-open-data.s3.amazonaws.com/photos/144380745/large.jpg,cc-by-nc,"(c) andyeth32, some rights reserved (CC BY-NC)",60.381725,-151.3234866667,5.0,2021-07-11,1347027,andyeth32,45644d91b90d29e3c5ef81dab570005f47006cbcd3534124241981fd6f55f14a,53,Fritillaria camschatcensis
Fritillaria camschatcensis,128770,87521665,144309611,https://inaturalist-open-data.s3.amazonaws.com/photos/144309611/large.jpg,cc-by-nc,"(c) Andrey Bragin, some rights reserved (CC BY-NC)",53.0740445,157.9307866667,10.0,2021-07-18,3338249,andreybragin,be4c7543039d9a99212b419ef04bbbbf2ae12a312b8aa84d5902591bceb80275,54,Fritillaria camschatcensis
Fritillaria camschatcensis,128770,60932159,97451892,https://inaturalist-open-data.s3.amazonaws.com/photos/97451892/large.jpg,cc-by-nc,"(c) Jason Headley, some rights reserved (CC BY-NC)",50.776945,-128.4046333333,24.0,2020-06-28,499708,jasonheadley,d0a3d0ae5807d7a3f25ec118fc6553b912af45853cbe7eac9943d17fb1c92c7a,55,Fritillaria camschatcensis
Fritillaria camschatcensis,128770,125260437,212409342,https://inaturalist-open-data.s3.amazonaws.com/photos/212409342/large.jpeg,cc-by-nc,"(c) ckriedeman, some rights reserved (CC BY-NC)",59.75649882,-149.89473547,3.0,2022-07-07,5087337,ckriedeman,a73edf15a3dae08c2e4aa47a2d27f36ec3dd34c91ab670fc4deb2ebc54064df7,56,Fritillaria camschatcensis
Fritillaria camschatcensis,128770,375225339,685923842,https://inaturalist-open-data.s3.amazonaws.com/photos/685923842/large.jpg,cc-by-nc,"(c) swiftsoutdoors, some rights reserved (CC BY-NC)",57.438255,-135.1967466667,4.0,2026-06-24,3380016,swiftsoutdoors,570055709c7725c61d10edd417bc9360dd80b9e4652d1127165e5642c1601154,57,Fritillaria camschatcensis
Fritillaria camschatcensis,128770,85898511,141413652,https://inaturalist-open-data.s3.amazonaws.com/photos/141413652/large.jpg,cc-by-nc,"(c) Boris Bolshakov, some rights reserved (CC BY-NC)",53.0207139722,158.898038,10.0,2021-07-06,1431994,borisbolshakov,77987f4d03359a80e00dd7b176203ed19882fc37f33a8f9d2afdf57a1721365a,58,Fritillaria camschatcensis
Fritillaria camschatcensis,128770,137770518,235355797,https://inaturalist-open-data.s3.amazonaws.com/photos/235355797/large.jpeg,cc-by-nc,"(c) Finn McGhee, some rights reserved (CC BY-NC)",51.424824,-127.916237,20.0,2022-06-25,3761126,fmcghee,0af2ebf516328fc0fdebdd6f49041262d2158506c0b403fbf8a3653ef37258eb,59,Fritillaria camschatcensis
Fritillaria camschatcensis,128770,232434565,412942110,https://inaturalist-open-data.s3.amazonaws.com/photos/412942110/large.jpeg,cc-by,"(c) Allison Gray, some rights reserved (CC BY)",59.6805216667,-136.662705,6.0,2024-07-27,1024783,allisongray,8619897f76e400b84b11437e8776adbb58cf2ad7b8945e84ddcba408572c2cc1,60,Fritillaria camschatcensis
Saxifraga oppositifolia,128880,172641766,299728010,https://inaturalist-open-data.s3.amazonaws.com/photos/299728010/large.jpg,cc-by-nc,"(c) edgewalkers, some rights reserved (CC BY-NC)",49.1575583333,87.921775,4.0,2023-07-09,7024173,edgewalkers,981f41a2f9bbd62a7e1285bba93e8f57740e250ea9490f4659654fbe85c410e1,1,Saxifraga oppositifolia
Saxifraga oppositifolia,128880,178546287,310706861,https://inaturalist-open-data.s3.amazonaws.com/photos/310706861/large.jpg,cc-by-nc,"(c) emmajordan, some rights reserved (CC BY-NC)",44.9606533333,-109.6103366667,11.0,2023-07-18,5741155,emmajordan,ba7910cb97a5c47799abf91892272667c7fa92ac9bb3b2b12c03b319856a19ac,2,Saxifraga oppositifolia
Saxifraga oppositifolia,128880,84675901,139194328,https://inaturalist-open-data.s3.amazonaws.com/photos/139194328/large.jpeg,cc-by-nc,"(c) Ángel Argüelles, some rights reserved (CC BY-NC)",43.2094789037,-4.9690910181,55.0,2021-06-26,4360631,angelarg293,ee0e51ca73e3637019f90170ff0ec88dd5ee8fb8ae3ea54d770c9b8a592e4282,3,Saxifraga oppositifolia
Saxifraga oppositifolia,128880,292048540,525697677,https://inaturalist-open-data.s3.amazonaws.com/photos/525697677/large.jpg,cc-by-nc,"(c) mattgledhill, some rights reserved (CC BY-NC)",79.7967801787,18.5208313278,549.0,2025-06-23,7617167,mattgledhill,918921a9f90ba736394801af1f6e69e6a46e430b7552a4c4d8fd199c5ee72177,4,Saxifraga oppositifolia
Saxifraga oppositifolia,128880,29663040,46302960,https://inaturalist-open-data.s3.amazonaws.com/photos/46302960/large.jpg,cc-by-nc,"(c) Darrell Lawson, some rights reserved (CC BY-NC)",67.517620007,-156.8053033247,1953.0,2019-06-16,109874,dlawson,40d8de5b23a5056687456bb401bede2cd1fa346f92d15197c223f3234f1ec33f,5,Saxifraga oppositifolia
Saxifraga oppositifolia,128880,121491963,205585990,https://inaturalist-open-data.s3.amazonaws.com/photos/205585990/large.jpeg,cc-by,"(c) Samuelle Simard-Provençal, some rights reserved (CC BY)",63.7460401402,-68.5190657828,4524.0,2022-06-07,1181166,samuellesp_cwf,991c61e8807d8cb6e94d3b87756948d766891d6df30e43fe6a13ddb76d532d47,6,Saxifraga oppositifolia
Saxifraga oppositifolia,128880,41123946,65209323,https://inaturalist-open-data.s3.amazonaws.com/photos/65209323/large.jpeg,cc-by-nc,"(c) Игорь Поспелов, some rights reserved (CC BY-NC)",72.11698,110.49871,25.0,2008-06-25,1426686,taimyr,8acbe2f267d4e825e6bf70b6ecc1de4c3545c49b908a2e26ebf0554c783b18ac,7,Saxifraga oppositifolia
Saxifraga oppositifolia,128880,356593450,650301850,https://inaturalist-open-data.s3.amazonaws.com/photos/650301850/large.jpg,cc-by-nc,"(c) Claire Dutilleul, some rights reserved (CC BY-NC)",63.5325583333,-19.3645366667,5.0,2026-04-29,7115148,clairedut,6458c76efb5c30fc95e6da1e13ddd27bd67e0c26d53d4671b2c102424dfc46b8,8,Saxifraga oppositifolia
Saxifraga oppositifolia,128880,378404009,692068432,https://inaturalist-open-data.s3.amazonaws.com/photos/692068432/large.jpg,cc-by-nc,"(c) Anthony B. Zerafa, some rights reserved (CC BY-NC)",79.4185944444,-90.7369472222,6.0,2018-07-02,1494155,anthonyzerafa,fe6c014bb140e234b52849285b23f1325b3d5c5066c4bd024bf344da33e53032,9,Saxifraga oppositifolia
Saxifraga oppositifolia,128880,86380656,142295002,https://inaturalist-open-data.s3.amazonaws.com/photos/142295002/large.jpg,cc-by-nc,"(c) Alenka Mihoric, some rights reserved (CC BY-NC)",46.355133062,14.5351948944,31.0,2010-07-04,4183373,melica_slo,f04d23a79771dc37061ec752d22b91a3b0041d4052705e53db44ce310402ac78,10,Saxifraga oppositifolia
Saxifraga oppositifolia,128880,152402210,263075466,https://inaturalist-open-data.s3.amazonaws.com/photos/263075466/large.jpg,cc-by-nc,"(c) igor_yatsenko, some rights reserved (CC BY-NC)",69.8593248004,59.1750430371,122.0,2019-07-10,6559056,igor_yatsenko,bfa42c083ac3dc3318262585cc15b0d9b86cfefef04216147338b4ca9732591d,11,Saxifraga oppositifolia
Saxifraga oppositifolia,128880,125930950,213613013,https://inaturalist-open-data.s3.amazonaws.com/photos/213613013/large.jpeg,cc-by-nc,"(c) lydwin, some rights reserved (CC BY-NC)",66.0451214189,16.2559178578,488.0,2022-06-19,2550546,lydwin,a7d225170c6f931d7d6238e35af8101b8082b79c197579aea82751c233f58321,12,Saxifraga oppositifolia
Saxifraga oppositifolia,128880,118355347,199960906,https://inaturalist-open-data.s3.amazonaws.com/photos/199960906/large.jpg,cc-by-nc,"(c) Aaron Putnam, some rights reserved (CC BY-NC)",58.4347833333,-134.5563666667,4.0,2022-05-11,1633585,putnam04757,b6c1163847d3e52a6b5fc39fb89742b95f24f78b1af7786eb4ec48d6ee285369,13,Saxifraga oppositifolia
Saxifraga oppositifolia,128880,254828568,456534581,https://inaturalist-open-data.s3.amazonaws.com/photos/456534581/large.jpeg,cc-by-nc,"(c) Stephen Petersen, some rights reserved (CC BY-NC)",58.7605938003,-94.0867126875,100.0,2015-06-09,239769,stephenresearch,dd4dc3abd3230820efb51884d3a1c0436b5eda30eb19dc02ac272668c26d3b6f,14,Saxifraga oppositifolia
Saxifraga oppositifolia,128880,152748236,263725039,https://inaturalist-open-data.s3.amazonaws.com/photos/263725039/large.jpg,cc-by-nc,"(c) Jackson Bird, some rights reserved (CC BY-NC)",54.1532773354,-2.2487736579,186.0,2022-04-10,6610979,jackson-bird,290c95afedb365d28e7f110d48b66f802be2696c13fa104ffeafc7d4d12d65bd,15,Saxifraga oppositifolia
Saxifraga oppositifolia,128880,27699569,43125712,https://inaturalist-open-data.s3.amazonaws.com/photos/43125712/large.jpeg,cc-by-nc,"(c) Erin, some rights reserved (CC BY-NC)",69.1151235359,-105.429844223,526.0,2019-06-21,1818974,bryophyro,3cfc05948860dc74e837b63094423c73e74ea8527a30a2509459ee89130fd553,16,Saxifraga oppositifolia
Saxifraga oppositifolia,128880,292878452,527098713,https://inaturalist-open-data.s3.amazonaws.com/photos/527098713/large.jpg,cc-by-nc,"(c) chrisdejoie, some rights reserved (CC BY-NC)",71.1246721667,-51.2895666667,3.0,2025-06-26,6662633,chrisdejoie,c3b822d5bed84ac325819cdf75f7e5c61674c6093b497230278e0a70c37136c4,17,Saxifraga oppositifolia
Saxifraga oppositifolia,128880,286718199,515478255,https://inaturalist-open-data.s3.amazonaws.com/photos/515478255/large.jpg,cc-by-nc,"(c) brittaj, some rights reserved (CC BY-NC)",53.0601833333,-118.0125666667,3.0,2025-06-02,3150311,brittaj,91147a8770ac61a93e9fc22101a0d1e53aefc6754199eb9e30cbec1eb67ad618,18,Saxifraga oppositifolia
Saxifraga oppositifolia,128880,143194611,245549122,https://inaturalist-open-data.s3.amazonaws.com/photos/245549122/large.jpeg,cc-by-nc,"(c) Данилова Валерия, some rights reserved (CC BY-NC)",69.1871979772,35.7357768379,244.0,2022-06-21,1390832,valeriya_xoma,3b056847c178e16b1ca714d74155126efe33486a0866626251f38e602ce61afe,19,Saxifraga oppositifolia
Saxifraga oppositifolia,128880,169236817,293384683,https://inaturalist-open-data.s3.amazonaws.com/photos/293384683/large.jpg,cc-by-nc,"(c) mic71, some rights reserved (CC BY-NC)",76.7702466667,-18.6821333333,11.0,2023-06-24,2756018,mic71,e66cde17ca04cdd8ac1a2f023fda1bd87f716f2dbb5c458001c3150f611cfa33,20,Saxifraga oppositifolia
Saxifraga oppositifolia,128880,9154712,12379372,https://inaturalist-open-data.s3.amazonaws.com/photos/12379372/large.jpg,cc-by-nc,"(c) J. Burke Korol, some rights reserved (CC BY-NC)",54.9921913701,-82.2960948944,1000.0,2004-06-19,533871,burke_korol,b5efd3a64b01f83cf0bfd0757add4a1690980407a332f34b7fa4ca8a917ab69b,21,Saxifraga oppositifolia
Saxifraga oppositifolia,128880,252284677,451591578,https://inaturalist-open-data.s3.amazonaws.com/photos/451591578/large.jpeg,cc-by-nc,"(c) PC Smith, some rights reserved (CC BY-NC)",72.7000723185,-77.9484741037,445.0,2011-07-02,7548999,xoabird,e2ef152916331087e5c246b162461bc7eea4c1a0da3427103f221059f09d13f6,22,Saxifraga oppositifolia
Saxifraga oppositifolia,128880,80065226,131193603,https://inaturalist-open-data.s3.amazonaws.com/photos/131193603/large.jpg,cc-by-nc,"(c) sjfarmer, some rights reserved (CC BY-NC)",61.1366083333,-149.5477616667,5.0,2021-05-23,2580130,sjfarmer,8bcdc137b0d2fbcee38705b4d00d242f83ec70ed67b02f0f98a9ab8a1394065a,23,Saxifraga oppositifolia
Saxifraga oppositifolia,128880,116973245,197498260,https://inaturalist-open-data.s3.amazonaws.com/photos/197498260/large.jpeg,cc-by-nc,"(c) Rémy Poncet, some rights reserved (CC BY-NC)",44.173871,5.27740553,3.0,2022-05-14,1432654,rpo,9c012a9498f38ddcd0e542587b821a31ae6001854e2c8313cf3ed2ed7dc1f473,24,Saxifraga oppositifolia
Saxifraga oppositifolia,128880,59246603,94653394,https://inaturalist-open-data.s3.amazonaws.com/photos/94653394/large.jpg,cc-by,"(c) Olav Skarpaas, some rights reserved (CC BY)",60.60638333,7.54225833,4.0,2020-08-13,1886308,olavskarpaas,c7532877a153b26c5772463942f971e6521914fc986344f2f05c1928b1b185fa,25,Saxifraga oppositifolia
Saxifraga oppositifolia,128880,303072315,546236354,https://inaturalist-open-data.s3.amazonaws.com/photos/546236354/large.jpg,cc-by-nc,"(c) Artem, some rights reserved (CC BY-NC)",76.2205186367,62.5811119344,244.0,2025-07-16,1754235,artgit,833929f9947567c1b824789e313d1e80fb3d7eb60f262b6bd31ca58c0e30f982,26,Saxifraga oppositifolia
Saxifraga oppositifolia,128880,49865113,79170573,https://inaturalist-open-data.s3.amazonaws.com/photos/79170573/large.jpeg,cc-by-nc-sa,"(c) Logan McLeod, some rights reserved (CC BY-NC-SA)",64.5888217763,-138.2407287557,31.0,2020-06-06,1064006,lj_mcleod,c44d43db55a6627c24a938ad3fe592280bc637e5b832b9444337859377549391,27,Saxifraga oppositifolia
Saxifraga oppositifolia,128880,268408257,482459110,https://inaturalist-open-data.s3.amazonaws.com/photos/482459110/large.jpg,cc-by-nc,"(c) urd_1967, some rights reserved (CC BY-NC)",62.0430805,-6.9297833333,17.0,2025-04-03,5769423,urd_1967,f5daf5340bf93eba14a2b198c9a736b0b1c9ead2273b7797c8065215b4170975,28,Saxifraga oppositifolia
Saxifraga oppositifolia,128880,124469073,210972397,https://inaturalist-open-data.s3.amazonaws.com/photos/210972397/large.jpg,cc-by-nc,"(c) Tiffa Theden, some rights reserved (CC BY-NC)",47.4820466667,-120.823905,22.0,2022-07-02,622611,thrasherbird,bfda09b288721c42168c94fe0f4a700373ed4815df5b3074f3e7a05d0ccb0286,29,Saxifraga oppositifolia
Saxifraga oppositifolia,128880,380413023,695956860,https://inaturalist-open-data.s3.amazonaws.com/photos/695956860/large.jpg,cc-by-nc,"(c) Claire Dutilleul, some rights reserved (CC BY-NC)",76.75432,-69.7937083333,3.0,2026-07-10,7115148,clairedut,f2a471f5d75811788d5ef385f347d7c449c06f2ca9950031cb2af5c8452fdf7a,30,Saxifraga oppositifolia
Saxifraga oppositifolia,128880,162685305,281307956,https://inaturalist-open-data.s3.amazonaws.com/photos/281307956/large.jpeg,cc-by-nc,"(c) llloann, some rights reserved (CC BY-NC)",66.9200133294,-53.6171868304,371.0,2023-05-19,6368216,llloann,73f88f981b8925d290b03845e6fbdfd7a35f0b4e490233c16d6f43fd11ae0413,31,Saxifraga oppositifolia
Saxifraga oppositifolia,128880,9225681,248835386,https://inaturalist-open-data.s3.amazonaws.com/photos/248835386/large.jpg,cc-by-nc,"(c) J. Burke Korol, some rights reserved (CC BY-NC)",62.797642,-92.077532,300.0,1988-06-15,533871,burke_korol,067a9f3114cff910dd17cf5fd3aa12ebef92b05e99cd14bd65cb62d449b70dfc,32,Saxifraga oppositifolia
Saxifraga oppositifolia,128880,394200641,722645991,https://inaturalist-open-data.s3.amazonaws.com/photos/722645991/large.jpg,cc-by-nc,"(c) johncwoodman, some rights reserved (CC BY-NC)",72.810145,-91.9410383333,4.0,2026-08-24,10861484,johncwoodman,b24fc46d95569bf3e72b6aa930855f4bcb88ca0dfab576f5a76f6882411f29e2,33,Saxifraga oppositifolia
Saxifraga oppositifolia,128880,123397351,209035721,https://inaturalist-open-data.s3.amazonaws.com/photos/209035721/large.jpeg,cc-by-nc,"(c) bdpeek, some rights reserved (CC BY-NC)",70.48854781,-149.52667813,6.0,2022-06-25,5243578,bdpeek,451f782bc52c5568d5dda0e63099d7b924fe038e2f6ed2c8d6a8634e02b9b56a,34,Saxifraga oppositifolia
Saxifraga oppositifolia,128880,82107708,134733107,https://inaturalist-open-data.s3.amazonaws.com/photos/134733107/large.jpeg,cc-by-nc,"(c) JenniferL, some rights reserved (CC BY-NC)",49.5708961487,-115.1016998291,924.0,2021-06-06,3001735,jmlennon,423e642ba1b976c05f8538ea0ac14566fba1ae2e30d7825d35495cdfcb353e2b,35,Saxifraga oppositifolia
Saxifraga oppositifolia,128880,219374312,388287777,https://inaturalist-open-data.s3.amazonaws.com/photos/388287777/large.jpeg,cc-by-nc,"(c) jeclerencia, some rights reserved (CC BY-NC)",42.5687863381,0.395873934,3.0,2024-05-29,4569093,jeclerencia,68d39d7e9684a01923ecd89833757697cd9c8a2e8acf9b4c7e9ef48e5c1239b9,36,Saxifraga oppositifolia
Saxifraga oppositifolia,128880,27810427,43310136,https://inaturalist-open-data.s3.amazonaws.com/photos/43310136/large.jpg,cc-by-nc,"(c) Torsten Eriksson, some rights reserved (CC BY-NC)",69.6324098455,18.9947598701,12.0,2019-06-28,79677,torsten,11f2bc48771d292428e3c39c6da4caf62e26beef29c85fe04ba251e3b969a3e8,37,Saxifraga oppositifolia
Saxifraga oppositifolia,128880,91995457,152250287,https://inaturalist-open-data.s3.amazonaws.com/photos/152250287/large.jpg,cc-by-nc,"(c) René Stalder, some rights reserved (CC BY-NC)",46.9020383333,9.2281116667,7.0,2021-08-21,1436169,horticultix,9eda409bc6b8571d90940d697b4d02860dac16d9f0cc45d81453acde29e9d0a9,38,Saxifraga oppositifolia
Saxifraga oppositifolia,128880,8637638,11561396,https://inaturalist-open-data.s3.amazonaws.com/photos/11561396/large.jpg,cc-by-nc,"(c) Carl-Adam Wegenschimmel, some rights reserved (CC BY-NC)",60.8800155346,-138.6536407471,977.0,2009-06-02,641923,carl-adam,a8c4899a91bb2a9a45026e57aedcbffceaac3f0171c7b7afac74211e09e24141,39,Saxifraga oppositifolia
Saxifraga oppositifolia,128880,22184129,34347839,https://inaturalist-open-data.s3.amazonaws.com/photos/34347839/large.jpg,cc-by-nc,"(c) jdmason, some rights reserved (CC BY-NC)",63.678845,-145.8886866667,12.0,2019-04-07,251036,jdmason,92ff09b6630682a1a3c55ba40cb17088893d7c50607e985573f538640a1bd5f3,40,Saxifraga oppositifolia
Saxifraga oppositifolia,128880,103092589,172466958,https://inaturalist-open-data.s3.amazonaws.com/photos/172466958/large.jpeg,cc-by-nc,"(c) Sonia Paź-Dyderska, some rights reserved (CC BY-NC)",77.0119397133,15.5892578593,259.0,2021-09-03,4194859,soniapazdyderska,5129f55642bc9ad4096865926629bf38a884fe86ad11f392ab3a1b0e8e6a0867,41,Saxifraga oppositifolia
Saxifraga oppositifolia,128880,163463584,282727142,https://inaturalist-open-data.s3.amazonaws.com/photos/282727142/large.jpg,cc-by,"(c) jufox, some rights reserved (CC BY)",56.5448216667,-4.2214216667,4.0,2023-05-24,2788162,jufox,cbdba41ca9d81a13d669ccf10aaf4652425ea2c5593beaa2463c2295214fd0dc,42,Saxifraga oppositifolia
Saxifraga oppositifolia,128880,366815536,669816029,https://inaturalist-open-data.s3.amazonaws.com/photos/669816029/large.jpg,cc-by,"(c) Patrice Dupont, some rights reserved (CC BY)",65.8155883333,-16.3889166667,2.0,2026-05-30,6633440,patrice_dupont,6eccae20b4fbba580e5fc4ffe4f4b33750d754b65495ef5f55ebd6ea5d3a8861,43,Saxifraga oppositifolia
Saxifraga oppositifolia,128880,131524305,223834544,https://inaturalist-open-data.s3.amazonaws.com/photos/223834544/large.jpeg,cc-by-nc,"(c) Nicola Rammell, some rights reserved (CC BY-NC)",78.8706578148,-75.7786409547,1953.0,2022-06-14,1218315,nicolarammell,eef8e379802f8b2d93efd9fea58430a2a2248275e90efebd974e1a0c35d561e5,44,Saxifraga oppositifolia
Saxifraga oppositifolia,128880,124100118,210311753,https://inaturalist-open-data.s3.amazonaws.com/photos/210311753/large.jpeg,cc-by-nc,"(c) John Magne Grindeland, some rights reserved (CC BY-NC)",62.3285566082,9.653437145,8.0,2022-06-30,534826,jmgrinde,5fa5440dc2701f74adbdc7c4e0cc19be4d78d2d5bd1375ba3ce3126d81d6d3a3,45,Saxifraga oppositifolia
Saxifraga oppositifolia,128880,385418887,705590199,https://inaturalist-open-data.s3.amazonaws.com/photos/705590199/large.jpg,cc-by-nc,"(c) nadiafish, some rights reserved (CC BY-NC)",51.35315,-116.365075,3.0,2026-07-25,8375466,nadiafish,0fc1800d0021e5acd81773ad7e37dc049f69e7b4dd121ebefb1282229c7133c4,46,Saxifraga oppositifolia
Saxifraga oppositifolia,128880,122315415,207074164,https://inaturalist-open-data.s3.amazonaws.com/photos/207074164/large.jpeg,cc-by-nc,"(c) eugenio_101, some rights reserved (CC BY-NC)",45.5377891679,7.2367560662,168.0,2022-06-02,4305459,eugenio_101,304026b6dfb525091175b066b376d6f0642f297699136e22162dea7577169e04,47,Saxifraga oppositifolia
Saxifraga oppositifolia,128880,52511229,83480259,https://inaturalist-open-data.s3.amazonaws.com/photos/83480259/large.jpeg,cc-by-nc,"(c) aulax, some rights reserved (CC BY-NC)",46.5195437,12.0238433,1299.0,2020-07-09,264811,aulax,4f07070f2414cabccc3f0691a2dd18a719a7f4cba39cd9b963121edf0ab3457b,48,Saxifraga oppositifolia
Saxifraga oppositifolia,128880,98397778,163813228,https://inaturalist-open-data.s3.amazonaws.com/photos/163813228/large.jpg,cc0,no rights reserved,67.6208747525,33.7132053638,10.0,2019-06-07,5114529,dmitry_tikhonov,b18fd264dffd60acb08131d2878fd5e030dabaab3d17b1f4e799dd2e43895cf7,49,Saxifraga oppositifolia
Saxifraga oppositifolia,128880,122451734,207326719,https://inaturalist-open-data.s3.amazonaws.com/photos/207326719/large.jpeg,cc-by-nc,"(c) Jim Langley, some rights reserved (CC BY-NC)",53.0801600222,-4.0834479602,244.0,2022-06-18,1389597,jimlangley,0195e614415439ec0fb1b8ef8b4e8d9b39f256a537530c3fcf301b8526951839,50,Saxifraga oppositifolia
Saxifraga oppositifolia,128880,112904309,190742699,https://inaturalist-open-data.s3.amazonaws.com/photos/190742699/large.jpeg,cc-by-nc,"(c) Martine Lapointe, some rights reserved (CC BY-NC)",44.0263467607,7.4264298958,2438.0,2018-05-29,1818437,martine_lapointe,6a7e66cd93e6fd7e0a00f298ece773650355c237abd65bc1db12b1e9dba2673e,51,Saxifraga oppositifolia
Saxifraga oppositifolia,128880,93182804,154403142,https://inaturalist-open-data.s3.amazonaws.com/photos/154403142/large.jpeg,cc-by-nc,"(c) fikjumadurinn, some rights reserved (CC BY-NC)",64.043895937,-16.2199086696,139.0,2021-05-24,4695905,fikjumadurinn,693545c369962e94e1a6d117ba0f651467e525f1278c3926a75894d0382e9e24,52,Saxifraga oppositifolia
Saxifraga oppositifolia,128880,369706119,675340166,https://inaturalist-open-data.s3.amazonaws.com/photos/675340166/large.jpg,cc-by,"(c) Charlotte Kirchner, some rights reserved (CC BY)",78.9643701492,12.045797836,9.0,2026-06-08,816774,charlottekirchner,e27ad6a7e7d3fc93642b660b5c053c28902ae5c2f966aa274dd13d07d7545117,53,Saxifraga oppositifolia
Saxifraga oppositifolia,128880,41123775,65209058,https://inaturalist-open-data.s3.amazonaws.com/photos/65209058/large.jpeg,cc-by-nc,"(c) Игорь Поспелов, some rights reserved (CC BY-NC)",71.56039,106.20139,25.0,2006-06-21,1426686,taimyr,b014b13def8a365889203b146d6b60a15c344e266ea074a955d6e1a73136ea23,54,Saxifraga oppositifolia
Saxifraga oppositifolia,128880,122042032,206585381,https://inaturalist-open-data.s3.amazonaws.com/photos/206585381/large.jpg,cc-by-nc,"(c) Emily VandenBerg, some rights reserved (CC BY-NC)",63.7868833333,-149.0049583333,6.0,2022-06-15,407917,emilyvberg,4fd2bf8a6dde50e0bd986a9036c0127abfb01f872ddef4cf6016bd1327fc2ee5,55,Saxifraga oppositifolia
Saxifraga oppositifolia,128880,143370793,245870173,https://inaturalist-open-data.s3.amazonaws.com/photos/245870173/large.jpg,cc-by-nc,"(c) cotinga, some rights reserved (CC BY-NC)",74.009199656,-89.9534282851,1953.0,2002-06-10,3113993,cotinga,501f4d3c449e5975c43d26bbe3e994ac3728be4d565fa0a9ff80d265cffaf6a6,56,Saxifraga oppositifolia
Saxifraga oppositifolia,128880,381624512,698306238,https://inaturalist-open-data.s3.amazonaws.com/photos/698306238/large.jpg,cc-by,"(c) Lídia Carrera, some rights reserved (CC BY)",42.3833277,2.1169203,1328.0,2026-05-25,8653605,lidiacarrera,c810d7adcb46850347f13b0841d448e1b274d23cc59d515a3b0f89e7eabc31ef,57,Saxifraga oppositifolia
Saxifraga oppositifolia,128880,46732290,74116891,https://inaturalist-open-data.s3.amazonaws.com/photos/74116891/large.jpg,cc-by-nc,"(c) Keith W. Larson, some rights reserved (CC BY-NC)",68.3561553341,18.7674020603,5.0,2020-05-21,20274,keithwlarson,77c3b8db543479b2226473fe6292d5877b72bc723937e0a3a9e8469a16475573,58,Saxifraga oppositifolia
Saxifraga oppositifolia,128880,122023958,206542697,https://inaturalist-open-data.s3.amazonaws.com/photos/206542697/large.jpeg,cc-by-nc,"(c) Александра, some rights reserved (CC BY-NC)",50.3380003448,87.7463462048,22.0,2022-06-11,3597500,aleksandra2000,fb3395544b2684584b3b830c9622823a7df1b4df11642744a115b9c4b67560df,59,Saxifraga oppositifolia
Saxifraga oppositifolia,128880,32985900,51772493,https://inaturalist-open-data.s3.amazonaws.com/photos/51772493/large.jpeg,cc-by-nc,"(c) pbulman, some rights reserved (CC BY-NC)",50.7959523581,-114.8881684604,2013.0,2012-06-03,2151194,pbulman,f256d93c3ce8af64c08a34317d22b74b7145fbfbfe0108ee22c7cc841f81055a,60,Saxifraga oppositifolia
Emilia fosbergii,129103,110168465,185804546,https://inaturalist-open-data.s3.amazonaws.com/photos/185804546/large.jpeg,cc-by-nc,"(c) yayilu, some rights reserved (CC BY-NC)",22.9545864585,120.2966575697,32.0,2022-03-22,5314327,yayilu,9562c9afc2575aa09267f521b27b8d573583addbdff153fbc07fa3ce6ce6dc00,1,Emilia fosbergii
Emilia fosbergii,129103,159975603,276422480,https://inaturalist-open-data.s3.amazonaws.com/photos/276422480/large.jpeg,cc-by-nc,"(c) floo4, some rights reserved (CC BY-NC)",-24.13267335,-55.52987359,6.0,2023-05-05,6836057,floo4,fc2cf45289dc9b3cbfbc89d965a8a50ba4697e7ba30910828235bf438798c7b1,2,Emilia fosbergii
Emilia fosbergii,129103,155409588,268636106,https://inaturalist-open-data.s3.amazonaws.com/photos/268636106/large.jpeg,cc-by-nc,"(c) yerbasanta, some rights reserved (CC BY-NC)",19.5051932462,-154.9557152018,89.0,2023-03-31,436984,yerbasanta,7f52c5ea402b0641fa862ac5696d7b13e375fd501769e0a95217eeaf552faf7e,3,Emilia fosbergii
Emilia fosbergii,129103,179062919,311692347,https://inaturalist-open-data.s3.amazonaws.com/photos/311692347/large.jpeg,cc-by-nc,"(c) Andrew Benesh, some rights reserved (CC BY-NC)",32.8827615656,-83.7631638643,14.0,2023-08-18,6419150,abenesh,e98a2e32e1d47c262bf5ebd1f5bee99fa1b3fc24d2f6a2c4478d8343e28d20a1,4,Emilia fosbergii
Emilia fosbergii,129103,66026115,106349886,https://inaturalist-open-data.s3.amazonaws.com/photos/106349886/large.jpeg,cc-by-nc-sa,"(c) Gabriel Camilo Jaramillo Giraldo, some rights reserved (CC BY-NC-SA)",6.2266653287,-75.5657274248,2.0,2020-11-15,86081,camilojotage,911847fbad9e65e288d3522977a23dde39724642a2e6d8c2a85591f39ae65f55,5,Emilia fosbergii
Emilia fosbergii,129103,296803943,534467678,https://inaturalist-open-data.s3.amazonaws.com/photos/534467678/large.jpg,cc-by-nc,"(c) Yby Naturalista, some rights reserved (CC BY-NC)",-5.7059294154,-35.303260535,2163.0,2025-07-10,6531202,ybynatureza,dd918cad3e37ab31b97cfd9c0e42d10611d088939a97fa7ca6849b0c835e328b,6,Emilia fosbergii
Emilia fosbergii,129103,136081805,232194960,https://inaturalist-open-data.s3.amazonaws.com/photos/232194960/large.jpg,cc-by-nc,"(c) Glenn Ehrenberg, some rights reserved (CC BY-NC)",23.0756138333,-109.6999583333,3.0,2022-09-22,4241755,bajanativa,2ace55e6d3a7c8b739aa5059500ca51bd1311f5a51df92b96c73abba9e17e599,7,Emilia fosbergii
Emilia fosbergii,129103,227216595,403050938,https://inaturalist-open-data.s3.amazonaws.com/photos/403050938/large.jpeg,cc-by,"(c) Alexis López Hernández, some rights reserved (CC BY)",15.1992809649,-92.4740632193,4.0,2024-07-02,15030,alexiz,bd905f9fd22dc728dd283bd32d459f5d8af532b8d18b7e7f3e1ba2769c9d2770,8,Emilia fosbergii
Emilia fosbergii,129103,202871247,358352578,https://inaturalist-open-data.s3.amazonaws.com/photos/358352578/large.jpg,cc-by-nc,"(c) Ricardo da Silva Ribeiro, some rights reserved (CC BY-NC)",-20.2235613377,-40.550681197,35.0,2024-03-10,1235939,rickribeiro1,9b2a2d8b34c1db5e2a7dd14eb0baedd98a8687abe37bb9f8e3b7b36f0a8e7823,9,Emilia fosbergii
Emilia fosbergii,129103,339285701,617178925,https://inaturalist-open-data.s3.amazonaws.com/photos/617178925/large.jpg,cc-by-nc,"(c) Heather Pickard, some rights reserved (CC BY-NC)",19.8130425546,-70.7126943992,61.0,2026-02-18,167033,heatherpickard,c842bd8d5d1816334c6c3e22c64dbbf1566227d05bcaf9b6725a9c35f4dfb279,10,Emilia fosbergii
Emilia fosbergii,129103,21439308,33169334,https://inaturalist-open-data.s3.amazonaws.com/photos/33169334/large.jpeg,cc-by-nc-sa,"(c) R.E.Llanos, some rights reserved (CC BY-NC-SA)",-1.4313536383,-48.4129217668,243.0,2018-08-17,370284,idlegrraphics,e30298a5c326a7e18f21801a1b688a0c6073eeafd38598440229382ab09ab403,11,Emilia fosbergii
Emilia fosbergii,129103,76790214,125572267,https://inaturalist-open-data.s3.amazonaws.com/photos/125572267/large.jpeg,cc-by-nc,"(c) Roberto Gaitan, some rights reserved (CC BY-NC)",26.1374652,-97.1742866,201.0,2021-05-02,3840028,rgvctmn,93b5f9b7326368a9679dcb0b1b04c24e746e45b29928dd04a0d62040535a6536,12,Emilia fosbergii
Emilia fosbergii,129103,103057144,172401459,https://inaturalist-open-data.s3.amazonaws.com/photos/172401459/large.jpeg,cc-by-nc,"(c) Bernal Arce, some rights reserved (CC BY-NC)",9.9213058882,-84.0433277562,13.0,2021-12-14,491226,bernalarce,c2ad1c55e933e1a2331a6e2237d6aeb231440becbf6757da943dfdbf9df4be66,13,Emilia fosbergii
Emilia fosbergii,129103,26708235,41485788,https://inaturalist-open-data.s3.amazonaws.com/photos/41485788/large.jpeg,cc-by-nc,"(c) Eric Fischer Rempe, some rights reserved (CC BY-NC)",-15.6762066481,-47.8515294751,31.0,2019-06-08,1699754,ericfischerrempe,3c563e3b230ab57ee38fdf29c657df25f7a617671b76be523fa37a98a253e6f9,14,Emilia fosbergii
Emilia fosbergii,129103,9900786,13576313,https://inaturalist-open-data.s3.amazonaws.com/photos/13576313/large.jpg,cc-by-nc,"(c) Tatiana Velasco, some rights reserved (CC BY-NC)",21.102625,-86.856225,8.0,2018-02-17,701468,tatianavelasco,dedc85017f5d5f6b78f57d6839153711a703ba01423b8dbc5283558b83db93be,15,Emilia fosbergii
Emilia fosbergii,129103,65425833,105302606,https://inaturalist-open-data.s3.amazonaws.com/photos/105302606/large.jpg,cc0,no rights reserved,26.0057807209,-80.2327916945,4.0,2020-11-22,738947,lizardking,0773de0156068ddf8ab8723288ac1c5c5f3ec2922f2b3f310b5566275e280fb7,16,Emilia fosbergii
Emilia fosbergii,129103,83869217,137779354,https://inaturalist-open-data.s3.amazonaws.com/photos/137779354/large.jpg,cc-by-nc,"(c) Néri Henrique Andrades, some rights reserved (CC BY-NC)",-29.8922339,-50.2620325,3685.0,2021-06-20,2737566,henriqueandrades,dbf1e3aeebf13230b6d42f33fafa8a03b5b9edfcbdbaf4c4f95173822d7b5368,17,Emilia fosbergii
Emilia fosbergii,129103,86094634,141771230,https://inaturalist-open-data.s3.amazonaws.com/photos/141771230/large.jpg,cc-by-nc,"(c) danielbernardes, some rights reserved (CC BY-NC)",-22.7245283333,-47.6181366667,4.0,2021-07-05,3986213,danielbernardes,2028225ab9a1b2cd39f927a25073350b6c0680ea79a19d521096f2ede29299fd,18,Emilia fosbergii
Emilia fosbergii,129103,141736828,242883929,https://inaturalist-open-data.s3.amazonaws.com/photos/242883929/large.jpeg,cc-by-nc,"(c) Jorge Vargas Ramírez, some rights reserved (CC BY-NC)",20.6031287604,-103.4016469494,255.0,2022-11-11,3300329,jorgevargasramirez,972e9f9c3a03a7cfae707e0583426d16f33b169c0dc18e31d403f09b4846f087,19,Emilia fosbergii
Emilia fosbergii,129103,18990243,29117762,https://inaturalist-open-data.s3.amazonaws.com/photos/29117762/large.jpeg,cc-by-nc,"(c) Ricardo Ortega, some rights reserved (CC BY-NC)",19.6059297032,-96.898859128,2.0,2018-12-07,1389215,richardortem,2a4acd47bbafdcb981b1522f9960530395971e1ff74558115f4b3478145bccd3,20,Emilia fosbergii
Emilia fosbergii,129103,388634885,711803819,https://inaturalist-open-data.s3.amazonaws.com/photos/711803819/large.jpg,cc-by,"(c) zebedeugalinha, some rights reserved (CC BY)",-2.4838194664,-44.2623026777,666.0,2026-07-03,6723505,zebedeugalinha,5223132e1fb0f85552a762a6aa4e1684fd839611e18894a26b9916e39c08fcb5,21,Emilia fosbergii
Emilia fosbergii,129103,269966930,485461822,https://inaturalist-open-data.s3.amazonaws.com/photos/485461822/large.jpg,cc-by-nc,"(c) lightning_whelk, some rights reserved (CC BY-NC)",30.27678,-87.6664883333,5.0,2025-04-08,2943006,lightning_whelk,6aa4e42eb2c4c9f6e61b39cf86f2b8d7bd5f78fc2b3c89afe452a9a0d396eab9,22,Emilia fosbergii
Emilia fosbergii,129103,257088340,461110480,https://inaturalist-open-data.s3.amazonaws.com/photos/461110480/large.jpeg,cc-by-nc,"(c) Ed Siarkowicz, some rights reserved (CC BY-NC)",29.6688611461,-81.2133980915,707.0,2025-01-01,8481227,dredshark,9e8f09854a3401718f6574cf5e4c03b1c5315ba9c4abe94e87ff4b2fa0b95ec4,23,Emilia fosbergii
Emilia fosbergii,129103,67310307,108720345,https://inaturalist-open-data.s3.amazonaws.com/photos/108720345/large.jpg,cc-by-nc,"(c) Rogerio Dias, some rights reserved (CC BY-NC)",-22.9537325065,-43.2951928046,2420.0,2016-05-04,84560,rogerriodias,bb23b4b89b6f0d5f37bc2b7fff1ebea934dd9e236b15e7ae29741deffd74655f,24,Emilia fosbergii
Emilia fosbergii,129103,257611319,462154046,https://inaturalist-open-data.s3.amazonaws.com/photos/462154046/large.jpg,cc-by-nc,"(c) Marco Celis Saavedra, some rights reserved (CC BY-NC)",19.831895087,-90.4717879548,8.0,2024-12-29,29988,marcocelis,5ead28fe04fe7ee3e032fc11e1b926cb30cb309e3188e89f0d77ef7a34379340,25,Emilia fosbergii
Emilia fosbergii,129103,60984209,97545119,https://inaturalist-open-data.s3.amazonaws.com/photos/97545119/large.jpeg,cc-by-nc,"(c) Gabriela Tasca, some rights reserved (CC BY-NC)",-26.86016136,-52.97727162,10.0,2020-09-27,3647155,gabrielatasca,3e45c185b9f9f777541bdcc83c8a161137570bf87f56c31ff4b4cb8d57622cdc,26,Emilia fosbergii
Emilia fosbergii,129103,20544584,31714060,https://inaturalist-open-data.s3.amazonaws.com/photos/31714060/large.jpeg,cc-by-nc,"(c) Nick Belliveau, some rights reserved (CC BY-NC)",-23.4051592058,-51.9378944566,490.0,2019-02-21,608898,nickbelliveau,5e7a10b6aab029f06e285c34d33ea2528bb191605a5d9d669a8733200fc6b81a,27,Emilia fosbergii
Emilia fosbergii,129103,158681746,274203313,https://inaturalist-open-data.s3.amazonaws.com/photos/274203313/large.jpeg,cc-by-nc,"(c) vaniafonseca1, some rights reserved (CC BY-NC)",-26.91861128,-48.66332389,7.0,2023-05-01,6762910,vaniafonseca1,6cb8ecb1409e10d394c29525230d50398d91a1f17f30157da15babe2692d0607,28,Emilia fosbergii
Emilia fosbergii,129103,26580644,41283639,https://inaturalist-open-data.s3.amazonaws.com/photos/41283639/large.jpg,cc-by-nc,"(c) Tony Iwane, some rights reserved (CC BY-NC)",21.293366003,-157.8214710474,9.0,2019-06-07,28,tiwane,6f914d2be5c75ef74c64bca7c47c8e77473915357ad6edf9754e0edb240732a7,29,Emilia fosbergii
Emilia fosbergii,129103,72289849,117834188,https://inaturalist-open-data.s3.amazonaws.com/photos/117834188/large.jpeg,cc-by-nc,"(c) charlesavenengo, some rights reserved (CC BY-NC)",-20.9489436672,-54.9696198473,31.0,2021-03-26,690411,charlesavenengo,3cb5aca1c789390438fa4776f93211eaeeeb43287f8789571c21eeab04fcef3c,30,Emilia fosbergii
Emilia fosbergii,129103,61501579,98426207,https://inaturalist-open-data.s3.amazonaws.com/photos/98426207/large.jpeg,cc-by-nc,"(c) Luis Mora, some rights reserved (CC BY-NC)",18.0215482278,-92.9932611063,115.0,2020-09-15,2136864,luismora31,038a0103c9f78666ff068e3dae8d7465037c281afccc62ba452c582073195474,31,Emilia fosbergii
Emilia fosbergii,129103,223029738,395139765,https://inaturalist-open-data.s3.amazonaws.com/photos/395139765/large.jpeg,cc-by-nc,"(c) marthajudithosunablancas, some rights reserved (CC BY-NC)",24.8027318745,-107.3936232179,169.0,2024-06-15,7706089,marthajudithosunablancas,4720c5b79dc514a1734dd77d0b4d0fa5995e3e57869836c2db19e82a95d2fe72,32,Emilia fosbergii
Emilia fosbergii,129103,262640035,471671397,https://inaturalist-open-data.s3.amazonaws.com/photos/471671397/large.jpeg,cc0,no rights reserved,18.7331806526,-87.696236067,947.0,2025-02-07,963417,huntingbon,8d872fc84c429bfd1b2746f15f571a5d88963359e93b9798629ea90dd1dbc0e0,33,Emilia fosbergii
Emilia fosbergii,129103,22641660,35082304,https://inaturalist-open-data.s3.amazonaws.com/photos/35082304/large.jpg,cc-by-nc,"(c) Ashley M Bradford, some rights reserved (CC BY-NC)",27.5753166667,-82.4689716667,5.0,2018-12-24,9432,ashley_bradford,da2738446947b16c3bc5f9793c6b1a1ba8b60d12da9cc18417db8e1b4473a7ec,34,Emilia fosbergii
Emilia fosbergii,129103,102351174,171069836,https://inaturalist-open-data.s3.amazonaws.com/photos/171069836/large.jpeg,cc-by-nc,"(c) rafazenni, some rights reserved (CC BY-NC)",-21.2264816,-44.9800564,19.0,2021-12-02,2347101,rafazenni,671768e17731c0d6ad7008c080704398ebe8e0fb6ced2d4ec58f1c623030646d,35,Emilia fosbergii
Emilia fosbergii,129103,171634865,297850903,https://inaturalist-open-data.s3.amazonaws.com/photos/297850903/large.jpg,cc0,no rights reserved,31.9799617768,-81.1630689273,9.0,2023-06-28,4014802,nonbinary-naturalist,d86a6ed4eabbc9c2dd76ac9942f9354c487efc5d6167bf17004c675fe0f4e46d,36,Emilia fosbergii
Emilia fosbergii,129103,101913316,170260404,https://inaturalist-open-data.s3.amazonaws.com/photos/170260404/large.jpeg,cc-by-nc,"(c) Manuel Ángel Cruz Rosales, some rights reserved (CC BY-NC)",21.1363581883,-98.5878016055,29.0,2021-11-25,737881,cruz-rosales,021740942ed143271700270d009afd7278622d438d6abb1129a168b38c42ec16,37,Emilia fosbergii
Emilia fosbergii,129103,200881514,354501239,https://inaturalist-open-data.s3.amazonaws.com/photos/354501239/large.jpeg,cc0,no rights reserved,20.4653592684,-105.2921013807,31.0,2024-02-29,5403537,drew_baxter,445105935c8b1818b47db33e89b312c9a3dd41ce6a1538e2035b9ef3f8b8bacb,38,Emilia fosbergii
Emilia fosbergii,129103,127998110,217371027,https://inaturalist-open-data.s3.amazonaws.com/photos/217371027/large.jpeg,cc-by-nc,"(c) María Eugenia Utgés, some rights reserved (CC BY-NC)",-25.9575132127,-54.6009410173,902.0,2022-07-18,2472577,mariaeugeniau,999a6282571f053bc97edb1209902966aa0ed3f3baac88569618727a012f523a,39,Emilia fosbergii
Emilia fosbergii,129103,83045201,136703944,https://inaturalist-open-data.s3.amazonaws.com/photos/136703944/large.jpeg,cc-by-nc,"(c) kennynewberry, some rights reserved (CC BY-NC)",31.1735420227,-83.7509231567,65.0,2021-06-14,4503879,kennynewberry,d6423e9b7236da84eadd9c517c55329f535efe0fdb20e04bb47d3982facebc73,40,Emilia fosbergii
Emilia fosbergii,129103,333504279,605489128,https://inaturalist-open-data.s3.amazonaws.com/photos/605489128/large.jpg,cc-by-nc,"(c) James K. Wetterer, some rights reserved (CC BY-NC)",27.89672,-80.594095,4.0,2026-01-04,98904,jimw3,152a1e6e4829b87363e784f0928735a9bc9e7a3bf27ce9d1b431a43c4c169b54,41,Emilia fosbergii
Emilia fosbergii,129103,137310458,241864732,https://inaturalist-open-data.s3.amazonaws.com/photos/241864732/large.jpeg,cc-by-nc,"(c) Kelly Morris, some rights reserved (CC BY-NC)",34.0327148438,-85.2307510376,4.0,2022-10-02,2064974,kellymorris,83a1f2843bea36d83d92b60c8d034eb888db9c112f81f1f236ff4a2f18962c95,42,Emilia fosbergii
Emilia fosbergii,129103,314638390,568297636,https://inaturalist-open-data.s3.amazonaws.com/photos/568297636/large.jpg,cc-by-nc,"(c) vich_66, some rights reserved (CC BY-NC)",-23.9651559601,-46.3914861158,46.0,2025-09-17,9642797,vich_66,1f4b1c8503e213b04ac12b0b9bda95ce60ab28266c4ff59daac8ee71494f2c6c,43,Emilia fosbergii
Emilia fosbergii,129103,39590808,62825145,https://inaturalist-open-data.s3.amazonaws.com/photos/62825145/large.jpg,cc-by-nc,"(c) Penlock Chen, some rights reserved (CC BY-NC)",24.51794167,120.72519667,24.0,2020-03-01,1047368,penlock,51183afa6f1cd3335e61ac9b027b9f0f2aa978cfe9a03f21451e3319ac948501,44,Emilia fosbergii
Emilia fosbergii,129103,38524465,61239906,https://inaturalist-open-data.s3.amazonaws.com/photos/61239906/large.jpg,cc-by-nc,"(c) 薛映月, some rights reserved (CC BY-NC)",-25.4329901,-49.3032089,199.0,2020-02-05,2144461,lycorisradiata00000,ec674cdc84ee3e49889fa2a5fca413a41fc64abf7f457aabe253da2536693a9e,45,Emilia fosbergii
Emilia fosbergii,129103,172348494,299181722,https://inaturalist-open-data.s3.amazonaws.com/photos/299181722/large.jpeg,cc-by-nc,"(c) Tito Lahaye, some rights reserved (CC BY-NC)",-25.7106815461,-56.0054129227,244.0,2023-07-08,559578,titolahaye,c325823c19ca7e193d6795d138ff5ad41ddcb9c7d48c097992d8bd2ac6ccf81d,46,Emilia fosbergii
Emilia fosbergii,129103,102780568,171885379,https://inaturalist-open-data.s3.amazonaws.com/photos/171885379/large.jpg,cc-by-nc,"(c) gabiisasa, some rights reserved (CC BY-NC)",26.471610507,-81.7720034067,4.0,2021-12-09,4889050,gabiisasa,8faf2c7cdf5d7216eff2dd10e1f20ceddf884ab7fec1478fb326563d4b36d31c,47,Emilia fosbergii
Emilia fosbergii,129103,197234418,347330498,https://inaturalist-open-data.s3.amazonaws.com/photos/347330498/large.jpg,cc-by-nc,"(c) José Humberto Castañón González, some rights reserved (CC BY-NC)",16.82013,-93.3444366667,4.0,2024-01-21,1686564,jhumbertocg,084c0de434b362cf54174a30d22cfa7df253779a40e8a754a76e96cabbd59ff9,48,Emilia fosbergii
Emilia fosbergii,129103,101407169,169355119,https://inaturalist-open-data.s3.amazonaws.com/photos/169355119/large.jpeg,cc-by-nc,"(c) Régis, some rights reserved (CC BY-NC)",-22.2845926905,-46.3704780984,703.0,2021-11-18,5189281,regisfg,2f9b8f59b9ac30af6daa6c07d398552ea96b267ac214e8242c2c41a507a7e9bb,49,Emilia fosbergii
Emilia fosbergii,129103,102667528,171754194,https://inaturalist-open-data.s3.amazonaws.com/photos/171754194/large.jpg,cc-by-nc,"(c) Liz De Bortoli Groth Athia, some rights reserved (CC BY-NC)",-28.1494361667,-48.66797,5.0,2021-12-07,5063737,lizdebortoli,ddf2c69eb3bd276c4467b3ebde5a79788b8f1f6da311c16f091e99833821314d,50,Emilia fosbergii
Emilia fosbergii,129103,150541659,259601956,https://inaturalist-open-data.s3.amazonaws.com/photos/259601956/large.jpg,cc-by,"(c) Diogo Luiz, some rights reserved (CC BY)",-22.8262873,-41.973421,4418.0,2023-02-22,1876348,diogoluiz,7f32264baa65ff3ddf9e7c7b068eb158550bc5e10361cb41823340ccc8f21485,51,Emilia fosbergii
Emilia fosbergii,129103,83262150,136732055,https://inaturalist-open-data.s3.amazonaws.com/photos/136732055/large.jpg,cc-by-nc,"(c) rafaelbaldi, some rights reserved (CC BY-NC)",-21.7764695593,-43.3417743589,4.0,2021-06-16,4595037,rafaelbaldi,c074840eec084cb33cb218f71645eb6d640938e34c1b144ef4834ccd7befedf3,52,Emilia fosbergii
Emilia fosbergii,129103,147036097,252934378,https://inaturalist-open-data.s3.amazonaws.com/photos/252934378/large.jpeg,cc-by-nc-sa,"(c) Emmanuel Guevara Lazcano, some rights reserved (CC BY-NC-SA)",21.3263557394,-104.5267423571,15.0,2023-01-14,376395,emmguevara,aa14354706fe46631975641ad3800aad06dde5f413334db9ca64bdab74144c07,53,Emilia fosbergii
Emilia fosbergii,129103,38361482,60958067,https://inaturalist-open-data.s3.amazonaws.com/photos/60958067/large.jpg,cc-by-nc,"(c) birdjournalclass, some rights reserved (CC BY-NC)",28.54640333,-81.58560333,5.0,2020-02-06,2566780,birdjournalclass,e2e8dfdba436a640b870e0bea12b5c4592b5c524cbed37c5adb2267294cf61aa,54,Emilia fosbergii
Emilia fosbergii,129103,136660020,233273505,https://inaturalist-open-data.s3.amazonaws.com/photos/233273505/large.jpg,cc-by-nc,"(c) claudia_ortiz_arrona, some rights reserved (CC BY-NC)",19.8026783333,-104.37815,21.0,2022-09-23,5046119,claudia_ortiz_arrona,ee71c9e5c11937cd7ceeea37ecd0d2c605f037debca324740bd91dbfd92c5aa5,55,Emilia fosbergii
Emilia fosbergii,129103,260803331,468425019,https://inaturalist-open-data.s3.amazonaws.com/photos/468425019/large.jpg,cc-by-nc,"(c) Laurent Vindras, some rights reserved (CC BY-NC)",20.2114185,-87.4653502,3989.0,2025-01-19,8574240,laurent_vindras,8cf7dc904b75cce461b230727bb722c695da7454b8fee3722255d9d97158d6b2,56,Emilia fosbergii
Emilia fosbergii,129103,270862748,487169418,https://inaturalist-open-data.s3.amazonaws.com/photos/487169418/large.jpeg,cc-by,"(c) florawhite, some rights reserved (CC BY)",20.2043713181,-155.7329278439,272.0,2021-03-06,3299255,florawhite,1b32ca3c7c40fa674776a87228616010b92baea50e1b952232bdac92fe502081,57,Emilia fosbergii
Emilia fosbergii,129103,37387502,59261426,https://inaturalist-open-data.s3.amazonaws.com/photos/59261426/large.jpg,cc-by,"(c) Alex Abair, some rights reserved (CC BY)",29.6442171763,-82.3550549051,2.0,2020-01-07,434305,alex_abair,2f858fab0f903ecd94736c12a366535a027f74c98cccccd691e8839ff16cbd07,58,Emilia fosbergii
Emilia fosbergii,129103,9473185,12892449,https://inaturalist-open-data.s3.amazonaws.com/photos/12892449/large.jpeg,cc-by-nc,"(c) Angelina Vasquez, some rights reserved (CC BY-NC)",26.2047745766,-98.2666972652,2064.0,2018-01-13,683523,angiev1697,55cfdea14141091a840c326172d7bdb596ba7250718e23e61258eb9ccb026248,59,Emilia fosbergii
Emilia fosbergii,129103,258204877,463230951,https://inaturalist-open-data.s3.amazonaws.com/photos/463230951/large.jpeg,cc-by-nc,"(c) Pete Kozich, some rights reserved (CC BY-NC)",26.9508305556,-80.0803527778,3.0,2024-12-31,5463204,mo_monocots,582669b6b2ab89c6c6a1785838cbde0e74650873ee22f9a2500064eb74bb4007,60,Emilia fosbergii
Cyanthillium cinereum,130374,17440007,26508613,https://inaturalist-open-data.s3.amazonaws.com/photos/26508613/large.jpeg,cc-by-nc-sa,"(c) R.E.Llanos, some rights reserved (CC BY-NC-SA)",-1.4546177598,-48.5054348767,42.0,2018-08-09,370284,idlegrraphics,f5a0136e2afb5912ea7035b89634594fb841d37b58b20b24f2e4711794e39d52,1,Cyanthillium cinereum
Cyanthillium cinereum,130374,273725414,492245795,https://inaturalist-open-data.s3.amazonaws.com/photos/492245795/large.jpg,cc-by-nc,"(c) taylah26, some rights reserved (CC BY-NC)",-12.4065783333,130.816925,18.0,2025-04-26,6686317,taylah26,856931b487dabd5ea94d35d13c3af2758a123a7215348b5c694e2f7544e49d6e,2,Cyanthillium cinereum
Cyanthillium cinereum,130374,202283210,357231030,https://inaturalist-open-data.s3.amazonaws.com/photos/357231030/large.jpg,cc-by-nc,"(c) Bart Wursten, some rights reserved (CC BY-NC)",-18.93723,34.19501,20.0,2019-11-15,19767,bartwursten,6afb7b9551c50d0985c415aa6e831344371e60fe838e93f3ecd6fb000e27c1bf,3,Cyanthillium cinereum
Cyanthillium cinereum,130374,110750568,186875507,https://inaturalist-open-data.s3.amazonaws.com/photos/186875507/large.jpeg,cc-by-nc,"(c) Efraín Octavio Aguilar Pérez, some rights reserved (CC BY-NC)",19.225910247,-104.6718167048,4.0,2022-04-07,1997635,efrain_octavio,3fb8279d30398ebbe7adfd717d83df42b319b757e05c0c6f8ee51feb7b60983b,4,Cyanthillium cinereum
Cyanthillium cinereum,130374,109202837,184010045,https://inaturalist-open-data.s3.amazonaws.com/photos/184010045/large.jpeg,cc0,no rights reserved,21.8634283589,84.0403719619,8.0,2022-03-22,4920274,prasanta_hembram,a9645d2b0776c8bd682b398673b47e2118015bfbcbc72844887f5821da9eef8b,5,Cyanthillium cinereum
Cyanthillium cinereum,130374,184874877,322771149,https://inaturalist-open-data.s3.amazonaws.com/photos/322771149/large.jpg,cc-by-nc,"(c) poeticfunky, some rights reserved (CC BY-NC)",7.603338738,5.3055741359,5.0,2023-09-25,7409230,poeticfunky,a8959a0a99b62bc4aa6e0f28c97f627128b6b516d3de092df5aa879583b3e92f,6,Cyanthillium cinereum
Cyanthillium cinereum,130374,151371395,261164881,https://inaturalist-open-data.s3.amazonaws.com/photos/261164881/large.jpg,cc-by-nc,"(c) cyunf, some rights reserved (CC BY-NC)",24.4596611655,121.8190317935,421.0,2023-02-27,6475647,cyunf,033977b647e3ae5c08d28e42b8e95460651db22a4b231a2a7ff8ac6c694001c3,7,Cyanthillium cinereum
Cyanthillium cinereum,130374,162805995,281537636,https://inaturalist-open-data.s3.amazonaws.com/photos/281537636/large.jpg,cc-by-nc,"(c) spaceraquel, some rights reserved (CC BY-NC)",-35.9511260361,150.1492058513,52.0,2023-05-03,5186558,spaceraquel,ee5cdc12c85a678559a8b70473b2472a585f4c424dbe2f4fe66c8a007fc9d038,8,Cyanthillium cinereum
Cyanthillium cinereum,130374,139345050,238310869,https://inaturalist-open-data.s3.amazonaws.com/photos/238310869/large.jpg,cc-by-nc,"(c) Masatoshi Sone, some rights reserved (CC BY-NC)",1.5843505553,104.2577773751,244.0,2022-09-10,1230411,msone,b0d4dd1d6ba0d4c74b5d25aff0325fdd415ff91d5fcace81d7855a7178316849,9,Cyanthillium cinereum
Cyanthillium cinereum,130374,202995984,358593183,https://inaturalist-open-data.s3.amazonaws.com/photos/358593183/large.jpg,cc-by-nc,"(c) michael0320, some rights reserved (CC BY-NC)",25.0020527833,55.253155,3.0,2024-03-18,7794471,michael0320,b7b86106f6c7b1b34afbf5fa3e67a54c6020f00ef7d05c39e56cd465d0759127,10,Cyanthillium cinereum
Cyanthillium cinereum,130374,75948858,124268927,https://inaturalist-open-data.s3.amazonaws.com/photos/124268927/large.jpg,cc-by-nc,"(c) Atala Beckford, some rights reserved (CC BY-NC)",9.0184366314,-79.510129783,8.0,2021-04-30,1613054,atalabeck,b598eb327a1ae5c0a43ed1d956f07fc5c8ddec5d4bab7884f0b3f824d969b672,11,Cyanthillium cinereum
Cyanthillium cinereum,130374,198352534,349579393,https://inaturalist-open-data.s3.amazonaws.com/photos/349579393/large.jpg,cc-by-nc,"(c) John D Reynolds, some rights reserved (CC BY-NC)",17.0231638883,-61.8691666667,5.0,2024-01-29,459348,johndreynolds,773b41c6da6c44e4945ebfa4c9b410bf1c7540b3857e23b24e34f1b5ffe9af15,12,Cyanthillium cinereum
Cyanthillium cinereum,130374,66597334,107394492,https://inaturalist-open-data.s3.amazonaws.com/photos/107394492/large.jpg,cc-by,"(c) Alex Abair, some rights reserved (CC BY)",27.825534,-80.60548,10.0,2020-12-14,434305,alex_abair,f91bb236427ab14fe8cbc6cf6ae79dbdbc04280ad02deaa24f12d1543d6c9f2e,13,Cyanthillium cinereum
Cyanthillium cinereum,130374,346014561,630658307,https://inaturalist-open-data.s3.amazonaws.com/photos/630658307/large.jpg,cc0,no rights reserved,-19.1477384558,146.8701303299,15.0,2026-03-29,6164054,sturuss,2fdf40b590b8e274b49f147cc2d1fd3f20e785bcb819efd7a784a0c422baa264,14,Cyanthillium cinereum
Cyanthillium cinereum,130374,106475412,178804811,https://inaturalist-open-data.s3.amazonaws.com/photos/178804811/large.jpeg,cc-by-nc,"(c) Иннокентий Паршков, some rights reserved (CC BY-NC)",6.1415628298,80.11638871,2.0,2022-01-28,3577633,mc_agricola,040e9805d60a47309280844866c6f10eaca4a33755d686f3adffbbe1d5d2c46c,15,Cyanthillium cinereum
Cyanthillium cinereum,130374,54783603,87190391,https://inaturalist-open-data.s3.amazonaws.com/photos/87190391/large.jpeg,cc-by-nc,"(c) charlesavenengo, some rights reserved (CC BY-NC)",-7.9073025776,-34.8267748673,4.0,2020-07-26,690411,charlesavenengo,3f3fb4bca58fd196073215382d719396d71c57f9caafe7b35a3c4f3a3299ecd4,16,Cyanthillium cinereum
Cyanthillium cinereum,130374,167422318,290027012,https://inaturalist-open-data.s3.amazonaws.com/photos/290027012/large.jpeg,cc-by-nc-sa,"(c) Sutthikhun Phaengphongsai, some rights reserved (CC BY-NC-SA)",13.7862444881,100.2773388103,10.0,2023-06-11,812965,sutthikhun,7e3fcc0d66e32d48275e6d8e7b49000e6174e3cabcbcbc87d76d735a33125b52,17,Cyanthillium cinereum
Cyanthillium cinereum,130374,247257220,441569875,https://inaturalist-open-data.s3.amazonaws.com/photos/441569875/large.jpeg,cc-by-nc,"(c) M. Mejenes, some rights reserved (CC BY-NC)",19.8277807682,-90.5300098658,495.0,2024-10-05,6506999,insectologa,58d25c3c8cc52ed395293dfd3c6213aab1780d1e6a20a74ab86a845a49efa572,18,Cyanthillium cinereum
Cyanthillium cinereum,130374,374196418,683927160,https://inaturalist-open-data.s3.amazonaws.com/photos/683927160/large.jpg,cc-by-nc,"(c) Rocky Reviko, some rights reserved (CC BY-NC)",-7.0091437,112.4261662,2033.0,2026-05-27,3696852,rockyreviko_,01d539e92adcb12b396a24e5f933a5b96c5bdcfc27712ef7698ba85202069a9b,19,Cyanthillium cinereum
Cyanthillium cinereum,130374,150510829,259544256,https://inaturalist-open-data.s3.amazonaws.com/photos/259544256/large.jpeg,cc-by-nc,"(c) Radha Veach, some rights reserved (CC BY-NC)",19.4219707417,72.931794145,119.0,2018-01-14,6375545,radhaveach,f0b173db1e4fb37f8e59ec7ca3eee98dcadd600eb686d0230ef50b8d00e50a3e,20,Cyanthillium cinereum
Cyanthillium cinereum,130374,238974066,425535057,https://inaturalist-open-data.s3.amazonaws.com/photos/425535057/large.jpeg,cc-by,"(c) Jo Roberts, some rights reserved (CC BY)",-28.74277197,32.0775895,4.0,2024-08-31,3920526,bacchusrock,cfe14b907ac0158137088936b599b6e44003d4755dd179f74fe9b6a42466f2c8,21,Cyanthillium cinereum
Cyanthillium cinereum,130374,37342503,59181070,https://inaturalist-open-data.s3.amazonaws.com/photos/59181070/large.jpeg,cc0,no rights reserved,18.44619312,-78.05263123,9.0,2020-01-06,2296918,peakaytea,5cd2ba644c860ab0e7e09db300a7535b20f159178ee200be9d32701c178c68e7,22,Cyanthillium cinereum
Cyanthillium cinereum,130374,260125598,467082695,https://inaturalist-open-data.s3.amazonaws.com/photos/467082695/large.jpg,cc-by-nc,"(c) Francois (Red), some rights reserved (CC BY-NC)",-26.9508808153,152.8285289092,3.0,2025-01-31,6440614,redii,ff4fd9d013bd29c5a7a0c1f3ea3b25b04d70eba2943a5a59853d2a359674d781,23,Cyanthillium cinereum
Cyanthillium cinereum,130374,64604405,103886100,https://inaturalist-open-data.s3.amazonaws.com/photos/103886100/large.jpeg,cc-by,"(c) Andrés Ramírez-Barrera, some rights reserved (CC BY)",4.9184680066,-72.3732672051,175.0,2020-11-01,990532,nicolasr,fe67c4813d3485af31a759432caf550539f87186ae3d4cb523b91589a3532766,24,Cyanthillium cinereum
Cyanthillium cinereum,130374,332266520,602961218,https://inaturalist-open-data.s3.amazonaws.com/photos/602961218/large.jpg,cc-by-nc,"(c) Ujjal Kishor De, some rights reserved (CC BY-NC)",24.1482591151,92.0303980261,17.0,2025-12-27,9071852,iamukd,39e36738f304d9e73b75aac1f71ed6a793ab2a598a560267e2decce4cb675294,25,Cyanthillium cinereum
Cyanthillium cinereum,130374,264655211,475249866,https://inaturalist-open-data.s3.amazonaws.com/photos/475249866/large.jpg,cc-by-nc,"(c) Mathieu Brugal, some rights reserved (CC BY-NC)",4.9372866667,-52.3398883333,30.0,2025-03-08,1478285,mathieubrugal,b21fee6a1c349125c4d1d9e27c7a7aaa058e47680bdee99c991261f0fb52c469,26,Cyanthillium cinereum
Cyanthillium cinereum,130374,309250129,558021840,https://inaturalist-open-data.s3.amazonaws.com/photos/558021840/large.jpg,cc-by-nc,"(c) drmattnimbs, some rights reserved (CC BY-NC)",10.7879602862,106.706700325,117.0,2025-08-26,381707,drmattnimbs,c0698cc185175c6be797a870e5aba1c81a11f94581d813e813fb50b0611911dd,27,Cyanthillium cinereum
Cyanthillium cinereum,130374,60949448,97488416,https://inaturalist-open-data.s3.amazonaws.com/photos/97488416/large.jpg,cc-by-nc,"(c) Dr M Chin Sue Min, some rights reserved (CC BY-NC)",10.6531175243,-61.4195783611,488.0,2020-09-27,1273850,magichin,a97eaf0a925eaa6ff865d2391d16fc2d21f0164974152f194f5876158bd703cb,28,Cyanthillium cinereum
Cyanthillium cinereum,130374,361933257,660542012,https://inaturalist-open-data.s3.amazonaws.com/photos/660542012/large.jpg,cc-by,"(c) abidanimallover, some rights reserved (CC BY)",-6.1232542412,106.6541603633,19.0,2026-05-16,10167102,abidanimallover,ad723f7831f1e7b3021447ed9ef1f3b166da7afe8c5a8732b0035f12770c31ce,29,Cyanthillium cinereum
Cyanthillium cinereum,130374,194088584,341069249,https://inaturalist-open-data.s3.amazonaws.com/photos/341069249/large.jpeg,cc-by-nc,"(c) Kenz, some rights reserved (CC BY-NC)",10.0158954573,76.2986339629,210.0,2023-12-16,6583835,athifkenz,c7d289db304d4507e8af7a2dd6bcf27d63306734e29bfd23a85a9b934f49c7ce,30,Cyanthillium cinereum
Cyanthillium cinereum,130374,8662542,11602495,https://inaturalist-open-data.s3.amazonaws.com/photos/11602495/large.jpeg,cc-by-nc,"(c) JaguarGozandoSelva, some rights reserved (CC BY-NC)",19.163907976,-96.2082621845,4.0,2017-10-19,69405,jaguargozandoselva,9497d9edfafaa7cabbcb03ae8db1afb0f106a43860aba389f96b3629016b2594,31,Cyanthillium cinereum
Cyanthillium cinereum,130374,146456582,251799457,https://inaturalist-open-data.s3.amazonaws.com/photos/251799457/large.jpeg,cc-by-nc,"(c) Umar Musa, some rights reserved (CC BY-NC)",10.3428599474,9.8601419851,92.0,2023-01-11,2551644,umar_musa,efe629a6f97b72c1853d6db5a20449c16fc47376a44aaedefc5c97d9e993e07a,32,Cyanthillium cinereum
Cyanthillium cinereum,130374,103509442,173253379,https://inaturalist-open-data.s3.amazonaws.com/photos/173253379/large.jpeg,cc-by,"(c) Thomas Mesaglio, some rights reserved (CC BY)",-31.6213027778,152.8271333333,10.0,2021-12-23,1138587,thebeachcomber,e53b7dab0756af00e57598fa42bbe5edd7844d61a5dde5de754c805169f70a37,33,Cyanthillium cinereum
Cyanthillium cinereum,130374,65523979,105478133,https://inaturalist-open-data.s3.amazonaws.com/photos/105478133/large.jpeg,cc-by-nc,"(c) blassrico, some rights reserved (CC BY-NC)",18.1175457526,-66.1557186003,24.0,2020-11-24,3519506,blassrico,984c580e489fdabaf128fb4dac5b609bea693171ad16a1c3b49fd9227886c466,34,Cyanthillium cinereum
Cyanthillium cinereum,130374,290644970,522872269,https://inaturalist-open-data.s3.amazonaws.com/photos/522872269/large.jpg,cc-by,"(c) pavlaki1968, some rights reserved (CC BY)",4.426175,7.1511638333,4.0,2025-06-18,2874814,pavlaki1968,afe11ff6e395c93ce07bc09db58893d42be260b42e0f0f37fc35ec97ad3799fd,35,Cyanthillium cinereum
Cyanthillium cinereum,130374,69904977,148892123,https://inaturalist-open-data.s3.amazonaws.com/photos/148892123/large.jpeg,cc-by-nc,"(c) Swapnaneel Pal, some rights reserved (CC BY-NC)",22.69956694,88.39153502,8.0,2021-02-21,4035251,neel_03,29dd9e109d81dc7ba2dc501e55981b8729b315eeb9142465bbd909e493176ceb,36,Cyanthillium cinereum
Cyanthillium cinereum,130374,123981705,210097756,https://inaturalist-open-data.s3.amazonaws.com/photos/210097756/large.jpeg,cc0,no rights reserved,19.3408635,-81.1945103,110.0,2022-06-29,63000,qgroom,41d6777fa22bb1229a965a65594823239c94bee61eb479734634e377a7acf833,37,Cyanthillium cinereum
Cyanthillium cinereum,130374,69634583,113027833,https://inaturalist-open-data.s3.amazonaws.com/photos/113027833/large.jpg,cc-by-nc,"(c) Masatoshi Sone, some rights reserved (CC BY-NC)",3.1778685739,101.6072980933,85.0,2021-02-13,1230411,msone,997ea3f0b9b599ec6d8cb13d60206685c9077f3813153c5cc5a85bf03761d08f,38,Cyanthillium cinereum
Cyanthillium cinereum,130374,259921392,466677310,https://inaturalist-open-data.s3.amazonaws.com/photos/466677310/large.jpeg,cc-by-nc,"(c) Shilpa Gadgil, some rights reserved (CC BY-NC)",20.979017916,75.5656122388,565.0,2025-01-27,6793845,shilpagadgil,0cb1facbd0a4b54d60ec3baaab3721c3c6170c3936f979ccb90b8ac43a9d9ebb,39,Cyanthillium cinereum
Cyanthillium cinereum,130374,117797971,198974808,https://inaturalist-open-data.s3.amazonaws.com/photos/198974808/large.jpeg,cc-by-nc,"(c) Carlos G Velazco-Macias, some rights reserved (CC BY-NC)",25.141196659,-80.9231267497,5.0,2022-05-12,16744,aztekium,783d0a9adda5a9132f1e50512a11912dc5a515e2ed402e329d6e92c3703971f1,40,Cyanthillium cinereum
Cyanthillium cinereum,130374,39908296,63364000,https://inaturalist-open-data.s3.amazonaws.com/photos/63364000/large.jpeg,cc-by-nc,"(c) Lise Kool, some rights reserved (CC BY-NC)",-29.2590193982,151.6479531777,369.0,2020-03-11,2571526,lisekool,dc52c6f99e11961c9062c6f02596ea36c6b98fa4b52edfbdfdcb9b774ecdffae,41,Cyanthillium cinereum
Cyanthillium cinereum,130374,33834956,53184984,https://inaturalist-open-data.s3.amazonaws.com/photos/53184984/large.jpg,cc-by-nc,"(c) Liu JimFood, some rights reserved (CC BY-NC)",22.174591086,120.7206579304,31.0,2019-10-02,746710,liujimfood,08777ea6963533206e808c1d19f6d10176b3a5bd8466ca8b8381980db4d31f59,42,Cyanthillium cinereum
Cyanthillium cinereum,130374,334190390,606833911,https://inaturalist-open-data.s3.amazonaws.com/photos/606833911/large.jpg,cc-by-nc,"(c) Nathanael Green, some rights reserved (CC BY-NC)",-33.0951044311,151.6537677433,111.0,2026-01-09,5228974,nathanael_green,8619fdde33412d60389bea8728d60125a47ce0834d602782108c93e1319f941a,43,Cyanthillium cinereum
Cyanthillium cinereum,130374,67390560,108869589,https://inaturalist-open-data.s3.amazonaws.com/photos/108869589/large.jpeg,cc-by-nc,"(c) Adrian Gale, some rights reserved (CC BY-NC)",-30.1344022638,153.121425156,8.0,2020-12-31,2211311,adrian2370,1282148d34f9572cc5422d1c713083ed4ffdc67a80c4afa26ac578cdee29cf62,44,Cyanthillium cinereum
Cyanthillium cinereum,130374,258907891,464639115,https://inaturalist-open-data.s3.amazonaws.com/photos/464639115/large.jpeg,cc-by-nc,"(c) Lucy Cash, some rights reserved (CC BY-NC)",20.9891253025,-89.5383190736,1109.0,2025-01-18,3273827,itsmelucy,d64103feae3771da5c232c097fc1a19f999f2d61ff0a5c7acb37228a1a8aff75,45,Cyanthillium cinereum
Cyanthillium cinereum,130374,195406695,343760752,https://inaturalist-open-data.s3.amazonaws.com/photos/343760752/large.jpeg,cc-by,"(c) Jay Horn, some rights reserved (CC BY)",26.7218030113,-81.6503788903,4.0,2023-12-31,1367410,jayhorn,78ed2a9db8f549563848c6930602a179a040cff6118f92c891c0f80c8cc0a904,46,Cyanthillium cinereum
Cyanthillium cinereum,130374,21382030,33075450,https://inaturalist-open-data.s3.amazonaws.com/photos/33075450/large.jpg,cc-by-nc,"(c) Hong, some rights reserved (CC BY-NC)",23.7979069,120.4395218,28.0,2019-02-26,995117,doggy0406,539ce1a27166df39abfd8158e94ca4fe985cd34c6756353145b3b54511920a50,47,Cyanthillium cinereum
Cyanthillium cinereum,130374,19902340,30695402,https://inaturalist-open-data.s3.amazonaws.com/photos/30695402/large.jpeg,cc-by-nc,"(c) Aniruddha Singhamahapatra, some rights reserved (CC BY-NC)",22.9891220949,87.0068830437,15.0,2019-01-27,951127,aniruddha_singhamahapatra,f42f44145dc74f7ce31df652fbda66a715068f94cf1c18a8da261c64c7b19f66,48,Cyanthillium cinereum
Cyanthillium cinereum,130374,324413302,587168230,https://inaturalist-open-data.s3.amazonaws.com/photos/587168230/large.jpg,cc-by-nc,"(c) Lucas Lima (Lima, L.M.), some rights reserved (CC BY-NC)",-7.21190105,-35.9107225388,10.0,2025-10-27,8251798,lucaslimabio,846da34f116733e6b47f37019bf0c6406858c2fa1abf3da92f088bd64e3738c0,49,Cyanthillium cinereum
Cyanthillium cinereum,130374,308169739,555951829,https://inaturalist-open-data.s3.amazonaws.com/photos/555951829/large.jpg,cc-by,"(c) Aadi Kulkarni, some rights reserved (CC BY)",18.4895397,73.79892368,5.0,2025-08-22,6188707,aadi7,8d3d3dc59d4ed64d97d6dce25e338979e718d3fdcc1ffaff6d369cb25cb62fa4,50,Cyanthillium cinereum
Cyanthillium cinereum,130374,205363432,363112747,https://inaturalist-open-data.s3.amazonaws.com/photos/363112747/large.jpeg,cc-by-nc,"(c) dandelioncrossing, some rights reserved (CC BY-NC)",-25.79333862,152.5948073342,385.0,2024-04-03,5884376,dandelioncrossing,5d74f39d768e3d5d4c10b3ec321a3036dab4e98bc32713b3145fa8ef65f82017,51,Cyanthillium cinereum
Cyanthillium cinereum,130374,207065875,366221152,https://inaturalist-open-data.s3.amazonaws.com/photos/366221152/large.jpg,cc0,no rights reserved,-27.9812499646,152.2934280337,12.0,2024-04-11,176845,rich_fuller,084977a54761ffe296bb588c2301c1eef82a78bef79a3a69465459ffa6c5f5d0,52,Cyanthillium cinereum
Cyanthillium cinereum,130374,200638996,354027251,https://inaturalist-open-data.s3.amazonaws.com/photos/354027251/large.jpeg,cc-by-nc,"(c) Reed Lindwurm, some rights reserved (CC BY-NC)",26.0747621767,-80.2750564367,10.0,2024-02-27,2621666,reedlindwurm,99564764c87b3963b0e530f1b2609f1de265320f6f4adf8c257e2d60390d1b97,53,Cyanthillium cinereum
Cyanthillium cinereum,130374,194866908,342656325,https://inaturalist-open-data.s3.amazonaws.com/photos/342656325/large.jpg,cc-by-nc,"(c) yellowbutterfly11, some rights reserved (CC BY-NC)",9.5644966667,77.18615,3.0,2023-12-22,7495743,yellowbutterfly11,4ec6a1ce9f095ad3bb9a81c78f6e5601306b8fba5b6915b89965b0e046fc1f37,54,Cyanthillium cinereum
Cyanthillium cinereum,130374,68190835,110353185,https://inaturalist-open-data.s3.amazonaws.com/photos/110353185/large.jpeg,cc-by-nc,"(c) Jess, some rights reserved (CC BY-NC)",-27.95708544,153.30902741,6.0,2021-01-17,3232462,lovegrove,10531183cd643227f3f7322d35f31e0e1c46e38935ad8712b80dfe60327bb8b4,55,Cyanthillium cinereum
Cyanthillium cinereum,130374,38380593,60993347,https://inaturalist-open-data.s3.amazonaws.com/photos/60993347/large.jpeg,cc-by,"(c) chiuluan, some rights reserved (CC BY)",24.80054422,120.97631047,7.0,2020-02-07,1583469,chiuluan,679cebffab8653ee53a2dc89f5d68e32bb6daf8c0a0a2df35cf750ac837b4c1f,56,Cyanthillium cinereum
Cyanthillium cinereum,130374,36008139,56861497,https://inaturalist-open-data.s3.amazonaws.com/photos/56861497/large.jpeg,cc-by,"(c) 蜻蜓, some rights reserved (CC BY)",22.9932565195,120.2220292948,13.0,2019-11-24,1483457,eureka30,ac34fa163421bb90832a6d721abeb4b92a1c2944c740784c389fcf760d2edbdd,57,Cyanthillium cinereum
Cyanthillium cinereum,130374,116379881,196447583,https://inaturalist-open-data.s3.amazonaws.com/photos/196447583/large.jpeg,cc-by,"(c) Thomas Mesaglio, some rights reserved (CC BY)",-30.85155,152.7671666667,4.0,2022-05-09,1138587,thebeachcomber,d310c0c2cd772b1e117528b6841c6a4b8bc8e407d6f62e47104c9ba66c512784,58,Cyanthillium cinereum
Cyanthillium cinereum,130374,9070666,12249683,https://inaturalist-open-data.s3.amazonaws.com/photos/12249683/large.jpeg,cc-by-nc,"(c) greenlapwing, some rights reserved (CC BY-NC)",22.69622122,121.06962022,6.0,2017-12-07,727289,greenlapwing,0a8b7c5e96929fe05cb51fe6b7bda04369481f787bf7db076f8c65e26ef34ef9,59,Cyanthillium cinereum
Cyanthillium cinereum,130374,356235896,649637428,https://inaturalist-open-data.s3.amazonaws.com/photos/649637428/large.jpg,cc-by-nc,"(c) Gregor Tims, some rights reserved (CC BY-NC)",-27.5470422614,152.8543742479,6.0,2025-12-14,10446779,gregor20845,7f40a0527a59ff602bd942ca1119e04ef258d0cd1bb544e9c7323c46bed7d599,60,Cyanthillium cinereum
Spathoglottis plicata,132672,53430296,84977715,https://inaturalist-open-data.s3.amazonaws.com/photos/84977715/large.jpeg,cc-by-nc,"(c) Deny Wahyudi, some rights reserved (CC BY-NC)",-8.58,117.1216666,2145.0,2017-08-20,1352050,denywahyudi,23346ff978ff3589f9aba0c703e8aaa9df318598685a307bdf678808e6869bc6,1,Spathoglottis plicata
Spathoglottis plicata,132672,332274371,602976511,https://inaturalist-open-data.s3.amazonaws.com/photos/602976511/large.jpg,cc-by-nc,"(c) jacqchurch, some rights reserved (CC BY-NC)",12.1027980773,-61.7010372877,349.0,2025-12-26,3020292,jacqchurch,f5bee62b85604ee3db0730be1f4fc7d29407c0ebf84ac00c6daf56a36fdf9d08,2,Spathoglottis plicata
Spathoglottis plicata,132672,335907089,610319609,https://inaturalist-open-data.s3.amazonaws.com/photos/610319609/large.jpg,cc-by-nc,"(c) Jason Flor Flores, some rights reserved (CC BY-NC)",19.0788013006,-155.6810578166,218.0,2026-01-23,3373007,biosfera_antropoceno,974710bb76f9d833e29509c842262a70b926e11c76ffd97ce71d9a3480f32a4d,3,Spathoglottis plicata
Spathoglottis plicata,132672,154255689,266518273,https://inaturalist-open-data.s3.amazonaws.com/photos/266518273/large.jpg,cc-by-nc,"(c) Damien Brouste, some rights reserved (CC BY-NC)",-22.1412620464,166.8983316386,291.0,2023-03-05,1525875,damienbr,aa66a669383fcd6e97d360aa12d026d56646dc998acc79475bc0fb7a2ca51ae4,4,Spathoglottis plicata
Spathoglottis plicata,132672,337413672,613372670,https://inaturalist-open-data.s3.amazonaws.com/photos/613372670/large.jpg,cc-by-nc,"(c) Dr Md Abdul Mannan, some rights reserved (CC BY-NC)",23.7615835669,90.3890929424,13.0,2026-02-05,9579993,dr_mannan,b3b700d8532ff66d00c217e6d7e922d7764675344bf6f7f5b14812d70b467190,5,Spathoglottis plicata
Spathoglottis plicata,132672,344130798,626983698,https://inaturalist-open-data.s3.amazonaws.com/photos/626983698/large.jpg,cc-by,"(c) Gabriel, some rights reserved (CC BY)",13.3368806484,144.6694556993,25.0,2026-03-21,9048013,miqeri,4822ed3c7eb54d192979e49192f626393edaa1305365108091084a797faeefb0,6,Spathoglottis plicata
Spathoglottis plicata,132672,142633605,244570464,https://inaturalist-open-data.s3.amazonaws.com/photos/244570464/large.jpeg,cc-by-nc,"(c) milmarts, some rights reserved (CC BY-NC)",16.1234554385,-88.8103668764,35.0,2022-11-15,4896974,milmarts,150ab8aed1c05cf3794f36e462dce98d99a1dc707991b5fe87d04e323f11d2b0,7,Spathoglottis plicata
Spathoglottis plicata,132672,84581266,139026626,https://inaturalist-open-data.s3.amazonaws.com/photos/139026626/large.jpeg,cc-by-nc,"(c) Justin Hawthorne, some rights reserved (CC BY-NC)",16.910266603,121.1404151595,1000.0,2014-09-14,2040203,justinhawthorne,4ec50de0f47e726c16048363b63ae24a4dd232ccdb996bfb0f8bce6f3bb3598e,8,Spathoglottis plicata
Spathoglottis plicata,132672,254687752,456248376,https://inaturalist-open-data.s3.amazonaws.com/photos/456248376/large.jpeg,cc-by,"(c) Mikel Etxeberria Okariz, some rights reserved (CC BY)",4.4204139124,101.2004944682,5.0,2024-12-10,4412019,mikel_etxeberria,7559aea308441e93300a0cfc4bfad2f38b72c7832655921beaf1dc23157fe04f,9,Spathoglottis plicata
Spathoglottis plicata,132672,324820195,587998558,https://inaturalist-open-data.s3.amazonaws.com/photos/587998558/large.jpg,cc-by-nc,"(c) Pete Woodall, some rights reserved (CC BY-NC)",6.433,80.418,500.0,2025-10-08,108966,nyoni-pete,a7e802a9e42fdc42210fb4178fc7422bf2a49db0b183dbbe10fc79a84caf239d,10,Spathoglottis plicata
Spathoglottis plicata,132672,20132353,31048678,https://inaturalist-open-data.s3.amazonaws.com/photos/31048678/large.jpeg,cc-by-nc,"(c) mieked, some rights reserved (CC BY-NC)",-4.119526,-69.9509932,226.0,2018-11-05,1448112,mieked,025785afb5d4a3932e39cd8655b264d355ee744a85ef556c786d58bc7dcf3ad1,11,Spathoglottis plicata
Spathoglottis plicata,132672,20372004,31459028,https://inaturalist-open-data.s3.amazonaws.com/photos/31459028/large.jpg,cc-by,"(c) carnifex, some rights reserved (CC BY)",20.3385896205,-74.5515991113,168.0,2017-02-28,477431,carnifex,eecea2e0954ce92989844623c3ea044f9deb297e1c0b0df8c7fb246241f8da55,12,Spathoglottis plicata
Spathoglottis plicata,132672,20828850,32128018,https://inaturalist-open-data.s3.amazonaws.com/photos/32128018/large.jpg,cc-by-nc,"(c) Liu Idárraga Orozco, some rights reserved (CC BY-NC)",8.574684182,-76.849843031,170.0,2019-01-16,749284,liuid,7eb391db0b3313e9d663a4677a1aeeab854b72af234ad9143badc92f8c457efe,13,Spathoglottis plicata
Spathoglottis plicata,132672,26377729,40956425,https://inaturalist-open-data.s3.amazonaws.com/photos/40956425/large.jpg,cc-by-nc,"(c) Hiromi kobori, some rights reserved (CC BY-NC)",7.4617931619,134.5498978348,5.0,2019-06-04,724922,kobori,8b73dc19d383ed23a7c4a715d90cbe369fdefdb43edc4f4bd35e4181a3121087,14,Spathoglottis plicata
Spathoglottis plicata,132672,290350902,522318762,https://inaturalist-open-data.s3.amazonaws.com/photos/522318762/large.jpg,cc-by-nc,"(c) thierrygoubier, some rights reserved (CC BY-NC)",-6.6051203559,106.9165258805,1100.0,2025-06-15,549967,thierrygoubier,543f77177e1f5bff8c89d32c24cf9997a98b5f61e8c5f87ff8c6de408943439d,15,Spathoglottis plicata
Spathoglottis plicata,132672,380960388,697019582,https://inaturalist-open-data.s3.amazonaws.com/photos/697019582/large.jpg,cc-by-nc,"(c) mukhlishjamal, some rights reserved (CC BY-NC)",0.5217966667,112.9047466667,4.0,2025-10-23,4761939,mukhlishjamal,c3728b276132cb0c57d0cbf8cea978c2abf7ace3fc42a8640c86b53ea81be07c,16,Spathoglottis plicata
Spathoglottis plicata,132672,268131822,481930167,https://inaturalist-open-data.s3.amazonaws.com/photos/481930167/large.jpeg,cc-by-nc,"(c) caspisg, some rights reserved (CC BY-NC)",8.1421094075,122.9522178322,2250.0,2025-04-01,9063934,caspisg,dc4482552030a8df0571d8f918cc46a1fcf8674157d1e674c7a0394430d4d2f6,17,Spathoglottis plicata
Spathoglottis plicata,132672,106453026,178827263,https://inaturalist-open-data.s3.amazonaws.com/photos/178827263/large.jpg,cc-by-nc,"(c) richard crook, some rights reserved (CC BY-NC)",26.9425136,-80.1915996,223.0,2015-08-06,3646548,rwcrook,0f53650934e990e8f5759b9d82f8796e4c4a9f630d72272df2658e65d5602b8c,18,Spathoglottis plicata
Spathoglottis plicata,132672,55116438,87741564,https://inaturalist-open-data.s3.amazonaws.com/photos/87741564/large.jpeg,cc-by-nc,"(c) Steve Maldonado Silvestrini, some rights reserved (CC BY-NC)",18.1804444444,-66.7354583333,10.0,2020-05-12,573470,stevemaldonadosilvestrini,6509b289768160845e10096323183dd027dfd5974539ac1eae29ccfd26fb7793,19,Spathoglottis plicata
Spathoglottis plicata,132672,20837136,32142457,https://inaturalist-open-data.s3.amazonaws.com/photos/32142457/large.jpg,cc-by,"(c) carnifex, some rights reserved (CC BY)",10.4697082439,-84.7276782988,408.0,2015-02-21,477431,carnifex,98d47672bf55a29d7416ccf2e3cb403af0c4fad1ca70be700d09ffd418daa445,20,Spathoglottis plicata
Spathoglottis plicata,132672,9725008,13303833,https://inaturalist-open-data.s3.amazonaws.com/photos/13303833/large.jpg,cc-by-nc,"(c) Morgan Cantrell, some rights reserved (CC BY-NC)",22.2104906489,-159.5963501915,121.0,2007-05-28,386198,morgancantrell,19a2f1267fa09e989d9973845f9952b9dcce32be416ffeaf36455316bf57f03f,21,Spathoglottis plicata
Spathoglottis plicata,132672,125224799,212343232,https://inaturalist-open-data.s3.amazonaws.com/photos/212343232/large.jpeg,cc0,no rights reserved,16.7693463,-62.19184496,7.0,2022-07-07,63000,qgroom,0bf3ae6e6fcfb83958488d7f16b9b49582929d0625e1bb690b53386a0527b07d,22,Spathoglottis plicata
Spathoglottis plicata,132672,97888420,162874964,https://inaturalist-open-data.s3.amazonaws.com/photos/162874964/large.jpeg,cc-by-nc,"(c) venus5026, some rights reserved (CC BY-NC)",1.3105826429,103.815237107,8.0,2021-10-10,453925,venus5026,5f81709722a63ea1cb4f59f733c52b3af92d98ca67a1765b84af12ba5b811e7d,23,Spathoglottis plicata
Spathoglottis plicata,132672,168462493,291959061,https://inaturalist-open-data.s3.amazonaws.com/photos/291959061/large.jpeg,cc-by,"(c) Christoph Moning, some rights reserved (CC BY)",6.8632938506,-73.3849697036,4.0,2023-02-25,2533480,christoph_moning,b5eca0af5e98a1ed86dfa41938422b68976b71294e7448d8cfcff6bb17ca63a4,24,Spathoglottis plicata
Spathoglottis plicata,132672,12821188,18596267,https://inaturalist-open-data.s3.amazonaws.com/photos/18596267/large.jpeg,cc-by,"(c) TOUROULT Julien, some rights reserved (CC BY)",19.612472512,-70.1369759217,1208.0,2008-07-19,963399,touroult,1b7ddc394972915eac3018e56e5b3e29f5d682c94bf12e6d22b62c326bbbc406,25,Spathoglottis plicata
Spathoglottis plicata,132672,327759216,593830621,https://inaturalist-open-data.s3.amazonaws.com/photos/593830621/large.jpg,cc-by-nc,"(c) Diosvelys Saldaña, some rights reserved (CC BY-NC)",7.7424048589,-80.2721821144,100.0,2025-11-22,9950563,velys,6847cc29b7786f492293f0f4bd1bb22c35a7e9aec6e7734cab24b0cc698e968e,26,Spathoglottis plicata
Spathoglottis plicata,132672,332415089,603266211,https://inaturalist-open-data.s3.amazonaws.com/photos/603266211/large.jpg,cc-by-nc,"(c) frx, some rights reserved (CC BY-NC)",1.2397044204,110.2436550334,3.0,2025-12-28,1304965,frx,d1d8b795b88ba4e2390492dbcf69e2fc5ffcfd7c24b86e4e225fca7c6070e687,27,Spathoglottis plicata
Spathoglottis plicata,132672,72136298,117559208,https://inaturalist-open-data.s3.amazonaws.com/photos/117559208/large.png,cc-by-nc,"(c) Pierre-Louis Stenger, some rights reserved (CC BY-NC)",-20.6431522643,164.8640188289,381.0,2020-12-03,3208595,pl_stenger,5545d2297fa6cbb231c56771c6e7632c5c8ea5ad52d2286c853f451e03535a4b,28,Spathoglottis plicata
Spathoglottis plicata,132672,77475495,126707487,https://inaturalist-open-data.s3.amazonaws.com/photos/126707487/large.jpeg,cc-by-nc,"(c) marinou972, some rights reserved (CC BY-NC)",14.6885557175,-61.0713043213,16.0,2021-05-05,2054748,marinou972,f35dd2a1e5f52326caed1c0b83033f1f766a9836ab3413d3a0fa26bb5c30a9c3,29,Spathoglottis plicata
Spathoglottis plicata,132672,328648564,595578759,https://inaturalist-open-data.s3.amazonaws.com/photos/595578759/large.jpg,cc-by-nc,"(c) Jens Thalund, some rights reserved (CC BY-NC)",14.6429025594,121.5343770442,306.0,2025-04-25,7523131,langli,6a31df7ae10a288306753075b5d0eb33e667727ec5da41890749d8df48849f9c,30,Spathoglottis plicata
Spathoglottis plicata,132672,247375122,441803219,https://inaturalist-open-data.s3.amazonaws.com/photos/441803219/large.jpeg,cc-by-nc,"(c) colletteullman, some rights reserved (CC BY-NC)",8.605966,-83.443747,65.0,2024-10-14,7616684,colletteullman,3edd8e8c877384923509e81c39f9d4e6ee2fabea322d1a5c82fee05589bad5fa,31,Spathoglottis plicata
Spathoglottis plicata,132672,386503106,707672451,https://inaturalist-open-data.s3.amazonaws.com/photos/707672451/large.jpg,cc-by-nc,"(c) Mike and Cathy Beamish, some rights reserved (CC BY-NC)",9.8305012954,124.4193613505,400.0,2015-08-22,3927499,bootown-beginners,b3a7fc10ed3832b9e5348e37cccc6e0b423516ab6c04bc430b1f935fae088b45,32,Spathoglottis plicata
Spathoglottis plicata,132672,291971,361502,https://inaturalist-open-data.s3.amazonaws.com/photos/361502/large.jpg,cc-by-nc-sa,"(c) Ron Savage, some rights reserved (CC BY-NC-SA)",19.508651,-72.462801,15.0,2013-05-29,4358,ronsavage,1ac91cf14183ced0c96a1048760143ea886f78d137550f52801e7291d54b0cc7,33,Spathoglottis plicata
Spathoglottis plicata,132672,99257000,165424923,https://inaturalist-open-data.s3.amazonaws.com/photos/165424923/large.jpg,cc-by-nc,"(c) Brent Baker, some rights reserved (CC BY-NC)",20.8785583333,-156.5497583333,3.0,2021-10-18,1454925,brent_baker,2d4d8af59ceb6c8fcffbf7592e85f54535f3bbebaab4831c7ce57d5bd8d1212e,34,Spathoglottis plicata
Spathoglottis plicata,132672,19621496,30210322,https://inaturalist-open-data.s3.amazonaws.com/photos/30210322/large.jpg,cc-by-nc,"(c) Libby Megna, some rights reserved (CC BY-NC)",9.2275916667,-79.3809133333,5.0,2019-01-13,253054,libbymegna,4b3d1952d9307def4b550452de75ebbed454d2d959e56c92b7479296d85cca3d,35,Spathoglottis plicata
Spathoglottis plicata,132672,375617582,686695952,https://inaturalist-open-data.s3.amazonaws.com/photos/686695952/large.jpg,cc-by-nc,"(c) Stephanie Chou, some rights reserved (CC BY-NC)",21.3745416637,-157.8779902653,357.0,2026-06-25,9930601,stephbchou,7bf18cf96ff5ae21a31957053a1b656c3c50cd2eba4148f15880ffa119fdb885,36,Spathoglottis plicata
Spathoglottis plicata,132672,198528891,349934903,https://inaturalist-open-data.s3.amazonaws.com/photos/349934903/large.jpg,cc-by-nc,"(c) Andres Vila, some rights reserved (CC BY-NC)",25.689019,-80.161243,1.0,2024-02-05,4114191,andresvila,8628cdb99d916b2cc5167706e6a63ba9f0d57b19348265855e5e91640155ab0d,37,Spathoglottis plicata
Spathoglottis plicata,132672,253235871,453388350,https://inaturalist-open-data.s3.amazonaws.com/photos/453388350/large.jpg,cc-by-nc,"(c) lunarjade, some rights reserved (CC BY-NC)",3.3493423,101.8270676,1098.0,2021-11-07,3772847,lunarjade,3a0a407ca5e7be1b7b50599138e4084bd9dfb4722ccd34d955ee7ac1fc99b2fd,38,Spathoglottis plicata
Spathoglottis plicata,132672,292987635,527303834,https://inaturalist-open-data.s3.amazonaws.com/photos/527303834/large.jpg,cc-by,"(c) stephaniestvz, some rights reserved (CC BY)",19.379980276,-71.2204399031,334.0,2025-06-26,8618174,stephaniestvz,23481585460fbfa94d162c4078fdf71deeb813d730ac050134d092b83c060410,39,Spathoglottis plicata
Spathoglottis plicata,132672,193358106,339660355,https://inaturalist-open-data.s3.amazonaws.com/photos/339660355/large.jpg,cc-by-nc,"(c) Doralis Rivera Rivera, some rights reserved (CC BY-NC)",18.2688596382,-65.7588463209,14.0,2023-09-08,7282297,doralis_rivera,6a15e377ddea8cc2b70af3c9a03d7a5bcdc20e913f632b2611ef6057bfaaa334,40,Spathoglottis plicata
Spathoglottis plicata,132672,27190252,42279612,https://inaturalist-open-data.s3.amazonaws.com/photos/42279612/large.jpeg,cc-by-nc,"(c) Kyhl Austin, some rights reserved (CC BY-NC)",15.9803052514,-61.707101151,500.0,2019-06-12,302562,pararrhaptica,9047871b78680be3c2f077cbbe7b0c437bf77c78f206ff9bf2a0cee8458ca76c,41,Spathoglottis plicata
Spathoglottis plicata,132672,183919276,320949679,https://inaturalist-open-data.s3.amazonaws.com/photos/320949679/large.jpeg,cc-by,"(c) Jo Roberts, some rights reserved (CC BY)",8.62991798,-80.11586793,8.0,2023-09-18,3920526,bacchusrock,e7a5d26d95d020402a654ef9ecdfb6543c1182438f258913b6f45082ab3d5e45,42,Spathoglottis plicata
Spathoglottis plicata,132672,4564560,5513431,https://inaturalist-open-data.s3.amazonaws.com/photos/5513431/large.jpg,cc-by-nc-sa,"(c) Ron Savage, some rights reserved (CC BY-NC-SA)",18.7473838692,-70.3649425507,122.0,2016-11-12,4358,ronsavage,10b2f85e42a0e2c5e5b8cf5ec9accf1a7c4713205e3f7be91677734a08380f70,43,Spathoglottis plicata
Spathoglottis plicata,132672,253910780,454701795,https://inaturalist-open-data.s3.amazonaws.com/photos/454701795/large.jpeg,cc-by-nc,"(c) Andreas Duckwe, some rights reserved (CC BY-NC)",13.8336240445,-61.0501253688,4.0,2015-04-02,6393156,anduck,49371076610b04156c3d11c30f22c6d34740ccaaa35e65d2017111c9e31e1218,44,Spathoglottis plicata
Spathoglottis plicata,132672,5935406,7436962,https://inaturalist-open-data.s3.amazonaws.com/photos/7436962/large.jpg,cc-by-nc,"(c) Martin Dovciak, some rights reserved (CC BY-NC)",15.3401993914,-61.3095130899,317.0,2017-03-14,52657,mdovciak,d83e0794ca73f0961f7e508682810192beb7bb05a312baab22d0dd38127821b6,45,Spathoglottis plicata
Spathoglottis plicata,132672,253175742,453274041,https://inaturalist-open-data.s3.amazonaws.com/photos/453274041/large.jpeg,cc-by,"(c) Josiah Londerée, some rights reserved (CC BY)",26.3623651469,-80.283605684,15.0,2024-11-26,4573202,gatorhawk,3223daa2f18bceb97e1535c2947c1e70e02aefaeba88922aa482aad0bbe2b36f,46,Spathoglottis plicata
Spathoglottis plicata,132672,327675675,593678336,https://inaturalist-open-data.s3.amazonaws.com/photos/593678336/large.jpg,cc-by-nc,"(c) Mili, some rights reserved (CC BY-NC)",9.0785308532,-80.0513229892,211.0,2025-11-22,9974854,nclyzzz,70cc1d7070312b5a537cf2146da0a62cbbbb67d502115b773e91a7abf8ed1b6d,47,Spathoglottis plicata
Spathoglottis plicata,132672,7554306,9860687,https://inaturalist-open-data.s3.amazonaws.com/photos/9860687/large.jpeg,cc-by-nc,"(c) Cheongweei Gan, some rights reserved (CC BY-NC)",3.7142829714,101.7358285189,15.0,2017-03-11,44170,gancw1,a7ee08c120cc7fd0e95a1c1915ae3a2b88a42563486dce2caa5f686704ecde92,48,Spathoglottis plicata
Spathoglottis plicata,132672,137721177,235267049,https://inaturalist-open-data.s3.amazonaws.com/photos/235267049/large.jpeg,cc-by-nc,"(c) Valentin Nemia, some rights reserved (CC BY-NC)",-22.1371558667,166.5173768252,913.0,2022-10-06,2545447,val91,0e3d718a5476c12e2cb3d3cd2522512c0e936a45db7b961c1e77d5c6a715007a,49,Spathoglottis plicata
Spathoglottis plicata,132672,13466249,19770196,https://inaturalist-open-data.s3.amazonaws.com/photos/19770196/large.jpg,cc-by-nc,"(c) Brian Garrett, some rights reserved (CC BY-NC)",26.6641,-80.331755,24.0,2018-06-15,583599,vladeb,71c840b65522e5ad4f70703799ee19b6da78115b2f73f21815b17a774ea0b0cd,50,Spathoglottis plicata
Spathoglottis plicata,132672,13892023,20516874,https://inaturalist-open-data.s3.amazonaws.com/photos/20516874/large.jpg,cc-by-nc,"(c) pinus_taeda, some rights reserved (CC BY-NC)",22.0638908537,-159.353173529,6.0,2018-06-29,574477,pinus_taeda,51db95fd4c6394f72d1131c809cda7974db4dfde6e5b5ece5bbc93740828c02a,51,Spathoglottis plicata
Spathoglottis plicata,132672,35598654,56151315,https://inaturalist-open-data.s3.amazonaws.com/photos/56151315/large.jpg,cc-by-nc,"(c) Joe MDO, some rights reserved (CC BY-NC)",25.7621196332,-80.4253444746,8.0,2019-11-11,349183,joemdo,089a8c3a04c3444fc0b107398d9489e2722896c98a4d1765565e8f325b7d5691,52,Spathoglottis plicata
Spathoglottis plicata,132672,167682408,290511830,https://inaturalist-open-data.s3.amazonaws.com/photos/290511830/large.jpeg,cc-by-nc,"(c) Robin Heymans, some rights reserved (CC BY-NC)",16.2186704479,-61.6892516105,24.0,2019-06-26,5872426,robin_heymans,896f01f3e3fd325c3d72c53e2f3997a6a901fd4a15662ead69c6837381fb61ea,53,Spathoglottis plicata
Spathoglottis plicata,132672,55116449,87742346,https://inaturalist-open-data.s3.amazonaws.com/photos/87742346/large.jpeg,cc-by-nc,"(c) Steve Maldonado Silvestrini, some rights reserved (CC BY-NC)",18.372375,-66.838775,5.0,2020-05-02,573470,stevemaldonadosilvestrini,141167e7009b4693c7ded75dee222d518a7709f2ec5fa3847e50865aa6fd466b,54,Spathoglottis plicata
Spathoglottis plicata,132672,202779301,358180588,https://inaturalist-open-data.s3.amazonaws.com/photos/358180588/large.jpeg,cc-by-nc,"(c) woody832, some rights reserved (CC BY-NC)",15.52395971,-61.42027635,9.0,2024-03-06,5267990,woody832,6041e4ac3fb9aeada2ed2f0aa9027f6d873697fdd6209b4cc08f6826fd0aff61,55,Spathoglottis plicata
Spathoglottis plicata,132672,9986126,13725462,https://inaturalist-open-data.s3.amazonaws.com/photos/13725462/large.jpg,cc-by,"(c) rappman, some rights reserved (CC BY)",20.510755,-74.67157,5.0,2018-02-18,10999,rappman,76eadc98b4111348ea189aee5be97c563a06504a78c7647e5aee812d12ecfe37,56,Spathoglottis plicata
Spathoglottis plicata,132672,57091282,91034980,https://inaturalist-open-data.s3.amazonaws.com/photos/91034980/large.jpeg,cc-by-nc,"(c) Pierre-Louis Stenger, some rights reserved (CC BY-NC)",-22.2840424556,166.8175712986,3906.0,2008-10-04,3208595,pl_stenger,8bb6f41ffb4f64b60cd1dfe2cf99b3982a8149be06d94c17fa29b5115373ffee,57,Spathoglottis plicata
Spathoglottis plicata,132672,257596434,462130536,https://inaturalist-open-data.s3.amazonaws.com/photos/462130536/large.jpg,cc-by-nc,"(c) kimsr22, some rights reserved (CC BY-NC)",26.5457174171,-80.226866309,4.0,2024-12-19,7775554,kimsr22,51891d9bf1db2edf98e0e31f8ac3f1d6e4f53db1f911f766adb0e6f7261ea303,58,Spathoglottis plicata
Spathoglottis plicata,132672,27132835,42182902,https://inaturalist-open-data.s3.amazonaws.com/photos/42182902/large.jpeg,cc-by-nc,"(c) Kyhl Austin, some rights reserved (CC BY-NC)",14.8099511048,-61.160148487,1000.0,2019-06-05,302562,pararrhaptica,b1662bad2901bcb05cb874673119d097bda9451996ee19b53572332bb90a5cbb,59,Spathoglottis plicata
Spathoglottis plicata,132672,196250929,345463622,https://inaturalist-open-data.s3.amazonaws.com/photos/345463622/large.jpeg,cc-by,"(c) Louis Imbeau, some rights reserved (CC BY)",16.0419016389,-61.6389816667,10.0,2023-12-24,751808,imbeaul,a64f1e7e6a849368dae2993c8d103c10ac49458f99a848a4ad72b6ab11fe7674,60,Spathoglottis plicata
Rubus chamaemorus,153003,255505492,457888119,https://inaturalist-open-data.s3.amazonaws.com/photos/457888119/large.jpeg,cc-by-nc,"(c) fattakhova_olga, some rights reserved (CC BY-NC)",55.8230695871,109.5722387527,3906.0,2022-06-12,7657581,fattakhova_olga,2dbfec77663c73dff7b058a119036b797a34469f1938790bebfc25cfc8a034a8,1,Rubus chamaemorus
Rubus chamaemorus,153003,29179776,45528733,https://inaturalist-open-data.s3.amazonaws.com/photos/45528733/large.jpg,cc-by-nc,"(c) abby_avital, some rights reserved (CC BY-NC)",44.208605,-71.3761533333,10.0,2019-06-18,1782625,abby_avital,9233f2fed4d19022e607f206666971407af42aa1979c97783dee93d173d789d7,2,Rubus chamaemorus
Rubus chamaemorus,153003,281545663,505768476,https://inaturalist-open-data.s3.amazonaws.com/photos/505768476/large.jpg,cc-by-nc,"(c) smeinert, some rights reserved (CC BY-NC)",57.12395876,12.96343971,6.0,2025-05-16,973545,smeinert,ded0dd88827819e68e9c8f0d053f5cd55418c440797a0b5db134dbe7f50b1b49,3,Rubus chamaemorus
Rubus chamaemorus,153003,378833665,692892198,https://inaturalist-open-data.s3.amazonaws.com/photos/692892198/large.jpg,cc-by-nc,"(c) James Bailey, some rights reserved (CC BY-NC)",59.6600993394,-151.4432464021,8.0,2026-06-12,6971,silversea_starsong,4b9bfe304ee403bc678179e8382fb46e6bccddae2a66b52cc1ec71a7ae03d007,4,Rubus chamaemorus
Rubus chamaemorus,153003,120278485,203414483,https://inaturalist-open-data.s3.amazonaws.com/photos/203414483/large.jpeg,cc-by-nc,"(c) Анна Квашнина, some rights reserved (CC BY-NC)",56.8508499362,60.7459160686,123.0,2022-06-04,1936420,naturalist100500,6441b339ddaf9adff594c01115ecfd07e4cb1c4c51ed04e7cbd8725cb63968b0,5,Rubus chamaemorus
Rubus chamaemorus,153003,121441879,205500422,https://inaturalist-open-data.s3.amazonaws.com/photos/205500422/large.jpeg,cc-by,"(c) Lauren Markewicz, some rights reserved (CC BY)",53.90540804,-106.02446623,7.0,2022-06-12,1770111,historyboots,fff86e36568386ae10bfa931a4ec500b48399f2f561c634f64388528696670d3,6,Rubus chamaemorus
Rubus chamaemorus,153003,257129465,461192524,https://inaturalist-open-data.s3.amazonaws.com/photos/461192524/large.jpeg,cc-by-nc,"(c) dune_huus, some rights reserved (CC BY-NC)",64.1823705838,-51.74497962,8.0,2023-07-18,8517372,dune_huus,f59b3e3306bc7762601a66ac90a114d36324914d0a78d036078340846e58a6f0,7,Rubus chamaemorus
Rubus chamaemorus,153003,40527016,64226024,https://inaturalist-open-data.s3.amazonaws.com/photos/64226024/large.jpeg,cc-by-nc,"(c) Игорь Поспелов, some rights reserved (CC BY-NC)",71.59675,106.12361,25.0,2006-07-04,1426686,taimyr,379f2b6bca365cfc28054ae419b17f469529216d2b24bd517f3e845b38763fad,8,Rubus chamaemorus
Rubus chamaemorus,153003,227968492,404471895,https://inaturalist-open-data.s3.amazonaws.com/photos/404471895/large.jpeg,cc-by-nc,"(c) Комарова Ирина, some rights reserved (CC BY-NC)",69.1657385021,35.1824501716,122.0,2024-07-01,3215851,roughingit,ef38fda883ec62649b2ad7e9c56f3257bbcae8ba6c4d603e014909bef306191b,9,Rubus chamaemorus
Rubus chamaemorus,153003,253635821,454181113,https://inaturalist-open-data.s3.amazonaws.com/photos/454181113/large.jpg,cc-by-nc,"(c) Данилова Валерия, some rights reserved (CC BY-NC)",62.563227102,177.2848127795,1953.0,2024-07-04,1390832,valeriya_xoma,5c22389c1d255b27d32771ef7b6f442e17d484d756f25b68a6e3908c6a4a982e,10,Rubus chamaemorus
Rubus chamaemorus,153003,232169317,412439460,https://inaturalist-open-data.s3.amazonaws.com/photos/412439460/large.jpeg,cc-by-nc,"(c) Christophe Turcotte-van de Rydt, some rights reserved (CC BY-NC)",62.9468633333,-82.0197445,3.0,2024-07-26,6196075,quiscale,82553b1975ddcfb9e5dedbfd789da79d4f7ac5930bf8c4cf80ef882c6ae95328,11,Rubus chamaemorus
Rubus chamaemorus,153003,171360324,297347834,https://inaturalist-open-data.s3.amazonaws.com/photos/297347834/large.jpg,cc-by-nc,"(c) Mark Whitcombe, some rights reserved (CC BY-NC)",47.0173221667,-52.8595616667,4.0,2023-07-05,1007428,markwhitcombe,5d48e086e9f53649195e72d291d16b603bc3a678ccd61d9e148bcd0148f23d1d,12,Rubus chamaemorus
Rubus chamaemorus,153003,165303033,286124130,https://inaturalist-open-data.s3.amazonaws.com/photos/286124130/large.jpg,cc-by-nc,"(c) Leonid, some rights reserved (CC BY-NC)",56.4407398748,84.8382105053,8.0,2023-06-03,3910133,sibnaturalist,0e2b2e9aee540596ce8712cd32808121d15fab4cdba44d598a4f13fdd55e5bfe,13,Rubus chamaemorus
Rubus chamaemorus,153003,204247784,360994631,https://inaturalist-open-data.s3.amazonaws.com/photos/360994631/large.jpg,cc-by-nc,"(c) Elena Kapitokhina, some rights reserved (CC BY-NC)",56.7190000157,37.7714548343,30.0,2020-05-28,6900733,perechip,1427bf2b1107b0afbee2fe9ebff7568af2f72a59a7eab98014fa94dd4a4363c1,14,Rubus chamaemorus
Rubus chamaemorus,153003,61041258,97638332,https://inaturalist-open-data.s3.amazonaws.com/photos/97638332/large.jpeg,cc-by-nc,"(c) smilodonichthys, some rights reserved (CC BY-NC)",48.4826901163,-124.0758461681,931.0,2019-05-31,1695455,smilodonichthys,46eb82b1c98ac428200c2fa953375170f04b44a444f70d7f841f2bc564cdb63c,15,Rubus chamaemorus
Rubus chamaemorus,153003,102246243,170875291,https://inaturalist-open-data.s3.amazonaws.com/photos/170875291/large.jpeg,cc-by-nc,"(c) Douglas Tate, some rights reserved (CC BY-NC)",48.6532483333,-88.3410016667,20.0,2021-06-11,738147,dptate,27a5d4c1429376c2d969da96ff31cf666fe6edc9165ecc54945c6a35212d6e1b,16,Rubus chamaemorus
Rubus chamaemorus,153003,201362477,355441947,https://inaturalist-open-data.s3.amazonaws.com/photos/355441947/large.jpg,cc-by-nc,"(c) Данилова Валерия, some rights reserved (CC BY-NC)",71.2190162663,71.54110635,977.0,2023-07-08,1390832,valeriya_xoma,17a868972f80464b2f705d49e65936bc055f0e5db23b438c41aa0e28ef890c60,17,Rubus chamaemorus
Rubus chamaemorus,153003,294316000,529747035,https://inaturalist-open-data.s3.amazonaws.com/photos/529747035/large.jpg,cc-by-nc,"(c) janewebster, some rights reserved (CC BY-NC)",53.5940133333,-64.3109666667,4.0,2025-06-27,1968976,janewebster,b24ca5d44603d8f3d6b2d604002ea0378effe803a36e2f72545dada9d4f920b7,18,Rubus chamaemorus
Rubus chamaemorus,153003,83478513,137109215,https://inaturalist-open-data.s3.amazonaws.com/photos/137109215/large.jpg,cc-by-nc,"(c) jack1591362, some rights reserved (CC BY-NC)",56.7660216667,-4.91828,10.0,2021-05-26,4600566,jack1591362,54f09414fa53aca4117439db84dff5154cbd04d2bb6df006f4340e55a2f53e03,19,Rubus chamaemorus
Rubus chamaemorus,153003,124205586,210500725,https://inaturalist-open-data.s3.amazonaws.com/photos/210500725/large.jpg,cc-by-nc,"(c) Adrian de Groot, some rights reserved (CC BY-NC)",56.9554716667,-130.2779083333,10.0,2022-06-30,1601123,adriandeg,c5ac8c704232b91f504092248850846b54c71b1aa49a9e9e637fa040861b9400,20,Rubus chamaemorus
Rubus chamaemorus,153003,229204334,407040177,https://inaturalist-open-data.s3.amazonaws.com/photos/407040177/large.jpeg,cc-by-nc,"(c) Jozef Sibik, some rights reserved (CC BY-NC)",68.6214916667,-149.6066883333,4.0,2024-07-13,7561871,jozef_sibik,3069effed1e82fa8986a066bc80a8eea14b976d4f044e75ce3e5857ff61850f8,21,Rubus chamaemorus
Rubus chamaemorus,153003,220631392,390650678,https://inaturalist-open-data.s3.amazonaws.com/photos/390650678/large.jpg,cc-by-nc,"(c) ocean_bird, some rights reserved (CC BY-NC)",65.1159103502,17.246518627,4.0,2024-06-05,8135903,ocean_bird,0c8800f084aced5c01b656f5b0849bb7e3303e9237b263842c8fe6c0541b5692,22,Rubus chamaemorus
Rubus chamaemorus,153003,15460568,23196089,https://inaturalist-open-data.s3.amazonaws.com/photos/23196089/large.jpg,cc-by,"(c) Rose Zappa, some rights reserved (CC BY)",64.6220465682,-99.2193153062,122.0,2018-07-26,188597,gonodactylus,84049030d75ec24c77896bc54564e41751957678755192250f18f1b74cf72f3d,23,Rubus chamaemorus
Rubus chamaemorus,153003,248288896,443606254,https://inaturalist-open-data.s3.amazonaws.com/photos/443606254/large.jpg,cc-by-nc,"(c) Степанова Ксения, some rights reserved (CC BY-NC)",61.2665982625,73.3521442365,61.0,2023-06-02,4408680,veksha,fca426394ee9ba8fb705be0ceb2e7ad9e5df31047e197a62d901fe55095f3edd,24,Rubus chamaemorus
Rubus chamaemorus,153003,226464063,401642247,https://inaturalist-open-data.s3.amazonaws.com/photos/401642247/large.jpg,cc-by-nc,"(c) ColinDJones, some rights reserved (CC BY-NC)",54.8439627747,-82.3544587568,9.0,2024-06-21,18062,colindjones,3343c7d54eaa6a84ef601fbf126680bae985aab6b51f784f474256d5c3749fa0,25,Rubus chamaemorus
Rubus chamaemorus,153003,79755012,130659288,https://inaturalist-open-data.s3.amazonaws.com/photos/130659288/large.jpeg,cc-by-nc,"(c) margiris, some rights reserved (CC BY-NC)",54.6382226,24.97189106,7.0,2021-05-22,2969608,margiris,ec5e30c03009eb26d4c8a02048c8cf6cd8a247e37eb31bd58e31c077381926fe,26,Rubus chamaemorus
Rubus chamaemorus,153003,368932089,673874645,https://inaturalist-open-data.s3.amazonaws.com/photos/673874645/large.jpg,cc-by-nc,"(c) igney, some rights reserved (CC BY-NC)",67.6145166667,53.1377555,3.0,2026-06-05,9127813,igney,59e64121f142c11169b67fa472936c508403bc4d9c040f8acc7c3177846fb157,27,Rubus chamaemorus
Rubus chamaemorus,153003,176051533,306019328,https://inaturalist-open-data.s3.amazonaws.com/photos/306019328/large.jpeg,cc-by-nc,"(c) Stephen Petersen, some rights reserved (CC BY-NC)",58.3338001539,-94.3253360808,150.0,2023-07-29,239769,stephenresearch,71b5011d2bfbdb412142c666b4213f4d076fa81d0e022df692a20c144d1afe49,28,Rubus chamaemorus
Rubus chamaemorus,153003,80213239,132827142,https://inaturalist-open-data.s3.amazonaws.com/photos/132827142/large.jpg,cc-by-nc,"(c) kukkajaana, some rights reserved (CC BY-NC)",60.5702583333,26.7084083333,22.0,2021-05-25,4447044,kukkajaana,5b08afb02f756f45a8cebb3b988c16689ffa9dbb951dd86ac18ed0d498c017be,29,Rubus chamaemorus
Rubus chamaemorus,153003,149445859,257521317,https://inaturalist-open-data.s3.amazonaws.com/photos/257521317/large.jpeg,cc-by-nc,"(c) Christophe Buidin, some rights reserved (CC BY-NC)",50.4531933542,-72.1768552055,15.0,2005-06-01,2526168,chriscgr,0ff0800ea983f5c1cf34ddba7945a96c77be4a863767420ba1a22f77e2da3e63,30,Rubus chamaemorus
Rubus chamaemorus,153003,287697742,517311012,https://inaturalist-open-data.s3.amazonaws.com/photos/517311012/large.jpg,cc-by-sa,"(c) Donald Hampton, some rights reserved (CC BY-SA)",63.2056112889,-143.0857312941,4.0,2025-06-06,1876556,akdhampton,c2541fe25715abbf2bf71af805fc70a68b746f715b9f7f976d26ebe9053e76d2,31,Rubus chamaemorus
Rubus chamaemorus,153003,121619642,205822009,https://inaturalist-open-data.s3.amazonaws.com/photos/205822009/large.jpeg,cc-by-sa,"(c) Tyler Smith, some rights reserved (CC BY-SA)",51.73452756,-56.42239324,3.0,2022-06-13,210566,plantarum,a0227f9ff55ff8436de9215dbe7cd639b4350c65dabf4adf3c90117fef613301,32,Rubus chamaemorus
Rubus chamaemorus,153003,168898825,292752168,https://inaturalist-open-data.s3.amazonaws.com/photos/292752168/large.jpg,cc-by-nc,"(c) Alberto Cea, some rights reserved (CC BY-NC)",53.7153486,-114.6737015,177.0,2023-06-17,4505406,ceasol,498e26cc55d0660a4a28040e3116652564c32974fdea23ddecdb2c0ec6fe024c,33,Rubus chamaemorus
Rubus chamaemorus,153003,169229551,293363710,https://inaturalist-open-data.s3.amazonaws.com/photos/293363710/large.jpg,cc-by-nc,"(c) Alexey V. Ivanov, some rights reserved (CC BY-NC)",66.134664632,76.7087236838,31.0,2023-06-24,4984642,wkent,0d37c59209e274ab86dd7515586dd4e1e642ed0a7131358e186995e5237a9a70,34,Rubus chamaemorus
Rubus chamaemorus,153003,27463054,42732441,https://inaturalist-open-data.s3.amazonaws.com/photos/42732441/large.jpg,cc-by-nc,"(c) Michael Butler, some rights reserved (CC BY-NC)",50.00565,-79.8326333333,10.0,2019-06-21,523225,michael_butler,d03990abcc0eab79054bd7b779fae7a9914847b7963527493c830d1bae847683,35,Rubus chamaemorus
Rubus chamaemorus,153003,282007643,506633261,https://inaturalist-open-data.s3.amazonaws.com/photos/506633261/large.jpg,cc-by-nc,"(c) erica campodonico, some rights reserved (CC BY-NC)",60.6453289302,6.4024293051,20.0,2025-05-18,1576766,herbalist-around-the-world,26141f93b866bc4ef079f2b795e04d981bee7aa4149d0889ad3e6bfbf08747b6,36,Rubus chamaemorus
Rubus chamaemorus,153003,39955290,63445141,https://inaturalist-open-data.s3.amazonaws.com/photos/63445141/large.jpeg,cc-by-nc,"(c) sergejseleznev, some rights reserved (CC BY-NC)",58.44421,52.1792036,169.0,2014-05-31,2604842,sergejseleznev,3b3a64824cf4d307fe77944459a2fb196b47095d904aa5a65ace002aa0af1213,37,Rubus chamaemorus
Rubus chamaemorus,153003,280114144,503062096,https://inaturalist-open-data.s3.amazonaws.com/photos/503062096/large.jpeg,cc-by-nc,"(c) Steen Jeppesen, some rights reserved (CC BY-NC)",69.9469992907,23.1866307557,58.0,2024-06-27,4080958,steenj1959,41224134f0de65beb894cbf2b9244d30e69f10ed78e2b4b425519f2d0e83d333,38,Rubus chamaemorus
Rubus chamaemorus,153003,369676720,675285839,https://inaturalist-open-data.s3.amazonaws.com/photos/675285839/large.jpg,cc-by-nc,"(c) Елена, some rights reserved (CC BY-NC)",60.8559671497,63.5233998299,46.0,2026-06-05,1155575,elenabutunina,517fd0ecef2237347cc14cbbf0e251a5749fd0fa4d2e834d2a83da6c992736ca,39,Rubus chamaemorus
Rubus chamaemorus,153003,220999320,391332477,https://inaturalist-open-data.s3.amazonaws.com/photos/391332477/large.jpg,cc-by-nc,"(c) kbumelis, some rights reserved (CC BY-NC)",52.5862883333,-90.382355,3.0,2024-06-06,4064115,kbumelis,bcc1777286e4b33f6122a75f02bfca17f5c84fb8b3c838ed1ac7063425de5441,40,Rubus chamaemorus
Rubus chamaemorus,153003,378986647,693196795,https://inaturalist-open-data.s3.amazonaws.com/photos/693196795/large.jpg,cc-by,"(c) Rachael Benjamin, some rights reserved (CC BY)",57.1033855124,-122.9033839469,4.0,2026-07-05,3595612,rachael_benjamin,be4e1e4a40791097e14d6b3221fa5b8711234d8118f563a80f5273613739563c,41,Rubus chamaemorus
Rubus chamaemorus,153003,286283088,514649729,https://inaturalist-open-data.s3.amazonaws.com/photos/514649729/large.jpg,cc-by-nc,"(c) Irina Butorina, some rights reserved (CC BY-NC)",65.855570194,44.2515422498,15.0,2025-06-01,3254589,irinabutorina,a0c03d73f0862c21f116f92a8fc0ddbc03aadb205be5edec922fb6278cd18808,42,Rubus chamaemorus
Rubus chamaemorus,153003,35041218,55229377,https://inaturalist-open-data.s3.amazonaws.com/photos/55229377/large.jpeg,cc-by-nc,"(c) LYG, some rights reserved (CC BY-NC)",62.2958512,33.9138217,165.0,2018-05-30,2333196,in_lyg,d38f61b28442844c970a0885b240e66e8d020c9f4e09fb7829991f4780d21c0a,43,Rubus chamaemorus
Rubus chamaemorus,153003,118558382,200320078,https://inaturalist-open-data.s3.amazonaws.com/photos/200320078/large.jpg,cc-by-nc,"(c) Наталия Зуева, some rights reserved (CC BY-NC)",57.3566755076,30.7795810454,89.0,2022-05-24,1524915,nat_zouieva,1203cf6a97bfd68834a9119b95a5aaab8b5cff4931c4474518dd54726e4b4e74,44,Rubus chamaemorus
Rubus chamaemorus,153003,330163687,598626302,https://inaturalist-open-data.s3.amazonaws.com/photos/598626302/large.jpg,cc-by,"(c) Dan L., some rights reserved (CC BY)",65.2049562411,26.2888511907,81.0,2025-06-10,1443942,pan_dan_l,936dd093a2abf219fc56a899d893ac0b8e41a43fd05cc8e67eeea4f477bd28a7,45,Rubus chamaemorus
Rubus chamaemorus,153003,119047784,201204777,https://inaturalist-open-data.s3.amazonaws.com/photos/201204777/large.jpg,cc-by-nc,"(c) courtjcam, some rights reserved (CC BY-NC)",45.1515224904,-66.2737889211,61.0,2022-05-27,4570811,courtjcam,496640d2cd5a63b9180b9770802e21693543f9bd75f3f90a5aaa9f67afa25a11,46,Rubus chamaemorus
Rubus chamaemorus,153003,163720701,283199245,https://inaturalist-open-data.s3.amazonaws.com/photos/283199245/large.jpg,cc-by-nc,"(c) Hunter Jackson, some rights reserved (CC BY-NC)",56.9778166667,-111.52008,27.0,2023-05-25,4947477,huntybunty,22743548cd3193db3a1d1936a9e6cae64b1844a8426c43b34bc38db8fd736dd1,47,Rubus chamaemorus
Rubus chamaemorus,153003,186782011,326489203,https://inaturalist-open-data.s3.amazonaws.com/photos/326489203/large.jpg,cc-by-nc,"(c) Judy Hall Jacobson, some rights reserved (CC BY-NC)",59.3462045285,-135.6012944575,1335.0,2020-06-06,40489,ptarmigan,1ef57c53d533a96d04e29bb6e877ffc5ec16cdca678e23419c18c864a36a36a2,48,Rubus chamaemorus
Rubus chamaemorus,153003,173774785,301817819,https://inaturalist-open-data.s3.amazonaws.com/photos/301817819/large.jpg,cc-by-nc,"(c) Gavrik Yury, some rights reserved (CC BY-NC)",66.4363416667,67.5741805556,20.0,2023-07-14,5101937,yury_gavrik,6d4bf061a3fefa8a4766ed5f647657e29bd8ed44a74122928839e38a28558b3e,49,Rubus chamaemorus
Rubus chamaemorus,153003,220463687,390326843,https://inaturalist-open-data.s3.amazonaws.com/photos/390326843/large.jpeg,cc0,no rights reserved,59.8345946772,17.5850772854,406.0,2024-06-04,8016871,ollehanna,4253fae41836359384e862be6c6bc9a266944cfa5e96edc31d07d84a94868bfb,50,Rubus chamaemorus
Rubus chamaemorus,153003,28974724,45195660,https://inaturalist-open-data.s3.amazonaws.com/photos/45195660/large.jpg,cc-by-nc,"(c) Paul Tavares, some rights reserved (CC BY-NC)",50.2650555556,-66.4163333333,5.0,2019-06-23,3181,paultavares,61905723a7f89b990dcd71c4e798e121a3f7b2b473e8d9fcac170a7b20dbc9ff,51,Rubus chamaemorus
Rubus chamaemorus,153003,122086306,206667283,https://inaturalist-open-data.s3.amazonaws.com/photos/206667283/large.jpeg,cc-by-sa,"(c) Tyler Smith, some rights reserved (CC BY-SA)",55.03918598,-58.85957547,4.0,2022-06-16,210566,plantarum,4b7330a7777d8a117bbeb3f60ada6a77a61df6e78b5c7caa2510cbe35ce06677,52,Rubus chamaemorus
Rubus chamaemorus,153003,229593811,407537929,https://inaturalist-open-data.s3.amazonaws.com/photos/407537929/large.jpeg,cc-by-nc,"(c) babene, some rights reserved (CC BY-NC)",63.2701533499,10.3655102509,9.0,2022-06-17,7967787,babene,7df2f5a9d91172a84ebc42a0c4c1a05805f3e55848b4537d96c037ff82de1902,53,Rubus chamaemorus
Rubus chamaemorus,153003,298377605,537454313,https://inaturalist-open-data.s3.amazonaws.com/photos/537454313/large.jpg,cc-by-nc,"(c) cgbb2004, some rights reserved (CC BY-NC)",68.123925,15.59783,5.0,2025-07-16,112851,cgbb2004,130e1df4080f1ba6b31770992ea01c01c865269b00402623709c34f4e6edc1ee,54,Rubus chamaemorus
Rubus chamaemorus,153003,216817094,383489556,https://inaturalist-open-data.s3.amazonaws.com/photos/383489556/large.jpg,cc0,no rights reserved,54.1955716667,-2.0561,4.0,2024-05-19,6402048,mnt99york,cc6a3316ddbd5c1df9fe67d76e165ba9747e6b733085b19a6b9724052d5fb5c2,55,Rubus chamaemorus
Rubus chamaemorus,153003,119443488,201912098,https://inaturalist-open-data.s3.amazonaws.com/photos/201912098/large.jpg,cc-by-nc,"(c) Rozy Bathrick, some rights reserved (CC BY-NC)",58.7315209561,-157.0509239794,1482.0,2022-05-29,2786740,rozyb,3614df5435bf20ff3ab0e6c535e2e2d49c466a9c8698f68446e3f5674b5bdddb,56,Rubus chamaemorus
Rubus chamaemorus,153003,8443366,11247901,https://inaturalist-open-data.s3.amazonaws.com/photos/11247901/large.jpeg,cc-by-nc,"(c) J. Burke Korol, some rights reserved (CC BY-NC)",50.14325,-92.81821,10.0,2017-06-18,533871,burke_korol,78ab1dea80d6ec7071d8d84291e93e8ddee4587a5a554d25533b22cf6ef1bbd0,57,Rubus chamaemorus
Rubus chamaemorus,153003,381483656,698028194,https://inaturalist-open-data.s3.amazonaws.com/photos/698028194/large.jpg,cc-by-nc,"(c) Полина Шкультецкая, some rights reserved (CC BY-NC)",66.4350431865,32.8524574265,763.0,2026-05-30,10083585,polina_shkultetskaya,9eb10fc31ca589b18e17b448e263a06992feeacfcb8b0e8a3543de50f68ad1b4,58,Rubus chamaemorus
Rubus chamaemorus,153003,286399289,514869477,https://inaturalist-open-data.s3.amazonaws.com/photos/514869477/large.jpg,cc-by,"(c) Akr, some rights reserved (CC BY)",65.137435851,-147.950095004,2139.0,2025-06-01,503316,akr,6ab538c65502a292cbc2fe0838972278c3cc86dd930a0a2422c35640628aa096,59,Rubus chamaemorus
Rubus chamaemorus,153003,42465094,67425714,https://inaturalist-open-data.s3.amazonaws.com/photos/67425714/large.jpeg,cc-by-nc,"(c) vladimir_korotkov, some rights reserved (CC BY-NC)",59.4943592277,34.3206549872,122.0,2005-06-08,2751643,vladimir_korotkov,9e231f0f3698b64932e7c150ea96b3c29330bf28e54a47b7f6571cce71bd6eba,60,Rubus chamaemorus
Tridax procumbens,169944,203994809,360505295,https://inaturalist-open-data.s3.amazonaws.com/photos/360505295/large.jpeg,cc-by-nc,"(c) Chris Chadwick, some rights reserved (CC BY-NC)",-17.9576670394,122.2395305926,8.0,2023-08-13,205653,chrisc,d028a013d56b632fdf4e4a3a6e161694f00fa7b48b4b25134b53e539c02d55c1,1,Tridax procumbens
Tridax procumbens,169944,348641675,635877360,https://inaturalist-open-data.s3.amazonaws.com/photos/635877360/large.jpg,cc-by,"(c) Matteo Bellucci, some rights reserved (CC BY)",13.8656540018,-61.0503906917,9.0,2026-04-08,8162663,matteobellu239,bcb7a788d2c9db8d52bc71de29e425cbd5f40b24b48a0f11e9a5b99c082a055a,2,Tridax procumbens
Tridax procumbens,169944,3841948,4498071,https://inaturalist-open-data.s3.amazonaws.com/photos/4498071/large.jpeg,cc-by-nc,"(c) Livia Labate, some rights reserved (CC BY-NC)",-1.9481083333,30.0691683333,7.0,2016-08-09,288029,livlab,d87b10394161efb2791e80be0dbc44a63d8a79481ab4a364988ba011ef7711f4,3,Tridax procumbens
Tridax procumbens,169944,84607837,139075005,https://inaturalist-open-data.s3.amazonaws.com/photos/139075005/large.jpg,cc-by-nc,"(c) Ty Sharrow, some rights reserved (CC BY-NC)",21.5734250375,-158.2763885295,4.0,2021-06-26,760339,sharrow-sparrow,ba31bcfe44ff8da266faf6a91cc975fa445a9d2d4ec8f44f2ae7c3d24c29447c,4,Tridax procumbens
Tridax procumbens,169944,380226367,695604187,https://inaturalist-open-data.s3.amazonaws.com/photos/695604187/large.jpg,cc-by-nc,"(c) Bipasha David, some rights reserved (CC BY-NC)",25.4121637199,81.8486303464,19.0,2026-07-10,9999955,prof_bipasha_david_,cf3c5ae5184492d84ae81f1d2e2d229d4a48f3fae07005be18c4c70ae5aaec2e,5,Tridax procumbens
Tridax procumbens,169944,145004052,249001556,https://inaturalist-open-data.s3.amazonaws.com/photos/249001556/large.jpg,cc-by-nc,"(c) Juan Ramón Manjarrez, some rights reserved (CC BY-NC)",24.8272116667,-107.4512166667,4.0,2022-12-23,458997,juanramonmanjarrez,ee5964fe7816341fb169c132e00a3c3d1d8f0c4bdaed7659134601a969035e1d,6,Tridax procumbens
Tridax procumbens,169944,21395921,33098116,https://inaturalist-open-data.s3.amazonaws.com/photos/33098116/large.jpeg,cc-by-nc,"(c) Liu Idárraga Orozco, some rights reserved (CC BY-NC)",-26.9013816118,-49.1463947296,4.0,2019-03-19,749284,liuid,898e3246f90d26c8d65d0abe00664e4672acbf820e5423040484de3010b12ddc,7,Tridax procumbens
Tridax procumbens,169944,139453228,238534740,https://inaturalist-open-data.s3.amazonaws.com/photos/238534740/large.jpeg,cc-by-nc,"(c) Nancy Scott, some rights reserved (CC BY-NC)",14.74495895,-17.52382363,9.0,2022-10-20,258815,nancysgardens,de66c1c198c6decd98d10c291f2858e1870047971971a725bcb747ba67e29849,8,Tridax procumbens
Tridax procumbens,169944,40068908,63638099,https://inaturalist-open-data.s3.amazonaws.com/photos/63638099/large.jpeg,cc-by-sa,"(c) 台東伍仟, some rights reserved (CC BY-SA)",22.6962318622,121.0197211057,71.0,2020-03-16,2644479,pengwuchien,0bc86d7c5f5f778d1e105c103306bbe01fc5463ae3327749b2acff3334ee2209,9,Tridax procumbens
Tridax procumbens,169944,384134435,703138533,https://inaturalist-open-data.s3.amazonaws.com/photos/703138533/large.jpg,cc-by-nc,"(c) mekushka, some rights reserved (CC BY-NC)",-0.8941377588,-89.6094796333,20.0,2026-07-22,273226,mekushka,02e9f9b8a6ad623910ac0359a0316dd77f341a4f70c3ade900d987353ddb0ce0,10,Tridax procumbens
Tridax procumbens,169944,205497252,363366530,https://inaturalist-open-data.s3.amazonaws.com/photos/363366530/large.jpg,cc0,no rights reserved,-27.4011242501,153.1082260583,4.0,2024-04-05,176845,rich_fuller,5dcbec4c89d0c859ee56b50314ca92e7f3cf1168351d25a163b14197e15c4bc6,11,Tridax procumbens
Tridax procumbens,169944,110641162,186677609,https://inaturalist-open-data.s3.amazonaws.com/photos/186677609/large.jpeg,cc-by-nc,"(c) Peter Vos, some rights reserved (CC BY-NC)",-30.6864258438,30.489939398,4.0,2022-04-05,662724,bushboy,7f45c7a4eb4b37e949fbb2a183f17fb670a2f2794b08a1f169a6ffa16a4f1a4b,12,Tridax procumbens
Tridax procumbens,169944,76512139,125154540,https://inaturalist-open-data.s3.amazonaws.com/photos/125154540/large.jpeg,cc-by-nc,"(c) lunarjade, some rights reserved (CC BY-NC)",3.1169693,101.5235599,214.0,2021-04-30,3772847,lunarjade,c7cdf5651ea8c7c0ba618c24e7f8448fc871451f83734413a7446654cf5eb55f,13,Tridax procumbens
Tridax procumbens,169944,196301045,345553032,https://inaturalist-open-data.s3.amazonaws.com/photos/345553032/large.jpg,cc-by-nc,"(c) Célio Moura Neto, some rights reserved (CC BY-NC)",-3.730922434,-38.5621330238,288.0,2024-01-09,2869,celiomoura,5bff89add0dcff2236ca0a5b34415e81a2c5bc6cd5d0d1d769db880625a5dfca,14,Tridax procumbens
Tridax procumbens,169944,380458023,696043232,https://inaturalist-open-data.s3.amazonaws.com/photos/696043232/large.jpg,cc-by-nc,"(c) kekebird56, some rights reserved (CC BY-NC)",28.7860749554,-81.288575543,3.0,2026-07-11,8696919,kekebird56,5589053d35c4dff65ab2eba9aeba0f321c09c3cc5d866fee4928b69cce769c0d,15,Tridax procumbens
Tridax procumbens,169944,177926074,309521660,https://inaturalist-open-data.s3.amazonaws.com/photos/309521660/large.jpeg,cc-by-nc,"(c) Pete Woodall, some rights reserved (CC BY-NC)",0.814,127.3879,42.0,2023-07-05,108966,nyoni-pete,66706b2dea372abd25bade1c89a70a8fbb31b0d9cb6927c3918bc9c027bd9d40,16,Tridax procumbens
Tridax procumbens,169944,280147397,503129765,https://inaturalist-open-data.s3.amazonaws.com/photos/503129765/large.jpg,cc-by,"(c) Apichart Songsangchun, some rights reserved (CC BY)",20.2774033333,100.0883555,6.0,2025-05-11,5194819,apichart_songsangchun,03aee44372a2f17705f9f58bfecc2dbf82cb128fb541d02f753517955ad87a9e,17,Tridax procumbens
Tridax procumbens,169944,335065403,608624154,https://inaturalist-open-data.s3.amazonaws.com/photos/608624154/large.jpg,cc-by-nc,"(c) mufudzicjunior, some rights reserved (CC BY-NC)",-15.1235110902,39.3644557845,13.0,2026-01-17,7651799,mufudzicjunior,e2379aedff24bb834f62c3cfbae28a191d26df10ecfd2082ab5fa128a51029de,18,Tridax procumbens
Tridax procumbens,169944,276044861,495827980,https://inaturalist-open-data.s3.amazonaws.com/photos/495827980/large.jpeg,cc-by-nc,"(c) Yuly Annette Sánchez, some rights reserved (CC BY-NC)",-17.7777869199,-63.1654332206,212.0,2025-04-28,9209481,yuly_annette,bb2a83b8137062d07ce2505ead237697a8617ad0d66be5e0de288dfcd24e870a,19,Tridax procumbens
Tridax procumbens,169944,375255913,685982507,https://inaturalist-open-data.s3.amazonaws.com/photos/685982507/large.jpg,cc-by-nc,"(c) Adarsh Ajay, some rights reserved (CC BY-NC)",10.5476279063,76.2851471454,5.0,2026-06-14,6061983,adarshajay,f5d469d453c34b82d71cb349d0b571ab5ede5f128abd2b23eb6dc779e6e13ef8,20,Tridax procumbens
Tridax procumbens,169944,111590695,188395454,https://inaturalist-open-data.s3.amazonaws.com/photos/188395454/large.jpeg,cc-by,"(c) Andrés Ramírez-Barrera, some rights reserved (CC BY)",4.818174894,-72.7941328256,350.0,2022-04-15,990532,nicolasr,1a8ae8123003abf7c3eceacb6bd613f8a52459ee6812384e2311a4123741ee07,21,Tridax procumbens
Tridax procumbens,169944,257899667,462654142,https://inaturalist-open-data.s3.amazonaws.com/photos/462654142/large.jpeg,cc-by-nc,"(c) leithallb, some rights reserved (CC BY-NC)",-10.44036,105.68924,200.0,2024-12-13,412258,leithallb,761b2813388e390e62ef664130f834d23f409133b0be9a8fdb3ebca699d7e703,22,Tridax procumbens
Tridax procumbens,169944,37387071,59260633,https://inaturalist-open-data.s3.amazonaws.com/photos/59260633/large.jpeg,cc0,no rights reserved,11.8657051065,-85.9357304871,132.0,2020-01-02,1358070,geralg,848afd1585315cb977ec022c5f7e373c38307aaa422c32b2a00979da4f2f2f2e,23,Tridax procumbens
Tridax procumbens,169944,372826142,681310174,https://inaturalist-open-data.s3.amazonaws.com/photos/681310174/large.jpg,cc-by-nc,"(c) ayeshhjnorilham, some rights reserved (CC BY-NC)",4.9672145164,114.8805122171,9.0,2026-06-18,9440581,ayeshhjnorilham,09fc9b4d6ceeacf776c29d31bd9e89ea1c4daf078e400f90b51509952aafd806,24,Tridax procumbens
Tridax procumbens,169944,251773879,450563870,https://inaturalist-open-data.s3.amazonaws.com/photos/450563870/large.jpg,cc-by-nc,"(c) Manequinho Correia, some rights reserved (CC BY-NC)",-14.0833333,-47.4666667,208.0,2024-10-04,6253068,manequinho,12a8541aef286856cf18224de0693ce7817796228ff24219b9f252aff1a1d75f,25,Tridax procumbens
Tridax procumbens,169944,39706456,63021513,https://inaturalist-open-data.s3.amazonaws.com/photos/63021513/large.jpg,cc-by,"(c) Lera Miles, some rights reserved (CC BY)",1.6155188289,18.065425143,32.0,2020-03-08,10586,lera,f56eab0bdd9d88aed97ce869a448498d67be5a42bdde7824687642b8dc6e354c,26,Tridax procumbens
Tridax procumbens,169944,161283704,278754886,https://inaturalist-open-data.s3.amazonaws.com/photos/278754886/large.jpeg,cc-by-nc,"(c) thephoxinus, some rights reserved (CC BY-NC)",-16.8874312975,145.7624433384,10.0,2023-04-02,2078240,thephoxinus,3b926d68ec7141b363c6c82f27e098f0f45723fec6951daebb033ba2dcc99f4d,27,Tridax procumbens
Tridax procumbens,169944,367718932,671558460,https://inaturalist-open-data.s3.amazonaws.com/photos/671558460/large.jpg,cc-by,"(c) Elliot Greiner, some rights reserved (CC BY)",29.7722948779,-95.390533755,4.0,2026-06-02,292489,elliotgreiner,cae534867205f07bf9f5b5572b409e4772b0352ab70842fc7813aa0c22a7987c,28,Tridax procumbens
Tridax procumbens,169944,323469282,585299308,https://inaturalist-open-data.s3.amazonaws.com/photos/585299308/large.jpg,cc-by-nc,"(c) robburrett, some rights reserved (CC BY-NC)",-20.1918333333,28.5943966667,33.0,2025-10-27,7752651,robburrett,61dead1703e2fd64f7f633141d2a3e7c732eca724216f774b7b568d827c10141,29,Tridax procumbens
Tridax procumbens,169944,155697834,269167759,https://inaturalist-open-data.s3.amazonaws.com/photos/269167759/large.jpeg,cc-by-nc,"(c) Cesar Manrique, some rights reserved (CC BY-NC)",19.4474832119,-96.4038560514,1628.0,2023-04-08,6054646,cesar583,5e0b5fb34ef4ef106ed21ea86de3b489a1976c14e27cbf044c95242662869a9a,30,Tridax procumbens
Tridax procumbens,169944,90249746,149135100,https://inaturalist-open-data.s3.amazonaws.com/photos/149135100/large.jpeg,cc-by-nc,"(c) Ricardo da Silva Ribeiro, some rights reserved (CC BY-NC)",-20.2868018078,-40.4389186206,8.0,2021-05-23,1235939,rickribeiro1,6d79adda3fa56121cf0baa9f2250a4c9c94c9295f858092d4a21f8e67a4e1046,31,Tridax procumbens
Tridax procumbens,169944,360310849,657459301,https://inaturalist-open-data.s3.amazonaws.com/photos/657459301/large.jpg,cc-by-nc,"(c) Prashant Gokarankar, some rights reserved (CC BY-NC)",19.0522581521,72.8627641127,184.0,2026-04-26,8093525,nisarg_shishya,d453b7a1553f3e52a6a4195cf3943f2cd355c697fb0ce2e8e16d300720d7bbb0,32,Tridax procumbens
Tridax procumbens,169944,74874426,122427476,https://inaturalist-open-data.s3.amazonaws.com/photos/122427476/large.jpeg,cc-by-nc,"(c) leofe_marie_villaluna, some rights reserved (CC BY-NC)",9.5706324079,122.5061560795,4989.0,2021-04-22,4245700,leofe_marie_villaluna,6c0dfbec4e726c993c74a3150d860e615a1334ee1d4e2d01dd14dfae7ce86c1e,33,Tridax procumbens
Tridax procumbens,169944,201780461,356250808,https://inaturalist-open-data.s3.amazonaws.com/photos/356250808/large.jpeg,cc-by-nc,"(c) Craig Ontl, some rights reserved (CC BY-NC)",20.2152277815,-87.4290413037,52.0,2024-03-08,469593,crontl72,7c7e384ae6744bed7cb0c14480b796cd24d5502159902b606352b904b2cb1022,34,Tridax procumbens
Tridax procumbens,169944,332026856,602465601,https://inaturalist-open-data.s3.amazonaws.com/photos/602465601/large.jpg,cc-by-nc,"(c) Guilherme Bastos Santos, some rights reserved (CC BY-NC)",-12.1413480446,-38.4161521867,199.0,2025-11-27,4872080,guibastossantos,84627c59ba6dcfd0b139ac56094f0973447941516ff817de1eb69bd45799feed,35,Tridax procumbens
Tridax procumbens,169944,290859623,523274308,https://inaturalist-open-data.s3.amazonaws.com/photos/523274308/large.jpg,cc-by-nc,"(c) zulqarnain_zuqi, some rights reserved (CC BY-NC)",-7.715476491,113.4721263009,61.0,2025-06-11,8351556,zulqarnain_zuqi,e86391087a60f88f994519365de5686f72bb91b2f2be1a42655788fd0f447667,36,Tridax procumbens
Tridax procumbens,169944,375045226,685384549,https://inaturalist-open-data.s3.amazonaws.com/photos/685384549/large.jpg,cc-by-nc,"(c) Homo paraguayensis, some rights reserved (CC BY-NC)",-25.2921555556,-57.6330444444,5.0,2024-06-11,9959338,raulrivarola,cbcea759df9b2fbadc2aefec75ba58852ece9e66695787af7eff737cf886eb9a,37,Tridax procumbens
Tridax procumbens,169944,66731282,107641623,https://inaturalist-open-data.s3.amazonaws.com/photos/107641623/large.jpg,cc-by-nc,"(c) onidiras-iNaturalist, some rights reserved (CC BY-NC)",13.412657152,103.8654192914,442.0,2017-01-20,2027679,onidiras,93894180bbc40dcef7c145c77ac2ec087ed521cbb10e4a9d90b1fd97593150f6,38,Tridax procumbens
Tridax procumbens,169944,356126551,649434570,https://inaturalist-open-data.s3.amazonaws.com/photos/649434570/large.jpg,cc-by-nc,"(c) Gonnuri Hemalatha, some rights reserved (CC BY-NC)",16.7006678067,81.0563222319,184.0,2026-04-28,10411634,gonnuri,d79006f0111700e36250a1181ec7a3e85fe5e97e6315567f4ba0b1a9ddae78af,39,Tridax procumbens
Tridax procumbens,169944,127883846,217157193,https://inaturalist-open-data.s3.amazonaws.com/photos/217157193/large.jpeg,cc-by-nc,"(c) Jennifer Rycenga, some rights reserved (CC BY-NC)",-15.6489185413,-56.1264941965,15.0,2022-07-25,8778,gyrrlfalcon,555b4e85e219a3509e36a5d7c97fcab79f94db0be7a7d26cf12fe6c4c4b2aa46,40,Tridax procumbens
Tridax procumbens,169944,22754670,35263780,https://inaturalist-open-data.s3.amazonaws.com/photos/35263780/large.jpg,cc-by-nc,"(c) elianadetapia, some rights reserved (CC BY-NC)",8.6269438547,-79.8522717038,24.0,2019-04-20,1627246,elianadetapia,f2953a3fce4f26ba83b0aa756f9725e966dd4fae84f331f374141a0d563e08c4,41,Tridax procumbens
Tridax procumbens,169944,202718195,358057515,https://inaturalist-open-data.s3.amazonaws.com/photos/358057515/large.jpeg,cc-by-nc,"(c) Eleniz, some rights reserved (CC BY-NC)",18.3941742893,-66.1740278453,32.0,2024-02-28,7509834,elenizrios,39115500f0632764da08ea1f7bfdae55d4eea8d00df46bbfa36f250d3b27ff9c,42,Tridax procumbens
Tridax procumbens,169944,248415532,443860411,https://inaturalist-open-data.s3.amazonaws.com/photos/443860411/large.jpeg,cc-by-nc,"(c) donkilollol151d182d, some rights reserved (CC BY-NC)",22.4047752849,113.9686260429,46.0,2024-10-21,8674078,donkilollol151d182d,11876b446aa69d9aeed50fc7b6dcc1b011c91d7aaf36a206f5c21015a88f60c3,43,Tridax procumbens
Tridax procumbens,169944,314152090,567387122,https://inaturalist-open-data.s3.amazonaws.com/photos/567387122/large.jpg,cc-by-nc,"(c) Efraín Octavio Aguilar Pérez, some rights reserved (CC BY-NC)",19.2179696665,-104.6850539801,8.0,2025-07-29,1997635,efrain_octavio,941bb3bef69198656c471d3ea4de0e7d351d465a03387d11ec477c92521cbea3,44,Tridax procumbens
Tridax procumbens,169944,254172288,455211066,https://inaturalist-open-data.s3.amazonaws.com/photos/455211066/large.jpeg,cc-by-nc,"(c) E. Tadeo Hernández Almanza, some rights reserved (CC BY-NC)",25.6788001248,-100.4211655632,5.0,2024-12-04,70042,tadeo,5c56d60afbd0f5528ca6fac0cd0aec7d71e5f7bdc44c8844de4d39751faaf666,45,Tridax procumbens
Tridax procumbens,169944,9860692,13508318,https://inaturalist-open-data.s3.amazonaws.com/photos/13508318/large.jpeg,cc-by-nc,"(c) Mike Plagens, some rights reserved (CC BY-NC)",1.2724126015,35.1616058371,435.0,2018-01-05,375489,mjplagens,a10f38878e42c49745c3c5cfdd569932d1c8d59caa88b6e188ef568c7fde0af5,46,Tridax procumbens
Tridax procumbens,169944,368567541,673186559,https://inaturalist-open-data.s3.amazonaws.com/photos/673186559/large.jpg,cc-by-nc,"(c) major_wd, some rights reserved (CC BY-NC)",14.5955283333,121.0643471667,14.0,2026-06-05,7705253,major_wd,72f0b9c6ce4c22bcbbe6234be0dd166c84290ec7d3ea3d69e30cf5ea7ddf8205,47,Tridax procumbens
Tridax procumbens,169944,111713754,188617441,https://inaturalist-open-data.s3.amazonaws.com/photos/188617441/large.jpeg,cc-by-nc,"(c) Everton de Amorim Freitas Filho, some rights reserved (CC BY-NC)",-7.8631655928,-35.4354806989,181.0,2022-04-16,2864756,everton_amorim,a53c26210ae2dd644a5b35e6e79c86520b8a8c42907daaab225e5f1fa4ff4615,48,Tridax procumbens
Tridax procumbens,169944,360082677,657035978,https://inaturalist-open-data.s3.amazonaws.com/photos/657035978/large.jpg,cc-by-nc,"(c) lokesh dhakar, some rights reserved (CC BY-NC)",26.0491266667,76.15728,2.0,2026-05-10,10489536,lokesh3301,fd6a09e1f417be83d85d1df09fb13b5d019aba36b683a535eb5a6a706cfcd9e7,49,Tridax procumbens
Tridax procumbens,169944,149919072,258411530,https://inaturalist-open-data.s3.amazonaws.com/photos/258411530/large.jpg,cc-by-sa,"(c) Emanuele Santarelli, some rights reserved (CC BY-SA)",-3.3918580841,35.8173968416,4.0,2023-02-18,1290751,esant,7948fb660ca1bf7cc945b0d1987ccfb119b33365441a5496232feb5e047596b0,50,Tridax procumbens
Tridax procumbens,169944,365405080,667142720,https://inaturalist-open-data.s3.amazonaws.com/photos/667142720/large.jpg,cc-by-nc,"(c) Phil White, some rights reserved (CC BY-NC)",-26.2006435388,31.9773081174,8.0,2026-05-26,2522140,phil183,0260fb63f71abfb44946fe8cbe866be6adc39dc9f1bfde0344790b7f4b4c54dd,51,Tridax procumbens
Tridax procumbens,169944,251409015,449843307,https://inaturalist-open-data.s3.amazonaws.com/photos/449843307/large.jpeg,cc-by-nc,"(c) Luis de Ossorno, some rights reserved (CC BY-NC)",13.955505,99.5271133333,14.0,2024-11-09,7948882,ossorno,5e3d29be541b01f1ca345ef969001be88f733d2049ecb0d1bd1f2b5954b7eb78,52,Tridax procumbens
Tridax procumbens,169944,260480879,467794372,https://inaturalist-open-data.s3.amazonaws.com/photos/467794372/large.jpg,cc-by-nc,"(c) smathichong, some rights reserved (CC BY-NC)",6.9376083333,100.39508,4.0,2025-02-03,2886775,smathichong,7c6cb0418c92f7c075ccabcd4c2af206e1b2b7fa5a5ae6687912715618f3f359,53,Tridax procumbens
Tridax procumbens,169944,268037510,481754649,https://inaturalist-open-data.s3.amazonaws.com/photos/481754649/large.jpg,cc-by,"(c) Caleb Catto, some rights reserved (CC BY)",-23.8348,151.2534033333,3.0,2025-04-01,1781642,calebcatto,6fdc76d092e4ff62c9568674573afed72bfb4ad58487127904636a7e1dacd3d2,54,Tridax procumbens
Tridax procumbens,169944,352705908,643673774,https://inaturalist-open-data.s3.amazonaws.com/photos/643673774/large.jpg,cc-by-nc,"(c) Dmitre Roldan Rosales, some rights reserved (CC BY-NC)",7.4178966667,125.8262633333,8.0,2026-04-24,10408793,lgutcbic_red,a10c9bba7c3f34975559759993e270124e711eb4105457eaa7e4b49425896eb4,55,Tridax procumbens
Tridax procumbens,169944,125932175,213617642,https://inaturalist-open-data.s3.amazonaws.com/photos/213617642/large.jpeg,cc-by-nc-sa,"(c) Vivek Babu Girija, some rights reserved (CC BY-NC-SA)",12.8799123249,80.2156367898,5.0,2022-07-12,3445865,vivekbgirija,c17546a0188ff54824fd170f7e47aabe92e3430c69f61d0589339218477974cf,56,Tridax procumbens
Tridax procumbens,169944,107413650,180653037,https://inaturalist-open-data.s3.amazonaws.com/photos/180653037/large.jpg,cc-by-nc,"(c) Diego Monsores, some rights reserved (CC BY-NC)",-22.9568866667,-43.402745,205.0,2022-02-24,4068067,monsores_diego,93be8608e790a5d7e5373b021d1d3872fced6d5164f03710121c118e81ebde16,57,Tridax procumbens
Tridax procumbens,169944,198948457,350752012,https://inaturalist-open-data.s3.amazonaws.com/photos/350752012/large.jpeg,cc-by-nc,"(c) wanderingeden, some rights reserved (CC BY-NC)",25.1414312565,-80.9242380184,581.0,2024-02-02,4465482,wanderingeden,b6a27beca0e02e2474ba8690675bd64c44d3921ec8f0b5e96bc19450d27939be,58,Tridax procumbens
Tridax procumbens,169944,332379426,603193120,https://inaturalist-open-data.s3.amazonaws.com/photos/603193120/large.jpg,cc-by-nc,"(c) Rishit, some rights reserved (CC BY-NC)",23.5986099243,73.2032852173,13.0,2025-12-28,8986868,rishitp,ede7838e06aeaa0582fb6160265dae772c8f087a687f736e98857466890fa69b,59,Tridax procumbens
Tridax procumbens,169944,218864649,387338334,https://inaturalist-open-data.s3.amazonaws.com/photos/387338334/large.jpeg,cc-by-nc,"(c) Shilpa Gadgil, some rights reserved (CC BY-NC)",21.0326073479,75.5634707829,198.0,2024-05-26,6793845,shilpagadgil,673745bf67c670cc164d100da91aea66c4b643e41f0c9dad82a696585ef15860,60,Tridax procumbens
Ficaria verna,204321,29768147,46475649,https://inaturalist-open-data.s3.amazonaws.com/photos/46475649/large.jpeg,cc-by-nc,"(c) jabba, some rights reserved (CC BY-NC)",-43.5601984151,172.6008943375,8.0,2019-07-29,1538116,jabba,6ba5d4eaf54bf04cd5aa751d3feba290f0addf9573309f2d4dc016f9f50832d8,1,Ficaria verna
Ficaria verna,204321,197888766,348653442,https://inaturalist-open-data.s3.amazonaws.com/photos/348653442/large.jpeg,cc-by-nc,"(c) Iván, some rights reserved (CC BY-NC)",42.817914,-6.871717,32.0,2024-01-27,3905539,botanica_,fce2a1710d58b0ce89367332b7573538f7ca68fc8ee0bd5427216ea6039cba2a,2,Ficaria verna
Ficaria verna,204321,343343826,625408541,https://inaturalist-open-data.s3.amazonaws.com/photos/625408541/large.jpg,cc-by-nc,"(c) Barbara L. Wilson, some rights reserved (CC BY-NC)",44.5697823167,-123.2807862618,8.0,2026-03-15,1309897,sedgequeen,7518a9c0298fad8ac1e968c98cc5e4b5799a29d7edf7c23a82ba5a8a609ca96c,3,Ficaria verna
Ficaria verna,204321,211990722,374668588,https://inaturalist-open-data.s3.amazonaws.com/photos/374668588/large.jpg,cc-by-nc,"(c) ceaustin, some rights reserved (CC BY-NC)",42.2117063515,-71.1141472226,7.0,2024-04-27,449479,ceaustin,9cc234e3d80459162c2dea9f66297a1b6e28347ea9091790403ebe5d6acc0693,4,Ficaria verna
Ficaria verna,204321,352242623,642900991,https://inaturalist-open-data.s3.amazonaws.com/photos/642900991/large.jpg,cc-by-nc,"(c) Alexander Yakovlev, some rights reserved (CC BY-NC)",56.1481583179,47.2525439411,52.0,2026-04-23,1237850,birdchuvashia,6c47fc9f824f7bd93c3273ad9461d20df55daa16ac5d17695d3b7b263db91c23,5,Ficaria verna
Ficaria verna,204321,261158557,469129861,https://inaturalist-open-data.s3.amazonaws.com/photos/469129861/large.jpeg,cc-by-nc,"(c) Σάββας Ζαφειρίου (Savvas Zafeiriou), some rights reserved (CC BY-NC)",39.2600599412,26.1568514584,4.0,2025-02-02,1470441,savvaszafeiriou,e24e63756ef4bf8a8c38e620152a3a959cdddda4e69a778572d247ebdcabec42,6,Ficaria verna
Ficaria verna,204321,363922746,664321018,https://inaturalist-open-data.s3.amazonaws.com/photos/664321018/large.jpg,cc-by-nc,"(c) John Magne Grindeland, some rights reserved (CC BY-NC)",63.4177566667,10.4879283333,10.0,2026-05-21,534826,jmgrinde,b952d3edc762933ec9a0932c1f034088b4114ec8ad86df865d74c373bb741bc4,7,Ficaria verna
Ficaria verna,204321,348179314,634959055,https://inaturalist-open-data.s3.amazonaws.com/photos/634959055/large.jpg,cc-by-nc,"(c) caitierenee, some rights reserved (CC BY-NC)",38.9871107842,-94.7591523652,4.0,2026-03-26,257778,caitierenee,870fab553c02c9964d1407fffa42fa085ed900f9ae326e3761da0a2b96e50712,8,Ficaria verna
Ficaria verna,204321,345506614,629665875,https://inaturalist-open-data.s3.amazonaws.com/photos/629665875/large.jpg,cc-by-nc,"(c) anetteffm, some rights reserved (CC BY-NC)",50.125667129,8.7321387965,134.0,2026-03-27,2353614,anetteffm,89edbf94eb4bde8cf6d556594a056f2a9b19656318987980f25d2a0a1c0fe751,9,Ficaria verna
Ficaria verna,204321,104808499,175702219,https://inaturalist-open-data.s3.amazonaws.com/photos/175702219/large.jpg,cc-by-nc,"(c) Abi mayache, some rights reserved (CC BY-NC)",36.6972420831,4.6043645254,201.0,2021-02-12,5268796,abimayache,dfb6229c17dd04541caf934857729db06a497bf5deadaf4607e40db3797214fe,10,Ficaria verna
Ficaria verna,204321,348899531,636393320,https://inaturalist-open-data.s3.amazonaws.com/photos/636393320/large.jpg,cc-by-nc,"(c) ptl89, some rights reserved (CC BY-NC)",54.8931021875,23.9092966542,49.0,2026-04-10,7121749,ptl89,5ba9813b8d5bb045135feaac3f0fbd28361310ce600db2d38a181f20eb00148d,11,Ficaria verna
Ficaria verna,204321,85014805,139805979,https://inaturalist-open-data.s3.amazonaws.com/photos/139805979/large.jpg,cc-by-nc,"(c) mkwright, some rights reserved (CC BY-NC)",35.4807652704,-80.9104192184,35.0,2021-03-14,4659083,mkwright,f47015cb83fa283bdd8678ae0b12e4cb2f5b1bab5ee4455d34fd1538e205ff3c,12,Ficaria verna
Ficaria verna,204321,353742973,645384158,https://inaturalist-open-data.s3.amazonaws.com/photos/645384158/large.jpg,cc-by-nc,"(c) Chris Anthony, some rights reserved (CC BY-NC)",55.7722759,-4.8512862,587.0,2026-04-25,8280557,treetop2workshop,9196d5c6f67594d9342c2be98ba330c0ed6398a648bec3639abf09f40704f9d5,13,Ficaria verna
Ficaria verna,204321,350497981,639520546,https://inaturalist-open-data.s3.amazonaws.com/photos/639520546/large.jpg,cc-by,"(c) Andrey Polstianoi, some rights reserved (CC BY)",50.0401411607,36.2360010669,8.0,2026-04-17,5639297,p_andrey,a3733ce06d5428f55f40e78592e376b3137419b5f966d3f523f1bc57f81543a5,14,Ficaria verna
Ficaria verna,204321,202510777,357669902,https://inaturalist-open-data.s3.amazonaws.com/photos/357669902/large.jpg,cc-by-nc,"(c) tree_root, some rights reserved (CC BY-NC)",42.0879166667,14.1986883333,5.0,2024-03-14,3687685,tree_root,011aa11396eca2452c1edcf93f4167ce9462cc32ea0cfd4cd2932f638e3b797e,15,Ficaria verna
Ficaria verna,204321,342740900,624194033,https://inaturalist-open-data.s3.amazonaws.com/photos/624194033/large.jpg,cc-by-nc,"(c) Parragh Katalin, some rights reserved (CC BY-NC)",46.5999459336,24.8274159618,21.0,2026-03-13,10192396,parragh1,cc2d44a5da6805b9b687abfbb49f176ce50c2af4cb51b86bde2dd5495ce166e9,16,Ficaria verna
Ficaria verna,204321,71412788,116266015,https://inaturalist-open-data.s3.amazonaws.com/photos/116266015/large.jpeg,cc-by-nc,"(c) Elendil Cocchi, some rights reserved (CC BY-NC)",43.1896543024,2.0909461631,31.0,2021-03-16,757285,elendil_c,846ebc53da8dbde3c285d77fd680daa6aaa994321cd0af078683a7999e48b5ed,17,Ficaria verna
Ficaria verna,204321,73217136,119510919,https://inaturalist-open-data.s3.amazonaws.com/photos/119510919/large.jpg,cc-by-nc,"(c) Dra. Leah, some rights reserved (CC BY-NC)",42.9980191968,-87.9791491422,55.0,2021-04-07,2750358,draleah,2c7c41a42f2a29f209de8d3f540b4e7d764e4fe16909c0d314543ea6dedd6ff6,18,Ficaria verna
Ficaria verna,204321,113341571,191512713,https://inaturalist-open-data.s3.amazonaws.com/photos/191512713/large.jpg,cc-by-nc,"(c) nour_, some rights reserved (CC BY-NC)",56.4011033808,9.3500054227,5.0,2022-04-29,5587501,nour_,34804ffffb54da485a0f8257facc5f16054e10a7885ec2a3ea407a29e8cb4f10,19,Ficaria verna
Ficaria verna,204321,271707884,488766565,https://inaturalist-open-data.s3.amazonaws.com/photos/488766565/large.jpg,cc-by-nc,"(c) bengilbert111, some rights reserved (CC BY-NC)",43.0276355112,-79.2891334246,77.0,2025-04-20,4462620,bengilbert111,ab33b8c3b4dfb3d74d5a42e7c98c6c585ba842fdb3f7bef29445fed11894b3c9,20,Ficaria verna
Ficaria verna,204321,360197555,657248744,https://inaturalist-open-data.s3.amazonaws.com/photos/657248744/large.jpg,cc-by-nc,"(c) Вадим Рыбаков, some rights reserved (CC BY-NC)",58.6566002323,37.2776167122,15.0,2026-05-09,5295699,vadimrybakov69,753464322f71611f86d5cc8413d117428b11a187cea993a2da9aa6e206029497,21,Ficaria verna
Ficaria verna,204321,389398613,713267191,https://inaturalist-open-data.s3.amazonaws.com/photos/713267191/large.jpg,cc-by-nc,"(c) Michael Dvorak, some rights reserved (CC BY-NC)",47.5913235176,16.608526522,8.0,2023-03-30,10552770,michaeldvorak,c252746a6662f7028f6726a2300ffd5108fded3bdf9d83ce864d382ec14f165b,22,Ficaria verna
Ficaria verna,204321,37372705,59235819,https://inaturalist-open-data.s3.amazonaws.com/photos/59235819/large.jpg,cc-by,"(c) Ludovic Trochadero, some rights reserved (CC BY)",50.169173,-5.107088,2252.0,2020-01-07,615142,lobelia_tupa,36811a2b952909349ed360e1d2074b3290541a7f0626bfbd74029b6fd669409a,23,Ficaria verna
Ficaria verna,204321,45151832,71588346,https://inaturalist-open-data.s3.amazonaws.com/photos/71588346/large.jpg,cc-by-nc,"(c) Laura Hiisivuori, some rights reserved (CC BY-NC)",60.26160833,24.95986167,5.0,2020-04-10,2041716,hiisivuo,26b76f9043d7335e59ca988c49d2e79041260a25d1f22a7108d37f465156750f,24,Ficaria verna
Ficaria verna,204321,203239553,359057662,https://inaturalist-open-data.s3.amazonaws.com/photos/359057662/large.jpg,cc-by-nc,"(c) Beth Preston, some rights reserved (CC BY-NC)",33.4897075408,-86.7490071059,6.0,2024-03-20,2955459,bethspreston,6621b1e7e7f8bedc60cf0100d47f2b5e482601dba60861642c790e3b72a07440,25,Ficaria verna
Ficaria verna,204321,264933298,475790740,https://inaturalist-open-data.s3.amazonaws.com/photos/475790740/large.jpg,cc-by-nc,"(c) j-wren, some rights reserved (CC BY-NC)",52.7538706373,1.3971781666,89.0,2025-03-09,2849539,j-wren,b371ed90b7ec80a0c3376044fd6598a47742f768ee1e05b785ce08146263e853,26,Ficaria verna
Ficaria verna,204321,204740658,361926588,https://inaturalist-open-data.s3.amazonaws.com/photos/361926588/large.jpg,cc-by-nc,"(c) amanda-j, some rights reserved (CC BY-NC)",38.7735341279,-76.7109668226,395.0,2024-03-15,3811685,amanda-j,a787d5423135a765b9bdb673a7d254337c576d36e03a7177fa6089d3eb24ca4c,27,Ficaria verna
Ficaria verna,204321,40720406,64552498,https://inaturalist-open-data.s3.amazonaws.com/photos/64552498/large.jpg,cc-by-nc,"(c) asval, some rights reserved (CC BY-NC)",49.1262798399,-123.0564607831,17.0,2020-03-25,2517421,asval,a9f6b199bebabfc98c4631c8978618e303e58c92a1706919a8163dd7e6837933,28,Ficaria verna
Ficaria verna,204321,307157155,553987620,https://inaturalist-open-data.s3.amazonaws.com/photos/553987620/large.jpg,cc-by-nc,"(c) James Runkle, some rights reserved (CC BY-NC)",39.7846416667,-84.0576166667,17.0,2020-04-07,5729962,jimrunkle,97adeba8885b912ae8993423788e7e7eed44add341f8c74d7e99e0b18641dec4,29,Ficaria verna
Ficaria verna,204321,351176292,640814394,https://inaturalist-open-data.s3.amazonaws.com/photos/640814394/large.jpg,cc-by-nc,"(c) Anton, some rights reserved (CC BY-NC)",50.5510826111,22.0854263306,1.0,2026-04-19,6929270,hobogobbo,b69dcddbbb304bf834c897245582e43609143aef9e696b5eb7663444ef6cf839,30,Ficaria verna
Ficaria verna,204321,336710275,611935394,https://inaturalist-open-data.s3.amazonaws.com/photos/611935394/large.jpg,cc-by-nc,"(c) Mirko Tomasi, some rights reserved (CC BY-NC)",45.827242607,8.8727316633,306.0,2026-01-30,744814,mirko_tomasi,1053777f0dfbfd9fe689807e45fe432b531ae8511cce451d5d31d6711428a5f2,31,Ficaria verna
Ficaria verna,204321,109278386,184149493,https://inaturalist-open-data.s3.amazonaws.com/photos/184149493/large.jpg,cc-by-nc,"(c) Giuseppe, some rights reserved (CC BY-NC)",40.3506604098,9.1873762982,8.0,2022-03-23,1495624,giuseppecsi,853f003d66588bf8d813080978a8f15d802287e6842ce490ba815e2fc00366f7,32,Ficaria verna
Ficaria verna,204321,362253970,661166872,https://inaturalist-open-data.s3.amazonaws.com/photos/661166872/large.jpg,cc-by-nc,"(c) Антон Хохлов, some rights reserved (CC BY-NC)",54.0577464006,36.4876130093,50.0,2026-05-13,9155445,anton_hohlov,1b2723b400c4036aeb4eeef98589bf14bd87a06002ca30acfcb5e2d946c23fc9,33,Ficaria verna
Ficaria verna,204321,323316527,584997447,https://inaturalist-open-data.s3.amazonaws.com/photos/584997447/large.jpg,cc-by-nc,"(c) Emilie G., some rights reserved (CC BY-NC)",48.8054857922,2.0342765003,94.0,2024-03-21,5436032,archeo_tea,a2d9a07c310a6d74ac7ca6e435caae2610cde982d9fff94a81ab31d1ec513ada,34,Ficaria verna
Ficaria verna,204321,273164582,491348473,https://inaturalist-open-data.s3.amazonaws.com/photos/491348473/large.jpeg,cc-by-nc,"(c) Frederic Griesbaum, some rights reserved (CC BY-NC)",52.6392777778,13.4673638889,5.0,2025-04-25,1520878,frederic_griesbaum,e8de00e27e4eb6dbdc0a3ca65dd89444d19383266969744898ecd2836e4facfa,35,Ficaria verna
Ficaria verna,204321,338314972,615217694,https://inaturalist-open-data.s3.amazonaws.com/photos/615217694/large.jpg,cc-by,"(c) Ioannis Magouras, some rights reserved (CC BY)",39.7000466667,21.6421783333,4.0,2026-02-12,3091914,ioannis_magouras,6e31fa9334976625e3674d568aee50ababd62e03a73f9324d97d8bae3aba7684,36,Ficaria verna
Ficaria verna,204321,351950166,642333586,https://inaturalist-open-data.s3.amazonaws.com/photos/642333586/large.jpg,cc-by-nc,"(c) Kai Roos, some rights reserved (CC BY-NC)",53.3523530705,7.7319214493,4.0,2026-04-22,6332454,saratogacv3,ea4565676a88ad8965644907be4e32c659c5de6cee30f4bd09c30523f9af6c3a,37,Ficaria verna
Ficaria verna,204321,349707960,637978689,https://inaturalist-open-data.s3.amazonaws.com/photos/637978689/large.jpg,cc-by-nc,"(c) Mikhail Rusin, some rights reserved (CC BY-NC)",46.2837350761,29.4166367145,24.0,2026-04-12,840119,mikhailrusin,f460cde6214f2739d932031bba7a59acd4263df634817607987b800f6bc541a2,38,Ficaria verna
Ficaria verna,204321,38878598,61827717,https://inaturalist-open-data.s3.amazonaws.com/photos/61827717/large.jpg,cc-by-nc,"(c) michonneau, some rights reserved (CC BY-NC)",46.2715812031,-0.58294334,67.0,2020-02-20,2421611,michonneau,90c25dabbec92383f18655400f5a32d361836b9259858b68e4f706da62361daf,39,Ficaria verna
Ficaria verna,204321,157825496,272822825,https://inaturalist-open-data.s3.amazonaws.com/photos/272822825/large.jpeg,cc-by-nc,"(c) bgaudubon, some rights reserved (CC BY-NC)",35.9387421,-75.7125542,1674.0,2023-03-14,2740046,bgaudubon,f667c4d1d7e09be296dd2717f11808bea232a8c5a08af1aa3fa0a857c9ee3f13,40,Ficaria verna
Ficaria verna,204321,212277022,375140469,https://inaturalist-open-data.s3.amazonaws.com/photos/375140469/large.jpg,cc-by-nc,"(c) asedawidson, some rights reserved (CC BY-NC)",58.8792233441,11.9122936399,4754.0,2024-04-30,5819116,asedawidson,f6857773d9073463477b5e718c26d941383eafb1f8977c9792480bd3bb4f57df,41,Ficaria verna
Ficaria verna,204321,213825154,377898083,https://inaturalist-open-data.s3.amazonaws.com/photos/377898083/large.jpg,cc-by,"(c) Tom Scavo, some rights reserved (CC BY)",44.4871111111,-73.1910861111,4.0,2024-05-01,1168695,trscavo,66e81bcc7a78f887ad132653181c0088ee595ffd4e5d4387d6abe7ee2e449fce,42,Ficaria verna
Ficaria verna,204321,344385900,627488587,https://inaturalist-open-data.s3.amazonaws.com/photos/627488587/large.jpg,cc-by-nc,"(c) anna_michalak, some rights reserved (CC BY-NC)",51.1183034029,17.0729685245,9.0,2026-03-22,9064203,anna_michalak,aadfe37e429903b58f4a1dedff0d9d5f7e0564388e8afa8bf1983b3d958a181f,43,Ficaria verna
Ficaria verna,204321,117285683,198061867,https://inaturalist-open-data.s3.amazonaws.com/photos/198061867/large.jpeg,cc-by-nc,"(c) henrikjensen1962, some rights reserved (CC BY-NC)",55.1894616667,14.74782,8.0,2022-05-16,4679424,henrikjensen1962,9fbad54c2c36734f3a4143d0a8ae17ea02dd0726db3201e0d5bc76f8808f7682,44,Ficaria verna
Ficaria verna,204321,271492869,668304408,https://inaturalist-open-data.s3.amazonaws.com/photos/668304408/large.jpg,cc-by-nc,"(c) oldmanofthewoods, some rights reserved (CC BY-NC)",40.6685916276,-73.9679946266,4.0,2025-04-19,1610019,oldmanofthewoods,cc0b4fdaebfb95980b1e13fc57b42c77c168c27c6b106dc323a37792e61c68b9,45,Ficaria verna
Ficaria verna,204321,345306920,629275208,https://inaturalist-open-data.s3.amazonaws.com/photos/629275208/large.jpg,cc0,no rights reserved,53.2291157256,-2.878766538,39.0,2026-03-26,7336844,ericd02,1e19ca29797b44f051c27fd6dac2edc78524d26b00c7fa75b1da4667a257d38f,46,Ficaria verna
Ficaria verna,204321,195695521,344343640,https://inaturalist-open-data.s3.amazonaws.com/photos/344343640/large.jpeg,cc-by-nc,"(c) Claudia Fernández Bagan, some rights reserved (CC BY-NC)",43.3631661499,-3.4266284513,385.0,2023-12-27,5314918,claudiafb,cb9069346cf6778a31124dcb2503fd6b931c7a60efce2b988e30e39040c44da5,47,Ficaria verna
Ficaria verna,204321,341961196,622626268,https://inaturalist-open-data.s3.amazonaws.com/photos/622626268/large.jpg,cc-by,"(c) Samuele Papeschi, some rights reserved (CC BY)",43.6705763185,10.6525052494,4.0,2026-03-08,6391018,geologyistheway,e83b9bf05f0a4f282a65ab02e44fc7d10f896c10963da7ea1943c7ea1eb25c5d,48,Ficaria verna
Ficaria verna,204321,179937952,313351388,https://inaturalist-open-data.s3.amazonaws.com/photos/313351388/large.jpeg,cc-by-nc,"(c) miro, some rights reserved (CC BY-NC)",-41.1613281,172.8974217,187.0,2023-08-23,257850,miro,12be8adc33244772e89e8e0375c27fd88770ead86d4765fd54f3deee0cd1942b,49,Ficaria verna
Ficaria verna,204321,150727344,259958063,https://inaturalist-open-data.s3.amazonaws.com/photos/259958063/large.jpg,cc-by-nc,"(c) markol3b, some rights reserved (CC BY-NC)",45.3346298925,17.6798991458,1414.0,2023-03-10,6114922,markol3b,5e0079dc3c73e6bd51b631dee9e0073ffb980d719fb1ea5f156aeb04c911b46a,50,Ficaria verna
Ficaria verna,204321,199291715,351433831,https://inaturalist-open-data.s3.amazonaws.com/photos/351433831/large.jpeg,cc-by-nc,"(c) Samuel Duarte, some rights reserved (CC BY-NC)",40.5060310101,-7.5675405745,17.0,2024-02-14,1619904,samuelduarte,b59f3a02f032bb72ad3eb1781c9cea8d7d30c1860c7247fca67a08b883404dc3,51,Ficaria verna
Ficaria verna,204321,73399099,119824922,https://inaturalist-open-data.s3.amazonaws.com/photos/119824922/large.jpg,cc-by-nc,"(c) bwhiteley, some rights reserved (CC BY-NC)",41.4306216667,-81.847825,10.0,2021-04-09,169099,bwhiteley,ea85bf627533af34c32a2d732ac340499e614ea29016fe6b99059ef8cce34ea0,52,Ficaria verna
Ficaria verna,204321,347818772,634246388,https://inaturalist-open-data.s3.amazonaws.com/photos/634246388/large.jpg,cc-by-nc,"(c) Elke, some rights reserved (CC BY-NC)",50.9180335999,3.7635273933,3.0,2026-04-06,1920662,elkeschietse,356cdccc6dd14c3113d606c8fabf9bd6ffd53f18639718281aae1728f1ba1aa2,53,Ficaria verna
Ficaria verna,204321,351934667,642304697,https://inaturalist-open-data.s3.amazonaws.com/photos/642304697/large.jpg,cc-by-nc,"(c) Александр Опалев, some rights reserved (CC BY-NC)",56.6352399868,39.1743814945,3.0,2026-04-22,1033437,alexopalev,d4ec27e7e846d4bfbf3cbc968fdf05c45c52929b02da2c05fbbf5dbb0960a8e6,54,Ficaria verna
Ficaria verna,204321,265428192,476761590,https://inaturalist-open-data.s3.amazonaws.com/photos/476761590/large.jpg,cc-by-nc,"(c) rotras_m, some rights reserved (CC BY-NC)",45.7849216667,12.0407695,2.0,2025-03-15,5975476,rotras_m,52cc1071e40d1ca442dc7d1cebb347bb576045a85b88d07a8223db51d88d49cb,55,Ficaria verna
Ficaria verna,204321,350661569,639838237,https://inaturalist-open-data.s3.amazonaws.com/photos/639838237/large.jpg,cc-by-nc,"(c) Richey Nguyen, some rights reserved (CC BY-NC)",42.44994401,-76.4705854376,3.0,2026-04-16,9704005,richey1,f682d66edb19c06d86e9bf63551a2fe9bdfdf245bd6571880e9f0cd51c5348dd,56,Ficaria verna
Ficaria verna,204321,341715497,622138377,https://inaturalist-open-data.s3.amazonaws.com/photos/622138377/large.jpg,cc-by-nc,"(c) James Bull, some rights reserved (CC BY-NC)",48.0974388333,7.978325,3.0,2026-03-07,8470204,james_bull,408be48cdea4a283e5702de3b3f2bc9f9ddb18530d88f451721aa95f57af5844,57,Ficaria verna
Ficaria verna,204321,41230406,65389590,https://inaturalist-open-data.s3.amazonaws.com/photos/65389590/large.jpg,cc-by-nc,"(c) zekee, some rights reserved (CC BY-NC)",35.1613914779,-85.3676401289,1146.0,2020-03-18,2429816,zekee,684422f51471070e0c8b05feb20ed97d75029beb0d5a8ba45a01cdff6a31e1d9,58,Ficaria verna
Ficaria verna,204321,262696083,471782205,https://inaturalist-open-data.s3.amazonaws.com/photos/471782205/large.jpeg,cc-by-nc,"(c) Sandro Dujmović, some rights reserved (CC BY-NC)",43.511475,16.5374016667,9.0,2025-02-22,8823174,skalonja,4eaa867426c76dca79b78aaccac7cb47edb57d28b1767259a48028b021a7567f,59,Ficaria verna
Ficaria verna,204321,76580440,125259828,https://inaturalist-open-data.s3.amazonaws.com/photos/125259828/large.jpeg,cc-by-nc,"(c) ogwi, some rights reserved (CC BY-NC)",51.2377589456,-0.6780651212,103.0,2021-05-02,3186985,ogwi,8ebc409c13afc737b959dc6b166c08409b068e01c01379ce99ab441908283eea,60,Ficaria verna
Turnera subulata,327909,385096939,704991615,https://inaturalist-open-data.s3.amazonaws.com/photos/704991615/large.jpg,cc-by-nc,"(c) peterwu, some rights reserved (CC BY-NC)",7.3423616667,134.4763466667,14.0,2026-07-24,5087630,peterwu,275bc9c1dc829f4f5ae520bbd3853ed84b813face86ccb1a90501b3a23401ca2,1,Turnera subulata
Turnera subulata,327909,267051351,479868890,https://inaturalist-open-data.s3.amazonaws.com/photos/479868890/large.jpeg,cc-by-nc,"(c) Kauanny, some rights reserved (CC BY-NC)",-5.4052105401,-47.8158624843,59.0,2023-12-21,9011654,kauanny_22,167184e01c75162871719360277501179c0b1d03c141120a482661d5882b5150,2,Turnera subulata
Turnera subulata,327909,11204529,15884827,https://inaturalist-open-data.s3.amazonaws.com/photos/15884827/large.jpg,cc-by-nc,"(c) Antonio Xeira, some rights reserved (CC BY-NC)",15.5132355138,73.8703536987,488.0,2017-12-12,291972,axeira,080cfab5f2e8a422809ba2e0ee1462ca7f756decedc8c5381da205409312f2f4,3,Turnera subulata
Turnera subulata,327909,100197149,167196316,https://inaturalist-open-data.s3.amazonaws.com/photos/167196316/large.jpg,cc-by,"(c) Jared Shorma, some rights reserved (CC BY)",26.1798716667,-98.3662866667,10.0,2021-11-03,491170,blazeclaw,f56a3813b938ed8c09f71398d5b77e2fc077bdd4ecdcf5ce5a40875b9ae15f9a,4,Turnera subulata
Turnera subulata,327909,372013536,679746809,https://inaturalist-open-data.s3.amazonaws.com/photos/679746809/large.jpg,cc-by-nc,"(c) Jeancarlos Macias, some rights reserved (CC BY-NC)",-2.1516310732,-79.9570910191,31.0,2026-06-15,10589542,jeancarlos49386,dfbc81fd442840f415f2bb83ada50375a6c3714bcfd285e18d9f4bfe48cf8fdf,5,Turnera subulata
Turnera subulata,327909,7788581,10237500,https://inaturalist-open-data.s3.amazonaws.com/photos/10237500/large.jpeg,cc-by-nc,"(c) Yvette Mersia Manoe, some rights reserved (CC BY-NC)",-6.6428214,106.8237374,1701.0,2017-09-02,581718,yvettemanoe,20f2b1663736150d8570147a78457eba47706258ccd18a1c3956e4b7ac7d3414,6,Turnera subulata
Turnera subulata,327909,336050754,610602381,https://inaturalist-open-data.s3.amazonaws.com/photos/610602381/large.jpg,cc-by-nc,"(c) Anthony Kurek EntSocVic, some rights reserved (CC BY-NC)",-19.1360278333,146.8690033333,5.0,2026-01-25,3883711,a_kurek,65ad95cc285f551aa2e5276f0ab7faaa5b7bb07cd79bc64d173d616a70d5468c,7,Turnera subulata
Turnera subulata,327909,64926722,104449288,https://inaturalist-open-data.s3.amazonaws.com/photos/104449288/large.jpg,cc-by-nc,"(c) onidiras-iNaturalist, some rights reserved (CC BY-NC)",20.911143805,107.0176309343,1589.0,2017-01-22,2027679,onidiras,5b88f97f18103cd941d08e2e6295e741a7151c1ea907a3f3d972f9675e21e9b9,8,Turnera subulata
Turnera subulata,327909,351229748,640902858,https://inaturalist-open-data.s3.amazonaws.com/photos/640902858/large.jpg,cc-by,"(c) Wolfgang Ahlmer, some rights reserved (CC BY)",16.1529248688,-61.7682598332,8.0,2026-04-04,7153552,wolfgang_ahlmer,a48254a7ad9f1c0433b8b0cfab4885b6cdf2b321fb3e60716ea53a94608b20c0,9,Turnera subulata
Turnera subulata,327909,180133002,313722522,https://inaturalist-open-data.s3.amazonaws.com/photos/313722522/large.jpeg,cc-by-nc,"(c) fabianamb, some rights reserved (CC BY-NC)",-17.7988416667,-63.16177,8.0,2023-08-25,7302267,fabianamb,b1780952eaf52fa463a898a0435617d8af7ea354c238e9d50a32cf734242c56d,10,Turnera subulata
Turnera subulata,327909,340080689,618793660,https://inaturalist-open-data.s3.amazonaws.com/photos/618793660/large.jpg,cc-by-nc,"(c) Ronaldo Pinheiro, some rights reserved (CC BY-NC)",-22.9574500085,-43.0348754791,50.0,2026-02-24,4897748,ronaldopinheiro,6411e4c95ee2c1f74efd80bb613ed12d7e468a0c87c09ae31646df3ad2b69d7b,11,Turnera subulata
Turnera subulata,327909,223021278,395121382,https://inaturalist-open-data.s3.amazonaws.com/photos/395121382/large.jpg,cc-by-nc,"(c) larvalfishguy, some rights reserved (CC BY-NC)",28.090347594,-80.5715818398,23.0,2024-06-15,6893799,larvalfishguy,c1a94ecb2b2a77d60220ef6c01ee99c0edbe0e36bb73c93289b2596510d56c94,12,Turnera subulata
Turnera subulata,327909,236314598,420401514,https://inaturalist-open-data.s3.amazonaws.com/photos/420401514/large.jpeg,cc-by-nc,"(c) charlesavenengo, some rights reserved (CC BY-NC)",-3.8327736172,-32.3977176345,8.0,2024-08-12,690411,charlesavenengo,fe04d93b1e379f9425195f36f7c090c7b2f88a99acfb9028bcd8b88d0f414d66,13,Turnera subulata
Turnera subulata,327909,337326577,613189569,https://inaturalist-open-data.s3.amazonaws.com/photos/613189569/large.jpg,cc-by-nc,"(c) Sophia Riveros, some rights reserved (CC BY-NC)",11.0088138833,-74.8992166667,2.0,2026-02-04,10108974,sophia84793,d5147bc004e389c378bcaf05a0f7a712603600ef63fdcecf6848ab8e09e2aeda,14,Turnera subulata
Turnera subulata,327909,290285914,522192555,https://inaturalist-open-data.s3.amazonaws.com/photos/522192555/large.jpg,cc-by-nc,"(c) Mark Angelo Cruz, some rights reserved (CC BY-NC)",15.871459272,120.2275199443,203.0,2025-06-17,9023976,mark_angelo2,dad6050142abacd68777a2a60e0fbfb8b0bccf118d627caaa5fc3af2d1b8a5fc,15,Turnera subulata
Turnera subulata,327909,361140488,659060530,https://inaturalist-open-data.s3.amazonaws.com/photos/659060530/large.jpg,cc-by-nc,"(c) Leticia Nepomuceno, some rights reserved (CC BY-NC)",2.8132883333,-60.7357666667,9.0,2026-05-13,10514137,letnepomuceno,b0cb4588335f92f1cf186068fe03f8c8197c9b9774bedcc2ee0c1ef3e4b535bb,16,Turnera subulata
Turnera subulata,327909,385532255,705564691,https://inaturalist-open-data.s3.amazonaws.com/photos/705564691/large.jpg,cc-by-nc,"(c) Raphael Sant' Ana, some rights reserved (CC BY-NC)",-12.9489489459,-38.4136734137,1.0,2026-07-21,7735296,rphlaae,6cbd1212ef5adf47127e2f8fd9082a6ff5d0dcb9cde03ca5a10bb487eac1989f,17,Turnera subulata
Turnera subulata,327909,266860046,479501885,https://inaturalist-open-data.s3.amazonaws.com/photos/479501885/large.jpeg,cc-by-nc,"(c) Kin Kỳ Ơii, some rights reserved (CC BY-NC)",10.7297172546,106.6095581055,19.0,2025-03-25,5727176,kinkyoii,a8e08d2baca78b05b927057598b32686cadc8e7e521195d159f346109eb2a4bc,18,Turnera subulata
Turnera subulata,327909,379892620,694950743,https://inaturalist-open-data.s3.amazonaws.com/photos/694950743/large.jpg,cc-by-nc,"(c) claudiagarnica, some rights reserved (CC BY-NC)",10.315575,-84.8163083333,4.0,2026-07-09,8524716,claudiagarnica,757e37bf289d5cfac63b4342fc019fce14ca877cd160e720003ec75aa023260f,19,Turnera subulata
Turnera subulata,327909,106018722,178016913,https://inaturalist-open-data.s3.amazonaws.com/photos/178016913/large.jpg,cc-by-nc,"(c) nickjvirga, some rights reserved (CC BY-NC)",-0.9049143407,-89.6104811369,7.0,2022-02-02,5310256,nickjvirga,dd32399b647f2e3c567493a2cd2f6b454ebdbc42a1c8bc1aebd73ff7ab46d62e,20,Turnera subulata
Turnera subulata,327909,106489787,178895457,https://inaturalist-open-data.s3.amazonaws.com/photos/178895457/large.jpg,cc-by-nc,"(c) Lilian Tomazelli, some rights reserved (CC BY-NC)",-12.3820733,-54.936976,2148.0,2022-01-22,3112862,lilatomazelli,63ccbd4843df54fd7cbd0a6b5c8217714c663a31790c9f1dfb8b81ac37ce469e,21,Turnera subulata
Turnera subulata,327909,383682375,702263033,https://inaturalist-open-data.s3.amazonaws.com/photos/702263033/large.jpg,cc-by-nc,"(c) mickael lima, some rights reserved (CC BY-NC)",-8.70927,-63.8962583333,3.0,2026-07-13,10745210,mickael16434,63d1c81301fd759c88d6ea88c2c0781a2f53e7522c8a89e8b3b396d434ca8b4c,22,Turnera subulata
Turnera subulata,327909,325784727,589913983,https://inaturalist-open-data.s3.amazonaws.com/photos/589913983/large.jpg,cc-by-nc,"(c) railson, some rights reserved (CC BY-NC)",-7.634629999,-72.6664366667,20.0,2025-11-08,7062933,railsonlcruz,df3a4d4f9f1870c0552ed828e11c725e02b538f9c379ff8630aaf4344f61d381,23,Turnera subulata
Turnera subulata,327909,387448689,709488233,https://inaturalist-open-data.s3.amazonaws.com/photos/709488233/large.jpg,cc-by-nc,"(c) Andy Moeller, some rights reserved (CC BY-NC)",-8.5359772952,115.2632292273,4.0,2026-07-15,10827696,andy35750,150717c0a935568c7d5170f0608021a18acec0fc2cb3870bdaf685838499866a,24,Turnera subulata
Turnera subulata,327909,107753523,181291357,https://inaturalist-open-data.s3.amazonaws.com/photos/181291357/large.jpeg,cc-by-nc,"(c) arielgamzcruz, some rights reserved (CC BY-NC)",21.080266499,-75.899685882,2504.0,2022-02-27,5391054,arielgamzcruz,0512ca7de768b1dd732adcc8452e3463e175cdbfa26caf57b88935b4ab45dc33,25,Turnera subulata
Turnera subulata,327909,275347757,494813255,https://inaturalist-open-data.s3.amazonaws.com/photos/494813255/large.jpeg,cc-by-nc,"(c) Andiappan Lakshmanan, some rights reserved (CC BY-NC)",8.4336739,77.5914923,2359.0,2025-04-28,9191278,andiappan,db05524c48c8642fda18e94a658afcbb7699a76939d2c648fa988001151bf012,26,Turnera subulata
Turnera subulata,327909,105430505,176896007,https://inaturalist-open-data.s3.amazonaws.com/photos/176896007/large.jpeg,cc-by-nc,"(c) Anthony HAROLDY, some rights reserved (CC BY-NC)",-20.64413,-51.1046933333,3.0,2022-01-23,5318624,arauto7,f9a8d068cdeaea48ca6976ffb536d78cf78b41a6f156907f55531eb261fc00a6,27,Turnera subulata
Turnera subulata,327909,181041344,315467060,https://inaturalist-open-data.s3.amazonaws.com/photos/315467060/large.jpg,cc-by-nc,"(c) vkutty, some rights reserved (CC BY-NC)",-2.4567133333,-54.7645616667,4.0,2023-08-31,5380290,vkutty,8b0162ca62ac5b7bd5fa3b5c800295c72411465714da90c50b1f936120329b62,28,Turnera subulata
Turnera subulata,327909,132278621,225240137,https://inaturalist-open-data.s3.amazonaws.com/photos/225240137/large.jpeg,cc-by-nc,"(c) Isaque Amaral, some rights reserved (CC BY-NC)",-4.155068342,-40.7622854412,6.0,2022-08-25,1079548,demetrius_96,ac00d021697b09d2408f69e20f454fa64a94415f091ec3002021482cea85e25c,29,Turnera subulata
Turnera subulata,327909,12129491,17404096,https://inaturalist-open-data.s3.amazonaws.com/photos/17404096/large.jpg,cc0,no rights reserved,3.777525,-76.7211083333,5.0,2018-05-04,1378,crawfordaj,83dc6ce605a74ca89ac0ffca2d13d5a32e71e80f79f50f26e3b7121bde902e26,30,Turnera subulata
Turnera subulata,327909,376594089,688575377,https://inaturalist-open-data.s3.amazonaws.com/photos/688575377/large.jpg,cc-by-nc,"(c) Yuliana Adarve Londoño, some rights reserved (CC BY-NC)",1.9117557833,-67.0708118167,1.0,2026-06-29,10716022,moonlee325,1d190c23414c07501b1da2aa8c68af7242b9671ebbf3a1ba760287c4cdc96457,31,Turnera subulata
Turnera subulata,327909,396122926,726404904,https://inaturalist-open-data.s3.amazonaws.com/photos/726404904/large.jpg,cc-by-sa,"(c) Wallace Carneiro Almeida, some rights reserved (CC BY-SA)",-15.7084671341,-47.8516003276,145.0,2026-08-31,5567148,wallacedalmeida,249f797195b55acfdcc9c0c732d5f97fdc3ccaca2d3eae1787ffbcebef87cdc6,32,Turnera subulata
Turnera subulata,327909,380189216,695531328,https://inaturalist-open-data.s3.amazonaws.com/photos/695531328/large.jpg,cc-by-nc,"(c) Hareesha A S, some rights reserved (CC BY-NC)",13.62936087,79.39280689,3.0,2026-07-11,862610,hareeshaas,85dd50d7a0801136655770b4e2cb0d151d65bb7f2fc0c236fe22d7808414e04c,33,Turnera subulata
Turnera subulata,327909,237785713,423239080,https://inaturalist-open-data.s3.amazonaws.com/photos/423239080/large.jpeg,cc-by-nc,"(c) oozzy1128, some rights reserved (CC BY-NC)",21.9272,101.2521366667,3.0,2024-08-25,8472064,oozzy1128,870a67785359d09a9ec83e48c5637c7e0d4cd4d41b5a44a80b5e11054b8e997d,34,Turnera subulata
Turnera subulata,327909,327840526,593993010,https://inaturalist-open-data.s3.amazonaws.com/photos/593993010/large.jpg,cc-by-nc,"(c) OLIVIA GONCALVES TENORIO, some rights reserved (CC BY-NC)",-3.07839847,-60.00785326,4.0,2025-11-23,9960382,olivia28961,b15ae18e3a3e90e2f706aa3ddf90e68a749bda3baf8cbf26367ba7624f1559f1,35,Turnera subulata
Turnera subulata,327909,78455975,128475871,https://inaturalist-open-data.s3.amazonaws.com/photos/128475871/large.jpeg,cc-by,"(c) Maria Janeiro, some rights reserved (CC BY)",8.4839128042,-79.9480731796,7.0,2021-05-12,4253236,maria1890,5da1fd848ab9405ad2c40c649fb9505a0e81ad1ac2858ae4b6cb3019c64ba0ad,36,Turnera subulata
Turnera subulata,327909,37804813,60006073,https://inaturalist-open-data.s3.amazonaws.com/photos/60006073/large.jpeg,cc-by-nc-sa,"(c) Basílio Maciel, some rights reserved (CC BY-NC-SA)",-8.9343074315,-35.1686123013,10.0,2020-01-19,932082,basiliomaciel,8073dd8b8e2cae4cc711e75db2ca2897e265640dcdd00fb41427b2d1c42b6579,37,Turnera subulata
Turnera subulata,327909,138749523,237194398,https://inaturalist-open-data.s3.amazonaws.com/photos/237194398/large.jpg,cc-by-nc,"(c) Nil Rodrigues, some rights reserved (CC BY-NC)",-18.8459902569,-41.9232037343,488.0,2022-07-05,6229664,nilrodrigues,a92a7ddec4a15dd739f25955bc491099c3dddd41a4d1bc27e5f8bf762ff4117d,38,Turnera subulata
Turnera subulata,327909,36880434,58372618,https://inaturalist-open-data.s3.amazonaws.com/photos/58372618/large.jpg,cc-by-nc,"(c) marina000, some rights reserved (CC BY-NC)",-1.4259625,-48.4442984,211.0,2019-10-06,2496459,marina000,5b82d1a20e7cb87861d4df596e63acf4f7347e9037b96de1e86106c7e42c49e8,39,Turnera subulata
Turnera subulata,327909,381251897,697580014,https://inaturalist-open-data.s3.amazonaws.com/photos/697580014/large.jpg,cc-by-nc,"(c) Agung Bagas Mahendra, some rights reserved (CC BY-NC)",-7.7793661209,110.6580574203,20.0,2026-07-14,10173284,agung_bagas,4ffbc928b102606efec6028bdc0130b22538bd70d03ccae9446b51e4237833f2,40,Turnera subulata
Turnera subulata,327909,376077217,687582482,https://inaturalist-open-data.s3.amazonaws.com/photos/687582482/large.jpg,cc-by,"(c) Shikha Sreenivas, some rights reserved (CC BY)",17.4554329202,78.3367299289,304.0,2026-06-28,3997785,shixtwix_,e3905a1d759e5e0f90f1bf65acdd8a980d02c379100e9c4659084e740c972e4d,41,Turnera subulata
Turnera subulata,327909,363161400,662889696,https://inaturalist-open-data.s3.amazonaws.com/photos/662889696/large.jpg,cc-by-nc,"(c) liviasampaio, some rights reserved (CC BY-NC)",-2.55328,-44.3061716667,5.0,2026-05-19,9132245,liviasampaio,442c575c6a3a70375f527e4e163926bf9bc60dc8c0852e1c5641c7bb24d6728e,42,Turnera subulata
Turnera subulata,327909,103580036,173391827,https://inaturalist-open-data.s3.amazonaws.com/photos/173391827/large.jpeg,cc-by-nc,"(c) Marcel Carita Vaz, some rights reserved (CC BY-NC)",-22.3641947502,-47.3643612119,22.0,2021-06-26,705612,mcvaz,8e3a469c6f67afe27dad67cabb924bb61a930c24c7a922990ecc20afb08c86e2,43,Turnera subulata
Turnera subulata,327909,352478412,643340208,https://inaturalist-open-data.s3.amazonaws.com/photos/643340208/large.jpg,cc0,no rights reserved,11.9829165508,75.365629904,213.0,2026-04-24,8482068,abhinavjeevank,62ab781c2f7942318df8083dd0ccac8229855935305ec7cf1ff819f296cc1013,44,Turnera subulata
Turnera subulata,327909,130660031,222237092,https://inaturalist-open-data.s3.amazonaws.com/photos/222237092/large.jpeg,cc-by-nc,"(c) Ana Clarice Borges Lopes, some rights reserved (CC BY-NC)",-5.6296463133,-36.9156979769,211.0,2022-08-13,6000211,anac24,8ece01fe4b2ee8828373e0b8d57971d8417bcc706b007070c9e0000c37e286bf,45,Turnera subulata
Turnera subulata,327909,395076843,724365561,https://inaturalist-open-data.s3.amazonaws.com/photos/724365561/large.jpg,cc-by-nc,"(c) Lazaro Araujo, some rights reserved (CC BY-NC)",-19.25772494,-45.81432888,5.0,2026-08-27,10576649,lazaro51384,6c81efca64e3cd6a7073cfc815a77b5495a393b6ca4febde07dfe15f10dc5e60,46,Turnera subulata
Turnera subulata,327909,388013850,710583756,https://inaturalist-open-data.s3.amazonaws.com/photos/710583756/large.jpg,cc-by-nc,"(c) David Caloren, some rights reserved (CC BY-NC)",-0.4738611117,-76.984,14.0,2024-12-11,3224283,mrdingo,6e5c57e1a492f10521e61e15e7d385494a2d54a3918e42ddb1cd179bef678fa7,47,Turnera subulata
Turnera subulata,327909,102600284,171548063,https://inaturalist-open-data.s3.amazonaws.com/photos/171548063/large.jpg,cc-by-nc,"(c) Douglas Napier, some rights reserved (CC BY-NC)",-15.5704770741,-56.0541083435,23.0,2021-12-06,3954473,dougallii,3b48fca811254a2ff950ec2781d21ac04c064bb50244cfa5a3c520f3cf344d79,48,Turnera subulata
Turnera subulata,327909,34525968,54345961,https://inaturalist-open-data.s3.amazonaws.com/photos/54345961/large.jpeg,cc-by-nc-sa,"(c) Gabriel Camilo Jaramillo Giraldo, some rights reserved (CC BY-NC-SA)",6.5382728611,-75.0781881991,8.0,2019-10-03,86081,camilojotage,8423690a04cb5b6d0d31eda77390f85ad5e6b3c49bee742a574a0faf364f6afb,49,Turnera subulata
Turnera subulata,327909,346820082,632259246,https://inaturalist-open-data.s3.amazonaws.com/photos/632259246/large.jpg,cc-by-nc,"(c) aaliyah-campbell, some rights reserved (CC BY-NC)",18.0209510619,-76.7596785622,41.0,2026-03-28,7373137,aaliyah-campbell,4db2fe4c795df9ffea9d22c8914810885bb6e24f5871337122619b49ce4a2280,50,Turnera subulata
Turnera subulata,327909,80250964,131516869,https://inaturalist-open-data.s3.amazonaws.com/photos/131516869/large.jpeg,cc-by-nc,"(c) Carla Urbina, some rights reserved (CC BY-NC)",-7.1341426243,-39.5948070288,210.0,2021-05-25,3542499,urbinaurbana,9519e79a58041016dc6d02a11e06c69766859d9c8a60ae37c258c97ae0d0332f,51,Turnera subulata
Turnera subulata,327909,79938684,130972774,https://inaturalist-open-data.s3.amazonaws.com/photos/130972774/large.jpeg,cc-by-nc,"(c) lindamot, some rights reserved (CC BY-NC)",8.2662518928,-82.8744048905,13.0,2021-05-23,4454882,lindamot,856c34c68ae684f2bb29ad01cf324a44f6967af9986700f39769a32eae27255a,52,Turnera subulata
Turnera subulata,327909,77461982,126685592,https://inaturalist-open-data.s3.amazonaws.com/photos/126685592/large.jpg,cc-by-nc,"(c) carlosdosanjos, some rights reserved (CC BY-NC)",-9.3446850118,-38.0243199545,4.0,2021-05-05,1416067,carlosdosanjos,b2c8b1a60876c483e87794d4ab125d3e2f589722283e659f31cb2a6e1349203f,53,Turnera subulata
Turnera subulata,327909,362776860,662151942,https://inaturalist-open-data.s3.amazonaws.com/photos/662151942/large.jpg,cc-by-nc,"(c) kathaydias, some rights reserved (CC BY-NC)",-3.2108083333,-52.212575,8.0,2026-05-18,10556930,kathaydias,39f321a9fe58ccae646c5247ac86c54996e13991ef340c918ca6b88dd52b73e1,54,Turnera subulata
Turnera subulata,327909,375705805,686868310,https://inaturalist-open-data.s3.amazonaws.com/photos/686868310/large.jpg,cc-by,"(c) Ashwin Srinivasan, some rights reserved (CC BY)",11.0243055,79.8553466667,5.0,2026-06-26,264913,ash2016,6417db3a50674a74a7f01908ecd398cd838f6ee5f0e787c83de6670c30cf84ea,55,Turnera subulata
Turnera subulata,327909,261842145,470497185,https://inaturalist-open-data.s3.amazonaws.com/photos/470497185/large.jpeg,cc-by-nc,"(c) Andreas Duckwe, some rights reserved (CC BY-NC)",13.8329869105,-61.0504614562,4.0,2015-04-07,6393156,anduck,7f539fe854645a3ed0a41b1e7be75e0ccc6d8b2b32299ec60998f71b6ce6aaf1,56,Turnera subulata
Turnera subulata,327909,319762895,578059442,https://inaturalist-open-data.s3.amazonaws.com/photos/578059442/large.jpg,cc-by-nc,"(c) juan pablo campá, some rights reserved (CC BY-NC)",-3.7407466667,-38.452295,5.0,2025-10-09,6092996,jpcampa,ad6247d1f3a9e29ed695b790ace2a188651133f88c37ee1c8639ff1641593889,57,Turnera subulata
Turnera subulata,327909,164106586,283901607,https://inaturalist-open-data.s3.amazonaws.com/photos/283901607/large.jpeg,cc-by-nc,"(c) Lente Ecológica, some rights reserved (CC BY-NC)",-21.7364318226,-41.0262095394,15.0,2023-03-18,6051981,lenteecologica,971edf7ff1a05800d5b1988e788dea98386213a0f6aa371b5d22261d939eaa1e,58,Turnera subulata
Turnera subulata,327909,112450592,189933021,https://inaturalist-open-data.s3.amazonaws.com/photos/189933021/large.jpeg,cc-by-nc,"(c) Eric Fischer Rempe, some rights reserved (CC BY-NC)",-17.734691,-48.625795,7.0,2022-04-22,1699754,ericfischerrempe,13dcc5e70a18dd6a0726c8b696e2cc3390b3d8457c93c96491e05a43e3e47396,59,Turnera subulata
Turnera subulata,327909,344899033,628471324,https://inaturalist-open-data.s3.amazonaws.com/photos/628471324/large.jpg,cc-by-nc,"(c) Maria Pesenti, some rights reserved (CC BY-NC)",-21.2270299492,-44.9805479497,65.0,2026-03-12,10211009,maria52181,86356fe2a197704cdcb2da81860b321cdb73dc039054ea00b80740ee28eeb5c3,60,Turnera subulata
Scaevola taccada,363481,193139479,339232084,https://inaturalist-open-data.s3.amazonaws.com/photos/339232084/large.jpeg,cc-by-nc,"(c) Robin Heymans, some rights reserved (CC BY-NC)",16.241998,-61.176784,92.0,2023-11-16,5872426,robin_heymans,770551f0a5690524f6055a74f14bebdc550759f898c249011d351a02b726cc90,1,Scaevola taccada
Scaevola taccada,363481,359896340,656652030,https://inaturalist-open-data.s3.amazonaws.com/photos/656652030/large.jpg,cc-by-nc,"(c) morgan-rae, some rights reserved (CC BY-NC)",-12.4088333208,130.8272784623,1131.0,2026-04-26,5137072,morgan-rae,34e6428a63ea23c58c43866bbd99c19229aa76a1605105d32b2754e3b8b8f912,2,Scaevola taccada
Scaevola taccada,363481,188231534,329382134,https://inaturalist-open-data.s3.amazonaws.com/photos/329382134/large.jpeg,cc-by-nc,"(c) Emilie Vallez, some rights reserved (CC BY-NC)",-11.577506,47.2972775,1693.0,2022-05-01,5379387,milievllz,e9a910f025556e9d94e55015c269b8f875fe531824b9acd31c733b02dce211f6,3,Scaevola taccada
Scaevola taccada,363481,37940133,60223468,https://inaturalist-open-data.s3.amazonaws.com/photos/60223468/large.jpg,cc-by-nc,"(c) Douglas J. Long, some rights reserved (CC BY-NC)",19.295507432,-155.0977227466,10.0,2020-01-24,1831095,douglasglobal,57044a0a7ef492952cfc8b561e8ed2864375c5a0f7c730660c50c81d7672842f,4,Scaevola taccada
Scaevola taccada,363481,353502014,644990944,https://inaturalist-open-data.s3.amazonaws.com/photos/644990944/large.jpg,cc-by-nc,"(c) Samragni Bhattacharyya, some rights reserved (CC BY-NC)",22.5555110209,88.2883426912,31.0,2026-04-24,10036793,be_samragni,a4aa7ac35f049d58e43e70c555f8dd14fad1f2542923d49e1fdce9448aa37b8f,5,Scaevola taccada
Scaevola taccada,363481,191624809,336209906,https://inaturalist-open-data.s3.amazonaws.com/photos/336209906/large.jpeg,cc0,no rights reserved,20.5945466536,-105.2413257631,8.0,2023-11-20,5403537,drew_baxter,cefcf3f26483d9ff6bc43a067dd28d27e81546fa9739a9b43693dff65c87810e,6,Scaevola taccada
Scaevola taccada,363481,65463387,105365952,https://inaturalist-open-data.s3.amazonaws.com/photos/105365952/large.jpeg,cc-by-nc,"(c) Pierre-Louis Stenger, some rights reserved (CC BY-NC)",-21.6283736477,167.9465858515,15.0,2020-11-06,3208595,pl_stenger,e5e07ead22b57309acbcc7f622499c3fa223e683daf7d07e2595be6fbdd8178e,7,Scaevola taccada
Scaevola taccada,363481,124851775,211665684,https://inaturalist-open-data.s3.amazonaws.com/photos/211665684/large.jpeg,cc-by-nc,"(c) 堀内伸一, some rights reserved (CC BY-NC)",26.395275,127.9935694444,3.0,2022-05-06,1878015,shangpan,9aee84047c1b40ecfe9cee719464f7ff5e459117ac8b116259876214a3c62368,8,Scaevola taccada
Scaevola taccada,363481,13450919,19742308,https://inaturalist-open-data.s3.amazonaws.com/photos/19742308/large.jpeg,cc-by-nc,"(c) Cheongweei Gan, some rights reserved (CC BY-NC)",1.2065726117,103.774780081,312.0,2009-10-10,44170,gancw1,f2c656fb04d062e3094d6cc24cc2bd75657d9bcacbeb72de058449a269648f29,9,Scaevola taccada
Scaevola taccada,363481,36448307,57614108,https://inaturalist-open-data.s3.amazonaws.com/photos/57614108/large.jpg,cc-by-nc,"(c) Susan J. Hewitt, some rights reserved (CC BY-NC)",26.4365419233,-82.1258481313,5.0,2019-12-07,50920,susanhewitt,e811bc815fa2d0a6ed56dcd6e918a8483ef377824cb6be24088af6005af2cd5e,10,Scaevola taccada
Scaevola taccada,363481,366204944,668668365,https://inaturalist-open-data.s3.amazonaws.com/photos/668668365/large.jpg,cc-by-nc,"(c) Vicki Pelton, some rights reserved (CC BY-NC)",13.2716288416,144.7479582578,421.0,2026-05-27,225026,perkypika9,8eb90911adb8aead6c2df2f99b20d623c4a60b2ab99ea52af9a0a3224e73e792,11,Scaevola taccada
Scaevola taccada,363481,194431698,341767217,https://inaturalist-open-data.s3.amazonaws.com/photos/341767217/large.jpg,cc-by-nc,"(c) Wang Tianshan, some rights reserved (CC BY-NC)",18.4126778263,109.9516885034,156.0,2023-12-17,7002138,wangtianshan,a51694656443c69d0044cc9b2320410a97e25f6b6f839addf846f9c4d3dc580c,12,Scaevola taccada
Scaevola taccada,363481,184271229,321628125,https://inaturalist-open-data.s3.amazonaws.com/photos/321628125/large.jpeg,cc-by-nc,"(c) Shevon Wijegunarathne, some rights reserved (CC BY-NC)",6.1990863,81.2104935,216.0,2023-08-05,5900064,bimsarawijegunarathne,f98d5bfe4e2903f669351b2ba14069c6f84026e4894a8567368e513e1709e79b,13,Scaevola taccada
Scaevola taccada,363481,113318238,191475182,https://inaturalist-open-data.s3.amazonaws.com/photos/191475182/large.jpeg,cc-by-nc,"(c) Alan McArthur, some rights reserved (CC BY-NC)",-19.118154,146.858439,4.0,2016-11-14,5504171,alzym,2e91fcfe00ee02dff69d87f8492a8bae699bac69b0c0c2000473aa742a90278c,14,Scaevola taccada
Scaevola taccada,363481,339268911,617144044,https://inaturalist-open-data.s3.amazonaws.com/photos/617144044/large.jpg,cc-by-nc,"(c) Noam Markus, some rights reserved (CC BY-NC)",9.873295,126.1172945,3.0,2026-02-19,3600587,noammarkus,2253807bad6da3bbdd949dd190b0766d17fdc9df5be5cfa3aa2efc03d40af2a4,15,Scaevola taccada
Scaevola taccada,363481,64661739,103988248,https://inaturalist-open-data.s3.amazonaws.com/photos/103988248/large.jpg,cc-by-nc,"(c) Uday Agashe, some rights reserved (CC BY-NC)",19.180854833,72.9666790559,96.0,2020-11-08,2119456,udayagashe,468d35d17b5188619a8029e72f629712e57ba63429829da47d46ab149379f1e8,16,Scaevola taccada
Scaevola taccada,363481,271424454,488233645,https://inaturalist-open-data.s3.amazonaws.com/photos/488233645/large.jpg,cc-by-nc,"(c) David Lundgren, some rights reserved (CC BY-NC)",-20.2312860226,57.8066443798,44.0,2025-04-19,2178859,david_lundgren,142c003aeeb0053afd1a5c6b32841255d4898e6f41f4d3c153c78bafff32c978,17,Scaevola taccada
Scaevola taccada,363481,201652340,356000494,https://inaturalist-open-data.s3.amazonaws.com/photos/356000494/large.jpeg,cc-by-nc,"(c) Mike and Cathy Beamish, some rights reserved (CC BY-NC)",-10.4638854849,105.7076762257,65.0,2023-12-07,3927499,bootown-beginners,40ef034313e64d54251d6dd163cdc7767421b025885e9593d28575ff915a5f83,18,Scaevola taccada
Scaevola taccada,363481,45463650,72094415,https://inaturalist-open-data.s3.amazonaws.com/photos/72094415/large.jpeg,cc-by-nc,"(c) Katarina Stenman, some rights reserved (CC BY-NC)",12.0011668978,92.9991013503,4371.0,2011-01-07,29452,kstenman,d4449161298f3712c7a3c80e6ca34ab29f42ea18342f4d15532ba2ddab91ae79,19,Scaevola taccada
Scaevola taccada,363481,192283961,337518770,https://inaturalist-open-data.s3.amazonaws.com/photos/337518770/large.jpeg,cc-by-nc,"(c) Pete Woodall, some rights reserved (CC BY-NC)",-1.16991,129.80135,1000.0,2023-10-17,108966,nyoni-pete,a38b06134052de26cf43bd306e9c142ad5cabd484f258c2132b4aca196aa0103,20,Scaevola taccada
Scaevola taccada,363481,78813007,129028501,https://inaturalist-open-data.s3.amazonaws.com/photos/129028501/large.jpeg,cc-by-nc,"(c) Adeline Hii, some rights reserved (CC BY-NC)",3.1839091,113.0356375,600.0,2021-05-15,379381,adelinehii,2acd93270a99af48942034269a5d2b36f55af6054813878de0051b17d61ff90f,21,Scaevola taccada
Scaevola taccada,363481,104105850,174399231,https://inaturalist-open-data.s3.amazonaws.com/photos/174399231/large.jpeg,cc-by-nc,"(c) Carlos G Velazco-Macias, some rights reserved (CC BY-NC)",18.6968496879,-87.7156152204,25.0,2021-12-27,16744,aztekium,dcd850c87773c1c240a87bab41f757dd15350e6b00cebec75d98de9b3ce1fb7c,22,Scaevola taccada
Scaevola taccada,363481,14972078,22330638,https://inaturalist-open-data.s3.amazonaws.com/photos/22330638/large.jpeg,cc-by-nc,"(c) Maria Conchita, some rights reserved (CC BY-NC)",26.148575,-97.1717083333,5.0,2018-07-30,706720,sunnyspi,42d37ff740069b79bb690e1e85c93795b68d3f42e5e8a6e0b4b9ac6c80690a90,23,Scaevola taccada
Scaevola taccada,363481,58189960,92879182,https://inaturalist-open-data.s3.amazonaws.com/photos/92879182/large.jpeg,cc-by-nc,"(c) sfrancis02, some rights reserved (CC BY-NC)",18.4461238646,-77.2232815996,132.0,2020-08-31,3543643,sfrancis02,5997e2ceba80c51bb0d1b5f82581e6bdc81ed674b8f9f566dfc88034248d958e,24,Scaevola taccada
Scaevola taccada,363481,160923348,278110710,https://inaturalist-open-data.s3.amazonaws.com/photos/278110710/large.jpeg,cc-by,"(c) luluchouette, some rights reserved (CC BY)",11.9671225131,102.3092264852,13.0,2023-03-07,3925978,luluchouette,df25281be327d07133b0f45e46b888c7a1978d01adb1f358a320789d3373a785,25,Scaevola taccada
Scaevola taccada,363481,296214006,533347694,https://inaturalist-open-data.s3.amazonaws.com/photos/533347694/large.jpg,cc-by-nc,"(c) 歐陽秀華, some rights reserved (CC BY-NC)",23.558289,119.5776427,2074.0,2025-07-08,1730676,sh1025,300013c0da57a7810a2cbef7b02af1c490e430d9aac5f7232da44efdeb90a1be,26,Scaevola taccada
Scaevola taccada,363481,151960945,262275442,https://inaturalist-open-data.s3.amazonaws.com/photos/262275442/large.jpeg,cc-by,"(c) Roger Rittmaster, some rights reserved (CC BY)",12.2405009701,-68.356356988,244.0,2023-03-12,27795,rogerritt,d80077e15108cbe87fc2f53f70e40b61941f0a950d99b2d7d5e32e9cba828e85,27,Scaevola taccada
Scaevola taccada,363481,310430460,560271611,https://inaturalist-open-data.s3.amazonaws.com/photos/560271611/large.jpg,cc-by-nc-sa,"(c) Vivek.N.Rathod, some rights reserved (CC BY-NC-SA)",17.642338553,83.255597502,66.0,2025-08-31,4179939,vivek32,db2c89c93a910a226c00a76b666cc3cd3f7eafb87cb7364b51d8591b64df5df2,28,Scaevola taccada
Scaevola taccada,363481,281303672,505306478,https://inaturalist-open-data.s3.amazonaws.com/photos/505306478/large.jpg,cc-by-nc,"(c) Tom Radocy, some rights reserved (CC BY-NC)",18.8267233333,-68.596935,2.0,2025-05-15,6627312,tomnatprairie,55ad17ca621e1f9865d01561ef024d616d3548a730225184838a5f63e7ac2992,29,Scaevola taccada
Scaevola taccada,363481,86344105,142228197,https://inaturalist-open-data.s3.amazonaws.com/photos/142228197/large.jpeg,cc-by-nc,"(c) Pete Woodall, some rights reserved (CC BY-NC)",-23.4422976,151.9148004,514.0,2011-09-25,108966,nyoni-pete,afb77bb3ec202a74c85bbd0c9914d19d42d70eb47ca23d5073de351961721335,30,Scaevola taccada
Scaevola taccada,363481,349451557,637473505,https://inaturalist-open-data.s3.amazonaws.com/photos/637473505/large.jpg,cc0,no rights reserved,13.223465,74.7376816667,4.0,2026-04-13,5043,haneesh,a3c3b9724a5c59f5097a1b604a519ba57201657358ba3bc80324fbaa9c21a4ee,31,Scaevola taccada
Scaevola taccada,363481,250548473,448123436,https://inaturalist-open-data.s3.amazonaws.com/photos/448123436/large.jpeg,cc-by-nc,"(c) Luis de Ossorno, some rights reserved (CC BY-NC)",8.5708166667,97.6378633333,30.0,2024-11-04,7948882,ossorno,11aa50eda01721c3f47d2892b5bf090136185f65a574e9436e6543f1f5b8a05a,32,Scaevola taccada
Scaevola taccada,363481,206759266,365648422,https://inaturalist-open-data.s3.amazonaws.com/photos/365648422/large.jpeg,cc-by-nc,"(c) Ria Vogels, some rights reserved (CC BY-NC)",1.7451388889,125.1555111111,3.0,2022-10-29,3582490,ria-vogels,53e0b0318bc6e7cbaec0e8582f76565d3366974b2ea5bf2d18369c8040456eae,33,Scaevola taccada
Scaevola taccada,363481,30160027,47103561,https://inaturalist-open-data.s3.amazonaws.com/photos/47103561/large.jpg,cc-by-nc,"(c) PK Yeung, some rights reserved (CC BY-NC)",22.510409897,113.9481840744,426.0,2019-05-22,319338,pkyeung,83116ead505fdb97666095a74638a3ec9cf1a554e727ea76ae6b0ea40c3356e4,34,Scaevola taccada
Scaevola taccada,363481,161889559,279856076,https://inaturalist-open-data.s3.amazonaws.com/photos/279856076/large.jpeg,cc-by-nc,"(c) otes, some rights reserved (CC BY-NC)",22.2125333333,-159.5930333333,4.0,2023-02-20,2862231,otes,6962797e4450bc427c4851bcc2ec5c99d7dbee762ddeffc88168fb0c7e435938,35,Scaevola taccada
Scaevola taccada,363481,378973797,693173639,https://inaturalist-open-data.s3.amazonaws.com/photos/693173639/large.jpg,cc0,no rights reserved,11.9385716667,121.9543133333,4.0,2026-07-07,474634,scottedmunds,47f20d4e088fc6490cbee9ddaaaa20926fddf233bd33f46bde21c4fd91b69f62,36,Scaevola taccada
Scaevola taccada,363481,138083316,235947700,https://inaturalist-open-data.s3.amazonaws.com/photos/235947700/large.jpg,cc-by-nc,"(c) iqwanhafizi02, some rights reserved (CC BY-NC)",4.3675633333,100.5830783333,12.0,2022-10-09,6233492,iqwanhafizi02,9db638ff77a9dec1b54a5fb78e7bc3078d9a9a932c60403376d3b3df07d5b0d2,37,Scaevola taccada
Scaevola taccada,363481,188831109,330614981,https://inaturalist-open-data.s3.amazonaws.com/photos/330614981/large.jpeg,cc-by,"(c) Dan Schofield, some rights reserved (CC BY)",19.3897991115,-81.4045815071,8.0,2023-10-24,1850732,djscho,cb611bfd5e4cc07b9cf28afeffd2e9497414907fc529965b95f5ce10ac87d10f,38,Scaevola taccada
Scaevola taccada,363481,187084629,327098758,https://inaturalist-open-data.s3.amazonaws.com/photos/327098758/large.jpg,cc-by-nc,"(c) juju98, some rights reserved (CC BY-NC)",-20.467869201,164.1285628691,257.0,2008-07-12,795297,juju98,889f3bd1246299778bbbfe6be337c20fa045a68e80e75d6576f5ae15227d5e49,39,Scaevola taccada
Scaevola taccada,363481,242028735,431435932,https://inaturalist-open-data.s3.amazonaws.com/photos/431435932/large.jpeg,cc-by-nc,"(c) laurenhues, some rights reserved (CC BY-NC)",-16.0756833333,145.4686716667,8.0,2024-09-16,3031413,laurenhues,9246137fd71c7b7422bb59e1105bdff4cdef1373ee27818b7f32226923a5ac7a,40,Scaevola taccada
Scaevola taccada,363481,257151459,461238438,https://inaturalist-open-data.s3.amazonaws.com/photos/461238438/large.jpg,cc-by-nc,"(c) Juan Carlos A. Fierro, some rights reserved (CC BY-NC)",21.1636861667,-90.0415278333,5.0,2025-01-02,493016,naranjologo,bc7dafea3e599505fb2965bad17b9fc960d61629a04ccaef634c10f6f0cb9cfc,41,Scaevola taccada
Scaevola taccada,363481,16791744,25347437,https://inaturalist-open-data.s3.amazonaws.com/photos/25347437/large.jpg,cc-by-nc,"(c) Liu JimFood, some rights reserved (CC BY-NC)",20.6978608529,116.7328123049,624.0,2015-06-27,746710,liujimfood,169001170e0ebc850ace9769a3aa9ed213abd57a3d1a057e7dbde7d67f1b2118,42,Scaevola taccada
Scaevola taccada,363481,330083852,598473727,https://inaturalist-open-data.s3.amazonaws.com/photos/598473727/large.jpg,cc-by-nc,"(c) polingtwn, some rights reserved (CC BY-NC)",25.1258540012,121.9215285746,2.0,2025-12-07,9075921,polingtwn,133f29a6e8f6febee82adeab77a3dcdda1a86ecb24435efcf08f52a84700d674,43,Scaevola taccada
Scaevola taccada,363481,257473718,461886292,https://inaturalist-open-data.s3.amazonaws.com/photos/461886292/large.jpeg,cc-by-nc,"(c) Guillaume Fried, some rights reserved (CC BY-NC)",-21.372457564,55.5511791055,111.0,2015-10-18,4136566,gfried,f0ab9fde6d973d9284dd6eb0b7651277ad9fb735b5d4d8e71ecbcfb82feff70d,44,Scaevola taccada
Scaevola taccada,363481,213063536,381707152,https://inaturalist-open-data.s3.amazonaws.com/photos/381707152/large.jpeg,cc-by,"(c) Yung-Lun Lin, some rights reserved (CC BY)",22.0311916667,121.5802583333,2.0,2024-05-03,1438015,yunglunlin,144fbd45988a1e049c42ac3b098acaedd6ee1bb1926cb0e87f7fe22b4558c9b0,45,Scaevola taccada
Scaevola taccada,363481,107044519,179956254,https://inaturalist-open-data.s3.amazonaws.com/photos/179956254/large.jpeg,cc-by-nc,"(c) gena of Jesus, some rights reserved (CC BY-NC)",18.4676376571,-66.1055031046,15.0,2022-02-19,4910981,genaofjesus,597f6990a6375bffe2627af1bb324a4c6d9fc8e16b6304fbafa8cf5ce7e1412d,46,Scaevola taccada
Scaevola taccada,363481,77815756,127292184,https://inaturalist-open-data.s3.amazonaws.com/photos/127292184/large.jpg,cc-by-nc,"(c) ruthannwhite, some rights reserved (CC BY-NC)",21.0038083333,-156.661225,22.0,2021-05-07,1747305,ruthannwhite,b8590a5090b02d8ea9974c34f96e73015f72f9e1f242125431bd7372896bcadf,47,Scaevola taccada
Scaevola taccada,363481,265584257,477067443,https://inaturalist-open-data.s3.amazonaws.com/photos/477067443/large.jpeg,cc-by,"(c) JCorven, some rights reserved (CC BY)",21.5171521778,-87.6765210181,19.0,2025-03-16,16095,jcorven,48257f14ab89cf0713cfb214f22ca8554afcee69418af2360f9855335a380564,48,Scaevola taccada
Scaevola taccada,363481,207040336,366173470,https://inaturalist-open-data.s3.amazonaws.com/photos/366173470/large.jpg,cc-by,"(c) Ian Talty, some rights reserved (CC BY)",28.1298721667,-80.57737,16.0,2024-04-11,2159765,italty,85849e814bc94075a7a3d92acc2b572e0f645af3ffd1cfffca71d6ccf0d20479,49,Scaevola taccada
Scaevola taccada,363481,199558720,351944650,https://inaturalist-open-data.s3.amazonaws.com/photos/351944650/large.jpg,cc-by-nc,"(c) Ethan, some rights reserved (CC BY-NC)",24.778925,-80.9149033333,11.0,2024-02-17,6378383,ethantouchinggrass,0dc58107c46e60031e6d60b0d85ba3bb44f6ee252aa7aa33122505b75d9e1aa5,50,Scaevola taccada
Scaevola taccada,363481,56303379,89716071,https://inaturalist-open-data.s3.amazonaws.com/photos/89716071/large.jpg,cc-by-nc,"(c) Jonathan M, some rights reserved (CC BY-NC)",-21.6595118139,165.4595479541,816.0,2020-01-14,3408787,isidoreajar,7236c834a2ac8a35ae7405aa90575844e8c701f2e2e823ec5f70e6ef4ed26dad,51,Scaevola taccada
Scaevola taccada,363481,17499812,26623162,https://inaturalist-open-data.s3.amazonaws.com/photos/26623162/large.jpeg,cc-by-sa,"(c) Ong Jyh Seng, some rights reserved (CC BY-SA)",2.9858539593,101.4643707685,122.0,2010-02-27,890554,ongzi,97cc65ac41749b212ad201f05c2a39ab342c48646ef9cd1bd17120345133f7ed,52,Scaevola taccada
Scaevola taccada,363481,387085067,708775944,https://inaturalist-open-data.s3.amazonaws.com/photos/708775944/large.jpg,cc-by-nc,"(c) Mike and Cathy Beamish, some rights reserved (CC BY-NC)",9.7244553054,124.5207685232,250.0,2015-08-23,3927499,bootown-beginners,69e41ab99074b8a2cc8c84bd826b267431d00aab78f399aaa862f2582eb0e664,53,Scaevola taccada
Scaevola taccada,363481,123310911,208882288,https://inaturalist-open-data.s3.amazonaws.com/photos/208882288/large.jpeg,cc-by,"(c) chiuluan, some rights reserved (CC BY)",23.5042719669,121.5042759106,5.0,2022-06-20,1583469,chiuluan,d7335463bf61d0e18998e7e9d79acdd2f8d3c1f9693d88259742a5e60fe34f4c,54,Scaevola taccada
Scaevola taccada,363481,323365801,585098551,https://inaturalist-open-data.s3.amazonaws.com/photos/585098551/large.jpg,cc-by-nc,"(c) Dhugal Lindsay, some rights reserved (CC BY-NC)",21.5497870746,-158.2428703456,3.0,2025-10-26,1597538,dhugallindsay,308292f4ca40597237b3cea38c87e91b36b1f557cb8e58361b17e9a01d1f24f8,55,Scaevola taccada
Scaevola taccada,363481,246364466,439798565,https://inaturalist-open-data.s3.amazonaws.com/photos/439798565/large.jpg,cc-by,"(c) Ricardo Jaimes-López, some rights reserved (CC BY)",20.2920540376,-86.96098799,122.0,2024-09-30,2501393,entrelasramas,db60cc08dbae42a6e01cb89d74bab9d61e144e3e442d5ff4da417c23ee349334,56,Scaevola taccada
Scaevola taccada,363481,195177225,343290083,https://inaturalist-open-data.s3.amazonaws.com/photos/343290083/large.jpeg,cc-by-nc,"(c) Wang Tianshan, some rights reserved (CC BY-NC)",19.5343983055,110.8166187625,4.0,2023-12-22,7002138,wangtianshan,957d0d46666cd9b983cb6451720085678295b272a9ce6b336133bb5e1746a78f,57,Scaevola taccada
Scaevola taccada,363481,10695483,14936873,https://inaturalist-open-data.s3.amazonaws.com/photos/14936873/large.jpeg,cc-by-nc,"(c) yc-lai, some rights reserved (CC BY-NC)",22.49089071,120.38514125,5.0,2018-04-08,799157,yc-lai,d25084a08a5dcd3a5b4418a3724e3354d03da19ce68c63d5a2baa8897e466dd5,58,Scaevola taccada
Scaevola taccada,363481,135362580,230862611,https://inaturalist-open-data.s3.amazonaws.com/photos/230862611/large.jpg,cc-by-nc,"(c) liushengyu, some rights reserved (CC BY-NC)",24.655775,120.77652,3.0,2022-09-17,5602214,liushengyu,86fd17500f8c04cf733e3d29bbda8747402b2573035dc41f9571c7fa13ef16dc,59,Scaevola taccada
Scaevola taccada,363481,262734620,471858257,https://inaturalist-open-data.s3.amazonaws.com/photos/471858257/large.jpg,cc0,no rights reserved,16.7394435746,-62.2324465641,178.0,2025-02-22,5376997,cwensink,6fac52336939897df886b9d7a051e96106a41182173e876be008ce514fbd86ec,60,Scaevola taccada
Chamaenerion angustifolium,564969,395001947,724218592,https://inaturalist-open-data.s3.amazonaws.com/photos/724218592/large.jpg,cc-by-nc,"(c) Сергей Петров, some rights reserved (CC BY-NC)",53.1173583333,45.8178533333,5.0,2026-08-26,5632060,sergey_petrov,0266836fe6e70a3e6316400f00275b24208bd62dac4ad812085fb42399e2a642,1,Chamaenerion angustifolium
Chamaenerion angustifolium,564969,393256626,720790797,https://inaturalist-open-data.s3.amazonaws.com/photos/720790797/large.jpg,cc-by-nc,"(c) Don Veatch, some rights reserved (CC BY-NC)",36.8874866667,-118.530625,11.0,2026-08-07,7750610,dwveatch,dd51d4fbf9af766122485c774e8be4a0497ec68ed84a7e2302ebebc41b3abb38,2,Chamaenerion angustifolium
Chamaenerion angustifolium,564969,89969179,148625544,https://inaturalist-open-data.s3.amazonaws.com/photos/148625544/large.jpeg,cc-by,"(c) Катя Федорова, some rights reserved (CC BY)",68.1137052771,161.2303065128,122.0,2017-07-15,4683440,katerinameteo,50e1c4432859d2c079dead1a0f5536020117de6ced26e7550fc0885971826ed3,3,Chamaenerion angustifolium
Chamaenerion angustifolium,564969,317137433,573036849,https://inaturalist-open-data.s3.amazonaws.com/photos/573036849/large.jpg,cc-by-nc-sa,"(c) Paul Sokoloff, some rights reserved (CC BY-NC-SA)",48.4995616667,-53.0790333333,3.0,2025-09-27,501850,psokoloff,2425fef56221fc1c11f9f95c7fb1a3f053e8a21e695a4e13eb8f0947ce27e839,4,Chamaenerion angustifolium
Chamaenerion angustifolium,564969,385382667,705520122,https://inaturalist-open-data.s3.amazonaws.com/photos/705520122/large.jpg,cc-by-nc,"(c) konopel, some rights reserved (CC BY-NC)",51.7021966667,-3.031975,13.0,2026-07-12,5046168,konopel,4bae39bd3868f53af1957046f63a701bc2eceacee61a696790dc1f7ed097906e,5,Chamaenerion angustifolium
Chamaenerion angustifolium,564969,317555685,573831252,https://inaturalist-open-data.s3.amazonaws.com/photos/573831252/large.jpg,cc-by-nc,"(c) Wendy R Fredericks, some rights reserved (CC BY-NC)",62.4608583333,-114.3677972222,1.0,2025-09-02,905989,frendy,4cf5088f9114d04b5dfdd7fcea6c0ee6ab2d15f627fd11b864c5ca92c7cd3cf9,6,Chamaenerion angustifolium
Chamaenerion angustifolium,564969,374673085,684851577,https://inaturalist-open-data.s3.amazonaws.com/photos/684851577/large.jpg,cc-by-nc,"(c) lmcelrath3, some rights reserved (CC BY-NC)",36.4210205078,-81.1918411255,23.0,2026-06-23,9284584,lmcelrath3,06ad95827d0daaf1b08890ef8caeb12499254c17bc75043f18f58e5443e76d6a,7,Chamaenerion angustifolium
Chamaenerion angustifolium,564969,334807779,608088453,https://inaturalist-open-data.s3.amazonaws.com/photos/608088453/large.jpg,cc-by-nc,"(c) cairochris, some rights reserved (CC BY-NC)",58.3651366667,-155.395675,5.0,2021-07-28,2435622,cairochris,2a8cde9718c0b4c935e7e951edc7561cb9e63f500c948a9f6a1c7ec93a068a46,8,Chamaenerion angustifolium
Chamaenerion angustifolium,564969,379435481,694062035,https://inaturalist-open-data.s3.amazonaws.com/photos/694062035/large.jpg,cc-by-nc,"(c) Leonid Kolchanov, some rights reserved (CC BY-NC)",63.0752966667,21.647925,4.0,2026-07-08,10579392,leonid7115,4299cf871fae6240193635b76e4201756d4187629fbf455492565169a5a9278d,9,Chamaenerion angustifolium
Chamaenerion angustifolium,564969,300003824,540513007,https://inaturalist-open-data.s3.amazonaws.com/photos/540513007/large.jpg,cc-by,"(c) Lisa Swan, some rights reserved (CC BY)",49.7130299827,-99.1303764321,23.0,2016-08-16,9554822,lrswan,2ae7cdeffe79bacb7dfb5c5f4d50dff1ac14010d71ca9111884204714a8cdf87,10,Chamaenerion angustifolium
Chamaenerion angustifolium,564969,386302815,707290036,https://inaturalist-open-data.s3.amazonaws.com/photos/707290036/large.jpg,cc-by-nc,"(c) rosomak, some rights reserved (CC BY-NC)",49.0522043433,22.7725858696,4.0,2026-07-29,5838350,rosomak,10f27b42a3fc670c05a0e9c5aabc4ac8f8f79972fbbc60689c9eacc4f1b619f8,11,Chamaenerion angustifolium
Chamaenerion angustifolium,564969,305465822,550766112,https://inaturalist-open-data.s3.amazonaws.com/photos/550766112/large.jpg,cc-by,"(c) machaut2, some rights reserved (CC BY)",49.7891762418,-119.382214515,15.0,2025-08-10,3719426,machaut2,8bea2a33e3e157c49a6e188e1e5953a59b7ecedf4d9cb78a70d7883017a8bc5f,12,Chamaenerion angustifolium
Chamaenerion angustifolium,564969,234878079,417628706,https://inaturalist-open-data.s3.amazonaws.com/photos/417628706/large.jpg,cc-by-nc,"(c) Paul Tavares, some rights reserved (CC BY-NC)",51.268511,-80.64388,5.0,2024-07-26,3181,paultavares,484ac4ba522df0659c8f7337658c214ab9ef23f0c3845660411c2c5adbe4423b,13,Chamaenerion angustifolium
Chamaenerion angustifolium,564969,174518689,303192442,https://inaturalist-open-data.s3.amazonaws.com/photos/303192442/large.jpg,cc-by-nc,"(c) Harriet, some rights reserved (CC BY-NC)",40.6243083333,-105.8003533333,4.0,2023-07-22,2805919,harrietcamp,ab3a48b7788411bae0545b1c60b0583dcc776250a0797e641ccc0278974d278f,14,Chamaenerion angustifolium
Chamaenerion angustifolium,564969,335944178,610391743,https://inaturalist-open-data.s3.amazonaws.com/photos/610391743/large.jpg,cc-by-nc,"(c) Dwayne Sabine, some rights reserved (CC BY-NC)",44.6650398088,-65.8331139515,2.0,2025-08-03,1157357,dwaynesabine,787d0035ca5292cb366b09454dbb911458fa2f3915c008bf485f834ff69ab612,15,Chamaenerion angustifolium
Chamaenerion angustifolium,564969,187001157,326926955,https://inaturalist-open-data.s3.amazonaws.com/photos/326926955/large.jpeg,cc-by-nc,"(c) Elio Giacone, some rights reserved (CC BY-NC)",45.0682222829,7.0425259349,1058.0,2023-10-09,1395828,elkvorr,6b6852e1c2af75758cf3d6ab09cbad2a467bf80982410e116fcd88e0efb3ae46,16,Chamaenerion angustifolium
Chamaenerion angustifolium,564969,52124177,82843019,https://inaturalist-open-data.s3.amazonaws.com/photos/82843019/large.jpg,cc-by-nc,"(c) Madison Reynolds, some rights reserved (CC BY-NC)",55.2956,-131.5524,271.0,2020-06-29,1752428,madhipp,9b19fd78484ea2840efdf8d167146d29c063e7d92a3ec16d045c4ea69ce0f104,17,Chamaenerion angustifolium
Chamaenerion angustifolium,564969,378867261,692956764,https://inaturalist-open-data.s3.amazonaws.com/photos/692956764/large.jpg,cc0,no rights reserved,60.6156611111,5.2778361111,5.0,2026-07-06,939093,danieldas,7be964af3240d7924a56e9bc60ec02680895295006b026d2c739af3d7bfe124a,18,Chamaenerion angustifolium
Chamaenerion angustifolium,564969,382444279,699887061,https://inaturalist-open-data.s3.amazonaws.com/photos/699887061/large.jpg,cc-by-nc,"(c) Alissa Burton, some rights reserved (CC BY-NC)",61.36803,-139.0384221667,9.0,2026-07-11,10775729,lisspage,9d7279f8380b96e8b9f37551dcf3b5e96fa4065d0a483b3039c590b9d60512c8,19,Chamaenerion angustifolium
Chamaenerion angustifolium,564969,382509751,700009225,https://inaturalist-open-data.s3.amazonaws.com/photos/700009225/large.jpg,cc-by-nc,"(c) mtneiber, some rights reserved (CC BY-NC)",51.7967,10.2985,100.0,2026-07-12,7478960,mtneiber,08f4ea4ef0b720ae2686a793c0e67a47c124996955713ac0870b201ae06d29d9,20,Chamaenerion angustifolium
Chamaenerion angustifolium,564969,384262584,703382437,https://inaturalist-open-data.s3.amazonaws.com/photos/703382437/large.jpg,cc-by-nc,"(c) ariannadordari, some rights reserved (CC BY-NC)",45.3869863894,-75.7030098536,13.0,2026-07-23,10796518,ariannadordari,46ef2eccb987a7644c0bc437e49369009a5a8a06eb25d5e62acd699645f0c0b8,21,Chamaenerion angustifolium
Chamaenerion angustifolium,564969,295906510,532753114,https://inaturalist-open-data.s3.amazonaws.com/photos/532753114/large.jpg,cc-by-nc,"(c) Robert Kahl, some rights reserved (CC BY-NC)",46.5121166376,-87.5408961251,3.0,2025-07-06,499660,bob_kahl,857a9727e8120ea8358508ec9d313a920c48069193c2ea9c1c669b9ad7bd7380,22,Chamaenerion angustifolium
Chamaenerion angustifolium,564969,384976396,704754224,https://inaturalist-open-data.s3.amazonaws.com/photos/704754224/large.jpg,cc-by-nc,"(c) eugenev, some rights reserved (CC BY-NC)",56.5187170601,36.0905639827,41.0,2026-07-24,8295700,eugenev,3b1b41017bb7763dd35cca5b8b6ff31e3cd43506f47b5c28844c48864cf6c5ed,23,Chamaenerion angustifolium
Chamaenerion angustifolium,564969,98462344,163937604,https://inaturalist-open-data.s3.amazonaws.com/photos/163937604/large.jpeg,cc-by-nc-sa,"(c) wildskyflower, some rights reserved (CC BY-NC-SA)",45.9346916667,-111.0457388889,11.0,2021-08-21,4751451,wildskyflower,faa003f221d159f95a8a5265b190c514fb0bdca8e376798665666c425f1ca3fe,24,Chamaenerion angustifolium
Chamaenerion angustifolium,564969,383869996,702628973,https://inaturalist-open-data.s3.amazonaws.com/photos/702628973/large.jpg,cc-by-nc,"(c) Christian Reindl, some rights reserved (CC BY-NC)",57.6326590372,15.8326302096,169.0,2026-07-22,6878222,christianreindl,5453c3b974066770773a257d9ea0915d615be68a216959daa4bdbb5e7c3878e4,25,Chamaenerion angustifolium
Chamaenerion angustifolium,564969,396128448,726423052,https://inaturalist-open-data.s3.amazonaws.com/photos/726423052/large.jpg,cc-by-nc,"(c) Lucinda Adamson, some rights reserved (CC BY-NC)",41.0536388333,-124.1497805,5.0,2026-08-30,15930,luciebird,cb9362f3932ce4034af410e70133587e246d6136af945e6511d78a6aa51a55eb,26,Chamaenerion angustifolium
Chamaenerion angustifolium,564969,257434380,461803014,https://inaturalist-open-data.s3.amazonaws.com/photos/461803014/large.jpeg,cc-by,"(c) Eric Lamb, some rights reserved (CC BY)",53.905405,-106.0227616667,20.0,2024-08-05,2817546,eric_lamb,033b9e73130eccb1d87461900e1dd8b310f7705464ecf13c66b6a296da94bf8a,27,Chamaenerion angustifolium
Chamaenerion angustifolium,564969,179809358,313108627,https://inaturalist-open-data.s3.amazonaws.com/photos/313108627/large.jpg,cc-by,"(c) Георгий Виноградов (Georgy Vinogradov), some rights reserved (CC BY)",64.4913275565,34.5768804609,30.0,2023-07-14,1434599,prokhozhyj,c8e40e64620dc3490544060c463e9d0d686fbf7c53be0e3b3d06410f6e14637b,28,Chamaenerion angustifolium
Chamaenerion angustifolium,564969,380613452,696345460,https://inaturalist-open-data.s3.amazonaws.com/photos/696345460/large.jpg,cc-by-nc,"(c) Zana Kairiene, some rights reserved (CC BY-NC)",54.7211499122,25.2655328438,8.0,2026-07-12,10463820,zana35192,c5d98f324583e339c27b5e50891e2a2dee4ffad24a71a73061f47468c02834a9,29,Chamaenerion angustifolium
Chamaenerion angustifolium,564969,303434583,546911233,https://inaturalist-open-data.s3.amazonaws.com/photos/546911233/large.jpg,cc-by-nc,"(c) Bonnie Zand, some rights reserved (CC BY-NC)",58.7879833333,-123.5187383333,14.0,2025-07-29,3269791,bzand,5254bf52d5856334516dfc37006db07dcc8de396ae356e300989f08a023b299b,30,Chamaenerion angustifolium
Chamaenerion angustifolium,564969,384199411,703265695,https://inaturalist-open-data.s3.amazonaws.com/photos/703265695/large.jpg,cc-by-nc,"(c) sara_safarova, some rights reserved (CC BY-NC)",57.08787851,-3.89496326,5.0,2026-07-21,9043249,sara_safarova,0f2770e1261d9d672b3c8b520583d3325e508905c7a2830af92faa93e289897e,31,Chamaenerion angustifolium
Chamaenerion angustifolium,564969,384680397,704178834,https://inaturalist-open-data.s3.amazonaws.com/photos/704178834/large.jpg,cc-by-nc,"(c) Shane, some rights reserved (CC BY-NC)",45.3813977203,-121.8337007407,31.0,2026-07-13,2966330,stodd321,ddf355cf802b313eabdd1168b8008218e6d9c2aa4c690082ce86108bc972fd06,32,Chamaenerion angustifolium
Chamaenerion angustifolium,564969,380859869,696817466,https://inaturalist-open-data.s3.amazonaws.com/photos/696817466/large.jpg,cc-by-nc,"(c) isabelmahoney, some rights reserved (CC BY-NC)",53.9026541356,-122.8085141258,3.0,2026-07-12,10574014,isabelmahoney,0e97f533ed49f93c68abbdf5e5cf8adbb52fe8091efa378d22cb5a7cfb9ded6c,33,Chamaenerion angustifolium
Chamaenerion angustifolium,564969,370968520,677757815,https://inaturalist-open-data.s3.amazonaws.com/photos/677757815/large.jpg,cc-by-nc,"(c) aurumgreenjr, some rights reserved (CC BY-NC)",59.78801629,30.07257053,3.0,2026-06-12,10630825,aurumgreenjr,ff5991794b6d17f39804a1594cb75f0a7e339056000f4f6bab114a3db4fa3f55,34,Chamaenerion angustifolium
Chamaenerion angustifolium,564969,394687562,723600504,https://inaturalist-open-data.s3.amazonaws.com/photos/723600504/large.jpg,cc-by-nc,"(c) sab_r_ina, some rights reserved (CC BY-NC)",46.8275706749,12.8980642185,182.0,2026-07-30,2350562,sab_r_ina,0e50c85c7b10809f9614fdbcd75a5c37afe2458767dd93596a06b99125561c94,35,Chamaenerion angustifolium
Chamaenerion angustifolium,564969,374670253,684846176,https://inaturalist-open-data.s3.amazonaws.com/photos/684846176/large.jpg,cc0,no rights reserved,53.559795,-113.470825,3.0,2026-06-23,6418031,kallummcdonald,f8ea737e2e6183dca8243874216272a60670ce41191bac576674a605d586c7ed,36,Chamaenerion angustifolium
Chamaenerion angustifolium,564969,379683855,695906418,https://inaturalist-open-data.s3.amazonaws.com/photos/695906418/large.jpg,cc-by-nc,"(c) Esther Sumner, some rights reserved (CC BY-NC)",39.89067254,-111.25404498,3.0,2026-07-09,4916511,esumnertime,c4c348d4ad3f983b13768d23caa5dbeb942aa1d923060fac4006b56fc5af87b9,37,Chamaenerion angustifolium
Chamaenerion angustifolium,564969,377526435,690774622,https://inaturalist-open-data.s3.amazonaws.com/photos/690774622/large.jpg,cc-by-nc,"(c) Filip Doliński, some rights reserved (CC BY-NC)",51.0809860679,17.1622562036,5.0,2026-07-01,9989805,shakalo,b1ebcfa31f6b3f3c72e1c841559b4d8733f9571008605d38a83a7d958ca5685c,38,Chamaenerion angustifolium
Chamaenerion angustifolium,564969,384638855,704107543,https://inaturalist-open-data.s3.amazonaws.com/photos/704107543/large.jpg,cc-by-nc,"(c) annabelle_cloutier_austin_, some rights reserved (CC BY-NC)",46.01331945,-81.399445,21.0,2026-07-24,9428797,annabelle_cloutier_austin_,fb64ad0586e3a3adeadb9afabd48c6ee0e94e1b090a7c82c1ad00312af3a2640,39,Chamaenerion angustifolium
Chamaenerion angustifolium,564969,383492433,701903077,https://inaturalist-open-data.s3.amazonaws.com/photos/701903077/large.jpg,cc-by-nc,"(c) brydie-jayne, some rights reserved (CC BY-NC)",61.410695,-129.6312866667,20.0,2026-07-18,7982205,brydie-jayne,27b10d1b168dc701164373c209e85c1afa24d86d94cd2da62b741ec459105d01,40,Chamaenerion angustifolium
Chamaenerion angustifolium,564969,385818314,706356867,https://inaturalist-open-data.s3.amazonaws.com/photos/706356867/large.jpg,cc-by-nc,"(c) skreeky, some rights reserved (CC BY-NC)",44.3525466667,-103.9400866667,9.0,2026-07-27,10808251,skreeky,c33410492f4c84d6697130089b862a962139675595521aae1ac5b340d5590253,41,Chamaenerion angustifolium
Chamaenerion angustifolium,564969,394294229,722828908,https://inaturalist-open-data.s3.amazonaws.com/photos/722828908/large.jpg,cc-by-nc,"(c) J. Hermann, some rights reserved (CC BY-NC)",49.6623333333,-110.298225,7.0,2026-08-22,9540953,lostlemon,716add40fa6b868bd34ab9943b10a1855c25f1f823bd2796c45c045c7d7ceafc,42,Chamaenerion angustifolium
Chamaenerion angustifolium,564969,138255326,236275046,https://inaturalist-open-data.s3.amazonaws.com/photos/236275046/large.jpg,cc-by-nc,"(c) Mathieu Hanon, some rights reserved (CC BY-NC)",50.3794111111,4.8945,6.0,2022-07-07,3891920,mathieu_h,a192b7b2217e3754cc0eaf19311e3c9236bc694b866dfb4a34361f049d0f0d23,43,Chamaenerion angustifolium
Chamaenerion angustifolium,564969,354929823,647423319,https://inaturalist-open-data.s3.amazonaws.com/photos/647423319/large.jpg,cc-by-nc,"(c) theryanmckeever, some rights reserved (CC BY-NC)",60.1826216667,-149.6632383333,4.0,2025-08-30,8792598,theryanmckeever,25079bd7fed258c467b80185f54003aa20425ae2738759fb2e18c5cf023c07b5,44,Chamaenerion angustifolium
Chamaenerion angustifolium,564969,383840607,702569061,https://inaturalist-open-data.s3.amazonaws.com/photos/702569061/large.jpg,cc-by,"(c) Jake Anderson, some rights reserved (CC BY)",44.1491504,-115.15108408,6.0,2026-07-21,4597951,jake_anderson,8d764e934fc30591481d1fd81bbe1c2e633fc1aec25e9c1a76a1901848c54977,45,Chamaenerion angustifolium
Chamaenerion angustifolium,564969,128044200,217455032,https://inaturalist-open-data.s3.amazonaws.com/photos/217455032/large.jpeg,cc-by,"(c) E. H. B. Forget, some rights reserved (CC BY)",47.983081888,-66.693191193,183.0,2022-07-26,3676063,coatesvillecryptid,5f49976619b8de43c2c43105d8d8cad4e691f4c224f9d746e8fc0bf267a23bb7,46,Chamaenerion angustifolium
Chamaenerion angustifolium,564969,396297352,726761312,https://inaturalist-open-data.s3.amazonaws.com/photos/726761312/large.jpg,cc-by-nc,"(c) Hannah Freeman, some rights reserved (CC BY-NC)",49.6310283333,-57.9169083333,3.0,2026-08-31,5044217,hannahfreeman02,4947de1a93dde91326ad23f7617ba3e20e5a1239e8f5c09cd0e71c280baf65ea,47,Chamaenerion angustifolium
Chamaenerion angustifolium,564969,178349461,310331682,https://inaturalist-open-data.s3.amazonaws.com/photos/310331682/large.jpg,cc-by-nc,"(c) justinmccann, some rights reserved (CC BY-NC)",48.0531,-91.9254083333,12.0,2023-08-12,6962677,justinmccann,b3942a4e83a7ae71d4a911e07a396c9e1f2a5d9f480d1532b4957a98675904c5,48,Chamaenerion angustifolium
Chamaenerion angustifolium,564969,375932668,687299586,https://inaturalist-open-data.s3.amazonaws.com/photos/687299586/large.jpg,cc-by-nc,"(c) Альбина, some rights reserved (CC BY-NC)",55.9573113054,48.7376811714,784.0,2026-06-27,10521330,alb_akhmetova,11fd3d95c040f691d2c3cf06449a7d51c117a6e10fb7e28b1ac3d4b5317c44fb,49,Chamaenerion angustifolium
Chamaenerion angustifolium,564969,382737628,700444100,https://inaturalist-open-data.s3.amazonaws.com/photos/700444100/large.jpg,cc-by-nc,"(c) Emmanuel Appiah, some rights reserved (CC BY-NC)",37.9220060958,-107.7734142915,5.0,2026-07-18,10514728,exappiah,98784983f217ed2322e75008d414b941d62956d76daf64f8a826ba5838476a18,50,Chamaenerion angustifolium
Chamaenerion angustifolium,564969,390498394,715422650,https://inaturalist-open-data.s3.amazonaws.com/photos/715422650/large.jpg,cc-by-nc,"(c) Sabrina Hansen, some rights reserved (CC BY-NC)",57.382604247,10.1046064775,7.0,2026-08-12,10855972,sabrina16767,1ec6de83f33aef365bacf80a826afa06caf26d62177dd72d7ed7f2480a16703d,51,Chamaenerion angustifolium
Chamaenerion angustifolium,564969,379187709,693564597,https://inaturalist-open-data.s3.amazonaws.com/photos/693564597/large.jpg,cc-by-nc,"(c) Tina Toth, some rights reserved (CC BY-NC)",42.6320822,-108.8828143,184.0,2016-08-07,164533,okaugust,a29bb9d5f7b11731b331e6723f87a8b43eff2647391483f6ee3099819785b3ef,52,Chamaenerion angustifolium
Chamaenerion angustifolium,564969,377222251,689787779,https://inaturalist-open-data.s3.amazonaws.com/photos/689787779/large.jpg,cc0,no rights reserved,48.1245358631,-123.7949112709,32.0,2026-06-27,866533,trevor_schalla,9c4d50d73558144405ce343aef7e43daa8fb238f9646c885791b913f5e2de2c9,53,Chamaenerion angustifolium
Chamaenerion angustifolium,564969,304134093,548233368,https://inaturalist-open-data.s3.amazonaws.com/photos/548233368/large.jpg,cc-by-nc,"(c) dyer4nature, some rights reserved (CC BY-NC)",39.0448313,-79.3436563,189.0,2025-07-28,8301364,dyer4nature,46297a540f97f92756cca5170234c036350a7e36d01053ed0f225f270564360e,54,Chamaenerion angustifolium
Chamaenerion angustifolium,564969,308283273,556168331,https://inaturalist-open-data.s3.amazonaws.com/photos/556168331/large.jpg,cc-by-nc,"(c) Anna Howard, some rights reserved (CC BY-NC)",50.637825,-115.0101916667,4.0,2025-08-22,1428788,reynoutrianna,dd7e2748a84237e149342d372ad23e317067bc93af8e58ed13745e935d71f5f0,55,Chamaenerion angustifolium
Chamaenerion angustifolium,564969,383734626,702361341,https://inaturalist-open-data.s3.amazonaws.com/photos/702361341/large.jpg,cc-by-nc,"(c) David M. Hillis, some rights reserved (CC BY-NC)",52.8511320053,-118.1237513845,31.0,2026-07-21,410628,hillisdm,56fb3c4673d585447b048e2cf71762849484b8133815c08ae825def6e7905309,56,Chamaenerion angustifolium
Chamaenerion angustifolium,564969,381477682,698016436,https://inaturalist-open-data.s3.amazonaws.com/photos/698016436/large.jpg,cc-by-nc,"(c) ad496, some rights reserved (CC BY-NC)",47.859555,8.0350945,3.0,2026-07-14,10503419,ad496,ddc4c6605636fe005f9a00f161cbbb1f215f1884f71d8f577657568cf70c541c,57,Chamaenerion angustifolium
Chamaenerion angustifolium,564969,233958371,415849367,https://inaturalist-open-data.s3.amazonaws.com/photos/415849367/large.jpeg,cc-by-nc,"(c) Sarah Reid, some rights reserved (CC BY-NC)",39.3958888889,-120.2749111111,14.0,2024-07-16,427781,wildmare64,c35e26e295c5cc93f49793b7ef044f2f0535b746855bac934afa534983a852eb,58,Chamaenerion angustifolium
Chamaenerion angustifolium,564969,379005083,693235720,https://inaturalist-open-data.s3.amazonaws.com/photos/693235720/large.jpg,cc-by-nc,"(c) Gabriel Tjulander, some rights reserved (CC BY-NC)",60.3491170064,15.7611838082,5.0,2026-06-30,10347642,gabriel_tjulander,01069529c17abea07ed23076ce78bba015cbaef4d275010cdfa80a65f502c60a,59,Chamaenerion angustifolium
Chamaenerion angustifolium,564969,386599558,707855937,https://inaturalist-open-data.s3.amazonaws.com/photos/707855937/large.jpg,cc-by-nc,"(c) Andrzej Oleksa, some rights reserved (CC BY-NC)",53.7668083333,17.4572380556,3.0,2026-07-27,2738825,andrzej_oleksa,7623876f833d3a5b1d439acbd58cf0a05d639d4e1916c2f04ada0c939a32c24d,60,Chamaenerion angustifolium
Chamaenerion latifolium,564970,396021212,726211575,https://inaturalist-open-data.s3.amazonaws.com/photos/726211575/large.jpg,cc-by-nc,"(c) Kalima Tursymbay, some rights reserved (CC BY-NC)",42.4772161823,74.4836432002,372.0,2026-08-22,8744401,kaliyma,560bc168c47f4ecfafe7fda40272c7ad00b4d6f0447e7cc0c00e2c74202a28bb,1,Chamaenerion latifolium
Chamaenerion latifolium,564970,366415847,669064519,https://inaturalist-open-data.s3.amazonaws.com/photos/669064519/large.jpg,cc-by-nc-sa,"(c) Jessica Pijoan, some rights reserved (CC BY-NC-SA)",37.6189305556,-107.6097111111,5.0,2023-07-28,5405092,jpijoan,fb0898398baf5fb21811527b0295c356b2b03147ccfa62b0d596a6bf29e6f6c9,2,Chamaenerion latifolium
Chamaenerion latifolium,564970,308275201,556151999,https://inaturalist-open-data.s3.amazonaws.com/photos/556151999/large.jpg,cc-by-nc,"(c) mcorner, some rights reserved (CC BY-NC)",63.806075,-19.2770033333,3.0,2025-08-19,4804039,mcorner,d4f45b833e390bcdbe9061d9781f583ee3efc9b934524bc079c3bd79b0c8cfe6,3,Chamaenerion latifolium
Chamaenerion latifolium,564970,326713293,591763708,https://inaturalist-open-data.s3.amazonaws.com/photos/591763708/large.jpg,cc-by-nc,"(c) Ira Han, some rights reserved (CC BY-NC)",59.64,151.32,500.0,2008-06-24,5110577,irahan,1a924226fdb8e5a11d4c30b0fc5a978babd98092397e2d670c552f5cb7b94f8b,4,Chamaenerion latifolium
Chamaenerion latifolium,564970,390367375,715176518,https://inaturalist-open-data.s3.amazonaws.com/photos/715176518/large.jpg,cc-by-nc,"(c) diegosteed, some rights reserved (CC BY-NC)",69.0943221667,-105.2955383333,6.0,2026-08-11,2906155,diegosteed,c6b20bdc35233ee3f4e69fb5bec1520624bdecd505256dd4aa00053a8f3d85f8,5,Chamaenerion latifolium
Chamaenerion latifolium,564970,382121941,699262738,https://inaturalist-open-data.s3.amazonaws.com/photos/699262738/large.jpg,cc-by-nc,"(c) vivekaocherik, some rights reserved (CC BY-NC)",57.2006916667,-153.307694445,5.0,2026-07-15,9269237,vivekaocherik,836f3c584ef69094a04cd85df04ba7817edbc9ef47fd7a6d3eee1072911d0292,6,Chamaenerion latifolium
Chamaenerion latifolium,564970,38143518,60581496,https://inaturalist-open-data.s3.amazonaws.com/photos/60581496/large.jpeg,cc-by-nc,"(c) Игорь Поспелов, some rights reserved (CC BY-NC)",71.24856,105.61986,25.0,2013-08-02,1426686,taimyr,2e439ab084f4973cb4d82ba452f5329455b01a65d784f9c3f0cf91cff4411ce8,7,Chamaenerion latifolium
Chamaenerion latifolium,564970,131321763,223461639,https://inaturalist-open-data.s3.amazonaws.com/photos/223461639/large.jpg,cc-by-nc,"(c) Paul Tavares, some rights reserved (CC BY-NC)",60.4227777778,-64.8400833333,8.0,2022-07-29,3181,paultavares,21e6caf97264971ce4c39e0d88f2e0d7fffd363bbf92d52d11fc581928f6481b,8,Chamaenerion latifolium
Chamaenerion latifolium,564970,175058295,304196786,https://inaturalist-open-data.s3.amazonaws.com/photos/304196786/large.jpg,cc-by-nc,"(c) Christian Louie, some rights reserved (CC BY-NC)",53.2562332554,-120.4704397359,6.0,2023-07-24,3633079,hookandbarreloutdoorsca,21b2cfc5338bdc10aab3f0b56d8b337022c912b837d5d39a1fd7d7b884a9e554,9,Chamaenerion latifolium
Chamaenerion latifolium,564970,232015633,412150069,https://inaturalist-open-data.s3.amazonaws.com/photos/412150069/large.jpeg,cc-by-nc,"(c) isalukis, some rights reserved (CC BY-NC)",81.4042618573,-76.5600105375,3290.0,2024-07-06,1264324,isalukis,d44facbea422d05ec33ca0c01ceb873e7de37f4dd4fdb0a3ccd34290afdbe46c,10,Chamaenerion latifolium
Chamaenerion latifolium,564970,67292215,108685708,https://inaturalist-open-data.s3.amazonaws.com/photos/108685708/large.jpg,cc-by-nc,"(c) Oyundari, some rights reserved (CC BY-NC)",46.7429072386,91.6732365172,977.0,2014-07-27,3901221,oyundari,322def239b465cf4684905b8bd58af9860c91b31e2f6a7d0ae20c276348ce76c,11,Chamaenerion latifolium
Chamaenerion latifolium,564970,303530100,547091087,https://inaturalist-open-data.s3.amazonaws.com/photos/547091087/large.jpg,cc-by-nc,"(c) Hanne Røjel, some rights reserved (CC BY-NC)",71.1452945,-51.2231783333,3.0,2025-08-03,9599108,hanne67075,20be4917ffa87809e8a362e80ad2ec0c6eb6f6d028482bf89551da81ae7b2675,12,Chamaenerion latifolium
Chamaenerion latifolium,564970,388937407,712398682,https://inaturalist-open-data.s3.amazonaws.com/photos/712398682/large.jpg,cc-by-nc,"(c) ktrippy12, some rights reserved (CC BY-NC)",63.6457633333,-131.3459916667,13.0,2026-08-06,2196838,ktrippy12,6e6e1bec40a10de51f45f5fc6a12fdb69f528ac039b622fee154c62538f15814,13,Chamaenerion latifolium
Chamaenerion latifolium,564970,95352901,158289012,https://inaturalist-open-data.s3.amazonaws.com/photos/158289012/large.jpg,cc-by-nc,"(c) johnnysweet, some rights reserved (CC BY-NC)",43.706075,-121.9736416667,5.0,2021-09-03,2924753,johnnysweet,39b3e4ee3f90d8101ca0f37515c047746ac1ef95089f143d39f26515173f563c,14,Chamaenerion latifolium
Chamaenerion latifolium,564970,304212475,548391501,https://inaturalist-open-data.s3.amazonaws.com/photos/548391501/large.jpg,cc-by-nc,"(c) dushenkov, some rights reserved (CC BY-NC)",60.90872931,-46.04863187,4.0,2025-08-06,174440,dushenkov,1b46ac342fbec634af9d1891703d00337209ab0cd3453176947f188539cd1827,15,Chamaenerion latifolium
Chamaenerion latifolium,564970,170073845,294931614,https://inaturalist-open-data.s3.amazonaws.com/photos/294931614/large.jpg,cc-by-nc,"(c) Emily VandenBerg, some rights reserved (CC BY-NC)",68.6367033333,-149.586625,6.0,2023-06-28,407917,emilyvberg,387dd482f5acd5e1b4b2523511a46e335ec8e4844857445e8302b98cca2468fd,16,Chamaenerion latifolium
Chamaenerion latifolium,564970,302758839,545642157,https://inaturalist-open-data.s3.amazonaws.com/photos/545642157/large.jpg,cc-by-nc,"(c) Angela Thomas, some rights reserved (CC BY-NC)",71.2817916667,-25.0167111667,4.0,2025-07-31,1583595,angela389,227a20175814b9dcb76fed916e09e988e256094d5b3a648039d6a66d586b73be,17,Chamaenerion latifolium
Chamaenerion latifolium,564970,393933483,722099057,https://inaturalist-open-data.s3.amazonaws.com/photos/722099057/large.jpg,cc-by-nc,"(c) Cole Tiemann, some rights reserved (CC BY-NC)",58.4661730597,-78.0841024655,31.0,2026-08-17,1137662,ctiemann16,53596bc117a9f4ad8ed383509728253c3b6197044c92fb0f349a38033123ccc2,18,Chamaenerion latifolium
Chamaenerion latifolium,564970,128737279,218697146,https://inaturalist-open-data.s3.amazonaws.com/photos/218697146/large.jpeg,cc-by-nc,"(c) Kate Bauer, some rights reserved (CC BY-NC)",37.24024465,-118.8891778,5.0,2022-07-19,14634,kate_calif,f94898701c81e875f9c7f44685cdfef087bf4abe4937e9bdf4284b2d8b1de34f,19,Chamaenerion latifolium
Chamaenerion latifolium,564970,174629312,303400307,https://inaturalist-open-data.s3.amazonaws.com/photos/303400307/large.jpg,cc-by-nc,"(c) johnnyturtle, some rights reserved (CC BY-NC)",56.802925,-132.13655,4.0,2023-07-23,3026110,johnnyturtle,440fb5468f6592e1cced94b3591cae723287474a9cbda67d7bf2bd93eccf6ae2,20,Chamaenerion latifolium
Chamaenerion latifolium,564970,334040847,606522900,https://inaturalist-open-data.s3.amazonaws.com/photos/606522900/large.jpg,cc-by-nc,"(c) Kevin Shuck, some rights reserved (CC BY-NC)",43.7937808733,-109.6949492393,122.0,2017-08-22,4614672,likes2hike,6972e09dc81fad92050c6babaab1bfc543f2d3e99d8d1c057d10cde2a0ab89f2,21,Chamaenerion latifolium
Chamaenerion latifolium,564970,386994884,708607425,https://inaturalist-open-data.s3.amazonaws.com/photos/708607425/large.jpg,cc-by-nc,"(c) tarredandfeathered, some rights reserved (CC BY-NC)",66.2995133333,-35.5976633333,4.0,2026-07-09,8088598,tarredandfeathered,9d237023458a452438f1be828cbad7a5b42b777319fd20e455a03b41f1be64a8,22,Chamaenerion latifolium
Chamaenerion latifolium,564970,130678670,222269689,https://inaturalist-open-data.s3.amazonaws.com/photos/222269689/large.jpg,cc-by-nc,"(c) Paul Tavares, some rights reserved (CC BY-NC)",64.2312222222,-76.5443333333,8.0,2022-07-26,3181,paultavares,ab186dcc2653cfb41dacc02cf39f0134bb5ebe4d8695293547a91edcac38188b,23,Chamaenerion latifolium
Chamaenerion latifolium,564970,383111854,701161586,https://inaturalist-open-data.s3.amazonaws.com/photos/701161586/large.jpg,cc-by-nc,"(c) Michael Bernard, some rights reserved (CC BY-NC)",63.0554164999,-145.765089873,53.0,2026-07-18,9570718,michael_bernard,fdd14e837145c77f5c86549db7fa0d00602be9f9d30479de0a12f77309786020,24,Chamaenerion latifolium
Chamaenerion latifolium,564970,396301142,726768978,https://inaturalist-open-data.s3.amazonaws.com/photos/726768978/large.jpg,cc-by-nc,"(c) calluna23, some rights reserved (CC BY-NC)",48.7429814713,-113.7297770754,3.0,2026-07-19,8401557,calluna23,61bad800b2b59ca416ad13188145089330809e962372fbc6341f08461f7e9607,25,Chamaenerion latifolium
Chamaenerion latifolium,564970,301221251,542783655,https://inaturalist-open-data.s3.amazonaws.com/photos/542783655/large.jpg,cc-by-nc,"(c) tickweed, some rights reserved (CC BY-NC)",76.5651383333,-68.782845,2.0,2025-07-22,9555952,tickweed,eb90e9e8dbcd8ee4fa6a734a2895e79e751f315154b2e41226c6f1c431261700,26,Chamaenerion latifolium
Chamaenerion latifolium,564970,385744590,706209667,https://inaturalist-open-data.s3.amazonaws.com/photos/706209667/large.jpg,cc-by-nc,"(c) trevorattridge, some rights reserved (CC BY-NC)",48.9494033333,-124.2143333333,4.0,2026-07-25,7615059,trevorattridge,728717ff348f652ae72cf80ccc90d28643768b0dff84c4c64beb1a291519d0cc,27,Chamaenerion latifolium
Chamaenerion latifolium,564970,332608716,603662929,https://inaturalist-open-data.s3.amazonaws.com/photos/603662929/large.jpg,cc-by-nc,"(c) Елена Клейменова, some rights reserved (CC BY-NC)",50.238825616,86.6722057254,178.0,2021-06-13,9690937,elena_kle,d45d2cc75fc566d6ec77a9c7de74e5b21acc18cf61b2333d4d2581024b460b06,28,Chamaenerion latifolium
Chamaenerion latifolium,564970,302118166,544461227,https://inaturalist-open-data.s3.amazonaws.com/photos/544461227/large.jpg,cc-by-nc,"(c) dannyridge04, some rights reserved (CC BY-NC)",66.5769583333,-53.4942333333,3.0,2025-07-29,9550417,dannyridge04,ec7cd8a984e489f94c77e2a546fd44cbf73b6d251e99f0e33ac86195dcb755c6,29,Chamaenerion latifolium
Chamaenerion latifolium,564970,396851751,727803922,https://inaturalist-open-data.s3.amazonaws.com/photos/727803922/large.jpg,cc-by-nc,"(c) Justin Chan, some rights reserved (CC BY-NC)",58.423895,-124.82555,10.0,2026-08-17,7104488,justinchans,74d8a63e73d52a45740105257aee21cbeb162d1777b3c753e6460a751609a21a,30,Chamaenerion latifolium
Chamaenerion latifolium,564970,301901027,544051265,https://inaturalist-open-data.s3.amazonaws.com/photos/544051265/large.jpg,cc-by-nc,"(c) Sarah Towler, some rights reserved (CC BY-NC)",60.1154638333,-137.0346971667,13.0,2025-07-27,4678103,saraht89,6a0561d9c5d09631f55d332101569e287282d8e4e17f36bb2bceaa3d5e6faa48,31,Chamaenerion latifolium
Chamaenerion latifolium,564970,396265791,726699424,https://inaturalist-open-data.s3.amazonaws.com/photos/726699424/large.jpg,cc-by-nc,"(c) wonderglee, some rights reserved (CC BY-NC)",60.0587195,-158.638305,4.0,2026-08-31,3868786,wonderglee,dff858250ab8ba317950a2312c66efe22cbd1eda8d42b350795e0f00b5e8ae2a,32,Chamaenerion latifolium
Chamaenerion latifolium,564970,395956459,726078462,https://inaturalist-open-data.s3.amazonaws.com/photos/726078462/large.jpg,cc-by-nc,"(c) Emily Main, some rights reserved (CC BY-NC)",52.38307,-126.5703366667,6.0,2026-07-06,9162634,elmain,c69c77dbf16ba611c27578a946b9a652fb25122761be0ed9fb6367e837c2fd1d,33,Chamaenerion latifolium
Chamaenerion latifolium,564970,384300107,703455312,https://inaturalist-open-data.s3.amazonaws.com/photos/703455312/large.jpg,cc-by-nc,"(c) jamie_fenneman, some rights reserved (CC BY-NC)",64.1876966667,-68.016175,2.0,2026-07-23,5217573,jamie_fenneman,f4ee986c8cc3df0b7ed9270b6e6d1fa9d414c88b7716daabba897d01465c1b3f,34,Chamaenerion latifolium
Chamaenerion latifolium,564970,330511733,599348054,https://inaturalist-open-data.s3.amazonaws.com/photos/599348054/large.jpg,cc-by,"(c) Matt Berger, some rights reserved (CC BY)",45.3085027778,-117.3100055556,3.0,2025-08-12,740297,sheriff_woody_pct,d2f127e001f211659a74b877dc36e73106926f833aafc2fdb672e8c7f82ead12,35,Chamaenerion latifolium
Chamaenerion latifolium,564970,392000680,718338119,https://inaturalist-open-data.s3.amazonaws.com/photos/718338119/large.jpg,cc-by-nc,"(c) astrassman, some rights reserved (CC BY-NC)",60.1813286876,-149.6613648534,603.0,2026-08-12,7175527,astrassman,b3f96935c22f94e151ea19c6056faa347cbb35438805058c46404b89c27ceb64,36,Chamaenerion latifolium
Chamaenerion latifolium,564970,14038229,20774663,https://inaturalist-open-data.s3.amazonaws.com/photos/20774663/large.jpeg,cc-by-nc,"(c) Bruce Bennett, some rights reserved (CC BY-NC)",64.7496805556,-138.7180472222,5.0,2018-06-30,111081,brucebennett,b00f1ed8b4a4e06a1563b23a662817b411dd900320465ece39ed008fc18fc743,37,Chamaenerion latifolium
Chamaenerion latifolium,564970,179066398,311699590,https://inaturalist-open-data.s3.amazonaws.com/photos/311699590/large.jpeg,cc-by-nc,"(c) Debbie Urbanski, some rights reserved (CC BY-NC)",51.5166893005,-116.1081466675,9.0,2023-08-16,4055878,dmu,aa323c43e7d000abc98a1589b969c165b6803117d8a825dea50c2d515b95d816,38,Chamaenerion latifolium
Chamaenerion latifolium,564970,391959269,718230950,https://inaturalist-open-data.s3.amazonaws.com/photos/718230950/large.jpg,cc-by-nc,"(c) anne-outdoors, some rights reserved (CC BY-NC)",39.871648,-105.6963975,1482.0,2026-07-16,6443674,anne-outdoors,607691bdcac2bf26658871519f28ebe623185103164e4a7023b3fd3e94ebd5be,39,Chamaenerion latifolium
Chamaenerion latifolium,564970,385747968,706215342,https://inaturalist-open-data.s3.amazonaws.com/photos/706215342/large.jpg,cc-by-nc,"(c) joebushman, some rights reserved (CC BY-NC)",47.4866113774,-120.8299421628,4.0,2026-07-19,6717065,joebushman,7c0e6408cdaf1f2598e56efdb231e482552a4e21a69aa253ecda91daa776b8e8,40,Chamaenerion latifolium
Chamaenerion latifolium,564970,379459818,694109697,https://inaturalist-open-data.s3.amazonaws.com/photos/694109697/large.jpg,cc-by-nc,"(c) Christopher Sharp, some rights reserved (CC BY-NC)",54.2928025001,-130.4449874488,5.0,2026-07-04,10572845,christopher13793,d6d01f21d3e35605814820eecef94e4cf5be782cf4a2c09a69645108a56bd5ee,41,Chamaenerion latifolium
Chamaenerion latifolium,564970,187390538,327696223,https://inaturalist-open-data.s3.amazonaws.com/photos/327696223/large.jpeg,cc-by-nc,"(c) Finn McGhee, some rights reserved (CC BY-NC)",59.240078,-130.522186,20.0,2023-07-25,3761126,fmcghee,0fafb83cb390ee765bc0ac1c0e31fa9b032987cd500f1d2e1d6dcdaff78c66ce,42,Chamaenerion latifolium
Chamaenerion latifolium,564970,131643523,224052300,https://inaturalist-open-data.s3.amazonaws.com/photos/224052300/large.jpeg,cc-by-nc,"(c) Nicola Rammell, some rights reserved (CC BY-NC)",78.8710653081,-75.781457874,1953.0,2022-07-04,1218315,nicolarammell,55354b99be644f476735e27b78f5d74acd4a066df6c8eaacfa1fe2a58a5cb03b,43,Chamaenerion latifolium
Chamaenerion latifolium,564970,307942102,555515465,https://inaturalist-open-data.s3.amazonaws.com/photos/555515465/large.jpg,cc-by-nc,"(c) Tanja Kunz, some rights reserved (CC BY-NC)",64.1733466667,-51.7460333333,2.0,2025-08-17,9660291,tanja91930,659f9993a38a94c060adbc1b62fcfed458b3d69dd168cbf50b6476641ee3e0fc,44,Chamaenerion latifolium
Chamaenerion latifolium,564970,298977269,538599877,https://inaturalist-open-data.s3.amazonaws.com/photos/538599877/large.jpg,cc-by,"(c) Petr Hudeček, some rights reserved (CC BY)",65.8099874156,-16.3859860227,9.0,2025-07-18,4297855,pethu,028368d36f00488cb3cd157a39c538c8a4a770800bf73c4d099e6e3857a05bf2,45,Chamaenerion latifolium
Chamaenerion latifolium,564970,377878186,691060206,https://inaturalist-open-data.s3.amazonaws.com/photos/691060206/large.jpg,cc-by-nc,"(c) hmcook, some rights reserved (CC BY-NC)",60.198497169,-154.3209481927,5.0,2026-07-03,2053828,hmcook,fcaf23fe78dadb08f9393de1e357af49189d03be579b6015e8520dead7a67d9c,46,Chamaenerion latifolium
Chamaenerion latifolium,564970,388366081,711278990,https://inaturalist-open-data.s3.amazonaws.com/photos/711278990/large.jpg,cc-by,"(c) Jason Alexander, some rights reserved (CC BY)",49.5628883333,-121.09925,57.0,2026-08-04,742725,jasonalexander,b39930fe959bd6ad3e31036cd5d9b1cedd6c6425de895e8c68067f2be72c1cdc,47,Chamaenerion latifolium
Chamaenerion latifolium,564970,312382177,563987652,https://inaturalist-open-data.s3.amazonaws.com/photos/563987652/large.jpg,cc-by-nc,"(c) Zev D., some rights reserved (CC BY-NC)",58.4185377964,-134.5458433582,60.0,2025-08-27,5858303,inkadillo,ce337105f03e7128c5edc91745926465d7a9742848fa500181203c0a820613b1,48,Chamaenerion latifolium
Chamaenerion latifolium,564970,382079975,699182189,https://inaturalist-open-data.s3.amazonaws.com/photos/699182189/large.jpg,cc-by-nc,"(c) grand, some rights reserved (CC BY-NC)",62.2157033333,-75.6378783333,4.0,2026-07-16,112118,grand,625300628d45950c90ad2e20100e298d7454a2d234e704bc2fc2b0f9b63b98a5,49,Chamaenerion latifolium
Chamaenerion latifolium,564970,56587349,90185062,https://inaturalist-open-data.s3.amazonaws.com/photos/90185062/large.jpeg,cc-by-nc,"(c) Bruce Bennett, some rights reserved (CC BY-NC)",61.8127444444,-134.9866333333,5.0,2020-08-13,111081,brucebennett,e5696d55bf5d8484f6e113192174724ec21ab5c2dde78af9ab93c9c8418e2db1,50,Chamaenerion latifolium
Chamaenerion latifolium,564970,302906499,545920053,https://inaturalist-open-data.s3.amazonaws.com/photos/545920053/large.jpg,cc-by-nc,"(c) Claire Dutilleul, some rights reserved (CC BY-NC)",69.20482,-51.1155971667,3.0,2025-08-01,7115148,clairedut,71533dbb77c7837a656a0ed7d42525decb4fc8b9f906d25bd5a25edbedec08d6,51,Chamaenerion latifolium
Chamaenerion latifolium,564970,389734653,713920264,https://inaturalist-open-data.s3.amazonaws.com/photos/713920264/large.jpg,cc-by-nc,"(c) Евгений Попов, some rights reserved (CC BY-NC)",43.0468833333,76.9530633333,5.0,2026-08-08,5509849,evgeny_popov,21ab16a759955d3f2f0cb9ff0643ca0e63739fbf5f2cc171470c3f6bb1a64c35,52,Chamaenerion latifolium
Chamaenerion latifolium,564970,392984523,720396913,https://inaturalist-open-data.s3.amazonaws.com/photos/720396913/large.jpg,cc-by-nc,"(c) Brendan B, some rights reserved (CC BY-NC)",49.7408332289,-117.1322222427,179.0,2026-08-19,5053562,brendan_james,69644f7f406dc1dd3dad3d243f49063ca9c57d678920a1e89120921ab63d48cb,53,Chamaenerion latifolium
Chamaenerion latifolium,564970,7397473,9604472,https://inaturalist-open-data.s3.amazonaws.com/photos/9604472/large.jpg,cc-by-nc,"(c) lonnyholmes, some rights reserved (CC BY-NC)",63.5359238524,-149.828892854,29.0,2017-07-21,53702,lonnyholmes,1247c545405bd66783c38256bc4b61b288a1942ba294e1f787a23a400565c792,54,Chamaenerion latifolium
Chamaenerion latifolium,564970,383801669,702494620,https://inaturalist-open-data.s3.amazonaws.com/photos/702494620/large.jpg,cc-by-nc,"(c) Judd Curran, some rights reserved (CC BY-NC)",61.145825,-146.36525,2.0,2026-07-21,2259672,profcurran,3c10679aa7ce9847b03086f49e1b973efb8e5e56b3293519db7c5281679c448d,55,Chamaenerion latifolium
Chamaenerion latifolium,564970,22808623,35350169,https://inaturalist-open-data.s3.amazonaws.com/photos/35350169/large.jpeg,cc-by-nc,"(c) Andy Fyon, some rights reserved (CC BY-NC)",63.9321253705,-135.2070258569,488.0,2008-07-28,726092,andyfyon,849c6c4850d5e01cb7ac8e753df7d7edd41f79bef34a14e80657f2d62a044014,56,Chamaenerion latifolium
Chamaenerion latifolium,564970,377157875,689664519,https://inaturalist-open-data.s3.amazonaws.com/photos/689664519/large.jpg,cc-by-nc,"(c) yukonnomad, some rights reserved (CC BY-NC)",61.6349102866,-138.6816322989,8.0,2026-07-01,10602641,yukonnomad,f252d447b7d955320ce1a16388704e33cc0870da1146d84cde96cfbcc20c7e50,57,Chamaenerion latifolium
Chamaenerion latifolium,564970,88940041,146813904,https://inaturalist-open-data.s3.amazonaws.com/photos/146813904/large.jpeg,cc-by-nc,"(c) S.Wolf, some rights reserved (CC BY-NC)",52.8491683287,-117.7216631547,12.0,2021-07-24,386976,wolfsden,548eab04cc4fc9e0ee5abdd2f3a12ca16e0b88cd2a65164313cf8d7fbad26c00,58,Chamaenerion latifolium
Chamaenerion latifolium,564970,378995461,693217385,https://inaturalist-open-data.s3.amazonaws.com/photos/693217385/large.jpg,cc-by-nc,"(c) jasperek, some rights reserved (CC BY-NC)",60.23011078,-133.88307624,3.0,2026-07-06,9557033,jasperek,15c7b7e8b989a91e2a1a04c0a599a3e9d065a6d457ac42ba5f0e26c3b086b5fe,59,Chamaenerion latifolium
Chamaenerion latifolium,564970,387803331,710171857,https://inaturalist-open-data.s3.amazonaws.com/photos/710171857/large.jpg,cc-by-nc,"(c) Philippe PERRUISSEAU-CARRIER, some rights reserved (CC BY-NC)",67.1208600212,-50.1737116277,2.0,2026-08-02,9997439,philippe_france,31fb4510a7b1ff96cecda176cf1654870d8466b310ded384e442d4ee0e58f839,60,Chamaenerion latifolium
Bidens alba,1095846,347762913,634139104,https://inaturalist-open-data.s3.amazonaws.com/photos/634139104/large.jpg,cc-by,"(c) chrisdt, some rights reserved (CC BY)",18.9063383333,98.8949666667,25.0,2026-04-06,8333282,chrisdt,84f1b919cb6beff02e5d7a722d556c5fce7c73c689c2a6b50efdcdc2a837289f,1,Bidens alba
Bidens alba,1095846,334741976,607950307,https://inaturalist-open-data.s3.amazonaws.com/photos/607950307/large.jpg,cc-by-nc,"(c) Jens Thalund, some rights reserved (CC BY-NC)",15.2411556355,-90.2844136378,946.0,2025-11-04,7523131,langli,d3f5916b6a7f42ef5328ae473d07b62ba8ec0e450119f1597c9ba36912550689,2,Bidens alba
Bidens alba,1095846,254765060,456407865,https://inaturalist-open-data.s3.amazonaws.com/photos/456407865/large.jpeg,cc0,no rights reserved,21.7058000272,-157.9755838215,6.0,2024-12-10,5880267,damienxw,baff15ed715e8ebcb3bfefc98b122e31e6e8ef3114d97beb85b2590c053032c3,3,Bidens alba
Bidens alba,1095846,78736900,128892053,https://inaturalist-open-data.s3.amazonaws.com/photos/128892053/large.jpg,cc-by-nc,"(c) Dr M Chin Sue Min, some rights reserved (CC BY-NC)",10.6531175243,-61.4195783611,488.0,2021-05-14,1273850,magichin,e6dd690419037b74a92075865d25794ea32c8780695ae93ea0fe3b0e1e0e0363,4,Bidens alba
Bidens alba,1095846,39232972,62217729,https://inaturalist-open-data.s3.amazonaws.com/photos/62217729/large.jpg,cc-by,"(c) Cheng-Tao Lin, some rights reserved (CC BY)",24.67957,121.77726167,16.0,2020-02-23,668245,mutolisp,c16821d953bcc28f0e7a56f3fcdd86fd24e81a78d2f0b589a0056c6453eea5da,5,Bidens alba
Bidens alba,1095846,333742669,605922046,https://inaturalist-open-data.s3.amazonaws.com/photos/605922046/large.jpg,cc-by-nc,"(c) eridgeway, some rights reserved (CC BY-NC)",32.4434020277,-80.6732959953,4.0,2025-11-20,9428884,eridgeway,fb27307fb3b6a1140838fa14b02b5347fa2da23c3c91ef597a3fd49ebbd22019,6,Bidens alba
Bidens alba,1095846,113988091,192526696,https://inaturalist-open-data.s3.amazonaws.com/photos/192526696/large.jpg,cc-by-nc,"(c) yaz_ruiz, some rights reserved (CC BY-NC)",25.7550616667,-100.3022,13.0,2022-04-30,5423275,yaz_ruiz,40a4f8f116c994e8eb7f7b30b8cbe80b606614e83737e8b42713f5f6b53856ba,7,Bidens alba
Bidens alba,1095846,332338507,603107993,https://inaturalist-open-data.s3.amazonaws.com/photos/603107993/large.jpg,cc-by-nc,"(c) stickbug5182, some rights reserved (CC BY-NC)",18.37508,-66.088146,15.0,2025-12-27,8844755,stickbug5182,748e9bfa25e938a0c71d1ebee57bce976a905d40542b3c3b2b7ed44d410c9e22,8,Bidens alba
Bidens alba,1095846,326796265,591933272,https://inaturalist-open-data.s3.amazonaws.com/photos/591933272/large.jpg,cc-by-nc,"(c) Trevor Zook, some rights reserved (CC BY-NC)",29.97490301,-90.09361683,6.0,2025-11-16,2981736,trevorzook,6246762d66256ca6214566a5ef4b8f7b4a6dd18d487fe86958afb3086c8781ff,9,Bidens alba
Bidens alba,1095846,74062464,121000568,https://inaturalist-open-data.s3.amazonaws.com/photos/121000568/large.jpeg,cc-by-nc,"(c) cpar, some rights reserved (CC BY-NC)",24.5461653638,-81.8118320519,73.0,2021-03-18,3982813,como_plants_animals_rocks,489d9f51c2bb0589287050d99e2fab49ef1789d3c392ab6f4ad33eee929a84cf,10,Bidens alba
Bidens alba,1095846,338405050,615406762,https://inaturalist-open-data.s3.amazonaws.com/photos/615406762/large.jpg,cc-by-nc,"(c) Tsoi K, some rights reserved (CC BY-NC)",22.4125445676,113.9815353348,63.0,2026-01-21,10063259,tyalexisk,d41da1fbeaec756b5527fa07d997e0d61e45d096f2e9d34ef66043bf8066b3fa,11,Bidens alba
Bidens alba,1095846,158388633,273740013,https://inaturalist-open-data.s3.amazonaws.com/photos/273740013/large.png,cc-by-nc,"(c) onidiras-iNaturalist, some rights reserved (CC BY-NC)",21.2546769266,106.1810553457,852.0,2023-03-30,2027679,onidiras,438029673cb0b6eadf6ff5318a46e33f8b61c3b11cebfe0233cf339869c279cd,12,Bidens alba
Bidens alba,1095846,79532343,130274235,https://inaturalist-open-data.s3.amazonaws.com/photos/130274235/large.jpg,cc-by-nc,"(c) elpatitojuan, some rights reserved (CC BY-NC)",21.1366735615,-86.8390079966,988.0,2021-03-20,3201540,elpatitojuan,2b099acbe1de342ae0802b75f56d3f1ff073bfe922db256c1b69f07424bc22e4,13,Bidens alba
Bidens alba,1095846,194299933,341500423,https://inaturalist-open-data.s3.amazonaws.com/photos/341500423/large.jpg,cc-by-nc,"(c) di_hopi, some rights reserved (CC BY-NC)",29.7851333333,-95.2430883333,9.0,2023-12-13,7372870,di_hopi,0a706b5afd266e0896e7294ae9457148794a9b21a1ac6fbe5e1eec31df20ff72,14,Bidens alba
Bidens alba,1095846,312670012,564557467,https://inaturalist-open-data.s3.amazonaws.com/photos/564557467/large.jpg,cc-by-nc,"(c) Ike, some rights reserved (CC BY-NC)",30.39229943,-84.63192959,9.0,2025-09-09,9187458,ikeswat,59fafaac980fd61c9170d117c5d40d7d3618df167d9b55fc8663d51e1a019cc9,15,Bidens alba
Bidens alba,1095846,331946877,602301053,https://inaturalist-open-data.s3.amazonaws.com/photos/602301053/large.jpg,cc-by,"(c) Robin Stonecypher, some rights reserved (CC BY)",28.1143216681,-80.6218100712,6.0,2025-12-24,2033807,robinstonecypher,098d4d5f475419ad4076bdcbb4f58eeaf86ce73b0e7f45f9f8b0697478d420b4,16,Bidens alba
Bidens alba,1095846,391239491,717883196,https://inaturalist-open-data.s3.amazonaws.com/photos/717883196/large.jpg,cc-by,"(c) Douglas Caro Lopez, some rights reserved (CC BY)",18.6591574703,-91.7667519306,89.0,2026-08-14,5397149,douglas_caro,e166923548238f3a9f4d4ccbcb5238bb0462dda8069048c2660b5fd7046c85e0,17,Bidens alba
Bidens alba,1095846,120468874,203761089,https://inaturalist-open-data.s3.amazonaws.com/photos/203761089/large.jpeg,cc-by-nc,"(c) 歐陽秀華, some rights reserved (CC BY-NC)",22.18503871,120.89066669,5.0,2022-06-06,1730676,sh1025,e7886117f36aeba51bcaa56a874163cb71ed33cb3b6fd20ac37d550d1effa0d9,18,Bidens alba
Bidens alba,1095846,150245898,259029874,https://inaturalist-open-data.s3.amazonaws.com/photos/259029874/large.jpg,cc-by-nc,"(c) eliud_55, some rights reserved (CC BY-NC)",25.9106619183,-97.4974498861,5.0,2023-03-04,6472626,eliud_55,f0c57887241066b14ad7b55fe6917a04c90c2e45572d4fd6249eb79bc33431ba,19,Bidens alba
Bidens alba,1095846,257628528,462183749,https://inaturalist-open-data.s3.amazonaws.com/photos/462183749/large.jpeg,cc0,no rights reserved,30.304478051,-81.6272245783,1.0,2025-01-06,2081962,kcthetc1,389261638fd3a76d02b4a7ad1fd7a5208a3bf17c78117d2dd26b549486bd9b38,20,Bidens alba
Bidens alba,1095846,68728548,111361543,https://inaturalist-open-data.s3.amazonaws.com/photos/111361543/large.jpg,cc-by-nc,"(c) lightning_whelk, some rights reserved (CC BY-NC)",30.2878883333,-87.61898,6.0,2021-01-24,2943006,lightning_whelk,fb5cfff3d7acb6f762fc8d2952632f364aa288b83be7c53f6012ff2952445a20,21,Bidens alba
Bidens alba,1095846,258414112,463629459,https://inaturalist-open-data.s3.amazonaws.com/photos/463629459/large.jpg,cc-by-nc,"(c) Toni Jordan-Millet, some rights reserved (CC BY-NC)",26.0825555,-80.238425,9.0,2025-01-13,7424063,toni_ajm,615aec7cdac7456b37405fe4f7898b1f55455c9d3e21182b79009ab1af4e1014,22,Bidens alba
Bidens alba,1095846,257943721,462744189,https://inaturalist-open-data.s3.amazonaws.com/photos/462744189/large.jpg,cc-by-nc,"(c) Dan Antonaccio, some rights reserved (CC BY-NC)",27.4108176122,-82.6573418794,15.0,2025-01-01,150462,earth_tide,a1ae548d0eccc6fa1d924a290487f4ef0297e2f16c1e6178cb298f3f6101b551,23,Bidens alba
Bidens alba,1095846,153181282,264533084,https://inaturalist-open-data.s3.amazonaws.com/photos/264533084/large.jpeg,cc-by,"(c) Ricard Busquets Reverte, some rights reserved (CC BY)",16.9959485604,-89.6938865372,31.0,2023-02-20,4026605,ricardelremate,82d23f51a40d46f69431e9e02c49347b3c4e2427bf252fd5bce78c097635113c,24,Bidens alba
Bidens alba,1095846,313504267,566155858,https://inaturalist-open-data.s3.amazonaws.com/photos/566155858/large.jpg,cc-by,"(c) 如此甚好, some rights reserved (CC BY)",23.2565783078,119.6702900156,13.0,2025-09-13,1133692,sh_kung,85979cdd529e15b3b01ac1f62b9bf4b141bf23b875205489e3b44784a6cb5720,25,Bidens alba
Bidens alba,1095846,156143225,269963732,https://inaturalist-open-data.s3.amazonaws.com/photos/269963732/large.jpg,cc-by-nc,"(c) Michael Oneal, some rights reserved (CC BY-NC)",31.3288466667,-89.2989966667,8.0,2023-04-22,1366059,michaeloneal,7105dfd01447611bbd6abdd18b00aea057422343e4ff4acca56628ec17ddebb6,26,Bidens alba
Bidens alba,1095846,256299402,459496269,https://inaturalist-open-data.s3.amazonaws.com/photos/459496269/large.jpg,cc-by-nc,"(c) Bob Benz, some rights reserved (CC BY-NC)",29.0452111667,-82.196495,14.0,2024-12-26,2048406,bbenz62,b6dce56334291960417088813835fdb0beafc127325004e754e551a18d34e355,27,Bidens alba
Bidens alba,1095846,232796451,413634701,https://inaturalist-open-data.s3.amazonaws.com/photos/413634701/large.jpeg,cc-by-nc,"(c) Robert LaPlante, some rights reserved (CC BY-NC)",30.7752179985,-86.1339341947,9.0,2024-07-30,3143320,laplante,ebc1d69a037207cc4d2ee85996839023ab7f0f6f86ddaf493ad3f000ffdb21be,28,Bidens alba
Bidens alba,1095846,175708132,305388104,https://inaturalist-open-data.s3.amazonaws.com/photos/305388104/large.jpg,cc-by-nc,"(c) chunlin835, some rights reserved (CC BY-NC)",23.3768666667,121.3237133333,4.0,2023-07-30,6641021,chunlin835,5402fc89a34e8f9391e7e4196e68517b062a6e7ff2eae0f25f94c3b6790ba40a,29,Bidens alba
Bidens alba,1095846,262913847,472222860,https://inaturalist-open-data.s3.amazonaws.com/photos/472222860/large.jpeg,cc-by-nc,"(c) 歐陽秀華, some rights reserved (CC BY-NC)",24.2927333333,120.5535216667,4.0,2025-02-24,1730676,sh1025,799cdf5bad62f1d7248b85e1608ecd343b7c72552b498b5a9038e410df31dc80,30,Bidens alba
Bidens alba,1095846,263002243,472396532,https://inaturalist-open-data.s3.amazonaws.com/photos/472396532/large.jpg,cc-by-nc,"(c) Dhugal Lindsay, some rights reserved (CC BY-NC)",20.2145000082,105.9306084552,3.0,2025-02-25,1597538,dhugallindsay,93c9285a73fce8193b3308154d72332ca9d73f649c90e88c615bbb68b3b64d70,31,Bidens alba
Bidens alba,1095846,115878955,195575682,https://inaturalist-open-data.s3.amazonaws.com/photos/195575682/large.jpg,cc-by-nc,"(c) Richard Joyce, some rights reserved (CC BY-NC)",25.8384025101,-81.3802654851,22.0,2022-05-06,386641,richardmonteverdense,b7ffe702b3947ac088e1063c19a2ff83a90d6c2d5771fa61bdfca9442dd05ee3,32,Bidens alba
Bidens alba,1095846,193828652,340551071,https://inaturalist-open-data.s3.amazonaws.com/photos/340551071/large.jpeg,cc-by-nc,"(c) Janet Wright, some rights reserved (CC BY-NC)",30.3935722222,-88.7950583333,4.0,2023-12-12,56162,janetwright,f5655aa8e33c658fb0b698241ab1334304a2d2aca3f48a6756eef6c562427bd8,33,Bidens alba
Bidens alba,1095846,332793665,604038210,https://inaturalist-open-data.s3.amazonaws.com/photos/604038210/large.jpg,cc-by-nc,"(c) James K. Wetterer, some rights reserved (CC BY-NC)",26.7682033333,-81.0850305,3.0,2025-12-30,98904,jimw3,52f827c440046bed392a72198e817da71fc48c7d89f97632140fb10f65e6e3fd,34,Bidens alba
Bidens alba,1095846,331603262,601594632,https://inaturalist-open-data.s3.amazonaws.com/photos/601594632/large.jpg,cc-by-nc,"(c) sparkypetunia, some rights reserved (CC BY-NC)",29.0361290235,-80.9180379286,202.0,2025-12-21,5685596,sparkypetunia,6ad7f29247f6670e211083597fed20cc9e84f50f8fcc9b5962026dc15b76329f,35,Bidens alba
Bidens alba,1095846,268226079,482108755,https://inaturalist-open-data.s3.amazonaws.com/photos/482108755/large.jpg,cc-by-nc,"(c) Craig Ontl, some rights reserved (CC BY-NC)",28.4136567351,-81.5887552688,18.0,2025-03-25,469593,crontl72,c5171bb00517c7987ff855cb80da11853c38cbd128e1e4e328a8404a23877d7c,36,Bidens alba
Bidens alba,1095846,347263452,633145642,https://inaturalist-open-data.s3.amazonaws.com/photos/633145642/large.jpg,cc-by-nc,"(c) Beach2022 - CJ McCartney, some rights reserved (CC BY-NC)",26.88783787,-80.05680266,3.0,2026-04-04,5294089,beach2022,4549523f8588235cd8fb3e42b8a60bc87ff81b22054363d4fab0da08666dea0e,37,Bidens alba
Bidens alba,1095846,198947517,350749936,https://inaturalist-open-data.s3.amazonaws.com/photos/350749936/large.jpeg,cc-by-nc,"(c) wanderingeden, some rights reserved (CC BY-NC)",25.1355228063,-80.9476177752,133.0,2024-02-02,4465482,wanderingeden,b7b5dfb77e774264eaec131b98a8a714a7070a477f71b0a701c2737e554b0b14,38,Bidens alba
Bidens alba,1095846,99432686,165750453,https://inaturalist-open-data.s3.amazonaws.com/photos/165750453/large.jpeg,cc-by-nc,"(c) shannn, some rights reserved (CC BY-NC)",23.4724535634,120.4854924604,25.0,2021-10-26,5160233,shannn,142765d6120c6ceb378c0f8fa13f6e8e5d39bcfad0e111a14f24ddab072a6f84,39,Bidens alba
Bidens alba,1095846,136330102,232828471,https://inaturalist-open-data.s3.amazonaws.com/photos/232828471/large.jpg,cc-by-nc,"(c) Ethan, some rights reserved (CC BY-NC)",31.0541361667,-81.4088533333,54.0,2022-09-24,1000655,mothlover69,7826373743933ae7c28f83918e145f75f90385d7fa18745e43a4d8df7e4678c5,40,Bidens alba
Bidens alba,1095846,103119644,172520869,https://inaturalist-open-data.s3.amazonaws.com/photos/172520869/large.jpg,cc-by-nc,"(c) ryanvrodriguez, some rights reserved (CC BY-NC)",26.1776116667,-98.2297966667,4.0,2021-12-15,4819113,ryanvrodriguez,e2e0b17867c4778ea60fc0264c5c0c6dadf1096b738afc56f942d6274cb7651a,41,Bidens alba
Bidens alba,1095846,39128662,62071523,https://inaturalist-open-data.s3.amazonaws.com/photos/62071523/large.jpg,cc-by-nc,"(c) nathani_k_906, some rights reserved (CC BY-NC)",28.0722764461,-82.3721349333,5.0,2020-02-23,2540875,nathani_k_906,27605687743d027c68fb3dcca934f79fc661a8049ccab72aad065d45fd857e4f,42,Bidens alba
Bidens alba,1095846,143772405,246630673,https://inaturalist-open-data.s3.amazonaws.com/photos/246630673/large.jpeg,cc0,no rights reserved,25.0651918212,121.1832672078,3.0,2022-12-06,2296918,peakaytea,0218c13d7f28193da71db76db130f21fbd189a7329a351594cb86c32141e8f03,43,Bidens alba
Bidens alba,1095846,151129948,260716745,https://inaturalist-open-data.s3.amazonaws.com/photos/260716745/large.jpg,cc-by-nc,"(c) Chi Chun, some rights reserved (CC BY-NC)",24.0427388333,121.62085,4.0,2023-03-03,2476329,chi-chun,afaf60410a55327c3239242f9845572c0a10761e756cfefb790f5418aaa20024,44,Bidens alba
Bidens alba,1095846,43100844,68426158,https://inaturalist-open-data.s3.amazonaws.com/photos/68426158/large.jpeg,cc-by-nc,"(c) kathyinat, some rights reserved (CC BY-NC)",29.66313008,-82.38637989,8.0,2020-04-24,2829667,kathyinat,5ad2b377c33196858592576e29621c8b1dca8122244a8e23d91163b633e44129,45,Bidens alba
Bidens alba,1095846,140691382,240863409,https://inaturalist-open-data.s3.amazonaws.com/photos/240863409/large.jpeg,cc0,no rights reserved,31.9801651706,-81.1758843416,236.0,2022-10-31,4014802,nonbinary-naturalist,9a34f6267c53f4667e12f369d93b26cd24c3346ee3de44967af5552dfd8e7a1b,46,Bidens alba
Bidens alba,1095846,334663966,607796354,https://inaturalist-open-data.s3.amazonaws.com/photos/607796354/large.jpg,cc-by-nc,"(c) Cesar Rodriguez, some rights reserved (CC BY-NC)",25.2303541546,-100.0451091304,202.0,2026-01-12,9911541,cesar15304,96193c676e21cc360df82030b7226337b6d01f62ce705236a0033ad69e58efd1,47,Bidens alba
Bidens alba,1095846,155632895,269029087,https://inaturalist-open-data.s3.amazonaws.com/photos/269029087/large.jpg,cc-by-nc,"(c) cpar, some rights reserved (CC BY-NC)",24.6655854939,-81.2527208519,464.0,2023-03-27,3982813,como_plants_animals_rocks,4479eba016be1ed7cf8c7d8626e9f9fec0315a4c832093fb387867b1b9d8b673,48,Bidens alba
Bidens alba,1095846,108928553,183497063,https://inaturalist-open-data.s3.amazonaws.com/photos/183497063/large.jpg,cc-by-nc,"(c) 洪協豐, some rights reserved (CC BY-NC)",23.8124461855,120.8486711976,4.0,2022-03-19,5432160,naturalist44790,a8ce38e58f58448f386e110a26c235d564364e0f45ef7c4e713d55c12433829b,49,Bidens alba
Bidens alba,1095846,257417050,461770431,https://inaturalist-open-data.s3.amazonaws.com/photos/461770431/large.jpeg,cc-by-nc,"(c) Ed Siarkowicz, some rights reserved (CC BY-NC)",29.9296535295,-81.3233006001,142.0,2025-01-04,8481227,dredshark,c37ebca4a527b3115e74cab9886eb57fb747c6d1d3d79f89c67915cad3156943,50,Bidens alba
Bidens alba,1095846,89439044,148456065,https://inaturalist-open-data.s3.amazonaws.com/photos/148456065/large.jpg,cc-by-nc,"(c) dengdeng, some rights reserved (CC BY-NC)",24.6528211283,120.9804494587,5.0,2021-08-01,3909887,dengdeng,fd36d7869de3b57ed61c7997a57c6a365e61219f065c6e7132a460a3e22523c2,51,Bidens alba
Bidens alba,1095846,283207049,508859871,https://inaturalist-open-data.s3.amazonaws.com/photos/508859871/large.jpg,cc-by-nc,"(c) ginnylh, some rights reserved (CC BY-NC)",30.6531,-87.9124966667,3.0,2025-05-17,5484642,ginnylh,4e16875aaab290a7da2012d54614ae2e63cc1f2441214d37a06951929cd77635,52,Bidens alba
Bidens alba,1095846,319779976,578089765,https://inaturalist-open-data.s3.amazonaws.com/photos/578089765/large.jpg,cc-by-nc,"(c) Susan Worthington, some rights reserved (CC BY-NC)",29.9909478537,-82.0617914032,4.0,2025-10-09,9816431,susan_worthington,f604560c9625b03d98cdd0a348a969e1f7cc16dabece98ea39dada9d6e5afd94,53,Bidens alba
Bidens alba,1095846,196039376,345038476,https://inaturalist-open-data.s3.amazonaws.com/photos/345038476/large.jpeg,cc-by,"(c) Jo Roberts, some rights reserved (CC BY)",27.9238182,-81.94991502,3.0,2024-01-07,3920526,bacchusrock,0e2f417fec787592084c05aebef58975c59771eb958f9064ebb65045553937e1,54,Bidens alba
Bidens alba,1095846,42072988,66778402,https://inaturalist-open-data.s3.amazonaws.com/photos/66778402/large.jpeg,cc-by-nc,"(c) sinyu0119, some rights reserved (CC BY-NC)",25.0665067,121.6601014,22.0,2020-04-13,2746901,sinyu0119,651f4494d2a58c0e9826d0261c2a9f3282c6c10d41332326c83da1fb3419df0b,55,Bidens alba
Bidens alba,1095846,192752593,338446333,https://inaturalist-open-data.s3.amazonaws.com/photos/338446333/large.jpg,cc-by-nc,"(c) melissabash, some rights reserved (CC BY-NC)",28.6031074655,-81.1997340329,4.0,2023-12-01,7649510,melissabash,9dc7c1cafeac155a040878ec8bf39c6dcd56c4d92fa1db2aaf921e82ded848aa,56,Bidens alba
Bidens alba,1095846,62523664,100190725,https://inaturalist-open-data.s3.amazonaws.com/photos/100190725/large.jpeg,cc-by-nc,"(c) Kayleigh Alexander, some rights reserved (CC BY-NC)",28.991501654,-81.3379977643,199.0,2020-09-30,3520131,kay1999,f5b758915fc78de3f9ff08e0fe598348d7bac6e1351869ad89fe379b868fe25c,57,Bidens alba
Bidens alba,1095846,314549591,568190286,https://inaturalist-open-data.s3.amazonaws.com/photos/568190286/large.jpg,cc-by,"(c) Brynn Fricke, some rights reserved (CC BY)",29.4471137097,-82.0705390212,762.0,2025-09-17,5495957,brynnfricke,ad11a489264993db426d045ceaae9308ca6f5015e9dd34a73cd1fc01a44fb25c,58,Bidens alba
Bidens alba,1095846,284668244,511615254,https://inaturalist-open-data.s3.amazonaws.com/photos/511615254/large.jpg,cc-by-nc,"(c) Jim Wilson, some rights reserved (CC BY-NC)",30.230836798,-88.0106850903,196.0,2025-05-27,4787965,wilson175,9785be35862791716ba3c1402c65e2a8dde659f8cc72e8bb74c2abc7ef793f31,59,Bidens alba
Bidens alba,1095846,344092354,626907688,https://inaturalist-open-data.s3.amazonaws.com/photos/626907688/large.jpg,cc-by-nc,"(c) jconde2024, some rights reserved (CC BY-NC)",26.3757694444,-80.0973138889,6.0,2026-03-20,10065638,jconde2024,e9b83bf90b7be88a57266b43408f7e481b3a3e425098162c3cc85560e5db998a,60,Bidens alba
