species,n_classifiable,H1_coarse_primary_morph,H1_coarse_secondary_morph,H1_coarse_second_fraction,continuous_major_n,continuous_minor_n,continuous_minor_fraction,continuous_hellinger_separation_ratio,continuous_vs_coarse_nmi,delta_norm,coarse_n_white,coarse_n_yellow_orange,coarse_n_red_pink,coarse_n_blue_purple,mu1_white,mu2_white,delta_white,mu1_yellow,mu2_yellow,delta_yellow,mu1_orange,mu2_orange,delta_orange,mu1_red,mu2_red,delta_red,mu1_pink,mu2_pink,delta_pink,mu1_magenta,mu2_magenta,delta_magenta,mu1_purple,mu2_purple,delta_purple,mu1_blue,mu2_blue,delta_blue,mu1_bronze,mu2_bronze,delta_bronze
Abutilon theophrasti,45,yellow_orange,white,0.1111111111111111,38,7,0.15555555555555556,2.6497202913269313,0.7434492165244949,0.9474009611923716,5,39,0,1,0.06461467046979498,0.6933910742711795,0.6287764038013846,0.7609175345438938,0.060509007576248726,-0.700408526967645,0.058321478983900166,0.0088126459625701,-0.049508833021330065,0.0,0.0,0.0,9.064986183724476e-05,0.0,-9.064986183724476e-05,0.0,0.0,0.0,4.9595588087347376e-05,0.0,-4.9595588087347376e-05,0.0006430903471981631,0.0915410083162586,0.09089791796906044,0.1153629802052883,0.145746263873743,0.030383283668454705
Acacia dealbata,49,yellow_orange,white,0.1836734693877551,39,10,0.20408163265306123,2.202258307494325,0.8357785276196281,0.7807263285355086,9,40,0,0,0.09678533877292857,0.6796062537188645,0.5828209149459359,0.6340309173436847,0.12097673508522863,-0.513054182258456,0.0057355225671618364,5.1602618544520004e-05,-0.005683919948617317,0.0009244236449787644,0.0,-0.0009244236449787644,0.0005978638299890488,0.0,-0.0005978638299890488,0.0,0.0,0.0,2.153184332977436e-05,0.0,-2.153184332977436e-05,0.008838927325227586,0.025734277642408942,0.016895350317181354,0.2530654746726997,0.1736311309349534,-0.0794343437377463
Agastache urticifolia,53,white,yellow_orange,0.11320754716981132,29,24,0.4528301886792453,1.216480191937612,0.19801794282464774,0.38704303078958147,45,6,0,2,0.8234584695604423,0.5508097493467686,-0.2726487202136737,0.01950090189839404,0.06010132497249049,0.04060042307409645,0.0001548037978944819,0.002632216285919212,0.00247741248802473,0.0017777675260033487,6.0907033767833356e-05,-0.0017168604922355153,0.030210371044211218,0.06370564033600123,0.03349526929179002,0.0,0.0008061883140934046,0.0008061883140934046,0.0070338329450658574,0.00203056622081172,-0.005003266724254137,0.06128280723402376,0.0006298225273720235,-0.06065298470665174,0.05658104599396522,0.31922358496277525,0.26264253896881
Ageratina occidentalis,56,white,red_pink,0.125,32,24,0.42857142857142855,2.0080236204512962,0.23276334822511457,0.45353166471974365,49,0,7,0,0.8560724370304416,0.5427400002261173,-0.3133324368043242,0.0007773595096038029,0.0009496697949087995,0.0001723102853049966,3.4932463903118756e-05,8.415978239646663e-07,-3.409086607915409e-05,0.0010223384060358684,0.0033219068418637297,0.0022995684358278613,0.039926985899836856,0.3654598075640647,0.32553282166422787,1.2539751010703933e-06,0.0030489260969667926,0.0030476721218657223,0.0030477745000454994,0.024624097310776433,0.021576322810730936,0.011884599334565663,0.004320685548787621,-0.007563913785778042,0.08723231888046638,0.05553406501869051,-0.031698253861775876
Allium cratericola,51,red_pink,white,0.4117647058823529,44,7,0.13725490196078433,1.9475994940590076,0.515067749502767,0.7060069768966785,21,6,24,0,0.4345108047217226,0.1451592546055058,-0.2893515501162168,0.02046261506642052,0.5020845430813188,0.4816219280148983,0.0012249428488150986,0.020693348929931115,0.019468406081116017,0.008507453325506285,0.003409432459929086,-0.0050980208655771984,0.4065328704384545,0.03986224523018332,-0.36667062520827115,0.03973734100097961,0.01248418222926316,-0.027253158771716447,0.02699636812167161,0.0006790347357576574,-0.026317333385913952,0.00196930829362029,0.0,-0.00196930829362029,0.06005829618280964,0.2756279587281111,0.21556966254530144
Anthemis cotula,75,white,yellow_orange,0.10666666666666667,39,36,0.48,1.3406839069767416,0.03720523637483188,0.16467855223112718,67,8,0,0,0.7287784874819014,0.6183649676919791,-0.11041351978992231,0.23459281076146624,0.20644905164270855,-0.02814375911875769,0.002719406440126264,0.020023451162678476,0.01730404472255221,0.0,8.133482059861113e-06,8.133482059861113e-06,0.0008989326336485459,0.0003241139634375466,-0.0005748186702109993,1.0595027329872998e-06,1.3493528503727782e-05,1.2434025770740481e-05,9.914648638152174e-05,5.493309648625279e-05,-4.4213389895268955e-05,0.0004961145231482729,0.004799847026930135,0.004303732503781862,0.03241404217059496,0.14996200840521628,0.11754796623462133
Apocynum cannabinum,52,white,yellow_orange,0.21153846153846154,35,17,0.3269230769230769,2.288910796996729,0.531890316072095,0.6563252707103547,41,11,0,0,0.864063828838041,0.3711224854230432,-0.4929413434149978,0.08431897909240142,0.5122126077188714,0.42789362862647,4.410589379259143e-05,0.0013279439599839127,0.0012838380661913213,6.481413672316561e-06,3.568712207895295e-05,2.920570840663639e-05,0.002149682770804719,0.0010610441659828944,-0.0010886386048218246,0.0,1.4304173481011768e-05,1.4304173481011768e-05,0.00022245503852235722,1.907223130801765e-05,-0.00020338280721433956,0.003288738452428364,0.0,-0.003288738452428364,0.04590572850033705,0.11420685520525066,0.06830112670491362
Aquilegia vulgaris,49,blue_purple,white,0.30612244897959184,27,22,0.4489795918367347,1.9108107997180417,0.7410437317618639,0.7143778178239384,15,0,8,26,0.18391473215521112,0.6089841611561763,0.4250694290009651,0.01196689835672684,0.02505810419286149,0.01309120583613465,0.0,0.00011865571292966758,0.00011865571292966758,1.79236391167963e-05,0.0034916681270050283,0.003473744487888232,0.021062061995224975,0.25093110751519804,0.22986904551997306,0.0045080976313373305,0.02282277989354424,0.018314682262206908,0.3626467489158582,0.01940774326702413,-0.34323900564883403,0.40351105737681403,0.008373655203649995,-0.395137402173164,0.01237247992971076,0.06081212493161119,0.048439645001900435
Aralia californica,57,white,yellow_orange,0.15789473684210525,48,9,0.15789473684210525,3.4934571400916554,0.6782060722531836,0.9683326201752592,48,9,0,0,0.8993908558291327,0.22026832938137778,-0.679122526447755,0.026410439979046768,0.716185754674104,0.6897753146950572,7.96425317355079e-06,0.012160348198722285,0.012152383945548734,3.976469091210418e-06,0.0018857326271866448,0.0018817561580954344,0.0013941686497911034,0.0,-0.0013941686497911034,3.976469091210418e-06,0.0,-3.976469091210418e-06,2.3957345263639088e-05,0.0,-2.3957345263639088e-05,0.0005220393116289864,0.0,-0.0005220393116289864,0.07224262169378058,0.049499835118609316,-0.022742786575171266
Aralia nudicaulis,46,white,yellow_orange,0.21739130434782608,39,7,0.15217391304347827,2.882530668067483,0.6214668844721425,0.9992766494910973,36,10,0,0,0.829885416671581,0.08901254733688176,-0.7408728693346992,0.07146715538663297,0.7377513381966982,0.6662841828100653,0.0003912903374303718,0.00014626103605998574,-0.00024502930137038607,0.0,0.0,0.0,0.0003267786970735719,0.0,-0.0003267786970735719,0.0,0.0,0.0,0.00037121055887811796,0.0,-0.00037121055887811796,0.0001404634353758462,0.0,-0.0001404634353758462,0.09741768491302803,0.17308985343036004,0.07567216851733201
Argemone albiflora,79,white,yellow_orange,0.31645569620253167,54,25,0.31645569620253167,3.524543774490845,1.0,1.0040804982835916,54,25,0,0,0.9232141279955647,0.054302416148761454,-0.8689117118468033,0.04976348525682002,0.4329707660091248,0.3832072807523048,0.008164056808682372,0.2503181277671733,0.24215407095849095,0.00036677147076021505,0.012089715362641171,0.011722943891880956,0.00026008271956258147,0.00621890730538339,0.005958824585820808,3.309739042731942e-07,0.0,-3.309739042731942e-07,0.0001000405809388713,0.005681007341126627,0.005580966760187755,9.697780043015662e-05,0.002500072130503933,0.0024030943300737766,0.018034126393336743,0.23591898793528532,0.21788486154194858
Astragalus missouriensis,59,blue_purple,red_pink,0.3559322033898305,36,23,0.3898305084745763,2.2432936777869554,0.8458822200975551,0.6233847473669236,0,1,21,37,0.1143889830799928,0.06852051518865329,-0.04586846789133951,0.0004121798035289196,0.03253196807156329,0.03211978826803437,7.456273379840002e-05,0.0007764479342249743,0.0007018852004265743,3.622518639752432e-05,0.001256997269514905,0.0012207720831173806,0.11479196724775312,0.21065330424820444,0.09586133700045132,0.04578408404474211,0.4579763325243841,0.412192248479642,0.6460071189247993,0.19716962956951367,-0.44883748935528567,0.06864014276856233,0.0013497153990735867,-0.06729042736948875,0.009864736210425433,0.02976508979486788,0.01990035358444245
Astragalus purshii,43,blue_purple,white,0.3953488372093023,26,17,0.3953488372093023,2.335592265025066,0.8491593473900132,0.8280195416649179,17,0,4,22,0.13975022817220395,0.8126437742895076,0.6728935461173037,0.0028024038757349093,0.0012252248074492,-0.0015771790682857093,5.944902642307693e-06,0.0,-5.944902642307693e-06,0.01655357829897578,0.0,-0.01655357829897578,0.15615925412084125,0.05538279033522102,-0.10077646378562023,0.0451565169204584,0.0027739651338555002,-0.0423825517866029,0.5194668881823843,0.05441913540813763,-0.46504775277424665,0.11041142767647567,0.046830776080177765,-0.06358065159629792,0.009693757850283514,0.026724333945651258,0.017030576095367744
Bituminaria bituminosa,44,blue_purple,white,0.4318181818181818,24,20,0.45454545454545453,1.7363794192364224,0.7837798961328718,0.689069663964021,19,3,1,21,0.17372042651724287,0.7306847669787786,0.5569643404615358,0.04923048585818147,0.019088706050685265,-0.030141779807496202,0.00459360980552768,0.0048213962196566465,0.00022778641412896615,0.0,0.0003274953723479951,0.0003274953723479951,0.0788696975388372,0.06269718112899672,-0.01617251640984048,0.040270424313613766,3.765431477943818e-05,-0.04023276999883433,0.4166190774693352,0.036398412092418606,-0.38022066537691657,0.2032808072836654,0.07687059160498094,-0.12641021567868446,0.03341547121359656,0.06907379623735573,0.035658325023759166
Boechera breweri,47,blue_purple,red_pink,0.3404255319148936,31,16,0.3404255319148936,1.7840933862471147,0.8033836727359506,0.5176589102692715,7,0,16,24,0.2378767791435654,0.1253600873307715,-0.11251669181279389,0.003997635089796457,0.0009040532914876555,-0.0030935817983088016,1.661644806805807e-05,3.570673976767731e-05,1.909029169961924e-05,7.278401752338348e-06,1.1843861914951176e-05,4.565460162612828e-06,0.13649702482919307,0.3225512283985218,0.18605420356932872,0.040357639760544926,0.363319569299432,0.3229619295388871,0.49681962059635965,0.1639015700051225,-0.33291805059123714,0.07400143096681132,0.0006449496492718544,-0.07335648131753947,0.010425974763908805,0.023270991423710054,0.012845016659801249
Burchardia congesta,51,white,yellow_orange,0.11764705882352941,45,6,0.11764705882352941,3.803723818504106,0.8910132962943856,0.9736869883483898,44,6,0,1,0.8909909139513156,0.09701267070571033,-0.7939782432456053,0.0389941181793997,0.528154706575256,0.4891605883958563,0.0011454735564127986,0.05427969732065455,0.053134223764241754,0.0017197067986957088,0.0,-0.0017197067986957088,0.00527330265724071,0.0,-0.00527330265724071,2.3826010557888896e-06,0.0,-2.3826010557888896e-06,0.0031177083052402427,0.0,-0.0031177083052402427,0.012723418562653618,0.0,-0.012723418562653618,0.046032975387985814,0.3205529253983792,0.2745199500103934
Caladenia latifolia,46,white,red_pink,0.30434782608695654,31,15,0.32608695652173914,1.6390480970476555,0.47422649452323024,0.6649908839875149,23,0,14,9,0.6570711547842344,0.1193133047065745,-0.5377578500776599,0.007396169385905997,0.00022241340939955592,-0.00717375597650644,0.0007303064145935768,0.0003702325903823401,-0.00036007382421123673,0.000139904410718171,0.00013919371744738,-7.106932707909926e-07,0.14696100836012507,0.41024064071720373,0.26327963235707863,0.0036942776769747685,0.238093495124511,0.23439921744753622,0.06851893002668871,0.21269267158077512,0.1441737415540864,0.10046500412590194,0.011745961226068333,-0.08871904289983361,0.015023244814857272,0.007182086927637934,-0.007841157887219338
Calochortus catalinae,50,white,yellow_orange,0.14,40,10,0.2,2.422892292982219,0.7839112346565686,1.002802227571894,39,7,2,2,0.8881226255928633,0.05491564813636561,-0.8332069774564976,0.01567118204967917,0.03926431529291678,0.023593133243237613,0.0005709421739707346,0.0037992831541218616,0.003228340980151127,0.0008276613378185683,0.11378566552131242,0.11295800418349385,0.029323321758080174,0.11350958158302298,0.0841862598249428,0.00012007109936992336,0.0,-0.00012007109936992336,0.015424313834749567,4.336889582791001e-05,-0.015380944938921656,0.0053038183257464915,0.09906969152929657,0.09376587320355008,0.044636063827722436,0.5756124458871359,0.5309763820594134
Campanula intercedens,58,blue_purple,white,0.15517241379310345,37,21,0.3620689655172414,1.1864199109533653,0.3599366762062618,0.5009646190916366,9,1,0,48,0.13263239886060937,0.4160919374808063,0.2834595386201969,0.002637205946353991,0.011717920060615264,0.009080714114261274,3.079241999072163e-05,0.003989128883070849,0.003958336463080127,0.0,2.822718102317144e-05,2.822718102317144e-05,0.01697464407672171,0.04421567462016897,0.02724103054344726,0.0,0.0,0.0,0.2601545573266626,0.3224008791525965,0.062246321825933926,0.5855414042162173,0.1787611183053243,-0.406780285910893,0.002028997153444292,0.02279511431639458,0.020766117162950286
Campanula persicifolia,61,blue_purple,white,0.2459016393442623,46,15,0.2459016393442623,2.2688742377169118,1.0,0.9401874532441892,15,0,0,46,0.1538887987356677,0.9005297394226256,0.7466409406869579,0.0072559680247488954,0.007684407330988889,0.0004284393062399935,9.587084504779353e-05,5.311338144780668e-05,-4.275746359998685e-05,5.087589032808045e-05,0.0,-5.087589032808045e-05,0.02415004944232241,0.03969785656211057,0.015547807119788159,0.0008358299576068632,3.696516033638002e-05,-0.0007988647972704832,0.30171881501721354,0.016479704919039977,-0.28523911009817354,0.5057357872859644,0.011215229507193562,-0.4945205577787708,0.006268004801100516,0.024302983716257283,0.018034978915156766
Castilleja coccinea,55,yellow_orange,red_pink,0.4,47,8,0.14545454545454545,2.1174814917518043,0.1560175481399546,0.8774530247078282,0,33,22,0,0.020390473088081874,0.019697101649375978,-0.0006933714387058962,0.073214103851924,0.8121721094051524,0.7389580055532283,0.2390249590486178,0.03525253244895941,-0.2037724265996584,0.4173951406261273,0.003748367961807413,-0.41364677266431993,0.01553918138536255,0.0,-0.01553918138536255,4.719391226830353e-06,0.0,-4.719391226830353e-06,6.353965012519533e-05,0.0,-6.353965012519533e-05,0.0003874201005239377,1.0903222992716649e-05,-0.00037651687753122105,0.23398046285801044,0.12911898531171226,-0.10486147754629818
Castilleja latifolia,50,yellow_orange,red_pink,0.24,29,21,0.42,1.5248531174860025,0.2715392697095206,0.4549040335401677,3,35,12,0,0.04744877011837435,0.23547437839085347,0.1880256082724791,0.01152913872804345,0.21064649699582355,0.1991173582677801,0.1574377292393096,0.19686102844005887,0.03942329920074927,0.3763038889028414,0.019381412804468208,-0.3569224760983732,0.025488799286628408,0.006422951669399925,-0.019065847617228484,0.0,3.122499073398401e-07,3.122499073398401e-07,0.0,8.118497590833337e-06,8.118497590833337e-06,9.575884093496553e-06,0.0006536249974262392,0.0006440491133327425,0.3817820978407092,0.33055167595447155,-0.051230421886237665
Ceanothus prostratus,67,white,blue_purple,0.11940298507462686,49,18,0.26865671641791045,1.9537479103721966,0.3630080106401016,0.4662943377753491,58,1,0,8,0.8534722721802996,0.517763574427586,-0.3357086977527136,0.004631886648766246,0.00058722682994638,-0.004044659818819865,0.0003213883751827575,7.523061946396681e-07,-0.00032063606898811786,0.0006756032844615348,0.0,-0.0006756032844615348,0.019258032567048524,0.03277468715194282,0.0135166545848943,4.312746129984043e-06,9.074550467711405e-05,8.643275854713e-05,0.010902035278699738,0.06983163403742731,0.05892959875872758,0.048330618399030904,0.3628380767412627,0.3145074583422318,0.06240385052038091,0.01611330300096298,-0.04629054751941793
Celosia argentea,45,red_pink,white,0.35555555555555557,27,18,0.4,1.8410379521742402,0.9100970729414909,0.7630311022244619,16,2,27,0,0.10437020542890846,0.7343587331797334,0.629988527750825,0.00024596435312230103,0.02696231290759437,0.02671634855447207,0.0006359571361123779,0.0007471334538663557,0.0001111763177539778,0.15010545176361334,0.00770282820838375,-0.1424026235552296,0.35764217268038256,0.08971213619917241,-0.26793003648121017,0.3033845146453978,0.00904071800929858,-0.2943437966360992,0.031063098873422464,0.005463337219426701,-0.025599761653995762,0.00039477730107025934,0.0013455770951123858,0.0009507997940421264,0.05215785781797047,0.12466722372741208,0.07250936590944161
Centaurea calcitrapa,52,red_pink,blue_purple,0.17307692307692307,40,12,0.23076923076923078,1.4240493123214233,0.5453402084074571,0.5390790183742554,9,1,33,9,0.12008629125031176,0.5768584782080867,0.4567721869577749,0.0033723233184889657,0.031024645204249374,0.02765232188576041,0.00015932895239189352,0.0011665304616033504,0.001007201509211457,0.0014946937069852653,5.5297500552974994e-05,-0.0014393962064322902,0.4161970318515905,0.26616712642721657,-0.15002990542437394,0.18113770421716183,0.0019153569929494586,-0.17922234722421237,0.2017944393166954,0.0403018892485616,-0.16149255006813382,0.015660047336777262,0.0037825051000826312,-0.01187754223669463,0.06009814004959705,0.07872817085669742,0.01863003080710037
Cichorium intybus,59,white,blue_purple,0.4576271186440678,32,27,0.4576271186440678,2.0912532310517924,0.9494234266136687,0.7246054290125773,31,1,0,27,0.7489674719550804,0.24163881796250541,-0.507328653992575,0.02780507279205331,0.005967693867319834,-0.021837378924733475,7.26406322640625e-05,8.93607069014218e-06,-6.370456157392033e-05,0.0,0.0017198629919590893,0.0017198629919590893,0.00981418286457664,0.003586734542601343,-0.006227448321975297,0.0,0.0,0.0,0.009532236691122598,0.03483055813023334,0.025298321439110746,0.18338321138602204,0.6995730694113083,0.5161898580252862,0.020425183678881034,0.01267432702338263,-0.007750856655498404
Cirsium vulgare,50,red_pink,blue_purple,0.18,45,5,0.1,1.4997159278323986,0.30780641483134336,0.6788111189075458,8,5,28,9,0.22165619861634087,0.042081049924658186,-0.17957514869168267,0.010787913405472624,0.5508264108420855,0.5400384974366129,7.155484134826002e-05,0.0018575445390736404,0.0017859896977253803,0.00234702449844283,0.0,-0.00234702449844283,0.2659303830001837,0.13427059627202964,-0.13165978672815404,0.21634986201477982,0.006274698073017865,-0.21007516394176196,0.20612056229358416,0.020838630888536908,-0.18528193140504726,0.034786531824690846,0.0018789786307594008,-0.032907553193931446,0.041949969505156844,0.24197209082983892,0.20002212132468208
Cistus salviifolius,62,white,yellow_orange,0.14516129032258066,54,8,0.12903225806451613,3.577197412267522,0.8366322465853279,0.9089785057774667,53,9,0,0,0.8206511795425903,0.07703669494699557,-0.7436144845955946,0.09795936339744502,0.5936075725489925,0.4956482091515475,0.007829863550294509,0.14409315623212363,0.13626329268182913,0.0007239935245523417,0.016824528054535916,0.016100534529983574,0.0009419781136450957,0.004953788673308863,0.004011810559663768,0.0008818342151675485,0.0,-0.0008818342151675485,0.0003677663091352149,0.0,-0.0003677663091352149,0.0007958764086430118,0.0,-0.0007958764086430118,0.06984814493852722,0.16348425954404353,0.09363611460551631
Cleomella serrulata,47,white,red_pink,0.2978723404255319,34,13,0.2765957446808511,1.9531312475202705,0.5924906971712265,0.7098132324057977,22,0,14,11,0.5029659997640139,0.07960713920539672,-0.42335886055861716,0.004969111422477172,0.0007143543455068695,-0.004254757076970303,0.00014626218678586773,0.0,-0.00014626218678586773,0.0009890608996467,0.0,-0.0009890608996467,0.3134773127236289,0.1581499817795811,-0.1553273309440478,0.02377838798859003,0.09866369688583408,0.07488530889724405,0.0592906118788068,0.5986439534608864,0.5393533415820796,0.017784266145384732,0.04448642654805205,0.02670216040266732,0.0765989869906658,0.0197344477747428,-0.05686453921592299
Clintonia andrewsiana,40,red_pink,white,0.125,33,7,0.175,1.6571066246672315,0.9032227584565465,0.6416274013867757,5,2,33,0,0.15430901101530667,0.49975958936001524,0.3454505783447086,0.003082278929216565,0.25386038996151983,0.25077811103230324,0.00011638838826798536,6.881365262868154e-06,-0.0001095070230051172,0.0538937077865024,0.0025724329909097713,-0.05132127479559263,0.5529604627992921,0.09526576016308592,-0.4576947026362062,0.16788725505562288,0.053028817443457166,-0.11485843761216571,0.030283403942943127,0.002666313388577986,-0.02761709055436514,0.003949242289028586,0.0011934786524950432,-0.002755763636533543,0.033518249793819795,0.09164633667467617,0.058128086880856376
Comesperma ericinum,42,red_pink,blue_purple,0.30952380952380953,27,15,0.35714285714285715,1.941831845322035,0.7050746877106333,0.530406137602879,6,0,23,13,0.18055137657827794,0.17841005528960854,-0.0021413212886693955,0.0064613835833177875,0.002761901990368412,-0.0036994815929493755,0.0005712866081840257,0.0005454492703165335,-2.583733786749214e-05,0.0003761342868198783,0.0,-0.0003761342868198783,0.2817370957508076,0.11815193415472199,-0.1635851615960856,0.34883408391478277,0.04252473667808919,-0.30630934723669356,0.1480812014730463,0.5339439371532142,0.38586273568016793,0.005701476172876156,0.11313617442034576,0.10743469824746961,0.027685961631887638,0.010525811043335411,-0.017160150588552227
Conoclinium coelestinum,67,white,blue_purple,0.3582089552238806,43,24,0.3582089552238806,2.204613754338973,1.0000000000000002,0.7448912741020176,43,0,0,24,0.7469047001903178,0.18015912017830502,-0.5667455800120128,0.009157293896853694,0.00023433679426186852,-0.008922957102591826,3.6739613372823366e-05,0.0006576278779733252,0.0006208882646005018,0.0006447620174763793,8.778461892394169e-05,-0.0005569773985524376,0.04350108898887152,0.04406533348783417,0.0005642444989626474,2.9675039057219433e-05,0.0021765814242433483,0.0021469063851861287,0.0137813053289357,0.12915691091918266,0.11537560559024695,0.15564877773765887,0.6248285773132262,0.4691797995755673,0.03029565718745593,0.01863372738604958,-0.011661929801406349
Conopholis americana,45,yellow_orange,white,0.15555555555555556,28,17,0.37777777777777777,1.4093867684295553,0.32931457829786903,0.3341053018044206,7,38,0,0,0.21600693550904976,0.48039062015006556,0.2643836846410158,0.20112222696638488,0.010925059621902659,-0.19019716734448222,0.07468350401610932,0.0034060895018955643,-0.07127741451421375,0.016977656229021042,0.00021121039805036473,-0.01676644583097068,4.5093389819560436e-06,2.4064819370861828e-05,1.9555480388905784e-05,0.0,0.0,0.0,6.57612655624035e-07,0.0,-6.57612655624035e-07,4.039316009153572e-06,1.955519912252523e-05,1.551588311337166e-05,0.4912004710117884,0.5050234003095923,0.013822929297803876
Crocus nudiflorus,48,blue_purple,white,0.14583333333333334,33,15,0.3125,1.3143142740044782,0.3235432394109694,0.6379197876515471,7,3,1,37,0.08996591879220543,0.4786279144685993,0.38866199567639387,0.0451595057856316,0.003814847687509894,-0.041344658098121705,0.0316473910556217,0.004269958013734915,-0.027377433041886785,0.0012636559502821108,0.0016517066764458201,0.00038805072616370927,0.09147982901976742,0.04835240030485713,-0.04312742871491029,0.0012651848547933046,3.32183136575029e-06,-0.0012618630234275544,0.5077770959943566,0.0559468300444795,-0.45183026594987713,0.1842487000266583,0.39857363100690485,0.21432493098024655,0.04719271852068369,0.008759389966102761,-0.03843332855458093
Crocus tommasinianus,48,blue_purple,white,0.2708333333333333,43,5,0.10416666666666667,2.055571395067177,0.5855741712356805,0.7042645959985668,13,5,1,29,0.35108729138382694,0.05194841648305979,-0.2991388749007671,0.017622173945349307,0.24897726398054476,0.23135509003519544,0.019526042858891958,0.3641187132181555,0.3445926703592635,0.0007275839978796743,0.003748326639892901,0.0030207426420132267,0.06110673464422097,0.0017594186268885003,-0.05934731601733247,0.0007087635494032884,0.0,-0.0007087635494032884,0.2316164224970756,0.0,-0.2316164224970756,0.29155733824309055,0.0,-0.29155733824309055,0.026047648880261662,0.3294478610514586,0.30340021217119695
Cyclamen graecum,61,white,red_pink,0.3114754098360656,49,12,0.19672131147540983,1.7923708253120068,0.45601190258423624,0.6118649206016142,33,0,19,9,0.583822231791232,0.1698777587869598,-0.4139444730042723,0.00011222652793062151,0.0,-0.00011222652793062151,6.85855986872308e-05,0.0,-6.85855986872308e-05,0.0012168145147766997,0.0,-0.0012168145147766997,0.27795820767461893,0.12130287407678873,-0.15665533359783018,0.06798756616351377,0.05757216403986759,-0.01041540212364618,0.04910346405108551,0.390604113120248,0.3415006490691625,0.01185303378336761,0.2602461195919348,0.24839308580856717,0.007877869894787509,0.0003969703842011246,-0.007480899510586384
Dahlia coccinea,43,yellow_orange,red_pink,0.3953488372093023,24,19,0.4418604651162791,1.9319205934564987,0.30217929983338687,0.8011499977702116,2,24,17,0,0.026721361125876014,0.11098297685891753,0.08426161573304151,0.08213047218739598,0.5216829610377123,0.4395524888503163,0.162905705204321,0.19197197157027182,0.029066266365950832,0.677265573123198,0.017711606300477502,-0.6595539668227205,0.006925764492338723,0.03847669614998953,0.03155093165765081,8.573229280590005e-05,0.0024323688133701797,0.0023466365205642797,0.0,0.0005752272254830739,0.0005752272254830739,0.0,0.003922388155975501,0.003922388155975501,0.04396539157406448,0.11224380388780256,0.06827841231373807
Daphne gnidium,50,white,yellow_orange,0.18,41,9,0.18,2.0893501648237347,1.0000000000000002,0.5924861739413685,41,9,0,0,0.7940930518423427,0.29659984133575423,-0.49749321050658846,0.10939003086333497,0.19100973562572865,0.08161970476239368,0.0017036655145134577,0.08003317534804358,0.07832950983353013,0.006557296049362584,0.02061961446382187,0.014062318414459287,0.00034686169752055803,0.014914283240029833,0.014567421542509276,0.0,0.004502269511365934,0.004502269511365934,1.7182950694475613e-05,0.007448592296980811,0.0074314093462863355,0.0037743363804972844,0.0003454078032557112,-0.003428928577241573,0.08411757470173398,0.3845270803750194,0.30040950567328545
Delphinium parishii,57,blue_purple,white,0.38596491228070173,36,21,0.3684210526315789,2.5695826794033714,0.7711431160968043,0.7361570122234192,22,1,0,34,0.26797170066090403,0.7795473990906918,0.5115756984297878,0.00013091763222350015,0.04849683329785344,0.04836591566562994,0.0,0.002726963458527784,0.002726963458527784,0.0005946875521500669,0.0,-0.0005946875521500669,0.00771615992763829,0.003079570435228912,-0.004636589492409378,3.9228608639694455e-06,0.0,-3.9228608639694455e-06,0.061750993406881345,0.004426716275833755,-0.05732427713104759,0.6520304114068688,0.12856383443358047,-0.5234665769732884,0.00980120655246976,0.03315868300828377,0.02335747645581401
Dianthus hyssopifolius,47,white,red_pink,0.1702127659574468,34,13,0.2765957446808511,2.4673071615845226,0.6711038531303587,0.7955063927287347,36,0,8,3,0.8852552181230666,0.2071509993938207,-0.6781042187292459,0.01118741538755868,0.01080583811899016,-0.00038157726856852085,0.0007276486943628501,0.0,-0.0007276486943628501,1.133621904940317e-05,1.494909832021539e-05,3.61287927081222e-06,0.02602565769824791,0.3651651294394375,0.33913947174118964,3.311301312647171e-05,0.11140554994984193,0.11137243693671546,0.011122087221799323,0.20748527923449006,0.19636319201269073,0.019064673940329315,0.09225722134727508,0.07319254740694577,0.046572849702459236,0.005715033417824371,-0.04085781628463486
Drymocallis glandulosa,50,yellow_orange,white,0.26,26,24,0.48,2.0904202336009576,0.3375546694542026,0.6144344656053963,13,37,0,0,0.5169484824319183,0.09378835866005475,-0.4231601237718635,0.39141083112973757,0.836405534535208,0.4449947034054705,0.000983490160912068,0.004995550856866501,0.0040120606959544326,0.0002076451156205731,0.0,-0.0002076451156205731,0.003683236963997197,0.00019043804677315417,-0.003492798917224043,0.0005483564623349539,0.0,-0.0005483564623349539,0.00027468880515475394,0.0,-0.00027468880515475394,0.0009836792819784153,4.018456534482917e-05,-0.0009434947166335861,0.08495958964834625,0.0645799333357527,-0.020379656312593558
Echinops ritro,74,white,blue_purple,0.33783783783783783,40,34,0.4594594594594595,2.3798196532480618,0.5401364842370324,0.751350934383454,48,1,0,25,0.8590286936674728,0.31959477561569527,-0.5394339180517775,0.022484499821977873,0.006502238411124208,-0.015982261410853665,0.0008544666376081178,0.00011189521389023636,-0.0007425714237178814,0.0009167671893848003,0.0,-0.0009167671893848003,0.0016515142404170864,0.0020757565376348514,0.00042424229721776496,2.1024304095532508e-05,1.148448446149118e-05,-9.539819634041329e-06,0.0012761929414652144,0.08414329924314017,0.08286710630167494,0.05588094464760125,0.5704242230403106,0.5145432783927093,0.05788589654997746,0.01713632745374327,-0.04074956909623419
Echium asperrimum,49,white,yellow_orange,0.16326530612244897,39,10,0.20408163265306123,2.0592418140841016,0.7226273409995589,0.6777608265568984,41,8,0,0,0.7428165210242574,0.22720485884382263,-0.5156116621804347,0.0051595246246140865,0.39513753460298406,0.38997800997836995,0.0001065292204112247,0.004644463585220011,0.004537934364808786,0.018050567704316685,0.02994644808782388,0.011895880383507196,0.08655739095747639,0.019642527576395705,-0.06691486338108069,0.00018458587243388723,0.0,-0.00018458587243388723,0.003896107217885425,0.002939575394665211,-0.0009565318232202143,0.01401476749665394,0.0,-0.01401476749665394,0.12921400588195084,0.3204845919090885,0.19127058602713767
Emilia sonchifolia,49,red_pink,white,0.40816326530612246,29,20,0.40816326530612246,1.8533963134966496,0.757884122639108,0.7844848965805687,20,1,26,2,0.1364321648017477,0.7778563552214163,0.6414241904196686,0.004767128836996669,0.02569223855934539,0.02092510972234872,0.00013993513385493454,0.0,-0.00013993513385493454,0.012947225967523415,0.00021682072349651503,-0.0127304052440269,0.537366206598877,0.12240672323306276,-0.41495948336581423,0.1375031529387223,0.001136791530675875,-0.13636636140804645,0.11951694606583242,0.008768282153059762,-0.11074866391277266,0.014233067038183517,0.009131937003822385,-0.005101130034361133,0.03709417261826214,0.05479085157512111,0.017696678956858974
Epilobium brachycarpum,61,white,red_pink,0.19672131147540983,42,19,0.3114754098360656,1.8376811040349872,0.5432135921062293,0.6708459029537325,46,1,12,2,0.8099683968116032,0.29795793825007066,-0.5120104585615325,0.007616170477377406,4.9325289823442114e-05,-0.007566845187553964,0.0001484948350876995,0.0,-0.0001484948350876995,0.0007785407576814002,0.0004474656635680106,-0.0003310750941133896,0.08635126958426628,0.5012754071911217,0.4149241376068554,0.0018985561376013453,0.026191466285557505,0.02429291014795616,0.006905298315658135,0.12655756744755983,0.1196522691319017,0.03323986980660158,0.014024948131064542,-0.01921492167553704,0.05309340327412308,0.03349588174123422,-0.019597521532888865
Epilobium hirsutum,63,red_pink,blue_purple,0.15873015873015872,49,14,0.2222222222222222,1.666958867782093,0.6201663269797748,0.6265043493948823,6,0,47,10,0.16595099211984932,0.23262597167219384,0.06667497955234453,0.0032746382188527227,4.755287502587206e-05,-0.0032270853438268504,0.0006052689062657695,0.0,-0.0006052689062657695,0.004453422461848411,9.980657485792537e-07,-0.004452424396099832,0.4123175908981417,0.08698405649604384,-0.32533353440209783,0.32845161936610456,0.08689877675870164,-0.24155284260740292,0.04135786935402494,0.5072502423580786,0.4658923730040536,0.002939249166410905,0.07845652113000694,0.07551727196359603,0.04064934950850164,0.007735880644200728,-0.03291346886430091
Erica carnea,57,red_pink,white,0.19298245614035087,44,13,0.22807017543859648,1.5591584078663265,0.6672905036045209,0.619680176473319,11,3,38,5,0.17261343323822972,0.5693348360363356,0.39672140279810586,0.000255830542292666,0.011808309801802586,0.01155247925950992,0.00028801296880709144,0.0037856064423984473,0.0034975934735913556,0.006754353503022386,0.0008299071328554234,-0.005924446370166963,0.5260362116704094,0.1169016741085851,-0.4091345375618243,0.08078050042143668,0.005024045928479392,-0.07575645449295729,0.14294991041047297,0.023901014904459967,-0.11904889550601301,0.023711336739878283,0.023986014778301167,0.00027467803842288335,0.04661041050545085,0.2444285908667823,0.19781818036133147
Eriogonum thomasii,43,yellow_orange,white,0.37209302325581395,29,14,0.32558139534883723,2.071352244708366,0.5807023913902968,0.7516306414982623,16,25,0,2,0.21123742846128057,0.7949571739205818,0.5837197454593013,0.22374807364635907,0.0003786464507212286,-0.22336942719563785,0.01937359230576198,0.0,-0.01937359230576198,0.011700746283017212,0.002857142857142857,-0.008843603425874355,0.009478224198549812,0.003346152083296586,-0.006132072115253226,0.0,0.0,0.0,0.013247794707297518,0.05792970150588672,0.0446819067985892,0.00850681635926223,0.05025059828755084,0.041743781928288606,0.5027073240384714,0.09028058489482006,-0.41242673914365136
Eriophorum virginicum,50,white,yellow_orange,0.32,33,17,0.34,2.0438998161384845,0.6532346267907431,0.6586215687552444,34,16,0,0,0.8491468502895443,0.33905348881840275,-0.5100933614711416,0.05267642309853955,0.13564959687524095,0.0829731737767014,0.0002258998579984546,0.026782252236218156,0.0265563523782197,3.885003885003031e-06,0.001177270675101865,0.001173385671216862,0.005813455250055012,3.1329105992631394e-06,-0.005810322339455749,0.0005591658561111181,0.0,-0.0005591658561111181,0.00035006601916200304,0.0,-0.00035006601916200304,0.0012720722486497362,0.0,-0.0012720722486497362,0.08995218237605496,0.49733425848443696,0.407382076108382
Erysimum franciscanum,63,yellow_orange,white,0.3333333333333333,41,22,0.3492063492063492,3.4156467464222406,0.8912761329695155,0.9938163407528118,21,42,0,0,0.06479523564207364,0.8152036452228337,0.75040840958076,0.7904616811503397,0.14621920289852025,-0.6442424782518195,0.010970832351734931,0.004989391811232306,-0.005981440540502625,0.0010789585061235164,0.0,-0.0010789585061235164,0.0008122215855194513,8.397818173150002e-05,-0.0007282434037879513,0.0,0.0,0.0,0.0018833975301198586,0.0006602894585603334,-0.0012231080715595253,0.0032913167208030556,0.0034550288106789395,0.00016371208987588396,0.12670635651328566,0.029388463616442876,-0.09731789289684278
Escallonia pulverulenta,40,white,yellow_orange,0.3,29,11,0.275,2.102915426778971,0.8376882401905572,0.6939791766143664,28,12,0,0,0.7925868776304732,0.2299215484518611,-0.5626653291786121,0.03290828392627664,0.36940577747610914,0.3364974935498325,5.012114944202682e-05,0.005320854787044178,0.005270733637602151,0.0,0.00022367790381850006,0.00022367790381850006,2.3475802532575867e-05,3.0975309236836374e-05,7.499506704260507e-06,0.0,0.0,0.0,2.187437111183054e-06,4.474211334209093e-05,4.255467623090787e-05,0.00692589998058604,0.00014981114035615364,-0.006776088840229886,0.1675031540735784,0.394902612818232,0.22739945874465362
Euphrasia collina,69,white,blue_purple,0.13043478260869565,40,29,0.42028985507246375,1.6337817190306485,0.23480419967863278,0.4229415100357681,58,2,0,9,0.8550685999300762,0.5103709420850018,-0.34469765784507445,0.039424935401580735,0.006042603158058335,-0.0333823322435224,0.0011163400555042943,0.0006392136023486529,-0.0004771264531556414,3.857762081688251e-05,6.351094802219626e-05,2.4933327205313754e-05,0.02394483654272721,0.10630335565345177,0.08235851911072456,0.0,0.0009103691084035026,0.0009103691084035026,0.004764028195971159,0.1894851530481849,0.18472112485221373,0.03375052670692469,0.1662647445200169,0.13251421781309222,0.04189215554639884,0.019920107876511953,-0.02197204766988689
Euryomyrtus ramosissima,72,white,blue_purple,0.1527777777777778,50,22,0.3055555555555556,1.8303717981431067,0.7019162084114668,0.7414572864342237,50,0,11,11,0.8038571573782873,0.15155550044581925,-0.6523016569324681,0.013559101783879346,0.018829869371181543,0.005270767587302197,0.0005494549275956949,0.0013605161899523032,0.0008110612623566083,0.0034267233482207695,0.022476186629459338,0.01904946328123857,0.08583310096375882,0.32860691548155163,0.2427738145177928,0.0007141657362546742,0.05554191413725132,0.05482774840099665,0.013292782867964733,0.22835999471281954,0.2150672118448548,0.03553342269003072,0.16029612564143256,0.12476270295140184,0.04323409030400801,0.0329729773905326,-0.01026111291347541
Gentiana sedifolia,72,white,blue_purple,0.2638888888888889,53,19,0.2638888888888889,2.9952677052399457,0.9999999999999998,0.9106126035388911,53,0,0,19,0.7948403439624092,0.16482365762086956,-0.6300166863415396,0.06028592987333592,0.02475454414738878,-0.035531385725947134,0.0007453326368118804,4.536335440348421e-05,-0.0006999692824083962,0.0037322192119357877,0.0,-0.0037322192119357877,0.0012141229351880726,0.0008778481127033992,-0.00033627482248467337,0.0,0.0,0.0,0.001090958206360895,0.022225024507311165,0.02113406630095027,0.10012759962305331,0.756269500688345,0.6561419010652917,0.037963493550904885,0.03100406156897864,-0.006959431981926244
Geranium incanum,69,blue_purple,red_pink,0.3188405797101449,52,17,0.2463768115942029,2.4562989855714012,0.7217674022145151,1.0403008347944696,17,0,22,30,0.07657351355950362,0.9486634638775203,0.8720899503180167,0.0010993914897223114,0.014540868432406815,0.013441476942684504,0.00018277262227197038,0.0012472854620660828,0.0010645128397941124,0.00026309243322993563,0.0002620524691415143,-1.039964088421334e-06,0.13592159787292354,0.004976948478870048,-0.1309446493940535,0.26684893584619285,2.2636511661211773e-05,-0.2668262993345316,0.48207379853870413,0.00030234077809498835,-0.48177145776060915,0.027256136319983214,0.0010169265707270815,-0.026239209749256132,0.009780761317468313,0.028967477419511816,0.019186716102043505
Geranium reuteri,43,red_pink,blue_purple,0.13953488372093023,30,13,0.3023255813953488,1.5690965345794676,0.40884562253211115,0.6017056539716978,5,1,31,6,0.10303482377831835,0.40799540783643123,0.3049605840581129,0.004584777668081069,0.08566070066824573,0.08107592300016465,0.0013275871145082834,0.00016255074354691544,-0.001165036370961368,0.0014197275077252071,0.0009259644927514158,-0.0004937630149737913,0.19739495400821797,0.22841125250769917,0.031016298499481204,0.5375989711473758,0.029425534243938904,-0.5081734369034369,0.13328079529930198,0.1803270039982718,0.04704620869896983,0.00979904498822705,0.03516240307855837,0.02536335809033132,0.011559318488244293,0.03192918243055655,0.020369863942312258
Geranium sylvaticum,63,blue_purple,red_pink,0.19047619047619047,53,10,0.15873015873015872,2.2645120712951923,0.7021323074945544,0.9387970615503023,10,0,12,41,0.12156259619258472,0.8984912227099402,0.7769286265173555,0.017229903640679146,0.007244347084861093,-0.009985556555818054,0.0002648136521785842,0.0,-0.0002648136521785842,6.913606877103036e-07,0.0,-6.913606877103036e-07,0.11757853276121516,0.028359757018868205,-0.08921877574234696,0.1080173652224908,8.899023888317004e-05,-0.10792837498360762,0.5301647332401822,0.026751601802087587,-0.5034131314380946,0.0959469774304794,0.028225689791991686,-0.06772128763848773,0.009234386499502083,0.010838391353368174,0.0016040048538660916
Gomphocarpus physocarpus,48,white,yellow_orange,0.16666666666666666,42,6,0.125,3.5592167075626544,0.686980459438818,1.0173197100805382,40,8,0,0,0.8604995778576574,0.08284805134906374,-0.7776515265085937,0.048834583425829206,0.6886981154207034,0.6398635319948741,5.485932930622152e-06,0.0,-5.485932930622152e-06,4.504261030933335e-06,0.0,-4.504261030933335e-06,0.0004407980816475605,0.0,-0.0004407980816475605,0.0,0.0,0.0,0.0008861009034786501,0.0,-0.0008861009034786501,0.004913427067081005,0.0,-0.004913427067081005,0.08441552247034456,0.2284538332302328,0.14403831075988824
Helichrysum stoechas,81,yellow_orange,white,0.1728395061728395,55,26,0.32098765432098764,2.206425360805799,0.4442982988438974,0.6450516840582323,14,67,0,0,0.05846377386141274,0.528488305156031,0.4700245312946182,0.6485203402258065,0.20756945754673936,-0.4409508826790671,0.02903174572964804,0.0020290201055671963,-0.027002725624080844,0.00033364177734314734,0.0,-0.00033364177734314734,0.00018226361651487802,7.816722194901295e-05,-0.00010409639456586508,0.0,1.0660915864050003e-05,1.0660915864050003e-05,0.0003184667223813783,0.0004099566203444393,9.1489897963061e-05,0.0008959507564016456,0.00030271801989170677,-0.0005932327365099388,0.2622538173104916,0.2611117144136132,-0.001142102896878383
Herissantia crispa,53,white,yellow_orange,0.22641509433962265,41,12,0.22641509433962265,2.892712732738516,0.9999999999999998,0.8422775261062232,41,12,0,0,0.8201159365962679,0.13711466944902428,-0.6830012671472436,0.12159518292157397,0.5875855911541683,0.46599040823259436,0.005506637992887239,0.1057810558666767,0.10027441787378946,0.0,0.0,0.0,0.001795277652046544,0.0,-0.001795277652046544,3.0484175809500006e-05,0.0,-3.0484175809500006e-05,4.263027593777222e-06,0.0,-4.263027593777222e-06,0.00669575320385782,0.0,-0.00669575320385782,0.04425646442996331,0.16951868353013075,0.12526221910016744
Hovea heterophylla,54,blue_purple,white,0.16666666666666666,33,21,0.3888888888888889,1.461671492957141,0.16853786448924185,0.4314146133637173,9,0,0,45,0.397754686557355,0.08444843476906179,-0.31330625178829324,0.0002632208288001282,0.0003923434801209794,0.00012912265132085122,0.0,0.0,0.0,0.0,0.0,0.0,0.027789223709697698,0.02326108789215507,-0.00452813581754263,6.732839021971059e-05,0.0004528805297387763,0.00038555213951906573,0.12438648140124203,0.41951204882056486,0.29512556741932283,0.4407064145974595,0.4690037967044808,0.028297382107021263,0.009032644515225821,0.0029294078038778386,-0.006103236711347983
Impatiens glandulifera,60,red_pink,white,0.35,33,27,0.45,1.7830030240122259,0.5831770414458229,0.6451611252554375,21,0,38,1,0.1030059409116832,0.6213256990563842,0.518319758144701,0.004102162462826266,0.00895694864083136,0.004854786178005093,0.00019949235662844434,6.847720393880743e-05,-0.00013101515268963693,0.0292895882264362,0.012399278220205161,-0.016890310006231042,0.4723555167708256,0.22337521153199716,-0.24898030523882844,0.2886044834852326,0.010994882710100906,-0.2776096007751317,0.06770104790428502,0.008235194648569746,-0.059465853255715274,0.0034052556709822527,0.01613559011082992,0.012730334439847668,0.03133651221110039,0.09850871787714278,0.0671722056660424
Impatiens walleriana,61,red_pink,white,0.13114754098360656,44,17,0.2786885245901639,1.4661220253582246,0.10046599929625692,0.7246665065805313,8,1,52,0,0.16901799231136255,0.037913007809683805,-0.13110498450167873,0.010685548652999139,0.00023994038738690907,-0.01044560826561223,0.013109045483024677,0.010244467613744007,-0.00286457786928067,0.2702916234128799,0.05341413697647969,-0.2168774864364002,0.48994426613274095,0.2335290314819866,-0.25641523465075433,0.013156508958273192,0.6407288415674283,0.6275723326091551,0.0002068897262563309,0.016785327747291537,0.016578438021035206,4.453169231569954e-05,0.0038466845439029756,0.003802152851587276,0.03354359363014744,0.00329856187209639,-0.030245031758051048
Indigofera spicata,44,yellow_orange,white,0.36363636363636365,23,21,0.4772727272727273,1.2131446741932528,0.38668716397026903,0.38380925880908695,16,23,5,0,0.29065647571464387,0.4469302309836105,0.15627375526896664,0.11580836358935681,0.004126685668453884,-0.11168167792090293,0.02858303047836203,0.0026174542458907244,-0.025965576232471303,0.054387622016190386,0.06225303675480436,0.007865414738613977,0.04067926998241765,0.25758728686223215,0.21690801687981448,0.0,3.7105076386069126e-05,3.7105076386069126e-05,0.0,0.004073413367099954,0.004073413367099954,8.331562876221743e-06,0.0027102012660961193,0.0027018697032198976,0.46987690665615306,0.21966458577542625,-0.2502123208807268
Ipomoea cordatotriloba,50,red_pink,white,0.34,32,18,0.36,1.5054023592970085,0.542292520644294,0.6381353626580257,17,0,19,14,0.47506444553742994,0.08510478245057856,-0.38995966308685137,0.0039566003020128065,0.0020437009975915552,-0.0019128993044212513,7.77187429346594e-05,0.0,-7.77187429346594e-05,2.3568792073740566e-05,0.0,-2.3568792073740566e-05,0.3915329903525316,0.16405983887231618,-0.2274731514802154,0.04381921611200634,0.04389129492651832,7.207881451197495e-05,0.05245463313874511,0.4307034045003372,0.3782487713615921,0.027588191694125762,0.2731661727818257,0.24557798108769993,0.005482635328139912,0.0010308054708323753,-0.004451829857307537
Iris pumila,51,blue_purple,white,0.13725490196078433,39,12,0.23529411764705882,2.3112111855516915,0.6993497743084092,0.8214567952380041,7,6,2,36,0.10179786856301308,0.46725178237727333,0.36545391381426023,0.011169825392320401,0.40245620082966665,0.39128637543734623,0.00014636306590036044,0.00016974750853400835,2.3384442633647907e-05,7.29579402504231e-05,0.0,-7.29579402504231e-05,0.05482769869152305,0.001088380305383067,-0.05373931838613998,0.0445984993509381,0.0,-0.0445984993509381,0.6105281270906138,0.019343222238804383,-0.5911849048518094,0.1619174622461548,0.002839704891557151,-0.15907775735459764,0.014941197659286077,0.10685096184878139,0.09190976418949531
Jasione montana,65,blue_purple,white,0.4307692307692308,44,21,0.3230769230769231,1.8365833801047768,0.4580578391166055,0.6412734055494659,28,4,0,33,0.30272086550386385,0.6630167142478398,0.36029584874397597,0.006590357369233707,0.04966652617442973,0.043076168805196026,8.967091009145001e-05,0.00038563090068986674,0.0002959599905984167,0.0,0.0,0.0,0.0053317122282473955,0.01788232927199222,0.012550617043744824,1.488555981613357e-06,0.0,-1.488555981613357e-06,0.04436993210342856,0.005963198451478729,-0.038406733651949826,0.6056266628844343,0.09534949268580578,-0.5102771701986286,0.035269310444719044,0.16773610826776378,0.13246679782304474
Justicia pilosella,51,white,blue_purple,0.4117647058823529,33,18,0.35294117647058826,1.2431731576991139,0.2910146799666746,0.56583153371881,25,0,5,21,0.6035040144877724,0.2015098152565893,-0.40199419923118307,0.0026724039947682186,0.011285320890010029,0.00861291689524181,0.0006504442922105889,0.0,-0.0006504442922105889,0.0,0.0,0.0,0.08524448227987347,0.24871409488207993,0.16346961260220647,0.0021981169059332247,0.037931195807297396,0.03573307890136417,0.06272436961834438,0.3956329935406437,0.3329086239222993,0.23571953381118582,0.09550714129816439,-0.14021239251302142,0.0072866346099120195,0.00941943832521529,0.0021328037153032697
Kniphofia uvaria,45,yellow_orange,red_pink,0.35555555555555557,32,13,0.28888888888888886,1.409695880302752,0.2524622320560949,0.45098281026149023,0,29,16,0,0.05001977056956785,0.0337866904104683,-0.01623308015909955,0.01645084500021334,0.2977146733602207,0.2812638283600074,0.12616559691076934,0.2826692375916693,0.15650364068089995,0.43835872879711046,0.1346480759263626,-0.30371065287074783,0.06448099263223389,0.0008362406489517408,-0.06364475198328215,3.5595687467643475e-05,0.0,-3.5595687467643475e-05,0.0006916718607790907,0.0,-0.0006916718607790907,0.002900651000555079,0.006169907140352662,0.003269256139797583,0.3008961475413034,0.24417517492197474,-0.05672097261932865
Lactuca canadensis,53,yellow_orange,white,0.22641509433962265,39,14,0.2641509433962264,2.4616503412842863,0.7676005695946572,0.8805993538535138,12,41,0,0,0.0849343457484945,0.6955081595129675,0.6105738137644731,0.7386944834577671,0.10683023610993882,-0.6318642473478283,0.01685633379068646,0.005585505719996772,-0.011270828070689687,3.3739538262267166e-05,3.3921532710534e-06,-3.0347384991213767e-05,5.286687134946826e-05,0.0074663248141641336,0.007413457942814665,0.0,0.0,0.0,0.0,0.003355344470187365,0.003355344470187365,1.4808562310725643e-05,0.04946869006388092,0.04945388150157019,0.15941342203112963,0.1317823471555934,-0.027631074875536232
Lamium maculatum,43,red_pink,blue_purple,0.3023255813953488,29,14,0.32558139534883723,1.7772184403053295,0.762025810522695,0.5994336257082997,3,1,26,13,0.17727351795647547,0.16821754209908693,-0.009055975857388543,0.01629849048894046,0.023423031946214864,0.007124541457274404,1.4568132528234918e-05,2.094618088283572e-05,6.378048354600803e-06,0.0018511968925653283,0.0,-0.0018511968925653283,0.4824848915013611,0.09553373344577791,-0.38695115805558317,0.1783972992156893,0.03308212907875947,-0.14531517013692985,0.10787598168892097,0.5094757932834635,0.4015998115945425,0.0023041848077444737,0.16443852886195623,0.16213434405421176,0.03349986931577476,0.005808295103858237,-0.027691574211916526
Leonurus quinquelobatus,43,white,yellow_orange,0.13953488372093023,29,14,0.32558139534883723,0.7960026789748836,0.14691048204101315,0.2341574434006196,36,6,1,0,0.7403275213027887,0.7007013332472259,-0.03962618805556273,0.13966505206760818,0.0019992994791546937,-0.13766575258845348,3.6762002793896554e-06,2.146936321868694e-06,-1.5292639575209612e-06,0.0,2.6262918072821437e-05,2.6262918072821437e-05,0.00476378213826349,0.14307190884741267,0.1383081267091492,0.0,0.000462013140239572,0.000462013140239572,0.0,0.00799845535197835,0.00799845535197835,0.0005862334080693276,0.10141942818864326,0.10083319478057393,0.114653734882991,0.044319151890950856,-0.07033458299204015
Leptosiphon bicolor,67,red_pink,white,0.373134328358209,39,28,0.417910447761194,1.9993399472566993,0.6682804110200687,0.7008114693042226,25,4,35,3,0.13806150145301255,0.6829231999416903,0.5448616984886777,0.07765893621984081,0.18425817035824396,0.10659923413840315,0.024526229907875247,0.003334182358134271,-0.021192047549740977,0.0006430387762449499,0.0021006732479329935,0.0014576344716880436,0.35725452967370036,0.031067036697185968,-0.3261874929765144,0.2672780266897209,0.0008392515714712752,-0.2664387751182496,0.08239801409700835,0.015149479965493965,-0.06724853413151438,0.006750892563748086,0.029233096086535286,0.0224822035227872,0.04542883061884869,0.051094909773312054,0.005666079154463363
Leschenaultia biloba,56,blue_purple,white,0.16071428571428573,40,16,0.2857142857142857,2.3256643915202617,0.4771519897164325,0.591935362201172,9,0,0,47,0.12519916394016745,0.5586337366305086,0.4334345726903412,0.0011321615647680078,0.0024974971189636666,0.0013653355541956588,1.1314556427265402e-05,0.0001853872459068563,0.0001740726894795909,0.0,0.0,0.0,4.9956105050993004e-05,0.00041396869292143325,0.00036401258787044024,0.0,0.0,0.0,0.04672874207335424,0.0019074011021082988,-0.044821340971245946,0.8223815036827166,0.42186804749928203,-0.40051345618343454,0.0044971580775155645,0.014493961710309098,0.009996803632793533
Lilium philadelphicum,40,yellow_orange,red_pink,0.4,34,6,0.15,2.4538700227585366,0.5045763308341618,0.9335106357179387,5,19,16,0,0.01403387608358181,0.7623891041483585,0.7483552280647766,0.010303186685091902,0.12576246466834815,0.11545927798325624,0.35368211062615423,0.007815161738147268,-0.34586694888800695,0.44662827974470803,0.03159322416307659,-0.41503505558163145,0.03003614361005156,0.0,-0.03003614361005156,1.6413801754300332e-06,0.0,-1.6413801754300332e-06,3.2460132944820596e-05,0.0,-3.2460132944820596e-05,7.210542505084005e-05,0.0,-7.210542505084005e-05,0.1452101963122414,0.07244004528206965,-0.07277015103017176
Linaria vulgaris,58,yellow_orange,white,0.2413793103448276,44,14,0.2413793103448276,1.9262879842321594,1.0,0.6703566769330237,14,44,0,0,0.2112082205596315,0.6994638964363737,0.48825567587674223,0.6829011937609574,0.2280903776446031,-0.45481081611635427,0.02538238444128356,0.006519272749498045,-0.018863111691785513,0.0,0.0,0.0,9.669733646636139e-05,0.02737443496943803,0.027277737632971668,0.0,0.0,0.0,2.1035979940089533e-06,0.0023581839710394153,0.0023560803730454066,0.0001098210295910864,0.010007034609715196,0.00989721358012411,0.08029957927407633,0.026186799619332565,-0.05411277965474376
Lithotoma axillaris,47,white,blue_purple,0.44680851063829785,26,21,0.44680851063829785,1.9080919959593983,1.0,0.6703010629950783,26,0,0,21,0.7495447882963582,0.22023636070091634,-0.5293084275954418,0.005758547314169985,0.015405279156066926,0.00964673184189694,0.0015520558444487658,0.0,-0.0015520558444487658,0.0,0.0,0.0,0.03977286561367495,0.03041064403738984,-0.00936222157628511,6.032869620461541e-05,3.840245775729525e-05,-2.1926238447320164e-05,0.026212416953186348,0.17494089970099397,0.14872848274780762,0.15507246566222027,0.5382579168672732,0.38318545120505293,0.022026531619737017,0.020710497079602267,-0.00131603454013475
Lobelia gibbosa,43,blue_purple,white,0.2558139534883721,23,20,0.46511627906976744,1.5734319782492499,0.396626085057734,0.4390683270819151,11,0,0,32,0.17101189469944064,0.5204184565921128,0.34940656189267216,0.0002847109669563364,0.0006277671920969336,0.00034305622514059725,0.0,0.0,0.0,0.0019847756036052828,0.0,-0.0019847756036052828,0.01993169884349009,0.006611642729229396,-0.013320056114260695,7.543398112264352e-05,1.2573239117861546e-06,-7.417665721085737e-05,0.2902263265510413,0.039733480825017965,-0.2504928457260233,0.5028401113425937,0.4148026473285126,-0.08803746401408108,0.013645048011750207,0.017804748009118406,0.0041596999973681995
Lobelia puberula,48,blue_purple,white,0.20833333333333334,38,10,0.20833333333333334,1.7560751646852057,1.0000000000000002,0.7200909071067654,10,0,0,38,0.12832388820825322,0.6755128605777749,0.5471889723695217,0.00815223556013444,0.025449317803987116,0.017297082243852676,0.0002563226247436764,0.0,-0.0002563226247436764,2.640089556572028e-06,0.0,-2.640089556572028e-06,0.02708529297278119,0.031037590538107555,0.003952297565326366,0.0002413542509224474,0.0,-0.0002413542509224474,0.32085975652542065,0.05712665517212036,-0.2637331013533003,0.5066960971307273,0.1276853450909542,-0.3790107520397731,0.008382412637460566,0.08318823081705566,0.0748058181795951
Lotus maritimus,52,yellow_orange,white,0.11538461538461539,44,8,0.15384615384615385,2.5192208006923447,0.691902191461125,0.8646549902639494,6,46,0,0,0.14628751768833098,0.647798617262737,0.5015110995744061,0.8158106196361502,0.12960381091097217,-0.686206808725178,0.0005406987044949877,0.00032834884679168756,-0.00021234985770330012,1.449369931829477e-06,0.0,-1.449369931829477e-06,0.0003474274150437682,0.028584892129163555,0.028237464714119788,3.272760000327273e-05,0.0,-3.272760000327273e-05,4.704592500470455e-05,0.0004267068273092251,0.0003796609023045205,0.0,0.0,0.0,0.03693251366104025,0.1932576240230263,0.15632511036198604
Lupinus argenteus,66,blue_purple,white,0.3787878787878788,39,27,0.4090909090909091,1.4906015453217438,0.41751817069675695,0.4677719027779544,25,1,0,40,0.5953212532803625,0.23724360659393162,-0.35807764668643083,0.013703023717929422,0.01135544733668369,-0.0023475763812457317,5.461025197441763e-06,0.00025585607422519267,0.0002503950490277509,0.0,0.0,0.0,0.011698326704519427,0.026310169883598716,0.014611843179079289,1.2981858779630772e-05,5.121390754304816e-05,3.8232048763417386e-05,0.021627529417053943,0.3069225697971333,0.28529504038007936,0.3208373610230271,0.41080537730653144,0.08996801628350432,0.03679406297313056,0.007055759100353163,-0.029738303872777393
Lupinus bicolor,48,white,blue_purple,0.4375,34,14,0.2916666666666667,1.5188938955403324,0.3470366369133836,0.4281995480359251,24,1,2,21,0.4199531784233459,0.6236341977982642,0.20368101937491834,0.0017094339243713976,0.04427400228662354,0.04256456836225214,0.0,0.0008718395815170003,0.0008718395815170003,0.0,0.0,0.0,0.006737783059237425,0.0967598231215858,0.09002204006234837,0.001021238101653212,0.004579685885084958,0.003558447783431746,0.11087742655875313,0.04618117587533073,-0.0646962506834224,0.4400574199465247,0.09031889833282573,-0.34973852161369895,0.019643519986114084,0.09338037711876802,0.07373685713265393
Lupinus texensis,61,blue_purple,white,0.14754098360655737,33,28,0.45901639344262296,1.6681425300379844,0.18879905504496824,0.29693610473737087,9,0,0,52,0.3776098335334369,0.24457005133103563,-0.13303978220240129,0.017253831986739965,0.02073909887902119,0.0034852668922812254,0.0,1.5424227965975005e-05,1.5424227965975005e-05,0.0,1.6973663663459778e-06,1.6973663663459778e-06,0.0026260810482975562,0.00272627417239951,0.0001001931241019537,2.1926093278863074e-06,0.001057698407509314,0.0010555057981814276,0.03866160232763658,0.27532697282694935,0.23666537049931277,0.5572449186934595,0.4375858297339468,-0.11965908895951272,0.006601539801101673,0.01797695305480595,0.011375413253704275
Lycopus europaeus,46,white,yellow_orange,0.10869565217391304,38,8,0.17391304347826086,2.400249156791822,0.5738989624208628,0.6469824280146882,41,5,0,0,0.8941890252810567,0.41862896687092077,-0.47556005841013593,0.05438515771523452,0.09822378695730892,0.0438386292420744,1.982655727694132e-06,0.0013443269403118753,0.0013423442845841812,0.0,0.0050966405890474,0.0050966405890474,0.00020946128029254856,0.0008582589500688002,0.0006487976697762516,0.0,0.0,0.0,0.00831585311693745,0.0,-0.00831585311693745,0.003396895575709111,0.0,-0.003396895575709111,0.03950162437504175,0.47584801969234225,0.4363463953173005
Macroptilium lathyroides,45,red_pink,yellow_orange,0.2222222222222222,35,10,0.2222222222222222,1.625650922568456,0.5817504222632146,0.6507620810479651,4,10,31,0,0.052387763447870064,0.37109203979451777,0.3187042763466477,0.0029343380951877495,0.15663405224148316,0.1536997141462954,0.001525090397812709,2.1130034230650008e-05,-0.001503960363582059,0.37136797442722597,0.017750200339083984,-0.353617774088142,0.3896546729263161,0.03150370762918383,-0.3581509652971323,0.004735103147307158,0.0,-0.004735103147307158,0.0015431586465285403,0.0003112356053532501,-0.0012319230411752902,0.000516845872328083,0.038824540095387626,0.038307694223059546,0.17533505303942348,0.3838630942607597,0.20852804122133622
Mimosa microphylla,54,white,red_pink,0.42592592592592593,30,24,0.4444444444444444,1.9342642685169429,0.9015787012517907,0.6574505270592637,29,1,23,1,0.7271152457007893,0.20312861828436915,-0.5239866274164202,0.03324038898328459,0.008928556653405221,-0.024311832329879365,0.0008345384565054837,0.00011333263091635835,-0.0007212058255891253,6.957031178484336e-05,0.0007699579842837546,0.0007003876724989112,0.12495920150259326,0.4988920611074588,0.37393285960486555,0.0017734498065635573,0.10249240543653897,0.1007189556299754,0.012005407642176552,0.09513379802777756,0.083128390385601,0.02332878898501117,0.009599476113057807,-0.013729312871953362,0.07667340861129134,0.08094179376219228,0.004268385150900944
Mimosa pudica,59,white,red_pink,0.23728813559322035,44,15,0.2542372881355932,0.924565406491383,0.05194460208662979,0.23366119196402604,42,1,14,2,0.6330166412927842,0.5355000706020305,-0.0975165706907537,0.007468264482730949,0.016074917717414657,0.008606653234683709,0.001864173379327219,9.475610207421772e-06,-0.0018546977691197971,0.0016923466149590268,0.03545340260553556,0.033761055990576536,0.2521913456069871,0.19446012594256842,-0.05773121966441866,0.005610263112034042,0.0005793610084519735,-0.0050309021035820686,0.038439515094988795,0.000811698936577619,-0.037627816158411174,0.03731022486868043,0.00044241343533785345,-0.03686781143334258,0.022407225547508423,0.2166685341418759,0.19426130859436747
Mitella nuda,40,white,yellow_orange,0.3,28,12,0.3,2.25323685159598,1.0,0.8627317618678472,28,12,0,0,0.8977882998707823,0.196124437379975,-0.7016638624908074,0.05376856631055748,0.40579983200142594,0.35203126569086846,0.0,0.00027443741010329175,0.00027443741010329175,0.0,0.0,0.0,0.0008061019870557824,5.7243168981833335e-05,-0.0007488588180739491,0.0,0.0,0.0,0.0,0.0,0.0,0.007713500012694668,6.533044137245834e-05,-0.00764816957132221,0.03992353181891008,0.3976787195981415,0.35775518777923143
Murdannia graminea,53,white,blue_purple,0.32075471698113206,29,24,0.4528301886792453,1.3617273446868072,0.6993258826458596,0.685921663494289,22,1,13,17,0.1420828676692748,0.7241793499433046,0.5820964822740298,0.001105382312098346,0.008864070954465076,0.007758688642366731,0.00017439339378970696,5.076966816944584e-05,-0.00012362372562026112,0.013120262147449348,0.0049363823582262425,-0.008183879789223105,0.3182025481875903,0.15359267430829285,-0.16460987387929746,0.020059763021281544,1.2664646772210507e-05,-0.020047098374509333,0.28849591070871233,0.01952396593694282,-0.2689719447717695,0.2068969625196891,0.03454197349213028,-0.1723549890275588,0.00986191004011449,0.05429814869169663,0.04443623865158214
Myosotis discolor,47,white,blue_purple,0.10638297872340426,35,12,0.2553191489361702,1.809579494479477,0.32223545268160586,0.5519068765253241,40,2,0,5,0.8169845821015664,0.47339071837970553,-0.3435938637218609,0.0654133137402026,0.015091109759386137,-0.05032220398081646,0.0008276270446286587,9.087604507451669e-05,-0.000736750999554142,7.820839366300572e-05,0.00020716671270370836,0.00012895831904070264,0.006281421422317696,0.009668634212768685,0.003387212790450989,3.1679153533000016e-06,1.564902005498556e-05,1.2481104701685559e-05,0.0025457404744068375,0.006830531753419161,0.004284791279012323,0.02914280179848749,0.45618546517189507,0.42704266337340757,0.07872313710937404,0.038519848944992253,-0.04020328816438178
Nuphar advena,47,yellow_orange,white,0.14893617021276595,40,7,0.14893617021276595,2.767634279959444,1.0000000000000002,0.8731545059537663,7,40,0,0,0.07222666684273525,0.7171591773243986,0.6449325104816633,0.7786428570355441,0.1927673031092339,-0.5858755539263103,0.022556255921650094,0.000397073350757414,-0.02215918257089268,0.00041998220399412265,0.0,-0.00041998220399412265,0.0008568165351144502,0.0,-0.0008568165351144502,0.0,0.0,0.0,1.0597211755840002e-05,0.0,-1.0597211755840002e-05,1.8535961164632505e-05,0.014498746018395016,0.014480210057230384,0.12526828828804168,0.07517770019721524,-0.050090588090826435
Nuphar polysepala,49,yellow_orange,white,0.1836734693877551,38,11,0.22448979591836735,2.447421679099482,0.9129187742709404,0.9375119284394773,9,38,0,2,0.04922603411345223,0.738516141223623,0.6892901071101707,0.684204925356859,0.09217020362384455,-0.5920347217330144,0.07094493405366752,0.0038342988673735552,-0.06711063518629395,0.007030406821692084,1.2228825788145456e-05,-0.007018177995903938,1.9780303536481456e-05,0.0,-1.9780303536481456e-05,0.0,0.0,0.0,0.0,7.92285403839182e-05,7.92285403839182e-05,0.0005096346688897002,0.1446098450042124,0.1441002103353227,0.18806428468190295,0.02077805391477451,-0.16728623076712845
Nymphaea candida,46,white,yellow_orange,0.1956521739130435,38,8,0.17391304347826086,2.468214407172783,0.8239882581863278,0.7904285576252545,37,9,0,0,0.8044124127757718,0.19747655333438768,-0.6069358594413841,0.07828739122418442,0.5768078601385668,0.49852046891438234,0.00802232910736197,0.019041368365087463,0.011019039257725493,3.317812532192215e-05,0.0,-3.317812532192215e-05,0.00013130131902195692,6.810133478615002e-05,-6.31999842358069e-05,0.0,0.0,0.0,5.955104143700002e-05,1.3116474291700005e-05,-4.643456714530001e-05,0.001391622835955168,0.011398216159496329,0.01000659332354116,0.1076622135709456,0.19519478419338387,0.08753257062243827
Oclemena acuminata,41,white,yellow_orange,0.12195121951219512,36,5,0.12195121951219512,2.495749262870406,0.7325518106278129,0.9052536787290733,35,5,0,1,0.8255571874210699,0.14970099656551641,-0.6758561908555535,0.08657192768190253,0.050373436515792326,-0.0361984911661102,0.0009711385586944626,0.008800503914334564,0.007829365355640102,0.0002873327248367028,0.0,-0.0002873327248367028,0.016720751466790206,0.00043192657248266014,-0.016288824894307545,0.00024532438467384724,0.0,-0.00024532438467384724,0.00020165335550571643,0.0,-0.00020165335550571643,0.007955909816080907,0.1438961038961039,0.135940194080023,0.06148877459044552,0.6467970325357701,0.5853082579453246
Oclemena reticulata,51,white,yellow_orange,0.17647058823529413,42,9,0.17647058823529413,2.394948274115892,1.0,0.7380806746944282,42,9,0,0,0.7851422471317049,0.16364504291704646,-0.6214972042146585,0.08528786549749805,0.2743672635044062,0.18907939800690815,0.007678982201020897,0.07422374614357433,0.06654476394255343,0.0006641407873648819,0.023162785032685537,0.022498644245320654,0.0009386144798385369,0.003495418533560012,0.002556804053721475,4.486406189246431e-05,0.0,-4.486406189246431e-05,0.0019524175082832342,0.0,-0.0019524175082832342,0.0004173618398486334,0.0,-0.0004173618398486334,0.11787350649254835,0.4611057438687275,0.34323223737617914
Oreomecon radicata,75,yellow_orange,white,0.21333333333333335,49,26,0.3466666666666667,2.899313685437377,0.4968477374412187,0.7668618748399444,16,59,0,0,0.07657464084515758,0.6006625526533511,0.5240879118081936,0.8893383777111548,0.33076221284032675,-0.5585761648708281,0.0040542468621201245,0.0023931915398251193,-0.0016610553222950052,0.00023824815436643268,2.5899765123061537e-05,-0.00021234838924337116,0.0011099679851945053,0.00015001193728011599,-0.0009599560479143893,0.0,0.0,0.0,0.0,1.911936402951122e-05,1.911936402951122e-05,0.00026710221071926335,0.00018068992269283017,-8.641228802643317e-05,0.028417416231287504,0.06580632197737138,0.037388905746083875
Orychophragmus violaceus,67,blue_purple,white,0.2537313432835821,46,21,0.31343283582089554,2.085365118461652,0.758919627019424,0.7518547936225638,17,0,2,48,0.14209117484717196,0.7062593886476853,0.5641682138005134,0.003532742160850119,0.004092414042805427,0.0005596718819553077,1.8492310827557173e-05,1.0311755260274028e-05,-8.180555567283145e-06,0.0,4.544669557076191e-05,4.544669557076191e-05,0.0697163539518858,0.11595447363303478,0.04623811968114898,0.0031643965287965663,0.0020522223570429814,-0.001112174171753585,0.5298882831355242,0.05556982906802419,-0.47431845406749995,0.24301389092272419,0.10210994298687888,-0.14090394793584532,0.008574666142219798,0.013905970813697387,0.005331304671477589
Oxalis caprina,57,white,blue_purple,0.10526315789473684,47,10,0.17543859649122806,1.7208681338905512,0.7068609814973187,0.7569593976904888,44,3,4,6,0.7752445264024208,0.11225556156029415,-0.6629889648421267,0.06076001526641779,0.2182665315915127,0.15750651632509494,0.00018840889428810008,4.538246827892001e-05,-0.00014302642600918006,1.055377454136929e-05,0.0,-1.055377454136929e-05,0.07717575821434998,0.05052013164287657,-0.026655626571473412,0.00495864538614251,0.023521478324021537,0.018562832937879026,0.011520544769956264,0.21998846567657115,0.2084679209066149,0.04329312324689532,0.2895151194730504,0.2462219962261551,0.026848424044987957,0.08588732926339464,0.059038905218406684
Oxalis ciliaris,53,red_pink,white,0.37735849056603776,31,22,0.41509433962264153,2.1327553265562083,0.49690819556878857,0.8893529466045716,20,1,28,4,0.5997115686303537,0.023154147335632747,-0.576557421294721,0.028880377245481818,0.0036885494800050463,-0.025191827765476772,0.010259424907814457,0.010803514470759312,0.000544089562944855,0.002537042664901018,0.017992389420673136,0.015455346755772119,0.14985624279006157,0.20284199197171182,0.05298574918165025,0.020907879719184466,0.689403934363824,0.6684960546446395,0.054937593464808115,0.03953817343247187,-0.015399420032336249,0.07628299434023209,0.00054685068867208,-0.07573614365156,0.05662687623716286,0.012030448836250136,-0.04459642740091272
Oxalis debilis,42,red_pink,white,0.35714285714285715,21,21,0.5,1.3226421673409356,0.5228556613640714,0.5174108976684554,15,2,16,9,0.1542308529197872,0.5670284025033507,0.4127975495835635,0.008227200961661027,0.047997617739536716,0.03977041677787569,0.0,0.0,0.0,0.0,6.252462816021906e-05,6.252462816021906e-05,0.32516105198154466,0.26175642028599705,-0.06340463169554761,0.19858298227236465,0.01870982913608683,-0.17987315313627783,0.26038508116919695,0.02157057108296235,-0.2388145100862346,0.032431304979198036,0.01642410020972954,-0.016007204769468496,0.020981525716247458,0.06645053441417666,0.0454690086979292
Oxalis obtusa,55,yellow_orange,white,0.34545454545454546,28,27,0.4909090909090909,1.2761335625744454,0.49752539952062114,0.6343953137979559,19,21,15,0,0.5895218675541242,0.05795908733513032,-0.5315627802189938,0.2193942949810917,0.20891700472233346,-0.010477290258758237,0.03509872264239194,0.03959141437322235,0.00449269173083041,0.007021276862539288,0.10051107521440213,0.09348979835186284,0.009465200558771756,0.32536405274561475,0.315898852186843,2.655685666795715e-05,0.025147137347538588,0.025120580490870632,3.639617046466787e-05,0.00022274780408069837,0.0001863516336160305,0.00013198934338347503,3.472027710747217e-06,-0.00012851731567272782,0.13930369503056478,0.242284008429967,0.10298031339940222
Oxalis tenuifolia,53,white,red_pink,0.1320754716981132,46,7,0.1320754716981132,3.579798457949105,0.9999999999999997,0.8606497839826646,46,0,7,0,0.8829355117703708,0.15108965454431073,-0.73184585722606,0.0484648104009472,0.03938744782792386,-0.009077362573023343,0.001202552207620342,0.023306573053398276,0.022104020845777932,0.0073105787349809735,0.2953551777124086,0.2880445989774276,0.0189521024863663,0.35384920237512646,0.33489709988876015,0.0010957539331198241,0.006053019850085058,0.0049572659169652335,0.0006885653137658831,0.00033620474834121446,-0.00035236056542466864,0.005514974607776927,0.0,-0.005514974607776927,0.03383515054505192,0.13062271988840576,0.09678756934335384
Pentachondra pumila,46,white,red_pink,0.2826086956521739,33,13,0.2826086956521739,2.752398951140735,0.8552781360612326,0.8254824028941311,30,3,13,0,0.7164976048824975,0.08516586458143614,-0.6313317403010613,0.02549709387001327,0.013098939954120878,-0.012398153915892393,0.005087210794342641,0.011201677778079464,0.006114466983736823,0.05658725516592144,0.48469215390942566,0.4281048987435042,0.03522355833667297,0.33725477026747275,0.3020312119307998,0.0001943988784462582,8.069794758219234e-05,-0.00011370093086406587,0.0006293508672216729,0.000358657544809777,-0.0002706933224118959,0.002082634735583422,0.00022443724232633081,-0.0018581974932570914,0.15820089246930102,0.06792280077474683,-0.0902780916945542
Perityle emoryi,61,white,yellow_orange,0.16393442622950818,51,10,0.16393442622950818,1.7298499501924904,1.0,0.46360510420027884,51,10,0,0,0.6576722656778877,0.30028076854680963,-0.3573914971310781,0.229590843980777,0.5167094052080341,0.2871185612272571,0.016822488223091837,0.036037503613385244,0.019215015390293407,1.7465937056256042e-06,0.0,-1.7465937056256042e-06,0.0003767484744163669,0.0,-0.0003767484744163669,0.0001936778353571491,0.0,-0.0001936778353571491,0.0024034136169345985,0.0,-0.0024034136169345985,0.011251768857976187,0.0,-0.011251768857976187,0.08168704673985365,0.1469723226317711,0.06528527589191745
Persicaria amphibia,55,red_pink,white,0.45454545454545453,31,24,0.43636363636363634,1.6887730894582669,0.4238412680490682,0.6081794199294029,25,5,25,0,0.30902961974469584,0.6070922020126385,0.29806258226794263,0.007790605724057249,0.0028759690903087712,-0.004914636633748477,0.00043875028414797746,0.022203732428048392,0.021764982143900415,0.01594738467962565,0.02525591619277733,0.00930853151315168,0.579471323411813,0.09219271609503271,-0.48727860731678024,0.031725085435283525,0.0003593890386343209,-0.031365696396649205,0.01133902968825083,0.0006501975149911792,-0.01068883217325965,0.0024405961804200957,0.0028140292231738813,0.0003734330427537856,0.04181760485170578,0.24655584840439496,0.2047382435526892
Persicaria longiseta,50,red_pink,white,0.42,27,23,0.46,1.534845473120772,0.9140235095891772,0.5846172205388227,21,2,27,0,0.22634129930865482,0.6262643366037632,0.3999230372951084,0.0005316756707085565,0.05935657096408281,0.05882489529337426,0.0003439020361975563,0.000321932033212017,-2.1970002985539287e-05,0.020958662697642922,7.00682376711246e-05,-0.020888594459971797,0.6126248704530424,0.1924555753664415,-0.42016929508660084,0.022753111763041685,0.0012413703202465928,-0.021511741442795093,0.026140557202858142,0.007216503272487045,-0.018924053930371096,0.005028496511060822,0.003766001227681938,-0.0012624952833788835,0.0852774243567931,0.10930764197441359,0.02403021761762049
Phacelia sericea,60,blue_purple,white,0.13333333333333333,52,8,0.13333333333333333,2.425860127265888,0.637386742918918,0.7532053571259762,8,7,0,45,0.259758312874403,0.22176052094334403,-0.037997791931058955,0.0096445395245607,0.18662884789783143,0.17698430837327073,0.000275409589094471,0.020166281923257864,0.019890872334163392,0.0001946046681951982,0.0,-0.0001946046681951982,0.04995496821485113,0.002566433678593288,-0.04738853453625785,0.001851831287131191,0.0,-0.001851831287131191,0.4441520494199542,0.008290904883128903,-0.4358611445368253,0.2210414180761949,0.004345059014117102,-0.2166963590620778,0.013126866345615218,0.5562419516597273,0.5431150853141121
Phacelia tanacetifolia,55,white,blue_purple,0.18181818181818182,30,25,0.45454545454545453,1.281682804084742,0.27993073135663527,0.4005460268022107,43,2,0,10,0.7584795770218258,0.5109359893026503,-0.2475435877191755,0.051088575178729556,0.011308996034573289,-0.039779579144156266,0.00015230495434468005,3.492182273773202e-05,-0.00011738313160694803,4.6775130637313343e-05,7.846680002580804e-05,3.16916693884947e-05,0.04220199234302523,0.02166933253825013,-0.020532659804775096,6.765899864680002e-06,0.00011441820610398402,0.00010765230623930402,0.01798099699910033,0.06061982564225601,0.04263882864315568,0.07895510076885905,0.38500720531437027,0.30605210454551124,0.051087911703613244,0.010230844339032558,-0.04085706736458068
Phlox divaricata,58,white,blue_purple,0.3793103448275862,36,22,0.3793103448275862,2.257480637876159,0.8711009114161214,0.8844898822670934,33,2,1,22,0.8213603963113771,0.1784145734612856,-0.6429458228500915,0.05611720627952738,0.0013755965981289912,-0.05474160968139839,5.115047651783927e-07,6.947498829549093e-05,6.896348353031253e-05,0.0,0.00018067480692065003,0.00018067480692065003,0.025415624021112488,0.015243322813329392,-0.010172301207783096,0.0,0.0,0.0,0.012704196425677657,0.12856354369129208,0.11585934726561442,0.078885959758738,0.6725322201322682,0.5936462603735302,0.005516105698802155,0.0036205935084796053,-0.00189551219032255
Pholistoma auritum,58,blue_purple,white,0.15517241379310345,47,11,0.1896551724137931,2.411080247954847,0.8030198626125088,0.8229623415842976,9,0,1,48,0.130526031622528,0.7342929382489146,0.6037669066263867,0.0020943510574361404,0.008778730327044989,0.006684379269608848,0.0,3.6116598827655217e-06,3.6116598827655217e-06,0.0,0.0,0.0,0.03656201821157331,0.13106741157238513,0.09450539336081182,0.0028481964210330816,0.0,-0.0028481964210330816,0.5361329716293872,0.02063969630435049,-0.5154932753250367,0.28806384129668156,0.09326091750316427,-0.19480292379351727,0.0037725897613609134,0.011956694384257737,0.008184104622896824
Pimelea flava,66,yellow_orange,white,0.22727272727272727,51,15,0.22727272727272727,2.8763090260035242,1.0000000000000002,0.9065284429437519,15,51,0,0,0.10825339379883667,0.7702459871284888,0.6619925933296521,0.8035213348330601,0.1852527719357661,-0.618268562897294,0.009920769535134598,0.0013702372566414822,-0.008550532278493115,9.518986706924904e-05,0.0,-9.518986706924904e-05,0.0,0.0,0.0,0.0,0.0,0.0,0.0,0.0,0.0,0.0,0.0,0.0,0.07820931196589943,0.043131003679103636,-0.0350783082867958
Pistacia lentiscus,46,yellow_orange,red_pink,0.3695652173913043,33,13,0.2826086956521739,1.625075990140233,0.30429744140047893,0.5681522788135621,3,26,17,0,0.05260127805825288,0.3833589863334855,0.3307577082752326,0.04446449245798739,0.2958428950158891,0.2513784025579017,0.04693594521801122,0.027653942008585213,-0.019282003209426007,0.3565140733514539,0.0015191527607172543,-0.3549949205907367,0.11485382637775317,0.014294249670412864,-0.10055957670734031,0.0006573651810957124,0.0,-0.0006573651810957124,0.0001241642454797772,0.0,-0.0001241642454797772,0.00020959921985290613,0.010300116698916718,0.010090517479063811,0.383639255890113,0.26703065751199345,-0.11660859837811954
Pittosporum bicolor,40,yellow_orange,white,0.4,22,18,0.45,1.3108905449100874,0.6593980668829458,0.5567057219457009,16,20,3,1,0.20632736918253994,0.6072354933234667,0.4009081241409268,0.34669699046842734,0.03886275693424371,-0.3078342335341836,0.04867367752760161,0.012416904410419954,-0.03625677311718165,0.03986456144535339,0.023876981001902872,-0.01598758044345052,0.015215087154833763,0.09924791702130324,0.08403282986646948,0.0,0.003335521484550866,0.003335521484550866,0.0,0.001051897518428649,0.001051897518428649,0.0,0.07218768489430037,0.07218768489430037,0.343222314221244,0.14178484341138356,-0.20143747080986044
Plantago lanceolata,43,white,yellow_orange,0.13953488372093023,23,20,0.46511627906976744,1.3098289666176812,0.18800129303420837,0.4044608334195062,36,6,0,1,0.5876276238776296,0.8543976018665228,0.26676997798889324,0.06863381991495289,0.03819622506249417,-0.03043759485245872,0.0036919640082097487,1.7140310582427756e-06,-0.003690249977151506,0.0011735777355538133,0.0,-0.0011735777355538133,1.233925911562609e-05,0.0003655370126299292,0.0003531977535143031,0.0,0.0,0.0,2.6441269533486963e-05,0.0005508382380262551,0.0005243969684927681,0.0007940122531855302,0.06418726993732819,0.06339325768414267,0.33804022168181935,0.0423008138519403,-0.29573940782987906
Pluchea odorata,61,white,red_pink,0.2786885245901639,35,26,0.4262295081967213,1.3654905421855528,0.8132203869042748,0.562566799389889,34,9,17,1,0.681146843761322,0.22560950417071302,-0.45553733959060894,0.003923213663473407,0.01221341962605282,0.008290205962579414,0.00019419104945178088,0.0026131234006999777,0.0024189323512481967,1.561817052552151e-05,0.003878671841733155,0.0038630536712076337,0.14041915663551383,0.4365010226732474,0.29608186603773357,0.0007767534249833893,0.014307527755254608,0.013530774330271219,0.023265501200847673,0.022013233298720035,-0.0012522679021276378,0.013900594062472238,0.001983740195130779,-0.011916853867341459,0.1363581280314102,0.2808797570384482,0.144521629007038
Podranea ricasoliana,40,white,red_pink,0.275,36,4,0.1,1.8157922348089062,0.2786925864248357,0.5030543536554974,26,1,11,2,0.6167590900487827,0.3737772406393078,-0.24298184940947493,0.0007570394927715323,0.025490530641101232,0.0247334911483297,1.1795234725169448e-05,0.0,-1.1795234725169448e-05,0.00034287300367871835,0.0,-0.00034287300367871835,0.2902449435237823,0.09910732115328286,-0.19113762237049942,0.009583265977936175,0.0006930133366891456,-0.008890252641247029,0.022528979888304795,0.10955035910253781,0.08702137921423302,0.0036022603273072884,0.3864828779719372,0.3828806176446299,0.056169752502711404,0.004898657155144027,-0.05127109534756738
Polemonium californicum,61,white,blue_purple,0.21311475409836064,34,27,0.4426229508196721,1.9297141985715858,0.35473199991589893,0.5398800551348868,48,0,0,13,0.8292991852064844,0.42707355506281003,-0.40222563014367435,0.04115986194042904,0.012848954603665468,-0.02831090733676357,9.176154219413336e-05,0.00027805265971404895,0.0001862911175199156,0.0,1.2242434481551266e-06,1.2242434481551266e-06,0.003952597051972106,0.009165946400953784,0.005213349348981678,5.3781239430470615e-06,0.0001292626885811519,0.00012388456463810482,0.009040725415737015,0.07529753758155187,0.06625681216581486,0.09888600348530545,0.4516326760133022,0.35274667252799674,0.01756448723393464,0.023572790745973245,0.0060083035120386055
Polygaloides paucifolia,48,blue_purple,red_pink,0.375,31,17,0.3541666666666667,1.8075310593889926,0.7596609521687793,0.6921668141670119,3,0,18,27,0.1373870720085808,0.07980988674454088,-0.05757718526403992,0.0005500653298778807,0.010713800918521333,0.010163735588643452,0.00041483468310201944,0.0,-0.00041483468310201944,8.91845853362581e-06,0.0008349808726901879,0.0008260624141565621,0.08282495027537419,0.2519682093696774,0.16914325909430322,0.10194202818737844,0.5358412718192764,0.433899243631898,0.6145491334040688,0.1088977612926763,-0.5056513721113925,0.055687011462513696,0.00012165423381361801,-0.055565357228700075,0.0066359861905706235,0.01181243474880391,0.005176448558233286
Polymeria calycina,58,white,red_pink,0.29310344827586204,34,24,0.41379310344827586,1.7607420222597108,0.7612369381193516,0.7864644432137811,33,1,17,7,0.8204774627893693,0.18110944516746988,-0.6393680176218994,0.008105116629000606,0.04259194429263474,0.03448682766363414,0.00019808242748106772,4.6532191806312926e-05,-0.0001515502356747548,8.51596446268206e-05,0.0,-8.51596446268206e-05,0.11279020222312304,0.5433247924922034,0.4305345902690804,1.313192709153824e-05,0.030052385073745334,0.030039253146653795,0.007309958970202286,0.15631968005726887,0.1490097210870666,0.035520164412481355,0.03917073131885601,0.003650566906374657,0.015500720976623871,0.007384489406015258,-0.008116231570608614
Potentilla recta,66,yellow_orange,white,0.4090909090909091,34,32,0.48484848484848486,2.6517486985417174,0.6936318804483765,0.854071739845227,27,38,0,1,0.06273672591311973,0.6535251408126111,0.5907884148994914,0.8958826149851261,0.2795943457413975,-0.6162882692437286,0.0016559712588211065,0.00013750690701059976,-0.0015184643518105067,7.793687650498533e-05,0.0,-7.793687650498533e-05,0.0014612903541747295,7.113718764905354e-06,-0.001454176635409824,3.913022448177649e-05,0.0,-3.913022448177649e-05,0.0003043300936499649,5.207851124895626e-05,-0.00025225158240100865,2.6874785001720002e-06,0.0238027761578157,0.023800088679315528,0.03783931281562136,0.04288103815115108,0.005041725335529719
Primula clevelandii,46,white,blue_purple,0.2608695652173913,25,21,0.45652173913043476,1.3081548294170955,0.5479221704246778,0.588617437030636,21,3,10,12,0.23186200133280008,0.688232784901132,0.45637078356833194,0.027825330518921526,0.08575516082242489,0.05792983030350336,9.437939611372269e-05,0.0022965732769273197,0.002202193880813597,3.128279734004612e-05,0.0012151917647156528,0.0011839089673756067,0.19473874217870296,0.05073848775244751,-0.14400025442625544,0.11179146083562254,0.0003645996378143268,-0.11142686119780822,0.2995586484453422,0.018320687949448605,-0.28123796049589356,0.10777638580170469,0.011418552349317958,-0.09635783345238673,0.026321768693452274,0.14165796154577173,0.11533619285231946
Pulmonaria officinalis,49,blue_purple,white,0.20408163265306123,38,11,0.22448979591836735,1.329852334726797,0.4055680418040246,0.5324357860356521,10,0,7,32,0.25438291602158963,0.19853870503520107,-0.05584421098638856,0.0032803144039501597,0.00037090620440311835,-0.0029094081995470413,2.4716623906907314e-06,0.0,-2.4716623906907314e-06,0.0007939532239030476,0.011785893468542476,0.010991940244639429,0.08263428778438864,0.46351243865159936,0.3808781508672107,0.007068230302008666,0.03505134215910942,0.027983111857100753,0.2103557275454772,0.2023824620345674,-0.007973265510909822,0.4342266475591565,0.06795839318463348,-0.36626825437452304,0.007255451497135547,0.020399859261943706,0.013144407764808158
Pulsatilla nuttalliana,62,white,yellow_orange,0.20967741935483872,50,12,0.1935483870967742,2.03254326008165,0.6568483344501307,0.8708417337418061,40,13,0,9,0.6726350098751097,0.1004282661209452,-0.5722067437541645,0.03477928254069389,0.6460173611713712,0.6112380786306774,0.0006621066931303842,0.03387625642591777,0.033214149732787385,0.0,0.0,0.0,0.02714701706939279,0.0,-0.02714701706939279,5.421376487490176e-07,0.0,-5.421376487490176e-07,0.09515306558205387,0.0,-0.09515306558205387,0.12528173461737047,0.0,-0.12528173461737047,0.0443412414846003,0.2196781162817658,0.1753368747971655
Pulsatilla vulgaris,56,blue_purple,yellow_orange,0.125,49,7,0.125,2.384596949961586,0.7478462628544663,0.8114787357172298,2,7,2,45,0.12554181631583944,0.02619607057905225,-0.09934574573678719,0.03836220305288918,0.2520082500596192,0.21364604700673,0.007330459145480625,0.15528558981999754,0.14795513067451693,0.002271540078753217,4.368987181391612e-06,-0.0022671710915718253,0.08676171044941854,0.004054154206459459,-0.08270755624295907,0.010995743417312052,0.0011676245931144431,-0.009828118824197608,0.6002572233261316,0.02034816152628652,-0.5799090617998451,0.07028607600923792,0.00011257458065968575,-0.07017350142857823,0.05819322820493719,0.5408232056476295,0.4826299774426923
Rhexia mariana,51,white,blue_purple,0.13725490196078433,43,8,0.1568627450980392,2.2811081671304034,0.8605327500924057,0.8424629906645368,42,1,1,7,0.7819907240700893,0.1090767570860446,-0.6729139669840447,0.10033176437008305,0.017294757966894277,-0.08303700640318877,0.002027342069429852,0.00012349209650581257,-0.0019038499729240395,0.0001784542135134829,1.9204547636875007e-05,-0.00015924966587660787,0.04589555883376431,0.11783004986409037,0.07193449103032606,1.1116168117933716e-05,0.011931812460379618,0.011920696292261685,0.002249523645406689,0.37366184472528163,0.37141232107987493,0.02426435449061817,0.35019473604809626,0.3259303815574781,0.04305116213897742,0.019867345205070597,-0.02318381693390682
Rhexia virginica,51,red_pink,blue_purple,0.27450980392156865,32,19,0.37254901960784315,1.3091716357154215,0.28134420021129714,0.5647835653013322,6,1,30,14,0.22757106432854507,0.05187135368938273,-0.17569971063916234,0.046451032951715786,0.0034830130530834657,-0.04296801989863232,0.00909387231744318,0.0005224612681894509,-0.008571411049253729,0.008980548071088997,0.00045880484128837235,-0.008521743229800625,0.3746705448343645,0.10206072265426591,-0.2726098221800986,0.133940164426184,0.25288689529582414,0.11894673086964014,0.10051956868416376,0.5423262451752774,0.4418066764911136,0.03322332076615314,0.03035786190992481,-0.0028654588562283326,0.06554988362034149,0.01603264211276367,-0.04951724150757782
Rhynchosida physocalyx,53,yellow_orange,white,0.49056603773584906,40,13,0.24528301886792453,1.235981293103863,0.0024016082627058223,0.460118857134462,26,27,0,0,0.43473276775580294,0.4758232531475034,0.04109048539170046,0.48255187845210423,0.12200887992065788,-0.36054299853144633,0.05386274929107508,0.09020621393933864,0.03634346464826356,0.0,0.002735408370246777,0.002735408370246777,0.00034834614790973505,0.00025451638031430776,-9.38297675954273e-05,0.0,0.0,0.0,6.090785197705251e-05,0.0,-6.090785197705251e-05,9.2105263157875e-06,0.0,-9.2105263157875e-06,0.028434139974815205,0.308971728241939,0.2805375882671238
Rosa palustris,56,red_pink,white,0.4107142857142857,30,26,0.4642857142857143,1.5972293320486406,0.7648597726928873,0.7273247069703653,23,3,28,2,0.12328433102568608,0.6499056864624093,0.5266213554367233,0.018601416273287517,0.05626435693307763,0.03766294065979012,0.013283093778073182,0.011117273319326715,-0.0021658204587464668,0.005935572137096598,0.004019293490468644,-0.0019162786466279539,0.6209644141139846,0.13270584237059657,-0.48825857174338805,0.09908249514833897,0.003202104814930417,-0.09588039033340856,0.05142259884476421,0.0270059492367255,-0.024416649608038708,0.0042837953926132,0.007369792692972448,0.003085997300359248,0.06314228328615568,0.10840970067949264,0.045267417393336964
Rosa setigera,64,white,red_pink,0.390625,36,28,0.4375,1.6641120183146556,0.7599920465042165,0.6510188005326621,34,3,25,2,0.6998709592107161,0.1982693273670862,-0.5016016318436298,0.06812016510806099,0.027186063459369032,-0.040934101648691955,0.01770379915767496,0.021456268913253588,0.0037524697555786288,2.4177940943144448e-05,0.002144554880688056,0.0021203769397449114,0.1382262722409452,0.5304662000542262,0.392239927813281,0.0024941347724630717,0.12178748804771398,0.11929335327525091,0.002525590118606326,0.04382882221253046,0.041303232093924135,0.0022081986788233367,0.011546779170610286,0.00933858049178695,0.06882670277176672,0.043314495894522125,-0.0255122068772446
Sabatia stellaris,68,red_pink,white,0.27941176470588236,45,23,0.3382352941176471,1.4258053928486292,0.8020645398476802,0.6414678606651947,19,4,41,4,0.12743832254579818,0.5907603637152361,0.4633220411694379,0.04381661374100633,0.16668296868600238,0.12286635494499605,0.002426294024001487,0.012022922057070333,0.009596628033068846,0.0006175125742136408,0.0031726515459765486,0.0025551389717629078,0.5437281551039024,0.15655686967549579,-0.3871712854284066,0.15301705663909293,0.002683608943709872,-0.15033344769538307,0.09481490966917576,0.004052743969630481,-0.09076216569954527,0.00444609759116225,0.004719128193156677,0.000273030601994427,0.02969503811164701,0.05934874321372196,0.029653705102074948
Salvia columbariae,45,blue_purple,white,0.2222222222222222,32,13,0.28888888888888886,1.676936051653532,0.64966550425195,0.6194161298957421,10,5,1,29,0.19232239775914847,0.4508380721830187,0.25851567442387025,0.008775311824448736,0.18211851740078638,0.17334320557633764,4.1159038524843765e-06,0.003223690415721563,0.0032195745118690786,0.015826954449252615,0.000721684496518931,-0.015105269952733685,0.03440047851950029,0.04432926090564507,0.00992878238614478,0.002190198227451301,0.0009609467489717311,-0.0012292514784795698,0.21329703074211234,0.03131726085158211,-0.18197976989053022,0.5061281723098587,0.04892982131404625,-0.45719835099581246,0.027055340264374967,0.23756074568370933,0.21050540541933435
Salvia farinacea,65,white,blue_purple,0.3076923076923077,41,24,0.36923076923076925,1.9751977152861762,0.7071983954840464,0.5196957834149125,45,0,0,20,0.7687382156722933,0.34040690683787905,-0.4283313088344142,0.0023908477627664986,0.003998891774092951,0.0016080440113264527,0.00014610434392596042,0.00046840845217029173,0.0003223041082443313,0.00012253707914989512,9.753071143283335e-05,-2.5006367717061767e-05,0.0032998012910086705,0.012267125209444474,0.008967323918435804,3.6262628460341477e-06,1.6326727023995835e-05,1.2700464177961686e-05,0.05537218085023476,0.24319397298269718,0.18782179213246242,0.1633888777950312,0.389763139637009,0.2263742618419778,0.006537808942743834,0.00978769766825033,0.0032498887255064954
Sambucus cerulea,57,white,yellow_orange,0.2631578947368421,40,17,0.2982456140350877,2.2296908599817526,0.5995591018489299,0.7076983357699091,42,15,0,0,0.8236476865305216,0.2985324706774929,-0.5251152158530287,0.07847007266873739,0.5506833060243649,0.4722132333556275,2.1202282468800924e-05,0.00042191410911448856,0.00040071182664568766,0.0,1.2646368542576474e-05,1.2646368542576474e-05,0.00010704406878255749,0.0,-0.00010704406878255749,0.0,0.0,0.0,2.3399475394797507e-05,0.0,-2.3399475394797507e-05,0.006890697442520977,0.014212723780837086,0.007322026338316109,0.09083989753157398,0.13613693903964807,0.04529704150807409
Sanguisorba minor,47,white,yellow_orange,0.3829787234042553,27,20,0.425531914893617,1.4107512772275974,0.6998880759912258,0.606130620004737,21,18,8,0,0.6303021477124656,0.16352439635524896,-0.46677775135721666,0.025890974860747446,0.14827632195958712,0.12238534709883968,0.0001202151549040778,0.015326833011716145,0.015206617856812068,0.01285249345937637,0.05940620540453943,0.046553711945163063,0.17970148870577862,0.11258243765394613,-0.0671190510518325,0.00887809984713592,9.32961985527736e-05,-0.008784803648583148,0.0014032861496776103,0.0003467436387755251,-0.0010565425109020851,0.00016337137796509246,0.0026187378009108657,0.002455366422945773,0.14068792273194936,0.497825027976723,0.35713710524477366
Sanicula odorata,63,yellow_orange,white,0.14285714285714285,54,9,0.14285714285714285,3.9806954619989727,1.0,1.0678245686202466,9,54,0,0,0.08613441735392559,0.8239055658435654,0.7377711484896399,0.888303568491049,0.11707661944030685,-0.7712269490507421,0.0005240144994611686,0.0,-0.0005240144994611686,0.0,0.0,0.0,0.0,0.0,0.0,0.0,0.0,0.0,0.0,0.0,0.0,0.0,4.224757076467777e-05,4.224757076467777e-05,0.025037999655564407,0.05897556714536307,0.03393756748979866
Scilla monophyllos,62,white,blue_purple,0.3225806451612903,42,20,0.3225806451612903,2.2281057335727974,1.0,0.6060340775576423,42,0,0,20,0.7210361473314466,0.27357959740098947,-0.44745654993045714,0.00022053600041139844,0.00027750597607575575,5.6969975664357305e-05,4.198505332101667e-05,0.0,-4.198505332101667e-05,3.1496701518938105e-05,0.0,-3.1496701518938105e-05,0.005992790896097238,0.003102933226511331,-0.0028898576695859067,8.161213343910267e-07,0.0,-8.161213343910267e-07,0.01803896813159313,0.0584680698991367,0.040429101767543565,0.24734386572618922,0.654045993136703,0.40670212741051376,0.007293394038088157,0.010525900360583837,0.00323250632249568
Scutellaria elliptica,46,white,blue_purple,0.34782608695652173,28,18,0.391304347826087,2.0177850231433276,0.77491769154591,0.6014401179406791,30,0,0,16,0.8164749072462811,0.3383984541102737,-0.47807645313600744,0.02051213212874537,0.004777577368438428,-0.015734554760306944,2.255829062296976e-06,0.0,-2.255829062296976e-06,0.0,0.0,0.0,0.006953381142346521,0.011040883813742047,0.004087502671395527,1.8214272704089296e-05,4.0855074965538904e-05,2.2640802261449608e-05,0.012627568651366721,0.19093409736644168,0.17830652871507496,0.13497035365233767,0.4528902559090753,0.3179199022567376,0.00844118707715621,0.001917876357063343,-0.0065233107200928665
Simmondsia chinensis,40,yellow_orange,white,0.25,31,9,0.225,1.659146028745686,0.8252922185970976,0.6486453059342596,10,30,0,0,0.2426780650858161,0.7627147556620207,0.5200366905762046,0.35692343594669446,0.13833405060738346,-0.218589385339311,0.0025113714455278937,0.0,-0.0025113714455278937,0.00025887952929664845,0.0,-0.00025887952929664845,1.4537863137648855e-06,0.0,-1.4537863137648855e-06,0.0,0.0,0.0,0.0,0.0,0.0,0.009916863997390933,0.030742695031066223,0.020825831033675288,0.3877099302089603,0.06820849869952955,-0.3195014315094307
Sisyrinchium bellum,70,blue_purple,white,0.17142857142857143,60,10,0.14285714285714285,1.9366538905404154,0.5218200914493409,0.6744045462883008,12,5,1,52,0.18381267842196583,0.471442699302539,0.2876300208805732,0.02713951188258226,0.32219680078663426,0.29505728890405203,0.0005461322053810886,0.012873243536398554,0.012327111331017465,8.39223032112067e-05,0.0,-8.39223032112067e-05,0.05226436081172552,0.0002229797024810301,-0.05204138110924449,0.001954696880221091,0.0,-0.001954696880221091,0.3879633060393797,0.0022643833520716787,-0.385698922687308,0.32851198490799277,0.004566324713626652,-0.3239456601943661,0.01772340654754072,0.18643356860624877,0.16871016205870804
Sisyrinchium striatum,74,white,yellow_orange,0.36486486486486486,48,26,0.35135135135135137,1.9982326656350637,0.9053527467818807,0.576331679888963,47,27,0,0,0.7123662974356447,0.26322671178813156,-0.44913958564751316,0.1722494387429532,0.5219325377245736,0.3496830989816204,0.001947175867503874,0.023379766467359717,0.021432590599855843,0.0018494773402602715,5.492397538094231e-05,-0.0017945533648793292,0.005248799996446118,0.0007642963752179271,-0.00448450362122819,0.0002039000519018313,0.00040441845724271166,0.00020051840534088036,0.002874647006431009,0.0026935566548799738,-0.00018109035155103531,0.003344811328886631,0.00010512549355793464,-0.0032396858353286964,0.09991545222997245,0.18743866306365595,0.0875232108336835
Solanum seaforthianum,45,blue_purple,white,0.3333333333333333,37,8,0.17777777777777778,1.6456521569528868,0.42366793370520905,0.5346954936075309,15,0,4,26,0.31729553241294156,0.33658534063440876,0.019289808221467197,0.0136812700306454,0.01588638283005914,0.0022051127994137405,0.0013886605224359713,0.004740680245285365,0.0033520197228493935,0.0003157661159640326,0.35537765297776885,0.35506188686180484,0.03360934069444607,0.11744669530544007,0.083837354610994,1.0797278222105776e-06,0.0033505780091775505,0.00334949828135534,0.23667355943377924,0.01768684456932188,-0.21898671486445737,0.377008306419113,0.06103196417185354,-0.31597634224725946,0.0200264846428525,0.08789386125668493,0.06786737661383242
Solanum villosum,41,white,yellow_orange,0.3170731707317073,28,13,0.3170731707317073,1.9339619101616856,0.7977637147722315,0.8450914383124133,27,13,1,0,0.7925296022794718,0.044291655156521816,-0.74823794712295,0.09920330646847034,0.3421426761012602,0.24293936963278986,0.009710494420365123,0.20116609258286441,0.1914555981624993,0.01594167826404811,0.029326455664400723,0.013384777400352613,0.0008676390301417179,0.07724981663421043,0.07638217760406872,0.0,0.0,0.0,0.0005637580285055108,0.0,-0.0005637580285055108,0.004726055265275911,0.0,-0.004726055265275911,0.07645746624372143,0.30582330386074236,0.22936583761702092
Spiraea tomentosa,46,white,red_pink,0.17391304347826086,41,5,0.10869565217391304,2.0264185294806687,0.5360362329720015,0.5860374229415695,32,6,8,0,0.5548266460576223,0.24597854839132527,-0.30884809766629706,0.0014128409486768808,0.35677346920451064,0.35536062825583375,5.5824868591267995e-05,0.004917383773311161,0.004861558904719893,0.0003066024562208163,0.0028937027839429008,0.0025871003277220844,0.2795469958512369,0.027102767641034302,-0.25244422821020257,0.016675262045194258,0.0,-0.016675262045194258,0.01583952619764915,0.0,-0.01583952619764915,0.00860622040827692,0.0,-0.00860622040827692,0.12273008116653168,0.3623341282058758,0.23960404703934413
Trifolium arvense,49,white,yellow_orange,0.14285714285714285,44,5,0.10204081632653061,2.9987570131194827,0.6639212900805092,0.9908294777949019,42,7,0,0,0.8201427484342119,0.0315737539519104,-0.7885689944823014,0.02251161383261928,0.5566536578464768,0.5341420440138576,3.7060678562536666e-05,0.00458015267175572,0.004543091993193184,1.585878029573864e-05,0.0,-1.585878029573864e-05,0.02085712912427742,0.0,-0.02085712912427742,2.2670596236681028e-06,0.0,-2.2670596236681028e-06,0.0006219525813622018,0.0,-0.0006219525813622018,0.0009007985704702156,0.0,-0.0009007985704702156,0.1349105709385768,0.4071924355298572,0.27228186459128034
Trifolium longipes,41,white,yellow_orange,0.21951219512195122,32,9,0.21951219512195122,1.6655474397338652,0.9105115329788581,0.6353771871386215,31,9,1,0,0.7288750369331731,0.2533434318099646,-0.4755316051232085,0.018753493958426928,0.14474693737440517,0.12599344341597823,2.634248439491563e-05,0.0025336021437790896,0.002507259659384174,0.0005450133462967502,0.0001292399615443889,-0.0004157733847523613,0.0652895714338752,0.017092617258664993,-0.04819695417521021,0.0011305558247420877,0.0024570050156592,0.0013264491909171124,0.0020160374053771503,0.002671326758012578,0.0006552893526354277,0.005678201370059406,0.0001689902830587223,-0.0055092110870006835,0.1776857472436545,0.5768568493949112,0.39917110215125673
Umbellularia californica,51,yellow_orange,white,0.45098039215686275,28,23,0.45098039215686275,1.6976220988604573,0.6460508302784409,0.5937824476429783,23,27,0,1,0.2711730259839957,0.682281538277979,0.4111085122939833,0.5478652029562393,0.12130149852683073,-0.4265637044294086,0.007383866442137473,0.0005774155548193368,-0.006806450887318136,7.713939544084773e-05,0.0,-7.713939544084773e-05,0.0025874699970491718,0.0010082323889726715,-0.0015792376080765002,0.0,0.0,0.0,7.425779335541267e-07,0.0,-7.425779335541267e-07,0.0005389990571970607,0.03775616127304667,0.037217162215849614,0.17037355359000697,0.15707515397835145,-0.01329839961165552
Utricularia purpurea,57,white,blue_purple,0.15789473684210525,39,18,0.3157894736842105,1.4712604114302055,0.5564589948053036,0.6604801131969062,36,4,8,9,0.7158400623796511,0.1577400546502746,-0.5581000077293765,0.02818698083508975,0.039352150270975036,0.011165169435885285,0.002488065493661564,0.0011365668213095003,-0.0013514986723520638,2.3795719351748177e-05,0.0,-2.3795719351748177e-05,0.10837994020220112,0.33937116940396855,0.23099122920176743,0.009429936962913641,0.08485859547626334,0.0754286585133497,0.021076293302466402,0.2628610390456719,0.24178474574320546,0.034194363316094156,0.09393619838584061,0.05974183506974645,0.08038056178857038,0.020744225945696516,-0.05963633584287387
Verbascum lychnitis,64,yellow_orange,white,0.140625,53,11,0.171875,2.6064866326552747,0.7519778472235679,0.8595838017848725,9,55,0,0,0.09779585769233644,0.7204627582922658,0.6226669005999294,0.7170732137259328,0.12597768650869579,-0.591095527217237,0.007215652142878707,0.0009371649198490037,-0.006278487223029703,0.0006694538012587982,0.0,-0.0006694538012587982,0.001495062261118162,0.014404501356291528,0.012909439095173366,1.4306399787330197e-05,0.00037411148522259094,0.00035980508543526074,6.598881391553963e-05,0.004820358699997391,0.004754369886081852,0.004482466473155996,0.0010150476360074729,-0.003467418837148523,0.17118799868961612,0.13200837110167038,-0.03917962758794574
Verbascum phoeniceum,49,blue_purple,red_pink,0.12244897959183673,41,8,0.16326530612244897,2.120863894248787,0.4702244175585333,0.8323373816637766,3,2,6,38,0.06187072634257933,0.3943333472843054,0.3324626209417261,0.00250464412073964,0.05291054626448748,0.05040590214374784,0.001919439389734331,0.0005248967699258996,-0.0013945426198084315,0.00017407367501789028,7.122507122506253e-05,-0.00010284860379282775,0.0773749947799074,0.22730210254048702,0.1499271077605796,0.08848483220873284,0.0005992260564164127,-0.08788560615231643,0.7298958314418391,0.01965805534222832,-0.7102377760996108,0.023853043187371647,0.08844022705373668,0.06458718386636503,0.01392241485407775,0.21616037361718773,0.20223795876311
Verbena lasiostachys,59,white,blue_purple,0.3220338983050847,43,16,0.2711864406779661,1.828586007898138,0.664867422876873,0.6622132508936208,38,0,2,19,0.666090302403146,0.15423945426253508,-0.511850848140611,0.008301657412741316,0.00013690834120780004,-0.008164749071533516,5.985076086333258e-05,0.0,-5.985076086333258e-05,0.0009276538601728327,0.0,-0.0009276538601728327,0.06479371579506527,0.03373001231586229,-0.031063703479202974,0.0011951792722719754,0.0036872560113504257,0.0024920767390784505,0.041389048303725556,0.32500858178080216,0.2836195334770766,0.17352296005332754,0.4792580246994335,0.305735064646106,0.04371963213868628,0.003939762588808782,-0.0397798695498775
Veronica persica,43,white,blue_purple,0.20930232558139536,26,17,0.3953488372093023,1.4933981084160555,0.18078198950176713,0.4382182476877635,32,2,0,9,0.5112878429941845,0.7850787818923464,0.27379093889816186,0.029249692622539052,0.04497995543259828,0.015730262810059226,5.787354205765591e-05,7.188629641800589e-05,1.4012754360349977e-05,0.0,1.0404798693152945e-05,1.0404798693152945e-05,0.00042183682656386003,0.0007037816574375699,0.00028194483087370985,0.0,0.0,0.0,0.008680650372639266,0.00042822097484707247,-0.008252429397792194,0.4453780085350185,0.10822871809983535,-0.33714929043518316,0.004924095106997177,0.06049825084782429,0.055574155740827115
Vicia benghalensis,49,red_pink,white,0.1836734693877551,44,5,0.10204081632653061,2.2885384252940764,0.4711549708181665,0.8591700694513089,9,6,31,3,0.23805000579970523,0.024136914491196922,-0.2139130913085083,0.009431256375179399,0.7428912286712117,0.7334599722960323,0.0009681757671797376,0.03643833157266054,0.0354701558054808,0.07639193710288353,0.0021996956677407804,-0.07419224143514275,0.32544921326486126,0.010441281775868243,-0.31500793148899303,0.16159671543901677,0.006021750805585381,-0.1555749646334314,0.09868594833747367,9.622269960614002e-05,-0.09858972563786753,0.02873725284088765,0.0,-0.02873725284088765,0.06068949507281295,0.17777457431613033,0.11708507924331737
Vicia cracca,48,blue_purple,white,0.10416666666666667,26,22,0.4583333333333333,1.5398778641679793,0.17571572615008474,0.47472737979817553,5,1,2,40,0.3340556406142691,0.1386695435327232,-0.19538609708154592,0.0019181356777211891,0.03275245703829278,0.030834321360571588,0.00026818694436321546,2.7745284966272733e-05,-0.00024044165939694274,0.0,0.0001483506266040364,0.0001483506266040364,0.041781261265981376,0.14437590762279837,0.10259464635681699,0.0011462833684652062,0.034228008344888455,0.03308172497642325,0.17590791892671118,0.4851476683295278,0.3092397494028166,0.431981179505322,0.15093023741646383,-0.28105094208885817,0.012941393697166844,0.013720081803735261,0.0007786881065684169
Vicia villosa,43,blue_purple,white,0.11627906976744186,38,5,0.11627906976744186,2.045920513180973,0.8773316383543918,0.689526201682808,5,1,0,37,0.1416257113610421,0.6738218066338086,0.5321960952727666,0.014782919678118822,0.00874625397199572,-0.006036665706123101,0.012841741786222926,0.00404040094732194,-0.008801340838900985,0.0002355140526810159,0.00063778486427626,0.0004022708115952441,0.07440757311480857,0.05432019697039438,-0.020087376144414193,0.03715681681168631,0.020638830464627625,-0.016517986347058686,0.5486431888515515,0.13697250625059768,-0.41167068260095385,0.15750381342639658,0.02392719919329749,-0.13357661423309908,0.012802720917492209,0.07689502070368023,0.06409229978618802
Vinca difformis,60,white,blue_purple,0.15,45,15,0.25,1.9461890067555272,0.4596689198960907,0.6952955654877544,49,2,0,9,0.8840047392200662,0.36619542214363565,-0.5178093170764305,0.01632765940473396,0.0,-0.01632765940473396,0.0,0.0,0.0,0.0,0.0,0.0,0.0019927644801526175,0.03356523911613886,0.03157247463598624,0.0,0.0,0.0,0.0008255402428757716,0.08229718767509703,0.08147164743222125,0.06209374281079441,0.51630879291049,0.45421505009969565,0.034755553841377095,0.0016333581546384205,-0.03312219568673867
Viola labradorica,53,white,blue_purple,0.22641509433962265,37,16,0.3018867924528302,2.2652034773805307,0.6657029078023358,0.7338329917054836,40,1,0,12,0.845977919553306,0.29795809343391394,-0.548019826119392,0.004971400987891501,0.04669337057107819,0.04172196958318669,2.637912873617643e-05,1.0299454269899963e-05,-1.6079674466276466e-05,0.0,1.4252160627551137e-06,1.4252160627551137e-06,0.006376172672960092,0.0035014464403496735,-0.002874726232610419,0.0,0.0,0.0,0.00465243098107154,0.02769634034170892,0.023043909360637382,0.1271600593389966,0.6128605070808795,0.48570044774188287,0.010835637337038132,0.011278517461737175,0.0004428801246990424
Zantedeschia aethiopica,44,white,yellow_orange,0.1590909090909091,37,7,0.1590909090909091,3.3072377590551705,0.9999999999999998,0.9761945718878798,37,7,0,0,0.9328783384060342,0.11373890630740909,-0.819139432098625,0.03736068447761902,0.3655340112928445,0.3281733268152255,0.001518371041871648,0.08429581996204384,0.08277744892017219,9.727253701514597e-05,0.0,-9.727253701514597e-05,0.0002093370925204237,0.0,-0.0002093370925204237,0.0,0.0,0.0,5.167098808363674e-07,0.0,-5.167098808363674e-07,0.0006693345651980837,0.0,-0.0006693345651980837,0.027266145169860704,0.43643126243770247,0.40916511726784177
Zephyranthes carinata,44,red_pink,white,0.2727272727272727,31,13,0.29545454545454547,1.9888351417275267,0.9398860992793613,0.7486296005693514,12,1,31,0,0.15655519907648166,0.6936601251021474,0.5371049260256657,0.011415703643539226,0.09779588889861132,0.0863801852550721,0.008025864315120193,0.0022201663250987934,-0.005805697990021399,0.0035675363404860266,0.00023120675863417704,-0.0033363295818518495,0.6606784523386419,0.15949713273139185,-0.50118131960725,0.11330188019027483,0.0013147159189087695,-0.11198716427136607,0.022964917910135597,0.003960182933439577,-0.019004734976696018,0.0014619984344757596,2.7506532801538465e-05,-0.0014344919016742212,0.022028447750844803,0.04129307479896672,0.019264627048121916
