scale_km,cell_id,latitude,longitude,bio1,bio4,bio12,bio15,realm,biome,ecoregion,dominant_eco_id
500,0,-75.63848843708344,-177.1875,-33.588605832212956,1086.4530616874972,94.25225384696094,99.7390019325692,Antarctica,Tundra,Transantarctic Mountains tundra,134
500,1,-75.63848843708344,-171.5625,-32.39030193019594,1065.4532169787128,110.89462457709101,96.3240834198384,Antarctica,Tundra,Transantarctic Mountains tundra,134
500,2,-75.63848843708344,-165.9375,-31.19515629123964,1065.7331061135317,122.25799528933887,92.12660650324896,Antarctica,Tundra,Transantarctic Mountains tundra,134
500,3,-75.63848843708344,-160.3125,-35.37504017169688,1074.8230491623274,111.76787518111152,95.51202787867969,Antarctica,Tundra,Transantarctic Mountains tundra,134
500,4,-75.63848843708344,-154.6875,-34.655294305509656,1070.1626073313048,126.95579534670397,91.82903831734919,Antarctica,Tundra,Transantarctic Mountains tundra,134
500,5,-75.63848843708344,-149.0625,-33.512052388446165,1065.5637288967948,149.8374756094852,87.0983776315884,Antarctica,Tundra,Transantarctic Mountains tundra,134
500,6,-75.63848843708344,-143.4375,-24.326993214349002,861.9242939964151,330.77281257916707,65.92011314389629,Antarctica,Tundra,Marie Byrd Land tundra,124
500,7,-75.63848843708344,-137.8125,-33.42805535082484,1015.3234303274588,186.47434344489253,82.09115469235194,Antarctica,Tundra,Transantarctic Mountains tundra,134
500,8,-75.63848843708344,-132.1875,-32.46653483855922,934.3003690931026,227.72785705971907,76.29661147887555,Antarctica,Tundra,Transantarctic Mountains tundra,134
500,9,-75.63848843708344,-126.5625,-32.36285031406556,863.0584876280047,261.5371759240559,73.26339930760348,Antarctica,Tundra,Transantarctic Mountains tundra,134
500,11,-75.63848843708344,-115.3125,-20.26038773593863,639.4446884870588,506.50413230370697,57.36890506359747,Antarctica,Tundra,Transantarctic Mountains tundra,134
500,12,-75.63848843708344,-109.6875,-18.539631196816362,603.9630293828108,705.5194501060719,45.38580938558101,Antarctica,Tundra,Marie Byrd Land tundra,124
500,15,-75.63848843708344,-92.8125,-22.748200246571784,676.3656842111039,700.2658853267297,53.223730668225016,Antarctica,Tundra,Ellsworth Land tundra,121
500,16,-75.63848843708344,-87.1875,-31.56901471661539,783.4532419927626,340.57906947316695,63.61047053200291,Antarctica,Tundra,Ellsworth Mountains tundra,122
500,17,-75.63848843708344,-81.5625,-25.258341400146,813.7618570834655,293.63407092789913,65.36155838896852,Antarctica,Tundra,Ellsworth Mountains tundra,122
500,19,-75.63848843708344,-70.3125,-11.312611684850827,520.7153868604578,224.87439687090622,63.32021773803826,Antarctica,Tundra,Central South Antarctic Peninsula tundra,118
500,20,-75.63848843708344,-64.6875,-19.510952799424736,692.6230015581699,79.55232322636438,79.56144313441209,Antarctica,Tundra,South Antarctic Peninsula tundra,130
500,21,-75.63848843708344,-59.0625,-20.878004908030448,822.290239750209,42.93740999325093,66.8247242613427,Antarctica,Tundra,Transantarctic Mountains tundra,134
500,22,-75.63848843708344,-53.4375,-29.58676870503221,1020.1349982693071,5.580750207481849,57.461151410520046,Antarctica,Tundra,Transantarctic Mountains tundra,134
500,23,-75.63848843708344,-47.8125,-28.917420219442494,1015.1261034061661,8.570228448633662,68.29177111139465,Antarctica,Tundra,Transantarctic Mountains tundra,134
500,26,-75.63848843708344,-30.9375,-24.48792098792976,921.2211001030968,67.29255552364651,107.82449753698675,Antarctica,Tundra,Transantarctic Mountains tundra,134
500,27,-75.63848843708344,-25.3125,-25.697934043345473,891.7851611145954,74.56059384330453,109.80008225030282,Antarctica,Tundra,Transantarctic Mountains tundra,134
500,29,-75.63848843708344,-14.0625,-24.38137435913086,660.07958984375,147.0,81.86473846435547,Antarctica,Tundra,Dronning Maud Land tundra,119
500,30,-75.63848843708344,-8.4375,-24.755062103271484,671.38330078125,142.0,83.8478775024414,Antarctica,Tundra,Dronning Maud Land tundra,119
500,31,-75.63848843708344,-2.8125,-22.10544968698885,701.8126602550471,144.706572728364,85.03219857512735,Antarctica,Tundra,Dronning Maud Land tundra,119
500,32,-75.63848843708344,2.8125,-22.52880502103392,716.0473179286828,119.13860034827816,90.475233347176,Antarctica,Tundra,Dronning Maud Land tundra,119
500,33,-75.63848843708344,8.4375,-23.133077664616952,687.3043821011029,98.37341998497227,97.07023105726,Antarctica,Tundra,Dronning Maud Land tundra,119
500,34,-75.63848843708344,14.0625,-20.056483790758946,659.3143694236477,104.13188094111482,91.8409744080364,Antarctica,Tundra,Dronning Maud Land tundra,119
500,35,-75.63848843708344,19.6875,-25.966594696044922,780.3065795898438,123.99999999999999,88.26203155517578,Antarctica,Tundra,Dronning Maud Land tundra,119
500,36,-75.63848843708344,25.3125,-25.928174696443484,799.690530622474,156.28623606387336,68.62371048931833,Antarctica,Tundra,Dronning Maud Land tundra,119
500,38,-75.63848843708344,36.5625,-30.20063591003418,892.8662719726562,169.0,72.98066711425781,Antarctica,Tundra,Dronning Maud Land tundra,119
500,42,-75.63848843708344,59.0625,-35.574683334083005,955.9345260190606,171.39886283468323,116.68632749199962,Antarctica,Tundra,Prince Charles Mountains tundra,128
500,43,-75.63848843708344,64.6875,-25.939254985511425,880.644785160925,196.58173452932888,104.03357039456176,Antarctica,Tundra,Prince Charles Mountains tundra,128
500,44,-75.63848843708344,70.3125,-21.025141093939293,834.841260910374,209.54320814661506,100.48393495992033,Antarctica,Tundra,Prince Charles Mountains tundra,128
500,45,-75.63848843708344,75.9375,-29.168949127197266,780.1098022460938,101.0,106.81636047363281,Antarctica,Tundra,Prince Charles Mountains tundra,128
500,59,-75.63848843708344,154.6875,-31.499573791857202,863.9718292161261,39.90460857866805,104.56452203542436,Antarctica,Tundra,Transantarctic Mountains tundra,134
500,60,-75.63848843708344,160.3125,-26.037898872178936,755.357985322988,77.97334447752449,68.5077194157546,Antarctica,Tundra,South Victoria Land tundra,132
500,61,-75.63848843708344,165.9375,-24.974142216851497,767.0826995218712,101.77138752724485,73.0481956093908,Antarctica,Tundra,North Victoria Land tundra,125
500,62,-75.63848843708344,171.5625,-29.479856344679202,852.7636947328959,96.13543695824355,85.24208790782231,Antarctica,Tundra,North Victoria Land tundra,125
500,63,-75.63848843708344,177.1875,-37.39290868283467,1002.3938662023362,18.53140693565582,122.95050987202987,Antarctica,Tundra,Transantarctic Mountains tundra,134
500,83,-64.99216676531488,-70.3125,-8.996413659737202,442.6899533000859,366.1176390720188,49.55473763024967,Antarctica,Tundra,Central South Antarctic Peninsula tundra,118
500,84,-64.99216676531488,-64.6875,-8.506242935298616,412.44116970680955,507.7527912722995,42.98898890623407,Antarctica,Tundra,Northwest Antarctic Peninsula tundra,127
500,85,-64.99216676531488,-59.0625,-4.907076906802008,330.26289148109214,550.1578614435684,28.855292901512374,Antarctica,Tundra,Scotia Sea Islands tundra,129
500,86,-64.99216676531488,-53.4375,-5.452508852399961,385.979985335513,649.8787964408973,25.348184611419974,Antarctica,Tundra,Scotia Sea Islands tundra,129
500,103,-64.99216676531488,42.1875,-14.180704523787131,747.270453816477,342.55809363363124,50.66604348929887,Antarctica,Tundra,Enderby Land tundra,123
500,104,-64.99216676531488,47.8125,-15.963199113311687,705.7101159062684,377.37086116137436,53.799950118267894,Antarctica,Tundra,Enderby Land tundra,123
500,105,-64.99216676531488,53.4375,-18.401179284233972,707.2660549194276,382.06348184149,64.41892174509194,Antarctica,Tundra,Enderby Land tundra,123
500,109,-64.99216676531488,75.9375,-16.258719748787197,692.1236069667417,223.71627614098568,67.66082990643383,Antarctica,Tundra,East Antarctic tundra,120
500,113,-64.99216676531488,98.4375,-18.11076068878174,731.9721069335938,257.0,24.72197914123535,Antarctica,Tundra,East Antarctic tundra,120
500,115,-64.99216676531488,109.6875,-6.216577719647987,384.1417725922945,353.3589613769733,24.0587952897627,Antarctica,Tundra,East Antarctic tundra,120
500,121,-64.99216676531488,143.4375,-12.697315216064453,595.1927490234375,265.0,47.651939392089844,Antarctica,Tundra,Adelie Land tundra,117
500,124,-64.99216676531488,160.3125,-16.386207580566406,635.1746215820312,188.0,50.025447845458984,Antarctica,Tundra,Adelie Land tundra,117
500,147,-57.53825503275763,-70.3125,3.8020290043580345,279.2216019547494,897.0877152756836,15.784829494038346,Neotropic,Temperate Broadleaf & Mixed Forests,Magellanic subpolar forests,561
500,148,-57.53825503275763,-64.6875,4.530791344655965,294.24272359188126,612.6474498063515,23.564891139747147,Neotropic,Temperate Broadleaf & Mixed Forests,Magellanic subpolar forests,561
500,151,-57.53825503275763,-47.8125,-5.953567385673523,430.96097564697266,620.0,29.55109310150147,Antarctica,Tundra,Scotia Sea Islands tundra,129
500,152,-57.53825503275763,-42.1875,-3.819044709205627,406.6420440673828,702.0,21.275047302246094,Antarctica,Tundra,South Orkney Islands tundra,131
500,153,-57.53825503275763,-36.5625,-1.3481399957567242,254.25334761575195,1621.9091267659796,14.915035887731113,Antarctica,Tundra,Scotia Sea Islands tundra,129
500,155,-57.53825503275763,-25.3125,-0.46264368295669556,295.02117919921875,1557.0,13.917038917541504,Antarctica,Tundra,Scotia Sea Islands tundra,129
500,160,-57.53825503275763,2.8125,-0.8242424130439758,171.65145874023438,1765.0,10.16602897644043,Antarctica,Tundra,Scotia Sea Islands tundra,129
500,188,-57.53825503275763,160.3125,4.315429210662842,163.6307373046875,1004.0,16.841928482055664,Australasia,Tundra,Antipodes Subantarctic Islands tundra,196
500,210,-51.37516712694704,-75.9375,5.743422048761703,270.3614150154716,3146.151250800084,12.057409775931287,Neotropic,Temperate Broadleaf & Mixed Forests,Magellanic subpolar forests,561
500,211,-51.37516712694704,-70.3125,6.463016069096318,415.02519857944003,428.46296187926765,19.49857610804036,Neotropic,"Temperate Grasslands, Savannas & Shrublands",Patagonian steppe,578
500,212,-51.37516712694704,-64.6875,6.92909930632013,385.5982890450783,359.4478625440819,23.502183229918554,Neotropic,Temperate Broadleaf & Mixed Forests,Magellanic subpolar forests,561
500,213,-51.37516712694704,-59.0625,6.434196713650589,274.21857244061937,538.0658664123017,19.986395111642928,Neotropic,"Temperate Grasslands, Savannas & Shrublands",Patagonian steppe,578
500,217,-51.37516712694704,-36.5625,-0.2972888306872631,252.1107730993887,1633.9944638400573,14.0553112740694,Antarctica,Tundra,Scotia Sea Islands tundra,129
500,236,-51.37516712694704,70.3125,3.379115320160956,210.68016953829783,822.1325214689524,10.310959991001297,Antarctica,Tundra,Southern Indian Ocean Islands tundra,133
500,237,-51.37516712694704,75.9375,-2.168036997318268,195.67786407470703,809.0,21.244422912597656,Antarctica,Tundra,Southern Indian Ocean Islands tundra,133
500,253,-51.37516712694704,165.9375,6.942532792604103,182.3393961182335,1553.5080344887003,10.93383905571587,Australasia,Tundra,Antipodes Subantarctic Islands tundra,196
500,256,-45.95137432591568,-177.1875,11.405348056293056,274.06839704811887,1034.0531610681694,21.689499445952272,Australasia,Temperate Broadleaf & Mixed Forests,Chatham Island temperate forests,167
500,274,-45.95137432591568,-75.9375,7.027286983493509,320.4770072887321,2525.1632312030674,13.455377069689249,Neotropic,Temperate Broadleaf & Mixed Forests,Valdivian temperate forests,563
500,275,-45.95137432591568,-70.3125,8.330556650072753,471.10626595493954,471.2038829758002,33.60788834196914,Neotropic,"Temperate Grasslands, Savannas & Shrublands",Patagonian steppe,578
500,276,-45.95137432591568,-64.6875,11.414309520302757,483.59834032230754,197.1812403867569,31.95581316475419,Neotropic,"Temperate Grasslands, Savannas & Shrublands",Patagonian steppe,578
500,294,-45.95137432591568,36.5625,4.15856671333313,162.3699493408203,2455.0,8.757297992706297,Antarctica,Tundra,Southern Indian Ocean Islands tundra,133
500,296,-45.95137432591568,47.8125,4.862749099731445,179.7401885986328,2398.0,17.73802947998047,Antarctica,Tundra,Southern Indian Ocean Islands tundra,133
500,297,-45.95137432591568,53.4375,4.466490030288696,188.59198760986328,2427.0,18.566216468811035,Antarctica,Tundra,Southern Indian Ocean Islands tundra,133
500,314,-45.95137432591568,149.0625,10.048737049102783,269.7097778320312,1430.5,21.51067352294922,Australasia,Temperate Broadleaf & Mixed Forests,Tasmanian temperate rain forests,179
500,317,-45.95137432591568,165.9375,8.37519269694169,350.41683830215106,2079.6425439179193,18.414192204752553,Australasia,Temperate Broadleaf & Mixed Forests,Fiordland temperate forests,169
500,318,-45.95137432591568,171.5625,8.461542102076903,420.0836136487961,1446.9412373272362,20.15092803543408,Australasia,"Temperate Grasslands, Savannas & Shrublands",Canterbury-Otago tussock grasslands,190
500,338,-41.01449966573052,-75.9375,9.875366891746301,270.745345143291,1946.6586711049347,46.28849025877572,Neotropic,Temperate Broadleaf & Mixed Forests,Valdivian temperate forests,563
500,339,-41.01449966573052,-70.3125,9.226963317402094,498.3343669228781,727.9469372066075,45.67713828415971,Neotropic,"Temperate Grasslands, Savannas & Shrublands",Patagonian steppe,578
500,340,-41.01449966573052,-64.6875,14.02753942666412,568.6736734635298,280.3350595293701,26.45795386951697,Neotropic,"Temperate Grasslands, Savannas & Shrublands",Low Monte,577
500,341,-41.01449966573052,-59.0625,14.363603812803674,502.44082354288287,735.9790856151358,30.041292266244916,Neotropic,"Temperate Grasslands, Savannas & Shrublands",Humid Pampas,576
500,377,-41.01449966573052,143.4375,10.608085062041859,289.1911496795863,1827.5921555798427,29.794020949188806,Australasia,Temperate Broadleaf & Mixed Forests,Tasmanian temperate rain forests,179
500,378,-41.01449966573052,149.0625,10.53347351693208,330.4088750060042,995.7848374201726,21.352079770950972,Australasia,Temperate Broadleaf & Mixed Forests,Tasmanian temperate forests,178
500,382,-41.01449966573052,171.5625,9.131164518529785,391.6607379714804,2123.5269483691627,18.46049334405,Australasia,Montane Grasslands & Shrublands,New Zealand South Island montane grasslands,194
500,383,-41.01449966573052,177.1875,11.496521346439662,359.73142890370775,1432.9200202699574,18.30018932064969,Australasia,Temperate Broadleaf & Mixed Forests,New Zealand North Island temperate forests,171
500,402,-36.42357364233116,-75.9375,11.681972314982223,279.7209011388273,1409.4052943641439,71.78759301845913,Neotropic,Temperate Broadleaf & Mixed Forests,Valdivian temperate forests,563
500,403,-36.42357364233116,-70.3125,10.846320915966304,509.83269858242164,657.2655698722116,59.424654762963414,Neotropic,"Temperate Grasslands, Savannas & Shrublands",Low Monte,577
500,404,-36.42357364233116,-64.6875,15.677076196331557,602.693705460761,586.5009494746396,48.139540814960526,Neotropic,"Temperate Grasslands, Savannas & Shrublands",Espinal,575
500,405,-36.42357364233116,-59.0625,15.209339635380847,507.0980823070911,940.3985503537692,30.052646362269428,Neotropic,"Temperate Grasslands, Savannas & Shrublands",Humid Pampas,576
500,406,-36.42357364233116,-53.4375,16.197649461083728,436.90330391722347,1162.4643567011035,8.31562188204218,Neotropic,"Tropical & Subtropical Grasslands, Savannas & Shrublands",Uruguayan savanna,574
500,413,-36.42357364233116,-14.0625,11.444109916687012,222.11257934570315,1977.0,8.837493896484375,Afrotropic,"Temperate Grasslands, Savannas & Shrublands",Tristan Da Cunha-Gough Islands shrub and grasslands,68
500,419,-36.42357364233116,19.6875,16.95245363013696,328.75431923797765,506.48704661243556,33.07658531018015,Afrotropic,"Mediterranean Forests, Woodlands & Scrub",Fynbos shrubland,89
500,436,-36.42357364233116,115.3125,15.22082443984292,337.1792431739253,825.3974162865674,60.01248786365459,Australasia,"Mediterranean Forests, Woodlands & Scrub",Southwest Australia woodlands,206
500,437,-36.42357364233116,120.9375,15.757496934747408,343.94860516690426,518.2467548394399,37.2628546860157,Australasia,"Mediterranean Forests, Woodlands & Scrub",Esperance mallee,198
500,440,-36.42357364233116,137.8125,15.786991528262945,408.6925108350732,477.71051498315006,42.55553223580185,Australasia,"Mediterranean Forests, Woodlands & Scrub",Murray-Darling woodlands and mallee,203
500,441,-36.42357364233116,143.4375,15.077761417587988,478.5649799968208,533.5417583904552,24.167394276967563,Australasia,"Mediterranean Forests, Woodlands & Scrub",Murray-Darling woodlands and mallee,203
500,442,-36.42357364233116,149.0625,13.168581963712754,489.9399840078307,839.1895026759455,19.34584787748203,Australasia,Temperate Broadleaf & Mixed Forests,Southeast Australia temperate forests,176
500,446,-36.42357364233116,171.5625,14.755601945428463,290.4899471031795,1507.785596162271,21.753335326824143,Australasia,Temperate Broadleaf & Mixed Forests,Northland temperate kauri forests,173
500,447,-36.42357364233116,177.1875,12.947584861494569,351.49938948396476,1618.092313667321,17.28030305460987,Australasia,Temperate Broadleaf & Mixed Forests,New Zealand North Island temperate forests,171
500,465,-32.0899512562803,-81.5625,12.563194274902344,238.4932098388672,1056.0,55.02177429199219,Neotropic,Temperate Broadleaf & Mixed Forests,Juan Fernández Islands temperate forests,560
500,467,-32.0899512562803,-70.3125,10.567325010944462,473.656070932573,270.02426231595547,77.28998137666184,Neotropic,Montane Grasslands & Shrublands,Southern Andean steppe,595
500,468,-32.0899512562803,-64.6875,17.51410997846992,527.292065851556,661.3990070948992,65.71266970620842,Neotropic,"Tropical & Subtropical Grasslands, Savannas & Shrublands",Dry Chaco,569
500,469,-32.0899512562803,-59.0625,18.151810049948143,484.4215238328263,1123.2437050780566,33.39104414355607,Neotropic,"Tropical & Subtropical Grasslands, Savannas & Shrublands",Uruguayan savanna,574
500,470,-32.0899512562803,-53.4375,18.09576917342058,432.85734152806566,1370.0414985018745,10.305199479235364,Neotropic,"Tropical & Subtropical Grasslands, Savannas & Shrublands",Uruguayan savanna,574
500,471,-32.0899512562803,-47.8125,19.259896570403665,345.44100068767267,1497.1582015445697,13.222850005849814,Neotropic,"Tropical & Subtropical Grasslands, Savannas & Shrublands",Uruguayan savanna,574
500,483,-32.0899512562803,19.6875,16.733350230462015,472.06082668388007,253.89947619797067,43.82255418834766,Afrotropic,Deserts & Xeric Shrublands,Succulent Karoo xeric shrublands,110
500,484,-32.0899512562803,25.3125,15.723863610463145,461.4106451820098,461.58252205078895,47.51241268651961,Afrotropic,Deserts & Xeric Shrublands,Nama Karoo shrublands,101
500,485,-32.0899512562803,30.9375,16.67826812185159,314.9524892794336,848.9983558083637,58.24352906141752,Afrotropic,"Tropical & Subtropical Grasslands, Savannas & Shrublands",Drakensberg grasslands,41
500,500,-32.0899512562803,115.3125,17.41567082715825,490.42719047744004,515.4028678963253,64.20825414718357,Australasia,"Mediterranean Forests, Woodlands & Scrub",Southwest Australia savanna,205
500,501,-32.0899512562803,120.9375,17.31281986259856,494.1628341358596,317.58778656499146,31.33408129750494,Australasia,"Mediterranean Forests, Woodlands & Scrub",Coolgardie woodlands,197
500,502,-32.0899512562803,126.5625,18.340952639077493,448.48333579120566,220.72702118012654,22.234847687956755,Australasia,Deserts & Xeric Shrublands,Nullarbor Plains xeric shrublands,212
500,503,-32.0899512562803,132.1875,18.301306313359976,458.2324258322516,222.61086394920488,26.32297343693323,Australasia,Deserts & Xeric Shrublands,Nullarbor Plains xeric shrublands,212
500,504,-32.0899512562803,137.8125,18.268028204702276,547.4031645090843,251.87294198647052,26.57730095723233,Australasia,Deserts & Xeric Shrublands,Tirari-Sturt stony desert,215
500,505,-32.0899512562803,143.4375,18.934749158734103,603.5476732538267,281.9106654675791,18.365987975940907,Australasia,"Mediterranean Forests, Woodlands & Scrub",Murray-Darling woodlands and mallee,203
500,506,-32.0899512562803,149.0625,16.761781241592576,556.1447163744264,658.3887187235151,24.79061516956572,Australasia,"Temperate Grasslands, Savannas & Shrublands",Southeast Australia temperate savanna,192
500,507,-32.0899512562803,154.6875,16.277317951664525,405.94475016170037,1269.0048877355537,42.59537250188825,Australasia,Temperate Broadleaf & Mixed Forests,Eastern Australian temperate forests,168
500,508,-32.0899512562803,160.3125,18.811979293823242,247.03607177734375,1606.0,18.215818405151367,Australasia,Tropical & Subtropical Moist Broadleaf Forests,Lord Howe Island subtropical forests,142
500,512,-27.953186883381132,-177.1875,21.057708740234375,216.16981506347653,1833.0,18.54021644592285,Oceania,Tropical & Subtropical Moist Broadleaf Forests,Kermadec Islands subtropical moist forests,624
500,529,-27.953186883381132,-81.5625,16.361665725708008,247.38739013671875,214.0,75.93387603759766,Neotropic,Temperate Broadleaf & Mixed Forests,San Félix-San Ambrosio Islands temperate forests,562
500,531,-27.953186883381132,-70.3125,8.394513888257073,306.18881097248004,87.44934247867013,74.24686801005934,Neotropic,"Mediterranean Forests, Woodlands & Scrub",Chilean Matorral,596
500,532,-27.953186883381132,-64.6875,18.592042719213534,485.54771862737766,552.8302170348019,83.89459738629213,Neotropic,"Tropical & Subtropical Grasslands, Savannas & Shrublands",Dry Chaco,569
500,533,-27.953186883381132,-59.0625,20.79981513407849,434.9167180675904,1198.6892811749897,41.453687366850886,Neotropic,"Tropical & Subtropical Grasslands, Savannas & Shrublands",Humid Chaco,571
500,534,-27.953186883381132,-53.4375,18.827164287604013,371.12082847155483,1712.9994439337142,13.901958263969087,Neotropic,Tropical & Subtropical Moist Broadleaf Forests,Alto Paraná Atlantic forests,439
500,535,-27.953186883381132,-47.8125,16.982808152872703,314.9604682777614,1592.0390062944691,20.08311921480869,Neotropic,Tropical & Subtropical Moist Broadleaf Forests,Araucaria moist forests,440
500,546,-27.953186883381132,14.0625,16.955973741219736,297.0130909346532,61.614987957242164,52.430058726922326,Afrotropic,Deserts & Xeric Shrublands,Namaqualand-Richtersveld steppe,102
500,547,-27.953186883381132,19.6875,19.72485970636062,534.2984031483219,173.8616890088386,76.7198494018426,Afrotropic,Deserts & Xeric Shrublands,Gariep Karoo,94
500,548,-27.953186883381132,25.3125,17.26614231084624,528.035651824077,501.1855123833988,72.84415912404239,Afrotropic,Montane Grasslands & Shrublands,Highveld grasslands,81
500,549,-27.953186883381132,30.9375,16.68372767803365,350.0876243410664,812.5268552521029,67.55314309220891,Afrotropic,Montane Grasslands & Shrublands,Highveld grasslands,81
500,564,-27.953186883381132,115.3125,21.182281229802218,591.0783346323225,283.1293450565777,58.27893700728647,Australasia,"Mediterranean Forests, Woodlands & Scrub",Southwest Australia savanna,205
500,565,-27.953186883381132,120.9375,20.745842028276247,635.2271701669018,242.2438085851442,43.89903804795082,Australasia,Deserts & Xeric Shrublands,Western Australian Mulga shrublands,216
500,566,-27.953186883381132,126.5625,20.668766503839134,588.7645158126641,211.15606745936043,39.78860412117643,Australasia,Deserts & Xeric Shrublands,Great Victoria desert,211
500,567,-27.953186883381132,132.1875,20.347805273906054,592.6661626965054,218.69595190333217,29.433647218678423,Australasia,Deserts & Xeric Shrublands,Great Victoria desert,211
500,568,-27.953186883381132,137.8125,21.935592196329885,647.6115048755879,148.93171244046889,33.77032523069821,Australasia,Deserts & Xeric Shrublands,Simpson desert,214
500,569,-27.953186883381132,143.4375,21.731443354877204,642.854499120207,289.02081382195587,41.46738894489854,Australasia,"Temperate Grasslands, Savannas & Shrublands",Eastern Australia mulga shrublands,191
500,570,-27.953186883381132,149.0625,19.667364272291834,568.7811576006995,559.103275152274,38.189470656138184,Australasia,"Tropical & Subtropical Grasslands, Savannas & Shrublands",Brigalow tropical savanna,182
500,571,-27.953186883381132,154.6875,18.200661427137565,410.02332282552,1104.461490241602,45.11990426858736,Australasia,Temperate Broadleaf & Mixed Forests,Eastern Australian temperate forests,168
500,595,-23.96948231775968,-70.3125,11.18352899893248,261.7606130196245,26.510998300082427,79.00102603545488,Neotropic,Deserts & Xeric Shrublands,Atacama desert,598
500,596,-23.96948231775968,-64.6875,16.169554923840714,386.0628730336947,521.8410921148004,98.38664282520797,Neotropic,"Tropical & Subtropical Grasslands, Savannas & Shrublands",Dry Chaco,569
500,597,-23.96948231775968,-59.0625,23.316362274616615,371.53812260700437,1008.5943663122556,49.04209871613065,Neotropic,"Tropical & Subtropical Grasslands, Savannas & Shrublands",Humid Chaco,571
500,598,-23.96948231775968,-53.4375,20.664772246977986,300.83446186745977,1535.404107658973,30.762696821663575,Neotropic,Tropical & Subtropical Moist Broadleaf Forests,Alto Paraná Atlantic forests,439
500,599,-23.96948231775968,-47.8125,19.237944677574436,266.48700196580376,1443.5466377534865,50.97275745601155,Neotropic,Tropical & Subtropical Moist Broadleaf Forests,Alto Paraná Atlantic forests,439
500,600,-23.96948231775968,-42.1875,20.217011979895627,230.85117318681063,1434.470101771534,63.87371908681409,Neotropic,Tropical & Subtropical Moist Broadleaf Forests,Serra do Mar coastal forests,500
500,610,-23.96948231775968,14.0625,18.704766198141318,289.15443380010464,115.29381549740383,103.56659252889827,Afrotropic,Deserts & Xeric Shrublands,Namib Desert,103
500,611,-23.96948231775968,19.6875,20.18818850430541,483.24683008480986,279.62362170955083,98.64811656563691,Afrotropic,Deserts & Xeric Shrublands,Kalahari xeric savanna,97
500,612,-23.96948231775968,25.3125,21.025828402677828,448.5039056921825,417.68974507795116,85.93309899089408,Afrotropic,Deserts & Xeric Shrublands,Kalahari xeric savanna,97
500,613,-23.96948231775968,30.9375,21.209262764468583,339.1642210359072,610.7581095072701,82.54943316050256,Afrotropic,"Tropical & Subtropical Grasslands, Savannas & Shrublands",Zambezian mopane woodlands,65
500,614,-23.96948231775968,36.5625,23.703190696858602,257.8027401758794,772.6354939249084,75.01922890211964,Afrotropic,Tropical & Subtropical Moist Broadleaf Forests,Southern Swahili coastal forests and woodlands,28
500,615,-23.96948231775968,42.1875,24.122404591257887,296.28952310612243,635.9684894018911,105.23618792482817,Afrotropic,Deserts & Xeric Shrublands,Madagascar spiny thickets,99
500,616,-23.96948231775968,47.8125,22.17817733789029,276.71320170329955,1096.572572140273,87.9021774657253,Afrotropic,Tropical & Subtropical Moist Broadleaf Forests,Madagascar subhumid forests,18
500,628,-23.96948231775968,115.3125,24.4976145242575,567.8630104370126,266.75808108653365,73.15456387615627,Australasia,Deserts & Xeric Shrublands,Western Australian Mulga shrublands,216
500,629,-23.96948231775968,120.9375,23.86496968675784,635.3318414212414,269.9587669528255,73.9290748372294,Australasia,Deserts & Xeric Shrublands,Great Sandy-Tanami desert,210
500,630,-23.96948231775968,126.5625,24.261954099260677,618.765150772128,293.9188602341369,64.09929408263802,Australasia,Deserts & Xeric Shrublands,Gibson desert,209
500,631,-23.96948231775968,132.1875,22.347313702736738,620.8044729004264,318.22330009484125,56.94625134660328,Australasia,Deserts & Xeric Shrublands,Central Ranges xeric scrub,208
500,632,-23.96948231775968,137.8125,23.464615651384463,630.4526148555103,213.88032908609225,62.86586291653311,Australasia,Deserts & Xeric Shrublands,Simpson desert,214
500,633,-23.96948231775968,143.4375,23.475146168263272,571.9571104917643,382.6548874382546,67.00835371438481,Australasia,"Tropical & Subtropical Grasslands, Savannas & Shrublands",Mitchell Grass Downs,187
500,634,-23.96948231775968,149.0625,21.232582082902418,472.0753804907576,668.4481759019635,54.267410858581236,Australasia,"Tropical & Subtropical Grasslands, Savannas & Shrublands",Brigalow tropical savanna,182
500,635,-23.96948231775968,154.6875,20.93244094059095,378.4558802601192,1079.3549644316304,47.91958249541769,Australasia,Temperate Broadleaf & Mixed Forests,Eastern Australian temperate forests,168
500,637,-23.96948231775968,165.9375,21.394334034372793,247.06764234179892,1858.8542079287265,36.015325378969386,Australasia,Tropical & Subtropical Moist Broadleaf Forests,New Caledonia rain forests,146
500,640,-20.105509787916006,-177.1875,23.353294347969296,173.54544899917556,1969.7374296223593,32.12171876231698,Oceania,Tropical & Subtropical Moist Broadleaf Forests,Tongan tropical moist forests,631
500,641,-20.105509787916006,-171.5625,24.790517807006836,135.16693115234375,2210.0,32.449710845947266,Oceania,Tropical & Subtropical Moist Broadleaf Forests,Tongan tropical moist forests,631
500,643,-20.105509787916006,-160.3125,23.54116980929547,176.83887068392784,1970.0414267186718,32.43779825155154,Oceania,Tropical & Subtropical Moist Broadleaf Forests,Cook Islands tropical moist forests,620
500,659,-20.105509787916006,-70.3125,9.468719000346628,280.5919836548349,100.70170542733972,116.59099852092578,Neotropic,Montane Grasslands & Shrublands,Central Andean dry puna,587
500,660,-20.105509787916006,-64.6875,16.77337694103786,289.7648474313412,493.9234869777542,94.54503162629693,Neotropic,"Tropical & Subtropical Grasslands, Savannas & Shrublands",Dry Chaco,569
500,661,-20.105509787916006,-59.0625,25.378433186881548,273.2657472730106,889.0274469280051,55.96714817960563,Neotropic,"Tropical & Subtropical Grasslands, Savannas & Shrublands",Dry Chaco,569
500,662,-20.105509787916006,-53.4375,23.34936206659831,213.16870847889393,1396.800079353429,59.34163226188343,Neotropic,"Tropical & Subtropical Grasslands, Savannas & Shrublands",Cerrado,567
500,663,-20.105509787916006,-47.8125,21.49846168755082,201.5879975531102,1426.1452523494925,78.82502089089121,Neotropic,"Tropical & Subtropical Grasslands, Savannas & Shrublands",Cerrado,567
500,664,-20.105509787916006,-42.1875,21.0874737620787,209.7897838672238,1304.1873577672545,74.04889923997514,Neotropic,Tropical & Subtropical Moist Broadleaf Forests,Bahia interior forests,443
500,674,-20.105509787916006,14.0625,21.206764347829893,285.4953164916676,245.45099154474826,118.39885712108126,Afrotropic,"Tropical & Subtropical Grasslands, Savannas & Shrublands",Angolan mopane woodlands,34
500,675,-20.105509787916006,19.6875,21.731851934419197,391.650533169386,433.14906595923065,107.39500410541062,Afrotropic,"Tropical & Subtropical Grasslands, Savannas & Shrublands",Kalahari Acacia woodlands,47
500,676,-20.105509787916006,25.3125,22.717789192022874,369.90285319505836,445.99126978638816,105.15055346154458,Afrotropic,"Tropical & Subtropical Grasslands, Savannas & Shrublands",Zambezian mopane woodlands,65
500,677,-20.105509787916006,30.9375,20.605665153444917,323.8428381368849,665.9089558800327,99.27134400740879,Afrotropic,"Tropical & Subtropical Grasslands, Savannas & Shrublands",Dry miombo woodlands,42
500,678,-20.105509787916006,36.5625,24.11059912854202,265.6946778712066,969.1001770523098,90.15711711410374,Afrotropic,"Tropical & Subtropical Grasslands, Savannas & Shrublands",Dry miombo woodlands,42
500,679,-20.105509787916006,42.1875,25.262399362601656,231.37208450554755,933.0303823190272,122.06888461734675,Afrotropic,Deserts & Xeric Shrublands,Madagascar succulent woodlands,100
500,680,-20.105509787916006,47.8125,21.179264085216268,238.03963515944156,1594.369651773786,94.38863989998417,Afrotropic,Tropical & Subtropical Moist Broadleaf Forests,Madagascar subhumid forests,18
500,681,-20.105509787916006,53.4375,18.97957208870713,231.04191906913678,1592.0207147964938,51.86777483162027,Afrotropic,Tropical & Subtropical Moist Broadleaf Forests,Mascarene forests,20
500,682,-20.105509787916006,59.0625,22.742755650063046,211.24040144166213,1690.6695534203934,52.52905843917039,Afrotropic,Tropical & Subtropical Moist Broadleaf Forests,Mascarene forests,20
500,692,-20.105509787916006,115.3125,26.52980399709372,480.89674294223073,343.43510690152766,93.01372007796334,Australasia,Deserts & Xeric Shrublands,Pilbara shrublands,213
500,693,-20.105509787916006,120.9375,26.987051069187167,477.8389187487663,391.74183754487956,106.17879848004381,Australasia,Deserts & Xeric Shrublands,Great Sandy-Tanami desert,210
500,694,-20.105509787916006,126.5625,26.79377892642211,495.0429094507533,422.1592849200241,104.80406925601535,Australasia,Deserts & Xeric Shrublands,Great Sandy-Tanami desert,210
500,695,-20.105509787916006,132.1875,25.346862006739233,531.0048760547792,401.9090733102816,102.24949353991023,Australasia,Deserts & Xeric Shrublands,Great Sandy-Tanami desert,210
500,696,-20.105509787916006,137.8125,25.254822566101588,499.9683195614827,442.9700608210133,100.80961056291736,Australasia,"Tropical & Subtropical Grasslands, Savannas & Shrublands",Mitchell Grass Downs,187
500,697,-20.105509787916006,143.4375,24.32773846074134,431.07038821949203,618.6564618080179,101.18570636167814,Australasia,"Tropical & Subtropical Grasslands, Savannas & Shrublands",Mitchell Grass Downs,187
500,698,-20.105509787916006,149.0625,22.93291479835322,386.58808470644664,875.028990831444,79.96879329165117,Australasia,"Tropical & Subtropical Grasslands, Savannas & Shrublands",Brigalow tropical savanna,182
500,701,-20.105509787916006,165.9375,22.17416537688687,232.07046026216494,1786.5491801166472,45.886560722437224,Australasia,Tropical & Subtropical Moist Broadleaf Forests,New Caledonia rain forests,146
500,702,-20.105509787916006,171.5625,23.461672773785857,176.0473811671088,2227.7495260515525,36.04612277259023,Australasia,Tropical & Subtropical Moist Broadleaf Forests,Vanuatu rain forests,159
500,703,-20.105509787916006,177.1875,24.247496791214243,160.81472474030295,2614.1762389357964,32.99156512093519,Oceania,Tropical & Subtropical Moist Broadleaf Forests,Fiji tropical moist forests,622
500,704,-16.334822780685997,-177.1875,25.487812026113886,111.39109957200755,2608.9729599902826,35.01796458920413,Oceania,Tropical & Subtropical Moist Broadleaf Forests,Fiji tropical moist forests,622
500,709,-16.334822780685997,-149.0625,23.367360624179806,122.69380125864599,1885.5690534048697,32.2918393737277,Oceania,Tropical & Subtropical Moist Broadleaf Forests,Society Islands tropical moist forests,630
500,710,-16.334822780685997,-143.4375,26.10290846598932,112.30668012888414,1574.49601879242,36.93512508033428,Oceania,Tropical & Subtropical Moist Broadleaf Forests,Tuamotu tropical moist forests,632
500,722,-16.334822780685997,-75.9375,13.397385293626794,165.08698262629605,262.5268959559129,100.70721733778439,Neotropic,Deserts & Xeric Shrublands,Sechura desert,608
500,723,-16.334822780685997,-70.3125,9.735328539831814,166.54093625343617,605.0202086328289,95.84084860076901,Neotropic,Montane Grasslands & Shrublands,Central Andean puna,588
500,724,-16.334822780685997,-64.6875,22.585903233227587,182.60417118329045,1625.129858838212,62.887962366003315,Neotropic,Tropical & Subtropical Dry Broadleaf Forests,Chiquitano dry forests,529
500,725,-16.334822780685997,-59.0625,25.5313219145009,176.84756477730804,1364.490251368428,65.13282502087107,Neotropic,Tropical & Subtropical Dry Broadleaf Forests,Chiquitano dry forests,529
500,726,-16.334822780685997,-53.4375,23.54677009770095,160.73004630239984,1588.5356837519448,75.83314207170305,Neotropic,"Tropical & Subtropical Grasslands, Savannas & Shrublands",Cerrado,567
500,727,-16.334822780685997,-47.8125,22.732812194901445,140.38161125246154,1458.1271647485598,84.78027756877518,Neotropic,"Tropical & Subtropical Grasslands, Savannas & Shrublands",Cerrado,567
500,728,-16.334822780685997,-42.1875,22.302094315695154,166.45278059100644,973.495525883546,76.39155842426734,Neotropic,Tropical & Subtropical Moist Broadleaf Forests,Bahia interior forests,443
500,729,-16.334822780685997,-36.5625,24.075106025330516,152.40635774386362,1573.3635612232426,16.57590285917721,Neotropic,Tropical & Subtropical Moist Broadleaf Forests,Bahia coastal forests,442
500,738,-16.334822780685997,14.0625,22.07390739654316,259.1060876269903,516.5783763024882,111.44163812595475,Afrotropic,"Tropical & Subtropical Grasslands, Savannas & Shrublands",Angolan mopane woodlands,34
500,739,-16.334822780685997,19.6875,21.531020784202735,319.85233749400254,735.8378202125072,110.15144627159799,Afrotropic,"Tropical & Subtropical Grasslands, Savannas & Shrublands",Zambezian Baikiaea woodlands,64
500,740,-16.334822780685997,25.3125,21.80989386914513,310.6378836917354,765.4330541737133,116.24153993540965,Afrotropic,"Tropical & Subtropical Grasslands, Savannas & Shrublands",Dry miombo woodlands,42
500,741,-16.334822780685997,30.9375,22.040194180021807,292.92974839490256,806.5486395822638,118.3903716092728,Afrotropic,"Tropical & Subtropical Grasslands, Savannas & Shrublands",Dry miombo woodlands,42
500,742,-16.334822780685997,36.5625,23.81431475085111,249.52983637064406,1128.652453013627,93.387226771106,Afrotropic,"Tropical & Subtropical Grasslands, Savannas & Shrublands",Dry miombo woodlands,42
500,743,-16.334822780685997,42.1875,25.465655417964463,171.1601255421265,1119.8660972792127,107.50440473633272,Afrotropic,Tropical & Subtropical Moist Broadleaf Forests,Southern Swahili coastal forests and woodlands,28
500,744,-16.334822780685997,47.8125,23.62535256048477,191.39167680631022,1645.3638040186108,103.77889285408857,Afrotropic,Tropical & Subtropical Dry Broadleaf Forests,Madagascar dry deciduous forests,32
500,757,-16.334822780685997,120.9375,27.37741664599577,305.5627361885936,737.3678411769573,129.83558696866828,Australasia,"Tropical & Subtropical Grasslands, Savannas & Shrublands",Kimberly tropical savanna,186
500,758,-16.334822780685997,126.5625,27.038085315860265,335.55852814198033,845.1351604561966,117.78788573949818,Australasia,"Tropical & Subtropical Grasslands, Savannas & Shrublands",Kimberly tropical savanna,186
500,759,-16.334822780685997,132.1875,26.827898791682564,378.4204437691986,744.5051423139112,114.90691847351886,Australasia,"Tropical & Subtropical Grasslands, Savannas & Shrublands",Victoria Plains tropical savanna,189
500,760,-16.334822780685997,137.8125,26.582965480137325,370.4438512431094,794.317536121993,115.3487987909028,Australasia,"Tropical & Subtropical Grasslands, Savannas & Shrublands",Carpentaria tropical savanna,184
500,761,-16.334822780685997,143.4375,25.63690812763637,266.2993389547403,1143.1557238085702,115.33007366367025,Australasia,"Tropical & Subtropical Grasslands, Savannas & Shrublands",Carpentaria tropical savanna,184
500,765,-16.334822780685997,165.9375,24.041386569387214,119.01605957298676,3045.047709099819,29.398117904642678,Australasia,Tropical & Subtropical Moist Broadleaf Forests,Vanuatu rain forests,159
500,767,-16.334822780685997,177.1875,24.359041710200334,139.21611558842798,2680.541277619198,38.51768232818128,Oceania,Tropical & Subtropical Moist Broadleaf Forests,Fiji tropical moist forests,622
500,769,-12.63562509302112,-171.5625,24.12319543314867,59.85057283784871,3547.865716184662,39.145407708869875,Oceania,Tropical & Subtropical Moist Broadleaf Forests,Samoan tropical moist forests,629
500,786,-12.63562509302112,-75.9375,12.913140116782994,109.67572294967441,847.6575195991263,78.1438625622627,Neotropic,Tropical & Subtropical Moist Broadleaf Forests,Peruvian Yungas,493
500,787,-12.63562509302112,-70.3125,20.481618865356072,104.42493894654471,1944.3015754595249,60.129631490099186,Neotropic,Tropical & Subtropical Moist Broadleaf Forests,Southwest Amazon moist forests,505
500,788,-12.63562509302112,-64.6875,25.93453892942838,90.0915937524277,1607.1773240122131,65.99829582659095,Neotropic,Tropical & Subtropical Moist Broadleaf Forests,Madeira-Tapajós moist forests,476
500,789,-12.63562509302112,-59.0625,24.463155688383267,85.66716736068413,1899.213002788675,76.29238609660464,Neotropic,"Tropical & Subtropical Grasslands, Savannas & Shrublands",Cerrado,567
500,790,-12.63562509302112,-53.4375,24.998392523111615,91.89285375070483,1744.3110757803186,82.05380779264492,Neotropic,Tropical & Subtropical Moist Broadleaf Forests,Mato Grosso tropical dry forests,481
500,791,-12.63562509302112,-47.8125,24.6887951878277,95.69938090910988,1459.9661447795172,86.09390653983957,Neotropic,"Tropical & Subtropical Grasslands, Savannas & Shrublands",Cerrado,567
500,792,-12.63562509302112,-42.1875,23.059504090430963,129.68768497431273,813.7705499511393,73.73512910835417,Neotropic,Tropical & Subtropical Dry Broadleaf Forests,Caatinga,525
500,793,-12.63562509302112,-36.5625,23.88038067058733,151.10255132040112,1236.0795653021803,37.17336818748728,Neotropic,Tropical & Subtropical Dry Broadleaf Forests,Caatinga,525
500,802,-12.63562509302112,14.0625,20.619641241834685,165.20954466415824,1065.6587030600363,95.2238111977497,Afrotropic,"Tropical & Subtropical Grasslands, Savannas & Shrublands",Angolan wet miombo woodlands,36
500,803,-12.63562509302112,19.6875,20.086088767362163,204.76886404451585,1151.2909805111478,94.27383523411022,Afrotropic,"Tropical & Subtropical Grasslands, Savannas & Shrublands",Angolan wet miombo woodlands,36
500,804,-12.63562509302112,25.3125,19.982856176899947,229.62551430649702,1149.3817883817173,103.40959972360329,Afrotropic,"Tropical & Subtropical Grasslands, Savannas & Shrublands",Central Zambezian wet miombo woodlands,39
500,805,-12.63562509302112,30.9375,21.056380007582042,240.2635644731268,1047.1195377694278,117.2558359503912,Afrotropic,"Tropical & Subtropical Grasslands, Savannas & Shrublands",Central Zambezian wet miombo woodlands,39
500,806,-12.63562509302112,36.5625,23.448642472360437,200.71388366805877,1115.8766249814578,112.42547223435507,Afrotropic,"Tropical & Subtropical Grasslands, Savannas & Shrublands",Dry miombo woodlands,42
500,807,-12.63562509302112,42.1875,24.92118533153508,135.59196048762402,1028.369327109629,104.77385951929679,Afrotropic,Tropical & Subtropical Moist Broadleaf Forests,Southern Swahili coastal forests and woodlands,28
500,808,-12.63562509302112,47.8125,23.664796212043022,157.79636894702958,1647.5709645757217,89.07401949572355,Afrotropic,Tropical & Subtropical Dry Broadleaf Forests,Madagascar dry deciduous forests,32
500,822,-12.63562509302112,126.5625,27.367410824734453,251.29879994223464,1122.7386692738578,119.88375340311858,Australasia,"Tropical & Subtropical Grasslands, Savannas & Shrublands",Kimberly tropical savanna,186
500,823,-12.63562509302112,132.1875,27.124030876974455,226.50143996984838,1302.461179535431,111.2920292260618,Australasia,"Tropical & Subtropical Grasslands, Savannas & Shrublands",Arnhem Land tropical savanna,181
500,824,-12.63562509302112,137.8125,26.93962366053751,240.30110307839914,1123.8863096560362,107.6654796052582,Australasia,"Tropical & Subtropical Grasslands, Savannas & Shrublands",Arnhem Land tropical savanna,181
500,825,-12.63562509302112,143.4375,25.99893636384004,174.93692140815418,1551.714710503644,115.90477788845236,Australasia,"Tropical & Subtropical Grasslands, Savannas & Shrublands",Cape York Peninsula tropical savanna,183
500,827,-12.63562509302112,154.6875,26.037676927840142,88.90650806425354,2616.3953718039147,26.674166956393112,Australasia,Tropical & Subtropical Moist Broadleaf Forests,Louisiade Archipelago rain forests,143
500,828,-12.63562509302112,160.3125,25.801336834590924,78.48986415484903,3084.0261276773194,17.64207964733881,Australasia,Tropical & Subtropical Moist Broadleaf Forests,Solomon Islands rain forests,152
500,829,-12.63562509302112,165.9375,25.039536738191092,79.88079709163462,3682.598046245356,23.07425687339502,Australasia,Tropical & Subtropical Moist Broadleaf Forests,Vanuatu rain forests,159
500,839,-8.989299345162808,-137.8125,25.12587594836219,56.984080173758805,1706.6947814604353,16.114174938438588,Oceania,Tropical & Subtropical Moist Broadleaf Forests,Marquesas tropical moist forests,625
500,849,-8.989299345162808,-81.5625,20.08437138890898,173.46684409152144,116.5185280212615,108.2805496277306,Neotropic,Deserts & Xeric Shrublands,Sechura desert,608
500,850,-8.989299345162808,-75.9375,19.832739041501636,54.74727105002127,1503.044454465243,53.21073487600723,Neotropic,Tropical & Subtropical Moist Broadleaf Forests,Ucayali moist forests,512
500,851,-8.989299345162808,-70.3125,24.94734049119612,67.30858450321992,1995.3330287939132,52.946491944773584,Neotropic,Tropical & Subtropical Moist Broadleaf Forests,Southwest Amazon moist forests,505
500,852,-8.989299345162808,-64.6875,25.77051253994036,51.44607868063486,2094.9836675794622,61.9883848397208,Neotropic,Tropical & Subtropical Moist Broadleaf Forests,Madeira-Tapajós moist forests,476
500,853,-8.989299345162808,-59.0625,25.652761077792714,41.396651551497705,2117.2930648060606,69.24879268778379,Neotropic,Tropical & Subtropical Moist Broadleaf Forests,Madeira-Tapajós moist forests,476
500,854,-8.989299345162808,-53.4375,25.70910722034345,45.10542787571325,2071.362107446301,71.06113709795859,Neotropic,Tropical & Subtropical Moist Broadleaf Forests,Mato Grosso tropical dry forests,481
500,855,-8.989299345162808,-47.8125,25.208406334311952,70.90650445479058,1537.2044759969308,77.4618114492034,Neotropic,"Tropical & Subtropical Grasslands, Savannas & Shrublands",Cerrado,567
500,856,-8.989299345162808,-42.1875,25.085577405746175,115.53456061577396,734.7285799838912,87.62341806822127,Neotropic,Tropical & Subtropical Dry Broadleaf Forests,Caatinga,525
500,857,-8.989299345162808,-36.5625,23.503206614536968,159.7337645013161,811.872883736967,70.2574895393965,Neotropic,Tropical & Subtropical Dry Broadleaf Forests,Caatinga,525
500,866,-8.989299345162808,14.0625,23.00714992240755,141.9339230837113,1016.1878860154613,90.2234301677657,Afrotropic,"Tropical & Subtropical Grasslands, Savannas & Shrublands",Angolan scarp savanna and woodlands,35
500,867,-8.989299345162808,19.6875,22.387558716276196,80.79637951084297,1413.0172541121788,75.58701604876268,Afrotropic,"Tropical & Subtropical Grasslands, Savannas & Shrublands",Angolan wet miombo woodlands,36
500,868,-8.989299345162808,25.3125,22.40235165628157,106.26004884742572,1259.5492402349796,85.65814284424624,Afrotropic,"Tropical & Subtropical Grasslands, Savannas & Shrublands",Central Zambezian wet miombo woodlands,39
500,869,-8.989299345162808,30.9375,21.55070598031564,148.63741628819776,1110.945261112813,100.83390833414862,Afrotropic,"Tropical & Subtropical Grasslands, Savannas & Shrublands",Central Zambezian wet miombo woodlands,39
500,870,-8.989299345162808,36.5625,22.616444897046712,163.27134963917894,1108.717250784829,98.88026305970708,Afrotropic,"Tropical & Subtropical Grasslands, Savannas & Shrublands",Dry miombo woodlands,42
500,871,-8.989299345162808,42.1875,25.305495999723387,127.98337945890347,1065.8392148670944,87.25648688719018,Afrotropic,Tropical & Subtropical Moist Broadleaf Forests,Southern Swahili coastal forests and woodlands,28
500,872,-8.989299345162808,47.8125,26.524463032556795,115.65383874921392,965.0159949759594,79.95513444244285,Afrotropic,Deserts & Xeric Shrublands,Aldabra Island xeric scrub,91
500,882,-8.989299345162808,104.0625,24.71010167323051,34.43960029557202,3284.420873357796,37.4382418192445,Indomalayan,Tropical & Subtropical Moist Broadleaf Forests,Western Java rain forests,289
500,883,-8.989299345162808,109.6875,24.470516989978204,48.55064524991662,2559.6228962288023,57.122463290285864,Indomalayan,Tropical & Subtropical Moist Broadleaf Forests,Eastern Java-Bali rain forests,230
500,884,-8.989299345162808,115.3125,24.135111121640133,59.313143967253936,1893.5398479184853,71.94038738278306,Indomalayan,Tropical & Subtropical Moist Broadleaf Forests,Eastern Java-Bali rain forests,230
500,885,-8.989299345162808,120.9375,25.113722215087684,76.68349572892441,1621.3800886743545,80.72283994443627,Australasia,Tropical & Subtropical Dry Broadleaf Forests,Lesser Sundas deciduous forests,163
500,886,-8.989299345162808,126.5625,24.58717262181516,104.93653439905826,1468.271527253285,77.97508911361794,Australasia,Tropical & Subtropical Dry Broadleaf Forests,Timor and Wetar deciduous forests,166
500,887,-8.989299345162808,132.1875,26.81145923982643,84.28334534503237,1919.298033938933,67.16151329892018,Australasia,Tropical & Subtropical Moist Broadleaf Forests,Banda Sea Islands moist deciduous forests,136
500,888,-8.989299345162808,137.8125,26.987830930866046,88.98834851443716,2027.8004886463743,54.08834000077616,Australasia,Tropical & Subtropical Moist Broadleaf Forests,Southern New Guinea freshwater swamp forests,154
500,889,-8.989299345162808,143.4375,26.216354394928153,90.36420993353997,2681.513879037112,42.17812365780957,Australasia,Tropical & Subtropical Moist Broadleaf Forests,Southern New Guinea freshwater swamp forests,154
500,890,-8.989299345162808,149.0625,22.946919374198817,80.75138961001285,2543.5430811115816,28.206478761512006,Australasia,Tropical & Subtropical Moist Broadleaf Forests,Southeast Papuan rain forests,153
500,891,-8.989299345162808,154.6875,26.048773243244927,48.544631498463815,3556.2918413451744,16.67298665852654,Australasia,Tropical & Subtropical Moist Broadleaf Forests,Solomon Islands rain forests,152
500,892,-8.989299345162808,160.3125,25.540220477618952,44.688227755213184,3187.9141156893015,20.185367134592262,Australasia,Tropical & Subtropical Moist Broadleaf Forests,Solomon Islands rain forests,152
500,893,-8.989299345162808,165.9375,26.57667636871338,40.751663208007805,4290.5,12.519094467163086,Australasia,Tropical & Subtropical Moist Broadleaf Forests,Vanuatu rain forests,159
500,913,-5.379378991112074,-81.5625,20.59316705147696,129.884063479302,503.3205829694904,113.50011032728476,Neotropic,Tropical & Subtropical Dry Broadleaf Forests,Tumbes-Piura dry forests,549
500,914,-5.379378991112074,-75.9375,24.57715937219836,37.85377735649576,2025.0307199073698,24.15035747112459,Neotropic,Tropical & Subtropical Moist Broadleaf Forests,Napo moist forests,483
500,915,-5.379378991112074,-70.3125,25.907510706482302,42.70722972068214,2611.2556603722674,33.98993810969752,Neotropic,Tropical & Subtropical Moist Broadleaf Forests,Southwest Amazon moist forests,505
500,916,-5.379378991112074,-64.6875,26.37385036388003,31.50288719962337,2490.877740527968,43.47092014082892,Neotropic,Tropical & Subtropical Moist Broadleaf Forests,Juruá-Purus moist forests,474
500,917,-5.379378991112074,-59.0625,26.756468825290604,41.46334600595238,2302.9255269060354,50.636240373692814,Neotropic,Tropical & Subtropical Moist Broadleaf Forests,Madeira-Tapajós moist forests,476
500,918,-5.379378991112074,-53.4375,25.316798106629538,42.411266023171216,1989.491410736826,64.9789081218481,Neotropic,Tropical & Subtropical Moist Broadleaf Forests,Tapajós-Xingu moist forests,507
500,919,-5.379378991112074,-47.8125,25.711421365075996,55.34532274019814,1626.021740806616,75.64456401861938,Neotropic,"Tropical & Subtropical Grasslands, Savannas & Shrublands",Cerrado,567
500,920,-5.379378991112074,-42.1875,25.980482190261487,96.789148226068,1160.9199140915853,97.11645757742066,Neotropic,Tropical & Subtropical Dry Broadleaf Forests,Caatinga,525
500,921,-5.379378991112074,-36.5625,25.948747069123783,95.6049343396667,837.33390240914,100.24199660806256,Neotropic,Tropical & Subtropical Dry Broadleaf Forests,Caatinga,525
500,929,-5.379378991112074,8.4375,25.11662646032332,168.78867961591112,1448.6695662840448,78.28256760234011,Afrotropic,Tropical & Subtropical Moist Broadleaf Forests,Congolian coastal forests,5
500,930,-5.379378991112074,14.0625,24.19383201611134,144.4872828436046,1312.742613895539,75.87645144071207,Afrotropic,"Tropical & Subtropical Grasslands, Savannas & Shrublands",Western Congolian forest-savanna,63
500,931,-5.379378991112074,19.6875,24.146108713869346,50.255812911143614,1578.7424194288008,56.26101356614892,Afrotropic,"Tropical & Subtropical Grasslands, Savannas & Shrublands",Southern Congolian forest-savanna,58
500,932,-5.379378991112074,25.3125,24.13288780629141,43.078383656379195,1404.0012309802155,60.07102350635781,Afrotropic,"Tropical & Subtropical Grasslands, Savannas & Shrublands",Southern Congolian forest-savanna,58
500,933,-5.379378991112074,30.9375,22.365665505592776,92.44319584462782,1039.5400939305262,86.22668926663464,Afrotropic,"Tropical & Subtropical Grasslands, Savannas & Shrublands",Central Zambezian wet miombo woodlands,39
500,934,-5.379378991112074,36.5625,22.364095142153925,155.01448702133743,746.7699660992135,87.44696270598722,Afrotropic,"Tropical & Subtropical Grasslands, Savannas & Shrublands",Southern Acacia-Commiphora bushlands and thickets,57
500,935,-5.379378991112074,42.1875,25.428824826204227,140.82079857453525,1184.81623476271,70.92663357419757,Afrotropic,Tropical & Subtropical Moist Broadleaf Forests,Northern Swahili coastal forests,25
500,946,-5.379378991112074,104.0625,25.076273875229415,34.719395171506605,2754.354328551625,38.17347606076635,Indomalayan,Tropical & Subtropical Moist Broadleaf Forests,Sumatran lowland rain forests,278
500,947,-5.379378991112074,109.6875,25.089981366199908,45.74197386222036,2272.685783943931,61.883065201210506,Indomalayan,Tropical & Subtropical Moist Broadleaf Forests,Western Java rain forests,289
500,948,-5.379378991112074,115.3125,26.89248449836267,47.05875027324657,2089.048448310349,55.797306191388486,Indomalayan,Tropical & Subtropical Moist Broadleaf Forests,Eastern Java-Bali rain forests,230
500,949,-5.379378991112074,120.9375,25.83624701010077,52.29949972731835,2133.6002325295312,43.67828206727932,Australasia,Tropical & Subtropical Moist Broadleaf Forests,Sulawesi lowland rain forests,156
500,950,-5.379378991112074,126.5625,25.208323368717934,77.31249081232137,2166.3943770411984,49.06292728542177,Australasia,Tropical & Subtropical Moist Broadleaf Forests,Buru rain forests,138
500,951,-5.379378991112074,132.1875,26.151350075093937,71.75324909878707,2733.724480874184,27.91203380016897,Australasia,Tropical & Subtropical Moist Broadleaf Forests,Vogelkop-Aru lowland rain forests,161
500,952,-5.379378991112074,137.8125,23.03912821336143,63.49901331415335,3452.7952992267733,15.75293198467355,Australasia,Tropical & Subtropical Moist Broadleaf Forests,Central Range Papuan montane rain forests,139
500,953,-5.379378991112074,143.4375,22.897661753017008,47.620122684345894,3299.0372848285965,24.635355004853295,Australasia,Tropical & Subtropical Moist Broadleaf Forests,Central Range Papuan montane rain forests,139
500,954,-5.379378991112074,149.0625,23.190908546906943,52.258809368603046,3140.2154594950857,30.94673154179165,Australasia,Tropical & Subtropical Moist Broadleaf Forests,New Britain-New Ireland lowland rain forests,144
500,955,-5.379378991112074,154.6875,24.906872383938016,38.66663103692623,3033.0128489714934,19.124760809433194,Australasia,Tropical & Subtropical Moist Broadleaf Forests,Solomon Islands rain forests,152
500,975,-1.7907846593289494,-92.8125,23.03262947200416,148.78915042103682,301.26045302049425,81.45191382654221,Neotropic,Deserts & Xeric Shrublands,Galápagos Islands xeric scrub,601
500,976,-1.7907846593289494,-87.1875,23.22659356295515,172.34023788103775,556.9999858962377,77.89950643146868,Neotropic,Deserts & Xeric Shrublands,Galápagos Islands xeric scrub,601
500,977,-1.7907846593289494,-81.5625,21.474215202374314,77.09895469246642,1257.2594526269208,95.9271716715719,Neotropic,Tropical & Subtropical Dry Broadleaf Forests,Ecuadorian dry forests,531
500,978,-1.7907846593289494,-75.9375,23.39949179512194,51.15440574290868,2836.782762081072,20.01140112253946,Neotropic,Tropical & Subtropical Moist Broadleaf Forests,Napo moist forests,483
500,979,-1.7907846593289494,-70.3125,26.03223552329252,45.6893278027544,3057.131003167079,17.699809544579857,Neotropic,Tropical & Subtropical Moist Broadleaf Forests,Solimões-Japurá moist forests,503
500,980,-1.7907846593289494,-64.6875,26.39742983388766,30.987456929559965,2718.469705544381,25.272241720430166,Neotropic,Tropical & Subtropical Moist Broadleaf Forests,Japurá-Solimões-Negro moist forests,473
500,981,-1.7907846593289494,-59.0625,26.637043573993285,50.79274614438932,2340.4344239560282,44.96102855803011,Neotropic,Tropical & Subtropical Moist Broadleaf Forests,Uatumã-Trombetas moist forests,511
500,982,-1.7907846593289494,-53.4375,26.007807842197064,58.722923117223885,2112.4763512767863,60.802206962979334,Neotropic,Tropical & Subtropical Moist Broadleaf Forests,Uatumã-Trombetas moist forests,511
500,983,-1.7907846593289494,-47.8125,26.32240891319183,46.724262803089594,2360.17367684719,72.32467748300223,Neotropic,Tropical & Subtropical Moist Broadleaf Forests,Tocantins/Pindare moist forests,508
500,984,-1.7907846593289494,-42.1875,27.018764516199784,59.60247231382176,1516.5445014281336,97.66084985498543,Neotropic,Tropical & Subtropical Dry Broadleaf Forests,Maranhão Babaçu forests,540
500,985,-1.7907846593289494,-36.5625,26.65396477895305,57.3115196979741,1263.6712600477813,103.79403878258256,Neotropic,Tropical & Subtropical Dry Broadleaf Forests,Caatinga,525
500,993,-1.7907846593289494,8.4375,25.442587680608348,132.66353314625667,1935.0218571328874,74.04081051754466,Afrotropic,Tropical & Subtropical Moist Broadleaf Forests,Congolian coastal forests,5
500,994,-1.7907846593289494,14.0625,24.43746564874108,85.33019257053871,1752.9141283283861,59.72912566064826,Afrotropic,"Tropical & Subtropical Grasslands, Savannas & Shrublands",Western Congolian forest-savanna,63
500,995,-1.7907846593289494,19.6875,25.1208386324503,50.9940280972462,1866.024196888382,33.6037071355184,Afrotropic,Tropical & Subtropical Moist Broadleaf Forests,Central Congolian lowland forests,3
500,996,-1.7907846593289494,25.3125,24.022272158427242,42.113650206114876,1772.581697518171,34.67611447584427,Afrotropic,Tropical & Subtropical Moist Broadleaf Forests,Central Congolian lowland forests,3
500,997,-1.7907846593289494,30.9375,20.187115180806398,39.462242550763385,1171.817160084468,53.068914166604465,Afrotropic,Tropical & Subtropical Moist Broadleaf Forests,Albertine Rift montane forests,1
500,998,-1.7907846593289494,36.5625,21.029857503944267,112.91884522357948,836.7366068654921,79.22023454259939,Afrotropic,"Tropical & Subtropical Grasslands, Savannas & Shrublands",Northern Acacia-Commiphora bushlands and thickets,51
500,999,-1.7907846593289494,42.1875,27.146506518120148,122.0793427835763,559.3783404337596,78.18997662115409,Afrotropic,"Tropical & Subtropical Grasslands, Savannas & Shrublands",Northern Acacia-Commiphora bushlands and thickets,51
500,1009,-1.7907846593289494,98.4375,23.688440037867316,30.06655259092606,2856.130683966595,28.33306488651587,Indomalayan,Tropical & Subtropical Moist Broadleaf Forests,Sumatran lowland rain forests,278
500,1010,-1.7907846593289494,104.0625,25.834498302729077,34.45751947864577,2657.569160881582,32.23921572730911,Indomalayan,Tropical & Subtropical Moist Broadleaf Forests,Sumatran lowland rain forests,278
500,1011,-1.7907846593289494,109.6875,26.66417066303773,29.49634575569637,2968.2789971757184,23.92113267631196,Indomalayan,Tropical & Subtropical Moist Broadleaf Forests,Borneo lowland rain forests,219
500,1012,-1.7907846593289494,115.3125,27.002158114681418,26.771041145609612,2773.2880920369284,28.434113677153846,Indomalayan,Tropical & Subtropical Moist Broadleaf Forests,Borneo lowland rain forests,219
500,1013,-1.7907846593289494,120.9375,23.287639164340938,37.6672941146892,2245.964811765981,31.453623774107278,Australasia,Tropical & Subtropical Moist Broadleaf Forests,Sulawesi montane rain forests,157
500,1014,-1.7907846593289494,126.5625,25.20792407437797,55.60702370715736,2157.5460003588173,34.332705127748866,Australasia,Tropical & Subtropical Moist Broadleaf Forests,Halmahera rain forests,140
500,1015,-1.7907846593289494,132.1875,25.105245232056298,44.66203312269944,3056.490319496916,24.032364613938064,Australasia,Tropical & Subtropical Moist Broadleaf Forests,Vogelkop-Aru lowland rain forests,161
500,1016,-1.7907846593289494,137.8125,25.722187309791916,29.125713011352655,2979.9220078841786,16.628419070527578,Australasia,Tropical & Subtropical Moist Broadleaf Forests,Northern New Guinea lowland rain and freshwater swamp forests,148
500,1017,-1.7907846593289494,143.4375,25.349912170688256,26.616104120328952,2320.1764467285366,21.958928245764938,Australasia,Tropical & Subtropical Moist Broadleaf Forests,Northern New Guinea lowland rain and freshwater swamp forests,148
500,1018,-1.7907846593289494,149.0625,25.697463139680302,20.96122505952979,3286.31727753533,20.528778882523998,Australasia,Tropical & Subtropical Moist Broadleaf Forests,New Britain-New Ireland lowland rain forests,144
500,1019,-1.7907846593289494,154.6875,24.392495032493983,26.899069247391168,3153.5138367254235,20.018106313534425,Australasia,Tropical & Subtropical Moist Broadleaf Forests,New Britain-New Ireland lowland rain forests,144
500,1039,1.7907846593289494,-92.8125,23.263398898799238,132.55707927958102,367.49810880018026,71.8877592377473,Neotropic,Deserts & Xeric Shrublands,Galápagos Islands xeric scrub,601
500,1041,1.7907846593289494,-81.5625,24.477750933778378,46.62112476509712,1981.0766287208155,62.337034956425,Neotropic,Tropical & Subtropical Moist Broadleaf Forests,Western Ecuador moist forests,516
500,1042,1.7907846593289494,-75.9375,22.037958340527933,48.08069386524241,2598.5847485841005,33.34253102388809,Neotropic,Tropical & Subtropical Moist Broadleaf Forests,Caqueta moist forests,446
500,1043,1.7907846593289494,-70.3125,26.21156913254644,69.30308975429945,3021.588896304557,38.68810977644699,Neotropic,Tropical & Subtropical Moist Broadleaf Forests,Caqueta moist forests,446
500,1044,1.7907846593289494,-64.6875,25.99314107829199,42.25382939133837,2647.7329168353463,38.156592452340874,Neotropic,Tropical & Subtropical Moist Broadleaf Forests,Guianan piedmont moist forests,466
500,1045,1.7907846593289494,-59.0625,26.453759861425464,58.06102788426747,1895.7830787573487,63.11833440346289,Neotropic,Tropical & Subtropical Moist Broadleaf Forests,Uatumã-Trombetas moist forests,511
500,1046,1.7907846593289494,-53.4375,25.61050705852523,60.57973226971567,2327.6449729576625,53.44664699995696,Neotropic,Tropical & Subtropical Moist Broadleaf Forests,Guianan lowland moist forests,465
500,1047,1.7907846593289494,-47.8125,26.95338227822779,78.23425140943311,2379.4974216038186,69.5764489879701,Neotropic,Tropical & Subtropical Moist Broadleaf Forests,Marajó várzea,480
500,1057,1.7907846593289494,8.4375,24.305074115002046,90.04129190520686,2268.977762603919,61.97207938445347,Afrotropic,Tropical & Subtropical Moist Broadleaf Forests,Congolian coastal forests,5
500,1058,1.7907846593289494,14.0625,24.06253732318359,71.4988477420896,1644.2132789273617,51.841352268878545,Afrotropic,Tropical & Subtropical Moist Broadleaf Forests,Northwest Congolian lowland forests,26
500,1059,1.7907846593289494,19.6875,24.92802518792772,58.391152620413564,1798.1093298724654,33.50406837763987,Afrotropic,Tropical & Subtropical Moist Broadleaf Forests,Western Congolian swamp forests,29
500,1060,1.7907846593289494,25.3125,24.296475988232462,48.448913295000175,1783.8460640762796,35.15563799500211,Afrotropic,Tropical & Subtropical Moist Broadleaf Forests,Northeast Congolian lowland forests,24
500,1061,1.7907846593289494,30.9375,22.87008434038657,76.31460241532677,1365.870392738948,41.700896010754185,Afrotropic,"Tropical & Subtropical Grasslands, Savannas & Shrublands",Victoria Basin forest-savanna,61
500,1062,1.7907846593289494,36.5625,23.62127854511914,83.03322614318247,634.2341577735893,78.85161582388236,Afrotropic,"Tropical & Subtropical Grasslands, Savannas & Shrublands",Northern Acacia-Commiphora bushlands and thickets,51
500,1063,1.7907846593289494,42.1875,27.510032934827247,126.07864877899598,418.9876886613357,103.72542225542408,Afrotropic,"Tropical & Subtropical Grasslands, Savannas & Shrublands",Somali Acacia-Commiphora bushlands and thickets,55
500,1064,1.7907846593289494,47.8125,27.60389509883356,101.2527727195771,399.16045872536097,97.26018887984687,Afrotropic,Tropical & Subtropical Moist Broadleaf Forests,Northern Swahili coastal forests,25
500,1073,1.7907846593289494,98.4375,24.472866299461586,36.10454384445819,2830.5867291115524,26.88767956017605,Indomalayan,Tropical & Subtropical Moist Broadleaf Forests,Sumatran lowland rain forests,278
500,1074,1.7907846593289494,104.0625,26.42262101471161,44.75563928351798,2386.653603182684,28.731669887528895,Indomalayan,Tropical & Subtropical Moist Broadleaf Forests,Peninsular Malaysian rain forests,265
500,1075,1.7907846593289494,109.6875,26.430167348297513,39.3582003276029,3320.4950740137515,25.778896075591945,Indomalayan,Tropical & Subtropical Moist Broadleaf Forests,Borneo lowland rain forests,219
500,1076,1.7907846593289494,115.3125,25.146160344846926,27.036087171985237,3375.9499442495803,17.072578298438145,Indomalayan,Tropical & Subtropical Moist Broadleaf Forests,Borneo lowland rain forests,219
500,1077,1.7907846593289494,120.9375,25.196922784195916,24.236751374498485,1871.3717855329028,20.731983391051028,Australasia,Tropical & Subtropical Moist Broadleaf Forests,Sulawesi lowland rain forests,156
500,1078,1.7907846593289494,126.5625,25.008482480060056,27.163030856066765,2253.0014420981456,23.873777221895306,Australasia,Tropical & Subtropical Moist Broadleaf Forests,Halmahera rain forests,140
500,1086,1.7907846593289494,171.5625,27.010677337646484,41.81019592285156,1553.0,25.73073387145996,Oceania,Tropical & Subtropical Moist Broadleaf Forests,Eastern Micronesia tropical moist forests,621
500,1106,5.379378991112074,-75.9375,21.332021386883575,35.55789972869524,2942.5581366554843,34.46412503153936,Neotropic,Tropical & Subtropical Moist Broadleaf Forests,Magdalena Valley montane forests,477
500,1107,5.379378991112074,-70.3125,25.68846756513874,89.37732032191371,2469.8860784851595,65.88640940745773,Neotropic,"Tropical & Subtropical Grasslands, Savannas & Shrublands",Llanos,572
500,1108,5.379378991112074,-64.6875,25.327321317971805,53.068149029429605,2506.2725189945495,61.540514707056715,Neotropic,Tropical & Subtropical Moist Broadleaf Forests,Guianan piedmont moist forests,466
500,1109,5.379378991112074,-59.0625,25.50256265405727,57.34091690817609,2005.6554320448295,51.884350484147795,Neotropic,Tropical & Subtropical Moist Broadleaf Forests,Guianan lowland moist forests,465
500,1110,5.379378991112074,-53.4375,25.990799740109523,57.42426520048608,2568.5247216265466,45.72076554545379,Neotropic,Tropical & Subtropical Moist Broadleaf Forests,Guianan lowland moist forests,465
500,1117,5.379378991112074,-14.0625,26.600203446027006,90.90506037555066,3868.018335615971,85.25209044522553,Afrotropic,Tropical & Subtropical Moist Broadleaf Forests,Western Guinean lowland forests,30
500,1118,5.379378991112074,-8.4375,25.62449217246666,88.63487221413969,2143.8024447954604,58.41340442668507,Afrotropic,Tropical & Subtropical Moist Broadleaf Forests,Western Guinean lowland forests,30
500,1119,5.379378991112074,-2.8125,26.267294680471988,108.62530338895466,1387.312897706955,59.67516706158068,Afrotropic,Tropical & Subtropical Moist Broadleaf Forests,Eastern Guinean forests,11
500,1120,5.379378991112074,2.8125,26.697932031696084,119.66423320096621,1501.8281144685463,64.33961580899317,Afrotropic,"Tropical & Subtropical Grasslands, Savannas & Shrublands",Guinean forest-savanna,44
500,1121,5.379378991112074,8.4375,25.533000694328503,107.8724776903558,2208.219234437943,70.83004616480541,Afrotropic,"Tropical & Subtropical Grasslands, Savannas & Shrublands",Guinean forest-savanna,44
500,1122,5.379378991112074,14.0625,23.571192341803293,90.12595057357518,1536.0721756217963,72.87231760444458,Afrotropic,"Tropical & Subtropical Grasslands, Savannas & Shrublands",Northern Congolian Forest-Savanna,52
500,1123,5.379378991112074,19.6875,24.58733423577923,88.83922450200154,1497.678701873034,65.62718826455631,Afrotropic,"Tropical & Subtropical Grasslands, Savannas & Shrublands",Northern Congolian Forest-Savanna,52
500,1124,5.379378991112074,25.3125,24.75532639356504,88.64919188181359,1539.2547607198157,64.65479622074189,Afrotropic,"Tropical & Subtropical Grasslands, Savannas & Shrublands",Northern Congolian Forest-Savanna,52
500,1125,5.379378991112074,30.9375,26.297182140413902,126.95460862517146,1106.4996019793446,69.08987550614368,Afrotropic,"Tropical & Subtropical Grasslands, Savannas & Shrublands",Northern Congolian Forest-Savanna,52
500,1126,5.379378991112074,36.5625,23.04379440256075,98.73830091801096,894.961657538239,57.93396571232429,Afrotropic,"Tropical & Subtropical Grasslands, Savannas & Shrublands",East Sudanian savanna,43
500,1127,5.379378991112074,42.1875,25.755871153299474,94.06141347300479,417.7104947187805,114.53038380425775,Afrotropic,"Tropical & Subtropical Grasslands, Savannas & Shrublands",Somali Acacia-Commiphora bushlands and thickets,55
500,1128,5.379378991112074,47.8125,27.401121839070047,92.50503739966221,244.78892459584722,120.92599160911793,Afrotropic,"Tropical & Subtropical Grasslands, Savannas & Shrublands",Somali Acacia-Commiphora bushlands and thickets,55
500,1134,5.379378991112074,81.5625,25.626941491687273,76.16290641626993,2397.9904957957215,52.994565062789206,Indomalayan,Tropical & Subtropical Dry Broadleaf Forests,Sri Lanka dry-zone dry evergreen forests,301
500,1136,5.379378991112074,92.8125,25.4456862944801,44.738669920296886,2633.8989862619637,26.42525365307147,Indomalayan,Tropical & Subtropical Moist Broadleaf Forests,Sumatran lowland rain forests,278
500,1137,5.379378991112074,98.4375,24.74013926136644,50.488459254235806,2369.0054369722325,35.09165761506009,Indomalayan,Tropical & Subtropical Moist Broadleaf Forests,Sumatran lowland rain forests,278
500,1138,5.379378991112074,104.0625,25.186018640429406,67.31662017278681,2676.720191028837,43.94091544085352,Indomalayan,Tropical & Subtropical Moist Broadleaf Forests,Peninsular Malaysian rain forests,265
500,1139,5.379378991112074,109.6875,27.086517027314667,67.6889647223499,2308.5024917601772,29.3500608092466,Indomalayan,Tropical & Subtropical Moist Broadleaf Forests,Borneo lowland rain forests,219
500,1140,5.379378991112074,115.3125,25.200396635330257,40.17828937404939,2746.4301448892334,20.23103111076593,Indomalayan,Tropical & Subtropical Moist Broadleaf Forests,Borneo lowland rain forests,219
500,1141,5.379378991112074,120.9375,26.56475322634493,38.303386307672106,1960.8635749684036,24.37922226979823,Indomalayan,Tropical & Subtropical Moist Broadleaf Forests,Borneo lowland rain forests,219
500,1142,5.379378991112074,126.5625,25.647738782843167,43.20553186508885,1987.2199796320456,26.570101965105945,Indomalayan,Tropical & Subtropical Moist Broadleaf Forests,Mindanao-Eastern Visayas rain forests,247
500,1148,5.379378991112074,160.3125,26.395347595214844,12.120832443237305,4594.0,15.250484466552734,Oceania,Tropical & Subtropical Moist Broadleaf Forests,Carolines tropical moist forests,618
500,1168,8.989299345162808,-87.1875,25.171086333614934,77.74749181630224,2443.222009239005,73.07508293556133,Neotropic,Tropical & Subtropical Moist Broadleaf Forests,Costa Rican seasonal moist forests,458
500,1169,8.989299345162808,-81.5625,23.98387682241459,64.58476963239438,2884.9766249205995,54.50500707871939,Neotropic,Tropical & Subtropical Moist Broadleaf Forests,Isthmian-Pacific moist forests,471
500,1170,8.989299345162808,-75.9375,26.28825799378875,42.83375095840525,2165.9593771353307,56.04468158223632,Neotropic,Tropical & Subtropical Moist Broadleaf Forests,Magdalena-Urabá moist forests,478
500,1171,8.989299345162808,-70.3125,25.01719054461385,59.49410685043347,1450.3638826514734,62.07406524805412,Neotropic,"Tropical & Subtropical Grasslands, Savannas & Shrublands",Llanos,572
500,1172,8.989299345162808,-64.6875,26.343306673673794,64.06812372859322,1282.7583068332294,71.68299560990478,Neotropic,"Tropical & Subtropical Grasslands, Savannas & Shrublands",Llanos,572
500,1173,8.989299345162808,-59.0625,26.08120199986968,53.91765194963071,1877.5975585216909,42.95653661776628,Neotropic,Tropical & Subtropical Moist Broadleaf Forests,Guianan lowland moist forests,465
500,1181,8.989299345162808,-14.0625,26.604276168911785,136.38472693377673,2666.4985634595246,100.89189241808778,Afrotropic,"Tropical & Subtropical Grasslands, Savannas & Shrublands",Guinean forest-savanna,44
500,1182,8.989299345162808,-8.4375,25.325397719084513,130.9343832153297,1684.714853735974,82.04475999258858,Afrotropic,"Tropical & Subtropical Grasslands, Savannas & Shrublands",Guinean forest-savanna,44
500,1183,8.989299345162808,-2.8125,27.130369929195947,151.64002959602706,1075.5478221447115,79.03360044212276,Afrotropic,"Tropical & Subtropical Grasslands, Savannas & Shrublands",West Sudanian savanna,62
500,1184,8.989299345162808,2.8125,26.68251178417853,162.44899336924567,1152.373441614209,84.43701741904974,Afrotropic,"Tropical & Subtropical Grasslands, Savannas & Shrublands",West Sudanian savanna,62
500,1185,8.989299345162808,8.4375,26.29861331091621,174.191685445153,1240.295399085308,96.66443569107155,Afrotropic,"Tropical & Subtropical Grasslands, Savannas & Shrublands",Guinean forest-savanna,44
500,1186,8.989299345162808,14.0625,26.29782591257264,195.65742286395732,1084.280994342944,108.69753632811462,Afrotropic,"Tropical & Subtropical Grasslands, Savannas & Shrublands",East Sudanian savanna,43
500,1187,8.989299345162808,19.6875,26.561578386647245,181.61847534806387,1002.3399482077045,104.98331560031984,Afrotropic,"Tropical & Subtropical Grasslands, Savannas & Shrublands",East Sudanian savanna,43
500,1188,8.989299345162808,25.3125,26.178404754409147,179.3476611311204,921.6730754465223,105.35044344695807,Afrotropic,"Tropical & Subtropical Grasslands, Savannas & Shrublands",East Sudanian savanna,43
500,1189,8.989299345162808,30.9375,27.8061712045593,152.52846186274286,785.7889255020411,100.87529854741813,Afrotropic,Flooded Grasslands & Savannas,Sudd flooded grasslands,74
500,1190,8.989299345162808,36.5625,20.36021138660728,125.46304929539316,1265.8141442485023,84.94017580351465,Afrotropic,"Tropical & Subtropical Grasslands, Savannas & Shrublands",East Sudanian savanna,43
500,1191,8.989299345162808,42.1875,22.816380194777857,170.28312506419377,583.739405774015,76.69066490704833,Afrotropic,"Tropical & Subtropical Grasslands, Savannas & Shrublands",Somali Acacia-Commiphora bushlands and thickets,55
500,1192,8.989299345162808,47.8125,24.861698563112775,195.1739689482295,155.73082744614055,105.8704741038992,Afrotropic,"Tropical & Subtropical Grasslands, Savannas & Shrublands",Horn of Africa xeric bushlands,45
500,1193,8.989299345162808,53.4375,26.31775805307201,177.7502981318678,58.749207064048065,91.63200932071183,Afrotropic,Deserts & Xeric Shrublands,Somali montane xeric woodlands,106
500,1197,8.989299345162808,75.9375,26.919094356504303,154.79147261532734,1535.5885113328802,78.65213420479995,Indomalayan,Tropical & Subtropical Dry Broadleaf Forests,South Deccan Plateau dry deciduous forests,298
500,1198,8.989299345162808,81.5625,27.608593843226817,158.009956241899,1452.791232083316,78.59332751655052,Indomalayan,Tropical & Subtropical Dry Broadleaf Forests,Sri Lanka dry-zone dry evergreen forests,301
500,1200,8.989299345162808,92.8125,26.89032893441088,55.941806469919705,2509.216247389109,50.8004815556822,Indomalayan,Tropical & Subtropical Moist Broadleaf Forests,Nicobar Islands rain forests,252
500,1201,8.989299345162808,98.4375,26.7570834765902,80.17709817586216,2262.5983254371968,64.13790784512804,Indomalayan,Tropical & Subtropical Moist Broadleaf Forests,Tenasserim-South Thailand semi-evergreen rain forests,284
500,1202,8.989299345162808,104.0625,27.414503859069395,95.27995534297574,1796.0567129219348,75.72869023775498,Indomalayan,Tropical & Subtropical Moist Broadleaf Forests,Tonle Sap-Mekong peat swamp forests,286
500,1203,8.989299345162808,109.6875,26.708096303510924,101.83123202012665,1924.6718578805148,85.92654200535473,Indomalayan,Tropical & Subtropical Dry Broadleaf Forests,Southern Vietnam lowland dry forests,300
500,1204,8.989299345162808,115.3125,26.527974492001587,56.44590041013411,1816.9933487433811,55.17273317671144,Indomalayan,Tropical & Subtropical Moist Broadleaf Forests,Palawan rain forests,262
500,1205,8.989299345162808,120.9375,26.34854814996109,60.78030383170085,2287.2513047597836,54.63463167474437,Indomalayan,Tropical & Subtropical Moist Broadleaf Forests,Greater Negros-Panay rain forests,231
500,1206,8.989299345162808,126.5625,25.574566138366553,68.04125606794231,2855.877882033327,34.184765989242806,Indomalayan,Tropical & Subtropical Moist Broadleaf Forests,Mindanao-Eastern Visayas rain forests,247
500,1207,8.989299345162808,132.1875,26.150993282750015,53.490247707820146,3457.3436074210504,24.696689574230952,Oceania,Tropical & Subtropical Moist Broadleaf Forests,Palau tropical moist forests,627
500,1213,8.989299345162808,165.9375,28.350000381469727,6.276453018188477,3018.0,23.946184158325195,Oceania,Tropical & Subtropical Moist Broadleaf Forests,Eastern Micronesia tropical moist forests,621
500,1231,12.63562509302112,-92.8125,25.404542922645117,73.7450822398512,2025.4552030697243,91.8704095190747,Neotropic,Tropical & Subtropical Dry Broadleaf Forests,Central American dry forests,527
500,1232,12.63562509302112,-87.1875,24.261340944097945,99.22798792076372,1774.9987897631559,77.76212988393006,Neotropic,Tropical & Subtropical Coniferous Forests,Central American pine-oak forests,553
500,1233,12.63562509302112,-81.5625,25.419807663053273,85.69189073079373,2830.943763673859,55.95092965161573,Neotropic,Tropical & Subtropical Moist Broadleaf Forests,Central American Atlantic moist forests,450
500,1234,12.63562509302112,-75.9375,22.366261938230448,62.277542939129376,1272.5291768785362,71.95469676513808,Neotropic,Tropical & Subtropical Dry Broadleaf Forests,Sinú Valley dry forests,546
500,1235,12.63562509302112,-70.3125,27.22572632299821,87.05707034911248,732.428139743113,67.0079503591595,Neotropic,Deserts & Xeric Shrublands,Guajira-Barranquilla xeric scrub,602
500,1236,12.63562509302112,-64.6875,27.02033467335351,81.63686478780153,784.4800007479406,54.424914314699585,Neotropic,Mangroves,Amazon-Orinoco-Southern Caribbean mangroves,611
500,1237,12.63562509302112,-59.0625,25.916143421924605,76.26337300823673,1891.5516054313655,41.06593837268138,Neotropic,Tropical & Subtropical Dry Broadleaf Forests,Lesser Antillean dry forests,537
500,1244,12.63562509302112,-19.6875,26.46353149414063,161.36027526855472,506.0,160.38589477539062,Afrotropic,"Tropical & Subtropical Grasslands, Savannas & Shrublands",Guinean forest-savanna,44
500,1245,12.63562509302112,-14.0625,26.99060495944186,204.79394146992755,1211.6888901335553,131.2711986086407,Afrotropic,"Tropical & Subtropical Grasslands, Savannas & Shrublands",West Sudanian savanna,62
500,1246,12.63562509302112,-8.4375,27.244921337102696,253.63690446967155,905.4836885813373,124.14448743732049,Afrotropic,"Tropical & Subtropical Grasslands, Savannas & Shrublands",West Sudanian savanna,62
500,1247,12.63562509302112,-2.8125,27.86022267384049,248.15194417762166,717.1922597663633,122.04590385071545,Afrotropic,"Tropical & Subtropical Grasslands, Savannas & Shrublands",West Sudanian savanna,62
500,1248,12.63562509302112,2.8125,28.541256311013065,263.09836964708893,656.099427593572,127.2477380964817,Afrotropic,"Tropical & Subtropical Grasslands, Savannas & Shrublands",West Sudanian savanna,62
500,1249,12.63562509302112,8.4375,26.873380822357927,305.1557388717341,598.2567998288048,142.1054097115155,Afrotropic,"Tropical & Subtropical Grasslands, Savannas & Shrublands",West Sudanian savanna,62
500,1250,12.63562509302112,14.0625,28.08730703808393,321.1419250837551,411.44084844983115,148.05808307909868,Afrotropic,"Tropical & Subtropical Grasslands, Savannas & Shrublands",Sahelian Acacia savanna,53
500,1251,12.63562509302112,19.6875,28.33521008723464,260.16071291882355,515.1717809087153,142.6936561458163,Afrotropic,"Tropical & Subtropical Grasslands, Savannas & Shrublands",Sahelian Acacia savanna,53
500,1252,12.63562509302112,25.3125,26.104588718376547,287.13784641336406,406.54972469467907,144.96305271276893,Afrotropic,"Tropical & Subtropical Grasslands, Savannas & Shrublands",Sahelian Acacia savanna,53
500,1253,12.63562509302112,30.9375,27.72280051908942,255.3563770502341,413.98015231290117,136.66610813978244,Afrotropic,"Tropical & Subtropical Grasslands, Savannas & Shrublands",Sahelian Acacia savanna,53
500,1254,12.63562509302112,36.5625,24.017848595665303,172.6421048135326,860.3999247574369,121.58844185823142,Afrotropic,"Tropical & Subtropical Grasslands, Savannas & Shrublands",East Sudanian savanna,43
500,1255,12.63562509302112,42.1875,26.054059894780917,277.9148446780033,316.39860682348035,63.799265133347745,Afrotropic,Deserts & Xeric Shrublands,Djibouti xeric shrublands,92
500,1256,12.63562509302112,47.8125,25.26755067301709,330.7372499768485,109.02706768414394,62.60577084825999,Afrotropic,Deserts & Xeric Shrublands,Somali montane xeric woodlands,106
500,1257,12.63562509302112,53.4375,24.939285196161958,168.14565355797387,74.47070401708108,84.81839832719741,Afrotropic,Deserts & Xeric Shrublands,Somali montane xeric woodlands,106
500,1261,12.63562509302112,75.9375,25.092367232711574,198.5747609951361,1467.0897838001715,98.54002402997942,Indomalayan,Tropical & Subtropical Dry Broadleaf Forests,South Deccan Plateau dry deciduous forests,298
500,1262,12.63562509302112,81.5625,27.963307610755226,276.1427598887718,983.1976733021594,84.42938484239181,Indomalayan,Deserts & Xeric Shrublands,Deccan thorn scrub forests,315
500,1264,12.63562509302112,92.8125,26.571979273508614,80.74750843739825,2842.0827013967128,77.43721450852107,Indomalayan,Tropical & Subtropical Moist Broadleaf Forests,Andaman Islands rain forests,218
500,1265,12.63562509302112,98.4375,26.62527643603049,119.60963923002014,1926.7257987107926,84.34246751821122,Indomalayan,Tropical & Subtropical Moist Broadleaf Forests,Tenasserim-South Thailand semi-evergreen rain forests,284
500,1266,12.63562509302112,104.0625,26.894337279581787,142.84810744905815,1724.770698947504,81.32334820184795,Indomalayan,Tropical & Subtropical Dry Broadleaf Forests,Central Indochina dry forests,291
500,1267,12.63562509302112,109.6875,24.180857178060037,156.7227822178839,1848.5562381853056,81.91064122777468,Indomalayan,Tropical & Subtropical Dry Broadleaf Forests,Southeast Indochina dry evergreen forests,299
500,1269,12.63562509302112,120.9375,26.339494326819654,92.51915782220075,2508.6114550711736,59.616028543844656,Indomalayan,Tropical & Subtropical Moist Broadleaf Forests,Luzon rain forests,241
500,1270,12.63562509302112,126.5625,26.133044443773795,110.23660856897375,3038.0241868937137,38.08103188515935,Indomalayan,Tropical & Subtropical Moist Broadleaf Forests,Mindanao-Eastern Visayas rain forests,247
500,1273,12.63562509302112,143.4375,26.612178000699718,57.33390437975103,2224.011522961353,52.97117897235808,Oceania,Tropical & Subtropical Dry Broadleaf Forests,Marianas tropical dry forests,637
500,1293,16.334822780685997,-104.0625,25.65072328045041,98.34869047056318,1066.4885443246715,116.24678172333557,Neotropic,Tropical & Subtropical Dry Broadleaf Forests,Southern Pacific dry forests,547
500,1294,16.334822780685997,-98.4375,22.255708348597054,136.8201513011961,1263.5303727310618,101.2245092983142,Neotropic,Tropical & Subtropical Coniferous Forests,Sierra Madre del Sur pine-oak forests,558
500,1295,16.334822780685997,-92.8125,23.666809257278633,165.65085317666296,2050.7155153061544,74.79301723142603,Neotropic,Tropical & Subtropical Moist Broadleaf Forests,Petén-Veracruz moist forests,494
500,1296,16.334822780685997,-87.1875,24.264161448272993,150.73510169034927,1931.5407444113107,57.850186543936324,Neotropic,Tropical & Subtropical Moist Broadleaf Forests,Central American Atlantic moist forests,450
500,1297,16.334822780685997,-81.5625,25.634600122240855,110.02010905334505,2821.806133901834,50.35718185463305,Neotropic,"Tropical & Subtropical Grasslands, Savannas & Shrublands",Miskito pine forests,573
500,1298,16.334822780685997,-75.9375,24.630647619060642,100.68874112103582,1631.1994016971046,49.21499506128853,Neotropic,Tropical & Subtropical Moist Broadleaf Forests,Jamaican moist forests,472
500,1299,16.334822780685997,-70.3125,24.12003985870834,113.20846276154064,999.1682254978717,56.82232706589772,Neotropic,Tropical & Subtropical Dry Broadleaf Forests,Hispaniolan dry forests,532
500,1300,16.334822780685997,-64.6875,24.553523765669635,128.4763956693406,1484.02543903723,45.08600717803881,Neotropic,Tropical & Subtropical Moist Broadleaf Forests,Puerto Rican moist forests,495
500,1301,16.334822780685997,-59.0625,25.617896425561106,106.67083420661716,1610.3228182370758,36.18793384542495,Neotropic,Deserts & Xeric Shrublands,Caribbean shrublands,599
500,1307,16.334822780685997,-25.3125,22.33440500564199,168.83911876698934,217.79942402317164,157.1327855734854,Afrotropic,Tropical & Subtropical Dry Broadleaf Forests,Cape Verde Islands dry forests,31
500,1308,16.334822780685997,-19.6875,25.833949482789865,185.04894726511463,443.2296686054659,160.94343978366615,Afrotropic,"Tropical & Subtropical Grasslands, Savannas & Shrublands",West Sudanian savanna,62
500,1309,16.334822780685997,-14.0625,28.804740930666703,314.06707906624587,295.507024564362,145.400778144807,Afrotropic,"Tropical & Subtropical Grasslands, Savannas & Shrublands",Sahelian Acacia savanna,53
500,1310,16.334822780685997,-8.4375,29.152535826150867,403.6789991938706,254.3950865615631,137.5305940110585,Afrotropic,"Tropical & Subtropical Grasslands, Savannas & Shrublands",Sahelian Acacia savanna,53
500,1311,16.334822780685997,-2.8125,28.888547033323942,397.92853472954755,215.95363974936492,142.27871392317022,Afrotropic,"Tropical & Subtropical Grasslands, Savannas & Shrublands",Sahelian Acacia savanna,53
500,1312,16.334822780685997,2.8125,29.348335271082338,409.7084997013166,201.7695137486429,148.59224351822556,Afrotropic,"Tropical & Subtropical Grasslands, Savannas & Shrublands",Sahelian Acacia savanna,53
500,1313,16.334822780685997,8.4375,27.684198500188877,456.78380712726783,143.75730497460378,155.0959163206202,Afrotropic,"Tropical & Subtropical Grasslands, Savannas & Shrublands",Sahelian Acacia savanna,53
500,1314,16.334822780685997,14.0625,27.362003592044122,488.3457162694986,81.27244768919483,152.0324356614197,Afrotropic,"Tropical & Subtropical Grasslands, Savannas & Shrublands",Sahelian Acacia savanna,53
500,1315,16.334822780685997,19.6875,28.002291309070003,412.7157690381839,87.6465785246185,147.41746021914568,Afrotropic,"Tropical & Subtropical Grasslands, Savannas & Shrublands",Sahelian Acacia savanna,53
500,1316,16.334822780685997,25.3125,24.781752681784994,457.37442945564146,110.92916369398166,167.93896512061684,Afrotropic,"Tropical & Subtropical Grasslands, Savannas & Shrublands",Sahelian Acacia savanna,53
500,1317,16.334822780685997,30.9375,27.905813579883272,442.80951268858706,98.10626192478091,174.59605541073836,Afrotropic,"Tropical & Subtropical Grasslands, Savannas & Shrublands",Sahelian Acacia savanna,53
500,1318,16.334822780685997,36.5625,27.675235808853614,304.2034953185973,247.95541390756125,131.19476984210786,Afrotropic,"Tropical & Subtropical Grasslands, Savannas & Shrublands",Sahelian Acacia savanna,53
500,1319,16.334822780685997,42.1875,23.979079431037675,367.03722489310167,180.2126267891556,75.4138220489738,Afrotropic,Deserts & Xeric Shrublands,Southwest Arabian highland xeric scrub,109
500,1320,16.334822780685997,47.8125,26.876584370050285,514.7952112876369,83.02584034562707,89.48870596263063,Palearctic,Deserts & Xeric Shrublands,South Arabian plains and plateau desert,840
500,1321,16.334822780685997,53.4375,25.28033644596324,395.4271976908887,89.82325873037651,59.6429152090634,Palearctic,Deserts & Xeric Shrublands,South Arabian plains and plateau desert,840
500,1322,16.334822780685997,59.0625,26.83936309814453,370.9835968017578,101.5,46.43368339538574,Palearctic,Deserts & Xeric Shrublands,South Arabian plains and plateau desert,840
500,1324,16.334822780685997,70.3125,26.514180304577497,140.64726885527236,3577.9971645387486,151.8933701453233,Indomalayan,Tropical & Subtropical Moist Broadleaf Forests,Malabar Coast moist forests,242
500,1325,16.334822780685997,75.9375,26.167206954674104,255.71288365849907,1143.0914323162965,108.32278041751944,Indomalayan,Deserts & Xeric Shrublands,Deccan thorn scrub forests,315
500,1326,16.334822780685997,81.5625,27.705839536708872,320.46304014097944,966.5661877364752,99.94571557472176,Indomalayan,Tropical & Subtropical Dry Broadleaf Forests,Central Deccan Plateau dry deciduous forests,290
500,1328,16.334822780685997,92.8125,26.601729694103813,189.83492091968077,2685.548290892127,110.302274956154,Indomalayan,Tropical & Subtropical Moist Broadleaf Forests,Myanmar coastal rain forests,250
500,1329,16.334822780685997,98.4375,26.201135871103627,195.19678235701056,1882.4044928655892,92.13993278324331,Indomalayan,Tropical & Subtropical Moist Broadleaf Forests,Kayah-Karen montane rain forests,237
500,1330,16.334822780685997,104.0625,25.85386910860913,230.87679324757346,1591.7679923936166,90.82762074421335,Indomalayan,Tropical & Subtropical Dry Broadleaf Forests,Central Indochina dry forests,291
500,1331,16.334822780685997,109.6875,23.256276751547098,235.80325131703958,2325.0714925052507,86.50481098484315,Indomalayan,Tropical & Subtropical Moist Broadleaf Forests,Southern Annamites montane rain forests,272
500,1333,16.334822780685997,120.9375,24.894693898766278,142.62507038997992,2470.4013703461246,73.48833547333771,Indomalayan,Tropical & Subtropical Moist Broadleaf Forests,Luzon rain forests,241
500,1337,16.334822780685997,143.4375,26.510663986206055,128.8684539794922,1757.0,49.61483383178712,Oceania,Tropical & Subtropical Dry Broadleaf Forests,Marianas tropical dry forests,637
500,1347,20.105509787916006,-160.3125,22.746680255035766,150.9300520810083,1574.7845721700846,43.84888788189726,Oceania,Tropical & Subtropical Dry Broadleaf Forests,Hawai'i tropical dry forests,636
500,1348,20.105509787916006,-154.6875,17.368902841555563,128.85250291941523,1711.1780039639948,32.08005513915596,Oceania,Tropical & Subtropical Moist Broadleaf Forests,Hawai'i tropical moist forests,623
500,1356,20.105509787916006,-109.6875,23.534822463989258,200.4658660888672,372.0,110.01840209960938,Neotropic,Tropical & Subtropical Dry Broadleaf Forests,Islas Revillagigedo dry forests,533
500,1357,20.105509787916006,-104.0625,20.640137864980847,225.93369872330564,916.5766044008564,111.98550421336574,Neotropic,Tropical & Subtropical Coniferous Forests,Trans-Mexican Volcanic Belt pine-oak forests,559
500,1358,20.105509787916006,-98.4375,19.42759937944725,231.43589628664893,1003.1411243801159,88.74341958134394,Neotropic,Tropical & Subtropical Coniferous Forests,Trans-Mexican Volcanic Belt pine-oak forests,559
500,1359,20.105509787916006,-92.8125,26.205507979035545,209.0931021178241,1418.644603318945,73.46300942043156,Neotropic,Tropical & Subtropical Moist Broadleaf Forests,Yucatán moist forests,519
500,1360,20.105509787916006,-87.1875,25.663379812688863,185.23430994133133,1135.5592347402467,60.812981634001396,Neotropic,Tropical & Subtropical Moist Broadleaf Forests,Yucatán moist forests,519
500,1361,20.105509787916006,-81.5625,25.253020615165486,196.91272131575244,1339.615550914778,67.07106486387165,Neotropic,Tropical & Subtropical Dry Broadleaf Forests,Cuban dry forests,530
500,1362,20.105509787916006,-75.9375,25.075204261045965,163.93986607567652,1363.408713039086,56.27765792565147,Neotropic,Tropical & Subtropical Dry Broadleaf Forests,Cuban dry forests,530
500,1363,20.105509787916006,-70.3125,24.113898745130577,124.76220645946448,1404.2472754537414,48.26715222728864,Neotropic,Tropical & Subtropical Moist Broadleaf Forests,Hispaniolan moist forests,468
500,1364,20.105509787916006,-64.6875,24.284208790937246,133.94866885130804,1879.9963739792067,34.75439471425461,Neotropic,Tropical & Subtropical Moist Broadleaf Forests,Puerto Rican moist forests,495
500,1372,20.105509787916006,-19.6875,21.59987603429422,208.6294192102997,26.74857538436959,56.44897273129241,Palearctic,Deserts & Xeric Shrublands,Saharan Atlantic coastal desert,839
500,1373,20.105509787916006,-14.0625,27.05694529362104,447.4331821153491,57.19520827764077,120.14001886392066,Afrotropic,"Tropical & Subtropical Grasslands, Savannas & Shrublands",Sahelian Acacia savanna,53
500,1374,20.105509787916006,-8.4375,28.09116275270493,602.0177833671288,42.673616487503345,110.64394768658507,Palearctic,Deserts & Xeric Shrublands,South Sahara desert,842
500,1375,20.105509787916006,-2.8125,28.62670232429437,653.7215657268891,42.34145295542987,115.5508472307721,Palearctic,Deserts & Xeric Shrublands,South Sahara desert,842
500,1376,20.105509787916006,2.8125,27.330528795647037,612.0495438617924,59.8988449580474,142.7273905732653,Afrotropic,"Tropical & Subtropical Grasslands, Savannas & Shrublands",Sahelian Acacia savanna,53
500,1377,20.105509787916006,8.4375,26.574194429955437,630.894195103634,30.454270770255935,95.22144958045097,Palearctic,Deserts & Xeric Shrublands,South Sahara desert,842
500,1378,20.105509787916006,14.0625,25.91520485382327,646.5946724300311,40.65826091759172,91.74488371382208,Palearctic,Deserts & Xeric Shrublands,South Sahara desert,842
500,1379,20.105509787916006,19.6875,24.739048852345185,587.6810255726898,19.910982996166542,76.55743173574297,Palearctic,Deserts & Xeric Shrublands,South Sahara desert,842
500,1380,20.105509787916006,25.3125,23.918357267491203,593.9533694111037,12.705221402826316,97.61104014874853,Palearctic,Deserts & Xeric Shrublands,South Sahara desert,842
500,1381,20.105509787916006,30.9375,26.658285627201234,627.2112658331405,11.071638960238994,88.47305422308364,Palearctic,Deserts & Xeric Shrublands,South Sahara desert,842
500,1382,20.105509787916006,36.5625,26.581371615223382,468.7908062527826,44.35989038994888,95.0560644679634,Palearctic,Deserts & Xeric Shrublands,South Sahara desert,842
500,1383,20.105509787916006,42.1875,26.685889948546684,535.282128038172,152.8042414320389,73.78175067178881,Palearctic,Deserts & Xeric Shrublands,Red Sea-Arabian Desert shrublands,837
500,1384,20.105509787916006,47.8125,28.671882034011883,653.1234427047897,70.68458304316631,119.99570485130525,Palearctic,Deserts & Xeric Shrublands,Arabian sand desert,810
500,1385,20.105509787916006,53.4375,28.436474412446582,580.6853640060733,79.40198481692266,87.90100014890542,Palearctic,Deserts & Xeric Shrublands,Arabian sand desert,810
500,1386,20.105509787916006,59.0625,27.745654206181907,451.6845202501646,106.42437788582157,67.64424074202468,Palearctic,Deserts & Xeric Shrublands,South Arabian plains and plateau desert,840
500,1388,20.105509787916006,70.3125,26.84381185817811,307.9474538214721,1169.8934532278784,152.10090341974302,Indomalayan,Deserts & Xeric Shrublands,Aravalli west thorn scrub forests,314
500,1389,20.105509787916006,75.9375,26.322802817420886,374.8505999611277,1001.2016434996542,124.64887121751558,Indomalayan,Tropical & Subtropical Dry Broadleaf Forests,Central Deccan Plateau dry deciduous forests,290
500,1390,20.105509787916006,81.5625,26.21375625984162,422.24640918484386,1339.9407301759557,125.83462717940328,Indomalayan,Tropical & Subtropical Moist Broadleaf Forests,East Deccan moist deciduous forests,228
500,1391,20.105509787916006,87.1875,26.235076591527633,371.3059298099211,1523.3280336472073,103.49047696304878,Indomalayan,Tropical & Subtropical Moist Broadleaf Forests,East Deccan moist deciduous forests,228
500,1392,20.105509787916006,92.8125,25.06330899089927,302.0280178175082,2169.3598238517247,101.49103089126733,Indomalayan,Tropical & Subtropical Moist Broadleaf Forests,Irrawaddy moist deciduous forests,235
500,1393,20.105509787916006,98.4375,23.21213763172815,285.2602913677773,1360.47938398644,86.08513279303088,Indomalayan,Tropical & Subtropical Moist Broadleaf Forests,Northern Indochina subtropical forests,256
500,1394,20.105509787916006,104.0625,22.048933255469294,365.4928437526733,1670.6482810043858,92.69607181532443,Indomalayan,Tropical & Subtropical Moist Broadleaf Forests,Northern Indochina subtropical forests,256
500,1395,20.105509787916006,109.6875,23.11622133374947,442.9838279370259,1711.2073756283983,76.2893767984031,Indomalayan,Tropical & Subtropical Moist Broadleaf Forests,South China-Vietnam subtropical evergreen forests,268
500,1396,20.105509787916006,115.3125,22.21801249186198,516.0732727050781,2125.0,73.8809814453125,Indomalayan,Tropical & Subtropical Moist Broadleaf Forests,South China-Vietnam subtropical evergreen forests,268
500,1397,20.105509787916006,120.9375,25.207108453223906,183.59994200970615,2539.8722558800096,58.84618351853098,Indomalayan,Tropical & Subtropical Moist Broadleaf Forests,Luzon rain forests,241
500,1411,23.96948231775968,-160.3125,19.763612747192383,166.7566630045573,1889.0,37.96627998352051,Oceania,Tropical & Subtropical Moist Broadleaf Forests,Hawai'i tropical moist forests,623
500,1420,23.96948231775968,-109.6875,22.739698955091047,420.9548528177799,472.75469025451764,112.19472840064931,Neotropic,Tropical & Subtropical Dry Broadleaf Forests,Sinaloan dry forests,545
500,1421,23.96948231775968,-104.0625,17.734340634883896,352.8215332918319,595.5539035226559,95.56603889404661,Nearctic,Deserts & Xeric Shrublands,Meseta Central matorral,432
500,1422,23.96948231775968,-98.4375,20.838162484281735,408.23604614158154,629.0323574688798,69.00547023192021,Nearctic,Deserts & Xeric Shrublands,Meseta Central matorral,432
500,1424,23.96948231775968,-87.1875,25.207881927490234,205.84823608398435,1403.0,57.223350524902344,Neotropic,Mangroves,Bahamian-Antillean mangroves,612
500,1425,23.96948231775968,-81.5625,24.75502801517662,230.61831994418225,1385.9929424347524,62.25423846557336,Neotropic,Tropical & Subtropical Dry Broadleaf Forests,Cuban dry forests,530
500,1426,23.96948231775968,-75.9375,25.250113246354264,241.61592771496103,1142.686100005588,59.623693832208076,Neotropic,Mangroves,Bahamian-Antillean mangroves,612
500,1427,23.96948231775968,-70.3125,26.093490600585938,182.41831970214844,778.0,43.9664306640625,Neotropic,Mangroves,Bahamian-Antillean mangroves,612
500,1437,23.96948231775968,-14.0625,23.434021683930368,429.18842953545845,36.054744603641055,95.15847272937341,Palearctic,Deserts & Xeric Shrublands,South Sahara desert,842
500,1438,23.96948231775968,-8.4375,26.505326766922973,691.2410268930557,18.28431433398585,85.59194293747137,Palearctic,Deserts & Xeric Shrublands,South Sahara desert,842
500,1439,23.96948231775968,-2.8125,27.72886918971019,794.984176260746,10.913518496332209,65.7211288932827,Palearctic,Deserts & Xeric Shrublands,South Sahara desert,842
500,1440,23.96948231775968,2.8125,25.79340625865553,750.9260714889624,23.007947215291487,54.58148115284201,Palearctic,Deserts & Xeric Shrublands,South Sahara desert,842
500,1441,23.96948231775968,8.4375,23.394272627824094,734.495468427178,26.858912777527053,34.84494931986892,Palearctic,Deserts & Xeric Shrublands,West Saharan montane xeric woodlands,846
500,1442,23.96948231775968,14.0625,23.1267281790898,715.7285408472209,15.609320943236861,41.126857465268195,Palearctic,Deserts & Xeric Shrublands,East Sahara Desert,822
500,1443,23.96948231775968,19.6875,23.035661568134245,669.3408207656483,2.5753322379551804,30.653123416404366,Palearctic,Deserts & Xeric Shrublands,East Sahara Desert,822
500,1444,23.96948231775968,25.3125,22.566740037924387,680.929786162386,3.1830110853567115,35.9974549879112,Palearctic,Deserts & Xeric Shrublands,East Sahara Desert,822
500,1445,23.96948231775968,30.9375,24.489915744157866,686.1038215594845,0.9205151412631473,15.41865494961106,Palearctic,Deserts & Xeric Shrublands,East Sahara Desert,822
500,1446,23.96948231775968,36.5625,25.319785907916533,542.4610150065761,37.52110833119033,71.86142309930464,Palearctic,Deserts & Xeric Shrublands,Red Sea-Arabian Desert shrublands,837
500,1447,23.96948231775968,42.1875,26.39753954646589,708.1421225186925,120.8345732206912,84.80706296549462,Palearctic,Deserts & Xeric Shrublands,Arabian desert,809
500,1448,23.96948231775968,47.8125,26.67755612360647,710.7449917054361,98.62189037691583,109.93734286783396,Palearctic,Deserts & Xeric Shrublands,Arabian desert,809
500,1449,23.96948231775968,53.4375,28.065083381742152,651.3688174490117,85.37613830015897,104.54647810429496,Palearctic,Deserts & Xeric Shrublands,Arabian sand desert,810
500,1450,23.96948231775968,59.0625,26.62230841170486,523.025280520389,173.07806750711794,77.98803631774564,Palearctic,"Temperate Grasslands, Savannas & Shrublands",Al-Hajar foothill xeric woodlands and shrublands,722
500,1451,23.96948231775968,64.6875,26.21761700350036,523.76442104219,207.1870362235654,100.74087486218762,Palearctic,Deserts & Xeric Shrublands,South Iran Nubo-Sindian desert and semi-desert,841
500,1452,23.96948231775968,70.3125,26.942027184438842,489.41781352195966,405.90460615259684,155.2913736658789,Indomalayan,Deserts & Xeric Shrublands,Aravalli west thorn scrub forests,314
500,1453,23.96948231775968,75.9375,25.96752218918473,516.41342655326,892.1938376200652,149.33569590228868,Indomalayan,Tropical & Subtropical Dry Broadleaf Forests,Khathiar-Gir dry deciduous forests,295
500,1454,23.96948231775968,81.5625,25.323130444403215,560.2717963850058,1141.1736637818694,139.94746038339582,Indomalayan,Tropical & Subtropical Moist Broadleaf Forests,East Deccan moist deciduous forests,228
500,1455,23.96948231775968,87.1875,25.603614413110197,464.1812278577336,1412.1164054730014,109.27128800251467,Indomalayan,Tropical & Subtropical Moist Broadleaf Forests,Lower Gangetic Plains moist deciduous forests,238
500,1456,23.96948231775968,92.8125,22.968666780449183,371.0557194687932,2332.920601133759,92.11933108817914,Indomalayan,Tropical & Subtropical Moist Broadleaf Forests,Mizoram-Manipur-Kachin rain forests,249
500,1457,23.96948231775968,98.4375,19.828328476175013,397.135301443298,1489.0680429241893,86.3171824191465,Indomalayan,Tropical & Subtropical Moist Broadleaf Forests,Northern Indochina subtropical forests,256
500,1458,23.96948231775968,104.0625,17.50561130986994,474.0597247693237,1250.6289335285287,84.56311587936176,Palearctic,Tropical & Subtropical Moist Broadleaf Forests,Yunnan Plateau subtropical evergreen forests,643
500,1459,23.96948231775968,109.6875,19.69353979725415,643.2981445621499,1583.0125046077442,67.56140265896614,Indomalayan,Tropical & Subtropical Moist Broadleaf Forests,Jian Nan subtropical evergreen forests,236
500,1460,23.96948231775968,115.3125,19.618918581600372,622.0542106156396,1634.637578594816,62.083468755998545,Indomalayan,Tropical & Subtropical Moist Broadleaf Forests,Jian Nan subtropical evergreen forests,236
500,1461,23.96948231775968,120.9375,19.031235713780827,466.92793609178045,2139.940212353543,67.73035735719697,Indomalayan,Tropical & Subtropical Moist Broadleaf Forests,Taiwan subtropical evergreen forests,283
500,1462,23.96948231775968,126.5625,23.414825365395842,399.9810731773431,2134.2884027917016,19.709603921240358,Indomalayan,Tropical & Subtropical Moist Broadleaf Forests,Nansei Islands subtropical evergreen forests,251
500,1482,27.953186883381132,-120.9375,18.322540283203125,203.21336364746094,117.0,87.27481842041016,Nearctic,"Mediterranean Forests, Woodlands & Scrub",California coastal sage and chaparral,422
500,1483,27.953186883381132,-115.3125,20.023432446902227,429.1852272583051,116.59699060607295,73.46525876235991,Nearctic,Deserts & Xeric Shrublands,Baja California desert,426
500,1484,27.953186883381132,-109.6875,19.575504301890625,540.9751689968773,560.1428572059851,102.08451557780205,Nearctic,Tropical & Subtropical Coniferous Forests,Sierra Madre Occidental pine-oak forests,326
500,1485,27.953186883381132,-104.0625,18.32327265645033,581.9829832388683,361.9622211795103,84.76834253390442,Nearctic,Deserts & Xeric Shrublands,Chihuahuan desert,428
500,1486,27.953186883381132,-98.4375,21.31193692542682,637.4146231631189,648.8824285898299,46.922659772552194,Nearctic,Deserts & Xeric Shrublands,Tamaulipan mezquital,437
500,1487,27.953186883381132,-92.8125,20.344708630626705,620.4115334540251,1460.9060800273767,22.73496630788953,Nearctic,"Tropical & Subtropical Grasslands, Savannas & Shrublands",Western Gulf coastal grasslands,384
500,1488,27.953186883381132,-87.1875,20.35742259524041,600.8496849146056,1548.7859604633525,25.23045336656961,Nearctic,Temperate Broadleaf & Mixed Forests,Mississippi lowland forests,337
500,1489,27.953186883381132,-81.5625,22.104174379157996,452.81672262240653,1304.6599242405603,51.84976558657452,Nearctic,"Temperate Grasslands, Savannas & Shrublands",Southeast US conifer savannas,399
500,1490,27.953186883381132,-75.9375,24.532683704134417,303.2893268950838,1333.735801355311,46.89108105932141,Neotropic,Tropical & Subtropical Coniferous Forests,Bahamian pineyards,552
500,1500,27.953186883381132,-19.6875,16.843096446580077,275.8621403566891,363.412055824137,80.0338382345502,Palearctic,"Mediterranean Forests, Woodlands & Scrub",Canary Islands dry woodlands and forests,787
500,1501,27.953186883381132,-14.0625,20.650994223878058,327.13107399044793,55.18017722659146,73.79357635326963,Palearctic,Deserts & Xeric Shrublands,North Saharan Xeric Steppe and Woodland,833
500,1502,27.953186883381132,-8.4375,22.58438304298568,664.1403002249764,62.397512568745306,66.13900657833301,Palearctic,Deserts & Xeric Shrublands,North Saharan Xeric Steppe and Woodland,833
500,1503,27.953186883381132,-2.8125,25.16440010487367,869.0556230602655,17.17831722695366,56.51060774641101,Palearctic,Deserts & Xeric Shrublands,West Sahara desert,845
500,1504,27.953186883381132,2.8125,24.478563776867563,876.094067947834,21.56019842214714,42.58687001584394,Palearctic,Deserts & Xeric Shrublands,West Sahara desert,845
500,1505,27.953186883381132,8.4375,23.161687188997416,824.5413257390926,24.067127312489358,45.76619233465917,Palearctic,Deserts & Xeric Shrublands,West Sahara desert,845
500,1506,27.953186883381132,14.0625,21.19032602487205,698.2506053561065,22.465290967257136,46.40808127009081,Palearctic,Deserts & Xeric Shrublands,North Saharan Xeric Steppe and Woodland,833
500,1507,27.953186883381132,19.6875,21.323810825968582,626.3101688275773,14.962155317242345,47.376074829570655,Palearctic,Deserts & Xeric Shrublands,North Saharan Xeric Steppe and Woodland,833
500,1508,27.953186883381132,25.3125,21.7252444364589,648.4870273358496,22.08707115431634,62.954296284848944,Palearctic,Deserts & Xeric Shrublands,East Sahara Desert,822
500,1509,27.953186883381132,30.9375,21.35191663372778,638.4271027595354,9.432141349374778,42.69763304741606,Palearctic,Deserts & Xeric Shrublands,North Saharan Xeric Steppe and Woodland,833
500,1510,27.953186883381132,36.5625,21.12249796753312,704.197540524868,47.143243515435415,68.79145762954363,Palearctic,Deserts & Xeric Shrublands,North Arabian desert,831
500,1511,27.953186883381132,42.1875,23.121753414652872,865.5517340278288,130.86581034147372,85.66143905086183,Palearctic,Deserts & Xeric Shrublands,Arabian desert,809
500,1512,27.953186883381132,47.8125,25.511327802985463,867.4532095806534,150.3051763044997,88.79521996262314,Palearctic,Deserts & Xeric Shrublands,Arabian desert,809
500,1513,27.953186883381132,53.4375,20.518310488141708,775.392964483898,240.36893828073735,100.3056256257775,Palearctic,Deserts & Xeric Shrublands,South Iran Nubo-Sindian desert and semi-desert,841
500,1514,27.953186883381132,59.0625,21.93621026606082,727.3995166705697,166.67379666984078,82.75916764315848,Palearctic,Deserts & Xeric Shrublands,South Iran Nubo-Sindian desert and semi-desert,841
500,1515,27.953186883381132,64.6875,22.44431280896226,790.1172449817581,140.02206094857,85.47979849561855,Palearctic,Deserts & Xeric Shrublands,Baluchistan xeric woodlands,814
500,1516,27.953186883381132,70.3125,26.373262973562774,749.1193383186733,172.3739562524518,118.05419524246675,Indomalayan,Deserts & Xeric Shrublands,Thar desert,318
500,1517,27.953186883381132,75.9375,25.21348381549492,692.1927683803566,561.4722854787457,138.2859459384037,Indomalayan,Deserts & Xeric Shrublands,Aravalli west thorn scrub forests,314
500,1518,27.953186883381132,81.5625,19.96742926696607,587.0577174421659,1155.461726610447,117.18599042314752,Indomalayan,Tropical & Subtropical Moist Broadleaf Forests,Upper Gangetic Plains moist deciduous forests,287
500,1519,27.953186883381132,87.1875,10.184272983324528,547.2559339402615,1086.1536575363564,96.79295992654322,Palearctic,Montane Grasslands & Shrublands,Eastern Himalayan alpine shrub and meadows,751
500,1520,27.953186883381132,92.8125,11.388984069700577,525.8942313038901,1347.8958686573087,93.83223874748744,Indomalayan,Tropical & Subtropical Moist Broadleaf Forests,Brahmaputra Valley semi-evergreen forests,222
500,1521,27.953186883381132,98.4375,8.694207374112757,540.5583992151514,1308.242677023526,82.44870452052427,Palearctic,Temperate Conifer Forests,Hengduan Mountains subalpine conifer forests,697
500,1522,27.953186883381132,104.0625,13.322324600843215,617.1715042110347,1012.0760182448148,82.6201920307069,Palearctic,Tropical & Subtropical Moist Broadleaf Forests,Guizhou Plateau broadleaf and mixed forests,642
500,1523,27.953186883381132,109.6875,15.74479218054432,790.1114717913923,1312.0055202137198,56.724499764583356,Palearctic,Tropical & Subtropical Moist Broadleaf Forests,Guizhou Plateau broadleaf and mixed forests,642
500,1524,27.953186883381132,115.3125,17.189562914342638,819.7984467315887,1574.4742298140588,55.12712637166738,Indomalayan,Tropical & Subtropical Moist Broadleaf Forests,Jian Nan subtropical evergreen forests,236
500,1525,27.953186883381132,120.9375,16.224073022108286,765.8598021240197,1590.975655467018,52.75789310032099,Indomalayan,Tropical & Subtropical Moist Broadleaf Forests,Jian Nan subtropical evergreen forests,236
500,1526,27.953186883381132,126.5625,22.186624054681776,467.6305441475398,2148.4191575865516,27.03775642305128,Indomalayan,Tropical & Subtropical Moist Broadleaf Forests,Nansei Islands subtropical evergreen forests,251
500,1527,27.953186883381132,132.1875,20.961900161570792,511.0337542763004,2583.488628691248,34.558514817170696,Indomalayan,Tropical & Subtropical Moist Broadleaf Forests,Nansei Islands subtropical evergreen forests,251
500,1546,32.0899512562803,-120.9375,16.856302675154375,331.779765333532,379.93758675143005,100.2613200743642,Nearctic,"Mediterranean Forests, Woodlands & Scrub",California coastal sage and chaparral,422
500,1547,32.0899512562803,-115.3125,20.175471128241103,666.8313690990166,194.38548316811125,62.79209497608169,Nearctic,Deserts & Xeric Shrublands,Sonoran desert,435
500,1548,32.0899512562803,-109.6875,16.311660433200966,714.661736327322,380.78056189669724,73.22703575383368,Nearctic,Deserts & Xeric Shrublands,Chihuahuan desert,428
500,1549,32.0899512562803,-104.0625,16.0627698410753,772.2722390741567,364.4140077660414,68.81422628201967,Nearctic,Deserts & Xeric Shrublands,Chihuahuan desert,428
500,1550,32.0899512562803,-98.4375,18.042236470491797,786.3890687378889,770.8380216593386,36.98844536499478,Nearctic,"Temperate Grasslands, Savannas & Shrublands",Cross-Timbers savanna-woodland,390
500,1551,32.0899512562803,-92.8125,18.14010948363376,735.387662055709,1369.1282353346232,17.31540690047065,Nearctic,Temperate Conifer Forests,Piney Woods,363
500,1552,32.0899512562803,-87.1875,17.66208138405947,706.1587888299173,1466.8888722623074,20.70269533792981,Nearctic,"Temperate Grasslands, Savannas & Shrublands",Southeast US conifer savannas,399
500,1553,32.0899512562803,-81.5625,18.228807346154003,678.2032325251555,1249.205042044903,25.54484403635649,Nearctic,"Temperate Grasslands, Savannas & Shrublands",Southeast US conifer savannas,399
500,1554,32.0899512562803,-75.9375,17.202457052829562,703.7635601932539,1377.824052327688,30.16201469704148,Nearctic,"Temperate Grasslands, Savannas & Shrublands",Mid-Atlantic US coastal savannas,393
500,1564,32.0899512562803,-19.6875,14.672480583190918,261.9977722167969,732.0,60.17795944213867,Palearctic,Temperate Broadleaf & Mixed Forests,Madeira evergreen forests,668
500,1565,32.0899512562803,-14.0625,17.098447799682617,248.8804168701172,628.0,64.76629638671875,Palearctic,Temperate Broadleaf & Mixed Forests,Madeira evergreen forests,668
500,1566,32.0899512562803,-8.4375,16.657513726116175,591.2768046493641,351.0541831750386,66.09971481045432,Palearctic,"Mediterranean Forests, Woodlands & Scrub",Mediterranean woodlands and forests,798
500,1567,32.0899512562803,-2.8125,18.175860424856744,797.046432954841,172.85993908349982,44.92845459708141,Palearctic,Deserts & Xeric Shrublands,North Saharan Xeric Steppe and Woodland,833
500,1568,32.0899512562803,2.8125,20.583883710888077,868.0472301961095,83.10452744491681,42.30314564588301,Palearctic,Deserts & Xeric Shrublands,North Saharan Xeric Steppe and Woodland,833
500,1569,32.0899512562803,8.4375,22.244858277833107,807.3815316295247,67.73792967643499,57.037704966990034,Palearctic,Deserts & Xeric Shrublands,North Saharan Xeric Steppe and Woodland,833
500,1570,32.0899512562803,14.0625,19.934636818574845,629.5464326287836,122.92152062011995,72.3673054605552,Palearctic,Deserts & Xeric Shrublands,North Saharan Xeric Steppe and Woodland,833
500,1571,32.0899512562803,19.6875,19.54515433229244,535.3010130171848,135.10602669611234,102.22458452353901,Palearctic,Deserts & Xeric Shrublands,North Saharan Xeric Steppe and Woodland,833
500,1572,32.0899512562803,25.3125,19.33050829436181,534.2899398096106,77.46698512460209,90.0209883383467,Palearctic,Deserts & Xeric Shrublands,North Saharan Xeric Steppe and Woodland,833
500,1573,32.0899512562803,30.9375,20.438841646662777,538.8365467295431,66.49751163288231,89.63171276306568,Palearctic,Deserts & Xeric Shrublands,North Saharan Xeric Steppe and Woodland,833
500,1574,32.0899512562803,36.5625,18.50279305771764,734.3457695015129,169.671252252258,85.17981638979758,Palearctic,Deserts & Xeric Shrublands,North Arabian desert,831
500,1575,32.0899512562803,42.1875,21.907090226408666,922.8401806082152,99.39018043256479,82.24791518732629,Palearctic,Deserts & Xeric Shrublands,North Arabian desert,831
500,1576,32.0899512562803,47.8125,20.993853049562066,913.2159463936166,259.7103198102996,95.41195077507435,Palearctic,Temperate Broadleaf & Mixed Forests,Zagros Mountains forest steppe,688
500,1577,32.0899512562803,53.4375,16.363002352433107,919.0143819452079,146.01198088656312,85.13924028378575,Palearctic,Deserts & Xeric Shrublands,Central Persian desert basins,820
500,1578,32.0899512562803,59.0625,19.43242300908884,901.7413953012064,132.52999340913024,97.80886593743526,Palearctic,Deserts & Xeric Shrublands,Central Persian desert basins,820
500,1579,32.0899512562803,64.6875,15.007151709464392,971.7559182903224,182.78614295754474,102.4265425257859,Palearctic,Deserts & Xeric Shrublands,Registan-North Pakistan sandy desert,838
500,1580,32.0899512562803,70.3125,18.46261306840328,853.6924736852781,343.5502665195418,82.13206324275919,Palearctic,Deserts & Xeric Shrublands,Baluchistan xeric woodlands,814
500,1581,32.0899512562803,75.9375,14.249555492930599,755.8911562895668,793.2348791133172,90.95597604635583,Indomalayan,Deserts & Xeric Shrublands,Aravalli west thorn scrub forests,314
500,1582,32.0899512562803,81.5625,-2.3590248535526066,835.5042105391726,266.50226048760146,102.79948203942944,Palearctic,Montane Grasslands & Shrublands,Central Tibetan Plateau alpine steppe,750
500,1583,32.0899512562803,87.1875,-2.401099408935403,827.0486825558568,217.14282568563505,90.94983835444886,Palearctic,Montane Grasslands & Shrublands,Central Tibetan Plateau alpine steppe,750
500,1584,32.0899512562803,92.8125,-3.3227647198083514,799.3226926173731,496.1154430587384,107.22380954715295,Palearctic,Montane Grasslands & Shrublands,Tibetan Plateau alpine shrublands and meadows,768
500,1585,32.0899512562803,98.4375,-0.7611468209757684,723.6780536688487,602.5727320735019,93.88030656101684,Palearctic,Montane Grasslands & Shrublands,Southeast Tibet shrublands and meadows,765
500,1586,32.0899512562803,104.0625,8.429346382433904,712.6165441693306,834.7542590057054,85.54554253964766,Palearctic,Montane Grasslands & Shrublands,Southeast Tibet shrublands and meadows,765
500,1587,32.0899512562803,109.6875,13.546137080167473,819.2586684660257,1038.8261959476088,66.32512009701036,Palearctic,Temperate Broadleaf & Mixed Forests,Daba Mountains evergreen forests,659
500,1588,32.0899512562803,115.3125,15.532680437217518,916.9121355337317,1054.581546785727,64.21595335201195,Palearctic,Temperate Broadleaf & Mixed Forests,Changjiang Plain evergreen forests,657
500,1589,32.0899512562803,120.9375,15.291659718138607,901.7467117304476,1055.548765589744,61.18225742396386,Palearctic,Temperate Broadleaf & Mixed Forests,Changjiang Plain evergreen forests,657
500,1590,32.0899512562803,126.5625,14.588849234072487,744.5170953353975,1991.9528275965654,52.927598492250034,Palearctic,Temperate Broadleaf & Mixed Forests,Southern Korea evergreen forests,681
500,1591,32.0899512562803,132.1875,14.494898638421963,775.1336190473203,2192.067020501781,57.01691756327589,Palearctic,Temperate Broadleaf & Mixed Forests,Taiheiyo evergreen forests,682
500,1592,32.0899512562803,137.8125,14.031810656823827,768.7229322558177,2082.7297608418608,47.460442205459515,Palearctic,Temperate Broadleaf & Mixed Forests,Taiheiyo evergreen forests,682
500,1610,36.42357364233116,-120.9375,13.243972628144226,600.8514512954799,499.8747941365682,81.77835727661295,Nearctic,"Mediterranean Forests, Woodlands & Scrub",California interior chaparral and woodlands,423
500,1611,36.42357364233116,-115.3125,14.344438659936635,821.5132882500249,226.68396215435502,39.4603110476413,Nearctic,Deserts & Xeric Shrublands,Mojave desert,433
500,1612,36.42357364233116,-109.6875,9.741451893730455,850.6595643508108,335.40560159338946,39.55709765724218,Nearctic,Deserts & Xeric Shrublands,Colorado Plateau shrublands,429
500,1613,36.42357364233116,-104.0625,10.498528362989779,852.0374175723811,409.8297780585796,60.26245872748906,Nearctic,"Temperate Grasslands, Savannas & Shrublands",Western shortgrass prairie,402
500,1614,36.42357364233116,-98.4375,14.491283710088688,944.3800213867847,740.0241367215493,47.53085552329296,Nearctic,"Temperate Grasslands, Savannas & Shrublands",Central-Southern US mixed grasslands,389
500,1615,36.42357364233116,-92.8125,14.368736023698895,891.2713293181138,1166.4629907643136,24.08323579825768,Nearctic,Temperate Broadleaf & Mixed Forests,Ozark Highlands mixed forests,340
500,1616,36.42357364233116,-87.1875,14.055467604593659,853.1298343697555,1317.3578452460827,16.53054985969294,Nearctic,Temperate Broadleaf & Mixed Forests,Interior Plateau US Hardwood Forests,336
500,1617,36.42357364233116,-81.5625,13.172207903016732,790.4811974647481,1216.4552498290943,13.245233597769898,Nearctic,Temperate Broadleaf & Mixed Forests,Appalachian Piedmont forests,330
500,1618,36.42357364233116,-75.9375,14.884229434746617,789.0481735288658,1177.242280501601,16.63161398030743,Nearctic,"Temperate Grasslands, Savannas & Shrublands",Mid-Atlantic US coastal savannas,393
500,1626,36.42357364233116,-30.9375,15.610428428378569,311.9683817789642,1402.7103555137332,36.46597424680316,Palearctic,Temperate Broadleaf & Mixed Forests,Azores temperate mixed forests,645
500,1627,36.42357364233116,-25.3125,16.295100163942365,297.3030430506442,1164.0111541654899,36.437383416801225,Palearctic,Temperate Broadleaf & Mixed Forests,Azores temperate mixed forests,645
500,1630,36.42357364233116,-8.4375,16.83527867105921,526.4778536332636,591.6481624801528,67.22054566853545,Palearctic,"Mediterranean Forests, Woodlands & Scrub",Southwest Iberian Mediterranean sclerophyllous and mixed forests,805
500,1631,36.42357364233116,-2.8125,15.701787457633033,626.3033381841617,474.93386479970735,55.704314366301574,Palearctic,"Mediterranean Forests, Woodlands & Scrub",Iberian sclerophyllous and semi-deciduous forests,793
500,1632,36.42357364233116,2.8125,16.338139122085373,734.6712864442777,387.05707636976456,45.71056408426489,Palearctic,"Mediterranean Forests, Woodlands & Scrub",Mediterranean woodlands and forests,798
500,1633,36.42357364233116,8.4375,17.359601234666734,682.0155589818385,412.3384956438848,44.71774426582611,Palearctic,"Mediterranean Forests, Woodlands & Scrub",Mediterranean woodlands and forests,798
500,1634,36.42357364233116,14.0625,15.747391833762562,571.9406996210968,566.7808220863143,61.556370849083244,Palearctic,"Mediterranean Forests, Woodlands & Scrub",Tyrrhenian-Adriatic sclerophyllous and mixed forests,806
500,1635,36.42357364233116,19.6875,14.052175789320884,627.2163335697392,805.1667361154402,66.05961563497202,Palearctic,"Mediterranean Forests, Woodlands & Scrub",Aegean and Western Turkey sclerophyllous and mixed forests,785
500,1636,36.42357364233116,25.3125,16.10728744540908,647.2452345773854,655.3223760122175,77.06503215627816,Palearctic,"Mediterranean Forests, Woodlands & Scrub",Aegean and Western Turkey sclerophyllous and mixed forests,785
500,1637,36.42357364233116,30.9375,12.28160380980681,745.5582948852266,601.4239448271101,63.98306935525605,Palearctic,"Mediterranean Forests, Woodlands & Scrub",Southern Anatolian montane conifer and deciduous forests,804
500,1638,36.42357364233116,36.5625,14.9942669847829,833.4173041507644,455.9007558094848,71.86620862172978,Palearctic,"Mediterranean Forests, Woodlands & Scrub",Eastern Mediterranean conifer-broadleaf forests,791
500,1639,36.42357364233116,42.1875,17.531546275126903,967.2832337791248,441.6519910955109,80.7865767585083,Palearctic,Deserts & Xeric Shrublands,Mesopotamian shrub desert,830
500,1640,36.42357364233116,47.8125,11.765288482253304,928.9650309938016,411.1921826774401,71.2653196219995,Palearctic,Temperate Broadleaf & Mixed Forests,Zagros Mountains forest steppe,688
500,1641,36.42357364233116,53.4375,16.404273136418073,930.7469385613995,239.3486584213375,63.46672942932312,Palearctic,Deserts & Xeric Shrublands,Central Persian desert basins,820
500,1642,36.42357364233116,59.0625,15.452681977687268,945.2550329183284,241.22610414364001,78.57739583911678,Palearctic,Deserts & Xeric Shrublands,Central Persian desert basins,820
500,1643,36.42357364233116,64.6875,12.57752608167555,993.4785036143148,275.5924129035767,91.00198405336211,Palearctic,Deserts & Xeric Shrublands,Badghyz and Karabil semi-desert,813
500,1644,36.42357364233116,70.3125,7.789123068295345,902.5518238400912,553.4762755926706,75.4709412017819,Palearctic,Deserts & Xeric Shrublands,Paropamisus xeric woodlands,834
500,1645,36.42357364233116,75.9375,0.11869502307511436,977.3040503260273,199.9676919391759,62.16135434078869,Palearctic,Montane Grasslands & Shrublands,Karakoram-West Tibetan Plateau alpine steppe,754
500,1646,36.42357364233116,81.5625,2.5970116639614895,1064.2740898599332,42.955737240053914,99.5957763613958,Palearctic,Deserts & Xeric Shrublands,Taklimakan desert,843
500,1647,36.42357364233116,87.1875,-3.9715115559915923,981.2233369668754,128.05619571977704,118.56891771064885,Palearctic,Montane Grasslands & Shrublands,North Tibetan Plateau-Kunlun Mountains alpine desert,759
500,1648,36.42357364233116,92.8125,-2.223924601902216,941.1470070001515,163.4519109176841,105.02016743903077,Palearctic,Deserts & Xeric Shrublands,Qaidam Basin semi-desert,835
500,1649,36.42357364233116,98.4375,-1.9030838990359737,905.1433917395688,325.52348644467423,98.86418692655461,Palearctic,Montane Grasslands & Shrublands,Central Tibetan Plateau alpine steppe,750
500,1650,36.42357364233116,104.0625,5.294154281634009,933.5605829493359,403.94048380093733,90.84157146757963,Palearctic,Montane Grasslands & Shrublands,Southeast Tibet shrublands and meadows,765
500,1651,36.42357364233116,109.6875,9.571051955550525,1012.5848138386532,505.17648434422154,90.24221728321216,Palearctic,Temperate Broadleaf & Mixed Forests,Central China Loess Plateau mixed forests,653
500,1652,36.42357364233116,115.3125,12.681373455821655,1037.7363245851102,583.5438583152652,108.09479066681999,Palearctic,Temperate Broadleaf & Mixed Forests,Huang He Plain mixed forests,667
500,1653,36.42357364233116,120.9375,12.672117380175651,997.2213975454148,723.0148008770402,102.80604046881682,Palearctic,Temperate Broadleaf & Mixed Forests,Huang He Plain mixed forests,667
500,1654,36.42357364233116,126.5625,10.933841564364243,972.9790673307481,1255.919003927887,85.1229534366543,Palearctic,Temperate Broadleaf & Mixed Forests,Central Korean deciduous forests,655
500,1655,36.42357364233116,132.1875,13.409355326807752,831.183148830525,1672.6728689662227,45.3150329331338,Palearctic,Temperate Broadleaf & Mixed Forests,Taiheiyo evergreen forests,682
500,1656,36.42357364233116,137.8125,11.558816462083492,849.5049532276358,1715.3704558046425,41.40509779374264,Palearctic,Temperate Broadleaf & Mixed Forests,Taiheiyo evergreen forests,682
500,1657,36.42357364233116,143.4375,11.417884736213692,813.889205228973,1249.2767393929978,46.103211950617926,Palearctic,Temperate Broadleaf & Mixed Forests,Taiheiyo evergreen forests,682
500,1673,41.01449966573052,-126.5625,11.323384369713152,385.02130492115475,1762.8379484738414,77.65623123845185,Nearctic,Temperate Conifer Forests,Northern California coastal forests,359
500,1674,41.01449966573052,-120.9375,9.595416708789948,689.3518813988942,671.0829393118779,54.99274570463567,Nearctic,Deserts & Xeric Shrublands,Snake-Columbia shrub steppe,434
500,1675,41.01449966573052,-115.3125,8.25651699627505,861.553032590557,284.55050700910397,25.33834279018399,Nearctic,Deserts & Xeric Shrublands,Great Basin shrub steppe,430
500,1676,41.01449966573052,-109.6875,5.65186649225029,919.8622632963464,334.0547493189543,23.851191282867486,Nearctic,Deserts & Xeric Shrublands,Wyoming Basin shrub steppe,438
500,1677,41.01449966573052,-104.0625,7.543267347833447,917.9346340517033,412.05304802564507,56.51072879174981,Nearctic,"Temperate Grasslands, Savannas & Shrublands",Western shortgrass prairie,402
500,1678,41.01449966573052,-98.4375,10.133569700164179,1066.0328923931938,642.6760374548944,57.66745209075759,Nearctic,"Temperate Grasslands, Savannas & Shrublands",Central-Southern US mixed grasslands,389
500,1679,41.01449966573052,-92.8125,10.02003369130704,1080.4496371343134,906.8922711224704,41.881214527418244,Nearctic,"Temperate Grasslands, Savannas & Shrublands",Central Tallgrass prairie,388
500,1680,41.01449966573052,-87.1875,10.01378464491432,1008.9777312203563,960.964986987452,25.753034766541425,Nearctic,"Temperate Grasslands, Savannas & Shrublands",Central US forest-grasslands transition,387
500,1681,41.01449966573052,-81.5625,9.605947795787598,931.2108051687665,996.6198529706945,18.734261096002097,Nearctic,Temperate Broadleaf & Mixed Forests,Southern Great Lakes forests,342
500,1682,41.01449966573052,-75.9375,9.244367561100049,925.070158537675,1068.8389869396997,14.498574829625905,Nearctic,Temperate Broadleaf & Mixed Forests,Allegheny Highlands forests,328
500,1683,41.01449966573052,-70.3125,8.369698039932343,937.7334390939488,1172.3522269056828,8.613619462134022,Nearctic,Temperate Broadleaf & Mixed Forests,Northeast US Coastal forests,339
500,1690,41.01449966573052,-30.9375,15.3788423538208,306.7751159667969,1670.0,37.08476257324219,Palearctic,Temperate Broadleaf & Mixed Forests,Azores temperate mixed forests,645
500,1691,41.01449966573052,-25.3125,18.162302017211914,298.02903747558594,1195.0,35.91707992553711,Palearctic,Temperate Broadleaf & Mixed Forests,Azores temperate mixed forests,645
500,1694,41.01449966573052,-8.4375,13.394452210790995,518.1793270248035,1024.4951777713861,50.9058910987,Palearctic,Temperate Broadleaf & Mixed Forests,Cantabrian mixed forests,648
500,1695,41.01449966573052,-2.8125,12.315424417439463,633.3253399126158,554.0348147541202,33.068453044543425,Palearctic,"Mediterranean Forests, Woodlands & Scrub",Iberian sclerophyllous and semi-deciduous forests,793
500,1696,41.01449966573052,2.8125,12.278162616411866,594.4985568220751,762.2416343836891,25.941203520979986,Palearctic,"Mediterranean Forests, Woodlands & Scrub",Northeast Spain and Southern France Mediterranean forests,799
500,1697,41.01449966573052,8.4375,14.627900800862292,574.3394229670155,668.665572842651,48.30188386392157,Palearctic,"Mediterranean Forests, Woodlands & Scrub",Tyrrhenian-Adriatic sclerophyllous and mixed forests,806
500,1698,41.01449966573052,14.0625,13.202105018838635,629.3052147196556,715.5633593926294,32.880671521774175,Palearctic,"Mediterranean Forests, Woodlands & Scrub",Italian sclerophyllous and semi-deciduous forests,795
500,1699,41.01449966573052,19.6875,10.982757611419364,699.0022682702552,851.5987206995071,30.82250635863854,Palearctic,Temperate Broadleaf & Mixed Forests,Balkan mixed forests,646
500,1700,41.01449966573052,25.3125,11.821265516880745,743.2071029197414,601.15407477832,32.92967032582743,Palearctic,Temperate Broadleaf & Mixed Forests,Balkan mixed forests,646
500,1701,41.01449966573052,30.9375,10.85318663454481,731.3476353742295,571.3902577234921,41.832219213335165,Palearctic,"Mediterranean Forests, Woodlands & Scrub",Anatolian conifer and deciduous mixed forests,786
500,1702,41.01449966573052,36.5625,9.360617513003298,779.4645921295664,529.6418401007735,41.10058726891677,Palearctic,Temperate Conifer Forests,Northern Anatolian conifer and deciduous forests,703
500,1703,41.01449966573052,42.1875,6.703964594540548,863.343133733027,793.5410297244044,37.714767108994046,Palearctic,Temperate Broadleaf & Mixed Forests,Caucasus mixed forests,650
500,1704,41.01449966573052,47.8125,9.98552115419198,847.1978157410745,504.20234258564506,41.70840749892198,Palearctic,Temperate Broadleaf & Mixed Forests,Caucasus mixed forests,650
500,1705,41.01449966573052,53.4375,13.855714625825335,1119.2864675932083,130.26239875049893,48.140144748741605,Palearctic,Deserts & Xeric Shrublands,Central Asian southern desert,819
500,1706,41.01449966573052,59.0625,13.900206278372488,1193.7366257213275,118.20968807162195,56.65432123039147,Palearctic,Deserts & Xeric Shrublands,Central Asian southern desert,819
500,1707,41.01449966573052,64.6875,13.997696547780208,1134.3013282543395,180.62119503069525,66.90771886772342,Palearctic,Deserts & Xeric Shrublands,Central Asian southern desert,819
500,1708,41.01449966573052,70.3125,8.14556975956164,1001.2727905034968,432.31305579216894,52.32297806943662,Palearctic,"Temperate Grasslands, Savannas & Shrublands",Gissaro-Alai open woodlands,730
500,1709,41.01449966573052,75.9375,2.278879055004572,1053.5691892739858,287.9145620711017,59.3688989311685,Palearctic,Montane Grasslands & Shrublands,Tian Shan montane steppe and meadows,767
500,1710,41.01449966573052,81.5625,7.104641608503013,1180.8179998424393,159.37327407349943,82.04358449655041,Palearctic,Deserts & Xeric Shrublands,Taklimakan desert,843
500,1711,41.01449966573052,87.1875,8.327655431603215,1233.0464260390413,87.84453043588836,90.3175639232209,Palearctic,Deserts & Xeric Shrublands,Taklimakan desert,843
500,1712,41.01449966573052,92.8125,7.312816771033684,1197.9897580277827,47.68425991679806,83.18678153624796,Palearctic,Deserts & Xeric Shrublands,Taklimakan desert,843
500,1713,41.01449966573052,98.4375,5.296164269365759,1182.8783547978665,102.88301734217069,98.23873417485221,Palearctic,Deserts & Xeric Shrublands,Alashan Plateau semi-desert,808
500,1714,41.01449966573052,104.0625,7.633649824327322,1267.7735781700417,96.32387430464954,99.666535147029,Palearctic,Deserts & Xeric Shrublands,Alashan Plateau semi-desert,808
500,1715,41.01449966573052,109.6875,5.694896366257252,1262.7890267813161,249.1068008664476,107.42610638239996,Palearctic,Montane Grasslands & Shrublands,Ordos Plateau steppe,761
500,1716,41.01449966573052,115.3125,5.971506618569886,1224.0147287894802,406.3724228311921,113.77222428794272,Palearctic,"Temperate Grasslands, Savannas & Shrublands",Mongolian-Manchurian grassland,734
500,1717,41.01449966573052,120.9375,7.956981229330498,1233.8525929028146,538.4929837820729,113.763112461249,Palearctic,Temperate Broadleaf & Mixed Forests,Northeast China Plain deciduous forests,673
500,1718,41.01449966573052,126.5625,4.991015228101806,1236.7002818820733,853.1336644399661,99.78673538425818,Palearctic,Temperate Broadleaf & Mixed Forests,Manchurian mixed forests,669
500,1719,41.01449966573052,132.1875,4.40304250890772,1162.6938005114373,692.4858681269153,81.93119773493613,Palearctic,Temperate Broadleaf & Mixed Forests,Manchurian mixed forests,669
500,1720,41.01449966573052,137.8125,8.961066960235437,915.6095996539924,1488.1773280658258,24.059033840740693,Palearctic,Temperate Broadleaf & Mixed Forests,Nihonkai montane deciduous forests,671
500,1721,41.01449966573052,143.4375,6.687342729045821,939.3273958150756,1247.7367278172524,34.89220432533568,Palearctic,Temperate Conifer Forests,Hokkaido montane conifer forests,698
500,1737,45.95137432591568,-126.5625,9.494169445489286,406.83850791040373,2548.855661653957,63.31963118913773,Nearctic,Temperate Conifer Forests,Central Pacific Northwest coastal forests,351
500,1738,45.95137432591568,-120.9375,8.186472288106204,662.5633857561526,1000.514776953666,51.96139659586193,Nearctic,"Temperate Grasslands, Savannas & Shrublands",Palouse prairie,398
500,1739,45.95137432591568,-115.3125,5.156325130193165,791.9891565003051,514.926461890189,33.03512664609723,Nearctic,Temperate Conifer Forests,South Central Rockies forests,367
500,1740,45.95137432591568,-109.6875,5.369834602534279,916.111439480389,402.5930526209726,49.11196469591472,Nearctic,"Temperate Grasslands, Savannas & Shrublands",Northern Shortgrass prairie,396
500,1741,45.95137432591568,-104.0625,6.919081555542168,1099.7336131112195,388.48139834235695,64.96239369310065,Nearctic,"Temperate Grasslands, Savannas & Shrublands",Northern Shortgrass prairie,396
500,1742,45.95137432591568,-98.4375,5.832739495355928,1237.3425218919117,499.353167060733,61.33386913146486,Nearctic,"Temperate Grasslands, Savannas & Shrublands",Canadian Aspen forests and parklands,386
500,1743,45.95137432591568,-92.8125,5.058654042234457,1205.3066736458625,737.8616909597171,52.27737869886969,Nearctic,Temperate Broadleaf & Mixed Forests,Western Great Lakes forests,344
500,1744,45.95137432591568,-87.1875,5.232477682627325,1069.3369385626381,816.9026760964111,32.51323225183379,Nearctic,Temperate Broadleaf & Mixed Forests,Western Great Lakes forests,344
500,1745,45.95137432591568,-81.5625,3.723304496098002,1122.5969448143671,894.6941040782806,22.268313002109316,Nearctic,Temperate Broadleaf & Mixed Forests,Eastern Canadian Forest-Boreal transition,333
500,1746,45.95137432591568,-75.9375,3.5143580147692663,1151.798337559244,987.8153576451695,21.028361718247602,Nearctic,Temperate Broadleaf & Mixed Forests,Eastern Canadian Forest-Boreal transition,333
500,1747,45.95137432591568,-70.3125,3.781021745664584,1102.8280245391318,1119.285754537908,17.177556699216353,Nearctic,Temperate Broadleaf & Mixed Forests,New England-Acadian forests,338
500,1748,45.95137432591568,-64.6875,4.6956149139287815,988.8890345913586,1223.0113993876316,13.795525645123332,Nearctic,Temperate Broadleaf & Mixed Forests,New England-Acadian forests,338
500,1749,45.95137432591568,-59.0625,3.8475456632173506,874.6052521575851,1523.8150128245882,15.17449695679974,Nearctic,Boreal Forests/Taiga,Eastern Canadian forests,373
500,1750,45.95137432591568,-53.4375,4.376381163846623,813.7696140710053,1465.5030253994614,12.497653721110767,Nearctic,Boreal Forests/Taiga,Eastern Canadian forests,373
500,1758,45.95137432591568,-8.4375,12.984252418562821,359.40916137863087,1142.3699293916038,35.64571455814193,Palearctic,Temperate Broadleaf & Mixed Forests,Cantabrian mixed forests,648
500,1759,45.95137432591568,-2.8125,11.91668587897459,490.74222939284925,879.429027978688,24.763568610749566,Palearctic,Temperate Broadleaf & Mixed Forests,European Atlantic mixed forests,664
500,1760,45.95137432591568,2.8125,10.852602344786563,588.672081409862,817.008603497686,16.983509490969155,Palearctic,Temperate Broadleaf & Mixed Forests,Western European broadleaf forests,686
500,1761,45.95137432591568,8.4375,7.959073890101694,651.9266327678862,1056.9963958131113,22.29158509562125,Palearctic,Temperate Conifer Forests,Alps conifer and mixed forests,689
500,1762,45.95137432591568,14.0625,8.674900893386303,702.5576034125974,1075.9309312501844,27.62244222269164,Palearctic,Temperate Conifer Forests,Alps conifer and mixed forests,689
500,1763,45.95137432591568,19.6875,9.976546073397898,780.0532667735283,676.5369284728515,25.891830848468132,Palearctic,Temperate Broadleaf & Mixed Forests,Pannonian mixed forests,674
500,1764,45.95137432591568,25.3125,8.615476469392627,823.8805051987075,640.0755569333098,37.63152943401527,Palearctic,Temperate Conifer Forests,Carpathian montane forests,692
500,1765,45.95137432591568,30.9375,9.396899270486935,890.2143968062537,490.25431013299396,27.019596321578142,Palearctic,"Temperate Grasslands, Savannas & Shrublands",Pontic steppe,735
500,1766,45.95137432591568,36.5625,9.69356986499601,924.1519036832498,542.022050669483,20.33324911832536,Palearctic,"Temperate Grasslands, Savannas & Shrublands",Pontic steppe,735
500,1767,45.95137432591568,42.1875,9.282131893398418,986.2346310976939,553.5318106412666,27.615770191841847,Palearctic,"Temperate Grasslands, Savannas & Shrublands",Pontic steppe,735
500,1768,45.95137432591568,47.8125,9.801433487550426,1149.0204583918426,245.21273199619299,21.72128962053126,Palearctic,Deserts & Xeric Shrublands,Caspian lowland desert,815
500,1769,45.95137432591568,53.4375,9.831627731161538,1301.8653714022919,147.3711801737275,25.271008678108174,Palearctic,Deserts & Xeric Shrublands,Central Asian northern desert,817
500,1770,45.95137432591568,59.0625,8.037787559595461,1376.1543803452955,151.359571795236,27.188688912455238,Palearctic,Deserts & Xeric Shrublands,Kazakh semi-desert,828
500,1771,45.95137432591568,64.6875,8.506893486928648,1402.7773071580098,140.51256071205796,35.63665146099662,Palearctic,Deserts & Xeric Shrublands,Central Asian northern desert,817
500,1772,45.95137432591568,70.3125,7.366261239909483,1352.0814245365345,175.34870922283224,33.80806927755973,Palearctic,Deserts & Xeric Shrublands,Central Asian northern desert,817
500,1773,45.95137432591568,75.9375,6.4856684403410005,1339.7805142113448,251.86228347192556,30.094124572276073,Palearctic,Deserts & Xeric Shrublands,Central Asian northern desert,817
500,1774,45.95137432591568,81.5625,4.277095788024963,1270.8515741652757,307.9540745156831,38.499195145176564,Palearctic,Montane Grasslands & Shrublands,Tian Shan montane steppe and meadows,767
500,1775,45.95137432591568,87.1875,4.127074261337346,1405.6743924781588,199.73372771586705,48.06890701397913,Palearctic,Deserts & Xeric Shrublands,Junggar Basin semi-desert,827
500,1776,45.95137432591568,92.8125,1.5065522895197923,1349.9770869183349,118.58798780168895,86.41947048255268,Palearctic,Deserts & Xeric Shrublands,Junggar Basin semi-desert,827
500,1777,45.95137432591568,98.4375,-0.5980396140624096,1318.3347808025692,150.28851903108557,110.11564887724471,Palearctic,Deserts & Xeric Shrublands,Gobi Lakes Valley desert steppe,825
500,1778,45.95137432591568,104.0625,1.5114897841968828,1350.9314848270278,198.5959638308207,111.6768364616972,Palearctic,"Temperate Grasslands, Savannas & Shrublands",Mongolian-Manchurian grassland,734
500,1779,45.95137432591568,109.6875,1.2850754779474174,1445.487818298824,196.74403114303826,117.53210424223764,Palearctic,Deserts & Xeric Shrublands,Eastern Gobi desert steppe,824
500,1780,45.95137432591568,115.3125,1.1367957056202425,1503.57561285192,241.19799187445872,113.46914770694015,Palearctic,"Temperate Grasslands, Savannas & Shrublands",Mongolian-Manchurian grassland,734
500,1781,45.95137432591568,120.9375,2.500417447112227,1427.3067304224046,403.292139567238,119.34487364814616,Palearctic,"Temperate Grasslands, Savannas & Shrublands",Mongolian-Manchurian grassland,734
500,1782,45.95137432591568,126.5625,3.03242425307617,1502.7905342186332,541.1797732759907,110.71382866197226,Palearctic,Temperate Broadleaf & Mixed Forests,Northeast China Plain deciduous forests,673
500,1783,45.95137432591568,132.1875,2.4008549935948964,1461.93914824062,627.2718136861553,85.46203305813872,Palearctic,Temperate Broadleaf & Mixed Forests,Manchurian mixed forests,669
500,1784,45.95137432591568,137.8125,-0.6269756117556136,1404.6670067083826,857.8862760370968,67.8192129615039,Palearctic,Temperate Broadleaf & Mixed Forests,Ussuri broadleaf and mixed forests,685
500,1785,45.95137432591568,143.4375,3.9807196235004394,996.308287580665,1012.842352950645,33.79178355673476,Palearctic,Temperate Conifer Forests,Hokkaido montane conifer forests,698
500,1786,45.95137432591568,149.0625,2.7173122206482567,742.0670564081076,1199.3371870424835,34.944236009263435,Palearctic,Temperate Broadleaf & Mixed Forests,Hokkaido deciduous forests,666
500,1792,51.37516712694704,-177.1875,4.101148967771039,327.8953169997728,1160.3854126551669,29.240647619921454,Nearctic,Tundra,Aleutian Islands tundra,406
500,1793,51.37516712694704,-171.5625,3.903153124141201,332.6341528007753,1198.0365950233167,30.970345695917313,Nearctic,Tundra,Aleutian Islands tundra,406
500,1794,51.37516712694704,-165.9375,3.0762129624241537,399.2936633691685,1499.187951959729,32.963252879324806,Nearctic,Tundra,Aleutian Islands tundra,406
500,1800,51.37516712694704,-132.1875,6.70047357538371,450.17742370137404,2630.2255450729212,41.86027117707913,Nearctic,Temperate Conifer Forests,Queen Charlotte Islands conifer forests,365
500,1801,51.37516712694704,-126.5625,3.791484505093374,639.2258006111978,1577.8833756677043,41.26919263583656,Nearctic,Temperate Conifer Forests,British Columbia coastal conifer forests,349
500,1802,51.37516712694704,-120.9375,3.00304561723739,781.4610773606317,830.2759218045787,29.24250470227868,Nearctic,Temperate Conifer Forests,Northern Rockies conifer forests,361
500,1803,51.37516712694704,-115.3125,2.1588101360901306,908.3392938265315,676.4254426312617,48.071380896993595,Nearctic,Temperate Conifer Forests,Northern Rockies conifer forests,361
500,1804,51.37516712694704,-109.6875,3.10433120815622,1172.129858040254,376.3414490517136,61.97722699929634,Nearctic,"Temperate Grasslands, Savannas & Shrublands",Northern Shortgrass prairie,396
500,1805,51.37516712694704,-104.0625,2.1169514448334623,1294.6126065190274,429.0937372238497,59.43800849982342,Nearctic,Boreal Forests/Taiga,Mid-Canada Boreal Plains forests,376
500,1806,51.37516712694704,-98.4375,1.1983524133754184,1354.500167045257,517.7508221672856,53.88893902549121,Nearctic,Boreal Forests/Taiga,Mid-Canada Boreal Plains forests,376
500,1807,51.37516712694704,-92.8125,0.08405603458755184,1359.4875415464394,654.572827689432,49.46809231955668,Nearctic,Boreal Forests/Taiga,Midwest Canadian Shield forests,377
500,1808,51.37516712694704,-87.1875,-1.0564548910230092,1344.2974321263926,714.8094056086096,40.29642605786587,Nearctic,Boreal Forests/Taiga,Midwest Canadian Shield forests,377
500,1809,51.37516712694704,-81.5625,-0.5796724741822996,1329.7073665130476,730.4048981554757,37.875644814639955,Nearctic,Boreal Forests/Taiga,Southern Hudson Bay taiga,382
500,1810,51.37516712694704,-75.9375,-1.0853048676640495,1303.038475570438,840.5592392297195,39.36795067052637,Nearctic,Boreal Forests/Taiga,Central Canadian Shield forests,370
500,1811,51.37516712694704,-70.3125,-2.286938495357711,1285.8482940193755,951.7464007093101,33.87208980162135,Nearctic,Boreal Forests/Taiga,Eastern Canadian forests,373
500,1812,51.37516712694704,-64.6875,-2.3677642775193957,1199.2979845472798,971.0856204223995,25.055060581989828,Nearctic,Boreal Forests/Taiga,Eastern Canadian Shield taiga,374
500,1813,51.37516712694704,-59.0625,-0.5174619653977601,1043.2117876651782,1104.8055492548622,18.409318382832225,Nearctic,Boreal Forests/Taiga,Eastern Canadian forests,373
500,1814,51.37516712694704,-53.4375,2.681749879576746,902.236247012022,1083.442166825446,11.826077507841354,Nearctic,Boreal Forests/Taiga,Eastern Canadian forests,373
500,1822,51.37516712694704,-8.4375,9.523112562808945,371.49867128974404,1210.0172125057547,23.89875996012865,Palearctic,Temperate Broadleaf & Mixed Forests,Celtic broadleaf forests,651
500,1823,51.37516712694704,-2.8125,9.51435804446961,442.95803082359856,898.3154881782332,19.573698068494817,Palearctic,Temperate Broadleaf & Mixed Forests,Celtic broadleaf forests,651
500,1824,51.37516712694704,2.8125,9.964744244609298,532.3594602471043,731.8361125941885,14.450951963682975,Palearctic,Temperate Broadleaf & Mixed Forests,European Atlantic mixed forests,664
500,1825,51.37516712694704,8.4375,8.87362126407248,617.4875282971254,802.2713537195345,15.162848569987407,Palearctic,Temperate Broadleaf & Mixed Forests,Western European broadleaf forests,686
500,1826,51.37516712694704,14.0625,8.229305950556576,698.0985625856699,628.7446226217318,28.302781799989997,Palearctic,Temperate Broadleaf & Mixed Forests,Western European broadleaf forests,686
500,1827,51.37516712694704,19.6875,7.6961333854562985,756.6474806351141,624.6737358162088,37.18239079177581,Palearctic,Temperate Broadleaf & Mixed Forests,Central European mixed forests,654
500,1828,51.37516712694704,25.3125,6.853492871040658,817.8106937120965,636.1001142891184,35.91648352966584,Palearctic,Temperate Broadleaf & Mixed Forests,Central European mixed forests,654
500,1829,51.37516712694704,30.9375,6.690921965932887,910.59410337346,604.4479505169452,32.69622184830003,Palearctic,Temperate Broadleaf & Mixed Forests,Central European mixed forests,654
500,1830,51.37516712694704,36.5625,6.2782338752213525,1009.1963522686116,582.1690182473408,25.91573172916843,Palearctic,Temperate Broadleaf & Mixed Forests,East European forest steppe,661
500,1831,51.37516712694704,42.1875,5.997927401762806,1113.5341372467624,500.6881281534823,24.565431018235277,Palearctic,Temperate Broadleaf & Mixed Forests,East European forest steppe,661
500,1832,51.37516712694704,47.8125,5.992876136614273,1263.3636963807066,405.7803126028112,22.78500764933696,Palearctic,"Temperate Grasslands, Savannas & Shrublands",Pontic steppe,735
500,1833,51.37516712694704,53.4375,5.216251378182005,1331.9541660223615,352.773366259454,22.971393295656004,Palearctic,"Temperate Grasslands, Savannas & Shrublands",Pontic steppe,735
500,1834,51.37516712694704,59.0625,3.260772349840815,1360.8129643747354,354.7127752033417,28.522047869251896,Palearctic,"Temperate Grasslands, Savannas & Shrublands",Kazakh forest steppe,731
500,1835,51.37516712694704,64.6875,3.476538678860986,1443.5302076928795,262.53654460425713,30.946910582334716,Palearctic,"Temperate Grasslands, Savannas & Shrublands",Kazakh steppe,732
500,1836,51.37516712694704,70.3125,2.5273564438861698,1402.1441312302609,284.47166055631607,37.41783187768891,Palearctic,"Temperate Grasslands, Savannas & Shrublands",Kazakh steppe,732
500,1837,51.37516712694704,75.9375,2.7022337933149574,1382.5992967956217,296.5066711597327,42.81815296822013,Palearctic,"Temperate Grasslands, Savannas & Shrublands",Kazakh steppe,732
500,1838,51.37516712694704,81.5625,2.2598148763608634,1334.7688282710608,400.37420757226613,37.04008061687388,Palearctic,"Temperate Grasslands, Savannas & Shrublands",Kazakh steppe,732
500,1839,51.37516712694704,87.1875,-1.6689557903787613,1191.4031992683986,528.9729988100203,57.39177295738828,Palearctic,Temperate Conifer Forests,Sayan montane conifer forests,707
500,1840,51.37516712694704,92.8125,-2.566770163260549,1453.0442407003866,378.1449718469014,77.47351985608715,Palearctic,Deserts & Xeric Shrublands,Great Lakes Basin desert steppe,826
500,1841,51.37516712694704,98.4375,-5.761615736996345,1369.556136441782,352.74924621917745,102.01665914210473,Palearctic,Temperate Conifer Forests,Sayan montane conifer forests,707
500,1842,51.37516712694704,104.0625,-2.10243161589883,1367.4866749622388,427.9336726844157,101.01847769450124,Palearctic,Boreal Forests/Taiga,East Siberian taiga,710
500,1843,51.37516712694704,109.6875,-3.0555118360831357,1400.9871316753909,369.089435813971,106.17798543676993,Palearctic,Boreal Forests/Taiga,Trans-Baikal conifer forests,718
500,1844,51.37516712694704,115.3125,-2.6954039106763377,1539.492302202852,354.0202478025508,115.73475568776212,Palearctic,"Temperate Grasslands, Savannas & Shrublands",Daurian forest steppe,726
500,1845,51.37516712694704,120.9375,-3.6027783881458815,1625.0600741069115,448.7614103079326,110.53056569962193,Palearctic,Temperate Conifer Forests,Da Hinggan-Dzhagdy Mountains conifer forests,693
500,1846,51.37516712694704,126.5625,-1.749557175571476,1650.5305007745385,527.8121522864719,100.6305589104707,Palearctic,Temperate Broadleaf & Mixed Forests,Manchurian mixed forests,669
500,1847,51.37516712694704,132.1875,-3.65856765476696,1685.963432520104,662.3662904727478,90.14403521268054,Palearctic,Boreal Forests/Taiga,Okhotsk-Manchurian taiga,715
500,1848,51.37516712694704,137.8125,-2.3837556439684007,1518.2698124594306,633.5424767291473,64.73833102957342,Palearctic,Boreal Forests/Taiga,Okhotsk-Manchurian taiga,715
500,1849,51.37516712694704,143.4375,-1.5069231211815537,1245.0871190548355,691.9806288511865,42.04997588577509,Palearctic,Boreal Forests/Taiga,Sakhalin Island taiga,716
500,1851,51.37516712694704,154.6875,-1.0278957347790723,866.8023594140151,900.901850161867,42.58406372819947,Palearctic,Boreal Forests/Taiga,Kamchatka-Kurile meadows and sparse forests,713
500,1852,51.37516712694704,160.3125,-1.5402274799294569,923.756459780047,974.100739109621,29.76670783100022,Palearctic,Boreal Forests/Taiga,Kamchatka-Kurile meadows and sparse forests,713
500,1854,51.37516712694704,171.5625,2.8250174859039014,433.96162640822297,939.3815440541783,29.946409401983587,Nearctic,Tundra,Aleutian Islands tundra,406
500,1855,51.37516712694704,177.1875,3.0394396450072865,360.85325905305905,984.2401573457693,30.510717902907857,Nearctic,Tundra,Aleutian Islands tundra,406
500,1857,57.53825503275763,-171.5625,0.027975568572312953,567.5877604117351,684.8982920782322,33.6575181967084,Nearctic,Tundra,Beringia lowland tundra,409
500,1858,57.53825503275763,-165.9375,0.20925999971394182,788.7744132714507,792.2684456036719,51.53862093732138,Nearctic,Tundra,Beringia lowland tundra,409
500,1859,57.53825503275763,-160.3125,0.6840188443504731,806.3331318231868,643.3234726446714,44.708278295250835,Nearctic,Tundra,Ahklun and Kilbuck Upland Tundra,404
500,1860,57.53825503275763,-154.6875,1.0205881643229737,776.1843226776747,786.2552098528756,37.59773290624496,Nearctic,Tundra,Beringia lowland tundra,409
500,1861,57.53825503275763,-149.0625,1.9563683226123698,689.8457007157814,935.7632867839955,38.57697902307864,Nearctic,Tundra,Pacific Coastal Mountain icefields and tundra,420
500,1862,57.53825503275763,-143.4375,-1.9997724040405163,740.037121639958,1669.1970617003553,29.1930058098845,Nearctic,Tundra,Pacific Coastal Mountain icefields and tundra,420
500,1863,57.53825503275763,-137.8125,-1.5547129614299717,786.678172881068,1256.61004379167,36.571766057041096,Nearctic,Tundra,Pacific Coastal Mountain icefields and tundra,420
500,1864,57.53825503275763,-132.1875,0.24481862919759342,824.931219142132,1367.4482693987634,35.76090332111639,Nearctic,Boreal Forests/Taiga,Northern Cordillera forests,380
500,1865,57.53825503275763,-126.5625,-1.2895499942216664,1006.2516112909045,639.1571389707522,37.35085603084836,Nearctic,Boreal Forests/Taiga,Northern Cordillera forests,380
500,1866,57.53825503275763,-120.9375,-0.1044657901369474,1155.4852332659682,508.5927567261795,52.421997056880315,Nearctic,Boreal Forests/Taiga,Muskwa-Slave Lake taiga,378
500,1867,57.53825503275763,-115.3125,-0.44666605359076006,1273.4522060328638,426.4356193661757,53.99443110358659,Nearctic,Boreal Forests/Taiga,Mid-Canada Boreal Plains forests,376
500,1868,57.53825503275763,-109.6875,-1.54092535717794,1385.909186060714,430.6091871216858,56.490211079025144,Nearctic,Boreal Forests/Taiga,Mid-Canada Boreal Plains forests,376
500,1869,57.53825503275763,-104.0625,-3.3952146762144895,1460.280004934311,473.5775187081412,55.78285609380966,Nearctic,Boreal Forests/Taiga,Midwest Canadian Shield forests,377
500,1870,57.53825503275763,-98.4375,-4.818560501630534,1516.9962794438372,451.5617070735965,55.99464648030651,Nearctic,Boreal Forests/Taiga,Northern Canadian Shield taiga,379
500,1871,57.53825503275763,-92.8125,-4.578884412964893,1502.9944463221832,468.6085145727334,53.734899385213595,Nearctic,Boreal Forests/Taiga,Southern Hudson Bay taiga,382
500,1872,57.53825503275763,-87.1875,-4.080191550504692,1447.9742475445935,537.1107188342963,51.53442362093084,Nearctic,Boreal Forests/Taiga,Southern Hudson Bay taiga,382
500,1873,57.53825503275763,-81.5625,-3.770829057129288,1362.3682511858206,531.9321960073745,50.58941581598563,Nearctic,Boreal Forests/Taiga,Southern Hudson Bay taiga,382
500,1874,57.53825503275763,-75.9375,-4.8675639886854745,1309.8165482825402,533.5388261638519,48.71671381640174,Nearctic,Boreal Forests/Taiga,Eastern Canadian Shield taiga,374
500,1875,57.53825503275763,-70.3125,-5.426061159964912,1318.0175028520116,562.9468940191337,41.27975532515973,Nearctic,Boreal Forests/Taiga,Eastern Canadian Shield taiga,374
500,1876,57.53825503275763,-64.6875,-5.405714092242121,1216.9272420084278,697.9407383294063,33.59310307226544,Nearctic,Boreal Forests/Taiga,Eastern Canadian Shield taiga,374
500,1877,57.53825503275763,-59.0625,-2.4660093172270763,1096.858801987215,902.703532730318,17.350381327980966,Nearctic,Boreal Forests/Taiga,Eastern Canadian Shield taiga,374
500,1879,57.53825503275763,-47.8125,0.15474307037803886,568.1712145889572,900.133367349276,20.02400387607255,Nearctic,Tundra,Kalaallit Nunaat Arctic steppe,417
500,1880,57.53825503275763,-42.1875,-0.5490310612156105,464.1768117048347,1654.806449397804,18.589607583047894,Nearctic,Tundra,Kalaallit Nunaat Arctic steppe,417
500,1886,57.53825503275763,-8.4375,8.813588136597039,371.49996253550074,1535.714487410662,26.01034716652728,Palearctic,Temperate Broadleaf & Mixed Forests,North Atlantic moist mixed forests,672
500,1887,57.53825503275763,-2.8125,7.4224967397726616,409.26021462997556,1358.437101532672,25.180648205479525,Palearctic,Temperate Broadleaf & Mixed Forests,Celtic broadleaf forests,651
500,1888,57.53825503275763,2.8125,6.7001263928578885,491.57241241690065,2438.9105383733113,33.42821932162714,Palearctic,Temperate Conifer Forests,Scandinavian coastal conifer forests,708
500,1889,57.53825503275763,8.4375,4.743949146837687,654.7886468704827,1151.8899113867542,28.602493966392455,Palearctic,Tundra,Scandinavian Montane Birch forest and grasslands,780
500,1890,57.53825503275763,14.0625,5.793879511586961,716.5567418847588,713.7253429279533,24.4031551581664,Palearctic,Temperate Broadleaf & Mixed Forests,Sarmatic mixed forests,679
500,1891,57.53825503275763,19.6875,6.4802415902084025,737.7676683708432,669.7813395500843,29.341668366850737,Palearctic,Temperate Broadleaf & Mixed Forests,Sarmatic mixed forests,679
500,1892,57.53825503275763,25.3125,5.560082552406291,832.7249023409647,646.6278141748131,30.564941404641797,Palearctic,Temperate Broadleaf & Mixed Forests,Sarmatic mixed forests,679
500,1893,57.53825503275763,30.9375,4.647352071789875,913.5163182608401,666.6358809398813,31.322069606201516,Palearctic,Temperate Broadleaf & Mixed Forests,Sarmatic mixed forests,679
500,1894,57.53825503275763,36.5625,3.8075398564563083,989.1268621150731,633.494187040713,33.53143909346709,Palearctic,Boreal Forests/Taiga,Scandinavian and Russian taiga,717
500,1895,57.53825503275763,42.1875,3.3126483568193446,1057.907144414622,589.8355871718193,32.24839769750431,Palearctic,Boreal Forests/Taiga,Scandinavian and Russian taiga,717
500,1896,57.53825503275763,47.8125,2.827782385470926,1123.907284112557,563.5894537775127,34.2354292239166,Palearctic,Boreal Forests/Taiga,Scandinavian and Russian taiga,717
500,1897,57.53825503275763,53.4375,2.1785918951204537,1174.6122470864204,561.5028072962858,32.814709606265616,Palearctic,Boreal Forests/Taiga,Scandinavian and Russian taiga,717
500,1898,57.53825503275763,59.0625,1.1670717528724945,1189.681086477323,596.4884784306829,43.260807791687164,Palearctic,Boreal Forests/Taiga,Urals montane forest and taiga,719
500,1899,57.53825503275763,64.6875,1.2439569019222256,1302.1804720550936,461.0364925352392,50.89906373065739,Palearctic,Boreal Forests/Taiga,West Siberian taiga,720
500,1900,57.53825503275763,70.3125,0.39335256363537513,1333.293630662547,446.02919364769406,50.33320675802566,Palearctic,Boreal Forests/Taiga,West Siberian taiga,720
500,1901,57.53825503275763,75.9375,-0.19760827271920778,1356.5166355040576,466.0912113860675,47.58901581521846,Palearctic,Boreal Forests/Taiga,West Siberian taiga,720
500,1902,57.53825503275763,81.5625,-0.5811938518853186,1367.4310061801318,485.0917679847954,45.41610870497819,Palearctic,Boreal Forests/Taiga,West Siberian taiga,720
500,1903,57.53825503275763,87.1875,-0.7998438185239218,1339.636543145117,523.3737994797865,43.183078978225566,Palearctic,Boreal Forests/Taiga,West Siberian taiga,720
500,1904,57.53825503275763,92.8125,-1.8642770107979847,1360.597816875204,486.4989027591342,47.79576086166439,Palearctic,Boreal Forests/Taiga,East Siberian taiga,710
500,1905,57.53825503275763,98.4375,-2.679713647621679,1467.3009681114745,408.9777064805695,57.29993876160424,Palearctic,Boreal Forests/Taiga,East Siberian taiga,710
500,1906,57.53825503275763,104.0625,-4.211833854967257,1542.8822132949292,402.2292222735746,57.310623019535925,Palearctic,Boreal Forests/Taiga,East Siberian taiga,710
500,1907,57.53825503275763,109.6875,-5.575467723386562,1568.1432185986143,411.8436751025766,62.65056565784684,Palearctic,Boreal Forests/Taiga,East Siberian taiga,710
500,1908,57.53825503275763,115.3125,-7.0337640847097544,1640.3007319542467,428.649580624822,85.40885281388474,Palearctic,Boreal Forests/Taiga,East Siberian taiga,710
500,1909,57.53825503275763,120.9375,-7.458951668572552,1757.5237581417484,436.33501500441093,83.01161970542785,Palearctic,Boreal Forests/Taiga,East Siberian taiga,710
500,1910,57.53825503275763,126.5625,-8.083528407541287,1790.1109696275776,509.66618805851255,76.89844360409533,Palearctic,Boreal Forests/Taiga,East Siberian taiga,710
500,1911,57.53825503275763,132.1875,-8.870434318139022,1902.73315488172,469.1682188962322,72.01459948614921,Palearctic,Boreal Forests/Taiga,East Siberian taiga,710
500,1912,57.53825503275763,137.8125,-8.769599901839966,1786.193580015338,506.2881019365607,68.54093668180899,Palearctic,Boreal Forests/Taiga,East Siberian taiga,710
500,1913,57.53825503275763,143.4375,-7.448032336700047,1517.4883484476995,462.9196433807158,67.19904637303983,Palearctic,Boreal Forests/Taiga,Northeast Siberian taiga,714
500,1914,57.53825503275763,149.0625,-7.390378630476981,1474.8108191576139,512.9902639354693,53.763536732933595,Palearctic,Boreal Forests/Taiga,Northeast Siberian taiga,714
500,1915,57.53825503275763,154.6875,-3.7433084464094075,1104.7502679299355,539.7309531238458,50.78938877143589,Palearctic,Boreal Forests/Taiga,Kamchatka-Kurile meadows and sparse forests,713
500,1916,57.53825503275763,160.3125,-2.9151392032888603,1041.5244787106724,647.5940409194818,31.813556068328456,Palearctic,Tundra,Kamchatka tundra,773
500,1917,57.53825503275763,165.9375,-4.768843285879433,1175.7832878450095,537.1764104431425,35.21580500541138,Palearctic,Tundra,Russian Bering tundra,779
500,1918,57.53825503275763,171.5625,-3.7816455218873526,954.0231771841167,505.49958618266373,37.317379140421046,Palearctic,Tundra,Russian Bering tundra,779
500,1920,64.99216676531488,-177.1875,-8.586687223780972,1180.0446539215266,462.3639488512776,38.0043612142001,Palearctic,Tundra,Chukchi Peninsula tundra,772
500,1921,64.99216676531488,-171.5625,-6.7067695909654255,1064.3779876239034,451.6680939324523,41.03783932048379,Palearctic,Tundra,Chukchi Peninsula tundra,772
500,1922,64.99216676531488,-165.9375,-4.016280146513214,1071.4304172856082,419.3341468618467,59.72298148729296,Nearctic,Tundra,Beringia lowland tundra,409
500,1923,64.99216676531488,-160.3125,-4.120253600497724,1181.805276458149,347.43700052454045,63.012176614078626,Nearctic,Boreal Forests/Taiga,Interior Alaska-Yukon lowland taiga,375
500,1924,64.99216676531488,-154.6875,-4.79118768046536,1286.9413800142668,380.84822427762094,61.394664346900505,Nearctic,Boreal Forests/Taiga,Interior Alaska-Yukon lowland taiga,375
500,1925,64.99216676531488,-149.0625,-5.132787640322913,1272.1516366563853,373.5198270347287,58.615102795505166,Nearctic,Boreal Forests/Taiga,Interior Alaska-Yukon lowland taiga,375
500,1926,64.99216676531488,-143.4375,-6.73618451287385,1358.2432956734165,305.9513172633551,67.17397824219243,Nearctic,Tundra,Interior Yukon-Alaska alpine tundra,416
500,1927,64.99216676531488,-137.8125,-6.8509563383452114,1402.7377479835861,318.6789841614813,58.66678288305533,Nearctic,Tundra,Ogilvie-MacKenzie alpine tundra,419
500,1928,64.99216676531488,-132.1875,-6.792654855791651,1391.9939391688818,319.56597197277114,48.826789574955356,Nearctic,Tundra,Ogilvie-MacKenzie alpine tundra,419
500,1929,64.99216676531488,-126.5625,-7.316814650288702,1471.0310453966863,356.6804700557329,50.374756123422195,Nearctic,Tundra,Ogilvie-MacKenzie alpine tundra,419
500,1930,64.99216676531488,-120.9375,-6.374751927804148,1472.296854169749,294.1874371265852,53.720408957385224,Nearctic,Boreal Forests/Taiga,Northwest Territories taiga,381
500,1931,64.99216676531488,-115.3125,-7.630447870766746,1544.5284935318282,258.08414817875905,50.353428349084005,Nearctic,Boreal Forests/Taiga,Northern Canadian Shield taiga,379
500,1932,64.99216676531488,-109.6875,-9.545533509719451,1580.0785806447911,246.69186999100705,57.21602806775716,Nearctic,Tundra,Canadian Low Arctic tundra,413
500,1933,64.99216676531488,-104.0625,-10.613069898166861,1606.439769569533,239.00497934166367,60.164952140556274,Nearctic,Tundra,Canadian Low Arctic tundra,413
500,1934,64.99216676531488,-98.4375,-11.662528795569731,1608.7167524941765,235.77461202552834,66.7226660740401,Nearctic,Tundra,Canadian Low Arctic tundra,413
500,1935,64.99216676531488,-92.8125,-12.60196062157439,1604.308737684712,256.5552739671838,61.6134103491825,Nearctic,Tundra,Canadian Middle Arctic Tundra,414
500,1936,64.99216676531488,-87.1875,-12.560136064865139,1484.9571382817926,259.9437721742886,56.94818495491694,Nearctic,Tundra,Canadian Middle Arctic Tundra,414
500,1937,64.99216676531488,-81.5625,-12.132347697362656,1440.492308856404,237.0382653061131,56.57142850556196,Nearctic,Tundra,Canadian Middle Arctic Tundra,414
500,1938,64.99216676531488,-75.9375,-9.554826775472662,1306.4722033110938,335.18276154289947,49.82039968100405,Nearctic,Tundra,Canadian Middle Arctic Tundra,414
500,1939,64.99216676531488,-70.3125,-10.546219107514393,1281.043131038188,355.75924049241956,51.11077206006965,Nearctic,Tundra,Canadian Middle Arctic Tundra,414
500,1940,64.99216676531488,-64.6875,-10.594857056863866,1152.6243084049963,523.0118392274794,45.239127709661275,Nearctic,Tundra,Davis Highlands tundra,415
500,1941,64.99216676531488,-59.0625,-10.583594226211215,1132.6031431186423,653.1850697065615,35.265235241159736,Nearctic,Tundra,Davis Highlands tundra,415
500,1942,64.99216676531488,-53.4375,-5.17200881749901,904.544919524945,502.192534365604,38.942460757996514,Nearctic,Tundra,Kalaallit Nunaat Arctic steppe,417
500,1943,64.99216676531488,-47.8125,-3.787315850316684,755.7860987755383,669.4165589983273,32.32665915277044,Nearctic,Tundra,Kalaallit Nunaat Arctic steppe,417
500,1944,64.99216676531488,-42.1875,-4.7498262612369135,579.8405711919323,1467.1874121306364,18.528181586616512,Nearctic,Tundra,Kalaallit Nunaat Arctic steppe,417
500,1945,64.99216676531488,-36.5625,-7.237530415107256,629.3178817399408,1030.105961960125,26.003371938017775,Nearctic,Tundra,Kalaallit Nunaat Arctic steppe,417
500,1946,64.99216676531488,-30.9375,-10.532228572343891,617.8371092640712,916.5880604214852,25.26259148336677,Nearctic,Tundra,Kalaallit Nunaat Arctic steppe,417
500,1947,64.99216676531488,-25.3125,-3.9216684218806352,532.2999003888972,970.2313146767444,24.847322500836885,Nearctic,Tundra,Kalaallit Nunaat Arctic steppe,417
500,1948,64.99216676531488,-19.6875,1.5043558814525166,466.65070317025413,973.5957305958646,17.988227431660306,Palearctic,Boreal Forests/Taiga,Iceland boreal birch forests and alpine tundra,711
500,1949,64.99216676531488,-14.0625,1.3713717520470272,434.007580211957,977.2646059828105,24.39947720543952,Palearctic,Boreal Forests/Taiga,Iceland boreal birch forests and alpine tundra,711
500,1950,64.99216676531488,-8.4375,6.255760225384016,284.620912421587,2723.9576828351383,32.87949642464692,Palearctic,"Temperate Grasslands, Savannas & Shrublands",Faroe Islands boreal grasslands,729
500,1952,64.99216676531488,2.8125,5.629250044926272,484.9118108995298,2914.315039921431,35.173025980507916,Palearctic,Tundra,Scandinavian Montane Birch forest and grasslands,780
500,1953,64.99216676531488,8.4375,1.742583537149733,628.5576701405721,1197.9398257997284,31.5496768987566,Palearctic,Tundra,Scandinavian Montane Birch forest and grasslands,780
500,1954,64.99216676531488,14.0625,1.3165678592086199,768.8770523756724,863.997709178813,30.53691442781803,Palearctic,Boreal Forests/Taiga,Scandinavian and Russian taiga,717
500,1955,64.99216676531488,19.6875,0.34556968617453443,886.7964007276076,612.4081978991433,34.12404862059993,Palearctic,Boreal Forests/Taiga,Scandinavian and Russian taiga,717
500,1956,64.99216676531488,25.3125,1.0703526725792467,948.1962442175037,561.6849213832652,35.0721498661453,Palearctic,Boreal Forests/Taiga,Scandinavian and Russian taiga,717
500,1957,64.99216676531488,30.9375,0.733581543579637,963.4290423638897,575.6306249244636,34.0837489207522,Palearctic,Boreal Forests/Taiga,Scandinavian and Russian taiga,717
500,1958,64.99216676531488,36.5625,0.5434228782698994,939.7092010119158,552.1350466812132,34.00657104975117,Palearctic,Boreal Forests/Taiga,Scandinavian and Russian taiga,717
500,1959,64.99216676531488,42.1875,0.456256585314089,1016.3791096697548,546.6295694155408,33.59662957226798,Palearctic,Boreal Forests/Taiga,Scandinavian and Russian taiga,717
500,1960,64.99216676531488,47.8125,-0.7941120066282755,1072.5018692457088,548.0855149473944,33.09673789922511,Palearctic,Boreal Forests/Taiga,Scandinavian and Russian taiga,717
500,1961,64.99216676531488,53.4375,-1.7405832343267895,1137.8387994040927,559.7329803481235,30.23537232389182,Palearctic,Boreal Forests/Taiga,Scandinavian and Russian taiga,717
500,1962,64.99216676531488,59.0625,-3.333281030456028,1201.59414062547,565.2262831882399,34.05274152704949,Palearctic,Tundra,Northwest Russian-Novaya Zemlya tundra,776
500,1963,64.99216676531488,64.6875,-4.130974836209623,1282.867321565337,529.7385855780367,39.35280693065144,Palearctic,Boreal Forests/Taiga,West Siberian taiga,720
500,1964,64.99216676531488,70.3125,-5.021207169994102,1358.5824905395891,469.46894890447146,40.70795233486506,Palearctic,Boreal Forests/Taiga,West Siberian taiga,720
500,1965,64.99216676531488,75.9375,-5.845287836010767,1443.3964575905234,473.4842244279355,42.020239993845045,Palearctic,Boreal Forests/Taiga,West Siberian taiga,720
500,1966,64.99216676531488,81.5625,-6.582350619688016,1496.4533672342259,506.1738540814591,36.53531266382712,Palearctic,Boreal Forests/Taiga,West Siberian taiga,720
500,1967,64.99216676531488,87.1875,-6.789891322483977,1536.4494671173093,553.4827859021569,33.19916650105996,Palearctic,Boreal Forests/Taiga,West Siberian taiga,720
500,1968,64.99216676531488,92.8125,-9.287767467990866,1618.241881607358,531.4416771200771,39.23005558465986,Palearctic,Boreal Forests/Taiga,East Siberian taiga,710
500,1969,64.99216676531488,98.4375,-10.578152759760139,1758.366323183001,422.54901547862227,49.203635724870765,Palearctic,Boreal Forests/Taiga,East Siberian taiga,710
500,1970,64.99216676531488,104.0625,-10.717426886339153,1837.982132180396,325.391709941941,60.22390060964274,Palearctic,Boreal Forests/Taiga,East Siberian taiga,710
500,1971,64.99216676531488,109.6875,-10.344709444975006,1853.8182538566068,327.1812268579829,56.056994509651574,Palearctic,Boreal Forests/Taiga,East Siberian taiga,710
500,1972,64.99216676531488,115.3125,-11.06124120775464,1963.6836375822018,289.73074197436114,56.81136446876111,Palearctic,Boreal Forests/Taiga,East Siberian taiga,710
500,1973,64.99216676531488,120.9375,-10.771480688963166,2017.2654828451693,278.0474487420294,56.27146015650917,Palearctic,Boreal Forests/Taiga,East Siberian taiga,710
500,1974,64.99216676531488,126.5625,-11.602688075606514,1998.5056072421758,326.6277357786255,60.72747508048068,Palearctic,Boreal Forests/Taiga,East Siberian taiga,710
500,1975,64.99216676531488,132.1875,-13.214043387745095,2127.926540004527,296.41927497708645,69.72647857696587,Palearctic,Boreal Forests/Taiga,Northeast Siberian taiga,714
500,1976,64.99216676531488,137.8125,-14.184286587350858,2030.9489513722688,296.34026861822923,84.31371736098241,Palearctic,Tundra,Cherskii-Kolyma mountain tundra,771
500,1977,64.99216676531488,143.4375,-14.67206272955708,2029.5292753303638,283.4551952053583,80.24747319420149,Palearctic,Boreal Forests/Taiga,Northeast Siberian taiga,714
500,1978,64.99216676531488,149.0625,-12.344946105270179,1884.4179485998493,289.879048730919,64.84552165363101,Palearctic,Boreal Forests/Taiga,Northeast Siberian taiga,714
500,1979,64.99216676531488,154.6875,-12.06935122242505,1872.432572859669,270.549787187322,54.89297966677165,Palearctic,Boreal Forests/Taiga,Northeast Siberian taiga,714
500,1980,64.99216676531488,160.3125,-11.265843441534411,1671.8965664066343,272.1023502255128,56.425727597043824,Palearctic,Boreal Forests/Taiga,Northeast Siberian taiga,714
500,1981,64.99216676531488,165.9375,-10.978219757745512,1606.0845364038348,310.9794055204206,47.35072256600833,Palearctic,Tundra,Russian Bering tundra,779
500,1982,64.99216676531488,171.5625,-9.705786813507203,1439.484387408904,358.1871360037903,44.02236004527926,Palearctic,Tundra,Russian Bering tundra,779
500,1983,64.99216676531488,177.1875,-9.590493184394887,1286.6366759069897,373.7828744714475,40.31610492093808,Palearctic,Tundra,Russian Bering tundra,779
500,1984,75.63848843708344,-177.1875,-12.058175240225548,1164.8638524141713,150.90646911003657,55.633436588490795,Palearctic,Tundra,Wrangel Island Arctic desert,783
500,1987,75.63848843708344,-160.3125,-10.138506384165089,1386.450476061594,153.9845927928109,68.02882799696866,Nearctic,Tundra,Arctic coastal tundra,407
500,1988,75.63848843708344,-154.6875,-10.91505305867649,1408.0166431466535,141.02513275544302,77.53533380185905,Nearctic,Tundra,Arctic coastal tundra,407
500,1989,75.63848843708344,-149.0625,-10.768569382116697,1446.244914616414,157.1255467835447,65.09471127879435,Nearctic,Tundra,Arctic coastal tundra,407
500,1990,75.63848843708344,-143.4375,-10.787448421473492,1451.4635220639916,125.97481998960399,59.70892907294279,Nearctic,Tundra,Arctic foothills tundra,408
500,1992,75.63848843708344,-132.1875,-10.386799888639949,1452.8073905575873,129.66880277282615,69.88153974815808,Nearctic,Tundra,Canadian Low Arctic tundra,413
500,1993,75.63848843708344,-126.5625,-12.75907768883305,1461.8795780598125,132.35393604116922,64.11570306346334,Nearctic,Tundra,Canadian Middle Arctic Tundra,414
500,1994,75.63848843708344,-120.9375,-14.701956340377581,1442.4969358311362,136.5246870731019,60.05549745364001,Nearctic,Tundra,Canadian Middle Arctic Tundra,414
500,1995,75.63848843708344,-115.3125,-15.413653944923407,1469.1234997173733,131.7888829386662,63.47171701417735,Nearctic,Tundra,Canadian Middle Arctic Tundra,414
500,1996,75.63848843708344,-109.6875,-16.1406868356598,1513.5689485462833,100.43406821297685,67.1529335397064,Nearctic,Tundra,Canadian Middle Arctic Tundra,414
500,1997,75.63848843708344,-104.0625,-16.46209649476527,1532.9454773209768,102.9765250090611,61.040724048295985,Nearctic,Tundra,Canadian Middle Arctic Tundra,414
500,1998,75.63848843708344,-98.4375,-17.17270034761281,1527.1423530420045,117.9862498351052,65.83389540187495,Nearctic,Tundra,Canadian High Arctic tundra,412
500,1999,75.63848843708344,-92.8125,-17.771726566064384,1504.721407443966,156.68958501524222,67.37579298793581,Nearctic,Tundra,Canadian High Arctic tundra,412
500,2000,75.63848843708344,-87.1875,-17.003267199143362,1462.8478793594356,190.62187467171688,74.09249237114076,Nearctic,Tundra,Canadian High Arctic tundra,412
500,2001,75.63848843708344,-81.5625,-16.768771186411865,1400.9868613350768,208.6619728707968,70.92176220515765,Nearctic,Tundra,Canadian High Arctic tundra,412
500,2002,75.63848843708344,-75.9375,-17.378615412617975,1350.5796053842485,191.7497897316763,73.31451675521421,Nearctic,Tundra,Canadian High Arctic tundra,412
500,2003,75.63848843708344,-70.3125,-16.01901822872636,1263.3849583739668,181.27717960311645,66.32078464753504,Nearctic,Tundra,Canadian High Arctic tundra,412
500,2004,75.63848843708344,-64.6875,-16.675289155757824,1270.3630442928772,149.92826847866266,57.85882101043651,Nearctic,Tundra,Kalaallit Nunaat High Arctic tundra,418
500,2005,75.63848843708344,-59.0625,-17.52472676323863,1350.8166363413195,147.29925836952782,54.78846841522298,Nearctic,Tundra,Kalaallit Nunaat High Arctic tundra,418
500,2006,75.63848843708344,-53.4375,-10.680414128668904,1005.9830360213662,248.17405212957507,44.948811797119944,Nearctic,Tundra,Kalaallit Nunaat Arctic steppe,417
500,2007,75.63848843708344,-47.8125,-14.689224363158326,1138.929345746054,129.28913536612302,43.87633011180804,Nearctic,Tundra,Kalaallit Nunaat High Arctic tundra,418
500,2008,75.63848843708344,-42.1875,-16.986837509773,1171.758105295921,123.05572280005997,44.00245816820753,Nearctic,Tundra,Kalaallit Nunaat High Arctic tundra,418
500,2009,75.63848843708344,-36.5625,-18.588949216054445,1142.6010735160937,175.12281705610926,38.955233644512035,Nearctic,Tundra,Kalaallit Nunaat High Arctic tundra,418
500,2010,75.63848843708344,-30.9375,-16.384219688932564,992.73267952432,440.58401066637225,29.402873962729355,Nearctic,Tundra,Kalaallit Nunaat High Arctic tundra,418
500,2011,75.63848843708344,-25.3125,-13.004296548144744,866.5340746164835,497.44097358334034,27.95783269258231,Nearctic,Tundra,Kalaallit Nunaat Arctic steppe,417
500,2012,75.63848843708344,-19.6875,-13.227425969731197,1013.4771015032013,297.1831485354046,27.876115783008103,Nearctic,Tundra,Kalaallit Nunaat Arctic steppe,417
500,2013,75.63848843708344,-14.0625,-13.5356402835423,1083.9923289576016,241.59668528113238,30.029261403422254,Nearctic,Tundra,Kalaallit Nunaat High Arctic tundra,418
500,2014,75.63848843708344,-8.4375,-2.5596793120166317,391.33756154265023,921.9541240669643,21.50762353949614,Palearctic,Tundra,Russian Arctic desert,778
500,2017,75.63848843708344,8.4375,-6.5021074548271045,684.2784819927543,486.6179032352593,27.886385295272234,Palearctic,Tundra,Russian Arctic desert,778
500,2018,75.63848843708344,14.0625,-7.669170821150587,706.1606284396909,483.00492005853636,23.596607615852868,Palearctic,Tundra,Russian Arctic desert,778
500,2019,75.63848843708344,19.6875,-6.286049032781685,678.1217272740737,427.6714829198565,26.475257883313198,Palearctic,Tundra,Russian Arctic desert,778
500,2020,75.63848843708344,25.3125,-3.4959347922421617,756.5511792431631,542.6963137027751,26.99094908243689,Palearctic,Tundra,Scandinavian Montane Birch forest and grasslands,780
500,2021,75.63848843708344,30.9375,-0.69371449615549,738.5357443976706,541.1669631794006,25.519940317565876,Palearctic,Tundra,Scandinavian Montane Birch forest and grasslands,780
500,2024,75.63848843708344,47.8125,-12.433839833502631,890.1468512519729,290.36207520460994,30.18475011326362,Palearctic,Tundra,Russian Arctic desert,778
500,2025,75.63848843708344,53.4375,-7.44340017383199,875.5974890252973,358.44596905826285,26.055847446177243,Palearctic,Tundra,Northwest Russian-Novaya Zemlya tundra,776
500,2026,75.63848843708344,59.0625,-10.759760632855821,885.7958170821973,316.0775794355701,25.685112554981615,Palearctic,Tundra,Russian Arctic desert,778
500,2027,75.63848843708344,64.6875,-11.89042275273404,975.3598220178644,273.2750050626321,27.15928304480747,Palearctic,Tundra,Russian Arctic desert,778
500,2028,75.63848843708344,70.3125,-10.118751893503415,1219.9088863837496,260.6184904736218,31.391196782061105,Palearctic,Tundra,Yamal-Gydan tundra,784
500,2029,75.63848843708344,75.9375,-10.782740940258115,1346.4029291782526,285.7488121459135,38.84170468706868,Palearctic,Tundra,Yamal-Gydan tundra,784
500,2030,75.63848843708344,81.5625,-11.374330843452045,1434.056180739226,360.9877042169251,29.232371503094587,Palearctic,Tundra,Yamal-Gydan tundra,784
500,2031,75.63848843708344,87.1875,-12.196719575770205,1464.6620159904185,362.07842080607776,24.385735045241024,Palearctic,Tundra,Taimyr-Central Siberian tundra,781
500,2032,75.63848843708344,92.8125,-13.743006650872474,1472.7462873010159,309.2519891527265,33.24331833296854,Palearctic,Tundra,Taimyr-Central Siberian tundra,781
500,2033,75.63848843708344,98.4375,-14.170428358861038,1528.3383795905117,278.6791128991885,39.77821244657255,Palearctic,Tundra,Taimyr-Central Siberian tundra,781
500,2034,75.63848843708344,104.0625,-14.577818813358048,1547.6062501402907,256.91583695994524,43.51565389731671,Palearctic,Tundra,Taimyr-Central Siberian tundra,781
500,2035,75.63848843708344,109.6875,-15.09943458274281,1579.7556184524205,237.83884187135297,50.92962214280451,Palearctic,Tundra,Taimyr-Central Siberian tundra,781
500,2036,75.63848843708344,115.3125,-14.788948682505938,1775.7284819436272,206.79712022980442,52.57229809418962,Palearctic,Tundra,Taimyr-Central Siberian tundra,781
500,2037,75.63848843708344,120.9375,-14.57816034901131,1804.5187620081747,226.36391010307815,46.79649367547348,Palearctic,Tundra,Taimyr-Central Siberian tundra,781
500,2038,75.63848843708344,126.5625,-13.982098074878467,1689.4921048272886,310.0317942129902,46.520963729565096,Palearctic,Tundra,Taimyr-Central Siberian tundra,781
500,2039,75.63848843708344,132.1875,-15.059579876684008,1973.4297980777592,256.2433107868294,55.28343107384004,Palearctic,Tundra,Northeast Siberian coastal tundra,775
500,2040,75.63848843708344,137.8125,-14.673024456593554,1692.524441643893,197.7596946524765,69.62422229149685,Palearctic,Tundra,Northeast Siberian coastal tundra,775
500,2041,75.63848843708344,143.4375,-14.443293651304794,1619.3129882683866,178.78240238008385,62.38821322888475,Palearctic,Tundra,Northeast Siberian coastal tundra,775
500,2042,75.63848843708344,149.0625,-14.656764969587842,1631.0425038945655,201.44066529442782,51.43304543728657,Palearctic,Tundra,Northeast Siberian coastal tundra,775
500,2043,75.63848843708344,154.6875,-14.724658479556204,1652.2889076161036,183.80313409571244,49.152135349959885,Palearctic,Tundra,Northeast Siberian coastal tundra,775
500,2044,75.63848843708344,160.3125,-14.201031276282897,1605.05232170482,157.59750249342764,54.54583588349852,Palearctic,Tundra,Northeast Siberian coastal tundra,775
500,2045,75.63848843708344,165.9375,-12.72458530480275,1373.2833888461444,134.50296431202685,41.255044825582466,Palearctic,Tundra,Chukchi Peninsula tundra,772
500,2046,75.63848843708344,171.5625,-11.902547166321456,1383.0461630434388,178.65065675732086,48.87149908182691,Palearctic,Tundra,Chukchi Peninsula tundra,772
500,2047,75.63848843708344,177.1875,-12.329778285761023,1202.7354513110558,167.68607613494532,55.03947706196422,Palearctic,Tundra,Wrangel Island Arctic desert,783
