key,size_bytes,etag,last_modified,https_url
v200/2021/map/ESA_WorldCover_10m_2021_v200_N00E006_Map.tif,2552807,538b1565852adffcaa05809eadc682e1,2022-10-26T12:36:37.000Z,https://esa-worldcover.s3.eu-central-1.amazonaws.com/v200/2021/map/ESA_WorldCover_10m_2021_v200_N00E006_Map.tif
v200/2021/map/ESA_WorldCover_10m_2021_v200_N00E009_Map.tif,10132372,8670fa3636a600feed55e45a27d0cf82-2,2022-10-26T12:42:53.000Z,https://esa-worldcover.s3.eu-central-1.amazonaws.com/v200/2021/map/ESA_WorldCover_10m_2021_v200_N00E009_Map.tif
v200/2021/map/ESA_WorldCover_10m_2021_v200_N00E012_Map.tif,5002985,64cd1d83bb3f3ec44cf0f073e86afaba,2022-10-26T12:43:56.000Z,https://esa-worldcover.s3.eu-central-1.amazonaws.com/v200/2021/map/ESA_WorldCover_10m_2021_v200_N00E012_Map.tif
v200/2021/map/ESA_WorldCover_10m_2021_v200_N00E015_Map.tif,8291184,cf5993d6b6b9ee5362f9390e45f60096,2022-10-26T12:40:42.000Z,https://esa-worldcover.s3.eu-central-1.amazonaws.com/v200/2021/map/ESA_WorldCover_10m_2021_v200_N00E015_Map.tif
v200/2021/map/ESA_WorldCover_10m_2021_v200_N00E018_Map.tif,21029438,676646b750ba0094fb33c761855f7828-3,2022-10-26T12:42:09.000Z,https://esa-worldcover.s3.eu-central-1.amazonaws.com/v200/2021/map/ESA_WorldCover_10m_2021_v200_N00E018_Map.tif
v200/2021/map/ESA_WorldCover_10m_2021_v200_N00E021_Map.tif,22522133,0febc123fc23761769467141ae51c6d1-3,2022-10-26T12:48:07.000Z,https://esa-worldcover.s3.eu-central-1.amazonaws.com/v200/2021/map/ESA_WorldCover_10m_2021_v200_N00E021_Map.tif
v200/2021/map/ESA_WorldCover_10m_2021_v200_N00E024_Map.tif,16098215,dbf121385e67dbe9c5534b72a6178043-2,2022-10-26T12:40:48.000Z,https://esa-worldcover.s3.eu-central-1.amazonaws.com/v200/2021/map/ESA_WorldCover_10m_2021_v200_N00E024_Map.tif
v200/2021/map/ESA_WorldCover_10m_2021_v200_N00E027_Map.tif,27472795,9645488494dc7dacb5007bfaeeb4a91b-4,2022-10-26T12:42:25.000Z,https://esa-worldcover.s3.eu-central-1.amazonaws.com/v200/2021/map/ESA_WorldCover_10m_2021_v200_N00E027_Map.tif
v200/2021/map/ESA_WorldCover_10m_2021_v200_N00E030_Map.tif,162332837,23790b7b7e8bec69a708c90660705582-20,2022-10-26T12:51:22.000Z,https://esa-worldcover.s3.eu-central-1.amazonaws.com/v200/2021/map/ESA_WorldCover_10m_2021_v200_N00E030_Map.tif
v200/2021/map/ESA_WorldCover_10m_2021_v200_N00E033_Map.tif,162692677,33ebe9a651a8eb21285f091c2d5a8c91-20,2022-10-26T12:46:18.000Z,https://esa-worldcover.s3.eu-central-1.amazonaws.com/v200/2021/map/ESA_WorldCover_10m_2021_v200_N00E033_Map.tif
v200/2021/map/ESA_WorldCover_10m_2021_v200_N00E036_Map.tif,102836238,bd05faad2c1d1db1044d2120e368ab54-13,2022-10-26T12:45:51.000Z,https://esa-worldcover.s3.eu-central-1.amazonaws.com/v200/2021/map/ESA_WorldCover_10m_2021_v200_N00E036_Map.tif
v200/2021/map/ESA_WorldCover_10m_2021_v200_N00E039_Map.tif,45620773,03b947db2e45161dfe24dbeec0f1b190-6,2022-10-26T12:46:27.000Z,https://esa-worldcover.s3.eu-central-1.amazonaws.com/v200/2021/map/ESA_WorldCover_10m_2021_v200_N00E039_Map.tif
v200/2021/map/ESA_WorldCover_10m_2021_v200_N00E042_Map.tif,28206805,c032a8c235d5fc50d9ee24f0b03f987c-4,2022-10-26T12:47:07.000Z,https://esa-worldcover.s3.eu-central-1.amazonaws.com/v200/2021/map/ESA_WorldCover_10m_2021_v200_N00E042_Map.tif
v200/2021/map/ESA_WorldCover_10m_2021_v200_N00E045_Map.tif,13181746,62d6fee2fe5995f0f536e8bfd5256201-2,2022-10-26T12:36:12.000Z,https://esa-worldcover.s3.eu-central-1.amazonaws.com/v200/2021/map/ESA_WorldCover_10m_2021_v200_N00E045_Map.tif
v200/2021/map/ESA_WorldCover_10m_2021_v200_N00E072_Map.tif,2558273,3cc8ecd5ecad946e939dd91037accf40,2022-10-26T12:35:52.000Z,https://esa-worldcover.s3.eu-central-1.amazonaws.com/v200/2021/map/ESA_WorldCover_10m_2021_v200_N00E072_Map.tif
v200/2021/map/ESA_WorldCover_10m_2021_v200_N00E093_Map.tif,2319980,cf5ffd788cc6f49c64068f2ef1512972,2022-10-26T12:36:03.000Z,https://esa-worldcover.s3.eu-central-1.amazonaws.com/v200/2021/map/ESA_WorldCover_10m_2021_v200_N00E093_Map.tif
v200/2021/map/ESA_WorldCover_10m_2021_v200_N00E096_Map.tif,16355573,422769e969f99294c31098ce156b4b47-2,2022-10-26T12:39:18.000Z,https://esa-worldcover.s3.eu-central-1.amazonaws.com/v200/2021/map/ESA_WorldCover_10m_2021_v200_N00E096_Map.tif
v200/2021/map/ESA_WorldCover_10m_2021_v200_N00E099_Map.tif,43917808,55aa443ca2c996c506bee08eeb55a14b-6,2022-10-26T12:48:49.000Z,https://esa-worldcover.s3.eu-central-1.amazonaws.com/v200/2021/map/ESA_WorldCover_10m_2021_v200_N00E099_Map.tif
v200/2021/map/ESA_WorldCover_10m_2021_v200_N00E102_Map.tif,36505930,cc45e8d48c44b9394faedddbccebab3e-5,2022-10-26T12:47:34.000Z,https://esa-worldcover.s3.eu-central-1.amazonaws.com/v200/2021/map/ESA_WorldCover_10m_2021_v200_N00E102_Map.tif
v200/2021/map/ESA_WorldCover_10m_2021_v200_N00E105_Map.tif,2702390,ae6873953a19fe7dd9a28a223da17a7f,2022-10-26T12:40:11.000Z,https://esa-worldcover.s3.eu-central-1.amazonaws.com/v200/2021/map/ESA_WorldCover_10m_2021_v200_N00E105_Map.tif
v200/2021/map/ESA_WorldCover_10m_2021_v200_N00E108_Map.tif,20842297,7e55f023a93b18be8df1c567fa9cace2-3,2022-10-26T12:38:03.000Z,https://esa-worldcover.s3.eu-central-1.amazonaws.com/v200/2021/map/ESA_WorldCover_10m_2021_v200_N00E108_Map.tif
v200/2021/map/ESA_WorldCover_10m_2021_v200_N00E111_Map.tif,23667920,08f2e46bab64eb1ef063939b3eb1e800-3,2022-10-26T12:44:06.000Z,https://esa-worldcover.s3.eu-central-1.amazonaws.com/v200/2021/map/ESA_WorldCover_10m_2021_v200_N00E111_Map.tif
v200/2021/map/ESA_WorldCover_10m_2021_v200_N00E114_Map.tif,11965004,9536496131de3485df25fa7f90053d91-2,2022-10-26T12:47:02.000Z,https://esa-worldcover.s3.eu-central-1.amazonaws.com/v200/2021/map/ESA_WorldCover_10m_2021_v200_N00E114_Map.tif
v200/2021/map/ESA_WorldCover_10m_2021_v200_N00E117_Map.tif,14908166,4d93fa3f2290e0005960c930197edeca-2,2022-10-26T12:43:47.000Z,https://esa-worldcover.s3.eu-central-1.amazonaws.com/v200/2021/map/ESA_WorldCover_10m_2021_v200_N00E117_Map.tif
v200/2021/map/ESA_WorldCover_10m_2021_v200_N00E120_Map.tif,11868393,242a5b28a1f249df42b7224148ac1658-2,2022-10-26T12:37:25.000Z,https://esa-worldcover.s3.eu-central-1.amazonaws.com/v200/2021/map/ESA_WorldCover_10m_2021_v200_N00E120_Map.tif
v200/2021/map/ESA_WorldCover_10m_2021_v200_N00E123_Map.tif,8629014,efb0308c5d81efd33d8420ef1fc7ac3c-2,2022-10-26T12:39:05.000Z,https://esa-worldcover.s3.eu-central-1.amazonaws.com/v200/2021/map/ESA_WorldCover_10m_2021_v200_N00E123_Map.tif
v200/2021/map/ESA_WorldCover_10m_2021_v200_N00E126_Map.tif,6799365,581303b7711f63360d7d934ce3b7d9ec,2022-10-26T12:37:40.000Z,https://esa-worldcover.s3.eu-central-1.amazonaws.com/v200/2021/map/ESA_WorldCover_10m_2021_v200_N00E126_Map.tif
v200/2021/map/ESA_WorldCover_10m_2021_v200_N00E129_Map.tif,2407890,a6764d1a37995b3034cde9ab94bd6a9e,2022-10-26T12:35:58.000Z,https://esa-worldcover.s3.eu-central-1.amazonaws.com/v200/2021/map/ESA_WorldCover_10m_2021_v200_N00E129_Map.tif
v200/2021/map/ESA_WorldCover_10m_2021_v200_N00E132_Map.tif,2024775,529675fc5ee649bb23a88e6631b03084,2022-10-26T12:34:36.000Z,https://esa-worldcover.s3.eu-central-1.amazonaws.com/v200/2021/map/ESA_WorldCover_10m_2021_v200_N00E132_Map.tif
v200/2021/map/ESA_WorldCover_10m_2021_v200_N00E171_Map.tif,2733120,f6cb312b296f722fcd510785504f12e4,2022-10-26T12:36:00.000Z,https://esa-worldcover.s3.eu-central-1.amazonaws.com/v200/2021/map/ESA_WorldCover_10m_2021_v200_N00E171_Map.tif
v200/2021/map/ESA_WorldCover_10m_2021_v200_N00W051_Map.tif,23653990,111b4c1541a501b68f1571c1e4271aaa-3,2022-10-26T12:37:27.000Z,https://esa-worldcover.s3.eu-central-1.amazonaws.com/v200/2021/map/ESA_WorldCover_10m_2021_v200_N00W051_Map.tif
v200/2021/map/ESA_WorldCover_10m_2021_v200_N00W054_Map.tif,8977040,6e8e86fe132ab885d609741fe915445b-2,2022-10-26T12:42:08.000Z,https://esa-worldcover.s3.eu-central-1.amazonaws.com/v200/2021/map/ESA_WorldCover_10m_2021_v200_N00W054_Map.tif
v200/2021/map/ESA_WorldCover_10m_2021_v200_N00W057_Map.tif,9874056,7824ac1ddd49e78da727809cd5cd5337-2,2022-10-26T12:40:33.000Z,https://esa-worldcover.s3.eu-central-1.amazonaws.com/v200/2021/map/ESA_WorldCover_10m_2021_v200_N00W057_Map.tif
v200/2021/map/ESA_WorldCover_10m_2021_v200_N00W060_Map.tif,8737798,8ba3ff269ace6537760e3cdd2f87fb00-2,2022-10-26T12:40:57.000Z,https://esa-worldcover.s3.eu-central-1.amazonaws.com/v200/2021/map/ESA_WorldCover_10m_2021_v200_N00W060_Map.tif
v200/2021/map/ESA_WorldCover_10m_2021_v200_N00W063_Map.tif,42496090,672b95367e781d81d6c1af6b96476f2e-6,2022-10-26T12:42:28.000Z,https://esa-worldcover.s3.eu-central-1.amazonaws.com/v200/2021/map/ESA_WorldCover_10m_2021_v200_N00W063_Map.tif
v200/2021/map/ESA_WorldCover_10m_2021_v200_N00W066_Map.tif,12085622,69573289faa86dc8f59b2e553009bb90-2,2022-10-26T12:47:32.000Z,https://esa-worldcover.s3.eu-central-1.amazonaws.com/v200/2021/map/ESA_WorldCover_10m_2021_v200_N00W066_Map.tif
v200/2021/map/ESA_WorldCover_10m_2021_v200_N00W069_Map.tif,9509515,a225ca2ccff4afa47a4f5a10780f1e27-2,2022-10-26T12:46:52.000Z,https://esa-worldcover.s3.eu-central-1.amazonaws.com/v200/2021/map/ESA_WorldCover_10m_2021_v200_N00W069_Map.tif
v200/2021/map/ESA_WorldCover_10m_2021_v200_N00W072_Map.tif,7476456,cabb5b6cd747e64b992478bb7fe39974,2022-10-26T12:40:51.000Z,https://esa-worldcover.s3.eu-central-1.amazonaws.com/v200/2021/map/ESA_WorldCover_10m_2021_v200_N00W072_Map.tif
v200/2021/map/ESA_WorldCover_10m_2021_v200_N00W075_Map.tif,36760444,e97f3ad108be83d91ca571ef8506d1a5-5,2022-10-26T12:42:08.000Z,https://esa-worldcover.s3.eu-central-1.amazonaws.com/v200/2021/map/ESA_WorldCover_10m_2021_v200_N00W075_Map.tif
v200/2021/map/ESA_WorldCover_10m_2021_v200_N00W078_Map.tif,69730182,743dd3bd5d18e3a7a77a750b5922693b-9,2022-10-26T12:44:28.000Z,https://esa-worldcover.s3.eu-central-1.amazonaws.com/v200/2021/map/ESA_WorldCover_10m_2021_v200_N00W078_Map.tif
v200/2021/map/ESA_WorldCover_10m_2021_v200_N00W081_Map.tif,26380893,89844719ea70f965e7a2fe74b8d7efe0-4,2022-10-26T12:41:48.000Z,https://esa-worldcover.s3.eu-central-1.amazonaws.com/v200/2021/map/ESA_WorldCover_10m_2021_v200_N00W081_Map.tif
v200/2021/map/ESA_WorldCover_10m_2021_v200_N00W090_Map.tif,1975018,38c4ec96e076b057fa8b4ddb34464350,2022-10-26T13:06:18.000Z,https://esa-worldcover.s3.eu-central-1.amazonaws.com/v200/2021/map/ESA_WorldCover_10m_2021_v200_N00W090_Map.tif
v200/2021/map/ESA_WorldCover_10m_2021_v200_N00W093_Map.tif,2634035,023059cf47a901836baf116ebf2fbe35,2022-10-26T12:37:01.000Z,https://esa-worldcover.s3.eu-central-1.amazonaws.com/v200/2021/map/ESA_WorldCover_10m_2021_v200_N00W093_Map.tif
v200/2021/map/ESA_WorldCover_10m_2021_v200_N00W159_Map.tif,2711688,c12ddd3397d938362f031969d707a723,2022-10-26T12:35:23.000Z,https://esa-worldcover.s3.eu-central-1.amazonaws.com/v200/2021/map/ESA_WorldCover_10m_2021_v200_N00W159_Map.tif
v200/2021/map/ESA_WorldCover_10m_2021_v200_N03E000_Map.tif,5437434,3acaff82cf7fc4582a7fd575426d50d3,2022-10-26T12:35:02.000Z,https://esa-worldcover.s3.eu-central-1.amazonaws.com/v200/2021/map/ESA_WorldCover_10m_2021_v200_N03E000_Map.tif
v200/2021/map/ESA_WorldCover_10m_2021_v200_N03E003_Map.tif,9940884,b4cf97e1529c3cae4085b41f6de6aad9-2,2022-10-26T12:35:59.000Z,https://esa-worldcover.s3.eu-central-1.amazonaws.com/v200/2021/map/ESA_WorldCover_10m_2021_v200_N03E003_Map.tif
v200/2021/map/ESA_WorldCover_10m_2021_v200_N03E006_Map.tif,41737312,a64881130c5c60c23052549759869b99-5,2022-10-26T12:39:26.000Z,https://esa-worldcover.s3.eu-central-1.amazonaws.com/v200/2021/map/ESA_WorldCover_10m_2021_v200_N03E006_Map.tif
v200/2021/map/ESA_WorldCover_10m_2021_v200_N03E009_Map.tif,48165595,51746230bec6f7134e90b1859fb74c50-6,2022-10-26T12:41:03.000Z,https://esa-worldcover.s3.eu-central-1.amazonaws.com/v200/2021/map/ESA_WorldCover_10m_2021_v200_N03E009_Map.tif
v200/2021/map/ESA_WorldCover_10m_2021_v200_N03E012_Map.tif,51398840,eb92dce364350bdd00fead06f5e8645c-7,2022-10-26T12:41:14.000Z,https://esa-worldcover.s3.eu-central-1.amazonaws.com/v200/2021/map/ESA_WorldCover_10m_2021_v200_N03E012_Map.tif
v200/2021/map/ESA_WorldCover_10m_2021_v200_N03E015_Map.tif,69976545,17e604e9ea229f1b7e3c82360cafcab2-9,2022-10-26T12:45:32.000Z,https://esa-worldcover.s3.eu-central-1.amazonaws.com/v200/2021/map/ESA_WorldCover_10m_2021_v200_N03E015_Map.tif
v200/2021/map/ESA_WorldCover_10m_2021_v200_N03E018_Map.tif,81198858,b79babc24ce5a32cbf14af6b92a36ef8-10,2022-10-26T12:46:28.000Z,https://esa-worldcover.s3.eu-central-1.amazonaws.com/v200/2021/map/ESA_WorldCover_10m_2021_v200_N03E018_Map.tif
v200/2021/map/ESA_WorldCover_10m_2021_v200_N03E021_Map.tif,54951210,749ee2c20f38f8e89808ae17fe58bf08-7,2022-10-26T12:44:36.000Z,https://esa-worldcover.s3.eu-central-1.amazonaws.com/v200/2021/map/ESA_WorldCover_10m_2021_v200_N03E021_Map.tif
v200/2021/map/ESA_WorldCover_10m_2021_v200_N03E024_Map.tif,72388523,4e771690ecdf960e1aacbf82a2b0c005-9,2022-10-26T12:45:17.000Z,https://esa-worldcover.s3.eu-central-1.amazonaws.com/v200/2021/map/ESA_WorldCover_10m_2021_v200_N03E024_Map.tif
v200/2021/map/ESA_WorldCover_10m_2021_v200_N03E027_Map.tif,120182372,68ce6148c39088e7ba8093d8313d6357-15,2022-10-26T12:47:11.000Z,https://esa-worldcover.s3.eu-central-1.amazonaws.com/v200/2021/map/ESA_WorldCover_10m_2021_v200_N03E027_Map.tif
v200/2021/map/ESA_WorldCover_10m_2021_v200_N03E030_Map.tif,130270716,173e7298477e643ce33afb6a8a26d6ef-16,2022-10-26T12:57:41.000Z,https://esa-worldcover.s3.eu-central-1.amazonaws.com/v200/2021/map/ESA_WorldCover_10m_2021_v200_N03E030_Map.tif
v200/2021/map/ESA_WorldCover_10m_2021_v200_N03E033_Map.tif,110864984,8cb7e9fee0a9804344eff42e914e65f1-14,2022-10-26T12:55:44.000Z,https://esa-worldcover.s3.eu-central-1.amazonaws.com/v200/2021/map/ESA_WorldCover_10m_2021_v200_N03E033_Map.tif
v200/2021/map/ESA_WorldCover_10m_2021_v200_N03E036_Map.tif,104997346,3e07198c9df0005ac127daee29aa0d59-13,2022-10-26T12:46:07.000Z,https://esa-worldcover.s3.eu-central-1.amazonaws.com/v200/2021/map/ESA_WorldCover_10m_2021_v200_N03E036_Map.tif
v200/2021/map/ESA_WorldCover_10m_2021_v200_N03E039_Map.tif,69093448,240d7733290a259a7c5bc9d541ccb773-9,2022-10-26T12:43:16.000Z,https://esa-worldcover.s3.eu-central-1.amazonaws.com/v200/2021/map/ESA_WorldCover_10m_2021_v200_N03E039_Map.tif
v200/2021/map/ESA_WorldCover_10m_2021_v200_N03E042_Map.tif,102897255,cfe8fd29b50dd98f06fbe5171a6b419e-13,2022-10-26T12:46:33.000Z,https://esa-worldcover.s3.eu-central-1.amazonaws.com/v200/2021/map/ESA_WorldCover_10m_2021_v200_N03E042_Map.tif
v200/2021/map/ESA_WorldCover_10m_2021_v200_N03E045_Map.tif,51864878,6aa387a976470e294d7578ffafc1480a-7,2022-10-26T12:43:42.000Z,https://esa-worldcover.s3.eu-central-1.amazonaws.com/v200/2021/map/ESA_WorldCover_10m_2021_v200_N03E045_Map.tif
v200/2021/map/ESA_WorldCover_10m_2021_v200_N03E048_Map.tif,8602730,581522aff6aa3e0fc177d8f662d526af-2,2022-10-26T12:36:02.000Z,https://esa-worldcover.s3.eu-central-1.amazonaws.com/v200/2021/map/ESA_WorldCover_10m_2021_v200_N03E048_Map.tif
v200/2021/map/ESA_WorldCover_10m_2021_v200_N03E072_Map.tif,2684959,866b680e4a46b3889e183b586ebc9aa1,2022-10-26T12:36:43.000Z,https://esa-worldcover.s3.eu-central-1.amazonaws.com/v200/2021/map/ESA_WorldCover_10m_2021_v200_N03E072_Map.tif
v200/2021/map/ESA_WorldCover_10m_2021_v200_N03E078_Map.tif,2233905,c2f29d0b3dc181ec5b5f261aa5fd61e3,2022-10-26T12:35:08.000Z,https://esa-worldcover.s3.eu-central-1.amazonaws.com/v200/2021/map/ESA_WorldCover_10m_2021_v200_N03E078_Map.tif
v200/2021/map/ESA_WorldCover_10m_2021_v200_N03E093_Map.tif,6730909,27c8cd176a9ba23d2c2288b2acec933b,2022-10-26T12:35:59.000Z,https://esa-worldcover.s3.eu-central-1.amazonaws.com/v200/2021/map/ESA_WorldCover_10m_2021_v200_N03E093_Map.tif
v200/2021/map/ESA_WorldCover_10m_2021_v200_N03E096_Map.tif,25690636,f43d25758eb46ef29766e8668aa322e5-4,2022-10-26T12:37:51.000Z,https://esa-worldcover.s3.eu-central-1.amazonaws.com/v200/2021/map/ESA_WorldCover_10m_2021_v200_N03E096_Map.tif
v200/2021/map/ESA_WorldCover_10m_2021_v200_N03E099_Map.tif,26167035,72991be47f56a1ff5e2bf123408821aa-4,2022-10-26T12:38:05.000Z,https://esa-worldcover.s3.eu-central-1.amazonaws.com/v200/2021/map/ESA_WorldCover_10m_2021_v200_N03E099_Map.tif
v200/2021/map/ESA_WorldCover_10m_2021_v200_N03E102_Map.tif,20482492,71160c59a1c227f16612e5097e7f65d2-3,2022-10-26T12:37:04.000Z,https://esa-worldcover.s3.eu-central-1.amazonaws.com/v200/2021/map/ESA_WorldCover_10m_2021_v200_N03E102_Map.tif
v200/2021/map/ESA_WorldCover_10m_2021_v200_N03E105_Map.tif,2671050,1468e2d197f36cc068fabb007c93f271,2022-10-26T12:36:49.000Z,https://esa-worldcover.s3.eu-central-1.amazonaws.com/v200/2021/map/ESA_WorldCover_10m_2021_v200_N03E105_Map.tif
v200/2021/map/ESA_WorldCover_10m_2021_v200_N03E108_Map.tif,3183061,e5b3dc21857387e4fc2d247d02a1b368,2022-10-26T12:35:37.000Z,https://esa-worldcover.s3.eu-central-1.amazonaws.com/v200/2021/map/ESA_WorldCover_10m_2021_v200_N03E108_Map.tif
v200/2021/map/ESA_WorldCover_10m_2021_v200_N03E111_Map.tif,5529253,e6cea32aa338dc7cdd9e6cbfeec5e104,2022-10-26T12:36:14.000Z,https://esa-worldcover.s3.eu-central-1.amazonaws.com/v200/2021/map/ESA_WorldCover_10m_2021_v200_N03E111_Map.tif
v200/2021/map/ESA_WorldCover_10m_2021_v200_N03E114_Map.tif,17126847,e4eeead02a839b50a43d79738b14e172-3,2022-10-26T12:38:19.000Z,https://esa-worldcover.s3.eu-central-1.amazonaws.com/v200/2021/map/ESA_WorldCover_10m_2021_v200_N03E114_Map.tif
v200/2021/map/ESA_WorldCover_10m_2021_v200_N03E117_Map.tif,17910412,ea3df4a4e19dcc3de995ff826b6223cf-3,2022-10-26T12:37:21.000Z,https://esa-worldcover.s3.eu-central-1.amazonaws.com/v200/2021/map/ESA_WorldCover_10m_2021_v200_N03E117_Map.tif
v200/2021/map/ESA_WorldCover_10m_2021_v200_N03E120_Map.tif,3041063,d9b04b1e17f1d939e81044194f00ef88,2022-10-26T12:35:34.000Z,https://esa-worldcover.s3.eu-central-1.amazonaws.com/v200/2021/map/ESA_WorldCover_10m_2021_v200_N03E120_Map.tif
v200/2021/map/ESA_WorldCover_10m_2021_v200_N03E123_Map.tif,3939512,c03d3c51322d75aa05d7acb6635fc3a2,2022-10-26T12:35:55.000Z,https://esa-worldcover.s3.eu-central-1.amazonaws.com/v200/2021/map/ESA_WorldCover_10m_2021_v200_N03E123_Map.tif
v200/2021/map/ESA_WorldCover_10m_2021_v200_N03E126_Map.tif,2489252,c3ae23dea9645073b7c8deb05ecfbe51,2022-10-26T12:35:18.000Z,https://esa-worldcover.s3.eu-central-1.amazonaws.com/v200/2021/map/ESA_WorldCover_10m_2021_v200_N03E126_Map.tif
v200/2021/map/ESA_WorldCover_10m_2021_v200_N03E156_Map.tif,1987267,3663fe050468bd14d397e191ebc5f556,2022-10-26T12:34:37.000Z,https://esa-worldcover.s3.eu-central-1.amazonaws.com/v200/2021/map/ESA_WorldCover_10m_2021_v200_N03E156_Map.tif
v200/2021/map/ESA_WorldCover_10m_2021_v200_N03E162_Map.tif,2057207,978d59fdbd036a689dbb3939b522ad97,2022-10-26T12:34:37.000Z,https://esa-worldcover.s3.eu-central-1.amazonaws.com/v200/2021/map/ESA_WorldCover_10m_2021_v200_N03E162_Map.tif
v200/2021/map/ESA_WorldCover_10m_2021_v200_N03E168_Map.tif,2217442,c3405ad966f330f0c8be847baf8d9ba3,2022-10-26T12:36:09.000Z,https://esa-worldcover.s3.eu-central-1.amazonaws.com/v200/2021/map/ESA_WorldCover_10m_2021_v200_N03E168_Map.tif
v200/2021/map/ESA_WorldCover_10m_2021_v200_N03E171_Map.tif,2132710,db1e522148287c12387fa12b47672979,2022-10-26T12:36:07.000Z,https://esa-worldcover.s3.eu-central-1.amazonaws.com/v200/2021/map/ESA_WorldCover_10m_2021_v200_N03E171_Map.tif
v200/2021/map/ESA_WorldCover_10m_2021_v200_N03W003_Map.tif,24531225,36e78819f028e096eac3b9ce1561fa87-3,2022-10-26T12:36:47.000Z,https://esa-worldcover.s3.eu-central-1.amazonaws.com/v200/2021/map/ESA_WorldCover_10m_2021_v200_N03W003_Map.tif
v200/2021/map/ESA_WorldCover_10m_2021_v200_N03W006_Map.tif,24520635,315ec132862941faa1c54629be420a94-3,2022-10-26T12:37:03.000Z,https://esa-worldcover.s3.eu-central-1.amazonaws.com/v200/2021/map/ESA_WorldCover_10m_2021_v200_N03W006_Map.tif
v200/2021/map/ESA_WorldCover_10m_2021_v200_N03W009_Map.tif,25406694,01efffcdd37851c21814c38600c4e755-4,2022-10-26T12:38:20.000Z,https://esa-worldcover.s3.eu-central-1.amazonaws.com/v200/2021/map/ESA_WorldCover_10m_2021_v200_N03W009_Map.tif
v200/2021/map/ESA_WorldCover_10m_2021_v200_N03W012_Map.tif,4404747,7d2f0bfae2f388f3067b790d9616abac,2022-10-26T12:35:51.000Z,https://esa-worldcover.s3.eu-central-1.amazonaws.com/v200/2021/map/ESA_WorldCover_10m_2021_v200_N03W012_Map.tif
v200/2021/map/ESA_WorldCover_10m_2021_v200_N03W051_Map.tif,2007380,7943dc626bb704c46bf1614cea16a57c,2022-10-26T12:34:43.000Z,https://esa-worldcover.s3.eu-central-1.amazonaws.com/v200/2021/map/ESA_WorldCover_10m_2021_v200_N03W051_Map.tif
v200/2021/map/ESA_WorldCover_10m_2021_v200_N03W054_Map.tif,11988126,392e3e03513cef026f5de1317e0f9e99-2,2022-10-26T12:37:59.000Z,https://esa-worldcover.s3.eu-central-1.amazonaws.com/v200/2021/map/ESA_WorldCover_10m_2021_v200_N03W054_Map.tif
v200/2021/map/ESA_WorldCover_10m_2021_v200_N03W057_Map.tif,17803135,c904101ec4207f2682661d660ba07db6-3,2022-10-26T12:41:57.000Z,https://esa-worldcover.s3.eu-central-1.amazonaws.com/v200/2021/map/ESA_WorldCover_10m_2021_v200_N03W057_Map.tif
v200/2021/map/ESA_WorldCover_10m_2021_v200_N03W060_Map.tif,17260175,08c7245f8fdaf0727f9d09a9a8710b97-3,2022-10-26T12:39:06.000Z,https://esa-worldcover.s3.eu-central-1.amazonaws.com/v200/2021/map/ESA_WorldCover_10m_2021_v200_N03W060_Map.tif
v200/2021/map/ESA_WorldCover_10m_2021_v200_N03W063_Map.tif,34042879,34ac5bbf3f1ca496e654944a5144d005-5,2022-10-26T12:43:24.000Z,https://esa-worldcover.s3.eu-central-1.amazonaws.com/v200/2021/map/ESA_WorldCover_10m_2021_v200_N03W063_Map.tif
v200/2021/map/ESA_WorldCover_10m_2021_v200_N03W066_Map.tif,8775469,d1749bde4e68b3d4e9d7fbd007580a00-2,2022-10-26T12:42:20.000Z,https://esa-worldcover.s3.eu-central-1.amazonaws.com/v200/2021/map/ESA_WorldCover_10m_2021_v200_N03W066_Map.tif
v200/2021/map/ESA_WorldCover_10m_2021_v200_N03W069_Map.tif,39289139,90e390802639aab609d8dc24a14d9ee4-5,2022-10-26T12:43:25.000Z,https://esa-worldcover.s3.eu-central-1.amazonaws.com/v200/2021/map/ESA_WorldCover_10m_2021_v200_N03W069_Map.tif
v200/2021/map/ESA_WorldCover_10m_2021_v200_N03W072_Map.tif,38397308,0b35f414de9dd6681682d785031e9eee-5,2022-10-26T12:43:46.000Z,https://esa-worldcover.s3.eu-central-1.amazonaws.com/v200/2021/map/ESA_WorldCover_10m_2021_v200_N03W072_Map.tif
v200/2021/map/ESA_WorldCover_10m_2021_v200_N03W075_Map.tif,96344211,a94e50f1ba76f1cf796f166027a1d2ca-12,2022-10-26T12:46:19.000Z,https://esa-worldcover.s3.eu-central-1.amazonaws.com/v200/2021/map/ESA_WorldCover_10m_2021_v200_N03W075_Map.tif
v200/2021/map/ESA_WorldCover_10m_2021_v200_N03W078_Map.tif,58287593,615e66d586834a946e116378bff2cdb0-7,2022-10-26T12:43:03.000Z,https://esa-worldcover.s3.eu-central-1.amazonaws.com/v200/2021/map/ESA_WorldCover_10m_2021_v200_N03W078_Map.tif
v200/2021/map/ESA_WorldCover_10m_2021_v200_N03W081_Map.tif,1955866,e011ed80d77fb6f0bcdcaf697dcfc045,2022-10-26T12:35:07.000Z,https://esa-worldcover.s3.eu-central-1.amazonaws.com/v200/2021/map/ESA_WorldCover_10m_2021_v200_N03W081_Map.tif
v200/2021/map/ESA_WorldCover_10m_2021_v200_N03W165_Map.tif,1970466,0443a8ac9b534179c2ef1a15ad70e20f,2022-10-26T12:35:03.000Z,https://esa-worldcover.s3.eu-central-1.amazonaws.com/v200/2021/map/ESA_WorldCover_10m_2021_v200_N03W165_Map.tif
v200/2021/map/ESA_WorldCover_10m_2021_v200_N06E000_Map.tif,160535863,2064bf7f46de2a62c62e267e96ac084d-20,2022-10-26T12:42:24.000Z,https://esa-worldcover.s3.eu-central-1.amazonaws.com/v200/2021/map/ESA_WorldCover_10m_2021_v200_N06E000_Map.tif
v200/2021/map/ESA_WorldCover_10m_2021_v200_N06E003_Map.tif,123693004,6aaaf9293c4646a06d5567d1e2681f6d-15,2022-10-26T12:41:32.000Z,https://esa-worldcover.s3.eu-central-1.amazonaws.com/v200/2021/map/ESA_WorldCover_10m_2021_v200_N06E003_Map.tif
v200/2021/map/ESA_WorldCover_10m_2021_v200_N06E006_Map.tif,163661071,475c339ad490d70b4b44dc49f986da1e-20,2022-10-26T12:43:02.000Z,https://esa-worldcover.s3.eu-central-1.amazonaws.com/v200/2021/map/ESA_WorldCover_10m_2021_v200_N06E006_Map.tif
v200/2021/map/ESA_WorldCover_10m_2021_v200_N06E009_Map.tif,137736133,656d13bc87dc64b03c1db1be592267ab-17,2022-10-26T12:42:05.000Z,https://esa-worldcover.s3.eu-central-1.amazonaws.com/v200/2021/map/ESA_WorldCover_10m_2021_v200_N06E009_Map.tif
v200/2021/map/ESA_WorldCover_10m_2021_v200_N06E012_Map.tif,139697932,66418d31c67933665bb030e6e6fc2ad6-17,2022-10-26T12:42:14.000Z,https://esa-worldcover.s3.eu-central-1.amazonaws.com/v200/2021/map/ESA_WorldCover_10m_2021_v200_N06E012_Map.tif
v200/2021/map/ESA_WorldCover_10m_2021_v200_N06E015_Map.tif,133504869,1245a9de11834a9992eb118a44ed168b-16,2022-10-26T12:41:47.000Z,https://esa-worldcover.s3.eu-central-1.amazonaws.com/v200/2021/map/ESA_WorldCover_10m_2021_v200_N06E015_Map.tif
v200/2021/map/ESA_WorldCover_10m_2021_v200_N06E018_Map.tif,113133075,8c5bac792f4a3a2325c7100b1b0fd82d-14,2022-10-26T12:46:47.000Z,https://esa-worldcover.s3.eu-central-1.amazonaws.com/v200/2021/map/ESA_WorldCover_10m_2021_v200_N06E018_Map.tif
v200/2021/map/ESA_WorldCover_10m_2021_v200_N06E021_Map.tif,93047275,5ebc24f3d055e5b440f4756386553aa7-12,2022-10-26T12:46:35.000Z,https://esa-worldcover.s3.eu-central-1.amazonaws.com/v200/2021/map/ESA_WorldCover_10m_2021_v200_N06E021_Map.tif
v200/2021/map/ESA_WorldCover_10m_2021_v200_N06E024_Map.tif,155748838,7f9126b7b3998d5750a451f717c8701c-19,2022-10-26T12:42:27.000Z,https://esa-worldcover.s3.eu-central-1.amazonaws.com/v200/2021/map/ESA_WorldCover_10m_2021_v200_N06E024_Map.tif
v200/2021/map/ESA_WorldCover_10m_2021_v200_N06E027_Map.tif,148508543,8c0d2334af99d6d684ccdb5b7e3ee171-18,2022-10-26T12:41:21.000Z,https://esa-worldcover.s3.eu-central-1.amazonaws.com/v200/2021/map/ESA_WorldCover_10m_2021_v200_N06E027_Map.tif
v200/2021/map/ESA_WorldCover_10m_2021_v200_N06E030_Map.tif,70369139,9363e8d1927cd93ebbfa9e08cbcc2f80-9,2022-10-26T12:43:53.000Z,https://esa-worldcover.s3.eu-central-1.amazonaws.com/v200/2021/map/ESA_WorldCover_10m_2021_v200_N06E030_Map.tif
v200/2021/map/ESA_WorldCover_10m_2021_v200_N06E033_Map.tif,108612857,1ae2b6549b948e7de92d20b5dd3af4c8-13,2022-10-26T12:45:49.000Z,https://esa-worldcover.s3.eu-central-1.amazonaws.com/v200/2021/map/ESA_WorldCover_10m_2021_v200_N06E033_Map.tif
v200/2021/map/ESA_WorldCover_10m_2021_v200_N06E036_Map.tif,164801682,07696c039aeb4e0c5e3e2296fb9c1a30-20,2022-10-26T12:48:15.000Z,https://esa-worldcover.s3.eu-central-1.amazonaws.com/v200/2021/map/ESA_WorldCover_10m_2021_v200_N06E036_Map.tif
v200/2021/map/ESA_WorldCover_10m_2021_v200_N06E039_Map.tif,113617673,1a35cf4fa7fe449186bdab88a1af1738-14,2022-10-26T12:45:24.000Z,https://esa-worldcover.s3.eu-central-1.amazonaws.com/v200/2021/map/ESA_WorldCover_10m_2021_v200_N06E039_Map.tif
v200/2021/map/ESA_WorldCover_10m_2021_v200_N06E042_Map.tif,113322925,ba70327efab4fdca26c5fbf5e4bee91b-14,2022-10-26T12:40:32.000Z,https://esa-worldcover.s3.eu-central-1.amazonaws.com/v200/2021/map/ESA_WorldCover_10m_2021_v200_N06E042_Map.tif
v200/2021/map/ESA_WorldCover_10m_2021_v200_N06E045_Map.tif,91438216,12e9a1f94c712a02b592e127ea87d6b1-11,2022-10-26T12:40:05.000Z,https://esa-worldcover.s3.eu-central-1.amazonaws.com/v200/2021/map/ESA_WorldCover_10m_2021_v200_N06E045_Map.tif
v200/2021/map/ESA_WorldCover_10m_2021_v200_N06E048_Map.tif,74381313,32ac656b9a28d34f3486ee9a6a8864fa-9,2022-10-26T12:39:26.000Z,https://esa-worldcover.s3.eu-central-1.amazonaws.com/v200/2021/map/ESA_WorldCover_10m_2021_v200_N06E048_Map.tif
v200/2021/map/ESA_WorldCover_10m_2021_v200_N06E072_Map.tif,2379446,615ffa449fba41687cf801767929b3e9,2022-10-26T12:35:25.000Z,https://esa-worldcover.s3.eu-central-1.amazonaws.com/v200/2021/map/ESA_WorldCover_10m_2021_v200_N06E072_Map.tif
v200/2021/map/ESA_WorldCover_10m_2021_v200_N06E075_Map.tif,14485973,455c80f2e74c12194bc94cf67c1a68df-2,2022-10-26T12:35:54.000Z,https://esa-worldcover.s3.eu-central-1.amazonaws.com/v200/2021/map/ESA_WorldCover_10m_2021_v200_N06E075_Map.tif
v200/2021/map/ESA_WorldCover_10m_2021_v200_N06E078_Map.tif,34407738,c981ca2115670a01ba20d9b958aab1d8-5,2022-10-26T12:37:52.000Z,https://esa-worldcover.s3.eu-central-1.amazonaws.com/v200/2021/map/ESA_WorldCover_10m_2021_v200_N06E078_Map.tif
v200/2021/map/ESA_WorldCover_10m_2021_v200_N06E081_Map.tif,19310758,14f716c73336fd42e94625119c2483e7-3,2022-10-26T12:36:11.000Z,https://esa-worldcover.s3.eu-central-1.amazonaws.com/v200/2021/map/ESA_WorldCover_10m_2021_v200_N06E081_Map.tif
v200/2021/map/ESA_WorldCover_10m_2021_v200_N06E090_Map.tif,2049250,004e9bba46455980ec54faa236160e48,2022-10-26T12:34:45.000Z,https://esa-worldcover.s3.eu-central-1.amazonaws.com/v200/2021/map/ESA_WorldCover_10m_2021_v200_N06E090_Map.tif
v200/2021/map/ESA_WorldCover_10m_2021_v200_N06E093_Map.tif,3025549,37c13b4b3862afb11ca6d89fdec2998a,2022-10-26T12:36:40.000Z,https://esa-worldcover.s3.eu-central-1.amazonaws.com/v200/2021/map/ESA_WorldCover_10m_2021_v200_N06E093_Map.tif
v200/2021/map/ESA_WorldCover_10m_2021_v200_N06E096_Map.tif,6600982,5481344d4a842390c97f5adf0f8d78f8,2022-10-26T12:36:12.000Z,https://esa-worldcover.s3.eu-central-1.amazonaws.com/v200/2021/map/ESA_WorldCover_10m_2021_v200_N06E096_Map.tif
v200/2021/map/ESA_WorldCover_10m_2021_v200_N06E099_Map.tif,37802848,85872e3d3928813c9ae139a0490f037d-5,2022-10-26T12:39:37.000Z,https://esa-worldcover.s3.eu-central-1.amazonaws.com/v200/2021/map/ESA_WorldCover_10m_2021_v200_N06E099_Map.tif
v200/2021/map/ESA_WorldCover_10m_2021_v200_N06E102_Map.tif,6031993,894211a0922e689fc3a47fb7417a46d9,2022-10-26T12:37:10.000Z,https://esa-worldcover.s3.eu-central-1.amazonaws.com/v200/2021/map/ESA_WorldCover_10m_2021_v200_N06E102_Map.tif
v200/2021/map/ESA_WorldCover_10m_2021_v200_N06E105_Map.tif,4951029,3336b44c6526f4ce5d04985fc17e3605,2022-10-26T12:35:46.000Z,https://esa-worldcover.s3.eu-central-1.amazonaws.com/v200/2021/map/ESA_WorldCover_10m_2021_v200_N06E105_Map.tif
v200/2021/map/ESA_WorldCover_10m_2021_v200_N06E111_Map.tif,2298862,b4aed4032109755d4cb725143f96caf5,2022-10-26T13:06:18.000Z,https://esa-worldcover.s3.eu-central-1.amazonaws.com/v200/2021/map/ESA_WorldCover_10m_2021_v200_N06E111_Map.tif
v200/2021/map/ESA_WorldCover_10m_2021_v200_N06E114_Map.tif,5451260,65b4996de7f0074a04051f4544dd97a2,2022-10-26T12:36:51.000Z,https://esa-worldcover.s3.eu-central-1.amazonaws.com/v200/2021/map/ESA_WorldCover_10m_2021_v200_N06E114_Map.tif
v200/2021/map/ESA_WorldCover_10m_2021_v200_N06E117_Map.tif,6312932,958322cfde0287e5a1344269d3ccdd02,2022-10-26T12:38:20.000Z,https://esa-worldcover.s3.eu-central-1.amazonaws.com/v200/2021/map/ESA_WorldCover_10m_2021_v200_N06E117_Map.tif
v200/2021/map/ESA_WorldCover_10m_2021_v200_N06E120_Map.tif,7362080,0a3f75e721a271278ece37e508d16237,2022-10-26T12:38:55.000Z,https://esa-worldcover.s3.eu-central-1.amazonaws.com/v200/2021/map/ESA_WorldCover_10m_2021_v200_N06E120_Map.tif
v200/2021/map/ESA_WorldCover_10m_2021_v200_N06E123_Map.tif,56547426,b43d19e568449bd3d791532617fd5da9-7,2022-10-26T12:39:48.000Z,https://esa-worldcover.s3.eu-central-1.amazonaws.com/v200/2021/map/ESA_WorldCover_10m_2021_v200_N06E123_Map.tif
v200/2021/map/ESA_WorldCover_10m_2021_v200_N06E126_Map.tif,7059344,d93bbafeebcaf603205c6ae8dc5980fb,2022-10-26T12:35:51.000Z,https://esa-worldcover.s3.eu-central-1.amazonaws.com/v200/2021/map/ESA_WorldCover_10m_2021_v200_N06E126_Map.tif
v200/2021/map/ESA_WorldCover_10m_2021_v200_N06E132_Map.tif,2589880,6ae249e01e7f274cb43036e2fce31e19,2022-10-26T12:35:43.000Z,https://esa-worldcover.s3.eu-central-1.amazonaws.com/v200/2021/map/ESA_WorldCover_10m_2021_v200_N06E132_Map.tif
v200/2021/map/ESA_WorldCover_10m_2021_v200_N06E156_Map.tif,2222805,1a38dbd353798bf9e712b653957ac59a,2022-10-26T12:35:29.000Z,https://esa-worldcover.s3.eu-central-1.amazonaws.com/v200/2021/map/ESA_WorldCover_10m_2021_v200_N06E156_Map.tif
v200/2021/map/ESA_WorldCover_10m_2021_v200_N06E159_Map.tif,1980254,2a7ee11ac4c46770a8e9bf5be7fa2916,2022-10-26T13:06:18.000Z,https://esa-worldcover.s3.eu-central-1.amazonaws.com/v200/2021/map/ESA_WorldCover_10m_2021_v200_N06E159_Map.tif
v200/2021/map/ESA_WorldCover_10m_2021_v200_N06E165_Map.tif,2231895,67c43a4587fddd19f72b137158ae6de3,2022-10-26T12:36:08.000Z,https://esa-worldcover.s3.eu-central-1.amazonaws.com/v200/2021/map/ESA_WorldCover_10m_2021_v200_N06E165_Map.tif
v200/2021/map/ESA_WorldCover_10m_2021_v200_N06E168_Map.tif,2572135,2a1401a0e3e25e42faa12e0d4abe76c9,2022-10-26T12:38:06.000Z,https://esa-worldcover.s3.eu-central-1.amazonaws.com/v200/2021/map/ESA_WorldCover_10m_2021_v200_N06E168_Map.tif
v200/2021/map/ESA_WorldCover_10m_2021_v200_N06E171_Map.tif,2348418,d829a022e69abb997b3a4ff7109c0cab,2022-10-26T12:35:34.000Z,https://esa-worldcover.s3.eu-central-1.amazonaws.com/v200/2021/map/ESA_WorldCover_10m_2021_v200_N06E171_Map.tif
v200/2021/map/ESA_WorldCover_10m_2021_v200_N06W003_Map.tif,134335721,bd619010a4604b3400d715fe423f1513-17,2022-10-26T12:41:56.000Z,https://esa-worldcover.s3.eu-central-1.amazonaws.com/v200/2021/map/ESA_WorldCover_10m_2021_v200_N06W003_Map.tif
v200/2021/map/ESA_WorldCover_10m_2021_v200_N06W006_Map.tif,136844723,f5c934e3b9bde81832ca07217e75bcdd-17,2022-10-26T12:44:42.000Z,https://esa-worldcover.s3.eu-central-1.amazonaws.com/v200/2021/map/ESA_WorldCover_10m_2021_v200_N06W006_Map.tif
v200/2021/map/ESA_WorldCover_10m_2021_v200_N06W009_Map.tif,123488207,df51da897e0d1351d4954df1a3a42d68-15,2022-10-26T12:44:43.000Z,https://esa-worldcover.s3.eu-central-1.amazonaws.com/v200/2021/map/ESA_WorldCover_10m_2021_v200_N06W009_Map.tif
v200/2021/map/ESA_WorldCover_10m_2021_v200_N06W012_Map.tif,76402998,c30ded3cb20ccf5c2d41d744bdca3eb2-10,2022-10-26T12:41:35.000Z,https://esa-worldcover.s3.eu-central-1.amazonaws.com/v200/2021/map/ESA_WorldCover_10m_2021_v200_N06W012_Map.tif
v200/2021/map/ESA_WorldCover_10m_2021_v200_N06W015_Map.tif,26718425,59e556fbf90f5abf58e663fe91d6d29b-4,2022-10-26T12:36:19.000Z,https://esa-worldcover.s3.eu-central-1.amazonaws.com/v200/2021/map/ESA_WorldCover_10m_2021_v200_N06W015_Map.tif
v200/2021/map/ESA_WorldCover_10m_2021_v200_N06W057_Map.tif,1984595,f892e66a01595ecdb6f75590591f9ca6,2022-10-26T12:34:52.000Z,https://esa-worldcover.s3.eu-central-1.amazonaws.com/v200/2021/map/ESA_WorldCover_10m_2021_v200_N06W057_Map.tif
v200/2021/map/ESA_WorldCover_10m_2021_v200_N06W060_Map.tif,15824017,11db945962d72168638fcffed59986b6-2,2022-10-26T12:37:32.000Z,https://esa-worldcover.s3.eu-central-1.amazonaws.com/v200/2021/map/ESA_WorldCover_10m_2021_v200_N06W060_Map.tif
v200/2021/map/ESA_WorldCover_10m_2021_v200_N06W063_Map.tif,32192929,7ce6d3bfdd31e137793197b9f330e64d-4,2022-10-26T12:39:36.000Z,https://esa-worldcover.s3.eu-central-1.amazonaws.com/v200/2021/map/ESA_WorldCover_10m_2021_v200_N06W063_Map.tif
v200/2021/map/ESA_WorldCover_10m_2021_v200_N06W066_Map.tif,55589924,6ee32024c8ba8fec352238cb23d3e496-7,2022-10-26T12:40:45.000Z,https://esa-worldcover.s3.eu-central-1.amazonaws.com/v200/2021/map/ESA_WorldCover_10m_2021_v200_N06W066_Map.tif
v200/2021/map/ESA_WorldCover_10m_2021_v200_N06W069_Map.tif,66273985,3077238d3b222f26c200bae221fa913d-8,2022-10-26T12:41:19.000Z,https://esa-worldcover.s3.eu-central-1.amazonaws.com/v200/2021/map/ESA_WorldCover_10m_2021_v200_N06W069_Map.tif
v200/2021/map/ESA_WorldCover_10m_2021_v200_N06W072_Map.tif,65691249,9d904d4c20e29709e26ae9ceeff1b71e-8,2022-10-26T12:41:50.000Z,https://esa-worldcover.s3.eu-central-1.amazonaws.com/v200/2021/map/ESA_WorldCover_10m_2021_v200_N06W072_Map.tif
v200/2021/map/ESA_WorldCover_10m_2021_v200_N06W075_Map.tif,94898694,06cbde5b88ff2878b86f18e0f682b0d9-12,2022-10-26T12:50:02.000Z,https://esa-worldcover.s3.eu-central-1.amazonaws.com/v200/2021/map/ESA_WorldCover_10m_2021_v200_N06W075_Map.tif
v200/2021/map/ESA_WorldCover_10m_2021_v200_N06W078_Map.tif,59666787,fd90e7ead0af05b6cccf2f8a3777062c-8,2022-10-26T12:43:36.000Z,https://esa-worldcover.s3.eu-central-1.amazonaws.com/v200/2021/map/ESA_WorldCover_10m_2021_v200_N06W078_Map.tif
v200/2021/map/ESA_WorldCover_10m_2021_v200_N06W081_Map.tif,25184507,3df5d28c5932a8cb245a38c699e940fe-4,2022-10-26T12:37:37.000Z,https://esa-worldcover.s3.eu-central-1.amazonaws.com/v200/2021/map/ESA_WorldCover_10m_2021_v200_N06W081_Map.tif
v200/2021/map/ESA_WorldCover_10m_2021_v200_N06W084_Map.tif,22525101,afc85993781678ff36c40c5172ae0d81-3,2022-10-26T12:36:41.000Z,https://esa-worldcover.s3.eu-central-1.amazonaws.com/v200/2021/map/ESA_WorldCover_10m_2021_v200_N06W084_Map.tif
v200/2021/map/ESA_WorldCover_10m_2021_v200_N09E000_Map.tif,148758007,44a080da5c60ce95426a0336ebc5ec31-18,2022-10-26T12:41:07.000Z,https://esa-worldcover.s3.eu-central-1.amazonaws.com/v200/2021/map/ESA_WorldCover_10m_2021_v200_N09E000_Map.tif
v200/2021/map/ESA_WorldCover_10m_2021_v200_N09E003_Map.tif,143747389,0dbee575bd9240890c81fe6726bbc064-18,2022-10-26T12:40:28.000Z,https://esa-worldcover.s3.eu-central-1.amazonaws.com/v200/2021/map/ESA_WorldCover_10m_2021_v200_N09E003_Map.tif
v200/2021/map/ESA_WorldCover_10m_2021_v200_N09E006_Map.tif,144285916,24f60963ae15baa408bc062c73dcfea8-18,2022-10-26T12:47:24.000Z,https://esa-worldcover.s3.eu-central-1.amazonaws.com/v200/2021/map/ESA_WorldCover_10m_2021_v200_N09E006_Map.tif
v200/2021/map/ESA_WorldCover_10m_2021_v200_N09E009_Map.tif,120651944,45fce2bc75a29dfeb35efcb2fb98641b-15,2022-10-26T12:41:06.000Z,https://esa-worldcover.s3.eu-central-1.amazonaws.com/v200/2021/map/ESA_WorldCover_10m_2021_v200_N09E009_Map.tif
v200/2021/map/ESA_WorldCover_10m_2021_v200_N09E012_Map.tif,134600931,8b450c0fc627d795a0b212eddc2c1b1c-17,2022-10-26T12:44:53.000Z,https://esa-worldcover.s3.eu-central-1.amazonaws.com/v200/2021/map/ESA_WorldCover_10m_2021_v200_N09E012_Map.tif
v200/2021/map/ESA_WorldCover_10m_2021_v200_N09E015_Map.tif,134892143,036d0e0874cf367e4557376bd1aabf9f-17,2022-10-26T12:41:26.000Z,https://esa-worldcover.s3.eu-central-1.amazonaws.com/v200/2021/map/ESA_WorldCover_10m_2021_v200_N09E015_Map.tif
v200/2021/map/ESA_WorldCover_10m_2021_v200_N09E018_Map.tif,142255830,cd3f769b23f3a8256d16753191bcc83c-17,2022-10-26T12:50:37.000Z,https://esa-worldcover.s3.eu-central-1.amazonaws.com/v200/2021/map/ESA_WorldCover_10m_2021_v200_N09E018_Map.tif
v200/2021/map/ESA_WorldCover_10m_2021_v200_N09E021_Map.tif,139096111,1b55850f74da333b61af737290626ce6-17,2022-10-26T12:41:31.000Z,https://esa-worldcover.s3.eu-central-1.amazonaws.com/v200/2021/map/ESA_WorldCover_10m_2021_v200_N09E021_Map.tif
v200/2021/map/ESA_WorldCover_10m_2021_v200_N09E024_Map.tif,134939548,ad8597060c8b653897294a6fe6c672ca-17,2022-10-26T13:00:24.000Z,https://esa-worldcover.s3.eu-central-1.amazonaws.com/v200/2021/map/ESA_WorldCover_10m_2021_v200_N09E024_Map.tif
v200/2021/map/ESA_WorldCover_10m_2021_v200_N09E027_Map.tif,115835065,9b718fec33bc37dbb9d57c8b300d78b2-14,2022-10-26T12:41:43.000Z,https://esa-worldcover.s3.eu-central-1.amazonaws.com/v200/2021/map/ESA_WorldCover_10m_2021_v200_N09E027_Map.tif
v200/2021/map/ESA_WorldCover_10m_2021_v200_N09E030_Map.tif,113372352,9c682606ecbc993b878adfa816d37a20-14,2022-10-26T12:43:59.000Z,https://esa-worldcover.s3.eu-central-1.amazonaws.com/v200/2021/map/ESA_WorldCover_10m_2021_v200_N09E030_Map.tif
v200/2021/map/ESA_WorldCover_10m_2021_v200_N09E033_Map.tif,134540182,e6fd51e0f5c28e50e239fd6867e793a2-17,2022-10-26T12:44:11.000Z,https://esa-worldcover.s3.eu-central-1.amazonaws.com/v200/2021/map/ESA_WorldCover_10m_2021_v200_N09E033_Map.tif
v200/2021/map/ESA_WorldCover_10m_2021_v200_N09E036_Map.tif,154557408,12cfbb491b90fb343532a6c7f40ce320-19,2022-10-26T12:45:00.000Z,https://esa-worldcover.s3.eu-central-1.amazonaws.com/v200/2021/map/ESA_WorldCover_10m_2021_v200_N09E036_Map.tif
v200/2021/map/ESA_WorldCover_10m_2021_v200_N09E039_Map.tif,135763525,fae3ebfbc3910c2c5f272aaf88c4d804-17,2022-10-26T12:57:03.000Z,https://esa-worldcover.s3.eu-central-1.amazonaws.com/v200/2021/map/ESA_WorldCover_10m_2021_v200_N09E039_Map.tif
v200/2021/map/ESA_WorldCover_10m_2021_v200_N09E042_Map.tif,85440675,ed00f98c688b4c74e4362867dae9a542-11,2022-10-26T12:41:49.000Z,https://esa-worldcover.s3.eu-central-1.amazonaws.com/v200/2021/map/ESA_WorldCover_10m_2021_v200_N09E042_Map.tif
v200/2021/map/ESA_WorldCover_10m_2021_v200_N09E045_Map.tif,83084320,8e9f8c24f3505d8b41109f54e2e66ac2-10,2022-10-26T12:39:12.000Z,https://esa-worldcover.s3.eu-central-1.amazonaws.com/v200/2021/map/ESA_WorldCover_10m_2021_v200_N09E045_Map.tif
v200/2021/map/ESA_WorldCover_10m_2021_v200_N09E048_Map.tif,99022381,811c507a1bf3bd1f5f7ea9bfd5fd255e-12,2022-10-26T12:45:38.000Z,https://esa-worldcover.s3.eu-central-1.amazonaws.com/v200/2021/map/ESA_WorldCover_10m_2021_v200_N09E048_Map.tif
v200/2021/map/ESA_WorldCover_10m_2021_v200_N09E051_Map.tif,5316504,f554bb66b5e2640e12a5c7839a6a56ba,2022-10-26T12:36:18.000Z,https://esa-worldcover.s3.eu-central-1.amazonaws.com/v200/2021/map/ESA_WorldCover_10m_2021_v200_N09E051_Map.tif
v200/2021/map/ESA_WorldCover_10m_2021_v200_N09E072_Map.tif,2341607,61b7845896461385d2808fe66cc0d199,2022-10-26T12:35:40.000Z,https://esa-worldcover.s3.eu-central-1.amazonaws.com/v200/2021/map/ESA_WorldCover_10m_2021_v200_N09E072_Map.tif
v200/2021/map/ESA_WorldCover_10m_2021_v200_N09E075_Map.tif,75590338,ba6336d3b209bcd44db620299bcd5989-10,2022-10-26T12:38:20.000Z,https://esa-worldcover.s3.eu-central-1.amazonaws.com/v200/2021/map/ESA_WorldCover_10m_2021_v200_N09E075_Map.tif
v200/2021/map/ESA_WorldCover_10m_2021_v200_N09E078_Map.tif,92254923,1a9e330a65f756fc7336ca86d9a5c923-11,2022-10-26T12:38:34.000Z,https://esa-worldcover.s3.eu-central-1.amazonaws.com/v200/2021/map/ESA_WorldCover_10m_2021_v200_N09E078_Map.tif
v200/2021/map/ESA_WorldCover_10m_2021_v200_N09E081_Map.tif,1951593,a544f309a292542788be63d362f2f64b,2022-10-26T12:34:39.000Z,https://esa-worldcover.s3.eu-central-1.amazonaws.com/v200/2021/map/ESA_WorldCover_10m_2021_v200_N09E081_Map.tif
v200/2021/map/ESA_WorldCover_10m_2021_v200_N09E090_Map.tif,3062512,8e657f546aed22cf4e22827f67ccfe9a,2022-10-26T12:35:37.000Z,https://esa-worldcover.s3.eu-central-1.amazonaws.com/v200/2021/map/ESA_WorldCover_10m_2021_v200_N09E090_Map.tif
v200/2021/map/ESA_WorldCover_10m_2021_v200_N09E093_Map.tif,2056494,f60f49ebdbb4df8e2b594f8a784991ea,2022-10-26T12:34:42.000Z,https://esa-worldcover.s3.eu-central-1.amazonaws.com/v200/2021/map/ESA_WorldCover_10m_2021_v200_N09E093_Map.tif
v200/2021/map/ESA_WorldCover_10m_2021_v200_N09E096_Map.tif,8730885,93e06ba11a61f195fe5323a8295ddbb4-2,2022-10-26T12:36:31.000Z,https://esa-worldcover.s3.eu-central-1.amazonaws.com/v200/2021/map/ESA_WorldCover_10m_2021_v200_N09E096_Map.tif
v200/2021/map/ESA_WorldCover_10m_2021_v200_N09E099_Map.tif,12335836,6f41ffafb420e9d673689a7e86ad2050-2,2022-10-26T12:36:14.000Z,https://esa-worldcover.s3.eu-central-1.amazonaws.com/v200/2021/map/ESA_WorldCover_10m_2021_v200_N09E099_Map.tif
v200/2021/map/ESA_WorldCover_10m_2021_v200_N09E102_Map.tif,36075843,e14744c48c0d00b5da238128807876b3-5,2022-10-26T12:37:26.000Z,https://esa-worldcover.s3.eu-central-1.amazonaws.com/v200/2021/map/ESA_WorldCover_10m_2021_v200_N09E102_Map.tif
v200/2021/map/ESA_WorldCover_10m_2021_v200_N09E105_Map.tif,92338709,64f8a6bb5fc97a835ee59e9532d5f46c-12,2022-10-26T12:39:30.000Z,https://esa-worldcover.s3.eu-central-1.amazonaws.com/v200/2021/map/ESA_WorldCover_10m_2021_v200_N09E105_Map.tif
v200/2021/map/ESA_WorldCover_10m_2021_v200_N09E108_Map.tif,14963837,fe5a1cc1096b76bbcbb6d8f195ae8cd5-2,2022-10-26T12:36:45.000Z,https://esa-worldcover.s3.eu-central-1.amazonaws.com/v200/2021/map/ESA_WorldCover_10m_2021_v200_N09E108_Map.tif
v200/2021/map/ESA_WorldCover_10m_2021_v200_N09E111_Map.tif,2088798,a821d5bd48633f676c3a909ea846110f,2022-10-26T12:35:11.000Z,https://esa-worldcover.s3.eu-central-1.amazonaws.com/v200/2021/map/ESA_WorldCover_10m_2021_v200_N09E111_Map.tif
v200/2021/map/ESA_WorldCover_10m_2021_v200_N09E114_Map.tif,2560868,105bc0cb94bda5b1775e04accfce6c00,2022-10-26T12:36:15.000Z,https://esa-worldcover.s3.eu-central-1.amazonaws.com/v200/2021/map/ESA_WorldCover_10m_2021_v200_N09E114_Map.tif
v200/2021/map/ESA_WorldCover_10m_2021_v200_N09E117_Map.tif,7312318,7dec4e4ac076c786ca91a180c3fc91fe,2022-10-26T12:37:09.000Z,https://esa-worldcover.s3.eu-central-1.amazonaws.com/v200/2021/map/ESA_WorldCover_10m_2021_v200_N09E117_Map.tif
v200/2021/map/ESA_WorldCover_10m_2021_v200_N09E120_Map.tif,21829239,a42979a4286552cd84ed29778a2396af-3,2022-10-26T12:37:46.000Z,https://esa-worldcover.s3.eu-central-1.amazonaws.com/v200/2021/map/ESA_WorldCover_10m_2021_v200_N09E120_Map.tif
v200/2021/map/ESA_WorldCover_10m_2021_v200_N09E123_Map.tif,30951898,85e229808548f7ca582c02ec7dd734da-4,2022-10-26T12:38:59.000Z,https://esa-worldcover.s3.eu-central-1.amazonaws.com/v200/2021/map/ESA_WorldCover_10m_2021_v200_N09E123_Map.tif
v200/2021/map/ESA_WorldCover_10m_2021_v200_N09E126_Map.tif,2528247,1d80fc28b63e842195e514719ef7e2c4,2022-10-26T12:35:25.000Z,https://esa-worldcover.s3.eu-central-1.amazonaws.com/v200/2021/map/ESA_WorldCover_10m_2021_v200_N09E126_Map.tif
v200/2021/map/ESA_WorldCover_10m_2021_v200_N09E138_Map.tif,2257267,c5329e4d92941c32c6eec40451789452,2022-10-26T12:35:14.000Z,https://esa-worldcover.s3.eu-central-1.amazonaws.com/v200/2021/map/ESA_WorldCover_10m_2021_v200_N09E138_Map.tif
v200/2021/map/ESA_WorldCover_10m_2021_v200_N09E159_Map.tif,2117454,15b6460919f9fc384337bc4d0e102609,2022-10-26T13:06:19.000Z,https://esa-worldcover.s3.eu-central-1.amazonaws.com/v200/2021/map/ESA_WorldCover_10m_2021_v200_N09E159_Map.tif
v200/2021/map/ESA_WorldCover_10m_2021_v200_N09E162_Map.tif,2026463,81295a1fb86d5490ed5c034cf66a0bb9,2022-10-26T12:35:03.000Z,https://esa-worldcover.s3.eu-central-1.amazonaws.com/v200/2021/map/ESA_WorldCover_10m_2021_v200_N09E162_Map.tif
v200/2021/map/ESA_WorldCover_10m_2021_v200_N09E165_Map.tif,2611848,da1eff50aa8f61f4f06e175fc4b29450,2022-10-26T12:39:25.000Z,https://esa-worldcover.s3.eu-central-1.amazonaws.com/v200/2021/map/ESA_WorldCover_10m_2021_v200_N09E165_Map.tif
v200/2021/map/ESA_WorldCover_10m_2021_v200_N09E168_Map.tif,2573945,6564769bfc965e32c6165175b7730dbb,2022-10-26T12:38:56.000Z,https://esa-worldcover.s3.eu-central-1.amazonaws.com/v200/2021/map/ESA_WorldCover_10m_2021_v200_N09E168_Map.tif
v200/2021/map/ESA_WorldCover_10m_2021_v200_N09W003_Map.tif,145492858,cc56e50ebac89e4165a926a188013ead-18,2022-10-26T12:41:02.000Z,https://esa-worldcover.s3.eu-central-1.amazonaws.com/v200/2021/map/ESA_WorldCover_10m_2021_v200_N09W003_Map.tif
v200/2021/map/ESA_WorldCover_10m_2021_v200_N09W006_Map.tif,175450423,9e1100f5ade9de14eddda5e39bcb814f-21,2022-10-26T12:41:33.000Z,https://esa-worldcover.s3.eu-central-1.amazonaws.com/v200/2021/map/ESA_WorldCover_10m_2021_v200_N09W006_Map.tif
v200/2021/map/ESA_WorldCover_10m_2021_v200_N09W009_Map.tif,177710202,cfff828dc11dd9a655068f057cb815ef-22,2022-10-26T12:42:02.000Z,https://esa-worldcover.s3.eu-central-1.amazonaws.com/v200/2021/map/ESA_WorldCover_10m_2021_v200_N09W009_Map.tif
v200/2021/map/ESA_WorldCover_10m_2021_v200_N09W012_Map.tif,166044855,e9c330d47913ec69a6b95d1be1bf79be-20,2022-10-26T12:42:56.000Z,https://esa-worldcover.s3.eu-central-1.amazonaws.com/v200/2021/map/ESA_WorldCover_10m_2021_v200_N09W012_Map.tif
v200/2021/map/ESA_WorldCover_10m_2021_v200_N09W015_Map.tif,126032876,e7671a7721fe400860f0b43d5f51fb1d-16,2022-10-26T12:40:25.000Z,https://esa-worldcover.s3.eu-central-1.amazonaws.com/v200/2021/map/ESA_WorldCover_10m_2021_v200_N09W015_Map.tif
v200/2021/map/ESA_WorldCover_10m_2021_v200_N09W018_Map.tif,11458141,bf992c4f66db02db109a1a3a9ce683b3-2,2022-10-26T12:35:33.000Z,https://esa-worldcover.s3.eu-central-1.amazonaws.com/v200/2021/map/ESA_WorldCover_10m_2021_v200_N09W018_Map.tif
v200/2021/map/ESA_WorldCover_10m_2021_v200_N09W063_Map.tif,23075096,e4849005d277e358bc01e0359a399229-3,2022-10-26T12:37:00.000Z,https://esa-worldcover.s3.eu-central-1.amazonaws.com/v200/2021/map/ESA_WorldCover_10m_2021_v200_N09W063_Map.tif
v200/2021/map/ESA_WorldCover_10m_2021_v200_N09W066_Map.tif,51654154,e82066b7bb2e3134ef49c6949148e464-7,2022-10-26T12:37:56.000Z,https://esa-worldcover.s3.eu-central-1.amazonaws.com/v200/2021/map/ESA_WorldCover_10m_2021_v200_N09W066_Map.tif
v200/2021/map/ESA_WorldCover_10m_2021_v200_N09W069_Map.tif,71610618,0f054cdab76289e4ed1ac97482fcad4c-9,2022-10-26T12:43:24.000Z,https://esa-worldcover.s3.eu-central-1.amazonaws.com/v200/2021/map/ESA_WorldCover_10m_2021_v200_N09W069_Map.tif
v200/2021/map/ESA_WorldCover_10m_2021_v200_N09W072_Map.tif,84699010,f54388fa83dae905082ee86231f96d76-11,2022-10-26T12:42:46.000Z,https://esa-worldcover.s3.eu-central-1.amazonaws.com/v200/2021/map/ESA_WorldCover_10m_2021_v200_N09W072_Map.tif
v200/2021/map/ESA_WorldCover_10m_2021_v200_N09W075_Map.tif,72142722,6fa0975293a8b5d10b41ad3b6a45893a-9,2022-10-26T12:50:43.000Z,https://esa-worldcover.s3.eu-central-1.amazonaws.com/v200/2021/map/ESA_WorldCover_10m_2021_v200_N09W075_Map.tif
v200/2021/map/ESA_WorldCover_10m_2021_v200_N09W078_Map.tif,16999481,d49d5ef34929c6663c7dfe0c0e1cb4df-3,2022-10-26T12:37:29.000Z,https://esa-worldcover.s3.eu-central-1.amazonaws.com/v200/2021/map/ESA_WorldCover_10m_2021_v200_N09W078_Map.tif
v200/2021/map/ESA_WorldCover_10m_2021_v200_N09W081_Map.tif,9795317,db6c187d49b86407db8bc4f824669f36-2,2022-10-26T12:35:50.000Z,https://esa-worldcover.s3.eu-central-1.amazonaws.com/v200/2021/map/ESA_WorldCover_10m_2021_v200_N09W081_Map.tif
v200/2021/map/ESA_WorldCover_10m_2021_v200_N09W084_Map.tif,16874917,99b4a28e183a2166e5eeadccd1ef6c33-3,2022-10-26T12:37:37.000Z,https://esa-worldcover.s3.eu-central-1.amazonaws.com/v200/2021/map/ESA_WorldCover_10m_2021_v200_N09W084_Map.tif
v200/2021/map/ESA_WorldCover_10m_2021_v200_N09W087_Map.tif,45092138,ea5fe4bbabee94ccf33e38cc0b215b5e-6,2022-10-26T12:38:34.000Z,https://esa-worldcover.s3.eu-central-1.amazonaws.com/v200/2021/map/ESA_WorldCover_10m_2021_v200_N09W087_Map.tif
v200/2021/map/ESA_WorldCover_10m_2021_v200_N09W111_Map.tif,2006160,2bdcf17fb1279ad562abdab54f3d55e2,2022-10-26T12:34:45.000Z,https://esa-worldcover.s3.eu-central-1.amazonaws.com/v200/2021/map/ESA_WorldCover_10m_2021_v200_N09W111_Map.tif
v200/2021/map/ESA_WorldCover_10m_2021_v200_N12E000_Map.tif,146168023,67ab8876b2ef114f5c7cedd42cfc6c14-18,2022-10-26T12:41:57.000Z,https://esa-worldcover.s3.eu-central-1.amazonaws.com/v200/2021/map/ESA_WorldCover_10m_2021_v200_N12E000_Map.tif
v200/2021/map/ESA_WorldCover_10m_2021_v200_N12E003_Map.tif,136996332,b7893def01f7819718af208491afa084-17,2022-10-26T12:41:04.000Z,https://esa-worldcover.s3.eu-central-1.amazonaws.com/v200/2021/map/ESA_WorldCover_10m_2021_v200_N12E003_Map.tif
v200/2021/map/ESA_WorldCover_10m_2021_v200_N12E006_Map.tif,102374740,c3c1473ac1433a8e14df5fefe54179a3-13,2022-10-26T12:40:44.000Z,https://esa-worldcover.s3.eu-central-1.amazonaws.com/v200/2021/map/ESA_WorldCover_10m_2021_v200_N12E006_Map.tif
v200/2021/map/ESA_WorldCover_10m_2021_v200_N12E009_Map.tif,94322122,f3cd74c7d4d7a9756acde5a61335f861-12,2022-10-26T12:39:41.000Z,https://esa-worldcover.s3.eu-central-1.amazonaws.com/v200/2021/map/ESA_WorldCover_10m_2021_v200_N12E009_Map.tif
v200/2021/map/ESA_WorldCover_10m_2021_v200_N12E012_Map.tif,78056553,238807b08c5b75abcd8f230ab07265f4-10,2022-10-26T12:41:32.000Z,https://esa-worldcover.s3.eu-central-1.amazonaws.com/v200/2021/map/ESA_WorldCover_10m_2021_v200_N12E012_Map.tif
v200/2021/map/ESA_WorldCover_10m_2021_v200_N12E015_Map.tif,60482036,2ea79b8dddfc75aa151581326567d1c1-8,2022-10-26T12:44:29.000Z,https://esa-worldcover.s3.eu-central-1.amazonaws.com/v200/2021/map/ESA_WorldCover_10m_2021_v200_N12E015_Map.tif
v200/2021/map/ESA_WorldCover_10m_2021_v200_N12E018_Map.tif,60959222,70d47acb67634044b2bf422c257c2e03-8,2022-10-26T12:44:37.000Z,https://esa-worldcover.s3.eu-central-1.amazonaws.com/v200/2021/map/ESA_WorldCover_10m_2021_v200_N12E018_Map.tif
v200/2021/map/ESA_WorldCover_10m_2021_v200_N12E021_Map.tif,109220171,2f66abcb7a677de2bdbd46ab3c395680-14,2022-10-26T12:46:30.000Z,https://esa-worldcover.s3.eu-central-1.amazonaws.com/v200/2021/map/ESA_WorldCover_10m_2021_v200_N12E021_Map.tif
v200/2021/map/ESA_WorldCover_10m_2021_v200_N12E024_Map.tif,92218517,d4689071f0a8719e28ed849b22d8bda6-11,2022-10-26T12:46:03.000Z,https://esa-worldcover.s3.eu-central-1.amazonaws.com/v200/2021/map/ESA_WorldCover_10m_2021_v200_N12E024_Map.tif
v200/2021/map/ESA_WorldCover_10m_2021_v200_N12E027_Map.tif,71972246,2f278c0cb616e3d0af206f7c9d320584-9,2022-10-26T12:51:13.000Z,https://esa-worldcover.s3.eu-central-1.amazonaws.com/v200/2021/map/ESA_WorldCover_10m_2021_v200_N12E027_Map.tif
v200/2021/map/ESA_WorldCover_10m_2021_v200_N12E030_Map.tif,115618202,4b0dbbdd17f87b56098901a39912d4e4-14,2022-10-26T12:52:44.000Z,https://esa-worldcover.s3.eu-central-1.amazonaws.com/v200/2021/map/ESA_WorldCover_10m_2021_v200_N12E030_Map.tif
v200/2021/map/ESA_WorldCover_10m_2021_v200_N12E033_Map.tif,89302607,9ccbcdd295777b57c74d63eb9cb4c912-11,2022-10-26T12:51:28.000Z,https://esa-worldcover.s3.eu-central-1.amazonaws.com/v200/2021/map/ESA_WorldCover_10m_2021_v200_N12E033_Map.tif
v200/2021/map/ESA_WorldCover_10m_2021_v200_N12E036_Map.tif,159278323,8ff7343e1ee4dd7e7cdff0afc50f4801-19,2022-10-26T12:43:33.000Z,https://esa-worldcover.s3.eu-central-1.amazonaws.com/v200/2021/map/ESA_WorldCover_10m_2021_v200_N12E036_Map.tif
v200/2021/map/ESA_WorldCover_10m_2021_v200_N12E039_Map.tif,81839245,f08190343210ea81d6e6fc9aa209c350-10,2022-10-26T12:49:42.000Z,https://esa-worldcover.s3.eu-central-1.amazonaws.com/v200/2021/map/ESA_WorldCover_10m_2021_v200_N12E039_Map.tif
v200/2021/map/ESA_WorldCover_10m_2021_v200_N12E042_Map.tif,73710631,171483979db5355bac7c78d5b37234e3-9,2022-10-26T12:39:50.000Z,https://esa-worldcover.s3.eu-central-1.amazonaws.com/v200/2021/map/ESA_WorldCover_10m_2021_v200_N12E042_Map.tif
v200/2021/map/ESA_WorldCover_10m_2021_v200_N12E045_Map.tif,40149829,bc7e368f3fd0f6263d3cf22b74e47007-5,2022-10-26T12:37:05.000Z,https://esa-worldcover.s3.eu-central-1.amazonaws.com/v200/2021/map/ESA_WorldCover_10m_2021_v200_N12E045_Map.tif
v200/2021/map/ESA_WorldCover_10m_2021_v200_N12E048_Map.tif,8679837,2f9dee3a583a302614437faddc09e518-2,2022-10-26T12:37:13.000Z,https://esa-worldcover.s3.eu-central-1.amazonaws.com/v200/2021/map/ESA_WorldCover_10m_2021_v200_N12E048_Map.tif
v200/2021/map/ESA_WorldCover_10m_2021_v200_N12E051_Map.tif,5466150,1ccbb1d8a4ef823b840bf67713c34b67,2022-10-26T12:35:40.000Z,https://esa-worldcover.s3.eu-central-1.amazonaws.com/v200/2021/map/ESA_WorldCover_10m_2021_v200_N12E051_Map.tif
v200/2021/map/ESA_WorldCover_10m_2021_v200_N12E054_Map.tif,3723249,7550e453aebd532c70afd444f17cd371,2022-10-26T12:35:00.000Z,https://esa-worldcover.s3.eu-central-1.amazonaws.com/v200/2021/map/ESA_WorldCover_10m_2021_v200_N12E054_Map.tif
v200/2021/map/ESA_WorldCover_10m_2021_v200_N12E072_Map.tif,11493386,3a1daba3b30095f6d38536513c16223d-2,2022-10-26T12:36:34.000Z,https://esa-worldcover.s3.eu-central-1.amazonaws.com/v200/2021/map/ESA_WorldCover_10m_2021_v200_N12E072_Map.tif
v200/2021/map/ESA_WorldCover_10m_2021_v200_N12E075_Map.tif,127650362,845cd4ecf7f8f7891d7d015c7fe393e0-16,2022-10-26T12:47:42.000Z,https://esa-worldcover.s3.eu-central-1.amazonaws.com/v200/2021/map/ESA_WorldCover_10m_2021_v200_N12E075_Map.tif
v200/2021/map/ESA_WorldCover_10m_2021_v200_N12E078_Map.tif,119065806,b874359163b5cde26540c7bb6aa18e9a-15,2022-10-26T12:44:22.000Z,https://esa-worldcover.s3.eu-central-1.amazonaws.com/v200/2021/map/ESA_WorldCover_10m_2021_v200_N12E078_Map.tif
v200/2021/map/ESA_WorldCover_10m_2021_v200_N12E090_Map.tif,3863471,31ed6a75900d920181fc18081a1d1757,2022-10-26T12:35:55.000Z,https://esa-worldcover.s3.eu-central-1.amazonaws.com/v200/2021/map/ESA_WorldCover_10m_2021_v200_N12E090_Map.tif
v200/2021/map/ESA_WorldCover_10m_2021_v200_N12E093_Map.tif,2645656,f4232f71533cbcafc749e7fcd0210d31,2022-10-26T12:36:52.000Z,https://esa-worldcover.s3.eu-central-1.amazonaws.com/v200/2021/map/ESA_WorldCover_10m_2021_v200_N12E093_Map.tif
v200/2021/map/ESA_WorldCover_10m_2021_v200_N12E096_Map.tif,11609493,2f0ca096d9f696254c6b1514e2ce7672-2,2022-10-26T12:37:26.000Z,https://esa-worldcover.s3.eu-central-1.amazonaws.com/v200/2021/map/ESA_WorldCover_10m_2021_v200_N12E096_Map.tif
v200/2021/map/ESA_WorldCover_10m_2021_v200_N12E099_Map.tif,95749223,85a18a13a43aaac2c2e840ea5d9ae311-12,2022-10-26T12:45:34.000Z,https://esa-worldcover.s3.eu-central-1.amazonaws.com/v200/2021/map/ESA_WorldCover_10m_2021_v200_N12E099_Map.tif
v200/2021/map/ESA_WorldCover_10m_2021_v200_N12E102_Map.tif,98862247,4db5386a8cd210293c6f451b26eb6926-12,2022-10-26T12:46:42.000Z,https://esa-worldcover.s3.eu-central-1.amazonaws.com/v200/2021/map/ESA_WorldCover_10m_2021_v200_N12E102_Map.tif
v200/2021/map/ESA_WorldCover_10m_2021_v200_N12E105_Map.tif,93949064,83c860fe74ed6d730b130a87244a79e3-12,2022-10-26T12:46:31.000Z,https://esa-worldcover.s3.eu-central-1.amazonaws.com/v200/2021/map/ESA_WorldCover_10m_2021_v200_N12E105_Map.tif
v200/2021/map/ESA_WorldCover_10m_2021_v200_N12E108_Map.tif,44490334,fa3a8e0e574633f11917d59a5b77eb24-6,2022-10-26T12:38:11.000Z,https://esa-worldcover.s3.eu-central-1.amazonaws.com/v200/2021/map/ESA_WorldCover_10m_2021_v200_N12E108_Map.tif
v200/2021/map/ESA_WorldCover_10m_2021_v200_N12E117_Map.tif,2353156,54b90ef6d9311a0347f66f3cd75cfe9b,2022-10-26T12:35:42.000Z,https://esa-worldcover.s3.eu-central-1.amazonaws.com/v200/2021/map/ESA_WorldCover_10m_2021_v200_N12E117_Map.tif
v200/2021/map/ESA_WorldCover_10m_2021_v200_N12E120_Map.tif,30807251,956badd996fd8ff63b080fadba2d54c4-4,2022-10-26T12:42:55.000Z,https://esa-worldcover.s3.eu-central-1.amazonaws.com/v200/2021/map/ESA_WorldCover_10m_2021_v200_N12E120_Map.tif
v200/2021/map/ESA_WorldCover_10m_2021_v200_N12E123_Map.tif,14825066,a9798d11646b09e79d23e6b7cb9517a5-2,2022-10-26T12:38:49.000Z,https://esa-worldcover.s3.eu-central-1.amazonaws.com/v200/2021/map/ESA_WorldCover_10m_2021_v200_N12E123_Map.tif
v200/2021/map/ESA_WorldCover_10m_2021_v200_N12E144_Map.tif,3063860,09c16398d59d7efabbb6333612aa5fe7,2022-10-26T12:36:12.000Z,https://esa-worldcover.s3.eu-central-1.amazonaws.com/v200/2021/map/ESA_WorldCover_10m_2021_v200_N12E144_Map.tif
v200/2021/map/ESA_WorldCover_10m_2021_v200_N12E168_Map.tif,2089699,6bd2cc03fc237163af14f4886a129a3e,2022-10-26T12:36:36.000Z,https://esa-worldcover.s3.eu-central-1.amazonaws.com/v200/2021/map/ESA_WorldCover_10m_2021_v200_N12E168_Map.tif
v200/2021/map/ESA_WorldCover_10m_2021_v200_N12W003_Map.tif,154835015,cfaa9fe861aff7a2c56709c2d0927e93-19,2022-10-26T12:49:47.000Z,https://esa-worldcover.s3.eu-central-1.amazonaws.com/v200/2021/map/ESA_WorldCover_10m_2021_v200_N12W003_Map.tif
v200/2021/map/ESA_WorldCover_10m_2021_v200_N12W006_Map.tif,147495093,a8fa26d342676e336a3311f31c0b865a-18,2022-10-26T12:50:06.000Z,https://esa-worldcover.s3.eu-central-1.amazonaws.com/v200/2021/map/ESA_WorldCover_10m_2021_v200_N12W006_Map.tif
v200/2021/map/ESA_WorldCover_10m_2021_v200_N12W009_Map.tif,143535610,41f3ce43cecabc324b2fe74abcf5014a-18,2022-10-26T12:49:14.000Z,https://esa-worldcover.s3.eu-central-1.amazonaws.com/v200/2021/map/ESA_WorldCover_10m_2021_v200_N12W009_Map.tif
v200/2021/map/ESA_WorldCover_10m_2021_v200_N12W012_Map.tif,164618350,6c8512d5a924168976a7122364ba19ef-20,2022-10-26T12:50:29.000Z,https://esa-worldcover.s3.eu-central-1.amazonaws.com/v200/2021/map/ESA_WorldCover_10m_2021_v200_N12W012_Map.tif
v200/2021/map/ESA_WorldCover_10m_2021_v200_N12W015_Map.tif,147166298,651d73e121226335b388e8e1ccda3ea5-18,2022-10-26T12:49:30.000Z,https://esa-worldcover.s3.eu-central-1.amazonaws.com/v200/2021/map/ESA_WorldCover_10m_2021_v200_N12W015_Map.tif
v200/2021/map/ESA_WorldCover_10m_2021_v200_N12W018_Map.tif,80122100,fc0825c2307c72c36f510ee13640a3b8-10,2022-10-26T12:41:01.000Z,https://esa-worldcover.s3.eu-central-1.amazonaws.com/v200/2021/map/ESA_WorldCover_10m_2021_v200_N12W018_Map.tif
v200/2021/map/ESA_WorldCover_10m_2021_v200_N12W024_Map.tif,2434713,7ac1539c5b34a032d7886e9685ebe185,2022-10-26T12:35:44.000Z,https://esa-worldcover.s3.eu-central-1.amazonaws.com/v200/2021/map/ESA_WorldCover_10m_2021_v200_N12W024_Map.tif
v200/2021/map/ESA_WorldCover_10m_2021_v200_N12W027_Map.tif,2627270,a974a447cf67b8b6a02dd7414108985f,2022-10-26T12:35:53.000Z,https://esa-worldcover.s3.eu-central-1.amazonaws.com/v200/2021/map/ESA_WorldCover_10m_2021_v200_N12W027_Map.tif
v200/2021/map/ESA_WorldCover_10m_2021_v200_N12W060_Map.tif,2819986,29210b2cd94882f1bcd43898d430e2b4,2022-10-26T12:36:56.000Z,https://esa-worldcover.s3.eu-central-1.amazonaws.com/v200/2021/map/ESA_WorldCover_10m_2021_v200_N12W060_Map.tif
v200/2021/map/ESA_WorldCover_10m_2021_v200_N12W063_Map.tif,4422975,ad59dcdc6cde5be1664e2de8a5a9b33f,2022-10-26T12:37:16.000Z,https://esa-worldcover.s3.eu-central-1.amazonaws.com/v200/2021/map/ESA_WorldCover_10m_2021_v200_N12W063_Map.tif
v200/2021/map/ESA_WorldCover_10m_2021_v200_N12W069_Map.tif,2901370,fbbf7bad047c15cffca1a89f562744d3,2022-10-26T12:35:17.000Z,https://esa-worldcover.s3.eu-central-1.amazonaws.com/v200/2021/map/ESA_WorldCover_10m_2021_v200_N12W069_Map.tif
v200/2021/map/ESA_WorldCover_10m_2021_v200_N12W072_Map.tif,7160117,599f5036372e7a4987533fd7844e6b17,2022-10-26T12:35:42.000Z,https://esa-worldcover.s3.eu-central-1.amazonaws.com/v200/2021/map/ESA_WorldCover_10m_2021_v200_N12W072_Map.tif
v200/2021/map/ESA_WorldCover_10m_2021_v200_N12W075_Map.tif,2599796,f1025f9e4318c1ff058a13c16b2b61b3,2022-10-26T12:34:56.000Z,https://esa-worldcover.s3.eu-central-1.amazonaws.com/v200/2021/map/ESA_WorldCover_10m_2021_v200_N12W075_Map.tif
v200/2021/map/ESA_WorldCover_10m_2021_v200_N12W081_Map.tif,2110777,d65d084fbce5b4005b1e5f9e844ec288,2022-10-26T12:35:03.000Z,https://esa-worldcover.s3.eu-central-1.amazonaws.com/v200/2021/map/ESA_WorldCover_10m_2021_v200_N12W081_Map.tif
v200/2021/map/ESA_WorldCover_10m_2021_v200_N12W084_Map.tif,17078149,c00159856991f19474bafe69dd847e89-3,2022-10-26T12:37:55.000Z,https://esa-worldcover.s3.eu-central-1.amazonaws.com/v200/2021/map/ESA_WorldCover_10m_2021_v200_N12W084_Map.tif
v200/2021/map/ESA_WorldCover_10m_2021_v200_N12W087_Map.tif,110712616,5a4ccabb584cec7dc196b32978e2691a-14,2022-10-26T12:57:12.000Z,https://esa-worldcover.s3.eu-central-1.amazonaws.com/v200/2021/map/ESA_WorldCover_10m_2021_v200_N12W087_Map.tif
v200/2021/map/ESA_WorldCover_10m_2021_v200_N12W090_Map.tif,80955299,fb87dc6c8abf531ad567860d3e4f3764-10,2022-10-26T12:49:13.000Z,https://esa-worldcover.s3.eu-central-1.amazonaws.com/v200/2021/map/ESA_WorldCover_10m_2021_v200_N12W090_Map.tif
v200/2021/map/ESA_WorldCover_10m_2021_v200_N12W093_Map.tif,34084942,c547aa045cd4fbbc6cf21356f3fc656c-5,2022-10-26T12:37:11.000Z,https://esa-worldcover.s3.eu-central-1.amazonaws.com/v200/2021/map/ESA_WorldCover_10m_2021_v200_N12W093_Map.tif
v200/2021/map/ESA_WorldCover_10m_2021_v200_N15E000_Map.tif,91613589,a07cda083361201c02ffbe4a179e6900-11,2022-10-26T12:49:35.000Z,https://esa-worldcover.s3.eu-central-1.amazonaws.com/v200/2021/map/ESA_WorldCover_10m_2021_v200_N15E000_Map.tif
v200/2021/map/ESA_WorldCover_10m_2021_v200_N15E003_Map.tif,69140514,b70c5eec800fb8bffdd0485e086682dd-9,2022-10-26T12:48:00.000Z,https://esa-worldcover.s3.eu-central-1.amazonaws.com/v200/2021/map/ESA_WorldCover_10m_2021_v200_N15E003_Map.tif
v200/2021/map/ESA_WorldCover_10m_2021_v200_N15E006_Map.tif,64832361,44f7fb1f85c08585eceedc5c27fd4e4a-8,2022-10-26T12:43:05.000Z,https://esa-worldcover.s3.eu-central-1.amazonaws.com/v200/2021/map/ESA_WorldCover_10m_2021_v200_N15E006_Map.tif
v200/2021/map/ESA_WorldCover_10m_2021_v200_N15E009_Map.tif,17375742,80eb39b31f417048e4b611063b588ad5-3,2022-10-26T12:44:24.000Z,https://esa-worldcover.s3.eu-central-1.amazonaws.com/v200/2021/map/ESA_WorldCover_10m_2021_v200_N15E009_Map.tif
v200/2021/map/ESA_WorldCover_10m_2021_v200_N15E012_Map.tif,5824407,9b7f9122b6c3f1c4433a00c2dcf9375e,2022-10-26T12:44:19.000Z,https://esa-worldcover.s3.eu-central-1.amazonaws.com/v200/2021/map/ESA_WorldCover_10m_2021_v200_N15E012_Map.tif
v200/2021/map/ESA_WorldCover_10m_2021_v200_N15E015_Map.tif,3383647,8c53a5a7e51458c003bae7d32e9e68c0,2022-10-26T12:44:22.000Z,https://esa-worldcover.s3.eu-central-1.amazonaws.com/v200/2021/map/ESA_WorldCover_10m_2021_v200_N15E015_Map.tif
v200/2021/map/ESA_WorldCover_10m_2021_v200_N15E018_Map.tif,21356938,d5af6d106a4dead737cdc42a6a36a17b-3,2022-10-26T12:40:54.000Z,https://esa-worldcover.s3.eu-central-1.amazonaws.com/v200/2021/map/ESA_WorldCover_10m_2021_v200_N15E018_Map.tif
v200/2021/map/ESA_WorldCover_10m_2021_v200_N15E021_Map.tif,53899373,72094bf476119453e13361abd8291817-7,2022-10-26T12:41:54.000Z,https://esa-worldcover.s3.eu-central-1.amazonaws.com/v200/2021/map/ESA_WorldCover_10m_2021_v200_N15E021_Map.tif
v200/2021/map/ESA_WorldCover_10m_2021_v200_N15E024_Map.tif,14117536,223e007b312f81a1356a5f36b9846cf7-2,2022-10-26T12:44:54.000Z,https://esa-worldcover.s3.eu-central-1.amazonaws.com/v200/2021/map/ESA_WorldCover_10m_2021_v200_N15E024_Map.tif
v200/2021/map/ESA_WorldCover_10m_2021_v200_N15E027_Map.tif,5988538,69fe399789311ffce0d0932ecac68d18,2022-10-26T12:44:07.000Z,https://esa-worldcover.s3.eu-central-1.amazonaws.com/v200/2021/map/ESA_WorldCover_10m_2021_v200_N15E027_Map.tif
v200/2021/map/ESA_WorldCover_10m_2021_v200_N15E030_Map.tif,18354612,4eb1a50a921d8af354ac5f5177fc5cb7-3,2022-10-26T12:46:20.000Z,https://esa-worldcover.s3.eu-central-1.amazonaws.com/v200/2021/map/ESA_WorldCover_10m_2021_v200_N15E030_Map.tif
v200/2021/map/ESA_WorldCover_10m_2021_v200_N15E033_Map.tif,48337623,480b7636857d8b51bad16d47b75e0a2f-6,2022-10-26T12:48:57.000Z,https://esa-worldcover.s3.eu-central-1.amazonaws.com/v200/2021/map/ESA_WorldCover_10m_2021_v200_N15E033_Map.tif
v200/2021/map/ESA_WorldCover_10m_2021_v200_N15E036_Map.tif,94627006,7793297f65c29ede1ba2e3ccc89a5fa0-12,2022-10-26T12:51:13.000Z,https://esa-worldcover.s3.eu-central-1.amazonaws.com/v200/2021/map/ESA_WorldCover_10m_2021_v200_N15E036_Map.tif
v200/2021/map/ESA_WorldCover_10m_2021_v200_N15E039_Map.tif,11539368,06e0be33af05e0e8a49ce5bcef8eb9dc-2,2022-10-26T12:42:23.000Z,https://esa-worldcover.s3.eu-central-1.amazonaws.com/v200/2021/map/ESA_WorldCover_10m_2021_v200_N15E039_Map.tif
v200/2021/map/ESA_WorldCover_10m_2021_v200_N15E042_Map.tif,83983825,8ccdbe75f5f5b8f7cde78c10761fdc3d-11,2022-10-26T12:49:33.000Z,https://esa-worldcover.s3.eu-central-1.amazonaws.com/v200/2021/map/ESA_WorldCover_10m_2021_v200_N15E042_Map.tif
v200/2021/map/ESA_WorldCover_10m_2021_v200_N15E045_Map.tif,5336857,0c0266fe647cb6322ef8ed8c6b1196f3,2022-10-26T12:43:56.000Z,https://esa-worldcover.s3.eu-central-1.amazonaws.com/v200/2021/map/ESA_WorldCover_10m_2021_v200_N15E045_Map.tif
v200/2021/map/ESA_WorldCover_10m_2021_v200_N15E048_Map.tif,11924538,a616fd86be1c3535c517631f1b8a66fa-2,2022-10-26T12:46:33.000Z,https://esa-worldcover.s3.eu-central-1.amazonaws.com/v200/2021/map/ESA_WorldCover_10m_2021_v200_N15E048_Map.tif
v200/2021/map/ESA_WorldCover_10m_2021_v200_N15E051_Map.tif,6983507,da2134459dd288450bd3f6e163c785cc,2022-10-26T12:38:28.000Z,https://esa-worldcover.s3.eu-central-1.amazonaws.com/v200/2021/map/ESA_WorldCover_10m_2021_v200_N15E051_Map.tif
v200/2021/map/ESA_WorldCover_10m_2021_v200_N15E054_Map.tif,6354642,1467b82f5c2f7c46ffb3d7779e09b32e,2022-10-26T12:36:19.000Z,https://esa-worldcover.s3.eu-central-1.amazonaws.com/v200/2021/map/ESA_WorldCover_10m_2021_v200_N15E054_Map.tif
v200/2021/map/ESA_WorldCover_10m_2021_v200_N15E072_Map.tif,77831415,319c9bfa8751152e660a02a23e11c552-10,2022-10-26T12:38:37.000Z,https://esa-worldcover.s3.eu-central-1.amazonaws.com/v200/2021/map/ESA_WorldCover_10m_2021_v200_N15E072_Map.tif
v200/2021/map/ESA_WorldCover_10m_2021_v200_N15E075_Map.tif,103154625,ee4a4a2ee4a547cdc4b2c53957ac2048-13,2022-10-26T12:44:30.000Z,https://esa-worldcover.s3.eu-central-1.amazonaws.com/v200/2021/map/ESA_WorldCover_10m_2021_v200_N15E075_Map.tif
v200/2021/map/ESA_WorldCover_10m_2021_v200_N15E078_Map.tif,116291512,6b6fb1e77be661f89441fc39a2ae3899-14,2022-10-26T12:45:25.000Z,https://esa-worldcover.s3.eu-central-1.amazonaws.com/v200/2021/map/ESA_WorldCover_10m_2021_v200_N15E078_Map.tif
v200/2021/map/ESA_WorldCover_10m_2021_v200_N15E081_Map.tif,39539634,b10237621a0f1b666591535abda2ccb0-5,2022-10-26T12:39:09.000Z,https://esa-worldcover.s3.eu-central-1.amazonaws.com/v200/2021/map/ESA_WorldCover_10m_2021_v200_N15E081_Map.tif
v200/2021/map/ESA_WorldCover_10m_2021_v200_N15E093_Map.tif,32040917,e819aeb89773147973b7197061ffbde6-4,2022-10-26T12:39:32.000Z,https://esa-worldcover.s3.eu-central-1.amazonaws.com/v200/2021/map/ESA_WorldCover_10m_2021_v200_N15E093_Map.tif
v200/2021/map/ESA_WorldCover_10m_2021_v200_N15E096_Map.tif,53983242,89479d10314a7b2383f3b815e0990e89-7,2022-10-26T12:40:33.000Z,https://esa-worldcover.s3.eu-central-1.amazonaws.com/v200/2021/map/ESA_WorldCover_10m_2021_v200_N15E096_Map.tif
v200/2021/map/ESA_WorldCover_10m_2021_v200_N15E099_Map.tif,92897948,1fff07a6c98a6e89fe1aaebe6e9e9f84-12,2022-10-26T12:42:37.000Z,https://esa-worldcover.s3.eu-central-1.amazonaws.com/v200/2021/map/ESA_WorldCover_10m_2021_v200_N15E099_Map.tif
v200/2021/map/ESA_WorldCover_10m_2021_v200_N15E102_Map.tif,118119750,56992c51a9b83764c25229fdfd21b85a-15,2022-10-26T12:43:45.000Z,https://esa-worldcover.s3.eu-central-1.amazonaws.com/v200/2021/map/ESA_WorldCover_10m_2021_v200_N15E102_Map.tif
v200/2021/map/ESA_WorldCover_10m_2021_v200_N15E105_Map.tif,69305227,78ec11c0ffaf26b54f26d33a0cd3f029-9,2022-10-26T12:40:39.000Z,https://esa-worldcover.s3.eu-central-1.amazonaws.com/v200/2021/map/ESA_WorldCover_10m_2021_v200_N15E105_Map.tif
v200/2021/map/ESA_WorldCover_10m_2021_v200_N15E108_Map.tif,11813732,840d4de47ebaa3249f8e836e0de4a599-2,2022-10-26T12:36:02.000Z,https://esa-worldcover.s3.eu-central-1.amazonaws.com/v200/2021/map/ESA_WorldCover_10m_2021_v200_N15E108_Map.tif
v200/2021/map/ESA_WorldCover_10m_2021_v200_N15E111_Map.tif,2259838,88bc337952a657b1a796cf48dace33d9,2022-10-26T12:35:51.000Z,https://esa-worldcover.s3.eu-central-1.amazonaws.com/v200/2021/map/ESA_WorldCover_10m_2021_v200_N15E111_Map.tif
v200/2021/map/ESA_WorldCover_10m_2021_v200_N15E117_Map.tif,4352224,001590b208483d76728e2b241d8c408f,2022-10-26T12:35:31.000Z,https://esa-worldcover.s3.eu-central-1.amazonaws.com/v200/2021/map/ESA_WorldCover_10m_2021_v200_N15E117_Map.tif
v200/2021/map/ESA_WorldCover_10m_2021_v200_N15E120_Map.tif,55506477,58261a0852e07b30c7e1d5bb29ad7ca7-7,2022-10-26T12:39:13.000Z,https://esa-worldcover.s3.eu-central-1.amazonaws.com/v200/2021/map/ESA_WorldCover_10m_2021_v200_N15E120_Map.tif
v200/2021/map/ESA_WorldCover_10m_2021_v200_N15E144_Map.tif,2544613,2bac93540d5905a9f2c332324dfcba72,2022-10-26T12:35:16.000Z,https://esa-worldcover.s3.eu-central-1.amazonaws.com/v200/2021/map/ESA_WorldCover_10m_2021_v200_N15E144_Map.tif
v200/2021/map/ESA_WorldCover_10m_2021_v200_N15W003_Map.tif,73918405,2a9793d80c10d4f16b3e42a50acf15ce-9,2022-10-26T12:47:56.000Z,https://esa-worldcover.s3.eu-central-1.amazonaws.com/v200/2021/map/ESA_WorldCover_10m_2021_v200_N15W003_Map.tif
v200/2021/map/ESA_WorldCover_10m_2021_v200_N15W006_Map.tif,71809416,5599ab901fafe896c115f67e4c3bf419-9,2022-10-26T12:48:13.000Z,https://esa-worldcover.s3.eu-central-1.amazonaws.com/v200/2021/map/ESA_WorldCover_10m_2021_v200_N15W006_Map.tif
v200/2021/map/ESA_WorldCover_10m_2021_v200_N15W009_Map.tif,59005226,41c5a23a38b2bfe9defaaa68c28f2f4c-8,2022-10-26T12:47:03.000Z,https://esa-worldcover.s3.eu-central-1.amazonaws.com/v200/2021/map/ESA_WorldCover_10m_2021_v200_N15W009_Map.tif
v200/2021/map/ESA_WorldCover_10m_2021_v200_N15W012_Map.tif,75942307,bb562e28ca8806ab0ed746a9de3bf08c-10,2022-10-26T12:48:17.000Z,https://esa-worldcover.s3.eu-central-1.amazonaws.com/v200/2021/map/ESA_WorldCover_10m_2021_v200_N15W012_Map.tif
v200/2021/map/ESA_WorldCover_10m_2021_v200_N15W015_Map.tif,98970054,ccb5b3b6e26e09e89cc88a0a0e369475-12,2022-10-26T12:49:05.000Z,https://esa-worldcover.s3.eu-central-1.amazonaws.com/v200/2021/map/ESA_WorldCover_10m_2021_v200_N15W015_Map.tif
v200/2021/map/ESA_WorldCover_10m_2021_v200_N15W018_Map.tif,41533748,21dcd724e9a99cb21231020199500b20-5,2022-10-26T12:40:24.000Z,https://esa-worldcover.s3.eu-central-1.amazonaws.com/v200/2021/map/ESA_WorldCover_10m_2021_v200_N15W018_Map.tif
v200/2021/map/ESA_WorldCover_10m_2021_v200_N15W024_Map.tif,4343093,45b8c687f08dd408f11230778df5eea2,2022-10-26T12:36:39.000Z,https://esa-worldcover.s3.eu-central-1.amazonaws.com/v200/2021/map/ESA_WorldCover_10m_2021_v200_N15W024_Map.tif
v200/2021/map/ESA_WorldCover_10m_2021_v200_N15W027_Map.tif,4338873,b3c64e457d0ee239c3712d34b836043c,2022-10-26T12:36:39.000Z,https://esa-worldcover.s3.eu-central-1.amazonaws.com/v200/2021/map/ESA_WorldCover_10m_2021_v200_N15W027_Map.tif
v200/2021/map/ESA_WorldCover_10m_2021_v200_N15W063_Map.tif,5643739,d1037ba3b5369ad0d03f737a914a14ca,2022-10-26T12:37:26.000Z,https://esa-worldcover.s3.eu-central-1.amazonaws.com/v200/2021/map/ESA_WorldCover_10m_2021_v200_N15W063_Map.tif
v200/2021/map/ESA_WorldCover_10m_2021_v200_N15W066_Map.tif,2590969,e987c6694234fb56d5ffdde7932c98b4,2022-10-26T12:37:34.000Z,https://esa-worldcover.s3.eu-central-1.amazonaws.com/v200/2021/map/ESA_WorldCover_10m_2021_v200_N15W066_Map.tif
v200/2021/map/ESA_WorldCover_10m_2021_v200_N15W069_Map.tif,2895554,3adbab0660f7bccb4c7cfce2345fab48,2022-10-26T12:35:42.000Z,https://esa-worldcover.s3.eu-central-1.amazonaws.com/v200/2021/map/ESA_WorldCover_10m_2021_v200_N15W069_Map.tif
v200/2021/map/ESA_WorldCover_10m_2021_v200_N15W072_Map.tif,3047593,4d9dfaf90d70545f72364aef27e791a5,2022-10-26T12:35:43.000Z,https://esa-worldcover.s3.eu-central-1.amazonaws.com/v200/2021/map/ESA_WorldCover_10m_2021_v200_N15W072_Map.tif
v200/2021/map/ESA_WorldCover_10m_2021_v200_N15W075_Map.tif,1976732,cf3a5ace13149eee109d62a82365b162,2022-10-26T12:35:31.000Z,https://esa-worldcover.s3.eu-central-1.amazonaws.com/v200/2021/map/ESA_WorldCover_10m_2021_v200_N15W075_Map.tif
v200/2021/map/ESA_WorldCover_10m_2021_v200_N15W078_Map.tif,4853158,04dafe57f28bc36ec0a42ac3a307e543,2022-10-26T12:36:10.000Z,https://esa-worldcover.s3.eu-central-1.amazonaws.com/v200/2021/map/ESA_WorldCover_10m_2021_v200_N15W078_Map.tif
v200/2021/map/ESA_WorldCover_10m_2021_v200_N15W081_Map.tif,2142893,b43d97e60ded6233ba6e48ca9f06c3d0,2022-10-26T12:35:39.000Z,https://esa-worldcover.s3.eu-central-1.amazonaws.com/v200/2021/map/ESA_WorldCover_10m_2021_v200_N15W081_Map.tif
v200/2021/map/ESA_WorldCover_10m_2021_v200_N15W084_Map.tif,4132029,da13d5246c9c0d397ffaf5d736ea1e03,2022-10-26T12:36:31.000Z,https://esa-worldcover.s3.eu-central-1.amazonaws.com/v200/2021/map/ESA_WorldCover_10m_2021_v200_N15W084_Map.tif
v200/2021/map/ESA_WorldCover_10m_2021_v200_N15W087_Map.tif,25333482,60f9be9f04da6a8b3f739b12ac72a019-4,2022-10-26T12:37:53.000Z,https://esa-worldcover.s3.eu-central-1.amazonaws.com/v200/2021/map/ESA_WorldCover_10m_2021_v200_N15W087_Map.tif
v200/2021/map/ESA_WorldCover_10m_2021_v200_N15W090_Map.tif,49638907,f29c3025999072df05be3f757f511d79-6,2022-10-26T12:44:09.000Z,https://esa-worldcover.s3.eu-central-1.amazonaws.com/v200/2021/map/ESA_WorldCover_10m_2021_v200_N15W090_Map.tif
v200/2021/map/ESA_WorldCover_10m_2021_v200_N15W093_Map.tif,94150963,453ddf1174399acc900ccee1b294c0e2-12,2022-10-26T12:46:55.000Z,https://esa-worldcover.s3.eu-central-1.amazonaws.com/v200/2021/map/ESA_WorldCover_10m_2021_v200_N15W093_Map.tif
v200/2021/map/ESA_WorldCover_10m_2021_v200_N15W096_Map.tif,75747470,d7082f74f6954d7c8dda50a52961734b-10,2022-10-26T12:44:39.000Z,https://esa-worldcover.s3.eu-central-1.amazonaws.com/v200/2021/map/ESA_WorldCover_10m_2021_v200_N15W096_Map.tif
v200/2021/map/ESA_WorldCover_10m_2021_v200_N15W099_Map.tif,81603686,a8df91b876db886db40adcb8ce57be32-10,2022-10-26T12:43:21.000Z,https://esa-worldcover.s3.eu-central-1.amazonaws.com/v200/2021/map/ESA_WorldCover_10m_2021_v200_N15W099_Map.tif
v200/2021/map/ESA_WorldCover_10m_2021_v200_N15W102_Map.tif,40059645,7911758966f1ea48ef630e86ce18ed25-5,2022-10-26T12:38:33.000Z,https://esa-worldcover.s3.eu-central-1.amazonaws.com/v200/2021/map/ESA_WorldCover_10m_2021_v200_N15W102_Map.tif
v200/2021/map/ESA_WorldCover_10m_2021_v200_N15W105_Map.tif,2307811,ba9d9ceb4a5662f17f19097411942143,2022-10-26T12:35:39.000Z,https://esa-worldcover.s3.eu-central-1.amazonaws.com/v200/2021/map/ESA_WorldCover_10m_2021_v200_N15W105_Map.tif
v200/2021/map/ESA_WorldCover_10m_2021_v200_N18E000_Map.tif,18725436,4226c4faf4b9ef5b036b12796f051638-3,2022-10-26T12:40:50.000Z,https://esa-worldcover.s3.eu-central-1.amazonaws.com/v200/2021/map/ESA_WorldCover_10m_2021_v200_N18E000_Map.tif
v200/2021/map/ESA_WorldCover_10m_2021_v200_N18E003_Map.tif,7304997,5e4f7b73206c6816e67573955afbbf8a,2022-10-26T12:39:59.000Z,https://esa-worldcover.s3.eu-central-1.amazonaws.com/v200/2021/map/ESA_WorldCover_10m_2021_v200_N18E003_Map.tif
v200/2021/map/ESA_WorldCover_10m_2021_v200_N18E006_Map.tif,10183421,d6c76bf246eebd9953cb2b7503863ea7-2,2022-10-26T12:44:00.000Z,https://esa-worldcover.s3.eu-central-1.amazonaws.com/v200/2021/map/ESA_WorldCover_10m_2021_v200_N18E006_Map.tif
v200/2021/map/ESA_WorldCover_10m_2021_v200_N18E009_Map.tif,2668495,59ad3dd55be68988ce557f3c3540e96a,2022-10-26T12:42:43.000Z,https://esa-worldcover.s3.eu-central-1.amazonaws.com/v200/2021/map/ESA_WorldCover_10m_2021_v200_N18E009_Map.tif
v200/2021/map/ESA_WorldCover_10m_2021_v200_N18E012_Map.tif,2363023,077e1c40e90cbba44cd3fafd5dc384a0,2022-10-26T12:43:32.000Z,https://esa-worldcover.s3.eu-central-1.amazonaws.com/v200/2021/map/ESA_WorldCover_10m_2021_v200_N18E012_Map.tif
v200/2021/map/ESA_WorldCover_10m_2021_v200_N18E015_Map.tif,5829631,1971040e66bcb688ba6fa5b399bcc3c0,2022-10-26T12:39:44.000Z,https://esa-worldcover.s3.eu-central-1.amazonaws.com/v200/2021/map/ESA_WorldCover_10m_2021_v200_N18E015_Map.tif
v200/2021/map/ESA_WorldCover_10m_2021_v200_N18E018_Map.tif,4480930,30d1b447db8595cb3b46b53c6df04ec5,2022-10-26T12:40:00.000Z,https://esa-worldcover.s3.eu-central-1.amazonaws.com/v200/2021/map/ESA_WorldCover_10m_2021_v200_N18E018_Map.tif
v200/2021/map/ESA_WorldCover_10m_2021_v200_N18E021_Map.tif,2199838,58858ba8275e83c630f032dfe3c8f804,2022-10-26T12:39:31.000Z,https://esa-worldcover.s3.eu-central-1.amazonaws.com/v200/2021/map/ESA_WorldCover_10m_2021_v200_N18E021_Map.tif
v200/2021/map/ESA_WorldCover_10m_2021_v200_N18E024_Map.tif,2116320,613cb2dfb90f92aaa69ba7e5910751a7,2022-10-26T12:40:08.000Z,https://esa-worldcover.s3.eu-central-1.amazonaws.com/v200/2021/map/ESA_WorldCover_10m_2021_v200_N18E024_Map.tif
v200/2021/map/ESA_WorldCover_10m_2021_v200_N18E027_Map.tif,2116613,cc95bf6aea193c6f6ad2756ca6600cf7,2022-10-26T12:39:44.000Z,https://esa-worldcover.s3.eu-central-1.amazonaws.com/v200/2021/map/ESA_WorldCover_10m_2021_v200_N18E027_Map.tif
v200/2021/map/ESA_WorldCover_10m_2021_v200_N18E030_Map.tif,8477404,32b04a8b1666efa8b4cd3cdabce6cd82-2,2022-10-26T12:40:08.000Z,https://esa-worldcover.s3.eu-central-1.amazonaws.com/v200/2021/map/ESA_WorldCover_10m_2021_v200_N18E030_Map.tif
v200/2021/map/ESA_WorldCover_10m_2021_v200_N18E033_Map.tif,6008510,a4d60f624e99972413a32f24e7f4e02a,2022-10-26T12:39:28.000Z,https://esa-worldcover.s3.eu-central-1.amazonaws.com/v200/2021/map/ESA_WorldCover_10m_2021_v200_N18E033_Map.tif
v200/2021/map/ESA_WorldCover_10m_2021_v200_N18E036_Map.tif,10684925,4b4e975a517612d5edf634c4b216659f-2,2022-10-26T12:42:09.000Z,https://esa-worldcover.s3.eu-central-1.amazonaws.com/v200/2021/map/ESA_WorldCover_10m_2021_v200_N18E036_Map.tif
v200/2021/map/ESA_WorldCover_10m_2021_v200_N18E039_Map.tif,41694004,5b195275e1515e79d72693367416503c-5,2022-10-26T12:41:54.000Z,https://esa-worldcover.s3.eu-central-1.amazonaws.com/v200/2021/map/ESA_WorldCover_10m_2021_v200_N18E039_Map.tif
v200/2021/map/ESA_WorldCover_10m_2021_v200_N18E042_Map.tif,25304752,a62d187a005e31b547bea6af845cabf0-4,2022-10-26T12:44:08.000Z,https://esa-worldcover.s3.eu-central-1.amazonaws.com/v200/2021/map/ESA_WorldCover_10m_2021_v200_N18E042_Map.tif
v200/2021/map/ESA_WorldCover_10m_2021_v200_N18E045_Map.tif,3184328,73472c23d8aa829add7a7ac3290bb78c,2022-10-26T12:42:43.000Z,https://esa-worldcover.s3.eu-central-1.amazonaws.com/v200/2021/map/ESA_WorldCover_10m_2021_v200_N18E045_Map.tif
v200/2021/map/ESA_WorldCover_10m_2021_v200_N18E048_Map.tif,2130154,d5e69e9c92c22b1a3b52fef4fe6a2b90,2022-10-26T12:51:06.000Z,https://esa-worldcover.s3.eu-central-1.amazonaws.com/v200/2021/map/ESA_WorldCover_10m_2021_v200_N18E048_Map.tif
v200/2021/map/ESA_WorldCover_10m_2021_v200_N18E051_Map.tif,2276616,e353713a6110a4e347c16d3d0ad6370d,2022-10-26T12:40:06.000Z,https://esa-worldcover.s3.eu-central-1.amazonaws.com/v200/2021/map/ESA_WorldCover_10m_2021_v200_N18E051_Map.tif
v200/2021/map/ESA_WorldCover_10m_2021_v200_N18E054_Map.tif,2552492,e381fe42b8d1698453e2a7a8803ab659,2022-10-26T12:51:05.000Z,https://esa-worldcover.s3.eu-central-1.amazonaws.com/v200/2021/map/ESA_WorldCover_10m_2021_v200_N18E054_Map.tif
v200/2021/map/ESA_WorldCover_10m_2021_v200_N18E057_Map.tif,2982814,048c581022101f6b7ccd34aaf68e052c,2022-10-26T12:39:28.000Z,https://esa-worldcover.s3.eu-central-1.amazonaws.com/v200/2021/map/ESA_WorldCover_10m_2021_v200_N18E057_Map.tif
v200/2021/map/ESA_WorldCover_10m_2021_v200_N18E069_Map.tif,6316652,e6396a2f8549fc7af09046828f4ce0ba,2022-10-26T12:36:43.000Z,https://esa-worldcover.s3.eu-central-1.amazonaws.com/v200/2021/map/ESA_WorldCover_10m_2021_v200_N18E069_Map.tif
v200/2021/map/ESA_WorldCover_10m_2021_v200_N18E072_Map.tif,125766199,154e6529d4bdd4b8e26e58328ddeacfe-15,2022-10-26T12:51:44.000Z,https://esa-worldcover.s3.eu-central-1.amazonaws.com/v200/2021/map/ESA_WorldCover_10m_2021_v200_N18E072_Map.tif
v200/2021/map/ESA_WorldCover_10m_2021_v200_N18E075_Map.tif,98525091,948ed1aab9866cb02e1e3281af4b93d4-12,2022-10-26T12:43:06.000Z,https://esa-worldcover.s3.eu-central-1.amazonaws.com/v200/2021/map/ESA_WorldCover_10m_2021_v200_N18E075_Map.tif
v200/2021/map/ESA_WorldCover_10m_2021_v200_N18E078_Map.tif,108640122,ec2bd50630c934366e5cfec8d288b34c-13,2022-10-26T12:44:00.000Z,https://esa-worldcover.s3.eu-central-1.amazonaws.com/v200/2021/map/ESA_WorldCover_10m_2021_v200_N18E078_Map.tif
v200/2021/map/ESA_WorldCover_10m_2021_v200_N18E081_Map.tif,132418174,3322950376b95cb779cc9218bde2ef69-16,2022-10-26T12:44:49.000Z,https://esa-worldcover.s3.eu-central-1.amazonaws.com/v200/2021/map/ESA_WorldCover_10m_2021_v200_N18E081_Map.tif
v200/2021/map/ESA_WorldCover_10m_2021_v200_N18E084_Map.tif,54269282,9dbdfaac3dd420b70c594e332a4d689f-7,2022-10-26T12:39:45.000Z,https://esa-worldcover.s3.eu-central-1.amazonaws.com/v200/2021/map/ESA_WorldCover_10m_2021_v200_N18E084_Map.tif
v200/2021/map/ESA_WorldCover_10m_2021_v200_N18E087_Map.tif,2002722,cba358190eb1358100426e1287196459,2022-10-26T12:35:22.000Z,https://esa-worldcover.s3.eu-central-1.amazonaws.com/v200/2021/map/ESA_WorldCover_10m_2021_v200_N18E087_Map.tif
v200/2021/map/ESA_WorldCover_10m_2021_v200_N18E090_Map.tif,6550384,72dba5fd9d18c47290980bd7ed576c51,2022-10-26T12:35:55.000Z,https://esa-worldcover.s3.eu-central-1.amazonaws.com/v200/2021/map/ESA_WorldCover_10m_2021_v200_N18E090_Map.tif
v200/2021/map/ESA_WorldCover_10m_2021_v200_N18E093_Map.tif,79262070,0b3fb868e2964e44ce9dc44e2665a058-10,2022-10-26T12:47:34.000Z,https://esa-worldcover.s3.eu-central-1.amazonaws.com/v200/2021/map/ESA_WorldCover_10m_2021_v200_N18E093_Map.tif
v200/2021/map/ESA_WorldCover_10m_2021_v200_N18E096_Map.tif,80564579,0a30bc72048265853290c3e327f9c6ea-10,2022-10-26T12:49:22.000Z,https://esa-worldcover.s3.eu-central-1.amazonaws.com/v200/2021/map/ESA_WorldCover_10m_2021_v200_N18E096_Map.tif
v200/2021/map/ESA_WorldCover_10m_2021_v200_N18E099_Map.tif,80234221,22d807647089aa1a9fb92deab3d27c01-10,2022-10-26T12:42:48.000Z,https://esa-worldcover.s3.eu-central-1.amazonaws.com/v200/2021/map/ESA_WorldCover_10m_2021_v200_N18E099_Map.tif
v200/2021/map/ESA_WorldCover_10m_2021_v200_N18E102_Map.tif,75906109,09e056eff210c5010e25b17c4c874362-10,2022-10-26T12:55:04.000Z,https://esa-worldcover.s3.eu-central-1.amazonaws.com/v200/2021/map/ESA_WorldCover_10m_2021_v200_N18E102_Map.tif
v200/2021/map/ESA_WorldCover_10m_2021_v200_N18E105_Map.tif,45738052,ee239fa50f1c6227be69758ec9225760-6,2022-10-26T12:37:46.000Z,https://esa-worldcover.s3.eu-central-1.amazonaws.com/v200/2021/map/ESA_WorldCover_10m_2021_v200_N18E105_Map.tif
v200/2021/map/ESA_WorldCover_10m_2021_v200_N18E108_Map.tif,43115466,34687d0d907998306bccd15df2b39f6a-6,2022-10-26T12:37:25.000Z,https://esa-worldcover.s3.eu-central-1.amazonaws.com/v200/2021/map/ESA_WorldCover_10m_2021_v200_N18E108_Map.tif
v200/2021/map/ESA_WorldCover_10m_2021_v200_N18E111_Map.tif,2024956,51f903cb22f37fe097b5691d09089979,2022-10-26T12:34:51.000Z,https://esa-worldcover.s3.eu-central-1.amazonaws.com/v200/2021/map/ESA_WorldCover_10m_2021_v200_N18E111_Map.tif
v200/2021/map/ESA_WorldCover_10m_2021_v200_N18E114_Map.tif,2004366,939ec7c5d9870e0ea0a41d46d9b93099,2022-10-26T13:06:18.000Z,https://esa-worldcover.s3.eu-central-1.amazonaws.com/v200/2021/map/ESA_WorldCover_10m_2021_v200_N18E114_Map.tif
v200/2021/map/ESA_WorldCover_10m_2021_v200_N18E120_Map.tif,9546470,a080cb33d0fe5dd614315fd5e664e67f-2,2022-10-26T12:38:33.000Z,https://esa-worldcover.s3.eu-central-1.amazonaws.com/v200/2021/map/ESA_WorldCover_10m_2021_v200_N18E120_Map.tif
v200/2021/map/ESA_WorldCover_10m_2021_v200_N18W003_Map.tif,3864783,549f972a23325852d8cbe7dee656f16e,2022-10-26T12:39:39.000Z,https://esa-worldcover.s3.eu-central-1.amazonaws.com/v200/2021/map/ESA_WorldCover_10m_2021_v200_N18W003_Map.tif
v200/2021/map/ESA_WorldCover_10m_2021_v200_N18W006_Map.tif,2124132,1cb3ec334be2e6689df1bb19af8635dd,2022-10-26T12:43:44.000Z,https://esa-worldcover.s3.eu-central-1.amazonaws.com/v200/2021/map/ESA_WorldCover_10m_2021_v200_N18W006_Map.tif
v200/2021/map/ESA_WorldCover_10m_2021_v200_N18W009_Map.tif,2147836,b4ed94d8d308efd7c896c9ccb9e43db7,2022-10-26T12:40:15.000Z,https://esa-worldcover.s3.eu-central-1.amazonaws.com/v200/2021/map/ESA_WorldCover_10m_2021_v200_N18W009_Map.tif
v200/2021/map/ESA_WorldCover_10m_2021_v200_N18W012_Map.tif,3533245,e4c7edb023678c384b357c92e138e3c7,2022-10-26T12:40:42.000Z,https://esa-worldcover.s3.eu-central-1.amazonaws.com/v200/2021/map/ESA_WorldCover_10m_2021_v200_N18W012_Map.tif
v200/2021/map/ESA_WorldCover_10m_2021_v200_N18W015_Map.tif,6375588,a4c4142ece78cb0e2fc7c7c60bb040ed,2022-10-26T12:39:27.000Z,https://esa-worldcover.s3.eu-central-1.amazonaws.com/v200/2021/map/ESA_WorldCover_10m_2021_v200_N18W015_Map.tif
v200/2021/map/ESA_WorldCover_10m_2021_v200_N18W018_Map.tif,3549994,2fd75ff55eda0bc00575a64939ebba5a,2022-10-26T12:37:18.000Z,https://esa-worldcover.s3.eu-central-1.amazonaws.com/v200/2021/map/ESA_WorldCover_10m_2021_v200_N18W018_Map.tif
v200/2021/map/ESA_WorldCover_10m_2021_v200_N18W063_Map.tif,1997637,76eb4cefe5478c45282be963bbe0b00f,2022-10-26T12:35:16.000Z,https://esa-worldcover.s3.eu-central-1.amazonaws.com/v200/2021/map/ESA_WorldCover_10m_2021_v200_N18W063_Map.tif
v200/2021/map/ESA_WorldCover_10m_2021_v200_N18W066_Map.tif,4604997,117619e2873b2199fcc00d40a8425a8a,2022-10-26T12:36:06.000Z,https://esa-worldcover.s3.eu-central-1.amazonaws.com/v200/2021/map/ESA_WorldCover_10m_2021_v200_N18W066_Map.tif
v200/2021/map/ESA_WorldCover_10m_2021_v200_N18W069_Map.tif,12444944,73ac84f11c0ea96e468bdced66c85c15-2,2022-10-26T12:36:28.000Z,https://esa-worldcover.s3.eu-central-1.amazonaws.com/v200/2021/map/ESA_WorldCover_10m_2021_v200_N18W069_Map.tif
v200/2021/map/ESA_WorldCover_10m_2021_v200_N18W072_Map.tif,51090521,ae1bdc71a88b0ad765901ba0c0abbfc3-7,2022-10-26T12:38:33.000Z,https://esa-worldcover.s3.eu-central-1.amazonaws.com/v200/2021/map/ESA_WorldCover_10m_2021_v200_N18W072_Map.tif
v200/2021/map/ESA_WorldCover_10m_2021_v200_N18W075_Map.tif,35189570,26567f8e778843397fee4ac36cab994b-5,2022-10-26T12:38:53.000Z,https://esa-worldcover.s3.eu-central-1.amazonaws.com/v200/2021/map/ESA_WorldCover_10m_2021_v200_N18W075_Map.tif
v200/2021/map/ESA_WorldCover_10m_2021_v200_N18W078_Map.tif,35975261,e7e27a6bd5438205104f6506a8e0e448-5,2022-10-26T12:39:36.000Z,https://esa-worldcover.s3.eu-central-1.amazonaws.com/v200/2021/map/ESA_WorldCover_10m_2021_v200_N18W078_Map.tif
v200/2021/map/ESA_WorldCover_10m_2021_v200_N18W081_Map.tif,4226937,48918760e32bf981d2760cfa72443e52,2022-10-26T12:37:31.000Z,https://esa-worldcover.s3.eu-central-1.amazonaws.com/v200/2021/map/ESA_WorldCover_10m_2021_v200_N18W081_Map.tif
v200/2021/map/ESA_WorldCover_10m_2021_v200_N18W084_Map.tif,2349515,a63e23382973a6f53ca5c6209f52b721,2022-10-26T12:35:14.000Z,https://esa-worldcover.s3.eu-central-1.amazonaws.com/v200/2021/map/ESA_WorldCover_10m_2021_v200_N18W084_Map.tif
v200/2021/map/ESA_WorldCover_10m_2021_v200_N18W087_Map.tif,2527488,b160b11dca8c51be0e953a4b5eda88b3,2022-10-26T12:35:22.000Z,https://esa-worldcover.s3.eu-central-1.amazonaws.com/v200/2021/map/ESA_WorldCover_10m_2021_v200_N18W087_Map.tif
v200/2021/map/ESA_WorldCover_10m_2021_v200_N18W090_Map.tif,35716879,75a92b5650a80618ebc1b59b03b05dc8-5,2022-10-26T12:40:53.000Z,https://esa-worldcover.s3.eu-central-1.amazonaws.com/v200/2021/map/ESA_WorldCover_10m_2021_v200_N18W090_Map.tif
v200/2021/map/ESA_WorldCover_10m_2021_v200_N18W093_Map.tif,29267467,360940b29122f300bbb3361081450b20-4,2022-10-26T12:39:06.000Z,https://esa-worldcover.s3.eu-central-1.amazonaws.com/v200/2021/map/ESA_WorldCover_10m_2021_v200_N18W093_Map.tif
v200/2021/map/ESA_WorldCover_10m_2021_v200_N18W096_Map.tif,22411217,e38d519efe7db90921a3d14f92a4de46-3,2022-10-26T12:36:37.000Z,https://esa-worldcover.s3.eu-central-1.amazonaws.com/v200/2021/map/ESA_WorldCover_10m_2021_v200_N18W096_Map.tif
v200/2021/map/ESA_WorldCover_10m_2021_v200_N18W099_Map.tif,112242284,cb8522a0558ea2c6efe6521954634855-14,2022-10-26T12:42:58.000Z,https://esa-worldcover.s3.eu-central-1.amazonaws.com/v200/2021/map/ESA_WorldCover_10m_2021_v200_N18W099_Map.tif
v200/2021/map/ESA_WorldCover_10m_2021_v200_N18W102_Map.tif,146298005,6c4f6289f0a59cb9a4acc31acd6823e9-18,2022-10-26T12:44:23.000Z,https://esa-worldcover.s3.eu-central-1.amazonaws.com/v200/2021/map/ESA_WorldCover_10m_2021_v200_N18W102_Map.tif
v200/2021/map/ESA_WorldCover_10m_2021_v200_N18W105_Map.tif,111635610,9da8c673ba357ffda7003ac7b6c1cb02-14,2022-10-26T12:43:20.000Z,https://esa-worldcover.s3.eu-central-1.amazonaws.com/v200/2021/map/ESA_WorldCover_10m_2021_v200_N18W105_Map.tif
v200/2021/map/ESA_WorldCover_10m_2021_v200_N18W108_Map.tif,7607858,49b27b9c26a20e3c235ef2a2e6f8e9b6,2022-10-26T12:35:54.000Z,https://esa-worldcover.s3.eu-central-1.amazonaws.com/v200/2021/map/ESA_WorldCover_10m_2021_v200_N18W108_Map.tif
v200/2021/map/ESA_WorldCover_10m_2021_v200_N18W111_Map.tif,2129521,8a8fdbb7a51aaa149d18cc674516b8bd,2022-10-26T12:35:48.000Z,https://esa-worldcover.s3.eu-central-1.amazonaws.com/v200/2021/map/ESA_WorldCover_10m_2021_v200_N18W111_Map.tif
v200/2021/map/ESA_WorldCover_10m_2021_v200_N18W114_Map.tif,2105094,c296236de7124cdb6ae203fae0e5efa0,2022-10-26T12:35:16.000Z,https://esa-worldcover.s3.eu-central-1.amazonaws.com/v200/2021/map/ESA_WorldCover_10m_2021_v200_N18W114_Map.tif
v200/2021/map/ESA_WorldCover_10m_2021_v200_N18W156_Map.tif,10192279,674add7da45527c8a408a8fc85b88b1c-2,2022-10-26T12:36:08.000Z,https://esa-worldcover.s3.eu-central-1.amazonaws.com/v200/2021/map/ESA_WorldCover_10m_2021_v200_N18W156_Map.tif
v200/2021/map/ESA_WorldCover_10m_2021_v200_N18W159_Map.tif,4641903,11bcada520fabe52cff06fbccbcb5d76,2022-10-26T12:35:54.000Z,https://esa-worldcover.s3.eu-central-1.amazonaws.com/v200/2021/map/ESA_WorldCover_10m_2021_v200_N18W159_Map.tif
v200/2021/map/ESA_WorldCover_10m_2021_v200_N21E000_Map.tif,2221629,ea84bb137015f904a6b8472f0fe1c994,2022-10-26T12:46:03.000Z,https://esa-worldcover.s3.eu-central-1.amazonaws.com/v200/2021/map/ESA_WorldCover_10m_2021_v200_N21E000_Map.tif
v200/2021/map/ESA_WorldCover_10m_2021_v200_N21E003_Map.tif,3669512,a82884017f73e5c47ddb45a1112ec17d,2022-10-26T12:45:37.000Z,https://esa-worldcover.s3.eu-central-1.amazonaws.com/v200/2021/map/ESA_WorldCover_10m_2021_v200_N21E003_Map.tif
v200/2021/map/ESA_WorldCover_10m_2021_v200_N21E006_Map.tif,2686472,e196c450d74c31088908fd93d6b8f3f3,2022-10-26T12:46:08.000Z,https://esa-worldcover.s3.eu-central-1.amazonaws.com/v200/2021/map/ESA_WorldCover_10m_2021_v200_N21E006_Map.tif
v200/2021/map/ESA_WorldCover_10m_2021_v200_N21E009_Map.tif,2233362,da7622ea14bf463eea90c550666d4c67,2022-10-26T12:45:09.000Z,https://esa-worldcover.s3.eu-central-1.amazonaws.com/v200/2021/map/ESA_WorldCover_10m_2021_v200_N21E009_Map.tif
v200/2021/map/ESA_WorldCover_10m_2021_v200_N21E012_Map.tif,2264984,1c1ee57b95cb43e476b4962ab6adcf0f,2022-10-26T12:46:19.000Z,https://esa-worldcover.s3.eu-central-1.amazonaws.com/v200/2021/map/ESA_WorldCover_10m_2021_v200_N21E012_Map.tif
v200/2021/map/ESA_WorldCover_10m_2021_v200_N21E015_Map.tif,3492243,1540039906cb06fac9877bcdf3997293,2022-10-26T12:45:34.000Z,https://esa-worldcover.s3.eu-central-1.amazonaws.com/v200/2021/map/ESA_WorldCover_10m_2021_v200_N21E015_Map.tif
v200/2021/map/ESA_WorldCover_10m_2021_v200_N21E018_Map.tif,3822933,61f6bcc0dda72ad63ec4a95e7df86fd1,2022-10-26T12:46:07.000Z,https://esa-worldcover.s3.eu-central-1.amazonaws.com/v200/2021/map/ESA_WorldCover_10m_2021_v200_N21E018_Map.tif
v200/2021/map/ESA_WorldCover_10m_2021_v200_N21E021_Map.tif,2111865,5d33d9bfddfec3f0e9f2a0f6b2ed9a23,2022-10-26T12:40:01.000Z,https://esa-worldcover.s3.eu-central-1.amazonaws.com/v200/2021/map/ESA_WorldCover_10m_2021_v200_N21E021_Map.tif
v200/2021/map/ESA_WorldCover_10m_2021_v200_N21E024_Map.tif,2159625,d339c94a47cc8b5d360aa85d90a32465,2022-10-26T12:38:53.000Z,https://esa-worldcover.s3.eu-central-1.amazonaws.com/v200/2021/map/ESA_WorldCover_10m_2021_v200_N21E024_Map.tif
v200/2021/map/ESA_WorldCover_10m_2021_v200_N21E027_Map.tif,3581604,c45f4afcda357ac14fd7d5e776fb8d47,2022-10-26T12:38:43.000Z,https://esa-worldcover.s3.eu-central-1.amazonaws.com/v200/2021/map/ESA_WorldCover_10m_2021_v200_N21E027_Map.tif
v200/2021/map/ESA_WorldCover_10m_2021_v200_N21E030_Map.tif,8334539,67ed10525e7e2207f6f7ddd1148d7c30,2022-10-26T12:53:27.000Z,https://esa-worldcover.s3.eu-central-1.amazonaws.com/v200/2021/map/ESA_WorldCover_10m_2021_v200_N21E030_Map.tif
v200/2021/map/ESA_WorldCover_10m_2021_v200_N21E033_Map.tif,4027189,4e66ae4e1cfe56c6bfe29476a74da4d5,2022-10-26T12:51:28.000Z,https://esa-worldcover.s3.eu-central-1.amazonaws.com/v200/2021/map/ESA_WorldCover_10m_2021_v200_N21E033_Map.tif
v200/2021/map/ESA_WorldCover_10m_2021_v200_N21E036_Map.tif,4479438,f7720f28438e596ad363302701eac34c,2022-10-26T12:38:52.000Z,https://esa-worldcover.s3.eu-central-1.amazonaws.com/v200/2021/map/ESA_WorldCover_10m_2021_v200_N21E036_Map.tif
v200/2021/map/ESA_WorldCover_10m_2021_v200_N21E039_Map.tif,26357596,6eb4e9cee145ac63b9040ba14d15c9ae-4,2022-10-26T12:47:52.000Z,https://esa-worldcover.s3.eu-central-1.amazonaws.com/v200/2021/map/ESA_WorldCover_10m_2021_v200_N21E039_Map.tif
v200/2021/map/ESA_WorldCover_10m_2021_v200_N21E042_Map.tif,3398643,2b15b4c9b180f88eaf130752b662d6d9,2022-10-26T12:40:51.000Z,https://esa-worldcover.s3.eu-central-1.amazonaws.com/v200/2021/map/ESA_WorldCover_10m_2021_v200_N21E042_Map.tif
v200/2021/map/ESA_WorldCover_10m_2021_v200_N21E045_Map.tif,4508759,4078e1b43e8153370b115cf1cf406178,2022-10-26T12:54:28.000Z,https://esa-worldcover.s3.eu-central-1.amazonaws.com/v200/2021/map/ESA_WorldCover_10m_2021_v200_N21E045_Map.tif
v200/2021/map/ESA_WorldCover_10m_2021_v200_N21E048_Map.tif,2823711,cb164943625b4405e3a72d422585cae8,2022-10-26T12:45:33.000Z,https://esa-worldcover.s3.eu-central-1.amazonaws.com/v200/2021/map/ESA_WorldCover_10m_2021_v200_N21E048_Map.tif
v200/2021/map/ESA_WorldCover_10m_2021_v200_N21E051_Map.tif,3585691,e396d8f2d41e5bbc9ed745db33afcdf9,2022-10-26T12:40:22.000Z,https://esa-worldcover.s3.eu-central-1.amazonaws.com/v200/2021/map/ESA_WorldCover_10m_2021_v200_N21E051_Map.tif
v200/2021/map/ESA_WorldCover_10m_2021_v200_N21E054_Map.tif,6250768,1449f1219520379851ac77a9e48538f9,2022-10-26T12:55:16.000Z,https://esa-worldcover.s3.eu-central-1.amazonaws.com/v200/2021/map/ESA_WorldCover_10m_2021_v200_N21E054_Map.tif
v200/2021/map/ESA_WorldCover_10m_2021_v200_N21E057_Map.tif,19917050,3844f206cfe006756dfd8f5b65b8bc4d-3,2022-10-26T12:54:04.000Z,https://esa-worldcover.s3.eu-central-1.amazonaws.com/v200/2021/map/ESA_WorldCover_10m_2021_v200_N21E057_Map.tif
v200/2021/map/ESA_WorldCover_10m_2021_v200_N21E066_Map.tif,10192573,58ec1b643529a85707350fbe731a4672-2,2022-10-26T12:37:18.000Z,https://esa-worldcover.s3.eu-central-1.amazonaws.com/v200/2021/map/ESA_WorldCover_10m_2021_v200_N21E066_Map.tif
v200/2021/map/ESA_WorldCover_10m_2021_v200_N21E069_Map.tif,92933241,12f147bc356efd24f2ac469f11087c55-12,2022-10-26T12:45:30.000Z,https://esa-worldcover.s3.eu-central-1.amazonaws.com/v200/2021/map/ESA_WorldCover_10m_2021_v200_N21E069_Map.tif
v200/2021/map/ESA_WorldCover_10m_2021_v200_N21E072_Map.tif,133840887,5cf7147714828391e51550e3cdbf687f-16,2022-10-26T13:04:10.000Z,https://esa-worldcover.s3.eu-central-1.amazonaws.com/v200/2021/map/ESA_WorldCover_10m_2021_v200_N21E072_Map.tif
v200/2021/map/ESA_WorldCover_10m_2021_v200_N21E075_Map.tif,102720459,a2c08853449adc466813d43f94a1d3a1-13,2022-10-26T13:05:12.000Z,https://esa-worldcover.s3.eu-central-1.amazonaws.com/v200/2021/map/ESA_WorldCover_10m_2021_v200_N21E075_Map.tif
v200/2021/map/ESA_WorldCover_10m_2021_v200_N21E078_Map.tif,118205353,0ff42257e5f177619c59a07a667fd21b-15,2022-10-26T12:44:19.000Z,https://esa-worldcover.s3.eu-central-1.amazonaws.com/v200/2021/map/ESA_WorldCover_10m_2021_v200_N21E078_Map.tif
v200/2021/map/ESA_WorldCover_10m_2021_v200_N21E081_Map.tif,124090449,3886ba116d0088850dbf1745d9eb9a50-15,2022-10-26T12:46:56.000Z,https://esa-worldcover.s3.eu-central-1.amazonaws.com/v200/2021/map/ESA_WorldCover_10m_2021_v200_N21E081_Map.tif
v200/2021/map/ESA_WorldCover_10m_2021_v200_N21E084_Map.tif,127991194,a08a7c9b9d1930c526b388dd99b817e4-16,2022-10-26T12:45:13.000Z,https://esa-worldcover.s3.eu-central-1.amazonaws.com/v200/2021/map/ESA_WorldCover_10m_2021_v200_N21E084_Map.tif
v200/2021/map/ESA_WorldCover_10m_2021_v200_N21E087_Map.tif,81771213,8ce8270d0d96e48f4191f688761ef178-10,2022-10-26T12:44:30.000Z,https://esa-worldcover.s3.eu-central-1.amazonaws.com/v200/2021/map/ESA_WorldCover_10m_2021_v200_N21E087_Map.tif
v200/2021/map/ESA_WorldCover_10m_2021_v200_N21E090_Map.tif,58949208,156a61133efe0e4f2dd74ddbde561936-8,2022-10-26T12:43:05.000Z,https://esa-worldcover.s3.eu-central-1.amazonaws.com/v200/2021/map/ESA_WorldCover_10m_2021_v200_N21E090_Map.tif
v200/2021/map/ESA_WorldCover_10m_2021_v200_N21E093_Map.tif,94447576,9b7e4b2d9ca782feeed65b43fe6ed216-12,2022-10-26T12:55:07.000Z,https://esa-worldcover.s3.eu-central-1.amazonaws.com/v200/2021/map/ESA_WorldCover_10m_2021_v200_N21E093_Map.tif
v200/2021/map/ESA_WorldCover_10m_2021_v200_N21E096_Map.tif,93309494,48de13c1135a2f7584648e6b7d6fd5e9-12,2022-10-26T12:44:22.000Z,https://esa-worldcover.s3.eu-central-1.amazonaws.com/v200/2021/map/ESA_WorldCover_10m_2021_v200_N21E096_Map.tif
v200/2021/map/ESA_WorldCover_10m_2021_v200_N21E099_Map.tif,85470786,79959ee7a75abba66f0c222dc4bd3ae0-11,2022-10-26T12:53:36.000Z,https://esa-worldcover.s3.eu-central-1.amazonaws.com/v200/2021/map/ESA_WorldCover_10m_2021_v200_N21E099_Map.tif
v200/2021/map/ESA_WorldCover_10m_2021_v200_N21E102_Map.tif,106663209,24bb5bb1655e800bc49ffa0b5a0f3e3d-13,2022-10-26T12:54:11.000Z,https://esa-worldcover.s3.eu-central-1.amazonaws.com/v200/2021/map/ESA_WorldCover_10m_2021_v200_N21E102_Map.tif
v200/2021/map/ESA_WorldCover_10m_2021_v200_N21E105_Map.tif,102974131,a0c724f8d28f1c4d198ac6f69ff4fded-13,2022-10-26T12:47:57.000Z,https://esa-worldcover.s3.eu-central-1.amazonaws.com/v200/2021/map/ESA_WorldCover_10m_2021_v200_N21E105_Map.tif
v200/2021/map/ESA_WorldCover_10m_2021_v200_N21E108_Map.tif,111126504,3431a2755ccfded6e3b1fe5dd6d632ff-14,2022-10-26T12:52:51.000Z,https://esa-worldcover.s3.eu-central-1.amazonaws.com/v200/2021/map/ESA_WorldCover_10m_2021_v200_N21E108_Map.tif
v200/2021/map/ESA_WorldCover_10m_2021_v200_N21E111_Map.tif,87692242,8b703500f195fe36627a7fdcde4dd414-11,2022-10-26T12:54:30.000Z,https://esa-worldcover.s3.eu-central-1.amazonaws.com/v200/2021/map/ESA_WorldCover_10m_2021_v200_N21E111_Map.tif
v200/2021/map/ESA_WorldCover_10m_2021_v200_N21E114_Map.tif,53611017,dfbec44c8a689ce9f585e2a73cee1277-7,2022-10-26T12:39:18.000Z,https://esa-worldcover.s3.eu-central-1.amazonaws.com/v200/2021/map/ESA_WorldCover_10m_2021_v200_N21E114_Map.tif
v200/2021/map/ESA_WorldCover_10m_2021_v200_N21E117_Map.tif,5869241,d3e8e2cf21a8e54e0c0f50985f6604fa,2022-10-26T12:36:55.000Z,https://esa-worldcover.s3.eu-central-1.amazonaws.com/v200/2021/map/ESA_WorldCover_10m_2021_v200_N21E117_Map.tif
v200/2021/map/ESA_WorldCover_10m_2021_v200_N21E120_Map.tif,22768220,10ac55856cf6ab7b785a7f4784684c15-3,2022-10-26T12:38:03.000Z,https://esa-worldcover.s3.eu-central-1.amazonaws.com/v200/2021/map/ESA_WorldCover_10m_2021_v200_N21E120_Map.tif
v200/2021/map/ESA_WorldCover_10m_2021_v200_N21E123_Map.tif,1955604,1e41d83223fa821faef9bf91feaa610b,2022-10-26T12:36:00.000Z,https://esa-worldcover.s3.eu-central-1.amazonaws.com/v200/2021/map/ESA_WorldCover_10m_2021_v200_N21E123_Map.tif
v200/2021/map/ESA_WorldCover_10m_2021_v200_N21W003_Map.tif,2116667,7c8aa23aa31283fb52f61b3354b3686f,2022-10-26T12:38:56.000Z,https://esa-worldcover.s3.eu-central-1.amazonaws.com/v200/2021/map/ESA_WorldCover_10m_2021_v200_N21W003_Map.tif
v200/2021/map/ESA_WorldCover_10m_2021_v200_N21W006_Map.tif,2115325,20c87dfb6f3e93f7a23a228684786655,2022-10-26T12:46:02.000Z,https://esa-worldcover.s3.eu-central-1.amazonaws.com/v200/2021/map/ESA_WorldCover_10m_2021_v200_N21W006_Map.tif
v200/2021/map/ESA_WorldCover_10m_2021_v200_N21W009_Map.tif,2110883,8baf1da572dcdcf92cdb2f85321220ac,2022-10-26T12:44:57.000Z,https://esa-worldcover.s3.eu-central-1.amazonaws.com/v200/2021/map/ESA_WorldCover_10m_2021_v200_N21W009_Map.tif
v200/2021/map/ESA_WorldCover_10m_2021_v200_N21W012_Map.tif,2134665,eeffa5fd550fa5397c11176eeed1bc48,2022-10-26T12:38:51.000Z,https://esa-worldcover.s3.eu-central-1.amazonaws.com/v200/2021/map/ESA_WorldCover_10m_2021_v200_N21W012_Map.tif
v200/2021/map/ESA_WorldCover_10m_2021_v200_N21W015_Map.tif,2262065,9cf5ee547f5a8d3fa60f019d797165f9,2022-10-26T12:39:43.000Z,https://esa-worldcover.s3.eu-central-1.amazonaws.com/v200/2021/map/ESA_WorldCover_10m_2021_v200_N21W015_Map.tif
v200/2021/map/ESA_WorldCover_10m_2021_v200_N21W018_Map.tif,2991616,8577973d9916eb0f0c47842de6dec3e2,2022-10-26T12:37:12.000Z,https://esa-worldcover.s3.eu-central-1.amazonaws.com/v200/2021/map/ESA_WorldCover_10m_2021_v200_N21W018_Map.tif
v200/2021/map/ESA_WorldCover_10m_2021_v200_N21W072_Map.tif,3042411,cdf1a20f3eb97f81723f2c164579177f,2022-10-26T12:36:02.000Z,https://esa-worldcover.s3.eu-central-1.amazonaws.com/v200/2021/map/ESA_WorldCover_10m_2021_v200_N21W072_Map.tif
v200/2021/map/ESA_WorldCover_10m_2021_v200_N21W075_Map.tif,6023712,c562c6e325ec58847a6e1d22c2d9684f,2022-10-26T12:38:14.000Z,https://esa-worldcover.s3.eu-central-1.amazonaws.com/v200/2021/map/ESA_WorldCover_10m_2021_v200_N21W075_Map.tif
v200/2021/map/ESA_WorldCover_10m_2021_v200_N21W078_Map.tif,18878971,3dfe93ca42a69ba4b4b5776f1d7ccb98-3,2022-10-26T12:39:34.000Z,https://esa-worldcover.s3.eu-central-1.amazonaws.com/v200/2021/map/ESA_WorldCover_10m_2021_v200_N21W078_Map.tif
v200/2021/map/ESA_WorldCover_10m_2021_v200_N21W081_Map.tif,38499491,c0a8676f49b1f361aed1fa53d4554458-5,2022-10-26T12:38:12.000Z,https://esa-worldcover.s3.eu-central-1.amazonaws.com/v200/2021/map/ESA_WorldCover_10m_2021_v200_N21W081_Map.tif
v200/2021/map/ESA_WorldCover_10m_2021_v200_N21W084_Map.tif,26925458,b5f0bc46347df185797a70a0c17d9ce0-4,2022-10-26T12:37:58.000Z,https://esa-worldcover.s3.eu-central-1.amazonaws.com/v200/2021/map/ESA_WorldCover_10m_2021_v200_N21W084_Map.tif
v200/2021/map/ESA_WorldCover_10m_2021_v200_N21W087_Map.tif,5890109,02301c946e19ecd64148c5dcc2122fda,2022-10-26T12:38:05.000Z,https://esa-worldcover.s3.eu-central-1.amazonaws.com/v200/2021/map/ESA_WorldCover_10m_2021_v200_N21W087_Map.tif
v200/2021/map/ESA_WorldCover_10m_2021_v200_N21W090_Map.tif,13656032,3e91eca019587bfbe9496880f05a1483-2,2022-10-26T12:36:45.000Z,https://esa-worldcover.s3.eu-central-1.amazonaws.com/v200/2021/map/ESA_WorldCover_10m_2021_v200_N21W090_Map.tif
v200/2021/map/ESA_WorldCover_10m_2021_v200_N21W093_Map.tif,2383911,9b17abe7741574dcbbb9b68afaf967e5,2022-10-26T12:35:43.000Z,https://esa-worldcover.s3.eu-central-1.amazonaws.com/v200/2021/map/ESA_WorldCover_10m_2021_v200_N21W093_Map.tif
v200/2021/map/ESA_WorldCover_10m_2021_v200_N21W099_Map.tif,48684985,a4b77bc803fe80a57ab127a867f484aa-6,2022-10-26T12:37:17.000Z,https://esa-worldcover.s3.eu-central-1.amazonaws.com/v200/2021/map/ESA_WorldCover_10m_2021_v200_N21W099_Map.tif
v200/2021/map/ESA_WorldCover_10m_2021_v200_N21W102_Map.tif,83988839,d07da7874f2a99badcb031d950f5257b-11,2022-10-26T12:40:14.000Z,https://esa-worldcover.s3.eu-central-1.amazonaws.com/v200/2021/map/ESA_WorldCover_10m_2021_v200_N21W102_Map.tif
v200/2021/map/ESA_WorldCover_10m_2021_v200_N21W105_Map.tif,121796395,615974e19e3c2ca2e916b12abf753042-15,2022-10-26T12:41:01.000Z,https://esa-worldcover.s3.eu-central-1.amazonaws.com/v200/2021/map/ESA_WorldCover_10m_2021_v200_N21W105_Map.tif
v200/2021/map/ESA_WorldCover_10m_2021_v200_N21W108_Map.tif,33677452,f155f3511d002d7f2e6a36164cfed94b-5,2022-10-26T12:37:14.000Z,https://esa-worldcover.s3.eu-central-1.amazonaws.com/v200/2021/map/ESA_WorldCover_10m_2021_v200_N21W108_Map.tif
v200/2021/map/ESA_WorldCover_10m_2021_v200_N21W111_Map.tif,8852055,0795291f7389e59ece6df544480186fb-2,2022-10-26T12:35:44.000Z,https://esa-worldcover.s3.eu-central-1.amazonaws.com/v200/2021/map/ESA_WorldCover_10m_2021_v200_N21W111_Map.tif
v200/2021/map/ESA_WorldCover_10m_2021_v200_N21W114_Map.tif,1954297,5e7828942b494fee80065a3d4d0eb130,2022-10-26T12:34:48.000Z,https://esa-worldcover.s3.eu-central-1.amazonaws.com/v200/2021/map/ESA_WorldCover_10m_2021_v200_N21W114_Map.tif
v200/2021/map/ESA_WorldCover_10m_2021_v200_N21W159_Map.tif,4842641,8babc0b0efe1bb2b94c130f6da6aca0f,2022-10-26T12:35:33.000Z,https://esa-worldcover.s3.eu-central-1.amazonaws.com/v200/2021/map/ESA_WorldCover_10m_2021_v200_N21W159_Map.tif
v200/2021/map/ESA_WorldCover_10m_2021_v200_N21W162_Map.tif,4304410,1953d44e678a064631e1af5bdce5c648,2022-10-26T12:35:24.000Z,https://esa-worldcover.s3.eu-central-1.amazonaws.com/v200/2021/map/ESA_WorldCover_10m_2021_v200_N21W162_Map.tif
v200/2021/map/ESA_WorldCover_10m_2021_v200_N24E000_Map.tif,2362243,8acddc30000f3ea2bc630cc36c1cefbc,2022-10-26T12:41:27.000Z,https://esa-worldcover.s3.eu-central-1.amazonaws.com/v200/2021/map/ESA_WorldCover_10m_2021_v200_N24E000_Map.tif
v200/2021/map/ESA_WorldCover_10m_2021_v200_N24E003_Map.tif,3022938,d56ec00760efbbd210ff67e34d49bc47,2022-10-26T12:45:58.000Z,https://esa-worldcover.s3.eu-central-1.amazonaws.com/v200/2021/map/ESA_WorldCover_10m_2021_v200_N24E003_Map.tif
v200/2021/map/ESA_WorldCover_10m_2021_v200_N24E006_Map.tif,4912673,3c440107a48bbe5cf3ac135e51b583ae,2022-10-26T12:43:48.000Z,https://esa-worldcover.s3.eu-central-1.amazonaws.com/v200/2021/map/ESA_WorldCover_10m_2021_v200_N24E006_Map.tif
v200/2021/map/ESA_WorldCover_10m_2021_v200_N24E009_Map.tif,3787490,83de402313629f8597da2f725c6b7854,2022-10-26T12:42:41.000Z,https://esa-worldcover.s3.eu-central-1.amazonaws.com/v200/2021/map/ESA_WorldCover_10m_2021_v200_N24E009_Map.tif
v200/2021/map/ESA_WorldCover_10m_2021_v200_N24E012_Map.tif,5961754,1648b4bf17884323c2410b179e7c6a2e,2022-10-26T12:43:33.000Z,https://esa-worldcover.s3.eu-central-1.amazonaws.com/v200/2021/map/ESA_WorldCover_10m_2021_v200_N24E012_Map.tif
v200/2021/map/ESA_WorldCover_10m_2021_v200_N24E015_Map.tif,2404743,412cd0b2cb20b755c39e4fa7171a9f20,2022-10-26T12:42:54.000Z,https://esa-worldcover.s3.eu-central-1.amazonaws.com/v200/2021/map/ESA_WorldCover_10m_2021_v200_N24E015_Map.tif
v200/2021/map/ESA_WorldCover_10m_2021_v200_N24E018_Map.tif,2130579,96996a3bf5536aeac9cb9af71074b8b1,2022-10-26T12:46:53.000Z,https://esa-worldcover.s3.eu-central-1.amazonaws.com/v200/2021/map/ESA_WorldCover_10m_2021_v200_N24E018_Map.tif
v200/2021/map/ESA_WorldCover_10m_2021_v200_N24E021_Map.tif,2719284,aae8c0b9774af63fa8c358877969cf5a,2022-10-26T12:39:55.000Z,https://esa-worldcover.s3.eu-central-1.amazonaws.com/v200/2021/map/ESA_WorldCover_10m_2021_v200_N24E021_Map.tif
v200/2021/map/ESA_WorldCover_10m_2021_v200_N24E024_Map.tif,2125067,d6fa1377325327b523b7ddb26faa05bc,2022-10-26T12:42:35.000Z,https://esa-worldcover.s3.eu-central-1.amazonaws.com/v200/2021/map/ESA_WorldCover_10m_2021_v200_N24E024_Map.tif
v200/2021/map/ESA_WorldCover_10m_2021_v200_N24E027_Map.tif,4834612,ae8ece887791da9dcf224651f6d4d36a,2022-10-26T12:41:04.000Z,https://esa-worldcover.s3.eu-central-1.amazonaws.com/v200/2021/map/ESA_WorldCover_10m_2021_v200_N24E027_Map.tif
v200/2021/map/ESA_WorldCover_10m_2021_v200_N24E030_Map.tif,14611282,65d6158e184da9c4e79dd75eb2ae5339-2,2022-10-26T12:43:36.000Z,https://esa-worldcover.s3.eu-central-1.amazonaws.com/v200/2021/map/ESA_WorldCover_10m_2021_v200_N24E030_Map.tif
v200/2021/map/ESA_WorldCover_10m_2021_v200_N24E033_Map.tif,4456393,46e97873befbd54f88a45dabbcdd3652,2022-10-26T12:39:46.000Z,https://esa-worldcover.s3.eu-central-1.amazonaws.com/v200/2021/map/ESA_WorldCover_10m_2021_v200_N24E033_Map.tif
v200/2021/map/ESA_WorldCover_10m_2021_v200_N24E036_Map.tif,20592009,17ec3efe7d516768e387e329196b1ad4-3,2022-10-26T12:42:46.000Z,https://esa-worldcover.s3.eu-central-1.amazonaws.com/v200/2021/map/ESA_WorldCover_10m_2021_v200_N24E036_Map.tif
v200/2021/map/ESA_WorldCover_10m_2021_v200_N24E039_Map.tif,8893716,1331f07567f431adfd56b16d14536fab-2,2022-10-26T12:41:27.000Z,https://esa-worldcover.s3.eu-central-1.amazonaws.com/v200/2021/map/ESA_WorldCover_10m_2021_v200_N24E039_Map.tif
v200/2021/map/ESA_WorldCover_10m_2021_v200_N24E042_Map.tif,18587220,f7edca0410aac63e1648da6003efbedd-3,2022-10-26T12:44:03.000Z,https://esa-worldcover.s3.eu-central-1.amazonaws.com/v200/2021/map/ESA_WorldCover_10m_2021_v200_N24E042_Map.tif
v200/2021/map/ESA_WorldCover_10m_2021_v200_N24E045_Map.tif,13249205,0155f70444210d96d3cddbc4604c45e4-2,2022-10-26T12:39:33.000Z,https://esa-worldcover.s3.eu-central-1.amazonaws.com/v200/2021/map/ESA_WorldCover_10m_2021_v200_N24E045_Map.tif
v200/2021/map/ESA_WorldCover_10m_2021_v200_N24E048_Map.tif,10406223,a8bb8f5294e9cd2a7cba1b88d821045d-2,2022-10-26T12:42:17.000Z,https://esa-worldcover.s3.eu-central-1.amazonaws.com/v200/2021/map/ESA_WorldCover_10m_2021_v200_N24E048_Map.tif
v200/2021/map/ESA_WorldCover_10m_2021_v200_N24E051_Map.tif,8133224,a1428f52eda1f0796bb593ffe8b83104,2022-10-26T12:42:11.000Z,https://esa-worldcover.s3.eu-central-1.amazonaws.com/v200/2021/map/ESA_WorldCover_10m_2021_v200_N24E051_Map.tif
v200/2021/map/ESA_WorldCover_10m_2021_v200_N24E054_Map.tif,22587750,2d5d6a349225c1198f382d95005814a1-3,2022-10-26T12:44:08.000Z,https://esa-worldcover.s3.eu-central-1.amazonaws.com/v200/2021/map/ESA_WorldCover_10m_2021_v200_N24E054_Map.tif
v200/2021/map/ESA_WorldCover_10m_2021_v200_N24E057_Map.tif,11348372,5139d74d9ce77be1831b38ac72e5b1a1-2,2022-10-26T12:38:40.000Z,https://esa-worldcover.s3.eu-central-1.amazonaws.com/v200/2021/map/ESA_WorldCover_10m_2021_v200_N24E057_Map.tif
v200/2021/map/ESA_WorldCover_10m_2021_v200_N24E060_Map.tif,14607255,baab2b121ad831faa69c0aedcb3486ee-2,2022-10-26T12:37:48.000Z,https://esa-worldcover.s3.eu-central-1.amazonaws.com/v200/2021/map/ESA_WorldCover_10m_2021_v200_N24E060_Map.tif
v200/2021/map/ESA_WorldCover_10m_2021_v200_N24E063_Map.tif,10765274,0d7c5b1f97bf36e65eabd4a980b25516-2,2022-10-26T12:39:37.000Z,https://esa-worldcover.s3.eu-central-1.amazonaws.com/v200/2021/map/ESA_WorldCover_10m_2021_v200_N24E063_Map.tif
v200/2021/map/ESA_WorldCover_10m_2021_v200_N24E066_Map.tif,96971395,941b7782cecedcdd42770f87775be9c7-12,2022-10-26T12:47:09.000Z,https://esa-worldcover.s3.eu-central-1.amazonaws.com/v200/2021/map/ESA_WorldCover_10m_2021_v200_N24E066_Map.tif
v200/2021/map/ESA_WorldCover_10m_2021_v200_N24E069_Map.tif,130383847,838d84c59c2e4821a924662262baad9f-16,2022-10-26T12:47:20.000Z,https://esa-worldcover.s3.eu-central-1.amazonaws.com/v200/2021/map/ESA_WorldCover_10m_2021_v200_N24E069_Map.tif
v200/2021/map/ESA_WorldCover_10m_2021_v200_N24E072_Map.tif,131047562,c33bc406738107cc1f1bf21e03033a28-16,2022-10-26T12:50:23.000Z,https://esa-worldcover.s3.eu-central-1.amazonaws.com/v200/2021/map/ESA_WorldCover_10m_2021_v200_N24E072_Map.tif
v200/2021/map/ESA_WorldCover_10m_2021_v200_N24E075_Map.tif,97319738,74e86c34d7cefdb1053695950a27f622-12,2022-10-26T12:43:54.000Z,https://esa-worldcover.s3.eu-central-1.amazonaws.com/v200/2021/map/ESA_WorldCover_10m_2021_v200_N24E075_Map.tif
v200/2021/map/ESA_WorldCover_10m_2021_v200_N24E078_Map.tif,101801980,c313724427f52b18423bcd02c3076fc4-13,2022-10-26T12:44:46.000Z,https://esa-worldcover.s3.eu-central-1.amazonaws.com/v200/2021/map/ESA_WorldCover_10m_2021_v200_N24E078_Map.tif
v200/2021/map/ESA_WorldCover_10m_2021_v200_N24E081_Map.tif,126723055,041beb75f2f25974ec262438baa9b94b-16,2022-10-26T12:43:58.000Z,https://esa-worldcover.s3.eu-central-1.amazonaws.com/v200/2021/map/ESA_WorldCover_10m_2021_v200_N24E081_Map.tif
v200/2021/map/ESA_WorldCover_10m_2021_v200_N24E084_Map.tif,123474050,7eed7fc7c43d5d0a829a450c0b3f9955-15,2022-10-26T12:46:32.000Z,https://esa-worldcover.s3.eu-central-1.amazonaws.com/v200/2021/map/ESA_WorldCover_10m_2021_v200_N24E084_Map.tif
v200/2021/map/ESA_WorldCover_10m_2021_v200_N24E087_Map.tif,117460909,2c1183e1e844629df24d558075a54dc4-15,2022-10-26T12:49:45.000Z,https://esa-worldcover.s3.eu-central-1.amazonaws.com/v200/2021/map/ESA_WorldCover_10m_2021_v200_N24E087_Map.tif
v200/2021/map/ESA_WorldCover_10m_2021_v200_N24E090_Map.tif,98826043,b3a5a4399b5a029b16a30102ef5daeb6-12,2022-10-26T12:44:43.000Z,https://esa-worldcover.s3.eu-central-1.amazonaws.com/v200/2021/map/ESA_WorldCover_10m_2021_v200_N24E090_Map.tif
v200/2021/map/ESA_WorldCover_10m_2021_v200_N24E093_Map.tif,55435233,880d45a1b2a650322cb57ac819db3f5d-7,2022-10-26T12:46:15.000Z,https://esa-worldcover.s3.eu-central-1.amazonaws.com/v200/2021/map/ESA_WorldCover_10m_2021_v200_N24E093_Map.tif
v200/2021/map/ESA_WorldCover_10m_2021_v200_N24E096_Map.tif,48641297,de90710ba25c941b80acfd59a1084f88-6,2022-10-26T12:43:09.000Z,https://esa-worldcover.s3.eu-central-1.amazonaws.com/v200/2021/map/ESA_WorldCover_10m_2021_v200_N24E096_Map.tif
v200/2021/map/ESA_WorldCover_10m_2021_v200_N24E099_Map.tif,122787872,9ef1b5babc36c7d377fd472032075f83-15,2022-10-26T12:47:26.000Z,https://esa-worldcover.s3.eu-central-1.amazonaws.com/v200/2021/map/ESA_WorldCover_10m_2021_v200_N24E099_Map.tif
v200/2021/map/ESA_WorldCover_10m_2021_v200_N24E102_Map.tif,146160980,e716c9b6bc62524e0d98783d60dc24a2-18,2022-10-26T12:52:13.000Z,https://esa-worldcover.s3.eu-central-1.amazonaws.com/v200/2021/map/ESA_WorldCover_10m_2021_v200_N24E102_Map.tif
v200/2021/map/ESA_WorldCover_10m_2021_v200_N24E105_Map.tif,133251843,9f80bafe2a178a2b374ffbca728d2e39-16,2022-10-26T12:44:03.000Z,https://esa-worldcover.s3.eu-central-1.amazonaws.com/v200/2021/map/ESA_WorldCover_10m_2021_v200_N24E105_Map.tif
v200/2021/map/ESA_WorldCover_10m_2021_v200_N24E108_Map.tif,98380842,c92b75412b294b375323cdfa25c3c605-12,2022-10-26T12:45:20.000Z,https://esa-worldcover.s3.eu-central-1.amazonaws.com/v200/2021/map/ESA_WorldCover_10m_2021_v200_N24E108_Map.tif
v200/2021/map/ESA_WorldCover_10m_2021_v200_N24E111_Map.tif,113490591,37ab6a38e59e37e015e3f0a7a401d0aa-14,2022-10-26T12:49:32.000Z,https://esa-worldcover.s3.eu-central-1.amazonaws.com/v200/2021/map/ESA_WorldCover_10m_2021_v200_N24E111_Map.tif
v200/2021/map/ESA_WorldCover_10m_2021_v200_N24E114_Map.tif,102832256,2476af3f40d1dafd2367af22171a2c43-13,2022-10-26T12:45:18.000Z,https://esa-worldcover.s3.eu-central-1.amazonaws.com/v200/2021/map/ESA_WorldCover_10m_2021_v200_N24E114_Map.tif
v200/2021/map/ESA_WorldCover_10m_2021_v200_N24E117_Map.tif,74403833,5b979f45d2cadd035c7a4dfabc9d7707-9,2022-10-26T12:47:13.000Z,https://esa-worldcover.s3.eu-central-1.amazonaws.com/v200/2021/map/ESA_WorldCover_10m_2021_v200_N24E117_Map.tif
v200/2021/map/ESA_WorldCover_10m_2021_v200_N24E120_Map.tif,13831183,5fcf30995fdabb69ae6ee37b6420845e-2,2022-10-26T12:39:37.000Z,https://esa-worldcover.s3.eu-central-1.amazonaws.com/v200/2021/map/ESA_WorldCover_10m_2021_v200_N24E120_Map.tif
v200/2021/map/ESA_WorldCover_10m_2021_v200_N24E123_Map.tif,3434691,bf7e39b94c3c3b2d2e9bdd1b295cb826,2022-10-26T12:38:36.000Z,https://esa-worldcover.s3.eu-central-1.amazonaws.com/v200/2021/map/ESA_WorldCover_10m_2021_v200_N24E123_Map.tif
v200/2021/map/ESA_WorldCover_10m_2021_v200_N24E126_Map.tif,3871496,93f2bd16f05aa1c470c4378043c89ef2,2022-10-26T12:36:54.000Z,https://esa-worldcover.s3.eu-central-1.amazonaws.com/v200/2021/map/ESA_WorldCover_10m_2021_v200_N24E126_Map.tif
v200/2021/map/ESA_WorldCover_10m_2021_v200_N24E129_Map.tif,2015038,0568dd4cf22f753a05e0dcf8d8000d9b,2022-10-26T12:36:24.000Z,https://esa-worldcover.s3.eu-central-1.amazonaws.com/v200/2021/map/ESA_WorldCover_10m_2021_v200_N24E129_Map.tif
v200/2021/map/ESA_WorldCover_10m_2021_v200_N24W003_Map.tif,2157453,265a28149377f8a458ce8e25ee44bf83,2022-10-26T12:39:54.000Z,https://esa-worldcover.s3.eu-central-1.amazonaws.com/v200/2021/map/ESA_WorldCover_10m_2021_v200_N24W003_Map.tif
v200/2021/map/ESA_WorldCover_10m_2021_v200_N24W006_Map.tif,2127701,031a5feadfa32a980531bdbbb22b2aef,2022-10-26T12:40:05.000Z,https://esa-worldcover.s3.eu-central-1.amazonaws.com/v200/2021/map/ESA_WorldCover_10m_2021_v200_N24W006_Map.tif
v200/2021/map/ESA_WorldCover_10m_2021_v200_N24W009_Map.tif,2118307,1f094ffeedd6bd16a2ca398922254657,2022-10-26T12:40:52.000Z,https://esa-worldcover.s3.eu-central-1.amazonaws.com/v200/2021/map/ESA_WorldCover_10m_2021_v200_N24W009_Map.tif
v200/2021/map/ESA_WorldCover_10m_2021_v200_N24W012_Map.tif,2308798,b3aba353925e3aa99567ee79057b59c1,2022-10-26T12:39:57.000Z,https://esa-worldcover.s3.eu-central-1.amazonaws.com/v200/2021/map/ESA_WorldCover_10m_2021_v200_N24W012_Map.tif
v200/2021/map/ESA_WorldCover_10m_2021_v200_N24W015_Map.tif,3314340,634c86f1dcec6ad444e65a77dc4c9556,2022-10-26T12:40:14.000Z,https://esa-worldcover.s3.eu-central-1.amazonaws.com/v200/2021/map/ESA_WorldCover_10m_2021_v200_N24W015_Map.tif
v200/2021/map/ESA_WorldCover_10m_2021_v200_N24W018_Map.tif,2363552,3a6833200934b9aecb8e9b53d48df2f3,2022-10-26T12:36:34.000Z,https://esa-worldcover.s3.eu-central-1.amazonaws.com/v200/2021/map/ESA_WorldCover_10m_2021_v200_N24W018_Map.tif
v200/2021/map/ESA_WorldCover_10m_2021_v200_N24W075_Map.tif,2091835,20ed3bff219976abae8c3c2208dbcbe0,2022-10-26T12:36:10.000Z,https://esa-worldcover.s3.eu-central-1.amazonaws.com/v200/2021/map/ESA_WorldCover_10m_2021_v200_N24W075_Map.tif
v200/2021/map/ESA_WorldCover_10m_2021_v200_N24W078_Map.tif,9714213,44ce4e193c2ef042e917afcd5b643279-2,2022-10-26T12:42:00.000Z,https://esa-worldcover.s3.eu-central-1.amazonaws.com/v200/2021/map/ESA_WorldCover_10m_2021_v200_N24W078_Map.tif
v200/2021/map/ESA_WorldCover_10m_2021_v200_N24W081_Map.tif,24835511,eafe648b20e6b9b4ad973e3978933962-3,2022-10-26T12:38:22.000Z,https://esa-worldcover.s3.eu-central-1.amazonaws.com/v200/2021/map/ESA_WorldCover_10m_2021_v200_N24W081_Map.tif
v200/2021/map/ESA_WorldCover_10m_2021_v200_N24W084_Map.tif,20210905,96c67289333bdc14ffcab1d1fb49a137-3,2022-10-26T12:37:08.000Z,https://esa-worldcover.s3.eu-central-1.amazonaws.com/v200/2021/map/ESA_WorldCover_10m_2021_v200_N24W084_Map.tif
v200/2021/map/ESA_WorldCover_10m_2021_v200_N24W099_Map.tif,60982577,e8f131dd8a9c4119a6941212cb4723e2-8,2022-10-26T12:38:25.000Z,https://esa-worldcover.s3.eu-central-1.amazonaws.com/v200/2021/map/ESA_WorldCover_10m_2021_v200_N24W099_Map.tif
v200/2021/map/ESA_WorldCover_10m_2021_v200_N24W102_Map.tif,82024521,a7820882dede4f69c7696d24e5f98a34-10,2022-10-26T12:49:19.000Z,https://esa-worldcover.s3.eu-central-1.amazonaws.com/v200/2021/map/ESA_WorldCover_10m_2021_v200_N24W102_Map.tif
v200/2021/map/ESA_WorldCover_10m_2021_v200_N24W105_Map.tif,69656472,4441ef1517d0972a88308dd9e14661c8-9,2022-10-26T12:48:30.000Z,https://esa-worldcover.s3.eu-central-1.amazonaws.com/v200/2021/map/ESA_WorldCover_10m_2021_v200_N24W105_Map.tif
v200/2021/map/ESA_WorldCover_10m_2021_v200_N24W108_Map.tif,111138253,4f6caec215569365c452d8a69be30979-14,2022-10-26T12:43:47.000Z,https://esa-worldcover.s3.eu-central-1.amazonaws.com/v200/2021/map/ESA_WorldCover_10m_2021_v200_N24W108_Map.tif
v200/2021/map/ESA_WorldCover_10m_2021_v200_N24W111_Map.tif,39286078,9191269e588f265abe9e13e32a676d21-5,2022-10-26T12:40:16.000Z,https://esa-worldcover.s3.eu-central-1.amazonaws.com/v200/2021/map/ESA_WorldCover_10m_2021_v200_N24W111_Map.tif
v200/2021/map/ESA_WorldCover_10m_2021_v200_N24W114_Map.tif,30901932,0118e4ac37578842f5ca285a5a9be10c-4,2022-10-26T12:40:05.000Z,https://esa-worldcover.s3.eu-central-1.amazonaws.com/v200/2021/map/ESA_WorldCover_10m_2021_v200_N24W114_Map.tif
v200/2021/map/ESA_WorldCover_10m_2021_v200_N24W117_Map.tif,2045692,ea37ac2e13194788513670d482077787,2022-10-26T12:36:05.000Z,https://esa-worldcover.s3.eu-central-1.amazonaws.com/v200/2021/map/ESA_WorldCover_10m_2021_v200_N24W117_Map.tif
v200/2021/map/ESA_WorldCover_10m_2021_v200_N27E000_Map.tif,3227266,e09c155335fbfd408bfa48131caacc7a,2022-10-26T12:42:05.000Z,https://esa-worldcover.s3.eu-central-1.amazonaws.com/v200/2021/map/ESA_WorldCover_10m_2021_v200_N27E000_Map.tif
v200/2021/map/ESA_WorldCover_10m_2021_v200_N27E003_Map.tif,2156650,87b4ae73ad3ddfbdda5ed528dc28c512,2022-10-26T12:45:19.000Z,https://esa-worldcover.s3.eu-central-1.amazonaws.com/v200/2021/map/ESA_WorldCover_10m_2021_v200_N27E003_Map.tif
v200/2021/map/ESA_WorldCover_10m_2021_v200_N27E006_Map.tif,2255245,17408a74679523a1b7a031ad674c7f63,2022-10-26T12:41:45.000Z,https://esa-worldcover.s3.eu-central-1.amazonaws.com/v200/2021/map/ESA_WorldCover_10m_2021_v200_N27E006_Map.tif
v200/2021/map/ESA_WorldCover_10m_2021_v200_N27E009_Map.tif,2224694,0ebe11ee2aad2dcbd5d4a3777480e795,2022-10-26T12:40:18.000Z,https://esa-worldcover.s3.eu-central-1.amazonaws.com/v200/2021/map/ESA_WorldCover_10m_2021_v200_N27E009_Map.tif
v200/2021/map/ESA_WorldCover_10m_2021_v200_N27E012_Map.tif,4167970,f2fef55f60da1f52627b20f67c90fc16,2022-10-26T12:50:56.000Z,https://esa-worldcover.s3.eu-central-1.amazonaws.com/v200/2021/map/ESA_WorldCover_10m_2021_v200_N27E012_Map.tif
v200/2021/map/ESA_WorldCover_10m_2021_v200_N27E015_Map.tif,3462553,2c817e928f425967ebe3dc1360810f17,2022-10-26T12:41:45.000Z,https://esa-worldcover.s3.eu-central-1.amazonaws.com/v200/2021/map/ESA_WorldCover_10m_2021_v200_N27E015_Map.tif
v200/2021/map/ESA_WorldCover_10m_2021_v200_N27E018_Map.tif,2325178,b9ca6bc3ff62e71179cc8d4aac8d6e7e,2022-10-26T12:45:48.000Z,https://esa-worldcover.s3.eu-central-1.amazonaws.com/v200/2021/map/ESA_WorldCover_10m_2021_v200_N27E018_Map.tif
v200/2021/map/ESA_WorldCover_10m_2021_v200_N27E021_Map.tif,3299758,8fee37b102303d431bf4e6d8e9f74b95,2022-10-26T12:40:21.000Z,https://esa-worldcover.s3.eu-central-1.amazonaws.com/v200/2021/map/ESA_WorldCover_10m_2021_v200_N27E021_Map.tif
v200/2021/map/ESA_WorldCover_10m_2021_v200_N27E024_Map.tif,3188627,5c9f64fc7aeff523c53aa1fc5b86ac5d,2022-10-26T12:51:01.000Z,https://esa-worldcover.s3.eu-central-1.amazonaws.com/v200/2021/map/ESA_WorldCover_10m_2021_v200_N27E024_Map.tif
v200/2021/map/ESA_WorldCover_10m_2021_v200_N27E027_Map.tif,4013762,3ba2349b6ea12e694df479aa4a837958,2022-10-26T12:45:27.000Z,https://esa-worldcover.s3.eu-central-1.amazonaws.com/v200/2021/map/ESA_WorldCover_10m_2021_v200_N27E027_Map.tif
v200/2021/map/ESA_WorldCover_10m_2021_v200_N27E030_Map.tif,21195034,e4a87330861bae35e44c136968e5b743-3,2022-10-26T12:42:43.000Z,https://esa-worldcover.s3.eu-central-1.amazonaws.com/v200/2021/map/ESA_WorldCover_10m_2021_v200_N27E030_Map.tif
v200/2021/map/ESA_WorldCover_10m_2021_v200_N27E033_Map.tif,8648221,0c331233d1f886334093363d0a359425-2,2022-10-26T12:42:33.000Z,https://esa-worldcover.s3.eu-central-1.amazonaws.com/v200/2021/map/ESA_WorldCover_10m_2021_v200_N27E033_Map.tif
v200/2021/map/ESA_WorldCover_10m_2021_v200_N27E036_Map.tif,8398405,71c302d5c9bc04cc55ad4feb0c30b85b-2,2022-10-26T12:42:54.000Z,https://esa-worldcover.s3.eu-central-1.amazonaws.com/v200/2021/map/ESA_WorldCover_10m_2021_v200_N27E036_Map.tif
v200/2021/map/ESA_WorldCover_10m_2021_v200_N27E039_Map.tif,6246171,25d79d299a7a3a872bb6876ce0af0e78,2022-10-26T12:56:48.000Z,https://esa-worldcover.s3.eu-central-1.amazonaws.com/v200/2021/map/ESA_WorldCover_10m_2021_v200_N27E039_Map.tif
v200/2021/map/ESA_WorldCover_10m_2021_v200_N27E042_Map.tif,14348898,6d4d7c272f217295db533378269004e1-2,2022-10-26T12:44:09.000Z,https://esa-worldcover.s3.eu-central-1.amazonaws.com/v200/2021/map/ESA_WorldCover_10m_2021_v200_N27E042_Map.tif
v200/2021/map/ESA_WorldCover_10m_2021_v200_N27E045_Map.tif,12096850,80fd9f319c5889d6a64fb0ab8fb4e477-2,2022-10-26T12:40:26.000Z,https://esa-worldcover.s3.eu-central-1.amazonaws.com/v200/2021/map/ESA_WorldCover_10m_2021_v200_N27E045_Map.tif
v200/2021/map/ESA_WorldCover_10m_2021_v200_N27E048_Map.tif,15898358,ef58b1aacb209e9a1f531954fcbddaa6-2,2022-10-26T12:40:45.000Z,https://esa-worldcover.s3.eu-central-1.amazonaws.com/v200/2021/map/ESA_WorldCover_10m_2021_v200_N27E048_Map.tif
v200/2021/map/ESA_WorldCover_10m_2021_v200_N27E051_Map.tif,109907177,a80edfcf10b38fb181461540986b71a4-14,2022-10-26T12:42:33.000Z,https://esa-worldcover.s3.eu-central-1.amazonaws.com/v200/2021/map/ESA_WorldCover_10m_2021_v200_N27E051_Map.tif
v200/2021/map/ESA_WorldCover_10m_2021_v200_N27E054_Map.tif,64706083,d631c286fefaaa3f5b0d8a85c0b1d64e-8,2022-10-26T12:48:52.000Z,https://esa-worldcover.s3.eu-central-1.amazonaws.com/v200/2021/map/ESA_WorldCover_10m_2021_v200_N27E054_Map.tif
v200/2021/map/ESA_WorldCover_10m_2021_v200_N27E057_Map.tif,34818253,1aa05626fa13ec30ae722d4cd77a1db3-5,2022-10-26T12:43:14.000Z,https://esa-worldcover.s3.eu-central-1.amazonaws.com/v200/2021/map/ESA_WorldCover_10m_2021_v200_N27E057_Map.tif
v200/2021/map/ESA_WorldCover_10m_2021_v200_N27E060_Map.tif,10793403,c47fd1be8e2bbbda3565a47737893dda-2,2022-10-26T12:48:42.000Z,https://esa-worldcover.s3.eu-central-1.amazonaws.com/v200/2021/map/ESA_WorldCover_10m_2021_v200_N27E060_Map.tif
v200/2021/map/ESA_WorldCover_10m_2021_v200_N27E063_Map.tif,9276172,fd4abbde299d24aaa03bf92fd6497942-2,2022-10-26T12:56:58.000Z,https://esa-worldcover.s3.eu-central-1.amazonaws.com/v200/2021/map/ESA_WorldCover_10m_2021_v200_N27E063_Map.tif
v200/2021/map/ESA_WorldCover_10m_2021_v200_N27E066_Map.tif,78075709,688dbcb088e0bfe998f4548b5f05f46b-10,2022-10-26T12:44:22.000Z,https://esa-worldcover.s3.eu-central-1.amazonaws.com/v200/2021/map/ESA_WorldCover_10m_2021_v200_N27E066_Map.tif
v200/2021/map/ESA_WorldCover_10m_2021_v200_N27E069_Map.tif,105024722,39e8b075d5a0e635c191d03c547fdf98-13,2022-10-26T12:42:50.000Z,https://esa-worldcover.s3.eu-central-1.amazonaws.com/v200/2021/map/ESA_WorldCover_10m_2021_v200_N27E069_Map.tif
v200/2021/map/ESA_WorldCover_10m_2021_v200_N27E072_Map.tif,108754189,bb4d52dce7d39d4ec21ae1a3cdaabb0d-13,2022-10-26T12:44:44.000Z,https://esa-worldcover.s3.eu-central-1.amazonaws.com/v200/2021/map/ESA_WorldCover_10m_2021_v200_N27E072_Map.tif
v200/2021/map/ESA_WorldCover_10m_2021_v200_N27E075_Map.tif,91078639,fcb472d5306d73a9ba3d20f3ff0f2713-11,2022-10-26T12:49:02.000Z,https://esa-worldcover.s3.eu-central-1.amazonaws.com/v200/2021/map/ESA_WorldCover_10m_2021_v200_N27E075_Map.tif
v200/2021/map/ESA_WorldCover_10m_2021_v200_N27E078_Map.tif,103610643,fe039a88b6a8277067f77ca90d99c3b5-13,2022-10-26T12:55:06.000Z,https://esa-worldcover.s3.eu-central-1.amazonaws.com/v200/2021/map/ESA_WorldCover_10m_2021_v200_N27E078_Map.tif
v200/2021/map/ESA_WorldCover_10m_2021_v200_N27E081_Map.tif,104848806,a404a6b4f2e21653c6ea85c74333057f-13,2022-10-26T12:49:51.000Z,https://esa-worldcover.s3.eu-central-1.amazonaws.com/v200/2021/map/ESA_WorldCover_10m_2021_v200_N27E081_Map.tif
v200/2021/map/ESA_WorldCover_10m_2021_v200_N27E084_Map.tif,104225123,2fc1bebafb313302624ba67497976a52-13,2022-10-26T12:44:31.000Z,https://esa-worldcover.s3.eu-central-1.amazonaws.com/v200/2021/map/ESA_WorldCover_10m_2021_v200_N27E084_Map.tif
v200/2021/map/ESA_WorldCover_10m_2021_v200_N27E087_Map.tif,88835880,285e9a49ae74b6eb8b88508fafe3a6f8-11,2022-10-26T12:54:17.000Z,https://esa-worldcover.s3.eu-central-1.amazonaws.com/v200/2021/map/ESA_WorldCover_10m_2021_v200_N27E087_Map.tif
v200/2021/map/ESA_WorldCover_10m_2021_v200_N27E090_Map.tif,84842890,ed68dad350fbcfa7a7e55dc043ce55f6-11,2022-10-26T12:45:24.000Z,https://esa-worldcover.s3.eu-central-1.amazonaws.com/v200/2021/map/ESA_WorldCover_10m_2021_v200_N27E090_Map.tif
v200/2021/map/ESA_WorldCover_10m_2021_v200_N27E093_Map.tif,79061337,62a5c4655ce88f5c6d092c2bc7bfe789-10,2022-10-26T12:45:38.000Z,https://esa-worldcover.s3.eu-central-1.amazonaws.com/v200/2021/map/ESA_WorldCover_10m_2021_v200_N27E093_Map.tif
v200/2021/map/ESA_WorldCover_10m_2021_v200_N27E096_Map.tif,96124189,824ce0cdfec85dda674c868d94e53c52-12,2022-10-26T12:50:19.000Z,https://esa-worldcover.s3.eu-central-1.amazonaws.com/v200/2021/map/ESA_WorldCover_10m_2021_v200_N27E096_Map.tif
v200/2021/map/ESA_WorldCover_10m_2021_v200_N27E099_Map.tif,84036195,1581cc06ee44e786f76efc9d935287f4-11,2022-10-26T12:52:26.000Z,https://esa-worldcover.s3.eu-central-1.amazonaws.com/v200/2021/map/ESA_WorldCover_10m_2021_v200_N27E099_Map.tif
v200/2021/map/ESA_WorldCover_10m_2021_v200_N27E102_Map.tif,119425887,b63151f927cb4bbfa5d68237931bd862-15,2022-10-26T12:45:02.000Z,https://esa-worldcover.s3.eu-central-1.amazonaws.com/v200/2021/map/ESA_WorldCover_10m_2021_v200_N27E102_Map.tif
v200/2021/map/ESA_WorldCover_10m_2021_v200_N27E105_Map.tif,143402968,283dc0dd4f06652419c1aed9997aa80c-18,2022-10-26T12:46:38.000Z,https://esa-worldcover.s3.eu-central-1.amazonaws.com/v200/2021/map/ESA_WorldCover_10m_2021_v200_N27E105_Map.tif
v200/2021/map/ESA_WorldCover_10m_2021_v200_N27E108_Map.tif,104585846,2e9f412118216c463a1f7da65df4383d-13,2022-10-26T12:54:19.000Z,https://esa-worldcover.s3.eu-central-1.amazonaws.com/v200/2021/map/ESA_WorldCover_10m_2021_v200_N27E108_Map.tif
v200/2021/map/ESA_WorldCover_10m_2021_v200_N27E111_Map.tif,136650271,7e15b312a8bf4e16a57ca36666673a58-17,2022-10-26T12:51:27.000Z,https://esa-worldcover.s3.eu-central-1.amazonaws.com/v200/2021/map/ESA_WorldCover_10m_2021_v200_N27E111_Map.tif
v200/2021/map/ESA_WorldCover_10m_2021_v200_N27E114_Map.tif,114368904,1a6eab2a13eb778e1febfe05794d8c2a-14,2022-10-26T12:44:13.000Z,https://esa-worldcover.s3.eu-central-1.amazonaws.com/v200/2021/map/ESA_WorldCover_10m_2021_v200_N27E114_Map.tif
v200/2021/map/ESA_WorldCover_10m_2021_v200_N27E117_Map.tif,76542456,18aef059055b840cdce685008b11e288-10,2022-10-26T12:50:07.000Z,https://esa-worldcover.s3.eu-central-1.amazonaws.com/v200/2021/map/ESA_WorldCover_10m_2021_v200_N27E117_Map.tif
v200/2021/map/ESA_WorldCover_10m_2021_v200_N27E120_Map.tif,50534375,41cb6f566b88b9f840b14853ff311fd2-7,2022-10-26T12:42:21.000Z,https://esa-worldcover.s3.eu-central-1.amazonaws.com/v200/2021/map/ESA_WorldCover_10m_2021_v200_N27E120_Map.tif
v200/2021/map/ESA_WorldCover_10m_2021_v200_N27E126_Map.tif,2930056,7a11a34447f9e6c7c75322e01e8afaeb,2022-10-26T12:37:52.000Z,https://esa-worldcover.s3.eu-central-1.amazonaws.com/v200/2021/map/ESA_WorldCover_10m_2021_v200_N27E126_Map.tif
v200/2021/map/ESA_WorldCover_10m_2021_v200_N27E129_Map.tif,2832813,460cbb16486b94af8d8d730c45bc509c,2022-10-26T12:36:59.000Z,https://esa-worldcover.s3.eu-central-1.amazonaws.com/v200/2021/map/ESA_WorldCover_10m_2021_v200_N27E129_Map.tif
v200/2021/map/ESA_WorldCover_10m_2021_v200_N27W003_Map.tif,3640540,b36d02e9c74fa70d3a0be057c0204cc5,2022-10-26T12:42:13.000Z,https://esa-worldcover.s3.eu-central-1.amazonaws.com/v200/2021/map/ESA_WorldCover_10m_2021_v200_N27W003_Map.tif
v200/2021/map/ESA_WorldCover_10m_2021_v200_N27W006_Map.tif,2636369,e0fed6740618af7eaf2b249f1f1208a5,2022-10-26T12:41:30.000Z,https://esa-worldcover.s3.eu-central-1.amazonaws.com/v200/2021/map/ESA_WorldCover_10m_2021_v200_N27W006_Map.tif
v200/2021/map/ESA_WorldCover_10m_2021_v200_N27W009_Map.tif,6609170,fae76feb950117fa8745a9314c56db91,2022-10-26T12:44:04.000Z,https://esa-worldcover.s3.eu-central-1.amazonaws.com/v200/2021/map/ESA_WorldCover_10m_2021_v200_N27W009_Map.tif
v200/2021/map/ESA_WorldCover_10m_2021_v200_N27W012_Map.tif,24272885,ab0191784f52a790f086560c06eeae06-3,2022-10-26T12:41:19.000Z,https://esa-worldcover.s3.eu-central-1.amazonaws.com/v200/2021/map/ESA_WorldCover_10m_2021_v200_N27W012_Map.tif
v200/2021/map/ESA_WorldCover_10m_2021_v200_N27W015_Map.tif,5583741,5f896631e0135e84dedbb4c878213b0d,2022-10-26T12:40:08.000Z,https://esa-worldcover.s3.eu-central-1.amazonaws.com/v200/2021/map/ESA_WorldCover_10m_2021_v200_N27W015_Map.tif
v200/2021/map/ESA_WorldCover_10m_2021_v200_N27W018_Map.tif,11572706,3cbeaa1d1c4c33795c58300a57bfce94-2,2022-10-26T12:38:23.000Z,https://esa-worldcover.s3.eu-central-1.amazonaws.com/v200/2021/map/ESA_WorldCover_10m_2021_v200_N27W018_Map.tif
v200/2021/map/ESA_WorldCover_10m_2021_v200_N27W021_Map.tif,2323236,6af642f9b1d7bab053f8c38742ff0946,2022-10-26T12:36:10.000Z,https://esa-worldcover.s3.eu-central-1.amazonaws.com/v200/2021/map/ESA_WorldCover_10m_2021_v200_N27W021_Map.tif
v200/2021/map/ESA_WorldCover_10m_2021_v200_N27W078_Map.tif,1951199,cc3db01e7d6d3abbeb40774c693b60ba,2022-10-26T12:36:38.000Z,https://esa-worldcover.s3.eu-central-1.amazonaws.com/v200/2021/map/ESA_WorldCover_10m_2021_v200_N27W078_Map.tif
v200/2021/map/ESA_WorldCover_10m_2021_v200_N27W081_Map.tif,16091725,028ac3e881512b06a5436de1ac5ef5ef-2,2022-10-26T12:40:11.000Z,https://esa-worldcover.s3.eu-central-1.amazonaws.com/v200/2021/map/ESA_WorldCover_10m_2021_v200_N27W081_Map.tif
v200/2021/map/ESA_WorldCover_10m_2021_v200_N27W084_Map.tif,68122888,9dc8e57760f5adb9b7732b7b7f182658-9,2022-10-26T12:42:38.000Z,https://esa-worldcover.s3.eu-central-1.amazonaws.com/v200/2021/map/ESA_WorldCover_10m_2021_v200_N27W084_Map.tif
v200/2021/map/ESA_WorldCover_10m_2021_v200_N27W087_Map.tif,3810106,a525c755781b61e2b7d3054f6c29bddf,2022-10-26T12:36:43.000Z,https://esa-worldcover.s3.eu-central-1.amazonaws.com/v200/2021/map/ESA_WorldCover_10m_2021_v200_N27W087_Map.tif
v200/2021/map/ESA_WorldCover_10m_2021_v200_N27W090_Map.tif,6260773,273562f4c92f44744f8519f1b5bf18ed,2022-10-26T12:37:07.000Z,https://esa-worldcover.s3.eu-central-1.amazonaws.com/v200/2021/map/ESA_WorldCover_10m_2021_v200_N27W090_Map.tif
v200/2021/map/ESA_WorldCover_10m_2021_v200_N27W093_Map.tif,19495138,e904d60d30f072d5b11da54025057293-3,2022-10-26T12:38:27.000Z,https://esa-worldcover.s3.eu-central-1.amazonaws.com/v200/2021/map/ESA_WorldCover_10m_2021_v200_N27W093_Map.tif
v200/2021/map/ESA_WorldCover_10m_2021_v200_N27W096_Map.tif,28242961,0503c7335ad73e1cc355f5be41bd2f05-4,2022-10-26T12:37:30.000Z,https://esa-worldcover.s3.eu-central-1.amazonaws.com/v200/2021/map/ESA_WorldCover_10m_2021_v200_N27W096_Map.tif
v200/2021/map/ESA_WorldCover_10m_2021_v200_N27W099_Map.tif,99227273,136f59931d8d47636749f97a53833ea4-12,2022-10-26T12:49:12.000Z,https://esa-worldcover.s3.eu-central-1.amazonaws.com/v200/2021/map/ESA_WorldCover_10m_2021_v200_N27W099_Map.tif
v200/2021/map/ESA_WorldCover_10m_2021_v200_N27W102_Map.tif,89109429,c0645d791b6aa64a7441ab12aa59f587-11,2022-10-26T12:43:23.000Z,https://esa-worldcover.s3.eu-central-1.amazonaws.com/v200/2021/map/ESA_WorldCover_10m_2021_v200_N27W102_Map.tif
v200/2021/map/ESA_WorldCover_10m_2021_v200_N27W105_Map.tif,96618168,98ce45e8c1090aefeebd99ec64f77c37-12,2022-10-26T12:52:25.000Z,https://esa-worldcover.s3.eu-central-1.amazonaws.com/v200/2021/map/ESA_WorldCover_10m_2021_v200_N27W105_Map.tif
v200/2021/map/ESA_WorldCover_10m_2021_v200_N27W108_Map.tif,125009171,bd74a2c8aedcc3e325368ce65f2544a4-15,2022-10-26T12:49:51.000Z,https://esa-worldcover.s3.eu-central-1.amazonaws.com/v200/2021/map/ESA_WorldCover_10m_2021_v200_N27W108_Map.tif
v200/2021/map/ESA_WorldCover_10m_2021_v200_N27W111_Map.tif,94153448,11f58a746965e706661eaf93388fd6ab-12,2022-10-26T12:49:16.000Z,https://esa-worldcover.s3.eu-central-1.amazonaws.com/v200/2021/map/ESA_WorldCover_10m_2021_v200_N27W111_Map.tif
v200/2021/map/ESA_WorldCover_10m_2021_v200_N27W114_Map.tif,50369034,2c6c538280711e9a0bbc7b84790c6f2a-7,2022-10-26T12:42:21.000Z,https://esa-worldcover.s3.eu-central-1.amazonaws.com/v200/2021/map/ESA_WorldCover_10m_2021_v200_N27W114_Map.tif
v200/2021/map/ESA_WorldCover_10m_2021_v200_N27W117_Map.tif,20470761,1a174b6c5a2894af0f6f328a0f0df0f6-3,2022-10-26T12:38:42.000Z,https://esa-worldcover.s3.eu-central-1.amazonaws.com/v200/2021/map/ESA_WorldCover_10m_2021_v200_N27W117_Map.tif
v200/2021/map/ESA_WorldCover_10m_2021_v200_N27W120_Map.tif,2446011,91f3081c746274ac59d79e20d54e60ee,2022-10-26T12:36:23.000Z,https://esa-worldcover.s3.eu-central-1.amazonaws.com/v200/2021/map/ESA_WorldCover_10m_2021_v200_N27W120_Map.tif
v200/2021/map/ESA_WorldCover_10m_2021_v200_N30E000_Map.tif,2977696,ccc3a6a0c53a220738e54bf0875223b2,2022-10-26T12:55:40.000Z,https://esa-worldcover.s3.eu-central-1.amazonaws.com/v200/2021/map/ESA_WorldCover_10m_2021_v200_N30E000_Map.tif
v200/2021/map/ESA_WorldCover_10m_2021_v200_N30E003_Map.tif,4697630,36e0c929a015cf8848c331b827c34242,2022-10-26T12:51:04.000Z,https://esa-worldcover.s3.eu-central-1.amazonaws.com/v200/2021/map/ESA_WorldCover_10m_2021_v200_N30E003_Map.tif
v200/2021/map/ESA_WorldCover_10m_2021_v200_N30E006_Map.tif,2394518,dd7318d729e3263d6b1b7eb53df5007f,2022-10-26T12:53:34.000Z,https://esa-worldcover.s3.eu-central-1.amazonaws.com/v200/2021/map/ESA_WorldCover_10m_2021_v200_N30E006_Map.tif
v200/2021/map/ESA_WorldCover_10m_2021_v200_N30E009_Map.tif,7390188,1a2f6960d5cbb45c61e6a6af79d15e28,2022-10-26T12:53:19.000Z,https://esa-worldcover.s3.eu-central-1.amazonaws.com/v200/2021/map/ESA_WorldCover_10m_2021_v200_N30E009_Map.tif
v200/2021/map/ESA_WorldCover_10m_2021_v200_N30E012_Map.tif,40748945,b9a099e47403b722cac4d401869e834d-5,2022-10-26T12:51:34.000Z,https://esa-worldcover.s3.eu-central-1.amazonaws.com/v200/2021/map/ESA_WorldCover_10m_2021_v200_N30E012_Map.tif
v200/2021/map/ESA_WorldCover_10m_2021_v200_N30E015_Map.tif,8309685,bc1e749e37caa1e9ab84cfc028a5d29a,2022-10-26T12:48:51.000Z,https://esa-worldcover.s3.eu-central-1.amazonaws.com/v200/2021/map/ESA_WorldCover_10m_2021_v200_N30E015_Map.tif
v200/2021/map/ESA_WorldCover_10m_2021_v200_N30E018_Map.tif,16121976,c8a55e12320acc4a3e59e2c1d4a751a5-2,2022-10-26T12:55:19.000Z,https://esa-worldcover.s3.eu-central-1.amazonaws.com/v200/2021/map/ESA_WorldCover_10m_2021_v200_N30E018_Map.tif
v200/2021/map/ESA_WorldCover_10m_2021_v200_N30E021_Map.tif,19464908,01cec8fdd1d67aeafe0f04d41da0fcba-3,2022-10-26T12:50:40.000Z,https://esa-worldcover.s3.eu-central-1.amazonaws.com/v200/2021/map/ESA_WorldCover_10m_2021_v200_N30E021_Map.tif
v200/2021/map/ESA_WorldCover_10m_2021_v200_N30E024_Map.tif,10013926,38dad9530fb35cda26770bd8e23a09ef-2,2022-10-26T12:49:06.000Z,https://esa-worldcover.s3.eu-central-1.amazonaws.com/v200/2021/map/ESA_WorldCover_10m_2021_v200_N30E024_Map.tif
v200/2021/map/ESA_WorldCover_10m_2021_v200_N30E027_Map.tif,11179080,fcd79ddb69330e18f7d245a313a4e9c3-2,2022-10-26T12:41:43.000Z,https://esa-worldcover.s3.eu-central-1.amazonaws.com/v200/2021/map/ESA_WorldCover_10m_2021_v200_N30E027_Map.tif
v200/2021/map/ESA_WorldCover_10m_2021_v200_N30E030_Map.tif,47384785,385f62185acc5cb360eb7401fd1f8ee9-6,2022-10-26T12:42:19.000Z,https://esa-worldcover.s3.eu-central-1.amazonaws.com/v200/2021/map/ESA_WorldCover_10m_2021_v200_N30E030_Map.tif
v200/2021/map/ESA_WorldCover_10m_2021_v200_N30E033_Map.tif,50429555,2b3bc68728c733c28556e4605bbde719-7,2022-10-26T12:45:49.000Z,https://esa-worldcover.s3.eu-central-1.amazonaws.com/v200/2021/map/ESA_WorldCover_10m_2021_v200_N30E033_Map.tif
v200/2021/map/ESA_WorldCover_10m_2021_v200_N30E036_Map.tif,27285369,77c43b98c657131b4e03ebee6a317ecc-4,2022-10-26T12:46:19.000Z,https://esa-worldcover.s3.eu-central-1.amazonaws.com/v200/2021/map/ESA_WorldCover_10m_2021_v200_N30E036_Map.tif
v200/2021/map/ESA_WorldCover_10m_2021_v200_N30E039_Map.tif,5136635,fd43a999b9f1476172ab49819f4de916,2022-10-26T12:52:35.000Z,https://esa-worldcover.s3.eu-central-1.amazonaws.com/v200/2021/map/ESA_WorldCover_10m_2021_v200_N30E039_Map.tif
v200/2021/map/ESA_WorldCover_10m_2021_v200_N30E042_Map.tif,28620200,5bcf770b5aa35c3dec8937f3bd5e6961-4,2022-10-26T12:44:24.000Z,https://esa-worldcover.s3.eu-central-1.amazonaws.com/v200/2021/map/ESA_WorldCover_10m_2021_v200_N30E042_Map.tif
v200/2021/map/ESA_WorldCover_10m_2021_v200_N30E045_Map.tif,96099979,ed5dde6992933c24af56b8b5802c8133-12,2022-10-26T12:47:32.000Z,https://esa-worldcover.s3.eu-central-1.amazonaws.com/v200/2021/map/ESA_WorldCover_10m_2021_v200_N30E045_Map.tif
v200/2021/map/ESA_WorldCover_10m_2021_v200_N30E048_Map.tif,131709823,d98746e29c21515294590512c6fe82d0-16,2022-10-26T12:48:00.000Z,https://esa-worldcover.s3.eu-central-1.amazonaws.com/v200/2021/map/ESA_WorldCover_10m_2021_v200_N30E048_Map.tif
v200/2021/map/ESA_WorldCover_10m_2021_v200_N30E051_Map.tif,68888441,898d0edec3f5973ba5273beb26b582b1-9,2022-10-26T12:46:16.000Z,https://esa-worldcover.s3.eu-central-1.amazonaws.com/v200/2021/map/ESA_WorldCover_10m_2021_v200_N30E051_Map.tif
v200/2021/map/ESA_WorldCover_10m_2021_v200_N30E054_Map.tif,18503840,25115d7f886a487b041dc84b6dce9a58-3,2022-10-26T12:45:01.000Z,https://esa-worldcover.s3.eu-central-1.amazonaws.com/v200/2021/map/ESA_WorldCover_10m_2021_v200_N30E054_Map.tif
v200/2021/map/ESA_WorldCover_10m_2021_v200_N30E057_Map.tif,10777529,a9ecf6cdb076f54d3dd58f6c8f6a2a19-2,2022-10-26T12:41:51.000Z,https://esa-worldcover.s3.eu-central-1.amazonaws.com/v200/2021/map/ESA_WorldCover_10m_2021_v200_N30E057_Map.tif
v200/2021/map/ESA_WorldCover_10m_2021_v200_N30E060_Map.tif,17966750,30fe4a9d25a6f9ca2ac16fa96ee451bf-3,2022-10-26T12:43:34.000Z,https://esa-worldcover.s3.eu-central-1.amazonaws.com/v200/2021/map/ESA_WorldCover_10m_2021_v200_N30E060_Map.tif
v200/2021/map/ESA_WorldCover_10m_2021_v200_N30E063_Map.tif,37298427,ac2311c9095c44b7f6b040c2a5a000ad-5,2022-10-26T12:48:58.000Z,https://esa-worldcover.s3.eu-central-1.amazonaws.com/v200/2021/map/ESA_WorldCover_10m_2021_v200_N30E063_Map.tif
v200/2021/map/ESA_WorldCover_10m_2021_v200_N30E066_Map.tif,63076146,b9d256002cb073470d8d5f00559ecd36-8,2022-10-26T12:45:49.000Z,https://esa-worldcover.s3.eu-central-1.amazonaws.com/v200/2021/map/ESA_WorldCover_10m_2021_v200_N30E066_Map.tif
v200/2021/map/ESA_WorldCover_10m_2021_v200_N30E069_Map.tif,150596996,e0fd9757315ad1e3e425070bf6f8c9f9-18,2022-10-26T12:48:04.000Z,https://esa-worldcover.s3.eu-central-1.amazonaws.com/v200/2021/map/ESA_WorldCover_10m_2021_v200_N30E069_Map.tif
v200/2021/map/ESA_WorldCover_10m_2021_v200_N30E072_Map.tif,122839390,b4c7d164e8a9950c2078c47e2958f6d2-15,2022-10-26T12:47:34.000Z,https://esa-worldcover.s3.eu-central-1.amazonaws.com/v200/2021/map/ESA_WorldCover_10m_2021_v200_N30E072_Map.tif
v200/2021/map/ESA_WorldCover_10m_2021_v200_N30E075_Map.tif,102543746,97548e3e46a293820d4cce926f8f2ba8-13,2022-10-26T12:50:09.000Z,https://esa-worldcover.s3.eu-central-1.amazonaws.com/v200/2021/map/ESA_WorldCover_10m_2021_v200_N30E075_Map.tif
v200/2021/map/ESA_WorldCover_10m_2021_v200_N30E078_Map.tif,93012520,c367b4d2b28c7d68410c6b8e41d85462-12,2022-10-26T12:51:15.000Z,https://esa-worldcover.s3.eu-central-1.amazonaws.com/v200/2021/map/ESA_WorldCover_10m_2021_v200_N30E078_Map.tif
v200/2021/map/ESA_WorldCover_10m_2021_v200_N30E081_Map.tif,82091849,569a96e1715707a247f3302fb7c658b0-10,2022-10-26T12:45:21.000Z,https://esa-worldcover.s3.eu-central-1.amazonaws.com/v200/2021/map/ESA_WorldCover_10m_2021_v200_N30E081_Map.tif
v200/2021/map/ESA_WorldCover_10m_2021_v200_N30E084_Map.tif,80311129,4f8f15695563187b4d3fdc97320030aa-10,2022-10-26T12:53:27.000Z,https://esa-worldcover.s3.eu-central-1.amazonaws.com/v200/2021/map/ESA_WorldCover_10m_2021_v200_N30E084_Map.tif
v200/2021/map/ESA_WorldCover_10m_2021_v200_N30E087_Map.tif,74436521,90dd2adb0e4ca73a0c9cc2c8ce88595a-9,2022-10-26T12:46:50.000Z,https://esa-worldcover.s3.eu-central-1.amazonaws.com/v200/2021/map/ESA_WorldCover_10m_2021_v200_N30E087_Map.tif
v200/2021/map/ESA_WorldCover_10m_2021_v200_N30E090_Map.tif,74589278,0fff4673d6a4812210ebc37bea5d96cc-9,2022-10-26T12:48:40.000Z,https://esa-worldcover.s3.eu-central-1.amazonaws.com/v200/2021/map/ESA_WorldCover_10m_2021_v200_N30E090_Map.tif
v200/2021/map/ESA_WorldCover_10m_2021_v200_N30E093_Map.tif,124239426,d160020d812746ebe6e715ea24713e72-15,2022-10-26T12:47:46.000Z,https://esa-worldcover.s3.eu-central-1.amazonaws.com/v200/2021/map/ESA_WorldCover_10m_2021_v200_N30E093_Map.tif
v200/2021/map/ESA_WorldCover_10m_2021_v200_N30E096_Map.tif,87758216,6574d0908507eff36b0838265e2e87cb-11,2022-10-26T12:47:39.000Z,https://esa-worldcover.s3.eu-central-1.amazonaws.com/v200/2021/map/ESA_WorldCover_10m_2021_v200_N30E096_Map.tif
v200/2021/map/ESA_WorldCover_10m_2021_v200_N30E099_Map.tif,70568090,bbb489e7e01c3c980657a0de00a3f80f-9,2022-10-26T12:56:16.000Z,https://esa-worldcover.s3.eu-central-1.amazonaws.com/v200/2021/map/ESA_WorldCover_10m_2021_v200_N30E099_Map.tif
v200/2021/map/ESA_WorldCover_10m_2021_v200_N30E102_Map.tif,103720346,9f82d602c9b0952d64e41f53ed23e0d6-13,2022-10-26T12:50:47.000Z,https://esa-worldcover.s3.eu-central-1.amazonaws.com/v200/2021/map/ESA_WorldCover_10m_2021_v200_N30E102_Map.tif
v200/2021/map/ESA_WorldCover_10m_2021_v200_N30E105_Map.tif,113545244,3a3193c88940610bfb7d91a41e8ef902-14,2022-10-26T12:48:45.000Z,https://esa-worldcover.s3.eu-central-1.amazonaws.com/v200/2021/map/ESA_WorldCover_10m_2021_v200_N30E105_Map.tif
v200/2021/map/ESA_WorldCover_10m_2021_v200_N30E108_Map.tif,79325788,44da1d701a4ea64684a6e424b58d45c6-10,2022-10-26T12:48:10.000Z,https://esa-worldcover.s3.eu-central-1.amazonaws.com/v200/2021/map/ESA_WorldCover_10m_2021_v200_N30E108_Map.tif
v200/2021/map/ESA_WorldCover_10m_2021_v200_N30E111_Map.tif,123836445,9b76c064d9d66fe11d5e197102b83c31-15,2022-10-26T12:48:39.000Z,https://esa-worldcover.s3.eu-central-1.amazonaws.com/v200/2021/map/ESA_WorldCover_10m_2021_v200_N30E111_Map.tif
v200/2021/map/ESA_WorldCover_10m_2021_v200_N30E114_Map.tif,133365844,a3e5b961953d5a4bb232b4ac6321f12b-16,2022-10-26T12:50:30.000Z,https://esa-worldcover.s3.eu-central-1.amazonaws.com/v200/2021/map/ESA_WorldCover_10m_2021_v200_N30E114_Map.tif
v200/2021/map/ESA_WorldCover_10m_2021_v200_N30E117_Map.tif,136218188,5bfc5a6403f336504a42c0a41bd2b646-17,2022-10-26T12:48:55.000Z,https://esa-worldcover.s3.eu-central-1.amazonaws.com/v200/2021/map/ESA_WorldCover_10m_2021_v200_N30E117_Map.tif
v200/2021/map/ESA_WorldCover_10m_2021_v200_N30E120_Map.tif,93443932,3739f18c325092dcc8bd061c094a1c64-12,2022-10-26T12:44:33.000Z,https://esa-worldcover.s3.eu-central-1.amazonaws.com/v200/2021/map/ESA_WorldCover_10m_2021_v200_N30E120_Map.tif
v200/2021/map/ESA_WorldCover_10m_2021_v200_N30E123_Map.tif,1985833,b7f716f5d6a66b04b17fc3240763b4b9,2022-10-26T13:06:19.000Z,https://esa-worldcover.s3.eu-central-1.amazonaws.com/v200/2021/map/ESA_WorldCover_10m_2021_v200_N30E123_Map.tif
v200/2021/map/ESA_WorldCover_10m_2021_v200_N30E126_Map.tif,2561272,f384c56df05cef232e776665492f3ce3,2022-10-26T12:37:12.000Z,https://esa-worldcover.s3.eu-central-1.amazonaws.com/v200/2021/map/ESA_WorldCover_10m_2021_v200_N30E126_Map.tif
v200/2021/map/ESA_WorldCover_10m_2021_v200_N30E129_Map.tif,22610818,61ef5dd6df769fdabe43c6d965c70127-3,2022-10-26T12:42:39.000Z,https://esa-worldcover.s3.eu-central-1.amazonaws.com/v200/2021/map/ESA_WorldCover_10m_2021_v200_N30E129_Map.tif
v200/2021/map/ESA_WorldCover_10m_2021_v200_N30E132_Map.tif,2562882,84ee38222acee4e777554b0025449670,2022-10-26T12:37:04.000Z,https://esa-worldcover.s3.eu-central-1.amazonaws.com/v200/2021/map/ESA_WorldCover_10m_2021_v200_N30E132_Map.tif
v200/2021/map/ESA_WorldCover_10m_2021_v200_N30E138_Map.tif,2258168,063d209af956b1c262f512315196ff56,2022-10-26T12:38:19.000Z,https://esa-worldcover.s3.eu-central-1.amazonaws.com/v200/2021/map/ESA_WorldCover_10m_2021_v200_N30E138_Map.tif
v200/2021/map/ESA_WorldCover_10m_2021_v200_N30W003_Map.tif,17088720,e12cb04d89de80ece8822ac05c05fa6a-3,2022-10-26T12:51:58.000Z,https://esa-worldcover.s3.eu-central-1.amazonaws.com/v200/2021/map/ESA_WorldCover_10m_2021_v200_N30W003_Map.tif
v200/2021/map/ESA_WorldCover_10m_2021_v200_N30W006_Map.tif,48236367,45a1ab9fa2f92fe8ee55b41086d68ac0-6,2022-10-26T13:04:27.000Z,https://esa-worldcover.s3.eu-central-1.amazonaws.com/v200/2021/map/ESA_WorldCover_10m_2021_v200_N30W006_Map.tif
v200/2021/map/ESA_WorldCover_10m_2021_v200_N30W009_Map.tif,110147151,ef642c82c2f5c1f8db62f0bca36708db-14,2022-10-26T13:06:11.000Z,https://esa-worldcover.s3.eu-central-1.amazonaws.com/v200/2021/map/ESA_WorldCover_10m_2021_v200_N30W009_Map.tif
v200/2021/map/ESA_WorldCover_10m_2021_v200_N30W012_Map.tif,28677790,ad4c3ae8d5de195bc10e6daba7375d12-4,2022-10-26T12:41:44.000Z,https://esa-worldcover.s3.eu-central-1.amazonaws.com/v200/2021/map/ESA_WorldCover_10m_2021_v200_N30W012_Map.tif
v200/2021/map/ESA_WorldCover_10m_2021_v200_N30W018_Map.tif,3152306,8ee8039a9775fbfc2f0b382ccbc9fe6d,2022-10-26T12:39:23.000Z,https://esa-worldcover.s3.eu-central-1.amazonaws.com/v200/2021/map/ESA_WorldCover_10m_2021_v200_N30W018_Map.tif
v200/2021/map/ESA_WorldCover_10m_2021_v200_N30W066_Map.tif,2212473,02a0a2d0b258b6c523a1e77c9d55f7b4,2022-10-26T12:37:15.000Z,https://esa-worldcover.s3.eu-central-1.amazonaws.com/v200/2021/map/ESA_WorldCover_10m_2021_v200_N30W066_Map.tif
v200/2021/map/ESA_WorldCover_10m_2021_v200_N30W081_Map.tif,9656925,32d1c66c08b2c3436c23d0d0de66eb06-2,2022-10-26T12:38:23.000Z,https://esa-worldcover.s3.eu-central-1.amazonaws.com/v200/2021/map/ESA_WorldCover_10m_2021_v200_N30W081_Map.tif
v200/2021/map/ESA_WorldCover_10m_2021_v200_N30W084_Map.tif,79885576,3709d031e9c6d7ce7631a9ea2b05c5fb-10,2022-10-26T12:56:44.000Z,https://esa-worldcover.s3.eu-central-1.amazonaws.com/v200/2021/map/ESA_WorldCover_10m_2021_v200_N30W084_Map.tif
v200/2021/map/ESA_WorldCover_10m_2021_v200_N30W087_Map.tif,79993384,42860197f4bd3af5460b6752df5f7d97-10,2022-10-26T13:05:47.000Z,https://esa-worldcover.s3.eu-central-1.amazonaws.com/v200/2021/map/ESA_WorldCover_10m_2021_v200_N30W087_Map.tif
v200/2021/map/ESA_WorldCover_10m_2021_v200_N30W090_Map.tif,63066696,754a8c40ee03bf3b3f67a05fa1d692d4-8,2022-10-26T12:49:44.000Z,https://esa-worldcover.s3.eu-central-1.amazonaws.com/v200/2021/map/ESA_WorldCover_10m_2021_v200_N30W090_Map.tif
v200/2021/map/ESA_WorldCover_10m_2021_v200_N30W093_Map.tif,74817887,32c3094a7ab891e8ba6a1a7facf26a2e-9,2022-10-26T12:45:42.000Z,https://esa-worldcover.s3.eu-central-1.amazonaws.com/v200/2021/map/ESA_WorldCover_10m_2021_v200_N30W093_Map.tif
v200/2021/map/ESA_WorldCover_10m_2021_v200_N30W096_Map.tif,82673564,1f696f671b28593bd709c42fde09dba9-10,2022-10-26T12:45:01.000Z,https://esa-worldcover.s3.eu-central-1.amazonaws.com/v200/2021/map/ESA_WorldCover_10m_2021_v200_N30W096_Map.tif
v200/2021/map/ESA_WorldCover_10m_2021_v200_N30W099_Map.tif,123300471,d1a1c3a8d25532bf2ff6e5827afa69f0-15,2022-10-26T12:53:49.000Z,https://esa-worldcover.s3.eu-central-1.amazonaws.com/v200/2021/map/ESA_WorldCover_10m_2021_v200_N30W099_Map.tif
v200/2021/map/ESA_WorldCover_10m_2021_v200_N30W102_Map.tif,125959266,46234f79151d4f7e2d4242501dfc42d6-16,2022-10-26T12:45:11.000Z,https://esa-worldcover.s3.eu-central-1.amazonaws.com/v200/2021/map/ESA_WorldCover_10m_2021_v200_N30W102_Map.tif
v200/2021/map/ESA_WorldCover_10m_2021_v200_N30W105_Map.tif,122190126,5b204fb7bd33447369062282777b0e51-15,2022-10-26T12:51:06.000Z,https://esa-worldcover.s3.eu-central-1.amazonaws.com/v200/2021/map/ESA_WorldCover_10m_2021_v200_N30W105_Map.tif
v200/2021/map/ESA_WorldCover_10m_2021_v200_N30W108_Map.tif,142325903,3dbfe9109a55fc0e73a24642ea2eb194-17,2022-10-26T12:51:43.000Z,https://esa-worldcover.s3.eu-central-1.amazonaws.com/v200/2021/map/ESA_WorldCover_10m_2021_v200_N30W108_Map.tif
v200/2021/map/ESA_WorldCover_10m_2021_v200_N30W111_Map.tif,120639410,3e9f82752894bd8184a9d6c9aa26e80a-15,2022-10-26T12:44:38.000Z,https://esa-worldcover.s3.eu-central-1.amazonaws.com/v200/2021/map/ESA_WorldCover_10m_2021_v200_N30W111_Map.tif
v200/2021/map/ESA_WorldCover_10m_2021_v200_N30W114_Map.tif,82225875,a388d371ee1922c54c5c5ff262c1dc56-10,2022-10-26T12:51:54.000Z,https://esa-worldcover.s3.eu-central-1.amazonaws.com/v200/2021/map/ESA_WorldCover_10m_2021_v200_N30W114_Map.tif
v200/2021/map/ESA_WorldCover_10m_2021_v200_N30W117_Map.tif,60220002,de066d695b210b32dfac70068d3d103b-8,2022-10-26T12:47:20.000Z,https://esa-worldcover.s3.eu-central-1.amazonaws.com/v200/2021/map/ESA_WorldCover_10m_2021_v200_N30W117_Map.tif
v200/2021/map/ESA_WorldCover_10m_2021_v200_N30W120_Map.tif,4773432,2548dc2f405d379eb7f1e0c6d6042640,2022-10-26T12:37:20.000Z,https://esa-worldcover.s3.eu-central-1.amazonaws.com/v200/2021/map/ESA_WorldCover_10m_2021_v200_N30W120_Map.tif
v200/2021/map/ESA_WorldCover_10m_2021_v200_N33E000_Map.tif,94412614,10f4b5f69ba0688bca8229415ac27a57-12,2022-10-26T12:46:58.000Z,https://esa-worldcover.s3.eu-central-1.amazonaws.com/v200/2021/map/ESA_WorldCover_10m_2021_v200_N33E000_Map.tif
v200/2021/map/ESA_WorldCover_10m_2021_v200_N33E003_Map.tif,75771714,a6598c118934c366166095c42498caee-10,2022-10-26T12:44:37.000Z,https://esa-worldcover.s3.eu-central-1.amazonaws.com/v200/2021/map/ESA_WorldCover_10m_2021_v200_N33E003_Map.tif
v200/2021/map/ESA_WorldCover_10m_2021_v200_N33E006_Map.tif,68599862,289fb510f7ab9bdf1a5601d71f303973-9,2022-10-26T12:55:43.000Z,https://esa-worldcover.s3.eu-central-1.amazonaws.com/v200/2021/map/ESA_WorldCover_10m_2021_v200_N33E006_Map.tif
v200/2021/map/ESA_WorldCover_10m_2021_v200_N33E009_Map.tif,77461995,36fd7b37335936a94af841dc4aaab833-10,2022-10-26T12:49:14.000Z,https://esa-worldcover.s3.eu-central-1.amazonaws.com/v200/2021/map/ESA_WorldCover_10m_2021_v200_N33E009_Map.tif
v200/2021/map/ESA_WorldCover_10m_2021_v200_N33E012_Map.tif,2736870,cf4554b439e173d57e4475a14de91696,2022-10-26T12:42:52.000Z,https://esa-worldcover.s3.eu-central-1.amazonaws.com/v200/2021/map/ESA_WorldCover_10m_2021_v200_N33E012_Map.tif
v200/2021/map/ESA_WorldCover_10m_2021_v200_N33E021_Map.tif,4513826,0272f442cdd5a5bfd681c8ded71fca87,2022-10-26T12:37:28.000Z,https://esa-worldcover.s3.eu-central-1.amazonaws.com/v200/2021/map/ESA_WorldCover_10m_2021_v200_N33E021_Map.tif
v200/2021/map/ESA_WorldCover_10m_2021_v200_N33E024_Map.tif,15017011,3552ca7b84c060250e7614214a42b3b4-2,2022-10-26T12:38:57.000Z,https://esa-worldcover.s3.eu-central-1.amazonaws.com/v200/2021/map/ESA_WorldCover_10m_2021_v200_N33E024_Map.tif
v200/2021/map/ESA_WorldCover_10m_2021_v200_N33E027_Map.tif,3014139,7d27b3bab47e0145d1f07c2e0d217981,2022-10-26T12:37:21.000Z,https://esa-worldcover.s3.eu-central-1.amazonaws.com/v200/2021/map/ESA_WorldCover_10m_2021_v200_N33E027_Map.tif
v200/2021/map/ESA_WorldCover_10m_2021_v200_N33E030_Map.tif,8096546,18730f542acda469898b06787654daa7,2022-10-26T12:37:21.000Z,https://esa-worldcover.s3.eu-central-1.amazonaws.com/v200/2021/map/ESA_WorldCover_10m_2021_v200_N33E030_Map.tif
v200/2021/map/ESA_WorldCover_10m_2021_v200_N33E033_Map.tif,31235439,aec58fc5dec6a62e4eb8c88dbffc1a09-4,2022-10-26T12:44:40.000Z,https://esa-worldcover.s3.eu-central-1.amazonaws.com/v200/2021/map/ESA_WorldCover_10m_2021_v200_N33E033_Map.tif
v200/2021/map/ESA_WorldCover_10m_2021_v200_N33E036_Map.tif,83997158,3a0ea2c1068ffedf09fdaba46afdc719-11,2022-10-26T12:48:09.000Z,https://esa-worldcover.s3.eu-central-1.amazonaws.com/v200/2021/map/ESA_WorldCover_10m_2021_v200_N33E036_Map.tif
v200/2021/map/ESA_WorldCover_10m_2021_v200_N33E039_Map.tif,45019756,4e4a012ff37c309852f0112a7a12294f-6,2022-10-26T12:54:39.000Z,https://esa-worldcover.s3.eu-central-1.amazonaws.com/v200/2021/map/ESA_WorldCover_10m_2021_v200_N33E039_Map.tif
v200/2021/map/ESA_WorldCover_10m_2021_v200_N33E042_Map.tif,98924504,1f7380a38b39ed14908dd9ba45979006-12,2022-10-26T12:49:30.000Z,https://esa-worldcover.s3.eu-central-1.amazonaws.com/v200/2021/map/ESA_WorldCover_10m_2021_v200_N33E042_Map.tif
v200/2021/map/ESA_WorldCover_10m_2021_v200_N33E045_Map.tif,110476789,055bd554d16c2a883437d600ef7ad4ed-14,2022-10-26T12:48:53.000Z,https://esa-worldcover.s3.eu-central-1.amazonaws.com/v200/2021/map/ESA_WorldCover_10m_2021_v200_N33E045_Map.tif
v200/2021/map/ESA_WorldCover_10m_2021_v200_N33E048_Map.tif,111316057,3203418a454382e005d66a04644908b5-14,2022-10-26T12:48:58.000Z,https://esa-worldcover.s3.eu-central-1.amazonaws.com/v200/2021/map/ESA_WorldCover_10m_2021_v200_N33E048_Map.tif
v200/2021/map/ESA_WorldCover_10m_2021_v200_N33E051_Map.tif,36007569,557ed2fa5c691905473207497774fb30-5,2022-10-26T12:44:07.000Z,https://esa-worldcover.s3.eu-central-1.amazonaws.com/v200/2021/map/ESA_WorldCover_10m_2021_v200_N33E051_Map.tif
v200/2021/map/ESA_WorldCover_10m_2021_v200_N33E054_Map.tif,4110115,ce0f8e64794d83fa57b4b0b063aed8f1,2022-10-26T12:44:48.000Z,https://esa-worldcover.s3.eu-central-1.amazonaws.com/v200/2021/map/ESA_WorldCover_10m_2021_v200_N33E054_Map.tif
v200/2021/map/ESA_WorldCover_10m_2021_v200_N33E057_Map.tif,46304722,03939e0addfd1c345e0a73ca3f6ae5b6-6,2022-10-26T12:43:55.000Z,https://esa-worldcover.s3.eu-central-1.amazonaws.com/v200/2021/map/ESA_WorldCover_10m_2021_v200_N33E057_Map.tif
v200/2021/map/ESA_WorldCover_10m_2021_v200_N33E060_Map.tif,64149724,702ee32d9789e24d0499ab0a83f256e0-8,2022-10-26T12:44:31.000Z,https://esa-worldcover.s3.eu-central-1.amazonaws.com/v200/2021/map/ESA_WorldCover_10m_2021_v200_N33E060_Map.tif
v200/2021/map/ESA_WorldCover_10m_2021_v200_N33E063_Map.tif,138655792,d13f24709762ffb21c0061a07e9791b0-17,2022-10-26T12:57:15.000Z,https://esa-worldcover.s3.eu-central-1.amazonaws.com/v200/2021/map/ESA_WorldCover_10m_2021_v200_N33E063_Map.tif
v200/2021/map/ESA_WorldCover_10m_2021_v200_N33E066_Map.tif,123999964,78abfe99cae8790ad2134aa7cab25be5-15,2022-10-26T12:49:51.000Z,https://esa-worldcover.s3.eu-central-1.amazonaws.com/v200/2021/map/ESA_WorldCover_10m_2021_v200_N33E066_Map.tif
v200/2021/map/ESA_WorldCover_10m_2021_v200_N33E069_Map.tif,155712630,10006df609af393d63db199757cb23a0-19,2022-10-26T12:47:51.000Z,https://esa-worldcover.s3.eu-central-1.amazonaws.com/v200/2021/map/ESA_WorldCover_10m_2021_v200_N33E069_Map.tif
v200/2021/map/ESA_WorldCover_10m_2021_v200_N33E072_Map.tif,153200236,65ee68c7bf069150ae1bfcb7b836cf51-19,2022-10-26T12:49:39.000Z,https://esa-worldcover.s3.eu-central-1.amazonaws.com/v200/2021/map/ESA_WorldCover_10m_2021_v200_N33E072_Map.tif
v200/2021/map/ESA_WorldCover_10m_2021_v200_N33E075_Map.tif,97538409,e5ee6a9d36840f0d88665665c6fab580-12,2022-10-26T12:48:25.000Z,https://esa-worldcover.s3.eu-central-1.amazonaws.com/v200/2021/map/ESA_WorldCover_10m_2021_v200_N33E075_Map.tif
v200/2021/map/ESA_WorldCover_10m_2021_v200_N33E078_Map.tif,38632951,fe4dc9cc3b225ef34c60db968af99c6f-5,2022-10-26T12:46:20.000Z,https://esa-worldcover.s3.eu-central-1.amazonaws.com/v200/2021/map/ESA_WorldCover_10m_2021_v200_N33E078_Map.tif
v200/2021/map/ESA_WorldCover_10m_2021_v200_N33E081_Map.tif,36721693,35c8e7db7b9766d64cb1ea01d9124529-5,2022-10-26T12:48:57.000Z,https://esa-worldcover.s3.eu-central-1.amazonaws.com/v200/2021/map/ESA_WorldCover_10m_2021_v200_N33E081_Map.tif
v200/2021/map/ESA_WorldCover_10m_2021_v200_N33E084_Map.tif,39898023,db519d0a8113e843e258f066beba3c83-5,2022-10-26T12:48:49.000Z,https://esa-worldcover.s3.eu-central-1.amazonaws.com/v200/2021/map/ESA_WorldCover_10m_2021_v200_N33E084_Map.tif
v200/2021/map/ESA_WorldCover_10m_2021_v200_N33E087_Map.tif,73582396,f180be4cd8bb496190186ca608d95b23-9,2022-10-26T12:48:16.000Z,https://esa-worldcover.s3.eu-central-1.amazonaws.com/v200/2021/map/ESA_WorldCover_10m_2021_v200_N33E087_Map.tif
v200/2021/map/ESA_WorldCover_10m_2021_v200_N33E090_Map.tif,82507371,85a63952cf983a54dbffa2cbed6e5e5d-10,2022-10-26T12:48:33.000Z,https://esa-worldcover.s3.eu-central-1.amazonaws.com/v200/2021/map/ESA_WorldCover_10m_2021_v200_N33E090_Map.tif
v200/2021/map/ESA_WorldCover_10m_2021_v200_N33E093_Map.tif,70357364,665c0568ef87626b7d44d8bf8cf90f42-9,2022-10-26T12:53:08.000Z,https://esa-worldcover.s3.eu-central-1.amazonaws.com/v200/2021/map/ESA_WorldCover_10m_2021_v200_N33E093_Map.tif
v200/2021/map/ESA_WorldCover_10m_2021_v200_N33E096_Map.tif,82459347,567c0e6554f931240a2d5fa831a533fa-10,2022-10-26T12:46:12.000Z,https://esa-worldcover.s3.eu-central-1.amazonaws.com/v200/2021/map/ESA_WorldCover_10m_2021_v200_N33E096_Map.tif
v200/2021/map/ESA_WorldCover_10m_2021_v200_N33E099_Map.tif,52475157,4d447fd39698d282c272177f79f7f498-7,2022-10-26T12:46:07.000Z,https://esa-worldcover.s3.eu-central-1.amazonaws.com/v200/2021/map/ESA_WorldCover_10m_2021_v200_N33E099_Map.tif
v200/2021/map/ESA_WorldCover_10m_2021_v200_N33E102_Map.tif,84673925,f4d5ef97d555f59336c8f1632bcef320-11,2022-10-26T12:51:36.000Z,https://esa-worldcover.s3.eu-central-1.amazonaws.com/v200/2021/map/ESA_WorldCover_10m_2021_v200_N33E102_Map.tif
v200/2021/map/ESA_WorldCover_10m_2021_v200_N33E105_Map.tif,106656867,bb979f7d297fae81fa4319d66ed76b5a-13,2022-10-26T12:49:22.000Z,https://esa-worldcover.s3.eu-central-1.amazonaws.com/v200/2021/map/ESA_WorldCover_10m_2021_v200_N33E105_Map.tif
v200/2021/map/ESA_WorldCover_10m_2021_v200_N33E108_Map.tif,105069065,42c5657ee05fd53a68b9b48e71fea16b-13,2022-10-26T12:46:22.000Z,https://esa-worldcover.s3.eu-central-1.amazonaws.com/v200/2021/map/ESA_WorldCover_10m_2021_v200_N33E108_Map.tif
v200/2021/map/ESA_WorldCover_10m_2021_v200_N33E111_Map.tif,130476058,9678b6e45ed9490f467b31f08c86ac93-16,2022-10-26T12:52:12.000Z,https://esa-worldcover.s3.eu-central-1.amazonaws.com/v200/2021/map/ESA_WorldCover_10m_2021_v200_N33E111_Map.tif
v200/2021/map/ESA_WorldCover_10m_2021_v200_N33E114_Map.tif,113423829,ba9224c6a453b7a8ebb395da907847d2-14,2022-10-26T12:52:51.000Z,https://esa-worldcover.s3.eu-central-1.amazonaws.com/v200/2021/map/ESA_WorldCover_10m_2021_v200_N33E114_Map.tif
v200/2021/map/ESA_WorldCover_10m_2021_v200_N33E117_Map.tif,123514852,8aa2fb722dac6e11040ec523c3fab30d-15,2022-10-26T12:52:02.000Z,https://esa-worldcover.s3.eu-central-1.amazonaws.com/v200/2021/map/ESA_WorldCover_10m_2021_v200_N33E117_Map.tif
v200/2021/map/ESA_WorldCover_10m_2021_v200_N33E120_Map.tif,15846170,6c7babd4fba4a8f0cf498fcd752c889c-2,2022-10-26T12:39:38.000Z,https://esa-worldcover.s3.eu-central-1.amazonaws.com/v200/2021/map/ESA_WorldCover_10m_2021_v200_N33E120_Map.tif
v200/2021/map/ESA_WorldCover_10m_2021_v200_N33E123_Map.tif,2724035,5331491cea106b9f3007422bc5a2396d,2022-10-26T12:38:54.000Z,https://esa-worldcover.s3.eu-central-1.amazonaws.com/v200/2021/map/ESA_WorldCover_10m_2021_v200_N33E123_Map.tif
v200/2021/map/ESA_WorldCover_10m_2021_v200_N33E126_Map.tif,46477787,8ab530a52e331834505801c9eada9c86-6,2022-10-26T12:44:08.000Z,https://esa-worldcover.s3.eu-central-1.amazonaws.com/v200/2021/map/ESA_WorldCover_10m_2021_v200_N33E126_Map.tif
v200/2021/map/ESA_WorldCover_10m_2021_v200_N33E129_Map.tif,25852695,2cf2e628e7692e299100fdce393dd5d3-4,2022-10-26T12:50:22.000Z,https://esa-worldcover.s3.eu-central-1.amazonaws.com/v200/2021/map/ESA_WorldCover_10m_2021_v200_N33E129_Map.tif
v200/2021/map/ESA_WorldCover_10m_2021_v200_N33E132_Map.tif,35882860,a0c6e9e59280194ad6bf4864cb74b928-5,2022-10-26T12:48:59.000Z,https://esa-worldcover.s3.eu-central-1.amazonaws.com/v200/2021/map/ESA_WorldCover_10m_2021_v200_N33E132_Map.tif
v200/2021/map/ESA_WorldCover_10m_2021_v200_N33E135_Map.tif,36677894,d7c4622d01e679e834b03082a97d6641-5,2022-10-26T12:49:07.000Z,https://esa-worldcover.s3.eu-central-1.amazonaws.com/v200/2021/map/ESA_WorldCover_10m_2021_v200_N33E135_Map.tif
v200/2021/map/ESA_WorldCover_10m_2021_v200_N33E138_Map.tif,27114359,5c32006961312f1e043c58cddeb04ebb-4,2022-10-26T12:42:48.000Z,https://esa-worldcover.s3.eu-central-1.amazonaws.com/v200/2021/map/ESA_WorldCover_10m_2021_v200_N33E138_Map.tif
v200/2021/map/ESA_WorldCover_10m_2021_v200_N33W003_Map.tif,72578673,9362c80b1af714bb037d8ea0bb6902b4-9,2022-10-26T12:49:07.000Z,https://esa-worldcover.s3.eu-central-1.amazonaws.com/v200/2021/map/ESA_WorldCover_10m_2021_v200_N33W003_Map.tif
v200/2021/map/ESA_WorldCover_10m_2021_v200_N33W006_Map.tif,111936362,0bbb8fc24b3ce8a27c147b4110db15fb-14,2022-10-26T12:50:52.000Z,https://esa-worldcover.s3.eu-central-1.amazonaws.com/v200/2021/map/ESA_WorldCover_10m_2021_v200_N33W006_Map.tif
v200/2021/map/ESA_WorldCover_10m_2021_v200_N33W009_Map.tif,35525575,67f73a605f1b2550b01953af03fb803f-5,2022-10-26T12:41:04.000Z,https://esa-worldcover.s3.eu-central-1.amazonaws.com/v200/2021/map/ESA_WorldCover_10m_2021_v200_N33W009_Map.tif
v200/2021/map/ESA_WorldCover_10m_2021_v200_N33W018_Map.tif,2074586,d895644cd6a355e5c3ce982870cc809b,2022-10-26T12:36:54.000Z,https://esa-worldcover.s3.eu-central-1.amazonaws.com/v200/2021/map/ESA_WorldCover_10m_2021_v200_N33W018_Map.tif
v200/2021/map/ESA_WorldCover_10m_2021_v200_N33W078_Map.tif,28436622,3db8b494ee5c6ee1cfb5a25d658e0d7f-4,2022-10-26T12:45:11.000Z,https://esa-worldcover.s3.eu-central-1.amazonaws.com/v200/2021/map/ESA_WorldCover_10m_2021_v200_N33W078_Map.tif
v200/2021/map/ESA_WorldCover_10m_2021_v200_N33W081_Map.tif,94935925,c58d78e9fcd47a135df12617641e0fe5-12,2022-10-26T12:46:01.000Z,https://esa-worldcover.s3.eu-central-1.amazonaws.com/v200/2021/map/ESA_WorldCover_10m_2021_v200_N33W081_Map.tif
v200/2021/map/ESA_WorldCover_10m_2021_v200_N33W084_Map.tif,85490658,1701200d494a1988efd171a6454ef690-11,2022-10-26T12:47:43.000Z,https://esa-worldcover.s3.eu-central-1.amazonaws.com/v200/2021/map/ESA_WorldCover_10m_2021_v200_N33W084_Map.tif
v200/2021/map/ESA_WorldCover_10m_2021_v200_N33W087_Map.tif,97846414,60caba01bc3ebcee41a3e852fbc0af72-12,2022-10-26T12:50:10.000Z,https://esa-worldcover.s3.eu-central-1.amazonaws.com/v200/2021/map/ESA_WorldCover_10m_2021_v200_N33W087_Map.tif
v200/2021/map/ESA_WorldCover_10m_2021_v200_N33W090_Map.tif,84288534,dad5bd260deacc4832544a28f56af8c2-11,2022-10-26T12:50:22.000Z,https://esa-worldcover.s3.eu-central-1.amazonaws.com/v200/2021/map/ESA_WorldCover_10m_2021_v200_N33W090_Map.tif
v200/2021/map/ESA_WorldCover_10m_2021_v200_N33W093_Map.tif,71336403,67695a803990cefecb31afb38b225a41-9,2022-10-26T12:51:16.000Z,https://esa-worldcover.s3.eu-central-1.amazonaws.com/v200/2021/map/ESA_WorldCover_10m_2021_v200_N33W093_Map.tif
v200/2021/map/ESA_WorldCover_10m_2021_v200_N33W096_Map.tif,79567605,3a33438d87cba2bc879aa7cd166deb38-10,2022-10-26T12:47:02.000Z,https://esa-worldcover.s3.eu-central-1.amazonaws.com/v200/2021/map/ESA_WorldCover_10m_2021_v200_N33W096_Map.tif
v200/2021/map/ESA_WorldCover_10m_2021_v200_N33W099_Map.tif,108662821,e3dd0623dbf0ae7f0686642a85831003-13,2022-10-26T12:55:55.000Z,https://esa-worldcover.s3.eu-central-1.amazonaws.com/v200/2021/map/ESA_WorldCover_10m_2021_v200_N33W099_Map.tif
v200/2021/map/ESA_WorldCover_10m_2021_v200_N33W102_Map.tif,73459239,661e592a9d39ab66e07a3fafa85e1ffe-9,2022-10-26T12:46:24.000Z,https://esa-worldcover.s3.eu-central-1.amazonaws.com/v200/2021/map/ESA_WorldCover_10m_2021_v200_N33W102_Map.tif
v200/2021/map/ESA_WorldCover_10m_2021_v200_N33W105_Map.tif,48569393,6821abbe20d3b911d8a0cd1eb473a175-6,2022-10-26T12:51:06.000Z,https://esa-worldcover.s3.eu-central-1.amazonaws.com/v200/2021/map/ESA_WorldCover_10m_2021_v200_N33W105_Map.tif
v200/2021/map/ESA_WorldCover_10m_2021_v200_N33W108_Map.tif,105351254,15d3db7203aa24e08749a67c963e7c90-13,2022-10-26T12:48:40.000Z,https://esa-worldcover.s3.eu-central-1.amazonaws.com/v200/2021/map/ESA_WorldCover_10m_2021_v200_N33W108_Map.tif
v200/2021/map/ESA_WorldCover_10m_2021_v200_N33W111_Map.tif,109287105,464a71a5568d968c97754ca9cbd815fa-14,2022-10-26T12:51:47.000Z,https://esa-worldcover.s3.eu-central-1.amazonaws.com/v200/2021/map/ESA_WorldCover_10m_2021_v200_N33W111_Map.tif
v200/2021/map/ESA_WorldCover_10m_2021_v200_N33W114_Map.tif,120157309,52cb2baa4082c5ced02dced8e3e8a1de-15,2022-10-26T12:47:44.000Z,https://esa-worldcover.s3.eu-central-1.amazonaws.com/v200/2021/map/ESA_WorldCover_10m_2021_v200_N33W114_Map.tif
v200/2021/map/ESA_WorldCover_10m_2021_v200_N33W117_Map.tif,90187464,e1a75171fc70f88425afb6286a127277-11,2022-10-26T12:45:08.000Z,https://esa-worldcover.s3.eu-central-1.amazonaws.com/v200/2021/map/ESA_WorldCover_10m_2021_v200_N33W117_Map.tif
v200/2021/map/ESA_WorldCover_10m_2021_v200_N33W120_Map.tif,101202142,3e1806327a33fda30f8e15689c818380-13,2022-10-26T12:51:10.000Z,https://esa-worldcover.s3.eu-central-1.amazonaws.com/v200/2021/map/ESA_WorldCover_10m_2021_v200_N33W120_Map.tif
v200/2021/map/ESA_WorldCover_10m_2021_v200_N33W123_Map.tif,18675884,64726bf8928eeafce1d3cef6fdc3085c-3,2022-10-26T12:40:46.000Z,https://esa-worldcover.s3.eu-central-1.amazonaws.com/v200/2021/map/ESA_WorldCover_10m_2021_v200_N33W123_Map.tif
v200/2021/map/ESA_WorldCover_10m_2021_v200_N36E000_Map.tif,29636760,f0e87155ed9a8fd5e0635d0270dee1f9-4,2022-10-26T12:44:19.000Z,https://esa-worldcover.s3.eu-central-1.amazonaws.com/v200/2021/map/ESA_WorldCover_10m_2021_v200_N36E000_Map.tif
v200/2021/map/ESA_WorldCover_10m_2021_v200_N36E003_Map.tif,42828862,7dd73e100e6746bc121c3922960dcc99-6,2022-10-26T12:40:53.000Z,https://esa-worldcover.s3.eu-central-1.amazonaws.com/v200/2021/map/ESA_WorldCover_10m_2021_v200_N36E003_Map.tif
v200/2021/map/ESA_WorldCover_10m_2021_v200_N36E006_Map.tif,41024625,7e87c1ff50b9c38307d7f441acdc9b29-5,2022-10-26T12:43:49.000Z,https://esa-worldcover.s3.eu-central-1.amazonaws.com/v200/2021/map/ESA_WorldCover_10m_2021_v200_N36E006_Map.tif
v200/2021/map/ESA_WorldCover_10m_2021_v200_N36E009_Map.tif,29789027,0b0d2e6db67aa5ca0d6cfc7b394f8887-4,2022-10-26T12:43:41.000Z,https://esa-worldcover.s3.eu-central-1.amazonaws.com/v200/2021/map/ESA_WorldCover_10m_2021_v200_N36E009_Map.tif
v200/2021/map/ESA_WorldCover_10m_2021_v200_N36E012_Map.tif,39179639,534de31e96ed8038b1c7e5f38c5c598d-5,2022-10-26T12:43:44.000Z,https://esa-worldcover.s3.eu-central-1.amazonaws.com/v200/2021/map/ESA_WorldCover_10m_2021_v200_N36E012_Map.tif
v200/2021/map/ESA_WorldCover_10m_2021_v200_N36E015_Map.tif,17900043,67276976d5a756e977caa89a10e10de0-3,2022-10-26T12:40:19.000Z,https://esa-worldcover.s3.eu-central-1.amazonaws.com/v200/2021/map/ESA_WorldCover_10m_2021_v200_N36E015_Map.tif
v200/2021/map/ESA_WorldCover_10m_2021_v200_N36E018_Map.tif,6245527,37cb76c121d9b368bd47880e990fe601,2022-10-26T12:39:47.000Z,https://esa-worldcover.s3.eu-central-1.amazonaws.com/v200/2021/map/ESA_WorldCover_10m_2021_v200_N36E018_Map.tif
v200/2021/map/ESA_WorldCover_10m_2021_v200_N36E021_Map.tif,65666104,a4424bd3511400d5d5c1670df8f68d39-8,2022-10-26T12:47:53.000Z,https://esa-worldcover.s3.eu-central-1.amazonaws.com/v200/2021/map/ESA_WorldCover_10m_2021_v200_N36E021_Map.tif
v200/2021/map/ESA_WorldCover_10m_2021_v200_N36E024_Map.tif,20302054,5584f08a39d00cb0a4010a8035f0e192-3,2022-10-26T12:47:59.000Z,https://esa-worldcover.s3.eu-central-1.amazonaws.com/v200/2021/map/ESA_WorldCover_10m_2021_v200_N36E024_Map.tif
v200/2021/map/ESA_WorldCover_10m_2021_v200_N36E027_Map.tif,97921380,bd463f664d356c527b802b81eecd7058-12,2022-10-26T12:53:19.000Z,https://esa-worldcover.s3.eu-central-1.amazonaws.com/v200/2021/map/ESA_WorldCover_10m_2021_v200_N36E027_Map.tif
v200/2021/map/ESA_WorldCover_10m_2021_v200_N36E030_Map.tif,85747904,abf0ab1e9e7e006e7b52e837a6f9eaa8-11,2022-10-26T12:51:29.000Z,https://esa-worldcover.s3.eu-central-1.amazonaws.com/v200/2021/map/ESA_WorldCover_10m_2021_v200_N36E030_Map.tif
v200/2021/map/ESA_WorldCover_10m_2021_v200_N36E033_Map.tif,91426916,3d57961790e81d01b42f7562286182b6-11,2022-10-26T12:47:41.000Z,https://esa-worldcover.s3.eu-central-1.amazonaws.com/v200/2021/map/ESA_WorldCover_10m_2021_v200_N36E033_Map.tif
v200/2021/map/ESA_WorldCover_10m_2021_v200_N36E036_Map.tif,111583033,27a25179aa5416166b56c65aa92ff86e-14,2022-10-26T12:48:32.000Z,https://esa-worldcover.s3.eu-central-1.amazonaws.com/v200/2021/map/ESA_WorldCover_10m_2021_v200_N36E036_Map.tif
v200/2021/map/ESA_WorldCover_10m_2021_v200_N36E039_Map.tif,89382536,98519f62770f7abd48644072c88cb74b-11,2022-10-26T12:50:59.000Z,https://esa-worldcover.s3.eu-central-1.amazonaws.com/v200/2021/map/ESA_WorldCover_10m_2021_v200_N36E039_Map.tif
v200/2021/map/ESA_WorldCover_10m_2021_v200_N36E042_Map.tif,92029110,b1220e6b53ba3c2b2010abac264dd8cb-11,2022-10-26T12:53:49.000Z,https://esa-worldcover.s3.eu-central-1.amazonaws.com/v200/2021/map/ESA_WorldCover_10m_2021_v200_N36E042_Map.tif
v200/2021/map/ESA_WorldCover_10m_2021_v200_N36E045_Map.tif,101766368,edaf2657d953ad7e6e75ab6f048364d3-13,2022-10-26T12:48:40.000Z,https://esa-worldcover.s3.eu-central-1.amazonaws.com/v200/2021/map/ESA_WorldCover_10m_2021_v200_N36E045_Map.tif
v200/2021/map/ESA_WorldCover_10m_2021_v200_N36E048_Map.tif,56859608,6ce3ca8872f16217ef6a30352a386350-7,2022-10-26T12:49:29.000Z,https://esa-worldcover.s3.eu-central-1.amazonaws.com/v200/2021/map/ESA_WorldCover_10m_2021_v200_N36E048_Map.tif
v200/2021/map/ESA_WorldCover_10m_2021_v200_N36E051_Map.tif,23284893,62824a1091d53d43a3a5a3ef93622767-3,2022-10-26T12:51:06.000Z,https://esa-worldcover.s3.eu-central-1.amazonaws.com/v200/2021/map/ESA_WorldCover_10m_2021_v200_N36E051_Map.tif
v200/2021/map/ESA_WorldCover_10m_2021_v200_N36E054_Map.tif,80320239,4d8908477ab259fba8a5b77c583ddafb-10,2022-10-26T12:47:33.000Z,https://esa-worldcover.s3.eu-central-1.amazonaws.com/v200/2021/map/ESA_WorldCover_10m_2021_v200_N36E054_Map.tif
v200/2021/map/ESA_WorldCover_10m_2021_v200_N36E057_Map.tif,97104598,0133e27d94cf404311c436b94cd30623-12,2022-10-26T12:48:37.000Z,https://esa-worldcover.s3.eu-central-1.amazonaws.com/v200/2021/map/ESA_WorldCover_10m_2021_v200_N36E057_Map.tif
v200/2021/map/ESA_WorldCover_10m_2021_v200_N36E060_Map.tif,85279711,ac9ee2874606c7b93299aa84338eef4d-11,2022-10-26T12:50:53.000Z,https://esa-worldcover.s3.eu-central-1.amazonaws.com/v200/2021/map/ESA_WorldCover_10m_2021_v200_N36E060_Map.tif
v200/2021/map/ESA_WorldCover_10m_2021_v200_N36E063_Map.tif,88312375,f9a8aa08fa4e77df8c6706e6a579f3c4-11,2022-10-26T12:52:46.000Z,https://esa-worldcover.s3.eu-central-1.amazonaws.com/v200/2021/map/ESA_WorldCover_10m_2021_v200_N36E063_Map.tif
v200/2021/map/ESA_WorldCover_10m_2021_v200_N36E066_Map.tif,105253000,8c2b6eb8b4446f16d9e5b032c8ebfb61-13,2022-10-26T12:50:19.000Z,https://esa-worldcover.s3.eu-central-1.amazonaws.com/v200/2021/map/ESA_WorldCover_10m_2021_v200_N36E066_Map.tif
v200/2021/map/ESA_WorldCover_10m_2021_v200_N36E069_Map.tif,108423362,cab6261f45c2563400cd497a083fa36f-13,2022-10-26T12:53:46.000Z,https://esa-worldcover.s3.eu-central-1.amazonaws.com/v200/2021/map/ESA_WorldCover_10m_2021_v200_N36E069_Map.tif
v200/2021/map/ESA_WorldCover_10m_2021_v200_N36E072_Map.tif,97576027,f609ce4c086048cc977d8a56f2232605-12,2022-10-26T12:54:03.000Z,https://esa-worldcover.s3.eu-central-1.amazonaws.com/v200/2021/map/ESA_WorldCover_10m_2021_v200_N36E072_Map.tif
v200/2021/map/ESA_WorldCover_10m_2021_v200_N36E075_Map.tif,71807987,aee915a311df574c390733cc92f91800-9,2022-10-26T12:48:06.000Z,https://esa-worldcover.s3.eu-central-1.amazonaws.com/v200/2021/map/ESA_WorldCover_10m_2021_v200_N36E075_Map.tif
v200/2021/map/ESA_WorldCover_10m_2021_v200_N36E078_Map.tif,32814014,54a358b7a823ed56a9838772c7f1ce9f-4,2022-10-26T12:52:23.000Z,https://esa-worldcover.s3.eu-central-1.amazonaws.com/v200/2021/map/ESA_WorldCover_10m_2021_v200_N36E078_Map.tif
v200/2021/map/ESA_WorldCover_10m_2021_v200_N36E081_Map.tif,17893724,1bef0c28ab3157168c8f696f935ff9e0-3,2022-10-26T12:54:02.000Z,https://esa-worldcover.s3.eu-central-1.amazonaws.com/v200/2021/map/ESA_WorldCover_10m_2021_v200_N36E081_Map.tif
v200/2021/map/ESA_WorldCover_10m_2021_v200_N36E084_Map.tif,15903058,d38fb599c68f06fda3e0952c36e8d6d2-2,2022-10-26T12:47:22.000Z,https://esa-worldcover.s3.eu-central-1.amazonaws.com/v200/2021/map/ESA_WorldCover_10m_2021_v200_N36E084_Map.tif
v200/2021/map/ESA_WorldCover_10m_2021_v200_N36E087_Map.tif,31115973,71a5810e3f3716f776fd315943178593-4,2022-10-26T12:48:51.000Z,https://esa-worldcover.s3.eu-central-1.amazonaws.com/v200/2021/map/ESA_WorldCover_10m_2021_v200_N36E087_Map.tif
v200/2021/map/ESA_WorldCover_10m_2021_v200_N36E090_Map.tif,33970124,1f001c48cc6de90828866dc3b30f8b6a-5,2022-10-26T12:46:06.000Z,https://esa-worldcover.s3.eu-central-1.amazonaws.com/v200/2021/map/ESA_WorldCover_10m_2021_v200_N36E090_Map.tif
v200/2021/map/ESA_WorldCover_10m_2021_v200_N36E093_Map.tif,26780228,6d6527ce16902cf6a8cc01fa2305d7df-4,2022-10-26T12:54:55.000Z,https://esa-worldcover.s3.eu-central-1.amazonaws.com/v200/2021/map/ESA_WorldCover_10m_2021_v200_N36E093_Map.tif
v200/2021/map/ESA_WorldCover_10m_2021_v200_N36E096_Map.tif,74088063,85342d2c28fd1e74bce084b35c84dfef-9,2022-10-26T12:58:24.000Z,https://esa-worldcover.s3.eu-central-1.amazonaws.com/v200/2021/map/ESA_WorldCover_10m_2021_v200_N36E096_Map.tif
v200/2021/map/ESA_WorldCover_10m_2021_v200_N36E099_Map.tif,67090988,d6411718a93ff4086365e6a03b3cb77d-8,2022-10-26T12:57:12.000Z,https://esa-worldcover.s3.eu-central-1.amazonaws.com/v200/2021/map/ESA_WorldCover_10m_2021_v200_N36E099_Map.tif
v200/2021/map/ESA_WorldCover_10m_2021_v200_N36E102_Map.tif,77622856,7d2a295e4bf1459f5278dedd739297dd-10,2022-10-26T12:52:06.000Z,https://esa-worldcover.s3.eu-central-1.amazonaws.com/v200/2021/map/ESA_WorldCover_10m_2021_v200_N36E102_Map.tif
v200/2021/map/ESA_WorldCover_10m_2021_v200_N36E105_Map.tif,113367838,4d0d008ab8e77a3665aeaa7a96029bb0-14,2022-10-26T12:51:31.000Z,https://esa-worldcover.s3.eu-central-1.amazonaws.com/v200/2021/map/ESA_WorldCover_10m_2021_v200_N36E105_Map.tif
v200/2021/map/ESA_WorldCover_10m_2021_v200_N36E108_Map.tif,125186941,7267205ac67fdb3172e119fb6705a5b4-15,2022-10-26T12:51:56.000Z,https://esa-worldcover.s3.eu-central-1.amazonaws.com/v200/2021/map/ESA_WorldCover_10m_2021_v200_N36E108_Map.tif
v200/2021/map/ESA_WorldCover_10m_2021_v200_N36E111_Map.tif,123519860,c4b709f630096dcbd1afda459e78261c-15,2022-10-26T12:56:46.000Z,https://esa-worldcover.s3.eu-central-1.amazonaws.com/v200/2021/map/ESA_WorldCover_10m_2021_v200_N36E111_Map.tif
v200/2021/map/ESA_WorldCover_10m_2021_v200_N36E114_Map.tif,104201679,1546d9c35f1d47f5b37552d004affaec-13,2022-10-26T12:48:23.000Z,https://esa-worldcover.s3.eu-central-1.amazonaws.com/v200/2021/map/ESA_WorldCover_10m_2021_v200_N36E114_Map.tif
v200/2021/map/ESA_WorldCover_10m_2021_v200_N36E117_Map.tif,87380206,0c8aa66d94cee220d565caf9a057ab86-11,2022-10-26T12:47:11.000Z,https://esa-worldcover.s3.eu-central-1.amazonaws.com/v200/2021/map/ESA_WorldCover_10m_2021_v200_N36E117_Map.tif
v200/2021/map/ESA_WorldCover_10m_2021_v200_N36E120_Map.tif,48847827,b11e5d68c0f8d90835189b4cddb9145c-6,2022-10-26T12:52:15.000Z,https://esa-worldcover.s3.eu-central-1.amazonaws.com/v200/2021/map/ESA_WorldCover_10m_2021_v200_N36E120_Map.tif
v200/2021/map/ESA_WorldCover_10m_2021_v200_N36E123_Map.tif,14180096,c255b413397cd233be0fbe2c94abd72f-2,2022-10-26T12:50:38.000Z,https://esa-worldcover.s3.eu-central-1.amazonaws.com/v200/2021/map/ESA_WorldCover_10m_2021_v200_N36E123_Map.tif
v200/2021/map/ESA_WorldCover_10m_2021_v200_N36E126_Map.tif,87371384,2cbb96fd1717b9f39979b732f2821c71-11,2022-10-26T12:48:35.000Z,https://esa-worldcover.s3.eu-central-1.amazonaws.com/v200/2021/map/ESA_WorldCover_10m_2021_v200_N36E126_Map.tif
v200/2021/map/ESA_WorldCover_10m_2021_v200_N36E129_Map.tif,6602194,ee8ccea3a64f515510e7cbc3b40fe1e0,2022-10-26T12:41:45.000Z,https://esa-worldcover.s3.eu-central-1.amazonaws.com/v200/2021/map/ESA_WorldCover_10m_2021_v200_N36E129_Map.tif
v200/2021/map/ESA_WorldCover_10m_2021_v200_N36E132_Map.tif,2271169,a5a30d02ea2063dcd7cbe4d075bf71ff,2022-10-26T12:38:39.000Z,https://esa-worldcover.s3.eu-central-1.amazonaws.com/v200/2021/map/ESA_WorldCover_10m_2021_v200_N36E132_Map.tif
v200/2021/map/ESA_WorldCover_10m_2021_v200_N36E135_Map.tif,14146153,555d48bbf96317859101d4d268aa1fc0-2,2022-10-26T12:42:45.000Z,https://esa-worldcover.s3.eu-central-1.amazonaws.com/v200/2021/map/ESA_WorldCover_10m_2021_v200_N36E135_Map.tif
v200/2021/map/ESA_WorldCover_10m_2021_v200_N36E138_Map.tif,57241102,a09004bf911930510f679f2e678106bd-7,2022-10-26T12:51:36.000Z,https://esa-worldcover.s3.eu-central-1.amazonaws.com/v200/2021/map/ESA_WorldCover_10m_2021_v200_N36E138_Map.tif
v200/2021/map/ESA_WorldCover_10m_2021_v200_N36E141_Map.tif,6202639,619ea6aa34c8843532d43f262484bde5,2022-10-26T12:39:23.000Z,https://esa-worldcover.s3.eu-central-1.amazonaws.com/v200/2021/map/ESA_WorldCover_10m_2021_v200_N36E141_Map.tif
v200/2021/map/ESA_WorldCover_10m_2021_v200_N36W003_Map.tif,85376945,ccc935f7abc927252582f6e07aec81b0-11,2022-10-26T12:45:11.000Z,https://esa-worldcover.s3.eu-central-1.amazonaws.com/v200/2021/map/ESA_WorldCover_10m_2021_v200_N36W003_Map.tif
v200/2021/map/ESA_WorldCover_10m_2021_v200_N36W006_Map.tif,108471952,b431054c68e7f084e7dffa4747f0a94b-13,2022-10-26T12:47:13.000Z,https://esa-worldcover.s3.eu-central-1.amazonaws.com/v200/2021/map/ESA_WorldCover_10m_2021_v200_N36W006_Map.tif
v200/2021/map/ESA_WorldCover_10m_2021_v200_N36W009_Map.tif,88848530,8b1139e2040cb9f4c9b8fe1a315e2255-11,2022-10-26T12:45:48.000Z,https://esa-worldcover.s3.eu-central-1.amazonaws.com/v200/2021/map/ESA_WorldCover_10m_2021_v200_N36W009_Map.tif
v200/2021/map/ESA_WorldCover_10m_2021_v200_N36W012_Map.tif,5877422,76a1dec1094b81cd492ef47a17efade9,2022-10-26T12:38:41.000Z,https://esa-worldcover.s3.eu-central-1.amazonaws.com/v200/2021/map/ESA_WorldCover_10m_2021_v200_N36W012_Map.tif
v200/2021/map/ESA_WorldCover_10m_2021_v200_N36W027_Map.tif,3557625,c6dde3ff62041eb13e9c4d46775508a8,2022-10-26T12:42:03.000Z,https://esa-worldcover.s3.eu-central-1.amazonaws.com/v200/2021/map/ESA_WorldCover_10m_2021_v200_N36W027_Map.tif
v200/2021/map/ESA_WorldCover_10m_2021_v200_N36W030_Map.tif,3755241,6c93c6db2c28ba71b50b2e486cb1f77c,2022-10-26T12:37:52.000Z,https://esa-worldcover.s3.eu-central-1.amazonaws.com/v200/2021/map/ESA_WorldCover_10m_2021_v200_N36W030_Map.tif
v200/2021/map/ESA_WorldCover_10m_2021_v200_N36W075_Map.tif,2161612,c04f6d3f1aadce9618869888f5167f9a,2022-10-26T12:37:23.000Z,https://esa-worldcover.s3.eu-central-1.amazonaws.com/v200/2021/map/ESA_WorldCover_10m_2021_v200_N36W075_Map.tif
v200/2021/map/ESA_WorldCover_10m_2021_v200_N36W078_Map.tif,70022913,4d820f6678dd9b98f38d1893d3837754-9,2022-10-26T12:58:40.000Z,https://esa-worldcover.s3.eu-central-1.amazonaws.com/v200/2021/map/ESA_WorldCover_10m_2021_v200_N36W078_Map.tif
v200/2021/map/ESA_WorldCover_10m_2021_v200_N36W081_Map.tif,75802140,f71a8c72744a559ae9dbe2aebfa72d2f-10,2022-10-26T12:48:01.000Z,https://esa-worldcover.s3.eu-central-1.amazonaws.com/v200/2021/map/ESA_WorldCover_10m_2021_v200_N36W081_Map.tif
v200/2021/map/ESA_WorldCover_10m_2021_v200_N36W084_Map.tif,61807431,9910a52f53f4f134ead09ba9d1731ad4-8,2022-10-26T12:50:42.000Z,https://esa-worldcover.s3.eu-central-1.amazonaws.com/v200/2021/map/ESA_WorldCover_10m_2021_v200_N36W084_Map.tif
v200/2021/map/ESA_WorldCover_10m_2021_v200_N36W087_Map.tif,101295417,3ec54164adc4aa4fe6d6e93bc54f023e-13,2022-10-26T12:53:40.000Z,https://esa-worldcover.s3.eu-central-1.amazonaws.com/v200/2021/map/ESA_WorldCover_10m_2021_v200_N36W087_Map.tif
v200/2021/map/ESA_WorldCover_10m_2021_v200_N36W090_Map.tif,94466492,0163892e7f18f9dac10a5e0be305f49d-12,2022-10-26T12:49:10.000Z,https://esa-worldcover.s3.eu-central-1.amazonaws.com/v200/2021/map/ESA_WorldCover_10m_2021_v200_N36W090_Map.tif
v200/2021/map/ESA_WorldCover_10m_2021_v200_N36W093_Map.tif,86822750,c63c94f45df3a7526cb5cb77823dc27c-11,2022-10-26T12:47:23.000Z,https://esa-worldcover.s3.eu-central-1.amazonaws.com/v200/2021/map/ESA_WorldCover_10m_2021_v200_N36W093_Map.tif
v200/2021/map/ESA_WorldCover_10m_2021_v200_N36W096_Map.tif,118121001,f33b5dbf39dc306cf4204a4c324d8cd9-15,2022-10-26T12:54:48.000Z,https://esa-worldcover.s3.eu-central-1.amazonaws.com/v200/2021/map/ESA_WorldCover_10m_2021_v200_N36W096_Map.tif
v200/2021/map/ESA_WorldCover_10m_2021_v200_N36W099_Map.tif,83431291,b813b8f4077698b30f5ad391e58ac429-10,2022-10-26T12:55:00.000Z,https://esa-worldcover.s3.eu-central-1.amazonaws.com/v200/2021/map/ESA_WorldCover_10m_2021_v200_N36W099_Map.tif
v200/2021/map/ESA_WorldCover_10m_2021_v200_N36W102_Map.tif,43372333,cce160a5af434bc366c90537f9339dca-6,2022-10-26T12:51:20.000Z,https://esa-worldcover.s3.eu-central-1.amazonaws.com/v200/2021/map/ESA_WorldCover_10m_2021_v200_N36W102_Map.tif
v200/2021/map/ESA_WorldCover_10m_2021_v200_N36W105_Map.tif,48203251,7591327064bb951b52fc17faeb081978-6,2022-10-26T12:51:00.000Z,https://esa-worldcover.s3.eu-central-1.amazonaws.com/v200/2021/map/ESA_WorldCover_10m_2021_v200_N36W105_Map.tif
v200/2021/map/ESA_WorldCover_10m_2021_v200_N36W108_Map.tif,97176249,6cb2c2b30fb1fc8d65c011e073faa084-12,2022-10-26T12:50:05.000Z,https://esa-worldcover.s3.eu-central-1.amazonaws.com/v200/2021/map/ESA_WorldCover_10m_2021_v200_N36W108_Map.tif
v200/2021/map/ESA_WorldCover_10m_2021_v200_N36W111_Map.tif,121204889,5006867c1e88ea96d8d5de97658ac01e-15,2022-10-26T13:00:01.000Z,https://esa-worldcover.s3.eu-central-1.amazonaws.com/v200/2021/map/ESA_WorldCover_10m_2021_v200_N36W111_Map.tif
v200/2021/map/ESA_WorldCover_10m_2021_v200_N36W114_Map.tif,124750491,b50e29e606cf7d0343b40e3c803620fd-15,2022-10-26T12:50:29.000Z,https://esa-worldcover.s3.eu-central-1.amazonaws.com/v200/2021/map/ESA_WorldCover_10m_2021_v200_N36W114_Map.tif
v200/2021/map/ESA_WorldCover_10m_2021_v200_N36W117_Map.tif,114433385,419ab172f059bea7721a92466547af3d-14,2022-10-26T12:54:40.000Z,https://esa-worldcover.s3.eu-central-1.amazonaws.com/v200/2021/map/ESA_WorldCover_10m_2021_v200_N36W117_Map.tif
v200/2021/map/ESA_WorldCover_10m_2021_v200_N36W120_Map.tif,115482414,71495d1ab2ce752b50fb08dbdf36f360-14,2022-10-26T12:54:11.000Z,https://esa-worldcover.s3.eu-central-1.amazonaws.com/v200/2021/map/ESA_WorldCover_10m_2021_v200_N36W120_Map.tif
v200/2021/map/ESA_WorldCover_10m_2021_v200_N36W123_Map.tif,87597650,03bae261ff9ee76a719e982cb46dd1f6-11,2022-10-26T12:52:40.000Z,https://esa-worldcover.s3.eu-central-1.amazonaws.com/v200/2021/map/ESA_WorldCover_10m_2021_v200_N36W123_Map.tif
v200/2021/map/ESA_WorldCover_10m_2021_v200_N36W126_Map.tif,4056438,7ab667f10e3b91807cb59b20d5d121e3,2022-10-26T12:37:34.000Z,https://esa-worldcover.s3.eu-central-1.amazonaws.com/v200/2021/map/ESA_WorldCover_10m_2021_v200_N36W126_Map.tif
v200/2021/map/ESA_WorldCover_10m_2021_v200_N39E000_Map.tif,54214296,264dee300e78ad8607d6e72347c3b9e2-7,2022-10-26T12:46:42.000Z,https://esa-worldcover.s3.eu-central-1.amazonaws.com/v200/2021/map/ESA_WorldCover_10m_2021_v200_N39E000_Map.tif
v200/2021/map/ESA_WorldCover_10m_2021_v200_N39E003_Map.tif,7681487,c473469d45726bcddbfc206eb23e72b8,2022-10-26T12:40:56.000Z,https://esa-worldcover.s3.eu-central-1.amazonaws.com/v200/2021/map/ESA_WorldCover_10m_2021_v200_N39E003_Map.tif
v200/2021/map/ESA_WorldCover_10m_2021_v200_N39E006_Map.tif,23426377,147f5753ef37e7d44325d51aaef5cfdc-3,2022-10-26T12:41:22.000Z,https://esa-worldcover.s3.eu-central-1.amazonaws.com/v200/2021/map/ESA_WorldCover_10m_2021_v200_N39E006_Map.tif
v200/2021/map/ESA_WorldCover_10m_2021_v200_N39E009_Map.tif,26277576,9ee4326afab863812f06384203a49e3f-4,2022-10-26T12:46:00.000Z,https://esa-worldcover.s3.eu-central-1.amazonaws.com/v200/2021/map/ESA_WorldCover_10m_2021_v200_N39E009_Map.tif
v200/2021/map/ESA_WorldCover_10m_2021_v200_N39E012_Map.tif,41236803,493c0cdb8f7b96acb9f326575f7c9b8b-5,2022-10-26T12:43:55.000Z,https://esa-worldcover.s3.eu-central-1.amazonaws.com/v200/2021/map/ESA_WorldCover_10m_2021_v200_N39E012_Map.tif
v200/2021/map/ESA_WorldCover_10m_2021_v200_N39E015_Map.tif,66637135,e15ac691a7047d26dc07d27e56f8c10d-8,2022-10-26T12:53:05.000Z,https://esa-worldcover.s3.eu-central-1.amazonaws.com/v200/2021/map/ESA_WorldCover_10m_2021_v200_N39E015_Map.tif
v200/2021/map/ESA_WorldCover_10m_2021_v200_N39E018_Map.tif,60148624,95344ea0922f91286a1b2ca175de6543-8,2022-10-26T12:54:48.000Z,https://esa-worldcover.s3.eu-central-1.amazonaws.com/v200/2021/map/ESA_WorldCover_10m_2021_v200_N39E018_Map.tif
v200/2021/map/ESA_WorldCover_10m_2021_v200_N39E021_Map.tif,87399010,d67616c9aee6ea023e3acae482ad7a34-11,2022-10-26T12:55:56.000Z,https://esa-worldcover.s3.eu-central-1.amazonaws.com/v200/2021/map/ESA_WorldCover_10m_2021_v200_N39E021_Map.tif
v200/2021/map/ESA_WorldCover_10m_2021_v200_N39E024_Map.tif,55602696,63c7e3cb08e357577c313426e62e4e68-7,2022-10-26T12:48:18.000Z,https://esa-worldcover.s3.eu-central-1.amazonaws.com/v200/2021/map/ESA_WorldCover_10m_2021_v200_N39E024_Map.tif
v200/2021/map/ESA_WorldCover_10m_2021_v200_N39E027_Map.tif,75565146,942c94e80eba2158bc9486153d9a8f4e-10,2022-10-26T12:49:40.000Z,https://esa-worldcover.s3.eu-central-1.amazonaws.com/v200/2021/map/ESA_WorldCover_10m_2021_v200_N39E027_Map.tif
v200/2021/map/ESA_WorldCover_10m_2021_v200_N39E030_Map.tif,72981441,24423d12fa4ac6c45a03a4de7f831dea-9,2022-10-26T12:51:01.000Z,https://esa-worldcover.s3.eu-central-1.amazonaws.com/v200/2021/map/ESA_WorldCover_10m_2021_v200_N39E030_Map.tif
v200/2021/map/ESA_WorldCover_10m_2021_v200_N39E033_Map.tif,88411868,6f3fc525826e8cb6fc30a7fff5c96b5e-11,2022-10-26T12:52:04.000Z,https://esa-worldcover.s3.eu-central-1.amazonaws.com/v200/2021/map/ESA_WorldCover_10m_2021_v200_N39E033_Map.tif
v200/2021/map/ESA_WorldCover_10m_2021_v200_N39E036_Map.tif,67309364,bb5cece5c1c210d82991b1b3f8b3f8e3-9,2022-10-26T12:52:01.000Z,https://esa-worldcover.s3.eu-central-1.amazonaws.com/v200/2021/map/ESA_WorldCover_10m_2021_v200_N39E036_Map.tif
v200/2021/map/ESA_WorldCover_10m_2021_v200_N39E039_Map.tif,56837246,1522ef3c8eef9d496d51ec8e298e9219-7,2022-10-26T12:47:41.000Z,https://esa-worldcover.s3.eu-central-1.amazonaws.com/v200/2021/map/ESA_WorldCover_10m_2021_v200_N39E039_Map.tif
v200/2021/map/ESA_WorldCover_10m_2021_v200_N39E042_Map.tif,73868387,958ffaaa2534842c5ad6f19b5954c63e-9,2022-10-26T12:52:02.000Z,https://esa-worldcover.s3.eu-central-1.amazonaws.com/v200/2021/map/ESA_WorldCover_10m_2021_v200_N39E042_Map.tif
v200/2021/map/ESA_WorldCover_10m_2021_v200_N39E045_Map.tif,91670643,e05e7b62c403ce0b05815b5a9d06946a-11,2022-10-26T12:50:12.000Z,https://esa-worldcover.s3.eu-central-1.amazonaws.com/v200/2021/map/ESA_WorldCover_10m_2021_v200_N39E045_Map.tif
v200/2021/map/ESA_WorldCover_10m_2021_v200_N39E048_Map.tif,52917668,1cca79113943911c3ad740fbe2f494b0-7,2022-10-26T12:56:04.000Z,https://esa-worldcover.s3.eu-central-1.amazonaws.com/v200/2021/map/ESA_WorldCover_10m_2021_v200_N39E048_Map.tif
v200/2021/map/ESA_WorldCover_10m_2021_v200_N39E051_Map.tif,15390379,5832e153119b1da6c95241b1cf00d508-2,2022-10-26T12:47:28.000Z,https://esa-worldcover.s3.eu-central-1.amazonaws.com/v200/2021/map/ESA_WorldCover_10m_2021_v200_N39E051_Map.tif
v200/2021/map/ESA_WorldCover_10m_2021_v200_N39E054_Map.tif,70538423,c0c92716a3191a7aef0dee8fdeb179f0-9,2022-10-26T12:52:46.000Z,https://esa-worldcover.s3.eu-central-1.amazonaws.com/v200/2021/map/ESA_WorldCover_10m_2021_v200_N39E054_Map.tif
v200/2021/map/ESA_WorldCover_10m_2021_v200_N39E057_Map.tif,20920133,f760391ffa975ccc09fbc2e5bdf0b607-3,2022-10-26T12:49:53.000Z,https://esa-worldcover.s3.eu-central-1.amazonaws.com/v200/2021/map/ESA_WorldCover_10m_2021_v200_N39E057_Map.tif
v200/2021/map/ESA_WorldCover_10m_2021_v200_N39E060_Map.tif,27975646,c505de07ade2e7981f74d075282fa78b-4,2022-10-26T12:54:07.000Z,https://esa-worldcover.s3.eu-central-1.amazonaws.com/v200/2021/map/ESA_WorldCover_10m_2021_v200_N39E060_Map.tif
v200/2021/map/ESA_WorldCover_10m_2021_v200_N39E063_Map.tif,73080961,78fc5460e40ec4c36575dbbc22b1a69f-9,2022-10-26T12:52:02.000Z,https://esa-worldcover.s3.eu-central-1.amazonaws.com/v200/2021/map/ESA_WorldCover_10m_2021_v200_N39E063_Map.tif
v200/2021/map/ESA_WorldCover_10m_2021_v200_N39E066_Map.tif,75111168,6e3b64c9e2c1a2b73f14e0817ed82375-9,2022-10-26T12:49:19.000Z,https://esa-worldcover.s3.eu-central-1.amazonaws.com/v200/2021/map/ESA_WorldCover_10m_2021_v200_N39E066_Map.tif
v200/2021/map/ESA_WorldCover_10m_2021_v200_N39E069_Map.tif,101433611,00902f2858a653f169ab6d8987a4d780-13,2022-10-26T12:53:29.000Z,https://esa-worldcover.s3.eu-central-1.amazonaws.com/v200/2021/map/ESA_WorldCover_10m_2021_v200_N39E069_Map.tif
v200/2021/map/ESA_WorldCover_10m_2021_v200_N39E072_Map.tif,93125265,c6d7964023b2517d184f382d33613b15-12,2022-10-26T12:50:01.000Z,https://esa-worldcover.s3.eu-central-1.amazonaws.com/v200/2021/map/ESA_WorldCover_10m_2021_v200_N39E072_Map.tif
v200/2021/map/ESA_WorldCover_10m_2021_v200_N39E075_Map.tif,91612550,eaa2c76c37df48ab6ef3763b1e985c88-11,2022-10-26T12:49:26.000Z,https://esa-worldcover.s3.eu-central-1.amazonaws.com/v200/2021/map/ESA_WorldCover_10m_2021_v200_N39E075_Map.tif
v200/2021/map/ESA_WorldCover_10m_2021_v200_N39E078_Map.tif,56458655,00ec2160a25f2edfad167b1ba933bf60-7,2022-10-26T12:48:25.000Z,https://esa-worldcover.s3.eu-central-1.amazonaws.com/v200/2021/map/ESA_WorldCover_10m_2021_v200_N39E078_Map.tif
v200/2021/map/ESA_WorldCover_10m_2021_v200_N39E081_Map.tif,33455792,a34e9f8db483b6e286643a914ef68ccd-4,2022-10-26T12:50:29.000Z,https://esa-worldcover.s3.eu-central-1.amazonaws.com/v200/2021/map/ESA_WorldCover_10m_2021_v200_N39E081_Map.tif
v200/2021/map/ESA_WorldCover_10m_2021_v200_N39E084_Map.tif,24708369,6f5692c7cc64cbe0332ea128dcc03ca4-3,2022-10-26T12:51:38.000Z,https://esa-worldcover.s3.eu-central-1.amazonaws.com/v200/2021/map/ESA_WorldCover_10m_2021_v200_N39E084_Map.tif
v200/2021/map/ESA_WorldCover_10m_2021_v200_N39E087_Map.tif,10804114,7018191b9264bdbd6fe1891ffde674b0-2,2022-10-26T12:52:06.000Z,https://esa-worldcover.s3.eu-central-1.amazonaws.com/v200/2021/map/ESA_WorldCover_10m_2021_v200_N39E087_Map.tif
v200/2021/map/ESA_WorldCover_10m_2021_v200_N39E090_Map.tif,3533896,3d649bd2422f930124bde465ceeea903,2022-10-26T12:46:30.000Z,https://esa-worldcover.s3.eu-central-1.amazonaws.com/v200/2021/map/ESA_WorldCover_10m_2021_v200_N39E090_Map.tif
v200/2021/map/ESA_WorldCover_10m_2021_v200_N39E093_Map.tif,15849974,10d78a058eb604f712566e7e710e84ad-2,2022-10-26T12:50:02.000Z,https://esa-worldcover.s3.eu-central-1.amazonaws.com/v200/2021/map/ESA_WorldCover_10m_2021_v200_N39E093_Map.tif
v200/2021/map/ESA_WorldCover_10m_2021_v200_N39E096_Map.tif,37085083,dc19b681fe4000cc43c4318f205b5f38-5,2022-10-26T12:53:04.000Z,https://esa-worldcover.s3.eu-central-1.amazonaws.com/v200/2021/map/ESA_WorldCover_10m_2021_v200_N39E096_Map.tif
v200/2021/map/ESA_WorldCover_10m_2021_v200_N39E099_Map.tif,15286412,d34bdba1622641911802ce73c23a5907-2,2022-10-26T12:47:35.000Z,https://esa-worldcover.s3.eu-central-1.amazonaws.com/v200/2021/map/ESA_WorldCover_10m_2021_v200_N39E099_Map.tif
v200/2021/map/ESA_WorldCover_10m_2021_v200_N39E102_Map.tif,4330211,b8dff3e95a239bbab06f051933515630,2022-10-26T12:49:23.000Z,https://esa-worldcover.s3.eu-central-1.amazonaws.com/v200/2021/map/ESA_WorldCover_10m_2021_v200_N39E102_Map.tif
v200/2021/map/ESA_WorldCover_10m_2021_v200_N39E105_Map.tif,38717305,3b61a48585414a53a244b01627b32eb2-5,2022-10-26T12:48:32.000Z,https://esa-worldcover.s3.eu-central-1.amazonaws.com/v200/2021/map/ESA_WorldCover_10m_2021_v200_N39E105_Map.tif
v200/2021/map/ESA_WorldCover_10m_2021_v200_N39E108_Map.tif,94835942,efdee24d79d56260f36f40d4cb9cd460-12,2022-10-26T12:56:18.000Z,https://esa-worldcover.s3.eu-central-1.amazonaws.com/v200/2021/map/ESA_WorldCover_10m_2021_v200_N39E108_Map.tif
v200/2021/map/ESA_WorldCover_10m_2021_v200_N39E111_Map.tif,85843217,8edf9dcc562bdd3ae3ca7a8a415fc96e-11,2022-10-26T12:54:21.000Z,https://esa-worldcover.s3.eu-central-1.amazonaws.com/v200/2021/map/ESA_WorldCover_10m_2021_v200_N39E111_Map.tif
v200/2021/map/ESA_WorldCover_10m_2021_v200_N39E114_Map.tif,108133854,53cd1e58714b67304fc33d9f7fe84bff-13,2022-10-26T12:58:27.000Z,https://esa-worldcover.s3.eu-central-1.amazonaws.com/v200/2021/map/ESA_WorldCover_10m_2021_v200_N39E114_Map.tif
v200/2021/map/ESA_WorldCover_10m_2021_v200_N39E117_Map.tif,113664937,14373255c2bc84607f19e3b4caefa63d-14,2022-10-26T12:59:30.000Z,https://esa-worldcover.s3.eu-central-1.amazonaws.com/v200/2021/map/ESA_WorldCover_10m_2021_v200_N39E117_Map.tif
v200/2021/map/ESA_WorldCover_10m_2021_v200_N39E120_Map.tif,80561675,23b89c1143b2ba261cdcd521c602eb09-10,2022-10-26T12:53:41.000Z,https://esa-worldcover.s3.eu-central-1.amazonaws.com/v200/2021/map/ESA_WorldCover_10m_2021_v200_N39E120_Map.tif
v200/2021/map/ESA_WorldCover_10m_2021_v200_N39E123_Map.tif,73312698,9809bb282201c8b640679abe302fd208-9,2022-10-26T12:49:39.000Z,https://esa-worldcover.s3.eu-central-1.amazonaws.com/v200/2021/map/ESA_WorldCover_10m_2021_v200_N39E123_Map.tif
v200/2021/map/ESA_WorldCover_10m_2021_v200_N39E126_Map.tif,52734180,266eb67ebcaa985ee2a2451b2651c2a7-7,2022-10-26T12:55:04.000Z,https://esa-worldcover.s3.eu-central-1.amazonaws.com/v200/2021/map/ESA_WorldCover_10m_2021_v200_N39E126_Map.tif
v200/2021/map/ESA_WorldCover_10m_2021_v200_N39E129_Map.tif,9026865,1761c719f769e6fd66a063254f4eb0b7-2,2022-10-26T12:40:53.000Z,https://esa-worldcover.s3.eu-central-1.amazonaws.com/v200/2021/map/ESA_WorldCover_10m_2021_v200_N39E129_Map.tif
v200/2021/map/ESA_WorldCover_10m_2021_v200_N39E138_Map.tif,15297554,66ac22c922220d5e9b7b597a5ab7cd40-2,2022-10-26T12:48:32.000Z,https://esa-worldcover.s3.eu-central-1.amazonaws.com/v200/2021/map/ESA_WorldCover_10m_2021_v200_N39E138_Map.tif
v200/2021/map/ESA_WorldCover_10m_2021_v200_N39E141_Map.tif,13412964,ab13a077f75186eed331cb205d068ba2-2,2022-10-26T12:45:02.000Z,https://esa-worldcover.s3.eu-central-1.amazonaws.com/v200/2021/map/ESA_WorldCover_10m_2021_v200_N39E141_Map.tif
v200/2021/map/ESA_WorldCover_10m_2021_v200_N39W003_Map.tif,127965948,b12053ccb59a9e10948b33082f7cc70d-16,2022-10-26T12:51:35.000Z,https://esa-worldcover.s3.eu-central-1.amazonaws.com/v200/2021/map/ESA_WorldCover_10m_2021_v200_N39W003_Map.tif
v200/2021/map/ESA_WorldCover_10m_2021_v200_N39W006_Map.tif,110846692,402f7bf24dbfd4ba135e1589b6cffe67-14,2022-10-26T12:52:24.000Z,https://esa-worldcover.s3.eu-central-1.amazonaws.com/v200/2021/map/ESA_WorldCover_10m_2021_v200_N39W006_Map.tif
v200/2021/map/ESA_WorldCover_10m_2021_v200_N39W009_Map.tif,129131375,c2ca8efaf5130378ad837d61cba218e0-16,2022-10-26T12:54:10.000Z,https://esa-worldcover.s3.eu-central-1.amazonaws.com/v200/2021/map/ESA_WorldCover_10m_2021_v200_N39W009_Map.tif
v200/2021/map/ESA_WorldCover_10m_2021_v200_N39W012_Map.tif,5878044,08ee086f6bffdddceaffb7c5dbf14ba0,2022-10-26T12:39:39.000Z,https://esa-worldcover.s3.eu-central-1.amazonaws.com/v200/2021/map/ESA_WorldCover_10m_2021_v200_N39W012_Map.tif
v200/2021/map/ESA_WorldCover_10m_2021_v200_N39W030_Map.tif,2094714,d104de2dee1c3ac1ab78a3534ddc4926,2022-10-26T12:39:08.000Z,https://esa-worldcover.s3.eu-central-1.amazonaws.com/v200/2021/map/ESA_WorldCover_10m_2021_v200_N39W030_Map.tif
v200/2021/map/ESA_WorldCover_10m_2021_v200_N39W033_Map.tif,2255536,c3e120aead851f4ad3db6cd8567e6016,2022-10-26T12:38:57.000Z,https://esa-worldcover.s3.eu-central-1.amazonaws.com/v200/2021/map/ESA_WorldCover_10m_2021_v200_N39W033_Map.tif
v200/2021/map/ESA_WorldCover_10m_2021_v200_N39W072_Map.tif,12613790,da9d5136f4ef7c098bb8db1852f600ff-2,2022-10-26T12:42:57.000Z,https://esa-worldcover.s3.eu-central-1.amazonaws.com/v200/2021/map/ESA_WorldCover_10m_2021_v200_N39W072_Map.tif
v200/2021/map/ESA_WorldCover_10m_2021_v200_N39W075_Map.tif,56854532,a6a128431019376596f3470d0a4fcde5-7,2022-10-26T12:48:52.000Z,https://esa-worldcover.s3.eu-central-1.amazonaws.com/v200/2021/map/ESA_WorldCover_10m_2021_v200_N39W075_Map.tif
v200/2021/map/ESA_WorldCover_10m_2021_v200_N39W078_Map.tif,102990452,cd50735dfc283b9774028262c4415332-13,2022-10-26T12:49:43.000Z,https://esa-worldcover.s3.eu-central-1.amazonaws.com/v200/2021/map/ESA_WorldCover_10m_2021_v200_N39W078_Map.tif
v200/2021/map/ESA_WorldCover_10m_2021_v200_N39W081_Map.tif,82057227,c1a509a19456215ef61bc7a119ad2673-10,2022-10-26T12:49:06.000Z,https://esa-worldcover.s3.eu-central-1.amazonaws.com/v200/2021/map/ESA_WorldCover_10m_2021_v200_N39W081_Map.tif
v200/2021/map/ESA_WorldCover_10m_2021_v200_N39W084_Map.tif,92309684,41855e0190831132dd18a0f7a174f3b6-12,2022-10-26T12:55:02.000Z,https://esa-worldcover.s3.eu-central-1.amazonaws.com/v200/2021/map/ESA_WorldCover_10m_2021_v200_N39W084_Map.tif
v200/2021/map/ESA_WorldCover_10m_2021_v200_N39W087_Map.tif,98580896,09975d84ad5b05857d98755c7d42bc11-12,2022-10-26T12:51:51.000Z,https://esa-worldcover.s3.eu-central-1.amazonaws.com/v200/2021/map/ESA_WorldCover_10m_2021_v200_N39W087_Map.tif
v200/2021/map/ESA_WorldCover_10m_2021_v200_N39W090_Map.tif,74618789,91546122dc8cf821894accc63dee8462-9,2022-10-26T12:48:33.000Z,https://esa-worldcover.s3.eu-central-1.amazonaws.com/v200/2021/map/ESA_WorldCover_10m_2021_v200_N39W090_Map.tif
v200/2021/map/ESA_WorldCover_10m_2021_v200_N39W093_Map.tif,100246099,03f91224fbaf4f4de2946f3414c58fe6-12,2022-10-26T12:49:53.000Z,https://esa-worldcover.s3.eu-central-1.amazonaws.com/v200/2021/map/ESA_WorldCover_10m_2021_v200_N39W093_Map.tif
v200/2021/map/ESA_WorldCover_10m_2021_v200_N39W096_Map.tif,107126889,ef9dc9704e45409a3e28992b10ad829b-13,2022-10-26T12:49:19.000Z,https://esa-worldcover.s3.eu-central-1.amazonaws.com/v200/2021/map/ESA_WorldCover_10m_2021_v200_N39W096_Map.tif
v200/2021/map/ESA_WorldCover_10m_2021_v200_N39W099_Map.tif,75838757,0d43bedc35761df1f5e728b0b62f2efb-10,2022-10-26T12:49:00.000Z,https://esa-worldcover.s3.eu-central-1.amazonaws.com/v200/2021/map/ESA_WorldCover_10m_2021_v200_N39W099_Map.tif
v200/2021/map/ESA_WorldCover_10m_2021_v200_N39W102_Map.tif,47818807,3dedda648e87372c56c4a9cb9d21ca8b-6,2022-10-26T12:53:12.000Z,https://esa-worldcover.s3.eu-central-1.amazonaws.com/v200/2021/map/ESA_WorldCover_10m_2021_v200_N39W102_Map.tif
v200/2021/map/ESA_WorldCover_10m_2021_v200_N39W105_Map.tif,51334941,88f0173b5814ab65719e74f1ddf9c88f-7,2022-10-26T12:49:43.000Z,https://esa-worldcover.s3.eu-central-1.amazonaws.com/v200/2021/map/ESA_WorldCover_10m_2021_v200_N39W105_Map.tif
v200/2021/map/ESA_WorldCover_10m_2021_v200_N39W108_Map.tif,81763842,09ca07ce105a85d6a850b06f868c0582-10,2022-10-26T12:57:23.000Z,https://esa-worldcover.s3.eu-central-1.amazonaws.com/v200/2021/map/ESA_WorldCover_10m_2021_v200_N39W108_Map.tif
v200/2021/map/ESA_WorldCover_10m_2021_v200_N39W111_Map.tif,140138121,a03474937840c5fa007f2ad61d128695-17,2022-10-26T12:54:18.000Z,https://esa-worldcover.s3.eu-central-1.amazonaws.com/v200/2021/map/ESA_WorldCover_10m_2021_v200_N39W111_Map.tif
v200/2021/map/ESA_WorldCover_10m_2021_v200_N39W114_Map.tif,98433488,158227a59c92c33e3cb407be25f70475-12,2022-10-26T12:49:00.000Z,https://esa-worldcover.s3.eu-central-1.amazonaws.com/v200/2021/map/ESA_WorldCover_10m_2021_v200_N39W114_Map.tif
v200/2021/map/ESA_WorldCover_10m_2021_v200_N39W117_Map.tif,106126091,07862f5d7c69da504ef585258adcf9b3-13,2022-10-26T12:51:40.000Z,https://esa-worldcover.s3.eu-central-1.amazonaws.com/v200/2021/map/ESA_WorldCover_10m_2021_v200_N39W117_Map.tif
v200/2021/map/ESA_WorldCover_10m_2021_v200_N39W120_Map.tif,113979712,33fdca5abeec79f6c989912dea87efb8-14,2022-10-26T12:49:38.000Z,https://esa-worldcover.s3.eu-central-1.amazonaws.com/v200/2021/map/ESA_WorldCover_10m_2021_v200_N39W120_Map.tif
v200/2021/map/ESA_WorldCover_10m_2021_v200_N39W123_Map.tif,69661638,1a5b886c503f16d4d3809c689148c5f8-9,2022-10-26T12:54:27.000Z,https://esa-worldcover.s3.eu-central-1.amazonaws.com/v200/2021/map/ESA_WorldCover_10m_2021_v200_N39W123_Map.tif
v200/2021/map/ESA_WorldCover_10m_2021_v200_N39W126_Map.tif,17027638,7376e929c0560a3dda437fd3f6f39bf8-3,2022-10-26T12:44:53.000Z,https://esa-worldcover.s3.eu-central-1.amazonaws.com/v200/2021/map/ESA_WorldCover_10m_2021_v200_N39W126_Map.tif
v200/2021/map/ESA_WorldCover_10m_2021_v200_N42E000_Map.tif,117009669,b82692945e6f801e0d7266f66b0363e4-14,2022-10-26T12:54:34.000Z,https://esa-worldcover.s3.eu-central-1.amazonaws.com/v200/2021/map/ESA_WorldCover_10m_2021_v200_N42E000_Map.tif
v200/2021/map/ESA_WorldCover_10m_2021_v200_N42E003_Map.tif,69615796,c628b45fa5ed6a7293b7c6e1803af348-9,2022-10-26T12:49:05.000Z,https://esa-worldcover.s3.eu-central-1.amazonaws.com/v200/2021/map/ESA_WorldCover_10m_2021_v200_N42E003_Map.tif
v200/2021/map/ESA_WorldCover_10m_2021_v200_N42E006_Map.tif,51160212,f1bf16e942594a15f57db6547bdff58b-7,2022-10-26T12:51:08.000Z,https://esa-worldcover.s3.eu-central-1.amazonaws.com/v200/2021/map/ESA_WorldCover_10m_2021_v200_N42E006_Map.tif
v200/2021/map/ESA_WorldCover_10m_2021_v200_N42E009_Map.tif,72420601,16b2cf7e8d2b5cfe2679bdcf5c3e15cf-9,2022-10-26T12:52:39.000Z,https://esa-worldcover.s3.eu-central-1.amazonaws.com/v200/2021/map/ESA_WorldCover_10m_2021_v200_N42E009_Map.tif
v200/2021/map/ESA_WorldCover_10m_2021_v200_N42E012_Map.tif,64880418,f13dcbb3e30f97ac81dd619020a8a0ca-8,2022-10-26T12:51:57.000Z,https://esa-worldcover.s3.eu-central-1.amazonaws.com/v200/2021/map/ESA_WorldCover_10m_2021_v200_N42E012_Map.tif
v200/2021/map/ESA_WorldCover_10m_2021_v200_N42E015_Map.tif,54463449,5b642b2fbbda0e26d6a753a75c2a0eaf-7,2022-10-26T12:53:34.000Z,https://esa-worldcover.s3.eu-central-1.amazonaws.com/v200/2021/map/ESA_WorldCover_10m_2021_v200_N42E015_Map.tif
v200/2021/map/ESA_WorldCover_10m_2021_v200_N42E018_Map.tif,92152214,2966f2c50945f190665aff9aa2395453-11,2022-10-26T12:53:26.000Z,https://esa-worldcover.s3.eu-central-1.amazonaws.com/v200/2021/map/ESA_WorldCover_10m_2021_v200_N42E018_Map.tif
v200/2021/map/ESA_WorldCover_10m_2021_v200_N42E021_Map.tif,84628979,0ea2287c6e4d45ddeca1582b47a0862a-11,2022-10-26T12:58:49.000Z,https://esa-worldcover.s3.eu-central-1.amazonaws.com/v200/2021/map/ESA_WorldCover_10m_2021_v200_N42E021_Map.tif
v200/2021/map/ESA_WorldCover_10m_2021_v200_N42E024_Map.tif,73278657,73c660351de77a1d8cecb33cc835e6d7-9,2022-10-26T12:55:12.000Z,https://esa-worldcover.s3.eu-central-1.amazonaws.com/v200/2021/map/ESA_WorldCover_10m_2021_v200_N42E024_Map.tif
v200/2021/map/ESA_WorldCover_10m_2021_v200_N42E027_Map.tif,27924603,313a379c57ac0831985b2eb79648ed39-4,2022-10-26T12:46:40.000Z,https://esa-worldcover.s3.eu-central-1.amazonaws.com/v200/2021/map/ESA_WorldCover_10m_2021_v200_N42E027_Map.tif
v200/2021/map/ESA_WorldCover_10m_2021_v200_N42E033_Map.tif,7704308,b3affea4194e0cc43c9f1d597efe61a9,2022-10-26T12:47:55.000Z,https://esa-worldcover.s3.eu-central-1.amazonaws.com/v200/2021/map/ESA_WorldCover_10m_2021_v200_N42E033_Map.tif
v200/2021/map/ESA_WorldCover_10m_2021_v200_N42E036_Map.tif,6900220,d226ac1dba5d13119fe510a094bb6059,2022-10-26T12:42:38.000Z,https://esa-worldcover.s3.eu-central-1.amazonaws.com/v200/2021/map/ESA_WorldCover_10m_2021_v200_N42E036_Map.tif
v200/2021/map/ESA_WorldCover_10m_2021_v200_N42E039_Map.tif,40890688,c83ef44ea4e849bf96b48d2043addd83-5,2022-10-26T12:52:21.000Z,https://esa-worldcover.s3.eu-central-1.amazonaws.com/v200/2021/map/ESA_WorldCover_10m_2021_v200_N42E039_Map.tif
v200/2021/map/ESA_WorldCover_10m_2021_v200_N42E042_Map.tif,66035601,4cf80ec2bd9f20a3dff066e774920f89-8,2022-10-26T13:01:53.000Z,https://esa-worldcover.s3.eu-central-1.amazonaws.com/v200/2021/map/ESA_WorldCover_10m_2021_v200_N42E042_Map.tif
v200/2021/map/ESA_WorldCover_10m_2021_v200_N42E045_Map.tif,55836521,ab690ac70b813aa8aa1dbd4bdbad5726-7,2022-10-26T12:54:04.000Z,https://esa-worldcover.s3.eu-central-1.amazonaws.com/v200/2021/map/ESA_WorldCover_10m_2021_v200_N42E045_Map.tif
v200/2021/map/ESA_WorldCover_10m_2021_v200_N42E048_Map.tif,5454070,4042a659a4c66553306da283bf66ff55,2022-10-26T12:51:05.000Z,https://esa-worldcover.s3.eu-central-1.amazonaws.com/v200/2021/map/ESA_WorldCover_10m_2021_v200_N42E048_Map.tif
v200/2021/map/ESA_WorldCover_10m_2021_v200_N42E051_Map.tif,65990550,c36e82cef1d3c0ec58c30b6b130ad190-8,2022-10-26T12:54:10.000Z,https://esa-worldcover.s3.eu-central-1.amazonaws.com/v200/2021/map/ESA_WorldCover_10m_2021_v200_N42E051_Map.tif
v200/2021/map/ESA_WorldCover_10m_2021_v200_N42E054_Map.tif,81611093,2ea39a07585ba92c1008d62e789bcfc4-10,2022-10-26T12:56:30.000Z,https://esa-worldcover.s3.eu-central-1.amazonaws.com/v200/2021/map/ESA_WorldCover_10m_2021_v200_N42E054_Map.tif
v200/2021/map/ESA_WorldCover_10m_2021_v200_N42E057_Map.tif,57817827,d1877e14784d64abb41ceedc33a52086-7,2022-10-26T12:59:40.000Z,https://esa-worldcover.s3.eu-central-1.amazonaws.com/v200/2021/map/ESA_WorldCover_10m_2021_v200_N42E057_Map.tif
v200/2021/map/ESA_WorldCover_10m_2021_v200_N42E060_Map.tif,65566738,6de2ac662b7d83b79e844973e8b49b43-8,2022-10-26T13:03:24.000Z,https://esa-worldcover.s3.eu-central-1.amazonaws.com/v200/2021/map/ESA_WorldCover_10m_2021_v200_N42E060_Map.tif
v200/2021/map/ESA_WorldCover_10m_2021_v200_N42E063_Map.tif,142537200,23f18ec0d0eaeea24be26e1534b63678-17,2022-10-26T12:53:19.000Z,https://esa-worldcover.s3.eu-central-1.amazonaws.com/v200/2021/map/ESA_WorldCover_10m_2021_v200_N42E063_Map.tif
v200/2021/map/ESA_WorldCover_10m_2021_v200_N42E066_Map.tif,105820827,5d4e19a60e456855ab15ded8f60a7cb3-13,2022-10-26T12:59:08.000Z,https://esa-worldcover.s3.eu-central-1.amazonaws.com/v200/2021/map/ESA_WorldCover_10m_2021_v200_N42E066_Map.tif
v200/2021/map/ESA_WorldCover_10m_2021_v200_N42E069_Map.tif,77288819,f3df4b4eb255b7f9ded15f157cbc374a-10,2022-10-26T12:52:21.000Z,https://esa-worldcover.s3.eu-central-1.amazonaws.com/v200/2021/map/ESA_WorldCover_10m_2021_v200_N42E069_Map.tif
v200/2021/map/ESA_WorldCover_10m_2021_v200_N42E072_Map.tif,68174596,0ac5a4a52043296125049a5ec575e72b-9,2022-10-26T12:51:23.000Z,https://esa-worldcover.s3.eu-central-1.amazonaws.com/v200/2021/map/ESA_WorldCover_10m_2021_v200_N42E072_Map.tif
v200/2021/map/ESA_WorldCover_10m_2021_v200_N42E075_Map.tif,54019129,94bf70d1e69e8445d5fc687be627be22-7,2022-10-26T12:54:36.000Z,https://esa-worldcover.s3.eu-central-1.amazonaws.com/v200/2021/map/ESA_WorldCover_10m_2021_v200_N42E075_Map.tif
v200/2021/map/ESA_WorldCover_10m_2021_v200_N42E078_Map.tif,83775928,d14947571bf17dde356fca81fe2e0714-10,2022-10-26T12:55:15.000Z,https://esa-worldcover.s3.eu-central-1.amazonaws.com/v200/2021/map/ESA_WorldCover_10m_2021_v200_N42E078_Map.tif
v200/2021/map/ESA_WorldCover_10m_2021_v200_N42E081_Map.tif,81600025,3f91192cfcbe25a3d3a2ff6caeb95f35-10,2022-10-26T12:50:45.000Z,https://esa-worldcover.s3.eu-central-1.amazonaws.com/v200/2021/map/ESA_WorldCover_10m_2021_v200_N42E081_Map.tif
v200/2021/map/ESA_WorldCover_10m_2021_v200_N42E084_Map.tif,93239458,5e83a2043beb5ef821253593f248be97-12,2022-10-26T12:58:09.000Z,https://esa-worldcover.s3.eu-central-1.amazonaws.com/v200/2021/map/ESA_WorldCover_10m_2021_v200_N42E084_Map.tif
v200/2021/map/ESA_WorldCover_10m_2021_v200_N42E087_Map.tif,71474128,dddd174a5a26a2a6e882126711feac3b-9,2022-10-26T12:52:35.000Z,https://esa-worldcover.s3.eu-central-1.amazonaws.com/v200/2021/map/ESA_WorldCover_10m_2021_v200_N42E087_Map.tif
v200/2021/map/ESA_WorldCover_10m_2021_v200_N42E090_Map.tif,30673406,82f1c42009f5ef44a140fb05c561dc08-4,2022-10-26T12:49:51.000Z,https://esa-worldcover.s3.eu-central-1.amazonaws.com/v200/2021/map/ESA_WorldCover_10m_2021_v200_N42E090_Map.tif
v200/2021/map/ESA_WorldCover_10m_2021_v200_N42E093_Map.tif,25277737,f20be53271a854f63fbcf528feeaa0a6-4,2022-10-26T12:49:10.000Z,https://esa-worldcover.s3.eu-central-1.amazonaws.com/v200/2021/map/ESA_WorldCover_10m_2021_v200_N42E093_Map.tif
v200/2021/map/ESA_WorldCover_10m_2021_v200_N42E096_Map.tif,14232388,f07b24dc08572ba225dc908d3e85a8a6-2,2022-10-26T12:52:03.000Z,https://esa-worldcover.s3.eu-central-1.amazonaws.com/v200/2021/map/ESA_WorldCover_10m_2021_v200_N42E096_Map.tif
v200/2021/map/ESA_WorldCover_10m_2021_v200_N42E099_Map.tif,28659242,af65d78e702035db6445c52630348c3e-4,2022-10-26T12:48:53.000Z,https://esa-worldcover.s3.eu-central-1.amazonaws.com/v200/2021/map/ESA_WorldCover_10m_2021_v200_N42E099_Map.tif
v200/2021/map/ESA_WorldCover_10m_2021_v200_N42E102_Map.tif,24698801,60a27062861694760697b8e4a979123b-3,2022-10-26T12:55:27.000Z,https://esa-worldcover.s3.eu-central-1.amazonaws.com/v200/2021/map/ESA_WorldCover_10m_2021_v200_N42E102_Map.tif
v200/2021/map/ESA_WorldCover_10m_2021_v200_N42E105_Map.tif,14254046,c3fddd88988732b5adb4715c1f11a032-2,2022-10-26T12:49:16.000Z,https://esa-worldcover.s3.eu-central-1.amazonaws.com/v200/2021/map/ESA_WorldCover_10m_2021_v200_N42E105_Map.tif
v200/2021/map/ESA_WorldCover_10m_2021_v200_N42E108_Map.tif,42157853,2c158fde64a5cf8288f082cf6e18d9b6-6,2022-10-26T12:50:52.000Z,https://esa-worldcover.s3.eu-central-1.amazonaws.com/v200/2021/map/ESA_WorldCover_10m_2021_v200_N42E108_Map.tif
v200/2021/map/ESA_WorldCover_10m_2021_v200_N42E111_Map.tif,69859597,365728420d2da30554e5b5ab8a9101fa-9,2022-10-26T12:50:31.000Z,https://esa-worldcover.s3.eu-central-1.amazonaws.com/v200/2021/map/ESA_WorldCover_10m_2021_v200_N42E111_Map.tif
v200/2021/map/ESA_WorldCover_10m_2021_v200_N42E114_Map.tif,37884850,8ceb08338d9f57b313c78dbba27432dd-5,2022-10-26T12:51:41.000Z,https://esa-worldcover.s3.eu-central-1.amazonaws.com/v200/2021/map/ESA_WorldCover_10m_2021_v200_N42E114_Map.tif
v200/2021/map/ESA_WorldCover_10m_2021_v200_N42E117_Map.tif,67082677,8c3fc5e0ca93c2a61967e6c27a59481f-8,2022-10-26T12:53:33.000Z,https://esa-worldcover.s3.eu-central-1.amazonaws.com/v200/2021/map/ESA_WorldCover_10m_2021_v200_N42E117_Map.tif
v200/2021/map/ESA_WorldCover_10m_2021_v200_N42E120_Map.tif,87464424,aef403b45ff0de79d545e41ec310867b-11,2022-10-26T12:54:27.000Z,https://esa-worldcover.s3.eu-central-1.amazonaws.com/v200/2021/map/ESA_WorldCover_10m_2021_v200_N42E120_Map.tif
v200/2021/map/ESA_WorldCover_10m_2021_v200_N42E123_Map.tif,80605004,67074e1b7ca2a813b73d1983ce4b5f47-10,2022-10-26T12:56:59.000Z,https://esa-worldcover.s3.eu-central-1.amazonaws.com/v200/2021/map/ESA_WorldCover_10m_2021_v200_N42E123_Map.tif
v200/2021/map/ESA_WorldCover_10m_2021_v200_N42E126_Map.tif,46969996,a7d9629d531f442c731df3c8f1990316-6,2022-10-26T12:52:28.000Z,https://esa-worldcover.s3.eu-central-1.amazonaws.com/v200/2021/map/ESA_WorldCover_10m_2021_v200_N42E126_Map.tif
v200/2021/map/ESA_WorldCover_10m_2021_v200_N42E129_Map.tif,45171259,a5c9283562172099291cb2a5670485c1-6,2022-10-26T12:52:20.000Z,https://esa-worldcover.s3.eu-central-1.amazonaws.com/v200/2021/map/ESA_WorldCover_10m_2021_v200_N42E129_Map.tif
v200/2021/map/ESA_WorldCover_10m_2021_v200_N42E132_Map.tif,23194069,b22a09e3f28fb93822350dbed86b08ec-3,2022-10-26T12:47:55.000Z,https://esa-worldcover.s3.eu-central-1.amazonaws.com/v200/2021/map/ESA_WorldCover_10m_2021_v200_N42E132_Map.tif
v200/2021/map/ESA_WorldCover_10m_2021_v200_N42E135_Map.tif,5037405,9bca37f51134a5c23de9604b9fdb48dc,2022-10-26T12:44:02.000Z,https://esa-worldcover.s3.eu-central-1.amazonaws.com/v200/2021/map/ESA_WorldCover_10m_2021_v200_N42E135_Map.tif
v200/2021/map/ESA_WorldCover_10m_2021_v200_N42E138_Map.tif,6924847,266f5ce578705e0d8c4940d0900dfe35,2022-10-26T12:44:55.000Z,https://esa-worldcover.s3.eu-central-1.amazonaws.com/v200/2021/map/ESA_WorldCover_10m_2021_v200_N42E138_Map.tif
v200/2021/map/ESA_WorldCover_10m_2021_v200_N42E141_Map.tif,36350168,bf6f880e0fbfc3bf23d75e95ab05a427-5,2022-10-26T12:49:25.000Z,https://esa-worldcover.s3.eu-central-1.amazonaws.com/v200/2021/map/ESA_WorldCover_10m_2021_v200_N42E141_Map.tif
v200/2021/map/ESA_WorldCover_10m_2021_v200_N42E144_Map.tif,15819607,85bb7604e78af0fb45ce8c400e6a624a-2,2022-10-26T12:45:29.000Z,https://esa-worldcover.s3.eu-central-1.amazonaws.com/v200/2021/map/ESA_WorldCover_10m_2021_v200_N42E144_Map.tif
v200/2021/map/ESA_WorldCover_10m_2021_v200_N42E147_Map.tif,3010253,2e02bb28c5cc2acc9e678264437e4039,2022-10-26T12:42:36.000Z,https://esa-worldcover.s3.eu-central-1.amazonaws.com/v200/2021/map/ESA_WorldCover_10m_2021_v200_N42E147_Map.tif
v200/2021/map/ESA_WorldCover_10m_2021_v200_N42W003_Map.tif,78464251,bd29c227ad43dfe106216d48eea35404-10,2022-10-26T12:54:34.000Z,https://esa-worldcover.s3.eu-central-1.amazonaws.com/v200/2021/map/ESA_WorldCover_10m_2021_v200_N42W003_Map.tif
v200/2021/map/ESA_WorldCover_10m_2021_v200_N42W006_Map.tif,49698929,12590c8933005485995b394b6d0eb475-6,2022-10-26T12:46:14.000Z,https://esa-worldcover.s3.eu-central-1.amazonaws.com/v200/2021/map/ESA_WorldCover_10m_2021_v200_N42W006_Map.tif
v200/2021/map/ESA_WorldCover_10m_2021_v200_N42W009_Map.tif,61877040,88c48c217144be77f21a883e41f65453-8,2022-10-26T12:46:41.000Z,https://esa-worldcover.s3.eu-central-1.amazonaws.com/v200/2021/map/ESA_WorldCover_10m_2021_v200_N42W009_Map.tif
v200/2021/map/ESA_WorldCover_10m_2021_v200_N42W012_Map.tif,3720808,482a17803cd19d6e51807c712d3d2ad5,2022-10-26T12:41:27.000Z,https://esa-worldcover.s3.eu-central-1.amazonaws.com/v200/2021/map/ESA_WorldCover_10m_2021_v200_N42W012_Map.tif
v200/2021/map/ESA_WorldCover_10m_2021_v200_N42W060_Map.tif,2007405,b0e99de59c9dcba6ed2ed1cd104ff2ea,2022-10-26T12:40:15.000Z,https://esa-worldcover.s3.eu-central-1.amazonaws.com/v200/2021/map/ESA_WorldCover_10m_2021_v200_N42W060_Map.tif
v200/2021/map/ESA_WorldCover_10m_2021_v200_N42W063_Map.tif,3293962,3d64a0a8c05e301cb53919877bf768c9,2022-10-26T12:41:10.000Z,https://esa-worldcover.s3.eu-central-1.amazonaws.com/v200/2021/map/ESA_WorldCover_10m_2021_v200_N42W063_Map.tif
v200/2021/map/ESA_WorldCover_10m_2021_v200_N42W066_Map.tif,19165168,2b4736335f3461f7be1afafc4f0d67ca-3,2022-10-26T12:45:36.000Z,https://esa-worldcover.s3.eu-central-1.amazonaws.com/v200/2021/map/ESA_WorldCover_10m_2021_v200_N42W066_Map.tif
v200/2021/map/ESA_WorldCover_10m_2021_v200_N42W069_Map.tif,11396839,46dd6b19448029d3922efbdc0591da60-2,2022-10-26T12:44:15.000Z,https://esa-worldcover.s3.eu-central-1.amazonaws.com/v200/2021/map/ESA_WorldCover_10m_2021_v200_N42W069_Map.tif
v200/2021/map/ESA_WorldCover_10m_2021_v200_N42W072_Map.tif,49654974,c7ef7e344571523440b6a0944121fdaf-6,2022-10-26T12:49:37.000Z,https://esa-worldcover.s3.eu-central-1.amazonaws.com/v200/2021/map/ESA_WorldCover_10m_2021_v200_N42W072_Map.tif
v200/2021/map/ESA_WorldCover_10m_2021_v200_N42W075_Map.tif,64547072,9f0cefc933fd62374fa666e1c5852193-8,2022-10-26T12:52:57.000Z,https://esa-worldcover.s3.eu-central-1.amazonaws.com/v200/2021/map/ESA_WorldCover_10m_2021_v200_N42W075_Map.tif
v200/2021/map/ESA_WorldCover_10m_2021_v200_N42W078_Map.tif,88488748,bd5e0256aab98d8d8e939cf52e3f6823-11,2022-10-26T12:54:42.000Z,https://esa-worldcover.s3.eu-central-1.amazonaws.com/v200/2021/map/ESA_WorldCover_10m_2021_v200_N42W078_Map.tif
v200/2021/map/ESA_WorldCover_10m_2021_v200_N42W081_Map.tif,85292588,8419cd78c57fc5269d2604b50b19af55-11,2022-10-26T12:54:49.000Z,https://esa-worldcover.s3.eu-central-1.amazonaws.com/v200/2021/map/ESA_WorldCover_10m_2021_v200_N42W081_Map.tif
v200/2021/map/ESA_WorldCover_10m_2021_v200_N42W084_Map.tif,64923355,4a4549762cabbc7ff274f198bd7fe79b-8,2022-10-26T12:53:50.000Z,https://esa-worldcover.s3.eu-central-1.amazonaws.com/v200/2021/map/ESA_WorldCover_10m_2021_v200_N42W084_Map.tif
v200/2021/map/ESA_WorldCover_10m_2021_v200_N42W087_Map.tif,76479652,94c9dd328b7281698a1c6d9173be15e6-10,2022-10-26T12:50:20.000Z,https://esa-worldcover.s3.eu-central-1.amazonaws.com/v200/2021/map/ESA_WorldCover_10m_2021_v200_N42W087_Map.tif
v200/2021/map/ESA_WorldCover_10m_2021_v200_N42W090_Map.tif,92374613,7adfb0597721b0b788d7ea7b19287294-12,2022-10-26T12:51:08.000Z,https://esa-worldcover.s3.eu-central-1.amazonaws.com/v200/2021/map/ESA_WorldCover_10m_2021_v200_N42W090_Map.tif
v200/2021/map/ESA_WorldCover_10m_2021_v200_N42W093_Map.tif,96773435,6936921cb3203acd03513d0134665ad3-12,2022-10-26T12:53:49.000Z,https://esa-worldcover.s3.eu-central-1.amazonaws.com/v200/2021/map/ESA_WorldCover_10m_2021_v200_N42W093_Map.tif
v200/2021/map/ESA_WorldCover_10m_2021_v200_N42W096_Map.tif,65506565,bed6d0c8c84471beb3cc820a281dd3b6-8,2022-10-26T12:58:25.000Z,https://esa-worldcover.s3.eu-central-1.amazonaws.com/v200/2021/map/ESA_WorldCover_10m_2021_v200_N42W096_Map.tif
v200/2021/map/ESA_WorldCover_10m_2021_v200_N42W099_Map.tif,66273933,eb543970abd3d9cb0105ced918ffc5c4-8,2022-10-26T12:55:44.000Z,https://esa-worldcover.s3.eu-central-1.amazonaws.com/v200/2021/map/ESA_WorldCover_10m_2021_v200_N42W099_Map.tif
v200/2021/map/ESA_WorldCover_10m_2021_v200_N42W102_Map.tif,41771740,332dc2e4653da891916c036da0b7b72d-5,2022-10-26T12:49:42.000Z,https://esa-worldcover.s3.eu-central-1.amazonaws.com/v200/2021/map/ESA_WorldCover_10m_2021_v200_N42W102_Map.tif
v200/2021/map/ESA_WorldCover_10m_2021_v200_N42W105_Map.tif,46923410,d605e05b9b1075ed7b4e4f96bcbaa7d5-6,2022-10-26T12:54:43.000Z,https://esa-worldcover.s3.eu-central-1.amazonaws.com/v200/2021/map/ESA_WorldCover_10m_2021_v200_N42W105_Map.tif
v200/2021/map/ESA_WorldCover_10m_2021_v200_N42W108_Map.tif,58143706,d8f457ba74185f508479bdc014b45f3d-7,2022-10-26T12:50:19.000Z,https://esa-worldcover.s3.eu-central-1.amazonaws.com/v200/2021/map/ESA_WorldCover_10m_2021_v200_N42W108_Map.tif
v200/2021/map/ESA_WorldCover_10m_2021_v200_N42W111_Map.tif,105959600,eae42a2609e82bac259c50677209828e-13,2022-10-26T12:53:02.000Z,https://esa-worldcover.s3.eu-central-1.amazonaws.com/v200/2021/map/ESA_WorldCover_10m_2021_v200_N42W111_Map.tif
v200/2021/map/ESA_WorldCover_10m_2021_v200_N42W114_Map.tif,81282877,9c2c7e2be1588f7c6eaa19c3023a0976-10,2022-10-26T12:52:33.000Z,https://esa-worldcover.s3.eu-central-1.amazonaws.com/v200/2021/map/ESA_WorldCover_10m_2021_v200_N42W114_Map.tif
v200/2021/map/ESA_WorldCover_10m_2021_v200_N42W117_Map.tif,83115147,e00483a0021b81c83485daf8cf5d9c9d-10,2022-10-26T12:52:11.000Z,https://esa-worldcover.s3.eu-central-1.amazonaws.com/v200/2021/map/ESA_WorldCover_10m_2021_v200_N42W117_Map.tif
v200/2021/map/ESA_WorldCover_10m_2021_v200_N42W120_Map.tif,64689719,9a7d506cfd48aa1347847be69910b915-8,2022-10-26T12:51:01.000Z,https://esa-worldcover.s3.eu-central-1.amazonaws.com/v200/2021/map/ESA_WorldCover_10m_2021_v200_N42W120_Map.tif
v200/2021/map/ESA_WorldCover_10m_2021_v200_N42W123_Map.tif,59489797,06eff7ae597fb37169772db30c917c8c-8,2022-10-26T12:50:13.000Z,https://esa-worldcover.s3.eu-central-1.amazonaws.com/v200/2021/map/ESA_WorldCover_10m_2021_v200_N42W123_Map.tif
v200/2021/map/ESA_WorldCover_10m_2021_v200_N42W126_Map.tif,23075528,86418d44adda7496b411c53902412ea9-3,2022-10-26T12:45:36.000Z,https://esa-worldcover.s3.eu-central-1.amazonaws.com/v200/2021/map/ESA_WorldCover_10m_2021_v200_N42W126_Map.tif
v200/2021/map/ESA_WorldCover_10m_2021_v200_N45E000_Map.tif,105264979,b81c2f4002956ba9038769dba9ac5a59-13,2022-10-26T12:52:28.000Z,https://esa-worldcover.s3.eu-central-1.amazonaws.com/v200/2021/map/ESA_WorldCover_10m_2021_v200_N45E000_Map.tif
v200/2021/map/ESA_WorldCover_10m_2021_v200_N45E003_Map.tif,102017373,91f1ad2573c2558e6284f31484bcb4f4-13,2022-10-26T12:54:34.000Z,https://esa-worldcover.s3.eu-central-1.amazonaws.com/v200/2021/map/ESA_WorldCover_10m_2021_v200_N45E003_Map.tif
v200/2021/map/ESA_WorldCover_10m_2021_v200_N45E006_Map.tif,106497465,53f02eadc5f9d57125bdde707c9d744f-13,2022-10-26T12:53:27.000Z,https://esa-worldcover.s3.eu-central-1.amazonaws.com/v200/2021/map/ESA_WorldCover_10m_2021_v200_N45E006_Map.tif
v200/2021/map/ESA_WorldCover_10m_2021_v200_N45E009_Map.tif,106906572,2b79d5a2a351e92ccfb1c14b613257e6-13,2022-10-26T12:52:34.000Z,https://esa-worldcover.s3.eu-central-1.amazonaws.com/v200/2021/map/ESA_WorldCover_10m_2021_v200_N45E009_Map.tif
v200/2021/map/ESA_WorldCover_10m_2021_v200_N45E012_Map.tif,85040674,0ebbe0eab539119f290e0d18b498049b-11,2022-10-26T12:52:15.000Z,https://esa-worldcover.s3.eu-central-1.amazonaws.com/v200/2021/map/ESA_WorldCover_10m_2021_v200_N45E012_Map.tif
v200/2021/map/ESA_WorldCover_10m_2021_v200_N45E015_Map.tif,88855733,03184eb8b5342302bb2ca5efa6c9c2d9-11,2022-10-26T12:54:42.000Z,https://esa-worldcover.s3.eu-central-1.amazonaws.com/v200/2021/map/ESA_WorldCover_10m_2021_v200_N45E015_Map.tif
v200/2021/map/ESA_WorldCover_10m_2021_v200_N45E018_Map.tif,75430355,d93656ba45a848a12e3eb40870ee3c82-9,2022-10-26T12:52:01.000Z,https://esa-worldcover.s3.eu-central-1.amazonaws.com/v200/2021/map/ESA_WorldCover_10m_2021_v200_N45E018_Map.tif
v200/2021/map/ESA_WorldCover_10m_2021_v200_N45E021_Map.tif,77098975,7a65e0d0c6b26e1d2d7408b6dd7d9351-10,2022-10-26T12:53:07.000Z,https://esa-worldcover.s3.eu-central-1.amazonaws.com/v200/2021/map/ESA_WorldCover_10m_2021_v200_N45E021_Map.tif
v200/2021/map/ESA_WorldCover_10m_2021_v200_N45E024_Map.tif,78606123,d0a6e40e91a35f4c92d158a4b7cbfcb4-10,2022-10-26T12:57:12.000Z,https://esa-worldcover.s3.eu-central-1.amazonaws.com/v200/2021/map/ESA_WorldCover_10m_2021_v200_N45E024_Map.tif
v200/2021/map/ESA_WorldCover_10m_2021_v200_N45E027_Map.tif,78839197,2a072a9ac43c25b4b4bb3f2d8405081e-10,2022-10-26T13:01:48.000Z,https://esa-worldcover.s3.eu-central-1.amazonaws.com/v200/2021/map/ESA_WorldCover_10m_2021_v200_N45E027_Map.tif
v200/2021/map/ESA_WorldCover_10m_2021_v200_N45E030_Map.tif,38379267,313647c3588967017ef8b2ce87723ef2-5,2022-10-26T12:56:41.000Z,https://esa-worldcover.s3.eu-central-1.amazonaws.com/v200/2021/map/ESA_WorldCover_10m_2021_v200_N45E030_Map.tif
v200/2021/map/ESA_WorldCover_10m_2021_v200_N45E033_Map.tif,47142746,023122aa3bfba90014bc1f22d60546b3-6,2022-10-26T12:53:27.000Z,https://esa-worldcover.s3.eu-central-1.amazonaws.com/v200/2021/map/ESA_WorldCover_10m_2021_v200_N45E033_Map.tif
v200/2021/map/ESA_WorldCover_10m_2021_v200_N45E036_Map.tif,44420113,f7386d461a44cec605f1078754a5c6b4-6,2022-10-26T12:53:01.000Z,https://esa-worldcover.s3.eu-central-1.amazonaws.com/v200/2021/map/ESA_WorldCover_10m_2021_v200_N45E036_Map.tif
v200/2021/map/ESA_WorldCover_10m_2021_v200_N45E039_Map.tif,61767856,2b43a362e8406181cc6208dc7ade3369-8,2022-10-26T12:51:32.000Z,https://esa-worldcover.s3.eu-central-1.amazonaws.com/v200/2021/map/ESA_WorldCover_10m_2021_v200_N45E039_Map.tif
v200/2021/map/ESA_WorldCover_10m_2021_v200_N45E042_Map.tif,33650540,c2416d17ae1985ee1ddcde2e9516cc7d-5,2022-10-26T12:58:57.000Z,https://esa-worldcover.s3.eu-central-1.amazonaws.com/v200/2021/map/ESA_WorldCover_10m_2021_v200_N45E042_Map.tif
v200/2021/map/ESA_WorldCover_10m_2021_v200_N45E045_Map.tif,26358182,035ba7f7347cc0bcfae89af72a400ba6-4,2022-10-26T12:50:14.000Z,https://esa-worldcover.s3.eu-central-1.amazonaws.com/v200/2021/map/ESA_WorldCover_10m_2021_v200_N45E045_Map.tif
v200/2021/map/ESA_WorldCover_10m_2021_v200_N45E048_Map.tif,21055119,19116ff8fa813175752e89df0ecccc6b-3,2022-10-26T12:50:32.000Z,https://esa-worldcover.s3.eu-central-1.amazonaws.com/v200/2021/map/ESA_WorldCover_10m_2021_v200_N45E048_Map.tif
v200/2021/map/ESA_WorldCover_10m_2021_v200_N45E051_Map.tif,34920339,68f65ed144fe3e54b40ee67e10587824-5,2022-10-26T12:53:58.000Z,https://esa-worldcover.s3.eu-central-1.amazonaws.com/v200/2021/map/ESA_WorldCover_10m_2021_v200_N45E051_Map.tif
v200/2021/map/ESA_WorldCover_10m_2021_v200_N45E054_Map.tif,39559702,97ede6737012278dd817ebec52a6766a-5,2022-10-26T12:52:32.000Z,https://esa-worldcover.s3.eu-central-1.amazonaws.com/v200/2021/map/ESA_WorldCover_10m_2021_v200_N45E054_Map.tif
v200/2021/map/ESA_WorldCover_10m_2021_v200_N45E057_Map.tif,33506229,44f6446efac2fa1877130df590afffa0-4,2022-10-26T12:55:55.000Z,https://esa-worldcover.s3.eu-central-1.amazonaws.com/v200/2021/map/ESA_WorldCover_10m_2021_v200_N45E057_Map.tif
v200/2021/map/ESA_WorldCover_10m_2021_v200_N45E060_Map.tif,62496638,a5bcde830c8b413702e8455b88681025-8,2022-10-26T12:54:45.000Z,https://esa-worldcover.s3.eu-central-1.amazonaws.com/v200/2021/map/ESA_WorldCover_10m_2021_v200_N45E060_Map.tif
v200/2021/map/ESA_WorldCover_10m_2021_v200_N45E063_Map.tif,58926931,865040c41f84d5a1178eaa3d0b3abaed-8,2022-10-26T12:51:58.000Z,https://esa-worldcover.s3.eu-central-1.amazonaws.com/v200/2021/map/ESA_WorldCover_10m_2021_v200_N45E063_Map.tif
v200/2021/map/ESA_WorldCover_10m_2021_v200_N45E066_Map.tif,48575315,740a71c359b75fb012df1068eaf52e94-6,2022-10-26T12:52:22.000Z,https://esa-worldcover.s3.eu-central-1.amazonaws.com/v200/2021/map/ESA_WorldCover_10m_2021_v200_N45E066_Map.tif
v200/2021/map/ESA_WorldCover_10m_2021_v200_N45E069_Map.tif,38672442,c557da661f7c3754bce327c6a4781302-5,2022-10-26T12:53:11.000Z,https://esa-worldcover.s3.eu-central-1.amazonaws.com/v200/2021/map/ESA_WorldCover_10m_2021_v200_N45E069_Map.tif
v200/2021/map/ESA_WorldCover_10m_2021_v200_N45E072_Map.tif,43099851,dd43ae43442c0ae574f67f1fccf683ae-6,2022-10-26T12:52:18.000Z,https://esa-worldcover.s3.eu-central-1.amazonaws.com/v200/2021/map/ESA_WorldCover_10m_2021_v200_N45E072_Map.tif
v200/2021/map/ESA_WorldCover_10m_2021_v200_N45E075_Map.tif,71322321,f161548b229f32bf460014582a7717f9-9,2022-10-26T12:54:09.000Z,https://esa-worldcover.s3.eu-central-1.amazonaws.com/v200/2021/map/ESA_WorldCover_10m_2021_v200_N45E075_Map.tif
v200/2021/map/ESA_WorldCover_10m_2021_v200_N45E078_Map.tif,31800258,c186c8e74274bb00c47fd977d42f3575-4,2022-10-26T12:51:34.000Z,https://esa-worldcover.s3.eu-central-1.amazonaws.com/v200/2021/map/ESA_WorldCover_10m_2021_v200_N45E078_Map.tif
v200/2021/map/ESA_WorldCover_10m_2021_v200_N45E081_Map.tif,47583337,999d7841e94584829ed230287b638799-6,2022-10-26T12:53:01.000Z,https://esa-worldcover.s3.eu-central-1.amazonaws.com/v200/2021/map/ESA_WorldCover_10m_2021_v200_N45E081_Map.tif
v200/2021/map/ESA_WorldCover_10m_2021_v200_N45E084_Map.tif,70335914,9cd7e2d1bb015fc2d03c11f1aa812c5e-9,2022-10-26T12:51:49.000Z,https://esa-worldcover.s3.eu-central-1.amazonaws.com/v200/2021/map/ESA_WorldCover_10m_2021_v200_N45E084_Map.tif
v200/2021/map/ESA_WorldCover_10m_2021_v200_N45E087_Map.tif,84296490,3543b4219a48a1668719674f58a93f63-11,2022-10-26T12:57:17.000Z,https://esa-worldcover.s3.eu-central-1.amazonaws.com/v200/2021/map/ESA_WorldCover_10m_2021_v200_N45E087_Map.tif
v200/2021/map/ESA_WorldCover_10m_2021_v200_N45E090_Map.tif,76931677,bbdc0a79faa36266a375e17dd0f6b19e-10,2022-10-26T12:53:54.000Z,https://esa-worldcover.s3.eu-central-1.amazonaws.com/v200/2021/map/ESA_WorldCover_10m_2021_v200_N45E090_Map.tif
v200/2021/map/ESA_WorldCover_10m_2021_v200_N45E093_Map.tif,49853804,3c5e2e73b48894e77d41a46ad2d296f6-6,2022-10-26T12:51:07.000Z,https://esa-worldcover.s3.eu-central-1.amazonaws.com/v200/2021/map/ESA_WorldCover_10m_2021_v200_N45E093_Map.tif
v200/2021/map/ESA_WorldCover_10m_2021_v200_N45E096_Map.tif,69146178,a41e072e631ee6f7514bffb2d0739b78-9,2022-10-26T12:52:13.000Z,https://esa-worldcover.s3.eu-central-1.amazonaws.com/v200/2021/map/ESA_WorldCover_10m_2021_v200_N45E096_Map.tif
v200/2021/map/ESA_WorldCover_10m_2021_v200_N45E099_Map.tif,59142657,94970503007d76d1021633874a18875b-8,2022-10-26T12:53:06.000Z,https://esa-worldcover.s3.eu-central-1.amazonaws.com/v200/2021/map/ESA_WorldCover_10m_2021_v200_N45E099_Map.tif
v200/2021/map/ESA_WorldCover_10m_2021_v200_N45E102_Map.tif,38544014,e635e48f83fb7ecd6e6825496f0dfb19-5,2022-10-26T12:51:20.000Z,https://esa-worldcover.s3.eu-central-1.amazonaws.com/v200/2021/map/ESA_WorldCover_10m_2021_v200_N45E102_Map.tif
v200/2021/map/ESA_WorldCover_10m_2021_v200_N45E105_Map.tif,29192200,92adde4be9ff02c44b0fe0ad69789e3d-4,2022-10-26T12:51:49.000Z,https://esa-worldcover.s3.eu-central-1.amazonaws.com/v200/2021/map/ESA_WorldCover_10m_2021_v200_N45E105_Map.tif
v200/2021/map/ESA_WorldCover_10m_2021_v200_N45E108_Map.tif,29439816,75be6700bd196d79f9b458a3ab115ba0-4,2022-10-26T12:56:23.000Z,https://esa-worldcover.s3.eu-central-1.amazonaws.com/v200/2021/map/ESA_WorldCover_10m_2021_v200_N45E108_Map.tif
v200/2021/map/ESA_WorldCover_10m_2021_v200_N45E111_Map.tif,15171826,6697aadad54873c7e83fe89bb8616215-2,2022-10-26T12:51:46.000Z,https://esa-worldcover.s3.eu-central-1.amazonaws.com/v200/2021/map/ESA_WorldCover_10m_2021_v200_N45E111_Map.tif
v200/2021/map/ESA_WorldCover_10m_2021_v200_N45E114_Map.tif,5266035,3c67e893cb5d129bc8d9289aa20d5963,2022-10-26T12:50:06.000Z,https://esa-worldcover.s3.eu-central-1.amazonaws.com/v200/2021/map/ESA_WorldCover_10m_2021_v200_N45E114_Map.tif
v200/2021/map/ESA_WorldCover_10m_2021_v200_N45E117_Map.tif,19367359,ae9757251a227c878a124b2a99e92887-3,2022-10-26T12:52:49.000Z,https://esa-worldcover.s3.eu-central-1.amazonaws.com/v200/2021/map/ESA_WorldCover_10m_2021_v200_N45E117_Map.tif
v200/2021/map/ESA_WorldCover_10m_2021_v200_N45E120_Map.tif,67905446,40e733508ed0c723a8a26a25241d8258-9,2022-10-26T12:55:29.000Z,https://esa-worldcover.s3.eu-central-1.amazonaws.com/v200/2021/map/ESA_WorldCover_10m_2021_v200_N45E120_Map.tif
v200/2021/map/ESA_WorldCover_10m_2021_v200_N45E123_Map.tif,91153828,f5d2992486ff1fc5e28e7f2b49317d26-11,2022-10-26T12:54:55.000Z,https://esa-worldcover.s3.eu-central-1.amazonaws.com/v200/2021/map/ESA_WorldCover_10m_2021_v200_N45E123_Map.tif
v200/2021/map/ESA_WorldCover_10m_2021_v200_N45E126_Map.tif,53567188,4781b72f35afcef142d0346e40bb78ba-7,2022-10-26T12:53:49.000Z,https://esa-worldcover.s3.eu-central-1.amazonaws.com/v200/2021/map/ESA_WorldCover_10m_2021_v200_N45E126_Map.tif
v200/2021/map/ESA_WorldCover_10m_2021_v200_N45E129_Map.tif,54306132,e4fc13af42127ce4562450b62f0d5c6d-7,2022-10-26T13:03:46.000Z,https://esa-worldcover.s3.eu-central-1.amazonaws.com/v200/2021/map/ESA_WorldCover_10m_2021_v200_N45E129_Map.tif
v200/2021/map/ESA_WorldCover_10m_2021_v200_N45E132_Map.tif,60153650,0a991ed0101143b27f80a24f029249c0-8,2022-10-26T12:55:19.000Z,https://esa-worldcover.s3.eu-central-1.amazonaws.com/v200/2021/map/ESA_WorldCover_10m_2021_v200_N45E132_Map.tif
v200/2021/map/ESA_WorldCover_10m_2021_v200_N45E135_Map.tif,13699979,5c1e2743d7293125cc72775387758602-2,2022-10-26T12:51:58.000Z,https://esa-worldcover.s3.eu-central-1.amazonaws.com/v200/2021/map/ESA_WorldCover_10m_2021_v200_N45E135_Map.tif
v200/2021/map/ESA_WorldCover_10m_2021_v200_N45E138_Map.tif,5130033,40d3f843995a15b7502c8a53d0a4b7ff,2022-10-26T12:49:37.000Z,https://esa-worldcover.s3.eu-central-1.amazonaws.com/v200/2021/map/ESA_WorldCover_10m_2021_v200_N45E138_Map.tif
v200/2021/map/ESA_WorldCover_10m_2021_v200_N45E141_Map.tif,12182765,d77d7078beed7be9d6c9c901d6fa6c16-2,2022-10-26T12:51:14.000Z,https://esa-worldcover.s3.eu-central-1.amazonaws.com/v200/2021/map/ESA_WorldCover_10m_2021_v200_N45E141_Map.tif
v200/2021/map/ESA_WorldCover_10m_2021_v200_N45E147_Map.tif,5491970,2c0b210c71ecd2bd1625a81095a79926,2022-10-26T12:44:25.000Z,https://esa-worldcover.s3.eu-central-1.amazonaws.com/v200/2021/map/ESA_WorldCover_10m_2021_v200_N45E147_Map.tif
v200/2021/map/ESA_WorldCover_10m_2021_v200_N45E150_Map.tif,3688199,d4b6e54ca0f016e8316b20f9b1a7e120,2022-10-26T12:48:11.000Z,https://esa-worldcover.s3.eu-central-1.amazonaws.com/v200/2021/map/ESA_WorldCover_10m_2021_v200_N45E150_Map.tif
v200/2021/map/ESA_WorldCover_10m_2021_v200_N45E153_Map.tif,2037457,c0f41504146c0cb7342fa2ad73dd1bed,2022-10-26T12:42:55.000Z,https://esa-worldcover.s3.eu-central-1.amazonaws.com/v200/2021/map/ESA_WorldCover_10m_2021_v200_N45E153_Map.tif
v200/2021/map/ESA_WorldCover_10m_2021_v200_N45W003_Map.tif,78897844,ecfa3f9b47d02c64b18f8e6a307eaeec-10,2022-10-26T12:51:02.000Z,https://esa-worldcover.s3.eu-central-1.amazonaws.com/v200/2021/map/ESA_WorldCover_10m_2021_v200_N45W003_Map.tif
v200/2021/map/ESA_WorldCover_10m_2021_v200_N45W006_Map.tif,7902372,b4d647aae73050f87c65f07c703d952d,2022-10-26T12:42:45.000Z,https://esa-worldcover.s3.eu-central-1.amazonaws.com/v200/2021/map/ESA_WorldCover_10m_2021_v200_N45W006_Map.tif
v200/2021/map/ESA_WorldCover_10m_2021_v200_N45W054_Map.tif,15694356,7e9de4d70ba57a06ff502bb7dde6da45-2,2022-10-26T12:45:11.000Z,https://esa-worldcover.s3.eu-central-1.amazonaws.com/v200/2021/map/ESA_WorldCover_10m_2021_v200_N45W054_Map.tif
v200/2021/map/ESA_WorldCover_10m_2021_v200_N45W057_Map.tif,22243593,3b155090d777577ee671cb21a5acafab-3,2022-10-26T12:47:47.000Z,https://esa-worldcover.s3.eu-central-1.amazonaws.com/v200/2021/map/ESA_WorldCover_10m_2021_v200_N45W057_Map.tif
v200/2021/map/ESA_WorldCover_10m_2021_v200_N45W060_Map.tif,11675207,e0ce54da4d8e0cdecb901dff78b7b12b-2,2022-10-26T12:43:54.000Z,https://esa-worldcover.s3.eu-central-1.amazonaws.com/v200/2021/map/ESA_WorldCover_10m_2021_v200_N45W060_Map.tif
v200/2021/map/ESA_WorldCover_10m_2021_v200_N45W063_Map.tif,23878752,308bdf7f2d98eb973d1348d7cbeb6976-3,2022-10-26T12:52:26.000Z,https://esa-worldcover.s3.eu-central-1.amazonaws.com/v200/2021/map/ESA_WorldCover_10m_2021_v200_N45W063_Map.tif
v200/2021/map/ESA_WorldCover_10m_2021_v200_N45W066_Map.tif,40842359,b45ae83b04b412f96fc67e768914c970-5,2022-10-26T12:53:50.000Z,https://esa-worldcover.s3.eu-central-1.amazonaws.com/v200/2021/map/ESA_WorldCover_10m_2021_v200_N45W066_Map.tif
v200/2021/map/ESA_WorldCover_10m_2021_v200_N45W069_Map.tif,50059719,30af6de97cef85ae4df6d231af7a74ee-6,2022-10-26T12:53:12.000Z,https://esa-worldcover.s3.eu-central-1.amazonaws.com/v200/2021/map/ESA_WorldCover_10m_2021_v200_N45W069_Map.tif
v200/2021/map/ESA_WorldCover_10m_2021_v200_N45W072_Map.tif,53230648,19dc04c1e41dc70c486eb42c902c5595-7,2022-10-26T12:51:17.000Z,https://esa-worldcover.s3.eu-central-1.amazonaws.com/v200/2021/map/ESA_WorldCover_10m_2021_v200_N45W072_Map.tif
v200/2021/map/ESA_WorldCover_10m_2021_v200_N45W075_Map.tif,61124658,c199e55a27d22f6207c91d2f03e808f7-8,2022-10-26T12:50:39.000Z,https://esa-worldcover.s3.eu-central-1.amazonaws.com/v200/2021/map/ESA_WorldCover_10m_2021_v200_N45W075_Map.tif
v200/2021/map/ESA_WorldCover_10m_2021_v200_N45W078_Map.tif,47556011,9ea85a618cc6a04d1d109e67a4cf907e-6,2022-10-26T12:52:48.000Z,https://esa-worldcover.s3.eu-central-1.amazonaws.com/v200/2021/map/ESA_WorldCover_10m_2021_v200_N45W078_Map.tif
v200/2021/map/ESA_WorldCover_10m_2021_v200_N45W081_Map.tif,42095786,21e6b94195f800a17acd291c286e0a7a-6,2022-10-26T12:50:36.000Z,https://esa-worldcover.s3.eu-central-1.amazonaws.com/v200/2021/map/ESA_WorldCover_10m_2021_v200_N45W081_Map.tif
v200/2021/map/ESA_WorldCover_10m_2021_v200_N45W084_Map.tif,31258315,e43332587308f98cde1b2316f6ab518e-4,2022-10-26T12:50:21.000Z,https://esa-worldcover.s3.eu-central-1.amazonaws.com/v200/2021/map/ESA_WorldCover_10m_2021_v200_N45W084_Map.tif
v200/2021/map/ESA_WorldCover_10m_2021_v200_N45W087_Map.tif,24001778,7324029d0e03d6d864654156b2155dc2-3,2022-10-26T12:54:57.000Z,https://esa-worldcover.s3.eu-central-1.amazonaws.com/v200/2021/map/ESA_WorldCover_10m_2021_v200_N45W087_Map.tif
v200/2021/map/ESA_WorldCover_10m_2021_v200_N45W090_Map.tif,31147165,3803ae0a6a8416cdedc650b340c74eb6-4,2022-10-26T12:50:44.000Z,https://esa-worldcover.s3.eu-central-1.amazonaws.com/v200/2021/map/ESA_WorldCover_10m_2021_v200_N45W090_Map.tif
v200/2021/map/ESA_WorldCover_10m_2021_v200_N45W093_Map.tif,58214626,71127cfbc480939e1abaefc4cefe7bec-7,2022-10-26T12:52:53.000Z,https://esa-worldcover.s3.eu-central-1.amazonaws.com/v200/2021/map/ESA_WorldCover_10m_2021_v200_N45W093_Map.tif
v200/2021/map/ESA_WorldCover_10m_2021_v200_N45W096_Map.tif,95111917,8c488c44c5ec3dd73c02a8309a1f9413-12,2022-10-26T12:52:24.000Z,https://esa-worldcover.s3.eu-central-1.amazonaws.com/v200/2021/map/ESA_WorldCover_10m_2021_v200_N45W096_Map.tif
v200/2021/map/ESA_WorldCover_10m_2021_v200_N45W099_Map.tif,61293228,dc3e92f2822a2797b075f5613dd2acef-8,2022-10-26T12:50:24.000Z,https://esa-worldcover.s3.eu-central-1.amazonaws.com/v200/2021/map/ESA_WorldCover_10m_2021_v200_N45W099_Map.tif
v200/2021/map/ESA_WorldCover_10m_2021_v200_N45W102_Map.tif,51593626,2b71eebd681dd0b66c4d1b9dd31b75dc-7,2022-10-26T12:54:17.000Z,https://esa-worldcover.s3.eu-central-1.amazonaws.com/v200/2021/map/ESA_WorldCover_10m_2021_v200_N45W102_Map.tif
v200/2021/map/ESA_WorldCover_10m_2021_v200_N45W105_Map.tif,53046791,e63a5844bb88c44d6392c64044558c52-7,2022-10-26T12:57:34.000Z,https://esa-worldcover.s3.eu-central-1.amazonaws.com/v200/2021/map/ESA_WorldCover_10m_2021_v200_N45W105_Map.tif
v200/2021/map/ESA_WorldCover_10m_2021_v200_N45W108_Map.tif,58467497,d66629cab38aa9278144924e70281837-7,2022-10-26T12:52:32.000Z,https://esa-worldcover.s3.eu-central-1.amazonaws.com/v200/2021/map/ESA_WorldCover_10m_2021_v200_N45W108_Map.tif
v200/2021/map/ESA_WorldCover_10m_2021_v200_N45W111_Map.tif,57817056,07132159c972e03911b602f4f701c960-7,2022-10-26T12:52:22.000Z,https://esa-worldcover.s3.eu-central-1.amazonaws.com/v200/2021/map/ESA_WorldCover_10m_2021_v200_N45W111_Map.tif
v200/2021/map/ESA_WorldCover_10m_2021_v200_N45W114_Map.tif,70304858,8c61cb33fa2bcdb57359476e62124772-9,2022-10-26T12:56:04.000Z,https://esa-worldcover.s3.eu-central-1.amazonaws.com/v200/2021/map/ESA_WorldCover_10m_2021_v200_N45W114_Map.tif
v200/2021/map/ESA_WorldCover_10m_2021_v200_N45W117_Map.tif,67860903,7532d66c1652d131c708f4b1c584c91d-9,2022-10-26T12:51:16.000Z,https://esa-worldcover.s3.eu-central-1.amazonaws.com/v200/2021/map/ESA_WorldCover_10m_2021_v200_N45W117_Map.tif
v200/2021/map/ESA_WorldCover_10m_2021_v200_N45W120_Map.tif,65047528,9c0ae6246a931ea6d8e6a9559e57fab4-8,2022-10-26T12:51:38.000Z,https://esa-worldcover.s3.eu-central-1.amazonaws.com/v200/2021/map/ESA_WorldCover_10m_2021_v200_N45W120_Map.tif
v200/2021/map/ESA_WorldCover_10m_2021_v200_N45W123_Map.tif,64998919,d6b041e629f1f7a4f11072954eb814aa-8,2022-10-26T12:50:34.000Z,https://esa-worldcover.s3.eu-central-1.amazonaws.com/v200/2021/map/ESA_WorldCover_10m_2021_v200_N45W123_Map.tif
v200/2021/map/ESA_WorldCover_10m_2021_v200_N45W126_Map.tif,18472488,2fd6f46722bbb385b5ff2bc2a125d419-3,2022-10-26T12:45:00.000Z,https://esa-worldcover.s3.eu-central-1.amazonaws.com/v200/2021/map/ESA_WorldCover_10m_2021_v200_N45W126_Map.tif
v200/2021/map/ESA_WorldCover_10m_2021_v200_N48E000_Map.tif,74436493,1e9f52078d8a4c59ebf15a99b3c93622-9,2022-10-26T12:53:26.000Z,https://esa-worldcover.s3.eu-central-1.amazonaws.com/v200/2021/map/ESA_WorldCover_10m_2021_v200_N48E000_Map.tif
v200/2021/map/ESA_WorldCover_10m_2021_v200_N48E003_Map.tif,87433810,7367bab642ba1df983191933ec8090b2-11,2022-10-26T12:53:33.000Z,https://esa-worldcover.s3.eu-central-1.amazonaws.com/v200/2021/map/ESA_WorldCover_10m_2021_v200_N48E003_Map.tif
v200/2021/map/ESA_WorldCover_10m_2021_v200_N48E006_Map.tif,94225409,30c299e137facc9e3b33511fdb7226a5-12,2022-10-26T12:55:01.000Z,https://esa-worldcover.s3.eu-central-1.amazonaws.com/v200/2021/map/ESA_WorldCover_10m_2021_v200_N48E006_Map.tif
v200/2021/map/ESA_WorldCover_10m_2021_v200_N48E009_Map.tif,94851935,021100b88f826240886f92bbf712e121-12,2022-10-26T12:58:17.000Z,https://esa-worldcover.s3.eu-central-1.amazonaws.com/v200/2021/map/ESA_WorldCover_10m_2021_v200_N48E009_Map.tif
v200/2021/map/ESA_WorldCover_10m_2021_v200_N48E012_Map.tif,96828824,d173a9f681e678315f2788b114da308e-12,2022-10-26T12:54:32.000Z,https://esa-worldcover.s3.eu-central-1.amazonaws.com/v200/2021/map/ESA_WorldCover_10m_2021_v200_N48E012_Map.tif
v200/2021/map/ESA_WorldCover_10m_2021_v200_N48E015_Map.tif,88575180,969efd23af3612b65d4b69b4717a62bc-11,2022-10-26T12:57:33.000Z,https://esa-worldcover.s3.eu-central-1.amazonaws.com/v200/2021/map/ESA_WorldCover_10m_2021_v200_N48E015_Map.tif
v200/2021/map/ESA_WorldCover_10m_2021_v200_N48E018_Map.tif,96378981,3c0ec716e81b7b5f7cb053f4444e123e-12,2022-10-26T12:54:10.000Z,https://esa-worldcover.s3.eu-central-1.amazonaws.com/v200/2021/map/ESA_WorldCover_10m_2021_v200_N48E018_Map.tif
v200/2021/map/ESA_WorldCover_10m_2021_v200_N48E021_Map.tif,89998793,2c08e040b2f77a29f82825608424b09b-11,2022-10-26T12:55:08.000Z,https://esa-worldcover.s3.eu-central-1.amazonaws.com/v200/2021/map/ESA_WorldCover_10m_2021_v200_N48E021_Map.tif
v200/2021/map/ESA_WorldCover_10m_2021_v200_N48E024_Map.tif,76912212,3b83dca013857f0c16508ad425715975-10,2022-10-26T12:55:42.000Z,https://esa-worldcover.s3.eu-central-1.amazonaws.com/v200/2021/map/ESA_WorldCover_10m_2021_v200_N48E024_Map.tif
v200/2021/map/ESA_WorldCover_10m_2021_v200_N48E027_Map.tif,78787515,7d9270927a17b0c6a8b7095eda89982e-10,2022-10-26T12:53:31.000Z,https://esa-worldcover.s3.eu-central-1.amazonaws.com/v200/2021/map/ESA_WorldCover_10m_2021_v200_N48E027_Map.tif
v200/2021/map/ESA_WorldCover_10m_2021_v200_N48E030_Map.tif,72139802,5b8c0321be7652e9417c8f9b5482160a-9,2022-10-26T12:54:51.000Z,https://esa-worldcover.s3.eu-central-1.amazonaws.com/v200/2021/map/ESA_WorldCover_10m_2021_v200_N48E030_Map.tif
v200/2021/map/ESA_WorldCover_10m_2021_v200_N48E033_Map.tif,73662289,e5ea09af428fe2777e1bcffe3787f453-9,2022-10-26T12:55:12.000Z,https://esa-worldcover.s3.eu-central-1.amazonaws.com/v200/2021/map/ESA_WorldCover_10m_2021_v200_N48E033_Map.tif
v200/2021/map/ESA_WorldCover_10m_2021_v200_N48E036_Map.tif,79416552,9ee196d95a8bf1f0799916156d7a9815-10,2022-10-26T12:58:59.000Z,https://esa-worldcover.s3.eu-central-1.amazonaws.com/v200/2021/map/ESA_WorldCover_10m_2021_v200_N48E036_Map.tif
v200/2021/map/ESA_WorldCover_10m_2021_v200_N48E039_Map.tif,68183780,fb24de88ffea83fdf3cb58f5e4c5a8f3-9,2022-10-26T12:56:36.000Z,https://esa-worldcover.s3.eu-central-1.amazonaws.com/v200/2021/map/ESA_WorldCover_10m_2021_v200_N48E039_Map.tif
v200/2021/map/ESA_WorldCover_10m_2021_v200_N48E042_Map.tif,53844086,fb5a051953b567ddaf63b549a19336db-7,2022-10-26T12:58:20.000Z,https://esa-worldcover.s3.eu-central-1.amazonaws.com/v200/2021/map/ESA_WorldCover_10m_2021_v200_N48E042_Map.tif
v200/2021/map/ESA_WorldCover_10m_2021_v200_N48E045_Map.tif,32152332,e7273f3bcc83be1cd444aeb1004a9657-4,2022-10-26T12:52:05.000Z,https://esa-worldcover.s3.eu-central-1.amazonaws.com/v200/2021/map/ESA_WorldCover_10m_2021_v200_N48E045_Map.tif
v200/2021/map/ESA_WorldCover_10m_2021_v200_N48E048_Map.tif,16464102,a16ccf7b291e7f3a5074bbf8b2a93960-2,2022-10-26T13:00:50.000Z,https://esa-worldcover.s3.eu-central-1.amazonaws.com/v200/2021/map/ESA_WorldCover_10m_2021_v200_N48E048_Map.tif
v200/2021/map/ESA_WorldCover_10m_2021_v200_N48E051_Map.tif,14900974,6c7b81522b86e427658bfb502e0fbb51-2,2022-10-26T12:56:35.000Z,https://esa-worldcover.s3.eu-central-1.amazonaws.com/v200/2021/map/ESA_WorldCover_10m_2021_v200_N48E051_Map.tif
v200/2021/map/ESA_WorldCover_10m_2021_v200_N48E054_Map.tif,28022953,4ea03c3c25ce57319b8a54120fcca423-4,2022-10-26T12:56:29.000Z,https://esa-worldcover.s3.eu-central-1.amazonaws.com/v200/2021/map/ESA_WorldCover_10m_2021_v200_N48E054_Map.tif
v200/2021/map/ESA_WorldCover_10m_2021_v200_N48E057_Map.tif,22277958,57fda288cdb6bc436ce23e455e773e78-3,2022-10-26T12:53:19.000Z,https://esa-worldcover.s3.eu-central-1.amazonaws.com/v200/2021/map/ESA_WorldCover_10m_2021_v200_N48E057_Map.tif
v200/2021/map/ESA_WorldCover_10m_2021_v200_N48E060_Map.tif,19735230,b9774301b8974dbe1a119f0c143f2846-3,2022-10-26T12:55:43.000Z,https://esa-worldcover.s3.eu-central-1.amazonaws.com/v200/2021/map/ESA_WorldCover_10m_2021_v200_N48E060_Map.tif
v200/2021/map/ESA_WorldCover_10m_2021_v200_N48E063_Map.tif,14242224,920d821e127f8f978b85e255c618d8c5-2,2022-10-26T12:51:09.000Z,https://esa-worldcover.s3.eu-central-1.amazonaws.com/v200/2021/map/ESA_WorldCover_10m_2021_v200_N48E063_Map.tif
v200/2021/map/ESA_WorldCover_10m_2021_v200_N48E066_Map.tif,19727485,cddbb8ecab03fd3a27f11a3fadcdd94a-3,2022-10-26T12:53:29.000Z,https://esa-worldcover.s3.eu-central-1.amazonaws.com/v200/2021/map/ESA_WorldCover_10m_2021_v200_N48E066_Map.tif
v200/2021/map/ESA_WorldCover_10m_2021_v200_N48E069_Map.tif,22141005,34265ef18520720fa89a93a9cf66d1d8-3,2022-10-26T12:51:21.000Z,https://esa-worldcover.s3.eu-central-1.amazonaws.com/v200/2021/map/ESA_WorldCover_10m_2021_v200_N48E069_Map.tif
v200/2021/map/ESA_WorldCover_10m_2021_v200_N48E072_Map.tif,24914053,08ef5d69169e012969876a8bc9a8485e-3,2022-10-26T12:57:37.000Z,https://esa-worldcover.s3.eu-central-1.amazonaws.com/v200/2021/map/ESA_WorldCover_10m_2021_v200_N48E072_Map.tif
v200/2021/map/ESA_WorldCover_10m_2021_v200_N48E075_Map.tif,12964915,aa45f3f0d75fbd9665982db4832a8743-2,2022-10-26T12:54:03.000Z,https://esa-worldcover.s3.eu-central-1.amazonaws.com/v200/2021/map/ESA_WorldCover_10m_2021_v200_N48E075_Map.tif
v200/2021/map/ESA_WorldCover_10m_2021_v200_N48E078_Map.tif,14676888,91a3f3530c84abe83ff65bacdf67557d-2,2022-10-26T12:59:02.000Z,https://esa-worldcover.s3.eu-central-1.amazonaws.com/v200/2021/map/ESA_WorldCover_10m_2021_v200_N48E078_Map.tif
v200/2021/map/ESA_WorldCover_10m_2021_v200_N48E081_Map.tif,42884045,210021d9eb703bac1217fb0cf1dd71b5-6,2022-10-26T12:56:14.000Z,https://esa-worldcover.s3.eu-central-1.amazonaws.com/v200/2021/map/ESA_WorldCover_10m_2021_v200_N48E081_Map.tif
v200/2021/map/ESA_WorldCover_10m_2021_v200_N48E084_Map.tif,76968493,f54991a71a85f909a4b858e650d5e4d3-10,2022-10-26T12:55:39.000Z,https://esa-worldcover.s3.eu-central-1.amazonaws.com/v200/2021/map/ESA_WorldCover_10m_2021_v200_N48E084_Map.tif
v200/2021/map/ESA_WorldCover_10m_2021_v200_N48E087_Map.tif,98804283,40e65fed9a46817a29e1b6584287492c-12,2022-10-26T12:58:52.000Z,https://esa-worldcover.s3.eu-central-1.amazonaws.com/v200/2021/map/ESA_WorldCover_10m_2021_v200_N48E087_Map.tif
v200/2021/map/ESA_WorldCover_10m_2021_v200_N48E090_Map.tif,62786381,84142541fa7fc0a153c1536dbf018410-8,2022-10-26T13:00:39.000Z,https://esa-worldcover.s3.eu-central-1.amazonaws.com/v200/2021/map/ESA_WorldCover_10m_2021_v200_N48E090_Map.tif
v200/2021/map/ESA_WorldCover_10m_2021_v200_N48E093_Map.tif,61614331,8ef6de91cde4d3cc197bd789ccc82d6e-8,2022-10-26T12:57:57.000Z,https://esa-worldcover.s3.eu-central-1.amazonaws.com/v200/2021/map/ESA_WorldCover_10m_2021_v200_N48E093_Map.tif
v200/2021/map/ESA_WorldCover_10m_2021_v200_N48E096_Map.tif,73676375,ce6b107aa0b198a0d556118210e2794f-9,2022-10-26T13:02:05.000Z,https://esa-worldcover.s3.eu-central-1.amazonaws.com/v200/2021/map/ESA_WorldCover_10m_2021_v200_N48E096_Map.tif
v200/2021/map/ESA_WorldCover_10m_2021_v200_N48E099_Map.tif,43572000,31630fbedc879e391fa80ed10cf10c54-6,2022-10-26T12:59:32.000Z,https://esa-worldcover.s3.eu-central-1.amazonaws.com/v200/2021/map/ESA_WorldCover_10m_2021_v200_N48E099_Map.tif
v200/2021/map/ESA_WorldCover_10m_2021_v200_N48E102_Map.tif,43601966,ce5c025fc54f8fbbe140ae3ca1d6e708-6,2022-10-26T12:58:26.000Z,https://esa-worldcover.s3.eu-central-1.amazonaws.com/v200/2021/map/ESA_WorldCover_10m_2021_v200_N48E102_Map.tif
v200/2021/map/ESA_WorldCover_10m_2021_v200_N48E105_Map.tif,46349358,d2fc38ce45f01dd9470af8138a6bd77e-6,2022-10-26T12:55:31.000Z,https://esa-worldcover.s3.eu-central-1.amazonaws.com/v200/2021/map/ESA_WorldCover_10m_2021_v200_N48E105_Map.tif
v200/2021/map/ESA_WorldCover_10m_2021_v200_N48E108_Map.tif,39080551,a2751061296ffd02f39c71262aa0abc2-5,2022-10-26T12:55:30.000Z,https://esa-worldcover.s3.eu-central-1.amazonaws.com/v200/2021/map/ESA_WorldCover_10m_2021_v200_N48E108_Map.tif
v200/2021/map/ESA_WorldCover_10m_2021_v200_N48E111_Map.tif,29876424,7fd1959c79ab2e2c42e7b4019a573c52-4,2022-10-26T12:56:16.000Z,https://esa-worldcover.s3.eu-central-1.amazonaws.com/v200/2021/map/ESA_WorldCover_10m_2021_v200_N48E111_Map.tif
v200/2021/map/ESA_WorldCover_10m_2021_v200_N48E114_Map.tif,15682204,062e606f201cf4b131aa3ade508c40ec-2,2022-10-26T12:51:52.000Z,https://esa-worldcover.s3.eu-central-1.amazonaws.com/v200/2021/map/ESA_WorldCover_10m_2021_v200_N48E114_Map.tif
v200/2021/map/ESA_WorldCover_10m_2021_v200_N48E117_Map.tif,33443067,3497a726790e6bea3f13fc2b34a343c2-4,2022-10-26T13:03:30.000Z,https://esa-worldcover.s3.eu-central-1.amazonaws.com/v200/2021/map/ESA_WorldCover_10m_2021_v200_N48E117_Map.tif
v200/2021/map/ESA_WorldCover_10m_2021_v200_N48E120_Map.tif,42431643,84b71e57e4a81eb0a65e2ebf0a0cc848-6,2022-10-26T12:53:06.000Z,https://esa-worldcover.s3.eu-central-1.amazonaws.com/v200/2021/map/ESA_WorldCover_10m_2021_v200_N48E120_Map.tif
v200/2021/map/ESA_WorldCover_10m_2021_v200_N48E123_Map.tif,65793660,5b10628170c7a8754f525fee9269a003-8,2022-10-26T12:55:40.000Z,https://esa-worldcover.s3.eu-central-1.amazonaws.com/v200/2021/map/ESA_WorldCover_10m_2021_v200_N48E123_Map.tif
v200/2021/map/ESA_WorldCover_10m_2021_v200_N48E126_Map.tif,67634985,3ce02ff656cb4bebf227f85ecc7bdfba-9,2022-10-26T12:55:19.000Z,https://esa-worldcover.s3.eu-central-1.amazonaws.com/v200/2021/map/ESA_WorldCover_10m_2021_v200_N48E126_Map.tif
v200/2021/map/ESA_WorldCover_10m_2021_v200_N48E129_Map.tif,46212006,f846798a97fb662cce0bd4059445a9ec-6,2022-10-26T12:54:01.000Z,https://esa-worldcover.s3.eu-central-1.amazonaws.com/v200/2021/map/ESA_WorldCover_10m_2021_v200_N48E129_Map.tif
v200/2021/map/ESA_WorldCover_10m_2021_v200_N48E132_Map.tif,53308827,ba828e6dddac095018e40a4328638645-7,2022-10-26T12:54:44.000Z,https://esa-worldcover.s3.eu-central-1.amazonaws.com/v200/2021/map/ESA_WorldCover_10m_2021_v200_N48E132_Map.tif
v200/2021/map/ESA_WorldCover_10m_2021_v200_N48E135_Map.tif,55873014,69d95b6c733ddd2a6e6c624e10e526ae-7,2022-10-26T13:01:30.000Z,https://esa-worldcover.s3.eu-central-1.amazonaws.com/v200/2021/map/ESA_WorldCover_10m_2021_v200_N48E135_Map.tif
v200/2021/map/ESA_WorldCover_10m_2021_v200_N48E138_Map.tif,22923862,0afbc1670210690ee4fb5fcfee07c03a-3,2022-10-26T12:56:48.000Z,https://esa-worldcover.s3.eu-central-1.amazonaws.com/v200/2021/map/ESA_WorldCover_10m_2021_v200_N48E138_Map.tif
v200/2021/map/ESA_WorldCover_10m_2021_v200_N48E141_Map.tif,16579784,f912df18904bc4734083613e1c62601b-2,2022-10-26T12:53:02.000Z,https://esa-worldcover.s3.eu-central-1.amazonaws.com/v200/2021/map/ESA_WorldCover_10m_2021_v200_N48E141_Map.tif
v200/2021/map/ESA_WorldCover_10m_2021_v200_N48E144_Map.tif,2586368,03ed99e59d4cca0f77b21d6ea577dd96,2022-10-26T12:45:33.000Z,https://esa-worldcover.s3.eu-central-1.amazonaws.com/v200/2021/map/ESA_WorldCover_10m_2021_v200_N48E144_Map.tif
v200/2021/map/ESA_WorldCover_10m_2021_v200_N48E153_Map.tif,7533954,ec830c1ed7af396132945f9561f1fb9f,2022-10-26T12:50:07.000Z,https://esa-worldcover.s3.eu-central-1.amazonaws.com/v200/2021/map/ESA_WorldCover_10m_2021_v200_N48E153_Map.tif
v200/2021/map/ESA_WorldCover_10m_2021_v200_N48E156_Map.tif,3254325,4e594d715bbd878a9b15b32e904c0299,2022-10-26T12:44:33.000Z,https://esa-worldcover.s3.eu-central-1.amazonaws.com/v200/2021/map/ESA_WorldCover_10m_2021_v200_N48E156_Map.tif
v200/2021/map/ESA_WorldCover_10m_2021_v200_N48W003_Map.tif,61487913,9d6163df8db98beeaf7d196982d4e14c-8,2022-10-26T12:51:31.000Z,https://esa-worldcover.s3.eu-central-1.amazonaws.com/v200/2021/map/ESA_WorldCover_10m_2021_v200_N48W003_Map.tif
v200/2021/map/ESA_WorldCover_10m_2021_v200_N48W006_Map.tif,34473529,a42517417eab6832c5b7c9e30188d892-5,2022-10-26T12:49:59.000Z,https://esa-worldcover.s3.eu-central-1.amazonaws.com/v200/2021/map/ESA_WorldCover_10m_2021_v200_N48W006_Map.tif
v200/2021/map/ESA_WorldCover_10m_2021_v200_N48W009_Map.tif,2069701,16df904404fc4e4caa5f12b5c6df8018,2022-10-26T12:43:02.000Z,https://esa-worldcover.s3.eu-central-1.amazonaws.com/v200/2021/map/ESA_WorldCover_10m_2021_v200_N48W009_Map.tif
v200/2021/map/ESA_WorldCover_10m_2021_v200_N48W054_Map.tif,8749966,b5aba1b60537f600877510e271dd729a-2,2022-10-26T12:45:47.000Z,https://esa-worldcover.s3.eu-central-1.amazonaws.com/v200/2021/map/ESA_WorldCover_10m_2021_v200_N48W054_Map.tif
v200/2021/map/ESA_WorldCover_10m_2021_v200_N48W057_Map.tif,66875577,5884487d57bd252ffd5e553f93ac6587-8,2022-10-26T12:51:49.000Z,https://esa-worldcover.s3.eu-central-1.amazonaws.com/v200/2021/map/ESA_WorldCover_10m_2021_v200_N48W057_Map.tif
v200/2021/map/ESA_WorldCover_10m_2021_v200_N48W060_Map.tif,43543014,c020bcd245a23d225fc61601d725916e-6,2022-10-26T12:51:15.000Z,https://esa-worldcover.s3.eu-central-1.amazonaws.com/v200/2021/map/ESA_WorldCover_10m_2021_v200_N48W060_Map.tif
v200/2021/map/ESA_WorldCover_10m_2021_v200_N48W063_Map.tif,24945948,8745ae0b7ccf6e56b2a3615275941d2e-3,2022-10-26T12:48:53.000Z,https://esa-worldcover.s3.eu-central-1.amazonaws.com/v200/2021/map/ESA_WorldCover_10m_2021_v200_N48W063_Map.tif
v200/2021/map/ESA_WorldCover_10m_2021_v200_N48W066_Map.tif,23625938,c57f6d2c199ee52e907c6777391476ef-3,2022-10-26T12:51:45.000Z,https://esa-worldcover.s3.eu-central-1.amazonaws.com/v200/2021/map/ESA_WorldCover_10m_2021_v200_N48W066_Map.tif
v200/2021/map/ESA_WorldCover_10m_2021_v200_N48W069_Map.tif,36576386,14a99856aef3805f272e9770bb6bd9dd-5,2022-10-26T12:56:11.000Z,https://esa-worldcover.s3.eu-central-1.amazonaws.com/v200/2021/map/ESA_WorldCover_10m_2021_v200_N48W069_Map.tif
v200/2021/map/ESA_WorldCover_10m_2021_v200_N48W072_Map.tif,58889453,b8166fcdeb04725bb2e310b0b16b8176-8,2022-10-26T12:54:48.000Z,https://esa-worldcover.s3.eu-central-1.amazonaws.com/v200/2021/map/ESA_WorldCover_10m_2021_v200_N48W072_Map.tif
v200/2021/map/ESA_WorldCover_10m_2021_v200_N48W075_Map.tif,75660176,309db36ce01456e2685d3fb47ec4d129-10,2022-10-26T12:56:53.000Z,https://esa-worldcover.s3.eu-central-1.amazonaws.com/v200/2021/map/ESA_WorldCover_10m_2021_v200_N48W075_Map.tif
v200/2021/map/ESA_WorldCover_10m_2021_v200_N48W078_Map.tif,74107430,ee7c5a35c6d627c979cc411be6738518-9,2022-10-26T12:54:39.000Z,https://esa-worldcover.s3.eu-central-1.amazonaws.com/v200/2021/map/ESA_WorldCover_10m_2021_v200_N48W078_Map.tif
v200/2021/map/ESA_WorldCover_10m_2021_v200_N48W081_Map.tif,77005389,f20c36e6298261e286665bac8e6fee11-10,2022-10-26T12:54:28.000Z,https://esa-worldcover.s3.eu-central-1.amazonaws.com/v200/2021/map/ESA_WorldCover_10m_2021_v200_N48W081_Map.tif
v200/2021/map/ESA_WorldCover_10m_2021_v200_N48W084_Map.tif,57373118,e10a4bcb44d8cd823f2888be64b86187-7,2022-10-26T12:54:58.000Z,https://esa-worldcover.s3.eu-central-1.amazonaws.com/v200/2021/map/ESA_WorldCover_10m_2021_v200_N48W084_Map.tif
v200/2021/map/ESA_WorldCover_10m_2021_v200_N48W087_Map.tif,46317668,34ae2cd316d45089a2d2bd449c2ae5ba-6,2022-10-26T12:53:19.000Z,https://esa-worldcover.s3.eu-central-1.amazonaws.com/v200/2021/map/ESA_WorldCover_10m_2021_v200_N48W087_Map.tif
v200/2021/map/ESA_WorldCover_10m_2021_v200_N48W090_Map.tif,41035417,fa8128140efafeb76b0d8128491217fe-5,2022-10-26T12:52:55.000Z,https://esa-worldcover.s3.eu-central-1.amazonaws.com/v200/2021/map/ESA_WorldCover_10m_2021_v200_N48W090_Map.tif
v200/2021/map/ESA_WorldCover_10m_2021_v200_N48W093_Map.tif,49171031,38c7fc31ee398cf1618c920b5e62fb82-6,2022-10-26T12:51:34.000Z,https://esa-worldcover.s3.eu-central-1.amazonaws.com/v200/2021/map/ESA_WorldCover_10m_2021_v200_N48W093_Map.tif
v200/2021/map/ESA_WorldCover_10m_2021_v200_N48W096_Map.tif,53681700,a7d26af1e04211e64402ce374ac2d6ca-7,2022-10-26T12:54:42.000Z,https://esa-worldcover.s3.eu-central-1.amazonaws.com/v200/2021/map/ESA_WorldCover_10m_2021_v200_N48W096_Map.tif
v200/2021/map/ESA_WorldCover_10m_2021_v200_N48W099_Map.tif,63501655,190763902375bd9d1633c2ef1dd3a92c-8,2022-10-26T12:51:28.000Z,https://esa-worldcover.s3.eu-central-1.amazonaws.com/v200/2021/map/ESA_WorldCover_10m_2021_v200_N48W099_Map.tif
v200/2021/map/ESA_WorldCover_10m_2021_v200_N48W102_Map.tif,68122707,a5a29e2696236a7df7bb331a53ec7271-9,2022-10-26T12:55:44.000Z,https://esa-worldcover.s3.eu-central-1.amazonaws.com/v200/2021/map/ESA_WorldCover_10m_2021_v200_N48W102_Map.tif
v200/2021/map/ESA_WorldCover_10m_2021_v200_N48W105_Map.tif,56208913,7781fcc6452590e44afafc4e798efc77-7,2022-10-26T12:54:01.000Z,https://esa-worldcover.s3.eu-central-1.amazonaws.com/v200/2021/map/ESA_WorldCover_10m_2021_v200_N48W105_Map.tif
v200/2021/map/ESA_WorldCover_10m_2021_v200_N48W108_Map.tif,41835862,7ee072233ed40280cb26283010297496-5,2022-10-26T12:56:56.000Z,https://esa-worldcover.s3.eu-central-1.amazonaws.com/v200/2021/map/ESA_WorldCover_10m_2021_v200_N48W108_Map.tif
v200/2021/map/ESA_WorldCover_10m_2021_v200_N48W111_Map.tif,33296074,503dc27ca0d0557d2b799d6c4c0e11c2-4,2022-10-26T12:58:01.000Z,https://esa-worldcover.s3.eu-central-1.amazonaws.com/v200/2021/map/ESA_WorldCover_10m_2021_v200_N48W111_Map.tif
v200/2021/map/ESA_WorldCover_10m_2021_v200_N48W114_Map.tif,48667193,7ac326be32c3a9d0b42be89afd864340-6,2022-10-26T12:52:10.000Z,https://esa-worldcover.s3.eu-central-1.amazonaws.com/v200/2021/map/ESA_WorldCover_10m_2021_v200_N48W114_Map.tif
v200/2021/map/ESA_WorldCover_10m_2021_v200_N48W117_Map.tif,64644492,c3f7b08bcfc685f508b7029a95cdde1d-8,2022-10-26T12:54:52.000Z,https://esa-worldcover.s3.eu-central-1.amazonaws.com/v200/2021/map/ESA_WorldCover_10m_2021_v200_N48W117_Map.tif
v200/2021/map/ESA_WorldCover_10m_2021_v200_N48W120_Map.tif,64113378,a9292872c5d5c373b00ffabffc8aa166-8,2022-10-26T12:54:09.000Z,https://esa-worldcover.s3.eu-central-1.amazonaws.com/v200/2021/map/ESA_WorldCover_10m_2021_v200_N48W120_Map.tif
v200/2021/map/ESA_WorldCover_10m_2021_v200_N48W123_Map.tif,74010155,4fc9ca1c99e9cec782e966b8cc401373-9,2022-10-26T12:56:04.000Z,https://esa-worldcover.s3.eu-central-1.amazonaws.com/v200/2021/map/ESA_WorldCover_10m_2021_v200_N48W123_Map.tif
v200/2021/map/ESA_WorldCover_10m_2021_v200_N48W126_Map.tif,50743200,161794493d58e8d5de0a3ae7e6ab03d7-7,2022-10-26T12:53:47.000Z,https://esa-worldcover.s3.eu-central-1.amazonaws.com/v200/2021/map/ESA_WorldCover_10m_2021_v200_N48W126_Map.tif
v200/2021/map/ESA_WorldCover_10m_2021_v200_N48W129_Map.tif,11049795,db6238c9c76d2b4a6591593b01354969-2,2022-10-26T12:48:33.000Z,https://esa-worldcover.s3.eu-central-1.amazonaws.com/v200/2021/map/ESA_WorldCover_10m_2021_v200_N48W129_Map.tif
v200/2021/map/ESA_WorldCover_10m_2021_v200_N48W132_Map.tif,1977586,ceb769af8d05576bb8d32ca248ba2d1a,2022-10-26T12:41:30.000Z,https://esa-worldcover.s3.eu-central-1.amazonaws.com/v200/2021/map/ESA_WorldCover_10m_2021_v200_N48W132_Map.tif
v200/2021/map/ESA_WorldCover_10m_2021_v200_N51E000_Map.tif,37111787,544c6e6893ab15da94beec7b8ce20785-5,2022-10-26T13:03:20.000Z,https://esa-worldcover.s3.eu-central-1.amazonaws.com/v200/2021/map/ESA_WorldCover_10m_2021_v200_N51E000_Map.tif
v200/2021/map/ESA_WorldCover_10m_2021_v200_N51E003_Map.tif,54556617,cc4e40cf1c18a535c2708844c35f5da6-7,2022-10-26T12:52:54.000Z,https://esa-worldcover.s3.eu-central-1.amazonaws.com/v200/2021/map/ESA_WorldCover_10m_2021_v200_N51E003_Map.tif
v200/2021/map/ESA_WorldCover_10m_2021_v200_N51E006_Map.tif,100981165,64e2236ae968c088a91ac3b049bd62e7-13,2022-10-26T12:56:20.000Z,https://esa-worldcover.s3.eu-central-1.amazonaws.com/v200/2021/map/ESA_WorldCover_10m_2021_v200_N51E006_Map.tif
v200/2021/map/ESA_WorldCover_10m_2021_v200_N51E009_Map.tif,85525178,e3eb02eab891079e6481be3961ee38eb-11,2022-10-26T12:53:36.000Z,https://esa-worldcover.s3.eu-central-1.amazonaws.com/v200/2021/map/ESA_WorldCover_10m_2021_v200_N51E009_Map.tif
v200/2021/map/ESA_WorldCover_10m_2021_v200_N51E012_Map.tif,76097802,25274faf406f8238b87ddd666665408a-10,2022-10-26T12:58:31.000Z,https://esa-worldcover.s3.eu-central-1.amazonaws.com/v200/2021/map/ESA_WorldCover_10m_2021_v200_N51E012_Map.tif
v200/2021/map/ESA_WorldCover_10m_2021_v200_N51E015_Map.tif,77299262,d0ec5fe721449bdebc347b1772594be5-10,2022-10-26T12:57:43.000Z,https://esa-worldcover.s3.eu-central-1.amazonaws.com/v200/2021/map/ESA_WorldCover_10m_2021_v200_N51E015_Map.tif
v200/2021/map/ESA_WorldCover_10m_2021_v200_N51E018_Map.tif,95618762,433b34903eba821c1591ef452ea0e6af-12,2022-10-26T13:00:27.000Z,https://esa-worldcover.s3.eu-central-1.amazonaws.com/v200/2021/map/ESA_WorldCover_10m_2021_v200_N51E018_Map.tif
v200/2021/map/ESA_WorldCover_10m_2021_v200_N51E021_Map.tif,93342037,5cdb47714012ac88fddea1c537ef13e5-12,2022-10-26T13:04:02.000Z,https://esa-worldcover.s3.eu-central-1.amazonaws.com/v200/2021/map/ESA_WorldCover_10m_2021_v200_N51E021_Map.tif
v200/2021/map/ESA_WorldCover_10m_2021_v200_N51E024_Map.tif,77901105,ba660add66a3f50b7602582b44c52837-10,2022-10-26T12:55:56.000Z,https://esa-worldcover.s3.eu-central-1.amazonaws.com/v200/2021/map/ESA_WorldCover_10m_2021_v200_N51E024_Map.tif
v200/2021/map/ESA_WorldCover_10m_2021_v200_N51E027_Map.tif,73065461,8b4aed1ab76ff3e287d3ed6a5f9c35b2-9,2022-10-26T13:02:08.000Z,https://esa-worldcover.s3.eu-central-1.amazonaws.com/v200/2021/map/ESA_WorldCover_10m_2021_v200_N51E027_Map.tif
v200/2021/map/ESA_WorldCover_10m_2021_v200_N51E030_Map.tif,79281370,6c2c8d41d13d21d40d9785025d65fb86-10,2022-10-26T12:57:41.000Z,https://esa-worldcover.s3.eu-central-1.amazonaws.com/v200/2021/map/ESA_WorldCover_10m_2021_v200_N51E030_Map.tif
v200/2021/map/ESA_WorldCover_10m_2021_v200_N51E033_Map.tif,69131528,7354fbf419b781ef1c4bcd9ae7782439-9,2022-10-26T12:56:41.000Z,https://esa-worldcover.s3.eu-central-1.amazonaws.com/v200/2021/map/ESA_WorldCover_10m_2021_v200_N51E033_Map.tif
v200/2021/map/ESA_WorldCover_10m_2021_v200_N51E036_Map.tif,70739549,17d83477157376dc1c3cd98cf600c0b3-9,2022-10-26T12:54:25.000Z,https://esa-worldcover.s3.eu-central-1.amazonaws.com/v200/2021/map/ESA_WorldCover_10m_2021_v200_N51E036_Map.tif
v200/2021/map/ESA_WorldCover_10m_2021_v200_N51E039_Map.tif,65108315,df5c0046de1fb65a2fcce6056fe0d0aa-8,2022-10-26T12:55:40.000Z,https://esa-worldcover.s3.eu-central-1.amazonaws.com/v200/2021/map/ESA_WorldCover_10m_2021_v200_N51E039_Map.tif
v200/2021/map/ESA_WorldCover_10m_2021_v200_N51E042_Map.tif,55977378,bb8c6f8003a2799cf327518a7ed8d8fb-7,2022-10-26T12:53:58.000Z,https://esa-worldcover.s3.eu-central-1.amazonaws.com/v200/2021/map/ESA_WorldCover_10m_2021_v200_N51E042_Map.tif
v200/2021/map/ESA_WorldCover_10m_2021_v200_N51E045_Map.tif,55620270,2a06937644daa6d2aeca7b483eaa98dd-7,2022-10-26T12:56:37.000Z,https://esa-worldcover.s3.eu-central-1.amazonaws.com/v200/2021/map/ESA_WorldCover_10m_2021_v200_N51E045_Map.tif
v200/2021/map/ESA_WorldCover_10m_2021_v200_N51E048_Map.tif,48380223,7d75107d5deb94578d421a760e328dfd-6,2022-10-26T12:53:41.000Z,https://esa-worldcover.s3.eu-central-1.amazonaws.com/v200/2021/map/ESA_WorldCover_10m_2021_v200_N51E048_Map.tif
v200/2021/map/ESA_WorldCover_10m_2021_v200_N51E051_Map.tif,55555578,a057f2538e033d93a0ea842b2e47a5c8-7,2022-10-26T12:53:53.000Z,https://esa-worldcover.s3.eu-central-1.amazonaws.com/v200/2021/map/ESA_WorldCover_10m_2021_v200_N51E051_Map.tif
v200/2021/map/ESA_WorldCover_10m_2021_v200_N51E054_Map.tif,58605533,0fc0656ef5e60705d7049d91b3c2d740-7,2022-10-26T12:55:32.000Z,https://esa-worldcover.s3.eu-central-1.amazonaws.com/v200/2021/map/ESA_WorldCover_10m_2021_v200_N51E054_Map.tif
v200/2021/map/ESA_WorldCover_10m_2021_v200_N51E057_Map.tif,54169706,5b43f9846348a395a227cccbd8fca187-7,2022-10-26T12:57:20.000Z,https://esa-worldcover.s3.eu-central-1.amazonaws.com/v200/2021/map/ESA_WorldCover_10m_2021_v200_N51E057_Map.tif
v200/2021/map/ESA_WorldCover_10m_2021_v200_N51E060_Map.tif,52101248,d8bd49b6c8ab9bcb80c36a2dde3606bc-7,2022-10-26T12:53:41.000Z,https://esa-worldcover.s3.eu-central-1.amazonaws.com/v200/2021/map/ESA_WorldCover_10m_2021_v200_N51E060_Map.tif
v200/2021/map/ESA_WorldCover_10m_2021_v200_N51E063_Map.tif,42999652,b1bd561bfc6c4806e749aad5a91a006f-6,2022-10-26T12:52:54.000Z,https://esa-worldcover.s3.eu-central-1.amazonaws.com/v200/2021/map/ESA_WorldCover_10m_2021_v200_N51E063_Map.tif
v200/2021/map/ESA_WorldCover_10m_2021_v200_N51E066_Map.tif,42318874,384f9aebc27a49c415a71e2fdaa5a88c-6,2022-10-26T12:55:23.000Z,https://esa-worldcover.s3.eu-central-1.amazonaws.com/v200/2021/map/ESA_WorldCover_10m_2021_v200_N51E066_Map.tif
v200/2021/map/ESA_WorldCover_10m_2021_v200_N51E069_Map.tif,44474082,362f41226b034be9c7ba3288a1252fa2-6,2022-10-26T12:54:56.000Z,https://esa-worldcover.s3.eu-central-1.amazonaws.com/v200/2021/map/ESA_WorldCover_10m_2021_v200_N51E069_Map.tif
v200/2021/map/ESA_WorldCover_10m_2021_v200_N51E072_Map.tif,29490903,cf08a07ecec1c53cf372e9b82b9e47e1-4,2022-10-26T12:56:05.000Z,https://esa-worldcover.s3.eu-central-1.amazonaws.com/v200/2021/map/ESA_WorldCover_10m_2021_v200_N51E072_Map.tif
v200/2021/map/ESA_WorldCover_10m_2021_v200_N51E075_Map.tif,49637325,0e2d67a723e354b09b57be6994b22e5a-6,2022-10-26T12:56:15.000Z,https://esa-worldcover.s3.eu-central-1.amazonaws.com/v200/2021/map/ESA_WorldCover_10m_2021_v200_N51E075_Map.tif
v200/2021/map/ESA_WorldCover_10m_2021_v200_N51E078_Map.tif,58354765,f5fc6762cde01a1810187e9ca4355dff-7,2022-10-26T13:03:12.000Z,https://esa-worldcover.s3.eu-central-1.amazonaws.com/v200/2021/map/ESA_WorldCover_10m_2021_v200_N51E078_Map.tif
v200/2021/map/ESA_WorldCover_10m_2021_v200_N51E081_Map.tif,61920068,4f0c3fee34fb80779392d7783f71d3a2-8,2022-10-26T12:55:26.000Z,https://esa-worldcover.s3.eu-central-1.amazonaws.com/v200/2021/map/ESA_WorldCover_10m_2021_v200_N51E081_Map.tif
v200/2021/map/ESA_WorldCover_10m_2021_v200_N51E084_Map.tif,64793698,d9fff0e3b219caebde3e3bbc698da8a1-8,2022-10-26T12:56:55.000Z,https://esa-worldcover.s3.eu-central-1.amazonaws.com/v200/2021/map/ESA_WorldCover_10m_2021_v200_N51E084_Map.tif
v200/2021/map/ESA_WorldCover_10m_2021_v200_N51E087_Map.tif,47872965,61e358266a994d45a76a58d35f5eee8e-6,2022-10-26T12:54:36.000Z,https://esa-worldcover.s3.eu-central-1.amazonaws.com/v200/2021/map/ESA_WorldCover_10m_2021_v200_N51E087_Map.tif
v200/2021/map/ESA_WorldCover_10m_2021_v200_N51E090_Map.tif,49060500,fd703dfbc39c32161b436a8c6d9d8ba4-6,2022-10-26T12:58:08.000Z,https://esa-worldcover.s3.eu-central-1.amazonaws.com/v200/2021/map/ESA_WorldCover_10m_2021_v200_N51E090_Map.tif
v200/2021/map/ESA_WorldCover_10m_2021_v200_N51E093_Map.tif,42219366,96305dd085199b8150e9543af43e34d6-6,2022-10-26T12:53:10.000Z,https://esa-worldcover.s3.eu-central-1.amazonaws.com/v200/2021/map/ESA_WorldCover_10m_2021_v200_N51E093_Map.tif
v200/2021/map/ESA_WorldCover_10m_2021_v200_N51E096_Map.tif,72874351,1dcf4be04d064057d9a3298a36d287ad-9,2022-10-26T13:00:11.000Z,https://esa-worldcover.s3.eu-central-1.amazonaws.com/v200/2021/map/ESA_WorldCover_10m_2021_v200_N51E096_Map.tif
v200/2021/map/ESA_WorldCover_10m_2021_v200_N51E099_Map.tif,80224071,97ff4066dbba1d2d5b653fd3d73b79d0-10,2022-10-26T12:57:16.000Z,https://esa-worldcover.s3.eu-central-1.amazonaws.com/v200/2021/map/ESA_WorldCover_10m_2021_v200_N51E099_Map.tif
v200/2021/map/ESA_WorldCover_10m_2021_v200_N51E102_Map.tif,55675747,840ce82c487a2c612ad13b0cc3980fe6-7,2022-10-26T12:56:29.000Z,https://esa-worldcover.s3.eu-central-1.amazonaws.com/v200/2021/map/ESA_WorldCover_10m_2021_v200_N51E102_Map.tif
v200/2021/map/ESA_WorldCover_10m_2021_v200_N51E105_Map.tif,36015740,6c2bdb2db65a3cdaa051954985c7504f-5,2022-10-26T12:55:05.000Z,https://esa-worldcover.s3.eu-central-1.amazonaws.com/v200/2021/map/ESA_WorldCover_10m_2021_v200_N51E105_Map.tif
v200/2021/map/ESA_WorldCover_10m_2021_v200_N51E108_Map.tif,47297929,5f06c41ce52e502598af7ce7f0832362-6,2022-10-26T12:54:42.000Z,https://esa-worldcover.s3.eu-central-1.amazonaws.com/v200/2021/map/ESA_WorldCover_10m_2021_v200_N51E108_Map.tif
v200/2021/map/ESA_WorldCover_10m_2021_v200_N51E111_Map.tif,57256319,daa1e5203cb41957fd10d73568916985-7,2022-10-26T12:57:02.000Z,https://esa-worldcover.s3.eu-central-1.amazonaws.com/v200/2021/map/ESA_WorldCover_10m_2021_v200_N51E111_Map.tif
v200/2021/map/ESA_WorldCover_10m_2021_v200_N51E114_Map.tif,51726856,bef092e84cdc2e9b20f5d0d13ee0e333-7,2022-10-26T12:54:08.000Z,https://esa-worldcover.s3.eu-central-1.amazonaws.com/v200/2021/map/ESA_WorldCover_10m_2021_v200_N51E114_Map.tif
v200/2021/map/ESA_WorldCover_10m_2021_v200_N51E117_Map.tif,45795144,e955ea453e864b3683689c2c5d0bc0ee-6,2022-10-26T12:54:58.000Z,https://esa-worldcover.s3.eu-central-1.amazonaws.com/v200/2021/map/ESA_WorldCover_10m_2021_v200_N51E117_Map.tif
v200/2021/map/ESA_WorldCover_10m_2021_v200_N51E120_Map.tif,23506184,88fc812687e1abc9050e5d1035e8bf10-3,2022-10-26T12:57:04.000Z,https://esa-worldcover.s3.eu-central-1.amazonaws.com/v200/2021/map/ESA_WorldCover_10m_2021_v200_N51E120_Map.tif
v200/2021/map/ESA_WorldCover_10m_2021_v200_N51E123_Map.tif,30809271,6b6b6da3ca2cbb5ca020c705cbb8fd7b-4,2022-10-26T12:53:18.000Z,https://esa-worldcover.s3.eu-central-1.amazonaws.com/v200/2021/map/ESA_WorldCover_10m_2021_v200_N51E123_Map.tif
v200/2021/map/ESA_WorldCover_10m_2021_v200_N51E126_Map.tif,64840441,5e5d9d242f3e77d0c9e52be08c54f7f1-8,2022-10-26T12:59:22.000Z,https://esa-worldcover.s3.eu-central-1.amazonaws.com/v200/2021/map/ESA_WorldCover_10m_2021_v200_N51E126_Map.tif
v200/2021/map/ESA_WorldCover_10m_2021_v200_N51E129_Map.tif,44103122,41d63d9ba5f7dbeb72a2a8bc859ea089-6,2022-10-26T12:53:59.000Z,https://esa-worldcover.s3.eu-central-1.amazonaws.com/v200/2021/map/ESA_WorldCover_10m_2021_v200_N51E129_Map.tif
v200/2021/map/ESA_WorldCover_10m_2021_v200_N51E132_Map.tif,49729905,4da5f7bd63fd8672cdb20d81c7116254-6,2022-10-26T12:57:32.000Z,https://esa-worldcover.s3.eu-central-1.amazonaws.com/v200/2021/map/ESA_WorldCover_10m_2021_v200_N51E132_Map.tif
v200/2021/map/ESA_WorldCover_10m_2021_v200_N51E135_Map.tif,46120168,e46173ecbe3ab6ab0d7dee53ed96b08a-6,2022-10-26T12:53:55.000Z,https://esa-worldcover.s3.eu-central-1.amazonaws.com/v200/2021/map/ESA_WorldCover_10m_2021_v200_N51E135_Map.tif
v200/2021/map/ESA_WorldCover_10m_2021_v200_N51E138_Map.tif,38388256,b455aa720be3a26509a36d31d0ff48ef-5,2022-10-26T12:55:34.000Z,https://esa-worldcover.s3.eu-central-1.amazonaws.com/v200/2021/map/ESA_WorldCover_10m_2021_v200_N51E138_Map.tif
v200/2021/map/ESA_WorldCover_10m_2021_v200_N51E141_Map.tif,28206396,36b5defed09ad51b1976f24843af8cab-4,2022-10-26T12:53:00.000Z,https://esa-worldcover.s3.eu-central-1.amazonaws.com/v200/2021/map/ESA_WorldCover_10m_2021_v200_N51E141_Map.tif
v200/2021/map/ESA_WorldCover_10m_2021_v200_N51E153_Map.tif,2364888,f287070bcb7e2c28e8b033b2689c24c9,2022-10-26T12:44:16.000Z,https://esa-worldcover.s3.eu-central-1.amazonaws.com/v200/2021/map/ESA_WorldCover_10m_2021_v200_N51E153_Map.tif
v200/2021/map/ESA_WorldCover_10m_2021_v200_N51E156_Map.tif,60976922,4c5e8cc281d1d2b46a664e6b77c69756-8,2022-10-26T12:56:45.000Z,https://esa-worldcover.s3.eu-central-1.amazonaws.com/v200/2021/map/ESA_WorldCover_10m_2021_v200_N51E156_Map.tif
v200/2021/map/ESA_WorldCover_10m_2021_v200_N51E159_Map.tif,9028651,09e2782979e899c117a9cfeec08312a9-2,2022-10-26T12:48:00.000Z,https://esa-worldcover.s3.eu-central-1.amazonaws.com/v200/2021/map/ESA_WorldCover_10m_2021_v200_N51E159_Map.tif
v200/2021/map/ESA_WorldCover_10m_2021_v200_N51E171_Map.tif,3993166,468d7eda8bcbc70dba145c3fe60ccd15,2022-10-26T12:45:59.000Z,https://esa-worldcover.s3.eu-central-1.amazonaws.com/v200/2021/map/ESA_WorldCover_10m_2021_v200_N51E171_Map.tif
v200/2021/map/ESA_WorldCover_10m_2021_v200_N51E174_Map.tif,2179271,2a4aa31df5d57715df4542ba2ba90a8b,2022-10-26T12:47:11.000Z,https://esa-worldcover.s3.eu-central-1.amazonaws.com/v200/2021/map/ESA_WorldCover_10m_2021_v200_N51E174_Map.tif
v200/2021/map/ESA_WorldCover_10m_2021_v200_N51E177_Map.tif,3505799,732a464f81cc4f1cae90cbc177298cf1,2022-10-26T12:50:49.000Z,https://esa-worldcover.s3.eu-central-1.amazonaws.com/v200/2021/map/ESA_WorldCover_10m_2021_v200_N51E177_Map.tif
v200/2021/map/ESA_WorldCover_10m_2021_v200_N51W003_Map.tif,107959080,d734b3b3b7caa4cde1e9bceba3a6c4e3-13,2022-10-26T12:57:36.000Z,https://esa-worldcover.s3.eu-central-1.amazonaws.com/v200/2021/map/ESA_WorldCover_10m_2021_v200_N51W003_Map.tif
v200/2021/map/ESA_WorldCover_10m_2021_v200_N51W006_Map.tif,29037566,c5cdcb14e2526653c410cdcd4f7da7d2-4,2022-10-26T12:54:17.000Z,https://esa-worldcover.s3.eu-central-1.amazonaws.com/v200/2021/map/ESA_WorldCover_10m_2021_v200_N51W006_Map.tif
v200/2021/map/ESA_WorldCover_10m_2021_v200_N51W009_Map.tif,49384347,3228a2bfa46da9aa3f879b6d4fa31f28-6,2022-10-26T12:53:41.000Z,https://esa-worldcover.s3.eu-central-1.amazonaws.com/v200/2021/map/ESA_WorldCover_10m_2021_v200_N51W009_Map.tif
v200/2021/map/ESA_WorldCover_10m_2021_v200_N51W012_Map.tif,15964742,245968bea3213d739b20644dd4974943-2,2022-10-26T12:48:08.000Z,https://esa-worldcover.s3.eu-central-1.amazonaws.com/v200/2021/map/ESA_WorldCover_10m_2021_v200_N51W012_Map.tif
v200/2021/map/ESA_WorldCover_10m_2021_v200_N51W057_Map.tif,34529518,6599e44e4dc48cd43f99cf28ace211ec-5,2022-10-26T12:50:10.000Z,https://esa-worldcover.s3.eu-central-1.amazonaws.com/v200/2021/map/ESA_WorldCover_10m_2021_v200_N51W057_Map.tif
v200/2021/map/ESA_WorldCover_10m_2021_v200_N51W060_Map.tif,69616280,8cdb86b285281428ba8209c79c3c60d9-9,2022-10-26T12:59:06.000Z,https://esa-worldcover.s3.eu-central-1.amazonaws.com/v200/2021/map/ESA_WorldCover_10m_2021_v200_N51W060_Map.tif
v200/2021/map/ESA_WorldCover_10m_2021_v200_N51W063_Map.tif,58990378,97a60f8cff17beda423acd9e816ab91c-8,2022-10-26T12:55:45.000Z,https://esa-worldcover.s3.eu-central-1.amazonaws.com/v200/2021/map/ESA_WorldCover_10m_2021_v200_N51W063_Map.tif
v200/2021/map/ESA_WorldCover_10m_2021_v200_N51W066_Map.tif,73918075,c53b5db4e9cc11efa3ebf95b5358bae6-9,2022-10-26T12:57:14.000Z,https://esa-worldcover.s3.eu-central-1.amazonaws.com/v200/2021/map/ESA_WorldCover_10m_2021_v200_N51W066_Map.tif
v200/2021/map/ESA_WorldCover_10m_2021_v200_N51W069_Map.tif,80463393,a00b3bf0a72e9572d25b9da68699d900-10,2022-10-26T12:58:40.000Z,https://esa-worldcover.s3.eu-central-1.amazonaws.com/v200/2021/map/ESA_WorldCover_10m_2021_v200_N51W069_Map.tif
v200/2021/map/ESA_WorldCover_10m_2021_v200_N51W072_Map.tif,103589499,a8b85a72d559d6d50fedbf2760bb4c1f-13,2022-10-26T13:00:33.000Z,https://esa-worldcover.s3.eu-central-1.amazonaws.com/v200/2021/map/ESA_WorldCover_10m_2021_v200_N51W072_Map.tif
v200/2021/map/ESA_WorldCover_10m_2021_v200_N51W075_Map.tif,104183824,6a1fe504b2be39580361f4c7a37f230f-13,2022-10-26T12:55:29.000Z,https://esa-worldcover.s3.eu-central-1.amazonaws.com/v200/2021/map/ESA_WorldCover_10m_2021_v200_N51W075_Map.tif
v200/2021/map/ESA_WorldCover_10m_2021_v200_N51W078_Map.tif,108003308,9360bc651ec14b71f87776e35f68826f-13,2022-10-26T12:58:22.000Z,https://esa-worldcover.s3.eu-central-1.amazonaws.com/v200/2021/map/ESA_WorldCover_10m_2021_v200_N51W078_Map.tif
v200/2021/map/ESA_WorldCover_10m_2021_v200_N51W081_Map.tif,57339237,d09252661468152bc3ebf079a5bae6a1-7,2022-10-26T12:57:25.000Z,https://esa-worldcover.s3.eu-central-1.amazonaws.com/v200/2021/map/ESA_WorldCover_10m_2021_v200_N51W081_Map.tif
v200/2021/map/ESA_WorldCover_10m_2021_v200_N51W084_Map.tif,119102657,bb05d453c0440fd56633d8ba523a8e93-15,2022-10-26T12:56:19.000Z,https://esa-worldcover.s3.eu-central-1.amazonaws.com/v200/2021/map/ESA_WorldCover_10m_2021_v200_N51W084_Map.tif
v200/2021/map/ESA_WorldCover_10m_2021_v200_N51W087_Map.tif,125859298,46eabf82c04f4f02e5de938d48f862e2-16,2022-10-26T12:56:52.000Z,https://esa-worldcover.s3.eu-central-1.amazonaws.com/v200/2021/map/ESA_WorldCover_10m_2021_v200_N51W087_Map.tif
v200/2021/map/ESA_WorldCover_10m_2021_v200_N51W090_Map.tif,84227683,221495bb5c55a182f53b15c38868b877-11,2022-10-26T12:57:47.000Z,https://esa-worldcover.s3.eu-central-1.amazonaws.com/v200/2021/map/ESA_WorldCover_10m_2021_v200_N51W090_Map.tif
v200/2021/map/ESA_WorldCover_10m_2021_v200_N51W093_Map.tif,67251702,a2f80097bf99db31a08dd3d93c3de487-9,2022-10-26T12:55:29.000Z,https://esa-worldcover.s3.eu-central-1.amazonaws.com/v200/2021/map/ESA_WorldCover_10m_2021_v200_N51W093_Map.tif
v200/2021/map/ESA_WorldCover_10m_2021_v200_N51W096_Map.tif,59852800,7806c52f667348108f5e06e09e9cf0fe-8,2022-10-26T12:57:26.000Z,https://esa-worldcover.s3.eu-central-1.amazonaws.com/v200/2021/map/ESA_WorldCover_10m_2021_v200_N51W096_Map.tif
v200/2021/map/ESA_WorldCover_10m_2021_v200_N51W099_Map.tif,62777130,3c3d526098a22ae33b0f2411445b92c0-8,2022-10-26T12:56:06.000Z,https://esa-worldcover.s3.eu-central-1.amazonaws.com/v200/2021/map/ESA_WorldCover_10m_2021_v200_N51W099_Map.tif
v200/2021/map/ESA_WorldCover_10m_2021_v200_N51W102_Map.tif,70966929,0b4a02a48e92b11a6e907a051a2563f8-9,2022-10-26T12:56:54.000Z,https://esa-worldcover.s3.eu-central-1.amazonaws.com/v200/2021/map/ESA_WorldCover_10m_2021_v200_N51W102_Map.tif
v200/2021/map/ESA_WorldCover_10m_2021_v200_N51W105_Map.tif,67299680,b476704edcb45ed4de1afc00e30f9205-9,2022-10-26T12:57:41.000Z,https://esa-worldcover.s3.eu-central-1.amazonaws.com/v200/2021/map/ESA_WorldCover_10m_2021_v200_N51W105_Map.tif
v200/2021/map/ESA_WorldCover_10m_2021_v200_N51W108_Map.tif,67160144,8df9a3e28e8cbad45a053031b1fdf249-9,2022-10-26T12:55:31.000Z,https://esa-worldcover.s3.eu-central-1.amazonaws.com/v200/2021/map/ESA_WorldCover_10m_2021_v200_N51W108_Map.tif
v200/2021/map/ESA_WorldCover_10m_2021_v200_N51W111_Map.tif,62193581,ce799047ea29c5125f14380ee5509f01-8,2022-10-26T12:55:49.000Z,https://esa-worldcover.s3.eu-central-1.amazonaws.com/v200/2021/map/ESA_WorldCover_10m_2021_v200_N51W111_Map.tif
v200/2021/map/ESA_WorldCover_10m_2021_v200_N51W114_Map.tif,73920377,466b229664476cac7aff25321888bdbc-9,2022-10-26T12:54:21.000Z,https://esa-worldcover.s3.eu-central-1.amazonaws.com/v200/2021/map/ESA_WorldCover_10m_2021_v200_N51W114_Map.tif
v200/2021/map/ESA_WorldCover_10m_2021_v200_N51W117_Map.tif,68887072,0d2addfe40c7b846d8d0284f41e609a2-9,2022-10-26T12:53:18.000Z,https://esa-worldcover.s3.eu-central-1.amazonaws.com/v200/2021/map/ESA_WorldCover_10m_2021_v200_N51W117_Map.tif
v200/2021/map/ESA_WorldCover_10m_2021_v200_N51W120_Map.tif,74529675,629dfbaeaf42de2b85abd0b5d90e7989-9,2022-10-26T12:57:54.000Z,https://esa-worldcover.s3.eu-central-1.amazonaws.com/v200/2021/map/ESA_WorldCover_10m_2021_v200_N51W120_Map.tif
v200/2021/map/ESA_WorldCover_10m_2021_v200_N51W123_Map.tif,54750701,e32932988b59a930330fce2b9a4d0f39-7,2022-10-26T12:54:48.000Z,https://esa-worldcover.s3.eu-central-1.amazonaws.com/v200/2021/map/ESA_WorldCover_10m_2021_v200_N51W123_Map.tif
v200/2021/map/ESA_WorldCover_10m_2021_v200_N51W126_Map.tif,68239695,b2f23b12fd63dca1a6dfb49c624c148b-9,2022-10-26T12:54:21.000Z,https://esa-worldcover.s3.eu-central-1.amazonaws.com/v200/2021/map/ESA_WorldCover_10m_2021_v200_N51W126_Map.tif
v200/2021/map/ESA_WorldCover_10m_2021_v200_N51W129_Map.tif,69681362,a9b9b58fe4841061613ce376099fad33-9,2022-10-26T12:52:41.000Z,https://esa-worldcover.s3.eu-central-1.amazonaws.com/v200/2021/map/ESA_WorldCover_10m_2021_v200_N51W129_Map.tif
v200/2021/map/ESA_WorldCover_10m_2021_v200_N51W132_Map.tif,12412177,13aadd18c4f0a8920e6450145d497d39-2,2022-10-26T12:50:54.000Z,https://esa-worldcover.s3.eu-central-1.amazonaws.com/v200/2021/map/ESA_WorldCover_10m_2021_v200_N51W132_Map.tif
v200/2021/map/ESA_WorldCover_10m_2021_v200_N51W135_Map.tif,4857329,54c0bbd77d32cd21f7b6dec8166d4061,2022-10-26T12:45:08.000Z,https://esa-worldcover.s3.eu-central-1.amazonaws.com/v200/2021/map/ESA_WorldCover_10m_2021_v200_N51W135_Map.tif
v200/2021/map/ESA_WorldCover_10m_2021_v200_N51W168_Map.tif,4210216,aba7a6acb32a6f17b1d0f7aadf01e901,2022-10-26T12:48:49.000Z,https://esa-worldcover.s3.eu-central-1.amazonaws.com/v200/2021/map/ESA_WorldCover_10m_2021_v200_N51W168_Map.tif
v200/2021/map/ESA_WorldCover_10m_2021_v200_N51W171_Map.tif,3752159,4f9f38347cbabbd7817e70c7a5933959,2022-10-26T12:46:00.000Z,https://esa-worldcover.s3.eu-central-1.amazonaws.com/v200/2021/map/ESA_WorldCover_10m_2021_v200_N51W171_Map.tif
v200/2021/map/ESA_WorldCover_10m_2021_v200_N51W174_Map.tif,2703837,ef6687af41a0390cd075edeb4a98b33b,2022-10-26T12:47:52.000Z,https://esa-worldcover.s3.eu-central-1.amazonaws.com/v200/2021/map/ESA_WorldCover_10m_2021_v200_N51W174_Map.tif
v200/2021/map/ESA_WorldCover_10m_2021_v200_N51W177_Map.tif,3571433,3a9d0e7616ea8684666dc849086a2f73,2022-10-26T12:44:51.000Z,https://esa-worldcover.s3.eu-central-1.amazonaws.com/v200/2021/map/ESA_WorldCover_10m_2021_v200_N51W177_Map.tif
v200/2021/map/ESA_WorldCover_10m_2021_v200_N51W180_Map.tif,2941991,f32533020b5b74b4ffd0c58100bb173e,2022-10-26T12:46:27.000Z,https://esa-worldcover.s3.eu-central-1.amazonaws.com/v200/2021/map/ESA_WorldCover_10m_2021_v200_N51W180_Map.tif
v200/2021/map/ESA_WorldCover_10m_2021_v200_N54E006_Map.tif,19871851,782ce1a418e1bb1d9d412046e36e33b8-3,2022-10-26T12:50:29.000Z,https://esa-worldcover.s3.eu-central-1.amazonaws.com/v200/2021/map/ESA_WorldCover_10m_2021_v200_N54E006_Map.tif
v200/2021/map/ESA_WorldCover_10m_2021_v200_N54E009_Map.tif,59414886,c7d322f9e644f1a162c3475b0713dbc1-8,2022-10-26T12:55:11.000Z,https://esa-worldcover.s3.eu-central-1.amazonaws.com/v200/2021/map/ESA_WorldCover_10m_2021_v200_N54E009_Map.tif
v200/2021/map/ESA_WorldCover_10m_2021_v200_N54E012_Map.tif,41942876,9038a3d1d9e95515451c7ca0039792d2-5,2022-10-26T12:56:34.000Z,https://esa-worldcover.s3.eu-central-1.amazonaws.com/v200/2021/map/ESA_WorldCover_10m_2021_v200_N54E012_Map.tif
v200/2021/map/ESA_WorldCover_10m_2021_v200_N54E015_Map.tif,24228739,47f739bfe043db28c279c06546a695e6-3,2022-10-26T12:52:26.000Z,https://esa-worldcover.s3.eu-central-1.amazonaws.com/v200/2021/map/ESA_WorldCover_10m_2021_v200_N54E015_Map.tif
v200/2021/map/ESA_WorldCover_10m_2021_v200_N54E018_Map.tif,21472387,cfc8c47a1188937f0b5f5840da9196b2-3,2022-10-26T12:52:37.000Z,https://esa-worldcover.s3.eu-central-1.amazonaws.com/v200/2021/map/ESA_WorldCover_10m_2021_v200_N54E018_Map.tif
v200/2021/map/ESA_WorldCover_10m_2021_v200_N54E021_Map.tif,80189596,7f92219572fcf0d38ee40cecb3680729-10,2022-10-26T12:58:11.000Z,https://esa-worldcover.s3.eu-central-1.amazonaws.com/v200/2021/map/ESA_WorldCover_10m_2021_v200_N54E021_Map.tif
v200/2021/map/ESA_WorldCover_10m_2021_v200_N54E024_Map.tif,87255570,6364aba36412aca27c8b322f0d502bc1-11,2022-10-26T13:00:20.000Z,https://esa-worldcover.s3.eu-central-1.amazonaws.com/v200/2021/map/ESA_WorldCover_10m_2021_v200_N54E024_Map.tif
v200/2021/map/ESA_WorldCover_10m_2021_v200_N54E027_Map.tif,75836417,15c6acbd125927d78c1892dfb3bbe2c6-10,2022-10-26T12:59:12.000Z,https://esa-worldcover.s3.eu-central-1.amazonaws.com/v200/2021/map/ESA_WorldCover_10m_2021_v200_N54E027_Map.tif
v200/2021/map/ESA_WorldCover_10m_2021_v200_N54E030_Map.tif,65769227,861c656bbf3359db6f57dbdcf206b9d7-8,2022-10-26T12:56:35.000Z,https://esa-worldcover.s3.eu-central-1.amazonaws.com/v200/2021/map/ESA_WorldCover_10m_2021_v200_N54E030_Map.tif
v200/2021/map/ESA_WorldCover_10m_2021_v200_N54E033_Map.tif,67341629,e6fecb343cd46b5cfd5bc52846e3769f-9,2022-10-26T12:58:48.000Z,https://esa-worldcover.s3.eu-central-1.amazonaws.com/v200/2021/map/ESA_WorldCover_10m_2021_v200_N54E033_Map.tif
v200/2021/map/ESA_WorldCover_10m_2021_v200_N54E036_Map.tif,85551822,6a6a7ad5c2f2c8e1b285add408853ad2-11,2022-10-26T12:57:10.000Z,https://esa-worldcover.s3.eu-central-1.amazonaws.com/v200/2021/map/ESA_WorldCover_10m_2021_v200_N54E036_Map.tif
v200/2021/map/ESA_WorldCover_10m_2021_v200_N54E039_Map.tif,66722913,87dbf6add02348c610ebc0192493cc9a-8,2022-10-26T13:03:59.000Z,https://esa-worldcover.s3.eu-central-1.amazonaws.com/v200/2021/map/ESA_WorldCover_10m_2021_v200_N54E039_Map.tif
v200/2021/map/ESA_WorldCover_10m_2021_v200_N54E042_Map.tif,62466121,c545988ace6bb3adc1e22fdda4c67ab2-8,2022-10-26T12:59:34.000Z,https://esa-worldcover.s3.eu-central-1.amazonaws.com/v200/2021/map/ESA_WorldCover_10m_2021_v200_N54E042_Map.tif
v200/2021/map/ESA_WorldCover_10m_2021_v200_N54E045_Map.tif,61125553,e249180ce5c07a5626e8dc45b0bc747e-8,2022-10-26T12:59:40.000Z,https://esa-worldcover.s3.eu-central-1.amazonaws.com/v200/2021/map/ESA_WorldCover_10m_2021_v200_N54E045_Map.tif
v200/2021/map/ESA_WorldCover_10m_2021_v200_N54E048_Map.tif,62741713,61e2462d3342e364ebe72057cf1dcf00-8,2022-10-26T12:56:38.000Z,https://esa-worldcover.s3.eu-central-1.amazonaws.com/v200/2021/map/ESA_WorldCover_10m_2021_v200_N54E048_Map.tif
v200/2021/map/ESA_WorldCover_10m_2021_v200_N54E051_Map.tif,68276307,e1dac991805a6890083bcd34bf2c2e22-9,2022-10-26T12:59:41.000Z,https://esa-worldcover.s3.eu-central-1.amazonaws.com/v200/2021/map/ESA_WorldCover_10m_2021_v200_N54E051_Map.tif
v200/2021/map/ESA_WorldCover_10m_2021_v200_N54E054_Map.tif,67938461,12d968ff494c2ae570392d2eb6ec944c-9,2022-10-26T12:59:06.000Z,https://esa-worldcover.s3.eu-central-1.amazonaws.com/v200/2021/map/ESA_WorldCover_10m_2021_v200_N54E054_Map.tif
v200/2021/map/ESA_WorldCover_10m_2021_v200_N54E057_Map.tif,46080176,590f908a0fc321bb5c96ac27a21040b8-6,2022-10-26T12:55:34.000Z,https://esa-worldcover.s3.eu-central-1.amazonaws.com/v200/2021/map/ESA_WorldCover_10m_2021_v200_N54E057_Map.tif
v200/2021/map/ESA_WorldCover_10m_2021_v200_N54E060_Map.tif,76274105,df30e53c6bf6fa54f6467ae35783ba94-10,2022-10-26T12:56:26.000Z,https://esa-worldcover.s3.eu-central-1.amazonaws.com/v200/2021/map/ESA_WorldCover_10m_2021_v200_N54E060_Map.tif
v200/2021/map/ESA_WorldCover_10m_2021_v200_N54E063_Map.tif,65177668,b59814d9467d4c43f9a54b07d25dc99c-8,2022-10-26T12:57:42.000Z,https://esa-worldcover.s3.eu-central-1.amazonaws.com/v200/2021/map/ESA_WorldCover_10m_2021_v200_N54E063_Map.tif
v200/2021/map/ESA_WorldCover_10m_2021_v200_N54E066_Map.tif,70386487,f82e668c75d9b7bbcf9b3fc76ddc253d-9,2022-10-26T12:57:47.000Z,https://esa-worldcover.s3.eu-central-1.amazonaws.com/v200/2021/map/ESA_WorldCover_10m_2021_v200_N54E066_Map.tif
v200/2021/map/ESA_WorldCover_10m_2021_v200_N54E069_Map.tif,82545700,6f42c9c60965b451e151d21a3afeacf8-10,2022-10-26T12:56:12.000Z,https://esa-worldcover.s3.eu-central-1.amazonaws.com/v200/2021/map/ESA_WorldCover_10m_2021_v200_N54E069_Map.tif
v200/2021/map/ESA_WorldCover_10m_2021_v200_N54E072_Map.tif,85397608,d4e0d877bd7ff2c82f670da8af2a7932-11,2022-10-26T12:54:59.000Z,https://esa-worldcover.s3.eu-central-1.amazonaws.com/v200/2021/map/ESA_WorldCover_10m_2021_v200_N54E072_Map.tif
v200/2021/map/ESA_WorldCover_10m_2021_v200_N54E075_Map.tif,81603569,30be61038b0f2450fc5e1bcf0e2b79d0-10,2022-10-26T12:56:00.000Z,https://esa-worldcover.s3.eu-central-1.amazonaws.com/v200/2021/map/ESA_WorldCover_10m_2021_v200_N54E075_Map.tif
v200/2021/map/ESA_WorldCover_10m_2021_v200_N54E078_Map.tif,75843266,b254f4bdde46d148d5647640cb2f7dc7-10,2022-10-26T12:57:04.000Z,https://esa-worldcover.s3.eu-central-1.amazonaws.com/v200/2021/map/ESA_WorldCover_10m_2021_v200_N54E078_Map.tif
v200/2021/map/ESA_WorldCover_10m_2021_v200_N54E081_Map.tif,59675061,72b25d570a0f3a56a584f1d6b6a20cd4-8,2022-10-26T12:56:27.000Z,https://esa-worldcover.s3.eu-central-1.amazonaws.com/v200/2021/map/ESA_WorldCover_10m_2021_v200_N54E081_Map.tif
v200/2021/map/ESA_WorldCover_10m_2021_v200_N54E084_Map.tif,65987510,35c0e4b1ef21d0d932a5522bbc121c2a-8,2022-10-26T12:58:40.000Z,https://esa-worldcover.s3.eu-central-1.amazonaws.com/v200/2021/map/ESA_WorldCover_10m_2021_v200_N54E084_Map.tif
v200/2021/map/ESA_WorldCover_10m_2021_v200_N54E087_Map.tif,41842017,0b4b62b9ec18c01c88cfda0de4362975-5,2022-10-26T13:02:34.000Z,https://esa-worldcover.s3.eu-central-1.amazonaws.com/v200/2021/map/ESA_WorldCover_10m_2021_v200_N54E087_Map.tif
v200/2021/map/ESA_WorldCover_10m_2021_v200_N54E090_Map.tif,40858898,cf2d7f4e269f9d98e6743b0f55f53c0b-5,2022-10-26T12:59:56.000Z,https://esa-worldcover.s3.eu-central-1.amazonaws.com/v200/2021/map/ESA_WorldCover_10m_2021_v200_N54E090_Map.tif
v200/2021/map/ESA_WorldCover_10m_2021_v200_N54E093_Map.tif,42559335,7a2d201fe6156880423884e315a9d606-6,2022-10-26T13:01:30.000Z,https://esa-worldcover.s3.eu-central-1.amazonaws.com/v200/2021/map/ESA_WorldCover_10m_2021_v200_N54E093_Map.tif
v200/2021/map/ESA_WorldCover_10m_2021_v200_N54E096_Map.tif,27241351,2fbb62d6ebbde0d9c9ff4cb1f032fc7b-4,2022-10-26T12:58:08.000Z,https://esa-worldcover.s3.eu-central-1.amazonaws.com/v200/2021/map/ESA_WorldCover_10m_2021_v200_N54E096_Map.tif
v200/2021/map/ESA_WorldCover_10m_2021_v200_N54E099_Map.tif,32481268,a9160d79b501952937fe9335eac20719-4,2022-10-26T13:01:25.000Z,https://esa-worldcover.s3.eu-central-1.amazonaws.com/v200/2021/map/ESA_WorldCover_10m_2021_v200_N54E099_Map.tif
v200/2021/map/ESA_WorldCover_10m_2021_v200_N54E102_Map.tif,17848728,e95a9bce614f8a205dcf8a5ec040a104-3,2022-10-26T12:57:00.000Z,https://esa-worldcover.s3.eu-central-1.amazonaws.com/v200/2021/map/ESA_WorldCover_10m_2021_v200_N54E102_Map.tif
v200/2021/map/ESA_WorldCover_10m_2021_v200_N54E105_Map.tif,16224654,026199f8ce8a937c568bc6e4313f1c6f-2,2022-10-26T13:02:26.000Z,https://esa-worldcover.s3.eu-central-1.amazonaws.com/v200/2021/map/ESA_WorldCover_10m_2021_v200_N54E105_Map.tif
v200/2021/map/ESA_WorldCover_10m_2021_v200_N54E108_Map.tif,72313033,77862e9605987f5f429f6493e3b315c0-9,2022-10-26T13:00:52.000Z,https://esa-worldcover.s3.eu-central-1.amazonaws.com/v200/2021/map/ESA_WorldCover_10m_2021_v200_N54E108_Map.tif
v200/2021/map/ESA_WorldCover_10m_2021_v200_N54E111_Map.tif,90771913,94f50903db6848727fe5e480f7c00d94-11,2022-10-26T12:59:38.000Z,https://esa-worldcover.s3.eu-central-1.amazonaws.com/v200/2021/map/ESA_WorldCover_10m_2021_v200_N54E111_Map.tif
v200/2021/map/ESA_WorldCover_10m_2021_v200_N54E114_Map.tif,68296336,0217bca22cef90fb076430b8ac5c51fd-9,2022-10-26T13:05:35.000Z,https://esa-worldcover.s3.eu-central-1.amazonaws.com/v200/2021/map/ESA_WorldCover_10m_2021_v200_N54E114_Map.tif
v200/2021/map/ESA_WorldCover_10m_2021_v200_N54E117_Map.tif,75333244,035b77faeee973ec217621f46a0b2e4f-9,2022-10-26T13:02:06.000Z,https://esa-worldcover.s3.eu-central-1.amazonaws.com/v200/2021/map/ESA_WorldCover_10m_2021_v200_N54E117_Map.tif
v200/2021/map/ESA_WorldCover_10m_2021_v200_N54E120_Map.tif,49527508,a965df765cb05e1e5879b450a63b096e-6,2022-10-26T12:57:22.000Z,https://esa-worldcover.s3.eu-central-1.amazonaws.com/v200/2021/map/ESA_WorldCover_10m_2021_v200_N54E120_Map.tif
v200/2021/map/ESA_WorldCover_10m_2021_v200_N54E123_Map.tif,51831466,2bf111efb5cf49e9ed00d9c0eba9bf7f-7,2022-10-26T13:00:43.000Z,https://esa-worldcover.s3.eu-central-1.amazonaws.com/v200/2021/map/ESA_WorldCover_10m_2021_v200_N54E123_Map.tif
v200/2021/map/ESA_WorldCover_10m_2021_v200_N54E126_Map.tif,53881772,931335426eb73ebdd4d2ffb0bc9cedf2-7,2022-10-26T12:56:24.000Z,https://esa-worldcover.s3.eu-central-1.amazonaws.com/v200/2021/map/ESA_WorldCover_10m_2021_v200_N54E126_Map.tif
v200/2021/map/ESA_WorldCover_10m_2021_v200_N54E129_Map.tif,72336135,5cd5f66ecef155be4a9881e41d7ebc2c-9,2022-10-26T13:03:57.000Z,https://esa-worldcover.s3.eu-central-1.amazonaws.com/v200/2021/map/ESA_WorldCover_10m_2021_v200_N54E129_Map.tif
v200/2021/map/ESA_WorldCover_10m_2021_v200_N54E132_Map.tif,77369571,420af037d8daac940ae7fc5484ca473d-10,2022-10-26T12:58:38.000Z,https://esa-worldcover.s3.eu-central-1.amazonaws.com/v200/2021/map/ESA_WorldCover_10m_2021_v200_N54E132_Map.tif
v200/2021/map/ESA_WorldCover_10m_2021_v200_N54E135_Map.tif,54280123,2b77a5aa5768b089f434477cf696275b-7,2022-10-26T12:58:08.000Z,https://esa-worldcover.s3.eu-central-1.amazonaws.com/v200/2021/map/ESA_WorldCover_10m_2021_v200_N54E135_Map.tif
v200/2021/map/ESA_WorldCover_10m_2021_v200_N54E138_Map.tif,7153095,1fa70874eb776b58587f71828f2c979c,2022-10-26T12:53:44.000Z,https://esa-worldcover.s3.eu-central-1.amazonaws.com/v200/2021/map/ESA_WorldCover_10m_2021_v200_N54E138_Map.tif
v200/2021/map/ESA_WorldCover_10m_2021_v200_N54E141_Map.tif,2575072,ccdb8590a9da298e894e966caf1ac90c,2022-10-26T12:51:14.000Z,https://esa-worldcover.s3.eu-central-1.amazonaws.com/v200/2021/map/ESA_WorldCover_10m_2021_v200_N54E141_Map.tif
v200/2021/map/ESA_WorldCover_10m_2021_v200_N54E153_Map.tif,8946039,2be15c55a572a19ad6346f618d214e8c-2,2022-10-26T12:48:18.000Z,https://esa-worldcover.s3.eu-central-1.amazonaws.com/v200/2021/map/ESA_WorldCover_10m_2021_v200_N54E153_Map.tif
v200/2021/map/ESA_WorldCover_10m_2021_v200_N54E156_Map.tif,73728216,b268c4019c2ccb3f84b1544c930b1784-9,2022-10-26T13:01:17.000Z,https://esa-worldcover.s3.eu-central-1.amazonaws.com/v200/2021/map/ESA_WorldCover_10m_2021_v200_N54E156_Map.tif
v200/2021/map/ESA_WorldCover_10m_2021_v200_N54E159_Map.tif,66554000,6bc696a7a61e3e8ca715d055c03dd04e-8,2022-10-26T13:02:54.000Z,https://esa-worldcover.s3.eu-central-1.amazonaws.com/v200/2021/map/ESA_WorldCover_10m_2021_v200_N54E159_Map.tif
v200/2021/map/ESA_WorldCover_10m_2021_v200_N54E162_Map.tif,13992328,29f76c408f3d58dd8f861253203b2fec-2,2022-10-26T12:53:00.000Z,https://esa-worldcover.s3.eu-central-1.amazonaws.com/v200/2021/map/ESA_WorldCover_10m_2021_v200_N54E162_Map.tif
v200/2021/map/ESA_WorldCover_10m_2021_v200_N54E165_Map.tif,3993535,25b0320e8f3b863d85d4a2410e2702d3,2022-10-26T12:47:08.000Z,https://esa-worldcover.s3.eu-central-1.amazonaws.com/v200/2021/map/ESA_WorldCover_10m_2021_v200_N54E165_Map.tif
v200/2021/map/ESA_WorldCover_10m_2021_v200_N54E168_Map.tif,1998297,e617f0733b6e50f34d085f8950760776,2022-10-26T12:46:15.000Z,https://esa-worldcover.s3.eu-central-1.amazonaws.com/v200/2021/map/ESA_WorldCover_10m_2021_v200_N54E168_Map.tif
v200/2021/map/ESA_WorldCover_10m_2021_v200_N54W003_Map.tif,29871124,f65b52525c20cb6c62f2409ed84f2025-4,2022-10-26T12:54:08.000Z,https://esa-worldcover.s3.eu-central-1.amazonaws.com/v200/2021/map/ESA_WorldCover_10m_2021_v200_N54W003_Map.tif
v200/2021/map/ESA_WorldCover_10m_2021_v200_N54W006_Map.tif,39101570,868aecf9c2b731a6bb888747e6152080-5,2022-10-26T12:56:53.000Z,https://esa-worldcover.s3.eu-central-1.amazonaws.com/v200/2021/map/ESA_WorldCover_10m_2021_v200_N54W006_Map.tif
v200/2021/map/ESA_WorldCover_10m_2021_v200_N54W009_Map.tif,26822712,15b61eb8aa4d82461109893257c696c3-4,2022-10-26T12:56:40.000Z,https://esa-worldcover.s3.eu-central-1.amazonaws.com/v200/2021/map/ESA_WorldCover_10m_2021_v200_N54W009_Map.tif
v200/2021/map/ESA_WorldCover_10m_2021_v200_N54W012_Map.tif,3844450,94ebcd76e9147841d4cd74c986c069f9,2022-10-26T12:45:00.000Z,https://esa-worldcover.s3.eu-central-1.amazonaws.com/v200/2021/map/ESA_WorldCover_10m_2021_v200_N54W012_Map.tif
v200/2021/map/ESA_WorldCover_10m_2021_v200_N54W057_Map.tif,1993374,28e18c189d470f69ae87af1243d2896b,2022-10-26T12:46:49.000Z,https://esa-worldcover.s3.eu-central-1.amazonaws.com/v200/2021/map/ESA_WorldCover_10m_2021_v200_N54W057_Map.tif
v200/2021/map/ESA_WorldCover_10m_2021_v200_N54W060_Map.tif,32627743,176df7e85347ca3d9d1e89693519ee94-4,2022-10-26T12:50:53.000Z,https://esa-worldcover.s3.eu-central-1.amazonaws.com/v200/2021/map/ESA_WorldCover_10m_2021_v200_N54W060_Map.tif
v200/2021/map/ESA_WorldCover_10m_2021_v200_N54W063_Map.tif,94753301,84efbded2f727cfc1e20fb687170312a-12,2022-10-26T13:01:08.000Z,https://esa-worldcover.s3.eu-central-1.amazonaws.com/v200/2021/map/ESA_WorldCover_10m_2021_v200_N54W063_Map.tif
v200/2021/map/ESA_WorldCover_10m_2021_v200_N54W066_Map.tif,112217851,9af8e792e09374364588c88167368402-14,2022-10-26T13:00:19.000Z,https://esa-worldcover.s3.eu-central-1.amazonaws.com/v200/2021/map/ESA_WorldCover_10m_2021_v200_N54W066_Map.tif
v200/2021/map/ESA_WorldCover_10m_2021_v200_N54W069_Map.tif,117706375,6e223d7c55d875cef5340b0b029ab62d-15,2022-10-26T13:01:24.000Z,https://esa-worldcover.s3.eu-central-1.amazonaws.com/v200/2021/map/ESA_WorldCover_10m_2021_v200_N54W069_Map.tif
v200/2021/map/ESA_WorldCover_10m_2021_v200_N54W072_Map.tif,126421825,a97fe089be801587a1a0f4da21ef9307-16,2022-10-26T12:59:02.000Z,https://esa-worldcover.s3.eu-central-1.amazonaws.com/v200/2021/map/ESA_WorldCover_10m_2021_v200_N54W072_Map.tif
v200/2021/map/ESA_WorldCover_10m_2021_v200_N54W075_Map.tif,126013736,578d4067c43f1907c51e28fe691c53f3-16,2022-10-26T12:58:16.000Z,https://esa-worldcover.s3.eu-central-1.amazonaws.com/v200/2021/map/ESA_WorldCover_10m_2021_v200_N54W075_Map.tif
v200/2021/map/ESA_WorldCover_10m_2021_v200_N54W078_Map.tif,103105597,e0fd7e57d39d4a3b7d23904063663e96-13,2022-10-26T12:58:16.000Z,https://esa-worldcover.s3.eu-central-1.amazonaws.com/v200/2021/map/ESA_WorldCover_10m_2021_v200_N54W078_Map.tif
v200/2021/map/ESA_WorldCover_10m_2021_v200_N54W081_Map.tif,33818092,d1866cf51fd76d96bac9a05ec18d40ed-5,2022-10-26T12:57:33.000Z,https://esa-worldcover.s3.eu-central-1.amazonaws.com/v200/2021/map/ESA_WorldCover_10m_2021_v200_N54W081_Map.tif
v200/2021/map/ESA_WorldCover_10m_2021_v200_N54W084_Map.tif,33214898,8941d5870220913b9228603dd5a32371-4,2022-10-26T12:49:42.000Z,https://esa-worldcover.s3.eu-central-1.amazonaws.com/v200/2021/map/ESA_WorldCover_10m_2021_v200_N54W084_Map.tif
v200/2021/map/ESA_WorldCover_10m_2021_v200_N54W087_Map.tif,86250699,441023abca1157b190eebd48f977e99e-11,2022-10-26T12:52:10.000Z,https://esa-worldcover.s3.eu-central-1.amazonaws.com/v200/2021/map/ESA_WorldCover_10m_2021_v200_N54W087_Map.tif
v200/2021/map/ESA_WorldCover_10m_2021_v200_N54W090_Map.tif,137388650,f2ad6d052671841c77f612615a24fb34-17,2022-10-26T13:02:13.000Z,https://esa-worldcover.s3.eu-central-1.amazonaws.com/v200/2021/map/ESA_WorldCover_10m_2021_v200_N54W090_Map.tif
v200/2021/map/ESA_WorldCover_10m_2021_v200_N54W093_Map.tif,134167384,571cda4370d4383a7f017f4348ab8c22-16,2022-10-26T13:02:38.000Z,https://esa-worldcover.s3.eu-central-1.amazonaws.com/v200/2021/map/ESA_WorldCover_10m_2021_v200_N54W093_Map.tif
v200/2021/map/ESA_WorldCover_10m_2021_v200_N54W096_Map.tif,111469312,b5ed76d52f4db0e85d5512baee98cc90-14,2022-10-26T12:56:06.000Z,https://esa-worldcover.s3.eu-central-1.amazonaws.com/v200/2021/map/ESA_WorldCover_10m_2021_v200_N54W096_Map.tif
v200/2021/map/ESA_WorldCover_10m_2021_v200_N54W099_Map.tif,92990904,16727d414555924d2e606d94128ac0e5-12,2022-10-26T12:59:42.000Z,https://esa-worldcover.s3.eu-central-1.amazonaws.com/v200/2021/map/ESA_WorldCover_10m_2021_v200_N54W099_Map.tif
v200/2021/map/ESA_WorldCover_10m_2021_v200_N54W102_Map.tif,74318814,174ea498fd4ac010dc0b911b1d48d316-9,2022-10-26T12:58:37.000Z,https://esa-worldcover.s3.eu-central-1.amazonaws.com/v200/2021/map/ESA_WorldCover_10m_2021_v200_N54W102_Map.tif
v200/2021/map/ESA_WorldCover_10m_2021_v200_N54W105_Map.tif,68393872,df798bbd9c424abe5aa868222585854f-9,2022-10-26T13:01:01.000Z,https://esa-worldcover.s3.eu-central-1.amazonaws.com/v200/2021/map/ESA_WorldCover_10m_2021_v200_N54W105_Map.tif
v200/2021/map/ESA_WorldCover_10m_2021_v200_N54W108_Map.tif,68706093,ebe3328e00568792afcef72359de4c60-9,2022-10-26T12:57:33.000Z,https://esa-worldcover.s3.eu-central-1.amazonaws.com/v200/2021/map/ESA_WorldCover_10m_2021_v200_N54W108_Map.tif
v200/2021/map/ESA_WorldCover_10m_2021_v200_N54W111_Map.tif,71441929,8e0a9a3b89cd372e6e7490adae154712-9,2022-10-26T13:00:17.000Z,https://esa-worldcover.s3.eu-central-1.amazonaws.com/v200/2021/map/ESA_WorldCover_10m_2021_v200_N54W111_Map.tif
v200/2021/map/ESA_WorldCover_10m_2021_v200_N54W114_Map.tif,73716468,cfe8f246018599f6a7072fabfe29be48-9,2022-10-26T12:56:30.000Z,https://esa-worldcover.s3.eu-central-1.amazonaws.com/v200/2021/map/ESA_WorldCover_10m_2021_v200_N54W114_Map.tif
v200/2021/map/ESA_WorldCover_10m_2021_v200_N54W117_Map.tif,55466989,8164588ec27ae528b60eff87313ce05b-7,2022-10-26T12:54:19.000Z,https://esa-worldcover.s3.eu-central-1.amazonaws.com/v200/2021/map/ESA_WorldCover_10m_2021_v200_N54W117_Map.tif
v200/2021/map/ESA_WorldCover_10m_2021_v200_N54W120_Map.tif,60411997,ac55e713a38e77330893dff12529988f-8,2022-10-26T12:55:23.000Z,https://esa-worldcover.s3.eu-central-1.amazonaws.com/v200/2021/map/ESA_WorldCover_10m_2021_v200_N54W120_Map.tif
v200/2021/map/ESA_WorldCover_10m_2021_v200_N54W123_Map.tif,53036625,2d6e4f3aa9dd1af4d9b39f2de7ae1b79-7,2022-10-26T12:58:01.000Z,https://esa-worldcover.s3.eu-central-1.amazonaws.com/v200/2021/map/ESA_WorldCover_10m_2021_v200_N54W123_Map.tif
v200/2021/map/ESA_WorldCover_10m_2021_v200_N54W126_Map.tif,52263254,37b8dd57e1fdddf9ca7a37b12be05d5c-7,2022-10-26T13:02:58.000Z,https://esa-worldcover.s3.eu-central-1.amazonaws.com/v200/2021/map/ESA_WorldCover_10m_2021_v200_N54W126_Map.tif
v200/2021/map/ESA_WorldCover_10m_2021_v200_N54W129_Map.tif,66538965,7b5d284bde3e28caedc97f202eb914fc-8,2022-10-26T12:54:27.000Z,https://esa-worldcover.s3.eu-central-1.amazonaws.com/v200/2021/map/ESA_WorldCover_10m_2021_v200_N54W129_Map.tif
v200/2021/map/ESA_WorldCover_10m_2021_v200_N54W132_Map.tif,78007154,1686fd2027fcfdbb5495d09613353df9-10,2022-10-26T12:58:07.000Z,https://esa-worldcover.s3.eu-central-1.amazonaws.com/v200/2021/map/ESA_WorldCover_10m_2021_v200_N54W132_Map.tif
v200/2021/map/ESA_WorldCover_10m_2021_v200_N54W135_Map.tif,20491660,231cf0990163f8e36c6dfcca6b173ac2-3,2022-10-26T12:57:05.000Z,https://esa-worldcover.s3.eu-central-1.amazonaws.com/v200/2021/map/ESA_WorldCover_10m_2021_v200_N54W135_Map.tif
v200/2021/map/ESA_WorldCover_10m_2021_v200_N54W138_Map.tif,3126786,0c000d2c957846b09ba11f211735c065,2022-10-26T12:46:52.000Z,https://esa-worldcover.s3.eu-central-1.amazonaws.com/v200/2021/map/ESA_WorldCover_10m_2021_v200_N54W138_Map.tif
v200/2021/map/ESA_WorldCover_10m_2021_v200_N54W156_Map.tif,2817027,0f4f82dbf3e03346af9d15c89c8c8962,2022-10-26T12:48:36.000Z,https://esa-worldcover.s3.eu-central-1.amazonaws.com/v200/2021/map/ESA_WorldCover_10m_2021_v200_N54W156_Map.tif
v200/2021/map/ESA_WorldCover_10m_2021_v200_N54W159_Map.tif,12813339,c05cca5c44c4101bb949ea18d9863ede-2,2022-10-26T12:47:45.000Z,https://esa-worldcover.s3.eu-central-1.amazonaws.com/v200/2021/map/ESA_WorldCover_10m_2021_v200_N54W159_Map.tif
v200/2021/map/ESA_WorldCover_10m_2021_v200_N54W162_Map.tif,16893442,4cafc26bff8ded8bf0b740b1141728c7-3,2022-10-26T12:57:13.000Z,https://esa-worldcover.s3.eu-central-1.amazonaws.com/v200/2021/map/ESA_WorldCover_10m_2021_v200_N54W162_Map.tif
v200/2021/map/ESA_WorldCover_10m_2021_v200_N54W165_Map.tif,8385040,8d89039ed8c11b0276ea7e67650070a1,2022-10-26T12:50:18.000Z,https://esa-worldcover.s3.eu-central-1.amazonaws.com/v200/2021/map/ESA_WorldCover_10m_2021_v200_N54W165_Map.tif
v200/2021/map/ESA_WorldCover_10m_2021_v200_N54W168_Map.tif,2428359,0943e43cf8c9d2c81a0ff1aa3b009fd4,2022-10-26T12:46:37.000Z,https://esa-worldcover.s3.eu-central-1.amazonaws.com/v200/2021/map/ESA_WorldCover_10m_2021_v200_N54W168_Map.tif
v200/2021/map/ESA_WorldCover_10m_2021_v200_N54W171_Map.tif,2098016,da5afc3c5b4634fe8c415cc5eaaccd3e,2022-10-26T12:49:13.000Z,https://esa-worldcover.s3.eu-central-1.amazonaws.com/v200/2021/map/ESA_WorldCover_10m_2021_v200_N54W171_Map.tif
v200/2021/map/ESA_WorldCover_10m_2021_v200_N57E003_Map.tif,9907342,75165d40010e54b441e6cd68114daee2-2,2022-10-26T12:49:53.000Z,https://esa-worldcover.s3.eu-central-1.amazonaws.com/v200/2021/map/ESA_WorldCover_10m_2021_v200_N57E003_Map.tif
v200/2021/map/ESA_WorldCover_10m_2021_v200_N57E006_Map.tif,55962688,d9eac892cf871ccfd91418784b6dbd91-7,2022-10-26T12:55:49.000Z,https://esa-worldcover.s3.eu-central-1.amazonaws.com/v200/2021/map/ESA_WorldCover_10m_2021_v200_N57E006_Map.tif
v200/2021/map/ESA_WorldCover_10m_2021_v200_N57E009_Map.tif,40660208,eb83d2e0b49b50d930be7e414ebcdb0e-5,2022-10-26T12:55:48.000Z,https://esa-worldcover.s3.eu-central-1.amazonaws.com/v200/2021/map/ESA_WorldCover_10m_2021_v200_N57E009_Map.tif
v200/2021/map/ESA_WorldCover_10m_2021_v200_N57E012_Map.tif,63985648,72e3306f5a7071884aaf2e1bb2a95669-8,2022-10-26T13:04:06.000Z,https://esa-worldcover.s3.eu-central-1.amazonaws.com/v200/2021/map/ESA_WorldCover_10m_2021_v200_N57E012_Map.tif
v200/2021/map/ESA_WorldCover_10m_2021_v200_N57E015_Map.tif,55959247,51070c8140759d9fd228491fec231b76-7,2022-10-26T12:58:44.000Z,https://esa-worldcover.s3.eu-central-1.amazonaws.com/v200/2021/map/ESA_WorldCover_10m_2021_v200_N57E015_Map.tif
v200/2021/map/ESA_WorldCover_10m_2021_v200_N57E018_Map.tif,14177835,a854e8e9345b5e5a67248e13991934e3-2,2022-10-26T12:53:41.000Z,https://esa-worldcover.s3.eu-central-1.amazonaws.com/v200/2021/map/ESA_WorldCover_10m_2021_v200_N57E018_Map.tif
v200/2021/map/ESA_WorldCover_10m_2021_v200_N57E021_Map.tif,20883401,19189e2a90738dd5474ee91043fb8901-3,2022-10-26T12:57:44.000Z,https://esa-worldcover.s3.eu-central-1.amazonaws.com/v200/2021/map/ESA_WorldCover_10m_2021_v200_N57E021_Map.tif
v200/2021/map/ESA_WorldCover_10m_2021_v200_N57E024_Map.tif,66100445,ebd05f295ae6756f82d720a21c7e8cae-8,2022-10-26T12:56:44.000Z,https://esa-worldcover.s3.eu-central-1.amazonaws.com/v200/2021/map/ESA_WorldCover_10m_2021_v200_N57E024_Map.tif
v200/2021/map/ESA_WorldCover_10m_2021_v200_N57E027_Map.tif,52462986,5276bc034dfc10c4c258bbce499661f7-7,2022-10-26T12:57:55.000Z,https://esa-worldcover.s3.eu-central-1.amazonaws.com/v200/2021/map/ESA_WorldCover_10m_2021_v200_N57E027_Map.tif
v200/2021/map/ESA_WorldCover_10m_2021_v200_N57E030_Map.tif,48275095,9915052aa35be60908aedff72e4f19e2-6,2022-10-26T12:57:32.000Z,https://esa-worldcover.s3.eu-central-1.amazonaws.com/v200/2021/map/ESA_WorldCover_10m_2021_v200_N57E030_Map.tif
v200/2021/map/ESA_WorldCover_10m_2021_v200_N57E033_Map.tif,50967338,e8dd6a1eabdb779637636106d9bdbd1d-7,2022-10-26T13:01:28.000Z,https://esa-worldcover.s3.eu-central-1.amazonaws.com/v200/2021/map/ESA_WorldCover_10m_2021_v200_N57E033_Map.tif
v200/2021/map/ESA_WorldCover_10m_2021_v200_N57E036_Map.tif,54161331,5eb4f8ca01af5cb254b4ccb75d6dd049-7,2022-10-26T13:00:39.000Z,https://esa-worldcover.s3.eu-central-1.amazonaws.com/v200/2021/map/ESA_WorldCover_10m_2021_v200_N57E036_Map.tif
v200/2021/map/ESA_WorldCover_10m_2021_v200_N57E039_Map.tif,58381140,2dc3b3fa8b544f8b8453ce6ed105e2c8-7,2022-10-26T12:59:44.000Z,https://esa-worldcover.s3.eu-central-1.amazonaws.com/v200/2021/map/ESA_WorldCover_10m_2021_v200_N57E039_Map.tif
v200/2021/map/ESA_WorldCover_10m_2021_v200_N57E042_Map.tif,31861511,4991cc4e62d90d3151904b466a90ed4c-4,2022-10-26T12:54:21.000Z,https://esa-worldcover.s3.eu-central-1.amazonaws.com/v200/2021/map/ESA_WorldCover_10m_2021_v200_N57E042_Map.tif
v200/2021/map/ESA_WorldCover_10m_2021_v200_N57E045_Map.tif,35010189,27bebc61082df56e3ab13c10fefe9165-5,2022-10-26T12:56:00.000Z,https://esa-worldcover.s3.eu-central-1.amazonaws.com/v200/2021/map/ESA_WorldCover_10m_2021_v200_N57E045_Map.tif
v200/2021/map/ESA_WorldCover_10m_2021_v200_N57E048_Map.tif,52036117,6328842e812cd8893f27499f7b43fa3e-7,2022-10-26T12:58:34.000Z,https://esa-worldcover.s3.eu-central-1.amazonaws.com/v200/2021/map/ESA_WorldCover_10m_2021_v200_N57E048_Map.tif
v200/2021/map/ESA_WorldCover_10m_2021_v200_N57E051_Map.tif,40563398,1a8f2e372d95d811d03155fac7fb3129-5,2022-10-26T12:57:40.000Z,https://esa-worldcover.s3.eu-central-1.amazonaws.com/v200/2021/map/ESA_WorldCover_10m_2021_v200_N57E051_Map.tif
v200/2021/map/ESA_WorldCover_10m_2021_v200_N57E054_Map.tif,47883809,fd4de0ed74ef72b14956d24a63c81c29-6,2022-10-26T12:59:50.000Z,https://esa-worldcover.s3.eu-central-1.amazonaws.com/v200/2021/map/ESA_WorldCover_10m_2021_v200_N57E054_Map.tif
v200/2021/map/ESA_WorldCover_10m_2021_v200_N57E057_Map.tif,21719555,84d353e7b62b6604dd2b2d20453f0e32-3,2022-10-26T13:00:32.000Z,https://esa-worldcover.s3.eu-central-1.amazonaws.com/v200/2021/map/ESA_WorldCover_10m_2021_v200_N57E057_Map.tif
v200/2021/map/ESA_WorldCover_10m_2021_v200_N57E060_Map.tif,40611845,e7e9e9c7fea0a0ca3826cc7421f74609-5,2022-10-26T12:55:23.000Z,https://esa-worldcover.s3.eu-central-1.amazonaws.com/v200/2021/map/ESA_WorldCover_10m_2021_v200_N57E060_Map.tif
v200/2021/map/ESA_WorldCover_10m_2021_v200_N57E063_Map.tif,52459288,753ea6618fbd11a3188956e0bcbf65f5-7,2022-10-26T13:04:49.000Z,https://esa-worldcover.s3.eu-central-1.amazonaws.com/v200/2021/map/ESA_WorldCover_10m_2021_v200_N57E063_Map.tif
v200/2021/map/ESA_WorldCover_10m_2021_v200_N57E066_Map.tif,73174621,42b284158262b0da68f76e121bd57439-9,2022-10-26T12:58:08.000Z,https://esa-worldcover.s3.eu-central-1.amazonaws.com/v200/2021/map/ESA_WorldCover_10m_2021_v200_N57E066_Map.tif
v200/2021/map/ESA_WorldCover_10m_2021_v200_N57E069_Map.tif,54082686,601e568ca3ffadef24d0df625720a2a3-7,2022-10-26T12:56:12.000Z,https://esa-worldcover.s3.eu-central-1.amazonaws.com/v200/2021/map/ESA_WorldCover_10m_2021_v200_N57E069_Map.tif
v200/2021/map/ESA_WorldCover_10m_2021_v200_N57E072_Map.tif,43325198,dfb078fbca5b65ee13a21eb0c39d69f5-6,2022-10-26T12:58:36.000Z,https://esa-worldcover.s3.eu-central-1.amazonaws.com/v200/2021/map/ESA_WorldCover_10m_2021_v200_N57E072_Map.tif
v200/2021/map/ESA_WorldCover_10m_2021_v200_N57E075_Map.tif,38271613,7989923eb701a48d03f7522bb45ff6ea-5,2022-10-26T13:02:52.000Z,https://esa-worldcover.s3.eu-central-1.amazonaws.com/v200/2021/map/ESA_WorldCover_10m_2021_v200_N57E075_Map.tif
v200/2021/map/ESA_WorldCover_10m_2021_v200_N57E078_Map.tif,43959060,45b2b507990ffa3589ccece2e60a7366-6,2022-10-26T13:01:22.000Z,https://esa-worldcover.s3.eu-central-1.amazonaws.com/v200/2021/map/ESA_WorldCover_10m_2021_v200_N57E078_Map.tif
v200/2021/map/ESA_WorldCover_10m_2021_v200_N57E081_Map.tif,52535235,4bf782a1210d155e07caa8a4b25cf01c-7,2022-10-26T12:58:33.000Z,https://esa-worldcover.s3.eu-central-1.amazonaws.com/v200/2021/map/ESA_WorldCover_10m_2021_v200_N57E081_Map.tif
v200/2021/map/ESA_WorldCover_10m_2021_v200_N57E084_Map.tif,43755395,b12080b35809c38a6e25ebd57c0653e1-6,2022-10-26T13:00:02.000Z,https://esa-worldcover.s3.eu-central-1.amazonaws.com/v200/2021/map/ESA_WorldCover_10m_2021_v200_N57E084_Map.tif
v200/2021/map/ESA_WorldCover_10m_2021_v200_N57E087_Map.tif,26373042,a1ce284e77142e1c02b80ccb9f4bc680-4,2022-10-26T12:57:59.000Z,https://esa-worldcover.s3.eu-central-1.amazonaws.com/v200/2021/map/ESA_WorldCover_10m_2021_v200_N57E087_Map.tif
v200/2021/map/ESA_WorldCover_10m_2021_v200_N57E090_Map.tif,18180147,f4b5527b9c383082c8d3d0ce6173829d-3,2022-10-26T12:54:03.000Z,https://esa-worldcover.s3.eu-central-1.amazonaws.com/v200/2021/map/ESA_WorldCover_10m_2021_v200_N57E090_Map.tif
v200/2021/map/ESA_WorldCover_10m_2021_v200_N57E093_Map.tif,15770261,7faf62e3d459e0795cfb2f76ae08c042-2,2022-10-26T12:55:11.000Z,https://esa-worldcover.s3.eu-central-1.amazonaws.com/v200/2021/map/ESA_WorldCover_10m_2021_v200_N57E093_Map.tif
v200/2021/map/ESA_WorldCover_10m_2021_v200_N57E096_Map.tif,16003308,63a77aa4ada55580dadf017b302b36b3-2,2022-10-26T12:55:23.000Z,https://esa-worldcover.s3.eu-central-1.amazonaws.com/v200/2021/map/ESA_WorldCover_10m_2021_v200_N57E096_Map.tif
v200/2021/map/ESA_WorldCover_10m_2021_v200_N57E099_Map.tif,15473868,0d0dcc670128977a29a874a574dfcd2c-2,2022-10-26T12:58:03.000Z,https://esa-worldcover.s3.eu-central-1.amazonaws.com/v200/2021/map/ESA_WorldCover_10m_2021_v200_N57E099_Map.tif
v200/2021/map/ESA_WorldCover_10m_2021_v200_N57E102_Map.tif,18202323,c1a0c2c64095fe76f8431079d2f78bb3-3,2022-10-26T12:56:29.000Z,https://esa-worldcover.s3.eu-central-1.amazonaws.com/v200/2021/map/ESA_WorldCover_10m_2021_v200_N57E102_Map.tif
v200/2021/map/ESA_WorldCover_10m_2021_v200_N57E105_Map.tif,21427662,3054bf73c7a74f2f46e0bd1e98e6dd7d-3,2022-10-26T13:01:41.000Z,https://esa-worldcover.s3.eu-central-1.amazonaws.com/v200/2021/map/ESA_WorldCover_10m_2021_v200_N57E105_Map.tif
v200/2021/map/ESA_WorldCover_10m_2021_v200_N57E108_Map.tif,22735052,09e5aa56f2a50766d49ba080a6bd3b1e-3,2022-10-26T12:56:51.000Z,https://esa-worldcover.s3.eu-central-1.amazonaws.com/v200/2021/map/ESA_WorldCover_10m_2021_v200_N57E108_Map.tif
v200/2021/map/ESA_WorldCover_10m_2021_v200_N57E111_Map.tif,33101437,8ddcbec4cf91f4a7699bbd8a88b7fa14-4,2022-10-26T12:59:25.000Z,https://esa-worldcover.s3.eu-central-1.amazonaws.com/v200/2021/map/ESA_WorldCover_10m_2021_v200_N57E111_Map.tif
v200/2021/map/ESA_WorldCover_10m_2021_v200_N57E114_Map.tif,69119945,ee2e81bf7ad429887731b050a5c3e818-9,2022-10-26T13:01:02.000Z,https://esa-worldcover.s3.eu-central-1.amazonaws.com/v200/2021/map/ESA_WorldCover_10m_2021_v200_N57E114_Map.tif
v200/2021/map/ESA_WorldCover_10m_2021_v200_N57E117_Map.tif,55752128,6df4acfff189f8df1d77d2e8e2a0322f-7,2022-10-26T12:59:44.000Z,https://esa-worldcover.s3.eu-central-1.amazonaws.com/v200/2021/map/ESA_WorldCover_10m_2021_v200_N57E117_Map.tif
v200/2021/map/ESA_WorldCover_10m_2021_v200_N57E120_Map.tif,39383731,e37665f48174a04ef3f1b7a3773759e4-5,2022-10-26T12:55:13.000Z,https://esa-worldcover.s3.eu-central-1.amazonaws.com/v200/2021/map/ESA_WorldCover_10m_2021_v200_N57E120_Map.tif
v200/2021/map/ESA_WorldCover_10m_2021_v200_N57E123_Map.tif,32480076,98ff4a457bb8e68264647c8f49653f7c-4,2022-10-26T13:01:30.000Z,https://esa-worldcover.s3.eu-central-1.amazonaws.com/v200/2021/map/ESA_WorldCover_10m_2021_v200_N57E123_Map.tif
v200/2021/map/ESA_WorldCover_10m_2021_v200_N57E126_Map.tif,42702991,f21f1093148586f85c0c6a73e20608b8-6,2022-10-26T13:01:11.000Z,https://esa-worldcover.s3.eu-central-1.amazonaws.com/v200/2021/map/ESA_WorldCover_10m_2021_v200_N57E126_Map.tif
v200/2021/map/ESA_WorldCover_10m_2021_v200_N57E129_Map.tif,42860667,88ac48d4b7adbe7d602350a85c468026-6,2022-10-26T13:03:11.000Z,https://esa-worldcover.s3.eu-central-1.amazonaws.com/v200/2021/map/ESA_WorldCover_10m_2021_v200_N57E129_Map.tif
v200/2021/map/ESA_WorldCover_10m_2021_v200_N57E132_Map.tif,26995181,258d7de2a09c8b43f99bc365ba79f7de-4,2022-10-26T12:59:51.000Z,https://esa-worldcover.s3.eu-central-1.amazonaws.com/v200/2021/map/ESA_WorldCover_10m_2021_v200_N57E132_Map.tif
v200/2021/map/ESA_WorldCover_10m_2021_v200_N57E135_Map.tif,47496146,aa0f557300140baaa76d11dcc18e2ddb-6,2022-10-26T12:57:17.000Z,https://esa-worldcover.s3.eu-central-1.amazonaws.com/v200/2021/map/ESA_WorldCover_10m_2021_v200_N57E135_Map.tif
v200/2021/map/ESA_WorldCover_10m_2021_v200_N57E138_Map.tif,88516579,d201cea307c8dbe1ded3e53b68b8b969-11,2022-10-26T12:56:37.000Z,https://esa-worldcover.s3.eu-central-1.amazonaws.com/v200/2021/map/ESA_WorldCover_10m_2021_v200_N57E138_Map.tif
v200/2021/map/ESA_WorldCover_10m_2021_v200_N57E141_Map.tif,26134035,513fa74775bf97d331c3e0273b2fb2c9-4,2022-10-26T12:54:17.000Z,https://esa-worldcover.s3.eu-central-1.amazonaws.com/v200/2021/map/ESA_WorldCover_10m_2021_v200_N57E141_Map.tif
v200/2021/map/ESA_WorldCover_10m_2021_v200_N57E144_Map.tif,19875057,d090d3393e9657d2aaf4f21db485ed78-3,2022-10-26T12:52:32.000Z,https://esa-worldcover.s3.eu-central-1.amazonaws.com/v200/2021/map/ESA_WorldCover_10m_2021_v200_N57E144_Map.tif
v200/2021/map/ESA_WorldCover_10m_2021_v200_N57E147_Map.tif,18439027,b1235e335d14d30500c11d7b4ce79247-3,2022-10-26T12:51:28.000Z,https://esa-worldcover.s3.eu-central-1.amazonaws.com/v200/2021/map/ESA_WorldCover_10m_2021_v200_N57E147_Map.tif
v200/2021/map/ESA_WorldCover_10m_2021_v200_N57E150_Map.tif,26184831,ac8c8595f5566e1de226ff448d8c262a-4,2022-10-26T12:53:36.000Z,https://esa-worldcover.s3.eu-central-1.amazonaws.com/v200/2021/map/ESA_WorldCover_10m_2021_v200_N57E150_Map.tif
v200/2021/map/ESA_WorldCover_10m_2021_v200_N57E153_Map.tif,18517992,6c4b691c495e73aef9d904c83a6beaa2-3,2022-10-26T12:50:55.000Z,https://esa-worldcover.s3.eu-central-1.amazonaws.com/v200/2021/map/ESA_WorldCover_10m_2021_v200_N57E153_Map.tif
v200/2021/map/ESA_WorldCover_10m_2021_v200_N57E156_Map.tif,17657638,3b90ef0279b489e229f01657a6c4a9bc-3,2022-10-26T12:53:36.000Z,https://esa-worldcover.s3.eu-central-1.amazonaws.com/v200/2021/map/ESA_WorldCover_10m_2021_v200_N57E156_Map.tif
v200/2021/map/ESA_WorldCover_10m_2021_v200_N57E159_Map.tif,73475148,016ab416b5614d7523223ed38718abc6-9,2022-10-26T12:57:04.000Z,https://esa-worldcover.s3.eu-central-1.amazonaws.com/v200/2021/map/ESA_WorldCover_10m_2021_v200_N57E159_Map.tif
v200/2021/map/ESA_WorldCover_10m_2021_v200_N57E162_Map.tif,38166746,ea7d32ea0aaf842d665c2c5446fa3b49-5,2022-10-26T12:55:21.000Z,https://esa-worldcover.s3.eu-central-1.amazonaws.com/v200/2021/map/ESA_WorldCover_10m_2021_v200_N57E162_Map.tif
v200/2021/map/ESA_WorldCover_10m_2021_v200_N57E165_Map.tif,3366638,da8759181a87b903f5c48a81b676ec53,2022-10-26T12:47:24.000Z,https://esa-worldcover.s3.eu-central-1.amazonaws.com/v200/2021/map/ESA_WorldCover_10m_2021_v200_N57E165_Map.tif
v200/2021/map/ESA_WorldCover_10m_2021_v200_N57E168_Map.tif,2155176,114ab8cbaafbcd11387da5363947c870,2022-10-26T12:48:33.000Z,https://esa-worldcover.s3.eu-central-1.amazonaws.com/v200/2021/map/ESA_WorldCover_10m_2021_v200_N57E168_Map.tif
v200/2021/map/ESA_WorldCover_10m_2021_v200_N57W003_Map.tif,8979891,9e0385206ce0ad0aa2a6d96016c28090-2,2022-10-26T12:52:00.000Z,https://esa-worldcover.s3.eu-central-1.amazonaws.com/v200/2021/map/ESA_WorldCover_10m_2021_v200_N57W003_Map.tif
v200/2021/map/ESA_WorldCover_10m_2021_v200_N57W006_Map.tif,16919947,02cab3c13e32db40999cf3fd498952c2-3,2022-10-26T12:54:48.000Z,https://esa-worldcover.s3.eu-central-1.amazonaws.com/v200/2021/map/ESA_WorldCover_10m_2021_v200_N57W006_Map.tif
v200/2021/map/ESA_WorldCover_10m_2021_v200_N57W009_Map.tif,5829301,be537369e0fb70b14479f36664002f11,2022-10-26T12:53:20.000Z,https://esa-worldcover.s3.eu-central-1.amazonaws.com/v200/2021/map/ESA_WorldCover_10m_2021_v200_N57W009_Map.tif
v200/2021/map/ESA_WorldCover_10m_2021_v200_N57W015_Map.tif,1996220,981be66a8f7854dd71c383ff9898ea60,2022-10-26T12:47:15.000Z,https://esa-worldcover.s3.eu-central-1.amazonaws.com/v200/2021/map/ESA_WorldCover_10m_2021_v200_N57W015_Map.tif
v200/2021/map/ESA_WorldCover_10m_2021_v200_N57W045_Map.tif,4352792,022a29359cbe144dbd2a26372ad3288c,2022-10-26T12:48:40.000Z,https://esa-worldcover.s3.eu-central-1.amazonaws.com/v200/2021/map/ESA_WorldCover_10m_2021_v200_N57W045_Map.tif
v200/2021/map/ESA_WorldCover_10m_2021_v200_N57W048_Map.tif,2070142,57e82d7a78aa1f33258af3958745e229,2022-10-26T12:48:25.000Z,https://esa-worldcover.s3.eu-central-1.amazonaws.com/v200/2021/map/ESA_WorldCover_10m_2021_v200_N57W048_Map.tif
v200/2021/map/ESA_WorldCover_10m_2021_v200_N57W063_Map.tif,21587775,d7dabd85192eab7ceb61d877e067b4e2-3,2022-10-26T12:52:38.000Z,https://esa-worldcover.s3.eu-central-1.amazonaws.com/v200/2021/map/ESA_WorldCover_10m_2021_v200_N57W063_Map.tif
v200/2021/map/ESA_WorldCover_10m_2021_v200_N57W066_Map.tif,94958681,71347f8c7bd02f20ef2769752c59502c-12,2022-10-26T13:00:19.000Z,https://esa-worldcover.s3.eu-central-1.amazonaws.com/v200/2021/map/ESA_WorldCover_10m_2021_v200_N57W066_Map.tif
v200/2021/map/ESA_WorldCover_10m_2021_v200_N57W069_Map.tif,77895022,7df2a974ddcab27a1f3242f7c79d1a4d-10,2022-10-26T12:58:19.000Z,https://esa-worldcover.s3.eu-central-1.amazonaws.com/v200/2021/map/ESA_WorldCover_10m_2021_v200_N57W069_Map.tif
v200/2021/map/ESA_WorldCover_10m_2021_v200_N57W072_Map.tif,121450950,93933c9bc86da1aa82ef9b50df735d23-15,2022-10-26T13:00:37.000Z,https://esa-worldcover.s3.eu-central-1.amazonaws.com/v200/2021/map/ESA_WorldCover_10m_2021_v200_N57W072_Map.tif
v200/2021/map/ESA_WorldCover_10m_2021_v200_N57W075_Map.tif,130558363,53827cd431a86318ca82985e3cdebe2c-16,2022-10-26T12:58:33.000Z,https://esa-worldcover.s3.eu-central-1.amazonaws.com/v200/2021/map/ESA_WorldCover_10m_2021_v200_N57W075_Map.tif
v200/2021/map/ESA_WorldCover_10m_2021_v200_N57W078_Map.tif,107232999,2caba9d822d0ef201d55268d446397fe-13,2022-10-26T13:01:50.000Z,https://esa-worldcover.s3.eu-central-1.amazonaws.com/v200/2021/map/ESA_WorldCover_10m_2021_v200_N57W078_Map.tif
v200/2021/map/ESA_WorldCover_10m_2021_v200_N57W081_Map.tif,10690291,c9de77dbb1642b0321b3758a8578bf66-2,2022-10-26T12:54:29.000Z,https://esa-worldcover.s3.eu-central-1.amazonaws.com/v200/2021/map/ESA_WorldCover_10m_2021_v200_N57W081_Map.tif
v200/2021/map/ESA_WorldCover_10m_2021_v200_N57W090_Map.tif,1971681,ea84552a7600db9182540dc0af2fa5c3,2022-10-26T12:46:24.000Z,https://esa-worldcover.s3.eu-central-1.amazonaws.com/v200/2021/map/ESA_WorldCover_10m_2021_v200_N57W090_Map.tif
v200/2021/map/ESA_WorldCover_10m_2021_v200_N57W093_Map.tif,16034589,ec7ad9cdc72895e3ad9f320c43c56e63-2,2022-10-26T12:50:42.000Z,https://esa-worldcover.s3.eu-central-1.amazonaws.com/v200/2021/map/ESA_WorldCover_10m_2021_v200_N57W093_Map.tif
v200/2021/map/ESA_WorldCover_10m_2021_v200_N57W096_Map.tif,115254893,48b99d1d973bbf30ecdc73781d3ed46f-14,2022-10-26T13:00:41.000Z,https://esa-worldcover.s3.eu-central-1.amazonaws.com/v200/2021/map/ESA_WorldCover_10m_2021_v200_N57W096_Map.tif
v200/2021/map/ESA_WorldCover_10m_2021_v200_N57W099_Map.tif,137099286,3666f3ecce46baf94a5f34fcd93ef979-17,2022-10-26T12:59:29.000Z,https://esa-worldcover.s3.eu-central-1.amazonaws.com/v200/2021/map/ESA_WorldCover_10m_2021_v200_N57W099_Map.tif
v200/2021/map/ESA_WorldCover_10m_2021_v200_N57W102_Map.tif,131900089,607da30bb52fe289793b706be7af4772-16,2022-10-26T13:03:26.000Z,https://esa-worldcover.s3.eu-central-1.amazonaws.com/v200/2021/map/ESA_WorldCover_10m_2021_v200_N57W102_Map.tif
v200/2021/map/ESA_WorldCover_10m_2021_v200_N57W105_Map.tif,97150301,449ce19fd0f37c9ae8a6938deaf7ab8e-12,2022-10-26T13:01:07.000Z,https://esa-worldcover.s3.eu-central-1.amazonaws.com/v200/2021/map/ESA_WorldCover_10m_2021_v200_N57W105_Map.tif
v200/2021/map/ESA_WorldCover_10m_2021_v200_N57W108_Map.tif,104415418,d8aecbe80e1b392e007656a6fd8f8886-13,2022-10-26T13:00:19.000Z,https://esa-worldcover.s3.eu-central-1.amazonaws.com/v200/2021/map/ESA_WorldCover_10m_2021_v200_N57W108_Map.tif
v200/2021/map/ESA_WorldCover_10m_2021_v200_N57W111_Map.tif,93611593,2710fc2b7456ae2b14dc96b06e39adad-12,2022-10-26T12:58:20.000Z,https://esa-worldcover.s3.eu-central-1.amazonaws.com/v200/2021/map/ESA_WorldCover_10m_2021_v200_N57W111_Map.tif
v200/2021/map/ESA_WorldCover_10m_2021_v200_N57W114_Map.tif,74311819,170d8044bd664400ba7e45f3c35b380b-9,2022-10-26T12:58:02.000Z,https://esa-worldcover.s3.eu-central-1.amazonaws.com/v200/2021/map/ESA_WorldCover_10m_2021_v200_N57W114_Map.tif
v200/2021/map/ESA_WorldCover_10m_2021_v200_N57W117_Map.tif,64443710,8c06090bd53672d1ad141be40eecb726-8,2022-10-26T12:57:19.000Z,https://esa-worldcover.s3.eu-central-1.amazonaws.com/v200/2021/map/ESA_WorldCover_10m_2021_v200_N57W117_Map.tif
v200/2021/map/ESA_WorldCover_10m_2021_v200_N57W120_Map.tif,59402258,047c43bc40e817cd3caf26cd85f42e5a-8,2022-10-26T13:02:31.000Z,https://esa-worldcover.s3.eu-central-1.amazonaws.com/v200/2021/map/ESA_WorldCover_10m_2021_v200_N57W120_Map.tif
v200/2021/map/ESA_WorldCover_10m_2021_v200_N57W123_Map.tif,51274103,0d63d25b54dbb862d2c96d3937e2a6c6-7,2022-10-26T13:01:04.000Z,https://esa-worldcover.s3.eu-central-1.amazonaws.com/v200/2021/map/ESA_WorldCover_10m_2021_v200_N57W123_Map.tif
v200/2021/map/ESA_WorldCover_10m_2021_v200_N57W126_Map.tif,50726324,bd466172f01f05354ffbd5a7c2ffd21a-7,2022-10-26T12:59:48.000Z,https://esa-worldcover.s3.eu-central-1.amazonaws.com/v200/2021/map/ESA_WorldCover_10m_2021_v200_N57W126_Map.tif
v200/2021/map/ESA_WorldCover_10m_2021_v200_N57W129_Map.tif,70979232,ce3f5a32af2eacab63f4490d85fb447e-9,2022-10-26T13:04:24.000Z,https://esa-worldcover.s3.eu-central-1.amazonaws.com/v200/2021/map/ESA_WorldCover_10m_2021_v200_N57W129_Map.tif
v200/2021/map/ESA_WorldCover_10m_2021_v200_N57W132_Map.tif,79815771,c41ea1e9cad00aa1ea6b57ac87af9b9b-10,2022-10-26T12:57:01.000Z,https://esa-worldcover.s3.eu-central-1.amazonaws.com/v200/2021/map/ESA_WorldCover_10m_2021_v200_N57W132_Map.tif
v200/2021/map/ESA_WorldCover_10m_2021_v200_N57W135_Map.tif,64086349,665aa8ee168947e85b293f6b708cb01d-8,2022-10-26T13:03:26.000Z,https://esa-worldcover.s3.eu-central-1.amazonaws.com/v200/2021/map/ESA_WorldCover_10m_2021_v200_N57W135_Map.tif
v200/2021/map/ESA_WorldCover_10m_2021_v200_N57W138_Map.tif,51638990,320783c9e2a0607ec608ab4b6bc0b41f-7,2022-10-26T12:54:29.000Z,https://esa-worldcover.s3.eu-central-1.amazonaws.com/v200/2021/map/ESA_WorldCover_10m_2021_v200_N57W138_Map.tif
v200/2021/map/ESA_WorldCover_10m_2021_v200_N57W141_Map.tif,12916997,b1f89a3f7c1e5902ee7e430a7b1d7f5b-2,2022-10-26T12:53:26.000Z,https://esa-worldcover.s3.eu-central-1.amazonaws.com/v200/2021/map/ESA_WorldCover_10m_2021_v200_N57W141_Map.tif
v200/2021/map/ESA_WorldCover_10m_2021_v200_N57W144_Map.tif,2533658,1eaa177ffc0a51095e9d76b9574e9e1f,2022-10-26T12:46:49.000Z,https://esa-worldcover.s3.eu-central-1.amazonaws.com/v200/2021/map/ESA_WorldCover_10m_2021_v200_N57W144_Map.tif
v200/2021/map/ESA_WorldCover_10m_2021_v200_N57W147_Map.tif,2232052,cacae6bada27a4f8a68913d5cfe15d13,2022-10-26T12:48:00.000Z,https://esa-worldcover.s3.eu-central-1.amazonaws.com/v200/2021/map/ESA_WorldCover_10m_2021_v200_N57W147_Map.tif
v200/2021/map/ESA_WorldCover_10m_2021_v200_N57W150_Map.tif,4419776,a0baadacaf08edf434533fe566b40f46,2022-10-26T12:51:15.000Z,https://esa-worldcover.s3.eu-central-1.amazonaws.com/v200/2021/map/ESA_WorldCover_10m_2021_v200_N57W150_Map.tif
v200/2021/map/ESA_WorldCover_10m_2021_v200_N57W153_Map.tif,18400475,5a814e468e27dcb4a6f901fd654abff4-3,2022-10-26T12:55:14.000Z,https://esa-worldcover.s3.eu-central-1.amazonaws.com/v200/2021/map/ESA_WorldCover_10m_2021_v200_N57W153_Map.tif
v200/2021/map/ESA_WorldCover_10m_2021_v200_N57W156_Map.tif,53751430,5822903f26a864e7d0d1c3c6690b4047-7,2022-10-26T12:58:48.000Z,https://esa-worldcover.s3.eu-central-1.amazonaws.com/v200/2021/map/ESA_WorldCover_10m_2021_v200_N57W156_Map.tif
v200/2021/map/ESA_WorldCover_10m_2021_v200_N57W159_Map.tif,61212374,26b1c8e58200833afe03b283a05d0a61-8,2022-10-26T12:57:28.000Z,https://esa-worldcover.s3.eu-central-1.amazonaws.com/v200/2021/map/ESA_WorldCover_10m_2021_v200_N57W159_Map.tif
v200/2021/map/ESA_WorldCover_10m_2021_v200_N57W162_Map.tif,31716619,54a5e1f8f061d24b8d5dd834d482e1e1-4,2022-10-26T12:55:25.000Z,https://esa-worldcover.s3.eu-central-1.amazonaws.com/v200/2021/map/ESA_WorldCover_10m_2021_v200_N57W162_Map.tif
v200/2021/map/ESA_WorldCover_10m_2021_v200_N57W165_Map.tif,5560148,2436f1de2f292a7e3f47df93cbee7899,2022-10-26T12:49:38.000Z,https://esa-worldcover.s3.eu-central-1.amazonaws.com/v200/2021/map/ESA_WorldCover_10m_2021_v200_N57W165_Map.tif
v200/2021/map/ESA_WorldCover_10m_2021_v200_N57W168_Map.tif,2531369,0ad910acb81b1a11e114b7f460153bc7,2022-10-26T12:49:39.000Z,https://esa-worldcover.s3.eu-central-1.amazonaws.com/v200/2021/map/ESA_WorldCover_10m_2021_v200_N57W168_Map.tif
v200/2021/map/ESA_WorldCover_10m_2021_v200_N57W171_Map.tif,2034290,85f8c6a9d50421e8e0037840c3b177d2,2022-10-26T12:50:07.000Z,https://esa-worldcover.s3.eu-central-1.amazonaws.com/v200/2021/map/ESA_WorldCover_10m_2021_v200_N57W171_Map.tif
v200/2021/map/ESA_WorldCover_10m_2021_v200_N60E003_Map.tif,20486360,4aac3e9a8df03213cf802739f68bb88f-3,2022-10-26T12:55:54.000Z,https://esa-worldcover.s3.eu-central-1.amazonaws.com/v200/2021/map/ESA_WorldCover_10m_2021_v200_N60E003_Map.tif
v200/2021/map/ESA_WorldCover_10m_2021_v200_N60E006_Map.tif,96750593,ec065a65fccaf4666fc87f21c1a5032e-12,2022-10-26T12:57:32.000Z,https://esa-worldcover.s3.eu-central-1.amazonaws.com/v200/2021/map/ESA_WorldCover_10m_2021_v200_N60E006_Map.tif
v200/2021/map/ESA_WorldCover_10m_2021_v200_N60E009_Map.tif,82806697,9be366fca4d5312935a3db0105ec8e6c-10,2022-10-26T13:01:50.000Z,https://esa-worldcover.s3.eu-central-1.amazonaws.com/v200/2021/map/ESA_WorldCover_10m_2021_v200_N60E009_Map.tif
v200/2021/map/ESA_WorldCover_10m_2021_v200_N60E012_Map.tif,65657745,f03e0de4cb70ab727cf50b8779847ca6-8,2022-10-26T12:56:48.000Z,https://esa-worldcover.s3.eu-central-1.amazonaws.com/v200/2021/map/ESA_WorldCover_10m_2021_v200_N60E012_Map.tif
v200/2021/map/ESA_WorldCover_10m_2021_v200_N60E015_Map.tif,48064508,d5128dd434912e3b2fc9fb1272c5b427-6,2022-10-26T13:00:42.000Z,https://esa-worldcover.s3.eu-central-1.amazonaws.com/v200/2021/map/ESA_WorldCover_10m_2021_v200_N60E015_Map.tif
v200/2021/map/ESA_WorldCover_10m_2021_v200_N60E018_Map.tif,8594729,dea5a9967178965e2407840e33f555ac-2,2022-10-26T12:53:35.000Z,https://esa-worldcover.s3.eu-central-1.amazonaws.com/v200/2021/map/ESA_WorldCover_10m_2021_v200_N60E018_Map.tif
v200/2021/map/ESA_WorldCover_10m_2021_v200_N60E021_Map.tif,59950772,e2de0bece3082ccbddd43fb54379df48-8,2022-10-26T13:03:00.000Z,https://esa-worldcover.s3.eu-central-1.amazonaws.com/v200/2021/map/ESA_WorldCover_10m_2021_v200_N60E021_Map.tif
v200/2021/map/ESA_WorldCover_10m_2021_v200_N60E024_Map.tif,56675542,b5ed92f16853194ea5ee42309d76beef-7,2022-10-26T12:59:07.000Z,https://esa-worldcover.s3.eu-central-1.amazonaws.com/v200/2021/map/ESA_WorldCover_10m_2021_v200_N60E024_Map.tif
v200/2021/map/ESA_WorldCover_10m_2021_v200_N60E027_Map.tif,45637774,59b9d67a6559b2c2e251f7c39e4b61e5-6,2022-10-26T13:02:45.000Z,https://esa-worldcover.s3.eu-central-1.amazonaws.com/v200/2021/map/ESA_WorldCover_10m_2021_v200_N60E027_Map.tif
v200/2021/map/ESA_WorldCover_10m_2021_v200_N60E030_Map.tif,33435594,f2355ccee16f7cf5160b287892b8fded-4,2022-10-26T12:56:49.000Z,https://esa-worldcover.s3.eu-central-1.amazonaws.com/v200/2021/map/ESA_WorldCover_10m_2021_v200_N60E030_Map.tif
v200/2021/map/ESA_WorldCover_10m_2021_v200_N60E033_Map.tif,32133664,6840837f30360ad8327b3db3f9abb45e-4,2022-10-26T12:59:15.000Z,https://esa-worldcover.s3.eu-central-1.amazonaws.com/v200/2021/map/ESA_WorldCover_10m_2021_v200_N60E033_Map.tif
v200/2021/map/ESA_WorldCover_10m_2021_v200_N60E036_Map.tif,35794262,92fe0452b864dc288b203b1b3a374590-5,2022-10-26T12:57:44.000Z,https://esa-worldcover.s3.eu-central-1.amazonaws.com/v200/2021/map/ESA_WorldCover_10m_2021_v200_N60E036_Map.tif
v200/2021/map/ESA_WorldCover_10m_2021_v200_N60E039_Map.tif,27614058,673c67055b0276892f3b39136e3db9d4-4,2022-10-26T12:59:27.000Z,https://esa-worldcover.s3.eu-central-1.amazonaws.com/v200/2021/map/ESA_WorldCover_10m_2021_v200_N60E039_Map.tif
v200/2021/map/ESA_WorldCover_10m_2021_v200_N60E042_Map.tif,33131751,01bf0004fb57badbd75609df7550feb7-4,2022-10-26T12:56:20.000Z,https://esa-worldcover.s3.eu-central-1.amazonaws.com/v200/2021/map/ESA_WorldCover_10m_2021_v200_N60E042_Map.tif
v200/2021/map/ESA_WorldCover_10m_2021_v200_N60E045_Map.tif,21979340,f76d95548fe71ffdf80cffe3d2496747-3,2022-10-26T13:02:55.000Z,https://esa-worldcover.s3.eu-central-1.amazonaws.com/v200/2021/map/ESA_WorldCover_10m_2021_v200_N60E045_Map.tif
v200/2021/map/ESA_WorldCover_10m_2021_v200_N60E048_Map.tif,19036084,4a54d71301b38fa734b6a5734478ec9b-3,2022-10-26T13:00:05.000Z,https://esa-worldcover.s3.eu-central-1.amazonaws.com/v200/2021/map/ESA_WorldCover_10m_2021_v200_N60E048_Map.tif
v200/2021/map/ESA_WorldCover_10m_2021_v200_N60E051_Map.tif,16428697,0bd72bcf19932a024f402012289304ce-2,2022-10-26T12:58:58.000Z,https://esa-worldcover.s3.eu-central-1.amazonaws.com/v200/2021/map/ESA_WorldCover_10m_2021_v200_N60E051_Map.tif
v200/2021/map/ESA_WorldCover_10m_2021_v200_N60E054_Map.tif,19535921,0cc6a7aeff2ac5ebbc160e9b8c5ed7c8-3,2022-10-26T13:00:35.000Z,https://esa-worldcover.s3.eu-central-1.amazonaws.com/v200/2021/map/ESA_WorldCover_10m_2021_v200_N60E054_Map.tif
v200/2021/map/ESA_WorldCover_10m_2021_v200_N60E057_Map.tif,16615371,14089477dd0aad72309ae59dce92e151-2,2022-10-26T12:56:18.000Z,https://esa-worldcover.s3.eu-central-1.amazonaws.com/v200/2021/map/ESA_WorldCover_10m_2021_v200_N60E057_Map.tif
v200/2021/map/ESA_WorldCover_10m_2021_v200_N60E060_Map.tif,30832200,2f2f496419d2e9bfcd80214a5e431616-4,2022-10-26T12:55:59.000Z,https://esa-worldcover.s3.eu-central-1.amazonaws.com/v200/2021/map/ESA_WorldCover_10m_2021_v200_N60E060_Map.tif
v200/2021/map/ESA_WorldCover_10m_2021_v200_N60E063_Map.tif,54221496,332b00670db72c2faab1ab5978fc75ba-7,2022-10-26T13:00:32.000Z,https://esa-worldcover.s3.eu-central-1.amazonaws.com/v200/2021/map/ESA_WorldCover_10m_2021_v200_N60E063_Map.tif
v200/2021/map/ESA_WorldCover_10m_2021_v200_N60E066_Map.tif,60798415,aea17e04b7b66f202e32e2c2df002ec0-8,2022-10-26T13:04:33.000Z,https://esa-worldcover.s3.eu-central-1.amazonaws.com/v200/2021/map/ESA_WorldCover_10m_2021_v200_N60E066_Map.tif
v200/2021/map/ESA_WorldCover_10m_2021_v200_N60E069_Map.tif,89041221,6d8b17db0f22212faebf110bf19ac61a-11,2022-10-26T13:03:45.000Z,https://esa-worldcover.s3.eu-central-1.amazonaws.com/v200/2021/map/ESA_WorldCover_10m_2021_v200_N60E069_Map.tif
v200/2021/map/ESA_WorldCover_10m_2021_v200_N60E072_Map.tif,90754118,b058f794e383c8d8ed7026838fc2ddc8-11,2022-10-26T13:01:22.000Z,https://esa-worldcover.s3.eu-central-1.amazonaws.com/v200/2021/map/ESA_WorldCover_10m_2021_v200_N60E072_Map.tif
v200/2021/map/ESA_WorldCover_10m_2021_v200_N60E075_Map.tif,73759347,f600b0df0edda4970ec2c08b4232336e-9,2022-10-26T13:04:03.000Z,https://esa-worldcover.s3.eu-central-1.amazonaws.com/v200/2021/map/ESA_WorldCover_10m_2021_v200_N60E075_Map.tif
v200/2021/map/ESA_WorldCover_10m_2021_v200_N60E078_Map.tif,64416846,bfbba457b3c7b987219cf9ff3b72121c-8,2022-10-26T13:02:27.000Z,https://esa-worldcover.s3.eu-central-1.amazonaws.com/v200/2021/map/ESA_WorldCover_10m_2021_v200_N60E078_Map.tif
v200/2021/map/ESA_WorldCover_10m_2021_v200_N60E081_Map.tif,50290584,943b60e527fdcffbc0c5e60b51d0d07b-6,2022-10-26T12:59:24.000Z,https://esa-worldcover.s3.eu-central-1.amazonaws.com/v200/2021/map/ESA_WorldCover_10m_2021_v200_N60E081_Map.tif
v200/2021/map/ESA_WorldCover_10m_2021_v200_N60E084_Map.tif,35439881,f2d037d8019623c3c89664b384530c93-5,2022-10-26T12:58:20.000Z,https://esa-worldcover.s3.eu-central-1.amazonaws.com/v200/2021/map/ESA_WorldCover_10m_2021_v200_N60E084_Map.tif
v200/2021/map/ESA_WorldCover_10m_2021_v200_N60E087_Map.tif,22300946,3a820078005c2835b7c770a7af10c033-3,2022-10-26T13:00:22.000Z,https://esa-worldcover.s3.eu-central-1.amazonaws.com/v200/2021/map/ESA_WorldCover_10m_2021_v200_N60E087_Map.tif
v200/2021/map/ESA_WorldCover_10m_2021_v200_N60E090_Map.tif,11520142,7b5120bbda9ac6eebd65fbed9e1cba65-2,2022-10-26T13:04:33.000Z,https://esa-worldcover.s3.eu-central-1.amazonaws.com/v200/2021/map/ESA_WorldCover_10m_2021_v200_N60E090_Map.tif
v200/2021/map/ESA_WorldCover_10m_2021_v200_N60E093_Map.tif,16540137,6e1f78e85b97ef570e8296fcce4f06a1-2,2022-10-26T12:58:59.000Z,https://esa-worldcover.s3.eu-central-1.amazonaws.com/v200/2021/map/ESA_WorldCover_10m_2021_v200_N60E093_Map.tif
v200/2021/map/ESA_WorldCover_10m_2021_v200_N60E096_Map.tif,16450178,e5bfe28452aa1e5cdfc727a4c1a09374-2,2022-10-26T13:04:26.000Z,https://esa-worldcover.s3.eu-central-1.amazonaws.com/v200/2021/map/ESA_WorldCover_10m_2021_v200_N60E096_Map.tif
v200/2021/map/ESA_WorldCover_10m_2021_v200_N60E099_Map.tif,22140425,5688e6c7ec7eaa76d552f944b43fbf60-3,2022-10-26T13:04:16.000Z,https://esa-worldcover.s3.eu-central-1.amazonaws.com/v200/2021/map/ESA_WorldCover_10m_2021_v200_N60E099_Map.tif
v200/2021/map/ESA_WorldCover_10m_2021_v200_N60E102_Map.tif,22714022,71a98276961840798a92afe89c51ff00-3,2022-10-26T13:01:36.000Z,https://esa-worldcover.s3.eu-central-1.amazonaws.com/v200/2021/map/ESA_WorldCover_10m_2021_v200_N60E102_Map.tif
v200/2021/map/ESA_WorldCover_10m_2021_v200_N60E105_Map.tif,25189424,bb370a7ccb5128113126c99ee94b95ac-4,2022-10-26T13:02:37.000Z,https://esa-worldcover.s3.eu-central-1.amazonaws.com/v200/2021/map/ESA_WorldCover_10m_2021_v200_N60E105_Map.tif
v200/2021/map/ESA_WorldCover_10m_2021_v200_N60E108_Map.tif,24294847,073b59fb17480ed3226e4ef925dd25ec-3,2022-10-26T12:58:07.000Z,https://esa-worldcover.s3.eu-central-1.amazonaws.com/v200/2021/map/ESA_WorldCover_10m_2021_v200_N60E108_Map.tif
v200/2021/map/ESA_WorldCover_10m_2021_v200_N60E111_Map.tif,26635312,602d8e6ac0592f6172c6b66185271356-4,2022-10-26T13:04:14.000Z,https://esa-worldcover.s3.eu-central-1.amazonaws.com/v200/2021/map/ESA_WorldCover_10m_2021_v200_N60E111_Map.tif
v200/2021/map/ESA_WorldCover_10m_2021_v200_N60E114_Map.tif,22342822,e51d8771eb5630ae2559b9c58c965761-3,2022-10-26T13:02:49.000Z,https://esa-worldcover.s3.eu-central-1.amazonaws.com/v200/2021/map/ESA_WorldCover_10m_2021_v200_N60E114_Map.tif
v200/2021/map/ESA_WorldCover_10m_2021_v200_N60E117_Map.tif,22957030,3149e7e1b86e5fb19e3ef9f364ba5ebb-3,2022-10-26T13:04:02.000Z,https://esa-worldcover.s3.eu-central-1.amazonaws.com/v200/2021/map/ESA_WorldCover_10m_2021_v200_N60E117_Map.tif
v200/2021/map/ESA_WorldCover_10m_2021_v200_N60E120_Map.tif,29212787,1ea99278cdc49f3d4390e576aca7ea05-4,2022-10-26T12:58:15.000Z,https://esa-worldcover.s3.eu-central-1.amazonaws.com/v200/2021/map/ESA_WorldCover_10m_2021_v200_N60E120_Map.tif
v200/2021/map/ESA_WorldCover_10m_2021_v200_N60E123_Map.tif,33192065,461b8e3c9b137334cb8e1a03d26b0991-4,2022-10-26T13:02:47.000Z,https://esa-worldcover.s3.eu-central-1.amazonaws.com/v200/2021/map/ESA_WorldCover_10m_2021_v200_N60E123_Map.tif
v200/2021/map/ESA_WorldCover_10m_2021_v200_N60E126_Map.tif,36140683,e23d2f857ef23eb64f30cac839ebab83-5,2022-10-26T13:03:44.000Z,https://esa-worldcover.s3.eu-central-1.amazonaws.com/v200/2021/map/ESA_WorldCover_10m_2021_v200_N60E126_Map.tif
v200/2021/map/ESA_WorldCover_10m_2021_v200_N60E129_Map.tif,37086553,21437001156da6f939255fe41787c399-5,2022-10-26T13:00:27.000Z,https://esa-worldcover.s3.eu-central-1.amazonaws.com/v200/2021/map/ESA_WorldCover_10m_2021_v200_N60E129_Map.tif
v200/2021/map/ESA_WorldCover_10m_2021_v200_N60E132_Map.tif,34842236,9f03bbff2a32e36d097b3076b6a8c3ad-5,2022-10-26T12:58:20.000Z,https://esa-worldcover.s3.eu-central-1.amazonaws.com/v200/2021/map/ESA_WorldCover_10m_2021_v200_N60E132_Map.tif
v200/2021/map/ESA_WorldCover_10m_2021_v200_N60E135_Map.tif,55515627,0b9e43ca8bd33218ccf8b77c4015593f-7,2022-10-26T13:03:52.000Z,https://esa-worldcover.s3.eu-central-1.amazonaws.com/v200/2021/map/ESA_WorldCover_10m_2021_v200_N60E135_Map.tif
v200/2021/map/ESA_WorldCover_10m_2021_v200_N60E138_Map.tif,117626685,9ea3b4208c54b71ecf1dbd63b25c134f-15,2022-10-26T13:00:59.000Z,https://esa-worldcover.s3.eu-central-1.amazonaws.com/v200/2021/map/ESA_WorldCover_10m_2021_v200_N60E138_Map.tif
v200/2021/map/ESA_WorldCover_10m_2021_v200_N60E141_Map.tif,103355218,b345f613dc2df145a5547e2209f6db96-13,2022-10-26T13:04:34.000Z,https://esa-worldcover.s3.eu-central-1.amazonaws.com/v200/2021/map/ESA_WorldCover_10m_2021_v200_N60E141_Map.tif
v200/2021/map/ESA_WorldCover_10m_2021_v200_N60E144_Map.tif,109355349,81b104e805342a6f80627b953b501906-14,2022-10-26T13:03:55.000Z,https://esa-worldcover.s3.eu-central-1.amazonaws.com/v200/2021/map/ESA_WorldCover_10m_2021_v200_N60E144_Map.tif
v200/2021/map/ESA_WorldCover_10m_2021_v200_N60E147_Map.tif,108703901,6c938b64ce30d083037882e63425d98e-13,2022-10-26T13:03:48.000Z,https://esa-worldcover.s3.eu-central-1.amazonaws.com/v200/2021/map/ESA_WorldCover_10m_2021_v200_N60E147_Map.tif
v200/2021/map/ESA_WorldCover_10m_2021_v200_N60E150_Map.tif,116748859,d5041c5ee6f2ef13195b4edb4a2a6a74-14,2022-10-26T12:58:41.000Z,https://esa-worldcover.s3.eu-central-1.amazonaws.com/v200/2021/map/ESA_WorldCover_10m_2021_v200_N60E150_Map.tif
v200/2021/map/ESA_WorldCover_10m_2021_v200_N60E153_Map.tif,106724520,17adc1f2c20e51601edcaf34ee798beb-13,2022-10-26T13:05:53.000Z,https://esa-worldcover.s3.eu-central-1.amazonaws.com/v200/2021/map/ESA_WorldCover_10m_2021_v200_N60E153_Map.tif
v200/2021/map/ESA_WorldCover_10m_2021_v200_N60E156_Map.tif,58916931,765e8de877b64742993929e3d49d68ca-8,2022-10-26T12:57:20.000Z,https://esa-worldcover.s3.eu-central-1.amazonaws.com/v200/2021/map/ESA_WorldCover_10m_2021_v200_N60E156_Map.tif
v200/2021/map/ESA_WorldCover_10m_2021_v200_N60E159_Map.tif,65108789,6e12e416fde08bcb00faabefd42a64bd-8,2022-10-26T13:03:06.000Z,https://esa-worldcover.s3.eu-central-1.amazonaws.com/v200/2021/map/ESA_WorldCover_10m_2021_v200_N60E159_Map.tif
v200/2021/map/ESA_WorldCover_10m_2021_v200_N60E162_Map.tif,72376507,51c7e098f85318006d4f726bb5454257-9,2022-10-26T13:04:16.000Z,https://esa-worldcover.s3.eu-central-1.amazonaws.com/v200/2021/map/ESA_WorldCover_10m_2021_v200_N60E162_Map.tif
v200/2021/map/ESA_WorldCover_10m_2021_v200_N60E165_Map.tif,88444073,c3303a673240ccac49c56050224900ff-11,2022-10-26T13:02:41.000Z,https://esa-worldcover.s3.eu-central-1.amazonaws.com/v200/2021/map/ESA_WorldCover_10m_2021_v200_N60E165_Map.tif
v200/2021/map/ESA_WorldCover_10m_2021_v200_N60E168_Map.tif,83566053,ad47ace1e444156d273c837b9235bbd3-10,2022-10-26T13:03:12.000Z,https://esa-worldcover.s3.eu-central-1.amazonaws.com/v200/2021/map/ESA_WorldCover_10m_2021_v200_N60E168_Map.tif
v200/2021/map/ESA_WorldCover_10m_2021_v200_N60E171_Map.tif,70485805,cadf23dbd16bf8d4b781ff3d9c7096bb-9,2022-10-26T12:59:41.000Z,https://esa-worldcover.s3.eu-central-1.amazonaws.com/v200/2021/map/ESA_WorldCover_10m_2021_v200_N60E171_Map.tif
v200/2021/map/ESA_WorldCover_10m_2021_v200_N60E174_Map.tif,32386306,6c11d5be0a34cc83ba7f5e4db69cb0f3-4,2022-10-26T12:56:54.000Z,https://esa-worldcover.s3.eu-central-1.amazonaws.com/v200/2021/map/ESA_WorldCover_10m_2021_v200_N60E174_Map.tif
v200/2021/map/ESA_WorldCover_10m_2021_v200_N60E177_Map.tif,14056088,0944a8a60b200cf1f0dde4402f793b12-2,2022-10-26T12:53:58.000Z,https://esa-worldcover.s3.eu-central-1.amazonaws.com/v200/2021/map/ESA_WorldCover_10m_2021_v200_N60E177_Map.tif
v200/2021/map/ESA_WorldCover_10m_2021_v200_N60W003_Map.tif,2949963,32e68c0dceb69389b6ada5f5916d4bcd,2022-10-26T12:51:28.000Z,https://esa-worldcover.s3.eu-central-1.amazonaws.com/v200/2021/map/ESA_WorldCover_10m_2021_v200_N60W003_Map.tif
v200/2021/map/ESA_WorldCover_10m_2021_v200_N60W009_Map.tif,3333378,83c841b8fe82c92dfa1d9fee805fa465,2022-10-26T12:51:55.000Z,https://esa-worldcover.s3.eu-central-1.amazonaws.com/v200/2021/map/ESA_WorldCover_10m_2021_v200_N60W009_Map.tif
v200/2021/map/ESA_WorldCover_10m_2021_v200_N60W042_Map.tif,3043811,60b0db4fbffe8b2ccc163b2ab1ed6864,2022-10-26T12:50:59.000Z,https://esa-worldcover.s3.eu-central-1.amazonaws.com/v200/2021/map/ESA_WorldCover_10m_2021_v200_N60W042_Map.tif
v200/2021/map/ESA_WorldCover_10m_2021_v200_N60W045_Map.tif,26791393,ac56c307c0e7aa9faf808610b75ebed4-4,2022-10-26T12:58:31.000Z,https://esa-worldcover.s3.eu-central-1.amazonaws.com/v200/2021/map/ESA_WorldCover_10m_2021_v200_N60W045_Map.tif
v200/2021/map/ESA_WorldCover_10m_2021_v200_N60W048_Map.tif,23285749,4302c5053514b0ad09b07d95c8df2ed4-3,2022-10-26T12:59:32.000Z,https://esa-worldcover.s3.eu-central-1.amazonaws.com/v200/2021/map/ESA_WorldCover_10m_2021_v200_N60W048_Map.tif
v200/2021/map/ESA_WorldCover_10m_2021_v200_N60W051_Map.tif,25451475,41b7a9d00ec7316268f6135d03ca8f6f-4,2022-10-26T12:53:29.000Z,https://esa-worldcover.s3.eu-central-1.amazonaws.com/v200/2021/map/ESA_WorldCover_10m_2021_v200_N60W051_Map.tif
v200/2021/map/ESA_WorldCover_10m_2021_v200_N60W054_Map.tif,1939471,a8a898661c29fab1344db436ce833bb4,2022-10-26T12:49:03.000Z,https://esa-worldcover.s3.eu-central-1.amazonaws.com/v200/2021/map/ESA_WorldCover_10m_2021_v200_N60W054_Map.tif
v200/2021/map/ESA_WorldCover_10m_2021_v200_N60W066_Map.tif,16209669,5526da3735885c08ee5cb214467856f3-2,2022-10-26T12:54:31.000Z,https://esa-worldcover.s3.eu-central-1.amazonaws.com/v200/2021/map/ESA_WorldCover_10m_2021_v200_N60W066_Map.tif
v200/2021/map/ESA_WorldCover_10m_2021_v200_N60W069_Map.tif,33284565,746903244b530c3eff5469c89d541194-4,2022-10-26T12:55:07.000Z,https://esa-worldcover.s3.eu-central-1.amazonaws.com/v200/2021/map/ESA_WorldCover_10m_2021_v200_N60W069_Map.tif
v200/2021/map/ESA_WorldCover_10m_2021_v200_N60W072_Map.tif,53169502,6949a03785c234602e25b3ce9c514190-7,2022-10-26T12:59:41.000Z,https://esa-worldcover.s3.eu-central-1.amazonaws.com/v200/2021/map/ESA_WorldCover_10m_2021_v200_N60W072_Map.tif
v200/2021/map/ESA_WorldCover_10m_2021_v200_N60W075_Map.tif,88321446,8b039ffe312b412ad9d8e13795d754ce-11,2022-10-26T12:57:47.000Z,https://esa-worldcover.s3.eu-central-1.amazonaws.com/v200/2021/map/ESA_WorldCover_10m_2021_v200_N60W075_Map.tif
v200/2021/map/ESA_WorldCover_10m_2021_v200_N60W078_Map.tif,100965533,b521e0a0549a39e2afee9fcb8ec92c8e-13,2022-10-26T13:00:25.000Z,https://esa-worldcover.s3.eu-central-1.amazonaws.com/v200/2021/map/ESA_WorldCover_10m_2021_v200_N60W078_Map.tif
v200/2021/map/ESA_WorldCover_10m_2021_v200_N60W081_Map.tif,13318620,8e8727c2cc6d5c9f1c5616ae0d1be308-2,2022-10-26T12:53:34.000Z,https://esa-worldcover.s3.eu-central-1.amazonaws.com/v200/2021/map/ESA_WorldCover_10m_2021_v200_N60W081_Map.tif
v200/2021/map/ESA_WorldCover_10m_2021_v200_N60W084_Map.tif,15915800,635feb51841fb16ad0171220400d2bbd-2,2022-10-26T12:51:14.000Z,https://esa-worldcover.s3.eu-central-1.amazonaws.com/v200/2021/map/ESA_WorldCover_10m_2021_v200_N60W084_Map.tif
v200/2021/map/ESA_WorldCover_10m_2021_v200_N60W087_Map.tif,2024325,9c5c5bcbc1911b61bb8aaba88489c7ab,2022-10-26T12:48:57.000Z,https://esa-worldcover.s3.eu-central-1.amazonaws.com/v200/2021/map/ESA_WorldCover_10m_2021_v200_N60W087_Map.tif
v200/2021/map/ESA_WorldCover_10m_2021_v200_N60W093_Map.tif,13644992,76b5d906148f66f7ca0c3a92b55f464f-2,2022-10-26T12:50:40.000Z,https://esa-worldcover.s3.eu-central-1.amazonaws.com/v200/2021/map/ESA_WorldCover_10m_2021_v200_N60W093_Map.tif
v200/2021/map/ESA_WorldCover_10m_2021_v200_N60W096_Map.tif,73407155,62e69bcb2f09df409cb3ecd51cca7fa7-9,2022-10-26T13:02:05.000Z,https://esa-worldcover.s3.eu-central-1.amazonaws.com/v200/2021/map/ESA_WorldCover_10m_2021_v200_N60W096_Map.tif
v200/2021/map/ESA_WorldCover_10m_2021_v200_N60W099_Map.tif,74752438,caf92e66b1fc0855fc186890fc92b19c-9,2022-10-26T12:57:50.000Z,https://esa-worldcover.s3.eu-central-1.amazonaws.com/v200/2021/map/ESA_WorldCover_10m_2021_v200_N60W099_Map.tif
v200/2021/map/ESA_WorldCover_10m_2021_v200_N60W102_Map.tif,91852869,4fc2a76824a1277879914280434a2645-11,2022-10-26T13:02:03.000Z,https://esa-worldcover.s3.eu-central-1.amazonaws.com/v200/2021/map/ESA_WorldCover_10m_2021_v200_N60W102_Map.tif
v200/2021/map/ESA_WorldCover_10m_2021_v200_N60W105_Map.tif,102541683,353391bde0e87baabc8463f8eb21e5e2-13,2022-10-26T13:04:00.000Z,https://esa-worldcover.s3.eu-central-1.amazonaws.com/v200/2021/map/ESA_WorldCover_10m_2021_v200_N60W105_Map.tif
v200/2021/map/ESA_WorldCover_10m_2021_v200_N60W108_Map.tif,107719048,224ede95880fd1d205296d25b2308d80-13,2022-10-26T12:59:21.000Z,https://esa-worldcover.s3.eu-central-1.amazonaws.com/v200/2021/map/ESA_WorldCover_10m_2021_v200_N60W108_Map.tif
v200/2021/map/ESA_WorldCover_10m_2021_v200_N60W111_Map.tif,85459471,386b5f706128a3c2ad9c0816094212db-11,2022-10-26T13:01:00.000Z,https://esa-worldcover.s3.eu-central-1.amazonaws.com/v200/2021/map/ESA_WorldCover_10m_2021_v200_N60W111_Map.tif
v200/2021/map/ESA_WorldCover_10m_2021_v200_N60W114_Map.tif,86674141,7f43a525542e84dae9addd872ee8ce96-11,2022-10-26T12:59:54.000Z,https://esa-worldcover.s3.eu-central-1.amazonaws.com/v200/2021/map/ESA_WorldCover_10m_2021_v200_N60W114_Map.tif
v200/2021/map/ESA_WorldCover_10m_2021_v200_N60W117_Map.tif,79653885,95418a05ddfa6bad8b258c9691be5641-10,2022-10-26T12:57:49.000Z,https://esa-worldcover.s3.eu-central-1.amazonaws.com/v200/2021/map/ESA_WorldCover_10m_2021_v200_N60W117_Map.tif
v200/2021/map/ESA_WorldCover_10m_2021_v200_N60W120_Map.tif,93289893,c49f0dc478670cc314fba37456034e2d-12,2022-10-26T12:57:28.000Z,https://esa-worldcover.s3.eu-central-1.amazonaws.com/v200/2021/map/ESA_WorldCover_10m_2021_v200_N60W120_Map.tif
v200/2021/map/ESA_WorldCover_10m_2021_v200_N60W123_Map.tif,72208481,6ac4d2218c28227e211bcf6737a0a667-9,2022-10-26T13:01:44.000Z,https://esa-worldcover.s3.eu-central-1.amazonaws.com/v200/2021/map/ESA_WorldCover_10m_2021_v200_N60W123_Map.tif
v200/2021/map/ESA_WorldCover_10m_2021_v200_N60W126_Map.tif,73815279,3729a992419f38fdb0ba7898daf96a8f-9,2022-10-26T13:01:16.000Z,https://esa-worldcover.s3.eu-central-1.amazonaws.com/v200/2021/map/ESA_WorldCover_10m_2021_v200_N60W126_Map.tif
v200/2021/map/ESA_WorldCover_10m_2021_v200_N60W129_Map.tif,79728489,4f9430f539483ff5addde668d7e1dcb2-10,2022-10-26T13:01:28.000Z,https://esa-worldcover.s3.eu-central-1.amazonaws.com/v200/2021/map/ESA_WorldCover_10m_2021_v200_N60W129_Map.tif
v200/2021/map/ESA_WorldCover_10m_2021_v200_N60W132_Map.tif,67444503,4fadee0fbef3f364414889aeab399744-9,2022-10-26T13:00:03.000Z,https://esa-worldcover.s3.eu-central-1.amazonaws.com/v200/2021/map/ESA_WorldCover_10m_2021_v200_N60W132_Map.tif
v200/2021/map/ESA_WorldCover_10m_2021_v200_N60W135_Map.tif,54861388,00c022a856c410b0965e70ef91abaf26-7,2022-10-26T13:02:20.000Z,https://esa-worldcover.s3.eu-central-1.amazonaws.com/v200/2021/map/ESA_WorldCover_10m_2021_v200_N60W135_Map.tif
v200/2021/map/ESA_WorldCover_10m_2021_v200_N60W138_Map.tif,64183176,5f1cab34722b5806244434c283dfb99d-8,2022-10-26T13:00:33.000Z,https://esa-worldcover.s3.eu-central-1.amazonaws.com/v200/2021/map/ESA_WorldCover_10m_2021_v200_N60W138_Map.tif
v200/2021/map/ESA_WorldCover_10m_2021_v200_N60W141_Map.tif,56128202,6a60261627c9387250f942b7d0f1bc4d-7,2022-10-26T12:58:56.000Z,https://esa-worldcover.s3.eu-central-1.amazonaws.com/v200/2021/map/ESA_WorldCover_10m_2021_v200_N60W141_Map.tif
v200/2021/map/ESA_WorldCover_10m_2021_v200_N60W144_Map.tif,70685107,325a11d292f67e39fd7e244ee848e59a-9,2022-10-26T13:02:53.000Z,https://esa-worldcover.s3.eu-central-1.amazonaws.com/v200/2021/map/ESA_WorldCover_10m_2021_v200_N60W144_Map.tif
v200/2021/map/ESA_WorldCover_10m_2021_v200_N60W147_Map.tif,65970638,0361b619ab24c37d3b29dfcdc29c2dc5-8,2022-10-26T12:59:06.000Z,https://esa-worldcover.s3.eu-central-1.amazonaws.com/v200/2021/map/ESA_WorldCover_10m_2021_v200_N60W147_Map.tif
v200/2021/map/ESA_WorldCover_10m_2021_v200_N60W150_Map.tif,69729056,e961e364edb382328389d52c98d79621-9,2022-10-26T13:01:37.000Z,https://esa-worldcover.s3.eu-central-1.amazonaws.com/v200/2021/map/ESA_WorldCover_10m_2021_v200_N60W150_Map.tif
v200/2021/map/ESA_WorldCover_10m_2021_v200_N60W153_Map.tif,68051016,7d812d5c3dea275f6fdf80095da11473-9,2022-10-26T12:58:26.000Z,https://esa-worldcover.s3.eu-central-1.amazonaws.com/v200/2021/map/ESA_WorldCover_10m_2021_v200_N60W153_Map.tif
v200/2021/map/ESA_WorldCover_10m_2021_v200_N60W156_Map.tif,83003456,ee811ef3b4b066bb466f132b7be71cf0-10,2022-10-26T12:58:02.000Z,https://esa-worldcover.s3.eu-central-1.amazonaws.com/v200/2021/map/ESA_WorldCover_10m_2021_v200_N60W156_Map.tif
v200/2021/map/ESA_WorldCover_10m_2021_v200_N60W159_Map.tif,62398387,ba5a4a0d4f6002a8bf84b51dfdf5fe1c-8,2022-10-26T12:58:46.000Z,https://esa-worldcover.s3.eu-central-1.amazonaws.com/v200/2021/map/ESA_WorldCover_10m_2021_v200_N60W159_Map.tif
v200/2021/map/ESA_WorldCover_10m_2021_v200_N60W162_Map.tif,81514995,de3fe5cb985ed24d46b16733c7bec071-10,2022-10-26T12:57:06.000Z,https://esa-worldcover.s3.eu-central-1.amazonaws.com/v200/2021/map/ESA_WorldCover_10m_2021_v200_N60W162_Map.tif
v200/2021/map/ESA_WorldCover_10m_2021_v200_N60W165_Map.tif,96944963,fefc45fb33c21b777e95e16c39720c86-12,2022-10-26T12:59:35.000Z,https://esa-worldcover.s3.eu-central-1.amazonaws.com/v200/2021/map/ESA_WorldCover_10m_2021_v200_N60W165_Map.tif
v200/2021/map/ESA_WorldCover_10m_2021_v200_N60W168_Map.tif,15970981,fa1aa1aaf33041cbab11cdaa78527b32-2,2022-10-26T12:55:54.000Z,https://esa-worldcover.s3.eu-central-1.amazonaws.com/v200/2021/map/ESA_WorldCover_10m_2021_v200_N60W168_Map.tif
v200/2021/map/ESA_WorldCover_10m_2021_v200_N60W171_Map.tif,2083733,772673f17edf3b7c37fec20cf3e07aac,2022-10-26T12:49:05.000Z,https://esa-worldcover.s3.eu-central-1.amazonaws.com/v200/2021/map/ESA_WorldCover_10m_2021_v200_N60W171_Map.tif
v200/2021/map/ESA_WorldCover_10m_2021_v200_N60W174_Map.tif,2453827,f7db54ec4b888d1a68772141537d110e,2022-10-26T12:49:41.000Z,https://esa-worldcover.s3.eu-central-1.amazonaws.com/v200/2021/map/ESA_WorldCover_10m_2021_v200_N60W174_Map.tif
v200/2021/map/ESA_WorldCover_10m_2021_v200_N63E006_Map.tif,6617286,36fefb15c10c6da6d7b97fc9fc60543c,2022-10-26T12:53:32.000Z,https://esa-worldcover.s3.eu-central-1.amazonaws.com/v200/2021/map/ESA_WorldCover_10m_2021_v200_N63E006_Map.tif
v200/2021/map/ESA_WorldCover_10m_2021_v200_N63E009_Map.tif,34496894,ea93fddbcf0a27b6f1d5467453e70e91-5,2022-10-26T13:02:19.000Z,https://esa-worldcover.s3.eu-central-1.amazonaws.com/v200/2021/map/ESA_WorldCover_10m_2021_v200_N63E009_Map.tif
v200/2021/map/ESA_WorldCover_10m_2021_v200_N63E012_Map.tif,77157022,4935f2b472f40cbf3b8f5c968526c279-10,2022-10-26T13:05:09.000Z,https://esa-worldcover.s3.eu-central-1.amazonaws.com/v200/2021/map/ESA_WorldCover_10m_2021_v200_N63E012_Map.tif
v200/2021/map/ESA_WorldCover_10m_2021_v200_N63E015_Map.tif,56445231,50aca81bc36cbcdcf2a926dee60b414c-7,2022-10-26T13:03:42.000Z,https://esa-worldcover.s3.eu-central-1.amazonaws.com/v200/2021/map/ESA_WorldCover_10m_2021_v200_N63E015_Map.tif
v200/2021/map/ESA_WorldCover_10m_2021_v200_N63E018_Map.tif,50862479,9ac3e548180fde7892cb68e964292a33-7,2022-10-26T13:03:45.000Z,https://esa-worldcover.s3.eu-central-1.amazonaws.com/v200/2021/map/ESA_WorldCover_10m_2021_v200_N63E018_Map.tif
v200/2021/map/ESA_WorldCover_10m_2021_v200_N63E021_Map.tif,29208108,85cf1a099ddb9ccc373df7b23245ef7d-4,2022-10-26T12:57:56.000Z,https://esa-worldcover.s3.eu-central-1.amazonaws.com/v200/2021/map/ESA_WorldCover_10m_2021_v200_N63E021_Map.tif
v200/2021/map/ESA_WorldCover_10m_2021_v200_N63E024_Map.tif,50191910,6109e27825f2a7baf31225b9bc98abd9-6,2022-10-26T13:05:53.000Z,https://esa-worldcover.s3.eu-central-1.amazonaws.com/v200/2021/map/ESA_WorldCover_10m_2021_v200_N63E024_Map.tif
v200/2021/map/ESA_WorldCover_10m_2021_v200_N63E027_Map.tif,49557111,db9fe4b04e534b70ceffe049e921b40a-6,2022-10-26T13:03:02.000Z,https://esa-worldcover.s3.eu-central-1.amazonaws.com/v200/2021/map/ESA_WorldCover_10m_2021_v200_N63E027_Map.tif
v200/2021/map/ESA_WorldCover_10m_2021_v200_N63E030_Map.tif,49731032,edfa86fa365cc107b97ee0e092b72487-6,2022-10-26T13:03:14.000Z,https://esa-worldcover.s3.eu-central-1.amazonaws.com/v200/2021/map/ESA_WorldCover_10m_2021_v200_N63E030_Map.tif
v200/2021/map/ESA_WorldCover_10m_2021_v200_N63E033_Map.tif,46570886,0c1188a2a32b456c18fae9b5a4d9ced8-6,2022-10-26T12:59:50.000Z,https://esa-worldcover.s3.eu-central-1.amazonaws.com/v200/2021/map/ESA_WorldCover_10m_2021_v200_N63E033_Map.tif
v200/2021/map/ESA_WorldCover_10m_2021_v200_N63E036_Map.tif,26531768,28ccf8f1a2bfa57c8a1f1ffc59b6a943-4,2022-10-26T13:02:17.000Z,https://esa-worldcover.s3.eu-central-1.amazonaws.com/v200/2021/map/ESA_WorldCover_10m_2021_v200_N63E036_Map.tif
v200/2021/map/ESA_WorldCover_10m_2021_v200_N63E039_Map.tif,41408147,2d7a7b4fe380fc9a5b6b605094adc323-5,2022-10-26T13:03:37.000Z,https://esa-worldcover.s3.eu-central-1.amazonaws.com/v200/2021/map/ESA_WorldCover_10m_2021_v200_N63E039_Map.tif
v200/2021/map/ESA_WorldCover_10m_2021_v200_N63E042_Map.tif,39825123,46346a815a7279f2a9e3d38640435761-5,2022-10-26T12:59:18.000Z,https://esa-worldcover.s3.eu-central-1.amazonaws.com/v200/2021/map/ESA_WorldCover_10m_2021_v200_N63E042_Map.tif
v200/2021/map/ESA_WorldCover_10m_2021_v200_N63E045_Map.tif,32872605,e058564a0040119599a08f2ae53df61f-4,2022-10-26T12:57:47.000Z,https://esa-worldcover.s3.eu-central-1.amazonaws.com/v200/2021/map/ESA_WorldCover_10m_2021_v200_N63E045_Map.tif
v200/2021/map/ESA_WorldCover_10m_2021_v200_N63E048_Map.tif,31157373,c28108c6d9fd33dc4d66fc5c188066c7-4,2022-10-26T12:58:49.000Z,https://esa-worldcover.s3.eu-central-1.amazonaws.com/v200/2021/map/ESA_WorldCover_10m_2021_v200_N63E048_Map.tif
v200/2021/map/ESA_WorldCover_10m_2021_v200_N63E051_Map.tif,27522924,c8f02d05f18885eb39667ae92bda1f98-4,2022-10-26T13:03:11.000Z,https://esa-worldcover.s3.eu-central-1.amazonaws.com/v200/2021/map/ESA_WorldCover_10m_2021_v200_N63E051_Map.tif
v200/2021/map/ESA_WorldCover_10m_2021_v200_N63E054_Map.tif,34116810,5b1a21d3f6a0b6a5e26ef0f98bca53cf-5,2022-10-26T12:58:48.000Z,https://esa-worldcover.s3.eu-central-1.amazonaws.com/v200/2021/map/ESA_WorldCover_10m_2021_v200_N63E054_Map.tif
v200/2021/map/ESA_WorldCover_10m_2021_v200_N63E057_Map.tif,40422312,fafe2f5004c190a22d87be9ac3e9808f-5,2022-10-26T13:03:35.000Z,https://esa-worldcover.s3.eu-central-1.amazonaws.com/v200/2021/map/ESA_WorldCover_10m_2021_v200_N63E057_Map.tif
v200/2021/map/ESA_WorldCover_10m_2021_v200_N63E060_Map.tif,52609648,5ed2a6e6292939f92bf79ad964300d93-7,2022-10-26T13:04:46.000Z,https://esa-worldcover.s3.eu-central-1.amazonaws.com/v200/2021/map/ESA_WorldCover_10m_2021_v200_N63E060_Map.tif
v200/2021/map/ESA_WorldCover_10m_2021_v200_N63E063_Map.tif,70354096,805659357b18ef3e3e70da48d267d550-9,2022-10-26T13:04:21.000Z,https://esa-worldcover.s3.eu-central-1.amazonaws.com/v200/2021/map/ESA_WorldCover_10m_2021_v200_N63E063_Map.tif
v200/2021/map/ESA_WorldCover_10m_2021_v200_N63E066_Map.tif,70369991,dec0490c9bfb241db89a07f8b2ac80b9-9,2022-10-26T13:04:01.000Z,https://esa-worldcover.s3.eu-central-1.amazonaws.com/v200/2021/map/ESA_WorldCover_10m_2021_v200_N63E066_Map.tif
v200/2021/map/ESA_WorldCover_10m_2021_v200_N63E069_Map.tif,87709608,5c17b6417d84149f4e3fa8b265cb7234-11,2022-10-26T13:00:11.000Z,https://esa-worldcover.s3.eu-central-1.amazonaws.com/v200/2021/map/ESA_WorldCover_10m_2021_v200_N63E069_Map.tif
v200/2021/map/ESA_WorldCover_10m_2021_v200_N63E072_Map.tif,78476463,719342a5d392edf29581f5f350a3710c-10,2022-10-26T13:05:19.000Z,https://esa-worldcover.s3.eu-central-1.amazonaws.com/v200/2021/map/ESA_WorldCover_10m_2021_v200_N63E072_Map.tif
v200/2021/map/ESA_WorldCover_10m_2021_v200_N63E075_Map.tif,71721982,053c9e2e395d268df648de4165ebd464-9,2022-10-26T13:03:15.000Z,https://esa-worldcover.s3.eu-central-1.amazonaws.com/v200/2021/map/ESA_WorldCover_10m_2021_v200_N63E075_Map.tif
v200/2021/map/ESA_WorldCover_10m_2021_v200_N63E078_Map.tif,84361022,644663098e03b6a620d3ed06c04c3074-11,2022-10-26T13:01:57.000Z,https://esa-worldcover.s3.eu-central-1.amazonaws.com/v200/2021/map/ESA_WorldCover_10m_2021_v200_N63E078_Map.tif
v200/2021/map/ESA_WorldCover_10m_2021_v200_N63E081_Map.tif,59139601,8eae7ec9b39c54358fad0ced4b7da6be-8,2022-10-26T13:02:58.000Z,https://esa-worldcover.s3.eu-central-1.amazonaws.com/v200/2021/map/ESA_WorldCover_10m_2021_v200_N63E081_Map.tif
v200/2021/map/ESA_WorldCover_10m_2021_v200_N63E084_Map.tif,50313441,bcc60448b49663b0c0faaf4d8afc9963-6,2022-10-26T13:05:27.000Z,https://esa-worldcover.s3.eu-central-1.amazonaws.com/v200/2021/map/ESA_WorldCover_10m_2021_v200_N63E084_Map.tif
v200/2021/map/ESA_WorldCover_10m_2021_v200_N63E087_Map.tif,33807880,6e6789948ce7da86c5b25aa550741ec3-5,2022-10-26T13:01:40.000Z,https://esa-worldcover.s3.eu-central-1.amazonaws.com/v200/2021/map/ESA_WorldCover_10m_2021_v200_N63E087_Map.tif
v200/2021/map/ESA_WorldCover_10m_2021_v200_N63E090_Map.tif,34914867,5003b44b70f948414a01279ed11c5266-5,2022-10-26T13:04:35.000Z,https://esa-worldcover.s3.eu-central-1.amazonaws.com/v200/2021/map/ESA_WorldCover_10m_2021_v200_N63E090_Map.tif
v200/2021/map/ESA_WorldCover_10m_2021_v200_N63E093_Map.tif,31806837,9bd487ff221e3cf55c2b7be07db58255-4,2022-10-26T13:05:32.000Z,https://esa-worldcover.s3.eu-central-1.amazonaws.com/v200/2021/map/ESA_WorldCover_10m_2021_v200_N63E093_Map.tif
v200/2021/map/ESA_WorldCover_10m_2021_v200_N63E096_Map.tif,25692753,fc50e47b067f70c6d026ceaf69e6537f-4,2022-10-26T13:04:25.000Z,https://esa-worldcover.s3.eu-central-1.amazonaws.com/v200/2021/map/ESA_WorldCover_10m_2021_v200_N63E096_Map.tif
v200/2021/map/ESA_WorldCover_10m_2021_v200_N63E099_Map.tif,23193672,331528d5253964578b874ba4f3472c76-3,2022-10-26T13:03:26.000Z,https://esa-worldcover.s3.eu-central-1.amazonaws.com/v200/2021/map/ESA_WorldCover_10m_2021_v200_N63E099_Map.tif
v200/2021/map/ESA_WorldCover_10m_2021_v200_N63E102_Map.tif,36741505,992f267d1d5e05384b94934945676599-5,2022-10-26T13:05:02.000Z,https://esa-worldcover.s3.eu-central-1.amazonaws.com/v200/2021/map/ESA_WorldCover_10m_2021_v200_N63E102_Map.tif
v200/2021/map/ESA_WorldCover_10m_2021_v200_N63E105_Map.tif,32009973,68040c84901795665c3ca0e29373db3b-4,2022-10-26T13:02:19.000Z,https://esa-worldcover.s3.eu-central-1.amazonaws.com/v200/2021/map/ESA_WorldCover_10m_2021_v200_N63E105_Map.tif
v200/2021/map/ESA_WorldCover_10m_2021_v200_N63E108_Map.tif,34856524,6f8e558e9c501c5136c7cbfa28d3dbf4-5,2022-10-26T13:01:43.000Z,https://esa-worldcover.s3.eu-central-1.amazonaws.com/v200/2021/map/ESA_WorldCover_10m_2021_v200_N63E108_Map.tif
v200/2021/map/ESA_WorldCover_10m_2021_v200_N63E111_Map.tif,35397640,b1e9ee6891a51a901499115422149b1e-5,2022-10-26T13:05:01.000Z,https://esa-worldcover.s3.eu-central-1.amazonaws.com/v200/2021/map/ESA_WorldCover_10m_2021_v200_N63E111_Map.tif
v200/2021/map/ESA_WorldCover_10m_2021_v200_N63E114_Map.tif,23601357,19168558fa9c170df6de9a726fcb046e-3,2022-10-26T12:59:37.000Z,https://esa-worldcover.s3.eu-central-1.amazonaws.com/v200/2021/map/ESA_WorldCover_10m_2021_v200_N63E114_Map.tif
v200/2021/map/ESA_WorldCover_10m_2021_v200_N63E117_Map.tif,37535666,ce52ee22b9532396756f4de4d5a93eb6-5,2022-10-26T13:00:56.000Z,https://esa-worldcover.s3.eu-central-1.amazonaws.com/v200/2021/map/ESA_WorldCover_10m_2021_v200_N63E117_Map.tif
v200/2021/map/ESA_WorldCover_10m_2021_v200_N63E120_Map.tif,60505023,aa5fb23dfa77b067f21d0e96e762c4cc-8,2022-10-26T13:06:02.000Z,https://esa-worldcover.s3.eu-central-1.amazonaws.com/v200/2021/map/ESA_WorldCover_10m_2021_v200_N63E120_Map.tif
v200/2021/map/ESA_WorldCover_10m_2021_v200_N63E123_Map.tif,66623935,0775157f2e06713adea0cad3997a3e5c-8,2022-10-26T13:04:29.000Z,https://esa-worldcover.s3.eu-central-1.amazonaws.com/v200/2021/map/ESA_WorldCover_10m_2021_v200_N63E123_Map.tif
v200/2021/map/ESA_WorldCover_10m_2021_v200_N63E126_Map.tif,63819755,cebbdd8562a28e4636db02d0ee550895-8,2022-10-26T13:05:54.000Z,https://esa-worldcover.s3.eu-central-1.amazonaws.com/v200/2021/map/ESA_WorldCover_10m_2021_v200_N63E126_Map.tif
v200/2021/map/ESA_WorldCover_10m_2021_v200_N63E129_Map.tif,77902160,8c7bc5f6da63e2d3ee0533e7158e1b58-10,2022-10-26T13:04:34.000Z,https://esa-worldcover.s3.eu-central-1.amazonaws.com/v200/2021/map/ESA_WorldCover_10m_2021_v200_N63E129_Map.tif
v200/2021/map/ESA_WorldCover_10m_2021_v200_N63E132_Map.tif,87350627,7569c42314dc8cf2b6664ff87297216e-11,2022-10-26T13:05:29.000Z,https://esa-worldcover.s3.eu-central-1.amazonaws.com/v200/2021/map/ESA_WorldCover_10m_2021_v200_N63E132_Map.tif
v200/2021/map/ESA_WorldCover_10m_2021_v200_N63E135_Map.tif,102471455,3f53d91727eff12596a0b821c3fbd0bb-13,2022-10-26T13:00:12.000Z,https://esa-worldcover.s3.eu-central-1.amazonaws.com/v200/2021/map/ESA_WorldCover_10m_2021_v200_N63E135_Map.tif
v200/2021/map/ESA_WorldCover_10m_2021_v200_N63E138_Map.tif,108408967,50d340917ebc6047f1710454c9d4e421-13,2022-10-26T13:04:44.000Z,https://esa-worldcover.s3.eu-central-1.amazonaws.com/v200/2021/map/ESA_WorldCover_10m_2021_v200_N63E138_Map.tif
v200/2021/map/ESA_WorldCover_10m_2021_v200_N63E141_Map.tif,91475121,c9fa1ad776bd914abe150d7539b8f807-11,2022-10-26T13:03:49.000Z,https://esa-worldcover.s3.eu-central-1.amazonaws.com/v200/2021/map/ESA_WorldCover_10m_2021_v200_N63E141_Map.tif
v200/2021/map/ESA_WorldCover_10m_2021_v200_N63E144_Map.tif,97344449,176634256b7df5e3330f05fd73dccbaa-12,2022-10-26T13:05:26.000Z,https://esa-worldcover.s3.eu-central-1.amazonaws.com/v200/2021/map/ESA_WorldCover_10m_2021_v200_N63E144_Map.tif
v200/2021/map/ESA_WorldCover_10m_2021_v200_N63E147_Map.tif,101707010,3376db797d43cae536237dcf7ce2d8ee-13,2022-10-26T13:04:08.000Z,https://esa-worldcover.s3.eu-central-1.amazonaws.com/v200/2021/map/ESA_WorldCover_10m_2021_v200_N63E147_Map.tif
v200/2021/map/ESA_WorldCover_10m_2021_v200_N63E150_Map.tif,82113816,55232218d86405b2d90da4f19ae2cfd3-10,2022-10-26T13:05:18.000Z,https://esa-worldcover.s3.eu-central-1.amazonaws.com/v200/2021/map/ESA_WorldCover_10m_2021_v200_N63E150_Map.tif
v200/2021/map/ESA_WorldCover_10m_2021_v200_N63E153_Map.tif,71073773,2e6526ffa3a81c787910dbfe5b4d5155-9,2022-10-26T12:59:27.000Z,https://esa-worldcover.s3.eu-central-1.amazonaws.com/v200/2021/map/ESA_WorldCover_10m_2021_v200_N63E153_Map.tif
v200/2021/map/ESA_WorldCover_10m_2021_v200_N63E156_Map.tif,86609402,b8ad62f06ade03dde1a832ecf6cff041-11,2022-10-26T13:04:59.000Z,https://esa-worldcover.s3.eu-central-1.amazonaws.com/v200/2021/map/ESA_WorldCover_10m_2021_v200_N63E156_Map.tif
v200/2021/map/ESA_WorldCover_10m_2021_v200_N63E159_Map.tif,93360639,180bfa4dcd4410048832b15353f84136-12,2022-10-26T13:05:10.000Z,https://esa-worldcover.s3.eu-central-1.amazonaws.com/v200/2021/map/ESA_WorldCover_10m_2021_v200_N63E159_Map.tif
v200/2021/map/ESA_WorldCover_10m_2021_v200_N63E162_Map.tif,93019681,59527882f45e579aede117701f79dd2f-12,2022-10-26T13:04:21.000Z,https://esa-worldcover.s3.eu-central-1.amazonaws.com/v200/2021/map/ESA_WorldCover_10m_2021_v200_N63E162_Map.tif
v200/2021/map/ESA_WorldCover_10m_2021_v200_N63E165_Map.tif,86767838,470cd90ea91dc09c8d83faef1c37b3e8-11,2022-10-26T13:02:48.000Z,https://esa-worldcover.s3.eu-central-1.amazonaws.com/v200/2021/map/ESA_WorldCover_10m_2021_v200_N63E165_Map.tif
v200/2021/map/ESA_WorldCover_10m_2021_v200_N63E168_Map.tif,79495042,fd314955c069a2a87411abc896805b46-10,2022-10-26T13:05:40.000Z,https://esa-worldcover.s3.eu-central-1.amazonaws.com/v200/2021/map/ESA_WorldCover_10m_2021_v200_N63E168_Map.tif
v200/2021/map/ESA_WorldCover_10m_2021_v200_N63E171_Map.tif,78889278,1c174cae752ed1bc64dae8a84dbd019d-10,2022-10-26T13:01:13.000Z,https://esa-worldcover.s3.eu-central-1.amazonaws.com/v200/2021/map/ESA_WorldCover_10m_2021_v200_N63E171_Map.tif
v200/2021/map/ESA_WorldCover_10m_2021_v200_N63E174_Map.tif,77410023,13fbbb0d668f1c55ce48437ed8da0f17-10,2022-10-26T13:05:14.000Z,https://esa-worldcover.s3.eu-central-1.amazonaws.com/v200/2021/map/ESA_WorldCover_10m_2021_v200_N63E174_Map.tif
v200/2021/map/ESA_WorldCover_10m_2021_v200_N63E177_Map.tif,56131242,94bcadc3538817be90a351d05b869aa5-7,2022-10-26T13:04:05.000Z,https://esa-worldcover.s3.eu-central-1.amazonaws.com/v200/2021/map/ESA_WorldCover_10m_2021_v200_N63E177_Map.tif
v200/2021/map/ESA_WorldCover_10m_2021_v200_N63W015_Map.tif,18620082,671e4f083bcd127c431e5e817e9c976f-3,2022-10-26T12:52:08.000Z,https://esa-worldcover.s3.eu-central-1.amazonaws.com/v200/2021/map/ESA_WorldCover_10m_2021_v200_N63W015_Map.tif
v200/2021/map/ESA_WorldCover_10m_2021_v200_N63W018_Map.tif,38079044,042d6956a4963f356b4b6dddb0316e80-5,2022-10-26T13:03:03.000Z,https://esa-worldcover.s3.eu-central-1.amazonaws.com/v200/2021/map/ESA_WorldCover_10m_2021_v200_N63W018_Map.tif
v200/2021/map/ESA_WorldCover_10m_2021_v200_N63W021_Map.tif,58178203,868ed2a44d99bc5704f955fc64721640-7,2022-10-26T12:59:45.000Z,https://esa-worldcover.s3.eu-central-1.amazonaws.com/v200/2021/map/ESA_WorldCover_10m_2021_v200_N63W021_Map.tif
v200/2021/map/ESA_WorldCover_10m_2021_v200_N63W024_Map.tif,36808962,58c5c4117afd2fab9ba20b9effad1a5a-5,2022-10-26T12:59:24.000Z,https://esa-worldcover.s3.eu-central-1.amazonaws.com/v200/2021/map/ESA_WorldCover_10m_2021_v200_N63W024_Map.tif
v200/2021/map/ESA_WorldCover_10m_2021_v200_N63W027_Map.tif,2764913,d653f72134f276cda3fbb3cf03b79891,2022-10-26T12:50:40.000Z,https://esa-worldcover.s3.eu-central-1.amazonaws.com/v200/2021/map/ESA_WorldCover_10m_2021_v200_N63W027_Map.tif
v200/2021/map/ESA_WorldCover_10m_2021_v200_N63W036_Map.tif,1990737,a6298b862136ac2f39443bb05fd72daa,2022-10-26T12:50:51.000Z,https://esa-worldcover.s3.eu-central-1.amazonaws.com/v200/2021/map/ESA_WorldCover_10m_2021_v200_N63W036_Map.tif
v200/2021/map/ESA_WorldCover_10m_2021_v200_N63W039_Map.tif,9600925,3b3762134dd9eb19680c7b30a8c582ef-2,2022-10-26T12:50:42.000Z,https://esa-worldcover.s3.eu-central-1.amazonaws.com/v200/2021/map/ESA_WorldCover_10m_2021_v200_N63W039_Map.tif
v200/2021/map/ESA_WorldCover_10m_2021_v200_N63W042_Map.tif,12834072,57235bfbdc2c328c963956b3d746ddd4-2,2022-10-26T12:58:02.000Z,https://esa-worldcover.s3.eu-central-1.amazonaws.com/v200/2021/map/ESA_WorldCover_10m_2021_v200_N63W042_Map.tif
v200/2021/map/ESA_WorldCover_10m_2021_v200_N63W045_Map.tif,4101517,63c84316e77f6b7df7595bf38b6837a6,2022-10-26T13:02:51.000Z,https://esa-worldcover.s3.eu-central-1.amazonaws.com/v200/2021/map/ESA_WorldCover_10m_2021_v200_N63W045_Map.tif
v200/2021/map/ESA_WorldCover_10m_2021_v200_N63W048_Map.tif,2110191,e1d11a99149134eb4903d35d9f32677b,2022-10-26T13:02:40.000Z,https://esa-worldcover.s3.eu-central-1.amazonaws.com/v200/2021/map/ESA_WorldCover_10m_2021_v200_N63W048_Map.tif
v200/2021/map/ESA_WorldCover_10m_2021_v200_N63W051_Map.tif,36941944,7425747aa5985bcbeb421e2e2bda1966-5,2022-10-26T13:02:39.000Z,https://esa-worldcover.s3.eu-central-1.amazonaws.com/v200/2021/map/ESA_WorldCover_10m_2021_v200_N63W051_Map.tif
v200/2021/map/ESA_WorldCover_10m_2021_v200_N63W054_Map.tif,39026213,d88aa3df352dcecf40a64ec0894594f3-5,2022-10-26T12:56:28.000Z,https://esa-worldcover.s3.eu-central-1.amazonaws.com/v200/2021/map/ESA_WorldCover_10m_2021_v200_N63W054_Map.tif
v200/2021/map/ESA_WorldCover_10m_2021_v200_N63W063_Map.tif,4860678,3ba97373c0a93ea2e008dfa6049e5eb8,2022-10-26T12:50:50.000Z,https://esa-worldcover.s3.eu-central-1.amazonaws.com/v200/2021/map/ESA_WorldCover_10m_2021_v200_N63W063_Map.tif
v200/2021/map/ESA_WorldCover_10m_2021_v200_N63W066_Map.tif,46003073,97ff0a2ca658966a0134a9c62cd3348a-6,2022-10-26T13:02:32.000Z,https://esa-worldcover.s3.eu-central-1.amazonaws.com/v200/2021/map/ESA_WorldCover_10m_2021_v200_N63W066_Map.tif
v200/2021/map/ESA_WorldCover_10m_2021_v200_N63W069_Map.tif,83613350,a47370f0564c2b715d048159ac715ad4-10,2022-10-26T12:58:42.000Z,https://esa-worldcover.s3.eu-central-1.amazonaws.com/v200/2021/map/ESA_WorldCover_10m_2021_v200_N63W069_Map.tif
v200/2021/map/ESA_WorldCover_10m_2021_v200_N63W072_Map.tif,93828715,4e7525dab660edab6cee3c0b19eb2533-12,2022-10-26T13:04:08.000Z,https://esa-worldcover.s3.eu-central-1.amazonaws.com/v200/2021/map/ESA_WorldCover_10m_2021_v200_N63W072_Map.tif
v200/2021/map/ESA_WorldCover_10m_2021_v200_N63W075_Map.tif,66857802,308d259213f88f71aede287011378609-8,2022-10-26T13:01:10.000Z,https://esa-worldcover.s3.eu-central-1.amazonaws.com/v200/2021/map/ESA_WorldCover_10m_2021_v200_N63W075_Map.tif
v200/2021/map/ESA_WorldCover_10m_2021_v200_N63W078_Map.tif,46349866,b69a4c4706735226aaa2376dea830024-6,2022-10-26T12:57:33.000Z,https://esa-worldcover.s3.eu-central-1.amazonaws.com/v200/2021/map/ESA_WorldCover_10m_2021_v200_N63W078_Map.tif
v200/2021/map/ESA_WorldCover_10m_2021_v200_N63W081_Map.tif,8166974,d27f1a0206284e53da0af6e9ef91c91a,2022-10-26T12:57:26.000Z,https://esa-worldcover.s3.eu-central-1.amazonaws.com/v200/2021/map/ESA_WorldCover_10m_2021_v200_N63W081_Map.tif
v200/2021/map/ESA_WorldCover_10m_2021_v200_N63W084_Map.tif,35399561,0faeb69b532535b26445658f14276eaf-5,2022-10-26T12:57:39.000Z,https://esa-worldcover.s3.eu-central-1.amazonaws.com/v200/2021/map/ESA_WorldCover_10m_2021_v200_N63W084_Map.tif
v200/2021/map/ESA_WorldCover_10m_2021_v200_N63W087_Map.tif,62099943,93196172eb8266493a17f3f1cc47c229-8,2022-10-26T13:02:51.000Z,https://esa-worldcover.s3.eu-central-1.amazonaws.com/v200/2021/map/ESA_WorldCover_10m_2021_v200_N63W087_Map.tif
v200/2021/map/ESA_WorldCover_10m_2021_v200_N63W090_Map.tif,55306117,4a0172ed8d3959a94a41aa918b6b12ef-7,2022-10-26T13:01:35.000Z,https://esa-worldcover.s3.eu-central-1.amazonaws.com/v200/2021/map/ESA_WorldCover_10m_2021_v200_N63W090_Map.tif
v200/2021/map/ESA_WorldCover_10m_2021_v200_N63W093_Map.tif,102355136,c09181551c488319907a7ee5aa063998-13,2022-10-26T13:02:30.000Z,https://esa-worldcover.s3.eu-central-1.amazonaws.com/v200/2021/map/ESA_WorldCover_10m_2021_v200_N63W093_Map.tif
v200/2021/map/ESA_WorldCover_10m_2021_v200_N63W096_Map.tif,98270821,90833a6895ac28663218e5368aa77498-12,2022-10-26T13:05:35.000Z,https://esa-worldcover.s3.eu-central-1.amazonaws.com/v200/2021/map/ESA_WorldCover_10m_2021_v200_N63W096_Map.tif
v200/2021/map/ESA_WorldCover_10m_2021_v200_N63W099_Map.tif,78628898,f295193ebacaaaa99098090e5405dc2f-10,2022-10-26T13:03:44.000Z,https://esa-worldcover.s3.eu-central-1.amazonaws.com/v200/2021/map/ESA_WorldCover_10m_2021_v200_N63W099_Map.tif
v200/2021/map/ESA_WorldCover_10m_2021_v200_N63W102_Map.tif,77631026,ae5ea1700cdf58dee362ac8324e5c13d-10,2022-10-26T13:00:31.000Z,https://esa-worldcover.s3.eu-central-1.amazonaws.com/v200/2021/map/ESA_WorldCover_10m_2021_v200_N63W102_Map.tif
v200/2021/map/ESA_WorldCover_10m_2021_v200_N63W105_Map.tif,95624797,f9c1be8bfa60372fd880bf8f2423c40b-12,2022-10-26T13:02:47.000Z,https://esa-worldcover.s3.eu-central-1.amazonaws.com/v200/2021/map/ESA_WorldCover_10m_2021_v200_N63W105_Map.tif
v200/2021/map/ESA_WorldCover_10m_2021_v200_N63W108_Map.tif,95084097,e396a4fc3b3433f1238b53e506a4c70e-12,2022-10-26T13:00:02.000Z,https://esa-worldcover.s3.eu-central-1.amazonaws.com/v200/2021/map/ESA_WorldCover_10m_2021_v200_N63W108_Map.tif
v200/2021/map/ESA_WorldCover_10m_2021_v200_N63W111_Map.tif,72978587,8e4658f76c9727c53e34c94fb2a6fd7b-9,2022-10-26T13:04:52.000Z,https://esa-worldcover.s3.eu-central-1.amazonaws.com/v200/2021/map/ESA_WorldCover_10m_2021_v200_N63W111_Map.tif
v200/2021/map/ESA_WorldCover_10m_2021_v200_N63W114_Map.tif,86708502,4baa93bdff1ee3a468d0f245936ccfb7-11,2022-10-26T13:05:26.000Z,https://esa-worldcover.s3.eu-central-1.amazonaws.com/v200/2021/map/ESA_WorldCover_10m_2021_v200_N63W114_Map.tif
v200/2021/map/ESA_WorldCover_10m_2021_v200_N63W117_Map.tif,105958608,fb516d24d40226d465681ebb0dafc87e-13,2022-10-26T13:03:24.000Z,https://esa-worldcover.s3.eu-central-1.amazonaws.com/v200/2021/map/ESA_WorldCover_10m_2021_v200_N63W117_Map.tif
v200/2021/map/ESA_WorldCover_10m_2021_v200_N63W120_Map.tif,85545448,f97b2465f6b9287dc5d61dedf05eef0a-11,2022-10-26T13:03:25.000Z,https://esa-worldcover.s3.eu-central-1.amazonaws.com/v200/2021/map/ESA_WorldCover_10m_2021_v200_N63W120_Map.tif
v200/2021/map/ESA_WorldCover_10m_2021_v200_N63W123_Map.tif,71774994,b74cf52395c51b6b57ea99e79721dfe4-9,2022-10-26T13:06:10.000Z,https://esa-worldcover.s3.eu-central-1.amazonaws.com/v200/2021/map/ESA_WorldCover_10m_2021_v200_N63W123_Map.tif
v200/2021/map/ESA_WorldCover_10m_2021_v200_N63W126_Map.tif,93424711,3670d4fe7d43270ae3fd795c626ee302-12,2022-10-26T13:04:52.000Z,https://esa-worldcover.s3.eu-central-1.amazonaws.com/v200/2021/map/ESA_WorldCover_10m_2021_v200_N63W126_Map.tif
v200/2021/map/ESA_WorldCover_10m_2021_v200_N63W129_Map.tif,100804893,666233c0094c9c52fc72ed42f5ed7896-13,2022-10-26T13:00:28.000Z,https://esa-worldcover.s3.eu-central-1.amazonaws.com/v200/2021/map/ESA_WorldCover_10m_2021_v200_N63W129_Map.tif
v200/2021/map/ESA_WorldCover_10m_2021_v200_N63W132_Map.tif,109977317,e19a3a1776cf35eda40e605cdc69a161-14,2022-10-26T13:05:39.000Z,https://esa-worldcover.s3.eu-central-1.amazonaws.com/v200/2021/map/ESA_WorldCover_10m_2021_v200_N63W132_Map.tif
v200/2021/map/ESA_WorldCover_10m_2021_v200_N63W135_Map.tif,84493128,75f45d410f9b5e840655dfc0c7104999-11,2022-10-26T12:58:40.000Z,https://esa-worldcover.s3.eu-central-1.amazonaws.com/v200/2021/map/ESA_WorldCover_10m_2021_v200_N63W135_Map.tif
v200/2021/map/ESA_WorldCover_10m_2021_v200_N63W138_Map.tif,73932302,c64ef80832d611adb2eead4391a2988e-9,2022-10-26T13:05:23.000Z,https://esa-worldcover.s3.eu-central-1.amazonaws.com/v200/2021/map/ESA_WorldCover_10m_2021_v200_N63W138_Map.tif
v200/2021/map/ESA_WorldCover_10m_2021_v200_N63W141_Map.tif,68819974,3c6741db4b0de9df5c67567fee916b1c-9,2022-10-26T13:03:50.000Z,https://esa-worldcover.s3.eu-central-1.amazonaws.com/v200/2021/map/ESA_WorldCover_10m_2021_v200_N63W141_Map.tif
v200/2021/map/ESA_WorldCover_10m_2021_v200_N63W144_Map.tif,67194092,5f87b15983942e14a7df12a60caa848a-9,2022-10-26T13:04:44.000Z,https://esa-worldcover.s3.eu-central-1.amazonaws.com/v200/2021/map/ESA_WorldCover_10m_2021_v200_N63W144_Map.tif
v200/2021/map/ESA_WorldCover_10m_2021_v200_N63W147_Map.tif,65333278,69258b08b4aab474b0e8f8deef21156d-8,2022-10-26T13:03:53.000Z,https://esa-worldcover.s3.eu-central-1.amazonaws.com/v200/2021/map/ESA_WorldCover_10m_2021_v200_N63W147_Map.tif
v200/2021/map/ESA_WorldCover_10m_2021_v200_N63W150_Map.tif,68264315,c484bc6e8d17b1f397691b2a5e973661-9,2022-10-26T13:00:39.000Z,https://esa-worldcover.s3.eu-central-1.amazonaws.com/v200/2021/map/ESA_WorldCover_10m_2021_v200_N63W150_Map.tif
v200/2021/map/ESA_WorldCover_10m_2021_v200_N63W153_Map.tif,68894402,66d20a9e4b441d54334b9ca47afcaced-9,2022-10-26T12:58:13.000Z,https://esa-worldcover.s3.eu-central-1.amazonaws.com/v200/2021/map/ESA_WorldCover_10m_2021_v200_N63W153_Map.tif
v200/2021/map/ESA_WorldCover_10m_2021_v200_N63W156_Map.tif,58644621,eded5e66c235506295fd1bef17456305-7,2022-10-26T13:05:53.000Z,https://esa-worldcover.s3.eu-central-1.amazonaws.com/v200/2021/map/ESA_WorldCover_10m_2021_v200_N63W156_Map.tif
v200/2021/map/ESA_WorldCover_10m_2021_v200_N63W159_Map.tif,61682283,5304b95e259251282668bf49da135a57-8,2022-10-26T13:04:42.000Z,https://esa-worldcover.s3.eu-central-1.amazonaws.com/v200/2021/map/ESA_WorldCover_10m_2021_v200_N63W159_Map.tif
v200/2021/map/ESA_WorldCover_10m_2021_v200_N63W162_Map.tif,50422768,540d36547b1a8f8db409b50432adb3b5-7,2022-10-26T13:03:53.000Z,https://esa-worldcover.s3.eu-central-1.amazonaws.com/v200/2021/map/ESA_WorldCover_10m_2021_v200_N63W162_Map.tif
v200/2021/map/ESA_WorldCover_10m_2021_v200_N63W165_Map.tif,35659316,1c6cfeb05c9e80ec3ace1fd59e0c1dea-5,2022-10-26T13:00:53.000Z,https://esa-worldcover.s3.eu-central-1.amazonaws.com/v200/2021/map/ESA_WorldCover_10m_2021_v200_N63W165_Map.tif
v200/2021/map/ESA_WorldCover_10m_2021_v200_N63W168_Map.tif,24232351,0e668908d0b6f2ff557ba8659e5fe559-3,2022-10-26T13:00:08.000Z,https://esa-worldcover.s3.eu-central-1.amazonaws.com/v200/2021/map/ESA_WorldCover_10m_2021_v200_N63W168_Map.tif
v200/2021/map/ESA_WorldCover_10m_2021_v200_N63W171_Map.tif,11897540,ca63bb33050798bce18072fc22163090-2,2022-10-26T12:55:18.000Z,https://esa-worldcover.s3.eu-central-1.amazonaws.com/v200/2021/map/ESA_WorldCover_10m_2021_v200_N63W171_Map.tif
v200/2021/map/ESA_WorldCover_10m_2021_v200_N63W174_Map.tif,35386565,f50f9711f23e40402c1a006d6d7ff6fe-5,2022-10-26T13:01:54.000Z,https://esa-worldcover.s3.eu-central-1.amazonaws.com/v200/2021/map/ESA_WorldCover_10m_2021_v200_N63W174_Map.tif
v200/2021/map/ESA_WorldCover_10m_2021_v200_N63W177_Map.tif,29741336,ce9f45b5143c3559c8dcac88c2e3cc21-4,2022-10-26T12:56:22.000Z,https://esa-worldcover.s3.eu-central-1.amazonaws.com/v200/2021/map/ESA_WorldCover_10m_2021_v200_N63W177_Map.tif
v200/2021/map/ESA_WorldCover_10m_2021_v200_N63W180_Map.tif,17296577,bc8f4b836b2961bb99ff73ddff258dff-3,2022-10-26T13:01:12.000Z,https://esa-worldcover.s3.eu-central-1.amazonaws.com/v200/2021/map/ESA_WorldCover_10m_2021_v200_N63W180_Map.tif
v200/2021/map/ESA_WorldCover_10m_2021_v200_N66E009_Map.tif,2266188,e2dfcf25a6ed189070cc6b15cd8a7161,2022-10-26T12:53:26.000Z,https://esa-worldcover.s3.eu-central-1.amazonaws.com/v200/2021/map/ESA_WorldCover_10m_2021_v200_N66E009_Map.tif
v200/2021/map/ESA_WorldCover_10m_2021_v200_N66E012_Map.tif,28492238,7524653c261e0bb05c1fa7a99331eaef-4,2022-10-26T13:02:31.000Z,https://esa-worldcover.s3.eu-central-1.amazonaws.com/v200/2021/map/ESA_WorldCover_10m_2021_v200_N66E012_Map.tif
v200/2021/map/ESA_WorldCover_10m_2021_v200_N66E015_Map.tif,74419111,fc08dd3cb8927d89d726355f08772ee3-9,2022-10-26T13:00:43.000Z,https://esa-worldcover.s3.eu-central-1.amazonaws.com/v200/2021/map/ESA_WorldCover_10m_2021_v200_N66E015_Map.tif
v200/2021/map/ESA_WorldCover_10m_2021_v200_N66E018_Map.tif,73612865,ee2e6206253e68010f91fac75e91811e-9,2022-10-26T13:05:16.000Z,https://esa-worldcover.s3.eu-central-1.amazonaws.com/v200/2021/map/ESA_WorldCover_10m_2021_v200_N66E018_Map.tif
v200/2021/map/ESA_WorldCover_10m_2021_v200_N66E021_Map.tif,68562547,50d6ecfd0445f8330569b180cb5a6786-9,2022-10-26T13:02:54.000Z,https://esa-worldcover.s3.eu-central-1.amazonaws.com/v200/2021/map/ESA_WorldCover_10m_2021_v200_N66E021_Map.tif
v200/2021/map/ESA_WorldCover_10m_2021_v200_N66E024_Map.tif,55939608,5fa1de3e3e46414593fd81d7ee2ad5ee-7,2022-10-26T13:02:12.000Z,https://esa-worldcover.s3.eu-central-1.amazonaws.com/v200/2021/map/ESA_WorldCover_10m_2021_v200_N66E024_Map.tif
v200/2021/map/ESA_WorldCover_10m_2021_v200_N66E027_Map.tif,50604336,ab560919a2cde207323a7d188756fddc-7,2022-10-26T13:03:49.000Z,https://esa-worldcover.s3.eu-central-1.amazonaws.com/v200/2021/map/ESA_WorldCover_10m_2021_v200_N66E027_Map.tif
v200/2021/map/ESA_WorldCover_10m_2021_v200_N66E030_Map.tif,39332354,8ca8c705861e3eec610839363a9875c4-5,2022-10-26T12:59:55.000Z,https://esa-worldcover.s3.eu-central-1.amazonaws.com/v200/2021/map/ESA_WorldCover_10m_2021_v200_N66E030_Map.tif
v200/2021/map/ESA_WorldCover_10m_2021_v200_N66E033_Map.tif,54874916,b09c5da0f3d65f2895a8f56483305836-7,2022-10-26T13:02:21.000Z,https://esa-worldcover.s3.eu-central-1.amazonaws.com/v200/2021/map/ESA_WorldCover_10m_2021_v200_N66E033_Map.tif
v200/2021/map/ESA_WorldCover_10m_2021_v200_N66E036_Map.tif,68183223,77efe0d10c597a62912d14637ae843ee-9,2022-10-26T13:04:55.000Z,https://esa-worldcover.s3.eu-central-1.amazonaws.com/v200/2021/map/ESA_WorldCover_10m_2021_v200_N66E036_Map.tif
v200/2021/map/ESA_WorldCover_10m_2021_v200_N66E039_Map.tif,41187349,04a1207ed71603e0c4a5f33bc998d476-5,2022-10-26T13:01:25.000Z,https://esa-worldcover.s3.eu-central-1.amazonaws.com/v200/2021/map/ESA_WorldCover_10m_2021_v200_N66E039_Map.tif
v200/2021/map/ESA_WorldCover_10m_2021_v200_N66E042_Map.tif,24735289,22cbafe0ef1509e38b89ee27ba0c9467-3,2022-10-26T13:01:41.000Z,https://esa-worldcover.s3.eu-central-1.amazonaws.com/v200/2021/map/ESA_WorldCover_10m_2021_v200_N66E042_Map.tif
v200/2021/map/ESA_WorldCover_10m_2021_v200_N66E045_Map.tif,37644077,f8dff0b92a0eccc39f5e4772874e5fb6-5,2022-10-26T13:02:57.000Z,https://esa-worldcover.s3.eu-central-1.amazonaws.com/v200/2021/map/ESA_WorldCover_10m_2021_v200_N66E045_Map.tif
v200/2021/map/ESA_WorldCover_10m_2021_v200_N66E048_Map.tif,52031891,c59d972ddce0e2a492ef869073cccaf1-7,2022-10-26T13:05:17.000Z,https://esa-worldcover.s3.eu-central-1.amazonaws.com/v200/2021/map/ESA_WorldCover_10m_2021_v200_N66E048_Map.tif
v200/2021/map/ESA_WorldCover_10m_2021_v200_N66E051_Map.tif,68650963,ad2ddbd46be68ae54b84bd4e9ef633b7-9,2022-10-26T13:06:02.000Z,https://esa-worldcover.s3.eu-central-1.amazonaws.com/v200/2021/map/ESA_WorldCover_10m_2021_v200_N66E051_Map.tif
v200/2021/map/ESA_WorldCover_10m_2021_v200_N66E054_Map.tif,67979216,1119c244dd034602ed14e3cc9215adde-9,2022-10-26T13:05:46.000Z,https://esa-worldcover.s3.eu-central-1.amazonaws.com/v200/2021/map/ESA_WorldCover_10m_2021_v200_N66E054_Map.tif
v200/2021/map/ESA_WorldCover_10m_2021_v200_N66E057_Map.tif,77486518,1e62b01fddf3fd015e80209092a8940a-10,2022-10-26T13:02:31.000Z,https://esa-worldcover.s3.eu-central-1.amazonaws.com/v200/2021/map/ESA_WorldCover_10m_2021_v200_N66E057_Map.tif
v200/2021/map/ESA_WorldCover_10m_2021_v200_N66E060_Map.tif,92711539,de3a7a38129e981d1254d12501594038-12,2022-10-26T13:02:38.000Z,https://esa-worldcover.s3.eu-central-1.amazonaws.com/v200/2021/map/ESA_WorldCover_10m_2021_v200_N66E060_Map.tif
v200/2021/map/ESA_WorldCover_10m_2021_v200_N66E063_Map.tif,96917543,5ef18fdfd6f268ce438192820dedd52e-12,2022-10-26T13:01:56.000Z,https://esa-worldcover.s3.eu-central-1.amazonaws.com/v200/2021/map/ESA_WorldCover_10m_2021_v200_N66E063_Map.tif
v200/2021/map/ESA_WorldCover_10m_2021_v200_N66E066_Map.tif,72546180,8aa9df1ff8eff073d9e85463867a5aac-9,2022-10-26T13:04:29.000Z,https://esa-worldcover.s3.eu-central-1.amazonaws.com/v200/2021/map/ESA_WorldCover_10m_2021_v200_N66E066_Map.tif
v200/2021/map/ESA_WorldCover_10m_2021_v200_N66E069_Map.tif,78048007,ff7d75e632881c06eeec720b38e98868-10,2022-10-26T13:00:03.000Z,https://esa-worldcover.s3.eu-central-1.amazonaws.com/v200/2021/map/ESA_WorldCover_10m_2021_v200_N66E069_Map.tif
v200/2021/map/ESA_WorldCover_10m_2021_v200_N66E072_Map.tif,49722974,a59f2a90f6c74225f5d6cf4d2df40fa6-6,2022-10-26T13:04:35.000Z,https://esa-worldcover.s3.eu-central-1.amazonaws.com/v200/2021/map/ESA_WorldCover_10m_2021_v200_N66E072_Map.tif
v200/2021/map/ESA_WorldCover_10m_2021_v200_N66E075_Map.tif,70158962,9c2810805c00162a71bca2c68a115a6f-9,2022-10-26T13:05:25.000Z,https://esa-worldcover.s3.eu-central-1.amazonaws.com/v200/2021/map/ESA_WorldCover_10m_2021_v200_N66E075_Map.tif
v200/2021/map/ESA_WorldCover_10m_2021_v200_N66E078_Map.tif,95368665,5012e158833ae66300c6ce339c7e7e74-12,2022-10-26T13:06:03.000Z,https://esa-worldcover.s3.eu-central-1.amazonaws.com/v200/2021/map/ESA_WorldCover_10m_2021_v200_N66E078_Map.tif
v200/2021/map/ESA_WorldCover_10m_2021_v200_N66E081_Map.tif,110372919,14b9d684cf4b8e4343517c35d1ddfc6c-14,2022-10-26T13:05:17.000Z,https://esa-worldcover.s3.eu-central-1.amazonaws.com/v200/2021/map/ESA_WorldCover_10m_2021_v200_N66E081_Map.tif
v200/2021/map/ESA_WorldCover_10m_2021_v200_N66E084_Map.tif,93070937,8e86ffe0bf65c4afdebc9efab1fff354-12,2022-10-26T13:05:29.000Z,https://esa-worldcover.s3.eu-central-1.amazonaws.com/v200/2021/map/ESA_WorldCover_10m_2021_v200_N66E084_Map.tif
v200/2021/map/ESA_WorldCover_10m_2021_v200_N66E087_Map.tif,67709493,839dd673e6bc46f619064675d3575b8f-9,2022-10-26T13:03:19.000Z,https://esa-worldcover.s3.eu-central-1.amazonaws.com/v200/2021/map/ESA_WorldCover_10m_2021_v200_N66E087_Map.tif
v200/2021/map/ESA_WorldCover_10m_2021_v200_N66E090_Map.tif,61386864,e5ead17d5a175d04af397451d8cf7308-8,2022-10-26T13:05:41.000Z,https://esa-worldcover.s3.eu-central-1.amazonaws.com/v200/2021/map/ESA_WorldCover_10m_2021_v200_N66E090_Map.tif
v200/2021/map/ESA_WorldCover_10m_2021_v200_N66E093_Map.tif,67421855,4e4df114a2b50e4a22efde7d627e28b6-9,2022-10-26T13:05:03.000Z,https://esa-worldcover.s3.eu-central-1.amazonaws.com/v200/2021/map/ESA_WorldCover_10m_2021_v200_N66E093_Map.tif
v200/2021/map/ESA_WorldCover_10m_2021_v200_N66E096_Map.tif,67635581,9b5d22b1389a6e8a83d08d28a11481c7-9,2022-10-26T13:06:09.000Z,https://esa-worldcover.s3.eu-central-1.amazonaws.com/v200/2021/map/ESA_WorldCover_10m_2021_v200_N66E096_Map.tif
v200/2021/map/ESA_WorldCover_10m_2021_v200_N66E099_Map.tif,49180724,1dc1a15769a39fcc63b6e48fb1ec9f1a-6,2022-10-26T13:04:20.000Z,https://esa-worldcover.s3.eu-central-1.amazonaws.com/v200/2021/map/ESA_WorldCover_10m_2021_v200_N66E099_Map.tif
v200/2021/map/ESA_WorldCover_10m_2021_v200_N66E102_Map.tif,35343901,fb05534aec9740c9f6ec71ba24b7813e-5,2022-10-26T13:04:43.000Z,https://esa-worldcover.s3.eu-central-1.amazonaws.com/v200/2021/map/ESA_WorldCover_10m_2021_v200_N66E102_Map.tif
v200/2021/map/ESA_WorldCover_10m_2021_v200_N66E105_Map.tif,36096027,6ac7f5655a3403b0831eceff65701471-5,2022-10-26T13:01:57.000Z,https://esa-worldcover.s3.eu-central-1.amazonaws.com/v200/2021/map/ESA_WorldCover_10m_2021_v200_N66E105_Map.tif
v200/2021/map/ESA_WorldCover_10m_2021_v200_N66E108_Map.tif,31945791,62be097f918649734e932ec7022667e2-4,2022-10-26T13:03:04.000Z,https://esa-worldcover.s3.eu-central-1.amazonaws.com/v200/2021/map/ESA_WorldCover_10m_2021_v200_N66E108_Map.tif
v200/2021/map/ESA_WorldCover_10m_2021_v200_N66E111_Map.tif,17708389,9816bcefe5c42834bd5bf9beffa11290-3,2022-10-26T13:06:02.000Z,https://esa-worldcover.s3.eu-central-1.amazonaws.com/v200/2021/map/ESA_WorldCover_10m_2021_v200_N66E111_Map.tif
v200/2021/map/ESA_WorldCover_10m_2021_v200_N66E114_Map.tif,13030165,3e19cefac33d57aa5b21e0db4ace5ecb-2,2022-10-26T13:05:56.000Z,https://esa-worldcover.s3.eu-central-1.amazonaws.com/v200/2021/map/ESA_WorldCover_10m_2021_v200_N66E114_Map.tif
v200/2021/map/ESA_WorldCover_10m_2021_v200_N66E117_Map.tif,21793201,78e0fa78b20b310ac0333d019ad6be85-3,2022-10-26T13:05:20.000Z,https://esa-worldcover.s3.eu-central-1.amazonaws.com/v200/2021/map/ESA_WorldCover_10m_2021_v200_N66E117_Map.tif
v200/2021/map/ESA_WorldCover_10m_2021_v200_N66E120_Map.tif,38630637,ce1fa5b16769dfea077f39091dfffba3-5,2022-10-26T13:02:25.000Z,https://esa-worldcover.s3.eu-central-1.amazonaws.com/v200/2021/map/ESA_WorldCover_10m_2021_v200_N66E120_Map.tif
v200/2021/map/ESA_WorldCover_10m_2021_v200_N66E123_Map.tif,53920518,831334b43931599ba27a0eac3aae7a06-7,2022-10-26T13:06:00.000Z,https://esa-worldcover.s3.eu-central-1.amazonaws.com/v200/2021/map/ESA_WorldCover_10m_2021_v200_N66E123_Map.tif
v200/2021/map/ESA_WorldCover_10m_2021_v200_N66E126_Map.tif,93565835,c4d72ca041476acf79607fb6a98a42d9-12,2022-10-26T13:03:26.000Z,https://esa-worldcover.s3.eu-central-1.amazonaws.com/v200/2021/map/ESA_WorldCover_10m_2021_v200_N66E126_Map.tif
v200/2021/map/ESA_WorldCover_10m_2021_v200_N66E129_Map.tif,74119936,ce85d837e70b9c084909108009402dfe-9,2022-10-26T13:05:47.000Z,https://esa-worldcover.s3.eu-central-1.amazonaws.com/v200/2021/map/ESA_WorldCover_10m_2021_v200_N66E129_Map.tif
v200/2021/map/ESA_WorldCover_10m_2021_v200_N66E132_Map.tif,39508166,c84936dad42d06a6cd51738895704f94-5,2022-10-26T13:05:47.000Z,https://esa-worldcover.s3.eu-central-1.amazonaws.com/v200/2021/map/ESA_WorldCover_10m_2021_v200_N66E132_Map.tif
v200/2021/map/ESA_WorldCover_10m_2021_v200_N66E135_Map.tif,61147010,64558b10fe244d77895b192b73f07473-8,2022-10-26T13:03:59.000Z,https://esa-worldcover.s3.eu-central-1.amazonaws.com/v200/2021/map/ESA_WorldCover_10m_2021_v200_N66E135_Map.tif
v200/2021/map/ESA_WorldCover_10m_2021_v200_N66E138_Map.tif,92398544,d4ba3e2da44748d8f72ed77079fa1953-12,2022-10-26T13:05:00.000Z,https://esa-worldcover.s3.eu-central-1.amazonaws.com/v200/2021/map/ESA_WorldCover_10m_2021_v200_N66E138_Map.tif
v200/2021/map/ESA_WorldCover_10m_2021_v200_N66E141_Map.tif,79600000,9a0d4666b08e2162f270299e29b83627-10,2022-10-26T13:04:55.000Z,https://esa-worldcover.s3.eu-central-1.amazonaws.com/v200/2021/map/ESA_WorldCover_10m_2021_v200_N66E141_Map.tif
v200/2021/map/ESA_WorldCover_10m_2021_v200_N66E144_Map.tif,85047850,c13b61b5dfbd7bc1fc093898d0b569e4-11,2022-10-26T13:05:47.000Z,https://esa-worldcover.s3.eu-central-1.amazonaws.com/v200/2021/map/ESA_WorldCover_10m_2021_v200_N66E144_Map.tif
v200/2021/map/ESA_WorldCover_10m_2021_v200_N66E147_Map.tif,66917553,f4373e07bb6b53faa58f04670744e9ec-8,2022-10-26T13:02:39.000Z,https://esa-worldcover.s3.eu-central-1.amazonaws.com/v200/2021/map/ESA_WorldCover_10m_2021_v200_N66E147_Map.tif
v200/2021/map/ESA_WorldCover_10m_2021_v200_N66E150_Map.tif,75385417,18c5de72b1dd27ce14867500fe7efb4a-9,2022-10-26T13:01:17.000Z,https://esa-worldcover.s3.eu-central-1.amazonaws.com/v200/2021/map/ESA_WorldCover_10m_2021_v200_N66E150_Map.tif
v200/2021/map/ESA_WorldCover_10m_2021_v200_N66E153_Map.tif,73166140,70f960a8ade62a46b12229f14121c6f4-9,2022-10-26T13:02:58.000Z,https://esa-worldcover.s3.eu-central-1.amazonaws.com/v200/2021/map/ESA_WorldCover_10m_2021_v200_N66E153_Map.tif
v200/2021/map/ESA_WorldCover_10m_2021_v200_N66E156_Map.tif,66074148,00a77a4a8468918faa68190e8785478c-8,2022-10-26T13:02:55.000Z,https://esa-worldcover.s3.eu-central-1.amazonaws.com/v200/2021/map/ESA_WorldCover_10m_2021_v200_N66E156_Map.tif
v200/2021/map/ESA_WorldCover_10m_2021_v200_N66E159_Map.tif,70320686,9fd934c5df5ef33ba29d02d7b4a77530-9,2022-10-26T13:04:25.000Z,https://esa-worldcover.s3.eu-central-1.amazonaws.com/v200/2021/map/ESA_WorldCover_10m_2021_v200_N66E159_Map.tif
v200/2021/map/ESA_WorldCover_10m_2021_v200_N66E162_Map.tif,62401807,df593b262bd13e58d611a498fea56492-8,2022-10-26T13:03:55.000Z,https://esa-worldcover.s3.eu-central-1.amazonaws.com/v200/2021/map/ESA_WorldCover_10m_2021_v200_N66E162_Map.tif
v200/2021/map/ESA_WorldCover_10m_2021_v200_N66E165_Map.tif,73647472,e389581b60466e8a4fb05dbf6d353549-9,2022-10-26T13:02:38.000Z,https://esa-worldcover.s3.eu-central-1.amazonaws.com/v200/2021/map/ESA_WorldCover_10m_2021_v200_N66E165_Map.tif
v200/2021/map/ESA_WorldCover_10m_2021_v200_N66E168_Map.tif,65481763,2abe21fd1c5e05051a5f384796e54c51-8,2022-10-26T13:05:43.000Z,https://esa-worldcover.s3.eu-central-1.amazonaws.com/v200/2021/map/ESA_WorldCover_10m_2021_v200_N66E168_Map.tif
v200/2021/map/ESA_WorldCover_10m_2021_v200_N66E171_Map.tif,62792724,cced7d13e8df1196fd3d1dd9d89df2a5-8,2022-10-26T13:04:21.000Z,https://esa-worldcover.s3.eu-central-1.amazonaws.com/v200/2021/map/ESA_WorldCover_10m_2021_v200_N66E171_Map.tif
v200/2021/map/ESA_WorldCover_10m_2021_v200_N66E174_Map.tif,69497784,31ed266d32ff2a9335bf5f0e00c35b1e-9,2022-10-26T13:06:07.000Z,https://esa-worldcover.s3.eu-central-1.amazonaws.com/v200/2021/map/ESA_WorldCover_10m_2021_v200_N66E174_Map.tif
v200/2021/map/ESA_WorldCover_10m_2021_v200_N66E177_Map.tif,77317138,a5977da4872e9121f9b9a566ea118532-10,2022-10-26T13:05:14.000Z,https://esa-worldcover.s3.eu-central-1.amazonaws.com/v200/2021/map/ESA_WorldCover_10m_2021_v200_N66E177_Map.tif
v200/2021/map/ESA_WorldCover_10m_2021_v200_N66W015_Map.tif,2335009,e07e022b168eb7f2c1ccf79c65317a76,2022-10-26T12:52:46.000Z,https://esa-worldcover.s3.eu-central-1.amazonaws.com/v200/2021/map/ESA_WorldCover_10m_2021_v200_N66W015_Map.tif
v200/2021/map/ESA_WorldCover_10m_2021_v200_N66W018_Map.tif,8008818,23f7c4be56602fe54badc10b0adc6bbe,2022-10-26T12:53:51.000Z,https://esa-worldcover.s3.eu-central-1.amazonaws.com/v200/2021/map/ESA_WorldCover_10m_2021_v200_N66W018_Map.tif
v200/2021/map/ESA_WorldCover_10m_2021_v200_N66W021_Map.tif,4347891,762e05cb11245d8849f3e2de80a52913,2022-10-26T12:52:51.000Z,https://esa-worldcover.s3.eu-central-1.amazonaws.com/v200/2021/map/ESA_WorldCover_10m_2021_v200_N66W021_Map.tif
v200/2021/map/ESA_WorldCover_10m_2021_v200_N66W024_Map.tif,7570868,29b34bcbd128ed2b5977ebdb883aebe0,2022-10-26T12:53:28.000Z,https://esa-worldcover.s3.eu-central-1.amazonaws.com/v200/2021/map/ESA_WorldCover_10m_2021_v200_N66W024_Map.tif
v200/2021/map/ESA_WorldCover_10m_2021_v200_N66W027_Map.tif,4242288,7934083f408185500eb26734227c8630,2022-10-26T12:54:19.000Z,https://esa-worldcover.s3.eu-central-1.amazonaws.com/v200/2021/map/ESA_WorldCover_10m_2021_v200_N66W027_Map.tif
v200/2021/map/ESA_WorldCover_10m_2021_v200_N66W030_Map.tif,10184220,11face4da852c5965ceec2c13bec54d2-2,2022-10-26T12:55:56.000Z,https://esa-worldcover.s3.eu-central-1.amazonaws.com/v200/2021/map/ESA_WorldCover_10m_2021_v200_N66W030_Map.tif
v200/2021/map/ESA_WorldCover_10m_2021_v200_N66W033_Map.tif,11893637,9da8a76f3588a491d2b876b0750b4cd0-2,2022-10-26T12:55:37.000Z,https://esa-worldcover.s3.eu-central-1.amazonaws.com/v200/2021/map/ESA_WorldCover_10m_2021_v200_N66W033_Map.tif
v200/2021/map/ESA_WorldCover_10m_2021_v200_N66W036_Map.tif,10229989,ceb42c32dc7bf78b3f66a4bd4e003c92-2,2022-10-26T13:02:46.000Z,https://esa-worldcover.s3.eu-central-1.amazonaws.com/v200/2021/map/ESA_WorldCover_10m_2021_v200_N66W036_Map.tif
v200/2021/map/ESA_WorldCover_10m_2021_v200_N66W039_Map.tif,12346396,48095608637b839d0402f6d024bd24cc-2,2022-10-26T12:57:40.000Z,https://esa-worldcover.s3.eu-central-1.amazonaws.com/v200/2021/map/ESA_WorldCover_10m_2021_v200_N66W039_Map.tif
v200/2021/map/ESA_WorldCover_10m_2021_v200_N66W042_Map.tif,2110191,442fe8b10c0f70b87758f70152636992,2022-10-26T12:58:18.000Z,https://esa-worldcover.s3.eu-central-1.amazonaws.com/v200/2021/map/ESA_WorldCover_10m_2021_v200_N66W042_Map.tif
v200/2021/map/ESA_WorldCover_10m_2021_v200_N66W045_Map.tif,2110191,1f5eea0eba346e03e527f8f5eb43cfc5,2022-10-26T13:02:07.000Z,https://esa-worldcover.s3.eu-central-1.amazonaws.com/v200/2021/map/ESA_WorldCover_10m_2021_v200_N66W045_Map.tif
v200/2021/map/ESA_WorldCover_10m_2021_v200_N66W048_Map.tif,2110191,0afff60115a34c4cbbb60c8c7b8c48bf,2022-10-26T12:58:28.000Z,https://esa-worldcover.s3.eu-central-1.amazonaws.com/v200/2021/map/ESA_WorldCover_10m_2021_v200_N66W048_Map.tif
v200/2021/map/ESA_WorldCover_10m_2021_v200_N66W051_Map.tif,26517955,0b2a9359259ccfab2bf45e37657e5233-4,2022-10-26T12:59:43.000Z,https://esa-worldcover.s3.eu-central-1.amazonaws.com/v200/2021/map/ESA_WorldCover_10m_2021_v200_N66W051_Map.tif
v200/2021/map/ESA_WorldCover_10m_2021_v200_N66W054_Map.tif,63024221,9563ae8d81d2dbc68c1893c3aaf9d104-8,2022-10-26T13:03:32.000Z,https://esa-worldcover.s3.eu-central-1.amazonaws.com/v200/2021/map/ESA_WorldCover_10m_2021_v200_N66W054_Map.tif
v200/2021/map/ESA_WorldCover_10m_2021_v200_N66W057_Map.tif,2188181,eb7395921ac93f8309992ca6eaf09178,2022-10-26T12:51:58.000Z,https://esa-worldcover.s3.eu-central-1.amazonaws.com/v200/2021/map/ESA_WorldCover_10m_2021_v200_N66W057_Map.tif
v200/2021/map/ESA_WorldCover_10m_2021_v200_N66W063_Map.tif,14392813,299628f59ff7852cba920a972205cb12-2,2022-10-26T12:55:21.000Z,https://esa-worldcover.s3.eu-central-1.amazonaws.com/v200/2021/map/ESA_WorldCover_10m_2021_v200_N66W063_Map.tif
v200/2021/map/ESA_WorldCover_10m_2021_v200_N66W066_Map.tif,41063016,6a0ad2c051796dc69398af31819c660e-5,2022-10-26T13:01:02.000Z,https://esa-worldcover.s3.eu-central-1.amazonaws.com/v200/2021/map/ESA_WorldCover_10m_2021_v200_N66W066_Map.tif
v200/2021/map/ESA_WorldCover_10m_2021_v200_N66W069_Map.tif,64655006,2db1e0272042acf50c6c1fbfe180e7f2-8,2022-10-26T13:02:10.000Z,https://esa-worldcover.s3.eu-central-1.amazonaws.com/v200/2021/map/ESA_WorldCover_10m_2021_v200_N66W069_Map.tif
v200/2021/map/ESA_WorldCover_10m_2021_v200_N66W072_Map.tif,92561005,de6bbed72086e3715a8a76057abc62ef-12,2022-10-26T13:04:48.000Z,https://esa-worldcover.s3.eu-central-1.amazonaws.com/v200/2021/map/ESA_WorldCover_10m_2021_v200_N66W072_Map.tif
v200/2021/map/ESA_WorldCover_10m_2021_v200_N66W075_Map.tif,58345624,f9589ea155af4dd62c9d81c3edbe9022-7,2022-10-26T13:00:29.000Z,https://esa-worldcover.s3.eu-central-1.amazonaws.com/v200/2021/map/ESA_WorldCover_10m_2021_v200_N66W075_Map.tif
v200/2021/map/ESA_WorldCover_10m_2021_v200_N66W078_Map.tif,36808436,68f13303a23616e5bdaba5eb0ff3095d-5,2022-10-26T12:55:37.000Z,https://esa-worldcover.s3.eu-central-1.amazonaws.com/v200/2021/map/ESA_WorldCover_10m_2021_v200_N66W078_Map.tif
v200/2021/map/ESA_WorldCover_10m_2021_v200_N66W081_Map.tif,5093400,510a17a357653a4414b4776d5103cc31,2022-10-26T12:52:04.000Z,https://esa-worldcover.s3.eu-central-1.amazonaws.com/v200/2021/map/ESA_WorldCover_10m_2021_v200_N66W081_Map.tif
v200/2021/map/ESA_WorldCover_10m_2021_v200_N66W084_Map.tif,59378082,626f55150954a6b769a44c622fb90974-8,2022-10-26T13:01:36.000Z,https://esa-worldcover.s3.eu-central-1.amazonaws.com/v200/2021/map/ESA_WorldCover_10m_2021_v200_N66W084_Map.tif
v200/2021/map/ESA_WorldCover_10m_2021_v200_N66W087_Map.tif,70728756,a5077ccb245954c1945424362fd7481d-9,2022-10-26T13:01:08.000Z,https://esa-worldcover.s3.eu-central-1.amazonaws.com/v200/2021/map/ESA_WorldCover_10m_2021_v200_N66W087_Map.tif
v200/2021/map/ESA_WorldCover_10m_2021_v200_N66W090_Map.tif,75381981,107d586239938d1886003a893820b5d9-9,2022-10-26T13:03:10.000Z,https://esa-worldcover.s3.eu-central-1.amazonaws.com/v200/2021/map/ESA_WorldCover_10m_2021_v200_N66W090_Map.tif
v200/2021/map/ESA_WorldCover_10m_2021_v200_N66W093_Map.tif,86009057,e84bea47701cc8b8d7a8010f04a8759b-11,2022-10-26T12:58:32.000Z,https://esa-worldcover.s3.eu-central-1.amazonaws.com/v200/2021/map/ESA_WorldCover_10m_2021_v200_N66W093_Map.tif
v200/2021/map/ESA_WorldCover_10m_2021_v200_N66W096_Map.tif,71093492,161fe2e301632053aad97979203c26a8-9,2022-10-26T13:05:01.000Z,https://esa-worldcover.s3.eu-central-1.amazonaws.com/v200/2021/map/ESA_WorldCover_10m_2021_v200_N66W096_Map.tif
v200/2021/map/ESA_WorldCover_10m_2021_v200_N66W099_Map.tif,85110697,d5772d7741d15a002340b22e61f68b67-11,2022-10-26T13:00:09.000Z,https://esa-worldcover.s3.eu-central-1.amazonaws.com/v200/2021/map/ESA_WorldCover_10m_2021_v200_N66W099_Map.tif
v200/2021/map/ESA_WorldCover_10m_2021_v200_N66W102_Map.tif,58610025,0678807e154488bd87c9b4e30467cf5a-7,2022-10-26T13:01:49.000Z,https://esa-worldcover.s3.eu-central-1.amazonaws.com/v200/2021/map/ESA_WorldCover_10m_2021_v200_N66W102_Map.tif
v200/2021/map/ESA_WorldCover_10m_2021_v200_N66W105_Map.tif,73349337,9563267f87791dd3ad55bbd8b78210f0-9,2022-10-26T12:59:48.000Z,https://esa-worldcover.s3.eu-central-1.amazonaws.com/v200/2021/map/ESA_WorldCover_10m_2021_v200_N66W105_Map.tif
v200/2021/map/ESA_WorldCover_10m_2021_v200_N66W108_Map.tif,88166359,cc3e2617ed840c55133d7fa7b57d672c-11,2022-10-26T13:05:28.000Z,https://esa-worldcover.s3.eu-central-1.amazonaws.com/v200/2021/map/ESA_WorldCover_10m_2021_v200_N66W108_Map.tif
v200/2021/map/ESA_WorldCover_10m_2021_v200_N66W111_Map.tif,63516084,18190752d828488c7f6c1c868727a510-8,2022-10-26T13:04:19.000Z,https://esa-worldcover.s3.eu-central-1.amazonaws.com/v200/2021/map/ESA_WorldCover_10m_2021_v200_N66W111_Map.tif
v200/2021/map/ESA_WorldCover_10m_2021_v200_N66W114_Map.tif,58407157,7b0f22db4e4d2d5942873e015e7d6c26-7,2022-10-26T13:01:24.000Z,https://esa-worldcover.s3.eu-central-1.amazonaws.com/v200/2021/map/ESA_WorldCover_10m_2021_v200_N66W114_Map.tif
v200/2021/map/ESA_WorldCover_10m_2021_v200_N66W117_Map.tif,71923126,53f5248aeb890cad8393b4f171d3204f-9,2022-10-26T12:59:18.000Z,https://esa-worldcover.s3.eu-central-1.amazonaws.com/v200/2021/map/ESA_WorldCover_10m_2021_v200_N66W117_Map.tif
v200/2021/map/ESA_WorldCover_10m_2021_v200_N66W120_Map.tif,62247352,4e226131d4430f43261be9a3260db570-8,2022-10-26T13:04:43.000Z,https://esa-worldcover.s3.eu-central-1.amazonaws.com/v200/2021/map/ESA_WorldCover_10m_2021_v200_N66W120_Map.tif
v200/2021/map/ESA_WorldCover_10m_2021_v200_N66W123_Map.tif,49136716,58b6de96fb4c4fcbc143cc9ed2e9a488-6,2022-10-26T13:03:33.000Z,https://esa-worldcover.s3.eu-central-1.amazonaws.com/v200/2021/map/ESA_WorldCover_10m_2021_v200_N66W123_Map.tif
v200/2021/map/ESA_WorldCover_10m_2021_v200_N66W126_Map.tif,89016767,cf7e314073c2152698f1038b81d5cdae-11,2022-10-26T13:00:11.000Z,https://esa-worldcover.s3.eu-central-1.amazonaws.com/v200/2021/map/ESA_WorldCover_10m_2021_v200_N66W126_Map.tif
v200/2021/map/ESA_WorldCover_10m_2021_v200_N66W129_Map.tif,103984256,d5c3ee4be896d2094d56b235a4ee3b2b-13,2022-10-26T12:59:32.000Z,https://esa-worldcover.s3.eu-central-1.amazonaws.com/v200/2021/map/ESA_WorldCover_10m_2021_v200_N66W129_Map.tif
v200/2021/map/ESA_WorldCover_10m_2021_v200_N66W132_Map.tif,99923481,11f8054258a872a2e4038ad7143ab59b-12,2022-10-26T13:05:17.000Z,https://esa-worldcover.s3.eu-central-1.amazonaws.com/v200/2021/map/ESA_WorldCover_10m_2021_v200_N66W132_Map.tif
v200/2021/map/ESA_WorldCover_10m_2021_v200_N66W135_Map.tif,92388585,42fbcf3bad4b08704a02fe01996c96b6-12,2022-10-26T13:02:29.000Z,https://esa-worldcover.s3.eu-central-1.amazonaws.com/v200/2021/map/ESA_WorldCover_10m_2021_v200_N66W135_Map.tif
v200/2021/map/ESA_WorldCover_10m_2021_v200_N66W138_Map.tif,78557593,df576a3621b57e917eda66b6c4642972-10,2022-10-26T13:05:41.000Z,https://esa-worldcover.s3.eu-central-1.amazonaws.com/v200/2021/map/ESA_WorldCover_10m_2021_v200_N66W138_Map.tif
v200/2021/map/ESA_WorldCover_10m_2021_v200_N66W141_Map.tif,69790858,5f4158da308dae0a586f9210d6a58e10-9,2022-10-26T13:01:10.000Z,https://esa-worldcover.s3.eu-central-1.amazonaws.com/v200/2021/map/ESA_WorldCover_10m_2021_v200_N66W141_Map.tif
v200/2021/map/ESA_WorldCover_10m_2021_v200_N66W144_Map.tif,68754204,b12ef4b8702952de0897f6105d79f293-9,2022-10-26T13:05:45.000Z,https://esa-worldcover.s3.eu-central-1.amazonaws.com/v200/2021/map/ESA_WorldCover_10m_2021_v200_N66W144_Map.tif
v200/2021/map/ESA_WorldCover_10m_2021_v200_N66W147_Map.tif,75443409,3509683c45c4bce019c7a07ad7d110fd-9,2022-10-26T12:58:28.000Z,https://esa-worldcover.s3.eu-central-1.amazonaws.com/v200/2021/map/ESA_WorldCover_10m_2021_v200_N66W147_Map.tif
v200/2021/map/ESA_WorldCover_10m_2021_v200_N66W150_Map.tif,72144322,4b0918778bd60cbb5900a24a2867a4fb-9,2022-10-26T13:03:53.000Z,https://esa-worldcover.s3.eu-central-1.amazonaws.com/v200/2021/map/ESA_WorldCover_10m_2021_v200_N66W150_Map.tif
v200/2021/map/ESA_WorldCover_10m_2021_v200_N66W153_Map.tif,67939118,3be0cdbc9b30ccf19dab8bdcd6bfdfc6-9,2022-10-26T13:03:34.000Z,https://esa-worldcover.s3.eu-central-1.amazonaws.com/v200/2021/map/ESA_WorldCover_10m_2021_v200_N66W153_Map.tif
v200/2021/map/ESA_WorldCover_10m_2021_v200_N66W156_Map.tif,66426838,179d7f015657bebe1741ee02ca6c226e-8,2022-10-26T13:01:54.000Z,https://esa-worldcover.s3.eu-central-1.amazonaws.com/v200/2021/map/ESA_WorldCover_10m_2021_v200_N66W156_Map.tif
v200/2021/map/ESA_WorldCover_10m_2021_v200_N66W159_Map.tif,62598091,2c94c7edfe50a33bd908ee7815cbc81e-8,2022-10-26T13:05:23.000Z,https://esa-worldcover.s3.eu-central-1.amazonaws.com/v200/2021/map/ESA_WorldCover_10m_2021_v200_N66W159_Map.tif
v200/2021/map/ESA_WorldCover_10m_2021_v200_N66W162_Map.tif,60793987,4ff3af514a23d6957db3408ca34fc888-8,2022-10-26T12:59:14.000Z,https://esa-worldcover.s3.eu-central-1.amazonaws.com/v200/2021/map/ESA_WorldCover_10m_2021_v200_N66W162_Map.tif
v200/2021/map/ESA_WorldCover_10m_2021_v200_N66W165_Map.tif,39579088,6623fff54cf277ab8332d51dab34a243-5,2022-10-26T13:01:45.000Z,https://esa-worldcover.s3.eu-central-1.amazonaws.com/v200/2021/map/ESA_WorldCover_10m_2021_v200_N66W165_Map.tif
v200/2021/map/ESA_WorldCover_10m_2021_v200_N66W168_Map.tif,11992237,6f67ec4c60b883c832fc9eca29045585-2,2022-10-26T12:56:07.000Z,https://esa-worldcover.s3.eu-central-1.amazonaws.com/v200/2021/map/ESA_WorldCover_10m_2021_v200_N66W168_Map.tif
v200/2021/map/ESA_WorldCover_10m_2021_v200_N66W171_Map.tif,5621483,4b3d608ed5bd28f0d2059013d4e0916a,2022-10-26T12:51:11.000Z,https://esa-worldcover.s3.eu-central-1.amazonaws.com/v200/2021/map/ESA_WorldCover_10m_2021_v200_N66W171_Map.tif
v200/2021/map/ESA_WorldCover_10m_2021_v200_N66W174_Map.tif,20341671,7ec3b4a7901ed4bd47508b28275ad2f3-3,2022-10-26T12:56:11.000Z,https://esa-worldcover.s3.eu-central-1.amazonaws.com/v200/2021/map/ESA_WorldCover_10m_2021_v200_N66W174_Map.tif
v200/2021/map/ESA_WorldCover_10m_2021_v200_N66W177_Map.tif,38374430,30ef71b94a164faf1d8d9b21fad24798-5,2022-10-26T12:59:04.000Z,https://esa-worldcover.s3.eu-central-1.amazonaws.com/v200/2021/map/ESA_WorldCover_10m_2021_v200_N66W177_Map.tif
v200/2021/map/ESA_WorldCover_10m_2021_v200_N66W180_Map.tif,67297890,81ba7596034b80469540af6b6a966822-9,2022-10-26T13:03:08.000Z,https://esa-worldcover.s3.eu-central-1.amazonaws.com/v200/2021/map/ESA_WorldCover_10m_2021_v200_N66W180_Map.tif
v200/2021/map/ESA_WorldCover_10m_2021_v200_N69E012_Map.tif,1954567,670a3845962402df0c29ea906f2d8531,2022-10-26T12:52:14.000Z,https://esa-worldcover.s3.eu-central-1.amazonaws.com/v200/2021/map/ESA_WorldCover_10m_2021_v200_N69E012_Map.tif
v200/2021/map/ESA_WorldCover_10m_2021_v200_N69E015_Map.tif,7392676,446fc1fb362471d7a2699d731be7f8ce,2022-10-26T12:54:15.000Z,https://esa-worldcover.s3.eu-central-1.amazonaws.com/v200/2021/map/ESA_WorldCover_10m_2021_v200_N69E015_Map.tif
v200/2021/map/ESA_WorldCover_10m_2021_v200_N69E018_Map.tif,27004616,35eb9402f71cecfb5fedce2e3cd4f832-4,2022-10-26T12:58:51.000Z,https://esa-worldcover.s3.eu-central-1.amazonaws.com/v200/2021/map/ESA_WorldCover_10m_2021_v200_N69E018_Map.tif
v200/2021/map/ESA_WorldCover_10m_2021_v200_N69E021_Map.tif,43713094,876e4445dd1f4ea942f3fa0bc40a8644-6,2022-10-26T13:04:31.000Z,https://esa-worldcover.s3.eu-central-1.amazonaws.com/v200/2021/map/ESA_WorldCover_10m_2021_v200_N69E021_Map.tif
v200/2021/map/ESA_WorldCover_10m_2021_v200_N69E024_Map.tif,51703229,de5c6175b77208a18f47ae97f426f5e0-7,2022-10-26T13:00:56.000Z,https://esa-worldcover.s3.eu-central-1.amazonaws.com/v200/2021/map/ESA_WorldCover_10m_2021_v200_N69E024_Map.tif
v200/2021/map/ESA_WorldCover_10m_2021_v200_N69E027_Map.tif,49197069,4ca6aae265cd374be58061361a3d014c-6,2022-10-26T12:58:02.000Z,https://esa-worldcover.s3.eu-central-1.amazonaws.com/v200/2021/map/ESA_WorldCover_10m_2021_v200_N69E027_Map.tif
v200/2021/map/ESA_WorldCover_10m_2021_v200_N69E030_Map.tif,29275165,06c9739cc0aa9540d41b5ac1bc4fd1cf-4,2022-10-26T12:59:21.000Z,https://esa-worldcover.s3.eu-central-1.amazonaws.com/v200/2021/map/ESA_WorldCover_10m_2021_v200_N69E030_Map.tif
v200/2021/map/ESA_WorldCover_10m_2021_v200_N69E033_Map.tif,11518857,26f9cfaa5c186d1a6d2cd24d7c36bbdb-2,2022-10-26T12:56:43.000Z,https://esa-worldcover.s3.eu-central-1.amazonaws.com/v200/2021/map/ESA_WorldCover_10m_2021_v200_N69E033_Map.tif
v200/2021/map/ESA_WorldCover_10m_2021_v200_N69E036_Map.tif,2474714,443e690b6d08602ed31824e10e3bbb84,2022-10-26T12:53:50.000Z,https://esa-worldcover.s3.eu-central-1.amazonaws.com/v200/2021/map/ESA_WorldCover_10m_2021_v200_N69E036_Map.tif
v200/2021/map/ESA_WorldCover_10m_2021_v200_N69E048_Map.tif,7616256,326852531bf95c09a370ac590f8a1d47,2022-10-26T12:55:33.000Z,https://esa-worldcover.s3.eu-central-1.amazonaws.com/v200/2021/map/ESA_WorldCover_10m_2021_v200_N69E048_Map.tif
v200/2021/map/ESA_WorldCover_10m_2021_v200_N69E051_Map.tif,18728477,e62c8ae6f538398edfa8b39c8cfc1295-3,2022-10-26T12:58:13.000Z,https://esa-worldcover.s3.eu-central-1.amazonaws.com/v200/2021/map/ESA_WorldCover_10m_2021_v200_N69E051_Map.tif
v200/2021/map/ESA_WorldCover_10m_2021_v200_N69E054_Map.tif,29499999,a39a540810b69578e8004d47aa137d38-4,2022-10-26T13:01:16.000Z,https://esa-worldcover.s3.eu-central-1.amazonaws.com/v200/2021/map/ESA_WorldCover_10m_2021_v200_N69E054_Map.tif
v200/2021/map/ESA_WorldCover_10m_2021_v200_N69E057_Map.tif,11186689,ef0905c246107ac6307c3c44551a2c3f-2,2022-10-26T12:58:39.000Z,https://esa-worldcover.s3.eu-central-1.amazonaws.com/v200/2021/map/ESA_WorldCover_10m_2021_v200_N69E057_Map.tif
v200/2021/map/ESA_WorldCover_10m_2021_v200_N69E060_Map.tif,18051621,4a81cced2e0b6df58e58c5966bcd2a1d-3,2022-10-26T12:56:37.000Z,https://esa-worldcover.s3.eu-central-1.amazonaws.com/v200/2021/map/ESA_WorldCover_10m_2021_v200_N69E060_Map.tif
v200/2021/map/ESA_WorldCover_10m_2021_v200_N69E063_Map.tif,10658214,d97dc947d1ec2cfe8041d523d85b46fd-2,2022-10-26T12:54:21.000Z,https://esa-worldcover.s3.eu-central-1.amazonaws.com/v200/2021/map/ESA_WorldCover_10m_2021_v200_N69E063_Map.tif
v200/2021/map/ESA_WorldCover_10m_2021_v200_N69E066_Map.tif,38006993,faef52b51dad022385cbc5e1248cbe81-5,2022-10-26T12:59:42.000Z,https://esa-worldcover.s3.eu-central-1.amazonaws.com/v200/2021/map/ESA_WorldCover_10m_2021_v200_N69E066_Map.tif
v200/2021/map/ESA_WorldCover_10m_2021_v200_N69E069_Map.tif,82491232,e9e2c9ff2f51dcfa3801ea625fef4234-10,2022-10-26T13:00:45.000Z,https://esa-worldcover.s3.eu-central-1.amazonaws.com/v200/2021/map/ESA_WorldCover_10m_2021_v200_N69E069_Map.tif
v200/2021/map/ESA_WorldCover_10m_2021_v200_N69E072_Map.tif,38604710,2309fad2a779f1689f9c8a8bb4a14c8e-5,2022-10-26T12:59:56.000Z,https://esa-worldcover.s3.eu-central-1.amazonaws.com/v200/2021/map/ESA_WorldCover_10m_2021_v200_N69E072_Map.tif
v200/2021/map/ESA_WorldCover_10m_2021_v200_N69E075_Map.tif,56264007,7f0810d6eaef1fa5ae769f4846c06c59-7,2022-10-26T13:03:16.000Z,https://esa-worldcover.s3.eu-central-1.amazonaws.com/v200/2021/map/ESA_WorldCover_10m_2021_v200_N69E075_Map.tif
v200/2021/map/ESA_WorldCover_10m_2021_v200_N69E078_Map.tif,70624955,074b8ff5d7f7916527038024f4779839-9,2022-10-26T13:05:53.000Z,https://esa-worldcover.s3.eu-central-1.amazonaws.com/v200/2021/map/ESA_WorldCover_10m_2021_v200_N69E078_Map.tif
v200/2021/map/ESA_WorldCover_10m_2021_v200_N69E081_Map.tif,63783431,77a3a2baf83549c8276fe88d39bcc979-8,2022-10-26T13:01:33.000Z,https://esa-worldcover.s3.eu-central-1.amazonaws.com/v200/2021/map/ESA_WorldCover_10m_2021_v200_N69E081_Map.tif
v200/2021/map/ESA_WorldCover_10m_2021_v200_N69E084_Map.tif,86049284,efbd9fd992e804517254096d58499967-11,2022-10-26T13:04:48.000Z,https://esa-worldcover.s3.eu-central-1.amazonaws.com/v200/2021/map/ESA_WorldCover_10m_2021_v200_N69E084_Map.tif
v200/2021/map/ESA_WorldCover_10m_2021_v200_N69E087_Map.tif,86435298,5f9b6ad1e54abcc19adb0baa7f17fbb9-11,2022-10-26T13:05:39.000Z,https://esa-worldcover.s3.eu-central-1.amazonaws.com/v200/2021/map/ESA_WorldCover_10m_2021_v200_N69E087_Map.tif
v200/2021/map/ESA_WorldCover_10m_2021_v200_N69E090_Map.tif,75236148,d46772ee0ed99d79d223ff3ba37e296d-9,2022-10-26T13:05:18.000Z,https://esa-worldcover.s3.eu-central-1.amazonaws.com/v200/2021/map/ESA_WorldCover_10m_2021_v200_N69E090_Map.tif
v200/2021/map/ESA_WorldCover_10m_2021_v200_N69E093_Map.tif,72727860,e6fc8c0e2bf96baa21c1bc33ac5b4d62-9,2022-10-26T13:03:32.000Z,https://esa-worldcover.s3.eu-central-1.amazonaws.com/v200/2021/map/ESA_WorldCover_10m_2021_v200_N69E093_Map.tif
v200/2021/map/ESA_WorldCover_10m_2021_v200_N69E096_Map.tif,73536653,b5e90a334a91d9e3315dcf224b0ff7a1-9,2022-10-26T13:05:40.000Z,https://esa-worldcover.s3.eu-central-1.amazonaws.com/v200/2021/map/ESA_WorldCover_10m_2021_v200_N69E096_Map.tif
v200/2021/map/ESA_WorldCover_10m_2021_v200_N69E099_Map.tif,67120407,e37dc0cbd57036c39013999ad4d6c585-9,2022-10-26T13:03:43.000Z,https://esa-worldcover.s3.eu-central-1.amazonaws.com/v200/2021/map/ESA_WorldCover_10m_2021_v200_N69E099_Map.tif
v200/2021/map/ESA_WorldCover_10m_2021_v200_N69E102_Map.tif,62157660,66db64540c4ef010ddc8c4993db26e25-8,2022-10-26T13:02:48.000Z,https://esa-worldcover.s3.eu-central-1.amazonaws.com/v200/2021/map/ESA_WorldCover_10m_2021_v200_N69E102_Map.tif
v200/2021/map/ESA_WorldCover_10m_2021_v200_N69E105_Map.tif,53839857,55ce02fc5b102af983c1c852b9140d90-7,2022-10-26T13:04:25.000Z,https://esa-worldcover.s3.eu-central-1.amazonaws.com/v200/2021/map/ESA_WorldCover_10m_2021_v200_N69E105_Map.tif
v200/2021/map/ESA_WorldCover_10m_2021_v200_N69E108_Map.tif,55796284,358025fa65aaf33938eafb3a0063a2d3-7,2022-10-26T13:02:17.000Z,https://esa-worldcover.s3.eu-central-1.amazonaws.com/v200/2021/map/ESA_WorldCover_10m_2021_v200_N69E108_Map.tif
v200/2021/map/ESA_WorldCover_10m_2021_v200_N69E111_Map.tif,40082666,d7bb8d515becfaad0f76070851755c54-5,2022-10-26T13:02:30.000Z,https://esa-worldcover.s3.eu-central-1.amazonaws.com/v200/2021/map/ESA_WorldCover_10m_2021_v200_N69E111_Map.tif
v200/2021/map/ESA_WorldCover_10m_2021_v200_N69E114_Map.tif,31600376,3195a9c36dddf4ce4121f1eecfd6c1b7-4,2022-10-26T13:01:16.000Z,https://esa-worldcover.s3.eu-central-1.amazonaws.com/v200/2021/map/ESA_WorldCover_10m_2021_v200_N69E114_Map.tif
v200/2021/map/ESA_WorldCover_10m_2021_v200_N69E117_Map.tif,41879542,ebc68532ee8b062f283fe87ae92fb960-5,2022-10-26T13:00:57.000Z,https://esa-worldcover.s3.eu-central-1.amazonaws.com/v200/2021/map/ESA_WorldCover_10m_2021_v200_N69E117_Map.tif
v200/2021/map/ESA_WorldCover_10m_2021_v200_N69E120_Map.tif,48234686,dec44ac2a60f7cab068a35fc7a9970d0-6,2022-10-26T13:01:38.000Z,https://esa-worldcover.s3.eu-central-1.amazonaws.com/v200/2021/map/ESA_WorldCover_10m_2021_v200_N69E120_Map.tif
v200/2021/map/ESA_WorldCover_10m_2021_v200_N69E123_Map.tif,61235107,88bc9387917f795118d8b61623632ab0-8,2022-10-26T13:02:42.000Z,https://esa-worldcover.s3.eu-central-1.amazonaws.com/v200/2021/map/ESA_WorldCover_10m_2021_v200_N69E123_Map.tif
v200/2021/map/ESA_WorldCover_10m_2021_v200_N69E126_Map.tif,74578204,ab3d2205a5d3666b7994b54e692c700c-9,2022-10-26T13:05:02.000Z,https://esa-worldcover.s3.eu-central-1.amazonaws.com/v200/2021/map/ESA_WorldCover_10m_2021_v200_N69E126_Map.tif
v200/2021/map/ESA_WorldCover_10m_2021_v200_N69E129_Map.tif,59989287,c59e43d0785ded84e3e6f7e07c005b93-8,2022-10-26T13:00:09.000Z,https://esa-worldcover.s3.eu-central-1.amazonaws.com/v200/2021/map/ESA_WorldCover_10m_2021_v200_N69E129_Map.tif
v200/2021/map/ESA_WorldCover_10m_2021_v200_N69E132_Map.tif,51679376,2deab376304783322c4f09f7b5f45a20-7,2022-10-26T13:04:34.000Z,https://esa-worldcover.s3.eu-central-1.amazonaws.com/v200/2021/map/ESA_WorldCover_10m_2021_v200_N69E132_Map.tif
v200/2021/map/ESA_WorldCover_10m_2021_v200_N69E135_Map.tif,51451530,7bb9a751440d8694aedbde09719355b3-7,2022-10-26T12:59:49.000Z,https://esa-worldcover.s3.eu-central-1.amazonaws.com/v200/2021/map/ESA_WorldCover_10m_2021_v200_N69E135_Map.tif
v200/2021/map/ESA_WorldCover_10m_2021_v200_N69E138_Map.tif,63490421,046d90b6cdffa4711fd1095909721c40-8,2022-10-26T13:05:22.000Z,https://esa-worldcover.s3.eu-central-1.amazonaws.com/v200/2021/map/ESA_WorldCover_10m_2021_v200_N69E138_Map.tif
v200/2021/map/ESA_WorldCover_10m_2021_v200_N69E141_Map.tif,59271573,47e35d02e02affa291a64e8e28ea617a-8,2022-10-26T13:00:47.000Z,https://esa-worldcover.s3.eu-central-1.amazonaws.com/v200/2021/map/ESA_WorldCover_10m_2021_v200_N69E141_Map.tif
v200/2021/map/ESA_WorldCover_10m_2021_v200_N69E144_Map.tif,50671576,0fb94a64cab877caaa57da6f1f9a597f-7,2022-10-26T13:05:32.000Z,https://esa-worldcover.s3.eu-central-1.amazonaws.com/v200/2021/map/ESA_WorldCover_10m_2021_v200_N69E144_Map.tif
v200/2021/map/ESA_WorldCover_10m_2021_v200_N69E147_Map.tif,52233746,6a89ee61f22ace7aca14cbaa05332ecd-7,2022-10-26T13:02:45.000Z,https://esa-worldcover.s3.eu-central-1.amazonaws.com/v200/2021/map/ESA_WorldCover_10m_2021_v200_N69E147_Map.tif
v200/2021/map/ESA_WorldCover_10m_2021_v200_N69E150_Map.tif,45354872,c67f4b36b010b3a66dc131887e2242f8-6,2022-10-26T13:04:39.000Z,https://esa-worldcover.s3.eu-central-1.amazonaws.com/v200/2021/map/ESA_WorldCover_10m_2021_v200_N69E150_Map.tif
v200/2021/map/ESA_WorldCover_10m_2021_v200_N69E153_Map.tif,43144544,0e8cfb2cff80fddb3d94e4d42f05b628-6,2022-10-26T13:03:59.000Z,https://esa-worldcover.s3.eu-central-1.amazonaws.com/v200/2021/map/ESA_WorldCover_10m_2021_v200_N69E153_Map.tif
v200/2021/map/ESA_WorldCover_10m_2021_v200_N69E156_Map.tif,39631145,495bf30dc0ab5592dacd4f8fb10289e4-5,2022-10-26T13:01:02.000Z,https://esa-worldcover.s3.eu-central-1.amazonaws.com/v200/2021/map/ESA_WorldCover_10m_2021_v200_N69E156_Map.tif
v200/2021/map/ESA_WorldCover_10m_2021_v200_N69E159_Map.tif,16923637,bc5b57d6ad9dfcc6f61f7cb30d11c273-3,2022-10-26T12:58:33.000Z,https://esa-worldcover.s3.eu-central-1.amazonaws.com/v200/2021/map/ESA_WorldCover_10m_2021_v200_N69E159_Map.tif
v200/2021/map/ESA_WorldCover_10m_2021_v200_N69E162_Map.tif,13055130,e59a5cd8584c617d2cbaf8fffebc4c6c-2,2022-10-26T12:56:55.000Z,https://esa-worldcover.s3.eu-central-1.amazonaws.com/v200/2021/map/ESA_WorldCover_10m_2021_v200_N69E162_Map.tif
v200/2021/map/ESA_WorldCover_10m_2021_v200_N69E165_Map.tif,11087345,505d22f0ba8442a66583900daed0fda6-2,2022-10-26T12:56:47.000Z,https://esa-worldcover.s3.eu-central-1.amazonaws.com/v200/2021/map/ESA_WorldCover_10m_2021_v200_N69E165_Map.tif
v200/2021/map/ESA_WorldCover_10m_2021_v200_N69E168_Map.tif,10532083,3eff2efdf778233bacf17bbf0d3d44c3-2,2022-10-26T12:55:39.000Z,https://esa-worldcover.s3.eu-central-1.amazonaws.com/v200/2021/map/ESA_WorldCover_10m_2021_v200_N69E168_Map.tif
v200/2021/map/ESA_WorldCover_10m_2021_v200_N69E171_Map.tif,20545288,4163baf454c8b045149ac4fb3c2760f8-3,2022-10-26T12:58:35.000Z,https://esa-worldcover.s3.eu-central-1.amazonaws.com/v200/2021/map/ESA_WorldCover_10m_2021_v200_N69E171_Map.tif
v200/2021/map/ESA_WorldCover_10m_2021_v200_N69E174_Map.tif,18406355,28f28ff7344e46d60b9454b35a1dd2a4-3,2022-10-26T12:56:42.000Z,https://esa-worldcover.s3.eu-central-1.amazonaws.com/v200/2021/map/ESA_WorldCover_10m_2021_v200_N69E174_Map.tif
v200/2021/map/ESA_WorldCover_10m_2021_v200_N69E177_Map.tif,13137652,ab83374fe16d9e5d0b686948e18cafd4-2,2022-10-26T13:04:44.000Z,https://esa-worldcover.s3.eu-central-1.amazonaws.com/v200/2021/map/ESA_WorldCover_10m_2021_v200_N69E177_Map.tif
v200/2021/map/ESA_WorldCover_10m_2021_v200_N69W009_Map.tif,2772084,de9ebd6b6cabd9f9c8995e72bf1b5dd4,2022-10-26T12:53:17.000Z,https://esa-worldcover.s3.eu-central-1.amazonaws.com/v200/2021/map/ESA_WorldCover_10m_2021_v200_N69W009_Map.tif
v200/2021/map/ESA_WorldCover_10m_2021_v200_N69W012_Map.tif,2038516,58add4463def97078c3b11979b81bc96,2022-10-26T12:53:22.000Z,https://esa-worldcover.s3.eu-central-1.amazonaws.com/v200/2021/map/ESA_WorldCover_10m_2021_v200_N69W012_Map.tif
v200/2021/map/ESA_WorldCover_10m_2021_v200_N69W024_Map.tif,31164052,8c58678a97713f3d7657c3ddf8b0e56a-4,2022-10-26T12:59:51.000Z,https://esa-worldcover.s3.eu-central-1.amazonaws.com/v200/2021/map/ESA_WorldCover_10m_2021_v200_N69W024_Map.tif
v200/2021/map/ESA_WorldCover_10m_2021_v200_N69W027_Map.tif,36929261,0675b87fe5e148819e6313924690798b-5,2022-10-26T13:04:55.000Z,https://esa-worldcover.s3.eu-central-1.amazonaws.com/v200/2021/map/ESA_WorldCover_10m_2021_v200_N69W027_Map.tif
v200/2021/map/ESA_WorldCover_10m_2021_v200_N69W030_Map.tif,28767387,b7eb30919663adeb38139567a5b33c1b-4,2022-10-26T13:00:06.000Z,https://esa-worldcover.s3.eu-central-1.amazonaws.com/v200/2021/map/ESA_WorldCover_10m_2021_v200_N69W030_Map.tif
v200/2021/map/ESA_WorldCover_10m_2021_v200_N69W033_Map.tif,2856148,2742c96d8462d95ac2304b054d864610,2022-10-26T12:58:22.000Z,https://esa-worldcover.s3.eu-central-1.amazonaws.com/v200/2021/map/ESA_WorldCover_10m_2021_v200_N69W033_Map.tif
v200/2021/map/ESA_WorldCover_10m_2021_v200_N69W036_Map.tif,2110324,5521c2201ba287430991ca123b38a66a,2022-10-26T13:01:33.000Z,https://esa-worldcover.s3.eu-central-1.amazonaws.com/v200/2021/map/ESA_WorldCover_10m_2021_v200_N69W036_Map.tif
v200/2021/map/ESA_WorldCover_10m_2021_v200_N69W039_Map.tif,2110191,73fe46174e50b900270b2ef750d80eb0,2022-10-26T13:03:17.000Z,https://esa-worldcover.s3.eu-central-1.amazonaws.com/v200/2021/map/ESA_WorldCover_10m_2021_v200_N69W039_Map.tif
v200/2021/map/ESA_WorldCover_10m_2021_v200_N69W042_Map.tif,2110191,39cd0d548c89438e5a6a5a292c18d196,2022-10-26T12:59:34.000Z,https://esa-worldcover.s3.eu-central-1.amazonaws.com/v200/2021/map/ESA_WorldCover_10m_2021_v200_N69W042_Map.tif
v200/2021/map/ESA_WorldCover_10m_2021_v200_N69W045_Map.tif,2110191,76871e962c2bef61a567db8f5e76fee5,2022-10-26T13:01:17.000Z,https://esa-worldcover.s3.eu-central-1.amazonaws.com/v200/2021/map/ESA_WorldCover_10m_2021_v200_N69W045_Map.tif
v200/2021/map/ESA_WorldCover_10m_2021_v200_N69W048_Map.tif,2110191,34cfc700b3d9fc97babf032575e68a7c,2022-10-26T13:04:33.000Z,https://esa-worldcover.s3.eu-central-1.amazonaws.com/v200/2021/map/ESA_WorldCover_10m_2021_v200_N69W048_Map.tif
v200/2021/map/ESA_WorldCover_10m_2021_v200_N69W051_Map.tif,14153286,22e7028b6edc53a31bd62d7f3da51c91-2,2022-10-26T13:00:46.000Z,https://esa-worldcover.s3.eu-central-1.amazonaws.com/v200/2021/map/ESA_WorldCover_10m_2021_v200_N69W051_Map.tif
v200/2021/map/ESA_WorldCover_10m_2021_v200_N69W054_Map.tif,43552003,fc8d78364edf8862aea5ecc0471b978b-6,2022-10-26T13:03:37.000Z,https://esa-worldcover.s3.eu-central-1.amazonaws.com/v200/2021/map/ESA_WorldCover_10m_2021_v200_N69W054_Map.tif
v200/2021/map/ESA_WorldCover_10m_2021_v200_N69W057_Map.tif,20466486,78838ad85034a525f2045595053bd1cb-3,2022-10-26T12:56:16.000Z,https://esa-worldcover.s3.eu-central-1.amazonaws.com/v200/2021/map/ESA_WorldCover_10m_2021_v200_N69W057_Map.tif
v200/2021/map/ESA_WorldCover_10m_2021_v200_N69W069_Map.tif,20442610,d517153eb4454fc2413d3ddccd302873-3,2022-10-26T13:01:05.000Z,https://esa-worldcover.s3.eu-central-1.amazonaws.com/v200/2021/map/ESA_WorldCover_10m_2021_v200_N69W069_Map.tif
v200/2021/map/ESA_WorldCover_10m_2021_v200_N69W072_Map.tif,46629229,93a24db92b3fe15f78bf217e9e397260-6,2022-10-26T13:04:09.000Z,https://esa-worldcover.s3.eu-central-1.amazonaws.com/v200/2021/map/ESA_WorldCover_10m_2021_v200_N69W072_Map.tif
v200/2021/map/ESA_WorldCover_10m_2021_v200_N69W075_Map.tif,55430609,a546d15b06df65f1a888359482afd773-7,2022-10-26T13:02:30.000Z,https://esa-worldcover.s3.eu-central-1.amazonaws.com/v200/2021/map/ESA_WorldCover_10m_2021_v200_N69W075_Map.tif
v200/2021/map/ESA_WorldCover_10m_2021_v200_N69W078_Map.tif,69569426,b2662f2e2973ca5efb48dc4756ae3cbf-9,2022-10-26T13:05:28.000Z,https://esa-worldcover.s3.eu-central-1.amazonaws.com/v200/2021/map/ESA_WorldCover_10m_2021_v200_N69W078_Map.tif
v200/2021/map/ESA_WorldCover_10m_2021_v200_N69W081_Map.tif,55478690,950e531b5fc5fc037b590d1ac97d0aff-7,2022-10-26T12:59:12.000Z,https://esa-worldcover.s3.eu-central-1.amazonaws.com/v200/2021/map/ESA_WorldCover_10m_2021_v200_N69W081_Map.tif
v200/2021/map/ESA_WorldCover_10m_2021_v200_N69W084_Map.tif,64552919,f17fd973c99970cc2e275b91497b0b35-8,2022-10-26T13:01:08.000Z,https://esa-worldcover.s3.eu-central-1.amazonaws.com/v200/2021/map/ESA_WorldCover_10m_2021_v200_N69W084_Map.tif
v200/2021/map/ESA_WorldCover_10m_2021_v200_N69W087_Map.tif,56260477,489c5e7f48f44a0388195639f92f8973-7,2022-10-26T13:00:21.000Z,https://esa-worldcover.s3.eu-central-1.amazonaws.com/v200/2021/map/ESA_WorldCover_10m_2021_v200_N69W087_Map.tif
v200/2021/map/ESA_WorldCover_10m_2021_v200_N69W090_Map.tif,40118901,20fafc8d933d933d4a926873c42ec68d-5,2022-10-26T13:01:22.000Z,https://esa-worldcover.s3.eu-central-1.amazonaws.com/v200/2021/map/ESA_WorldCover_10m_2021_v200_N69W090_Map.tif
v200/2021/map/ESA_WorldCover_10m_2021_v200_N69W093_Map.tif,28158540,3c66c490cbc686cce52434906c4a6190-4,2022-10-26T13:04:13.000Z,https://esa-worldcover.s3.eu-central-1.amazonaws.com/v200/2021/map/ESA_WorldCover_10m_2021_v200_N69W093_Map.tif
v200/2021/map/ESA_WorldCover_10m_2021_v200_N69W096_Map.tif,67708951,7ec8065feb51f60091405714f3e85adb-9,2022-10-26T13:00:37.000Z,https://esa-worldcover.s3.eu-central-1.amazonaws.com/v200/2021/map/ESA_WorldCover_10m_2021_v200_N69W096_Map.tif
v200/2021/map/ESA_WorldCover_10m_2021_v200_N69W099_Map.tif,39772683,52d75f453ac61bc2156908ebed08a2be-5,2022-10-26T13:03:57.000Z,https://esa-worldcover.s3.eu-central-1.amazonaws.com/v200/2021/map/ESA_WorldCover_10m_2021_v200_N69W099_Map.tif
v200/2021/map/ESA_WorldCover_10m_2021_v200_N69W102_Map.tif,17117522,14091ec730bc075f0477aea920c151a2-3,2022-10-26T12:57:53.000Z,https://esa-worldcover.s3.eu-central-1.amazonaws.com/v200/2021/map/ESA_WorldCover_10m_2021_v200_N69W102_Map.tif
v200/2021/map/ESA_WorldCover_10m_2021_v200_N69W105_Map.tif,52952337,78690bec40d3a36148913c3565d417d5-7,2022-10-26T12:58:56.000Z,https://esa-worldcover.s3.eu-central-1.amazonaws.com/v200/2021/map/ESA_WorldCover_10m_2021_v200_N69W105_Map.tif
v200/2021/map/ESA_WorldCover_10m_2021_v200_N69W108_Map.tif,58072314,30d6725f6a855048bc4e0809a1610542-7,2022-10-26T13:05:13.000Z,https://esa-worldcover.s3.eu-central-1.amazonaws.com/v200/2021/map/ESA_WorldCover_10m_2021_v200_N69W108_Map.tif
v200/2021/map/ESA_WorldCover_10m_2021_v200_N69W111_Map.tif,56872827,c5a9662eec5531841106bb31b8b22c1d-7,2022-10-26T13:04:32.000Z,https://esa-worldcover.s3.eu-central-1.amazonaws.com/v200/2021/map/ESA_WorldCover_10m_2021_v200_N69W111_Map.tif
v200/2021/map/ESA_WorldCover_10m_2021_v200_N69W114_Map.tif,55109452,e86e2d573b2855c57ad0b59bba930835-7,2022-10-26T13:04:57.000Z,https://esa-worldcover.s3.eu-central-1.amazonaws.com/v200/2021/map/ESA_WorldCover_10m_2021_v200_N69W114_Map.tif
v200/2021/map/ESA_WorldCover_10m_2021_v200_N69W117_Map.tif,53654571,c7b5678378485d37b74de80202f337ea-7,2022-10-26T13:01:17.000Z,https://esa-worldcover.s3.eu-central-1.amazonaws.com/v200/2021/map/ESA_WorldCover_10m_2021_v200_N69W117_Map.tif
v200/2021/map/ESA_WorldCover_10m_2021_v200_N69W120_Map.tif,21068190,0ae0ddf71f39edaa95e6a8997ef798d6-3,2022-10-26T13:01:35.000Z,https://esa-worldcover.s3.eu-central-1.amazonaws.com/v200/2021/map/ESA_WorldCover_10m_2021_v200_N69W120_Map.tif
v200/2021/map/ESA_WorldCover_10m_2021_v200_N69W123_Map.tif,31245948,c9ff355bd5231b99718b06c25178f723-4,2022-10-26T13:02:16.000Z,https://esa-worldcover.s3.eu-central-1.amazonaws.com/v200/2021/map/ESA_WorldCover_10m_2021_v200_N69W123_Map.tif
v200/2021/map/ESA_WorldCover_10m_2021_v200_N69W126_Map.tif,26223490,f1c80cfd1529f502c90f70bcac50f377-4,2022-10-26T13:02:13.000Z,https://esa-worldcover.s3.eu-central-1.amazonaws.com/v200/2021/map/ESA_WorldCover_10m_2021_v200_N69W126_Map.tif
v200/2021/map/ESA_WorldCover_10m_2021_v200_N69W129_Map.tif,23249842,c4aa8672bfa96b0010e134120ee8c241-3,2022-10-26T13:03:17.000Z,https://esa-worldcover.s3.eu-central-1.amazonaws.com/v200/2021/map/ESA_WorldCover_10m_2021_v200_N69W129_Map.tif
v200/2021/map/ESA_WorldCover_10m_2021_v200_N69W132_Map.tif,19098914,4ee0a47549343e1efabca30d14a6f7d7-3,2022-10-26T12:56:09.000Z,https://esa-worldcover.s3.eu-central-1.amazonaws.com/v200/2021/map/ESA_WorldCover_10m_2021_v200_N69W132_Map.tif
v200/2021/map/ESA_WorldCover_10m_2021_v200_N69W135_Map.tif,11872671,cfb5a692610dbe45a3bbd739a50f0aa7-2,2022-10-26T12:54:01.000Z,https://esa-worldcover.s3.eu-central-1.amazonaws.com/v200/2021/map/ESA_WorldCover_10m_2021_v200_N69W135_Map.tif
v200/2021/map/ESA_WorldCover_10m_2021_v200_N69W138_Map.tif,4910358,4db2290daab8c4bea445ce1c24cd6699,2022-10-26T12:54:42.000Z,https://esa-worldcover.s3.eu-central-1.amazonaws.com/v200/2021/map/ESA_WorldCover_10m_2021_v200_N69W138_Map.tif
v200/2021/map/ESA_WorldCover_10m_2021_v200_N69W141_Map.tif,12376658,72b81524fb9d38496defe8cc28a2497a-2,2022-10-26T12:55:18.000Z,https://esa-worldcover.s3.eu-central-1.amazonaws.com/v200/2021/map/ESA_WorldCover_10m_2021_v200_N69W141_Map.tif
v200/2021/map/ESA_WorldCover_10m_2021_v200_N69W144_Map.tif,23780663,b50a8c7c3398c382f3b9c1121a7cf1f8-3,2022-10-26T12:57:55.000Z,https://esa-worldcover.s3.eu-central-1.amazonaws.com/v200/2021/map/ESA_WorldCover_10m_2021_v200_N69W144_Map.tif
v200/2021/map/ESA_WorldCover_10m_2021_v200_N69W147_Map.tif,24689330,cb21741323c45aeefa282e249f5a4a20-3,2022-10-26T12:56:17.000Z,https://esa-worldcover.s3.eu-central-1.amazonaws.com/v200/2021/map/ESA_WorldCover_10m_2021_v200_N69W147_Map.tif
v200/2021/map/ESA_WorldCover_10m_2021_v200_N69W150_Map.tif,29329349,75889a1e43e36efdd8d39178cb7a98a2-4,2022-10-26T12:55:56.000Z,https://esa-worldcover.s3.eu-central-1.amazonaws.com/v200/2021/map/ESA_WorldCover_10m_2021_v200_N69W150_Map.tif
v200/2021/map/ESA_WorldCover_10m_2021_v200_N69W153_Map.tif,33605726,017af2342179b775666dd4e80cd285cb-5,2022-10-26T12:56:23.000Z,https://esa-worldcover.s3.eu-central-1.amazonaws.com/v200/2021/map/ESA_WorldCover_10m_2021_v200_N69W153_Map.tif
v200/2021/map/ESA_WorldCover_10m_2021_v200_N69W156_Map.tif,36876929,056afed16ada9c0cb40761e6aac73bcb-5,2022-10-26T13:03:26.000Z,https://esa-worldcover.s3.eu-central-1.amazonaws.com/v200/2021/map/ESA_WorldCover_10m_2021_v200_N69W156_Map.tif
v200/2021/map/ESA_WorldCover_10m_2021_v200_N69W159_Map.tif,36965337,b1563db7cc32f8b445b51eed63f56142-5,2022-10-26T13:01:35.000Z,https://esa-worldcover.s3.eu-central-1.amazonaws.com/v200/2021/map/ESA_WorldCover_10m_2021_v200_N69W159_Map.tif
v200/2021/map/ESA_WorldCover_10m_2021_v200_N69W162_Map.tif,30015339,8276ec21ebd3f0642116859d15604a2d-4,2022-10-26T13:00:02.000Z,https://esa-worldcover.s3.eu-central-1.amazonaws.com/v200/2021/map/ESA_WorldCover_10m_2021_v200_N69W162_Map.tif
v200/2021/map/ESA_WorldCover_10m_2021_v200_N69W165_Map.tif,9046342,e1d567b1d5f6b6f67e6499da77e594b0-2,2022-10-26T12:55:06.000Z,https://esa-worldcover.s3.eu-central-1.amazonaws.com/v200/2021/map/ESA_WorldCover_10m_2021_v200_N69W165_Map.tif
v200/2021/map/ESA_WorldCover_10m_2021_v200_N69W177_Map.tif,2087708,06f735a0b53487a99c1e3b637298f64e,2022-10-26T12:52:23.000Z,https://esa-worldcover.s3.eu-central-1.amazonaws.com/v200/2021/map/ESA_WorldCover_10m_2021_v200_N69W177_Map.tif
v200/2021/map/ESA_WorldCover_10m_2021_v200_N69W180_Map.tif,14546408,2f066f03629f94cafb4d36ba4333c0fa-2,2022-10-26T13:00:26.000Z,https://esa-worldcover.s3.eu-central-1.amazonaws.com/v200/2021/map/ESA_WorldCover_10m_2021_v200_N69W180_Map.tif
v200/2021/map/ESA_WorldCover_10m_2021_v200_N72E018_Map.tif,2605530,57d250ee56d1d089f032e74eb80fbc06,2022-10-26T12:54:03.000Z,https://esa-worldcover.s3.eu-central-1.amazonaws.com/v200/2021/map/ESA_WorldCover_10m_2021_v200_N72E018_Map.tif
v200/2021/map/ESA_WorldCover_10m_2021_v200_N72E051_Map.tif,14497431,4e1c932b1ba343066cb8171f5ad6b445-2,2022-10-26T12:57:28.000Z,https://esa-worldcover.s3.eu-central-1.amazonaws.com/v200/2021/map/ESA_WorldCover_10m_2021_v200_N72E051_Map.tif
v200/2021/map/ESA_WorldCover_10m_2021_v200_N72E054_Map.tif,43199651,bf90934edae02aa67175f9fc2665b967-6,2022-10-26T13:04:54.000Z,https://esa-worldcover.s3.eu-central-1.amazonaws.com/v200/2021/map/ESA_WorldCover_10m_2021_v200_N72E054_Map.tif
v200/2021/map/ESA_WorldCover_10m_2021_v200_N72E057_Map.tif,16145779,13acbcab333e28a51f0248426ddfe6b8-2,2022-10-26T12:57:26.000Z,https://esa-worldcover.s3.eu-central-1.amazonaws.com/v200/2021/map/ESA_WorldCover_10m_2021_v200_N72E057_Map.tif
v200/2021/map/ESA_WorldCover_10m_2021_v200_N72E060_Map.tif,2769487,691117f21e810c200e7a40b8d5fb382f,2022-10-26T12:53:59.000Z,https://esa-worldcover.s3.eu-central-1.amazonaws.com/v200/2021/map/ESA_WorldCover_10m_2021_v200_N72E060_Map.tif
v200/2021/map/ESA_WorldCover_10m_2021_v200_N72E066_Map.tif,3048656,275a200baa276debfddb1d602ca16c37,2022-10-26T12:55:05.000Z,https://esa-worldcover.s3.eu-central-1.amazonaws.com/v200/2021/map/ESA_WorldCover_10m_2021_v200_N72E066_Map.tif
v200/2021/map/ESA_WorldCover_10m_2021_v200_N72E069_Map.tif,28250005,2253b21a3d8a009e085cb1beec0c8959-4,2022-10-26T12:59:58.000Z,https://esa-worldcover.s3.eu-central-1.amazonaws.com/v200/2021/map/ESA_WorldCover_10m_2021_v200_N72E069_Map.tif
v200/2021/map/ESA_WorldCover_10m_2021_v200_N72E072_Map.tif,8206409,ac53686ff7730060f19b4f7207dc1063,2022-10-26T12:59:04.000Z,https://esa-worldcover.s3.eu-central-1.amazonaws.com/v200/2021/map/ESA_WorldCover_10m_2021_v200_N72E072_Map.tif
v200/2021/map/ESA_WorldCover_10m_2021_v200_N72E075_Map.tif,6806990,11d23120ccad3fd40b535493f5d58db8,2022-10-26T12:57:22.000Z,https://esa-worldcover.s3.eu-central-1.amazonaws.com/v200/2021/map/ESA_WorldCover_10m_2021_v200_N72E075_Map.tif
v200/2021/map/ESA_WorldCover_10m_2021_v200_N72E078_Map.tif,11668023,7b67acfc504ca07c26e2539d6a8678eb-2,2022-10-26T13:03:41.000Z,https://esa-worldcover.s3.eu-central-1.amazonaws.com/v200/2021/map/ESA_WorldCover_10m_2021_v200_N72E078_Map.tif
v200/2021/map/ESA_WorldCover_10m_2021_v200_N72E081_Map.tif,31301790,7f6fc3345eae631ec520dee9e4bbbe70-4,2022-10-26T13:04:35.000Z,https://esa-worldcover.s3.eu-central-1.amazonaws.com/v200/2021/map/ESA_WorldCover_10m_2021_v200_N72E081_Map.tif
v200/2021/map/ESA_WorldCover_10m_2021_v200_N72E084_Map.tif,47988758,70d18682548e0b9c769bc2c7133b9b44-6,2022-10-26T13:05:54.000Z,https://esa-worldcover.s3.eu-central-1.amazonaws.com/v200/2021/map/ESA_WorldCover_10m_2021_v200_N72E084_Map.tif
v200/2021/map/ESA_WorldCover_10m_2021_v200_N72E087_Map.tif,54215243,57b249e745f7e91a34f9342b3a06a1d1-7,2022-10-26T13:06:03.000Z,https://esa-worldcover.s3.eu-central-1.amazonaws.com/v200/2021/map/ESA_WorldCover_10m_2021_v200_N72E087_Map.tif
v200/2021/map/ESA_WorldCover_10m_2021_v200_N72E090_Map.tif,58713866,07b5550246186364bfd80ab26376a5ea-7,2022-10-26T13:05:54.000Z,https://esa-worldcover.s3.eu-central-1.amazonaws.com/v200/2021/map/ESA_WorldCover_10m_2021_v200_N72E090_Map.tif
v200/2021/map/ESA_WorldCover_10m_2021_v200_N72E093_Map.tif,57168821,bfdfa563e08d868a911f78419ea25029-7,2022-10-26T13:04:54.000Z,https://esa-worldcover.s3.eu-central-1.amazonaws.com/v200/2021/map/ESA_WorldCover_10m_2021_v200_N72E093_Map.tif
v200/2021/map/ESA_WorldCover_10m_2021_v200_N72E096_Map.tif,55056914,02ca0d65699192404f126a1bd68bc64b-7,2022-10-26T13:06:08.000Z,https://esa-worldcover.s3.eu-central-1.amazonaws.com/v200/2021/map/ESA_WorldCover_10m_2021_v200_N72E096_Map.tif
v200/2021/map/ESA_WorldCover_10m_2021_v200_N72E099_Map.tif,64947234,851ae23a6fa5ce65dc6a7fe269139652-8,2022-10-26T13:02:39.000Z,https://esa-worldcover.s3.eu-central-1.amazonaws.com/v200/2021/map/ESA_WorldCover_10m_2021_v200_N72E099_Map.tif
v200/2021/map/ESA_WorldCover_10m_2021_v200_N72E102_Map.tif,70149033,7663880c7fa027079b93e435fba25d46-9,2022-10-26T13:06:01.000Z,https://esa-worldcover.s3.eu-central-1.amazonaws.com/v200/2021/map/ESA_WorldCover_10m_2021_v200_N72E102_Map.tif
v200/2021/map/ESA_WorldCover_10m_2021_v200_N72E105_Map.tif,65658053,3dd7e7c1ce13f41ebab025a86f2d307d-8,2022-10-26T13:04:17.000Z,https://esa-worldcover.s3.eu-central-1.amazonaws.com/v200/2021/map/ESA_WorldCover_10m_2021_v200_N72E105_Map.tif
v200/2021/map/ESA_WorldCover_10m_2021_v200_N72E108_Map.tif,60593786,ec7abe77fba0dbb2352b15f0bcadd3df-8,2022-10-26T13:04:14.000Z,https://esa-worldcover.s3.eu-central-1.amazonaws.com/v200/2021/map/ESA_WorldCover_10m_2021_v200_N72E108_Map.tif
v200/2021/map/ESA_WorldCover_10m_2021_v200_N72E111_Map.tif,47978355,3238867883b5a3006878066653d99e46-6,2022-10-26T13:05:30.000Z,https://esa-worldcover.s3.eu-central-1.amazonaws.com/v200/2021/map/ESA_WorldCover_10m_2021_v200_N72E111_Map.tif
v200/2021/map/ESA_WorldCover_10m_2021_v200_N72E114_Map.tif,38636478,913ae1ca4c1c2163de3630ce2bf38a0d-5,2022-10-26T13:02:25.000Z,https://esa-worldcover.s3.eu-central-1.amazonaws.com/v200/2021/map/ESA_WorldCover_10m_2021_v200_N72E114_Map.tif
v200/2021/map/ESA_WorldCover_10m_2021_v200_N72E117_Map.tif,32600917,a308d38591970af533fad1b1949c5299-4,2022-10-26T13:03:02.000Z,https://esa-worldcover.s3.eu-central-1.amazonaws.com/v200/2021/map/ESA_WorldCover_10m_2021_v200_N72E117_Map.tif
v200/2021/map/ESA_WorldCover_10m_2021_v200_N72E120_Map.tif,19544916,7da783ab4670e3a58a7a103d3bb9f620-3,2022-10-26T13:00:38.000Z,https://esa-worldcover.s3.eu-central-1.amazonaws.com/v200/2021/map/ESA_WorldCover_10m_2021_v200_N72E120_Map.tif
v200/2021/map/ESA_WorldCover_10m_2021_v200_N72E123_Map.tif,26937753,f1f1875f88a45718964c9595c184604c-4,2022-10-26T13:04:20.000Z,https://esa-worldcover.s3.eu-central-1.amazonaws.com/v200/2021/map/ESA_WorldCover_10m_2021_v200_N72E123_Map.tif
v200/2021/map/ESA_WorldCover_10m_2021_v200_N72E126_Map.tif,20554152,086c6059d2982cc6cc07362014de2aa1-3,2022-10-26T13:03:21.000Z,https://esa-worldcover.s3.eu-central-1.amazonaws.com/v200/2021/map/ESA_WorldCover_10m_2021_v200_N72E126_Map.tif
v200/2021/map/ESA_WorldCover_10m_2021_v200_N72E129_Map.tif,3226813,b51d78ddbb950367cf29bad528d9594f,2022-10-26T12:58:19.000Z,https://esa-worldcover.s3.eu-central-1.amazonaws.com/v200/2021/map/ESA_WorldCover_10m_2021_v200_N72E129_Map.tif
v200/2021/map/ESA_WorldCover_10m_2021_v200_N72E132_Map.tif,1954370,8e3afe4251d9d8f2be8a20c26f68a371,2022-10-26T12:54:34.000Z,https://esa-worldcover.s3.eu-central-1.amazonaws.com/v200/2021/map/ESA_WorldCover_10m_2021_v200_N72E132_Map.tif
v200/2021/map/ESA_WorldCover_10m_2021_v200_N72E135_Map.tif,3418896,42c59a3336a453b5c9ed3079f4fd4ac3,2022-10-26T13:00:28.000Z,https://esa-worldcover.s3.eu-central-1.amazonaws.com/v200/2021/map/ESA_WorldCover_10m_2021_v200_N72E135_Map.tif
v200/2021/map/ESA_WorldCover_10m_2021_v200_N72E138_Map.tif,16689390,bcfca861a398c0dbaf364bd5ad246cca-2,2022-10-26T12:59:08.000Z,https://esa-worldcover.s3.eu-central-1.amazonaws.com/v200/2021/map/ESA_WorldCover_10m_2021_v200_N72E138_Map.tif
v200/2021/map/ESA_WorldCover_10m_2021_v200_N72E141_Map.tif,28724591,d198c9ac28a46b6eb900da43c01e9e1e-4,2022-10-26T13:00:37.000Z,https://esa-worldcover.s3.eu-central-1.amazonaws.com/v200/2021/map/ESA_WorldCover_10m_2021_v200_N72E141_Map.tif
v200/2021/map/ESA_WorldCover_10m_2021_v200_N72E144_Map.tif,6180375,b0b2b7272aa691661e339b3594e6cf42,2022-10-26T12:59:05.000Z,https://esa-worldcover.s3.eu-central-1.amazonaws.com/v200/2021/map/ESA_WorldCover_10m_2021_v200_N72E144_Map.tif
v200/2021/map/ESA_WorldCover_10m_2021_v200_N72E147_Map.tif,10900380,34ffe089cef168f9b8a1935e3ea3dd8f-2,2022-10-26T13:01:19.000Z,https://esa-worldcover.s3.eu-central-1.amazonaws.com/v200/2021/map/ESA_WorldCover_10m_2021_v200_N72E147_Map.tif
v200/2021/map/ESA_WorldCover_10m_2021_v200_N72E150_Map.tif,3220168,55f59e6ced697caf5254b503b7fe137a,2022-10-26T12:59:00.000Z,https://esa-worldcover.s3.eu-central-1.amazonaws.com/v200/2021/map/ESA_WorldCover_10m_2021_v200_N72E150_Map.tif
v200/2021/map/ESA_WorldCover_10m_2021_v200_N72W018_Map.tif,2039619,40d22f6e40c57030df1162706f4bfb3b,2022-10-26T12:53:25.000Z,https://esa-worldcover.s3.eu-central-1.amazonaws.com/v200/2021/map/ESA_WorldCover_10m_2021_v200_N72W018_Map.tif
v200/2021/map/ESA_WorldCover_10m_2021_v200_N72W021_Map.tif,14996276,a6342670f5d30931aa964263e71a92db-2,2022-10-26T12:57:50.000Z,https://esa-worldcover.s3.eu-central-1.amazonaws.com/v200/2021/map/ESA_WorldCover_10m_2021_v200_N72W021_Map.tif
v200/2021/map/ESA_WorldCover_10m_2021_v200_N72W024_Map.tif,45699589,762007bf43a0b40317cae04b730bab02-6,2022-10-26T13:02:02.000Z,https://esa-worldcover.s3.eu-central-1.amazonaws.com/v200/2021/map/ESA_WorldCover_10m_2021_v200_N72W024_Map.tif
v200/2021/map/ESA_WorldCover_10m_2021_v200_N72W027_Map.tif,40847701,eee2256339f7bca6eff6cc8b3121bbb6-5,2022-10-26T13:02:05.000Z,https://esa-worldcover.s3.eu-central-1.amazonaws.com/v200/2021/map/ESA_WorldCover_10m_2021_v200_N72W027_Map.tif
v200/2021/map/ESA_WorldCover_10m_2021_v200_N72W030_Map.tif,15704528,39b649e74ef7d7b389eeab264006d5ad-2,2022-10-26T13:03:58.000Z,https://esa-worldcover.s3.eu-central-1.amazonaws.com/v200/2021/map/ESA_WorldCover_10m_2021_v200_N72W030_Map.tif
v200/2021/map/ESA_WorldCover_10m_2021_v200_N72W033_Map.tif,2120858,bb27c951c82b9ac6e899ffbcf8b6e7b5,2022-10-26T13:05:20.000Z,https://esa-worldcover.s3.eu-central-1.amazonaws.com/v200/2021/map/ESA_WorldCover_10m_2021_v200_N72W033_Map.tif
v200/2021/map/ESA_WorldCover_10m_2021_v200_N72W036_Map.tif,2110191,cdb520ff3ba12684c3b0bb9549d773ef,2022-10-26T13:05:12.000Z,https://esa-worldcover.s3.eu-central-1.amazonaws.com/v200/2021/map/ESA_WorldCover_10m_2021_v200_N72W036_Map.tif
v200/2021/map/ESA_WorldCover_10m_2021_v200_N72W039_Map.tif,2110191,864d9c661746efb62641070b11b026a8,2022-10-26T13:05:13.000Z,https://esa-worldcover.s3.eu-central-1.amazonaws.com/v200/2021/map/ESA_WorldCover_10m_2021_v200_N72W039_Map.tif
v200/2021/map/ESA_WorldCover_10m_2021_v200_N72W042_Map.tif,2110191,49c57c87111ffc58e0d8c96163af1ee0,2022-10-26T13:05:26.000Z,https://esa-worldcover.s3.eu-central-1.amazonaws.com/v200/2021/map/ESA_WorldCover_10m_2021_v200_N72W042_Map.tif
v200/2021/map/ESA_WorldCover_10m_2021_v200_N72W045_Map.tif,2110191,4d2319fc4f2fab79ba2cfc7b13503b20,2022-10-26T13:01:35.000Z,https://esa-worldcover.s3.eu-central-1.amazonaws.com/v200/2021/map/ESA_WorldCover_10m_2021_v200_N72W045_Map.tif
v200/2021/map/ESA_WorldCover_10m_2021_v200_N72W048_Map.tif,2110191,7b2c2ecb86202fa62d652e136fc1cfad,2022-10-26T13:02:53.000Z,https://esa-worldcover.s3.eu-central-1.amazonaws.com/v200/2021/map/ESA_WorldCover_10m_2021_v200_N72W048_Map.tif
v200/2021/map/ESA_WorldCover_10m_2021_v200_N72W051_Map.tif,2110191,a87f6fce0090cb42a0886a56d33d8254,2022-10-26T12:59:52.000Z,https://esa-worldcover.s3.eu-central-1.amazonaws.com/v200/2021/map/ESA_WorldCover_10m_2021_v200_N72W051_Map.tif
v200/2021/map/ESA_WorldCover_10m_2021_v200_N72W054_Map.tif,6584613,924a9a85c08d20a8507e8b5d8445fdee,2022-10-26T13:03:46.000Z,https://esa-worldcover.s3.eu-central-1.amazonaws.com/v200/2021/map/ESA_WorldCover_10m_2021_v200_N72W054_Map.tif
v200/2021/map/ESA_WorldCover_10m_2021_v200_N72W057_Map.tif,24186482,c77b5db7390dd2d657cc76013ad040ad-3,2022-10-26T12:59:57.000Z,https://esa-worldcover.s3.eu-central-1.amazonaws.com/v200/2021/map/ESA_WorldCover_10m_2021_v200_N72W057_Map.tif
v200/2021/map/ESA_WorldCover_10m_2021_v200_N72W060_Map.tif,3152154,4d3e6f5a429d3f7808b1674921602435,2022-10-26T12:57:06.000Z,https://esa-worldcover.s3.eu-central-1.amazonaws.com/v200/2021/map/ESA_WorldCover_10m_2021_v200_N72W060_Map.tif
v200/2021/map/ESA_WorldCover_10m_2021_v200_N72W075_Map.tif,2502112,3306cbc89e1f58e97cccb336c4927c31,2022-10-26T12:54:15.000Z,https://esa-worldcover.s3.eu-central-1.amazonaws.com/v200/2021/map/ESA_WorldCover_10m_2021_v200_N72W075_Map.tif
v200/2021/map/ESA_WorldCover_10m_2021_v200_N72W078_Map.tif,19729400,e5a02b8e0657e365c466c86f27b0c8d6-3,2022-10-26T13:02:40.000Z,https://esa-worldcover.s3.eu-central-1.amazonaws.com/v200/2021/map/ESA_WorldCover_10m_2021_v200_N72W078_Map.tif
v200/2021/map/ESA_WorldCover_10m_2021_v200_N72W081_Map.tif,28098748,a1504070357f6f7886eb3130575257e5-4,2022-10-26T13:04:53.000Z,https://esa-worldcover.s3.eu-central-1.amazonaws.com/v200/2021/map/ESA_WorldCover_10m_2021_v200_N72W081_Map.tif
v200/2021/map/ESA_WorldCover_10m_2021_v200_N72W084_Map.tif,45693009,94f2a7a601eb20457d53e1cbbb5be6a2-6,2022-10-26T13:04:36.000Z,https://esa-worldcover.s3.eu-central-1.amazonaws.com/v200/2021/map/ESA_WorldCover_10m_2021_v200_N72W084_Map.tif
v200/2021/map/ESA_WorldCover_10m_2021_v200_N72W087_Map.tif,45342099,ab8f4574eed387cf9494f8c8a5166117-6,2022-10-26T13:04:08.000Z,https://esa-worldcover.s3.eu-central-1.amazonaws.com/v200/2021/map/ESA_WorldCover_10m_2021_v200_N72W087_Map.tif
v200/2021/map/ESA_WorldCover_10m_2021_v200_N72W090_Map.tif,47091721,b96fc8a0a8dd0a2d4f503650d4b58f94-6,2022-10-26T13:03:14.000Z,https://esa-worldcover.s3.eu-central-1.amazonaws.com/v200/2021/map/ESA_WorldCover_10m_2021_v200_N72W090_Map.tif
v200/2021/map/ESA_WorldCover_10m_2021_v200_N72W093_Map.tif,20961692,04bb05157d22272b8a665c5a1b16f304-3,2022-10-26T13:03:52.000Z,https://esa-worldcover.s3.eu-central-1.amazonaws.com/v200/2021/map/ESA_WorldCover_10m_2021_v200_N72W093_Map.tif
v200/2021/map/ESA_WorldCover_10m_2021_v200_N72W096_Map.tif,44889840,e055129ab4e6c407be386a09d82796df-6,2022-10-26T12:59:58.000Z,https://esa-worldcover.s3.eu-central-1.amazonaws.com/v200/2021/map/ESA_WorldCover_10m_2021_v200_N72W096_Map.tif
v200/2021/map/ESA_WorldCover_10m_2021_v200_N72W099_Map.tif,36832129,a019a36a5c037b9325acdf997286801b-5,2022-10-26T13:04:18.000Z,https://esa-worldcover.s3.eu-central-1.amazonaws.com/v200/2021/map/ESA_WorldCover_10m_2021_v200_N72W099_Map.tif
v200/2021/map/ESA_WorldCover_10m_2021_v200_N72W102_Map.tif,39340807,cd27570cb9a87103a7de1781cd6ef146-5,2022-10-26T12:59:56.000Z,https://esa-worldcover.s3.eu-central-1.amazonaws.com/v200/2021/map/ESA_WorldCover_10m_2021_v200_N72W102_Map.tif
v200/2021/map/ESA_WorldCover_10m_2021_v200_N72W105_Map.tif,6082151,6a37ac3825ff06197460bbc2fa3ec720,2022-10-26T12:57:52.000Z,https://esa-worldcover.s3.eu-central-1.amazonaws.com/v200/2021/map/ESA_WorldCover_10m_2021_v200_N72W105_Map.tif
v200/2021/map/ESA_WorldCover_10m_2021_v200_N72W108_Map.tif,40458805,a0ad6d4112b28d92d1edf2adbb808e61-5,2022-10-26T13:00:52.000Z,https://esa-worldcover.s3.eu-central-1.amazonaws.com/v200/2021/map/ESA_WorldCover_10m_2021_v200_N72W108_Map.tif
v200/2021/map/ESA_WorldCover_10m_2021_v200_N72W111_Map.tif,22017233,df916a8f26ac8be0bbfe81ceea72919a-3,2022-10-26T13:03:02.000Z,https://esa-worldcover.s3.eu-central-1.amazonaws.com/v200/2021/map/ESA_WorldCover_10m_2021_v200_N72W111_Map.tif
v200/2021/map/ESA_WorldCover_10m_2021_v200_N72W114_Map.tif,37956909,545aa02f0826f275339f4afb2d46ec35-5,2022-10-26T12:59:22.000Z,https://esa-worldcover.s3.eu-central-1.amazonaws.com/v200/2021/map/ESA_WorldCover_10m_2021_v200_N72W114_Map.tif
v200/2021/map/ESA_WorldCover_10m_2021_v200_N72W117_Map.tif,40631809,84f96da50155a95c02c1da53a8e46285-5,2022-10-26T13:03:34.000Z,https://esa-worldcover.s3.eu-central-1.amazonaws.com/v200/2021/map/ESA_WorldCover_10m_2021_v200_N72W117_Map.tif
v200/2021/map/ESA_WorldCover_10m_2021_v200_N72W120_Map.tif,56215877,4ff4089a1239a7f6bb1df560ccd90389-7,2022-10-26T12:59:13.000Z,https://esa-worldcover.s3.eu-central-1.amazonaws.com/v200/2021/map/ESA_WorldCover_10m_2021_v200_N72W120_Map.tif
v200/2021/map/ESA_WorldCover_10m_2021_v200_N72W123_Map.tif,78787959,6d2fd244da8f598b2484d8e971c22f31-10,2022-10-26T13:00:19.000Z,https://esa-worldcover.s3.eu-central-1.amazonaws.com/v200/2021/map/ESA_WorldCover_10m_2021_v200_N72W123_Map.tif
v200/2021/map/ESA_WorldCover_10m_2021_v200_N72W126_Map.tif,49977300,d757cb2908213ce2132087e70f3792d5-6,2022-10-26T13:00:08.000Z,https://esa-worldcover.s3.eu-central-1.amazonaws.com/v200/2021/map/ESA_WorldCover_10m_2021_v200_N72W126_Map.tif
v200/2021/map/ESA_WorldCover_10m_2021_v200_N72W129_Map.tif,1957786,862bb8a77acbc0af3d61e64390c7b1ca,2022-10-26T12:52:59.000Z,https://esa-worldcover.s3.eu-central-1.amazonaws.com/v200/2021/map/ESA_WorldCover_10m_2021_v200_N72W129_Map.tif
v200/2021/map/ESA_WorldCover_10m_2021_v200_N75E012_Map.tif,5290802,ab2677057524937aad295a9fe84b2e9b,2022-10-26T12:56:36.000Z,https://esa-worldcover.s3.eu-central-1.amazonaws.com/v200/2021/map/ESA_WorldCover_10m_2021_v200_N75E012_Map.tif
v200/2021/map/ESA_WorldCover_10m_2021_v200_N75E015_Map.tif,14108653,e8a3641e7f26a8733ab3725d84576079-2,2022-10-26T12:59:18.000Z,https://esa-worldcover.s3.eu-central-1.amazonaws.com/v200/2021/map/ESA_WorldCover_10m_2021_v200_N75E015_Map.tif
v200/2021/map/ESA_WorldCover_10m_2021_v200_N75E018_Map.tif,3142043,57207d8785ae2996759aed084ddf7329,2022-10-26T12:56:46.000Z,https://esa-worldcover.s3.eu-central-1.amazonaws.com/v200/2021/map/ESA_WorldCover_10m_2021_v200_N75E018_Map.tif
v200/2021/map/ESA_WorldCover_10m_2021_v200_N75E021_Map.tif,6683911,3f9ebc3135933cca254f90805aa136c0,2022-10-26T12:59:51.000Z,https://esa-worldcover.s3.eu-central-1.amazonaws.com/v200/2021/map/ESA_WorldCover_10m_2021_v200_N75E021_Map.tif
v200/2021/map/ESA_WorldCover_10m_2021_v200_N75E024_Map.tif,2344231,32e3d43281ddd924430d25d7a57c6fd5,2022-10-26T12:55:56.000Z,https://esa-worldcover.s3.eu-central-1.amazonaws.com/v200/2021/map/ESA_WorldCover_10m_2021_v200_N75E024_Map.tif
v200/2021/map/ESA_WorldCover_10m_2021_v200_N75E054_Map.tif,3514998,7d94beb2a94db0b4e60f11b4fdfd0d04,2022-10-26T12:56:26.000Z,https://esa-worldcover.s3.eu-central-1.amazonaws.com/v200/2021/map/ESA_WorldCover_10m_2021_v200_N75E054_Map.tif
v200/2021/map/ESA_WorldCover_10m_2021_v200_N75E057_Map.tif,6502762,35ae3f4c38222e6b7ab16f49ab925fdc,2022-10-26T12:57:31.000Z,https://esa-worldcover.s3.eu-central-1.amazonaws.com/v200/2021/map/ESA_WorldCover_10m_2021_v200_N75E057_Map.tif
v200/2021/map/ESA_WorldCover_10m_2021_v200_N75E060_Map.tif,7138795,ad7c0317efd8e168aa2025656c2a38a3,2022-10-26T12:58:09.000Z,https://esa-worldcover.s3.eu-central-1.amazonaws.com/v200/2021/map/ESA_WorldCover_10m_2021_v200_N75E060_Map.tif
v200/2021/map/ESA_WorldCover_10m_2021_v200_N75E063_Map.tif,5004182,ccb091b7740f636d89e9aeb0cad289c5,2022-10-26T12:58:00.000Z,https://esa-worldcover.s3.eu-central-1.amazonaws.com/v200/2021/map/ESA_WorldCover_10m_2021_v200_N75E063_Map.tif
v200/2021/map/ESA_WorldCover_10m_2021_v200_N75E066_Map.tif,10179640,42658c3776ea45a24756e315eb4c5c18-2,2022-10-26T12:58:02.000Z,https://esa-worldcover.s3.eu-central-1.amazonaws.com/v200/2021/map/ESA_WorldCover_10m_2021_v200_N75E066_Map.tif
v200/2021/map/ESA_WorldCover_10m_2021_v200_N75E069_Map.tif,1992871,dfc9fafcca6b314ba063225d17e81460,2022-10-26T12:55:01.000Z,https://esa-worldcover.s3.eu-central-1.amazonaws.com/v200/2021/map/ESA_WorldCover_10m_2021_v200_N75E069_Map.tif
v200/2021/map/ESA_WorldCover_10m_2021_v200_N75E081_Map.tif,3671664,f7f56a8ffecb96dcf1e6e7bd6ffc67ed,2022-10-26T12:57:45.000Z,https://esa-worldcover.s3.eu-central-1.amazonaws.com/v200/2021/map/ESA_WorldCover_10m_2021_v200_N75E081_Map.tif
v200/2021/map/ESA_WorldCover_10m_2021_v200_N75E084_Map.tif,2061805,c3307c159b28242e0cf886d6c2b4c287,2022-10-26T12:54:29.000Z,https://esa-worldcover.s3.eu-central-1.amazonaws.com/v200/2021/map/ESA_WorldCover_10m_2021_v200_N75E084_Map.tif
v200/2021/map/ESA_WorldCover_10m_2021_v200_N75E087_Map.tif,8960250,a43ac07568a5fd740abfde536a29bb85-2,2022-10-26T13:02:20.000Z,https://esa-worldcover.s3.eu-central-1.amazonaws.com/v200/2021/map/ESA_WorldCover_10m_2021_v200_N75E087_Map.tif
v200/2021/map/ESA_WorldCover_10m_2021_v200_N75E090_Map.tif,15370242,93e3ff8eb7f79eed906c7f6331bc2e97-2,2022-10-26T13:01:37.000Z,https://esa-worldcover.s3.eu-central-1.amazonaws.com/v200/2021/map/ESA_WorldCover_10m_2021_v200_N75E090_Map.tif
v200/2021/map/ESA_WorldCover_10m_2021_v200_N75E093_Map.tif,24657865,44215755c4bbcb3073cb4d01d9b2f110-3,2022-10-26T12:59:52.000Z,https://esa-worldcover.s3.eu-central-1.amazonaws.com/v200/2021/map/ESA_WorldCover_10m_2021_v200_N75E093_Map.tif
v200/2021/map/ESA_WorldCover_10m_2021_v200_N75E096_Map.tif,25036009,7f6c7f833be9057fbe0f724a05557117-3,2022-10-26T12:59:34.000Z,https://esa-worldcover.s3.eu-central-1.amazonaws.com/v200/2021/map/ESA_WorldCover_10m_2021_v200_N75E096_Map.tif
v200/2021/map/ESA_WorldCover_10m_2021_v200_N75E099_Map.tif,38483846,a0b56f73b235ade01ce71997cbbcc695-5,2022-10-26T13:05:36.000Z,https://esa-worldcover.s3.eu-central-1.amazonaws.com/v200/2021/map/ESA_WorldCover_10m_2021_v200_N75E099_Map.tif
v200/2021/map/ESA_WorldCover_10m_2021_v200_N75E102_Map.tif,52381332,f0692059e9d07f24ee9451d490c582c2-7,2022-10-26T13:01:41.000Z,https://esa-worldcover.s3.eu-central-1.amazonaws.com/v200/2021/map/ESA_WorldCover_10m_2021_v200_N75E102_Map.tif
v200/2021/map/ESA_WorldCover_10m_2021_v200_N75E105_Map.tif,43408281,d6144c89e6060510026e9847ad838283-6,2022-10-26T13:04:07.000Z,https://esa-worldcover.s3.eu-central-1.amazonaws.com/v200/2021/map/ESA_WorldCover_10m_2021_v200_N75E105_Map.tif
v200/2021/map/ESA_WorldCover_10m_2021_v200_N75E108_Map.tif,40464316,103f5bfa2d344c1ec489d5365f523cfa-5,2022-10-26T13:01:15.000Z,https://esa-worldcover.s3.eu-central-1.amazonaws.com/v200/2021/map/ESA_WorldCover_10m_2021_v200_N75E108_Map.tif
v200/2021/map/ESA_WorldCover_10m_2021_v200_N75E111_Map.tif,30590591,f8f6b681666a2898e11dd81fb4ba2c4b-4,2022-10-26T13:01:32.000Z,https://esa-worldcover.s3.eu-central-1.amazonaws.com/v200/2021/map/ESA_WorldCover_10m_2021_v200_N75E111_Map.tif
v200/2021/map/ESA_WorldCover_10m_2021_v200_N75E114_Map.tif,1975253,6c7c40fd8ca7fb0cc52d7adf85324973,2022-10-26T12:56:31.000Z,https://esa-worldcover.s3.eu-central-1.amazonaws.com/v200/2021/map/ESA_WorldCover_10m_2021_v200_N75E114_Map.tif
v200/2021/map/ESA_WorldCover_10m_2021_v200_N75E135_Map.tif,11326456,ab1bb6dbd0ac21aae6349ec3399214da-2,2022-10-26T13:00:52.000Z,https://esa-worldcover.s3.eu-central-1.amazonaws.com/v200/2021/map/ESA_WorldCover_10m_2021_v200_N75E135_Map.tif
v200/2021/map/ESA_WorldCover_10m_2021_v200_N75E138_Map.tif,19745554,10cd762b3b9ac22ceb7c4d256ccbdeaf-3,2022-10-26T12:57:30.000Z,https://esa-worldcover.s3.eu-central-1.amazonaws.com/v200/2021/map/ESA_WorldCover_10m_2021_v200_N75E138_Map.tif
v200/2021/map/ESA_WorldCover_10m_2021_v200_N75E141_Map.tif,14159812,0bfb07fdd25d31fe535d480edb97f1b7-2,2022-10-26T12:57:29.000Z,https://esa-worldcover.s3.eu-central-1.amazonaws.com/v200/2021/map/ESA_WorldCover_10m_2021_v200_N75E141_Map.tif
v200/2021/map/ESA_WorldCover_10m_2021_v200_N75E144_Map.tif,9671199,0c79fb3e74e73a2961d820cba311177c-2,2022-10-26T12:57:22.000Z,https://esa-worldcover.s3.eu-central-1.amazonaws.com/v200/2021/map/ESA_WorldCover_10m_2021_v200_N75E144_Map.tif
v200/2021/map/ESA_WorldCover_10m_2021_v200_N75E147_Map.tif,10293019,55f17a545fd495255c394272a64f6b4c-2,2022-10-26T12:59:55.000Z,https://esa-worldcover.s3.eu-central-1.amazonaws.com/v200/2021/map/ESA_WorldCover_10m_2021_v200_N75E147_Map.tif
v200/2021/map/ESA_WorldCover_10m_2021_v200_N75E150_Map.tif,3363354,d79f2b5345445350fc8b96ea0ec12ed4,2022-10-26T12:57:38.000Z,https://esa-worldcover.s3.eu-central-1.amazonaws.com/v200/2021/map/ESA_WorldCover_10m_2021_v200_N75E150_Map.tif
v200/2021/map/ESA_WorldCover_10m_2021_v200_N75E153_Map.tif,1955885,07be5cde0fd509673448443f7ecec57e,2022-10-26T12:56:12.000Z,https://esa-worldcover.s3.eu-central-1.amazonaws.com/v200/2021/map/ESA_WorldCover_10m_2021_v200_N75E153_Map.tif
v200/2021/map/ESA_WorldCover_10m_2021_v200_N75E156_Map.tif,2004751,2296a9ed41574b738ef0d277f815dd86,2022-10-26T12:54:52.000Z,https://esa-worldcover.s3.eu-central-1.amazonaws.com/v200/2021/map/ESA_WorldCover_10m_2021_v200_N75E156_Map.tif
v200/2021/map/ESA_WorldCover_10m_2021_v200_N75W018_Map.tif,3168695,6c86d7d41f5ec34a641247732ceb7ced,2022-10-26T12:56:16.000Z,https://esa-worldcover.s3.eu-central-1.amazonaws.com/v200/2021/map/ESA_WorldCover_10m_2021_v200_N75W018_Map.tif
v200/2021/map/ESA_WorldCover_10m_2021_v200_N75W021_Map.tif,34154209,cb01e4e1e69769b8a60e67b708b356d6-5,2022-10-26T13:05:08.000Z,https://esa-worldcover.s3.eu-central-1.amazonaws.com/v200/2021/map/ESA_WorldCover_10m_2021_v200_N75W021_Map.tif
v200/2021/map/ESA_WorldCover_10m_2021_v200_N75W024_Map.tif,32989673,4a03e9713ae9dba65e496f71b863468c-4,2022-10-26T13:03:20.000Z,https://esa-worldcover.s3.eu-central-1.amazonaws.com/v200/2021/map/ESA_WorldCover_10m_2021_v200_N75W024_Map.tif
v200/2021/map/ESA_WorldCover_10m_2021_v200_N75W027_Map.tif,10473601,1fb568af93ad5e4b572156790736fad4-2,2022-10-26T13:03:21.000Z,https://esa-worldcover.s3.eu-central-1.amazonaws.com/v200/2021/map/ESA_WorldCover_10m_2021_v200_N75W027_Map.tif
v200/2021/map/ESA_WorldCover_10m_2021_v200_N75W030_Map.tif,2110191,299bf19fe26e433b6eec64f9da58f28d,2022-10-26T13:01:15.000Z,https://esa-worldcover.s3.eu-central-1.amazonaws.com/v200/2021/map/ESA_WorldCover_10m_2021_v200_N75W030_Map.tif
v200/2021/map/ESA_WorldCover_10m_2021_v200_N75W033_Map.tif,2110191,293e02a590526112a73b9975de9a0fe9,2022-10-26T13:05:32.000Z,https://esa-worldcover.s3.eu-central-1.amazonaws.com/v200/2021/map/ESA_WorldCover_10m_2021_v200_N75W033_Map.tif
v200/2021/map/ESA_WorldCover_10m_2021_v200_N75W036_Map.tif,2110191,100f033393cbcd80454021307156896c,2022-10-26T13:03:59.000Z,https://esa-worldcover.s3.eu-central-1.amazonaws.com/v200/2021/map/ESA_WorldCover_10m_2021_v200_N75W036_Map.tif
v200/2021/map/ESA_WorldCover_10m_2021_v200_N75W039_Map.tif,2110191,ed4667a4a56ed4eb2e82a519c233bddc,2022-10-26T13:01:41.000Z,https://esa-worldcover.s3.eu-central-1.amazonaws.com/v200/2021/map/ESA_WorldCover_10m_2021_v200_N75W039_Map.tif
v200/2021/map/ESA_WorldCover_10m_2021_v200_N75W042_Map.tif,2110191,597ace851be5b5c835ef3c25de22067a,2022-10-26T13:00:05.000Z,https://esa-worldcover.s3.eu-central-1.amazonaws.com/v200/2021/map/ESA_WorldCover_10m_2021_v200_N75W042_Map.tif
v200/2021/map/ESA_WorldCover_10m_2021_v200_N75W045_Map.tif,2110191,f88972f2a5aa5d484743e1d16e738e25,2022-10-26T13:01:45.000Z,https://esa-worldcover.s3.eu-central-1.amazonaws.com/v200/2021/map/ESA_WorldCover_10m_2021_v200_N75W045_Map.tif
v200/2021/map/ESA_WorldCover_10m_2021_v200_N75W048_Map.tif,2110191,74760f3860b5a2e64ba521a39cfb2564,2022-10-26T13:06:09.000Z,https://esa-worldcover.s3.eu-central-1.amazonaws.com/v200/2021/map/ESA_WorldCover_10m_2021_v200_N75W048_Map.tif
v200/2021/map/ESA_WorldCover_10m_2021_v200_N75W051_Map.tif,2110191,66d253acf271c6066197c6b0504784a5,2022-10-26T13:05:47.000Z,https://esa-worldcover.s3.eu-central-1.amazonaws.com/v200/2021/map/ESA_WorldCover_10m_2021_v200_N75W051_Map.tif
v200/2021/map/ESA_WorldCover_10m_2021_v200_N75W054_Map.tif,2110191,f60a329188fe467a91f21bdcef1a34b9,2022-10-26T13:04:57.000Z,https://esa-worldcover.s3.eu-central-1.amazonaws.com/v200/2021/map/ESA_WorldCover_10m_2021_v200_N75W054_Map.tif
v200/2021/map/ESA_WorldCover_10m_2021_v200_N75W057_Map.tif,2110381,8e21b0d6ea181b1e689ad9b85b7c983e,2022-10-26T13:02:15.000Z,https://esa-worldcover.s3.eu-central-1.amazonaws.com/v200/2021/map/ESA_WorldCover_10m_2021_v200_N75W057_Map.tif
v200/2021/map/ESA_WorldCover_10m_2021_v200_N75W060_Map.tif,4163950,f09b0c90ce14a3cb462d4685ef35af53,2022-10-26T13:05:12.000Z,https://esa-worldcover.s3.eu-central-1.amazonaws.com/v200/2021/map/ESA_WorldCover_10m_2021_v200_N75W060_Map.tif
v200/2021/map/ESA_WorldCover_10m_2021_v200_N75W063_Map.tif,3416215,b478feb1b6be2d48907ce455870ee7cd,2022-10-26T13:02:38.000Z,https://esa-worldcover.s3.eu-central-1.amazonaws.com/v200/2021/map/ESA_WorldCover_10m_2021_v200_N75W063_Map.tif
v200/2021/map/ESA_WorldCover_10m_2021_v200_N75W066_Map.tif,6401069,28ad7a9891cd0d2d71858d84ad2ed196,2022-10-26T12:59:03.000Z,https://esa-worldcover.s3.eu-central-1.amazonaws.com/v200/2021/map/ESA_WorldCover_10m_2021_v200_N75W066_Map.tif
v200/2021/map/ESA_WorldCover_10m_2021_v200_N75W069_Map.tif,16874285,d0467aac9b6fc3a8c1c416d905889c42-3,2022-10-26T13:04:42.000Z,https://esa-worldcover.s3.eu-central-1.amazonaws.com/v200/2021/map/ESA_WorldCover_10m_2021_v200_N75W069_Map.tif
v200/2021/map/ESA_WorldCover_10m_2021_v200_N75W072_Map.tif,10474871,046404a7f6f4e66dbfaf5ce9acf7b986-2,2022-10-26T13:01:36.000Z,https://esa-worldcover.s3.eu-central-1.amazonaws.com/v200/2021/map/ESA_WorldCover_10m_2021_v200_N75W072_Map.tif
v200/2021/map/ESA_WorldCover_10m_2021_v200_N75W075_Map.tif,2665714,9284cfb79553b7ddd9e7851426c9e51e,2022-10-26T12:55:52.000Z,https://esa-worldcover.s3.eu-central-1.amazonaws.com/v200/2021/map/ESA_WorldCover_10m_2021_v200_N75W075_Map.tif
v200/2021/map/ESA_WorldCover_10m_2021_v200_N75W078_Map.tif,2872674,878ad385d2e111aa84518eaf885a6470,2022-10-26T12:57:27.000Z,https://esa-worldcover.s3.eu-central-1.amazonaws.com/v200/2021/map/ESA_WorldCover_10m_2021_v200_N75W078_Map.tif
v200/2021/map/ESA_WorldCover_10m_2021_v200_N75W081_Map.tif,11345665,7a65dcccc26b51d0bd9944e406e218d5-2,2022-10-26T13:00:15.000Z,https://esa-worldcover.s3.eu-central-1.amazonaws.com/v200/2021/map/ESA_WorldCover_10m_2021_v200_N75W081_Map.tif
v200/2021/map/ESA_WorldCover_10m_2021_v200_N75W084_Map.tif,34384555,04f699aa54c8d84c43308b1299c93cce-5,2022-10-26T13:03:52.000Z,https://esa-worldcover.s3.eu-central-1.amazonaws.com/v200/2021/map/ESA_WorldCover_10m_2021_v200_N75W084_Map.tif
v200/2021/map/ESA_WorldCover_10m_2021_v200_N75W087_Map.tif,35412656,4f6bab01c3a7b46bf80c57e94ce96353-5,2022-10-26T13:02:11.000Z,https://esa-worldcover.s3.eu-central-1.amazonaws.com/v200/2021/map/ESA_WorldCover_10m_2021_v200_N75W087_Map.tif
v200/2021/map/ESA_WorldCover_10m_2021_v200_N75W090_Map.tif,31004601,486b089cb2cf72a0b66c160cf9eabe0e-4,2022-10-26T13:03:04.000Z,https://esa-worldcover.s3.eu-central-1.amazonaws.com/v200/2021/map/ESA_WorldCover_10m_2021_v200_N75W090_Map.tif
v200/2021/map/ESA_WorldCover_10m_2021_v200_N75W093_Map.tif,30451989,9a75f4c6b38b9becc57168afca7c4a30-4,2022-10-26T13:02:06.000Z,https://esa-worldcover.s3.eu-central-1.amazonaws.com/v200/2021/map/ESA_WorldCover_10m_2021_v200_N75W093_Map.tif
v200/2021/map/ESA_WorldCover_10m_2021_v200_N75W096_Map.tif,28068794,261eeffdeec5b101be1ea6cb599c3cb1-4,2022-10-26T13:03:34.000Z,https://esa-worldcover.s3.eu-central-1.amazonaws.com/v200/2021/map/ESA_WorldCover_10m_2021_v200_N75W096_Map.tif
v200/2021/map/ESA_WorldCover_10m_2021_v200_N75W099_Map.tif,21842815,78be87f84257dfea501c109f95c7844c-3,2022-10-26T13:05:39.000Z,https://esa-worldcover.s3.eu-central-1.amazonaws.com/v200/2021/map/ESA_WorldCover_10m_2021_v200_N75W099_Map.tif
v200/2021/map/ESA_WorldCover_10m_2021_v200_N75W102_Map.tif,29262702,388ae05ac90e60f3cca0895040323f6f-4,2022-10-26T13:00:31.000Z,https://esa-worldcover.s3.eu-central-1.amazonaws.com/v200/2021/map/ESA_WorldCover_10m_2021_v200_N75W102_Map.tif
v200/2021/map/ESA_WorldCover_10m_2021_v200_N75W105_Map.tif,17742015,b1c61346ea5559a0e27fedbc3ccedc6c-3,2022-10-26T13:05:11.000Z,https://esa-worldcover.s3.eu-central-1.amazonaws.com/v200/2021/map/ESA_WorldCover_10m_2021_v200_N75W105_Map.tif
v200/2021/map/ESA_WorldCover_10m_2021_v200_N75W108_Map.tif,20447157,28fb6e0dd62753a47e64fa17c98cce14-3,2022-10-26T13:03:37.000Z,https://esa-worldcover.s3.eu-central-1.amazonaws.com/v200/2021/map/ESA_WorldCover_10m_2021_v200_N75W108_Map.tif
v200/2021/map/ESA_WorldCover_10m_2021_v200_N75W111_Map.tif,28622184,87f8a8d905af71b9dda7886b0ec0d614-4,2022-10-26T13:04:27.000Z,https://esa-worldcover.s3.eu-central-1.amazonaws.com/v200/2021/map/ESA_WorldCover_10m_2021_v200_N75W111_Map.tif
v200/2021/map/ESA_WorldCover_10m_2021_v200_N75W114_Map.tif,32746052,e784a404eb0d32619f08b9f00cf15ba3-4,2022-10-26T13:04:13.000Z,https://esa-worldcover.s3.eu-central-1.amazonaws.com/v200/2021/map/ESA_WorldCover_10m_2021_v200_N75W114_Map.tif
v200/2021/map/ESA_WorldCover_10m_2021_v200_N75W117_Map.tif,38775777,75625f59fd2eda9e2b5d27df7761d359-5,2022-10-26T13:02:22.000Z,https://esa-worldcover.s3.eu-central-1.amazonaws.com/v200/2021/map/ESA_WorldCover_10m_2021_v200_N75W117_Map.tif
v200/2021/map/ESA_WorldCover_10m_2021_v200_N75W120_Map.tif,33430316,9fd8fa4cd69aa0640e3d7d09a759f48a-4,2022-10-26T13:04:09.000Z,https://esa-worldcover.s3.eu-central-1.amazonaws.com/v200/2021/map/ESA_WorldCover_10m_2021_v200_N75W120_Map.tif
v200/2021/map/ESA_WorldCover_10m_2021_v200_N75W123_Map.tif,16964953,26ecb1a542a8b922199ed42657e55b90-3,2022-10-26T13:02:03.000Z,https://esa-worldcover.s3.eu-central-1.amazonaws.com/v200/2021/map/ESA_WorldCover_10m_2021_v200_N75W123_Map.tif
v200/2021/map/ESA_WorldCover_10m_2021_v200_N75W126_Map.tif,2042991,2584044f56b5ae30b2c2b01130c8356b,2022-10-26T12:58:48.000Z,https://esa-worldcover.s3.eu-central-1.amazonaws.com/v200/2021/map/ESA_WorldCover_10m_2021_v200_N75W126_Map.tif
v200/2021/map/ESA_WorldCover_10m_2021_v200_N78E009_Map.tif,7478845,fc802e0de3f30297eb55b86efa8a35b6,2022-10-26T13:00:19.000Z,https://esa-worldcover.s3.eu-central-1.amazonaws.com/v200/2021/map/ESA_WorldCover_10m_2021_v200_N78E009_Map.tif
v200/2021/map/ESA_WorldCover_10m_2021_v200_N78E012_Map.tif,17179267,d0ac17d338da28860eb490d0d5a7eeb8-3,2022-10-26T12:59:58.000Z,https://esa-worldcover.s3.eu-central-1.amazonaws.com/v200/2021/map/ESA_WorldCover_10m_2021_v200_N78E012_Map.tif
v200/2021/map/ESA_WorldCover_10m_2021_v200_N78E015_Map.tif,20245485,9bc55c66e96039fb593de2f06d4cbe6c-3,2022-10-26T13:00:18.000Z,https://esa-worldcover.s3.eu-central-1.amazonaws.com/v200/2021/map/ESA_WorldCover_10m_2021_v200_N78E015_Map.tif
v200/2021/map/ESA_WorldCover_10m_2021_v200_N78E018_Map.tif,11896935,5ec5c101b0f36cd500cc5bdd5805faa0-2,2022-10-26T13:01:56.000Z,https://esa-worldcover.s3.eu-central-1.amazonaws.com/v200/2021/map/ESA_WorldCover_10m_2021_v200_N78E018_Map.tif
v200/2021/map/ESA_WorldCover_10m_2021_v200_N78E021_Map.tif,9344667,cd01cac75b42299eb3b54bca88426ee0-2,2022-10-26T13:04:51.000Z,https://esa-worldcover.s3.eu-central-1.amazonaws.com/v200/2021/map/ESA_WorldCover_10m_2021_v200_N78E021_Map.tif
v200/2021/map/ESA_WorldCover_10m_2021_v200_N78E024_Map.tif,3544547,a2282462f93717a5e667c3221a092f39,2022-10-26T13:00:41.000Z,https://esa-worldcover.s3.eu-central-1.amazonaws.com/v200/2021/map/ESA_WorldCover_10m_2021_v200_N78E024_Map.tif
v200/2021/map/ESA_WorldCover_10m_2021_v200_N78E027_Map.tif,2801201,e5905d7c0873c360ff7497e1d6e66a9e,2022-10-26T12:59:50.000Z,https://esa-worldcover.s3.eu-central-1.amazonaws.com/v200/2021/map/ESA_WorldCover_10m_2021_v200_N78E027_Map.tif
v200/2021/map/ESA_WorldCover_10m_2021_v200_N78E030_Map.tif,2249758,f0104441161db5d448921546ac54417f,2022-10-26T13:01:00.000Z,https://esa-worldcover.s3.eu-central-1.amazonaws.com/v200/2021/map/ESA_WorldCover_10m_2021_v200_N78E030_Map.tif
v200/2021/map/ESA_WorldCover_10m_2021_v200_N78E033_Map.tif,2004757,da09319eeb222a86946fcad1fd3957c5,2022-10-26T12:56:07.000Z,https://esa-worldcover.s3.eu-central-1.amazonaws.com/v200/2021/map/ESA_WorldCover_10m_2021_v200_N78E033_Map.tif
v200/2021/map/ESA_WorldCover_10m_2021_v200_N78E036_Map.tif,2045862,1f8c98792220981e732b2fd73a868423,2022-10-26T12:57:49.000Z,https://esa-worldcover.s3.eu-central-1.amazonaws.com/v200/2021/map/ESA_WorldCover_10m_2021_v200_N78E036_Map.tif
v200/2021/map/ESA_WorldCover_10m_2021_v200_N78E042_Map.tif,2011290,eff79148e563615d3a1d73d2c07f427c,2022-10-26T12:56:13.000Z,https://esa-worldcover.s3.eu-central-1.amazonaws.com/v200/2021/map/ESA_WorldCover_10m_2021_v200_N78E042_Map.tif
v200/2021/map/ESA_WorldCover_10m_2021_v200_N78E045_Map.tif,3372205,ede1e5fd82cdb166969efcccf90640cc,2022-10-26T12:59:19.000Z,https://esa-worldcover.s3.eu-central-1.amazonaws.com/v200/2021/map/ESA_WorldCover_10m_2021_v200_N78E045_Map.tif
v200/2021/map/ESA_WorldCover_10m_2021_v200_N78E048_Map.tif,4123494,6df0f385a9c23e74cf2a0ba7e7ed527c,2022-10-26T12:58:13.000Z,https://esa-worldcover.s3.eu-central-1.amazonaws.com/v200/2021/map/ESA_WorldCover_10m_2021_v200_N78E048_Map.tif
v200/2021/map/ESA_WorldCover_10m_2021_v200_N78E051_Map.tif,2849683,2c49253f892f99101e6f5225a30699e4,2022-10-26T12:57:45.000Z,https://esa-worldcover.s3.eu-central-1.amazonaws.com/v200/2021/map/ESA_WorldCover_10m_2021_v200_N78E051_Map.tif
v200/2021/map/ESA_WorldCover_10m_2021_v200_N78E054_Map.tif,3650521,184143ef0b8e2e1bdc5aaa6a9ec4cfa1,2022-10-26T12:59:55.000Z,https://esa-worldcover.s3.eu-central-1.amazonaws.com/v200/2021/map/ESA_WorldCover_10m_2021_v200_N78E054_Map.tif
v200/2021/map/ESA_WorldCover_10m_2021_v200_N78E057_Map.tif,3767573,e88a7480813703f80e1e4d620df5b7fe,2022-10-26T12:58:46.000Z,https://esa-worldcover.s3.eu-central-1.amazonaws.com/v200/2021/map/ESA_WorldCover_10m_2021_v200_N78E057_Map.tif
v200/2021/map/ESA_WorldCover_10m_2021_v200_N78E060_Map.tif,2535332,4814216fd6040e388e432b06d8085ff8,2022-10-26T12:57:35.000Z,https://esa-worldcover.s3.eu-central-1.amazonaws.com/v200/2021/map/ESA_WorldCover_10m_2021_v200_N78E060_Map.tif
v200/2021/map/ESA_WorldCover_10m_2021_v200_N78E063_Map.tif,2508457,67e4bdee86c84f320a79f9f502792593,2022-10-26T12:58:09.000Z,https://esa-worldcover.s3.eu-central-1.amazonaws.com/v200/2021/map/ESA_WorldCover_10m_2021_v200_N78E063_Map.tif
v200/2021/map/ESA_WorldCover_10m_2021_v200_N78E075_Map.tif,3031403,be19850a2012d5ef89a417bc64aae53f,2022-10-26T12:56:01.000Z,https://esa-worldcover.s3.eu-central-1.amazonaws.com/v200/2021/map/ESA_WorldCover_10m_2021_v200_N78E075_Map.tif
v200/2021/map/ESA_WorldCover_10m_2021_v200_N78E078_Map.tif,2103429,5b8b1bda2122534bb6f9458f7192a65e,2022-10-26T12:58:19.000Z,https://esa-worldcover.s3.eu-central-1.amazonaws.com/v200/2021/map/ESA_WorldCover_10m_2021_v200_N78E078_Map.tif
v200/2021/map/ESA_WorldCover_10m_2021_v200_N78E090_Map.tif,5673956,99a7fe6143546c7c2956f25ad62a30b0,2022-10-26T13:00:53.000Z,https://esa-worldcover.s3.eu-central-1.amazonaws.com/v200/2021/map/ESA_WorldCover_10m_2021_v200_N78E090_Map.tif
v200/2021/map/ESA_WorldCover_10m_2021_v200_N78E093_Map.tif,10082835,ad8b48fb7264147c9635692d26b46066-2,2022-10-26T13:05:08.000Z,https://esa-worldcover.s3.eu-central-1.amazonaws.com/v200/2021/map/ESA_WorldCover_10m_2021_v200_N78E093_Map.tif
v200/2021/map/ESA_WorldCover_10m_2021_v200_N78E096_Map.tif,11070532,b7109f3391d98f70f38615798df3c285-2,2022-10-26T13:05:04.000Z,https://esa-worldcover.s3.eu-central-1.amazonaws.com/v200/2021/map/ESA_WorldCover_10m_2021_v200_N78E096_Map.tif
v200/2021/map/ESA_WorldCover_10m_2021_v200_N78E099_Map.tif,13032898,37391403848a08e9c124d15b534845b5-2,2022-10-26T13:01:07.000Z,https://esa-worldcover.s3.eu-central-1.amazonaws.com/v200/2021/map/ESA_WorldCover_10m_2021_v200_N78E099_Map.tif
v200/2021/map/ESA_WorldCover_10m_2021_v200_N78E102_Map.tif,13840202,c84f0db8201af4a5c659de179c44f91e-2,2022-10-26T12:59:34.000Z,https://esa-worldcover.s3.eu-central-1.amazonaws.com/v200/2021/map/ESA_WorldCover_10m_2021_v200_N78E102_Map.tif
v200/2021/map/ESA_WorldCover_10m_2021_v200_N78E105_Map.tif,3781056,11d7467744c607ceda3ce88a6d91734b,2022-10-26T12:57:42.000Z,https://esa-worldcover.s3.eu-central-1.amazonaws.com/v200/2021/map/ESA_WorldCover_10m_2021_v200_N78E105_Map.tif
v200/2021/map/ESA_WorldCover_10m_2021_v200_N78E108_Map.tif,1933572,2324d8960d52d657653aab3215342926,2022-10-26T12:55:16.000Z,https://esa-worldcover.s3.eu-central-1.amazonaws.com/v200/2021/map/ESA_WorldCover_10m_2021_v200_N78E108_Map.tif
v200/2021/map/ESA_WorldCover_10m_2021_v200_N78W015_Map.tif,2283222,c4fa908c42d83aa96a0659ad207d2e02,2022-10-26T12:56:34.000Z,https://esa-worldcover.s3.eu-central-1.amazonaws.com/v200/2021/map/ESA_WorldCover_10m_2021_v200_N78W015_Map.tif
v200/2021/map/ESA_WorldCover_10m_2021_v200_N78W018_Map.tif,5644291,c88134ff7d318c09ea983d689cc3ff75,2022-10-26T12:58:51.000Z,https://esa-worldcover.s3.eu-central-1.amazonaws.com/v200/2021/map/ESA_WorldCover_10m_2021_v200_N78W018_Map.tif
v200/2021/map/ESA_WorldCover_10m_2021_v200_N78W021_Map.tif,21030118,352ebe299eb151e06290ac490b9ca2ae-3,2022-10-26T13:05:35.000Z,https://esa-worldcover.s3.eu-central-1.amazonaws.com/v200/2021/map/ESA_WorldCover_10m_2021_v200_N78W021_Map.tif
v200/2021/map/ESA_WorldCover_10m_2021_v200_N78W024_Map.tif,30436064,59a7780261a3e90e151098c040e6781c-4,2022-10-26T13:04:16.000Z,https://esa-worldcover.s3.eu-central-1.amazonaws.com/v200/2021/map/ESA_WorldCover_10m_2021_v200_N78W024_Map.tif
v200/2021/map/ESA_WorldCover_10m_2021_v200_N78W027_Map.tif,14197492,53b0fe7a4e148fde03bfba91a92d8ed1-2,2022-10-26T13:06:02.000Z,https://esa-worldcover.s3.eu-central-1.amazonaws.com/v200/2021/map/ESA_WorldCover_10m_2021_v200_N78W027_Map.tif
v200/2021/map/ESA_WorldCover_10m_2021_v200_N78W030_Map.tif,4057799,fcaa9ea93d8fb4395c9993e3f718c972,2022-10-26T13:05:58.000Z,https://esa-worldcover.s3.eu-central-1.amazonaws.com/v200/2021/map/ESA_WorldCover_10m_2021_v200_N78W030_Map.tif
v200/2021/map/ESA_WorldCover_10m_2021_v200_N78W033_Map.tif,2110604,a49baf54cdd3bbde0aa9547ef3fe8c59,2022-10-26T13:04:43.000Z,https://esa-worldcover.s3.eu-central-1.amazonaws.com/v200/2021/map/ESA_WorldCover_10m_2021_v200_N78W033_Map.tif
v200/2021/map/ESA_WorldCover_10m_2021_v200_N78W036_Map.tif,2110191,3988a2f0dee94fbd5c9a81d682908548,2022-10-26T13:04:40.000Z,https://esa-worldcover.s3.eu-central-1.amazonaws.com/v200/2021/map/ESA_WorldCover_10m_2021_v200_N78W036_Map.tif
v200/2021/map/ESA_WorldCover_10m_2021_v200_N78W039_Map.tif,2110604,ce5d331eff6f5b67a2dce209fbe7cf46,2022-10-26T13:03:11.000Z,https://esa-worldcover.s3.eu-central-1.amazonaws.com/v200/2021/map/ESA_WorldCover_10m_2021_v200_N78W039_Map.tif
v200/2021/map/ESA_WorldCover_10m_2021_v200_N78W042_Map.tif,2110191,4b63750eef4fac408ef7d14f6a72073d,2022-10-26T13:02:36.000Z,https://esa-worldcover.s3.eu-central-1.amazonaws.com/v200/2021/map/ESA_WorldCover_10m_2021_v200_N78W042_Map.tif
v200/2021/map/ESA_WorldCover_10m_2021_v200_N78W045_Map.tif,2110604,d93b6b7854a82edcad98ad82a51689ff,2022-10-26T13:02:45.000Z,https://esa-worldcover.s3.eu-central-1.amazonaws.com/v200/2021/map/ESA_WorldCover_10m_2021_v200_N78W045_Map.tif
v200/2021/map/ESA_WorldCover_10m_2021_v200_N78W048_Map.tif,2110191,82e352168facb23be510cdece50e7d3c,2022-10-26T13:04:31.000Z,https://esa-worldcover.s3.eu-central-1.amazonaws.com/v200/2021/map/ESA_WorldCover_10m_2021_v200_N78W048_Map.tif
v200/2021/map/ESA_WorldCover_10m_2021_v200_N78W051_Map.tif,2110604,5fd23f181a9843777261594ffce0c128,2022-10-26T13:04:32.000Z,https://esa-worldcover.s3.eu-central-1.amazonaws.com/v200/2021/map/ESA_WorldCover_10m_2021_v200_N78W051_Map.tif
v200/2021/map/ESA_WorldCover_10m_2021_v200_N78W054_Map.tif,2110191,b29bc067bbc846cd8dc5a4fa9c180109,2022-10-26T13:03:23.000Z,https://esa-worldcover.s3.eu-central-1.amazonaws.com/v200/2021/map/ESA_WorldCover_10m_2021_v200_N78W054_Map.tif
v200/2021/map/ESA_WorldCover_10m_2021_v200_N78W057_Map.tif,2110604,3c9548111144f4aced1cbf6bfa046448,2022-10-26T13:02:44.000Z,https://esa-worldcover.s3.eu-central-1.amazonaws.com/v200/2021/map/ESA_WorldCover_10m_2021_v200_N78W057_Map.tif
v200/2021/map/ESA_WorldCover_10m_2021_v200_N78W060_Map.tif,3337394,b240c33c36c99f35d0e9d420d30e6f6f,2022-10-26T13:04:21.000Z,https://esa-worldcover.s3.eu-central-1.amazonaws.com/v200/2021/map/ESA_WorldCover_10m_2021_v200_N78W060_Map.tif
v200/2021/map/ESA_WorldCover_10m_2021_v200_N78W063_Map.tif,17569299,678d34014b5fad7e6d8010a020db41bc-3,2022-10-26T13:04:14.000Z,https://esa-worldcover.s3.eu-central-1.amazonaws.com/v200/2021/map/ESA_WorldCover_10m_2021_v200_N78W063_Map.tif
v200/2021/map/ESA_WorldCover_10m_2021_v200_N78W066_Map.tif,17643364,b5eab7985f4b0c8a699cb794d9d29816-3,2022-10-26T13:01:29.000Z,https://esa-worldcover.s3.eu-central-1.amazonaws.com/v200/2021/map/ESA_WorldCover_10m_2021_v200_N78W066_Map.tif
v200/2021/map/ESA_WorldCover_10m_2021_v200_N78W069_Map.tif,18702000,f8df2db767ea8c91c63cd8c0a555ec78-3,2022-10-26T13:05:47.000Z,https://esa-worldcover.s3.eu-central-1.amazonaws.com/v200/2021/map/ESA_WorldCover_10m_2021_v200_N78W069_Map.tif
v200/2021/map/ESA_WorldCover_10m_2021_v200_N78W072_Map.tif,17999873,2049cabd512b5b0f43e51f033bc65faa-3,2022-10-26T13:02:22.000Z,https://esa-worldcover.s3.eu-central-1.amazonaws.com/v200/2021/map/ESA_WorldCover_10m_2021_v200_N78W072_Map.tif
v200/2021/map/ESA_WorldCover_10m_2021_v200_N78W075_Map.tif,13648752,e6a10cd752cf597b1725c067769dbd2e-2,2022-10-26T13:05:34.000Z,https://esa-worldcover.s3.eu-central-1.amazonaws.com/v200/2021/map/ESA_WorldCover_10m_2021_v200_N78W075_Map.tif
v200/2021/map/ESA_WorldCover_10m_2021_v200_N78W078_Map.tif,20982083,2fd65a7c45fb043c79705bd0da779d81-3,2022-10-26T13:01:22.000Z,https://esa-worldcover.s3.eu-central-1.amazonaws.com/v200/2021/map/ESA_WorldCover_10m_2021_v200_N78W078_Map.tif
v200/2021/map/ESA_WorldCover_10m_2021_v200_N78W081_Map.tif,23554802,b34dede7209d6d762c3a2c872db2c40a-3,2022-10-26T13:05:53.000Z,https://esa-worldcover.s3.eu-central-1.amazonaws.com/v200/2021/map/ESA_WorldCover_10m_2021_v200_N78W081_Map.tif
v200/2021/map/ESA_WorldCover_10m_2021_v200_N78W084_Map.tif,45632028,c5f61fc31ecf50f4639e4b074f1430ab-6,2022-10-26T13:05:38.000Z,https://esa-worldcover.s3.eu-central-1.amazonaws.com/v200/2021/map/ESA_WorldCover_10m_2021_v200_N78W084_Map.tif
v200/2021/map/ESA_WorldCover_10m_2021_v200_N78W087_Map.tif,43370992,7d34ef45fdd3665d8c761288b19205c3-6,2022-10-26T13:03:17.000Z,https://esa-worldcover.s3.eu-central-1.amazonaws.com/v200/2021/map/ESA_WorldCover_10m_2021_v200_N78W087_Map.tif
v200/2021/map/ESA_WorldCover_10m_2021_v200_N78W090_Map.tif,35063593,ca1ce7725550989cf5b219e0e4c70ed8-5,2022-10-26T13:01:52.000Z,https://esa-worldcover.s3.eu-central-1.amazonaws.com/v200/2021/map/ESA_WorldCover_10m_2021_v200_N78W090_Map.tif
v200/2021/map/ESA_WorldCover_10m_2021_v200_N78W093_Map.tif,34327209,48d2d066b0f5dcc06ddeaa301aeced26-5,2022-10-26T13:03:25.000Z,https://esa-worldcover.s3.eu-central-1.amazonaws.com/v200/2021/map/ESA_WorldCover_10m_2021_v200_N78W093_Map.tif
v200/2021/map/ESA_WorldCover_10m_2021_v200_N78W096_Map.tif,28691851,dc876f1c2eb3e843322a28e4a86ad799-4,2022-10-26T13:04:46.000Z,https://esa-worldcover.s3.eu-central-1.amazonaws.com/v200/2021/map/ESA_WorldCover_10m_2021_v200_N78W096_Map.tif
v200/2021/map/ESA_WorldCover_10m_2021_v200_N78W099_Map.tif,12157318,81a49b135ba42bdfb769d37bf6015ab4-2,2022-10-26T13:00:28.000Z,https://esa-worldcover.s3.eu-central-1.amazonaws.com/v200/2021/map/ESA_WorldCover_10m_2021_v200_N78W099_Map.tif
v200/2021/map/ESA_WorldCover_10m_2021_v200_N78W102_Map.tif,13205049,8077a595593395d1aab8722a0c31a972-2,2022-10-26T13:02:05.000Z,https://esa-worldcover.s3.eu-central-1.amazonaws.com/v200/2021/map/ESA_WorldCover_10m_2021_v200_N78W102_Map.tif
v200/2021/map/ESA_WorldCover_10m_2021_v200_N78W105_Map.tif,13418327,513a1849eba15183743b014ce9d9ff84-2,2022-10-26T12:58:28.000Z,https://esa-worldcover.s3.eu-central-1.amazonaws.com/v200/2021/map/ESA_WorldCover_10m_2021_v200_N78W105_Map.tif
v200/2021/map/ESA_WorldCover_10m_2021_v200_N78W108_Map.tif,2765646,b94537dca37a92dbecf104d47c6b1af9,2022-10-26T12:56:04.000Z,https://esa-worldcover.s3.eu-central-1.amazonaws.com/v200/2021/map/ESA_WorldCover_10m_2021_v200_N78W108_Map.tif
v200/2021/map/ESA_WorldCover_10m_2021_v200_N78W111_Map.tif,7995900,8f8cf72fbe5e1115ddbb2c76f684c337,2022-10-26T12:58:02.000Z,https://esa-worldcover.s3.eu-central-1.amazonaws.com/v200/2021/map/ESA_WorldCover_10m_2021_v200_N78W111_Map.tif
v200/2021/map/ESA_WorldCover_10m_2021_v200_N78W114_Map.tif,5117888,69660d29db75f2ed9d149506cf2f8823,2022-10-26T13:01:09.000Z,https://esa-worldcover.s3.eu-central-1.amazonaws.com/v200/2021/map/ESA_WorldCover_10m_2021_v200_N78W114_Map.tif
v200/2021/map/ESA_WorldCover_10m_2021_v200_N78W117_Map.tif,2105094,fcb80dcc7f20a957284425079c3ebe8e,2022-10-26T12:57:21.000Z,https://esa-worldcover.s3.eu-central-1.amazonaws.com/v200/2021/map/ESA_WorldCover_10m_2021_v200_N78W117_Map.tif
v200/2021/map/ESA_WorldCover_10m_2021_v200_N81E048_Map.tif,2065846,1deead53fa64352a313516f5ce7f4fca,2022-10-26T12:55:59.000Z,https://esa-worldcover.s3.eu-central-1.amazonaws.com/v200/2021/map/ESA_WorldCover_10m_2021_v200_N81E048_Map.tif
v200/2021/map/ESA_WorldCover_10m_2021_v200_N81E051_Map.tif,2007035,f5a9788286f8d0b28c7608d24e19ba1f,2022-10-26T12:57:31.000Z,https://esa-worldcover.s3.eu-central-1.amazonaws.com/v200/2021/map/ESA_WorldCover_10m_2021_v200_N81E051_Map.tif
v200/2021/map/ESA_WorldCover_10m_2021_v200_N81E054_Map.tif,2508888,d26e004c8819d9fddc12ce8c8572b503,2022-10-26T12:58:17.000Z,https://esa-worldcover.s3.eu-central-1.amazonaws.com/v200/2021/map/ESA_WorldCover_10m_2021_v200_N81E054_Map.tif
v200/2021/map/ESA_WorldCover_10m_2021_v200_N81E057_Map.tif,2781440,f95750e87ec500f97b2ccb235b2f0545,2022-10-26T13:01:02.000Z,https://esa-worldcover.s3.eu-central-1.amazonaws.com/v200/2021/map/ESA_WorldCover_10m_2021_v200_N81E057_Map.tif
v200/2021/map/ESA_WorldCover_10m_2021_v200_N81E060_Map.tif,2237747,d764e955a84e7de2f340d8f196ec6e94,2022-10-26T13:02:56.000Z,https://esa-worldcover.s3.eu-central-1.amazonaws.com/v200/2021/map/ESA_WorldCover_10m_2021_v200_N81E060_Map.tif
v200/2021/map/ESA_WorldCover_10m_2021_v200_N81E063_Map.tif,2793892,97c27334e34757d7f870cff54f0c81a8,2022-10-26T12:57:55.000Z,https://esa-worldcover.s3.eu-central-1.amazonaws.com/v200/2021/map/ESA_WorldCover_10m_2021_v200_N81E063_Map.tif
v200/2021/map/ESA_WorldCover_10m_2021_v200_N81E078_Map.tif,1965856,44377af1abe67723120a4cad7275412d,2022-10-26T12:57:14.000Z,https://esa-worldcover.s3.eu-central-1.amazonaws.com/v200/2021/map/ESA_WorldCover_10m_2021_v200_N81E078_Map.tif
v200/2021/map/ESA_WorldCover_10m_2021_v200_N81E087_Map.tif,1982253,89cfee91a578286eafdeaa1305fbc218,2022-10-26T12:58:05.000Z,https://esa-worldcover.s3.eu-central-1.amazonaws.com/v200/2021/map/ESA_WorldCover_10m_2021_v200_N81E087_Map.tif
v200/2021/map/ESA_WorldCover_10m_2021_v200_N81E090_Map.tif,2057782,fc1bc7781349d15544b45e6ea54fa703,2022-10-26T12:59:22.000Z,https://esa-worldcover.s3.eu-central-1.amazonaws.com/v200/2021/map/ESA_WorldCover_10m_2021_v200_N81E090_Map.tif
v200/2021/map/ESA_WorldCover_10m_2021_v200_N81E093_Map.tif,3193201,143e8cea8065d93fedd5238ba15aca55,2022-10-26T13:00:17.000Z,https://esa-worldcover.s3.eu-central-1.amazonaws.com/v200/2021/map/ESA_WorldCover_10m_2021_v200_N81E093_Map.tif
v200/2021/map/ESA_WorldCover_10m_2021_v200_N81E096_Map.tif,2170476,de91505b56aad53a5903459d7c0db8a7,2022-10-26T13:00:01.000Z,https://esa-worldcover.s3.eu-central-1.amazonaws.com/v200/2021/map/ESA_WorldCover_10m_2021_v200_N81E096_Map.tif
v200/2021/map/ESA_WorldCover_10m_2021_v200_N81W012_Map.tif,2053094,26c20d58e2daba303dfedde70b250041,2022-10-26T12:56:13.000Z,https://esa-worldcover.s3.eu-central-1.amazonaws.com/v200/2021/map/ESA_WorldCover_10m_2021_v200_N81W012_Map.tif
v200/2021/map/ESA_WorldCover_10m_2021_v200_N81W015_Map.tif,2641538,432207525f5eaaed1964993dcf7b7e71,2022-10-26T13:00:46.000Z,https://esa-worldcover.s3.eu-central-1.amazonaws.com/v200/2021/map/ESA_WorldCover_10m_2021_v200_N81W015_Map.tif
v200/2021/map/ESA_WorldCover_10m_2021_v200_N81W018_Map.tif,3364433,22bc476da91436d78a821bf4bf232ef6,2022-10-26T13:00:50.000Z,https://esa-worldcover.s3.eu-central-1.amazonaws.com/v200/2021/map/ESA_WorldCover_10m_2021_v200_N81W018_Map.tif
v200/2021/map/ESA_WorldCover_10m_2021_v200_N81W021_Map.tif,9720987,bd6d03d8f0a5adcd109691d59209ec96-2,2022-10-26T13:01:00.000Z,https://esa-worldcover.s3.eu-central-1.amazonaws.com/v200/2021/map/ESA_WorldCover_10m_2021_v200_N81W021_Map.tif
v200/2021/map/ESA_WorldCover_10m_2021_v200_N81W024_Map.tif,15977154,23f2798dc97149db558d0673a4889a5a-2,2022-10-26T13:03:24.000Z,https://esa-worldcover.s3.eu-central-1.amazonaws.com/v200/2021/map/ESA_WorldCover_10m_2021_v200_N81W024_Map.tif
v200/2021/map/ESA_WorldCover_10m_2021_v200_N81W027_Map.tif,21601672,7fa6b5c71efac0d2bdd38a6f7b60572b-3,2022-10-26T13:05:00.000Z,https://esa-worldcover.s3.eu-central-1.amazonaws.com/v200/2021/map/ESA_WorldCover_10m_2021_v200_N81W027_Map.tif
v200/2021/map/ESA_WorldCover_10m_2021_v200_N81W030_Map.tif,22532092,1b3841607f8c40ede2ee99efa30c4ad1-3,2022-10-26T13:01:46.000Z,https://esa-worldcover.s3.eu-central-1.amazonaws.com/v200/2021/map/ESA_WorldCover_10m_2021_v200_N81W030_Map.tif
v200/2021/map/ESA_WorldCover_10m_2021_v200_N81W033_Map.tif,19058973,7bec49abd554ec563d35916f42bff557-3,2022-10-26T13:04:15.000Z,https://esa-worldcover.s3.eu-central-1.amazonaws.com/v200/2021/map/ESA_WorldCover_10m_2021_v200_N81W033_Map.tif
v200/2021/map/ESA_WorldCover_10m_2021_v200_N81W036_Map.tif,19109314,d463bdd3f027a9621a6f47771f26b5b8-3,2022-10-26T13:03:39.000Z,https://esa-worldcover.s3.eu-central-1.amazonaws.com/v200/2021/map/ESA_WorldCover_10m_2021_v200_N81W036_Map.tif
v200/2021/map/ESA_WorldCover_10m_2021_v200_N81W039_Map.tif,8813688,3f191f71261e3495b84b536f87f311a6-2,2022-10-26T13:03:09.000Z,https://esa-worldcover.s3.eu-central-1.amazonaws.com/v200/2021/map/ESA_WorldCover_10m_2021_v200_N81W039_Map.tif
v200/2021/map/ESA_WorldCover_10m_2021_v200_N81W042_Map.tif,7697679,93b444c58b6b3dab887cab3ea5d3806c,2022-10-26T13:00:56.000Z,https://esa-worldcover.s3.eu-central-1.amazonaws.com/v200/2021/map/ESA_WorldCover_10m_2021_v200_N81W042_Map.tif
v200/2021/map/ESA_WorldCover_10m_2021_v200_N81W045_Map.tif,7712035,2d1d9771f58359a2a912309b01dd7428,2022-10-26T13:04:46.000Z,https://esa-worldcover.s3.eu-central-1.amazonaws.com/v200/2021/map/ESA_WorldCover_10m_2021_v200_N81W045_Map.tif
v200/2021/map/ESA_WorldCover_10m_2021_v200_N81W048_Map.tif,13006131,87e3b3dbbed7fae211bf738c7f25a7ba-2,2022-10-26T13:01:30.000Z,https://esa-worldcover.s3.eu-central-1.amazonaws.com/v200/2021/map/ESA_WorldCover_10m_2021_v200_N81W048_Map.tif
v200/2021/map/ESA_WorldCover_10m_2021_v200_N81W051_Map.tif,15626267,7cefd2a633c8d1c44f89ab8ca09d2a61-2,2022-10-26T13:04:50.000Z,https://esa-worldcover.s3.eu-central-1.amazonaws.com/v200/2021/map/ESA_WorldCover_10m_2021_v200_N81W051_Map.tif
v200/2021/map/ESA_WorldCover_10m_2021_v200_N81W054_Map.tif,14609574,97e75415f7ca905517e3ea3a487e5a49-2,2022-10-26T13:01:08.000Z,https://esa-worldcover.s3.eu-central-1.amazonaws.com/v200/2021/map/ESA_WorldCover_10m_2021_v200_N81W054_Map.tif
v200/2021/map/ESA_WorldCover_10m_2021_v200_N81W057_Map.tif,18645775,f6bb5be42aab3c3be3bde1014df47a18-3,2022-10-26T13:02:25.000Z,https://esa-worldcover.s3.eu-central-1.amazonaws.com/v200/2021/map/ESA_WorldCover_10m_2021_v200_N81W057_Map.tif
v200/2021/map/ESA_WorldCover_10m_2021_v200_N81W060_Map.tif,15679671,50c27e5acb4044dbe7f1f2338938b897-2,2022-10-26T12:59:27.000Z,https://esa-worldcover.s3.eu-central-1.amazonaws.com/v200/2021/map/ESA_WorldCover_10m_2021_v200_N81W060_Map.tif
v200/2021/map/ESA_WorldCover_10m_2021_v200_N81W063_Map.tif,9550329,fd278bb1f306772051e9f23399f7ae6b-2,2022-10-26T13:01:19.000Z,https://esa-worldcover.s3.eu-central-1.amazonaws.com/v200/2021/map/ESA_WorldCover_10m_2021_v200_N81W063_Map.tif
v200/2021/map/ESA_WorldCover_10m_2021_v200_N81W066_Map.tif,18764877,f5ece80d48ac176a8e433e1e8da910b0-3,2022-10-26T13:01:25.000Z,https://esa-worldcover.s3.eu-central-1.amazonaws.com/v200/2021/map/ESA_WorldCover_10m_2021_v200_N81W066_Map.tif
v200/2021/map/ESA_WorldCover_10m_2021_v200_N81W069_Map.tif,21270062,f0239102ed6a0e99ee719e6400306876-3,2022-10-26T13:04:02.000Z,https://esa-worldcover.s3.eu-central-1.amazonaws.com/v200/2021/map/ESA_WorldCover_10m_2021_v200_N81W069_Map.tif
v200/2021/map/ESA_WorldCover_10m_2021_v200_N81W072_Map.tif,19115390,7b27df52254543b7e3beba388740caa8-3,2022-10-26T13:01:00.000Z,https://esa-worldcover.s3.eu-central-1.amazonaws.com/v200/2021/map/ESA_WorldCover_10m_2021_v200_N81W072_Map.tif
v200/2021/map/ESA_WorldCover_10m_2021_v200_N81W075_Map.tif,14764582,894795a9340d4c3d929a887c75b2b782-2,2022-10-26T13:05:00.000Z,https://esa-worldcover.s3.eu-central-1.amazonaws.com/v200/2021/map/ESA_WorldCover_10m_2021_v200_N81W075_Map.tif
v200/2021/map/ESA_WorldCover_10m_2021_v200_N81W078_Map.tif,17612350,a1a682335f0835a34ca34c477b31034c-3,2022-10-26T13:03:05.000Z,https://esa-worldcover.s3.eu-central-1.amazonaws.com/v200/2021/map/ESA_WorldCover_10m_2021_v200_N81W078_Map.tif
v200/2021/map/ESA_WorldCover_10m_2021_v200_N81W081_Map.tif,16299468,a476865f0d7a3d93b308b92cd5ba5d2a-2,2022-10-26T13:01:44.000Z,https://esa-worldcover.s3.eu-central-1.amazonaws.com/v200/2021/map/ESA_WorldCover_10m_2021_v200_N81W081_Map.tif
v200/2021/map/ESA_WorldCover_10m_2021_v200_N81W084_Map.tif,13916265,d91a6135c1098d53abc0354642ee6b75-2,2022-10-26T13:00:51.000Z,https://esa-worldcover.s3.eu-central-1.amazonaws.com/v200/2021/map/ESA_WorldCover_10m_2021_v200_N81W084_Map.tif
v200/2021/map/ESA_WorldCover_10m_2021_v200_N81W087_Map.tif,16247790,6b46969315bc9cbb837e85ac5cef9850-2,2022-10-26T13:00:52.000Z,https://esa-worldcover.s3.eu-central-1.amazonaws.com/v200/2021/map/ESA_WorldCover_10m_2021_v200_N81W087_Map.tif
v200/2021/map/ESA_WorldCover_10m_2021_v200_N81W090_Map.tif,11925327,56badf296f423f99b66a087cda1d0a41-2,2022-10-26T13:00:11.000Z,https://esa-worldcover.s3.eu-central-1.amazonaws.com/v200/2021/map/ESA_WorldCover_10m_2021_v200_N81W090_Map.tif
v200/2021/map/ESA_WorldCover_10m_2021_v200_N81W093_Map.tif,5638528,561decee12c7525e487d5faa9f6c3bd1,2022-10-26T13:00:57.000Z,https://esa-worldcover.s3.eu-central-1.amazonaws.com/v200/2021/map/ESA_WorldCover_10m_2021_v200_N81W093_Map.tif
v200/2021/map/ESA_WorldCover_10m_2021_v200_N81W096_Map.tif,3348946,088a4dd44ea53801b2a3186eeb22ef38,2022-10-26T12:56:17.000Z,https://esa-worldcover.s3.eu-central-1.amazonaws.com/v200/2021/map/ESA_WorldCover_10m_2021_v200_N81W096_Map.tif
v200/2021/map/ESA_WorldCover_10m_2021_v200_S03E006_Map.tif,3169716,34af5fb6063dd55ad5c146c3ed88a3cc,2022-10-26T12:35:25.000Z,https://esa-worldcover.s3.eu-central-1.amazonaws.com/v200/2021/map/ESA_WorldCover_10m_2021_v200_S03E006_Map.tif
v200/2021/map/ESA_WorldCover_10m_2021_v200_S03E009_Map.tif,17158046,a30b4d50552cc5bd23ac8e0affe15132-3,2022-10-26T12:37:44.000Z,https://esa-worldcover.s3.eu-central-1.amazonaws.com/v200/2021/map/ESA_WorldCover_10m_2021_v200_S03E009_Map.tif
v200/2021/map/ESA_WorldCover_10m_2021_v200_S03E012_Map.tif,21763888,514294299dd5a759bbb7ca1c218795fc-3,2022-10-26T12:38:19.000Z,https://esa-worldcover.s3.eu-central-1.amazonaws.com/v200/2021/map/ESA_WorldCover_10m_2021_v200_S03E012_Map.tif
v200/2021/map/ESA_WorldCover_10m_2021_v200_S03E015_Map.tif,44426218,26740613d651357e2c48f328df536fcf-6,2022-10-26T12:38:58.000Z,https://esa-worldcover.s3.eu-central-1.amazonaws.com/v200/2021/map/ESA_WorldCover_10m_2021_v200_S03E015_Map.tif
v200/2021/map/ESA_WorldCover_10m_2021_v200_S03E018_Map.tif,10018208,215a74384ef72521af7bcf34f535412d-2,2022-10-26T12:38:05.000Z,https://esa-worldcover.s3.eu-central-1.amazonaws.com/v200/2021/map/ESA_WorldCover_10m_2021_v200_S03E018_Map.tif
v200/2021/map/ESA_WorldCover_10m_2021_v200_S03E021_Map.tif,5680391,a30b667a72fa70b1077e92f3b15517b2,2022-10-26T12:37:49.000Z,https://esa-worldcover.s3.eu-central-1.amazonaws.com/v200/2021/map/ESA_WorldCover_10m_2021_v200_S03E021_Map.tif
v200/2021/map/ESA_WorldCover_10m_2021_v200_S03E024_Map.tif,11127646,9a501788b42a672d43994124678ab2ca-2,2022-10-26T12:38:03.000Z,https://esa-worldcover.s3.eu-central-1.amazonaws.com/v200/2021/map/ESA_WorldCover_10m_2021_v200_S03E024_Map.tif
v200/2021/map/ESA_WorldCover_10m_2021_v200_S03E027_Map.tif,77269683,9c450c267afd783e6aa09f504cb95e77-10,2022-10-26T12:51:18.000Z,https://esa-worldcover.s3.eu-central-1.amazonaws.com/v200/2021/map/ESA_WorldCover_10m_2021_v200_S03E027_Map.tif
v200/2021/map/ESA_WorldCover_10m_2021_v200_S03E030_Map.tif,124518426,f66a380c60c523a842334c11728919d2-15,2022-10-26T13:02:59.000Z,https://esa-worldcover.s3.eu-central-1.amazonaws.com/v200/2021/map/ESA_WorldCover_10m_2021_v200_S03E030_Map.tif
v200/2021/map/ESA_WorldCover_10m_2021_v200_S03E033_Map.tif,102611309,28c4e3cd9c6f64c13d6d374955ee79e4-13,2022-10-26T12:47:12.000Z,https://esa-worldcover.s3.eu-central-1.amazonaws.com/v200/2021/map/ESA_WorldCover_10m_2021_v200_S03E033_Map.tif
v200/2021/map/ESA_WorldCover_10m_2021_v200_S03E036_Map.tif,135162419,5912f043128a6370f5d949ffc1d3ce4b-17,2022-10-26T12:47:55.000Z,https://esa-worldcover.s3.eu-central-1.amazonaws.com/v200/2021/map/ESA_WorldCover_10m_2021_v200_S03E036_Map.tif
v200/2021/map/ESA_WorldCover_10m_2021_v200_S03E039_Map.tif,59498469,3ee00216a4f707936da0409536d7ed14-8,2022-10-26T12:43:54.000Z,https://esa-worldcover.s3.eu-central-1.amazonaws.com/v200/2021/map/ESA_WorldCover_10m_2021_v200_S03E039_Map.tif
v200/2021/map/ESA_WorldCover_10m_2021_v200_S03E042_Map.tif,4271319,3167bc9eb0ceee1ac81e9744ba2a0401,2022-10-26T12:35:46.000Z,https://esa-worldcover.s3.eu-central-1.amazonaws.com/v200/2021/map/ESA_WorldCover_10m_2021_v200_S03E042_Map.tif
v200/2021/map/ESA_WorldCover_10m_2021_v200_S03E072_Map.tif,2132451,4e0c313ce8e7fa0c17284c60a7b5f6dd,2022-10-26T12:35:18.000Z,https://esa-worldcover.s3.eu-central-1.amazonaws.com/v200/2021/map/ESA_WorldCover_10m_2021_v200_S03E072_Map.tif
v200/2021/map/ESA_WorldCover_10m_2021_v200_S03E096_Map.tif,2740911,54497458b8f7773c37d9e598a1dffa3d,2022-10-26T12:36:18.000Z,https://esa-worldcover.s3.eu-central-1.amazonaws.com/v200/2021/map/ESA_WorldCover_10m_2021_v200_S03E096_Map.tif
v200/2021/map/ESA_WorldCover_10m_2021_v200_S03E099_Map.tif,23480201,5b3c5fbb207aa37f1cdd49d9f47334b6-3,2022-10-26T12:41:47.000Z,https://esa-worldcover.s3.eu-central-1.amazonaws.com/v200/2021/map/ESA_WorldCover_10m_2021_v200_S03E099_Map.tif
v200/2021/map/ESA_WorldCover_10m_2021_v200_S03E102_Map.tif,40675224,46e1dd4da55e7ba0ef35f7d368084c98-5,2022-10-26T12:44:15.000Z,https://esa-worldcover.s3.eu-central-1.amazonaws.com/v200/2021/map/ESA_WorldCover_10m_2021_v200_S03E102_Map.tif
v200/2021/map/ESA_WorldCover_10m_2021_v200_S03E105_Map.tif,19487747,80c22e27ed74463a2bc6be062e8e4783-3,2022-10-26T12:39:58.000Z,https://esa-worldcover.s3.eu-central-1.amazonaws.com/v200/2021/map/ESA_WorldCover_10m_2021_v200_S03E105_Map.tif
v200/2021/map/ESA_WorldCover_10m_2021_v200_S03E108_Map.tif,24320699,55afc19d85b4428f42e6d1003c87f750-3,2022-10-26T12:40:51.000Z,https://esa-worldcover.s3.eu-central-1.amazonaws.com/v200/2021/map/ESA_WorldCover_10m_2021_v200_S03E108_Map.tif
v200/2021/map/ESA_WorldCover_10m_2021_v200_S03E111_Map.tif,35489619,1205f7608222282a3f11db739f8f28b4-5,2022-10-26T12:42:28.000Z,https://esa-worldcover.s3.eu-central-1.amazonaws.com/v200/2021/map/ESA_WorldCover_10m_2021_v200_S03E111_Map.tif
v200/2021/map/ESA_WorldCover_10m_2021_v200_S03E114_Map.tif,47311452,6ff6f9d3b26a8f1d46a58659b49f4737-6,2022-10-26T12:55:54.000Z,https://esa-worldcover.s3.eu-central-1.amazonaws.com/v200/2021/map/ESA_WorldCover_10m_2021_v200_S03E114_Map.tif
v200/2021/map/ESA_WorldCover_10m_2021_v200_S03E117_Map.tif,18648435,74c63a92a8c8da4c96d4416756b575b8-3,2022-10-26T12:40:22.000Z,https://esa-worldcover.s3.eu-central-1.amazonaws.com/v200/2021/map/ESA_WorldCover_10m_2021_v200_S03E117_Map.tif
v200/2021/map/ESA_WorldCover_10m_2021_v200_S03E120_Map.tif,22057394,3b2a00090d00418891bb3c3c1a3d38e3-3,2022-10-26T12:45:19.000Z,https://esa-worldcover.s3.eu-central-1.amazonaws.com/v200/2021/map/ESA_WorldCover_10m_2021_v200_S03E120_Map.tif
v200/2021/map/ESA_WorldCover_10m_2021_v200_S03E123_Map.tif,5232456,3bf88b70a9ab365a526c6ca83b21e334,2022-10-26T12:39:03.000Z,https://esa-worldcover.s3.eu-central-1.amazonaws.com/v200/2021/map/ESA_WorldCover_10m_2021_v200_S03E123_Map.tif
v200/2021/map/ESA_WorldCover_10m_2021_v200_S03E126_Map.tif,4657722,c52ffc58636b0f6b1deff6eba8a61554,2022-10-26T12:40:59.000Z,https://esa-worldcover.s3.eu-central-1.amazonaws.com/v200/2021/map/ESA_WorldCover_10m_2021_v200_S03E126_Map.tif
v200/2021/map/ESA_WorldCover_10m_2021_v200_S03E129_Map.tif,7782994,0ef38f4571815cf294534a0e722a75a9,2022-10-26T12:43:36.000Z,https://esa-worldcover.s3.eu-central-1.amazonaws.com/v200/2021/map/ESA_WorldCover_10m_2021_v200_S03E129_Map.tif
v200/2021/map/ESA_WorldCover_10m_2021_v200_S03E132_Map.tif,12383357,22f90125196acafc38b2e4a78aef8e9f-2,2022-10-26T12:45:11.000Z,https://esa-worldcover.s3.eu-central-1.amazonaws.com/v200/2021/map/ESA_WorldCover_10m_2021_v200_S03E132_Map.tif
v200/2021/map/ESA_WorldCover_10m_2021_v200_S03E135_Map.tif,7188353,ed6a8fdb140b146a5daf8fb6e531a41a,2022-10-26T12:38:01.000Z,https://esa-worldcover.s3.eu-central-1.amazonaws.com/v200/2021/map/ESA_WorldCover_10m_2021_v200_S03E135_Map.tif
v200/2021/map/ESA_WorldCover_10m_2021_v200_S03E138_Map.tif,5498038,21c5d3eeb0cf8e92df27ac772431d45d,2022-10-26T12:37:31.000Z,https://esa-worldcover.s3.eu-central-1.amazonaws.com/v200/2021/map/ESA_WorldCover_10m_2021_v200_S03E138_Map.tif
v200/2021/map/ESA_WorldCover_10m_2021_v200_S03E141_Map.tif,2526382,f6b0a7179bfb6c72f3e3e0894aad864b,2022-10-26T12:37:12.000Z,https://esa-worldcover.s3.eu-central-1.amazonaws.com/v200/2021/map/ESA_WorldCover_10m_2021_v200_S03E141_Map.tif
v200/2021/map/ESA_WorldCover_10m_2021_v200_S03E144_Map.tif,2783268,7131a03802e8500b67291e14b7d70941,2022-10-26T12:37:41.000Z,https://esa-worldcover.s3.eu-central-1.amazonaws.com/v200/2021/map/ESA_WorldCover_10m_2021_v200_S03E144_Map.tif
v200/2021/map/ESA_WorldCover_10m_2021_v200_S03E147_Map.tif,2832218,72385e447bb2b5195fe24d829d281a4e,2022-10-26T12:36:57.000Z,https://esa-worldcover.s3.eu-central-1.amazonaws.com/v200/2021/map/ESA_WorldCover_10m_2021_v200_S03E147_Map.tif
v200/2021/map/ESA_WorldCover_10m_2021_v200_S03E150_Map.tif,3207760,0ffa4218fcf0fb31bbddc57dd78e2ae7,2022-10-26T12:36:39.000Z,https://esa-worldcover.s3.eu-central-1.amazonaws.com/v200/2021/map/ESA_WorldCover_10m_2021_v200_S03E150_Map.tif
v200/2021/map/ESA_WorldCover_10m_2021_v200_S03E165_Map.tif,2045957,2266fcc6a92dcb56a44fa00c1abf54e2,2022-10-26T12:34:59.000Z,https://esa-worldcover.s3.eu-central-1.amazonaws.com/v200/2021/map/ESA_WorldCover_10m_2021_v200_S03E165_Map.tif
v200/2021/map/ESA_WorldCover_10m_2021_v200_S03E174_Map.tif,2830125,501ae37fd220da2c1cdc7a08f858ab50,2022-10-26T12:38:17.000Z,https://esa-worldcover.s3.eu-central-1.amazonaws.com/v200/2021/map/ESA_WorldCover_10m_2021_v200_S03E174_Map.tif
v200/2021/map/ESA_WorldCover_10m_2021_v200_S03W042_Map.tif,7559695,922296e85e1cbadaca6690799256f4b1,2022-10-26T12:34:34.000Z,https://esa-worldcover.s3.eu-central-1.amazonaws.com/v200/2021/map/ESA_WorldCover_10m_2021_v200_S03W042_Map.tif
v200/2021/map/ESA_WorldCover_10m_2021_v200_S03W045_Map.tif,24281501,a0c093f763e0116221d7861af76d1ef2-3,2022-10-26T12:36:20.000Z,https://esa-worldcover.s3.eu-central-1.amazonaws.com/v200/2021/map/ESA_WorldCover_10m_2021_v200_S03W045_Map.tif
v200/2021/map/ESA_WorldCover_10m_2021_v200_S03W048_Map.tif,49447021,622ed731bc251fce62b2f4b177f9debc-6,2022-10-26T12:37:37.000Z,https://esa-worldcover.s3.eu-central-1.amazonaws.com/v200/2021/map/ESA_WorldCover_10m_2021_v200_S03W048_Map.tif
v200/2021/map/ESA_WorldCover_10m_2021_v200_S03W051_Map.tif,38592452,647015f4235847be43bd9e2fcbb0eaa3-5,2022-10-26T12:40:33.000Z,https://esa-worldcover.s3.eu-central-1.amazonaws.com/v200/2021/map/ESA_WorldCover_10m_2021_v200_S03W051_Map.tif
v200/2021/map/ESA_WorldCover_10m_2021_v200_S03W054_Map.tif,29215289,efd82d54764d63038b19acb1d79cd143-4,2022-10-26T12:40:54.000Z,https://esa-worldcover.s3.eu-central-1.amazonaws.com/v200/2021/map/ESA_WorldCover_10m_2021_v200_S03W054_Map.tif
v200/2021/map/ESA_WorldCover_10m_2021_v200_S03W057_Map.tif,34919218,782a43084ba57a525ce1ea918c4c6d06-5,2022-10-26T12:40:51.000Z,https://esa-worldcover.s3.eu-central-1.amazonaws.com/v200/2021/map/ESA_WorldCover_10m_2021_v200_S03W057_Map.tif
v200/2021/map/ESA_WorldCover_10m_2021_v200_S03W060_Map.tif,15518315,e14adc715d3304224d5d47574c3a15b2-2,2022-10-26T12:40:25.000Z,https://esa-worldcover.s3.eu-central-1.amazonaws.com/v200/2021/map/ESA_WorldCover_10m_2021_v200_S03W060_Map.tif
v200/2021/map/ESA_WorldCover_10m_2021_v200_S03W063_Map.tif,16735186,44c1f7d1da4f4aa07204deb07f9c2a68-2,2022-10-26T12:40:20.000Z,https://esa-worldcover.s3.eu-central-1.amazonaws.com/v200/2021/map/ESA_WorldCover_10m_2021_v200_S03W063_Map.tif
v200/2021/map/ESA_WorldCover_10m_2021_v200_S03W066_Map.tif,15074843,930fa83e414d28a5c5f6cb8228db8761-2,2022-10-26T12:40:20.000Z,https://esa-worldcover.s3.eu-central-1.amazonaws.com/v200/2021/map/ESA_WorldCover_10m_2021_v200_S03W066_Map.tif
v200/2021/map/ESA_WorldCover_10m_2021_v200_S03W069_Map.tif,8852002,ba1df866f9c2cd8e06529acf89239bbc-2,2022-10-26T12:37:22.000Z,https://esa-worldcover.s3.eu-central-1.amazonaws.com/v200/2021/map/ESA_WorldCover_10m_2021_v200_S03W069_Map.tif
v200/2021/map/ESA_WorldCover_10m_2021_v200_S03W072_Map.tif,4615432,e1aaebab9cc1372c8b443b5175309e77,2022-10-26T12:37:16.000Z,https://esa-worldcover.s3.eu-central-1.amazonaws.com/v200/2021/map/ESA_WorldCover_10m_2021_v200_S03W072_Map.tif
v200/2021/map/ESA_WorldCover_10m_2021_v200_S03W075_Map.tif,7105963,e73626d1a6a9c4758742dd4520e288c0,2022-10-26T12:37:21.000Z,https://esa-worldcover.s3.eu-central-1.amazonaws.com/v200/2021/map/ESA_WorldCover_10m_2021_v200_S03W075_Map.tif
v200/2021/map/ESA_WorldCover_10m_2021_v200_S03W078_Map.tif,11807189,2d00fe6031d0be0ebeb1594d621ba6ed-2,2022-10-26T12:37:31.000Z,https://esa-worldcover.s3.eu-central-1.amazonaws.com/v200/2021/map/ESA_WorldCover_10m_2021_v200_S03W078_Map.tif
v200/2021/map/ESA_WorldCover_10m_2021_v200_S03W081_Map.tif,101533341,07e915f4e63eb4044d14505ad4082c74-13,2022-10-26T12:43:17.000Z,https://esa-worldcover.s3.eu-central-1.amazonaws.com/v200/2021/map/ESA_WorldCover_10m_2021_v200_S03W081_Map.tif
v200/2021/map/ESA_WorldCover_10m_2021_v200_S03W084_Map.tif,2167472,f3d2054a39c4572e97d6c5daf26107f0,2022-10-26T12:34:11.000Z,https://esa-worldcover.s3.eu-central-1.amazonaws.com/v200/2021/map/ESA_WorldCover_10m_2021_v200_S03W084_Map.tif
v200/2021/map/ESA_WorldCover_10m_2021_v200_S03W090_Map.tif,2642133,9432bf34746ca492631601aade32ae1b,2022-10-26T12:34:52.000Z,https://esa-worldcover.s3.eu-central-1.amazonaws.com/v200/2021/map/ESA_WorldCover_10m_2021_v200_S03W090_Map.tif
v200/2021/map/ESA_WorldCover_10m_2021_v200_S03W093_Map.tif,7529200,91cd9e101ab2511cbcb8dfba9448541b,2022-10-26T12:36:05.000Z,https://esa-worldcover.s3.eu-central-1.amazonaws.com/v200/2021/map/ESA_WorldCover_10m_2021_v200_S03W093_Map.tif
v200/2021/map/ESA_WorldCover_10m_2021_v200_S03W162_Map.tif,1998118,2401d584571f432dacb2bff2b786e9a9,2022-10-26T12:34:56.000Z,https://esa-worldcover.s3.eu-central-1.amazonaws.com/v200/2021/map/ESA_WorldCover_10m_2021_v200_S03W162_Map.tif
v200/2021/map/ESA_WorldCover_10m_2021_v200_S06E009_Map.tif,9167035,5d50a4fa5d6cb3894647aa12badc9d98-2,2022-10-26T12:36:30.000Z,https://esa-worldcover.s3.eu-central-1.amazonaws.com/v200/2021/map/ESA_WorldCover_10m_2021_v200_S06E009_Map.tif
v200/2021/map/ESA_WorldCover_10m_2021_v200_S06E012_Map.tif,79498900,22b6bf952eddec17a48338c0724f19c9-10,2022-10-26T12:40:59.000Z,https://esa-worldcover.s3.eu-central-1.amazonaws.com/v200/2021/map/ESA_WorldCover_10m_2021_v200_S06E012_Map.tif
v200/2021/map/ESA_WorldCover_10m_2021_v200_S06E015_Map.tif,103314257,7aa29f6b43750f7ca6337a81c88e86be-13,2022-10-26T12:58:55.000Z,https://esa-worldcover.s3.eu-central-1.amazonaws.com/v200/2021/map/ESA_WorldCover_10m_2021_v200_S06E015_Map.tif
v200/2021/map/ESA_WorldCover_10m_2021_v200_S06E018_Map.tif,75566208,0c084a791d66210ba95ed6a4ce4a0c2b-10,2022-10-26T12:43:14.000Z,https://esa-worldcover.s3.eu-central-1.amazonaws.com/v200/2021/map/ESA_WorldCover_10m_2021_v200_S06E018_Map.tif
v200/2021/map/ESA_WorldCover_10m_2021_v200_S06E021_Map.tif,58179685,eb345a2a1802c7a4882c33456b16e93b-7,2022-10-26T12:38:23.000Z,https://esa-worldcover.s3.eu-central-1.amazonaws.com/v200/2021/map/ESA_WorldCover_10m_2021_v200_S06E021_Map.tif
v200/2021/map/ESA_WorldCover_10m_2021_v200_S06E024_Map.tif,79376762,3d68e9a09fd881517fb203a393852f49-10,2022-10-26T12:43:46.000Z,https://esa-worldcover.s3.eu-central-1.amazonaws.com/v200/2021/map/ESA_WorldCover_10m_2021_v200_S06E024_Map.tif
v200/2021/map/ESA_WorldCover_10m_2021_v200_S06E027_Map.tif,104060222,6adbb014fa1b115d9de3a59a9030351c-13,2022-10-26T12:41:17.000Z,https://esa-worldcover.s3.eu-central-1.amazonaws.com/v200/2021/map/ESA_WorldCover_10m_2021_v200_S06E027_Map.tif
v200/2021/map/ESA_WorldCover_10m_2021_v200_S06E030_Map.tif,133378737,36e94c02d4a08e6b0e58ccdd0d951fbb-16,2022-10-26T12:42:58.000Z,https://esa-worldcover.s3.eu-central-1.amazonaws.com/v200/2021/map/ESA_WorldCover_10m_2021_v200_S06E030_Map.tif
v200/2021/map/ESA_WorldCover_10m_2021_v200_S06E033_Map.tif,147024441,a6a7083026810e9120143d34d04b3fc1-18,2022-10-26T12:42:24.000Z,https://esa-worldcover.s3.eu-central-1.amazonaws.com/v200/2021/map/ESA_WorldCover_10m_2021_v200_S06E033_Map.tif
v200/2021/map/ESA_WorldCover_10m_2021_v200_S06E036_Map.tif,121681606,ac27b2b290c28033420d0b3e5f0916ab-15,2022-10-26T12:41:16.000Z,https://esa-worldcover.s3.eu-central-1.amazonaws.com/v200/2021/map/ESA_WorldCover_10m_2021_v200_S06E036_Map.tif
v200/2021/map/ESA_WorldCover_10m_2021_v200_S06E039_Map.tif,25283894,ec99cfb3bea5810e3217fd21fbe9525f-4,2022-10-26T12:36:24.000Z,https://esa-worldcover.s3.eu-central-1.amazonaws.com/v200/2021/map/ESA_WorldCover_10m_2021_v200_S06E039_Map.tif
v200/2021/map/ESA_WorldCover_10m_2021_v200_S06E051_Map.tif,2086395,dd56542fe8890320d7faf0ffab29f15f,2022-10-26T12:34:23.000Z,https://esa-worldcover.s3.eu-central-1.amazonaws.com/v200/2021/map/ESA_WorldCover_10m_2021_v200_S06E051_Map.tif
v200/2021/map/ESA_WorldCover_10m_2021_v200_S06E054_Map.tif,2520756,4c478e6890581abc8b1e2e2c967146a4,2022-10-26T12:34:58.000Z,https://esa-worldcover.s3.eu-central-1.amazonaws.com/v200/2021/map/ESA_WorldCover_10m_2021_v200_S06E054_Map.tif
v200/2021/map/ESA_WorldCover_10m_2021_v200_S06E069_Map.tif,2072946,0e86a4bff4eb374eb049a126fdfc89aa,2022-10-26T12:34:28.000Z,https://esa-worldcover.s3.eu-central-1.amazonaws.com/v200/2021/map/ESA_WorldCover_10m_2021_v200_S06E069_Map.tif
v200/2021/map/ESA_WorldCover_10m_2021_v200_S06E072_Map.tif,2021569,08b3849132c2e30f5af9072bd426cd6b,2022-10-26T12:34:25.000Z,https://esa-worldcover.s3.eu-central-1.amazonaws.com/v200/2021/map/ESA_WorldCover_10m_2021_v200_S06E072_Map.tif
v200/2021/map/ESA_WorldCover_10m_2021_v200_S06E099_Map.tif,3073940,a1b3de92ee1bb9372acf39b4068e0ca5,2022-10-26T12:35:28.000Z,https://esa-worldcover.s3.eu-central-1.amazonaws.com/v200/2021/map/ESA_WorldCover_10m_2021_v200_S06E099_Map.tif
v200/2021/map/ESA_WorldCover_10m_2021_v200_S06E102_Map.tif,34883673,c6062f52075cdd6ab69ce0613ab07579-5,2022-10-26T12:38:46.000Z,https://esa-worldcover.s3.eu-central-1.amazonaws.com/v200/2021/map/ESA_WorldCover_10m_2021_v200_S06E102_Map.tif
v200/2021/map/ESA_WorldCover_10m_2021_v200_S06E105_Map.tif,36008558,55f14da450b75041932a62854d87c059-5,2022-10-26T12:37:50.000Z,https://esa-worldcover.s3.eu-central-1.amazonaws.com/v200/2021/map/ESA_WorldCover_10m_2021_v200_S06E105_Map.tif
v200/2021/map/ESA_WorldCover_10m_2021_v200_S06E108_Map.tif,3065068,9af0a8819dd280a2d23ba4980d2f667e,2022-10-26T12:36:49.000Z,https://esa-worldcover.s3.eu-central-1.amazonaws.com/v200/2021/map/ESA_WorldCover_10m_2021_v200_S06E108_Map.tif
v200/2021/map/ESA_WorldCover_10m_2021_v200_S06E111_Map.tif,12945968,6d349e677c26a90952ccf6872221e917-2,2022-10-26T12:37:00.000Z,https://esa-worldcover.s3.eu-central-1.amazonaws.com/v200/2021/map/ESA_WorldCover_10m_2021_v200_S06E111_Map.tif
v200/2021/map/ESA_WorldCover_10m_2021_v200_S06E114_Map.tif,20909063,713c1d296c8873988eb8b9d6d27d705f-3,2022-10-26T12:36:59.000Z,https://esa-worldcover.s3.eu-central-1.amazonaws.com/v200/2021/map/ESA_WorldCover_10m_2021_v200_S06E114_Map.tif
v200/2021/map/ESA_WorldCover_10m_2021_v200_S06E117_Map.tif,20752162,e803790d659fb955b86a23c6950e9c19-3,2022-10-26T12:38:08.000Z,https://esa-worldcover.s3.eu-central-1.amazonaws.com/v200/2021/map/ESA_WorldCover_10m_2021_v200_S06E117_Map.tif
v200/2021/map/ESA_WorldCover_10m_2021_v200_S06E120_Map.tif,29162800,622cd664f10019056001aa708b4c5343-4,2022-10-26T12:40:57.000Z,https://esa-worldcover.s3.eu-central-1.amazonaws.com/v200/2021/map/ESA_WorldCover_10m_2021_v200_S06E120_Map.tif
v200/2021/map/ESA_WorldCover_10m_2021_v200_S06E123_Map.tif,3401691,6f0e19969bdb42588bd54b0c91be822c,2022-10-26T12:38:15.000Z,https://esa-worldcover.s3.eu-central-1.amazonaws.com/v200/2021/map/ESA_WorldCover_10m_2021_v200_S06E123_Map.tif
v200/2021/map/ESA_WorldCover_10m_2021_v200_S06E126_Map.tif,7434879,9f84265f48d61391397e927d9c9ef303,2022-10-26T12:38:04.000Z,https://esa-worldcover.s3.eu-central-1.amazonaws.com/v200/2021/map/ESA_WorldCover_10m_2021_v200_S06E126_Map.tif
v200/2021/map/ESA_WorldCover_10m_2021_v200_S06E129_Map.tif,4571223,6a0056a238ce45f1affcce395b48c921,2022-10-26T12:38:09.000Z,https://esa-worldcover.s3.eu-central-1.amazonaws.com/v200/2021/map/ESA_WorldCover_10m_2021_v200_S06E129_Map.tif
v200/2021/map/ESA_WorldCover_10m_2021_v200_S06E132_Map.tif,6926908,5612767b82c93c2ff7fe6bf0f5d146a5,2022-10-26T12:38:10.000Z,https://esa-worldcover.s3.eu-central-1.amazonaws.com/v200/2021/map/ESA_WorldCover_10m_2021_v200_S06E132_Map.tif
v200/2021/map/ESA_WorldCover_10m_2021_v200_S06E135_Map.tif,15346670,edc855fd29b65eca392f8b63cb3df778-2,2022-10-26T12:38:46.000Z,https://esa-worldcover.s3.eu-central-1.amazonaws.com/v200/2021/map/ESA_WorldCover_10m_2021_v200_S06E135_Map.tif
v200/2021/map/ESA_WorldCover_10m_2021_v200_S06E138_Map.tif,23627127,95bde360248fd616117edebc0cc60309-3,2022-10-26T12:40:30.000Z,https://esa-worldcover.s3.eu-central-1.amazonaws.com/v200/2021/map/ESA_WorldCover_10m_2021_v200_S06E138_Map.tif
v200/2021/map/ESA_WorldCover_10m_2021_v200_S06E141_Map.tif,24394873,2dac7821ee9d20beb32bc6e4b278d21c-3,2022-10-26T12:40:09.000Z,https://esa-worldcover.s3.eu-central-1.amazonaws.com/v200/2021/map/ESA_WorldCover_10m_2021_v200_S06E141_Map.tif
v200/2021/map/ESA_WorldCover_10m_2021_v200_S06E144_Map.tif,17212530,02cff6857c1cd528580dc28d6ddd9935-3,2022-10-26T12:37:38.000Z,https://esa-worldcover.s3.eu-central-1.amazonaws.com/v200/2021/map/ESA_WorldCover_10m_2021_v200_S06E144_Map.tif
v200/2021/map/ESA_WorldCover_10m_2021_v200_S06E147_Map.tif,3777950,cd8ed45e57147afef984fe520f9ec682,2022-10-26T12:36:31.000Z,https://esa-worldcover.s3.eu-central-1.amazonaws.com/v200/2021/map/ESA_WorldCover_10m_2021_v200_S06E147_Map.tif
v200/2021/map/ESA_WorldCover_10m_2021_v200_S06E150_Map.tif,7459558,d5f2bba7e98bee907b5c18a16f913bb5,2022-10-26T12:37:18.000Z,https://esa-worldcover.s3.eu-central-1.amazonaws.com/v200/2021/map/ESA_WorldCover_10m_2021_v200_S06E150_Map.tif
v200/2021/map/ESA_WorldCover_10m_2021_v200_S06E153_Map.tif,3843882,f09b013aefcfd3d17cfb2c9c5eab81f6,2022-10-26T12:36:46.000Z,https://esa-worldcover.s3.eu-central-1.amazonaws.com/v200/2021/map/ESA_WorldCover_10m_2021_v200_S06E153_Map.tif
v200/2021/map/ESA_WorldCover_10m_2021_v200_S06E156_Map.tif,2098916,ee9f8110588584f46c34aa08bdb7bf39,2022-10-26T13:06:16.000Z,https://esa-worldcover.s3.eu-central-1.amazonaws.com/v200/2021/map/ESA_WorldCover_10m_2021_v200_S06E156_Map.tif
v200/2021/map/ESA_WorldCover_10m_2021_v200_S06E159_Map.tif,2154651,bcefab25698e44053df4ea0cd438aad5,2022-10-26T13:06:17.000Z,https://esa-worldcover.s3.eu-central-1.amazonaws.com/v200/2021/map/ESA_WorldCover_10m_2021_v200_S06E159_Map.tif
v200/2021/map/ESA_WorldCover_10m_2021_v200_S06E174_Map.tif,2014402,0f7ee809ba3587956876ac2fb26ab835,2022-10-26T12:34:27.000Z,https://esa-worldcover.s3.eu-central-1.amazonaws.com/v200/2021/map/ESA_WorldCover_10m_2021_v200_S06E174_Map.tif
v200/2021/map/ESA_WorldCover_10m_2021_v200_S06W033_Map.tif,2003647,f117c897100e4a99c8af2a2d06ba1748,2022-10-26T12:34:44.000Z,https://esa-worldcover.s3.eu-central-1.amazonaws.com/v200/2021/map/ESA_WorldCover_10m_2021_v200_S06W033_Map.tif
v200/2021/map/ESA_WorldCover_10m_2021_v200_S06W036_Map.tif,10296002,96adda47329ce9135fee4b5dc75bb803-2,2022-10-26T12:35:45.000Z,https://esa-worldcover.s3.eu-central-1.amazonaws.com/v200/2021/map/ESA_WorldCover_10m_2021_v200_S06W036_Map.tif
v200/2021/map/ESA_WorldCover_10m_2021_v200_S06W039_Map.tif,60892967,ab172b16fee75b0705635355171a17ea-8,2022-10-26T12:39:10.000Z,https://esa-worldcover.s3.eu-central-1.amazonaws.com/v200/2021/map/ESA_WorldCover_10m_2021_v200_S06W039_Map.tif
v200/2021/map/ESA_WorldCover_10m_2021_v200_S06W042_Map.tif,118036349,d8d7222b01f3675823e28caa781c459c-15,2022-10-26T12:44:27.000Z,https://esa-worldcover.s3.eu-central-1.amazonaws.com/v200/2021/map/ESA_WorldCover_10m_2021_v200_S06W042_Map.tif
v200/2021/map/ESA_WorldCover_10m_2021_v200_S06W045_Map.tif,107324724,d36b4d5c69faac487f6de9218c5c26a5-13,2022-10-26T12:56:22.000Z,https://esa-worldcover.s3.eu-central-1.amazonaws.com/v200/2021/map/ESA_WorldCover_10m_2021_v200_S06W045_Map.tif
v200/2021/map/ESA_WorldCover_10m_2021_v200_S06W048_Map.tif,73242658,496bda7a91452c818444c6e9aca6172f-9,2022-10-26T12:45:08.000Z,https://esa-worldcover.s3.eu-central-1.amazonaws.com/v200/2021/map/ESA_WorldCover_10m_2021_v200_S06W048_Map.tif
v200/2021/map/ESA_WorldCover_10m_2021_v200_S06W051_Map.tif,59971097,0d2f4f0085122d380cbd6ecdb3245101-8,2022-10-26T12:41:54.000Z,https://esa-worldcover.s3.eu-central-1.amazonaws.com/v200/2021/map/ESA_WorldCover_10m_2021_v200_S06W051_Map.tif
v200/2021/map/ESA_WorldCover_10m_2021_v200_S06W054_Map.tif,25031051,e353c6f68473c0b758d89dbd8cdc8210-3,2022-10-26T12:40:26.000Z,https://esa-worldcover.s3.eu-central-1.amazonaws.com/v200/2021/map/ESA_WorldCover_10m_2021_v200_S06W054_Map.tif
v200/2021/map/ESA_WorldCover_10m_2021_v200_S06W057_Map.tif,17210885,27c1768cab319ef1abfa213f4d84ebb9-3,2022-10-26T12:40:08.000Z,https://esa-worldcover.s3.eu-central-1.amazonaws.com/v200/2021/map/ESA_WorldCover_10m_2021_v200_S06W057_Map.tif
v200/2021/map/ESA_WorldCover_10m_2021_v200_S06W060_Map.tif,22718974,0ce71dfc99d905f6aaf0e7772a26ab0b-3,2022-10-26T12:37:39.000Z,https://esa-worldcover.s3.eu-central-1.amazonaws.com/v200/2021/map/ESA_WorldCover_10m_2021_v200_S06W060_Map.tif
v200/2021/map/ESA_WorldCover_10m_2021_v200_S06W063_Map.tif,22173195,1f052948f4d7cd0cb80177b5e47f7220-3,2022-10-26T12:37:34.000Z,https://esa-worldcover.s3.eu-central-1.amazonaws.com/v200/2021/map/ESA_WorldCover_10m_2021_v200_S06W063_Map.tif
v200/2021/map/ESA_WorldCover_10m_2021_v200_S06W066_Map.tif,10577525,4c171656be4d0cb5beb86afbaf8b9d1f-2,2022-10-26T12:37:23.000Z,https://esa-worldcover.s3.eu-central-1.amazonaws.com/v200/2021/map/ESA_WorldCover_10m_2021_v200_S06W066_Map.tif
v200/2021/map/ESA_WorldCover_10m_2021_v200_S06W069_Map.tif,7030066,cb163d7c819ad630a47016ed24be874a,2022-10-26T12:37:17.000Z,https://esa-worldcover.s3.eu-central-1.amazonaws.com/v200/2021/map/ESA_WorldCover_10m_2021_v200_S06W069_Map.tif
v200/2021/map/ESA_WorldCover_10m_2021_v200_S06W072_Map.tif,7113359,dda29a93134869b3138aecc9ede51671,2022-10-26T12:39:45.000Z,https://esa-worldcover.s3.eu-central-1.amazonaws.com/v200/2021/map/ESA_WorldCover_10m_2021_v200_S06W072_Map.tif
v200/2021/map/ESA_WorldCover_10m_2021_v200_S06W075_Map.tif,9160426,78146b0051d72a7fbe26bf62dd699414-2,2022-10-26T12:39:27.000Z,https://esa-worldcover.s3.eu-central-1.amazonaws.com/v200/2021/map/ESA_WorldCover_10m_2021_v200_S06W075_Map.tif
v200/2021/map/ESA_WorldCover_10m_2021_v200_S06W078_Map.tif,11189598,57747f628479d1f0a869a47e0df4e077-2,2022-10-26T12:38:54.000Z,https://esa-worldcover.s3.eu-central-1.amazonaws.com/v200/2021/map/ESA_WorldCover_10m_2021_v200_S06W078_Map.tif
v200/2021/map/ESA_WorldCover_10m_2021_v200_S06W081_Map.tif,88076207,bed2258997154963d94b8192cd119432-11,2022-10-26T12:41:14.000Z,https://esa-worldcover.s3.eu-central-1.amazonaws.com/v200/2021/map/ESA_WorldCover_10m_2021_v200_S06W081_Map.tif
v200/2021/map/ESA_WorldCover_10m_2021_v200_S06W084_Map.tif,5038146,eb9359cb3751c3a752cb183bcc3afdeb,2022-10-26T12:35:11.000Z,https://esa-worldcover.s3.eu-central-1.amazonaws.com/v200/2021/map/ESA_WorldCover_10m_2021_v200_S06W084_Map.tif
v200/2021/map/ESA_WorldCover_10m_2021_v200_S06W156_Map.tif,2074307,7bf9a103fa0f08d9b2f1170e4d55418f,2022-10-26T12:34:39.000Z,https://esa-worldcover.s3.eu-central-1.amazonaws.com/v200/2021/map/ESA_WorldCover_10m_2021_v200_S06W156_Map.tif
v200/2021/map/ESA_WorldCover_10m_2021_v200_S06W159_Map.tif,1984943,7f215ed182888ab49ed77622986e256c,2022-10-26T12:34:46.000Z,https://esa-worldcover.s3.eu-central-1.amazonaws.com/v200/2021/map/ESA_WorldCover_10m_2021_v200_S06W159_Map.tif
v200/2021/map/ESA_WorldCover_10m_2021_v200_S09E012_Map.tif,62244982,ea5ef365851eafdbcf69e447ba9865c3-8,2022-10-26T12:42:34.000Z,https://esa-worldcover.s3.eu-central-1.amazonaws.com/v200/2021/map/ESA_WorldCover_10m_2021_v200_S09E012_Map.tif
v200/2021/map/ESA_WorldCover_10m_2021_v200_S09E015_Map.tif,105892989,f0db6b639bfc1e2826dcce73041c4abe-13,2022-10-26T12:46:54.000Z,https://esa-worldcover.s3.eu-central-1.amazonaws.com/v200/2021/map/ESA_WorldCover_10m_2021_v200_S09E015_Map.tif
v200/2021/map/ESA_WorldCover_10m_2021_v200_S09E018_Map.tif,104169416,3a8aae27e4f511ee8c4498b8d20cdcd5-13,2022-10-26T12:46:50.000Z,https://esa-worldcover.s3.eu-central-1.amazonaws.com/v200/2021/map/ESA_WorldCover_10m_2021_v200_S09E018_Map.tif
v200/2021/map/ESA_WorldCover_10m_2021_v200_S09E021_Map.tif,132779448,c1cbee5d582937ca81d92e0740539711-16,2022-10-26T12:47:21.000Z,https://esa-worldcover.s3.eu-central-1.amazonaws.com/v200/2021/map/ESA_WorldCover_10m_2021_v200_S09E021_Map.tif
v200/2021/map/ESA_WorldCover_10m_2021_v200_S09E024_Map.tif,120701538,e4e3a60d73f425eb8e3513a48068d4da-15,2022-10-26T12:47:06.000Z,https://esa-worldcover.s3.eu-central-1.amazonaws.com/v200/2021/map/ESA_WorldCover_10m_2021_v200_S09E024_Map.tif
v200/2021/map/ESA_WorldCover_10m_2021_v200_S09E027_Map.tif,101386635,8f322828f2d75951893a1e1b40c53a4b-13,2022-10-26T12:47:54.000Z,https://esa-worldcover.s3.eu-central-1.amazonaws.com/v200/2021/map/ESA_WorldCover_10m_2021_v200_S09E027_Map.tif
v200/2021/map/ESA_WorldCover_10m_2021_v200_S09E030_Map.tif,114998100,748b5a6f4fbc761e68c2d6855b1250e1-14,2022-10-26T12:47:34.000Z,https://esa-worldcover.s3.eu-central-1.amazonaws.com/v200/2021/map/ESA_WorldCover_10m_2021_v200_S09E030_Map.tif
v200/2021/map/ESA_WorldCover_10m_2021_v200_S09E033_Map.tif,147045861,a46ea804668d17e505d1bc3a331b6107-18,2022-10-26T12:48:18.000Z,https://esa-worldcover.s3.eu-central-1.amazonaws.com/v200/2021/map/ESA_WorldCover_10m_2021_v200_S09E033_Map.tif
v200/2021/map/ESA_WorldCover_10m_2021_v200_S09E036_Map.tif,138143569,ad0a85e7ac5aab6024e5ae20a60dcd27-17,2022-10-26T12:47:52.000Z,https://esa-worldcover.s3.eu-central-1.amazonaws.com/v200/2021/map/ESA_WorldCover_10m_2021_v200_S09E036_Map.tif
v200/2021/map/ESA_WorldCover_10m_2021_v200_S09E039_Map.tif,19606503,83925735c2352e19512057c06f2a1f11-3,2022-10-26T12:36:41.000Z,https://esa-worldcover.s3.eu-central-1.amazonaws.com/v200/2021/map/ESA_WorldCover_10m_2021_v200_S09E039_Map.tif
v200/2021/map/ESA_WorldCover_10m_2021_v200_S09E069_Map.tif,2058137,1ce66230fefd0327635053ab04064fd6,2022-10-26T12:35:04.000Z,https://esa-worldcover.s3.eu-central-1.amazonaws.com/v200/2021/map/ESA_WorldCover_10m_2021_v200_S09E069_Map.tif
v200/2021/map/ESA_WorldCover_10m_2021_v200_S09E072_Map.tif,2114192,41734a86589fc560bfbb36771fc88065,2022-10-26T12:33:39.000Z,https://esa-worldcover.s3.eu-central-1.amazonaws.com/v200/2021/map/ESA_WorldCover_10m_2021_v200_S09E072_Map.tif
v200/2021/map/ESA_WorldCover_10m_2021_v200_S09E105_Map.tif,35646411,b0a8fa2f19729f15789154fe8143b0f5-5,2022-10-26T12:36:29.000Z,https://esa-worldcover.s3.eu-central-1.amazonaws.com/v200/2021/map/ESA_WorldCover_10m_2021_v200_S09E105_Map.tif
v200/2021/map/ESA_WorldCover_10m_2021_v200_S09E108_Map.tif,46809596,ee9057d83cabaefa08e2200cafd848c9-6,2022-10-26T12:36:53.000Z,https://esa-worldcover.s3.eu-central-1.amazonaws.com/v200/2021/map/ESA_WorldCover_10m_2021_v200_S09E108_Map.tif
v200/2021/map/ESA_WorldCover_10m_2021_v200_S09E111_Map.tif,59548240,d60bab6973e527d5a1963bcff6214cc3-8,2022-10-26T12:37:05.000Z,https://esa-worldcover.s3.eu-central-1.amazonaws.com/v200/2021/map/ESA_WorldCover_10m_2021_v200_S09E111_Map.tif
v200/2021/map/ESA_WorldCover_10m_2021_v200_S09E114_Map.tif,18888068,2149ccd1afeeb98b6e103034338f61bc-3,2022-10-26T12:36:42.000Z,https://esa-worldcover.s3.eu-central-1.amazonaws.com/v200/2021/map/ESA_WorldCover_10m_2021_v200_S09E114_Map.tif
v200/2021/map/ESA_WorldCover_10m_2021_v200_S09E117_Map.tif,13750255,93744f7cabe09fe970246ba3a9943bdc-2,2022-10-26T12:36:46.000Z,https://esa-worldcover.s3.eu-central-1.amazonaws.com/v200/2021/map/ESA_WorldCover_10m_2021_v200_S09E117_Map.tif
v200/2021/map/ESA_WorldCover_10m_2021_v200_S09E120_Map.tif,10684365,e7fc67b138af497fabe230c7ff229342-2,2022-10-26T12:36:48.000Z,https://esa-worldcover.s3.eu-central-1.amazonaws.com/v200/2021/map/ESA_WorldCover_10m_2021_v200_S09E120_Map.tif
v200/2021/map/ESA_WorldCover_10m_2021_v200_S09E123_Map.tif,12044939,87ae334c9182424f3770bd4dc84cfccf-2,2022-10-26T12:36:38.000Z,https://esa-worldcover.s3.eu-central-1.amazonaws.com/v200/2021/map/ESA_WorldCover_10m_2021_v200_S09E123_Map.tif
v200/2021/map/ESA_WorldCover_10m_2021_v200_S09E126_Map.tif,8482475,e51f1dab21d7b91952259f26a50cedd4-2,2022-10-26T12:36:21.000Z,https://esa-worldcover.s3.eu-central-1.amazonaws.com/v200/2021/map/ESA_WorldCover_10m_2021_v200_S09E126_Map.tif
v200/2021/map/ESA_WorldCover_10m_2021_v200_S09E129_Map.tif,4668215,cf63ba78c71832b5c3cd067285d2b9e8,2022-10-26T12:36:05.000Z,https://esa-worldcover.s3.eu-central-1.amazonaws.com/v200/2021/map/ESA_WorldCover_10m_2021_v200_S09E129_Map.tif
v200/2021/map/ESA_WorldCover_10m_2021_v200_S09E132_Map.tif,4790386,03f6ca4385ec87b3783078030385717e,2022-10-26T12:35:11.000Z,https://esa-worldcover.s3.eu-central-1.amazonaws.com/v200/2021/map/ESA_WorldCover_10m_2021_v200_S09E132_Map.tif
v200/2021/map/ESA_WorldCover_10m_2021_v200_S09E135_Map.tif,3881532,3ffcd1874884dd464c72682b781ea2f7,2022-10-26T12:34:05.000Z,https://esa-worldcover.s3.eu-central-1.amazonaws.com/v200/2021/map/ESA_WorldCover_10m_2021_v200_S09E135_Map.tif
v200/2021/map/ESA_WorldCover_10m_2021_v200_S09E138_Map.tif,39412396,e31fcb25dccc2899c29999167686676a-5,2022-10-26T12:37:44.000Z,https://esa-worldcover.s3.eu-central-1.amazonaws.com/v200/2021/map/ESA_WorldCover_10m_2021_v200_S09E138_Map.tif
v200/2021/map/ESA_WorldCover_10m_2021_v200_S09E141_Map.tif,28193651,24c684123493ef2096b5fbaecfe602d5-4,2022-10-26T12:38:02.000Z,https://esa-worldcover.s3.eu-central-1.amazonaws.com/v200/2021/map/ESA_WorldCover_10m_2021_v200_S09E141_Map.tif
v200/2021/map/ESA_WorldCover_10m_2021_v200_S09E144_Map.tif,25706141,7f9041b2692a4d3adf1a676ef37026ca-4,2022-10-26T12:37:29.000Z,https://esa-worldcover.s3.eu-central-1.amazonaws.com/v200/2021/map/ESA_WorldCover_10m_2021_v200_S09E144_Map.tif
v200/2021/map/ESA_WorldCover_10m_2021_v200_S09E147_Map.tif,9826608,9b05ececfdfd13226cdd77fd3ccb0809-2,2022-10-26T12:36:52.000Z,https://esa-worldcover.s3.eu-central-1.amazonaws.com/v200/2021/map/ESA_WorldCover_10m_2021_v200_S09E147_Map.tif
v200/2021/map/ESA_WorldCover_10m_2021_v200_S09E150_Map.tif,2871509,86fd86070f65b0e52461fb6c81727fc2,2022-10-26T12:36:34.000Z,https://esa-worldcover.s3.eu-central-1.amazonaws.com/v200/2021/map/ESA_WorldCover_10m_2021_v200_S09E150_Map.tif
v200/2021/map/ESA_WorldCover_10m_2021_v200_S09E153_Map.tif,3790283,58ce9e81f45bd8d7a0aaf5e205577500,2022-10-26T12:34:49.000Z,https://esa-worldcover.s3.eu-central-1.amazonaws.com/v200/2021/map/ESA_WorldCover_10m_2021_v200_S09E153_Map.tif
v200/2021/map/ESA_WorldCover_10m_2021_v200_S09E156_Map.tif,5488830,332c502e638e596e7cb6d4baa064e7ce,2022-10-26T12:36:22.000Z,https://esa-worldcover.s3.eu-central-1.amazonaws.com/v200/2021/map/ESA_WorldCover_10m_2021_v200_S09E156_Map.tif
v200/2021/map/ESA_WorldCover_10m_2021_v200_S09E159_Map.tif,3672625,33ea8bf495b49d36c9ff291dd94cbf72,2022-10-26T12:36:01.000Z,https://esa-worldcover.s3.eu-central-1.amazonaws.com/v200/2021/map/ESA_WorldCover_10m_2021_v200_S09E159_Map.tif
v200/2021/map/ESA_WorldCover_10m_2021_v200_S09E162_Map.tif,2001836,a437174535ff162f1c9f8a844d89bf11,2022-10-26T12:34:46.000Z,https://esa-worldcover.s3.eu-central-1.amazonaws.com/v200/2021/map/ESA_WorldCover_10m_2021_v200_S09E162_Map.tif
v200/2021/map/ESA_WorldCover_10m_2021_v200_S09E174_Map.tif,2061557,79dde24d5380afed110fff81b7cc281b,2022-10-26T12:34:37.000Z,https://esa-worldcover.s3.eu-central-1.amazonaws.com/v200/2021/map/ESA_WorldCover_10m_2021_v200_S09E174_Map.tif
v200/2021/map/ESA_WorldCover_10m_2021_v200_S09E177_Map.tif,2358084,8d3cdbb6acfeefac00d49f7c3cc5a442,2022-10-26T12:36:39.000Z,https://esa-worldcover.s3.eu-central-1.amazonaws.com/v200/2021/map/ESA_WorldCover_10m_2021_v200_S09E177_Map.tif
v200/2021/map/ESA_WorldCover_10m_2021_v200_S09W015_Map.tif,2161716,4fa801674da90085e428d4743d87d98e,2022-10-26T12:35:02.000Z,https://esa-worldcover.s3.eu-central-1.amazonaws.com/v200/2021/map/ESA_WorldCover_10m_2021_v200_S09W015_Map.tif
v200/2021/map/ESA_WorldCover_10m_2021_v200_S09W036_Map.tif,47969903,8562cb30c68293725359b1739f40ded3-6,2022-10-26T12:37:38.000Z,https://esa-worldcover.s3.eu-central-1.amazonaws.com/v200/2021/map/ESA_WorldCover_10m_2021_v200_S09W036_Map.tif
v200/2021/map/ESA_WorldCover_10m_2021_v200_S09W039_Map.tif,125562811,986cd0b3a29d612ddd90d77855675897-15,2022-10-26T12:45:41.000Z,https://esa-worldcover.s3.eu-central-1.amazonaws.com/v200/2021/map/ESA_WorldCover_10m_2021_v200_S09W039_Map.tif
v200/2021/map/ESA_WorldCover_10m_2021_v200_S09W042_Map.tif,107398726,6a8d8823db38a76c9f43afa1073a4c01-13,2022-10-26T12:45:37.000Z,https://esa-worldcover.s3.eu-central-1.amazonaws.com/v200/2021/map/ESA_WorldCover_10m_2021_v200_S09W042_Map.tif
v200/2021/map/ESA_WorldCover_10m_2021_v200_S09W045_Map.tif,111636448,aa661ea3f91398756436cbf60ee4b6b6-14,2022-10-26T12:46:05.000Z,https://esa-worldcover.s3.eu-central-1.amazonaws.com/v200/2021/map/ESA_WorldCover_10m_2021_v200_S09W045_Map.tif
v200/2021/map/ESA_WorldCover_10m_2021_v200_S09W048_Map.tif,123622547,25d8563ddaf18e1d8a754f48af8664af-15,2022-10-26T12:47:24.000Z,https://esa-worldcover.s3.eu-central-1.amazonaws.com/v200/2021/map/ESA_WorldCover_10m_2021_v200_S09W048_Map.tif
v200/2021/map/ESA_WorldCover_10m_2021_v200_S09W051_Map.tif,77671399,b3f7410cec61219cad6c4b8352c5ee0b-10,2022-10-26T12:44:18.000Z,https://esa-worldcover.s3.eu-central-1.amazonaws.com/v200/2021/map/ESA_WorldCover_10m_2021_v200_S09W051_Map.tif
v200/2021/map/ESA_WorldCover_10m_2021_v200_S09W054_Map.tif,24966988,3b3335891614559fba5e3961a438926f-3,2022-10-26T12:42:24.000Z,https://esa-worldcover.s3.eu-central-1.amazonaws.com/v200/2021/map/ESA_WorldCover_10m_2021_v200_S09W054_Map.tif
v200/2021/map/ESA_WorldCover_10m_2021_v200_S09W057_Map.tif,20323116,86f949de0967c4926a0f5edda6852c8e-3,2022-10-26T12:41:47.000Z,https://esa-worldcover.s3.eu-central-1.amazonaws.com/v200/2021/map/ESA_WorldCover_10m_2021_v200_S09W057_Map.tif
v200/2021/map/ESA_WorldCover_10m_2021_v200_S09W060_Map.tif,11699372,278597f33f5a9d59ea588d25a4eed554-2,2022-10-26T12:41:49.000Z,https://esa-worldcover.s3.eu-central-1.amazonaws.com/v200/2021/map/ESA_WorldCover_10m_2021_v200_S09W060_Map.tif
v200/2021/map/ESA_WorldCover_10m_2021_v200_S09W063_Map.tif,17506922,94851303133a050489b0edbff9b73e3d-3,2022-10-26T12:41:29.000Z,https://esa-worldcover.s3.eu-central-1.amazonaws.com/v200/2021/map/ESA_WorldCover_10m_2021_v200_S09W063_Map.tif
v200/2021/map/ESA_WorldCover_10m_2021_v200_S09W066_Map.tif,14285343,e68ead842cd7698d19f0a8bb7a7fe6e0-2,2022-10-26T12:41:49.000Z,https://esa-worldcover.s3.eu-central-1.amazonaws.com/v200/2021/map/ESA_WorldCover_10m_2021_v200_S09W066_Map.tif
v200/2021/map/ESA_WorldCover_10m_2021_v200_S09W069_Map.tif,7580351,1f717ca2e86a4747731300e7429d0eb6,2022-10-26T12:40:56.000Z,https://esa-worldcover.s3.eu-central-1.amazonaws.com/v200/2021/map/ESA_WorldCover_10m_2021_v200_S09W069_Map.tif
v200/2021/map/ESA_WorldCover_10m_2021_v200_S09W072_Map.tif,10339116,70273c94e33cf712e884730811a884d4-2,2022-10-26T12:41:36.000Z,https://esa-worldcover.s3.eu-central-1.amazonaws.com/v200/2021/map/ESA_WorldCover_10m_2021_v200_S09W072_Map.tif
v200/2021/map/ESA_WorldCover_10m_2021_v200_S09W075_Map.tif,13563220,a04175c1fe0a2e207c75a35a7826be0d-2,2022-10-26T12:41:20.000Z,https://esa-worldcover.s3.eu-central-1.amazonaws.com/v200/2021/map/ESA_WorldCover_10m_2021_v200_S09W075_Map.tif
v200/2021/map/ESA_WorldCover_10m_2021_v200_S09W078_Map.tif,50115956,ab38f856abab89f94f471fe7771e961b-6,2022-10-26T12:44:08.000Z,https://esa-worldcover.s3.eu-central-1.amazonaws.com/v200/2021/map/ESA_WorldCover_10m_2021_v200_S09W078_Map.tif
v200/2021/map/ESA_WorldCover_10m_2021_v200_S09W081_Map.tif,67440189,15e2c47673e5e43d9719ab2ea5874980-9,2022-10-26T12:41:42.000Z,https://esa-worldcover.s3.eu-central-1.amazonaws.com/v200/2021/map/ESA_WorldCover_10m_2021_v200_S09W081_Map.tif
v200/2021/map/ESA_WorldCover_10m_2021_v200_S09W084_Map.tif,2139524,03aefc5301a5d06a568e535070e1d876,2022-10-26T12:35:07.000Z,https://esa-worldcover.s3.eu-central-1.amazonaws.com/v200/2021/map/ESA_WorldCover_10m_2021_v200_S09W084_Map.tif
v200/2021/map/ESA_WorldCover_10m_2021_v200_S09W141_Map.tif,2748116,fe3d7b49e488dec7e135f8f9bf60d5af,2022-10-26T12:35:38.000Z,https://esa-worldcover.s3.eu-central-1.amazonaws.com/v200/2021/map/ESA_WorldCover_10m_2021_v200_S09W141_Map.tif
v200/2021/map/ESA_WorldCover_10m_2021_v200_S09W159_Map.tif,1983969,d14497ca68c8d68ca76764a875696d1e,2022-10-26T12:34:54.000Z,https://esa-worldcover.s3.eu-central-1.amazonaws.com/v200/2021/map/ESA_WorldCover_10m_2021_v200_S09W159_Map.tif
v200/2021/map/ESA_WorldCover_10m_2021_v200_S12E012_Map.tif,57859691,9203f20e2fe060b39fb59b5515c90ed1-7,2022-10-26T12:38:21.000Z,https://esa-worldcover.s3.eu-central-1.amazonaws.com/v200/2021/map/ESA_WorldCover_10m_2021_v200_S12E012_Map.tif
v200/2021/map/ESA_WorldCover_10m_2021_v200_S12E015_Map.tif,143768181,ae75a531ec3ab5d99581513e5c70e962-18,2022-10-26T12:42:34.000Z,https://esa-worldcover.s3.eu-central-1.amazonaws.com/v200/2021/map/ESA_WorldCover_10m_2021_v200_S12E015_Map.tif
v200/2021/map/ESA_WorldCover_10m_2021_v200_S12E018_Map.tif,104267070,47aaf4534a9bf13117cb62cb4f05d3ae-13,2022-10-26T12:43:32.000Z,https://esa-worldcover.s3.eu-central-1.amazonaws.com/v200/2021/map/ESA_WorldCover_10m_2021_v200_S12E018_Map.tif
v200/2021/map/ESA_WorldCover_10m_2021_v200_S12E021_Map.tif,110190571,0862e7b68d5deeea0d4a47a2a38d7ad6-14,2022-10-26T12:44:32.000Z,https://esa-worldcover.s3.eu-central-1.amazonaws.com/v200/2021/map/ESA_WorldCover_10m_2021_v200_S12E021_Map.tif
v200/2021/map/ESA_WorldCover_10m_2021_v200_S12E024_Map.tif,106650841,fd497cbf019d6c8e870bf903213e6f49-13,2022-10-26T12:44:53.000Z,https://esa-worldcover.s3.eu-central-1.amazonaws.com/v200/2021/map/ESA_WorldCover_10m_2021_v200_S12E024_Map.tif
v200/2021/map/ESA_WorldCover_10m_2021_v200_S12E027_Map.tif,132233915,1c85537f786240718c14bebe08a15d14-16,2022-10-26T12:43:38.000Z,https://esa-worldcover.s3.eu-central-1.amazonaws.com/v200/2021/map/ESA_WorldCover_10m_2021_v200_S12E027_Map.tif
v200/2021/map/ESA_WorldCover_10m_2021_v200_S12E030_Map.tif,149645217,d0905bf49a35f468992e0a1425b85c36-18,2022-10-26T12:46:06.000Z,https://esa-worldcover.s3.eu-central-1.amazonaws.com/v200/2021/map/ESA_WorldCover_10m_2021_v200_S12E030_Map.tif
v200/2021/map/ESA_WorldCover_10m_2021_v200_S12E033_Map.tif,145151382,cd46c9deffcfbbb90181e13ad6925ea7-18,2022-10-26T12:45:08.000Z,https://esa-worldcover.s3.eu-central-1.amazonaws.com/v200/2021/map/ESA_WorldCover_10m_2021_v200_S12E033_Map.tif
v200/2021/map/ESA_WorldCover_10m_2021_v200_S12E036_Map.tif,151725726,244651c3576db7a72b4afe74c4460ef5-19,2022-10-26T12:46:03.000Z,https://esa-worldcover.s3.eu-central-1.amazonaws.com/v200/2021/map/ESA_WorldCover_10m_2021_v200_S12E036_Map.tif
v200/2021/map/ESA_WorldCover_10m_2021_v200_S12E039_Map.tif,61418389,e131975ecd473b6c6e94e4595d42da0f-8,2022-10-26T12:38:16.000Z,https://esa-worldcover.s3.eu-central-1.amazonaws.com/v200/2021/map/ESA_WorldCover_10m_2021_v200_S12E039_Map.tif
v200/2021/map/ESA_WorldCover_10m_2021_v200_S12E042_Map.tif,3030382,b035e0f5f8bdc872b85c158bb90c0c15,2022-10-26T12:34:58.000Z,https://esa-worldcover.s3.eu-central-1.amazonaws.com/v200/2021/map/ESA_WorldCover_10m_2021_v200_S12E042_Map.tif
v200/2021/map/ESA_WorldCover_10m_2021_v200_S12E045_Map.tif,2694985,1073a9e815dc709abe1a2b71b15ce365,2022-10-26T12:35:51.000Z,https://esa-worldcover.s3.eu-central-1.amazonaws.com/v200/2021/map/ESA_WorldCover_10m_2021_v200_S12E045_Map.tif
v200/2021/map/ESA_WorldCover_10m_2021_v200_S12E048_Map.tif,2141557,e13f953f682d7a0dd476c53e187078fd,2022-10-26T12:35:44.000Z,https://esa-worldcover.s3.eu-central-1.amazonaws.com/v200/2021/map/ESA_WorldCover_10m_2021_v200_S12E048_Map.tif
v200/2021/map/ESA_WorldCover_10m_2021_v200_S12E051_Map.tif,1998191,6d41a1f8b508d85d14a8abe4077b71ea,2022-10-26T13:06:15.000Z,https://esa-worldcover.s3.eu-central-1.amazonaws.com/v200/2021/map/ESA_WorldCover_10m_2021_v200_S12E051_Map.tif
v200/2021/map/ESA_WorldCover_10m_2021_v200_S12E105_Map.tif,2079592,a657dcfce2e9c7f14ced640a053eb46a,2022-10-26T12:34:25.000Z,https://esa-worldcover.s3.eu-central-1.amazonaws.com/v200/2021/map/ESA_WorldCover_10m_2021_v200_S12E105_Map.tif
v200/2021/map/ESA_WorldCover_10m_2021_v200_S12E114_Map.tif,2067932,d98c1d5566582f870357844aa5fdb271,2022-10-26T12:34:39.000Z,https://esa-worldcover.s3.eu-central-1.amazonaws.com/v200/2021/map/ESA_WorldCover_10m_2021_v200_S12E114_Map.tif
v200/2021/map/ESA_WorldCover_10m_2021_v200_S12E117_Map.tif,6717725,099c090693b4db6128375f60ad2e5e52,2022-10-26T12:36:17.000Z,https://esa-worldcover.s3.eu-central-1.amazonaws.com/v200/2021/map/ESA_WorldCover_10m_2021_v200_S12E117_Map.tif
v200/2021/map/ESA_WorldCover_10m_2021_v200_S12E120_Map.tif,7784449,436494e28c0fecd6c00447b87f574f17,2022-10-26T12:36:31.000Z,https://esa-worldcover.s3.eu-central-1.amazonaws.com/v200/2021/map/ESA_WorldCover_10m_2021_v200_S12E120_Map.tif
v200/2021/map/ESA_WorldCover_10m_2021_v200_S12E123_Map.tif,23032014,a22f4de04e1345f9b0034a1b41ed05df-3,2022-10-26T12:37:03.000Z,https://esa-worldcover.s3.eu-central-1.amazonaws.com/v200/2021/map/ESA_WorldCover_10m_2021_v200_S12E123_Map.tif
v200/2021/map/ESA_WorldCover_10m_2021_v200_S12E126_Map.tif,2013043,a777cce7ec35308e9ba6503f4f9bce15,2022-10-26T12:34:39.000Z,https://esa-worldcover.s3.eu-central-1.amazonaws.com/v200/2021/map/ESA_WorldCover_10m_2021_v200_S12E126_Map.tif
v200/2021/map/ESA_WorldCover_10m_2021_v200_S12E129_Map.tif,4748332,1ce0dd53a8e8dcfe0aaddbc236db3b8c,2022-10-26T12:35:49.000Z,https://esa-worldcover.s3.eu-central-1.amazonaws.com/v200/2021/map/ESA_WorldCover_10m_2021_v200_S12E129_Map.tif
v200/2021/map/ESA_WorldCover_10m_2021_v200_S12E132_Map.tif,8113570,9f81b26951b13ff0aa57743791895137,2022-10-26T12:36:26.000Z,https://esa-worldcover.s3.eu-central-1.amazonaws.com/v200/2021/map/ESA_WorldCover_10m_2021_v200_S12E132_Map.tif
v200/2021/map/ESA_WorldCover_10m_2021_v200_S12E135_Map.tif,3136699,eebd219425002577d9c454fc2a8302b9,2022-10-26T12:35:40.000Z,https://esa-worldcover.s3.eu-central-1.amazonaws.com/v200/2021/map/ESA_WorldCover_10m_2021_v200_S12E135_Map.tif
v200/2021/map/ESA_WorldCover_10m_2021_v200_S12E138_Map.tif,2059190,efcc1980858c53dfc69450f4acb6217b,2022-10-26T12:34:41.000Z,https://esa-worldcover.s3.eu-central-1.amazonaws.com/v200/2021/map/ESA_WorldCover_10m_2021_v200_S12E138_Map.tif
v200/2021/map/ESA_WorldCover_10m_2021_v200_S12E141_Map.tif,10693604,d1ee80edcf1ce010ec8e64cd23ad2f45-2,2022-10-26T12:38:17.000Z,https://esa-worldcover.s3.eu-central-1.amazonaws.com/v200/2021/map/ESA_WorldCover_10m_2021_v200_S12E141_Map.tif
v200/2021/map/ESA_WorldCover_10m_2021_v200_S12E144_Map.tif,2596223,41adfa9d25c2529b8f419f145d0cc2a4,2022-10-26T12:35:21.000Z,https://esa-worldcover.s3.eu-central-1.amazonaws.com/v200/2021/map/ESA_WorldCover_10m_2021_v200_S12E144_Map.tif
v200/2021/map/ESA_WorldCover_10m_2021_v200_S12E147_Map.tif,12228699,41ea2e70079106b5bc5ea0d366684259-2,2022-10-26T12:37:10.000Z,https://esa-worldcover.s3.eu-central-1.amazonaws.com/v200/2021/map/ESA_WorldCover_10m_2021_v200_S12E147_Map.tif
v200/2021/map/ESA_WorldCover_10m_2021_v200_S12E150_Map.tif,4905272,bdd0cfa2a81276cbbfc964c2ec00f0be,2022-10-26T12:37:09.000Z,https://esa-worldcover.s3.eu-central-1.amazonaws.com/v200/2021/map/ESA_WorldCover_10m_2021_v200_S12E150_Map.tif
v200/2021/map/ESA_WorldCover_10m_2021_v200_S12E153_Map.tif,2697207,6b5c323c1bcc7b3c5465955b27bce5d6,2022-10-26T12:36:29.000Z,https://esa-worldcover.s3.eu-central-1.amazonaws.com/v200/2021/map/ESA_WorldCover_10m_2021_v200_S12E153_Map.tif
v200/2021/map/ESA_WorldCover_10m_2021_v200_S12E156_Map.tif,2007049,8cf0bf4d6a44766fd99b4b0e109e0c06,2022-10-26T12:34:49.000Z,https://esa-worldcover.s3.eu-central-1.amazonaws.com/v200/2021/map/ESA_WorldCover_10m_2021_v200_S12E156_Map.tif
v200/2021/map/ESA_WorldCover_10m_2021_v200_S12E159_Map.tif,5432540,2546f0eaedafec6d16e0db8da10c9fc4,2022-10-26T12:37:42.000Z,https://esa-worldcover.s3.eu-central-1.amazonaws.com/v200/2021/map/ESA_WorldCover_10m_2021_v200_S12E159_Map.tif
v200/2021/map/ESA_WorldCover_10m_2021_v200_S12E162_Map.tif,2229567,457204848ce674fc1c7b8e1ba18589ab,2022-10-26T12:35:23.000Z,https://esa-worldcover.s3.eu-central-1.amazonaws.com/v200/2021/map/ESA_WorldCover_10m_2021_v200_S12E162_Map.tif
v200/2021/map/ESA_WorldCover_10m_2021_v200_S12E165_Map.tif,2646885,4ffa87f3c3028920eb9248d4053d85a4,2022-10-26T12:36:16.000Z,https://esa-worldcover.s3.eu-central-1.amazonaws.com/v200/2021/map/ESA_WorldCover_10m_2021_v200_S12E165_Map.tif
v200/2021/map/ESA_WorldCover_10m_2021_v200_S12E177_Map.tif,2105949,5dc50383b709f05a3e768c6abe39734d,2022-10-26T12:35:30.000Z,https://esa-worldcover.s3.eu-central-1.amazonaws.com/v200/2021/map/ESA_WorldCover_10m_2021_v200_S12E177_Map.tif
v200/2021/map/ESA_WorldCover_10m_2021_v200_S12W036_Map.tif,7307499,b2c12aadfb7646610cb97fc4afd01447,2022-10-26T12:34:54.000Z,https://esa-worldcover.s3.eu-central-1.amazonaws.com/v200/2021/map/ESA_WorldCover_10m_2021_v200_S12W036_Map.tif
v200/2021/map/ESA_WorldCover_10m_2021_v200_S12W039_Map.tif,97836533,b8cf07a12681de94d2afdd1525512114-12,2022-10-26T12:41:27.000Z,https://esa-worldcover.s3.eu-central-1.amazonaws.com/v200/2021/map/ESA_WorldCover_10m_2021_v200_S12W039_Map.tif
v200/2021/map/ESA_WorldCover_10m_2021_v200_S12W042_Map.tif,107524554,57a0fc940c1b22babf016eeebac637bc-13,2022-10-26T12:42:33.000Z,https://esa-worldcover.s3.eu-central-1.amazonaws.com/v200/2021/map/ESA_WorldCover_10m_2021_v200_S12W042_Map.tif
v200/2021/map/ESA_WorldCover_10m_2021_v200_S12W045_Map.tif,101706402,52ac7f32291967c8872daa5fdcaab635-13,2022-10-26T12:42:01.000Z,https://esa-worldcover.s3.eu-central-1.amazonaws.com/v200/2021/map/ESA_WorldCover_10m_2021_v200_S12W045_Map.tif
v200/2021/map/ESA_WorldCover_10m_2021_v200_S12W048_Map.tif,114101530,214dd5fddb1d371004eed433710a9985-14,2022-10-26T12:43:58.000Z,https://esa-worldcover.s3.eu-central-1.amazonaws.com/v200/2021/map/ESA_WorldCover_10m_2021_v200_S12W048_Map.tif
v200/2021/map/ESA_WorldCover_10m_2021_v200_S12W051_Map.tif,101027633,85d078715553a7a92a46f4f06af6ab2c-13,2022-10-26T12:40:48.000Z,https://esa-worldcover.s3.eu-central-1.amazonaws.com/v200/2021/map/ESA_WorldCover_10m_2021_v200_S12W051_Map.tif
v200/2021/map/ESA_WorldCover_10m_2021_v200_S12W054_Map.tif,41715424,18b046a49e4dab458a1484c6eab5b45b-5,2022-10-26T12:40:42.000Z,https://esa-worldcover.s3.eu-central-1.amazonaws.com/v200/2021/map/ESA_WorldCover_10m_2021_v200_S12W054_Map.tif
v200/2021/map/ESA_WorldCover_10m_2021_v200_S12W057_Map.tif,50338072,e4fdc1a66b964757751da759d1d36c6b-7,2022-10-26T12:40:43.000Z,https://esa-worldcover.s3.eu-central-1.amazonaws.com/v200/2021/map/ESA_WorldCover_10m_2021_v200_S12W057_Map.tif
v200/2021/map/ESA_WorldCover_10m_2021_v200_S12W060_Map.tif,36460514,d922cf7674b222c6263faab4141a8e88-5,2022-10-26T12:40:24.000Z,https://esa-worldcover.s3.eu-central-1.amazonaws.com/v200/2021/map/ESA_WorldCover_10m_2021_v200_S12W060_Map.tif
v200/2021/map/ESA_WorldCover_10m_2021_v200_S12W063_Map.tif,41863855,92edc64cc08a3f9503e2ba8825cbf429-5,2022-10-26T12:40:18.000Z,https://esa-worldcover.s3.eu-central-1.amazonaws.com/v200/2021/map/ESA_WorldCover_10m_2021_v200_S12W063_Map.tif
v200/2021/map/ESA_WorldCover_10m_2021_v200_S12W066_Map.tif,32505253,c71c61fec188d751b52008d3283bcd33-4,2022-10-26T12:40:20.000Z,https://esa-worldcover.s3.eu-central-1.amazonaws.com/v200/2021/map/ESA_WorldCover_10m_2021_v200_S12W066_Map.tif
v200/2021/map/ESA_WorldCover_10m_2021_v200_S12W069_Map.tif,29309195,d6aebab3e05dc8fbab721d38fd0b0c48-4,2022-10-26T12:38:33.000Z,https://esa-worldcover.s3.eu-central-1.amazonaws.com/v200/2021/map/ESA_WorldCover_10m_2021_v200_S12W069_Map.tif
v200/2021/map/ESA_WorldCover_10m_2021_v200_S12W072_Map.tif,7639969,f5000fb36b658b9bebbf55ded7211b29,2022-10-26T12:40:21.000Z,https://esa-worldcover.s3.eu-central-1.amazonaws.com/v200/2021/map/ESA_WorldCover_10m_2021_v200_S12W072_Map.tif
v200/2021/map/ESA_WorldCover_10m_2021_v200_S12W075_Map.tif,15030078,38a21f1912628d79342d550f7823f71a-2,2022-10-26T12:40:24.000Z,https://esa-worldcover.s3.eu-central-1.amazonaws.com/v200/2021/map/ESA_WorldCover_10m_2021_v200_S12W075_Map.tif
v200/2021/map/ESA_WorldCover_10m_2021_v200_S12W078_Map.tif,68056259,2cb2017d4fc6f62bfebaaa96e78c7b44-9,2022-10-26T12:43:26.000Z,https://esa-worldcover.s3.eu-central-1.amazonaws.com/v200/2021/map/ESA_WorldCover_10m_2021_v200_S12W078_Map.tif
v200/2021/map/ESA_WorldCover_10m_2021_v200_S12W081_Map.tif,5034661,91a78e9c57792284264693c252f1cad9,2022-10-26T12:35:04.000Z,https://esa-worldcover.s3.eu-central-1.amazonaws.com/v200/2021/map/ESA_WorldCover_10m_2021_v200_S12W081_Map.tif
v200/2021/map/ESA_WorldCover_10m_2021_v200_S12W141_Map.tif,3110562,2488bf68db29257fa38b2c70dd34f66b,2022-10-26T12:35:30.000Z,https://esa-worldcover.s3.eu-central-1.amazonaws.com/v200/2021/map/ESA_WorldCover_10m_2021_v200_S12W141_Map.tif
v200/2021/map/ESA_WorldCover_10m_2021_v200_S12W153_Map.tif,2218218,d4768611c856d973523891faa7d6beb8,2022-10-26T12:36:09.000Z,https://esa-worldcover.s3.eu-central-1.amazonaws.com/v200/2021/map/ESA_WorldCover_10m_2021_v200_S12W153_Map.tif
v200/2021/map/ESA_WorldCover_10m_2021_v200_S12W159_Map.tif,1969994,b09c0ce0b1a12484e4a6d0fa793878f8,2022-10-26T12:34:47.000Z,https://esa-worldcover.s3.eu-central-1.amazonaws.com/v200/2021/map/ESA_WorldCover_10m_2021_v200_S12W159_Map.tif
v200/2021/map/ESA_WorldCover_10m_2021_v200_S15E012_Map.tif,104451072,0c019d012f6874201555e36db0e8fe91-13,2022-10-26T12:39:43.000Z,https://esa-worldcover.s3.eu-central-1.amazonaws.com/v200/2021/map/ESA_WorldCover_10m_2021_v200_S15E012_Map.tif
v200/2021/map/ESA_WorldCover_10m_2021_v200_S15E015_Map.tif,142770638,9cbbc1e8992993f52dd4b04b664608a6-18,2022-10-26T12:42:56.000Z,https://esa-worldcover.s3.eu-central-1.amazonaws.com/v200/2021/map/ESA_WorldCover_10m_2021_v200_S15E015_Map.tif
v200/2021/map/ESA_WorldCover_10m_2021_v200_S15E018_Map.tif,67819225,bc89dac4cfcacfcc94d4827164ecfc58-9,2022-10-26T12:41:13.000Z,https://esa-worldcover.s3.eu-central-1.amazonaws.com/v200/2021/map/ESA_WorldCover_10m_2021_v200_S15E018_Map.tif
v200/2021/map/ESA_WorldCover_10m_2021_v200_S15E021_Map.tif,80885884,a651de64df3aacd1ee17fd7fc8047aa9-10,2022-10-26T12:42:57.000Z,https://esa-worldcover.s3.eu-central-1.amazonaws.com/v200/2021/map/ESA_WorldCover_10m_2021_v200_S15E021_Map.tif
v200/2021/map/ESA_WorldCover_10m_2021_v200_S15E024_Map.tif,84377825,e11c4e1f50f77e3a6a4e9d7dd9b2f3a5-11,2022-10-26T12:44:16.000Z,https://esa-worldcover.s3.eu-central-1.amazonaws.com/v200/2021/map/ESA_WorldCover_10m_2021_v200_S15E024_Map.tif
v200/2021/map/ESA_WorldCover_10m_2021_v200_S15E027_Map.tif,138014221,d8feaeba4876223c86dcc16baf39c9d1-17,2022-10-26T12:43:14.000Z,https://esa-worldcover.s3.eu-central-1.amazonaws.com/v200/2021/map/ESA_WorldCover_10m_2021_v200_S15E027_Map.tif
v200/2021/map/ESA_WorldCover_10m_2021_v200_S15E030_Map.tif,156050393,13fc42eb10c3d9036b9b5e0e8c326a3e-19,2022-10-26T12:47:16.000Z,https://esa-worldcover.s3.eu-central-1.amazonaws.com/v200/2021/map/ESA_WorldCover_10m_2021_v200_S15E030_Map.tif
v200/2021/map/ESA_WorldCover_10m_2021_v200_S15E033_Map.tif,132911651,1a3271af3081a06e4e004ad75c1819f2-16,2022-10-26T12:42:52.000Z,https://esa-worldcover.s3.eu-central-1.amazonaws.com/v200/2021/map/ESA_WorldCover_10m_2021_v200_S15E033_Map.tif
v200/2021/map/ESA_WorldCover_10m_2021_v200_S15E036_Map.tif,165150749,b8d043dcfdf9c125e7081ce37d3bdf74-20,2022-10-26T12:42:45.000Z,https://esa-worldcover.s3.eu-central-1.amazonaws.com/v200/2021/map/ESA_WorldCover_10m_2021_v200_S15E036_Map.tif
v200/2021/map/ESA_WorldCover_10m_2021_v200_S15E039_Map.tif,98342704,eb74641fd4a65608e4fefd5fcaf3b224-12,2022-10-26T12:38:09.000Z,https://esa-worldcover.s3.eu-central-1.amazonaws.com/v200/2021/map/ESA_WorldCover_10m_2021_v200_S15E039_Map.tif
v200/2021/map/ESA_WorldCover_10m_2021_v200_S15E042_Map.tif,2563401,e4e7fe6387fcdc059a4b0d3502b19535,2022-10-26T12:34:57.000Z,https://esa-worldcover.s3.eu-central-1.amazonaws.com/v200/2021/map/ESA_WorldCover_10m_2021_v200_S15E042_Map.tif
v200/2021/map/ESA_WorldCover_10m_2021_v200_S15E045_Map.tif,7215409,26b38c7a645824d64480963df064ff50,2022-10-26T12:36:29.000Z,https://esa-worldcover.s3.eu-central-1.amazonaws.com/v200/2021/map/ESA_WorldCover_10m_2021_v200_S15E045_Map.tif
v200/2021/map/ESA_WorldCover_10m_2021_v200_S15E048_Map.tif,68012038,964537c7200cd4531a8c5b68be3fb8a0-9,2022-10-26T12:37:46.000Z,https://esa-worldcover.s3.eu-central-1.amazonaws.com/v200/2021/map/ESA_WorldCover_10m_2021_v200_S15E048_Map.tif
v200/2021/map/ESA_WorldCover_10m_2021_v200_S15E120_Map.tif,2085132,d6e5047f378779d67b1473463d610aba,2022-10-26T13:06:16.000Z,https://esa-worldcover.s3.eu-central-1.amazonaws.com/v200/2021/map/ESA_WorldCover_10m_2021_v200_S15E120_Map.tif
v200/2021/map/ESA_WorldCover_10m_2021_v200_S15E123_Map.tif,9052748,138a47fdfc8e53ba58c96b29165a7531-2,2022-10-26T12:36:56.000Z,https://esa-worldcover.s3.eu-central-1.amazonaws.com/v200/2021/map/ESA_WorldCover_10m_2021_v200_S15E123_Map.tif
v200/2021/map/ESA_WorldCover_10m_2021_v200_S15E126_Map.tif,34180385,57e7f5b4682bf1d15a9e2bf604bbe422-5,2022-10-26T12:36:39.000Z,https://esa-worldcover.s3.eu-central-1.amazonaws.com/v200/2021/map/ESA_WorldCover_10m_2021_v200_S15E126_Map.tif
v200/2021/map/ESA_WorldCover_10m_2021_v200_S15E129_Map.tif,65803139,c230bbce7bd6728a79761f94ab7a42f4-8,2022-10-26T12:40:41.000Z,https://esa-worldcover.s3.eu-central-1.amazonaws.com/v200/2021/map/ESA_WorldCover_10m_2021_v200_S15E129_Map.tif
v200/2021/map/ESA_WorldCover_10m_2021_v200_S15E132_Map.tif,96401803,d608eaccd44b67b194864f6f29ae92e7-12,2022-10-26T12:41:32.000Z,https://esa-worldcover.s3.eu-central-1.amazonaws.com/v200/2021/map/ESA_WorldCover_10m_2021_v200_S15E132_Map.tif
v200/2021/map/ESA_WorldCover_10m_2021_v200_S15E135_Map.tif,29011619,84b2a08580382991e630f3e07f847a42-4,2022-10-26T12:38:12.000Z,https://esa-worldcover.s3.eu-central-1.amazonaws.com/v200/2021/map/ESA_WorldCover_10m_2021_v200_S15E135_Map.tif
v200/2021/map/ESA_WorldCover_10m_2021_v200_S15E141_Map.tif,32073954,4e748f120f1eb41cae9f6a19b73a7adf-4,2022-10-26T12:39:59.000Z,https://esa-worldcover.s3.eu-central-1.amazonaws.com/v200/2021/map/ESA_WorldCover_10m_2021_v200_S15E141_Map.tif
v200/2021/map/ESA_WorldCover_10m_2021_v200_S15E144_Map.tif,8590396,95bd296964969dbffcbe9fdaa2a06ab4-2,2022-10-26T12:35:57.000Z,https://esa-worldcover.s3.eu-central-1.amazonaws.com/v200/2021/map/ESA_WorldCover_10m_2021_v200_S15E144_Map.tif
v200/2021/map/ESA_WorldCover_10m_2021_v200_S15E165_Map.tif,2879996,7a12a24a2e162d0a7f3bbbf3870529d3,2022-10-26T12:36:01.000Z,https://esa-worldcover.s3.eu-central-1.amazonaws.com/v200/2021/map/ESA_WorldCover_10m_2021_v200_S15E165_Map.tif
v200/2021/map/ESA_WorldCover_10m_2021_v200_S15E168_Map.tif,2097837,0e79ab249c841a63ad8ff0f75e87e3d9,2022-10-26T12:34:51.000Z,https://esa-worldcover.s3.eu-central-1.amazonaws.com/v200/2021/map/ESA_WorldCover_10m_2021_v200_S15E168_Map.tif
v200/2021/map/ESA_WorldCover_10m_2021_v200_S15W039_Map.tif,15281178,a90a42fa83dd541a8275f037068b4497-2,2022-10-26T12:36:17.000Z,https://esa-worldcover.s3.eu-central-1.amazonaws.com/v200/2021/map/ESA_WorldCover_10m_2021_v200_S15W039_Map.tif
v200/2021/map/ESA_WorldCover_10m_2021_v200_S15W042_Map.tif,118809027,31ceb35a2871a9fb8260a7bd7efb9700-15,2022-10-26T12:42:01.000Z,https://esa-worldcover.s3.eu-central-1.amazonaws.com/v200/2021/map/ESA_WorldCover_10m_2021_v200_S15W042_Map.tif
v200/2021/map/ESA_WorldCover_10m_2021_v200_S15W045_Map.tif,132612349,55ac216fcc9b5865a74dcf2bb116fa7f-16,2022-10-26T12:47:34.000Z,https://esa-worldcover.s3.eu-central-1.amazonaws.com/v200/2021/map/ESA_WorldCover_10m_2021_v200_S15W045_Map.tif
v200/2021/map/ESA_WorldCover_10m_2021_v200_S15W048_Map.tif,118255648,67ae24ea679619c357cfc98f8fc14f83-15,2022-10-26T12:48:01.000Z,https://esa-worldcover.s3.eu-central-1.amazonaws.com/v200/2021/map/ESA_WorldCover_10m_2021_v200_S15W048_Map.tif
v200/2021/map/ESA_WorldCover_10m_2021_v200_S15W051_Map.tif,119606654,ccb583095b7208cd3910e2f899b29a47-15,2022-10-26T12:47:36.000Z,https://esa-worldcover.s3.eu-central-1.amazonaws.com/v200/2021/map/ESA_WorldCover_10m_2021_v200_S15W051_Map.tif
v200/2021/map/ESA_WorldCover_10m_2021_v200_S15W054_Map.tif,84684493,77ccefc1a23579825b555e3a32e3c03e-11,2022-10-26T12:46:24.000Z,https://esa-worldcover.s3.eu-central-1.amazonaws.com/v200/2021/map/ESA_WorldCover_10m_2021_v200_S15W054_Map.tif
v200/2021/map/ESA_WorldCover_10m_2021_v200_S15W057_Map.tif,69234463,7f8dfa757955d0be7289593a743c9dbe-9,2022-10-26T12:44:25.000Z,https://esa-worldcover.s3.eu-central-1.amazonaws.com/v200/2021/map/ESA_WorldCover_10m_2021_v200_S15W057_Map.tif
v200/2021/map/ESA_WorldCover_10m_2021_v200_S15W060_Map.tif,56331245,9534cb2def2f3a250eaaa4e35d2edb67-7,2022-10-26T12:45:01.000Z,https://esa-worldcover.s3.eu-central-1.amazonaws.com/v200/2021/map/ESA_WorldCover_10m_2021_v200_S15W060_Map.tif
v200/2021/map/ESA_WorldCover_10m_2021_v200_S15W063_Map.tif,39206592,c090890ac326cc5c2fa152b75d5e470e-5,2022-10-26T12:43:46.000Z,https://esa-worldcover.s3.eu-central-1.amazonaws.com/v200/2021/map/ESA_WorldCover_10m_2021_v200_S15W063_Map.tif
v200/2021/map/ESA_WorldCover_10m_2021_v200_S15W066_Map.tif,59028242,80a8216eeb0dee68ce8cbc772d79f223-8,2022-10-26T12:46:11.000Z,https://esa-worldcover.s3.eu-central-1.amazonaws.com/v200/2021/map/ESA_WorldCover_10m_2021_v200_S15W066_Map.tif
v200/2021/map/ESA_WorldCover_10m_2021_v200_S15W069_Map.tif,41153748,6499bf2315c8354791ee389059716b99-5,2022-10-26T12:44:05.000Z,https://esa-worldcover.s3.eu-central-1.amazonaws.com/v200/2021/map/ESA_WorldCover_10m_2021_v200_S15W069_Map.tif
v200/2021/map/ESA_WorldCover_10m_2021_v200_S15W072_Map.tif,40846285,d05b230e8f652bb698680d5955e8df48-5,2022-10-26T12:44:44.000Z,https://esa-worldcover.s3.eu-central-1.amazonaws.com/v200/2021/map/ESA_WorldCover_10m_2021_v200_S15W072_Map.tif
v200/2021/map/ESA_WorldCover_10m_2021_v200_S15W075_Map.tif,84610051,4056eb384757692887604abed2b97894-11,2022-10-26T12:46:33.000Z,https://esa-worldcover.s3.eu-central-1.amazonaws.com/v200/2021/map/ESA_WorldCover_10m_2021_v200_S15W075_Map.tif
v200/2021/map/ESA_WorldCover_10m_2021_v200_S15W078_Map.tif,37269199,830f27c63f93999c552daf77e82f0b8f-5,2022-10-26T12:40:02.000Z,https://esa-worldcover.s3.eu-central-1.amazonaws.com/v200/2021/map/ESA_WorldCover_10m_2021_v200_S15W078_Map.tif
v200/2021/map/ESA_WorldCover_10m_2021_v200_S15W141_Map.tif,2047907,9e544c211fb4cac01db0cfca026b2357,2022-10-26T12:34:51.000Z,https://esa-worldcover.s3.eu-central-1.amazonaws.com/v200/2021/map/ESA_WorldCover_10m_2021_v200_S15W141_Map.tif
v200/2021/map/ESA_WorldCover_10m_2021_v200_S15W144_Map.tif,2034313,bc3dc74526098a2d592c4f72068c8ebe,2022-10-26T12:34:49.000Z,https://esa-worldcover.s3.eu-central-1.amazonaws.com/v200/2021/map/ESA_WorldCover_10m_2021_v200_S15W144_Map.tif
v200/2021/map/ESA_WorldCover_10m_2021_v200_S15W147_Map.tif,2444745,2fe9b25e0d8893a8c4bffd2a42e36d7f,2022-10-26T12:35:33.000Z,https://esa-worldcover.s3.eu-central-1.amazonaws.com/v200/2021/map/ESA_WorldCover_10m_2021_v200_S15W147_Map.tif
v200/2021/map/ESA_WorldCover_10m_2021_v200_S15W150_Map.tif,2147398,5fdcdc8a63d4b459d83b3799458fc992,2022-10-26T12:35:13.000Z,https://esa-worldcover.s3.eu-central-1.amazonaws.com/v200/2021/map/ESA_WorldCover_10m_2021_v200_S15W150_Map.tif
v200/2021/map/ESA_WorldCover_10m_2021_v200_S15W171_Map.tif,2360057,0706c59bfb6fe60db702f9dd3153b10d,2022-10-26T12:35:09.000Z,https://esa-worldcover.s3.eu-central-1.amazonaws.com/v200/2021/map/ESA_WorldCover_10m_2021_v200_S15W171_Map.tif
v200/2021/map/ESA_WorldCover_10m_2021_v200_S15W174_Map.tif,3748988,7b104f79148118967240b7413bd498aa,2022-10-26T12:35:36.000Z,https://esa-worldcover.s3.eu-central-1.amazonaws.com/v200/2021/map/ESA_WorldCover_10m_2021_v200_S15W174_Map.tif
v200/2021/map/ESA_WorldCover_10m_2021_v200_S15W177_Map.tif,2113960,d62d1e64a0e07b6b31c8489435ca698a,2022-10-26T12:34:49.000Z,https://esa-worldcover.s3.eu-central-1.amazonaws.com/v200/2021/map/ESA_WorldCover_10m_2021_v200_S15W177_Map.tif
v200/2021/map/ESA_WorldCover_10m_2021_v200_S15W180_Map.tif,2088563,2649ece562447d1fcf9c13e72a04e6e2,2022-10-26T12:34:17.000Z,https://esa-worldcover.s3.eu-central-1.amazonaws.com/v200/2021/map/ESA_WorldCover_10m_2021_v200_S15W180_Map.tif
v200/2021/map/ESA_WorldCover_10m_2021_v200_S18E009_Map.tif,2577318,6715afe14c3705c9eda008df51df047d,2022-10-26T12:34:31.000Z,https://esa-worldcover.s3.eu-central-1.amazonaws.com/v200/2021/map/ESA_WorldCover_10m_2021_v200_S18E009_Map.tif
v200/2021/map/ESA_WorldCover_10m_2021_v200_S18E012_Map.tif,74592616,544f7b72d62ee1424fd0e8e88cda83c8-9,2022-10-26T12:38:44.000Z,https://esa-worldcover.s3.eu-central-1.amazonaws.com/v200/2021/map/ESA_WorldCover_10m_2021_v200_S18E012_Map.tif
v200/2021/map/ESA_WorldCover_10m_2021_v200_S18E015_Map.tif,124766882,02bc4e0015ecd11ecf60dc38a0ddf603-15,2022-10-26T12:45:02.000Z,https://esa-worldcover.s3.eu-central-1.amazonaws.com/v200/2021/map/ESA_WorldCover_10m_2021_v200_S18E015_Map.tif
v200/2021/map/ESA_WorldCover_10m_2021_v200_S18E018_Map.tif,89118646,98a52dc9df786d9a2df8dac5c420217b-11,2022-10-26T12:45:19.000Z,https://esa-worldcover.s3.eu-central-1.amazonaws.com/v200/2021/map/ESA_WorldCover_10m_2021_v200_S18E018_Map.tif
v200/2021/map/ESA_WorldCover_10m_2021_v200_S18E021_Map.tif,142281354,17bd732ef0a3e53fff3669ccd72b295d-17,2022-10-26T12:46:41.000Z,https://esa-worldcover.s3.eu-central-1.amazonaws.com/v200/2021/map/ESA_WorldCover_10m_2021_v200_S18E021_Map.tif
v200/2021/map/ESA_WorldCover_10m_2021_v200_S18E024_Map.tif,150012714,8770be73b16cda610a03e2f8825d66d7-18,2022-10-26T12:48:40.000Z,https://esa-worldcover.s3.eu-central-1.amazonaws.com/v200/2021/map/ESA_WorldCover_10m_2021_v200_S18E024_Map.tif
v200/2021/map/ESA_WorldCover_10m_2021_v200_S18E027_Map.tif,161671883,3b512e03391fd7d7f63b217a5a31e895-20,2022-10-26T12:46:55.000Z,https://esa-worldcover.s3.eu-central-1.amazonaws.com/v200/2021/map/ESA_WorldCover_10m_2021_v200_S18E027_Map.tif
v200/2021/map/ESA_WorldCover_10m_2021_v200_S18E030_Map.tif,167873915,2bee4fdd352deff151c8d7f1af5fbaab-21,2022-10-26T12:48:11.000Z,https://esa-worldcover.s3.eu-central-1.amazonaws.com/v200/2021/map/ESA_WorldCover_10m_2021_v200_S18E030_Map.tif
v200/2021/map/ESA_WorldCover_10m_2021_v200_S18E033_Map.tif,178145414,181bfe0b5b6d44127c5d3f262cddafa2-22,2022-10-26T12:49:02.000Z,https://esa-worldcover.s3.eu-central-1.amazonaws.com/v200/2021/map/ESA_WorldCover_10m_2021_v200_S18E033_Map.tif
v200/2021/map/ESA_WorldCover_10m_2021_v200_S18E036_Map.tif,146586417,928f7262b8b53be315310fff69af5e61-18,2022-10-26T12:48:22.000Z,https://esa-worldcover.s3.eu-central-1.amazonaws.com/v200/2021/map/ESA_WorldCover_10m_2021_v200_S18E036_Map.tif
v200/2021/map/ESA_WorldCover_10m_2021_v200_S18E039_Map.tif,47756800,3f37b884c62321d5701926b12704efe2-6,2022-10-26T12:37:13.000Z,https://esa-worldcover.s3.eu-central-1.amazonaws.com/v200/2021/map/ESA_WorldCover_10m_2021_v200_S18E039_Map.tif
v200/2021/map/ESA_WorldCover_10m_2021_v200_S18E042_Map.tif,18283581,bf2b14727cd395db679a6bdeda037c24-3,2022-10-26T12:36:57.000Z,https://esa-worldcover.s3.eu-central-1.amazonaws.com/v200/2021/map/ESA_WorldCover_10m_2021_v200_S18E042_Map.tif
v200/2021/map/ESA_WorldCover_10m_2021_v200_S18E045_Map.tif,68459336,1efaaa25b3509a3b4708abbec06fb9a8-9,2022-10-26T12:40:11.000Z,https://esa-worldcover.s3.eu-central-1.amazonaws.com/v200/2021/map/ESA_WorldCover_10m_2021_v200_S18E045_Map.tif
v200/2021/map/ESA_WorldCover_10m_2021_v200_S18E048_Map.tif,74951347,633c482fb0286aba599991f03eb32282-9,2022-10-26T12:41:53.000Z,https://esa-worldcover.s3.eu-central-1.amazonaws.com/v200/2021/map/ESA_WorldCover_10m_2021_v200_S18E048_Map.tif
v200/2021/map/ESA_WorldCover_10m_2021_v200_S18E054_Map.tif,2001208,1abf16ea410fba250fabad1c945c739a,2022-10-26T12:34:34.000Z,https://esa-worldcover.s3.eu-central-1.amazonaws.com/v200/2021/map/ESA_WorldCover_10m_2021_v200_S18E054_Map.tif
v200/2021/map/ESA_WorldCover_10m_2021_v200_S18E117_Map.tif,2026907,3f76d0c71d031f17584f0d3398d91b6d,2022-10-26T13:06:16.000Z,https://esa-worldcover.s3.eu-central-1.amazonaws.com/v200/2021/map/ESA_WorldCover_10m_2021_v200_S18E117_Map.tif
v200/2021/map/ESA_WorldCover_10m_2021_v200_S18E120_Map.tif,17619847,16e4a660127406a8e6df42f60287500d-3,2022-10-26T12:36:02.000Z,https://esa-worldcover.s3.eu-central-1.amazonaws.com/v200/2021/map/ESA_WorldCover_10m_2021_v200_S18E120_Map.tif
v200/2021/map/ESA_WorldCover_10m_2021_v200_S18E123_Map.tif,91584202,934ef595116880562f23bda655a4d585-11,2022-10-26T12:44:42.000Z,https://esa-worldcover.s3.eu-central-1.amazonaws.com/v200/2021/map/ESA_WorldCover_10m_2021_v200_S18E123_Map.tif
v200/2021/map/ESA_WorldCover_10m_2021_v200_S18E126_Map.tif,93666050,bce528fc0ae3fe274a05733518f09233-12,2022-10-26T12:46:43.000Z,https://esa-worldcover.s3.eu-central-1.amazonaws.com/v200/2021/map/ESA_WorldCover_10m_2021_v200_S18E126_Map.tif
v200/2021/map/ESA_WorldCover_10m_2021_v200_S18E129_Map.tif,96144310,6ef0773d1956b3a7be11d1f3ca55dc24-12,2022-10-26T12:45:44.000Z,https://esa-worldcover.s3.eu-central-1.amazonaws.com/v200/2021/map/ESA_WorldCover_10m_2021_v200_S18E129_Map.tif
v200/2021/map/ESA_WorldCover_10m_2021_v200_S18E132_Map.tif,103015338,65aaae0aa03d004aa156484fb3e9ca82-13,2022-10-26T12:47:27.000Z,https://esa-worldcover.s3.eu-central-1.amazonaws.com/v200/2021/map/ESA_WorldCover_10m_2021_v200_S18E132_Map.tif
v200/2021/map/ESA_WorldCover_10m_2021_v200_S18E135_Map.tif,105991252,e54121202a28c24035a46c45a8655296-13,2022-10-26T12:44:54.000Z,https://esa-worldcover.s3.eu-central-1.amazonaws.com/v200/2021/map/ESA_WorldCover_10m_2021_v200_S18E135_Map.tif
v200/2021/map/ESA_WorldCover_10m_2021_v200_S18E138_Map.tif,40396054,d51060f327c4a0b52005fef1a46711b9-5,2022-10-26T12:37:44.000Z,https://esa-worldcover.s3.eu-central-1.amazonaws.com/v200/2021/map/ESA_WorldCover_10m_2021_v200_S18E138_Map.tif
v200/2021/map/ESA_WorldCover_10m_2021_v200_S18E141_Map.tif,97893372,58fb779616d4eb65e8ef569186d974c9-12,2022-10-26T12:45:56.000Z,https://esa-worldcover.s3.eu-central-1.amazonaws.com/v200/2021/map/ESA_WorldCover_10m_2021_v200_S18E141_Map.tif
v200/2021/map/ESA_WorldCover_10m_2021_v200_S18E144_Map.tif,46185184,8d176322b421c2002e25e211118047c0-6,2022-10-26T12:40:23.000Z,https://esa-worldcover.s3.eu-central-1.amazonaws.com/v200/2021/map/ESA_WorldCover_10m_2021_v200_S18E144_Map.tif
v200/2021/map/ESA_WorldCover_10m_2021_v200_S18E147_Map.tif,2358780,e59443e495bac46f55e61d6a4f680c8c,2022-10-26T12:36:36.000Z,https://esa-worldcover.s3.eu-central-1.amazonaws.com/v200/2021/map/ESA_WorldCover_10m_2021_v200_S18E147_Map.tif
v200/2021/map/ESA_WorldCover_10m_2021_v200_S18E150_Map.tif,2246509,46702fdb89371d9246bea1c63e33cae5,2022-10-26T12:35:28.000Z,https://esa-worldcover.s3.eu-central-1.amazonaws.com/v200/2021/map/ESA_WorldCover_10m_2021_v200_S18E150_Map.tif
v200/2021/map/ESA_WorldCover_10m_2021_v200_S18E162_Map.tif,1969306,5f471d1290b45a53a65e9b09907c8dff,2022-10-26T13:06:15.000Z,https://esa-worldcover.s3.eu-central-1.amazonaws.com/v200/2021/map/ESA_WorldCover_10m_2021_v200_S18E162_Map.tif
v200/2021/map/ESA_WorldCover_10m_2021_v200_S18E165_Map.tif,4073670,768181a28ea7e8e4c531edd0c3ba568d,2022-10-26T12:36:08.000Z,https://esa-worldcover.s3.eu-central-1.amazonaws.com/v200/2021/map/ESA_WorldCover_10m_2021_v200_S18E165_Map.tif
v200/2021/map/ESA_WorldCover_10m_2021_v200_S18E168_Map.tif,3305323,8164d6306c13e48ad34a2ffc1ca8b115,2022-10-26T12:36:05.000Z,https://esa-worldcover.s3.eu-central-1.amazonaws.com/v200/2021/map/ESA_WorldCover_10m_2021_v200_S18E168_Map.tif
v200/2021/map/ESA_WorldCover_10m_2021_v200_S18E174_Map.tif,2051753,ec6fee9ab70f972972fcd8260fe221c2,2022-10-26T12:34:51.000Z,https://esa-worldcover.s3.eu-central-1.amazonaws.com/v200/2021/map/ESA_WorldCover_10m_2021_v200_S18E174_Map.tif
v200/2021/map/ESA_WorldCover_10m_2021_v200_S18E177_Map.tif,11947872,ee84f771c9a30f0d55d7c6d87d50aba4-2,2022-10-26T12:39:11.000Z,https://esa-worldcover.s3.eu-central-1.amazonaws.com/v200/2021/map/ESA_WorldCover_10m_2021_v200_S18E177_Map.tif
v200/2021/map/ESA_WorldCover_10m_2021_v200_S18W006_Map.tif,2249414,69e168a62d63ae76d1156ce9242416da,2022-10-26T12:34:55.000Z,https://esa-worldcover.s3.eu-central-1.amazonaws.com/v200/2021/map/ESA_WorldCover_10m_2021_v200_S18W006_Map.tif
v200/2021/map/ESA_WorldCover_10m_2021_v200_S18W039_Map.tif,3174727,217f773ac8a07374b63801cc90131ba0,2022-10-26T12:35:35.000Z,https://esa-worldcover.s3.eu-central-1.amazonaws.com/v200/2021/map/ESA_WorldCover_10m_2021_v200_S18W039_Map.tif
v200/2021/map/ESA_WorldCover_10m_2021_v200_S18W042_Map.tif,81908019,b87959b26f23ecd385e55f3fb36c1cd0-10,2022-10-26T12:45:40.000Z,https://esa-worldcover.s3.eu-central-1.amazonaws.com/v200/2021/map/ESA_WorldCover_10m_2021_v200_S18W042_Map.tif
v200/2021/map/ESA_WorldCover_10m_2021_v200_S18W045_Map.tif,145086382,6d4e159c956a507191e1990c1c3d6e35-18,2022-10-26T12:43:49.000Z,https://esa-worldcover.s3.eu-central-1.amazonaws.com/v200/2021/map/ESA_WorldCover_10m_2021_v200_S18W045_Map.tif
v200/2021/map/ESA_WorldCover_10m_2021_v200_S18W048_Map.tif,138550375,2f401b63e3075b2f6cb4a4c2aa0ae8ac-17,2022-10-26T12:42:13.000Z,https://esa-worldcover.s3.eu-central-1.amazonaws.com/v200/2021/map/ESA_WorldCover_10m_2021_v200_S18W048_Map.tif
v200/2021/map/ESA_WorldCover_10m_2021_v200_S18W051_Map.tif,127330100,ed0afaf30ba7fcd6a02153a8294b0980-16,2022-10-26T12:48:23.000Z,https://esa-worldcover.s3.eu-central-1.amazonaws.com/v200/2021/map/ESA_WorldCover_10m_2021_v200_S18W051_Map.tif
v200/2021/map/ESA_WorldCover_10m_2021_v200_S18W054_Map.tif,119902285,bfc16f62e907490932c9cedacc93fbfe-15,2022-10-26T12:50:45.000Z,https://esa-worldcover.s3.eu-central-1.amazonaws.com/v200/2021/map/ESA_WorldCover_10m_2021_v200_S18W054_Map.tif
v200/2021/map/ESA_WorldCover_10m_2021_v200_S18W057_Map.tif,106325315,e8f58ca3e9e6708cf57c1f2a576c27e4-13,2022-10-26T12:50:28.000Z,https://esa-worldcover.s3.eu-central-1.amazonaws.com/v200/2021/map/ESA_WorldCover_10m_2021_v200_S18W057_Map.tif
v200/2021/map/ESA_WorldCover_10m_2021_v200_S18W060_Map.tif,66365607,d3e36254abb9b44938338984c8b556ec-8,2022-10-26T12:45:47.000Z,https://esa-worldcover.s3.eu-central-1.amazonaws.com/v200/2021/map/ESA_WorldCover_10m_2021_v200_S18W060_Map.tif
v200/2021/map/ESA_WorldCover_10m_2021_v200_S18W063_Map.tif,60365134,3df1e76bbd975dac836a07632a10bcf5-8,2022-10-26T12:45:07.000Z,https://esa-worldcover.s3.eu-central-1.amazonaws.com/v200/2021/map/ESA_WorldCover_10m_2021_v200_S18W063_Map.tif
v200/2021/map/ESA_WorldCover_10m_2021_v200_S18W066_Map.tif,81367132,760263ad8e5cab571b538ed41b7851c0-10,2022-10-26T12:45:52.000Z,https://esa-worldcover.s3.eu-central-1.amazonaws.com/v200/2021/map/ESA_WorldCover_10m_2021_v200_S18W066_Map.tif
v200/2021/map/ESA_WorldCover_10m_2021_v200_S18W069_Map.tif,75200503,f6811dec0be0a536d69b1e397147f6e2-9,2022-10-26T12:48:09.000Z,https://esa-worldcover.s3.eu-central-1.amazonaws.com/v200/2021/map/ESA_WorldCover_10m_2021_v200_S18W069_Map.tif
v200/2021/map/ESA_WorldCover_10m_2021_v200_S18W072_Map.tif,70649046,020a9b6ba8eab2641442a4ca3f1156e3-9,2022-10-26T12:47:45.000Z,https://esa-worldcover.s3.eu-central-1.amazonaws.com/v200/2021/map/ESA_WorldCover_10m_2021_v200_S18W072_Map.tif
v200/2021/map/ESA_WorldCover_10m_2021_v200_S18W075_Map.tif,33292084,d838b7cc63be8677397f842aab9221a9-4,2022-10-26T12:39:37.000Z,https://esa-worldcover.s3.eu-central-1.amazonaws.com/v200/2021/map/ESA_WorldCover_10m_2021_v200_S18W075_Map.tif
v200/2021/map/ESA_WorldCover_10m_2021_v200_S18W078_Map.tif,2142360,75daf0afeb1b0dca3d9952a6875338da,2022-10-26T12:35:05.000Z,https://esa-worldcover.s3.eu-central-1.amazonaws.com/v200/2021/map/ESA_WorldCover_10m_2021_v200_S18W078_Map.tif
v200/2021/map/ESA_WorldCover_10m_2021_v200_S18W141_Map.tif,2356283,9aa9aceba180973ad5ce651a105cfef4,2022-10-26T12:37:01.000Z,https://esa-worldcover.s3.eu-central-1.amazonaws.com/v200/2021/map/ESA_WorldCover_10m_2021_v200_S18W141_Map.tif
v200/2021/map/ESA_WorldCover_10m_2021_v200_S18W144_Map.tif,3096154,192d32f0097b30dec010e37e43ed3560,2022-10-26T12:37:06.000Z,https://esa-worldcover.s3.eu-central-1.amazonaws.com/v200/2021/map/ESA_WorldCover_10m_2021_v200_S18W144_Map.tif
v200/2021/map/ESA_WorldCover_10m_2021_v200_S18W147_Map.tif,3393779,031aee6c8552a427e50218465ec103d5,2022-10-26T12:38:12.000Z,https://esa-worldcover.s3.eu-central-1.amazonaws.com/v200/2021/map/ESA_WorldCover_10m_2021_v200_S18W147_Map.tif
v200/2021/map/ESA_WorldCover_10m_2021_v200_S18W150_Map.tif,3410582,b6c107065b683772ab1c92d4220aef85,2022-10-26T12:37:53.000Z,https://esa-worldcover.s3.eu-central-1.amazonaws.com/v200/2021/map/ESA_WorldCover_10m_2021_v200_S18W150_Map.tif
v200/2021/map/ESA_WorldCover_10m_2021_v200_S18W153_Map.tif,2659633,9f857ce135662aad379b124b7796fcc3,2022-10-26T12:35:45.000Z,https://esa-worldcover.s3.eu-central-1.amazonaws.com/v200/2021/map/ESA_WorldCover_10m_2021_v200_S18W153_Map.tif
v200/2021/map/ESA_WorldCover_10m_2021_v200_S18W156_Map.tif,2109960,a9eed42051e7d0300de73b583458e48d,2022-10-26T12:34:09.000Z,https://esa-worldcover.s3.eu-central-1.amazonaws.com/v200/2021/map/ESA_WorldCover_10m_2021_v200_S18W156_Map.tif
v200/2021/map/ESA_WorldCover_10m_2021_v200_S18W174_Map.tif,2012558,81ee9b7766a26ae573fd5ae4548a12a4,2022-10-26T12:34:11.000Z,https://esa-worldcover.s3.eu-central-1.amazonaws.com/v200/2021/map/ESA_WorldCover_10m_2021_v200_S18W174_Map.tif
v200/2021/map/ESA_WorldCover_10m_2021_v200_S18W177_Map.tif,2115771,580c023802da0dc550fee3b0ee23c24e,2022-10-26T12:36:21.000Z,https://esa-worldcover.s3.eu-central-1.amazonaws.com/v200/2021/map/ESA_WorldCover_10m_2021_v200_S18W177_Map.tif
v200/2021/map/ESA_WorldCover_10m_2021_v200_S18W180_Map.tif,2894840,df6e24cb64276d1627a192e86dfc73f6,2022-10-26T12:37:33.000Z,https://esa-worldcover.s3.eu-central-1.amazonaws.com/v200/2021/map/ESA_WorldCover_10m_2021_v200_S18W180_Map.tif
v200/2021/map/ESA_WorldCover_10m_2021_v200_S21E009_Map.tif,2045545,53f04e34b59b6c60cb73c8d79d3bdabe,2022-10-26T12:34:57.000Z,https://esa-worldcover.s3.eu-central-1.amazonaws.com/v200/2021/map/ESA_WorldCover_10m_2021_v200_S21E009_Map.tif
v200/2021/map/ESA_WorldCover_10m_2021_v200_S21E012_Map.tif,55723540,77d67ede65a96026e18b4012231fbc9f-7,2022-10-26T12:39:01.000Z,https://esa-worldcover.s3.eu-central-1.amazonaws.com/v200/2021/map/ESA_WorldCover_10m_2021_v200_S21E012_Map.tif
v200/2021/map/ESA_WorldCover_10m_2021_v200_S21E015_Map.tif,61578491,0e175fe769eaee41fd11a0fc9da41e63-8,2022-10-26T12:39:57.000Z,https://esa-worldcover.s3.eu-central-1.amazonaws.com/v200/2021/map/ESA_WorldCover_10m_2021_v200_S21E015_Map.tif
v200/2021/map/ESA_WorldCover_10m_2021_v200_S21E018_Map.tif,35359810,2e8178741b26947fde0ada9969fac3c6-5,2022-10-26T12:39:18.000Z,https://esa-worldcover.s3.eu-central-1.amazonaws.com/v200/2021/map/ESA_WorldCover_10m_2021_v200_S21E018_Map.tif
v200/2021/map/ESA_WorldCover_10m_2021_v200_S21E021_Map.tif,75612726,98fbc9493edfbcd85f792060730ed3ba-10,2022-10-26T12:39:46.000Z,https://esa-worldcover.s3.eu-central-1.amazonaws.com/v200/2021/map/ESA_WorldCover_10m_2021_v200_S21E021_Map.tif
v200/2021/map/ESA_WorldCover_10m_2021_v200_S21E024_Map.tif,64934702,ddd2c35c56a1ceec98cf6e0b30650223-8,2022-10-26T12:39:50.000Z,https://esa-worldcover.s3.eu-central-1.amazonaws.com/v200/2021/map/ESA_WorldCover_10m_2021_v200_S21E024_Map.tif
v200/2021/map/ESA_WorldCover_10m_2021_v200_S21E027_Map.tif,156602407,d33f9b073b13d769291d3ef9262bcb2e-19,2022-10-26T12:42:14.000Z,https://esa-worldcover.s3.eu-central-1.amazonaws.com/v200/2021/map/ESA_WorldCover_10m_2021_v200_S21E027_Map.tif
v200/2021/map/ESA_WorldCover_10m_2021_v200_S21E030_Map.tif,185331883,dda6276cf791202bc7924c266495aa39-23,2022-10-26T12:43:17.000Z,https://esa-worldcover.s3.eu-central-1.amazonaws.com/v200/2021/map/ESA_WorldCover_10m_2021_v200_S21E030_Map.tif
v200/2021/map/ESA_WorldCover_10m_2021_v200_S21E033_Map.tif,119930351,6b7cfcb186e894a39e2b2948e9141eb1-15,2022-10-26T12:41:06.000Z,https://esa-worldcover.s3.eu-central-1.amazonaws.com/v200/2021/map/ESA_WorldCover_10m_2021_v200_S21E033_Map.tif
v200/2021/map/ESA_WorldCover_10m_2021_v200_S21E036_Map.tif,11785663,ca5d3868a306524ae46353e3f127fcc6-2,2022-10-26T12:35:07.000Z,https://esa-worldcover.s3.eu-central-1.amazonaws.com/v200/2021/map/ESA_WorldCover_10m_2021_v200_S21E036_Map.tif
v200/2021/map/ESA_WorldCover_10m_2021_v200_S21E042_Map.tif,32555722,a794387a12167a12dc1190d4e51815a4-4,2022-10-26T12:36:31.000Z,https://esa-worldcover.s3.eu-central-1.amazonaws.com/v200/2021/map/ESA_WorldCover_10m_2021_v200_S21E042_Map.tif
v200/2021/map/ESA_WorldCover_10m_2021_v200_S21E045_Map.tif,106698355,92e66bbbe08b24f1f354964902defc6a-13,2022-10-26T12:45:39.000Z,https://esa-worldcover.s3.eu-central-1.amazonaws.com/v200/2021/map/ESA_WorldCover_10m_2021_v200_S21E045_Map.tif
v200/2021/map/ESA_WorldCover_10m_2021_v200_S21E048_Map.tif,57995639,e5257dfeca70822c0a3c09b0dc6e6c1d-7,2022-10-26T12:37:42.000Z,https://esa-worldcover.s3.eu-central-1.amazonaws.com/v200/2021/map/ESA_WorldCover_10m_2021_v200_S21E048_Map.tif
v200/2021/map/ESA_WorldCover_10m_2021_v200_S21E054_Map.tif,2578116,765b32185291a9a0498c115a493da3b9,2022-10-26T12:34:08.000Z,https://esa-worldcover.s3.eu-central-1.amazonaws.com/v200/2021/map/ESA_WorldCover_10m_2021_v200_S21E054_Map.tif
v200/2021/map/ESA_WorldCover_10m_2021_v200_S21E057_Map.tif,4963019,19eb07c3394bf4fafbb08ade9bd65fa2,2022-10-26T12:34:19.000Z,https://esa-worldcover.s3.eu-central-1.amazonaws.com/v200/2021/map/ESA_WorldCover_10m_2021_v200_S21E057_Map.tif
v200/2021/map/ESA_WorldCover_10m_2021_v200_S21E063_Map.tif,2167080,2696ecec2a21dba84c65aeb6538d98c5,2022-10-26T12:34:29.000Z,https://esa-worldcover.s3.eu-central-1.amazonaws.com/v200/2021/map/ESA_WorldCover_10m_2021_v200_S21E063_Map.tif
v200/2021/map/ESA_WorldCover_10m_2021_v200_S21E114_Map.tif,5926012,9e2e86a45eecc8616f2f8a6dc38f4ff1,2022-10-26T12:35:26.000Z,https://esa-worldcover.s3.eu-central-1.amazonaws.com/v200/2021/map/ESA_WorldCover_10m_2021_v200_S21E114_Map.tif
v200/2021/map/ESA_WorldCover_10m_2021_v200_S21E117_Map.tif,24894481,e9f8ab8d91b61596936e766ef802808c-3,2022-10-26T12:36:58.000Z,https://esa-worldcover.s3.eu-central-1.amazonaws.com/v200/2021/map/ESA_WorldCover_10m_2021_v200_S21E117_Map.tif
v200/2021/map/ESA_WorldCover_10m_2021_v200_S21E120_Map.tif,66413171,61af558399f743d729ab41bc24c940e8-8,2022-10-26T12:42:42.000Z,https://esa-worldcover.s3.eu-central-1.amazonaws.com/v200/2021/map/ESA_WorldCover_10m_2021_v200_S21E120_Map.tif
v200/2021/map/ESA_WorldCover_10m_2021_v200_S21E123_Map.tif,83120384,e1687f12ec4b4ae74d9d7aac39252254-10,2022-10-26T12:45:35.000Z,https://esa-worldcover.s3.eu-central-1.amazonaws.com/v200/2021/map/ESA_WorldCover_10m_2021_v200_S21E123_Map.tif
v200/2021/map/ESA_WorldCover_10m_2021_v200_S21E126_Map.tif,48660411,2d32d546aeb5621b989662676d56d827-6,2022-10-26T12:45:18.000Z,https://esa-worldcover.s3.eu-central-1.amazonaws.com/v200/2021/map/ESA_WorldCover_10m_2021_v200_S21E126_Map.tif
v200/2021/map/ESA_WorldCover_10m_2021_v200_S21E129_Map.tif,62470858,c56e130950a5aa2d3fad9fd86ee525f2-8,2022-10-26T12:46:41.000Z,https://esa-worldcover.s3.eu-central-1.amazonaws.com/v200/2021/map/ESA_WorldCover_10m_2021_v200_S21E129_Map.tif
v200/2021/map/ESA_WorldCover_10m_2021_v200_S21E132_Map.tif,76032617,c8c09502c22842725aa6028762af1ead-10,2022-10-26T12:45:59.000Z,https://esa-worldcover.s3.eu-central-1.amazonaws.com/v200/2021/map/ESA_WorldCover_10m_2021_v200_S21E132_Map.tif
v200/2021/map/ESA_WorldCover_10m_2021_v200_S21E135_Map.tif,57669160,656ff7f2d9dbb6eb2b8cc4ec193f4a84-7,2022-10-26T12:43:25.000Z,https://esa-worldcover.s3.eu-central-1.amazonaws.com/v200/2021/map/ESA_WorldCover_10m_2021_v200_S21E135_Map.tif
v200/2021/map/ESA_WorldCover_10m_2021_v200_S21E138_Map.tif,106338261,0f17119ff4a73052d83f9cdee153d870-13,2022-10-26T12:46:52.000Z,https://esa-worldcover.s3.eu-central-1.amazonaws.com/v200/2021/map/ESA_WorldCover_10m_2021_v200_S21E138_Map.tif
v200/2021/map/ESA_WorldCover_10m_2021_v200_S21E141_Map.tif,100951778,a055c9387792994f051b482d5fd3a170-13,2022-10-26T12:46:45.000Z,https://esa-worldcover.s3.eu-central-1.amazonaws.com/v200/2021/map/ESA_WorldCover_10m_2021_v200_S21E141_Map.tif
v200/2021/map/ESA_WorldCover_10m_2021_v200_S21E144_Map.tif,86492620,29b7678aa21e56e31e0965a1609d9a93-11,2022-10-26T12:49:29.000Z,https://esa-worldcover.s3.eu-central-1.amazonaws.com/v200/2021/map/ESA_WorldCover_10m_2021_v200_S21E144_Map.tif
v200/2021/map/ESA_WorldCover_10m_2021_v200_S21E147_Map.tif,28243180,9485c7632bab386584033fbbcf1bc4ff-4,2022-10-26T12:38:45.000Z,https://esa-worldcover.s3.eu-central-1.amazonaws.com/v200/2021/map/ESA_WorldCover_10m_2021_v200_S21E147_Map.tif
v200/2021/map/ESA_WorldCover_10m_2021_v200_S21E150_Map.tif,1980377,c87d4760e6af884cf4164082647a10ec,2022-10-26T13:06:19.000Z,https://esa-worldcover.s3.eu-central-1.amazonaws.com/v200/2021/map/ESA_WorldCover_10m_2021_v200_S21E150_Map.tif
v200/2021/map/ESA_WorldCover_10m_2021_v200_S21E156_Map.tif,2119186,48810eaabdf4634ee985818b8fb50e3e,2022-10-26T13:06:19.000Z,https://esa-worldcover.s3.eu-central-1.amazonaws.com/v200/2021/map/ESA_WorldCover_10m_2021_v200_S21E156_Map.tif
v200/2021/map/ESA_WorldCover_10m_2021_v200_S21E159_Map.tif,1977298,aeca9b251c4d2b5cfda386bf3c70cdcd,2022-10-26T13:06:15.000Z,https://esa-worldcover.s3.eu-central-1.amazonaws.com/v200/2021/map/ESA_WorldCover_10m_2021_v200_S21E159_Map.tif
v200/2021/map/ESA_WorldCover_10m_2021_v200_S21E162_Map.tif,6343586,1670bb1e6cdc23b1e9dcc5e5965bf648,2022-10-26T12:37:25.000Z,https://esa-worldcover.s3.eu-central-1.amazonaws.com/v200/2021/map/ESA_WorldCover_10m_2021_v200_S21E162_Map.tif
v200/2021/map/ESA_WorldCover_10m_2021_v200_S21E165_Map.tif,2814857,4c1434636441671fe64eb570a9a802ed,2022-10-26T12:35:06.000Z,https://esa-worldcover.s3.eu-central-1.amazonaws.com/v200/2021/map/ESA_WorldCover_10m_2021_v200_S21E165_Map.tif
v200/2021/map/ESA_WorldCover_10m_2021_v200_S21E168_Map.tif,2719034,79411fcb296b084a3d9885fad1d9541b,2022-10-26T12:35:12.000Z,https://esa-worldcover.s3.eu-central-1.amazonaws.com/v200/2021/map/ESA_WorldCover_10m_2021_v200_S21E168_Map.tif
v200/2021/map/ESA_WorldCover_10m_2021_v200_S21E177_Map.tif,4408564,4b97a08fd41e1cf40a99e11b6d0f8863,2022-10-26T12:36:34.000Z,https://esa-worldcover.s3.eu-central-1.amazonaws.com/v200/2021/map/ESA_WorldCover_10m_2021_v200_S21E177_Map.tif
v200/2021/map/ESA_WorldCover_10m_2021_v200_S21W039_Map.tif,1942349,7fee9aa81669fc792b5ebb85fbda60aa,2022-10-26T13:06:12.000Z,https://esa-worldcover.s3.eu-central-1.amazonaws.com/v200/2021/map/ESA_WorldCover_10m_2021_v200_S21W039_Map.tif
v200/2021/map/ESA_WorldCover_10m_2021_v200_S21W042_Map.tif,69526688,c54cf1da66ee902c61008d192747f9cc-9,2022-10-26T12:46:13.000Z,https://esa-worldcover.s3.eu-central-1.amazonaws.com/v200/2021/map/ESA_WorldCover_10m_2021_v200_S21W042_Map.tif
v200/2021/map/ESA_WorldCover_10m_2021_v200_S21W045_Map.tif,119911488,031f3c5c2ee1ddd0f4d73b1054fa1290-15,2022-10-26T12:50:55.000Z,https://esa-worldcover.s3.eu-central-1.amazonaws.com/v200/2021/map/ESA_WorldCover_10m_2021_v200_S21W045_Map.tif
v200/2021/map/ESA_WorldCover_10m_2021_v200_S21W048_Map.tif,143050675,9213e48f5224345760f98dbab45dfe5a-18,2022-10-26T12:51:45.000Z,https://esa-worldcover.s3.eu-central-1.amazonaws.com/v200/2021/map/ESA_WorldCover_10m_2021_v200_S21W048_Map.tif
v200/2021/map/ESA_WorldCover_10m_2021_v200_S21W051_Map.tif,121075230,60d28a48535dd04103c225320feb4cb5-15,2022-10-26T12:50:29.000Z,https://esa-worldcover.s3.eu-central-1.amazonaws.com/v200/2021/map/ESA_WorldCover_10m_2021_v200_S21W051_Map.tif
v200/2021/map/ESA_WorldCover_10m_2021_v200_S21W054_Map.tif,119843461,f87720636117c5ce42e8edce4f4eb709-15,2022-10-26T12:48:21.000Z,https://esa-worldcover.s3.eu-central-1.amazonaws.com/v200/2021/map/ESA_WorldCover_10m_2021_v200_S21W054_Map.tif
v200/2021/map/ESA_WorldCover_10m_2021_v200_S21W057_Map.tif,107308962,4ba766a0f7a3e95b629ed2ca2de82e83-13,2022-10-26T12:48:14.000Z,https://esa-worldcover.s3.eu-central-1.amazonaws.com/v200/2021/map/ESA_WorldCover_10m_2021_v200_S21W057_Map.tif
v200/2021/map/ESA_WorldCover_10m_2021_v200_S21W060_Map.tif,63704600,e0fa9dafde04f4d95e4a304e4fbf1cf5-8,2022-10-26T12:49:11.000Z,https://esa-worldcover.s3.eu-central-1.amazonaws.com/v200/2021/map/ESA_WorldCover_10m_2021_v200_S21W060_Map.tif
v200/2021/map/ESA_WorldCover_10m_2021_v200_S21W063_Map.tif,92556732,7340cbc34b154b2436511cc65d36e312-12,2022-10-26T12:48:57.000Z,https://esa-worldcover.s3.eu-central-1.amazonaws.com/v200/2021/map/ESA_WorldCover_10m_2021_v200_S21W063_Map.tif
v200/2021/map/ESA_WorldCover_10m_2021_v200_S21W066_Map.tif,128818112,04781a4f2bdf3612e1b14218f75fab86-16,2022-10-26T12:51:24.000Z,https://esa-worldcover.s3.eu-central-1.amazonaws.com/v200/2021/map/ESA_WorldCover_10m_2021_v200_S21W066_Map.tif
v200/2021/map/ESA_WorldCover_10m_2021_v200_S21W069_Map.tif,90326589,9ab94e6afd6e23c32da8a22047878bfa-11,2022-10-26T12:48:41.000Z,https://esa-worldcover.s3.eu-central-1.amazonaws.com/v200/2021/map/ESA_WorldCover_10m_2021_v200_S21W069_Map.tif
v200/2021/map/ESA_WorldCover_10m_2021_v200_S21W072_Map.tif,18895084,a39a36b319df649906938f477996775d-3,2022-10-26T12:39:07.000Z,https://esa-worldcover.s3.eu-central-1.amazonaws.com/v200/2021/map/ESA_WorldCover_10m_2021_v200_S21W072_Map.tif
v200/2021/map/ESA_WorldCover_10m_2021_v200_S21W138_Map.tif,2154888,b6b5b0ec125076bdd4f5572e78e0d304,2022-10-26T12:35:29.000Z,https://esa-worldcover.s3.eu-central-1.amazonaws.com/v200/2021/map/ESA_WorldCover_10m_2021_v200_S21W138_Map.tif
v200/2021/map/ESA_WorldCover_10m_2021_v200_S21W141_Map.tif,2658096,56d23c9de6a142ee2e380aa5e6bba7bb,2022-10-26T12:37:43.000Z,https://esa-worldcover.s3.eu-central-1.amazonaws.com/v200/2021/map/ESA_WorldCover_10m_2021_v200_S21W141_Map.tif
v200/2021/map/ESA_WorldCover_10m_2021_v200_S21W144_Map.tif,2287916,0d220288911d841ada4cb1816c2c917e,2022-10-26T12:35:55.000Z,https://esa-worldcover.s3.eu-central-1.amazonaws.com/v200/2021/map/ESA_WorldCover_10m_2021_v200_S21W144_Map.tif
v200/2021/map/ESA_WorldCover_10m_2021_v200_S21W147_Map.tif,2028618,5c818096d994460a2367c44d63c8642d,2022-10-26T13:06:12.000Z,https://esa-worldcover.s3.eu-central-1.amazonaws.com/v200/2021/map/ESA_WorldCover_10m_2021_v200_S21W147_Map.tif
v200/2021/map/ESA_WorldCover_10m_2021_v200_S21W159_Map.tif,2240014,38fe69522b1fc802b021f1885138835b,2022-10-26T12:36:07.000Z,https://esa-worldcover.s3.eu-central-1.amazonaws.com/v200/2021/map/ESA_WorldCover_10m_2021_v200_S21W159_Map.tif
v200/2021/map/ESA_WorldCover_10m_2021_v200_S21W162_Map.tif,2135779,9f405549f90179e293334768b89c24b0,2022-10-26T12:35:37.000Z,https://esa-worldcover.s3.eu-central-1.amazonaws.com/v200/2021/map/ESA_WorldCover_10m_2021_v200_S21W162_Map.tif
v200/2021/map/ESA_WorldCover_10m_2021_v200_S21W171_Map.tif,2130915,46cf25e3c370caad20a6bbba54b3e7b9,2022-10-26T12:35:32.000Z,https://esa-worldcover.s3.eu-central-1.amazonaws.com/v200/2021/map/ESA_WorldCover_10m_2021_v200_S21W171_Map.tif
v200/2021/map/ESA_WorldCover_10m_2021_v200_S21W174_Map.tif,2147790,7342e645e147fecf0a5f96626eb8eb4b,2022-10-26T12:35:26.000Z,https://esa-worldcover.s3.eu-central-1.amazonaws.com/v200/2021/map/ESA_WorldCover_10m_2021_v200_S21W174_Map.tif
v200/2021/map/ESA_WorldCover_10m_2021_v200_S21W177_Map.tif,2659035,7c85249d26783dd25cd90d406b8c6056,2022-10-26T12:36:59.000Z,https://esa-worldcover.s3.eu-central-1.amazonaws.com/v200/2021/map/ESA_WorldCover_10m_2021_v200_S21W177_Map.tif
v200/2021/map/ESA_WorldCover_10m_2021_v200_S21W180_Map.tif,2591825,d68ffc7931f15a7c5513ee7fbf1a84e7,2022-10-26T12:37:02.000Z,https://esa-worldcover.s3.eu-central-1.amazonaws.com/v200/2021/map/ESA_WorldCover_10m_2021_v200_S21W180_Map.tif
v200/2021/map/ESA_WorldCover_10m_2021_v200_S24E012_Map.tif,7947589,3b7f1e42b993d37fd5350ab3789f284b,2022-10-26T12:36:02.000Z,https://esa-worldcover.s3.eu-central-1.amazonaws.com/v200/2021/map/ESA_WorldCover_10m_2021_v200_S24E012_Map.tif
v200/2021/map/ESA_WorldCover_10m_2021_v200_S24E015_Map.tif,81213603,5e14891b9b6f97d85226f2c270dd83f5-10,2022-10-26T12:39:48.000Z,https://esa-worldcover.s3.eu-central-1.amazonaws.com/v200/2021/map/ESA_WorldCover_10m_2021_v200_S24E015_Map.tif
v200/2021/map/ESA_WorldCover_10m_2021_v200_S24E018_Map.tif,59746611,d227c12b7f1ba1918cfddcc3b8b3a003-8,2022-10-26T12:39:42.000Z,https://esa-worldcover.s3.eu-central-1.amazonaws.com/v200/2021/map/ESA_WorldCover_10m_2021_v200_S24E018_Map.tif
v200/2021/map/ESA_WorldCover_10m_2021_v200_S24E021_Map.tif,65112792,d23d79e3c0f000fee5f7d57386d3fb84-8,2022-10-26T12:39:10.000Z,https://esa-worldcover.s3.eu-central-1.amazonaws.com/v200/2021/map/ESA_WorldCover_10m_2021_v200_S24E021_Map.tif
v200/2021/map/ESA_WorldCover_10m_2021_v200_S24E024_Map.tif,55973991,0ed600d1637e228d310c42d8b9d3c6da-7,2022-10-26T12:45:57.000Z,https://esa-worldcover.s3.eu-central-1.amazonaws.com/v200/2021/map/ESA_WorldCover_10m_2021_v200_S24E024_Map.tif
v200/2021/map/ESA_WorldCover_10m_2021_v200_S24E027_Map.tif,126325613,e160875226ef14a59f08f20ea9436610-16,2022-10-26T12:39:55.000Z,https://esa-worldcover.s3.eu-central-1.amazonaws.com/v200/2021/map/ESA_WorldCover_10m_2021_v200_S24E027_Map.tif
v200/2021/map/ESA_WorldCover_10m_2021_v200_S24E030_Map.tif,129443590,bdb8058d36755bc29e12c10c443893b7-16,2022-10-26T12:52:33.000Z,https://esa-worldcover.s3.eu-central-1.amazonaws.com/v200/2021/map/ESA_WorldCover_10m_2021_v200_S24E030_Map.tif
v200/2021/map/ESA_WorldCover_10m_2021_v200_S24E033_Map.tif,104178366,c77b928d3e90a26c20d9f0659b211da3-13,2022-10-26T12:39:48.000Z,https://esa-worldcover.s3.eu-central-1.amazonaws.com/v200/2021/map/ESA_WorldCover_10m_2021_v200_S24E033_Map.tif
v200/2021/map/ESA_WorldCover_10m_2021_v200_S24E039_Map.tif,2172096,2484657aa4510153593982deeabb37cc,2022-10-26T12:35:41.000Z,https://esa-worldcover.s3.eu-central-1.amazonaws.com/v200/2021/map/ESA_WorldCover_10m_2021_v200_S24E039_Map.tif
v200/2021/map/ESA_WorldCover_10m_2021_v200_S24E042_Map.tif,62035798,e6a87e517491611479ecaa52fd62fda9-8,2022-10-26T12:41:16.000Z,https://esa-worldcover.s3.eu-central-1.amazonaws.com/v200/2021/map/ESA_WorldCover_10m_2021_v200_S24E042_Map.tif
v200/2021/map/ESA_WorldCover_10m_2021_v200_S24E045_Map.tif,100582557,726b30f6e2318173fafecac5f8e1faab-12,2022-10-26T12:50:45.000Z,https://esa-worldcover.s3.eu-central-1.amazonaws.com/v200/2021/map/ESA_WorldCover_10m_2021_v200_S24E045_Map.tif
v200/2021/map/ESA_WorldCover_10m_2021_v200_S24E048_Map.tif,7743189,83c97a52bf82f85d29742ad3a00d4540,2022-10-26T12:35:50.000Z,https://esa-worldcover.s3.eu-central-1.amazonaws.com/v200/2021/map/ESA_WorldCover_10m_2021_v200_S24E048_Map.tif
v200/2021/map/ESA_WorldCover_10m_2021_v200_S24E054_Map.tif,4480051,506282cb69dc40508953732f842b5e34,2022-10-26T12:35:28.000Z,https://esa-worldcover.s3.eu-central-1.amazonaws.com/v200/2021/map/ESA_WorldCover_10m_2021_v200_S24E054_Map.tif
v200/2021/map/ESA_WorldCover_10m_2021_v200_S24E111_Map.tif,8386416,6403d2c9c56abcfd91beed81397c20b2,2022-10-26T12:36:13.000Z,https://esa-worldcover.s3.eu-central-1.amazonaws.com/v200/2021/map/ESA_WorldCover_10m_2021_v200_S24E111_Map.tif
v200/2021/map/ESA_WorldCover_10m_2021_v200_S24E114_Map.tif,133501251,4b8a4d18ae911e928829631142a40dda-16,2022-10-26T12:53:00.000Z,https://esa-worldcover.s3.eu-central-1.amazonaws.com/v200/2021/map/ESA_WorldCover_10m_2021_v200_S24E114_Map.tif
v200/2021/map/ESA_WorldCover_10m_2021_v200_S24E117_Map.tif,155081816,ddaace9209b756ed8ee6262f8f75b5c9-19,2022-10-26T12:43:42.000Z,https://esa-worldcover.s3.eu-central-1.amazonaws.com/v200/2021/map/ESA_WorldCover_10m_2021_v200_S24E117_Map.tif
v200/2021/map/ESA_WorldCover_10m_2021_v200_S24E120_Map.tif,118317288,d52cd3c71439e2e53f990ebd31d7eb23-15,2022-10-26T12:51:21.000Z,https://esa-worldcover.s3.eu-central-1.amazonaws.com/v200/2021/map/ESA_WorldCover_10m_2021_v200_S24E120_Map.tif
v200/2021/map/ESA_WorldCover_10m_2021_v200_S24E123_Map.tif,97013365,9120ec26743dc15dcba3bb78fc04ec0c-12,2022-10-26T12:51:30.000Z,https://esa-worldcover.s3.eu-central-1.amazonaws.com/v200/2021/map/ESA_WorldCover_10m_2021_v200_S24E123_Map.tif
v200/2021/map/ESA_WorldCover_10m_2021_v200_S24E126_Map.tif,88180412,549c7dfd20570baf33ade182d72f13a9-11,2022-10-26T12:51:49.000Z,https://esa-worldcover.s3.eu-central-1.amazonaws.com/v200/2021/map/ESA_WorldCover_10m_2021_v200_S24E126_Map.tif
v200/2021/map/ESA_WorldCover_10m_2021_v200_S24E129_Map.tif,73219143,b48625a217d89a6df3eac23334b14a04-9,2022-10-26T12:38:50.000Z,https://esa-worldcover.s3.eu-central-1.amazonaws.com/v200/2021/map/ESA_WorldCover_10m_2021_v200_S24E129_Map.tif
v200/2021/map/ESA_WorldCover_10m_2021_v200_S24E132_Map.tif,130878490,57aef7599e9317ff3011068108accb32-16,2022-10-26T12:52:47.000Z,https://esa-worldcover.s3.eu-central-1.amazonaws.com/v200/2021/map/ESA_WorldCover_10m_2021_v200_S24E132_Map.tif
v200/2021/map/ESA_WorldCover_10m_2021_v200_S24E135_Map.tif,127987295,8af0b57f339995cdeaafd1f9016fbe14-16,2022-10-26T12:39:39.000Z,https://esa-worldcover.s3.eu-central-1.amazonaws.com/v200/2021/map/ESA_WorldCover_10m_2021_v200_S24E135_Map.tif
v200/2021/map/ESA_WorldCover_10m_2021_v200_S24E138_Map.tif,117233649,bc401f4e504d6ddad1138e03a85b7ea8-14,2022-10-26T12:39:28.000Z,https://esa-worldcover.s3.eu-central-1.amazonaws.com/v200/2021/map/ESA_WorldCover_10m_2021_v200_S24E138_Map.tif
v200/2021/map/ESA_WorldCover_10m_2021_v200_S24E141_Map.tif,103920399,45976780df7274f1367faf6042e08e6e-13,2022-10-26T12:38:56.000Z,https://esa-worldcover.s3.eu-central-1.amazonaws.com/v200/2021/map/ESA_WorldCover_10m_2021_v200_S24E141_Map.tif
v200/2021/map/ESA_WorldCover_10m_2021_v200_S24E144_Map.tif,69609606,4208c2785425ae2fe8a7ef1b16c40bb6-9,2022-10-26T12:38:42.000Z,https://esa-worldcover.s3.eu-central-1.amazonaws.com/v200/2021/map/ESA_WorldCover_10m_2021_v200_S24E144_Map.tif
v200/2021/map/ESA_WorldCover_10m_2021_v200_S24E147_Map.tif,71914937,2aa40fdff565950828a055bdcc2e3235-9,2022-10-26T12:47:18.000Z,https://esa-worldcover.s3.eu-central-1.amazonaws.com/v200/2021/map/ESA_WorldCover_10m_2021_v200_S24E147_Map.tif
v200/2021/map/ESA_WorldCover_10m_2021_v200_S24E150_Map.tif,16418057,5e5bd74f22c84af6e9db708125b739de-2,2022-10-26T12:36:42.000Z,https://esa-worldcover.s3.eu-central-1.amazonaws.com/v200/2021/map/ESA_WorldCover_10m_2021_v200_S24E150_Map.tif
v200/2021/map/ESA_WorldCover_10m_2021_v200_S24E153_Map.tif,2365397,4769ec299ed8c762256866845cf8997b,2022-10-26T12:34:58.000Z,https://esa-worldcover.s3.eu-central-1.amazonaws.com/v200/2021/map/ESA_WorldCover_10m_2021_v200_S24E153_Map.tif
v200/2021/map/ESA_WorldCover_10m_2021_v200_S24E162_Map.tif,2643891,5fb2da9392343f4e20d259bbcaf7d0ae,2022-10-26T12:33:29.000Z,https://esa-worldcover.s3.eu-central-1.amazonaws.com/v200/2021/map/ESA_WorldCover_10m_2021_v200_S24E162_Map.tif
v200/2021/map/ESA_WorldCover_10m_2021_v200_S24E165_Map.tif,12484749,3ae06839fb8cf34099d76e95131d6461-2,2022-10-26T12:35:51.000Z,https://esa-worldcover.s3.eu-central-1.amazonaws.com/v200/2021/map/ESA_WorldCover_10m_2021_v200_S24E165_Map.tif
v200/2021/map/ESA_WorldCover_10m_2021_v200_S24E168_Map.tif,2215541,db2a20b589eb45814da895b5d7a702fe,2022-10-26T12:35:47.000Z,https://esa-worldcover.s3.eu-central-1.amazonaws.com/v200/2021/map/ESA_WorldCover_10m_2021_v200_S24E168_Map.tif
v200/2021/map/ESA_WorldCover_10m_2021_v200_S24E171_Map.tif,2061731,6a743a43ca4c15ff6eb9e2b9b24d6f7e,2022-10-26T13:06:13.000Z,https://esa-worldcover.s3.eu-central-1.amazonaws.com/v200/2021/map/ESA_WorldCover_10m_2021_v200_S24E171_Map.tif
v200/2021/map/ESA_WorldCover_10m_2021_v200_S24W042_Map.tif,16439164,cfccf8ba6c43fee0107ba27e42064cfb-2,2022-10-26T12:35:36.000Z,https://esa-worldcover.s3.eu-central-1.amazonaws.com/v200/2021/map/ESA_WorldCover_10m_2021_v200_S24W042_Map.tif
v200/2021/map/ESA_WorldCover_10m_2021_v200_S24W045_Map.tif,68637369,55d513a48b21cd7039fd3366268dd8eb-9,2022-10-26T12:38:26.000Z,https://esa-worldcover.s3.eu-central-1.amazonaws.com/v200/2021/map/ESA_WorldCover_10m_2021_v200_S24W045_Map.tif
v200/2021/map/ESA_WorldCover_10m_2021_v200_S24W048_Map.tif,121365788,6f452c8ca0eeb41776ad15b5c1535e67-15,2022-10-26T12:40:41.000Z,https://esa-worldcover.s3.eu-central-1.amazonaws.com/v200/2021/map/ESA_WorldCover_10m_2021_v200_S24W048_Map.tif
v200/2021/map/ESA_WorldCover_10m_2021_v200_S24W051_Map.tif,108739856,36b5cca0e30149c72783c771bc8b3146-13,2022-10-26T12:40:33.000Z,https://esa-worldcover.s3.eu-central-1.amazonaws.com/v200/2021/map/ESA_WorldCover_10m_2021_v200_S24W051_Map.tif
v200/2021/map/ESA_WorldCover_10m_2021_v200_S24W054_Map.tif,110344522,8ac54877ce58068c4b2ca89299a54f50-14,2022-10-26T12:52:16.000Z,https://esa-worldcover.s3.eu-central-1.amazonaws.com/v200/2021/map/ESA_WorldCover_10m_2021_v200_S24W054_Map.tif
v200/2021/map/ESA_WorldCover_10m_2021_v200_S24W057_Map.tif,92600871,b7b26af1f3103fae6b80b544a3da1990-12,2022-10-26T12:50:46.000Z,https://esa-worldcover.s3.eu-central-1.amazonaws.com/v200/2021/map/ESA_WorldCover_10m_2021_v200_S24W057_Map.tif
v200/2021/map/ESA_WorldCover_10m_2021_v200_S24W060_Map.tif,94084580,ff8283b955c0dae86185ba670003777b-12,2022-10-26T12:52:28.000Z,https://esa-worldcover.s3.eu-central-1.amazonaws.com/v200/2021/map/ESA_WorldCover_10m_2021_v200_S24W060_Map.tif
v200/2021/map/ESA_WorldCover_10m_2021_v200_S24W063_Map.tif,120239808,8b719fedb372017d14969cab13abc185-15,2022-10-26T12:46:29.000Z,https://esa-worldcover.s3.eu-central-1.amazonaws.com/v200/2021/map/ESA_WorldCover_10m_2021_v200_S24W063_Map.tif
v200/2021/map/ESA_WorldCover_10m_2021_v200_S24W066_Map.tif,95554900,86e1db82f11eaf5b5217ac19aaf6ca40-12,2022-10-26T12:45:51.000Z,https://esa-worldcover.s3.eu-central-1.amazonaws.com/v200/2021/map/ESA_WorldCover_10m_2021_v200_S24W066_Map.tif
v200/2021/map/ESA_WorldCover_10m_2021_v200_S24W069_Map.tif,57288645,8acfd449400530bbe6adcacce58b1826-7,2022-10-26T12:48:28.000Z,https://esa-worldcover.s3.eu-central-1.amazonaws.com/v200/2021/map/ESA_WorldCover_10m_2021_v200_S24W069_Map.tif
v200/2021/map/ESA_WorldCover_10m_2021_v200_S24W072_Map.tif,4014576,a4b7a560d5f57c1301f922e21a95f8cb,2022-10-26T12:38:17.000Z,https://esa-worldcover.s3.eu-central-1.amazonaws.com/v200/2021/map/ESA_WorldCover_10m_2021_v200_S24W072_Map.tif
v200/2021/map/ESA_WorldCover_10m_2021_v200_S24W132_Map.tif,1967967,9648c972084d43f8eb1a8ecbede8a3d4,2022-10-26T12:35:18.000Z,https://esa-worldcover.s3.eu-central-1.amazonaws.com/v200/2021/map/ESA_WorldCover_10m_2021_v200_S24W132_Map.tif
v200/2021/map/ESA_WorldCover_10m_2021_v200_S24W135_Map.tif,1987843,89c31f98d6625cbda4c91a2c282d7bad,2022-10-26T12:35:18.000Z,https://esa-worldcover.s3.eu-central-1.amazonaws.com/v200/2021/map/ESA_WorldCover_10m_2021_v200_S24W135_Map.tif
v200/2021/map/ESA_WorldCover_10m_2021_v200_S24W138_Map.tif,2495835,8f62923ff9805bf53160ba59dbacfa9f,2022-10-26T12:35:29.000Z,https://esa-worldcover.s3.eu-central-1.amazonaws.com/v200/2021/map/ESA_WorldCover_10m_2021_v200_S24W138_Map.tif
v200/2021/map/ESA_WorldCover_10m_2021_v200_S24W141_Map.tif,2265258,7bc4970f8ba3f2c53d31c728372b4b2a,2022-10-26T12:35:57.000Z,https://esa-worldcover.s3.eu-central-1.amazonaws.com/v200/2021/map/ESA_WorldCover_10m_2021_v200_S24W141_Map.tif
v200/2021/map/ESA_WorldCover_10m_2021_v200_S24W150_Map.tif,2131744,f377b8c57c750306a254975b3c411dba,2022-10-26T12:35:47.000Z,https://esa-worldcover.s3.eu-central-1.amazonaws.com/v200/2021/map/ESA_WorldCover_10m_2021_v200_S24W150_Map.tif
v200/2021/map/ESA_WorldCover_10m_2021_v200_S24W153_Map.tif,2096153,9c5906395c15daabb51b8ce848489764,2022-10-26T12:34:09.000Z,https://esa-worldcover.s3.eu-central-1.amazonaws.com/v200/2021/map/ESA_WorldCover_10m_2021_v200_S24W153_Map.tif
v200/2021/map/ESA_WorldCover_10m_2021_v200_S24W156_Map.tif,2062544,2527154a172cc3563fc2f939b07bf39d,2022-10-26T13:06:12.000Z,https://esa-worldcover.s3.eu-central-1.amazonaws.com/v200/2021/map/ESA_WorldCover_10m_2021_v200_S24W156_Map.tif
v200/2021/map/ESA_WorldCover_10m_2021_v200_S24W159_Map.tif,2031364,9fde33f70d7bb656249d3b90ba624d86,2022-10-26T12:34:33.000Z,https://esa-worldcover.s3.eu-central-1.amazonaws.com/v200/2021/map/ESA_WorldCover_10m_2021_v200_S24W159_Map.tif
v200/2021/map/ESA_WorldCover_10m_2021_v200_S24W162_Map.tif,2057763,8ecc22481d4e64788979ac052c9bc122,2022-10-26T12:33:57.000Z,https://esa-worldcover.s3.eu-central-1.amazonaws.com/v200/2021/map/ESA_WorldCover_10m_2021_v200_S24W162_Map.tif
v200/2021/map/ESA_WorldCover_10m_2021_v200_S24W177_Map.tif,2638197,b27873d449615adab1edcb55d196475d,2022-10-26T12:34:04.000Z,https://esa-worldcover.s3.eu-central-1.amazonaws.com/v200/2021/map/ESA_WorldCover_10m_2021_v200_S24W177_Map.tif
v200/2021/map/ESA_WorldCover_10m_2021_v200_S24W180_Map.tif,1961153,68acc0f18b8e13042361dac8d6be43b1,2022-10-26T13:06:15.000Z,https://esa-worldcover.s3.eu-central-1.amazonaws.com/v200/2021/map/ESA_WorldCover_10m_2021_v200_S24W180_Map.tif
v200/2021/map/ESA_WorldCover_10m_2021_v200_S27E012_Map.tif,2495700,3c6002d1747fa68e10961c1ecb3da82e,2022-10-26T12:35:40.000Z,https://esa-worldcover.s3.eu-central-1.amazonaws.com/v200/2021/map/ESA_WorldCover_10m_2021_v200_S27E012_Map.tif
v200/2021/map/ESA_WorldCover_10m_2021_v200_S27E015_Map.tif,115562879,e442a84b276b33b8375c2c9eb4a81cff-14,2022-10-26T12:47:22.000Z,https://esa-worldcover.s3.eu-central-1.amazonaws.com/v200/2021/map/ESA_WorldCover_10m_2021_v200_S27E015_Map.tif
v200/2021/map/ESA_WorldCover_10m_2021_v200_S27E018_Map.tif,125601235,e06c987379fe5ca3ff2c555808c5ddfb-15,2022-10-26T12:49:51.000Z,https://esa-worldcover.s3.eu-central-1.amazonaws.com/v200/2021/map/ESA_WorldCover_10m_2021_v200_S27E018_Map.tif
v200/2021/map/ESA_WorldCover_10m_2021_v200_S27E021_Map.tif,103588218,e41c0f30ad9732c56587ffc8b0914fba-13,2022-10-26T12:42:42.000Z,https://esa-worldcover.s3.eu-central-1.amazonaws.com/v200/2021/map/ESA_WorldCover_10m_2021_v200_S27E021_Map.tif
v200/2021/map/ESA_WorldCover_10m_2021_v200_S27E024_Map.tif,91592002,da14f0570696641f8e6cbc6c0b40e8fc-11,2022-10-26T12:46:20.000Z,https://esa-worldcover.s3.eu-central-1.amazonaws.com/v200/2021/map/ESA_WorldCover_10m_2021_v200_S27E024_Map.tif
v200/2021/map/ESA_WorldCover_10m_2021_v200_S27E027_Map.tif,121416022,a3e8d13ede82dac799271fd899ded6c5-15,2022-10-26T12:39:05.000Z,https://esa-worldcover.s3.eu-central-1.amazonaws.com/v200/2021/map/ESA_WorldCover_10m_2021_v200_S27E027_Map.tif
v200/2021/map/ESA_WorldCover_10m_2021_v200_S27E030_Map.tif,130565928,5ee55684b67b17cc187e7319e5bc0f01-16,2022-10-26T12:40:00.000Z,https://esa-worldcover.s3.eu-central-1.amazonaws.com/v200/2021/map/ESA_WorldCover_10m_2021_v200_S27E030_Map.tif
v200/2021/map/ESA_WorldCover_10m_2021_v200_S27E033_Map.tif,38549691,dd6256ca6ce872c6d529944debdd0516-5,2022-10-26T12:36:33.000Z,https://esa-worldcover.s3.eu-central-1.amazonaws.com/v200/2021/map/ESA_WorldCover_10m_2021_v200_S27E033_Map.tif
v200/2021/map/ESA_WorldCover_10m_2021_v200_S27E042_Map.tif,24738781,d8d194a6b760dfc4b637c2007c689f01-3,2022-10-26T12:35:06.000Z,https://esa-worldcover.s3.eu-central-1.amazonaws.com/v200/2021/map/ESA_WorldCover_10m_2021_v200_S27E042_Map.tif
v200/2021/map/ESA_WorldCover_10m_2021_v200_S27E045_Map.tif,48316282,5f2c34c0a4ab66c2cfae2e158871287d-6,2022-10-26T12:36:11.000Z,https://esa-worldcover.s3.eu-central-1.amazonaws.com/v200/2021/map/ESA_WorldCover_10m_2021_v200_S27E045_Map.tif
v200/2021/map/ESA_WorldCover_10m_2021_v200_S27E111_Map.tif,14532700,0585bdc6d19e5ac92248f5c8363f4c95-2,2022-10-26T12:36:35.000Z,https://esa-worldcover.s3.eu-central-1.amazonaws.com/v200/2021/map/ESA_WorldCover_10m_2021_v200_S27E111_Map.tif
v200/2021/map/ESA_WorldCover_10m_2021_v200_S27E114_Map.tif,126472825,be40848b7cfb806a71c2f0f69adb2140-16,2022-10-26T12:48:40.000Z,https://esa-worldcover.s3.eu-central-1.amazonaws.com/v200/2021/map/ESA_WorldCover_10m_2021_v200_S27E114_Map.tif
v200/2021/map/ESA_WorldCover_10m_2021_v200_S27E117_Map.tif,177271977,ba60e1deeec07421dd35755fb6bd020e-22,2022-10-26T12:50:02.000Z,https://esa-worldcover.s3.eu-central-1.amazonaws.com/v200/2021/map/ESA_WorldCover_10m_2021_v200_S27E117_Map.tif
v200/2021/map/ESA_WorldCover_10m_2021_v200_S27E120_Map.tif,129854524,23b697b63472743f424853a1c69c44bb-16,2022-10-26T12:49:13.000Z,https://esa-worldcover.s3.eu-central-1.amazonaws.com/v200/2021/map/ESA_WorldCover_10m_2021_v200_S27E120_Map.tif
v200/2021/map/ESA_WorldCover_10m_2021_v200_S27E123_Map.tif,127806615,1c28648f609bbcd508199d446dbe6d6a-16,2022-10-26T12:46:39.000Z,https://esa-worldcover.s3.eu-central-1.amazonaws.com/v200/2021/map/ESA_WorldCover_10m_2021_v200_S27E123_Map.tif
v200/2021/map/ESA_WorldCover_10m_2021_v200_S27E126_Map.tif,116644973,6b6f48f28a3f28501073882824fb6425-14,2022-10-26T12:47:43.000Z,https://esa-worldcover.s3.eu-central-1.amazonaws.com/v200/2021/map/ESA_WorldCover_10m_2021_v200_S27E126_Map.tif
v200/2021/map/ESA_WorldCover_10m_2021_v200_S27E129_Map.tif,98417924,667e75437613d093e0ea569ba62d6ccb-12,2022-10-26T12:47:44.000Z,https://esa-worldcover.s3.eu-central-1.amazonaws.com/v200/2021/map/ESA_WorldCover_10m_2021_v200_S27E129_Map.tif
v200/2021/map/ESA_WorldCover_10m_2021_v200_S27E132_Map.tif,129606958,e945193b2b895356000ca95e7200eb13-16,2022-10-26T12:40:11.000Z,https://esa-worldcover.s3.eu-central-1.amazonaws.com/v200/2021/map/ESA_WorldCover_10m_2021_v200_S27E132_Map.tif
v200/2021/map/ESA_WorldCover_10m_2021_v200_S27E135_Map.tif,133895386,fd7f28f6db7e4201b28a0e708d74a5fd-16,2022-10-26T12:38:37.000Z,https://esa-worldcover.s3.eu-central-1.amazonaws.com/v200/2021/map/ESA_WorldCover_10m_2021_v200_S27E135_Map.tif
v200/2021/map/ESA_WorldCover_10m_2021_v200_S27E138_Map.tif,123845094,e141e0884ebeb2ba0dd9dddcb0ab46e1-15,2022-10-26T12:40:29.000Z,https://esa-worldcover.s3.eu-central-1.amazonaws.com/v200/2021/map/ESA_WorldCover_10m_2021_v200_S27E138_Map.tif
v200/2021/map/ESA_WorldCover_10m_2021_v200_S27E141_Map.tif,138630314,a4d00666fac4cdfad19b81220a1f87a5-17,2022-10-26T12:40:30.000Z,https://esa-worldcover.s3.eu-central-1.amazonaws.com/v200/2021/map/ESA_WorldCover_10m_2021_v200_S27E141_Map.tif
v200/2021/map/ESA_WorldCover_10m_2021_v200_S27E144_Map.tif,91243028,296a52ae36f24992948e86451e662891-11,2022-10-26T12:39:57.000Z,https://esa-worldcover.s3.eu-central-1.amazonaws.com/v200/2021/map/ESA_WorldCover_10m_2021_v200_S27E144_Map.tif
v200/2021/map/ESA_WorldCover_10m_2021_v200_S27E147_Map.tif,56926642,5d1c55902273477c7f8779bac7b80700-7,2022-10-26T12:38:26.000Z,https://esa-worldcover.s3.eu-central-1.amazonaws.com/v200/2021/map/ESA_WorldCover_10m_2021_v200_S27E147_Map.tif
v200/2021/map/ESA_WorldCover_10m_2021_v200_S27E150_Map.tif,68386604,424e80ee64ae47a9dc97e289788eb3e6-9,2022-10-26T12:38:58.000Z,https://esa-worldcover.s3.eu-central-1.amazonaws.com/v200/2021/map/ESA_WorldCover_10m_2021_v200_S27E150_Map.tif
v200/2021/map/ESA_WorldCover_10m_2021_v200_S27E153_Map.tif,4684062,5426f397f4318a442bdb3134de3d70c3,2022-10-26T12:34:29.000Z,https://esa-worldcover.s3.eu-central-1.amazonaws.com/v200/2021/map/ESA_WorldCover_10m_2021_v200_S27E153_Map.tif
v200/2021/map/ESA_WorldCover_10m_2021_v200_S27W048_Map.tif,5579591,370b55d5dd893be86a740038a5845266,2022-10-26T12:36:27.000Z,https://esa-worldcover.s3.eu-central-1.amazonaws.com/v200/2021/map/ESA_WorldCover_10m_2021_v200_S27W048_Map.tif
v200/2021/map/ESA_WorldCover_10m_2021_v200_S27W051_Map.tif,74957590,33d950c2862176a5cdeea4dfeec05e7c-9,2022-10-26T12:44:53.000Z,https://esa-worldcover.s3.eu-central-1.amazonaws.com/v200/2021/map/ESA_WorldCover_10m_2021_v200_S27W051_Map.tif
v200/2021/map/ESA_WorldCover_10m_2021_v200_S27W054_Map.tif,103493530,79529cddae36c91d0884a30d006d1be9-13,2022-10-26T12:48:45.000Z,https://esa-worldcover.s3.eu-central-1.amazonaws.com/v200/2021/map/ESA_WorldCover_10m_2021_v200_S27W054_Map.tif
v200/2021/map/ESA_WorldCover_10m_2021_v200_S27W057_Map.tif,86241846,8f3187375770bd19965082fdc6dba269-11,2022-10-26T12:46:03.000Z,https://esa-worldcover.s3.eu-central-1.amazonaws.com/v200/2021/map/ESA_WorldCover_10m_2021_v200_S27W057_Map.tif
v200/2021/map/ESA_WorldCover_10m_2021_v200_S27W060_Map.tif,84013305,7b25556ddf716baac59106960bfbf186-11,2022-10-26T12:46:51.000Z,https://esa-worldcover.s3.eu-central-1.amazonaws.com/v200/2021/map/ESA_WorldCover_10m_2021_v200_S27W060_Map.tif
v200/2021/map/ESA_WorldCover_10m_2021_v200_S27W063_Map.tif,62986892,858a740738e0451c167015cdad8b7a43-8,2022-10-26T12:48:14.000Z,https://esa-worldcover.s3.eu-central-1.amazonaws.com/v200/2021/map/ESA_WorldCover_10m_2021_v200_S27W063_Map.tif
v200/2021/map/ESA_WorldCover_10m_2021_v200_S27W066_Map.tif,93175277,4b0720f62a597d16d8cb687dfd1018c6-12,2022-10-26T12:47:02.000Z,https://esa-worldcover.s3.eu-central-1.amazonaws.com/v200/2021/map/ESA_WorldCover_10m_2021_v200_S27W066_Map.tif
v200/2021/map/ESA_WorldCover_10m_2021_v200_S27W069_Map.tif,32456538,6f922bc9533dfd585b0bd7a8fa0c22b5-4,2022-10-26T12:43:16.000Z,https://esa-worldcover.s3.eu-central-1.amazonaws.com/v200/2021/map/ESA_WorldCover_10m_2021_v200_S27W069_Map.tif
v200/2021/map/ESA_WorldCover_10m_2021_v200_S27W072_Map.tif,12308699,a5f144fbe08efbd2e952290b938246cc-2,2022-10-26T12:37:44.000Z,https://esa-worldcover.s3.eu-central-1.amazonaws.com/v200/2021/map/ESA_WorldCover_10m_2021_v200_S27W072_Map.tif
v200/2021/map/ESA_WorldCover_10m_2021_v200_S27W126_Map.tif,2002752,f18067f90aea13ca7f0e063558f7ce50,2022-10-26T12:34:30.000Z,https://esa-worldcover.s3.eu-central-1.amazonaws.com/v200/2021/map/ESA_WorldCover_10m_2021_v200_S27W126_Map.tif
v200/2021/map/ESA_WorldCover_10m_2021_v200_S27W129_Map.tif,2072680,07606ca91f8780bc541a9f208b06c9d1,2022-10-26T12:34:39.000Z,https://esa-worldcover.s3.eu-central-1.amazonaws.com/v200/2021/map/ESA_WorldCover_10m_2021_v200_S27W129_Map.tif
v200/2021/map/ESA_WorldCover_10m_2021_v200_S27W132_Map.tif,2037246,c2eda02c37ac2accde6f6b33375886be,2022-10-26T12:34:42.000Z,https://esa-worldcover.s3.eu-central-1.amazonaws.com/v200/2021/map/ESA_WorldCover_10m_2021_v200_S27W132_Map.tif
v200/2021/map/ESA_WorldCover_10m_2021_v200_S30E015_Map.tif,53100230,90aaf2b9125f5cc3a294ef7ebdc2efe0-7,2022-10-26T12:37:12.000Z,https://esa-worldcover.s3.eu-central-1.amazonaws.com/v200/2021/map/ESA_WorldCover_10m_2021_v200_S30E015_Map.tif
v200/2021/map/ESA_WorldCover_10m_2021_v200_S30E018_Map.tif,132850337,b3d09d756b32558d821b5baa00eb5bab-16,2022-10-26T12:40:03.000Z,https://esa-worldcover.s3.eu-central-1.amazonaws.com/v200/2021/map/ESA_WorldCover_10m_2021_v200_S30E018_Map.tif
v200/2021/map/ESA_WorldCover_10m_2021_v200_S30E021_Map.tif,108061610,3c2f07dbdf1282690977ce1f205a021f-13,2022-10-26T12:39:19.000Z,https://esa-worldcover.s3.eu-central-1.amazonaws.com/v200/2021/map/ESA_WorldCover_10m_2021_v200_S30E021_Map.tif
v200/2021/map/ESA_WorldCover_10m_2021_v200_S30E024_Map.tif,68199242,5678b15bb63bea71e2736ec1aac80065-9,2022-10-26T12:40:05.000Z,https://esa-worldcover.s3.eu-central-1.amazonaws.com/v200/2021/map/ESA_WorldCover_10m_2021_v200_S30E024_Map.tif
v200/2021/map/ESA_WorldCover_10m_2021_v200_S30E027_Map.tif,79809889,4edd0f6cff3aca1413c579732fe9f9b8-10,2022-10-26T12:41:09.000Z,https://esa-worldcover.s3.eu-central-1.amazonaws.com/v200/2021/map/ESA_WorldCover_10m_2021_v200_S30E027_Map.tif
v200/2021/map/ESA_WorldCover_10m_2021_v200_S30E030_Map.tif,93489936,e87a5d2768ffdd59ef5e3c3ead42c8d1-12,2022-10-26T12:39:20.000Z,https://esa-worldcover.s3.eu-central-1.amazonaws.com/v200/2021/map/ESA_WorldCover_10m_2021_v200_S30E030_Map.tif
v200/2021/map/ESA_WorldCover_10m_2021_v200_S30E111_Map.tif,2663210,4a7ebb8f997b36fa842f03fd5935267b,2022-10-26T12:34:19.000Z,https://esa-worldcover.s3.eu-central-1.amazonaws.com/v200/2021/map/ESA_WorldCover_10m_2021_v200_S30E111_Map.tif
v200/2021/map/ESA_WorldCover_10m_2021_v200_S30E114_Map.tif,90461380,2ef888043ba31c3970d5de80e24325b9-11,2022-10-26T12:39:47.000Z,https://esa-worldcover.s3.eu-central-1.amazonaws.com/v200/2021/map/ESA_WorldCover_10m_2021_v200_S30E114_Map.tif
v200/2021/map/ESA_WorldCover_10m_2021_v200_S30E117_Map.tif,112756961,4fcd57f81d019846634a019e58b31aa3-14,2022-10-26T12:41:35.000Z,https://esa-worldcover.s3.eu-central-1.amazonaws.com/v200/2021/map/ESA_WorldCover_10m_2021_v200_S30E117_Map.tif
v200/2021/map/ESA_WorldCover_10m_2021_v200_S30E120_Map.tif,125244071,e397d98263785b230ed550b734df4c4b-15,2022-10-26T12:42:29.000Z,https://esa-worldcover.s3.eu-central-1.amazonaws.com/v200/2021/map/ESA_WorldCover_10m_2021_v200_S30E120_Map.tif
v200/2021/map/ESA_WorldCover_10m_2021_v200_S30E123_Map.tif,118030070,7b5f61d287a9695691ffa2c4243aa6de-15,2022-10-26T12:42:23.000Z,https://esa-worldcover.s3.eu-central-1.amazonaws.com/v200/2021/map/ESA_WorldCover_10m_2021_v200_S30E123_Map.tif
v200/2021/map/ESA_WorldCover_10m_2021_v200_S30E126_Map.tif,109869758,f5fefb8e7631237b43c8f1c5fd63a45f-14,2022-10-26T12:41:59.000Z,https://esa-worldcover.s3.eu-central-1.amazonaws.com/v200/2021/map/ESA_WorldCover_10m_2021_v200_S30E126_Map.tif
v200/2021/map/ESA_WorldCover_10m_2021_v200_S30E129_Map.tif,88770378,fe0406252a84c2474c8306aef188a53b-11,2022-10-26T12:40:37.000Z,https://esa-worldcover.s3.eu-central-1.amazonaws.com/v200/2021/map/ESA_WorldCover_10m_2021_v200_S30E129_Map.tif
v200/2021/map/ESA_WorldCover_10m_2021_v200_S30E132_Map.tif,103348716,0a584d69c8f667b22b2ea72e7a6a5024-13,2022-10-26T12:42:24.000Z,https://esa-worldcover.s3.eu-central-1.amazonaws.com/v200/2021/map/ESA_WorldCover_10m_2021_v200_S30E132_Map.tif
v200/2021/map/ESA_WorldCover_10m_2021_v200_S30E135_Map.tif,129712888,50f5875bc152b9b63cbf7efc8ea0825d-16,2022-10-26T12:43:33.000Z,https://esa-worldcover.s3.eu-central-1.amazonaws.com/v200/2021/map/ESA_WorldCover_10m_2021_v200_S30E135_Map.tif
v200/2021/map/ESA_WorldCover_10m_2021_v200_S30E138_Map.tif,132483576,3adbebbaecc747805a99257e41f5e8a5-16,2022-10-26T12:43:32.000Z,https://esa-worldcover.s3.eu-central-1.amazonaws.com/v200/2021/map/ESA_WorldCover_10m_2021_v200_S30E138_Map.tif
v200/2021/map/ESA_WorldCover_10m_2021_v200_S30E141_Map.tif,114471291,22b1ed2b7dc99ff9150a10f824b16463-14,2022-10-26T12:43:02.000Z,https://esa-worldcover.s3.eu-central-1.amazonaws.com/v200/2021/map/ESA_WorldCover_10m_2021_v200_S30E141_Map.tif
v200/2021/map/ESA_WorldCover_10m_2021_v200_S30E144_Map.tif,125724520,78002e8909b40db46ca8c13cf05c693e-15,2022-10-26T12:49:26.000Z,https://esa-worldcover.s3.eu-central-1.amazonaws.com/v200/2021/map/ESA_WorldCover_10m_2021_v200_S30E144_Map.tif
v200/2021/map/ESA_WorldCover_10m_2021_v200_S30E147_Map.tif,76031266,59942522e3e809ab99d2ba5ce209a9b1-10,2022-10-26T12:45:52.000Z,https://esa-worldcover.s3.eu-central-1.amazonaws.com/v200/2021/map/ESA_WorldCover_10m_2021_v200_S30E147_Map.tif
v200/2021/map/ESA_WorldCover_10m_2021_v200_S30E150_Map.tif,73847590,37e49b8788821bbab58594b97894da42-9,2022-10-26T12:45:49.000Z,https://esa-worldcover.s3.eu-central-1.amazonaws.com/v200/2021/map/ESA_WorldCover_10m_2021_v200_S30E150_Map.tif
v200/2021/map/ESA_WorldCover_10m_2021_v200_S30E153_Map.tif,15508354,be52e5d8bb1f4e85ac0d2f825e13f4ae-2,2022-10-26T12:35:26.000Z,https://esa-worldcover.s3.eu-central-1.amazonaws.com/v200/2021/map/ESA_WorldCover_10m_2021_v200_S30E153_Map.tif
v200/2021/map/ESA_WorldCover_10m_2021_v200_S30W051_Map.tif,60411852,4eead789945a7225749381794b681c4f-8,2022-10-26T12:37:14.000Z,https://esa-worldcover.s3.eu-central-1.amazonaws.com/v200/2021/map/ESA_WorldCover_10m_2021_v200_S30W051_Map.tif
v200/2021/map/ESA_WorldCover_10m_2021_v200_S30W054_Map.tif,112823893,60909e398d6f3708f1e3e169729315bb-14,2022-10-26T12:39:16.000Z,https://esa-worldcover.s3.eu-central-1.amazonaws.com/v200/2021/map/ESA_WorldCover_10m_2021_v200_S30W054_Map.tif
v200/2021/map/ESA_WorldCover_10m_2021_v200_S30W057_Map.tif,92950434,5ae2f6811826e90672577437813a4f2a-12,2022-10-26T12:38:58.000Z,https://esa-worldcover.s3.eu-central-1.amazonaws.com/v200/2021/map/ESA_WorldCover_10m_2021_v200_S30W057_Map.tif
v200/2021/map/ESA_WorldCover_10m_2021_v200_S30W060_Map.tif,91339062,5f84d553fc6582c7c286af7f1b60b135-11,2022-10-26T12:38:50.000Z,https://esa-worldcover.s3.eu-central-1.amazonaws.com/v200/2021/map/ESA_WorldCover_10m_2021_v200_S30W060_Map.tif
v200/2021/map/ESA_WorldCover_10m_2021_v200_S30W063_Map.tif,80389173,128aaa2b6bdda7869503fe0b74577d30-10,2022-10-26T12:38:29.000Z,https://esa-worldcover.s3.eu-central-1.amazonaws.com/v200/2021/map/ESA_WorldCover_10m_2021_v200_S30W063_Map.tif
v200/2021/map/ESA_WorldCover_10m_2021_v200_S30W066_Map.tif,102941194,115c47ae21a83495edaeb730826fdcf4-13,2022-10-26T12:38:42.000Z,https://esa-worldcover.s3.eu-central-1.amazonaws.com/v200/2021/map/ESA_WorldCover_10m_2021_v200_S30W066_Map.tif
v200/2021/map/ESA_WorldCover_10m_2021_v200_S30W069_Map.tif,96924220,1369f232732c906b0d17e0bbfe588de7-12,2022-10-26T12:39:08.000Z,https://esa-worldcover.s3.eu-central-1.amazonaws.com/v200/2021/map/ESA_WorldCover_10m_2021_v200_S30W069_Map.tif
v200/2021/map/ESA_WorldCover_10m_2021_v200_S30W072_Map.tif,54952735,be70c7ad69695fef26b9626ef62afc52-7,2022-10-26T12:37:04.000Z,https://esa-worldcover.s3.eu-central-1.amazonaws.com/v200/2021/map/ESA_WorldCover_10m_2021_v200_S30W072_Map.tif
v200/2021/map/ESA_WorldCover_10m_2021_v200_S30W111_Map.tif,2127953,ade957775872b9a7838d92c239eefb29,2022-10-26T12:33:03.000Z,https://esa-worldcover.s3.eu-central-1.amazonaws.com/v200/2021/map/ESA_WorldCover_10m_2021_v200_S30W111_Map.tif
v200/2021/map/ESA_WorldCover_10m_2021_v200_S30W144_Map.tif,2007271,fcc8b195ad126b38ea5900d05cd59045,2022-10-26T12:33:15.000Z,https://esa-worldcover.s3.eu-central-1.amazonaws.com/v200/2021/map/ESA_WorldCover_10m_2021_v200_S30W144_Map.tif
v200/2021/map/ESA_WorldCover_10m_2021_v200_S30W147_Map.tif,2064222,4053ff603c4d5d27e5061b03994495fb,2022-10-26T12:33:18.000Z,https://esa-worldcover.s3.eu-central-1.amazonaws.com/v200/2021/map/ESA_WorldCover_10m_2021_v200_S30W147_Map.tif
v200/2021/map/ESA_WorldCover_10m_2021_v200_S33E015_Map.tif,9893709,672b15a890b650208b1b3e526163a361-2,2022-10-26T12:35:48.000Z,https://esa-worldcover.s3.eu-central-1.amazonaws.com/v200/2021/map/ESA_WorldCover_10m_2021_v200_S33E015_Map.tif
v200/2021/map/ESA_WorldCover_10m_2021_v200_S33E018_Map.tif,114605104,976e5c2e556494a1cb57a0bfaffcfb19-14,2022-10-26T12:39:14.000Z,https://esa-worldcover.s3.eu-central-1.amazonaws.com/v200/2021/map/ESA_WorldCover_10m_2021_v200_S33E018_Map.tif
v200/2021/map/ESA_WorldCover_10m_2021_v200_S33E021_Map.tif,138237536,bebfc39a6f375bc87538c6462069b30f-17,2022-10-26T12:40:23.000Z,https://esa-worldcover.s3.eu-central-1.amazonaws.com/v200/2021/map/ESA_WorldCover_10m_2021_v200_S33E021_Map.tif
v200/2021/map/ESA_WorldCover_10m_2021_v200_S33E024_Map.tif,77334757,34b32df3717d7ba34d0ee5347d4e630c-10,2022-10-26T12:38:26.000Z,https://esa-worldcover.s3.eu-central-1.amazonaws.com/v200/2021/map/ESA_WorldCover_10m_2021_v200_S33E024_Map.tif
v200/2021/map/ESA_WorldCover_10m_2021_v200_S33E027_Map.tif,87905848,d51f3f561519d5aeba5c476ec9de10fa-11,2022-10-26T12:38:07.000Z,https://esa-worldcover.s3.eu-central-1.amazonaws.com/v200/2021/map/ESA_WorldCover_10m_2021_v200_S33E027_Map.tif
v200/2021/map/ESA_WorldCover_10m_2021_v200_S33E030_Map.tif,12523349,05205deb020d25b4cf7a8a41f2a05e95-2,2022-10-26T12:35:24.000Z,https://esa-worldcover.s3.eu-central-1.amazonaws.com/v200/2021/map/ESA_WorldCover_10m_2021_v200_S33E030_Map.tif
v200/2021/map/ESA_WorldCover_10m_2021_v200_S33E114_Map.tif,56353443,f83b381b1102331555badf7413c9a8c9-7,2022-10-26T12:36:52.000Z,https://esa-worldcover.s3.eu-central-1.amazonaws.com/v200/2021/map/ESA_WorldCover_10m_2021_v200_S33E114_Map.tif
v200/2021/map/ESA_WorldCover_10m_2021_v200_S33E117_Map.tif,101802838,205b0e5bec75e2aa78352a19bd1b4299-13,2022-10-26T12:38:59.000Z,https://esa-worldcover.s3.eu-central-1.amazonaws.com/v200/2021/map/ESA_WorldCover_10m_2021_v200_S33E117_Map.tif
v200/2021/map/ESA_WorldCover_10m_2021_v200_S33E120_Map.tif,143793232,eec60e9fd6789bedb36cdfc1d715f224-18,2022-10-26T12:40:13.000Z,https://esa-worldcover.s3.eu-central-1.amazonaws.com/v200/2021/map/ESA_WorldCover_10m_2021_v200_S33E120_Map.tif
v200/2021/map/ESA_WorldCover_10m_2021_v200_S33E123_Map.tif,91578389,33bf79b0671d17410b3e1f05c7e6a25e-11,2022-10-26T12:38:46.000Z,https://esa-worldcover.s3.eu-central-1.amazonaws.com/v200/2021/map/ESA_WorldCover_10m_2021_v200_S33E123_Map.tif
v200/2021/map/ESA_WorldCover_10m_2021_v200_S33E126_Map.tif,23975376,758c4350e8c076f253aea15f39c7035c-3,2022-10-26T12:36:48.000Z,https://esa-worldcover.s3.eu-central-1.amazonaws.com/v200/2021/map/ESA_WorldCover_10m_2021_v200_S33E126_Map.tif
v200/2021/map/ESA_WorldCover_10m_2021_v200_S33E129_Map.tif,14341578,8278087058e6f205ff8a1361fdde3bfb-2,2022-10-26T12:36:16.000Z,https://esa-worldcover.s3.eu-central-1.amazonaws.com/v200/2021/map/ESA_WorldCover_10m_2021_v200_S33E129_Map.tif
v200/2021/map/ESA_WorldCover_10m_2021_v200_S33E132_Map.tif,57441926,5d4d58581cecf8db416ac6871aa421cb-7,2022-10-26T12:37:36.000Z,https://esa-worldcover.s3.eu-central-1.amazonaws.com/v200/2021/map/ESA_WorldCover_10m_2021_v200_S33E132_Map.tif
v200/2021/map/ESA_WorldCover_10m_2021_v200_S33E135_Map.tif,98126052,0e17f5b5e443745d70b596ea7f8ba02a-12,2022-10-26T12:39:20.000Z,https://esa-worldcover.s3.eu-central-1.amazonaws.com/v200/2021/map/ESA_WorldCover_10m_2021_v200_S33E135_Map.tif
v200/2021/map/ESA_WorldCover_10m_2021_v200_S33E138_Map.tif,73681577,9f26839fe487e520f09cd798ec8d6d3c-9,2022-10-26T12:38:46.000Z,https://esa-worldcover.s3.eu-central-1.amazonaws.com/v200/2021/map/ESA_WorldCover_10m_2021_v200_S33E138_Map.tif
v200/2021/map/ESA_WorldCover_10m_2021_v200_S33E141_Map.tif,77396527,dd6b7b98e858c4e588e0d71c105c8f6d-10,2022-10-26T12:42:12.000Z,https://esa-worldcover.s3.eu-central-1.amazonaws.com/v200/2021/map/ESA_WorldCover_10m_2021_v200_S33E141_Map.tif
v200/2021/map/ESA_WorldCover_10m_2021_v200_S33E144_Map.tif,91209923,dce08a05770f312a8e456f803a837222-11,2022-10-26T12:39:10.000Z,https://esa-worldcover.s3.eu-central-1.amazonaws.com/v200/2021/map/ESA_WorldCover_10m_2021_v200_S33E144_Map.tif
v200/2021/map/ESA_WorldCover_10m_2021_v200_S33E147_Map.tif,69850096,19ee7039a579762266e69d39803a3657-9,2022-10-26T12:41:33.000Z,https://esa-worldcover.s3.eu-central-1.amazonaws.com/v200/2021/map/ESA_WorldCover_10m_2021_v200_S33E147_Map.tif
v200/2021/map/ESA_WorldCover_10m_2021_v200_S33E150_Map.tif,63698644,516fc72bb4a993b34452fef0457b061a-8,2022-10-26T12:38:02.000Z,https://esa-worldcover.s3.eu-central-1.amazonaws.com/v200/2021/map/ESA_WorldCover_10m_2021_v200_S33E150_Map.tif
v200/2021/map/ESA_WorldCover_10m_2021_v200_S33E153_Map.tif,3062319,d9de8356b9219ddf794334985ab0e5d3,2022-10-26T12:33:33.000Z,https://esa-worldcover.s3.eu-central-1.amazonaws.com/v200/2021/map/ESA_WorldCover_10m_2021_v200_S33E153_Map.tif
v200/2021/map/ESA_WorldCover_10m_2021_v200_S33W051_Map.tif,8233067,e605c64a303c7ebb0916f7ad5bf829a9,2022-10-26T12:35:15.000Z,https://esa-worldcover.s3.eu-central-1.amazonaws.com/v200/2021/map/ESA_WorldCover_10m_2021_v200_S33W051_Map.tif
v200/2021/map/ESA_WorldCover_10m_2021_v200_S33W054_Map.tif,76450095,6cb926fe0a65522ca9c8ed7c59f43c65-10,2022-10-26T12:37:57.000Z,https://esa-worldcover.s3.eu-central-1.amazonaws.com/v200/2021/map/ESA_WorldCover_10m_2021_v200_S33W054_Map.tif
v200/2021/map/ESA_WorldCover_10m_2021_v200_S33W057_Map.tif,55327506,084a2372d7a597c79e871df413700135-7,2022-10-26T12:37:51.000Z,https://esa-worldcover.s3.eu-central-1.amazonaws.com/v200/2021/map/ESA_WorldCover_10m_2021_v200_S33W057_Map.tif
v200/2021/map/ESA_WorldCover_10m_2021_v200_S33W060_Map.tif,87058716,ebaad38ccc4096d9279b190465fdb159-11,2022-10-26T12:42:15.000Z,https://esa-worldcover.s3.eu-central-1.amazonaws.com/v200/2021/map/ESA_WorldCover_10m_2021_v200_S33W060_Map.tif
v200/2021/map/ESA_WorldCover_10m_2021_v200_S33W063_Map.tif,73627116,ce5cf7da6cc8c382d94107b31ec01ec3-9,2022-10-26T12:41:57.000Z,https://esa-worldcover.s3.eu-central-1.amazonaws.com/v200/2021/map/ESA_WorldCover_10m_2021_v200_S33W063_Map.tif
v200/2021/map/ESA_WorldCover_10m_2021_v200_S33W066_Map.tif,73299384,8ed0eed285d8bc2af3e01414e6a8b83d-9,2022-10-26T12:41:07.000Z,https://esa-worldcover.s3.eu-central-1.amazonaws.com/v200/2021/map/ESA_WorldCover_10m_2021_v200_S33W066_Map.tif
v200/2021/map/ESA_WorldCover_10m_2021_v200_S33W069_Map.tif,80401891,e42f29774b2c08c6e81220b44db39372-10,2022-10-26T12:42:15.000Z,https://esa-worldcover.s3.eu-central-1.amazonaws.com/v200/2021/map/ESA_WorldCover_10m_2021_v200_S33W069_Map.tif
v200/2021/map/ESA_WorldCover_10m_2021_v200_S33W072_Map.tif,109501929,2c93dc9e576b1ac641bfaf7ca100713f-14,2022-10-26T12:41:45.000Z,https://esa-worldcover.s3.eu-central-1.amazonaws.com/v200/2021/map/ESA_WorldCover_10m_2021_v200_S33W072_Map.tif
v200/2021/map/ESA_WorldCover_10m_2021_v200_S36E015_Map.tif,2102209,745a43b7bfcb9c2b64f25933ac30eefb,2022-10-26T12:33:45.000Z,https://esa-worldcover.s3.eu-central-1.amazonaws.com/v200/2021/map/ESA_WorldCover_10m_2021_v200_S36E015_Map.tif
v200/2021/map/ESA_WorldCover_10m_2021_v200_S36E018_Map.tif,61058527,9fed9275a0cfc73fb3e32b5b6881373c-8,2022-10-26T12:37:08.000Z,https://esa-worldcover.s3.eu-central-1.amazonaws.com/v200/2021/map/ESA_WorldCover_10m_2021_v200_S36E018_Map.tif
v200/2021/map/ESA_WorldCover_10m_2021_v200_S36E021_Map.tif,54362068,c11ad9fb1df45ad8fc2608bc35f60edd-7,2022-10-26T12:36:51.000Z,https://esa-worldcover.s3.eu-central-1.amazonaws.com/v200/2021/map/ESA_WorldCover_10m_2021_v200_S36E021_Map.tif
v200/2021/map/ESA_WorldCover_10m_2021_v200_S36E024_Map.tif,38076083,9735c0fe95cbf0308548d8cc2a73f788-5,2022-10-26T12:36:26.000Z,https://esa-worldcover.s3.eu-central-1.amazonaws.com/v200/2021/map/ESA_WorldCover_10m_2021_v200_S36E024_Map.tif
v200/2021/map/ESA_WorldCover_10m_2021_v200_S36E027_Map.tif,6123614,cf42ec5e6eaf10481436fbaff8690a67,2022-10-26T12:34:18.000Z,https://esa-worldcover.s3.eu-central-1.amazonaws.com/v200/2021/map/ESA_WorldCover_10m_2021_v200_S36E027_Map.tif
v200/2021/map/ESA_WorldCover_10m_2021_v200_S36E114_Map.tif,23458024,1d0ee13ed05a48058c071b366ea35c75-3,2022-10-26T12:36:26.000Z,https://esa-worldcover.s3.eu-central-1.amazonaws.com/v200/2021/map/ESA_WorldCover_10m_2021_v200_S36E114_Map.tif
v200/2021/map/ESA_WorldCover_10m_2021_v200_S36E117_Map.tif,57601036,2e63957f91ee432c0540941ea47f19b2-7,2022-10-26T12:37:27.000Z,https://esa-worldcover.s3.eu-central-1.amazonaws.com/v200/2021/map/ESA_WorldCover_10m_2021_v200_S36E117_Map.tif
v200/2021/map/ESA_WorldCover_10m_2021_v200_S36E120_Map.tif,36143128,aa5f56666966a12f8cfe4254ba439c63-5,2022-10-26T12:36:24.000Z,https://esa-worldcover.s3.eu-central-1.amazonaws.com/v200/2021/map/ESA_WorldCover_10m_2021_v200_S36E120_Map.tif
v200/2021/map/ESA_WorldCover_10m_2021_v200_S36E123_Map.tif,14407121,19e544547f7b1801cf1b836842f8349e-2,2022-10-26T12:35:44.000Z,https://esa-worldcover.s3.eu-central-1.amazonaws.com/v200/2021/map/ESA_WorldCover_10m_2021_v200_S36E123_Map.tif
v200/2021/map/ESA_WorldCover_10m_2021_v200_S36E132_Map.tif,4977662,386a94435958fb208017f0c76f9a3048,2022-10-26T12:35:01.000Z,https://esa-worldcover.s3.eu-central-1.amazonaws.com/v200/2021/map/ESA_WorldCover_10m_2021_v200_S36E132_Map.tif
v200/2021/map/ESA_WorldCover_10m_2021_v200_S36E135_Map.tif,46737558,ce5096eec34053c2409de564463acf4b-6,2022-10-26T12:39:28.000Z,https://esa-worldcover.s3.eu-central-1.amazonaws.com/v200/2021/map/ESA_WorldCover_10m_2021_v200_S36E135_Map.tif
v200/2021/map/ESA_WorldCover_10m_2021_v200_S36E138_Map.tif,95497762,ee0df65d42c95ddd07b8cc67f73d1fa0-12,2022-10-26T12:41:28.000Z,https://esa-worldcover.s3.eu-central-1.amazonaws.com/v200/2021/map/ESA_WorldCover_10m_2021_v200_S36E138_Map.tif
v200/2021/map/ESA_WorldCover_10m_2021_v200_S36E141_Map.tif,91084825,b2c7e52cfd45324273fc4d888b2fe95f-11,2022-10-26T12:43:32.000Z,https://esa-worldcover.s3.eu-central-1.amazonaws.com/v200/2021/map/ESA_WorldCover_10m_2021_v200_S36E141_Map.tif
v200/2021/map/ESA_WorldCover_10m_2021_v200_S36E144_Map.tif,58409393,bd0d87a1a312ba956707102d2430d69c-7,2022-10-26T12:40:53.000Z,https://esa-worldcover.s3.eu-central-1.amazonaws.com/v200/2021/map/ESA_WorldCover_10m_2021_v200_S36E144_Map.tif
v200/2021/map/ESA_WorldCover_10m_2021_v200_S36E147_Map.tif,74947579,4f47f6aa99a01ca3d1b38dc5067475af-9,2022-10-26T12:42:09.000Z,https://esa-worldcover.s3.eu-central-1.amazonaws.com/v200/2021/map/ESA_WorldCover_10m_2021_v200_S36E147_Map.tif
v200/2021/map/ESA_WorldCover_10m_2021_v200_S36E150_Map.tif,20060792,b80441256064dfdeacf0e397722cd017-3,2022-10-26T12:36:50.000Z,https://esa-worldcover.s3.eu-central-1.amazonaws.com/v200/2021/map/ESA_WorldCover_10m_2021_v200_S36E150_Map.tif
v200/2021/map/ESA_WorldCover_10m_2021_v200_S36E171_Map.tif,8716991,4d79c18e7ab086c5d81ebfe07eb4e98c-2,2022-10-26T12:35:56.000Z,https://esa-worldcover.s3.eu-central-1.amazonaws.com/v200/2021/map/ESA_WorldCover_10m_2021_v200_S36E171_Map.tif
v200/2021/map/ESA_WorldCover_10m_2021_v200_S36E174_Map.tif,5462566,bf0b4927eadb14d70e32b5419d5c5207,2022-10-26T12:35:12.000Z,https://esa-worldcover.s3.eu-central-1.amazonaws.com/v200/2021/map/ESA_WorldCover_10m_2021_v200_S36E174_Map.tif
v200/2021/map/ESA_WorldCover_10m_2021_v200_S36W054_Map.tif,11281592,041b116f2305bc3d23e5e50606e464aa-2,2022-10-26T12:35:20.000Z,https://esa-worldcover.s3.eu-central-1.amazonaws.com/v200/2021/map/ESA_WorldCover_10m_2021_v200_S36W054_Map.tif
v200/2021/map/ESA_WorldCover_10m_2021_v200_S36W057_Map.tif,49238132,69583104af393f2351090c2ebec51f78-6,2022-10-26T12:37:19.000Z,https://esa-worldcover.s3.eu-central-1.amazonaws.com/v200/2021/map/ESA_WorldCover_10m_2021_v200_S36W057_Map.tif
v200/2021/map/ESA_WorldCover_10m_2021_v200_S36W060_Map.tif,84847091,1985188165a610bf968778fe3a2c0ce5-11,2022-10-26T12:42:25.000Z,https://esa-worldcover.s3.eu-central-1.amazonaws.com/v200/2021/map/ESA_WorldCover_10m_2021_v200_S36W060_Map.tif
v200/2021/map/ESA_WorldCover_10m_2021_v200_S36W063_Map.tif,65923452,8ec0f896f00ead5a04a15cea302bce85-8,2022-10-26T12:39:15.000Z,https://esa-worldcover.s3.eu-central-1.amazonaws.com/v200/2021/map/ESA_WorldCover_10m_2021_v200_S36W063_Map.tif
v200/2021/map/ESA_WorldCover_10m_2021_v200_S36W066_Map.tif,63681725,aaea973db7f5b2bcd30664f2dceab113-8,2022-10-26T12:39:20.000Z,https://esa-worldcover.s3.eu-central-1.amazonaws.com/v200/2021/map/ESA_WorldCover_10m_2021_v200_S36W066_Map.tif
v200/2021/map/ESA_WorldCover_10m_2021_v200_S36W069_Map.tif,57699572,109cc745169b8021ba5a1ced6320afe2-7,2022-10-26T12:39:29.000Z,https://esa-worldcover.s3.eu-central-1.amazonaws.com/v200/2021/map/ESA_WorldCover_10m_2021_v200_S36W069_Map.tif
v200/2021/map/ESA_WorldCover_10m_2021_v200_S36W072_Map.tif,128020432,766b94e7ab1893d0b67abd5aef87cf2c-16,2022-10-26T12:44:52.000Z,https://esa-worldcover.s3.eu-central-1.amazonaws.com/v200/2021/map/ESA_WorldCover_10m_2021_v200_S36W072_Map.tif
v200/2021/map/ESA_WorldCover_10m_2021_v200_S36W075_Map.tif,9680806,624a0a3d937b71f863ab67bca0dc57f0-2,2022-10-26T12:35:33.000Z,https://esa-worldcover.s3.eu-central-1.amazonaws.com/v200/2021/map/ESA_WorldCover_10m_2021_v200_S36W075_Map.tif
v200/2021/map/ESA_WorldCover_10m_2021_v200_S36W081_Map.tif,2244344,e1c5324bafcafccb269fc4a20b409110,2022-10-26T12:34:17.000Z,https://esa-worldcover.s3.eu-central-1.amazonaws.com/v200/2021/map/ESA_WorldCover_10m_2021_v200_S36W081_Map.tif
v200/2021/map/ESA_WorldCover_10m_2021_v200_S39E135_Map.tif,2240863,54347a562ee2c7064c1079f4382139b7,2022-10-26T12:34:22.000Z,https://esa-worldcover.s3.eu-central-1.amazonaws.com/v200/2021/map/ESA_WorldCover_10m_2021_v200_S39E135_Map.tif
v200/2021/map/ESA_WorldCover_10m_2021_v200_S39E138_Map.tif,20926297,b927f26114818619133a150021d83c74-3,2022-10-26T12:36:25.000Z,https://esa-worldcover.s3.eu-central-1.amazonaws.com/v200/2021/map/ESA_WorldCover_10m_2021_v200_S39E138_Map.tif
v200/2021/map/ESA_WorldCover_10m_2021_v200_S39E141_Map.tif,65531054,b3582d9ff6f5b1270ec0eceebc58f98d-8,2022-10-26T12:42:41.000Z,https://esa-worldcover.s3.eu-central-1.amazonaws.com/v200/2021/map/ESA_WorldCover_10m_2021_v200_S39E141_Map.tif
v200/2021/map/ESA_WorldCover_10m_2021_v200_S39E144_Map.tif,66491844,b00a39d4f39c489aaa657547fc356741-8,2022-10-26T12:38:57.000Z,https://esa-worldcover.s3.eu-central-1.amazonaws.com/v200/2021/map/ESA_WorldCover_10m_2021_v200_S39E144_Map.tif
v200/2021/map/ESA_WorldCover_10m_2021_v200_S39E147_Map.tif,24334432,4d5f423f1446ad66c0319e8e52ac16a9-3,2022-10-26T12:37:33.000Z,https://esa-worldcover.s3.eu-central-1.amazonaws.com/v200/2021/map/ESA_WorldCover_10m_2021_v200_S39E147_Map.tif
v200/2021/map/ESA_WorldCover_10m_2021_v200_S39E150_Map.tif,2585251,146b6cb46b5a83f1ccb66f2bac776a27,2022-10-26T12:34:11.000Z,https://esa-worldcover.s3.eu-central-1.amazonaws.com/v200/2021/map/ESA_WorldCover_10m_2021_v200_S39E150_Map.tif
v200/2021/map/ESA_WorldCover_10m_2021_v200_S39E171_Map.tif,2317733,149077e684ac3794eb653fa4c0f1d8c1,2022-10-26T12:34:22.000Z,https://esa-worldcover.s3.eu-central-1.amazonaws.com/v200/2021/map/ESA_WorldCover_10m_2021_v200_S39E171_Map.tif
v200/2021/map/ESA_WorldCover_10m_2021_v200_S39E174_Map.tif,38092787,e13c8d5c8078177d094ffe2ad7a050c9-5,2022-10-26T12:37:41.000Z,https://esa-worldcover.s3.eu-central-1.amazonaws.com/v200/2021/map/ESA_WorldCover_10m_2021_v200_S39E174_Map.tif
v200/2021/map/ESA_WorldCover_10m_2021_v200_S39E177_Map.tif,11349999,1cd9449198436023334e3e3f7d75ce99-2,2022-10-26T12:36:04.000Z,https://esa-worldcover.s3.eu-central-1.amazonaws.com/v200/2021/map/ESA_WorldCover_10m_2021_v200_S39E177_Map.tif
v200/2021/map/ESA_WorldCover_10m_2021_v200_S39W015_Map.tif,2210681,e981eee5c43d92935c9358f3ed269a49,2022-10-26T12:34:22.000Z,https://esa-worldcover.s3.eu-central-1.amazonaws.com/v200/2021/map/ESA_WorldCover_10m_2021_v200_S39W015_Map.tif
v200/2021/map/ESA_WorldCover_10m_2021_v200_S39W057_Map.tif,4836851,b47e8935af9b40ec0672128af5b47bb8,2022-10-26T12:34:42.000Z,https://esa-worldcover.s3.eu-central-1.amazonaws.com/v200/2021/map/ESA_WorldCover_10m_2021_v200_S39W057_Map.tif
v200/2021/map/ESA_WorldCover_10m_2021_v200_S39W060_Map.tif,52424241,9d51d7b4d7c525e7733e6093505ca883-7,2022-10-26T12:40:12.000Z,https://esa-worldcover.s3.eu-central-1.amazonaws.com/v200/2021/map/ESA_WorldCover_10m_2021_v200_S39W060_Map.tif
v200/2021/map/ESA_WorldCover_10m_2021_v200_S39W063_Map.tif,67696488,69ecae5ba8c25132a4c4bd411a831bbd-9,2022-10-26T12:43:23.000Z,https://esa-worldcover.s3.eu-central-1.amazonaws.com/v200/2021/map/ESA_WorldCover_10m_2021_v200_S39W063_Map.tif
v200/2021/map/ESA_WorldCover_10m_2021_v200_S39W066_Map.tif,70162525,13f891dd0ca76ec55d6e8ee23aa39023-9,2022-10-26T12:43:13.000Z,https://esa-worldcover.s3.eu-central-1.amazonaws.com/v200/2021/map/ESA_WorldCover_10m_2021_v200_S39W066_Map.tif
v200/2021/map/ESA_WorldCover_10m_2021_v200_S39W069_Map.tif,62174124,2b05eebc86e48e5f5d960dce35abe84f-8,2022-10-26T12:42:37.000Z,https://esa-worldcover.s3.eu-central-1.amazonaws.com/v200/2021/map/ESA_WorldCover_10m_2021_v200_S39W069_Map.tif
v200/2021/map/ESA_WorldCover_10m_2021_v200_S39W072_Map.tif,116644425,027d9c08ef48e7d7879b2a8d00cdbe90-14,2022-10-26T12:44:58.000Z,https://esa-worldcover.s3.eu-central-1.amazonaws.com/v200/2021/map/ESA_WorldCover_10m_2021_v200_S39W072_Map.tif
v200/2021/map/ESA_WorldCover_10m_2021_v200_S39W075_Map.tif,52427481,c5ed807337c7e06fe5d6d5a4004588b0-7,2022-10-26T12:38:42.000Z,https://esa-worldcover.s3.eu-central-1.amazonaws.com/v200/2021/map/ESA_WorldCover_10m_2021_v200_S39W075_Map.tif
v200/2021/map/ESA_WorldCover_10m_2021_v200_S42E141_Map.tif,2585407,8d2380265c6969b0a2c1e53af3808226,2022-10-26T12:34:20.000Z,https://esa-worldcover.s3.eu-central-1.amazonaws.com/v200/2021/map/ESA_WorldCover_10m_2021_v200_S42E141_Map.tif
v200/2021/map/ESA_WorldCover_10m_2021_v200_S42E144_Map.tif,18469610,14a1681ad18d548c4117ff28e4ec80aa-3,2022-10-26T12:37:59.000Z,https://esa-worldcover.s3.eu-central-1.amazonaws.com/v200/2021/map/ESA_WorldCover_10m_2021_v200_S42E144_Map.tif
v200/2021/map/ESA_WorldCover_10m_2021_v200_S42E147_Map.tif,12927386,199939c4ebce618b22a5125a3169ecfb-2,2022-10-26T12:36:32.000Z,https://esa-worldcover.s3.eu-central-1.amazonaws.com/v200/2021/map/ESA_WorldCover_10m_2021_v200_S42E147_Map.tif
v200/2021/map/ESA_WorldCover_10m_2021_v200_S42E171_Map.tif,18491486,cff9bfc8303aea953d342ad1568a173d-3,2022-10-26T12:36:53.000Z,https://esa-worldcover.s3.eu-central-1.amazonaws.com/v200/2021/map/ESA_WorldCover_10m_2021_v200_S42E171_Map.tif
v200/2021/map/ESA_WorldCover_10m_2021_v200_S42E174_Map.tif,37735184,31381247278a0431e58328b5e31e4ef6-5,2022-10-26T12:39:30.000Z,https://esa-worldcover.s3.eu-central-1.amazonaws.com/v200/2021/map/ESA_WorldCover_10m_2021_v200_S42E174_Map.tif
v200/2021/map/ESA_WorldCover_10m_2021_v200_S42E177_Map.tif,3008825,c1c432705162d6369de9050ddc21e713,2022-10-26T12:34:59.000Z,https://esa-worldcover.s3.eu-central-1.amazonaws.com/v200/2021/map/ESA_WorldCover_10m_2021_v200_S42E177_Map.tif
v200/2021/map/ESA_WorldCover_10m_2021_v200_S42W012_Map.tif,2099432,396223fc0dcbd2c39726cac9d2ecabcc,2022-10-26T12:34:14.000Z,https://esa-worldcover.s3.eu-central-1.amazonaws.com/v200/2021/map/ESA_WorldCover_10m_2021_v200_S42W012_Map.tif
v200/2021/map/ESA_WorldCover_10m_2021_v200_S42W063_Map.tif,19878945,08ca463d81532ccc2e80b9175c1ce71c-3,2022-10-26T12:36:49.000Z,https://esa-worldcover.s3.eu-central-1.amazonaws.com/v200/2021/map/ESA_WorldCover_10m_2021_v200_S42W063_Map.tif
v200/2021/map/ESA_WorldCover_10m_2021_v200_S42W066_Map.tif,43129153,b3242c5ec45938479a260e449a48f1c2-6,2022-10-26T12:39:56.000Z,https://esa-worldcover.s3.eu-central-1.amazonaws.com/v200/2021/map/ESA_WorldCover_10m_2021_v200_S42W066_Map.tif
v200/2021/map/ESA_WorldCover_10m_2021_v200_S42W069_Map.tif,73033694,301155d8aea8d8d914fd65fb8a917148-9,2022-10-26T12:42:48.000Z,https://esa-worldcover.s3.eu-central-1.amazonaws.com/v200/2021/map/ESA_WorldCover_10m_2021_v200_S42W069_Map.tif
v200/2021/map/ESA_WorldCover_10m_2021_v200_S42W072_Map.tif,113520184,be67faf24c3dbeaf189ae2a87bca50ea-14,2022-10-26T12:43:31.000Z,https://esa-worldcover.s3.eu-central-1.amazonaws.com/v200/2021/map/ESA_WorldCover_10m_2021_v200_S42W072_Map.tif
v200/2021/map/ESA_WorldCover_10m_2021_v200_S42W075_Map.tif,40530003,f531a2b94911faf2a7fddfe2b8a2bbf6-5,2022-10-26T12:38:21.000Z,https://esa-worldcover.s3.eu-central-1.amazonaws.com/v200/2021/map/ESA_WorldCover_10m_2021_v200_S42W075_Map.tif
v200/2021/map/ESA_WorldCover_10m_2021_v200_S45E144_Map.tif,17056982,cae2350ecdf16e1034435af1ef43b13d-3,2022-10-26T12:35:18.000Z,https://esa-worldcover.s3.eu-central-1.amazonaws.com/v200/2021/map/ESA_WorldCover_10m_2021_v200_S45E144_Map.tif
v200/2021/map/ESA_WorldCover_10m_2021_v200_S45E147_Map.tif,9868892,0a3eee8f4ec6bcdd3360bb8ba8394cbe-2,2022-10-26T12:35:45.000Z,https://esa-worldcover.s3.eu-central-1.amazonaws.com/v200/2021/map/ESA_WorldCover_10m_2021_v200_S45E147_Map.tif
v200/2021/map/ESA_WorldCover_10m_2021_v200_S45E165_Map.tif,3942930,1b06257861830d7e8716fdb01964cf48,2022-10-26T12:34:46.000Z,https://esa-worldcover.s3.eu-central-1.amazonaws.com/v200/2021/map/ESA_WorldCover_10m_2021_v200_S45E165_Map.tif
v200/2021/map/ESA_WorldCover_10m_2021_v200_S45E168_Map.tif,39085211,11605d1700bdb4b882a85104aff7e891-5,2022-10-26T12:37:45.000Z,https://esa-worldcover.s3.eu-central-1.amazonaws.com/v200/2021/map/ESA_WorldCover_10m_2021_v200_S45E168_Map.tif
v200/2021/map/ESA_WorldCover_10m_2021_v200_S45E171_Map.tif,48420032,f477985129fb1c122791a07d9856c5a8-6,2022-10-26T12:39:02.000Z,https://esa-worldcover.s3.eu-central-1.amazonaws.com/v200/2021/map/ESA_WorldCover_10m_2021_v200_S45E171_Map.tif
v200/2021/map/ESA_WorldCover_10m_2021_v200_S45E174_Map.tif,1956852,bbf7d57672ba113ab14c1e1814d21a4e,2022-10-26T12:34:11.000Z,https://esa-worldcover.s3.eu-central-1.amazonaws.com/v200/2021/map/ESA_WorldCover_10m_2021_v200_S45E174_Map.tif
v200/2021/map/ESA_WorldCover_10m_2021_v200_S45W066_Map.tif,30754795,59b78e3711ca5cae5985c0fc9c16e3bf-4,2022-10-26T12:36:51.000Z,https://esa-worldcover.s3.eu-central-1.amazonaws.com/v200/2021/map/ESA_WorldCover_10m_2021_v200_S45W066_Map.tif
v200/2021/map/ESA_WorldCover_10m_2021_v200_S45W069_Map.tif,111529228,6150e61d9914c9f18332cac7998420f9-14,2022-10-26T12:38:30.000Z,https://esa-worldcover.s3.eu-central-1.amazonaws.com/v200/2021/map/ESA_WorldCover_10m_2021_v200_S45W069_Map.tif
v200/2021/map/ESA_WorldCover_10m_2021_v200_S45W072_Map.tif,115234010,a057bafb680f571174cc7b759d0aea8f-14,2022-10-26T12:39:46.000Z,https://esa-worldcover.s3.eu-central-1.amazonaws.com/v200/2021/map/ESA_WorldCover_10m_2021_v200_S45W072_Map.tif
v200/2021/map/ESA_WorldCover_10m_2021_v200_S45W075_Map.tif,32499566,f5392c6b3b5428da9e40f6252fb567b9-4,2022-10-26T12:37:09.000Z,https://esa-worldcover.s3.eu-central-1.amazonaws.com/v200/2021/map/ESA_WorldCover_10m_2021_v200_S45W075_Map.tif
v200/2021/map/ESA_WorldCover_10m_2021_v200_S45W078_Map.tif,2116191,4d820c69a4e88f61165fc2f23f54ebd7,2022-10-26T12:32:57.000Z,https://esa-worldcover.s3.eu-central-1.amazonaws.com/v200/2021/map/ESA_WorldCover_10m_2021_v200_S45W078_Map.tif
v200/2021/map/ESA_WorldCover_10m_2021_v200_S45W177_Map.tif,2870412,d28526364fc8c5205fcd9f0889034321,2022-10-26T12:33:50.000Z,https://esa-worldcover.s3.eu-central-1.amazonaws.com/v200/2021/map/ESA_WorldCover_10m_2021_v200_S45W177_Map.tif
v200/2021/map/ESA_WorldCover_10m_2021_v200_S45W180_Map.tif,1974638,4a617f590e59eb7b1e86d0f69828388c,2022-10-26T12:33:12.000Z,https://esa-worldcover.s3.eu-central-1.amazonaws.com/v200/2021/map/ESA_WorldCover_10m_2021_v200_S45W180_Map.tif
v200/2021/map/ESA_WorldCover_10m_2021_v200_S48E036_Map.tif,2512033,c6bff34a41878d084d996df902b72447,2022-10-26T12:33:23.000Z,https://esa-worldcover.s3.eu-central-1.amazonaws.com/v200/2021/map/ESA_WorldCover_10m_2021_v200_S48E036_Map.tif
v200/2021/map/ESA_WorldCover_10m_2021_v200_S48E048_Map.tif,2153464,39171ec72a6b6539d9905573c5a69e18,2022-10-26T12:33:06.000Z,https://esa-worldcover.s3.eu-central-1.amazonaws.com/v200/2021/map/ESA_WorldCover_10m_2021_v200_S48E048_Map.tif
v200/2021/map/ESA_WorldCover_10m_2021_v200_S48E051_Map.tif,2428857,7fcb665d35ab073a0db9698f55be827e,2022-10-26T12:33:21.000Z,https://esa-worldcover.s3.eu-central-1.amazonaws.com/v200/2021/map/ESA_WorldCover_10m_2021_v200_S48E051_Map.tif
v200/2021/map/ESA_WorldCover_10m_2021_v200_S48E165_Map.tif,13008940,2cbbc122450e4ec6d396ca1297809062-2,2022-10-26T12:35:26.000Z,https://esa-worldcover.s3.eu-central-1.amazonaws.com/v200/2021/map/ESA_WorldCover_10m_2021_v200_S48E165_Map.tif
v200/2021/map/ESA_WorldCover_10m_2021_v200_S48E168_Map.tif,29329101,5a378efd1c660b3458d976f2e352c95c-4,2022-10-26T12:36:22.000Z,https://esa-worldcover.s3.eu-central-1.amazonaws.com/v200/2021/map/ESA_WorldCover_10m_2021_v200_S48E168_Map.tif
v200/2021/map/ESA_WorldCover_10m_2021_v200_S48E171_Map.tif,2049652,307d9950257547881685eaaf267a3484,2022-10-26T12:33:09.000Z,https://esa-worldcover.s3.eu-central-1.amazonaws.com/v200/2021/map/ESA_WorldCover_10m_2021_v200_S48E171_Map.tif
v200/2021/map/ESA_WorldCover_10m_2021_v200_S48W066_Map.tif,3401394,eaded0e2bd05ebd5f208c12052d9b923,2022-10-26T12:34:14.000Z,https://esa-worldcover.s3.eu-central-1.amazonaws.com/v200/2021/map/ESA_WorldCover_10m_2021_v200_S48W066_Map.tif
v200/2021/map/ESA_WorldCover_10m_2021_v200_S48W069_Map.tif,75553145,36cb472f077f5f634f23536ba8a2de04-10,2022-10-26T12:37:33.000Z,https://esa-worldcover.s3.eu-central-1.amazonaws.com/v200/2021/map/ESA_WorldCover_10m_2021_v200_S48W069_Map.tif
v200/2021/map/ESA_WorldCover_10m_2021_v200_S48W072_Map.tif,118163088,94e905796ced314404b7306c1f4bce7f-15,2022-10-26T12:39:10.000Z,https://esa-worldcover.s3.eu-central-1.amazonaws.com/v200/2021/map/ESA_WorldCover_10m_2021_v200_S48W072_Map.tif
v200/2021/map/ESA_WorldCover_10m_2021_v200_S48W075_Map.tif,68149071,8911d77439a32b3b429f2cbb1e6d0a64-9,2022-10-26T12:37:23.000Z,https://esa-worldcover.s3.eu-central-1.amazonaws.com/v200/2021/map/ESA_WorldCover_10m_2021_v200_S48W075_Map.tif
v200/2021/map/ESA_WorldCover_10m_2021_v200_S48W078_Map.tif,4729558,f69ed51cdb205149ab5f33a6dc22e67c,2022-10-26T12:34:08.000Z,https://esa-worldcover.s3.eu-central-1.amazonaws.com/v200/2021/map/ESA_WorldCover_10m_2021_v200_S48W078_Map.tif
v200/2021/map/ESA_WorldCover_10m_2021_v200_S51E066_Map.tif,4826171,953fba023e03f3ac39c3828077626150,2022-10-26T12:33:54.000Z,https://esa-worldcover.s3.eu-central-1.amazonaws.com/v200/2021/map/ESA_WorldCover_10m_2021_v200_S51E066_Map.tif
v200/2021/map/ESA_WorldCover_10m_2021_v200_S51E069_Map.tif,9745087,8c452310b2292c541af3094496e5ebd4-2,2022-10-26T12:34:31.000Z,https://esa-worldcover.s3.eu-central-1.amazonaws.com/v200/2021/map/ESA_WorldCover_10m_2021_v200_S51E069_Map.tif
v200/2021/map/ESA_WorldCover_10m_2021_v200_S51E165_Map.tif,3107365,51c0e1044bd0c071c321ee10b2fd683c,2022-10-26T12:33:26.000Z,https://esa-worldcover.s3.eu-central-1.amazonaws.com/v200/2021/map/ESA_WorldCover_10m_2021_v200_S51E165_Map.tif
v200/2021/map/ESA_WorldCover_10m_2021_v200_S51W063_Map.tif,1972326,5cdfcb40cb112baba3e85628f838af5d,2022-10-26T12:33:00.000Z,https://esa-worldcover.s3.eu-central-1.amazonaws.com/v200/2021/map/ESA_WorldCover_10m_2021_v200_S51W063_Map.tif
v200/2021/map/ESA_WorldCover_10m_2021_v200_S51W066_Map.tif,2022528,091f93432a3c2646a8dc252b47345fa9,2022-10-26T12:25:36.000Z,https://esa-worldcover.s3.eu-central-1.amazonaws.com/v200/2021/map/ESA_WorldCover_10m_2021_v200_S51W066_Map.tif
v200/2021/map/ESA_WorldCover_10m_2021_v200_S51W069_Map.tif,43296763,9b206c2650005f0f3abc140f826335d8-6,2022-10-26T12:36:43.000Z,https://esa-worldcover.s3.eu-central-1.amazonaws.com/v200/2021/map/ESA_WorldCover_10m_2021_v200_S51W069_Map.tif
v200/2021/map/ESA_WorldCover_10m_2021_v200_S51W072_Map.tif,115591977,c099c99c0f376431ef7e182fe228cc5c-14,2022-10-26T12:40:12.000Z,https://esa-worldcover.s3.eu-central-1.amazonaws.com/v200/2021/map/ESA_WorldCover_10m_2021_v200_S51W072_Map.tif
v200/2021/map/ESA_WorldCover_10m_2021_v200_S51W075_Map.tif,78514805,5670bd117eb4591d3ed12fa40b143c29-10,2022-10-26T12:38:43.000Z,https://esa-worldcover.s3.eu-central-1.amazonaws.com/v200/2021/map/ESA_WorldCover_10m_2021_v200_S51W075_Map.tif
v200/2021/map/ESA_WorldCover_10m_2021_v200_S51W078_Map.tif,16264683,68332022ee7e9f180b7a13108666e78c-2,2022-10-26T12:35:33.000Z,https://esa-worldcover.s3.eu-central-1.amazonaws.com/v200/2021/map/ESA_WorldCover_10m_2021_v200_S51W078_Map.tif
v200/2021/map/ESA_WorldCover_10m_2021_v200_S54E072_Map.tif,2411669,153bfd3fa69ba0ab43ec8b7b14275943,2022-10-26T12:34:25.000Z,https://esa-worldcover.s3.eu-central-1.amazonaws.com/v200/2021/map/ESA_WorldCover_10m_2021_v200_S54E072_Map.tif
v200/2021/map/ESA_WorldCover_10m_2021_v200_S54E165_Map.tif,1962557,aa38e0c608404ecf0b5f91b54badda2a,2022-10-26T12:33:47.000Z,https://esa-worldcover.s3.eu-central-1.amazonaws.com/v200/2021/map/ESA_WorldCover_10m_2021_v200_S54E165_Map.tif
v200/2021/map/ESA_WorldCover_10m_2021_v200_S54E168_Map.tif,2283954,de8ff46d571e4960aeeba1aa4fda5625,2022-10-26T12:34:16.000Z,https://esa-worldcover.s3.eu-central-1.amazonaws.com/v200/2021/map/ESA_WorldCover_10m_2021_v200_S54E168_Map.tif
v200/2021/map/ESA_WorldCover_10m_2021_v200_S54W039_Map.tif,1996603,f74ec5726b168c3c10bfde9020006a15,2022-10-26T12:34:14.000Z,https://esa-worldcover.s3.eu-central-1.amazonaws.com/v200/2021/map/ESA_WorldCover_10m_2021_v200_S54W039_Map.tif
v200/2021/map/ESA_WorldCover_10m_2021_v200_S54W060_Map.tif,4231139,4aeed89d26772105692fd9fb427f851f,2022-10-26T12:35:57.000Z,https://esa-worldcover.s3.eu-central-1.amazonaws.com/v200/2021/map/ESA_WorldCover_10m_2021_v200_S54W060_Map.tif
v200/2021/map/ESA_WorldCover_10m_2021_v200_S54W063_Map.tif,3318321,b675f11179071dc923639f1007d179ee,2022-10-26T12:35:00.000Z,https://esa-worldcover.s3.eu-central-1.amazonaws.com/v200/2021/map/ESA_WorldCover_10m_2021_v200_S54W063_Map.tif
v200/2021/map/ESA_WorldCover_10m_2021_v200_S54W069_Map.tif,5525943,4d7cdd37241a614cb18c845c14fe9ffa,2022-10-26T12:35:57.000Z,https://esa-worldcover.s3.eu-central-1.amazonaws.com/v200/2021/map/ESA_WorldCover_10m_2021_v200_S54W069_Map.tif
v200/2021/map/ESA_WorldCover_10m_2021_v200_S54W072_Map.tif,26489816,133b8e75328ef98993dd0dbc7bf9bb40-4,2022-10-26T12:38:09.000Z,https://esa-worldcover.s3.eu-central-1.amazonaws.com/v200/2021/map/ESA_WorldCover_10m_2021_v200_S54W072_Map.tif
v200/2021/map/ESA_WorldCover_10m_2021_v200_S54W075_Map.tif,65201831,1651babe818dce2858a1199b513fae2e-8,2022-10-26T12:38:16.000Z,https://esa-worldcover.s3.eu-central-1.amazonaws.com/v200/2021/map/ESA_WorldCover_10m_2021_v200_S54W075_Map.tif
v200/2021/map/ESA_WorldCover_10m_2021_v200_S54W078_Map.tif,3590998,ff7ff51fdf8c61466dade95b7090effe,2022-10-26T12:34:34.000Z,https://esa-worldcover.s3.eu-central-1.amazonaws.com/v200/2021/map/ESA_WorldCover_10m_2021_v200_S54W078_Map.tif
v200/2021/map/ESA_WorldCover_10m_2021_v200_S57E156_Map.tif,2344750,e39252be63e3458630c480b40e5fcce5,2022-10-26T12:34:21.000Z,https://esa-worldcover.s3.eu-central-1.amazonaws.com/v200/2021/map/ESA_WorldCover_10m_2021_v200_S57E156_Map.tif
v200/2021/map/ESA_WorldCover_10m_2021_v200_S57E159_Map.tif,2104581,9ac3c6d6db06acf0b539dd9f3ab87ab1,2022-10-26T12:34:13.000Z,https://esa-worldcover.s3.eu-central-1.amazonaws.com/v200/2021/map/ESA_WorldCover_10m_2021_v200_S57E159_Map.tif
v200/2021/map/ESA_WorldCover_10m_2021_v200_S57W027_Map.tif,1957930,95240afd1546cf476e6d96a45a3612d4,2022-10-26T12:34:11.000Z,https://esa-worldcover.s3.eu-central-1.amazonaws.com/v200/2021/map/ESA_WorldCover_10m_2021_v200_S57W027_Map.tif
v200/2021/map/ESA_WorldCover_10m_2021_v200_S57W030_Map.tif,2177322,f696dab6c319fc932cb4b5eef5dcfb79,2022-10-26T12:34:27.000Z,https://esa-worldcover.s3.eu-central-1.amazonaws.com/v200/2021/map/ESA_WorldCover_10m_2021_v200_S57W030_Map.tif
v200/2021/map/ESA_WorldCover_10m_2021_v200_S57W036_Map.tif,2472437,380fd211da819c3374cfd7c5f0e3d521,2022-10-26T12:33:35.000Z,https://esa-worldcover.s3.eu-central-1.amazonaws.com/v200/2021/map/ESA_WorldCover_10m_2021_v200_S57W036_Map.tif
v200/2021/map/ESA_WorldCover_10m_2021_v200_S57W039_Map.tif,5127010,f6e4d71f9c726199c172cf4d29facbb2,2022-10-26T12:34:23.000Z,https://esa-worldcover.s3.eu-central-1.amazonaws.com/v200/2021/map/ESA_WorldCover_10m_2021_v200_S57W039_Map.tif
v200/2021/map/ESA_WorldCover_10m_2021_v200_S57W066_Map.tif,5924096,90172eb28d905616e786cfa2ab6bbfe8,2022-10-26T12:34:02.000Z,https://esa-worldcover.s3.eu-central-1.amazonaws.com/v200/2021/map/ESA_WorldCover_10m_2021_v200_S57W066_Map.tif
v200/2021/map/ESA_WorldCover_10m_2021_v200_S57W069_Map.tif,28995472,aed4931c431b4d080d930f4f93cfc4f4-4,2022-10-26T12:36:44.000Z,https://esa-worldcover.s3.eu-central-1.amazonaws.com/v200/2021/map/ESA_WorldCover_10m_2021_v200_S57W069_Map.tif
v200/2021/map/ESA_WorldCover_10m_2021_v200_S57W072_Map.tif,30985726,2396263ccbbbe34c974676b35a612299-4,2022-10-26T12:36:13.000Z,https://esa-worldcover.s3.eu-central-1.amazonaws.com/v200/2021/map/ESA_WorldCover_10m_2021_v200_S57W072_Map.tif
v200/2021/map/ESA_WorldCover_10m_2021_v200_S57W075_Map.tif,5511131,70ac417f320e969198c1b0b3231022cd,2022-10-26T12:34:08.000Z,https://esa-worldcover.s3.eu-central-1.amazonaws.com/v200/2021/map/ESA_WorldCover_10m_2021_v200_S57W075_Map.tif
v200/2021/map/ESA_WorldCover_10m_2021_v200_S60W027_Map.tif,2479305,35bb860c2fb9848f2f92f21e815a0a55,2022-10-26T12:34:16.000Z,https://esa-worldcover.s3.eu-central-1.amazonaws.com/v200/2021/map/ESA_WorldCover_10m_2021_v200_S60W027_Map.tif
v200/2021/map/ESA_WorldCover_10m_2021_v200_S60W030_Map.tif,2096001,cdad9be3f691a75b3c911809384d3ee4,2022-10-26T12:33:42.000Z,https://esa-worldcover.s3.eu-central-1.amazonaws.com/v200/2021/map/ESA_WorldCover_10m_2021_v200_S60W030_Map.tif
