inat_taxon_id,species,after_observer_cap,allocation_group
47129,Ribes californicum,167,new_primary
47146,Adenostoma fasciculatum,183,new_primary
47192,Cornus canadensis,177,new_replication
47325,Collinsia heterophylla,166,historical_p500
47356,Allium falcifolium,178,new_primary
47359,Apocynum androsaemifolium,193,new_primary
47360,Lewisia rediviva,171,new_replication
47406,Spartium junceum,190,new_replication
47435,Lotus corniculatus,196,new_primary
47443,Albizia julibrissin,196,new_primary
47447,Leucaena leucocephala,188,historical_discovery_reserve
47543,Rubus spectabilis,169,new_replication
47563,Nerium oleander,190,new_replication
47588,Cypripedium acaule,192,new_primary
47597,Chlorogalum pomeridianum,180,new_primary
47602,Taraxacum officinale,178,historical_third
47687,Erodium cicutarium,197,historical_discovery_reserve
47691,Sherardia arvensis,167,new_primary
47697,Hesperis matronalis,182,new_primary
47699,Geranium maculatum,199,new_replication
47700,Geranium erianthum,115,new_replication
47726,Acer negundo,191,new_replication
47757,Oxalis oregana,187,historical_p500
47779,Iris pseudacorus,196,new_primary
47785,Yucca brevifolia,149,historical_discovery_reserve
47788,Yucca baccata,167,new_primary
47850,Quercus agrifolia,182,new_primary
47888,Impatiens capensis,198,new_replication
47891,Impatiens pallida,191,new_primary
47892,Impatiens glandulifera,171,historical_third
47894,Opuntia humifusa,153,historical_discovery_reserve
47898,Opuntia stricta,175,new_primary
47905,Asclepias ovalifolia,124,historical_discovery_reserve
47908,Asclepias angustifolia,127,historical_discovery_reserve
47910,Asclepias amplexicaulis,187,new_primary
47911,Asclepias syriaca,181,historical_third
47912,Asclepias tuberosa,198,new_primary
48030,Platanthera psycodes,174,new_replication
48038,Lobelia cardinalis,197,historical_discovery_reserve
48062,Lysimachia terrestris,171,new_primary
48070,Sagittaria latifolia,152,historical_discovery_reserve
48095,Acer pensylvanicum,185,new_primary
48098,Acer rubrum,186,new_replication
48152,Cynoglossum officinale,196,historical_discovery_reserve
48163,Couroupita guianensis,179,historical_third
48178,Galinsoga parviflora,166,historical_discovery_reserve
48206,Convallaria majalis,200,new_replication
48225,Eschscholzia californica,180,new_primary
48227,Acer macrophyllum,178,new_primary
48229,Ranunculus repens,191,historical_third
48240,Erythronium americanum,198,historical_third
48244,Aquilegia formosa,194,new_primary
48258,Acer circinatum,158,new_primary
48349,Vaccinium ovatum,192,historical_discovery_reserve
48354,Vaccinium parvifolium,120,historical_discovery_reserve
48363,Tecoma stans,175,historical_discovery_reserve
48364,Stenaria nigricans,145,new_primary
48380,Antigonon leptopus,169,historical_third
48441,Gaultheria shallon,195,new_replication
48491,Aconitum delphiniifolium,129,historical_discovery_reserve
48502,Cercis canadensis,196,new_replication
48523,Symphoricarpos albus,193,new_primary
48537,Lysichiton americanus,191,historical_discovery_reserve
48538,Cytisus scoparius,176,new_primary
48543,Mycelis muralis,190,new_replication
48588,Campanula trachelium,191,new_primary
48595,Lithospermum canescens,178,historical_discovery_reserve
48599,Phytolacca americana,183,new_primary
48618,Echinocystis lobata,188,historical_p500
48622,Nepeta cataria,184,historical_p500
48625,Oenothera speciosa,166,historical_discovery_reserve
48627,Echinacea purpurea,189,historical_discovery_reserve
48629,Prunus americana,186,new_primary
48651,Cosmos sulphureus,186,historical_discovery_reserve
48682,Spiraea tomentosa,186,historical_third
48685,Typha latifolia,191,new_primary
48691,Liatris pycnostachya,180,historical_third
48726,Iris versicolor,144,new_primary
48795,Sidalcea malviflora,189,historical_third
48807,Umbellularia californica,173,historical_third
48895,Heliotropium angiospermum,153,historical_p500
48927,Lilium kelleyanum,183,new_primary
48938,Eriogonum ovalifolium,161,new_primary
48952,Dicentra canadensis,185,historical_discovery_reserve
48961,Symplocarpus foetidus,169,historical_third
48969,Antirrhinum majus,181,new_primary
48982,Dactylorhiza incarnata,171,historical_p500
48984,Centaurea montana,198,historical_third
48990,Scoliopus bigelovii,166,new_primary
49037,Hymenoxys hoopesii,142,new_primary
49130,Myosotis scorpioides,178,historical_p500
49132,Myosotis latifolia,172,historical_discovery_reserve
49192,Castanea mollissima,185,historical_third
49193,Callicarpa americana,187,new_primary
49226,Amelanchier arborea,200,historical_discovery_reserve
49288,Podophyllum peltatum,199,new_replication
49319,Mesembryanthemum crystallinum,177,new_replication
49322,Carpobrotus edulis,186,historical_discovery_reserve
49325,Fouquieria splendens,183,historical_third
49328,Atrichoseris platyphylla,140,new_primary
49339,Encelia farinosa,181,new_primary
49341,Castilleja attenuata,160,new_primary
49342,Castilleja coccinea,185,historical_third
49343,Castilleja exserta,172,historical_discovery_reserve
49345,Phacelia crenulata,171,new_primary
49354,Cylindropuntia acanthocarpa,134,new_primary
49357,Cylindropuntia echinocarpa,151,historical_discovery_reserve
49365,Carex pendula,129,historical_discovery_reserve
49397,Kalmia latifolia,197,new_primary
49444,Corallorhiza mertensiana,192,new_primary
49463,Trillium ovatum,194,historical_discovery_reserve
49472,Sarcodes sanguinea,193,new_primary
49475,Corallorhiza maculata,197,historical_p500
49477,Monotropa uniflora,195,new_primary
49486,Rhododendron catawbiense,184,historical_discovery_reserve
49524,Lilium lancifolium,179,new_replication
49564,Lupinus texensis,195,historical_third
49565,Lupinus subcarnosus,162,new_primary
49569,Tillandsia usneoides,160,historical_discovery_reserve
49645,Pedicularis densiflora,176,new_replication
49647,Leucocrinum montanum,172,new_replication
49649,Toxicoscordion fremontii,172,historical_third
49651,Cardamine californica,183,new_replication
49673,Ceanothus cuneatus,179,new_primary
49822,Rhododendron periclymenoides,187,historical_discovery_reserve
49868,Aquilegia canadensis,197,historical_p500
49870,Actaea rubra,194,new_primary
49916,Sisyrinchium angustifolium,194,new_replication
49918,Sisyrinchium bellum,161,historical_third
50042,Castilleja affinis,170,historical_p500
50150,Justicia californica,173,new_primary
50153,Sphaeralcea ambigua,190,historical_discovery_reserve
50155,Mohavea confertiflora,179,new_primary
50164,Abronia villosa,174,new_replication
50171,Phacelia campanularia,194,new_primary
50177,Astragalus coccineus,150,historical_discovery_reserve
50191,Cordyline australis,149,new_primary
50198,Chaenactis fremontii,163,new_replication
50202,Bidens bipinnata,193,historical_discovery_reserve
50203,Bidens pilosa,173,new_primary
50247,Maianthemum bifolium,186,new_primary
50298,Fragaria vesca,196,historical_p500
50310,Arisaema triphyllum,195,new_primary
50312,Dirca palustris,178,new_primary
50320,Lathyrus vestitus,167,new_primary
50333,Lantana camara,125,new_primary
50338,Ludwigia peruviana,158,historical_discovery_reserve
50612,Lupinus nanus,163,historical_discovery_reserve
50614,Lupinus bicolor,188,historical_third
50616,Mirabilis jalapa,184,new_primary
50617,Phacelia ramosissima,188,new_replication
50618,Fritillaria affinis,191,historical_third
50625,Ptelea trifoliata,198,historical_third
50628,Erysimum capitatum,187,historical_third
50632,Delphinium variegatum,168,new_primary
50639,Solanum umbelliferum,156,new_primary
50642,Delphinium nudicaule,178,historical_discovery_reserve
50643,Salvia mellifera,180,historical_p500
50648,Nemophila menziesii,179,new_replication
50706,Cephalanthera austiniae,183,historical_discovery_reserve
50708,Corallorhiza striata,173,new_primary
50709,Corallorhiza trifida,144,new_primary
50712,Cypripedium montanum,135,new_replication
50713,Cypripedium parviflorum,182,new_primary
50715,Epipactis gigantea,180,new_primary
50717,Epipactis helleborine,190,new_primary
50719,Goodyera oblongifolia,182,new_primary
50743,Spiranthes romanzoffiana,180,historical_third
50790,Linaria vulgaris,175,historical_third
50798,Wyethia amplexicaulis,154,new_replication
50803,Lithophragma affine,149,historical_p500
50806,Uropappus lindleyi,176,historical_p500
50812,Scrophularia californica,158,historical_discovery_reserve
50823,Trillium chloropetalum,184,new_primary
50824,Ribes speciosum,166,historical_discovery_reserve
50825,Viola pedunculata,166,historical_discovery_reserve
50831,Primula farinosa,193,new_primary
50832,Gilia tricolor,163,historical_discovery_reserve
50840,Calochortus tolmiei,183,historical_third
50843,Sparaxis tricolor,195,historical_discovery_reserve
50851,Cerastium arvense,185,new_primary
50854,Iris douglasiana,165,new_primary
50855,Trillium erectum,180,historical_discovery_reserve
50856,Scorpiurus muricatus,101,historical_p500
50857,Phacelia cicutaria,175,historical_p500
50858,Phacelia congesta,135,historical_p500
50876,Layia platyglossa,189,historical_p500
50878,Erigeron glaucus,175,historical_discovery_reserve
50897,Asimina triloba,197,new_replication
50987,Lasthenia californica,110,new_primary
51044,Sanguinaria canadensis,198,historical_discovery_reserve
51046,Arbutus menziesii,193,new_replication
51048,Dicentra formosa,172,new_primary
51053,Dicentra cucullaria,200,new_replication
51054,Calochortus umbellatus,173,new_primary
51055,Calochortus eurycarpus,168,historical_discovery_reserve
51062,Maianthemum racemosum,193,new_primary
51071,Prosartes hookeri,183,historical_third
51077,Calochortus luteus,166,new_primary
51078,Calochortus superbus,177,new_primary
51080,Toxicodendron diversilobum,173,new_primary
51082,Quincula lobata,166,historical_discovery_reserve
51085,Triteleia laxa,185,historical_discovery_reserve
51087,Clarkia purpurea,183,new_primary
51098,Gilia achilleifolia,131,new_replication
51119,Nymphaea odorata,185,historical_discovery_reserve
51138,Orontium aquaticum,156,historical_discovery_reserve
51147,Crataegus monogyna,198,new_replication
51227,Pedicularis canadensis,200,new_primary
51234,Justicia americana,191,historical_p500
51272,Asclepias californica,178,historical_discovery_reserve
51274,Heuchera micrantha,180,historical_discovery_reserve
51286,Bellardia trixago,196,new_replication
51288,Platystemon californicus,180,new_primary
51306,Linum usitatissimum,144,historical_discovery_reserve
51315,Calochortus albus,186,new_primary
51432,Galearis spectabilis,190,new_primary
51434,Cypripedium reginae,185,historical_p500
51435,Trillium undulatum,186,new_primary
51446,Passiflora edulis,169,new_primary
51448,Passiflora foetida,184,new_replication
51449,Passiflora mixta,136,historical_discovery_reserve
51450,Passiflora lutea,170,new_replication
51453,Passiflora incarnata,186,new_primary
51454,Passiflora caerulea,154,new_replication
51594,Pittosporum undulatum,188,new_primary
51606,Galanthus nivalis,176,new_primary
51608,Arum cylindraceum,142,new_replication
51610,Veronica chamaedrys,192,new_replication
51643,Tiarella trifoliata,183,new_primary
51645,Rubus parvifolius,114,historical_third
51646,Rubus parviflorus,179,historical_discovery_reserve
51647,Clintonia andrewsiana,198,historical_third
51655,Tellima grandiflora,154,new_primary
51691,Lupinus albifrons,169,new_primary
51704,Polemonium caeruleum,150,historical_p500
51712,Bidens frondosa,168,new_replication
51714,Bidens aristosa,138,historical_discovery_reserve
51726,Myosotis arvensis,180,new_replication
51735,Clarkia unguiculata,177,historical_p500
51736,Impatiens parviflora,162,historical_p500
51737,Solanum lycopersicum,188,historical_discovery_reserve
51741,Aegopodium podagraria,188,historical_discovery_reserve
51751,Ulex europaeus,182,new_primary
51752,Brodiaea elegans,173,new_primary
51754,Phormium tenax,115,new_primary
51768,Gaillardia pulchella,189,new_primary
51807,Aquilegia vulgaris,200,historical_third
51808,Lysimachia punctata,198,new_primary
51809,Lysimachia nummularia,193,new_primary
51810,Laburnum anagyroides,191,new_primary
51813,Oenothera elata,192,new_primary
51843,Circaea lutetiana,169,new_replication
51850,Collinsia tinctoria,133,historical_discovery_reserve
51858,Delphinium californicum,153,historical_third
51861,Penstemon heterophyllus,180,new_primary
51873,Lonicera caprifolium,130,new_primary
51875,Trifolium pratense,188,new_primary
51884,Urtica dioica,163,historical_p500
51889,Dudleya farinosa,109,new_primary
51893,Antennaria dioica,177,historical_discovery_reserve
51921,Mimosa pudica,160,historical_third
51970,Hamamelis virginiana,164,historical_discovery_reserve
51988,Physalis peruviana,160,historical_discovery_reserve
52078,Richardia grandiflora,179,historical_discovery_reserve
52083,Toxicodendron pubescens,158,historical_discovery_reserve
52106,Streptanthus tortuosus,150,new_replication
52108,Baccharis sarothroides,168,new_primary
52118,Pterospora andromedea,189,new_primary
52119,Populus deltoides,109,new_replication
52131,Phyllodoce breweri,112,historical_p500
52136,Ipomopsis aggregata,189,historical_third
52146,Penstemon newberryi,173,new_replication
52148,Linanthus pungens,157,new_replication
52153,Triteleia ixioides,193,new_primary
52162,Cakile edentula,188,new_primary
52173,Ranunculus californicus,155,new_primary
52181,Monardella villosa,160,new_replication
52287,Borago officinalis,163,new_primary
52344,Ipomoea purpurea,175,historical_p500
52347,Senna septemtrionalis,103,new_primary
52351,Gomphocarpus fruticosus,138,new_primary
52355,Pavonia hastata,126,historical_discovery_reserve
52360,Lilium formosanum,165,new_primary
52397,Trimezia martinicensis,150,historical_third
52405,Linaria maroccana,135,new_replication
52471,Vicia cracca,170,historical_third
52495,Hedychium gardnerianum,178,historical_third
52500,Platanthera clavellata,144,new_primary
52542,Calochortus leichtlinii,194,historical_discovery_reserve
52565,Althaea officinalis,176,historical_discovery_reserve
52586,Silybum marianum,195,new_replication
52588,Centaurea solstitialis,184,historical_discovery_reserve
52599,Pontederia cordata,167,new_primary
52618,Abronia latifolia,185,new_primary
52621,Cirsium occidentale,200,historical_discovery_reserve
52625,Stachys chamissonis,185,new_primary
52651,Sarracenia purpurea,165,historical_p500
52658,Drosera rotundifolia,179,historical_third
52687,Ribes menziesii,169,new_replication
52696,Avena barbata,168,new_primary
52703,Bromus hordeaceus,135,historical_discovery_reserve
52720,Dactylis glomerata,187,new_primary
52735,Monarda didyma,187,new_replication
52740,Vaccinium corymbosum,169,new_replication
52763,Cephalanthus occidentalis,177,historical_p500
52764,Prunella vulgaris,183,new_primary
52793,Holcus lanatus,167,new_primary
52796,Hordeum murinum,104,historical_discovery_reserve
52801,Lolium perenne,130,new_primary
52808,Poa annua,127,new_primary
52821,Achillea millefolium,191,historical_discovery_reserve
52833,Anaphalis margaritacea,188,new_primary
52841,Anthemis cotula,142,historical_third
52846,Anthriscus caucalis,187,new_primary
52848,Aralia californica,124,historical_third
52851,Arnica discoidea,179,new_primary
52854,Artemisia douglasiana,137,new_replication
52856,Artemisia vulgaris,175,historical_discovery_reserve
52858,Asarum caudatum,180,new_primary
52867,Clethra alnifolia,195,new_primary
52899,Solanum carolinense,200,new_primary
52913,Cichorium intybus,192,historical_third
52927,Commelina communis,199,historical_discovery_reserve
52930,Commelina cyanea,176,new_primary
52934,Eupatorium serotinum,190,new_primary
52971,Epilobium brachycarpum,128,historical_third
52973,Cerastium glomeratum,169,new_primary
52974,Eurybia radulina,151,new_primary
52976,Barbarea orthoceras,162,historical_discovery_reserve
52989,Cirsium vulgare,190,historical_third
52990,Carduus pycnocephalus,189,new_primary
52992,Matricaria discoidea,158,new_primary
52994,Claytonia perfoliata,187,historical_third
52996,Collomia heterophylla,162,new_primary
52998,Conium maculatum,186,historical_third
53007,Carduus tenuiflorus,163,historical_third
53021,Convolvulus arvensis,196,new_primary
53025,Cotula australis,149,new_replication
53034,Ambrosia trifida,197,historical_p500
53039,Pogonia ophioglossoides,162,new_primary
53041,Kalmia angustifolia,178,historical_discovery_reserve
53046,Eriogonum nudum,163,new_primary
53050,Epilobium ciliatum,183,new_primary
53051,Epilobium canum,183,new_primary
53052,Foeniculum vulgare,168,historical_p500
53059,Galium aparine,192,new_replication
53065,Galium triflorum,185,historical_discovery_reserve
53075,Geranium dissectum,189,new_replication
53076,Geranium molle,182,historical_discovery_reserve
53077,Pseudognaphalium californicum,158,historical_discovery_reserve
53083,Pseudognaphalium luteoalbum,169,new_primary
53088,Pseudognaphalium ramosissimum,162,historical_discovery_reserve
53089,Pseudognaphalium stramineum,122,new_primary
53092,Helenium puberulum,167,historical_discovery_reserve
53094,Heracleum maximum,165,new_replication
53096,Antennaria rosea,175,new_primary
53097,Hirschfeldia incana,177,new_replication
53103,Hypochaeris glabra,176,historical_p500
53104,Hypochaeris radicata,153,new_primary
53107,Lactuca serriola,196,new_primary
53110,Lactuca canadensis,107,historical_third
53124,Lithophragma heterophyllum,139,historical_third
53134,Acmispon glaber,186,new_replication
53137,Anisocarpus madioides,163,new_replication
53143,Madia sativa,161,new_primary
53151,Medicago polymorpha,180,historical_third
53157,Navarretia squarrosa,168,historical_p500
53158,Nemophila heterophylla,140,historical_p500
53166,Osmorhiza berteroi,144,historical_discovery_reserve
53168,Oxalis corniculata,176,historical_third
53169,Oxalis pes-caprae,168,historical_third
53170,Phacelia californica,185,new_primary
53171,Phacelia imbricata,142,historical_discovery_reserve
53177,Plantago erecta,161,new_primary
53178,Plantago lanceolata,156,historical_third
53183,Oxalis stricta,190,new_replication
53193,Rafinesquia californica,112,historical_discovery_reserve
53195,Rumex acetosella,185,new_replication
53197,Rumex crispus,197,new_replication
53200,Salvia columbariae,190,historical_third
53201,Sanicula crassicaulis,173,new_replication
53203,Clinopodium douglasii,134,historical_p500
53208,Delairea odorata,186,historical_discovery_reserve
53210,Senecio sylvaticus,100,new_primary
53211,Senecio vulgaris,157,historical_p500
53212,Silene gallica,180,historical_discovery_reserve
53219,Salvia hispanica,161,historical_discovery_reserve
53266,Sisymbrium officinale,179,new_primary
53268,Maianthemum stellatum,169,historical_third
53269,Sonchus asper,150,new_replication
53271,Brassica rapa,187,new_primary
53294,Sonchus oleraceus,184,new_primary
53298,Stellaria media,193,historical_p500
53299,Thalictrum fendleri,157,historical_discovery_reserve
53304,Torilis nodosa,139,new_replication
53306,Stachys rigida,139,historical_third
53307,Cerastium fontanum,174,historical_discovery_reserve
53313,Trifolium dubium,177,new_primary
53315,Urtica urens,135,new_primary
53316,Verbena lasiostachys,188,historical_third
53320,Vicia americana,167,new_primary
53324,Vicia sativa,178,historical_discovery_reserve
53326,Vinca major,200,new_primary
53328,Viola adunca,183,historical_discovery_reserve
53333,Vicia benghalensis,156,historical_third
53343,Acacia dealbata,173,historical_third
53344,Acacia melanoxylon,187,new_primary
53348,Aesculus californica,191,historical_p500
53353,Arctostaphylos glandulosa,146,new_primary
53357,Artemisia californica,122,historical_discovery_reserve
53359,Baccharis pilularis,180,new_primary
53374,Corylus cornuta,156,historical_discovery_reserve
53387,Cornus sericea,197,new_primary
53395,Eriophyllum confertiflorum,188,historical_discovery_reserve
53399,Garrya elliptica,124,historical_p500
53403,Genista monspessulana,195,new_replication
53405,Heteromeles arbutifolia,166,historical_third
53414,Holodiscus discolor,197,new_replication
53416,Lonicera hispidula,183,historical_third
53419,Oemleria cerasiformis,183,new_replication
53423,Frangula californica,145,new_primary
53435,Ribes sanguineum,169,new_primary
53437,Rosa californica,194,new_primary
53441,Rosa gymnocarpa,187,new_primary
53445,Rubus ursinus,191,historical_third
53478,Commelina erecta,198,new_replication
53582,Liriodendron tulipifera,161,new_replication
53587,Ambrosia artemisiifolia,190,new_replication
53720,Melia azedarach,147,new_primary
53779,Humulus lupulus,174,historical_discovery_reserve
53785,Fumaria officinalis,189,historical_discovery_reserve
53793,Mitella diphylla,185,historical_third
53794,Clintonia borealis,190,new_primary
53801,Abronia umbellata,190,new_primary
53856,Ilex aquifolium,192,historical_third
53901,Trifolium fucatum,184,new_primary
53902,Calochortus venustus,179,new_primary
53923,Mentzelia lindleyi,165,new_primary
53925,Galax urceolata,172,new_primary
53983,Digitalis purpurea,200,new_primary
54050,Crepis capillaris,176,new_primary
54055,Achillea ptarmica,179,historical_third
54141,Tragopogon porrifolius,195,historical_discovery_reserve
54143,Tragopogon dubius,164,new_primary
54329,Tropaeolum majus,192,new_replication
54333,Veronica beccabunga,190,new_primary
54404,Papaver rhoeas,170,historical_p500
54431,Ribes rubrum,103,new_primary
54436,Rubus idaeus,185,historical_discovery_reserve
54449,Carnegiea gigantea,118,new_replication
54453,Ferocactus cylindraceus,123,historical_discovery_reserve
54491,Corylus avellana,193,new_replication
54520,Tanacetum parthenium,197,historical_discovery_reserve
54522,Pisum sativum,162,new_primary
54531,Cardamine pratensis,169,historical_third
54605,Marrubium vulgare,188,historical_discovery_reserve
54638,Cypripedium calceolus,135,historical_discovery_reserve
54639,Platanthera chlorantha,180,historical_discovery_reserve
54654,Chionanthus virginicus,192,new_primary
54663,Hemitomes congestum,108,new_primary
54699,Leptospermum scoparium,157,new_replication
54712,Fuchsia boliviana,112,new_primary
54759,Laurus nobilis,133,new_primary
54763,Acer platanoides,193,new_replication
54764,Rhus glabra,199,new_replication
54770,Corylus americana,150,historical_discovery_reserve
54773,Viburnum lentago,188,new_primary
54775,Cornus alternifolia,200,new_primary
54776,Cornus drummondii,195,new_primary
54777,Cornus florida,198,historical_discovery_reserve
54778,Cornus foemina,140,new_primary
54793,Lindera benzoin,193,historical_discovery_reserve
54795,Sassafras albidum,195,new_primary
54811,Rhamnus cathartica,189,new_primary
54814,Amelanchier laevis,136,new_primary
54832,Prunus nigra,169,new_primary
54833,Prunus pensylvanica,189,historical_third
54834,Prunus serotina,194,historical_p500
54835,Prunus virginiana,194,new_primary
54836,Zanthoxylum americanum,126,historical_discovery_reserve
54840,Populus tremuloides,180,new_primary
54843,Salix bebbiana,167,historical_discovery_reserve
54844,Salix discolor,174,historical_third
54847,Salix nigra,174,new_primary
54854,Tilia americana,114,new_replication
54875,Trichostema lanceolatum,192,historical_discovery_reserve
54890,Epidendrum radicans,144,historical_third
54897,Eriogonum heracleoides,180,new_primary
54921,Packera glabella,150,new_primary
54924,Medeola virginiana,176,historical_third
54942,Ribes malvaceum,164,historical_third
54999,Eriogonum fasciculatum,187,new_primary
55009,Rhus integrifolia,174,new_primary
55021,Arabidopsis thaliana,183,historical_discovery_reserve
55022,Jasione montana,187,historical_third
55133,Arctostaphylos glauca,180,new_primary
55135,Arctostaphylos viscida,189,new_replication
55188,Aristolochia erecta,164,new_replication
55189,Aristolochia littoralis,167,new_replication
55190,Aristolochia californica,165,new_primary
55342,Viola sempervirens,184,new_primary
55345,Acacia baileyana,154,new_primary
55367,Fragaria chiloensis,179,new_primary
55399,Crambe maritima,122,new_replication
55402,Trillium grandiflorum,199,historical_p500
55411,Raphanus raphanistrum,172,historical_discovery_reserve
55436,Amsinckia menziesii,185,historical_third
55437,Pholistoma auritum,177,historical_third
55441,Onobrychis viciifolia,188,historical_p500
55443,Trifolium lupinaster,101,historical_discovery_reserve
55459,Lamium amplexicaule,188,new_primary
55466,Sanicula arctopoides,171,new_primary
55505,Allium triquetrum,159,new_primary
55508,Castilleja densiflora,152,new_primary
55544,Ribes aureum,193,new_replication
55563,Bellis perennis,188,new_primary
55607,Senecio inaequidens,189,new_primary
55620,Solanum dulcamara,186,historical_discovery_reserve
55629,Erythronium albidum,195,historical_discovery_reserve
55631,Trifolium nigrescens,128,new_replication
55666,Veronica persica,182,historical_third
55667,Sagina procumbens,147,historical_discovery_reserve
55679,Linum bienne,188,new_replication
55697,Trillium albidum,178,new_primary
55713,Centaurea jacea,156,new_replication
55717,Teucrium chamaedrys,173,new_primary
55721,Silene vulgaris,171,new_primary
55722,Geranium pratense,189,new_primary
55724,Symphytum officinale,153,historical_discovery_reserve
55727,Cymbalaria muralis,182,historical_discovery_reserve
55729,Lathyrus tuberosus,191,new_replication
55730,Spergularia rubra,194,historical_p500
55732,Potentilla norvegica,172,historical_third
55733,Chaerophyllum temulum,166,new_primary
55734,Sedum acre,150,historical_discovery_reserve
55736,Sanguisorba minor,192,historical_third
55739,Viola tricolor,196,historical_discovery_reserve
55745,Trifolium repens,181,historical_discovery_reserve
55748,Veronica arvensis,146,new_primary
55749,Veronica serpyllifolia,175,new_replication
55750,Geum rivale,189,new_primary
55752,Valerianella locusta,191,new_primary
55756,Geranium phaeum,192,new_primary
55757,Chelidonium majus,187,new_replication
55759,Silene dioica,176,historical_discovery_reserve
55760,Viola arvensis,185,new_primary
55763,Petasites albus,194,new_primary
55766,Euphorbia cyparissias,149,historical_discovery_reserve
55767,Claytonia sibirica,145,new_primary
55769,Crocus vernus,181,new_primary
55775,Erica cinerea,170,new_primary
55777,Erica vagans,178,new_primary
55780,Petasites frigidus,196,historical_third
55790,Adoxa moschatellina,187,historical_discovery_reserve
55795,Luzula campestris,161,historical_discovery_reserve
55798,Tulipa sylvestris,186,historical_discovery_reserve
55809,Leucojum aestivum,197,historical_discovery_reserve
55811,Prunus spinosa,194,new_primary
55814,Corydalis solida,188,historical_discovery_reserve
55819,Primula veris,190,historical_p500
55821,Rumex acetosa,170,new_primary
55823,Draba verna,182,new_primary
55825,Veronica filiformis,177,new_primary
55826,Myosotis sylvatica,188,new_primary
55827,Helleborus foetidus,182,new_replication
55828,Lamium maculatum,197,historical_third
55829,Cardamine hirsuta,179,historical_discovery_reserve
55830,Glechoma hederacea,188,new_replication
55837,Prunus cerasifera,191,new_primary
55840,Primula elatior,189,historical_discovery_reserve
55841,Helleborus niger,177,new_primary
55844,Vinca minor,194,new_primary
55845,Viola odorata,176,new_primary
55846,Salix caprea,168,new_primary
55847,Euonymus europaeus,195,new_primary
55848,Narcissus pseudonarcissus,187,historical_p500
55850,Petasites hybridus,196,historical_discovery_reserve
55851,Lamium purpureum,190,new_replication
55852,Brunnera macrophylla,117,new_primary
55854,Datura stramonium,161,historical_discovery_reserve
55858,Cornus mas,193,historical_discovery_reserve
55859,Cyclamen coum,152,new_primary
55875,Crocus tommasinianus,180,historical_third
55876,Lamium album,184,historical_third
55882,Hedera helix,187,new_replication
55884,Rosa canina,198,new_replication
55885,Lonicera periclymenum,193,historical_discovery_reserve
55886,Lunaria annua,200,historical_discovery_reserve
55891,Geum urbanum,192,historical_discovery_reserve
55893,Agrimonia eupatoria,192,new_primary
55894,Agrimonia pilosa,104,historical_discovery_reserve
55895,Agrimonia parviflora,109,new_primary
55909,Hieracium umbellatum,140,historical_third
55918,Papaver dubium,170,historical_discovery_reserve
55925,Geranium robertianum,196,new_primary
55935,Bryonia cretica,173,new_primary
55967,Galeopsis bifida,156,historical_discovery_reserve
55969,Viburnum opulus,195,new_primary
55971,Tanacetum vulgare,169,historical_discovery_reserve
55972,Frangula alnus,199,new_primary
55976,Eupatorium cannabinum,185,new_replication
55977,Malva moschata,194,historical_discovery_reserve
55979,Galeopsis tetrahit,168,new_primary
55981,Lapsana communis,153,new_replication
55992,Clarkia pulchella,100,new_primary
56002,Dipsacus fullonum,190,new_primary
56006,Zantedeschia aethiopica,156,historical_third
56015,Tamarix ramosissima,162,new_primary
56024,Arctotheca calendula,181,new_primary
56026,Carpobrotus chilensis,188,new_primary
56027,Narcissus tazetta,192,new_primary
56028,Chasmanthe floribunda,108,historical_discovery_reserve
56035,Kniphofia uvaria,189,historical_third
56057,Leucanthemum vulgare,189,historical_discovery_reserve
56061,Alliaria petiolata,200,historical_discovery_reserve
56063,Sorbus aucuparia,194,historical_p500
56064,Ranunculus acris,143,new_replication
56065,Galium odoratum,199,new_primary
56077,Hypericum perforatum,192,new_primary
56088,Robinia pseudoacacia,197,new_primary
56099,Ajuga reptans,184,new_primary
56121,Capsella bursa-pastoris,166,new_primary
56126,Barbarea vulgaris,148,new_primary
56129,Veronica hederifolia,178,new_primary
56132,Hyacinthoides non-scripta,149,historical_discovery_reserve
56134,Muscari botryoides,182,historical_discovery_reserve
56136,Primula vulgaris,170,historical_discovery_reserve
56137,Ornithogalum umbellatum,200,historical_discovery_reserve
56152,Allium ursinum,186,new_primary
56153,Juncus effusus,159,historical_discovery_reserve
56154,Saponaria officinalis,198,historical_third
56158,Ballota nigra,177,new_primary
56160,Valeriana officinalis,187,new_primary
56162,Malva sylvestris,190,new_primary
56163,Verbena officinalis,166,new_primary
56164,Verbascum nigrum,189,new_primary
56166,Persicaria maculosa,183,historical_p500
56170,Galinsoga quadriradiata,185,new_primary
56171,Leonurus cardiaca,182,new_primary
56174,Echium vulgare,198,historical_discovery_reserve
56186,Monolopia gracilens,119,new_primary
56188,Vicia hirsuta,182,historical_discovery_reserve
56193,Acer campestre,119,new_primary
56222,Tussilago farfara,189,new_primary
56224,Caltha palustris,189,historical_third
56229,Arnica montana,181,new_primary
56232,Rhododendron canescens,168,new_primary
56233,Epipactis palustris,168,new_replication
56236,Centaurium erythraea,192,new_primary
56292,Euphorbia helioscopia,172,new_primary
56299,Carlina acaulis,195,historical_discovery_reserve
56300,Campanula barbata,176,new_primary
56303,Carlina acanthifolia,175,historical_p500
56306,Erica carnea,176,historical_third
56312,Vaccinium vitis-idaea,192,new_primary
56325,Asarum canadense,145,historical_p500
56350,Gentiana calycosa,183,historical_third
56352,Frasera speciosa,193,historical_third
56354,Swertia perennis,183,historical_p500
56593,Dichelostemma congestum,182,new_replication
56617,Ceanothus thyrsiflorus,170,historical_p500
56627,Muilla maritima,173,new_primary
56631,Phacelia distans,187,historical_p500
56726,Daucus pusillus,134,new_primary
56739,Ricinus communis,177,new_primary
56752,Penstemon centranthifolius,176,new_primary
56753,Phacelia parryi,130,new_replication
56759,Lupinus succulentus,174,new_primary
56760,Castilleja foliolosa,159,historical_discovery_reserve
56761,Lasthenia gracilis,139,new_primary
56787,Fritillaria recurva,171,new_primary
56790,Fritillaria lusitanica,126,new_primary
56792,Calochortus barbatus,164,new_primary
56793,Fritillaria biflora,178,new_primary
56796,Quercus durata,101,historical_discovery_reserve
56825,Lomatium dasycarpum,136,new_replication
56826,Lomatium macrocarpum,163,historical_discovery_reserve
56838,Perideridia kelloggii,100,historical_discovery_reserve
56840,Sanicula bipinnatifida,156,new_replication
56841,Sanicula laciniata,104,new_primary
56842,Sanicula tuberosa,138,new_primary
56843,Scandix pecten-veneris,177,new_primary
56846,Torilis arvensis,180,historical_third
56851,Asclepias fascicularis,177,historical_third
56854,Adenocaulon bicolor,172,new_primary
56861,Symphyotrichum chilense,154,new_primary
56863,Calycadenia multiglandulosa,148,historical_discovery_reserve
56865,Centaurea calcitrapa,160,historical_third
56868,Crepis vesicaria,134,historical_discovery_reserve
56871,Eranthis hyemalis,194,historical_third
56891,Aloysia gratissima,182,new_primary
56934,Scilla bifolia,189,historical_discovery_reserve
56953,Grindelia camporum,174,new_replication
56960,Hemizonia congesta,167,historical_third
56974,Madia elegans,168,historical_third
56987,Wyethia angustifolia,181,historical_discovery_reserve
56988,Wyethia glabra,154,historical_third
56989,Cryptantha flaccida,115,new_primary
56990,Plagiobothrys nothofulvus,154,new_replication
56992,Lobularia maritima,155,historical_third
56996,Sisymbrium altissimum,175,historical_third
57005,Spergula arvensis,181,new_primary
57012,Calystegia subacaulis,117,new_primary
57036,Euphorbia peplus,125,new_primary
57037,Acacia verticillata,159,new_replication
57048,Acmispon parviflorus,151,new_replication
57049,Acmispon americanus,168,historical_third
57050,Acmispon wrangelianus,127,new_primary
57054,Lupinus formosus,154,historical_discovery_reserve
57056,Medicago lupulina,182,historical_discovery_reserve
57057,Medicago sativa,192,new_primary
57065,Melilotus indicus,191,historical_p500
57066,Melilotus officinalis,193,historical_p500
57069,Lupinus microcarpus,180,historical_discovery_reserve
57071,Pickeringia montana,191,new_replication
57074,Trifolium barbigerum,124,new_replication
57076,Trifolium campestre,195,historical_discovery_reserve
57078,Trifolium hirtum,188,historical_third
57079,Trifolium microdon,132,historical_discovery_reserve
57080,Trifolium variegatum,178,new_primary
57081,Trifolium willdenovii,191,new_primary
57087,Cicendia quadrangularis,136,historical_discovery_reserve
57090,Erodium botrys,191,new_primary
57092,Erodium moschatum,174,new_primary
57095,Eriodictyon californicum,185,new_primary
57114,Lepechinia calycina,173,new_replication
57116,Mentha pulegium,174,new_replication
57121,Salvia azurea,183,new_primary
57122,Scutellaria tuberosa,132,new_replication
57124,Allium dichlamydeum,108,new_primary
57126,Brodiaea coronaria,168,historical_discovery_reserve
57128,Brodiaea terrestris,162,new_primary
57129,Lilium pardalinum,193,new_replication
57131,Lilium canadense,176,new_replication
57132,Triteleia hyacinthina,194,new_primary
57137,Malacothamnus fasciculatus,165,new_replication
57139,Sidalcea diploscypha,141,new_primary
57148,Clarkia rubicunda,159,new_primary
57149,Epilobium densiflorum,168,new_primary
57157,Briza maxima,158,new_primary
57162,Briza minor,104,historical_p500
57183,Koeleria macrantha,112,historical_discovery_reserve
57190,Phleum pratense,183,historical_third
57197,Polypogon monspeliensis,117,historical_p500
57209,Navarretia heterodoxa,116,historical_discovery_reserve
57211,Eriogonum latifolium,168,historical_discovery_reserve
57237,Delphinium patens,160,new_primary
57240,Ranunculus muricatus,175,historical_p500
57249,Physocarpus capitatus,187,new_primary
57250,Prunus ilicifolia,184,historical_discovery_reserve
57267,Castilleja latifolia,190,historical_third
57270,Collinsia multicolor,130,new_primary
57276,Triphysaria pusilla,152,new_primary
57277,Veronica americana,187,new_primary
57278,Ailanthus altissima,180,new_primary
57281,Parietaria judaica,143,historical_discovery_reserve
57283,Centranthus ruber,146,new_primary
57287,Plectritis macrocera,169,historical_third
57291,Silene virginica,199,new_primary
57308,Vicia lutea,123,new_primary
57309,Vicia faba,125,new_primary
57310,Vicia tetrasperma,184,historical_discovery_reserve
57311,Lathyrus aphaca,130,historical_discovery_reserve
57312,Vicia ludoviciana,143,historical_discovery_reserve
57317,Vicia villosa,195,historical_third
57348,Eucrypta chrysanthemifolia,148,new_primary
57353,Nemophila parviflora,133,new_primary
57356,Amorpha fruticosa,191,historical_discovery_reserve
57360,Rhododendron macrophyllum,179,historical_p500
57393,Pulsatilla pratensis,130,historical_discovery_reserve
57402,Erysimum franciscanum,149,historical_third
57413,Narcissus bulbocodium,141,historical_third
57418,Polygonatum multiflorum,186,new_primary
57421,Linum viscosum,123,historical_p500
57426,Adonis aestivalis,115,new_replication
57427,Legousia speculum-veneris,111,historical_discovery_reserve
57439,Teucrium scorodonia,166,new_primary
57457,Stachys palustris,157,historical_discovery_reserve
57460,Geum triflorum,187,new_replication
57468,Ophrys insectifera,153,new_primary
57470,Cephalanthera longifolia,185,new_primary
57481,Calystegia sepium,192,new_primary
57494,Melampyrum cristatum,173,new_primary
57500,Melampyrum nemorosum,166,new_primary
57504,Ononis natrix,144,historical_discovery_reserve
57506,Prosartes smithii,181,new_replication
57510,Leucojum vernum,162,historical_third
57514,Galanthus elwesii,185,new_replication
57524,Crocidium multicaule,162,historical_third
57563,Cynara cardunculus,174,historical_p500
57629,Platanthera bifolia,175,historical_third
57630,Dactylorhiza fuchsii,182,new_primary
57634,Viola kitaibeliana,111,new_replication
57635,Hyacinthoides hispanica,180,new_primary
57643,Geranium purpureum,187,historical_p500
57644,Geranium palustre,180,historical_p500
57646,Iris pumila,119,historical_third
57662,Euphorbia amygdaloides,171,new_primary
57723,Echium candicans,188,new_replication
57727,Iris tenax,169,new_replication
57730,Iris missouriensis,177,historical_p500
57786,Plectritis congesta,188,new_primary
57793,Gilia capitata,186,new_replication
57805,Oxalis articulata,196,new_primary
57824,Sambucus racemosa,186,historical_third
57847,Muscari armeniacum,175,historical_discovery_reserve
57850,Nuphar lutea,168,historical_discovery_reserve
57852,Fumaria capreolata,194,historical_discovery_reserve
57853,Caulanthus inflatus,105,historical_p500
57858,Veronica anagallis-aquatica,197,historical_discovery_reserve
57859,Utricularia intermedia,137,new_primary
57872,Opuntia basilaris,185,new_primary
57874,Marina parryi,108,historical_discovery_reserve
57877,Hesperocallis undulata,173,new_primary
57881,Eschscholzia minutiflora,170,historical_discovery_reserve
57896,Salsola tragus,177,new_primary
57907,Asclepias erosa,147,new_primary
57909,Ambrosia acanthicarpa,101,new_primary
57910,Anisocoma acaulis,185,new_primary
57913,Baccharis salicifolia,188,new_replication
57914,Blennosperma nanum,158,new_replication
57922,Centaurea melitensis,182,new_primary
57923,Chaenactis glabriuscula,180,historical_p500
57934,Ericameria nauseosa,189,new_replication
57969,Encelia actoni,137,historical_p500
57971,Ericameria linearifolia,168,new_replication
57972,Erigeron foliosus,150,historical_discovery_reserve
57983,Helianthus annuus,166,new_primary
57988,Heterotheca sessiliflora,119,new_primary
57991,Isocoma acradenia,143,new_primary
58003,Layia glandulosa,185,historical_third
58010,Lepidospartum squamatum,180,historical_p500
58014,Corethrogyne filaginifolia,173,historical_discovery_reserve
58029,Malacothrix glabrata,176,new_replication
58036,Senecio flaccidus,176,historical_p500
58039,Stephanomeria exigua,134,historical_discovery_reserve
58040,Stephanomeria pauciflora,159,new_primary
58050,Amsinckia tessellata,164,historical_discovery_reserve
58054,Cryptantha barbigera,126,historical_discovery_reserve
58058,Heliotropium curassavicum,188,new_primary
58072,Descurainia pinnata,171,new_primary
58074,Descurainia sophia,163,historical_discovery_reserve
58083,Lepidium lasiocarpum,142,historical_discovery_reserve
58085,Sisymbrium irio,150,historical_discovery_reserve
58087,Stanleya pinnata,169,new_primary
58088,Thysanocarpus curvipes,104,historical_discovery_reserve
58100,Lonicera subspicata,129,new_primary
58113,Atriplex canescens,110,new_primary
58127,Chenopodium album,168,historical_third
58138,Cucurbita foetidissima,178,new_primary
58139,Cucurbita palmata,152,new_replication
58144,Euphorbia polycarpa,140,historical_p500
58162,Trifolium albopurpureum,170,new_primary
58164,Trifolium depauperatum,176,historical_discovery_reserve
58165,Trifolium gracilentum,155,historical_third
58167,Trifolium fragiferum,170,new_primary
58168,Frankenia salina,187,historical_third
58171,Erodium brachycarpum,180,new_primary
58173,Emmenanthe penduliflora,184,historical_third
58184,Phacelia fremontii,166,new_primary
58185,Phacelia tanacetifolia,189,historical_third
58188,Mentha arvensis,143,historical_third
58190,Salvia carduacea,126,new_primary
58195,Mentzelia albicaulis,151,historical_third
58202,Malva parviflora,171,historical_discovery_reserve
58203,Malvella leprosa,188,historical_p500
58210,Mirabilis multiflora,161,new_primary
58211,Forestiera pubescens,151,historical_discovery_reserve
58222,Oenothera deltoides,169,new_primary
58223,Paeonia californica,195,historical_third
58224,Dendromecon rigida,188,new_primary
58230,Plantago ovata,164,historical_discovery_reserve
58232,Eriastrum densifolium,148,new_replication
58236,Eriastrum eremicum,172,new_primary
58254,Loeseliastrum matthewsii,179,historical_third
58271,Eriogonum elongatum,131,new_primary
58294,Claytonia parviflora,150,new_replication
58300,Punica granatum,164,historical_discovery_reserve
58305,Delphinium recurvatum,110,historical_p500
58306,Myosurus minimus,124,new_primary
58320,Koelreuteria paniculata,195,historical_discovery_reserve
58331,Datura wrightii,179,historical_discovery_reserve
58334,Nicotiana glauca,166,new_replication
58357,Bloomeria crocea,187,historical_third
58359,Calochortus clavatus,168,historical_p500
58361,Calochortus splendens,153,historical_discovery_reserve
58362,Hesperoyucca whipplei,186,new_replication
58371,Cynodon dactylon,154,historical_p500
58372,Distichlis spicata,185,new_primary
58379,Lamarckia aurea,105,new_replication
58382,Poa bulbosa,103,new_primary
58387,Sorghum halepense,136,historical_discovery_reserve
58455,Krameria erecta,176,new_replication
58727,Berberis thunbergii,187,new_primary
58729,Toxicodendron rydbergii,193,new_replication
58732,Toxicodendron radicans,195,historical_discovery_reserve
58738,Rhus aromatica,199,new_primary
58742,Prunus pumila,118,new_primary
58749,Cornus amomum,197,new_primary
58776,Amaranthus retroflexus,156,new_primary
58792,Hydrocotyle umbellata,165,new_primary
58795,Apocynum cannabinum,190,historical_third
58796,Asclepias eriocarpa,182,historical_p500
58804,Centromadia fitchii,107,new_primary
58812,Cotula coronopifolia,168,historical_discovery_reserve
58819,Deinandra fasciculata,169,new_primary
58822,Dittrichia graveolens,166,historical_discovery_reserve
58826,Euthamia occidentalis,182,new_primary
58829,Pseudognaphalium biolettii,140,new_primary
58831,Heterotheca grandiflora,178,historical_discovery_reserve
58876,Polycarpon tetraphyllum,106,new_replication
58886,Sedum spathulifolium,189,new_primary
58892,Arctostaphylos pungens,194,historical_third
58893,Euphorbia maculata,137,new_primary
58896,Glycyrrhiza lepidota,173,new_replication
58901,Lupinus concinnus,171,historical_discovery_reserve
58902,Lupinus hirsutissimus,185,new_primary
58906,Lupinus truncatus,157,new_primary
58907,Melilotus albus,174,new_primary
58911,Trifolium microcephalum,142,historical_p500
58912,Trifolium obtusiflorum,190,new_replication
58917,Geranium carolinianum,191,historical_discovery_reserve
58922,Phacelia brachyloba,120,new_replication
58923,Phacelia malvifolia,131,new_primary
58931,Trichostema lanatum,193,new_primary
58934,Lythrum hyssopifolia,158,new_primary
58950,Argemone munita,170,new_primary
58952,Ehrendorferia chrysantha,178,new_replication
58954,Eschscholzia caespitosa,137,new_replication
58958,Papaver californicum,145,new_replication
58960,Plantago coronopus,175,historical_discovery_reserve
58961,Plantago major,184,new_primary
58965,Leptosiphon parviflorus,167,new_primary
58969,Leptosiphon androsaceus,142,new_primary
58991,Portulaca oleracea,192,new_primary
58996,Clematis ligusticifolia,179,new_primary
59013,Collinsia parviflora,172,new_replication
59028,Verbascum blattaria,176,new_primary
59029,Verbascum thapsus,175,historical_discovery_reserve
59034,Nicotiana attenuata,144,historical_discovery_reserve
59035,Solanum americanum,183,historical_discovery_reserve
59040,Phyla nodiflora,180,new_replication
59042,Phyla lanceolata,184,new_primary
59055,Cyperus eragrostis,165,new_primary
59068,Scirpus microcarpus,129,historical_p500
59078,Allium cratericola,104,historical_third
59087,Toxicoscordion venenosum,177,historical_third
59243,Eriogonum wrightii,169,historical_discovery_reserve
59254,Allium schoenoprasum,194,historical_discovery_reserve
59259,Ajuga chamaepitys,172,historical_third
59260,Calendula arvensis,162,new_primary
59264,Lathyrus cicera,168,new_replication
59265,Cerinthe major,159,new_primary
59267,Anemone hortensis,185,new_primary
59268,Coronilla scorpioides,117,new_primary
59270,Misopates orontium,182,new_primary
59272,Potentilla micrantha,118,new_primary
59293,Cyclamen repandum,179,new_primary
59301,Ranunculus sceleratus,195,new_primary
59315,Orchis italica,155,new_primary
59317,Anacamptis laxiflora,124,historical_p500
59318,Anacamptis morio,191,new_primary
59320,Anacamptis papilionacea,186,new_primary
59321,Orchis purpurea,185,new_primary
59322,Orchis anthropophora,174,historical_third
59335,Ophrys tenthredinifera,150,new_primary
59339,Ophrys lutea,177,new_primary
59343,Urospermum dalechampii,187,new_primary
59417,Trifolium stellatum,134,historical_discovery_reserve
59446,Calochortus amabilis,166,new_primary
59454,Eremalche rotundifolia,185,new_primary
59459,Eriogonum inflatum,156,new_replication
59501,Astragalus lentiginosus,148,new_primary
59520,Erythronium oregonum,186,historical_discovery_reserve
59524,Xerophyllum tenax,192,new_primary
59549,Lupinus polyphyllus,193,new_primary
59552,Trollius europaeus,177,new_primary
59556,Cercis occidentalis,142,new_primary
59570,Arctium minus,188,historical_discovery_reserve
59584,Lilium parvum,186,historical_third
59613,Astragalus purshii,164,historical_third
59658,Gilia stellata,162,historical_p500
59752,Erigeron divergens,133,historical_discovery_reserve
59753,Erigeron pulchellus,155,historical_discovery_reserve
59771,Mertensia virginica,200,new_primary
59773,Lonicera morrowii,182,historical_discovery_reserve
59778,Pastinaca sativa,186,new_replication
59779,Plantago media,184,historical_discovery_reserve
59780,Pedicularis groenlandica,179,new_replication
59782,Allium acuminatum,182,new_replication
59784,Allium serra,140,new_replication
59901,Melissa officinalis,156,new_primary
59904,Glebionis coronaria,189,new_primary
59924,Lithospermum incisum,190,new_replication
59926,Epacris impressa,146,new_replication
59936,Nemophila maculata,176,new_primary
59940,Romulea bulbocodium,155,new_primary
59943,Iris sibirica,167,historical_discovery_reserve
59971,Dichelostemma volubile,188,new_primary
59977,Delphinium hesperium,157,new_primary
59979,Sambucus ebulus,188,new_primary
59980,Conopholis americana,191,historical_third
59982,Phacelia hastata,178,historical_discovery_reserve
59983,Conopholis alpina,186,historical_discovery_reserve
59986,Monotropa hypopitys,159,new_primary
59991,Comandra umbellata,182,new_primary
60015,Dianthus barbatus,188,historical_p500
60017,Petrorhagia saxifraga,175,new_replication
60020,Petrorhagia prolifera,137,new_primary
60027,Orobanche gracilis,132,historical_discovery_reserve
60029,Orobanche minor,166,new_primary
60076,Melampyrum pratense,178,new_primary
60082,Lathraea clandestina,181,new_replication
60083,Rhinanthus glacialis,121,new_primary
60109,Carpobrotus glaucescens,126,new_primary
60112,Sesuvium verrucosum,150,new_replication
60121,Hydrocotyle verticillata,178,historical_discovery_reserve
60125,Cicuta maculata,172,new_primary
60127,Oenanthe sarmentosa,152,historical_third
60129,Ambrosia psilostachya,112,new_primary
60132,Cirsium arvense,198,new_primary
60146,Pluchea odorata,176,historical_third
60153,Lepidium latifolium,185,historical_p500
60186,Hoita macrostachya,134,historical_discovery_reserve
60197,Trifolium ciliolatum,174,new_primary
60201,Trifolium subterraneum,157,historical_discovery_reserve
60204,Geranium pusillum,179,new_replication
60206,Lycopus americanus,160,historical_p500
60214,Abutilon theophrasti,194,historical_third
60220,Ludwigia peploides,185,historical_discovery_reserve
60234,Samolus parviflorus,173,historical_p500
60241,Anemopsis californica,183,historical_discovery_reserve
60251,Verbena hastata,187,new_primary
60253,Alisma plantago-aquatica,158,new_primary
60264,Triglochin maritima,134,new_primary
60265,Asparagus officinalis,158,historical_discovery_reserve
60276,Bromus catharticus,101,new_primary
60283,Echinochloa crus-galli,123,historical_p500
60284,Elymus repens,104,new_primary
60295,Paspalum dilatatum,183,historical_discovery_reserve
60317,Veronica peregrina,163,new_replication
60335,Rhizophora mangle,117,new_primary
60350,Artemisia absinthium,134,new_primary
60360,Geranium yeoi,196,historical_discovery_reserve
60362,Geranium nodosum,181,new_primary
60367,Pyrola americana,190,new_primary
60374,Pyrola rotundifolia,169,new_primary
60376,Moneses uniflora,195,new_primary
60389,Gentianella amarella,151,new_primary
60438,Cardamine concatenata,196,historical_discovery_reserve
60439,Caesalpinia pulcherrima,194,new_primary
60447,Metrosideros polymorpha,104,new_primary
60460,Calla palustris,194,new_primary
60462,Butomus umbellatus,186,historical_p500
60476,Armeria maritima,186,new_replication
60480,Castilleja rubicundula,127,new_primary
60482,Pulsatilla occidentalis,174,new_primary
60490,Linum lewisii,187,historical_discovery_reserve
60496,Erythronium grandiflorum,192,historical_discovery_reserve
60500,Veratrum californicum,186,new_primary
60505,Erythronium montanum,182,historical_discovery_reserve
60511,Penstemon rostriflorus,161,new_replication
60522,Aconitum columbianum,184,new_replication
60527,Rhododendron occidentale,186,historical_discovery_reserve
60530,Cassiope mertensiana,183,historical_third
60548,Dicentra uniflora,181,historical_p500
60549,Calochortus minimus,160,new_primary
60550,Sisyrinchium californicum,138,new_primary
60602,Petrorhagia dubia,173,historical_p500
60734,Polygonum paronychia,164,historical_discovery_reserve
60742,Saururus cernuus,196,historical_p500
60746,Smilax rotundifolia,154,new_replication
60749,Ilex opaca,187,historical_p500
60786,Pulsatilla vulgaris,126,historical_third
60837,Neotinea ustulata,188,new_primary
60843,Wyethia mollis,147,new_replication
60878,Lonicera interrupta,126,new_primary
60879,Ipomoea pes-caprae,165,historical_discovery_reserve
60880,Calystegia soldanella,197,new_replication
60881,Lonicera involucrata,144,historical_p500
60884,Erinus alpinus,186,new_replication
60885,Dactylorhiza sambucina,188,historical_discovery_reserve
60887,Chaenorhinum origanifolium,128,historical_discovery_reserve
60898,Viola lutea,152,historical_discovery_reserve
60905,Pulsatilla vernalis,120,historical_p500
60946,Asclepias viridis,191,historical_discovery_reserve
60954,Cirsium quercetorum,148,new_replication
60955,Ericameria ericoides,148,historical_discovery_reserve
60963,Eriophyllum staechadifolium,173,new_replication
60969,Jaumea carnosa,175,historical_discovery_reserve
60973,Leontodon saxatilis,160,new_primary
60978,Solidago spathulata,119,historical_p500
60980,Senecio minimus,145,new_replication
60981,Senecio glomeratus,119,new_primary
60982,Cakile maritima,162,historical_p500
60987,Lepidium didymum,153,new_primary
61000,Carex obnupta,172,new_replication
61005,Lathyrus littoralis,128,historical_p500
61006,Lathyrus hirsutus,155,new_primary
61009,Lathyrus latifolius,173,new_primary
61010,Lupinus arboreus,176,new_primary
61011,Lupinus chamissonis,123,new_primary
61012,Medicago arabica,182,new_primary
61021,Trifolium glomeratum,147,historical_discovery_reserve
61024,Trifolium tomentosum,165,new_primary
61027,Centaurium tenuiflorum,117,new_primary
61032,Hypericum anagalloides,104,new_primary
61043,Malva nicaeensis,177,new_primary
61048,Clarkia amoena,186,new_primary
61068,Lagurus ovatus,184,new_primary
61099,Amelanchier utahensis,155,historical_third
61100,Salix sitchensis,115,historical_discovery_reserve
61112,Veronica scutellata,160,new_primary
61119,Ilex verticillata,194,new_primary
61145,Veronica wormskjoldii,150,new_primary
61167,Alisma triviale,171,new_replication
61168,Arum italicum,190,new_replication
61181,Thermopsis californica,134,new_replication
61210,Microsteris gracilis,183,historical_p500
61253,Lilium philadelphicum,175,historical_third
61297,Lactuca perennis,170,historical_discovery_reserve
61310,Daphne cneorum,175,new_replication
61317,Rubus armeniacus,184,historical_p500
61318,Arum maculatum,187,historical_discovery_reserve
61319,Calystegia purpurata,172,new_replication
61320,Cotula turbinata,129,new_replication
61321,Lythrum salicaria,191,historical_third
61326,Ajuga genevensis,163,historical_discovery_reserve
61328,Orchis simia,157,historical_discovery_reserve
61329,Neotinea tridentata,171,new_replication
61334,Narcissus poeticus,194,historical_p500
61340,Cirsium discolor,195,new_primary
61369,Momordica charantia,183,historical_third
61374,Physalis angulata,189,new_replication
61396,Origanum vulgare,192,new_primary
61424,Conopodium majus,179,new_primary
61432,Prunus laurocerasus,198,new_replication
61454,Polygonatum odoratum,188,new_primary
61470,Rhinanthus minor,193,new_primary
61475,Allium neapolitanum,188,new_replication
61479,Leonurus japonicus,121,new_primary
61480,Saponaria ocymoides,191,new_primary
61481,Viola riviniana,193,new_primary
61494,Calochortus kennedyi,179,new_primary
61507,Eriastrum sapphirinum,131,new_replication
61509,Whipplea modesta,157,historical_discovery_reserve
61769,Lathraea squamaria,193,historical_discovery_reserve
61776,Oxalis incarnata,162,historical_discovery_reserve
61782,Viola ocellata,163,historical_third
61818,Acacia decurrens,111,new_primary
61821,Lathyrus tingitanus,172,historical_discovery_reserve
61824,Trifolium hybridum,127,historical_discovery_reserve
61827,Amaryllis belladonna,189,new_primary
61839,Oxalis latifolia,188,historical_p500
61870,Clarkia rhomboidea,165,new_replication
61871,Collomia grandiflora,194,new_replication
61884,Moehringia macrophylla,179,new_primary
61904,Lavandula stoechas,165,historical_p500
61906,Helminthotheca echioides,181,new_replication
61935,Scleranthus annuus,112,new_primary
61946,Romneya coulteri,149,historical_p500
61948,Stellaria graminea,171,new_primary
61963,Oxalis debilis,129,historical_third
61964,Prunus avium,192,historical_third
61977,Orobanche hederae,160,new_primary
61992,Grindelia stricta,188,new_primary
62009,Nymphaea alba,191,new_primary
62020,Filipendula vulgaris,197,historical_p500
62041,Platanthera lacera,144,historical_discovery_reserve
62062,Keckiella antirrhinoides,150,historical_p500
62063,Keckiella cordifolia,190,new_primary
62200,Anchusa arvensis,177,historical_discovery_reserve
62205,Alcea rosea,182,new_replication
62207,Oenothera biennis,187,new_replication
62208,Oenothera glazioviana,192,new_primary
62211,Potentilla recta,166,historical_third
62213,Comarum palustre,190,new_primary
62218,Camassia leichtlinii,181,new_primary
62220,Camassia quamash,194,historical_discovery_reserve
62221,Silene laciniata,194,new_primary
62223,Philadelphus lewisii,184,new_primary
62227,Ceanothus integerrimus,191,historical_third
62228,Ceanothus cordulatus,154,historical_third
62236,Chimaphila umbellata,180,new_primary
62238,Chimaphila menziesii,194,new_primary
62248,Asclepias cordifolia,182,new_primary
62258,Galearis rotundifolia,138,historical_discovery_reserve
62262,Dichelostemma multiflorum,178,historical_discovery_reserve
62266,Balsamorhiza sagittata,166,historical_third
62291,Asclepias subulata,157,new_primary
62292,Asclepias speciosa,191,new_replication
62295,Asclepias linaria,174,new_replication
62296,Asclepias latifolia,115,new_replication
62298,Asclepias asperula,180,new_primary
62299,Asclepias albicans,118,historical_discovery_reserve
62308,Mentzelia laevicaulis,181,new_replication
62312,Campanula rotundifolia,182,historical_third
62313,Nigella damascena,194,new_primary
62338,Lysimachia vulgaris,175,historical_discovery_reserve
62339,Verbascum densiflorum,101,new_replication
62351,Lobelia inflata,160,new_primary
62352,Lobelia dortmanna,127,historical_p500
62355,Phyllanthus polygonoides,118,historical_p500
62367,Melampyrum lineare,178,new_primary
62372,Utricularia cornuta,184,new_primary
62376,Gaultheria procumbens,179,new_primary
62377,Rubus odoratus,192,historical_discovery_reserve
62396,Chaenorhinum minus,188,historical_third
62399,Mimulus ringens,199,new_primary
62406,Goodyera pubescens,192,historical_discovery_reserve
62407,Goodyera repens,177,new_replication
62441,Lysimachia ciliata,164,new_primary
62474,Opuntia fragilis,174,historical_discovery_reserve
62481,Allotropa virgata,100,new_replication
62493,Spiraea douglasii,191,historical_discovery_reserve
62498,Jacobaea vulgaris,159,historical_p500
62580,Allium crenulatum,127,new_primary
62581,Calochortus lyallii,157,new_primary
62584,Claytonia lanceolata,168,new_primary
62588,Hypericum mutilum,143,new_replication
62642,Solanum rostratum,188,historical_third
62659,Ipomopsis rubra,147,historical_discovery_reserve
62671,Pueraria montana,191,new_primary
62678,Monardella odoratissima,183,new_primary
62682,Chaenactis douglasii,167,new_primary
62685,Epifagus virginiana,169,new_primary
62689,Lupinus lepidus,177,new_primary
62691,Lupinus argenteus,158,historical_third
62741,Rudbeckia hirta,194,historical_p500
62771,Aristolochia clematitis,185,new_replication
62776,Clematis terniflora,184,new_primary
62778,Clematis virginiana,194,historical_discovery_reserve
62811,Carica papaya,185,historical_third
62821,Terminalia catappa,148,historical_p500
62829,Parkinsonia aculeata,193,new_replication
62830,Cordia lutea,121,new_primary
62839,Delonix regia,127,historical_discovery_reserve
62853,Avicennia germinans,153,new_primary
62859,Psidium guajava,132,new_primary
62915,Senna obtusifolia,138,new_primary
62924,Catharanthus roseus,152,new_primary
62937,Allamanda cathartica,183,new_primary
62941,Ipomoea batatas,134,new_primary
62942,Ipomoea triloba,175,historical_discovery_reserve
62944,Cardiospermum halicacabum,173,historical_p500
62997,Viburnum acerifolium,197,new_primary
63047,Calystegia macrostegia,172,historical_discovery_reserve
63062,Actaea pachypoda,192,new_primary
63134,Filipendula ulmaria,165,new_primary
63166,Viburnum lantanoides,178,new_primary
63311,Calochortus macrocarpus,183,historical_discovery_reserve
63316,Agastache urticifolia,167,historical_third
63319,Verbena stricta,193,new_replication
63337,Phalaris arundinacea,178,historical_p500
63348,Sparganium eurycarpum,178,new_primary
63352,Lepidium draba,178,historical_p500
63371,Rumex obtusifolius,163,new_replication
63379,Acacia longifolia,158,new_primary
63547,Dalea purpurea,189,historical_third
63603,Parkinsonia florida,169,historical_p500
63609,Fremontodendron californicum,172,new_primary
63611,Myoporum laetum,179,new_primary
63694,Solanum torvum,164,new_primary
63696,Dicentra eximia,148,new_replication
63749,Vaccinium macrocarpon,176,new_primary
63802,Pyrola chlorantha,177,new_primary
63848,Cephalanthera damasonium,188,new_primary
63886,Persicaria lapathifolia,179,new_primary
63893,Paxistima myrsinites,188,historical_discovery_reserve
63898,Ranunculus uncinatus,153,historical_discovery_reserve
63905,Prunus emarginata,145,new_primary
63935,Juglans regia,116,historical_p500
63937,Hieracium albiflorum,179,new_primary
63939,Maianthemum dilatatum,185,new_replication
63962,Calycanthus occidentalis,137,historical_discovery_reserve
64017,Arundo donax,121,new_primary
64043,Ceanothus velutinus,198,historical_p500
64083,Calochortus vestae,146,new_primary
64093,Salvia lyrata,166,historical_discovery_reserve
64103,Agave americana,127,new_replication
64105,Solanum douglasii,183,new_primary
64109,Venegasia carpesioides,109,new_primary
64114,Ageratina adenophora,194,new_primary
64115,Acourtia microcephala,122,new_primary
64119,Opuntia ficus-indica,168,new_primary
64121,Rhus ovata,125,new_primary
64122,Malosma laurina,136,historical_p500
64130,Verbascum virgatum,186,new_replication
64133,Salvia spathacea,186,historical_third
64134,Salvia apiana,160,historical_p500
64141,Encelia californica,178,historical_p500
64162,Rorippa palustris,158,historical_discovery_reserve
64208,Symphyotrichum subulatum,176,historical_discovery_reserve
64232,Carthamus lanatus,122,new_primary
64237,Phragmites australis,195,historical_p500
64238,Tribulus terrestris,151,historical_third
64240,Cortaderia selloana,131,new_primary
64245,Leptosiphon bicolor,183,historical_third
64268,Trifolium incarnatum,199,historical_discovery_reserve
64281,Ceanothus papillosus,178,new_primary
64289,Angelica hendersonii,182,new_primary
64293,Triodanis perfoliata,192,new_primary
64318,Cistus creticus,192,historical_p500
64330,Calochortus argillosus,159,historical_p500
64331,Iris foetidissima,180,new_primary
64405,Calochortus ambiguus,102,new_primary
64407,Calochortus apiculatus,167,new_primary
64410,Calochortus bruneaunis,182,historical_discovery_reserve
64411,Calochortus catalinae,176,historical_third
64420,Calochortus concolor,135,historical_discovery_reserve
64430,Calochortus flexuosus,147,historical_discovery_reserve
64432,Calochortus invenustus,160,historical_p500
64441,Calochortus monophyllus,165,historical_discovery_reserve
64445,Caltha leptosepala,179,historical_p500
64513,Lupinus sparsiflorus,181,new_primary
64519,Banksia serrata,168,historical_discovery_reserve
64540,Celastrus orbiculatus,192,historical_third
64541,Dianthus armeria,193,historical_p500
64543,Prunus maritima,177,new_primary
64546,Rubus caesius,156,new_primary
64547,Teucrium canadense,194,new_replication
64549,Sanguisorba officinalis,178,new_primary
64694,Elaeagnus angustifolia,188,new_primary
64697,Elaeagnus umbellata,159,new_replication
64712,Trixis californica,168,new_primary
64714,Vaccinium uliginosum,173,new_primary
64715,Xylorhiza tortifolia,165,new_replication
67379,Lupinus latifolius,180,new_replication
67524,Polemonium reptans,199,new_replication
67525,Polemonium californicum,107,historical_third
67539,Clerodendrum trichotomum,129,historical_third
67574,Calotropis gigantea,160,historical_p500
67591,Oxyria digyna,115,new_primary
67696,Darmera peltata,110,historical_p500
67715,Capparis spinosa,182,historical_discovery_reserve
67748,Maianthemum canadense,185,new_replication
67772,Uvularia sessilifolia,178,historical_discovery_reserve
67775,Claytonia caroliniana,179,historical_discovery_reserve
67792,Vaccinium stamineum,190,historical_p500
67793,Camassia scilloides,193,new_primary
67804,Purshia tridentata,190,new_replication
67808,Solidago canadensis,186,new_primary
67810,Kalmia microphylla,186,new_primary
67818,Crataegus marshallii,186,historical_third
67820,Erigeron philadelphicus,185,historical_third
67823,Bignonia capreolata,178,new_primary
67826,Ranunculus flammula,185,new_primary
67983,Diervilla lonicera,189,historical_p500
68007,Smyrnium olusatrum,161,new_primary
68034,Hieracium venosum,176,historical_discovery_reserve
68049,Arctostaphylos uva-ursi,182,new_primary
68057,Ranunculus occidentalis,182,new_primary
68182,Taraxia ovata,158,new_replication
68185,Impatiens walleriana,173,historical_third
68205,Larrea tridentata,148,new_primary
68213,Boykinia occidentalis,123,historical_third
68225,Bauhinia variegata,117,new_primary
68303,Phacelia minor,181,new_replication
68357,Scilla forbesii,190,new_primary
68400,Yucca schidigera,185,historical_discovery_reserve
68403,Thamnosma montana,167,historical_discovery_reserve
68405,Penstemon palmeri,150,new_primary
68537,Penstemon eatonii,143,new_primary
68538,Baileya multiradiata,140,new_primary
68543,Plantago maritima,169,historical_p500
68553,Rafinesquia neomexicana,187,historical_discovery_reserve
68559,Coleogyne ramosissima,134,historical_discovery_reserve
68562,Cosmos bipinnatus,184,new_primary
68570,Delphinium parishii,166,historical_third
68635,Sidalcea oregana,100,new_primary
68679,Cassia fistula,165,historical_discovery_reserve
68838,Mercurialis annua,160,new_primary
68846,Muscari neglectum,181,new_replication
68848,Veronica polita,193,historical_discovery_reserve
68853,Potentilla sterilis,172,new_primary
68884,Phlox subulata,199,new_replication
68886,Silene acaulis,149,new_primary
68896,Romulea rosea,179,new_primary
68917,Prosartes trachycarpa,119,new_primary
69172,Pilea microphylla,141,new_primary
69421,Lupinus arizonicus,175,historical_discovery_reserve
69613,Luzula pilosa,132,new_replication
69624,Oxalis acetosella,193,historical_discovery_reserve
69626,Chrysosplenium oppositifolium,143,new_primary
69636,Cardamine flexuosa,171,historical_discovery_reserve
69685,Eriocaulon aquaticum,135,new_primary
69713,Rubus hispidus,103,historical_discovery_reserve
69714,Rubus trivialis,164,historical_discovery_reserve
69752,Houstonia caerulea,199,new_primary
69753,Houstonia longifolia,151,historical_third
69813,Sagittaria lancifolia,175,historical_discovery_reserve
69814,Sagittaria sagittifolia,162,new_primary
69816,Sagittaria platyphylla,104,historical_discovery_reserve
69855,Lupinus excubitus,151,historical_discovery_reserve
69923,Parentucellia latifolia,173,new_primary
69936,Prunus amygdalus,141,historical_discovery_reserve
69939,Trifolium angustifolium,187,new_primary
69971,Cirsium andersonii,188,new_primary
70010,Viola canadensis,195,new_replication
70045,Acanthus mollis,196,new_replication
70086,Lathyrus sphaericus,149,new_primary
70097,Argemone polyanthemos,120,new_replication
70228,Fuchsia excorticata,144,new_replication
70230,Aristotelia serrata,163,new_primary
70236,Metrosideros fulgens,169,new_primary
70238,Coprosma grandifolia,134,historical_third
70265,Myosotis discolor,183,historical_third
71053,Lilium washingtonianum,194,new_primary
71105,Centranthus calcitrapae,163,historical_discovery_reserve
71112,Viola orbiculata,104,new_primary
71113,Viola glabella,185,new_replication
71135,Ambrosia chamissonis,180,historical_discovery_reserve
71141,Alopecurus pratensis,160,new_replication
71146,Trifolium wormskioldii,189,new_primary
71162,Gladiolus italicus,185,new_primary
71180,Centaurea aspera,115,new_replication
71191,Mesembryanthemum nodiflorum,172,new_primary
71192,Linum strictum,129,new_primary
71198,Tolpis barbata,168,new_primary
71232,Langloisia setosissima,170,historical_p500
75244,Abronia maritima,151,historical_p500
75251,Acacia paradoxa,133,new_replication
75252,Acacia podalyriifolia,136,historical_third
75253,Acacia pycnantha,112,historical_p500
75255,Acacia saligna,144,historical_discovery_reserve
75256,Acaena novae-zelandiae,107,new_primary
75263,Achlys triphylla,187,new_primary
75264,Achyronychia cooperi,160,new_primary
75265,Acleisanthes longiflora,112,new_replication
75279,Acmispon rigidus,173,new_primary
75281,Acmispon strigosus,168,historical_p500
75296,Agave deserti,139,new_primary
75300,Ageratina occidentalis,101,historical_third
75302,Agoseris aurantiaca,170,new_replication
75303,Agoseris glauca,139,new_primary
75310,Agrostemma githago,190,historical_discovery_reserve
75326,Aliciella latifolia,148,historical_discovery_reserve
75334,Allionia incarnata,186,new_replication
75360,Allium praecox,132,historical_discovery_reserve
75371,Allium vineale,161,historical_discovery_reserve
75377,Alnus incana,107,new_replication
75379,Aloe maculata,148,new_replication
75386,Alternanthera philoxeroides,171,new_primary
75388,Alyssum alyssoides,155,new_primary
75394,Amaranthus fimbriatus,164,historical_p500
75408,Ambrosia dumosa,147,new_replication
75413,Ambrosia salsola,157,historical_third
75415,Amelanchier alnifolia,154,new_primary
75427,Amsonia tomentosa,161,historical_discovery_reserve
75429,Anchusa azurea,153,new_primary
75430,Anchusa officinalis,195,new_primary
75436,Androsace septentrionalis,155,new_primary
75442,Anemone multifida,174,new_primary
75444,Anemone tuberosa,162,new_replication
75445,Anethum graveolens,176,historical_p500
75455,Anoda cristata,139,new_primary
75457,Anredera cordifolia,159,new_primary
75469,Antennaria racemosa,115,historical_discovery_reserve
75475,Anthoxanthum odoratum,174,historical_third
75499,Araujia sericifera,164,new_primary
75501,Arctium lappa,194,historical_third
75505,Arctostaphylos columbiana,176,historical_third
75507,Arctostaphylos crustacea,155,historical_p500
75527,Arctostaphylos nevadensis,188,new_primary
75537,Arctostaphylos patula,196,new_primary
75540,Arctostaphylos pringlei,118,new_primary
75553,Arenaria serpyllifolia,171,historical_p500
75566,Armoracia rusticana,168,new_primary
75569,Arnica cordifolia,171,historical_third
75573,Arnica latifolia,153,historical_discovery_reserve
75583,Arrhenatherum elatius,152,new_primary
75600,Aruncus dioicus,194,new_primary
75602,Asclepias curassavica,167,historical_discovery_reserve
75605,Asperugo procumbens,187,historical_p500
75606,Asphodelus fistulosus,191,new_primary
75615,Astragalus agrestis,127,historical_discovery_reserve
75631,Astragalus canadensis,182,new_replication
75633,Astragalus cicer,156,new_replication
75668,Astragalus nuttallii,101,historical_discovery_reserve
75706,Atriplex hymenelytra,146,new_replication
75723,Avicennia marina,108,historical_discovery_reserve
75727,Baccharis glutinosa,155,new_replication
75732,Bacopa monnieri,174,new_replication
75736,Bahiopsis laciniata,139,new_primary
75737,Bahiopsis parishii,170,new_primary
75739,Baileya pauciradiata,176,historical_p500
75746,Bebbia juncea,155,new_primary
75751,Berberis darwinii,157,new_replication
75756,Berberis nervosa,185,historical_discovery_reserve
75758,Berberis vulgaris,186,new_primary
75762,Berteroa incana,166,historical_third
75765,Bidens cernua,176,historical_discovery_reserve
75766,Bidens laevis,166,historical_discovery_reserve
75770,Bistorta bistortoides,188,new_replication
75771,Bituminaria bituminosa,176,historical_third
75779,Boechera breweri,144,historical_third
75832,Boehmeria cylindrica,162,new_replication
75833,Boerhavia coccinea,174,new_primary
75835,Boerhavia diffusa,155,new_replication
75858,Bouteloua curtipendula,105,historical_discovery_reserve
75866,Brandegea bigelovii,160,historical_discovery_reserve
75867,Brasenia schreberi,181,new_primary
75869,Brassica napus,169,historical_third
75870,Brassica tournefortii,141,historical_third
75903,Bromus inermis,170,new_primary
75916,Buddleja davidii,160,historical_discovery_reserve
75931,Calendula officinalis,186,new_primary
75933,Calliandra eriophylla,188,historical_third
75943,Calochortus plummerae,167,historical_discovery_reserve
75956,Calycoseris wrightii,132,historical_discovery_reserve
75958,Calyptridium monospermum,149,new_primary
75968,Calystegia silvatica,188,new_primary
75975,Camissoniopsis bistorta,172,new_primary
75976,Camissoniopsis cheiranthifolia,180,historical_third
75986,Camissoniopsis pallida,164,historical_p500
75991,Campanula scouleri,191,historical_discovery_reserve
75995,Campsis radicans,171,historical_p500
75997,Cannabis sativa,113,historical_third
76001,Cardamine cordifolia,172,new_primary
76002,Cardamine nuttallii,175,new_primary
76006,Carduus acanthoides,173,historical_discovery_reserve
76007,Carduus nutans,196,new_replication
76130,Carlowrightia arizonica,103,new_primary
76139,Castilleja chromosa,167,historical_p500
76146,Castilleja linariifolia,151,new_primary
76148,Castilleja miniata,166,new_primary
76158,Catalpa speciosa,195,new_primary
76165,Caulanthus lasiophyllus,160,new_replication
76182,Ceanothus leucodermis,132,new_primary
76192,Ceanothus prostratus,191,historical_third
76210,Centaurea diffusa,164,new_replication
76214,Centaurea stoebe,165,new_primary
76217,Centaurium pulchellum,164,new_primary
76226,Cestrum parqui,172,new_primary
76235,Chaetopappa ericoides,121,historical_third
76290,Chilopsis linearis,188,historical_third
76300,Chondrilla juncea,131,historical_discovery_reserve
76301,Chorispora tenella,169,new_replication
76329,Chrysothamnus viscidiflorus,136,new_primary
76331,Chylismia brevipes,172,new_primary
76332,Chylismia cardiophylla,141,historical_third
76333,Chylismia claviformis,183,new_primary
76342,Circaea alpina,186,new_primary
76352,Cirsium neomexicanum,118,new_primary
76358,Cirsium undulatum,186,historical_discovery_reserve
76362,Cistus ladanifer,180,new_primary
76363,Cistus monspeliensis,161,historical_p500
76365,Cistus salviifolius,181,historical_third
76401,Clintonia uniflora,191,new_primary
76402,Cneoridium dumosum,164,historical_discovery_reserve
76409,Collinsia grandiflora,182,historical_discovery_reserve
76416,Collomia linearis,175,new_primary
76422,Colutea arborescens,128,historical_third
76425,Commelina benghalensis,136,historical_discovery_reserve
76434,Convolvulus tricolor,127,new_primary
76435,Coprosma repens,162,historical_discovery_reserve
76444,Coreopsis lanceolata,185,new_primary
76445,Coreopsis tinctoria,199,new_replication
76447,Cornus nuttallii,195,new_primary
76451,Corydalis aurea,189,historical_discovery_reserve
76456,Cota tinctoria,183,new_primary
76462,Cotyledon orbiculata,139,historical_discovery_reserve
76464,Crassula multicava,170,historical_p500
76469,Crataegus douglasii,191,new_primary
76480,Crepis tectorum,152,new_replication
76484,Croton californicus,169,historical_third
76538,Cucumis melo,104,new_primary
76545,Cuscuta campestris,160,historical_discovery_reserve
76553,Cuscuta pacifica,101,new_replication
76563,Cyclospermum leptophyllum,151,historical_discovery_reserve
76567,Cylindropuntia prolifera,115,new_primary
76584,Cyperus esculentus,111,historical_discovery_reserve
76593,Cyperus rotundus,114,new_primary
76600,Dalea mollis,107,historical_p500
76601,Dalea mollissima,160,new_replication
76606,Dasiphora fruticosa,187,new_primary
76608,Datura discolor,179,new_replication
76610,Daucus carota,190,new_primary
76623,Delphinium cardinale,142,new_primary
76625,Delphinium glaucum,119,historical_discovery_reserve
76630,Delphinium nuttallianum,173,historical_discovery_reserve
76647,Dianthus deltoides,152,historical_p500
76649,Dichelostemma ida-maia,182,historical_p500
76655,Dieteria canescens,182,new_primary
76661,Dimorphotheca fruticosa,177,historical_p500
76664,Diplotaxis muralis,109,new_replication
76665,Diplotaxis tenuifolia,179,historical_discovery_reserve
76672,Dithyrea californica,179,historical_third
76704,Draba nemorosa,107,new_primary
76716,Drymocallis glandulosa,169,historical_third
76727,Dudleya cespitosa,114,historical_p500
76745,Dulichium arundinaceum,126,historical_p500
76752,Dyssodia papposa,175,new_replication
76762,Echinops sphaerocephalus,173,new_primary
76764,Echium plantagineum,174,new_replication
76765,Eclipta prostrata,131,new_primary
76790,Eleusine indica,125,new_primary
76865,Eremothera boothii,179,new_primary
76877,Erica lusitanica,173,new_primary
76897,Erigeron annuus,165,historical_discovery_reserve
76904,Erigeron bonariensis,175,historical_p500
76907,Erigeron canadensis,161,new_primary
76912,Erigeron compositus,174,new_replication
76920,Erigeron glacialis,157,new_primary
76923,Erigeron karvinskianus,158,new_primary
76926,Erigeron linearis,147,historical_discovery_reserve
76936,Erigeron pumilus,130,new_primary
76942,Erigeron strigosus,193,new_primary
76943,Erigeron sumatrensis,174,historical_p500
76955,Eriodictyon crassifolium,182,historical_discovery_reserve
76976,Eriogonum compositum,186,new_primary
76981,Eriogonum deflexum,160,historical_discovery_reserve
77018,Eriogonum parvifolium,184,historical_third
77025,Eriogonum pyrolifolium,135,new_primary
77035,Eriogonum thomasii,142,historical_third
77040,Eriogonum umbellatum,191,new_primary
77049,Eriophyllum lanatum,188,historical_p500
77054,Eriophyllum wallacei,173,historical_p500
77056,Erodium malacoides,158,new_primary
77057,Erodium texanum,180,new_primary
77058,Eruca vesicaria,174,new_replication
77068,Erysimum cheiranthoides,151,new_primary
77069,Erysimum concinnum,108,historical_discovery_reserve
77085,Eschscholzia parishii,171,historical_p500
77105,Eucnide urens,106,new_primary
77106,Eucrypta micrantha,135,new_replication
77107,Eulobus californicus,168,historical_third
77109,Euphorbia cyathophora,184,new_replication
77114,Euphorbia lathyris,123,historical_third
77117,Euphorbia oblongata,130,new_primary
77119,Euphorbia terracina,126,historical_discovery_reserve
77120,Euphorbia virgata,159,new_primary
77125,Eustoma exaltatum,172,new_replication
77126,Fagonia laevis,155,historical_third
77129,Fallopia convolvulus,127,historical_p500
77132,Fallugia paradoxa,187,new_replication
77154,Flaveria trinervia,116,historical_p500
77155,Fragaria virginiana,178,historical_p500
77171,Fritillaria atropurpurea,188,new_primary
77177,Fritillaria pudica,154,historical_p500
77180,Funastrum cynanchoides,164,new_primary
77183,Gaillardia aristata,138,historical_p500
77188,Galium boreale,193,new_primary
77206,Galium mollugo,146,historical_discovery_reserve
77248,Geraea canescens,183,new_primary
77251,Geranium bicknellii,193,new_primary
77253,Geranium columbinum,184,new_replication
77254,Geranium core-core,165,new_primary
77255,Geranium lucidum,159,new_replication
77258,Geranium potentilloides,121,new_primary
77259,Geranium pyrenaicum,147,historical_p500
77260,Geranium richardsonii,169,historical_discovery_reserve
77261,Geranium rotundifolium,153,new_replication
77264,Geranium viscosissimum,182,new_replication
77265,Geum aleppicum,159,new_primary
77266,Geum macrophyllum,184,historical_discovery_reserve
77279,Glaucium flavum,191,new_primary
77281,Glebionis segetum,169,historical_discovery_reserve
77300,Gratiola ebracteata,101,new_replication
77305,Grindelia squarrosa,176,historical_discovery_reserve
77312,Gutierrezia sarothrae,167,new_primary
77315,Gypsophila paniculata,119,new_primary
77325,Hackelia nervosa,126,new_primary
77348,Helenium amarum,167,historical_p500
77349,Helenium autumnale,194,historical_discovery_reserve
77356,Helianthus gracilentus,102,new_primary
77360,Helianthus petiolaris,165,new_primary
77362,Heliomeris multiflora,166,new_replication
77363,Heliotropium amplexicaule,175,new_primary
77365,Heliotropium europaeum,158,new_primary
77368,Herissantia crispa,128,historical_third
77393,Heteranthera dubia,184,historical_discovery_reserve
77398,Heterotheca subaxillaris,178,new_primary
77399,Heterotheca villosa,154,new_primary
77403,Heuchera cylindrica,154,historical_discovery_reserve
77408,Heuchera rubescens,139,historical_discovery_reserve
77409,Hibiscus denudatus,179,historical_discovery_reserve
77410,Hibiscus lasiocarpos,117,historical_discovery_reserve
77411,Hibiscus trionum,193,new_primary
77424,Hoffmannseggia microphylla,127,new_primary
77429,Holosteum umbellatum,132,new_primary
77469,Hydrophyllum capitatum,175,new_primary
77472,Hydrophyllum tenuipes,187,new_primary
77480,Hypericum androsaemum,184,new_primary
77481,Hypericum calycinum,135,historical_p500
77489,Iliamna rivularis,191,historical_discovery_reserve
77490,Impatiens balfourii,171,new_primary
77493,Ipheion uniflorum,189,new_primary
77494,Ipomoea cairica,108,historical_discovery_reserve
77495,Ipomoea hederacea,180,new_primary
77496,Ipomoea indica,183,new_primary
77504,Iris fernaldii,124,new_replication
77509,Isatis tinctoria,190,historical_third
77511,Isocoma menziesii,167,historical_third
77541,Jacaranda mimosifolia,112,new_replication
77547,Jepsonia parryi,131,new_replication
77602,Kallstroemia grandiflora,142,new_primary
77613,Krameria bicolor,167,new_primary
77616,Lactuca biennis,103,historical_discovery_reserve
77617,Lactuca tatarica,144,new_primary
77624,Lantana montevidensis,163,historical_p500
77626,Lappula squarrosa,141,new_replication
77638,Lathyrus japonicus,192,historical_discovery_reserve
77642,Lathyrus palustris,151,historical_discovery_reserve
77663,Lepidium campestre,182,historical_discovery_reserve
77668,Lepidium fremontii,143,historical_discovery_reserve
77672,Lepidium perfoliatum,111,historical_discovery_reserve
77676,Lepidium virginicum,173,historical_third
77684,Leptosiphon ciliatus,180,new_primary
77740,Ligustrum lucidum,190,historical_discovery_reserve
77741,Ligustrum ovalifolium,145,new_primary
77744,Lilium columbianum,197,new_primary
77758,Limonium sinuatum,167,historical_p500
77762,Linanthus californicus,140,new_primary
77766,Linanthus dianthiflorus,137,new_primary
77776,Linaria dalmatica,188,historical_p500
77778,Linaria purpurea,189,historical_discovery_reserve
77779,Lindernia dubia,167,new_primary
77780,Linnaea borealis,197,new_primary
77789,Lithophragma glabrum,162,new_primary
77791,Lithophragma parviflorum,178,new_replication
77795,Lithospermum ruderale,175,new_replication
77797,Lobelia erinus,164,historical_discovery_reserve
77816,Lomatium martindalei,121,new_primary
77818,Lomatium nudicaule,174,new_replication
77830,Lomatium triternatum,175,historical_discovery_reserve
77832,Lonicera ciliosa,199,new_primary
77834,Lonicera etrusca,125,new_primary
77835,Lonicera japonica,176,historical_p500
77836,Lonicera tatarica,179,new_primary
77838,Lotus tenuis,153,historical_discovery_reserve
77842,Luetkea pectinata,177,new_replication
77902,Lycium barbarum,180,historical_p500
77915,Lycopus uniflorus,139,new_primary
77917,Lysimachia thyrsiflora,183,new_replication
77920,Machaeranthera tanacetifolia,149,historical_p500
77940,Malacothrix saxatilis,172,historical_discovery_reserve
77950,Malva arborea,198,historical_p500
77951,Malva assurgentiflora,186,historical_p500
77952,Malva neglecta,137,new_primary
77959,Marah macrocarpa,183,new_primary
77960,Marah oregana,199,historical_discovery_reserve
77965,Matricaria chamomilla,187,historical_p500
77966,Matthiola incana,187,new_replication
77967,Maurandella antirrhiniflora,173,new_primary
77971,Medicago minima,140,historical_p500
77976,Melaleuca citrina,154,historical_discovery_reserve
77987,Melinis repens,142,new_replication
77990,Mentha aquatica,173,new_primary
77991,Mentha canadensis,158,new_replication
77992,Mentha longifolia,191,new_primary
77993,Mentha suaveolens,163,new_replication
77999,Mentzelia involucrata,178,historical_third
78016,Menyanthes trifoliata,168,new_replication
78018,Mertensia ciliata,182,new_primary
78024,Micranthes ferruginea,110,new_primary
78032,Micranthes tolmiei,109,new_primary
78082,Mirabilis laevis,178,new_primary
78084,Mirabilis nyctaginea,190,new_primary
78087,Modiola caroliniana,187,historical_p500
78090,Mollugo verticillata,163,new_replication
78118,Monoptilon bellioides,168,historical_third
78123,Montia parvifolia,108,new_replication
78126,Muehlenbeckia complexa,119,new_primary
78150,Myosotis laxa,125,historical_discovery_reserve
78159,Myrtus communis,171,historical_discovery_reserve
78174,Nasturtium officinale,194,new_primary
78216,Nestotus stenophyllus,113,new_primary
78217,Nicandra physalodes,190,historical_discovery_reserve
78220,Nicotiana obtusifolia,164,historical_p500
78224,Noccaea fendleri,148,new_primary
78228,Nolina parryi,162,new_replication
78231,Nothochelone nemorosa,170,new_replication
78233,Nothoscordum gracile,180,new_replication
78234,Nuphar polysepala,191,historical_third
78237,Nymphoides peltata,196,new_primary
78240,Oenothera cespitosa,175,new_replication
78241,Oenothera curtiflora,150,new_primary
78243,Oenothera laciniata,171,historical_p500
78245,Oenothera primiveris,152,historical_discovery_reserve
78247,Oenothera rosea,156,new_replication
78250,Oenothera suffrutescens,167,historical_p500
78256,Olneya tesota,112,historical_p500
78257,Olsynium douglasii,178,new_primary
78258,Oncosiphon pilulifer,152,new_replication
78259,Onopordum acanthium,181,new_primary
78266,Opuntia littoralis,155,historical_p500
78269,Opuntia polyacantha,157,new_primary
78283,Ornithopus pinnatus,105,historical_discovery_reserve
78288,Orthilia secunda,183,new_primary
78301,Oxalis purpurea,158,historical_p500
78317,Packera cana,156,new_primary
78333,Palafoxia arida,164,historical_discovery_reserve
78334,Pancratium maritimum,193,historical_discovery_reserve
78344,Papaver heterophyllum,176,new_primary
78346,Papaver somniferum,191,historical_discovery_reserve
78351,Parnassia fimbriata,188,new_primary
78352,Parnassia palustris,184,historical_p500
78358,Passiflora tarminiana,142,new_replication
78362,Pectis papposa,182,historical_discovery_reserve
78366,Pectocarya recurvata,102,new_primary
78367,Pedicularis bracteosa,157,new_primary
78368,Pedicularis contorta,104,new_primary
78372,Pedicularis racemosa,168,historical_discovery_reserve
78375,Pelargonium capitatum,149,historical_third
78376,Pelargonium grossularioides,149,historical_discovery_reserve
78399,Penstemon davidsonii,172,historical_discovery_reserve
78402,Penstemon grinnellii,189,historical_p500
78406,Penstemon labrosus,147,new_primary
78414,Penstemon procerus,156,historical_p500
78422,Penstemon speciosus,123,historical_discovery_reserve
78423,Penstemon spectabilis,181,new_primary
78445,Perityle emoryi,177,historical_third
78450,Persicaria amphibia,187,historical_third
78451,Persicaria capitata,163,historical_discovery_reserve
78452,Persicaria hydropiper,118,historical_discovery_reserve
78453,Persicaria hydropiperoides,172,new_primary
78455,Persicaria pensylvanica,174,historical_discovery_reserve
78456,Persicaria punctata,143,new_primary
78460,Petalonyx thurberi,102,historical_discovery_reserve
78467,Peucephyllum schottii,144,new_primary
78499,Phacelia linearis,157,new_primary
78513,Phacelia pedicellata,102,historical_p500
78524,Phacelia sericea,172,historical_third
78542,Phlox austromontana,158,new_replication
78544,Phlox diffusa,173,historical_discovery_reserve
78548,Phlox hoodii,127,new_primary
78556,Pholisma arenarium,183,new_primary
78559,Phoradendron californicum,179,new_primary
78560,Phyllodoce empetriformis,175,new_primary
78565,Physalis crassifolia,170,historical_third
78569,Physalis longifolia,196,historical_discovery_reserve
78571,Physalis viscosa,101,new_primary
78579,Phytolacca heterotepala,113,new_primary
78580,Phytolacca icosandra,155,historical_discovery_reserve
78590,Pittosporum crassifolium,188,historical_discovery_reserve
78591,Pittosporum tenuifolium,134,new_replication
78592,Pittosporum tobira,109,historical_p500
78616,Plantago aristata,114,new_primary
78618,Plantago patagonica,160,new_primary
78622,Plantago virginica,114,historical_p500
78623,Platanthera dilatata,182,new_replication
78630,Pluchea sericea,188,new_replication
78664,Polanisia dodecandra,170,new_primary
78668,Polemonium pulcherrimum,161,new_primary
78678,Polygonum aviculare,183,new_primary
78700,Porophyllum gracile,153,historical_third
78701,Porophyllum ruderale,121,historical_third
78723,Potentilla concinna,125,historical_discovery_reserve
78727,Potentilla glaucophylla,149,new_primary
78728,Potentilla gracilis,193,historical_p500
78738,Potentilla pulcherrima,130,new_primary
78746,Proboscidea althaeifolia,124,new_primary
78747,Proboscidea louisianica,140,new_primary
78754,Prunus fremontii,117,new_replication
78755,Prunus persica,193,new_primary
78756,Psathyrotes annua,128,new_primary
78757,Psathyrotes ramosissima,171,new_primary
78769,Pseudotrillium rivale,152,new_primary
78771,Psilostrophe cooperi,102,historical_third
78773,Psorothamnus emoryi,108,new_primary
78786,Pulicaria paludosa,131,new_replication
78787,Purshia stansburyana,164,historical_discovery_reserve
78793,Pyrola asarifolia,181,new_replication
78794,Pyrola minor,185,new_primary
78817,Ranunculus aquatilis,131,new_primary
78820,Ranunculus bulbosus,176,historical_third
78824,Ranunculus glaberrimus,130,historical_discovery_reserve
78829,Ranunculus parviflorus,112,new_primary
78832,Ranunculus sardous,166,new_primary
78835,Rapistrum rugosum,153,historical_third
78836,Ratibida columnifera,185,new_primary
78837,Reseda alba,171,historical_p500
78838,Reseda lutea,182,new_primary
78839,Reseda luteola,181,new_primary
78846,Rhodiola integrifolia,148,new_primary
78847,Rhododendron columbianum,195,historical_discovery_reserve
78854,Ribes cereum,183,new_replication
78856,Ribes indecorum,176,new_primary
78858,Ribes lacustre,171,historical_discovery_reserve
78871,Robinia neomexicana,181,new_primary
78872,Romanzoffia sitchensis,136,historical_discovery_reserve
78882,Rosa multiflora,196,historical_discovery_reserve
78883,Rosa nutkana,189,new_primary
78886,Rosa rubiginosa,179,historical_discovery_reserve
78887,Rosa woodsii,177,historical_discovery_reserve
78891,Rubus laciniatus,172,new_replication
78892,Rubus lasiococcus,136,new_primary
78895,Rubus ulmifolius,131,historical_third
78899,Rudbeckia occidentalis,108,new_primary
78925,Sagittaria cuneata,128,new_replication
78943,Salix lasiandra,110,new_primary
78954,Salpichroa origanifolia,155,historical_p500
78955,Salsola australis,105,historical_discovery_reserve
78964,Salvia aethiopis,143,historical_p500
78967,Salvia dorrii,177,new_primary
78972,Salvia pachyphylla,172,new_replication
78985,Saxifraga cespitosa,131,historical_p500
78998,Schoenoplectus tabernaemontani,106,new_primary
79009,Scolymus hispanicus,157,historical_third
79012,Scrophularia lanceolata,129,new_primary
79016,Scutellaria galericulata,182,new_replication
79017,Scutellaria lateriflora,153,historical_p500
79018,Scutellaria mexicana,184,new_primary
79020,Searsia lancea,111,historical_third
79025,Sedum album,186,new_replication
79026,Sedum lanceolatum,169,new_primary
79044,Senecio elegans,170,new_primary
79047,Senecio integerrimus,177,new_primary
79048,Senecio linearifolius,187,historical_third
79050,Senecio mohavensis,119,historical_discovery_reserve
79052,Senecio quadridentatus,169,new_replication
79055,Senecio triangularis,166,historical_discovery_reserve
79056,Senegalia greggii,162,new_replication
79057,Senna armata,162,new_primary
79058,Senna artemisioides,129,historical_discovery_reserve
79059,Senna covesii,161,historical_p500
79064,Sesbania herbacea,149,historical_p500
79065,Sesbania punicea,173,historical_p500
79072,Shepherdia canadensis,175,historical_discovery_reserve
79076,Sibbaldia procumbens,133,new_primary
79077,Sida rhombifolia,185,new_primary
79095,Sidalcea sparsifolia,103,historical_discovery_reserve
79109,Silene latifolia,189,new_primary
79122,Simmondsia chinensis,173,historical_third
79123,Sinapis alba,128,historical_third
79125,Sisymbrium loeselii,145,historical_p500
79131,Sium suave,150,historical_third
79135,Solanum aviculare,102,new_primary
79136,Solanum dimidiatum,159,new_primary
79137,Solanum elaeagnifolium,189,historical_discovery_reserve
79138,Solanum furcatum,126,historical_discovery_reserve
79141,Solanum nigrum,165,historical_third
79143,Solanum sisymbriifolium,158,new_replication
79148,Solidago altissima,128,new_primary
79153,Solidago multiradiata,126,new_primary
79155,Solidago velutina,177,new_replication
79156,Sonchus arvensis,176,historical_third
79157,Sonchus tenerrimus,124,new_primary
79169,Spergularia marina,184,new_primary
79173,Sphaeralcea angustifolia,183,new_primary
79176,Sphaeralcea grossulariifolia,100,new_primary
79183,Spiraea splendens,173,new_primary
79203,Stellaria longipes,106,new_replication
79273,Streptopus amplexifolius,190,new_primary
79274,Strigosella africana,127,new_primary
79293,Symphoricarpos rotundifolius,118,historical_p500
79294,Symphyotrichum ascendens,138,new_replication
79301,Symphyotrichum lanceolatum,165,new_replication
79312,Tagetes erecta,191,new_primary
79313,Tagetes minuta,140,historical_discovery_reserve
79314,Tanacetum bipinnatum,103,new_replication
79317,Taraxacum erythrospermum,154,historical_discovery_reserve
79325,Teesdalia nudicaulis,164,historical_p500
79331,Tetradymia canescens,191,new_replication
79340,Teucrium cubense,174,new_primary
79343,Thalictrum occidentale,178,new_primary
79358,Thlaspi arvense,166,new_replication
79359,Thymophylla pentachaeta,132,new_primary
79364,Tiquilia canescens,118,new_primary
79366,Tiquilia palmeri,122,new_primary
79367,Tiquilia plicata,105,historical_discovery_reserve
79380,Toxicoscordion paniculatum,150,new_primary
79382,Tradescantia fluminensis,186,new_primary
79383,Tradescantia ohiensis,191,new_primary
79385,Tragopogon pratensis,186,new_replication
79388,Triadica sebifera,174,new_primary
79394,Trichoptilium incisum,157,new_primary
79399,Trichostema parishii,164,new_primary
79408,Trifolium arvense,191,historical_third
79409,Trifolium aureum,195,new_primary
79416,Trifolium grayi,107,new_replication
79422,Trifolium longipes,183,historical_third
79423,Trifolium macrocephalum,163,new_primary
79428,Trifolium productum,167,new_primary
79429,Trifolium resupinatum,185,new_replication
79440,Triodanis biflora,186,new_replication
79441,Tripleurospermum inodorum,160,new_primary
79448,Triteleia bridgesii,140,new_primary
79452,Triteleia grandiflora,189,new_primary
79457,Tuberaria guttata,166,new_primary
79460,Turritis glabra,186,historical_p500
79464,Utricularia gibba,187,historical_p500
79465,Utricularia macrorhiza,178,new_primary
79468,Utricularia subulata,167,new_primary
79472,Vachellia farnesiana,197,historical_third
79477,Valeriana sitchensis,186,historical_p500
79480,Vancouveria hexandra,190,new_primary
79484,Veratrum viride,179,new_primary
79487,Verbena bonariensis,152,new_primary
79488,Verbena bracteata,164,new_primary
79495,Verbesina encelioides,189,historical_p500
79497,Veronica cusickii,107,new_primary
79498,Veronica triphyllos,139,new_replication
79499,Viburnum edule,184,historical_discovery_reserve
79503,Vicia lathyroides,112,historical_discovery_reserve
79513,Viola nephrophylla,100,new_primary
79514,Viola palustris,198,new_primary
79516,Viola praemorsa,118,new_replication
79523,Watsonia meriana,112,historical_third
79543,Xylococcus bicolor,142,historical_p500
79553,Zeltnera venusta,141,historical_p500
81491,Kigelia africana,125,historical_p500
81515,Senna alata,179,new_primary
81518,Aloe arborescens,150,new_replication
81528,Lupinus perennis,175,new_primary
81595,Sibbaldiopsis tridentata,192,new_primary
81598,Dalea candida,179,historical_discovery_reserve
81599,Silphium perfoliatum,189,new_primary
81600,Hydrocharis morsus-ranae,184,new_primary
81603,Cirsium muticum,181,new_primary
81604,Trillium nivale,175,new_primary
81694,Himantoglossum robertianum,167,historical_discovery_reserve
81695,Anacamptis coriophora,143,new_primary
81705,Phlox divaricata,198,historical_third
81708,Aesculus pavia,199,new_primary
81711,Hydrophyllum virginianum,195,new_primary
81748,Thalictrum dioicum,187,historical_p500
81793,Glandularia canadensis,149,historical_p500
81795,Enemion biternatum,190,historical_p500
81796,Oxalis violacea,193,historical_discovery_reserve
81797,Hypoxis hirsuta,200,new_replication
81800,Delphinium tricorne,190,new_replication
81801,Viburnum rufidulum,192,new_primary
81802,Ranunculus recurvatus,178,historical_third
81818,Vaccinium arboreum,180,new_primary
81824,Euphorbia corollata,173,historical_p500
81836,Tephrosia virginiana,192,new_primary
81838,Amsonia ciliata,147,new_replication
81895,Neottia nidus-avis,185,new_primary
81897,Baptisia tinctoria,172,historical_discovery_reserve
81942,Penstemon digitalis,200,new_primary
81997,Glaucium corniculatum,112,new_primary
82097,Potentilla simplex,192,historical_discovery_reserve
82110,Rubus allegheniensis,182,historical_p500
82159,Dactylorhiza maculata,160,new_primary
82160,Epipactis atrorubens,174,new_replication
82203,Myrica gale,128,historical_discovery_reserve
82300,Rhododendron viscosum,187,new_primary
82302,Rosa palustris,194,historical_third
82307,Symphyotrichum puniceum,164,historical_discovery_reserve
82316,Chelone glabra,172,new_primary
82317,Hibiscus moscheutos,173,new_primary
82324,Clitoria mariana,190,new_replication
82342,Lonicera maackii,164,new_primary
82358,Chimaphila maculata,200,new_primary
82413,Scrophularia marilandica,116,new_replication
82468,Dalea formosa,161,historical_discovery_reserve
82469,Melampodium leucanthum,181,new_primary
82504,Nuphar advena,158,historical_third
82515,Pyrola elliptica,174,historical_discovery_reserve
82531,Scutellaria ovata,198,historical_p500
82536,Viola pedata,183,new_replication
82578,Calopogon tuberosus,174,new_primary
82580,Lysimachia quadrifolia,193,historical_discovery_reserve
82600,Pistacia lentiscus,154,historical_third
82602,Crithmum maritimum,186,new_primary
82619,Arisarum vulgare,189,historical_discovery_reserve
82623,Vinca difformis,177,historical_third
82627,Bellis sylvestris,163,historical_third
82631,Phagnalon saxatile,110,new_replication
82641,Helichrysum stoechas,154,historical_third
82642,Mantisalca salmantica,104,new_primary
82644,Cynara humilis,156,new_primary
82646,Dittrichia viscosa,174,new_replication
82650,Centaurea pullata,126,new_replication
82659,Echium tuberculatum,157,historical_p500
82660,Campanula erinus,120,historical_p500
82661,Matthiola fruticulosa,118,new_replication
82663,Campanula rapunculus,185,new_primary
82664,Lonicera implexa,155,historical_discovery_reserve
82666,Viburnum tinus,183,new_primary
82669,Silene colorata,164,new_primary
82672,Cistus crispus,153,historical_discovery_reserve
82673,Cistus albidus,179,historical_discovery_reserve
82679,Argyrolobium zanonii,128,historical_p500
82685,Anthyllis vulneraria,196,new_primary
82688,Erica arborea,167,historical_discovery_reserve
82689,Arbutus unedo,157,historical_discovery_reserve
82691,Dioscorea communis,160,new_primary
82730,Ononis spinosa,182,new_replication
82740,Lathyrus sylvestris,189,historical_p500
82741,Lathyrus clymenum,170,historical_discovery_reserve
82752,Stylosanthes biflora,131,new_primary
82768,Thespesia populnea,127,historical_third
82812,Iris cristata,190,new_primary
82814,Nelumbo nucifera,165,historical_discovery_reserve
82819,Valerianella radiata,163,new_replication
82834,Valeriana tuberosa,163,new_primary
82836,Daphne gnidium,131,historical_third
82838,Verbascum sinuatum,169,new_replication
82848,Rubia peregrina,150,new_primary
82853,Cydonia oblonga,149,historical_discovery_reserve
82856,Rhamnus alaternus,158,new_primary
82861,Anemone palmata,135,historical_discovery_reserve
82865,Ophrys scolopax,166,new_primary
82867,Plantago lagopus,149,new_primary
82875,Ophrys speculum,167,historical_discovery_reserve
82891,Lythrum junceum,109,new_primary
82892,Linum trigynum,116,historical_third
82895,Allium roseum,178,historical_third
82903,Smilax aspera,115,historical_p500
82904,Ruscus aculeatus,121,historical_p500
82905,Ornithogalum narbonense,179,historical_third
82906,Asphodelus ramosus,183,new_primary
82914,Stachys ocymastrum,105,new_replication
82922,Salvia sclareoides,112,new_primary
82925,Salvia verbenaca,175,new_replication
82936,Moraea sisyrinchium,168,new_primary
83004,Lavandula pedunculata,120,new_replication
83012,Erophaca baetica,106,new_primary
83015,Amianthium muscitoxicum,196,new_primary
83059,Rhododendron maximum,192,new_primary
83061,Calochortus gunnisonii,188,new_primary
83062,Rosa blanda,120,historical_discovery_reserve
83065,Rosa arkansana,188,new_replication
83066,Rosa laevigata,184,historical_p500
83070,Gelsemium sempervirens,160,historical_third
83072,Syringa vulgaris,195,new_replication
83073,Solidago gigantea,195,new_primary
83074,Magnolia grandiflora,170,new_primary
83075,Epigaea repens,185,new_primary
83078,Calochortus nuttallii,192,new_replication
83081,Myosotis alpestris,128,new_primary
83085,Anacamptis pyramidalis,169,historical_p500
83150,Euonymus americanus,197,new_primary
83152,Itea virginica,177,historical_third
83154,Zizia aurea,189,historical_third
83156,Hydrangea quercifolia,120,historical_third
83357,Glossodia major,140,historical_discovery_reserve
83359,Thelymitra ixioides,148,new_primary
83362,Phyllota phylicoides,148,historical_discovery_reserve
83364,Indigofera australis,174,new_primary
83366,Tetratheca ciliata,115,new_primary
83369,Calochilus robertsonii,168,new_replication
83375,Lomandra longifolia,160,new_primary
83377,Acacia fimbriata,114,historical_third
83382,Grevillea buxifolia,158,new_primary
83389,Boronia ledifolia,148,historical_p500
83395,Pandorea pandorana,166,historical_discovery_reserve
83411,Eriostemon australasius,104,new_primary
83417,Evolvulus nummularius,141,new_replication
83435,Diospyros virginiana,191,new_primary
83456,Decodon verticillatus,183,new_primary
83492,Heliotropium indicum,179,new_primary
83522,Diuris sulphurea,133,new_primary
83524,Rubus rosifolius,173,historical_p500
83526,Zieria smithii,132,new_primary
83527,Lissanthe strigosa,107,new_primary
83541,Dryas octopetala,192,new_primary
83571,Bursaria spinosa,170,historical_discovery_reserve
83596,Gompholobium latifolium,115,historical_p500
83601,Epacris pulchella,150,new_primary
83612,Patersonia glabrata,167,new_primary
83616,Lambertia formosa,180,historical_discovery_reserve
83622,Actinotus helianthi,193,new_primary
83626,Calytrix tetragona,130,new_replication
83628,Burchardia umbellata,141,new_replication
83631,Dampiera stricta,162,historical_discovery_reserve
83653,Rosa rugosa,183,new_primary
83799,Mitchella repens,200,historical_discovery_reserve
83816,Ophrys apifera,176,historical_discovery_reserve
83893,Parthenium integrifolium,153,historical_third
83902,Baptisia australis,200,historical_discovery_reserve
83914,Oplopanax horridus,160,new_replication
83970,Solanum villosum,110,historical_third
84002,Tillandsia recurvata,167,historical_p500
84005,Mimosa microphylla,175,historical_third
84031,Hylotelephium telephium,160,new_primary
84113,Helianthus divaricatus,160,historical_discovery_reserve
84114,Helenium flexuosum,187,new_replication
84160,Nelumbo lutea,190,new_primary
84227,Rubus phoenicolasius,108,historical_third
84261,Arisaema dracontium,186,historical_discovery_reserve
84270,Vaccinium pallidum,185,new_primary
84278,Helianthemum nummularium,174,new_replication
84280,Linum catharticum,176,historical_discovery_reserve
84281,Clinopodium vulgare,160,historical_discovery_reserve
84298,Aesculus hippocastanum,198,new_replication
84300,Sambucus canadensis,195,new_primary
84328,Galium verum,153,historical_third
84330,Caulophyllum thalictroides,196,new_primary
84344,Centaurea scabiosa,174,historical_discovery_reserve
84349,Campanula glomerata,191,historical_third
84363,Castanea pumila,130,historical_discovery_reserve
84405,Calyptocarpus vialis,159,new_primary
84436,Rhodiola rosea,154,historical_third
84510,Filipendula rubra,101,historical_discovery_reserve
84512,Scirpus sylvaticus,123,new_primary
84517,Epilobium hirsutum,162,historical_third
84542,Vaccinium angustifolium,187,new_primary
84547,Cipura paludosa,177,new_primary
84666,Sabatia angularis,185,historical_discovery_reserve
84668,Sabatia campestris,156,historical_discovery_reserve
84679,Helianthus hirsutus,100,new_primary
84732,Erigeron speciosus,174,historical_discovery_reserve
84744,Sairocarpus pusillus,103,historical_discovery_reserve
84746,Sairocarpus nuttallianus,145,new_primary
84772,Oxalis dillenii,167,new_primary
84776,Falcaria vulgaris,114,historical_discovery_reserve
84803,Ribes cynosbati,130,new_primary
84813,Baccharis halimifolia,183,new_primary
84822,Hedysarum boreale,123,new_primary
84838,Syzygium jambos,173,historical_discovery_reserve
84953,Phyteuma betonicifolium,100,new_primary
84960,Dianthus carthusianorum,187,new_primary
85008,Lilium superbum,197,new_primary
85027,Lilium martagon,197,historical_discovery_reserve
85047,Scabiosa columbaria,154,historical_p500
85065,Trifolium medium,164,new_primary
85072,Lathyrus linifolius,194,new_primary
85313,Physostegia virginiana,190,new_primary
85320,Monarda fistulosa,196,new_primary
85321,Campanula rapunculoides,192,new_primary
85325,Geum canadense,177,historical_discovery_reserve
85327,Polygonatum biflorum,193,new_primary
85331,Ratibida pinnata,179,historical_discovery_reserve
85337,Campanula divaricata,178,new_replication
85338,Salvia pratensis,153,historical_third
85367,Swainsona formosa,106,historical_discovery_reserve
85369,Trichodesma zeylanicum,112,historical_third
85378,Eutrochium purpureum,183,new_primary
85383,Polymnia canadensis,191,new_primary
85422,Prunella laciniata,181,new_replication
85423,Trifolium alpinum,184,new_primary
85424,Veratrum album,188,historical_third
85428,Pulsatilla alpina,185,new_primary
85429,Geranium sylvaticum,198,historical_third
85441,Alchemilla alpina,121,historical_discovery_reserve
85444,Saxifraga rotundifolia,167,new_primary
85463,Penstemon cyananthus,114,new_primary
85469,Thymus vulgaris,183,new_primary
85475,Ribes glandulosum,182,new_replication
85485,Amphicarpaea bracteata,196,new_primary
85490,Phryma leptostachya,184,historical_discovery_reserve
85492,Impatiens noli-tangere,183,new_replication
116329,Packera aurea,190,new_primary
116339,Trillium sessile,194,new_primary
116349,Collinsia verna,193,new_primary
116361,Acer spicatum,186,new_primary
116364,Allium cernuum,189,new_primary
116694,Desmodium incanum,178,new_primary
116710,Microstegium vimineum,118,new_primary
116722,Trillium flexipes,191,new_primary
116735,Rudbeckia laciniata,197,new_primary
117299,Euonymus verrucosus,125,historical_p500
117309,Erigenia bulbosa,183,historical_discovery_reserve
117329,Lonicera albiflora,116,new_replication
117393,Phyteuma hemisphaericum,118,historical_third
117432,Euonymus atropurpureus,190,new_primary
117433,Euonymus alatus,195,new_replication
117434,Claytonia virginica,193,historical_third
117435,Sicyos angulatus,178,new_primary
117437,Phlox paniculata,199,new_primary
117438,Dipsacus laciniatus,191,new_primary
117439,Liatris spicata,173,new_primary
117440,Eutrochium maculatum,170,historical_discovery_reserve
117442,Verbesina alternifolia,171,new_primary
117443,Symphyotrichum novae-angliae,190,historical_third
117444,Iris virginica,184,new_primary
117512,Clematis occidentalis,177,new_primary
117513,Castilleja rhexiifolia,141,new_primary
118473,Sedum sarmentosum,196,historical_discovery_reserve
118496,Oxylobium ellipticum,160,new_primary
118512,Cardamine diphylla,192,new_replication
118526,Penstemon whippleanus,158,new_replication
118530,Oxytropis splendens,120,new_primary
118535,Drimia maritima,141,historical_discovery_reserve
118545,Silene uniflora,183,new_replication
118548,Thalictrum thalictroides,194,new_primary
118571,Ceanothus fendleri,188,historical_discovery_reserve
118744,Hylotelephium telephioides,124,new_replication
118749,Rhododendron calendulaceum,192,new_replication
118750,Ribes triste,125,new_primary
118761,Parnassia glauca,189,historical_third
118773,Lobelia kalmii,184,new_primary
118774,Maianthemum trifolium,145,new_replication
118776,Monarda punctata,184,new_primary
118778,Gentiana parryi,153,historical_discovery_reserve
118783,Gentiana algida,149,new_primary
118803,Pedicularis palustris,104,historical_third
118830,Anticlea elegans,167,new_primary
118834,Carlina vulgaris,145,historical_discovery_reserve
118850,Solidago virgaurea,173,historical_discovery_reserve
118858,Narthecium ossifragum,175,new_primary
118863,Gentiana pneumonanthe,179,new_primary
118873,Tripleurospermum maritimum,152,new_primary
118893,Euphrasia nemorosa,150,new_primary
118897,Spiranthes spiralis,132,new_primary
119045,Eupatorium perfoliatum,187,new_replication
119048,Ageratina altissima,184,new_replication
119095,Conoclinium coelestinum,183,historical_third
119099,Jatropha gossypiifolia,184,historical_discovery_reserve
119121,Penstemon confertus,145,new_primary
119135,Eupatorium altissimum,136,historical_discovery_reserve
119136,Perilla frutescens,194,new_primary
119138,Lespedeza virginica,134,new_primary
119142,Lobelia puberula,162,historical_third
119145,Mikania scandens,183,historical_third
119146,Spigelia marilandica,194,new_primary
119154,Solidago flexicaulis,179,new_replication
119242,Oxalis luteola,141,historical_third
119330,Wachendorfia paniculata,106,new_primary
119372,Lachenalia orchioides,150,historical_p500
119450,Calluna vulgaris,158,new_primary
119456,Oxalis versicolor,123,new_primary
119468,Oxalis obtusa,151,historical_third
119470,Oxalis glabra,127,new_replication
119488,Lachenalia unifolia,147,new_primary
119546,Pelargonium cucullatum,157,new_replication
119609,Elephantopus carolinianus,197,historical_discovery_reserve
119651,Ruellia humilis,195,historical_p500
119661,Lupinus angustifolius,165,new_primary
119673,Erythrina lysistemon,117,historical_discovery_reserve
119737,Ipomoea pandurata,193,historical_third
119773,Lachenalia mutabilis,143,new_replication
119790,Allium stellatum,171,new_replication
119791,Acer pseudoplatanus,193,new_primary
119792,Paulownia tomentosa,198,new_replication
119793,Pyrus calleryana,188,historical_discovery_reserve
119795,Zizia aptera,138,historical_discovery_reserve
119800,Krigia biflora,189,new_primary
119802,Laportea canadensis,180,historical_p500
119805,Ligustrum vulgare,196,new_primary
119806,Lobelia siphilitica,198,new_primary
119807,Lonicera canadensis,185,historical_discovery_reserve
119808,Lonicera dioica,186,new_replication
119809,Lonicera sempervirens,199,historical_p500
119810,Lysimachia lanceolata,117,historical_discovery_reserve
119813,Actaea racemosa,198,new_primary
119817,Apios americana,197,new_primary
119825,Aralia hispida,189,new_primary
119826,Arabidopsis lyrata,171,new_primary
119827,Aralia racemosa,187,historical_third
119828,Aralia nudicaulis,193,historical_third
119892,Andromeda polifolia,180,historical_discovery_reserve
119901,Gentianella quinquefolia,115,new_primary
119955,Ilex vomitoria,184,historical_discovery_reserve
119956,Morella cerifera,132,new_replication
119982,Verbesina virginica,198,new_replication
120005,Solidago caesia,187,historical_p500
120007,Agalinis tenuifolia,190,historical_p500
120008,Ludwigia decurrens,151,historical_discovery_reserve
120009,Hypericum hypericoides,161,new_primary
120011,Sesbania drummondii,110,historical_discovery_reserve
120026,Zephyranthes drummondii,199,historical_p500
120152,Asclepias perennis,178,historical_discovery_reserve
120179,Doellingeria umbellata,184,new_primary
120181,Oclemena acuminata,146,historical_third
120356,Eriophorum virginicum,181,historical_third
120416,Moraea flaccida,121,historical_discovery_reserve
120427,Oxalis bifida,129,new_primary
120505,Diospyros texana,181,new_primary
120507,Euphorbia marginata,182,new_primary
120518,Ipomoea coccinea,144,new_primary
120549,Lunaria rediviva,195,new_replication
120579,Gentiana clausa,173,new_primary
120580,Gentiana andrewsii,188,new_primary
120585,Euphorbia bicolor,102,historical_p500
120895,Blephilia hirsuta,175,historical_p500
120917,Calotropis procera,139,historical_discovery_reserve
120942,Malvaviscus arboreus,163,new_primary
120944,Ageratum houstonianum,171,new_primary
121022,Morinda citrifolia,114,new_primary
121266,Pinguicula vulgaris,181,historical_discovery_reserve
121287,Emilia sonchifolia,182,historical_third
121363,Rubus arcticus,156,new_primary
121436,Spiranthes vernalis,161,new_primary
121490,Tipularia discolor,190,new_replication
121593,Hydrophyllum appendiculatum,190,new_primary
121635,Ptilotus exaltatus,163,historical_discovery_reserve
121653,Xanthosia rotundifolia,166,new_primary
121691,Rhus virens,179,historical_third
121763,Castanea sativa,120,new_primary
121784,Aquilegia chrysantha,192,new_primary
121785,Tradescantia occidentalis,164,historical_discovery_reserve
121932,Astragalus mollissimus,171,historical_discovery_reserve
121951,Silphium terebinthinaceum,156,new_replication
121968,Andropogon gerardi,164,historical_discovery_reserve
121976,Silphium laciniatum,191,new_primary
121998,Pinaropappus roseus,148,new_primary
122034,Hydrangea macrophylla,169,historical_p500
122043,Thysanotus tuberosus,159,historical_p500
122205,Actinotus minor,182,new_primary
122208,Drosera spatulata,170,historical_discovery_reserve
122249,Symphyotrichum lateriflorum,176,new_primary
122343,Allium tuberosum,123,historical_discovery_reserve
122358,Telopea speciosissima,161,new_primary
122410,Acis autumnalis,138,new_replication
122519,Russelia equisetiformis,126,new_replication
122521,Monstera deliciosa,181,historical_discovery_reserve
122576,Evolvulus sericeus,170,new_primary
122587,Monarda citriodora,179,historical_discovery_reserve
122608,Sorghastrum nutans,167,new_primary
122711,Dodonaea viscosa,161,new_replication
122905,Metrosideros excelsa,185,new_primary
122911,Allium rotundum,132,new_primary
122970,Helianthus tuberosus,190,new_replication
123049,Panax trifolius,193,new_primary
123118,Leucophyllum frutescens,166,new_primary
123159,Narcissus papyraceus,134,new_primary
123188,Aplectrum hyemale,145,historical_discovery_reserve
123199,Nuytsia floribunda,165,new_replication
123234,Elaeocarpus reticulatus,128,new_primary
123241,Utricularia dichotoma,126,new_primary
123438,Plumeria rubra,174,historical_discovery_reserve
123449,Aster alpinus,189,new_primary
123625,Digitalis grandiflora,189,historical_p500
123634,Trillium cuneatum,197,historical_p500
123666,Paris quadrifolia,183,new_replication
123927,Rhodiola rhodantha,164,new_replication
123956,Castilleja indivisa,159,historical_p500
123957,Coreopsis tripteris,192,historical_third
123960,Heliconia rostrata,188,new_primary
124135,Saxifraga granulata,176,historical_discovery_reserve
124138,Silene nutans,186,new_primary
124359,Viola canina,177,historical_p500
124426,Zeuxine strateumatica,171,new_primary
124485,Scrophularia nodosa,153,historical_p500
124544,Anthriscus sylvestris,149,new_replication
124548,Lonicera xylosteum,191,new_primary
124552,Potentilla argentea,189,new_replication
124720,Cardamine bulbifera,188,new_primary
124741,Viburnum lantana,192,historical_third
124815,Arctium tomentosum,160,historical_p500
124817,Ranunculus auricomus,154,historical_discovery_reserve
125101,Houstonia pusilla,190,new_primary
125103,Houstonia micrantha,103,historical_discovery_reserve
125186,Lespedeza capitata,137,historical_third
125379,Asclepias verticillata,189,new_primary
125380,Asclepias purpurascens,193,historical_discovery_reserve
125381,Asclepias incarnata,200,historical_discovery_reserve
125386,Asclepias exaltata,194,new_primary
125462,Nothoscordum bivalve,193,new_primary
125482,Pilea pumila,107,new_replication
125487,Ribes americanum,185,new_primary
125489,Rubus occidentalis,190,historical_p500
125675,Glandularia bipinnatifida,170,historical_discovery_reserve
125682,Commelina virginica,114,new_primary
125685,Murdannia keisak,107,historical_third
125714,Silene regia,175,historical_p500
125721,Solidago rigida,181,new_primary
125787,Lathyrus pratensis,178,historical_discovery_reserve
125788,Kerria japonica,190,new_replication
125790,Spiraea japonica,198,historical_p500
125845,Prunus caroliniana,181,new_primary
125902,Cardamine douglassii,185,historical_discovery_reserve
126169,Staphylea trifolia,194,new_primary
126177,Phlox drummondii,144,new_primary
126188,Gagea lutea,169,historical_third
126193,Corydalis cava,189,new_primary
126249,Akebia quinata,133,new_primary
126251,Coptis trifolia,178,new_primary
126300,Ipomoea hederifolia,179,new_primary
126305,Hamelia patens,189,historical_discovery_reserve
126309,Habenaria floribunda,167,new_primary
126318,Rhexia mariana,147,historical_third
126332,Wigandia urens,105,historical_third
126334,Trillium recurvatum,189,new_primary
126339,Sabatia stellaris,160,historical_third
126341,Lygodesmia aphylla,115,new_primary
126342,Bejaria racemosa,174,historical_third
126369,Anemone virginiana,181,historical_discovery_reserve
126371,Ranunculus abortivus,189,new_replication
126375,Vaccinium elliottii,166,historical_discovery_reserve
126376,Mazus pumilus,186,new_primary
126421,Campanula scheuchzeri,111,new_replication
126424,Parthenium hysterophorus,188,historical_p500
126483,Stachys floridana,180,new_primary
126484,Salvia misella,161,historical_discovery_reserve
126485,Calycanthus floridus,188,historical_discovery_reserve
126516,Viola rostrata,187,historical_discovery_reserve
126536,Verbascum pulverulentum,102,new_replication
126550,Helleborus orientalis,104,new_primary
126556,Rhododendron albiflorum,182,new_primary
126558,Phyllodoce glanduliflora,108,historical_discovery_reserve
126560,Vaccinium oxycoccos,190,new_primary
126563,Tripsacum dactyloides,137,historical_p500
126565,Helianthus debilis,178,new_primary
126566,Spathodea campanulata,185,historical_discovery_reserve
126569,Stachytarpheta cayennensis,119,new_primary
126575,Centaurea nigra,167,new_replication
126577,Etlingera elatior,138,new_primary
126581,Paederia foetida,163,historical_p500
126583,Hemerocallis fulva,196,historical_third
126585,Hibiscus syriacus,188,new_replication
126595,Piloblephis rigida,165,new_primary
126617,Xyris ambigua,127,historical_discovery_reserve
126633,Ruellia simplex,142,historical_discovery_reserve
126634,Pyrostegia venusta,180,new_primary
126637,Hyacinthus orientalis,194,historical_p500
126641,Allium canadense,185,new_primary
126654,Symphyotrichum ericoides,193,new_primary
126655,Eurybia macrophylla,192,historical_p500
126657,Solidago uliginosa,111,historical_discovery_reserve
126658,Solidago puberula,105,new_primary
126663,Oenothera pallida,174,historical_third
126671,Sphaeralcea coccinea,183,historical_discovery_reserve
126698,Rhus copallinum,192,new_primary
126700,Helianthus angustifolius,155,new_primary
126701,Oclemena reticulata,142,historical_third
126702,Stellaria pubera,183,historical_discovery_reserve
126735,Fatsia japonica,106,new_primary
126749,Uvularia grandiflora,193,new_primary
126756,Lathyrus vernus,194,new_primary
126757,Mercurialis perennis,154,new_primary
126768,Pycnanthemum muticum,137,new_replication
126794,Hymenocallis liriosme,174,new_primary
126799,Viola striata,185,new_replication
126808,Prunus mahaleb,179,historical_discovery_reserve
126823,Spiraea alba,140,new_primary
126845,Vitex rotundifolia,182,new_primary
126864,Viola rotundifolia,160,new_replication
126869,Ipomoea quamoclit,187,historical_discovery_reserve
126887,Berberis aquifolium,195,historical_discovery_reserve
126888,Solidago sempervirens,182,historical_third
126890,Krameria lanceolata,169,new_primary
126891,Pycnanthemum tenuifolium,169,new_primary
126892,Senecio viscosus,178,historical_discovery_reserve
126980,Plumbago zeylanica,167,historical_discovery_reserve
127010,Nandina domestica,149,historical_discovery_reserve
127020,Phlox pilosa,183,historical_p500
127029,Vaccinium myrtillus,188,new_replication
127032,Argemone albiflora,115,historical_third
127036,Sophora tomentosa,147,new_primary
127037,Vernonia gigantea,185,historical_discovery_reserve
127045,Scutellaria integrifolia,168,new_primary
127059,Conradina canescens,187,historical_discovery_reserve
127065,Ornithogalum nutans,194,new_primary
127066,Youngia japonica,188,new_primary
127068,Crataegus viridis,120,historical_p500
127100,Calyptridium umbellatum,159,historical_p500
127156,Mazus miquelii,125,historical_discovery_reserve
127159,Asclepias subverticillata,161,new_primary
127186,Securigera varia,169,new_primary
127196,Myosotis stricta,170,new_replication
127215,Eriophorum angustifolium,101,new_primary
127264,Zephyranthes atamasco,170,historical_discovery_reserve
127269,Cirsium horridulum,193,new_primary
127270,Borrichia frutescens,180,historical_discovery_reserve
127279,Canna flaccida,189,historical_discovery_reserve
127284,Coccoloba uvifera,150,new_primary
127306,Wisteria sinensis,197,historical_p500
127326,Carex pensylvanica,159,new_primary
127345,Vicia sepium,180,historical_discovery_reserve
127348,Balduina angustifolia,119,historical_third
127355,Cyclamen hederifolium,157,new_replication
127367,Sanicula odorata,113,historical_third
127372,Sisyrinchium montanum,174,new_primary
127391,Daphne laureola,177,new_primary
127412,Leycesteria formosa,174,historical_third
127597,Sedum ternatum,189,new_primary
127609,Rhodotypos scandens,194,new_primary
127634,Trichostema dichotomum,187,historical_p500
127637,Clematis drummondii,150,new_replication
127638,Urena lobata,189,new_primary
127680,Cardamine angustata,118,new_primary
127681,Centrosema virginianum,189,historical_discovery_reserve
127684,Viola blanda,177,historical_discovery_reserve
127685,Eurybia divaricata,165,historical_discovery_reserve
127689,Echinacea pallida,179,new_replication
127690,Asclepias hirtella,132,new_primary
127691,Asclepias variegata,193,new_replication
127860,Pulsatilla patens,139,historical_p500
127891,Packera obovata,178,new_primary
127899,Portulaca amilis,193,historical_discovery_reserve
127906,Magnolia virginiana,118,new_replication
127907,Chamaecrista fasciculata,193,historical_third
127916,Streptopus lanceolatus,182,new_replication
127918,Viola nuttallii,104,new_replication
127920,Caulophyllum giganteum,182,new_replication
127941,Callirhoe involucrata,172,new_primary
127942,Verbena rigida,191,historical_discovery_reserve
127943,Engelmannia peristenia,170,new_primary
127945,Packera paupercula,173,historical_third
127946,Heuchera richardsonii,134,new_replication
128032,Broussonetia papyrifera,171,new_replication
128036,Ceanothus herbaceus,186,new_replication
128038,Corydalis flavula,181,historical_discovery_reserve
128040,Viola cucullata,163,historical_discovery_reserve
128076,Hypericum tetrapetalum,148,historical_discovery_reserve
128077,Castilleja levisecta,133,new_primary
128137,Limodorum abortivum,185,historical_discovery_reserve
128152,Cirsium texanum,179,new_primary
128204,Castilleja hispida,189,new_primary
128268,Gomphrena globosa,115,new_primary
128533,Argemone mexicana,173,historical_p500
128551,Solidago rugosa,176,new_primary
128599,Dactylorhiza viridis,158,new_primary
128617,Viola lanceolata,160,new_replication
128620,Hackelia virginiana,175,new_replication
128630,Asimina reticulata,180,new_primary
128651,Anemone caroliniana,150,new_replication
128652,Salvia coccinea,156,historical_discovery_reserve
128653,Ruellia caroliniensis,171,new_primary
128667,Solanum laxum,131,historical_discovery_reserve
128684,Hydrocotyle sibthorpioides,192,historical_third
128689,Salvia verticillata,174,historical_discovery_reserve
128693,Salvia reflexa,141,new_primary
128695,Eryngium yuccifolium,181,new_primary
128698,Verbena brasiliensis,178,new_primary
128701,Desmanthus illinoensis,190,historical_discovery_reserve
128704,Verbesina helianthoides,113,new_replication
128713,Crinum americanum,185,new_primary
128715,Thalictrum pubescens,155,historical_discovery_reserve
128717,Erythrina herbacea,199,historical_discovery_reserve
128724,Puschkinia scilloides,193,new_replication
128731,Allium drummondii,146,historical_discovery_reserve
128733,Pyrrhopappus carolinianus,159,new_replication
128735,Eriophorum vaginatum,190,historical_discovery_reserve
128755,Prunus mexicana,181,new_replication
128756,Asclepias humistrata,149,historical_p500
128757,Sacoila lanceolata,105,new_primary
128763,Acacia genistifolia,164,new_primary
128768,Physalis heterophylla,185,new_primary
128769,Ligustrum sinense,200,new_replication
128770,Fritillaria camschatcensis,144,historical_discovery_reserve
128774,Parnassia asarifolia,139,new_primary
128781,Campanula punctata,176,historical_third
128798,Aronia melanocarpa,171,historical_third
128805,Gaylussacia baccata,176,historical_discovery_reserve
128839,Lobelia spicata,199,new_primary
128840,Lobelia fenestralis,164,new_replication
128841,Rosa setigera,195,historical_third
128848,Tolmiea menziesii,176,historical_discovery_reserve
128874,Saxifraga bronchialis,157,historical_p500
128880,Saxifraga oppositifolia,144,new_primary
128901,Asarum europaeum,165,historical_p500
128926,Phacelia fimbriata,173,new_primary
128938,Croton glandulosus,106,new_primary
128942,Silene stellata,189,new_primary
128996,Hydrolea ovata,159,new_replication
128998,Lythrum alatum,186,new_primary
129020,Veronica officinalis,162,historical_discovery_reserve
129021,Cryptotaenia canadensis,184,new_primary
129032,Euthamia caroliniana,143,new_primary
129036,Thunbergia grandiflora,136,historical_discovery_reserve
129038,Petasites japonicus,191,historical_third
129048,Physocarpus opulifolius,187,historical_p500
129054,Tulipa gesneriana,173,new_primary
129075,Fumaria muralis,177,historical_p500
129098,Pedicularis sylvatica,177,historical_discovery_reserve
129103,Emilia fosbergii,124,new_primary
129107,Robinia hispida,199,new_replication
129115,Knautia arvensis,180,historical_p500
129169,Lotus subbiflorus,157,new_primary
129196,Rosa carolina,180,historical_p500
129271,Medicago arborea,111,new_primary
129278,Verbena urticifolia,175,historical_discovery_reserve
129314,Chrysogonum virginianum,141,historical_p500
129315,Ceanothus americanus,193,new_replication
129322,Coreopsis verticillata,122,historical_p500
129327,Passiflora suberosa,145,new_primary
129347,Ilex glabra,132,historical_discovery_reserve
129361,Viola hastata,189,historical_discovery_reserve
129396,Globularia alypum,160,new_primary
129401,Aristea ecklonii,168,new_primary
129407,Dietes iridioides,100,new_replication
129433,Lyonia lucida,157,historical_p500
129446,Honckenya peploides,132,historical_discovery_reserve
129454,Umbilicus rupestris,172,historical_third
129499,Scilla verna,185,historical_discovery_reserve
129505,Desmodium canadense,176,historical_third
129548,Asclepias quadrifolia,192,historical_discovery_reserve
129556,Oenothera fruticosa,140,new_replication
129607,Symphyotrichum laeve,169,historical_p500
129639,Fleischmannia incarnata,134,new_primary
129652,Scutellaria parvula,141,historical_discovery_reserve
129672,Coreopsis major,168,new_primary
129677,Lespedeza bicolor,118,historical_discovery_reserve
129706,Dichrostachys cinerea,135,new_replication
129732,Disphyma crassifolium,104,historical_discovery_reserve
129759,Carpobrotus acinaciformis,172,new_primary
129834,Cephalanthera rubra,193,historical_p500
129850,Stachys sylvatica,174,historical_p500
129853,Geranium sanguineum,194,new_primary
129977,Viburnum prunifolium,186,new_primary
130044,Ruellia strepens,186,new_primary
130045,Galactia elliottii,177,historical_discovery_reserve
130124,Vernonia baldwinii,161,historical_p500
130175,Hyptis mutabilis,155,historical_p500
130184,Convolvulus equitans,182,new_replication
130192,Helianthus maximiliani,184,new_primary
130193,Ipomoea imperati,189,new_replication
130220,Rubus pedatus,181,new_primary
130228,Heracleum mantegazzianum,164,new_replication
130364,Taenidia integerrima,116,new_primary
130367,Osmorhiza claytonii,180,new_primary
130368,Osmorhiza longistylis,189,historical_p500
130369,Cicuta bulbifera,105,new_replication
130374,Cyanthillium cinereum,131,new_primary
130377,Solidago nemoralis,181,new_primary
130379,Liatris punctata,177,new_primary
130380,Liatris aspera,177,new_primary
130381,Liatris ligulistylis,164,new_replication
130382,Heliopsis helianthoides,185,historical_p500
130478,Astragalus alpinus,136,new_replication
130479,Homogyne alpina,152,historical_discovery_reserve
130492,Biscutella laevigata,127,historical_discovery_reserve
130537,Geum montanum,143,new_primary
130539,Rhododendron ferrugineum,190,new_primary
130543,Crepis aurea,115,new_replication
130545,Bistorta vivipara,177,historical_discovery_reserve
130554,Hydrangea arborescens,187,new_primary
130558,Gentiana acaulis,170,historical_discovery_reserve
130690,Rhexia virginica,182,historical_third
130694,Prenanthes purpurea,189,new_primary
130710,Tofieldia calyculata,186,new_primary
130712,Ranunculus alpestris,154,new_replication
130716,Cardamine pentaphyllos,110,new_replication
130717,Valeriana montana,112,historical_third
130718,Rhinanthus alectorolophus,189,new_replication
130720,Viola biflora,183,historical_third
130738,Melaleuca nesophila,108,new_primary
130743,Sesuvium portulacastrum,184,new_primary
130789,Waltheria indica,171,historical_third
130810,Symphyotrichum patens,152,new_primary
130869,Gomphrena serrata,127,historical_discovery_reserve
130872,Schinus terebinthifolia,166,historical_third
130888,Erechtites hieraciifolius,183,historical_discovery_reserve
130898,Collinsonia canadensis,192,historical_p500
130906,Geum vernum,104,new_primary
130950,Nabalus albus,191,historical_discovery_reserve
130951,Nabalus altissimus,171,historical_discovery_reserve
130989,Euthamia graminifolia,179,new_replication
130990,Lactuca floridana,180,new_primary
130991,Tradescantia virginiana,185,new_primary
130993,Desmodium paniculatum,174,new_primary
130998,Ludwigia alternifolia,165,new_replication
131003,Diodia virginiana,184,new_primary
131006,Mimulus alatus,192,new_primary
131125,Salix interior,135,new_replication
131140,Gentiana clusii,173,historical_discovery_reserve
131144,Bartsia alpina,182,new_replication
131153,Erigeron quercifolius,180,historical_discovery_reserve
131154,Eupatorium capillifolium,167,new_primary
131158,Rayjacksonia phyllocephala,111,new_primary
131167,Melanthera nivea,133,historical_third
131183,Solidago odora,140,new_primary
131196,Gentiana asclepiadea,189,new_primary
131201,Aconitum napellus,182,historical_third
131203,Succisa pratensis,185,historical_third
131208,Physalis walteri,142,new_replication
131222,Platanthera huronensis,111,historical_p500
131242,Canavalia rosea,186,new_primary
131555,Ipomoea sagittata,178,new_replication
131557,Melothria pendula,183,historical_discovery_reserve
131560,Euphorbia hirta,152,new_primary
131566,Alysicarpus vaginalis,112,historical_discovery_reserve
131568,Chamaecrista nictitans,167,new_primary
131578,Indigofera hirsuta,119,historical_p500
131581,Strophostyles umbellata,190,new_replication
131583,Vigna luteola,177,new_replication
131586,Colchicum autumnale,193,new_primary
131588,Polypremum procumbens,168,new_primary
131597,Sida ulmifolia,107,new_replication
131605,Orchis militaris,154,historical_discovery_reserve
131610,Gymnadenia conopsea,171,historical_third
131612,Melampyrum sylvaticum,160,new_primary
131617,Veronica urticifolia,173,new_primary
131622,Prunella grandiflora,189,new_replication
131623,Astrantia major,192,new_primary
131625,Symphytum tuberosum,181,new_replication
131637,Rhexia alifanus,149,historical_discovery_reserve
131642,Banksia ericifolia,164,historical_discovery_reserve
131656,Kosteletzkya pentacarpos,185,new_primary
131839,Gentianopsis ciliata,183,new_primary
131847,Cyclamen purpurascens,187,historical_p500
131848,Anthericum ramosum,171,new_primary
132051,Hypericum cistifolium,106,historical_p500
132078,Hyptis alata,152,new_primary
132118,Veronica spicata,188,historical_discovery_reserve
132127,Clinopodium brownei,120,new_primary
132130,Cochlospermum vitifolium,160,historical_discovery_reserve
132219,Houstonia purpurea,190,new_replication
132224,Lysimachia clethroides,184,historical_p500
132432,Paradisea liliastrum,119,historical_p500
132437,Saxifraga paniculata,175,new_primary
132448,Sida cordifolia,126,new_primary
132451,Tithonia diversifolia,156,historical_third
132458,Thunbergia alata,188,new_primary
132481,Cardamine amara,180,historical_discovery_reserve
132527,Rosa acicularis,184,new_replication
132602,Penstemon albidus,180,new_primary
132603,Gentiana verna,191,new_replication
132605,Primula auricula,163,new_primary
132608,Linaria alpina,180,historical_third
132612,Hornungia alpina,170,new_primary
132616,Soldanella alpina,179,new_primary
132620,Orchis provincialis,105,new_primary
132621,Orchis mascula,140,historical_discovery_reserve
132622,Potentilla erecta,189,new_primary
132627,Cruciata laevipes,176,new_primary
132679,Neptunia pubescens,111,new_primary
132685,Rhynchospora colorata,140,historical_discovery_reserve
132711,Hypericum punctatum,166,new_primary
132717,Eutrochium fistulosum,175,historical_discovery_reserve
132723,Tetraneuris scaposa,130,new_replication
132746,Mecardonia acuminata,101,historical_p500
132767,Chamaedaphne calyculata,188,new_primary
132848,Protea cynaroides,130,historical_p500
132849,Leonotis leonurus,141,new_primary
132855,Rubus pubescens,151,historical_discovery_reserve
133005,Actaea spicata,131,historical_discovery_reserve
133012,Ajuga pyramidalis,193,new_replication
133031,Chrysosplenium alternifolium,187,historical_discovery_reserve
133034,Daphne mezereum,198,new_replication
133036,Lycopus europaeus,174,historical_third
133038,Penthorum sedoides,170,new_primary
133064,Linum alpinum,108,historical_discovery_reserve
133074,Cnidoscolus texanus,175,historical_p500
133094,Scutellaria incana,105,new_primary
133104,Berberis repens,199,historical_third
133143,Cardamine raphanifolia,114,historical_p500
133145,Cruciata glabra,132,historical_discovery_reserve
133150,Ononis rotundifolia,111,new_replication
133164,Linaria triornithophora,170,historical_discovery_reserve
133231,Verbascum lychnitis,168,historical_third
133237,Hieracium paniculatum,185,historical_third
133252,Linaria repens,162,historical_third
133286,Solanum erianthum,130,historical_p500
133291,Rivina humilis,184,historical_p500
133293,Limonium carolinianum,188,new_primary
133294,Portulaca pilosa,194,historical_discovery_reserve
133304,Oldenlandia corymbosa,138,new_primary
133305,Houstonia procumbens,134,historical_third
133327,Lycium carolinianum,188,historical_p500
133328,Suriana maritima,179,new_replication
133331,Lantana involucrata,126,historical_discovery_reserve
133345,Prunus angustifolia,181,new_primary
133350,Impatiens balsamina,110,historical_discovery_reserve
133354,Oxydendrum arboreum,188,new_replication
133393,Viola labradorica,176,historical_third
133397,Buxus sempervirens,150,historical_discovery_reserve
133440,Eriogonum flavum,146,new_primary
133487,Bistorta officinalis,187,new_primary
133488,Hippocrepis comosa,166,historical_discovery_reserve
133492,Dactylorhiza majalis,183,new_primary
133517,Phyteuma spicatum,178,historical_discovery_reserve
133653,Cirsium oleraceum,175,historical_discovery_reserve
133660,Hillia parasitica,125,new_primary
133665,Voyria aphylla,159,historical_discovery_reserve
133720,Viola rupestris,133,new_primary
133740,Castilleja arvensis,179,new_replication
133918,Torilis japonica,167,new_primary
133951,Inula helenium,179,new_primary
134125,Cornus suecica,179,historical_discovery_reserve
134213,Scutellaria elliptica,123,historical_third
135211,Lindheimera texana,184,new_replication
135226,Pyrrhopappus pauciflorus,168,new_primary
135229,Buglossoides arvensis,179,new_primary
135243,Flaveria linearis,125,historical_p500
135261,Solidago juncea,190,new_replication
135262,Ipomoea lacunosa,187,new_primary
135263,Ipomoea cordatotriloba,170,historical_third
135347,Eremophila glabra,124,new_replication
135351,Grevillea lanigera,113,new_replication
135394,Lagerstroemia indica,118,historical_p500
136366,Gnaphalium uliginosum,103,historical_discovery_reserve
136367,Vicia caroliniana,183,new_replication
136373,Senna hebecarpa,137,historical_discovery_reserve
136376,Rudbeckia triloba,198,historical_discovery_reserve
136381,Cynanchum laeve,184,new_primary
136384,Verbesina occidentalis,179,historical_discovery_reserve
138458,Vicia tenuifolia,132,new_replication
138577,Senna pendula,172,new_primary
138594,Schotia afra,112,historical_p500
138674,Oxytropis lambertii,163,new_primary
138701,Podolobium ilicifolium,150,historical_p500
138900,Lupinus nootkatensis,134,new_primary
138980,Indigofera miniata,177,new_primary
139069,Geoffroea decorticans,138,new_primary
139079,Genista sagittalis,106,historical_third
139181,Desmodium intortum,160,historical_p500
139634,Astragalus crassicarpus,170,historical_p500
139642,Astragalus miser,123,historical_third
139851,Paraserianthes lophantha,175,new_replication
139880,Acacia ulicifolia,155,historical_discovery_reserve
139914,Acacia falcata,127,historical_third
140286,Thelymitra cyanea,162,new_primary
140593,Himantoglossum adriaticum,142,historical_discovery_reserve
140836,Caladenia catenata,136,historical_discovery_reserve
141177,Gloriosa superba,133,new_primary
141185,Commelina africana,137,new_primary
141278,Tillandsia geminiflora,105,historical_p500
141508,Echeandia flavescens,187,new_primary
141532,Anemone berlandieri,155,historical_p500
141623,Platycodon grandiflorus,165,new_primary
141634,Leonotis nepetifolia,184,historical_discovery_reserve
141767,Veronicastrum virginicum,192,new_replication
141854,Urtica gracilis,151,new_primary
141855,Symplocos tinctoria,122,historical_discovery_reserve
142279,Symphyotrichum pilosum,137,historical_discovery_reserve
142283,Megaskepasma erythrochlamys,119,historical_discovery_reserve
142299,Gentiana lutea,133,new_primary
142653,Agalinis heterophylla,116,historical_p500
142654,Rudbeckia fulgida,194,new_primary
142655,Penstemon cobaea,158,historical_p500
142693,Viburnum rafinesqueanum,113,new_primary
142730,Hieracium scabrum,183,new_primary
142979,Vernonia noveboracensis,172,historical_discovery_reserve
143148,Castilleja tenuiflora,176,historical_third
143321,Nemastylis tenuis,172,new_primary
143341,Isopogon anemonifolius,171,new_primary
143356,Kennedia prostrata,157,historical_discovery_reserve
143359,Drosera macrantha,132,historical_discovery_reserve
143360,Drosera glanduligera,156,new_primary
143409,Rhododendron prinophyllum,173,new_primary
143416,Pinguicula alpina,153,new_primary
143417,Rhododendron hirsutum,187,new_primary
143418,Salvia glutinosa,176,historical_discovery_reserve
143422,Ageratum conyzoides,162,new_primary
143469,Clematis crispa,161,new_replication
143508,Lonicera villosa,128,new_primary
143558,Kummerowia striata,117,historical_p500
143666,Erigeron acris,150,historical_p500
143674,Penstemon serrulatus,168,new_primary
143675,Cirsium edule,100,new_primary
143701,Scutellaria racemosa,121,new_replication
143793,Prunus padus,184,new_primary
143799,Sambucus cerulea,192,historical_third
143803,Persicaria longiseta,178,historical_third
143859,Pseudognaphalium obtusifolium,173,new_primary
143872,Caladenia lyallii,147,new_replication
143937,Glandularia gooddingii,143,new_replication
143955,Hedychium coronarium,175,new_primary
144047,Persicaria virginiana,187,historical_discovery_reserve
144086,Banksia sessilis,162,historical_p500
144149,Mitella nuda,137,historical_third
144152,Saxifraga aizoides,179,new_primary
144157,Saxifraga hirculus,128,historical_p500
144177,Saxifraga tricuspidata,143,new_primary
144183,Diapensia lapponica,142,new_primary
144185,Cerastium alpinum,115,new_primary
144192,Euonymus obovatus,132,historical_discovery_reserve
144193,Ionactis linariifolia,184,new_primary
144194,Solidago ptarmicoides,189,historical_discovery_reserve
144275,Fritillaria pyrenaica,119,historical_discovery_reserve
144305,Penstemon fruticosus,159,new_primary
145367,Hypericum gentianoides,145,historical_third
145401,Phyllanthus calycinus,106,new_primary
145403,Hibbertia hypericoides,164,historical_third
145427,Daviesia decurrens,106,new_primary
145430,Hakea lissocarpha,112,new_replication
145432,Hovea trisperma,129,new_primary
145506,Caladenia flava,118,new_primary
145516,Hardenbergia comptoniana,178,historical_p500
145537,Ranunculus lanuginosus,145,new_primary
145601,Fagopyrum esculentum,159,new_primary
145669,Stylidium androsaceum,110,historical_third
145703,Stylidium graminifolium,164,new_replication
145732,Gentianopsis thermalis,144,historical_third
146589,Milla biflora,129,historical_p500
146593,Tigridia pavonia,173,new_primary
146597,Dahlia coccinea,152,historical_third
146622,Loeselia mexicana,157,historical_discovery_reserve
146643,Canna indica,164,new_primary
146680,Salvia patens,145,new_primary
146715,Arnoglossum atriplicifolium,124,new_primary
146717,Solidago bicolor,169,new_primary
146786,Hypoestes aristata,109,historical_third
146853,Euphorbia paralias,175,new_primary
146876,Malva alcea,129,new_primary
146883,Begonia gracilis,144,new_replication
146900,Mertensia paniculata,153,new_replication
147037,Jeffersonia diphylla,192,new_primary
147182,Himantoglossum hircinum,156,new_replication
147187,Leucogenes grandiceps,169,historical_third
147192,Chiloglottis cornuta,142,new_replication
147196,Echium wildpretii,101,historical_p500
147224,Raoulia grandiflora,101,new_primary
147293,Viola reichenbachiana,189,new_replication
147467,Xerochrysum bracteatum,123,new_primary
147990,Bouvardia ternifolia,166,new_primary
147996,Sanvitalia procumbens,115,new_primary
148006,Salvia farinacea,171,historical_third
148013,Orthrosanthus chimboracensis,170,new_primary
148019,Clematis pitcheri,187,historical_discovery_reserve
148098,Lonicera utahensis,181,new_primary
148119,Gaillardia pinnatifida,106,historical_p500
148137,Lygodesmia juncea,129,new_primary
148240,Eriochilus cucullatus,148,new_primary
148354,Lobelia laxiflora,179,new_primary
148405,Escobaria vivipara,178,new_replication
148406,Euphorbia albomarginata,154,new_primary
148407,Euphorbia fendleri,135,new_replication
148940,Allium textile,175,new_primary
151797,Aronia arbutifolia,120,historical_third
152133,Elephantopus tomentosus,174,historical_discovery_reserve
153003,Rubus chamaemorus,149,historical_discovery_reserve
153154,Scadoxus puniceus,171,new_primary
153174,Commelina forskaolii,154,new_replication
153208,Ilex mucronata,171,historical_p500
153213,Cirsium ehrenbergii,136,new_replication
153338,Senecio callosus,184,historical_p500
153373,Cassiope tetragona,139,new_primary
153386,Salvia elegans,166,new_primary
153412,Corydalis scouleri,183,new_replication
153439,Zinnia peruviana,179,historical_p500
153440,Cercis siliquastrum,177,historical_discovery_reserve
153441,Symphyotrichum cordifolium,171,new_primary
153479,Delphinium menziesii,128,new_primary
153911,Salvia mexicana,163,new_primary
153922,Lopezia racemosa,131,new_primary
153942,Rhododendron canadense,191,historical_discovery_reserve
153953,Salvia tiliifolia,174,historical_discovery_reserve
153954,Tagetes lunulata,175,new_primary
153994,Tinantia erecta,143,historical_discovery_reserve
154022,Tithonia tubaeformis,131,historical_discovery_reserve
154156,Croton setiger,159,new_primary
154224,Lysimachia nemorum,185,historical_discovery_reserve
154238,Oxytropis campestris,167,historical_discovery_reserve
154290,Ceiba speciosa,138,new_primary
154320,Gentianopsis crinita,128,historical_third
154328,Pedicularis lanceolata,100,new_primary
154466,Alpinia purpurata,117,new_replication
154473,Pycnanthemum virginianum,177,historical_discovery_reserve
154502,Lilium catesbaei,141,new_primary
154524,Smilax herbacea,116,new_primary
154543,Cunila origanoides,153,historical_discovery_reserve
154563,Polygonella articulata,127,new_primary
154776,Alpinia zerumbet,161,new_primary
154825,Physalis virginiana,104,new_primary
154827,Hippobroma longiflora,170,historical_p500
155124,Cornus sanguinea,189,historical_discovery_reserve
155196,Prostanthera lasianthos,135,historical_p500
155224,Dipodium roseum,137,historical_p500
155483,Phytolacca octandra,185,historical_discovery_reserve
155484,Phytolacca acinosa,187,new_primary
155794,Tordylium apulum,113,new_primary
155806,Tinantia anomala,172,new_primary
157239,Ellisia nyctelea,162,new_primary
157393,Galega officinalis,179,new_primary
157498,Heimia salicifolia,103,historical_p500
157642,Houttuynia cordata,185,historical_p500
157838,Abutilon fruticosum,138,historical_discovery_reserve
157839,Abutilon grandifolium,138,new_primary
157881,Acacia terminalis,174,historical_p500
157924,Achillea filipendulina,107,historical_third
157960,Achyranthes aspera,106,new_primary
157972,Acleisanthes obtusa,167,new_primary
157995,Acourtia runcinata,121,new_primary
157997,Acourtia wrightii,122,new_replication
158030,Adonis vernalis,159,new_primary
158043,Aethusa cynapium,120,historical_discovery_reserve
158068,Agalinis purpurea,177,new_primary
158076,Agastache foeniculum,164,new_primary
158108,Ageratina havanensis,139,historical_discovery_reserve
158112,Ageratina riparia,122,new_primary
158116,Ageratum corymbosum,158,new_primary
158185,Allium oleraceum,165,historical_p500
158194,Allium scorodoprasum,178,historical_discovery_reserve
158212,Alophia drummondii,191,new_replication
158234,Althaea cannabina,143,historical_p500
158261,Amblyolepis setigera,140,new_replication
158286,Amorpha canescens,170,historical_p500
158365,Anemone parviflora,123,historical_p500
158380,Angelica sylvestris,176,historical_third
158452,Apium prostratum,137,new_primary
158457,Apteria aphylla,120,new_primary
158459,Aquilegia brevistyla,168,historical_discovery_reserve
158462,Aquilegia elegantula,191,new_primary
158463,Aquilegia flavescens,183,new_primary
158472,Arabis alpina,159,new_primary
158552,Arbutus xalapensis,126,historical_discovery_reserve
158606,Argemone aenea,154,new_primary
158613,Argemone sanguinea,179,new_primary
158615,Argentina anserina,147,new_primary
158733,Asclepias brachystephana,113,new_primary
158740,Asclepias glaucescens,175,new_primary
158744,Asclepias lanceolata,165,historical_p500
158752,Asclepias obovata,116,historical_third
158753,Asclepias oenotheroides,164,new_replication
158762,Asclepias texana,164,new_replication
158763,Asclepias viridiflora,179,historical_p500
158766,Asimina angustifolia,190,historical_third
158767,Asimina incana,171,new_primary
158768,Asimina obovata,157,new_replication
158769,Asimina parviflora,150,historical_third
158843,Astragalus bisulcatus,108,new_primary
158900,Astragalus glycyphyllos,180,historical_discovery_reserve
158940,Astragalus missouriensis,144,historical_third
159031,Astragalus utahensis,123,new_primary
159049,Asystasia gangetica,169,new_primary
159098,Atropa bella-donna,196,historical_third
159174,Barkleyanthus salicifolius,182,new_primary
159197,Bauhinia galpinii,122,historical_third
159213,Berlandiera lyrata,117,historical_third
159273,Blephilia ciliata,127,historical_discovery_reserve
159276,Bletia purpurea,161,new_primary
159452,Briza media,116,new_primary
159507,Bryonia alba,102,historical_discovery_reserve
159601,Bunias orientalis,154,historical_discovery_reserve
159613,Byrsonima lucida,175,historical_third
159672,Callirhoe leiocarpa,196,new_primary
159674,Callirhoe pedata,164,historical_p500
159696,Calochortus subalpinus,178,new_primary
159699,Calopogon barbatus,104,historical_discovery_reserve
159702,Calopogon pallidus,116,new_primary
159727,Calystegia spithamaea,138,historical_discovery_reserve
159760,Campanula latifolia,142,historical_discovery_reserve
159761,Campanula medium,109,new_primary
159763,Campanula patula,179,historical_discovery_reserve
159764,Campanula persicifolia,155,historical_third
159769,Campanulastrum americanum,161,historical_p500
159806,Canadanthus modestus,111,new_replication
159818,Canna glauca,169,new_replication
159827,Caragana arborescens,167,new_primary
159830,Cardamine bulbosa,192,new_primary
159836,Cardamine impatiens,199,new_primary
159854,Carduus crispus,159,historical_p500
159951,Carex flacca,106,historical_p500
160108,Carex sprengelii,176,historical_discovery_reserve
160162,Carum carvi,153,new_primary
160172,Cassytha filiformis,121,new_primary
160199,Castilleja integra,127,new_replication
160222,Castilleja septentrionalis,146,new_primary
160259,Celosia argentea,162,historical_third
160277,Centaurea nigrescens,134,new_replication
160297,Centratherum punctatum,165,historical_discovery_reserve
160347,Cerastium tomentosum,163,historical_third
160348,Ceratocephala testiculata,167,new_primary
160359,Ceratotheca triloba,163,historical_p500
160364,Cevallia sinuata,136,new_primary
160369,Chaenomeles speciosa,108,new_primary
160370,Chaerophyllum tainturieri,114,new_primary
160457,Chaptalia tomentosa,170,new_primary
160493,Chelone lyonii,193,historical_discovery_reserve
160538,Chrysactinia mexicana,138,new_primary
160557,Chrysopsis mariana,140,new_replication
160623,Cirsium palustre,188,new_replication
160652,Citharexylum berlandieri,128,new_replication
160679,Clematis alpina,174,new_primary
160688,Clematis hirsutissima,149,new_replication
160697,Clematis vitalba,185,new_replication
160705,Cleome rutidosperma,150,new_primary
160710,Cleome viscosa,177,new_replication
160739,Clerodendrum bungei,109,historical_p500
160750,Cliftonia monophylla,145,new_primary
160754,Clinopodium coccineum,180,historical_p500
160757,Clinopodium gracile,155,historical_discovery_reserve
160759,Clitoria ternatea,171,historical_p500
160765,Cnidoscolus stimulosus,185,historical_p500
160766,Coccinia grandis,147,new_primary
160814,Colubrina texensis,131,historical_p500
160817,Commelina dianthifolia,181,new_replication
160818,Commelina diffusa,190,historical_discovery_reserve
160873,Cordia boissieri,172,new_primary
160878,Cordia sebestena,160,new_primary
160885,Coreopsis basalis,158,new_primary
160904,Coreopsis rosea,103,historical_p500
160957,Crassocephalum crepidioides,148,new_replication
161116,Crepis biennis,110,historical_discovery_reserve
161148,Crotalaria retusa,128,new_primary
161150,Crotalaria spectabilis,145,new_replication
161255,Cuphea carthagenensis,159,new_replication
161429,Cyperus dentatus,112,historical_discovery_reserve
161505,Cypripedium guttatum,110,historical_discovery_reserve
161639,Datura innoxia,165,historical_third
161655,Delphinium barbeyi,142,new_replication
161657,Delphinium bicolor,122,historical_discovery_reserve
161660,Delphinium carolinianum,110,new_replication
161678,Delphinium sutherlandii,145,historical_discovery_reserve
161763,Dianthus chinensis,129,new_primary
161765,Dianthus seguieri,131,new_replication
161826,Dicliptera brachiata,145,historical_discovery_reserve
161875,Dictamnus albus,186,new_primary
161899,Digitalis lutea,182,historical_third
161939,Diplacus calycinus,173,historical_p500
161945,Diplacus longiflorus,190,new_replication
161947,Diplacus puniceus,169,historical_discovery_reserve
162093,Drosera brevifolia,108,historical_discovery_reserve
162098,Dryas integrifolia,119,new_primary
162153,Duranta erecta,181,new_primary
162161,Ecballium elaterium,171,new_replication
162167,Echinacea angustifolia,173,new_replication
162202,Echinops ritro,167,historical_third
162205,Echium creticum,187,historical_third
162206,Echium italicum,183,historical_discovery_reserve
162209,Ehretia anacua,185,historical_discovery_reserve
162212,Elaeagnus commutata,116,new_primary
162214,Elaeagnus pungens,133,new_primary
162267,Elephantopus mollis,102,new_primary
162364,Epilobium montanum,158,new_primary
162431,Erica tetralix,174,historical_discovery_reserve
162547,Erigeron vernus,147,historical_p500
162620,Eriogonum jamesii,103,historical_discovery_reserve
162640,Eriogonum niveum,144,historical_discovery_reserve
162697,Eryngium amethystinum,188,historical_p500
162699,Eryngium campestre,164,historical_p500
162707,Eryngium maritimum,188,historical_p500
162710,Eryngium planum,139,historical_discovery_reserve
162718,Erythrina crista-galli,170,historical_third
162719,Erythronium dens-canis,192,new_primary
162725,Erythronium umbilicatum,194,new_primary
162726,Escallonia rubra,168,historical_discovery_reserve
162801,Eupatorium rotundifolium,109,new_replication
162829,Euphorbia heterophylla,140,historical_p500
162851,Euphorbia serrata,150,new_primary
162879,Eurybia conspicua,161,historical_third
162890,Eurybia sibirica,122,new_primary
162895,Euryops chrysanthemoides,144,new_primary
162913,Evolvulus alsinoides,185,new_primary
162927,Eysenhardtia texana,182,historical_discovery_reserve
163035,Florestina tripteris,120,new_primary
163075,Frasera fastigiata,133,historical_discovery_reserve
163112,Fuchsia magellanica,191,new_primary
163164,Galeopsis angustifolia,164,new_primary
163165,Galeopsis speciosa,181,new_replication
163166,Galium album,134,historical_p500
163184,Galium palustre,173,historical_discovery_reserve
163193,Galphimia angustifolia,129,new_primary
163222,Genista tinctoria,155,new_replication
163223,Gentiana alba,115,historical_p500
163229,Gentiana linearis,169,historical_discovery_reserve
163230,Gentiana nivalis,160,new_primary
163256,Geranium caespitosum,172,historical_discovery_reserve
163265,Geranium sibiricum,165,historical_discovery_reserve
163266,Geranium thunbergii,153,historical_p500
163276,Geum rossii,140,new_replication
163327,Gliricidia sepium,142,new_primary
163447,Guzmania monostachia,106,historical_discovery_reserve
163478,Gypsophila repens,178,new_primary
163518,Hamamelis vernalis,117,historical_discovery_reserve
163580,Hedysarum alpinum,127,new_primary
163596,Helianthella quinquenervis,100,new_primary
163639,Heliconia bihai,140,new_primary
163640,Heliconia latispatha,175,historical_p500
163661,Helleborus viridis,159,historical_discovery_reserve
163682,Heracleum sphondylium,169,new_replication
163683,Herbertia lahue,193,historical_discovery_reserve
163767,Hibiscus laevis,195,new_primary
163769,Hibiscus martianus,178,new_primary
163844,Houstonia serpyllifolia,178,new_primary
163870,Hydrocotyle americana,152,historical_discovery_reserve
163871,Hydrocotyle bonariensis,163,historical_p500
163950,Hyoscyamus albus,177,new_replication
163951,Hyoscyamus niger,185,new_primary
163969,Hypericum gramineum,158,new_replication
163974,Hypericum humifusum,129,new_primary
163978,Hypericum maculatum,151,historical_third
164056,Imperata cylindrica,138,new_replication
164063,Indigofera spicata,138,historical_third
164075,Ipomoea alba,169,new_replication
164076,Ipomoea amnicola,178,historical_discovery_reserve
164077,Ipomoea aquatica,121,new_primary
164083,Ipomoea cristulata,170,historical_p500
164086,Ipomoea lindheimeri,161,new_replication
164091,Ipomoea nil,143,historical_discovery_reserve
164092,Ipomoea obscura,163,historical_p500
164138,Iris verna,167,new_primary
164215,Jacquemontia tamnifolia,180,new_primary
164225,Janusia gracilis,103,new_primary
164229,Jasminum mesnyi,100,new_primary
164239,Jatropha dioica,106,new_primary
164328,Kalanchoe delagoensis,186,new_primary
164369,Krigia cespitosa,105,new_primary
164421,Lantana achyranthifolia,150,new_replication
164422,Lantana canescens,113,new_primary
164426,Lantana velutina,140,historical_third
164440,Lathyrus ochroleucus,131,historical_p500
164444,Lathyrus venosus,113,new_primary
164501,Leontodon hispidus,150,new_primary
164566,Lespedeza cuneata,187,historical_third
164662,Leucophysalis nana,175,new_primary
164703,Liatris squarrosa,151,new_replication
164714,Lomatium ambiguum,114,new_primary
164720,Lomatium columbianum,154,historical_discovery_reserve
164730,Lomatium geyeri,128,historical_discovery_reserve
164763,Lonicera fragrantissima,190,new_primary
164834,Lotus pedunculatus,195,new_primary
164857,Ludwigia leptocarpa,119,new_replication
164861,Ludwigia octovalvis,166,historical_p500
164898,Lupinus havardii,179,historical_discovery_reserve
164926,Lupinus sericeus,102,new_primary
164975,Lycoris radiata,175,new_primary
164984,Lygodesmia texana,188,new_replication
165013,Lysimachia quadriflora,116,new_replication
165027,Macaranga tanarius,109,new_primary
165059,Macroptilium atropurpureum,174,historical_p500
165060,Macroptilium lathyroides,170,historical_third
165102,Malpighia glabra,111,new_replication
165115,Malvastrum coromandelianum,181,new_primary
165118,Malvaviscus penduliflorus,119,historical_p500
165190,Matelea edwardsensis,143,historical_discovery_reserve
165197,Matelea reticulata,180,new_primary
165207,Mecardonia procumbens,173,historical_discovery_reserve
165217,Melampodium cinereum,143,new_primary
165229,Melastoma candidum,104,historical_discovery_reserve
165230,Melastoma malabathricum,151,historical_discovery_reserve
165294,Melochia pyramidata,169,new_primary
165296,Melochia tomentosa,164,historical_p500
165298,Menodora heterophylla,166,new_primary
165343,Mertensia brevistyla,112,new_replication
165348,Mertensia lanceolata,107,new_primary
165350,Mertensia maritima,182,new_replication
165389,Mikania micrantha,150,new_primary
165392,Mimetanthe pilosa,175,new_primary
165394,Mimosa borealis,197,new_primary
165395,Mimosa dysocarpa,169,historical_p500
165400,Mimosa strigillosa,191,new_primary
165401,Mimosa texana,136,new_primary
165493,Moehringia lateriflora,159,new_primary
165505,Monarda clinopodia,189,new_replication
165527,Moricandia arvensis,115,historical_discovery_reserve
165586,Muntingia calabura,182,new_primary
165590,Muscari comosum,172,new_primary
165669,Nemastylis geminiflora,191,historical_discovery_reserve
165704,Nicotiana longiflora,111,historical_discovery_reserve
165706,Nicotiana repanda,152,new_primary
165749,Nyctaginia capitata,187,new_primary
165750,Nymphaea ampla,186,new_primary
165759,Nymphoides indica,152,historical_discovery_reserve
165763,Ochna serrulata,108,historical_discovery_reserve
165770,Oclemena nemoralis,176,new_primary
165793,Oenothera drummondii,174,historical_p500
165812,Oenothera parviflora,109,new_replication
165820,Oenothera triloba,151,new_primary
165840,Omphalodes verna,117,historical_discovery_reserve
165876,Opuntia cochenillifera,131,new_primary
165891,Opuntia macrorhiza,104,historical_discovery_reserve
165894,Opuntia monacantha,175,new_primary
165927,Ornithogalum pyrenaicum,182,new_primary
165988,Oxalis dichondrifolia,126,new_primary
165991,Oxalis hirta,155,historical_p500
165994,Oxalis montana,170,new_replication
166025,Oxytropis sericea,168,new_primary
166061,Palafoxia texana,101,historical_discovery_reserve
166157,Parthenium confertum,147,historical_discovery_reserve
166216,Passiflora subpeltata,117,new_primary
166218,Passiflora vitifolia,195,new_replication
166219,Pavonia lasiopetala,189,historical_p500
166253,Pedicularis verticillata,161,historical_discovery_reserve
166263,Pediomelum argophyllum,143,historical_discovery_reserve
166281,Pediomelum rhombifolium,143,new_primary
166328,Penstemon barbatus,178,new_primary
166372,Penstemon gracilis,142,new_replication
166406,Penstemon nitidus,132,new_primary
166444,Penstemon strictus,139,historical_third
166459,Penstemon virens,120,new_replication
166466,Pentaglottis sempervirens,173,new_primary
166605,Phacelia purshii,195,historical_third
166690,Phlox carolina,103,new_primary
166706,Phlox longifolia,163,historical_discovery_reserve
166722,Phlox roemeriana,149,historical_discovery_reserve
166724,Phlox stolonifera,182,new_primary
166757,Phyllanthus tenellus,177,new_primary
166760,Phyllodoce caerulea,129,new_primary
166852,Physocarpus malvaceus,158,historical_discovery_reserve
166867,Picris hieracioides,126,new_replication
166880,Pimpinella saxifraga,140,new_primary
167010,Plantago rugelii,109,new_primary
167067,Pluchea camphorata,157,new_primary
167116,Podranea ricasoliana,116,historical_third
167210,Polygala vulgaris,146,new_replication
167309,Portulaca grandiflora,193,new_primary
167315,Portulaca suffrutescens,128,historical_discovery_reserve
167316,Portulaca umbraticola,191,historical_discovery_reserve
167373,Potentilla reptans,183,historical_p500
167428,Primula mistassinica,169,new_primary
167472,Prunus tomentosa,133,new_primary
167477,Pseuderanthemum variabile,174,new_primary
167598,Pulicaria dysenterica,168,new_primary
167599,Pulmonaria officinalis,182,historical_third
167622,Pyrola grandiflora,116,new_primary
167722,Ranunculus fascicularis,169,new_replication
167723,Ranunculus glacialis,145,historical_discovery_reserve
167753,Ranunculus rhomboideus,159,new_replication
167774,Reichardia tingitana,151,new_replication
167780,Reseda phyteuma,158,new_replication
167803,Rhinanthus serotinus,133,historical_third
167817,Rhododendron lapponicum,161,new_primary
167829,Rhus typhina,189,new_primary
167843,Rhynchosida physocalyx,100,historical_third
167940,Richardia brasiliensis,173,new_primary
167973,Rorippa sylvestris,169,new_primary
167976,Rosa bracteata,132,new_primary
167982,Rosa gallica,173,new_replication
167993,Rosa spinosissima,187,new_primary
168041,Rubus deliciosus,137,historical_p500
168207,Rudbeckia subtomentosa,189,new_primary
168215,Ruellia drummondiana,116,new_primary
168218,Ruellia metziae,161,historical_discovery_reserve
168220,Ruellia nudiflora,182,new_primary
168221,Ruellia occidentalis,123,historical_p500
168304,Sairocarpus coulterianus,151,new_primary
168306,Sairocarpus multiflorus,170,new_primary
168335,Salix glauca,129,new_primary
168376,Salvia ballotiflora,168,new_replication
168386,Salvia microphylla,177,new_primary
168387,Salvia nemorosa,166,historical_discovery_reserve
168393,Salvia regla,116,historical_p500
168395,Salvia roemeriana,141,historical_p500
168400,Salvia texana,126,historical_discovery_reserve
168407,Samolus valerandi,127,historical_p500
168412,Sanicula europaea,183,new_primary
168442,Satureja montana,129,historical_discovery_reserve
168479,Saxifraga tridactylites,182,historical_discovery_reserve
168481,Scabiosa ochroleuca,167,new_replication
168651,Scleranthus perennis,119,historical_p500
168725,Scutellaria serrata,156,historical_discovery_reserve
168738,Sedum hispanicum,159,historical_third
168750,Sedum sexangulare,168,new_replication
168820,Senecio madagascariensis,154,new_primary
168843,Senna lindheimeriana,166,historical_discovery_reserve
168847,Senna occidentalis,148,new_primary
168852,Senna roemeriana,172,new_replication
168857,Sericocarpus linifolius,103,historical_discovery_reserve
168925,Sida ciliaris,177,new_primary
168940,Sidalcea candida,140,historical_discovery_reserve
168955,Sigesbeckia orientalis,146,new_primary
168976,Silene rotundifolia,103,historical_discovery_reserve
168993,Silphium integrifolium,180,historical_discovery_reserve
169002,Simsia calva,141,historical_p500
169060,Solanum diphyllum,130,new_primary
169078,Solanum pseudocapsicum,164,historical_discovery_reserve
169083,Solanum seaforthianum,160,historical_third
169087,Solanum triquetrum,164,new_replication
169109,Solidago hispida,115,historical_discovery_reserve
169144,Sorbaria sorbifolia,189,new_primary
169171,Spermacoce verticillata,162,new_primary
169182,Sphaeralcea lindheimeri,101,new_primary
169309,Stachys arvensis,150,new_primary
169314,Stachys drummondii,155,historical_p500
169322,Stachytarpheta jamaicensis,166,new_primary
169389,Stevia serrata,161,historical_discovery_reserve
169448,Symphoricarpos occidentalis,169,new_primary
169455,Symphyotrichum ciliolatum,178,new_primary
169457,Symphyotrichum divaricatum,136,historical_third
169474,Symphyotrichum novi-belgii,172,new_primary
169489,Symphyotrichum squamatum,109,new_primary
169492,Symphyotrichum urophyllum,161,new_primary
169498,Synandra hispidula,192,historical_p500
169500,Synedrella nodiflora,119,historical_third
169528,Talinum aurantiacum,149,new_replication
169540,Talinum paniculatum,175,historical_discovery_reserve
169551,Tamaulipa azurea,164,new_primary
169625,Tetraneuris herbacea,144,new_primary
169650,Teucrium laciniatum,113,historical_p500
169657,Thalictrum dasycarpum,142,new_primary
169675,Thelesperma filifolium,149,historical_discovery_reserve
169720,Thermopsis rhombifolia,135,new_primary
169741,Thunbergia erecta,100,new_primary
169752,Thymus praecox,165,historical_discovery_reserve
169753,Thymus pulegioides,177,new_primary
169769,Tillandsia tenuifolia,104,historical_discovery_reserve
169780,Tithonia rotundifolia,153,new_primary
169844,Townsendia hookeri,104,new_primary
169872,Tradescantia pallida,164,new_primary
169880,Tradescantia subaspera,120,new_primary
169944,Tridax procumbens,156,new_primary
169982,Trigonotis peduncularis,114,historical_discovery_reserve
169983,Trillium catesbaei,184,new_replication
169984,Trillium cernuum,188,new_primary
169988,Trillium foetidissimum,111,new_replication
169999,Trillium rugelii,113,new_replication
170001,Trillium stamineum,140,historical_p500
170002,Trillium sulcatum,139,new_primary
170005,Trillium vaseyi,182,new_primary
170020,Tripolium pannonicum,152,historical_discovery_reserve
170046,Trixis inula,125,historical_discovery_reserve
170055,Turnera ulmifolia,159,new_primary
170070,Ungnadia speciosa,184,new_primary
170089,Utricularia purpurea,168,historical_third
170106,Vaccinium myrsinites,124,historical_third
170113,Valeriana edulis,183,new_replication
170114,Valeriana pauciflora,176,new_primary
170140,Verbascum phlomoides,159,new_primary
170141,Verbascum phoeniceum,159,historical_third
170148,Verbena halei,134,new_replication
170150,Verbena macdougalii,109,new_replication
170159,Verbena simplex,187,new_primary
170166,Verbesina microptera,161,historical_third
170185,Veronica alpina,118,historical_discovery_reserve
170188,Veronica cymbalaria,178,historical_discovery_reserve
170192,Veronica longifolia,179,historical_discovery_reserve
170203,Viburnum plicatum,193,new_primary
170209,Vicia grandiflora,171,new_primary
170210,Vicia hybrida,139,new_replication
170221,Viguiera dentata,169,historical_third
170230,Vinca herbacea,106,new_primary
170255,Viola pedatifida,151,historical_p500
170261,Viola septemloba,157,new_primary
170271,Vitex agnus-castus,185,historical_discovery_reserve
170285,Wahlenbergia marginata,137,new_primary
170344,Xanthorhiza simplicissima,180,historical_discovery_reserve
170358,Xyris caroliniana,144,historical_discovery_reserve
170366,Xyris jupicai,115,new_primary
170397,Yucca torreyi,114,new_primary
170415,Zephyranthes candida,118,new_primary
170440,Zinnia grandiflora,127,new_replication
178209,Pentachondra pumila,157,historical_third
179305,Rhaphiolepis indica,167,new_primary
179648,Aphyllanthes monspeliensis,189,historical_discovery_reserve
179772,Dichromanthus cinnabarinus,178,new_primary
179786,Hepatica acutiloba,177,historical_discovery_reserve
180413,Rhododendron groenlandicum,184,historical_third
181509,Linaria supina,140,new_primary
181594,Euphorbia characias,171,new_primary
181610,Polygala myrtifolia,153,new_replication
181615,Lycium ferocissimum,183,historical_discovery_reserve
181666,Teucrium fruticans,113,historical_third
181739,Dipogon lignosus,149,new_primary
181891,Diplotaxis erucoides,183,new_primary
181901,Zinnia elegans,189,historical_discovery_reserve
181934,Quillaja saponaria,114,new_primary
183233,Aegiceras corniculatum,165,historical_discovery_reserve
183254,Aeschynanthus acuminatus,109,new_primary
183320,Anarrhinum bellidifolium,157,historical_discovery_reserve
184016,Corokia cotoneaster,113,new_primary
186128,Lithodora fruticosa,158,new_primary
189743,Bellis annua,161,historical_discovery_reserve
193656,Hypochaeris sessiliflora,107,new_replication
193952,Ramonda myconi,148,historical_p500
194147,Loeselia glandulosa,144,historical_discovery_reserve
194529,Salvia lavanduloides,154,historical_discovery_reserve
194530,Clematis paniculata,165,historical_p500
194555,Helichrysum arenarium,140,new_primary
194766,Chamaescilla corymbosa,140,historical_p500
194790,Guaiacum angustifolium,190,historical_discovery_reserve
196520,Correa alba,176,historical_p500
196966,Nymphaea candida,129,historical_third
197048,Rubus cissoides,115,new_primary
197063,Melicytus ramiflorus,133,new_primary
198885,Amelanchier ovalis,189,new_replication
198887,Rosa pendulina,114,new_replication
198888,Aquilegia atrata,187,new_primary
199181,Gymnadenia rhellicani,114,historical_discovery_reserve
199324,Agapanthus praecox,184,historical_discovery_reserve
199400,Chromolaena odorata,130,new_primary
199511,Argemone ochroleuca,147,new_primary
199614,Fagonia cretica,110,new_primary
199876,Pallenis maritima,157,new_primary
200050,Acmella repens,142,new_primary
200052,Euphorbia nutans,143,historical_discovery_reserve
200053,Euphorbia prostrata,148,new_primary
200054,Euphorbia serpens,162,historical_discovery_reserve
200071,Citrus trifoliata,196,new_replication
200073,Rudbeckia amplexicaulis,192,new_primary
200074,Gonolobus suberosus,188,historical_discovery_reserve
200075,Smallanthus uvedalia,183,historical_discovery_reserve
200847,Pittosporum eugenioides,101,historical_p500
202282,Helianthemum apenninum,175,new_replication
202500,Anthericum liliago,183,new_primary
202635,Hypochaeris albiflora,176,new_replication
202757,Cylindropuntia leptocaulis,185,new_primary
203000,Serapias lingua,165,new_primary
203827,Ligustrum quihoui,173,historical_third
204148,Capnoides sempervirens,192,new_primary
204152,Eubotrys racemosus,118,new_primary
204156,Hylodesmum glutinosum,196,new_primary
204160,Ligustrum obtusifolium,197,historical_discovery_reserve
204163,Micranthes pensylvanica,127,historical_p500
204164,Nuphar variegata,164,new_replication
204167,Scorzoneroides autumnalis,153,historical_p500
204170,Crocanthemum canadense,119,historical_third
204172,Fallopia scandens,121,new_primary
204173,Hylodesmum nudiflorum,184,new_primary
204174,Lysimachia borealis,196,new_primary
204175,Lysimachia maritima,179,new_primary
204176,Micranthes virginiensis,156,historical_p500
204179,Persicaria sagittata,164,new_replication
204237,Ampelopsis glandulosa,169,new_primary
204246,Atocion armeria,170,new_replication
204271,Circaea canadensis,177,historical_discovery_reserve
204272,Clinopodium acinos,162,new_replication
204304,Drymocallis arguta,181,new_primary
204321,Ficaria verna,197,new_replication
204330,Iris domestica,158,historical_discovery_reserve
204337,Kalmia procumbens,179,new_primary
204339,Lamium galeobdolon,198,new_replication
204340,Lamprocapnos spectabilis,197,historical_discovery_reserve
204348,Lithospermum officinale,168,new_primary
204355,Medicago falcata,155,new_primary
204364,Neottia cordata,149,new_primary
204370,Oenothera gaura,176,historical_p500
204375,Persicaria chinensis,136,new_replication
204377,Persicaria nepalensis,155,historical_discovery_reserve
204388,Potentilla alba,172,historical_third
204391,Potentilla verna,168,new_primary
204420,Strophostyles helvola,192,historical_discovery_reserve
204850,Caladenia latifolia,150,historical_third
204906,Tripterococcus brunonis,115,new_primary
205330,Marah fabacea,158,new_primary
207716,Lilium pyrenaicum,103,new_primary
207816,Androsace villosa,150,historical_discovery_reserve
207827,Primula hirsuta,128,new_primary
207828,Carduus carlinoides,107,historical_discovery_reserve
207831,Saxifraga moschata,121,new_primary
208322,Paronychia argentea,134,new_primary
208441,Lamourouxia dasyantha,103,new_primary
208571,Themeda triandra,141,historical_discovery_reserve
208803,Eryngium bourgatii,160,new_primary
208852,Stellaria nemorum,167,new_primary
208902,Banksia spinulosa,167,new_primary
208915,Leucanthemopsis alpina,169,historical_p500
208923,Veronica fruticans,172,new_primary
208963,Vincetoxicum nigrum,164,new_primary
208964,Hippocrepis emerus,176,new_primary
208966,Sedum dasyphyllum,171,new_primary
208996,Silene otites,122,historical_third
209238,Linaria texana,179,new_primary
209270,Tabebuia rosea,182,new_primary
209296,Coris monspeliensis,163,new_primary
209304,Catananche caerulea,185,new_primary
209347,Viola cornuta,168,historical_discovery_reserve
209350,Trifolium badium,104,new_primary
209376,Pseudorchis albida,147,historical_discovery_reserve
209397,Tricoryne elatior,161,new_primary
209429,Orlaya grandiflora,166,new_replication
209455,Teucrium pyrenaicum,135,new_primary
209478,Linum narbonense,171,new_primary
209483,Dipcadi serotinum,165,new_primary
209586,Asphodelus albus,185,historical_discovery_reserve
209626,Primula integrifolia,109,new_primary
209629,Anthyllis montana,178,new_primary
209898,Cordia dodecandra,106,new_primary
210124,Xerochrysum viscosum,119,historical_third
210141,Ajuga australis,154,historical_third
210147,Brachyloma daphnoides,127,historical_third
210152,Hydrocotyle laxiflora,165,new_primary
210157,Viola betonicifolia,178,new_replication
210166,Poranthera microphylla,152,new_primary
210175,Dianella revoluta,124,new_primary
210184,Hardenbergia violacea,155,new_replication
210266,Ranunculus kuepferi,112,historical_discovery_reserve
210344,Comesperma ericinum,160,historical_third
210348,Hibbertia obtusifolia,121,new_primary
210354,Medicago marina,147,historical_discovery_reserve
210510,Ophrys fusca,174,new_primary
210566,Crocus nudiflorus,183,historical_third
210572,Crocus serotinus,110,historical_third
210929,Impatiens sodenii,131,new_primary
210935,Hymenocallis littoralis,190,new_replication
210947,Sophora microphylla,128,new_primary
210990,Gardenia jasminoides,167,historical_discovery_reserve
211472,Scilla monophyllos,141,historical_third
219151,Aristolochia baetica,161,historical_p500
223665,Lilium bulbiferum,181,historical_p500
223670,Lilium michauxii,190,new_primary
223671,Lilium michiganense,199,new_replication
223851,Linum austriacum,103,new_primary
223926,Lippia alba,119,new_primary
224011,Lithospermum matamorense,168,historical_p500
243499,Cynoglossum cheirifolium,123,new_primary
243620,Serapias parviflora,131,new_primary
243623,Ophrys sphegodes,162,new_primary
243627,Ophrys fuciflora,142,new_replication
243780,Sisyrinchium striatum,109,historical_third
243782,Iris latifolia,177,historical_third
243824,Potentilla indica,190,historical_discovery_reserve
244033,Allium paradoxum,125,historical_p500
244034,Allium carinatum,139,new_replication
244095,Scilla lilio-hyacinthus,184,historical_p500
244096,Scilla peruviana,116,new_primary
244100,Scilla luciliae,160,historical_discovery_reserve
244345,Chrysocephalum apiculatum,156,historical_p500
244676,Streptosolen jamesonii,112,historical_discovery_reserve
244745,Anemone coronaria,174,new_replication
244815,Wedelia hispida,157,new_primary
244884,Banksia integrifolia,179,new_primary
245575,Symphytum caucasicum,153,historical_p500
245677,Pulmonaria obscura,155,historical_discovery_reserve
245680,Melampyrum arvense,182,new_primary
245731,Lobelia pedunculata,169,historical_discovery_reserve
245736,Gentianella campestris,171,historical_p500
245746,Blackstonia perfoliata,175,new_replication
245813,Viola primulifolia,169,new_replication
246102,Sphagneticola trilobata,170,new_primary
260753,Heliconia psittacorum,174,new_replication
273618,Cylindropuntia imbricata,131,new_primary
273836,Pinguicula moranensis,169,historical_p500
273862,Berberis trifoliolata,184,historical_p500
273980,Pectis multiseta,118,historical_discovery_reserve
273992,Conoclinium betonicifolium,163,historical_discovery_reserve
274370,Opuntia dillenii,114,new_primary
275384,Euphorbia hypericifolia,175,historical_p500
276273,Phytolacca rivinoides,113,historical_p500
276731,Govenia liliacea,149,historical_discovery_reserve
277115,Cascabela thevetia,177,new_primary
277345,Zephyranthes carinata,104,historical_third
277350,Zephyranthes fosteri,176,new_primary
277452,Dictyanthus pavonii,101,historical_p500
277459,Funastrum clausum,182,historical_third
277522,Metastelma barbigerum,165,new_primary
277807,Operculina pteripes,128,historical_third
278915,Salvia amarissima,148,historical_discovery_reserve
278922,Salvia iodantha,151,historical_p500
278933,Salvia prunelloides,143,historical_discovery_reserve
279260,Alternanthera ficoidea,124,historical_p500
279468,Senecio mairetianus,110,new_primary
279483,Packera sanguisorbae,134,new_replication
279747,Roldana barba-johannis,125,historical_discovery_reserve
279803,Adenophyllum cancellatum,159,new_primary
280109,Campuloclinium macrocephalum,135,new_primary
280392,Dyssodia tagetiflora,149,historical_discovery_reserve
280785,Desmodium uncinatum,136,new_primary
281124,Justicia pilosella,173,historical_third
281273,Gomphocarpus physocarpus,120,historical_third
281274,Handroanthus impetiginosus,151,new_primary
281671,Dyssodia pinnata,119,historical_discovery_reserve
282861,Alonsoa meridionalis,124,historical_p500
283337,Bessera elegans,122,new_primary
283355,Bomarea edulis,166,new_primary
283408,Cipura campanulata,112,historical_discovery_reserve
283570,Govenia capitata,115,new_replication
283576,Govenia superba,155,historical_discovery_reserve
283656,Hypoxis decumbens,105,historical_discovery_reserve
284004,Sisyrinchium micranthum,156,historical_p500
284009,Sisyrinchium scabrum,152,historical_third
284175,Trimezia steyermarkii,196,new_primary
284359,Funastrum elegans,148,new_primary
284447,Polystemma guatemalense,138,new_replication
284696,Roseodendron donnell-smithii,102,new_replication
284831,Combretum indicum,183,new_primary
285163,Salvia carnea,126,new_primary
285903,Bonplandia geminiflora,121,new_primary
285911,Cobaea scandens,151,historical_discovery_reserve
286612,Viola hirta,183,historical_discovery_reserve
286772,Tecomaria capensis,118,new_primary
286982,Salvia purpurea,159,new_primary
286991,Salvia cinnabarina,114,historical_p500
286995,Salvia longispicata,127,historical_discovery_reserve
287170,Passiflora pallida,130,new_primary
287345,Linaria canadensis,186,new_replication
287356,Buchnera floridana,159,new_primary
287387,Hydrocotyle leucocephala,189,new_replication
287591,Salvia reptans,155,new_primary
288658,Conoclinium dissectum,188,new_primary
288660,Melampodium divaricatum,110,new_primary
288699,Hofmeisteria fasciculata,102,historical_discovery_reserve
288710,Tagetes filifolia,120,historical_p500
289050,Tagetes lucida,180,new_replication
289732,Tagetes tenuifolia,132,historical_third
289775,Piqueria trinervia,104,historical_discovery_reserve
291119,Ruellia tuberosa,145,new_replication
291338,Dichromanthus aurantiacus,155,new_primary
291342,Dietes grandiflora,125,new_primary
291753,Voyria tenella,150,historical_p500
311358,Erica multiflora,145,new_primary
317963,Scoparia dulcis,171,new_replication
318952,Melittis melissophyllum,198,new_primary
319036,Ophrys bertolonii,136,new_primary
319120,Cynoglossum creticum,181,historical_discovery_reserve
319280,Smyrnium perfoliatum,107,new_replication
319281,Fraxinus ornus,114,new_primary
319327,Embothrium coccineum,186,historical_discovery_reserve
319564,Symphyotrichum firmum,104,new_primary
319682,Phlomis lychnitis,143,new_replication
319702,Echinophora spinosa,103,new_replication
319974,Erythranthe cardinalis,191,historical_third
320082,Erica cerinthoides,152,new_primary
320155,Burchellia bubalina,129,new_primary
320160,Cornus racemosa,192,new_replication
320310,Veronica montana,190,historical_p500
320685,Geranium macrorrhizum,198,historical_discovery_reserve
320704,Adenostyles alliariae,103,historical_discovery_reserve
320809,Hottonia palustris,180,historical_discovery_reserve
320837,Epacris longiflora,146,historical_discovery_reserve
320848,Viola silicestris,108,historical_p500
320851,Patersonia fragilis,130,new_primary
320929,Hakea decurrens,110,new_replication
321029,Hibbertia scandens,172,new_replication
321030,Kunzea capitata,140,historical_discovery_reserve
321032,Bauera rubioides,171,historical_discovery_reserve
321037,Pimelea linifolia,177,historical_p500
321039,Callicoma serratifolia,138,new_primary
321043,Kunzea ambigua,161,historical_p500
321044,Hibbertia dentata,170,historical_third
321056,Acacia linifolia,145,historical_discovery_reserve
321061,Acacia floribunda,192,new_primary
321062,Acacia suaveolens,167,new_primary
321064,Acacia myrtifolia,153,new_primary
321065,Acacia oxycedrus,118,historical_p500
321075,Bossiaea heterophylla,171,new_primary
321079,Billardiera scandens,117,historical_discovery_reserve
321088,Caleana major,147,historical_p500
321090,Caladenia carnea,120,historical_discovery_reserve
321091,Clematis aristata,109,historical_third
321092,Cryptostylis subulata,140,new_primary
321093,Dampiera purpurea,126,new_primary
321094,Cryptostylis erecta,140,historical_discovery_reserve
321098,Correa reflexa,127,historical_discovery_reserve
321100,Dillwynia retorta,129,new_primary
321102,Dillwynia floribunda,107,historical_discovery_reserve
321105,Dipodium variegatum,164,new_primary
321106,Dracophyllum secundum,172,historical_discovery_reserve
321118,Epacris microphylla,152,new_replication
321119,Euryomyrtus ramosissima,171,historical_third
321122,Glycine clandestina,168,new_primary
321123,Grevillea sericea,151,new_primary
321125,Comesperma volubile,144,historical_third
321133,Kennedia rubicunda,166,new_primary
321137,Hakea sericea,155,new_primary
321147,Mitrasacme polymorpha,163,new_primary
321156,Leucopogon microphyllus,106,historical_discovery_reserve
321183,Xanthosia pilosa,174,historical_p500
321185,Woollsia pungens,148,historical_p500
321186,Viola hederacea,170,new_primary
321196,Ricinocarpos pinifolius,147,new_primary
321199,Scaevola ramosissima,176,new_primary
321200,Styphelia tubiflora,135,new_primary
321203,Patersonia sericea,165,historical_discovery_reserve
321204,Persoonia linearis,122,historical_p500
321205,Lobelia purpurascens,162,new_primary
321206,Platysace linearifolia,178,new_primary
321207,Platysace lanceolata,182,historical_discovery_reserve
321215,Pultenaea daphnoides,155,new_primary
321216,Pterostylis nutans,128,new_primary
321501,Nymphaea nouchali,158,new_replication
322012,Iris japonica,191,historical_discovery_reserve
322755,Farfugium japonicum,146,new_replication
323013,Senecio pyrenaicus,105,new_primary
323101,Hydrocotyle hirta,114,historical_discovery_reserve
323155,Lobelia gibbosa,161,historical_third
323168,Senecio lautus,126,new_primary
323189,Monotoca scoparia,156,new_replication
323196,Sprengelia incarnata,156,new_primary
323230,Daviesia latifolia,181,new_primary
323231,Aotus ericoides,140,historical_discovery_reserve
323276,Oxalis magellanica,110,new_primary
323279,Pittosporum bicolor,146,historical_third
323294,Melaleuca squarrosa,105,new_primary
323295,Melaleuca squamea,116,new_primary
323348,Phyllachne colensoi,123,historical_p500
323350,Euphrasia collina,129,historical_third
323352,Viola cunninghamii,137,new_primary
323368,Tetratheca pilosa,100,new_replication
323437,Pterostylis pedunculata,138,historical_discovery_reserve
323793,Acacia mucronata,119,new_replication
323804,Cassytha glabella,109,historical_p500
323816,Dillwynia sericea,122,new_replication
323817,Dillwynia glaberrima,118,new_replication
323818,Daviesia ulicifolia,174,new_replication
323820,Gompholobium huegelii,107,historical_discovery_reserve
323821,Goodenia ovata,148,historical_discovery_reserve
323822,Hibbertia procumbens,110,new_replication
323829,Lobelia anceps,176,new_primary
323830,Leucopogon virgatus,147,historical_p500
323832,Leucopogon parviflorus,152,new_primary
323840,Myoporum insulare,154,new_primary
323850,Pelargonium australe,176,historical_p500
323856,Pultenaea gunnii,124,new_replication
323866,Sphaerolobium minus,120,historical_discovery_reserve
323868,Stackhousia monogyna,170,new_primary
323870,Samolus repens,166,new_primary
323883,Hibbertia aspera,124,historical_discovery_reserve
323884,Hibbertia sericea,127,new_primary
323889,Pimelea humilis,102,new_primary
323895,Caesia parviflora,123,historical_p500
323900,Pheladenia deformis,133,new_replication
323906,Corybas diemenicus,116,new_replication
323913,Ficinia nodosa,169,new_primary
323928,Pyrorchis nigricans,114,new_primary
323932,Spiranthes sinensis,159,new_primary
323935,Thelymitra antennifera,134,historical_p500
323937,Thysanotus patersonii,174,new_primary
324403,Polycalymma stuartii,136,historical_discovery_reserve
324502,Euploca procumbens,141,historical_discovery_reserve
324710,Arenaria montana,172,new_replication
326037,Spermacoce remota,156,new_primary
326106,Praxelis clematidea,157,new_primary
326183,Tetratheca thymifolia,110,historical_discovery_reserve
326673,Peumus boldus,145,historical_discovery_reserve
326880,Limbarda crithmoides,157,new_primary
327220,Gentiana cruciata,184,new_primary
327227,Clinopodium alpinum,175,historical_discovery_reserve
327754,Oxalis triangularis,195,new_replication
327909,Turnera subulata,150,historical_discovery_reserve
328040,Genista scorpius,157,historical_p500
328041,Pultenaea scabra,110,new_replication
328055,Diuris orientis,117,new_primary
328092,Solanum laciniatum,169,new_primary
328096,Euphrasia cuneata,151,new_replication
332681,Cirsium heterophyllum,174,new_primary
332963,Helosciadium nodiflorum,124,new_primary
333672,Aristolochia rotunda,104,historical_p500
333717,Andryala integrifolia,149,historical_discovery_reserve
333734,Thymelaea hirsuta,130,new_primary
333757,Disphyma australe,169,historical_discovery_reserve
333950,Carlina hispanica,141,historical_discovery_reserve
333982,Erica australis,117,historical_p500
333994,Aster amellus,135,new_primary
334013,Horminum pyrenaicum,186,new_primary
334018,Potentilla montana,151,new_primary
334041,Colchicum montanum,176,historical_third
334304,Pseudoturritis turrita,171,historical_p500
334311,Draba aizoides,158,new_primary
334567,Grewia occidentalis,110,historical_discovery_reserve
334574,Cephalaria leucantha,126,historical_third
334575,Convolvulus cantabrica,189,new_replication
334576,Convolvulus elegantissimus,177,historical_discovery_reserve
334591,Sempervivum arachnoideum,155,new_replication
334736,Astragalus danicus,109,new_primary
334737,Astragalus monspessulanus,167,new_primary
334746,Ornithopus compressus,119,historical_discovery_reserve
334748,Trifolium alpestre,148,new_primary
334750,Trifolium montanum,172,historical_p500
334755,Vicia onobrychioides,120,historical_discovery_reserve
334802,Pultenaea villosa,137,historical_discovery_reserve
334807,Daviesia umbellulata,122,new_replication
334811,Goodenia rotundifolia,144,new_primary
335502,Linum tenuifolium,153,new_primary
335852,Asphodeline lutea,131,new_primary
335853,Clematis flammula,165,historical_p500
335872,Osyris alba,158,historical_p500
335909,Viola suavis,121,new_replication
336005,Campanula poscharskyana,167,new_replication
336113,Sedum anglicum,189,new_replication
336223,Campanula cochleariifolia,156,new_primary
336274,Cirsium erisithales,126,new_primary
336295,Cicerbita alpina,175,historical_discovery_reserve
336322,Anaphalioides bellidioides,143,new_primary
336340,Olearia avicenniifolia,106,new_primary
336370,Senecio ovatus,169,historical_discovery_reserve
336378,Senecio vernalis,150,historical_discovery_reserve
336381,Tephroseris palustris,133,new_primary
336384,Brachyglottis repanda,138,new_primary
336671,Myosotis ramosissima,136,new_primary
336677,Solanum chenopodioides,167,new_replication
336706,Anchusa undulata,100,new_replication
336787,Cerbera manghas,115,new_primary
336856,Cytisophyllum sessilifolium,110,new_primary
336871,Hymenoxys grandiflora,126,historical_discovery_reserve
337448,Lamium garganicum,140,new_replication
337454,Mandragora autumnalis,110,new_primary
337616,Monotropa coccinea,131,new_primary
337634,Gastrodia sesamoides,157,historical_discovery_reserve
337635,Gastrodia cunninghamii,143,new_primary
337708,Lotus creticus,135,historical_p500
337788,Echium rosulatum,172,historical_discovery_reserve
337799,Carissa bispinosa,122,historical_discovery_reserve
337957,Prasium majus,159,historical_p500
338187,Vitex lucens,130,historical_p500
338233,Gentiana sedifolia,139,historical_third
338352,Allium sphaerocephalon,178,new_primary
338357,Arisarum simorrhinum,140,new_primary
338368,Tanacetum corymbosum,170,new_primary
338414,Scrophularia auriculata,122,new_primary
338417,Simethis mattiazzi,165,historical_discovery_reserve
338636,Genista hirsuta,104,historical_third
340495,Serapias vomeracea,149,new_primary
340941,Calicotome villosa,139,new_primary
341107,Acis trichophylla,101,new_primary
341141,Cyclamen persicum,124,historical_p500
341154,Neottia ovata,181,new_primary
341172,Serapias cordigera,158,historical_discovery_reserve
341690,Carpodetus serratus,124,new_replication
341977,Coleostephus myconis,122,historical_discovery_reserve
342019,Armeria pungens,110,historical_third
342069,Echium nervosum,122,new_replication
342132,Paeonia broteri,138,new_primary
342322,Stylidium armeria,121,new_primary
343221,Zephyranthes traubii,142,new_primary
343473,Loeselia coerulea,112,new_primary
343901,Clerodendrum paniculatum,123,historical_third
344320,Asystasia intrusa,158,new_primary
344578,Ixeris chinensis,142,new_primary
344744,Tulipa patens,104,new_replication
344758,Tulipa agenensis,113,historical_third
345417,Freesia laxa,125,new_replication
346959,Codonorchis lessonii,167,new_primary
346964,Olsynium biflorum,117,historical_discovery_reserve
346983,Cardamine heptaphylla,168,new_primary
347013,Papaver atlanticum,107,new_replication
348832,Lamium orvala,179,historical_discovery_reserve
349271,Impatiens hawkeri,177,new_replication
349745,Cleome angustifolia,123,new_primary
349797,Muehlenbeckia axillaris,142,historical_discovery_reserve
349798,Ozothamnus leptophyllus,147,new_primary
353876,Leptospermum continentale,115,historical_p500
353887,Schelhammera undulata,114,historical_discovery_reserve
353888,Westringia fruticosa,173,new_primary
353911,Viminaria juncea,134,historical_discovery_reserve
353914,Alyxia buxifolia,110,historical_discovery_reserve
353915,Mirbelia rubiifolia,145,new_replication
353931,Senecio pinnatifolius,174,new_primary
353936,Olearia tomentosa,103,new_replication
353942,Coronidium scorpioides,136,new_primary
353943,Coronidium elatum,117,historical_p500
353957,Stypandra glauca,156,historical_discovery_reserve
353958,Microtis unifolia,111,new_primary
353960,Lomandra multiflora,163,new_primary
353969,Trachymene composita,131,historical_discovery_reserve
353970,Rhytidosporum procumbens,157,new_replication
353971,Polyscias sambucifolia,115,new_primary
353972,Pittosporum revolutum,190,historical_discovery_reserve
354064,Justicia procumbens,132,historical_third
354400,Viola calcarata,161,new_primary
354562,Ranunculus lyallii,179,historical_discovery_reserve
355392,Platanthera transversa,120,historical_third
355607,Asemeia grandiflora,103,new_primary
355849,Protea repens,132,new_primary
356107,Parsonsia straminea,128,historical_p500
357176,Buphthalmum salicifolium,169,historical_discovery_reserve
357436,Pseudognaphalium affine,102,historical_discovery_reserve
357461,Gladiolus dalenii,170,new_primary
357682,Jacobaea maritima,172,new_primary
357948,Micranthes stellaris,171,new_replication
357952,Micranthes petiolaris,179,historical_discovery_reserve
357992,Antirrhinum siculum,141,historical_p500
358060,Telekia speciosa,169,historical_discovery_reserve
358187,Globularia repens,119,historical_discovery_reserve
358403,Narcissus assoanus,158,new_primary
359066,Nama hispida,157,historical_discovery_reserve
359175,Oenanthe javanica,130,new_replication
359576,Orychophragmus violaceus,161,historical_third
360160,Stachys recta,172,new_primary
360179,Pimelea ferruginea,109,new_primary
361074,Oxalis caprina,167,historical_third
361305,Astragalus onobrychis,155,new_replication
361308,Pulmonaria mollis,148,historical_discovery_reserve
361312,Tragopogon orientalis,181,new_primary
361315,Isopyrum thalictroides,173,new_primary
361348,Chasmanthe aethiopica,120,new_primary
361354,Crocosmia aurea,105,historical_discovery_reserve
361653,Potentilla supina,105,new_primary
361866,Talinum fruticosum,170,historical_discovery_reserve
362346,Noccaea rotundifolia,120,new_primary
362351,Moehringia muscosa,188,historical_p500
362516,Trachelium caeruleum,106,new_primary
363481,Scaevola taccada,112,new_primary
363514,Dianthus hyssopifolius,187,historical_third
363523,Solanum linnaeanum,106,new_primary
363595,Senecio angulatus,153,historical_p500
366376,Hylodesmum pauciflorum,151,new_primary
366505,Oldenlandia herbacea,111,new_primary
366632,Knightia excelsa,153,historical_discovery_reserve
366639,Carmichaelia australis,105,new_primary
366661,Coprosma robusta,141,historical_discovery_reserve
366692,Olearia arborescens,131,historical_discovery_reserve
366711,Rhabdothamnus solandri,141,new_primary
366715,Pimelea prostrata,107,historical_discovery_reserve
366722,Clematis forsteri,135,historical_p500
366725,Muehlenbeckia australis,129,historical_third
366726,Metrosideros perforata,144,new_replication
366729,Metrosideros diffusa,117,historical_discovery_reserve
366734,Parsonsia heterophylla,137,new_primary
367465,Boophone disticha,154,historical_p500
369242,Amyema congener,125,new_replication
369244,Amylotheca dictyophleba,174,historical_discovery_reserve
369417,Persicaria attenuata,153,new_replication
369477,Lysiana subfalcata,105,new_replication
369917,Persicaria decipiens,153,new_primary
369959,Murdannia graminea,143,historical_third
370492,Lantana strigocamara,152,historical_p500
370497,Polymeria calycina,154,historical_third
370556,Dendrophthoe vitellina,143,new_primary
370566,Brunoniella australis,105,new_primary
370737,Tillandsia aeranthos,173,historical_p500
371191,Allium lusitanicum,175,new_primary
371651,Daboecia cantabrica,139,new_replication
371834,Genista hispanica,103,new_primary
371857,Moehringia trinervia,151,new_primary
371892,Vicia sylvatica,143,new_primary
371920,Arabidopsis arenosa,128,new_replication
371995,Sternbergia lutea,193,historical_p500
372376,Sixalix atropurpurea,163,historical_discovery_reserve
380755,Chiloglottis valida,117,historical_discovery_reserve
380967,Salvia aurea,144,new_primary
399314,Acianthus sinclairii,117,new_primary
399407,Adenochilus gracilis,153,new_replication
399483,Alseuosmia macrophylla,127,new_replication
399505,Anaphalioides trinervis,147,historical_third
399619,Aporostylis bifolia,145,new_primary
400267,Calandrinia menziesii,139,new_primary
400292,Calochilus paludosus,128,historical_discovery_reserve
400343,Calystegia tuguriorum,138,historical_discovery_reserve
400575,Celmisia gracilenta,143,new_primary
400582,Celmisia spectabilis,137,new_primary
401063,Corybas acuminatus,118,new_replication
401071,Corybas cheesemanii,135,new_replication
401076,Corybas oblongus,130,historical_third
401085,Corybas macranthus,125,historical_discovery_reserve
401303,Dendrobium cunninghamii,146,historical_discovery_reserve
401314,Delphinium ajacis,133,historical_third
401597,Earina mucronata,130,historical_discovery_reserve
401599,Earina autumnalis,166,new_primary
401993,Gaultheria crassa,139,new_primary
401998,Geniostoma ligustrifolium,137,new_primary
402051,Gentianella bellidifolia,145,new_primary
402067,Geranium brevicaule,120,historical_p500
402072,Gladiolus undulatus,154,new_replication
402272,Halleria lucida,150,new_primary
402509,Pilosella officinarum,190,new_primary
403274,Leonotis ocymifolia,123,new_primary
403453,Libertia micrantha,133,historical_p500
403517,Lobelia angulata,153,historical_p500
403879,Metrosideros umbellata,110,historical_third
404269,Olearia furfuracea,109,new_primary
404270,Olearia solandri,105,new_replication
404291,Olearia lirata,114,historical_discovery_reserve
404334,Orthoceras novae-zeelandiae,119,new_primary
404420,Osteospermum moniliferum,114,new_replication
404430,Oxalis polyphylla,144,new_primary
404643,Parochetus communis,157,new_primary
404899,Piper excelsum,149,historical_discovery_reserve
405011,Plectranthus ciliatus,109,new_primary
405101,Polygala virgata,108,historical_discovery_reserve
405236,Prasophyllum colensoi,116,historical_p500
405408,Pterostylis banksii,113,new_primary
405436,Pterostylis patens,111,new_primary
405576,Ranunculus insignis,102,new_replication
405613,Ranunculus reflexus,107,historical_discovery_reserve
405726,Romulea minutiflora,100,historical_p500
405973,Senecio hispidulus,162,new_primary
406024,Senecio skirrhodon,156,new_replication
406034,Silene chalcedonica,140,new_primary
406068,Solanum crispum,122,historical_discovery_reserve
406483,Thalictrum aquilegiifolium,197,new_primary
406514,Thelymitra pauciflora,100,new_primary
406519,Thelymitra longifolia,103,new_primary
406706,Tropaeolum speciosum,152,new_replication
406971,Viola filicaulis,128,historical_discovery_reserve
406993,Wahlenbergia albomarginata,158,historical_p500
406996,Waireia stenopetala,121,historical_third
407432,Bromus brevis,176,new_primary
407885,Tetragonia implexicoma,127,new_replication
409046,Amsinckia calycina,101,historical_p500
409552,Leucopogon fasciculatus,143,historical_third
409566,Pomaderris kumeraho,115,new_replication
409807,Thelymitra hatchii,101,historical_discovery_reserve
410166,Wahlenbergia violacea,132,new_primary
410471,Alstroemeria aurea,149,new_replication
410897,Puya chilensis,158,new_primary
410902,Aechmea distichantha,121,historical_discovery_reserve
410980,Viola banksii,191,new_primary
411227,Grevillea lavandulacea,113,historical_discovery_reserve
411301,Grevillea alpina,158,historical_discovery_reserve
415330,Philotheca spicata,102,historical_discovery_reserve
415333,Hypocalymma robustum,121,historical_discovery_reserve
416374,Glischrocaryon behrii,100,historical_third
416798,Pterostylis sanguinea,101,new_primary
417786,Laxmannia gracilis,101,new_primary
417789,Cynoglossum australe,117,new_primary
418318,Daviesia corymbosa,165,new_replication
418435,Moraea setifolia,107,new_primary
418653,Tetragonia tetragonoides,165,historical_p500
421590,Scaevola calendulacea,110,new_primary
421601,Brunonia australis,126,new_replication
424084,Billardiera mutabilis,152,new_primary
424162,Solidago chilensis,165,new_primary
424565,Drosera auriculata,130,new_primary
425378,Glandora prostrata,175,new_replication
425427,Enkianthus quinqueflorus,107,new_primary
426063,Spinifex sericeus,126,new_primary
426410,Philydrum lanuginosum,114,new_primary
427608,Erechtites valerianifolius,122,new_replication
427617,Erythrina humeana,116,historical_discovery_reserve
427620,Erythrina speciosa,159,new_primary
427629,Eulophia graminea,188,historical_third
428341,Hypoxis hemerocallidea,123,new_primary
428962,Quinchamalium chilense,172,new_replication
430124,Stellaria aquatica,171,new_primary
430581,Cenchrus setaceus,132,new_primary
431086,Haemanthus albiflos,143,new_primary
431220,Lapageria rosea,128,historical_discovery_reserve
431518,Puya alpestris,117,historical_discovery_reserve
431678,Templetonia retusa,127,new_replication
438446,Cynanchum acutum,116,historical_third
438708,Eriosyce subgibbosa,152,new_primary
442839,Pulsatilla grandis,134,new_primary
446672,Hyoscyamus aureus,124,new_primary
446704,Melaleuca thymifolia,106,new_primary
446794,Lycoris squamigera,111,new_primary
447077,Corydalis incisa,161,new_replication
447244,Dianthus superbus,172,new_replication
447812,Fragaria viridis,148,new_primary
447819,Galega orientalis,128,new_primary
447849,Polygala comosa,126,historical_discovery_reserve
448073,Carduus defloratus,173,new_primary
448130,Lonicera alpigena,104,new_primary
450251,Drymocallis rupestris,141,new_replication
450269,Echium parviflorum,124,new_primary
450280,Muscari commutatum,104,historical_third
450399,Geranium reuteri,144,historical_third
450558,Echium gaditanum,129,historical_discovery_reserve
450816,Viola alba,160,historical_p500
450963,Neatostema apulum,137,new_primary
451051,Valeriana tripteris,126,new_primary
451454,Silene baccifera,174,historical_third
453644,Erythranthe moschata,190,historical_third
453717,Erythranthe microphylla,167,historical_p500
460172,Noccaea caerulescens,140,historical_third
460193,Potentilla hebiichigo,156,historical_p500
460587,Crepis sancta,104,historical_discovery_reserve
461263,Cardamine enneaphyllos,189,new_primary
462071,Burchardia congesta,176,historical_third
464415,Gagea minima,150,historical_p500
465345,Chiliotrichum diffusum,102,new_replication
465569,Glandularia aristigera,135,historical_third
466837,Pterostylis trullifolia,112,historical_third
466838,Pterostylis alobula,111,historical_third
467550,Notobasis syriaca,170,historical_p500
467677,Sarcocapnos enneaphylla,135,historical_discovery_reserve
467992,Croton lindheimeri,112,new_replication
468531,Lagenophora pumila,120,new_replication
468545,Lagenophora strangulata,110,new_primary
468628,Westringia rigida,110,historical_p500
468777,Ranunculus pyrenaeus,115,historical_p500
469014,Lachenalia bulbifera,165,new_primary
469472,Malus domestica,194,new_replication
470643,Erythranthe guttata,198,historical_discovery_reserve
472208,Thyridia repens,159,new_primary
474166,Sambucus javanica,114,new_primary
474366,Humulus scandens,116,new_primary
474399,Caladenia tentaculata,147,historical_third
475002,Disa bracteata,116,new_primary
475571,Galatella linosyris,147,new_primary
475573,Sulla coronaria,190,new_primary
479418,Pancratium illyricum,119,new_primary
479949,Tristerix corymbosus,150,new_replication
481347,Scaevola crassifolia,161,historical_discovery_reserve
481479,Odontites vulgaris,177,new_replication
481922,Lysiana exocarpi,156,historical_third
481934,Amyema miquelii,140,historical_discovery_reserve
482838,Iris tuberosa,122,new_primary
482866,Cyclamen graecum,107,historical_third
483101,Ornithogalum divergens,120,historical_third
483183,Viola mirabilis,155,historical_discovery_reserve
485191,Silene coronaria,195,historical_third
485873,Echium angustifolium,173,new_primary
486004,Sedum caeruleum,117,historical_discovery_reserve
486033,Saxifraga bryoides,148,new_primary
486971,Primula clevelandii,176,historical_third
486980,Ranunculus trichophyllus,108,historical_discovery_reserve
487050,Nama demissa,182,new_primary
487096,Senecio pterophorus,136,new_replication
487175,Primula hendersonii,175,new_primary
487293,Pterostylis nana,113,new_primary
487719,Colliguaja odorifera,166,new_primary
487737,Scutellaria alpina,174,new_primary
487791,Lotus alpinus,121,historical_third
488542,Prospero autumnale,172,new_primary
489286,Condea emoryi,161,new_replication
489547,Hibiscus pedunculatus,152,historical_discovery_reserve
490542,Krigia virginica,175,new_primary
492247,Salvia gesneriiflora,153,new_primary
492418,Anemonoides trifolia,104,new_primary
492560,Amyema pendula,175,new_replication
492864,Hedypnois rhagadioloides,169,historical_discovery_reserve
493202,Clinopodium nepeta,166,new_primary
493270,Epacris reclinata,131,new_replication
493489,Searsia laevigata,148,historical_discovery_reserve
494328,Scilla vindobonensis,103,new_primary
495697,Ranunculus polyanthemos,121,historical_discovery_reserve
496537,Lysimachia latifolia,157,historical_p500
497526,Odontites luteus,162,historical_discovery_reserve
497786,Echium asperrimum,155,historical_third
497911,Polygaloides paucifolia,186,historical_third
498086,Primula pauciflora,184,historical_discovery_reserve
498350,Vincetoxicum hirundinaria,188,historical_discovery_reserve
499559,Dermatophyllum secundiflorum,186,new_primary
500872,Capparis sicula,166,new_primary
501208,Malva multiflora,195,new_primary
501742,Aquilegia coerulea,157,historical_discovery_reserve
504086,Wurmbea dioica,150,new_replication
506975,Ocimum obovatum,119,new_primary
507897,Galeopsis pubescens,144,historical_p500
508464,Pauridia capensis,120,historical_p500
509198,Carthamus mitissimus,116,historical_discovery_reserve
509226,Gentiana pyrenaica,102,new_primary
511203,Ptilotus polystachyus,129,new_primary
511206,Trachymene pilosa,126,historical_p500
511287,Wahlenbergia capensis,104,historical_discovery_reserve
511322,Calectasia narragara,161,new_primary
511323,Drosera pallida,137,new_primary
513775,Myosotis sparsiflora,122,historical_discovery_reserve
513801,Nonea pulla,111,new_primary
514012,Chenopodiastrum murale,162,new_replication
515769,Aconitum tauricum,127,historical_discovery_reserve
515898,Sowerbaea juncea,165,new_primary
515950,Pelargonium luridum,132,historical_discovery_reserve
516247,Thelymitra rubra,130,new_primary
516646,Diuris pardina,137,new_replication
516738,Bulbine bulbosa,130,new_primary
516757,Rhododendron tomentosum,191,historical_discovery_reserve
516891,Marianthus bignoniaceus,146,new_replication
517833,Campanula sibirica,138,new_primary
520283,Hewittia malabarica,160,new_primary
520337,Daviesia leptophylla,137,new_primary
520365,Epacris obtusifolia,141,historical_discovery_reserve
522233,Arthropodium milleflorum,110,historical_p500
522961,Paris polyphylla,121,historical_third
524340,Cadaba aphylla,134,historical_discovery_reserve
524497,Rhododendron pseudochrysanthum,141,historical_discovery_reserve
524900,Argentina pacifica,170,historical_discovery_reserve
525347,Jacksonia sternbergiana,124,new_primary
525465,Lysinema pentapetalum,116,historical_p500
525575,Tillandsia stricta,171,historical_third
526700,Convolvulus angustissimus,113,historical_discovery_reserve
526712,Pimelea serpyllifolia,128,historical_discovery_reserve
528433,Eschscholzia papastillii,143,historical_p500
528462,Searsia rosmarinifolia,149,historical_discovery_reserve
528599,Oxalis depressa,150,new_primary
533500,Phycella cyrtanthoides,126,historical_p500
533508,Porlieria chilensis,106,new_primary
533870,Diplacus mephiticus,134,historical_discovery_reserve
537381,Jacksonia scoparia,142,historical_p500
537400,Platysace ericoides,146,new_replication
537403,Pultenaea spinosa,103,historical_discovery_reserve
537849,Echium sabulicola,184,new_primary
537924,Grevillea aquifolium,154,new_primary
537967,Bellardia viscosa,188,historical_third
540959,Viola palmata,193,new_primary
541375,Aciphylla glacialis,113,historical_discovery_reserve
541592,Sphaeralcea bonariensis,106,new_primary
543470,Lithraea caustica,104,new_primary
543632,Campanula giesekiana,142,historical_discovery_reserve
544009,Erythranthe verbenacea,187,historical_third
544086,Thalictrum tuberosum,152,historical_discovery_reserve
544286,Viola eriocarpa,197,new_primary
544666,Potentilla incana,137,new_primary
545305,Cardamine occulta,127,new_primary
545347,Hemiandra pungens,156,historical_discovery_reserve
545370,Kennedia coccinea,103,historical_discovery_reserve
545482,Galactites tomentosus,170,new_primary
545878,Capparis orientalis,193,new_primary
545973,Erythranthe nasuta,179,historical_discovery_reserve
546520,Aegonychon purpurocaeruleum,188,historical_third
547335,Grevillea rosmarinifolia,132,historical_p500
547457,Jacobaea adonidifolia,101,historical_discovery_reserve
548766,Erythranthe breweri,160,new_replication
549116,Alstroemeria pelegrina,103,historical_p500
549981,Primula meadia,180,new_primary
550645,Scaevola nitida,118,historical_discovery_reserve
551466,Platanthera elongata,104,historical_third
551506,Daviesia brevifolia,128,new_replication
552421,Hibbertia cuneiformis,149,historical_discovery_reserve
552558,Hibbertia exutiacies,155,historical_p500
552999,Pimelea flava,101,historical_third
553155,Hibbertia crinita,134,new_primary
553158,Opuntia cespitosa,124,new_primary
553421,Erythrina zeyheri,117,new_primary
553503,Amyema cambagei,147,historical_discovery_reserve
553849,Rhododendron menziesii,183,new_primary
554061,Daviesia divaricata,113,new_primary
554401,Zephyranthes chlorosolen,193,historical_third
554805,Tropaeolum tricolor,172,historical_discovery_reserve
554852,Dendrophthoe glabrescens,138,historical_discovery_reserve
555996,Erythranthe tilingii,173,new_replication
556830,Viola altaica,134,new_primary
557651,Androsace umbellata,105,new_primary
557708,Pasithea caerulea,165,historical_third
557987,Pelargonium rodneyanum,111,new_primary
559683,Cleome houtteana,173,new_primary
559770,Torenia concolor,145,new_primary
559793,Verbena incompta,148,new_primary
559956,Tritonia gladiolaris,121,new_replication
560124,Billardiera fusiformis,186,new_primary
563468,Hibbertia empetrifolia,124,new_replication
564119,Searsia glauca,104,new_primary
564968,Chamaenerion dodonaei,177,new_primary
564969,Chamaenerion angustifolium,198,new_primary
564970,Chamaenerion latifolium,174,historical_discovery_reserve
564973,Chamaenerion fleischeri,149,new_primary
565199,Drimia numidica,141,new_primary
565693,Gagea serotina,134,new_primary
565965,Gladiolus carneus,155,new_primary
566475,Hydrocotyle geraniifolia,102,new_primary
566532,Senecio odoratus,124,historical_discovery_reserve
566632,Aneilema aequinoctiale,100,new_replication
566701,Searsia tomentosa,124,new_primary
566720,Geranium incanum,174,historical_third
566867,Oxalis ciliaris,144,historical_third
567576,Oxalis heterophylla,111,historical_p500
567742,Thysanotus manglesianus,114,new_primary
567786,Oxalis imbricata,127,historical_p500
567850,Oxalis smithiana,142,new_replication
568074,Amyema quandang,172,historical_discovery_reserve
568518,Pelargonium alchemilloides,116,new_primary
568622,Pelargonium myrrhifolium,116,new_replication
568721,Lachenalia pallida,137,historical_p500
568970,Hemiboea bicornuta,141,historical_discovery_reserve
569006,Watsonia pillansii,126,historical_discovery_reserve
569876,Gomphrena celosioides,142,new_primary
570676,Callianthe picta,124,new_primary
574122,Pelargonium betulinum,107,historical_discovery_reserve
575102,Alkekengi officinarum,102,historical_discovery_reserve
579088,Adenium multiflorum,139,historical_discovery_reserve
584095,Dolichandra unguis-cati,102,new_primary
588388,Lachenalia lutea,116,historical_third
588412,Lachenalia peersii,118,historical_third
588419,Lachenalia reflexa,122,historical_discovery_reserve
588420,Lachenalia rosea,125,historical_p500
589008,Lessertia frutescens,158,historical_discovery_reserve
589723,Melaleuca quadrifida,115,historical_discovery_reserve
589815,Mesembryanthemum cordifolium,192,historical_p500
590726,Oenothera lindheimeri,183,new_primary
591167,Oxalis commutata,122,new_primary
591181,Oxalis eckloniana,125,historical_p500
591223,Oxalis livida,137,new_primary
591233,Oxalis multicaulis,108,new_replication
591238,Oxalis obliquifolia,152,new_replication
591263,Oxalis punctata,153,new_primary
591266,Oxalis pusilla,119,historical_p500
591281,Oxalis stellata,127,new_primary
591292,Oxalis tenuifolia,136,historical_third
591296,Oxalis truncatula,124,historical_discovery_reserve
591553,Pelargonium candicans,116,new_primary
591581,Pelargonium elongatum,122,historical_p500
593699,Salvia chamelaeagnea,143,historical_third
593871,Searsia crenata,134,new_primary
593894,Searsia lucida,126,historical_discovery_reserve
593905,Searsia pallens,131,new_primary
594568,Solanum campylacanthum,138,new_primary
603383,Ophiorrhiza japonica,109,new_primary
603653,Antirrhinum tortuosum,129,new_primary
603675,Leonurus quinquelobatus,131,historical_third
604293,Viburnum luzonicum,130,new_primary
606320,Ptilotus obovatus,144,new_primary
607647,Mazus fauriei,133,new_primary
626211,Ceanothus pauciflorus,133,historical_third
630966,Pyrola aphylla,105,new_primary
631076,Oxypetalum solanoides,118,new_replication
632667,Vincetoxicum rossicum,182,new_primary
633980,Pallenis spinosa,167,historical_p500
635325,Hypericum prolificum,131,new_primary
635401,Erythranthe primuloides,181,new_replication
636736,Loasa triloba,117,historical_p500
636795,Salvia rosmarinus,162,new_primary
639660,Hepatica nobilis,196,new_primary
699778,Plectocephalus americanus,199,historical_p500
701582,Erythranthe floribunda,159,new_primary
701989,Diplacus bigelovii,172,new_primary
702805,Malva trimestris,148,new_primary
703867,Vachellia constricta,109,new_primary
704166,Angelica capitellata,142,new_replication
704278,Emilia praetermissa,120,new_primary
705439,Veronica sublobata,177,historical_discovery_reserve
705617,Clarkia tenella,120,new_primary
707889,Lysimachia monelli,143,new_primary
708121,Wollastonia biflora,103,new_primary
711086,Pilosella caespitosa,176,historical_third
711103,Pilosella aurantiaca,178,historical_third
714939,Freesia leichtlinii,180,new_replication
715313,Podanthus mitiqui,135,new_primary
716435,Escallonia pulverulenta,108,historical_third
716947,Lysimachia europaea,187,historical_discovery_reserve
734833,Petrosedum sediforme,152,new_primary
738046,Veronica regina-nivalis,161,historical_discovery_reserve
738752,Veronica macrocarpa,103,new_primary
738777,Veronica elliptica,131,historical_discovery_reserve
738781,Veronica lyallii,103,historical_discovery_reserve
738800,Veronica stricta,168,historical_p500
738834,Veronica prostrata,157,historical_discovery_reserve
738840,Veronica orsiniana,162,new_replication
739040,Aphyllon purpureum,152,new_primary
739099,Gavilea longibracteata,102,historical_third
740930,Daviesia villifera,149,new_replication
740984,Silene flos-cuculi,170,historical_third
741014,Hepatica americana,183,new_primary
741458,Viscaria alpina,173,new_replication
741459,Viscaria vulgaris,183,historical_discovery_reserve
741480,Atocion rupestre,179,new_replication
746616,Heliosperma pusillum,126,historical_third
746902,Oenothera acaulis,156,new_replication
764909,Hellenia speciosa,171,historical_discovery_reserve
765338,Erythranthe dentata,197,historical_discovery_reserve
765394,Sambucus nigra,158,historical_discovery_reserve
768234,Trachymene incisa,175,new_primary
769248,Andersonglossum virginianum,189,historical_discovery_reserve
769772,Eritrichium argenteum,190,new_primary
769874,Euploca polyphylla,171,new_primary
769918,Hackelia suaveolens,100,new_primary
770224,Johnstonella angustifolia,160,historical_discovery_reserve
771814,Diplacus brevipes,179,historical_p500
771821,Diplacus douglasii,156,new_primary
771822,Diplacus fremontii,166,new_replication
771827,Diplacus layneae,157,new_replication
771843,Erythranthe alsinoides,175,historical_third
771851,Erythranthe bicolor,110,historical_discovery_reserve
771863,Erythranthe cordata,137,new_replication
771865,Erythranthe decora,130,historical_p500
771871,Erythranthe erubescens,188,historical_discovery_reserve
771876,Erythranthe grandis,193,new_primary
771892,Erythranthe minor,129,new_replication
771908,Erythranthe ptilota,187,new_primary
773387,Spiranthes incurva,121,historical_third
775404,Hylotelephium maximum,181,historical_p500
775466,Volkameria inermis,159,new_replication
775516,Vachellia rigidula,161,new_replication
775554,Malva thuringiaca,151,historical_discovery_reserve
775602,Funastrum heterophyllum,144,new_primary
777190,Erythranthe lewisii,197,new_primary
777243,Tagetes patula,123,new_replication
777371,Diplacus aurantiacus,182,new_primary
777416,Amyema preissii,155,new_primary
780470,Retanilla trinervia,128,historical_p500
780848,Calceolaria corymbosa,140,new_primary
781155,Melaleuca transversa,116,new_replication
781644,Ruellia blechum,128,new_primary
782616,Stellaria chilensis,123,new_primary
783544,Sanguisorba canadensis,165,new_primary
784963,Caladenia leptochila,124,historical_third
787459,Hexasepalum teres,169,new_primary
790506,Picrosia longifolia,110,new_primary
791928,Lysimachia arvensis,191,historical_third
791960,Asimina pygmaea,143,new_primary
792005,Dicliptera squarrosa,145,historical_p500
792216,Lysimachia foemina,148,new_primary
793756,Campanula petiolata,180,new_replication
795186,Causonis japonica,121,historical_discovery_reserve
797770,Cirsium acaulon,190,new_primary
802494,Aphyllon cooperi,173,historical_third
802714,Aphyllon uniflorum,197,historical_p500
803979,Phelipanche nana,149,new_primary
805291,Pittocaulon praecox,139,historical_discovery_reserve
807297,Nymphoides humboldtiana,151,new_primary
807416,Papaver cambricum,175,new_replication
809289,Opuntia anahuacensis,134,new_primary
809372,Drosera drummondii,157,new_primary
810560,Vachellia caven,166,new_primary
823414,Chamaecytisus ruthenicus,133,new_primary
823684,Chrysojasminum fruticans,165,new_primary
823796,Hovea heterophylla,129,historical_third
828844,Sidneya tenuifolia,160,new_primary
836805,Mononeuria caroliniana,107,new_replication
836821,Cherleria obtusiloba,111,new_primary
836882,Sabulina michauxii,120,historical_third
840641,Platanthera elegans,124,new_primary
842358,Androsace lehmanniana,107,historical_third
846973,Solanum granulosoleprosum,123,new_primary
849062,Muellerina eucalyptoides,132,new_primary
852203,Iris savannarum,108,new_primary
852222,Torenia crustacea,156,new_replication
854272,Leptosiphon chrysanthus,118,new_primary
859076,Aconitum septentrionale,111,new_primary
860746,Geobalanus oblongifolius,107,historical_discovery_reserve
861732,Anarthria scabra,104,new_primary
861978,Trichocereus chiloensis,170,new_replication
862397,Lachenalia punctata,167,new_primary
862704,Scilla siberica,173,new_primary
865984,Kalmia polifolia,194,new_primary
866605,Cartrema americanum,149,historical_discovery_reserve
867217,Aldama linearis,116,new_replication
869898,Polygaloides chamaebuxus,179,new_primary
869986,Trichocereus candicans,100,new_primary
870496,Homalocephala texensis,153,historical_third
871980,Lippia origanoides,152,new_replication
874359,Globularia bisnagarica,175,new_replication
877372,Lantana urticoides,176,new_primary
878230,Blitum californicum,187,new_replication
880921,Eustoma russellianum,158,new_replication
881504,Pulsatilla nuttalliana,163,historical_third
881527,Anemonastrum canadense,191,new_replication
881534,Anemonastrum deltoideum,166,new_primary
881556,Anemonastrum narcissiflorum,183,new_replication
884843,Gazania rigens,103,historical_discovery_reserve
892451,Grevillea mucronulata,106,new_replication
894458,Waldsteinia fragarioides,182,historical_p500
897426,Noccaea perfoliata,161,new_primary
898697,Senegalia berlandieri,138,historical_discovery_reserve
898731,Senegalia roemeriana,114,new_primary
902550,Marcus-kochia littorea,144,historical_discovery_reserve
902691,Mummenhoffia alliacea,161,historical_p500
904615,Leucopogon affinis,123,historical_discovery_reserve
905463,Thymbra capitata,155,historical_discovery_reserve
905567,Hydrangea chinensis,157,new_primary
905640,Campanula intercedens,175,historical_third
906090,Betonica alopecuros,174,historical_p500
906118,Betonica officinalis,187,historical_p500
907480,Distimake dissectus,198,historical_discovery_reserve
909773,Phlomoides tuberosa,149,historical_discovery_reserve
911583,Oxalis dentata,111,new_primary
914922,Reynoutria japonica,193,new_primary
914942,Persicaria filiformis,111,new_primary
916270,Lithotoma axillaris,120,historical_third
923031,Spiranthes australis,179,historical_discovery_reserve
924430,Rubus repens,156,new_primary
926042,Crocanthemum scoparium,155,new_primary
929050,Crocus neapolitanus,135,new_primary
930062,Pattalias palustris,143,new_primary
932013,Conospermum caeruleum,101,historical_discovery_reserve
933404,Centaurea cyanus,190,new_primary
936421,Distimake aegyptius,103,historical_discovery_reserve
938820,Boronia floribunda,106,new_primary
938910,Salvia africana,138,historical_p500
941369,Melaleuca eriocarpa,114,new_primary
941891,Halerpestes cymbalaria,154,new_replication
945625,Camonea umbellata,167,historical_p500
950591,Anemonoides sylvestris,147,new_primary
950596,Anemonoides ranunculoides,139,new_primary
950598,Anemonoides quinquefolia,195,historical_discovery_reserve
950603,Anemonoides nemorosa,189,new_primary
950609,Anemonoides grayi,172,new_primary
950617,Anemonoides blanda,187,historical_discovery_reserve
950711,Knowltonia tenuifolia,131,new_replication
954006,Solidago mexicana,165,new_primary
956048,Chamaeleon gummifer,146,new_primary
956604,Erythrostemon mexicanus,138,new_primary
957937,Distimake quinquefolius,122,historical_p500
962637,Pontederia crassipes,191,historical_third
962649,Pontederia azurea,123,historical_discovery_reserve
966205,Alnus glutinosa,184,new_primary
967218,Campanula alaskana,143,historical_p500
977347,Pigea calycina,179,historical_discovery_reserve
977348,Pigea floribunda,109,new_replication
977349,Pigea monopetala,188,new_replication
983070,Lactuca pulchella,101,historical_p500
989787,Lotus maritimus,173,historical_third
993211,Caltha chionophila,182,new_replication
1004655,Luffa aegyptiaca,185,new_primary
1005385,Cerastium holosteoides,142,historical_discovery_reserve
1019125,Petasites pyrenaicus,116,new_replication
1024536,Rabelera holostea,167,new_primary
1038398,Aizoon pubescens,115,new_replication
1038574,Borodinia laevigata,172,historical_p500
1038940,Solanum emulans,196,new_replication
1045161,Rosa luciae,104,new_primary
1045432,Castilleja lindheimeri,102,historical_p500
1047389,Veronica teucrium,183,new_primary
1064938,Megathyrsus maximus,135,historical_third
1065391,Erythrostemon gilliesii,191,new_replication
1071571,Babiana nervosa,114,historical_p500
1092837,Psammophiliella muralis,158,new_primary
1095846,Bidens alba,163,new_primary
1096279,Cornus unalaschkensis,195,historical_discovery_reserve
1110513,Pentanema salicinum,149,new_replication
1132139,Microseris walteri,138,new_primary
1138678,Tomostima cuneifolia,122,new_primary
1138706,Arthropodium strictum,123,new_primary
1145089,Palicourea tomentosa,138,new_replication
1154339,Lotus hirsutus,162,historical_third
1154342,Lotus dorycnium,180,new_replication
1196784,Dipterostemon capitatus,187,new_primary
1203426,Sambucus mexicana,149,historical_discovery_reserve
1240407,Lomatium multifidum,166,new_primary
1243255,Grona triflora,135,new_primary
1262449,Pentanema squarrosum,139,historical_discovery_reserve
1264601,Zephyranthes advena,134,new_primary
1264667,Zephyranthes tubispatha,167,new_primary
1269617,Tetragonia trigyna,133,new_primary
1293231,Miconia crenata,120,new_primary
1303043,Aphyllon franciscanum,166,new_replication
1308823,Dryas hookeriana,105,new_primary
1318569,Anemone pavonina,149,historical_discovery_reserve
1320685,Pentanema britannica,130,historical_p500
1322241,Styphelia pallida,102,new_primary
1349529,Salvia polystachia,164,historical_discovery_reserve
1351707,Tiarella stolonifera,189,historical_discovery_reserve
1357436,Goodenia mystrophylla,103,historical_p500
1369716,Lamium hybridum,167,new_primary
1391449,Styphelia humifusa,116,new_primary
1391837,Primula intricata,110,new_primary
1392347,Viola minuscula,131,new_primary
1393273,Viola rafinesquei,192,new_primary
1394663,Emilia javanica,133,new_replication
1397850,Styphelia sieberi,112,historical_discovery_reserve
1399665,Styphelia ericoides,151,new_primary
1399819,Pterophylla racemosa,151,historical_third
1405994,Viburnum cassinoides,178,new_primary
1415100,Cleomella serrulata,170,historical_third
1415101,Cleomella lutea,122,historical_discovery_reserve
1415102,Cleomella arborea,194,historical_third
1418527,Styphelia nesophila,107,new_primary
1421986,Narcissus deficiens,188,new_primary
1424153,Pectiantia pentandra,103,historical_p500
1424585,Yucca treculiana,188,new_primary
1433992,Centaurea polyacantha,100,historical_discovery_reserve
1436633,Pigea vernonii,101,new_primary
1436637,Pigea stellarioides,147,new_primary
1438095,Passiflora vesicaria,167,new_replication
1445438,Delphinium consolida,166,new_primary
1449995,Palustricodon aparinoides,174,historical_discovery_reserve
1449997,Smithiastrum prenanthoides,177,new_replication
1453469,Eulophia maculata,190,new_primary
1455144,Asarum shuttleworthii,145,historical_p500
1455147,Asarum arifolium,165,new_primary
1464017,Oxalis smalliana,193,historical_discovery_reserve
1467819,Lysimachia loeflingii,190,historical_discovery_reserve
1471481,Cynanchica pyrenaica,139,historical_p500
1471799,Didymocheton spectabilis,132,new_replication
1473089,Oreomecon alpina,190,historical_discovery_reserve
1473095,Oreomecon radicata,105,historical_third
1473617,Asarum reflexum,188,historical_discovery_reserve
1486470,Sida abutilifolia,148,new_primary
1487484,Spiraea lucida,166,new_replication
1488674,Antirrhinum linkianum,105,new_replication
1488804,Passiflora lanuginosa,187,new_replication
1493134,Neltuma glandulosa,177,new_primary
1493155,Neltuma odorata,114,historical_third
1493180,Malacothamnus nuttallii,104,new_replication
1497018,Goodenia radicans,150,historical_p500
1497465,Trichostema coeruleum,168,historical_p500
1498006,Roemeria sicula,168,new_primary
1501832,Lophiolepis eriophora,194,historical_p500
1504228,Wahlenbergia hederacea,106,new_primary
1506725,Sagittaria montevidensis,137,new_primary
1520640,Adelinia grandis,185,new_primary
1521906,Convolvulus althaeoides,183,new_primary
1526804,Oenothera avita,149,new_primary
1528726,Pseudognaphalium lanatum,126,new_replication
1530846,Stillingia sylvatica,106,new_primary
1546134,Gaudium laevigatum,154,new_primary
1550566,Cochemiea grahamii,103,historical_discovery_reserve
1550567,Cochemiea dioica,139,new_primary
1553327,Polystemma pilosum,120,new_primary
1555489,Mutarda nigra,108,new_primary
1562069,Mutarda arvensis,178,new_replication
1563130,Trollius albiflorus,172,historical_discovery_reserve
1565678,Chamaecytisus proliferus,167,historical_third
1568926,Senega nana,163,historical_third
1568931,Senega rugelii,110,historical_third
1568936,Senega lutea,181,historical_p500
1569019,Senega sanguinea,185,new_primary
1569044,Senega cruciata,105,new_replication
1569067,Senega officinalis,178,new_primary
1569097,Senega polygama,176,new_replication
1569114,Senega incarnata,171,new_primary
1569127,Senega paniculata,147,new_primary
1575146,Allium cirrhosum,103,historical_third
1578025,Agrimonia agrimonoides,121,new_primary
1579045,Baptisia leucophaea,167,new_primary
1595253,Yucca jaegeriana,125,historical_p500
1598897,Leschenaultia biloba,116,historical_third
1600651,Ozothamnus vauvilliersii,133,new_primary
1600665,Lactuca plumieri,114,new_primary
1609409,Baptisia lactea,177,new_primary
1613593,Psorodendron schottii,138,historical_p500
1613594,Psorodendron spinosum,123,historical_third
1614093,Chelidonium diphyllum,195,new_replication
1640238,Zephyranthes formosissima,175,new_primary
1644302,Austroflourensia thurifera,171,historical_discovery_reserve
1648274,Trilisa odoratissima,110,historical_p500
1686226,Sabdariffa aculeata,188,historical_discovery_reserve
1686721,Sideranthus spinulosus,170,historical_discovery_reserve
1686778,Pseudo-fumaria lutea,181,historical_discovery_reserve
1687569,Salvia cardinalis,145,new_replication
